technology,iso3,country,country_cn,spec,Q_scope,H_scope,first_year,last_year,N,p_mean,df_resid,year,actual_log,fitted_log,residual_log
pv,AUS,Australia,澳大利亚,G0,global,none,2010,2024,15,2,13,2010,9.015055964210367,9.099820011563923,-0.08476404735355558
pv,AUS,Australia,澳大利亚,G0,global,none,2010,2024,15,2,13,2011,8.995986566961331,8.740089193659907,0.2558973733014245
pv,AUS,Australia,澳大利亚,G0,global,none,2010,2024,15,2,13,2012,8.673485813802989,8.515877115684457,0.15760869811853162
pv,AUS,Australia,澳大利亚,G0,global,none,2010,2024,15,2,13,2013,8.140650469539683,8.322751810283352,-0.18210134074366913
pv,AUS,Australia,澳大利亚,G0,global,none,2010,2024,15,2,13,2014,8.183489060392885,8.162137966133688,0.021351094259197012
pv,AUS,Australia,澳大利亚,G0,global,none,2010,2024,15,2,13,2015,7.887216771327145,8.007751304819253,-0.12053453349210841
pv,AUS,Australia,澳大利亚,G0,global,none,2010,2024,15,2,13,2016,7.737585449190881,7.8286440949299205,-0.09105864573903943
pv,AUS,Australia,澳大利亚,G0,global,none,2010,2024,15,2,13,2017,7.760649741614449,7.648634671131041,0.11201507048340797
pv,AUS,Australia,澳大利亚,G0,global,none,2010,2024,15,2,13,2018,7.500987094207372,7.5045700644658,-0.00358297025842802
pv,AUS,Australia,澳大利亚,G0,global,none,2010,2024,15,2,13,2019,7.305921914358211,7.379195878397039,-0.0732739640388278
pv,AUS,Australia,澳大利亚,G0,global,none,2010,2024,15,2,13,2020,7.129334211149437,7.2493070632315355,-0.11997285208209885
pv,AUS,Australia,澳大利亚,G0,global,none,2010,2024,15,2,13,2021,7.057938489981406,7.13097116057088,-0.07303267058947416
pv,AUS,Australia,澳大利亚,G0,global,none,2010,2024,15,2,13,2022,6.887064147870229,7.002958449579776,-0.11589430170954707
pv,AUS,Australia,澳大利亚,G0,global,none,2010,2024,15,2,13,2023,6.9199263412739285,6.815333444522655,0.10459289675127348
pv,AUS,Australia,澳大利亚,G0,global,none,2010,2024,15,2,13,2024,6.850093367464099,6.637343174371204,0.21275019309289522
pv,AUS,Australia,澳大利亚,D0,domestic,none,2010,2024,15,2,13,2010,9.015055964210367,9.017177178961624,-0.002121214751257483
pv,AUS,Australia,澳大利亚,D0,domestic,none,2010,2024,15,2,13,2011,8.995986566961331,8.846193450846624,0.1497931161147079
pv,AUS,Australia,澳大利亚,D0,domestic,none,2010,2024,15,2,13,2012,8.673485813802989,8.478133272900504,0.19535254090248522
pv,AUS,Australia,澳大利亚,D0,domestic,none,2010,2024,15,2,13,2013,8.140650469539683,8.29924012023331,-0.15858965069362796
pv,AUS,Australia,澳大利亚,D0,domestic,none,2010,2024,15,2,13,2014,8.183489060392885,8.155563341936857,0.027925718456028648
pv,AUS,Australia,澳大利亚,D0,domestic,none,2010,2024,15,2,13,2015,7.887216771327145,8.028557673036644,-0.14134090170949953
pv,AUS,Australia,澳大利亚,D0,domestic,none,2010,2024,15,2,13,2016,7.737585449190881,7.928383631088758,-0.19079818189787723
pv,AUS,Australia,澳大利亚,D0,domestic,none,2010,2024,15,2,13,2017,7.760649741614449,7.794026696656379,-0.0333769550419305
pv,AUS,Australia,澳大利亚,D0,domestic,none,2010,2024,15,2,13,2018,7.500987094207372,7.516613979901443,-0.015626885694071113
pv,AUS,Australia,澳大利亚,D0,domestic,none,2010,2024,15,2,13,2019,7.305921914358211,7.30463869441206,0.001283219946150993
pv,AUS,Australia,澳大利亚,D0,domestic,none,2010,2024,15,2,13,2020,7.129334211149437,7.145497872066297,-0.0161636609168605
pv,AUS,Australia,澳大利亚,D0,domestic,none,2010,2024,15,2,13,2021,7.057938489981406,7.009840635242533,0.04809785473887285
pv,AUS,Australia,澳大利亚,D0,domestic,none,2010,2024,15,2,13,2022,6.887064147870229,6.900779418597862,-0.013715270727633566
pv,AUS,Australia,澳大利亚,D0,domestic,none,2010,2024,15,2,13,2023,6.9199263412739285,6.862015437507425,0.0579109037665031
pv,AUS,Australia,澳大利亚,D0,domestic,none,2010,2024,15,2,13,2024,6.850093367464099,6.758723999956065,0.09136936750803404
pv,AUS,Australia,澳大利亚,GD,global,domestic,2010,2024,15,3,12,2010,9.015055964210367,9.176458138230629,-0.16140217402026202
pv,AUS,Australia,澳大利亚,GD,global,domestic,2010,2024,15,3,12,2011,8.995986566961331,8.755630280867608,0.24035628609372317
pv,AUS,Australia,澳大利亚,GD,global,domestic,2010,2024,15,3,12,2012,8.673485813802989,8.518430617365524,0.15505519643746446
pv,AUS,Australia,澳大利亚,GD,global,domestic,2010,2024,15,3,12,2013,8.140650469539683,8.290379350788506,-0.1497288812488229
pv,AUS,Australia,澳大利亚,GD,global,domestic,2010,2024,15,3,12,2014,8.183489060392885,8.13262947185767,0.05085958853521433
pv,AUS,Australia,澳大利亚,GD,global,domestic,2010,2024,15,3,12,2015,7.887216771327145,7.960427197210985,-0.07321042588383975
pv,AUS,Australia,澳大利亚,GD,global,domestic,2010,2024,15,3,12,2016,7.737585449190881,7.790137802597542,-0.05255235340666076
pv,AUS,Australia,澳大利亚,GD,global,domestic,2010,2024,15,3,12,2017,7.760649741614449,7.625031717199866,0.13561802441458326
pv,AUS,Australia,澳大利亚,GD,global,domestic,2010,2024,15,3,12,2018,7.500987094207372,7.488840899940506,0.01214619426686614
pv,AUS,Australia,澳大利亚,GD,global,domestic,2010,2024,15,3,12,2019,7.305921914358211,7.375129236161332,-0.06920732180312061
pv,AUS,Australia,澳大利亚,GD,global,domestic,2010,2024,15,3,12,2020,7.129334211149437,7.263895824368895,-0.13456161321945803
pv,AUS,Australia,澳大利亚,GD,global,domestic,2010,2024,15,3,12,2021,7.057938489981406,7.142097256116195,-0.0841587661347889
pv,AUS,Australia,澳大利亚,GD,global,domestic,2010,2024,15,3,12,2022,6.887064147870229,7.018506291534063,-0.13144214366383444
pv,AUS,Australia,澳大利亚,GD,global,domestic,2010,2024,15,3,12,2023,6.9199263412739285,6.840662519217414,0.0792638220565145
pv,AUS,Australia,澳大利亚,GD,global,domestic,2010,2024,15,3,12,2024,6.850093367464099,6.667128799887491,0.18296456757660806
pv,AUS,Australia,澳大利亚,DD,domestic,domestic,2010,2024,15,3,12,2010,9.015055964210367,9.156764418896163,-0.14170845468579607
pv,AUS,Australia,澳大利亚,DD,domestic,domestic,2010,2024,15,3,12,2011,8.995986566961331,8.886676274680584,0.10931029228074784
pv,AUS,Australia,澳大利亚,DD,domestic,domestic,2010,2024,15,3,12,2012,8.673485813802989,8.480886872808178,0.19259894099481123
pv,AUS,Australia,澳大利亚,DD,domestic,domestic,2010,2024,15,3,12,2013,8.140650469539683,8.237004093340957,-0.09635362380127432
pv,AUS,Australia,澳大利亚,DD,domestic,domestic,2010,2024,15,3,12,2014,8.183489060392885,8.09997754579268,0.08351151460020567
pv,AUS,Australia,澳大利亚,DD,domestic,domestic,2010,2024,15,3,12,2015,7.887216771327145,7.9415230835453485,-0.0543063122182037
pv,AUS,Australia,澳大利亚,DD,domestic,domestic,2010,2024,15,3,12,2016,7.737585449190881,7.864740725540511,-0.12715527634962953
pv,AUS,Australia,澳大利亚,DD,domestic,domestic,2010,2024,15,3,12,2017,7.760649741614449,7.7622932853246915,-0.0016435437102426675
pv,AUS,Australia,澳大利亚,DD,domestic,domestic,2010,2024,15,3,12,2018,7.500987094207372,7.487606542904137,0.013380551303234789
pv,AUS,Australia,澳大利亚,DD,domestic,domestic,2010,2024,15,3,12,2019,7.305921914358211,7.2897124855521325,0.016209428806078563
pv,AUS,Australia,澳大利亚,DD,domestic,domestic,2010,2024,15,3,12,2020,7.129334211149437,7.162964619356666,-0.0336304082072294
pv,AUS,Australia,澳大利亚,DD,domestic,domestic,2010,2024,15,3,12,2021,7.057938489981406,7.0190271133377475,0.03891137664365818
pv,AUS,Australia,澳大利亚,DD,domestic,domestic,2010,2024,15,3,12,2022,6.887064147870229,6.919791235421533,-0.03272708755130438
pv,AUS,Australia,澳大利亚,DD,domestic,domestic,2010,2024,15,3,12,2023,6.9199263412739285,6.912463266940339,0.007463074333589503
pv,AUS,Australia,澳大利亚,DD,domestic,domestic,2010,2024,15,3,12,2024,6.850093367464099,6.823953839903224,0.026139527560875564
pv,AUS,Australia,澳大利亚,DG,domestic,global,2010,2024,15,3,12,2010,9.015055964210367,9.050253947106306,-0.035197982895939006
pv,AUS,Australia,澳大利亚,DG,domestic,global,2010,2024,15,3,12,2011,8.995986566961331,8.92546243818549,0.07052412877584224
pv,AUS,Australia,澳大利亚,DG,domestic,global,2010,2024,15,3,12,2012,8.673485813802989,8.495569757895872,0.1779160559071169
pv,AUS,Australia,澳大利亚,DG,domestic,global,2010,2024,15,3,12,2013,8.140650469539683,8.284315665086279,-0.14366519554659618
pv,AUS,Australia,澳大利亚,DG,domestic,global,2010,2024,15,3,12,2014,8.183489060392885,8.123323254708245,0.06016580568464036
pv,AUS,Australia,澳大利亚,DG,domestic,global,2010,2024,15,3,12,2015,7.887216771327145,7.978684322429599,-0.09146755110245408
pv,AUS,Australia,澳大利亚,DG,domestic,global,2010,2024,15,3,12,2016,7.737585449190881,7.894137076464937,-0.15655162727405614
pv,AUS,Australia,澳大利亚,DG,domestic,global,2010,2024,15,3,12,2017,7.760649741614449,7.7767003173839315,-0.016050575769482656
pv,AUS,Australia,澳大利亚,DG,domestic,global,2010,2024,15,3,12,2018,7.500987094207372,7.487234082630741,0.01375301157663067
pv,AUS,Australia,澳大利亚,DG,domestic,global,2010,2024,15,3,12,2019,7.305921914358211,7.238154839891791,0.06776707446641961
pv,AUS,Australia,澳大利亚,DG,domestic,global,2010,2024,15,3,12,2020,7.129334211149437,7.082695987129004,0.04663822402043305
pv,AUS,Australia,澳大利亚,DG,domestic,global,2010,2024,15,3,12,2021,7.057938489981406,6.967456806599589,0.0904816833818165
pv,AUS,Australia,澳大利亚,DG,domestic,global,2010,2024,15,3,12,2022,6.887064147870229,6.91459194714848,-0.027527799278251663
pv,AUS,Australia,澳大利亚,DG,domestic,global,2010,2024,15,3,12,2023,6.9199263412739285,6.965890852798225,-0.04596451152429637
pv,AUS,Australia,澳大利亚,DG,domestic,global,2010,2024,15,3,12,2024,6.850093367464099,6.860914107885996,-0.010820740421896957
pv,AUS,Australia,澳大利亚,GG,global,global,2010,2024,15,3,12,2010,9.015055964210367,9.17197514051372,-0.15691917630335261
pv,AUS,Australia,澳大利亚,GG,global,global,2010,2024,15,3,12,2011,8.995986566961331,8.791973905486653,0.20401266147467823
pv,AUS,Australia,澳大利亚,GG,global,global,2010,2024,15,3,12,2012,8.673485813802989,8.552044315836177,0.1214414979668117
pv,AUS,Australia,澳大利亚,GG,global,global,2010,2024,15,3,12,2013,8.140650469539683,8.317606830208069,-0.17695636066838638
pv,AUS,Australia,澳大利亚,GG,global,global,2010,2024,15,3,12,2014,8.183489060392885,8.131230254857863,0.052258805535021935
pv,AUS,Australia,澳大利亚,GG,global,global,2010,2024,15,3,12,2015,7.887216771327145,7.946939200818843,-0.05972242949169804
pv,AUS,Australia,澳大利亚,GG,global,global,2010,2024,15,3,12,2016,7.737585449190881,7.755209049305334,-0.017623600114452742
pv,AUS,Australia,澳大利亚,GG,global,global,2010,2024,15,3,12,2017,7.760649741614449,7.576162405299379,0.18448733631506986
pv,AUS,Australia,澳大利亚,GG,global,global,2010,2024,15,3,12,2018,7.500987094207372,7.467142072760854,0.0338450214465178
pv,AUS,Australia,澳大利亚,GG,global,global,2010,2024,15,3,12,2019,7.305921914358211,7.332478784273081,-0.026556869914870163
pv,AUS,Australia,澳大利亚,GG,global,global,2010,2024,15,3,12,2020,7.129334211149437,7.216750964102942,-0.08741675295350504
pv,AUS,Australia,澳大利亚,GG,global,global,2010,2024,15,3,12,2021,7.057938489981406,7.126502116301843,-0.06856362632043744
pv,AUS,Australia,澳大利亚,GG,global,global,2010,2024,15,3,12,2022,6.887064147870229,7.052259269955133,-0.1651951220849046
pv,AUS,Australia,澳大利亚,GG,global,global,2010,2024,15,3,12,2023,6.9199263412739285,6.90752023187536,0.012406109398568788
pv,AUS,Australia,澳大利亚,GG,global,global,2010,2024,15,3,12,2024,6.850093367464099,6.69959086174874,0.15050250571535972
pv,BRA,Brazil,巴西,G0,global,none,2010,2024,15,2,13,2010,8.925655876109314,9.297239231938505,-0.3715833558291912
pv,BRA,Brazil,巴西,G0,global,none,2010,2024,15,2,13,2011,8.925655876109314,8.879866693611094,0.04578918249822017
pv,BRA,Brazil,巴西,G0,global,none,2010,2024,15,2,13,2012,8.751458521260707,8.619727835746417,0.1317306855142899
pv,BRA,Brazil,巴西,G0,global,none,2010,2024,15,2,13,2013,8.540378842634333,8.39565696130712,0.14472188132721264
pv,BRA,Brazil,巴西,G0,global,none,2010,2024,15,2,13,2014,8.710903449913197,8.209307044961742,0.5015964049514547
pv,BRA,Brazil,巴西,G0,global,none,2010,2024,15,2,13,2015,7.823109162715732,8.030182128469619,-0.20707296575388678
pv,BRA,Brazil,巴西,G0,global,none,2010,2024,15,2,13,2016,7.808157576653673,7.822375548928251,-0.01421797227457855
pv,BRA,Brazil,巴西,G0,global,none,2010,2024,15,2,13,2017,7.588367669157345,7.613522188597473,-0.02515451944012792
pv,BRA,Brazil,巴西,G0,global,none,2010,2024,15,2,13,2018,7.500871631163511,7.446373288435532,0.05449834272797904
pv,BRA,Brazil,巴西,G0,global,none,2010,2024,15,2,13,2019,7.309990408640722,7.300909681549857,0.009080727090864826
pv,BRA,Brazil,巴西,G0,global,none,2010,2024,15,2,13,2020,7.168893741805856,7.150208040801271,0.018685701004584665
pv,BRA,Brazil,巴西,G0,global,none,2010,2024,15,2,13,2021,6.819516564493922,7.01291050161206,-0.19339393711813813
pv,BRA,Brazil,巴西,G0,global,none,2010,2024,15,2,13,2022,6.658678440668406,6.864385583908772,-0.20570714324036654
pv,BRA,Brazil,巴西,G0,global,none,2010,2024,15,2,13,2023,6.612514751486179,6.646696354304655,-0.034181602818476264
pv,BRA,Brazil,巴西,G0,global,none,2010,2024,15,2,13,2024,6.58539425948518,6.44018568812505,0.1452085713601301
pv,BRA,Brazil,巴西,D0,domestic,none,2010,2024,15,2,13,2010,8.925655876109314,9.017708939035106,-0.09205306292579252
pv,BRA,Brazil,巴西,D0,domestic,none,2010,2024,15,2,13,2011,8.925655876109314,8.69454936285933,0.23110651324998344
pv,BRA,Brazil,巴西,D0,domestic,none,2010,2024,15,2,13,2012,8.751458521260707,8.664547774891892,0.08691074636881524
pv,BRA,Brazil,巴西,D0,domestic,none,2010,2024,15,2,13,2013,8.540378842634333,8.639932389763914,-0.09955354712958098
pv,BRA,Brazil,巴西,D0,domestic,none,2010,2024,15,2,13,2014,8.710903449913197,8.438908973942421,0.2719944759707751
pv,BRA,Brazil,巴西,D0,domestic,none,2010,2024,15,2,13,2015,7.823109162715732,8.26540566957221,-0.44229650685647837
pv,BRA,Brazil,巴西,D0,domestic,none,2010,2024,15,2,13,2016,7.808157576653673,8.017223104551592,-0.209065527897919
pv,BRA,Brazil,巴西,D0,domestic,none,2010,2024,15,2,13,2017,7.588367669157345,7.493629625221642,0.09473804393570351
pv,BRA,Brazil,巴西,D0,domestic,none,2010,2024,15,2,13,2018,7.500871631163511,7.32543657635535,0.1754350548081609
pv,BRA,Brazil,巴西,D0,domestic,none,2010,2024,15,2,13,2019,7.309990408640722,7.173460582782093,0.13652982585862894
pv,BRA,Brazil,巴西,D0,domestic,none,2010,2024,15,2,13,2020,7.168893741805856,7.034958148898164,0.13393559290769197
pv,BRA,Brazil,巴西,D0,domestic,none,2010,2024,15,2,13,2021,6.819516564493922,6.908595680214462,-0.08907911572053973
pv,BRA,Brazil,巴西,D0,domestic,none,2010,2024,15,2,13,2022,6.658678440668406,6.776067432642472,-0.11738899197406649
pv,BRA,Brazil,巴西,D0,domestic,none,2010,2024,15,2,13,2023,6.612514751486179,6.680492867708867,-0.06797811622268757
pv,BRA,Brazil,巴西,D0,domestic,none,2010,2024,15,2,13,2024,6.58539425948518,6.5986296438578735,-0.01323538437269356
pv,BRA,Brazil,巴西,GD,global,domestic,2010,2024,15,3,12,2010,8.925655876109314,9.28475128512091,-0.3590954090115961
pv,BRA,Brazil,巴西,GD,global,domestic,2010,2024,15,3,12,2011,8.925655876109314,8.89520355633177,0.03045231977754348
pv,BRA,Brazil,巴西,GD,global,domestic,2010,2024,15,3,12,2012,8.751458521260707,8.666878044338578,0.08458047692212922
pv,BRA,Brazil,巴西,GD,global,domestic,2010,2024,15,3,12,2013,8.540378842634333,8.440244336936608,0.10013450569772431
pv,BRA,Brazil,巴西,GD,global,domestic,2010,2024,15,3,12,2014,8.710903449913197,8.289304834103902,0.4215986158092946
pv,BRA,Brazil,巴西,GD,global,domestic,2010,2024,15,3,12,2015,7.823109162715732,8.044926794926974,-0.22181763221124218
pv,BRA,Brazil,巴西,GD,global,domestic,2010,2024,15,3,12,2016,7.808157576653673,7.811631138057029,-0.0034735614033563067
pv,BRA,Brazil,巴西,GD,global,domestic,2010,2024,15,3,12,2017,7.588367669157345,7.545305811797684,0.04306185735966128
pv,BRA,Brazil,巴西,GD,global,domestic,2010,2024,15,3,12,2018,7.500871631163511,7.351173850217806,0.14969778094570518
pv,BRA,Brazil,巴西,GD,global,domestic,2010,2024,15,3,12,2019,7.309990408640722,7.199346022023762,0.11064438661696041
pv,BRA,Brazil,巴西,GD,global,domestic,2010,2024,15,3,12,2020,7.168893741805856,7.051257478590875,0.11763626321498055
pv,BRA,Brazil,巴西,GD,global,domestic,2010,2024,15,3,12,2021,6.819516564493922,6.964331475004178,-0.14481491051025586
pv,BRA,Brazil,巴西,GD,global,domestic,2010,2024,15,3,12,2022,6.658678440668406,6.872186584297142,-0.2135081436287365
pv,BRA,Brazil,巴西,GD,global,domestic,2010,2024,15,3,12,2023,6.612514751486179,6.725168869504266,-0.11265411801808689
pv,BRA,Brazil,巴西,GD,global,domestic,2010,2024,15,3,12,2024,6.58539425948518,6.587836691046051,-0.0024424315608708724
pv,BRA,Brazil,巴西,DD,domestic,domestic,2010,2024,15,3,12,2010,8.925655876109314,9.015071356099233,-0.08941547998991872
pv,BRA,Brazil,巴西,DD,domestic,domestic,2010,2024,15,3,12,2011,8.925655876109314,8.688349342803622,0.2373065333056914
pv,BRA,Brazil,巴西,DD,domestic,domestic,2010,2024,15,3,12,2012,8.751458521260707,8.657825427776315,0.0936330934843923
pv,BRA,Brazil,巴西,DD,domestic,domestic,2010,2024,15,3,12,2013,8.540378842634333,8.638654861275821,-0.0982760186414886
pv,BRA,Brazil,巴西,DD,domestic,domestic,2010,2024,15,3,12,2014,8.710903449913197,8.430044647019443,0.28085880289375353
pv,BRA,Brazil,巴西,DD,domestic,domestic,2010,2024,15,3,12,2015,7.823109162715732,8.269194808963794,-0.44608564624806224
pv,BRA,Brazil,巴西,DD,domestic,domestic,2010,2024,15,3,12,2016,7.808157576653673,8.0246292775882,-0.2164717009345276
pv,BRA,Brazil,巴西,DD,domestic,domestic,2010,2024,15,3,12,2017,7.588367669157345,7.503659234716136,0.08470843444120923
pv,BRA,Brazil,巴西,DD,domestic,domestic,2010,2024,15,3,12,2018,7.500871631163511,7.3404739427843495,0.16039768837916135
pv,BRA,Brazil,巴西,DD,domestic,domestic,2010,2024,15,3,12,2019,7.309990408640722,7.189359015439621,0.12063139320110139
pv,BRA,Brazil,巴西,DD,domestic,domestic,2010,2024,15,3,12,2020,7.168893741805856,7.050448108385903,0.1184456334199524
pv,BRA,Brazil,巴西,DD,domestic,domestic,2010,2024,15,3,12,2021,6.819516564493922,6.9143199793710455,-0.09480341487712352
pv,BRA,Brazil,巴西,DD,domestic,domestic,2010,2024,15,3,12,2022,6.658678440668406,6.770967964748885,-0.1122895240804791
pv,BRA,Brazil,巴西,DD,domestic,domestic,2010,2024,15,3,12,2023,6.612514751486179,6.6644767101645135,-0.05196195867833442
pv,BRA,Brazil,巴西,DD,domestic,domestic,2010,2024,15,3,12,2024,6.58539425948518,6.572072095160481,0.013322164324699237
pv,BRA,Brazil,巴西,DG,domestic,global,2010,2024,15,3,12,2010,8.925655876109314,9.034654040618895,-0.10899816450958077
pv,BRA,Brazil,巴西,DG,domestic,global,2010,2024,15,3,12,2011,8.925655876109314,8.70322470963568,0.22243116647363337
pv,BRA,Brazil,巴西,DG,domestic,global,2010,2024,15,3,12,2012,8.751458521260707,8.630949741602999,0.12050877965770823
pv,BRA,Brazil,巴西,DG,domestic,global,2010,2024,15,3,12,2013,8.540378842634333,8.589929706612228,-0.04955086397789543
pv,BRA,Brazil,巴西,DG,domestic,global,2010,2024,15,3,12,2014,8.710903449913197,8.410454394263363,0.3004490556498336
pv,BRA,Brazil,巴西,DG,domestic,global,2010,2024,15,3,12,2015,7.823109162715732,8.256888195689822,-0.4337790329740896
pv,BRA,Brazil,巴西,DG,domestic,global,2010,2024,15,3,12,2016,7.808157576653673,8.02648438619444,-0.2183268095407671
pv,BRA,Brazil,巴西,DG,domestic,global,2010,2024,15,3,12,2017,7.588367669157345,7.573758351529836,0.014609317627509277
pv,BRA,Brazil,巴西,DG,domestic,global,2010,2024,15,3,12,2018,7.500871631163511,7.3796286298822436,0.1212430012812673
pv,BRA,Brazil,巴西,DG,domestic,global,2010,2024,15,3,12,2019,7.309990408640722,7.2354329255550445,0.07455748308567767
pv,BRA,Brazil,巴西,DG,domestic,global,2010,2024,15,3,12,2020,7.168893741805856,7.0832643038823155,0.08562943792354005
pv,BRA,Brazil,巴西,DG,domestic,global,2010,2024,15,3,12,2021,6.819516564493922,6.933398980153556,-0.11388241565963408
pv,BRA,Brazil,巴西,DG,domestic,global,2010,2024,15,3,12,2022,6.658678440668406,6.757404902306262,-0.09872646163785603
pv,BRA,Brazil,巴西,DG,domestic,global,2010,2024,15,3,12,2023,6.612514751486179,6.601703455811635,0.010811295674543864
pv,BRA,Brazil,巴西,DG,domestic,global,2010,2024,15,3,12,2024,6.58539425948518,6.5123700485593385,0.07302421092584144
pv,BRA,Brazil,巴西,GG,global,global,2010,2024,15,3,12,2010,8.925655876109314,9.253089230305164,-0.3274333541958505
pv,BRA,Brazil,巴西,GG,global,global,2010,2024,15,3,12,2011,8.925655876109314,8.848119676521145,0.07753619958816849
pv,BRA,Brazil,巴西,GG,global,global,2010,2024,15,3,12,2012,8.751458521260707,8.597597988997983,0.15386053226272445
pv,BRA,Brazil,巴西,GG,global,global,2010,2024,15,3,12,2013,8.540378842634333,8.398805051845272,0.14157379078906018
pv,BRA,Brazil,巴西,GG,global,global,2010,2024,15,3,12,2014,8.710903449913197,8.228218735969296,0.48268471394390033
pv,BRA,Brazil,巴西,GG,global,global,2010,2024,15,3,12,2015,7.823109162715732,8.0673916038045,-0.2442824410887683
pv,BRA,Brazil,巴西,GG,global,global,2010,2024,15,3,12,2016,7.808157576653673,7.867308701033394,-0.05915112437972159
pv,BRA,Brazil,巴西,GG,global,global,2010,2024,15,3,12,2017,7.588367669157345,7.657866238721249,-0.06949856956390388
pv,BRA,Brazil,巴西,GG,global,global,2010,2024,15,3,12,2018,7.500871631163511,7.469274583450248,0.031597047713263215
pv,BRA,Brazil,巴西,GG,global,global,2010,2024,15,3,12,2019,7.309990408640722,7.329494756677512,-0.01950434803679002
pv,BRA,Brazil,巴西,GG,global,global,2010,2024,15,3,12,2020,7.168893741805856,7.17012834100198,-0.0012345991961240088
pv,BRA,Brazil,巴西,GG,global,global,2010,2024,15,3,12,2021,6.819516564493922,7.015645003159598,-0.19612843866567609
pv,BRA,Brazil,巴西,GG,global,global,2010,2024,15,3,12,2022,6.658678440668406,6.834219588340917,-0.1755411476725115
pv,BRA,Brazil,巴西,GG,global,global,2010,2024,15,3,12,2023,6.612514751486179,6.590289458891498,0.022225292594680646
pv,BRA,Brazil,巴西,GG,global,global,2010,2024,15,3,12,2024,6.58539425948518,6.402097813577668,0.18329644590751215
pv,CHN,China,中国,G0,global,none,2010,2024,15,2,13,2010,8.36437596600536,8.48508566523292,-0.12070969922755914
pv,CHN,China,中国,G0,global,none,2010,2024,15,2,13,2011,8.301810044811699,8.158667782062832,0.1431422627488672
pv,CHN,China,中国,G0,global,none,2010,2024,15,2,13,2012,8.094194260845793,7.955218902424611,0.13897535842118192
pv,CHN,China,中国,G0,global,none,2010,2024,15,2,13,2013,7.832351560729551,7.779977999399099,0.05237356133045168
pv,CHN,China,中国,G0,global,none,2010,2024,15,2,13,2014,7.649723586228756,7.634237828121553,0.015485758107202763
pv,CHN,China,中国,G0,global,none,2010,2024,15,2,13,2015,7.391757581428305,7.494148170333597,-0.10239058890529229
pv,CHN,China,中国,G0,global,none,2010,2024,15,2,13,2016,7.292180060532597,7.331627214655632,-0.03944715412303523
pv,CHN,China,中国,G0,global,none,2010,2024,15,2,13,2017,7.228291644043516,7.168287594743569,0.060004049299946516
pv,CHN,China,中国,G0,global,none,2010,2024,15,2,13,2018,6.953938236226984,7.037564115945191,-0.08362587971820723
pv,CHN,China,中国,G0,global,none,2010,2024,15,2,13,2019,6.852441549986699,6.923800228104874,-0.07135867811817498
pv,CHN,China,中国,G0,global,none,2010,2024,15,2,13,2020,6.640941703625708,6.805939789177712,-0.16499808555200435
pv,CHN,China,中国,G0,global,none,2010,2024,15,2,13,2021,6.570202501533129,6.698562403290747,-0.12835990175761847
pv,CHN,China,中国,G0,global,none,2010,2024,15,2,13,2022,6.6324338633120945,6.582404331585783,0.050029531726311305
pv,CHN,China,中国,G0,global,none,2010,2024,15,2,13,2023,6.532565235637685,6.4121543726376915,0.12041086299999382
pv,CHN,China,中国,G0,global,none,2010,2024,15,2,13,2024,6.381115525067484,6.250646922299614,0.13046860276786987
pv,CHN,China,中国,D0,domestic,none,2010,2024,15,2,13,2010,8.36437596600536,8.647341307493624,-0.28296534148826424
pv,CHN,China,中国,D0,domestic,none,2010,2024,15,2,13,2011,8.301810044811699,8.253444557681336,0.04836548713036315
pv,CHN,China,中国,D0,domestic,none,2010,2024,15,2,13,2012,8.094194260845793,7.99643448101964,0.09775977982615291
pv,CHN,China,中国,D0,domestic,none,2010,2024,15,2,13,2013,7.832351560729551,7.677901399042144,0.15445016168740722
pv,CHN,China,中国,D0,domestic,none,2010,2024,15,2,13,2014,7.649723586228756,7.524801989814614,0.12492159641414169
pv,CHN,China,中国,D0,domestic,none,2010,2024,15,2,13,2015,7.391757581428305,7.385656280680815,0.006101300747490157
pv,CHN,China,中国,D0,domestic,none,2010,2024,15,2,13,2016,7.292180060532597,7.1973280504519295,0.09485201008066735
pv,CHN,China,中国,D0,domestic,none,2010,2024,15,2,13,2017,7.228291644043516,7.029100809864788,0.19919083417872763
pv,CHN,China,中国,D0,domestic,none,2010,2024,15,2,13,2018,6.953938236226984,6.934955565741597,0.0189826704853866
pv,CHN,China,中国,D0,domestic,none,2010,2024,15,2,13,2019,6.852441549986699,6.884530171767903,-0.032088621781204196
pv,CHN,China,中国,D0,domestic,none,2010,2024,15,2,13,2020,6.640941703625708,6.815366101615216,-0.17442439798950815
pv,CHN,China,中国,D0,domestic,none,2010,2024,15,2,13,2021,6.570202501533129,6.754041243721499,-0.18383874218837004
pv,CHN,China,中国,D0,domestic,none,2010,2024,15,2,13,2022,6.6324338633120945,6.674108939012601,-0.04167507570050688
pv,CHN,China,中国,D0,domestic,none,2010,2024,15,2,13,2023,6.532565235637685,6.532081468774127,0.00048376686355844356
pv,CHN,China,中国,D0,domestic,none,2010,2024,15,2,13,2024,6.381115525067484,6.4112309533335115,-0.030115428266027422
pv,CHN,China,中国,GD,global,domestic,2010,2024,15,3,12,2010,8.36437596600536,8.522417613723727,-0.15804164771836682
pv,CHN,China,中国,GD,global,domestic,2010,2024,15,3,12,2011,8.301810044811699,8.172283423588565,0.12952662122313363
pv,CHN,China,中国,GD,global,domestic,2010,2024,15,3,12,2012,8.094194260845793,7.955805324438564,0.13838893640722905
pv,CHN,China,中国,GD,global,domestic,2010,2024,15,3,12,2013,7.832351560729551,7.766341665792301,0.06600989493724985
pv,CHN,China,中国,GD,global,domestic,2010,2024,15,3,12,2014,7.649723586228756,7.615994107563994,0.03372947866476217
pv,CHN,China,中国,GD,global,domestic,2010,2024,15,3,12,2015,7.391757581428305,7.471309732434001,-0.07955215100569646
pv,CHN,China,中国,GD,global,domestic,2010,2024,15,3,12,2016,7.292180060532597,7.309828403347147,-0.01764834281455041
pv,CHN,China,中国,GD,global,domestic,2010,2024,15,3,12,2017,7.228291644043516,7.1525000884528325,0.0757915555906834
pv,CHN,China,中国,GD,global,domestic,2010,2024,15,3,12,2018,6.953938236226984,7.033459198606327,-0.07952096237934292
pv,CHN,China,中国,GD,global,domestic,2010,2024,15,3,12,2019,6.852441549986699,6.917082243175305,-0.06464069318860677
pv,CHN,China,中国,GD,global,domestic,2010,2024,15,3,12,2020,6.640941703625708,6.80304449519452,-0.16210279156881224
pv,CHN,China,中国,GD,global,domestic,2010,2024,15,3,12,2021,6.570202501533129,6.703243286238312,-0.13304078470518288
pv,CHN,China,中国,GD,global,domestic,2010,2024,15,3,12,2022,6.6324338633120945,6.599998573704853,0.032435289607241735
pv,CHN,China,中国,GD,global,domestic,2010,2024,15,3,12,2023,6.532565235637685,6.434316477723585,0.09824875791410026
pv,CHN,China,中国,GD,global,domestic,2010,2024,15,3,12,2024,6.381115525067484,6.260698686031065,0.12041683903641864
pv,CHN,China,中国,DD,domestic,domestic,2010,2024,15,3,12,2010,8.36437596600536,8.506684752317456,-0.1423087863120962
pv,CHN,China,中国,DD,domestic,domestic,2010,2024,15,3,12,2011,8.301810044811699,8.195627551643868,0.10618249316783057
pv,CHN,China,中国,DD,domestic,domestic,2010,2024,15,3,12,2012,8.094194260845793,7.989733051792413,0.10446120905337963
pv,CHN,China,中国,DD,domestic,domestic,2010,2024,15,3,12,2013,7.832351560729551,7.758174700438339,0.07417686029121207
pv,CHN,China,中国,DD,domestic,domestic,2010,2024,15,3,12,2014,7.649723586228756,7.617970531281785,0.03175305494697067
pv,CHN,China,中国,DD,domestic,domestic,2010,2024,15,3,12,2015,7.391757581428305,7.4887748872371205,-0.09701730580881573
pv,CHN,China,中国,DD,domestic,domestic,2010,2024,15,3,12,2016,7.292180060532597,7.3047467695917865,-0.012566709059189662
pv,CHN,China,中国,DD,domestic,domestic,2010,2024,15,3,12,2017,7.228291644043516,7.120066449411793,0.1082251946317232
pv,CHN,China,中国,DD,domestic,domestic,2010,2024,15,3,12,2018,6.953938236226984,6.979917919636831,-0.025979683409847354
pv,CHN,China,中国,DD,domestic,domestic,2010,2024,15,3,12,2019,6.852441549986699,6.912076952680245,-0.05963540269354617
pv,CHN,China,中国,DD,domestic,domestic,2010,2024,15,3,12,2020,6.640941703625708,6.813610017117752,-0.1726683134920446
pv,CHN,China,中国,DD,domestic,domestic,2010,2024,15,3,12,2021,6.570202501533129,6.714103409737181,-0.14390090820405188
pv,CHN,China,中国,DD,domestic,domestic,2010,2024,15,3,12,2022,6.6324338633120945,6.585223740867797,0.04721012244429712
pv,CHN,China,中国,DD,domestic,domestic,2010,2024,15,3,12,2023,6.532565235637685,6.418565367389659,0.1139998682480261
pv,CHN,China,中国,DD,domestic,domestic,2010,2024,15,3,12,2024,6.381115525067484,6.31304721887118,0.06806830619630411
pv,CHN,China,中国,DG,domestic,global,2010,2024,15,3,12,2010,8.36437596600536,8.57047132566071,-0.2060953596553503
pv,CHN,China,中国,DG,domestic,global,2010,2024,15,3,12,2011,8.301810044811699,8.204083487429205,0.0977265573824937
pv,CHN,China,中国,DG,domestic,global,2010,2024,15,3,12,2012,8.094194260845793,7.969251779276306,0.12494248156948728
pv,CHN,China,中国,DG,domestic,global,2010,2024,15,3,12,2013,7.832351560729551,7.713476026078979,0.11887553465057188
pv,CHN,China,中国,DG,domestic,global,2010,2024,15,3,12,2014,7.649723586228756,7.577818937073264,0.071904649155492
pv,CHN,China,中国,DG,domestic,global,2010,2024,15,3,12,2015,7.391757581428305,7.456762868182474,-0.06500528675416906
pv,CHN,China,中国,DG,domestic,global,2010,2024,15,3,12,2016,7.292180060532597,7.2817840378583965,0.010396022674200367
pv,CHN,China,中国,DG,domestic,global,2010,2024,15,3,12,2017,7.228291644043516,7.112457302387638,0.11583434165587825
pv,CHN,China,中国,DG,domestic,global,2010,2024,15,3,12,2018,6.953938236226984,6.984195094738325,-0.030256858511341633
pv,CHN,China,中国,DG,domestic,global,2010,2024,15,3,12,2019,6.852441549986699,6.922261980791726,-0.0698204308050272
pv,CHN,China,中国,DG,domestic,global,2010,2024,15,3,12,2020,6.640941703625708,6.829809347178733,-0.1888676435530252
pv,CHN,China,中国,DG,domestic,global,2010,2024,15,3,12,2021,6.570202501533129,6.7367641945081695,-0.16656169297504064
pv,CHN,China,中国,DG,domestic,global,2010,2024,15,3,12,2022,6.6324338633120945,6.6105500483365915,0.021883814975502958
pv,CHN,China,中国,DG,domestic,global,2010,2024,15,3,12,2023,6.532565235637685,6.430960571115041,0.10160466452264405
pv,CHN,China,中国,DG,domestic,global,2010,2024,15,3,12,2024,6.381115525067484,6.31767631940086,0.06343920566662398
pv,CHN,China,中国,GG,global,global,2010,2024,15,3,12,2010,8.36437596600536,8.553746028104928,-0.18937006209956841
pv,CHN,China,中国,GG,global,global,2010,2024,15,3,12,2011,8.301810044811699,8.208039506476382,0.0937705383353169
pv,CHN,China,中国,GG,global,global,2010,2024,15,3,12,2012,8.094194260845793,7.9896343781173815,0.10455988272841132
pv,CHN,China,中国,GG,global,global,2010,2024,15,3,12,2013,7.832351560729551,7.775082211614053,0.05726934911549808
pv,CHN,China,中国,GG,global,global,2010,2024,15,3,12,2014,7.649723586228756,7.604827102887847,0.04489648334090912
pv,CHN,China,中国,GG,global,global,2010,2024,15,3,12,2015,7.391757581428305,7.436281443623311,-0.044523862195005925
pv,CHN,China,中国,GG,global,global,2010,2024,15,3,12,2016,7.292180060532597,7.261748926673915,0.03043113385868157
pv,CHN,China,中国,GG,global,global,2010,2024,15,3,12,2017,7.228291644043516,7.099325455217411,0.1289661888261051
pv,CHN,China,中国,GG,global,global,2010,2024,15,3,12,2018,6.953938236226984,7.001948913956928,-0.04801067772994472
pv,CHN,China,中国,GG,global,global,2010,2024,15,3,12,2019,6.852441549986699,6.8793458326714925,-0.026904282684793834
pv,CHN,China,中国,GG,global,global,2010,2024,15,3,12,2020,6.640941703625708,6.77496051421272,-0.13401881058701193
pv,CHN,China,中国,GG,global,global,2010,2024,15,3,12,2021,6.570202501533129,6.694309812994369,-0.12410731146124032
pv,CHN,China,中国,GG,global,global,2010,2024,15,3,12,2022,6.6324338633120945,6.629317312909871,0.0031165504022236945
pv,CHN,China,中国,GG,global,global,2010,2024,15,3,12,2023,6.532565235637685,6.499876179302966,0.032689056334719524
pv,CHN,China,中国,GG,global,global,2010,2024,15,3,12,2024,6.381115525067484,6.309879701250896,0.071235823816588
pv,DEU,Germany,德国,G0,global,none,2010,2024,15,2,13,2010,8.392180723537948,8.356335968615653,0.03584475492229444
pv,DEU,Germany,德国,G0,global,none,2010,2024,15,2,13,2011,8.163217047680499,8.070332680605352,0.09288436707514691
pv,DEU,Germany,德国,G0,global,none,2010,2024,15,2,13,2012,7.933247620744505,7.892073303534938,0.04117431720956688
pv,DEU,Germany,德国,G0,global,none,2010,2024,15,2,13,2013,7.7773103123567955,7.738529404614809,0.0387809077419865
pv,DEU,Germany,德国,G0,global,none,2010,2024,15,2,13,2014,7.552557961458176,7.610833679810286,-0.05827571835210943
pv,DEU,Germany,德国,G0,global,none,2010,2024,15,2,13,2015,7.329136861136083,7.488088864622828,-0.15895200348674443
pv,DEU,Germany,德国,G0,global,none,2010,2024,15,2,13,2016,7.232464928976653,7.345690025309683,-0.11322509633302946
pv,DEU,Germany,德国,G0,global,none,2010,2024,15,2,13,2017,7.190372529500044,7.202573882580271,-0.012201353080227406
pv,DEU,Germany,德国,G0,global,none,2010,2024,15,2,13,2018,7.1896043982744855,7.088035596891433,0.10156880138305269
pv,DEU,Germany,德国,G0,global,none,2010,2024,15,2,13,2019,6.975741334340085,6.9883570937923505,-0.012615759452265785
pv,DEU,Germany,德国,G0,global,none,2010,2024,15,2,13,2020,6.713361064517941,6.88508924359941,-0.17172817908146865
pv,DEU,Germany,德国,G0,global,none,2010,2024,15,2,13,2021,6.669231996449944,6.791006514052326,-0.12177451760238256
pv,DEU,Germany,德国,G0,global,none,2010,2024,15,2,13,2022,6.963512709264143,6.689230256838976,0.274282452425167
pv,DEU,Germany,德国,G0,global,none,2010,2024,15,2,13,2023,6.617706943516175,6.540059361023195,0.07764758249297987
pv,DEU,Germany,德国,G0,global,none,2010,2024,15,2,13,2024,6.385137986617069,6.398548542479037,-0.013410555861967488
pv,DEU,Germany,德国,D0,domestic,none,2010,2024,15,2,13,2010,8.392180723537948,8.518859090535827,-0.12667836699787927
pv,DEU,Germany,德国,D0,domestic,none,2010,2024,15,2,13,2011,8.163217047680499,8.010742940080915,0.15247410759958413
pv,DEU,Germany,德国,D0,domestic,none,2010,2024,15,2,13,2012,7.933247620744505,7.628764911956903,0.3044827087876021
pv,DEU,Germany,德国,D0,domestic,none,2010,2024,15,2,13,2013,7.7773103123567955,7.524919333412916,0.25239097894387985
pv,DEU,Germany,德国,D0,domestic,none,2010,2024,15,2,13,2014,7.552557961458176,7.480407475236585,0.07215048622159159
pv,DEU,Germany,德国,D0,domestic,none,2010,2024,15,2,13,2015,7.329136861136083,7.432497127578372,-0.10336026644228902
pv,DEU,Germany,德国,D0,domestic,none,2010,2024,15,2,13,2016,7.232464928976653,7.3816770471552635,-0.14921211817861035
pv,DEU,Germany,德国,D0,domestic,none,2010,2024,15,2,13,2017,7.190372529500044,7.327387854168904,-0.13701532466886057
pv,DEU,Germany,德国,D0,domestic,none,2010,2024,15,2,13,2018,7.1896043982744855,7.235934243212712,-0.04632984493822612
pv,DEU,Germany,德国,D0,domestic,none,2010,2024,15,2,13,2019,6.975741334340085,7.1244585159865,-0.14871718164641567
pv,DEU,Germany,德国,D0,domestic,none,2010,2024,15,2,13,2020,6.713361064517941,6.994966345730183,-0.2816052812122418
pv,DEU,Germany,德国,D0,domestic,none,2010,2024,15,2,13,2021,6.669231996449944,6.838552388499469,-0.1693203920495252
pv,DEU,Germany,德国,D0,domestic,none,2010,2024,15,2,13,2022,6.963512709264143,6.812034274870214,0.15147843439392883
pv,DEU,Germany,德国,D0,domestic,none,2010,2024,15,2,13,2023,6.617706943516175,6.5184384170115095,0.09926852650466511
pv,DEU,Germany,德国,D0,domestic,none,2010,2024,15,2,13,2024,6.385137986617069,6.255144452934302,0.12999353368276712
pv,DEU,Germany,德国,GD,global,domestic,2010,2024,15,3,12,2010,8.392180723537948,8.478209026884066,-0.08602830334611866
pv,DEU,Germany,德国,GD,global,domestic,2010,2024,15,3,12,2011,8.163217047680499,8.095015443396989,0.06820160428351052
pv,DEU,Germany,德国,GD,global,domestic,2010,2024,15,3,12,2012,7.933247620744505,7.871010303125267,0.06223731761923812
pv,DEU,Germany,德国,GD,global,domestic,2010,2024,15,3,12,2013,7.7773103123567955,7.6915691923326746,0.08574112002412093
pv,DEU,Germany,德国,GD,global,domestic,2010,2024,15,3,12,2014,7.552557961458176,7.5619475108475465,-0.009389549389370089
pv,DEU,Germany,德国,GD,global,domestic,2010,2024,15,3,12,2015,7.329136861136083,7.44770365926747,-0.11856679813138626
pv,DEU,Germany,德国,GD,global,domestic,2010,2024,15,3,12,2016,7.232464928976653,7.309018651043566,-0.07655372206691258
pv,DEU,Germany,德国,GD,global,domestic,2010,2024,15,3,12,2017,7.190372529500044,7.166190823053807,0.024181706446237072
pv,DEU,Germany,德国,GD,global,domestic,2010,2024,15,3,12,2018,7.1896043982744855,7.061715271817973,0.12788912645651251
pv,DEU,Germany,德国,GD,global,domestic,2010,2024,15,3,12,2019,6.975741334340085,6.966881286649016,0.008860047691068296
pv,DEU,Germany,德国,GD,global,domestic,2010,2024,15,3,12,2020,6.713361064517941,6.861126399346742,-0.14776533482880083
pv,DEU,Germany,德国,GD,global,domestic,2010,2024,15,3,12,2021,6.669231996449944,6.80250088144361,-0.13326888499366607
pv,DEU,Germany,德国,GD,global,domestic,2010,2024,15,3,12,2022,6.963512709264143,6.736209630884593,0.22730307837955
pv,DEU,Germany,德国,GD,global,domestic,2010,2024,15,3,12,2023,6.617706943516175,6.582990420581355,0.034716522934819416
pv,DEU,Germany,德国,GD,global,domestic,2010,2024,15,3,12,2024,6.385137986617069,6.452695917696189,-0.06755793107911945
pv,DEU,Germany,德国,DD,domestic,domestic,2010,2024,15,3,12,2010,8.392180723537948,8.374214293100597,0.017966430437351022
pv,DEU,Germany,德国,DD,domestic,domestic,2010,2024,15,3,12,2011,8.163217047680499,8.007349210821332,0.1558678368591675
pv,DEU,Germany,德国,DD,domestic,domestic,2010,2024,15,3,12,2012,7.933247620744505,7.715714530171043,0.21753309057346204
pv,DEU,Germany,德国,DD,domestic,domestic,2010,2024,15,3,12,2013,7.7773103123567955,7.6225744176172565,0.15473589473953897
pv,DEU,Germany,德国,DD,domestic,domestic,2010,2024,15,3,12,2014,7.552557961458176,7.558845050525412,-0.0062870890672357405
pv,DEU,Germany,德国,DD,domestic,domestic,2010,2024,15,3,12,2015,7.329136861136083,7.484236513616997,-0.15509965248091362
pv,DEU,Germany,德国,DD,domestic,domestic,2010,2024,15,3,12,2016,7.232464928976653,7.4069108250191515,-0.17444589604249838
pv,DEU,Germany,德国,DD,domestic,domestic,2010,2024,15,3,12,2017,7.190372529500044,7.329915139176306,-0.13954260967626197
pv,DEU,Germany,德国,DD,domestic,domestic,2010,2024,15,3,12,2018,7.1896043982744855,7.222966621367082,-0.03336222309259629
pv,DEU,Germany,德国,DD,domestic,domestic,2010,2024,15,3,12,2019,6.975741334340085,7.109340087530999,-0.1335987531909142
pv,DEU,Germany,德国,DD,domestic,domestic,2010,2024,15,3,12,2020,6.713361064517941,6.987892212986232,-0.27453114846829063
pv,DEU,Germany,德国,DD,domestic,domestic,2010,2024,15,3,12,2021,6.669231996449944,6.813639480251939,-0.14440748380199508
pv,DEU,Germany,德国,DD,domestic,domestic,2010,2024,15,3,12,2022,6.963512709264143,6.735754500117924,0.22775820914621914
pv,DEU,Germany,德国,DD,domestic,domestic,2010,2024,15,3,12,2023,6.617706943516175,6.480103741028185,0.1376032024879894
pv,DEU,Germany,德国,DD,domestic,domestic,2010,2024,15,3,12,2024,6.385137986617069,6.235327795040183,0.14981019157688635
pv,DEU,Germany,德国,DG,domestic,global,2010,2024,15,3,12,2010,8.392180723537948,8.435955548236418,-0.04377482469847038
pv,DEU,Germany,德国,DG,domestic,global,2010,2024,15,3,12,2011,8.163217047680499,7.996054980224223,0.16716206745627638
pv,DEU,Germany,德国,DG,domestic,global,2010,2024,15,3,12,2012,7.933247620744505,7.674902344934772,0.25834527580973354
pv,DEU,Germany,德国,DG,domestic,global,2010,2024,15,3,12,2013,7.7773103123567955,7.581137256738558,0.19617305561823706
pv,DEU,Germany,德国,DG,domestic,global,2010,2024,15,3,12,2014,7.552557961458176,7.529680908786155,0.02287705267202167
pv,DEU,Germany,德国,DG,domestic,global,2010,2024,15,3,12,2015,7.329136861136083,7.479190026802801,-0.15005316566671745
pv,DEU,Germany,德国,DG,domestic,global,2010,2024,15,3,12,2016,7.232464928976653,7.412189174226366,-0.1797242452497132
pv,DEU,Germany,德国,DG,domestic,global,2010,2024,15,3,12,2017,7.190372529500044,7.335051264580327,-0.14467873508028362
pv,DEU,Germany,德国,DG,domestic,global,2010,2024,15,3,12,2018,7.1896043982744855,7.218949717789836,-0.029345319515350354
pv,DEU,Germany,德国,DG,domestic,global,2010,2024,15,3,12,2019,6.975741334340085,7.115735219656661,-0.13999388531657608
pv,DEU,Germany,德国,DG,domestic,global,2010,2024,15,3,12,2020,6.713361064517941,6.9854659482510755,-0.27210488373313435
pv,DEU,Germany,德国,DG,domestic,global,2010,2024,15,3,12,2021,6.669231996449944,6.829900693816237,-0.16066869736629297
pv,DEU,Germany,德国,DG,domestic,global,2010,2024,15,3,12,2022,6.963512709264143,6.755252573668761,0.20826013559538215
pv,DEU,Germany,德国,DG,domestic,global,2010,2024,15,3,12,2023,6.617706943516175,6.475515195750775,0.14219174776539933
pv,DEU,Germany,德国,DG,domestic,global,2010,2024,15,3,12,2024,6.385137986617069,6.259803564905858,0.12533442171121134
pv,DEU,Germany,德国,GG,global,global,2010,2024,15,3,12,2010,8.392180723537948,8.441827094016721,-0.04964637047877396
pv,DEU,Germany,德国,GG,global,global,2010,2024,15,3,12,2011,8.163217047680499,8.131806930180394,0.03141011750010492
pv,DEU,Germany,德国,GG,global,global,2010,2024,15,3,12,2012,7.933247620744505,7.934925068732781,-0.0016774479882757376
pv,DEU,Germany,德国,GG,global,global,2010,2024,15,3,12,2013,7.7773103123567955,7.732433508963272,0.04487680339352362
pv,DEU,Germany,德国,GG,global,global,2010,2024,15,3,12,2014,7.552557961458176,7.5742134830342644,-0.021655521576088077
pv,DEU,Germany,德国,GG,global,global,2010,2024,15,3,12,2015,7.329136861136083,7.416037226926803,-0.08690036579071947
pv,DEU,Germany,德国,GG,global,global,2010,2024,15,3,12,2016,7.232464928976653,7.258682423969362,-0.02621749499270898
pv,DEU,Germany,德国,GG,global,global,2010,2024,15,3,12,2017,7.190372529500044,7.116707005803934,0.07366552369610968
pv,DEU,Germany,德国,GG,global,global,2010,2024,15,3,12,2018,7.1896043982744855,7.0436900156565505,0.145914382617935
pv,DEU,Germany,德国,GG,global,global,2010,2024,15,3,12,2019,6.975741334340085,6.933005561472279,0.04273577286780572
pv,DEU,Germany,德国,GG,global,global,2010,2024,15,3,12,2020,6.713361064517941,6.84651599740498,-0.13315493288703895
pv,DEU,Germany,德国,GG,global,global,2010,2024,15,3,12,2021,6.669231996449944,6.785711483337433,-0.11647948688748944
pv,DEU,Germany,德国,GG,global,global,2010,2024,15,3,12,2022,6.963512709264143,6.747643049920091,0.2158696593440519
pv,DEU,Germany,德国,GG,global,global,2010,2024,15,3,12,2023,6.617706943516175,6.649284475198726,-0.03157753168255173
pv,DEU,Germany,德国,GG,global,global,2010,2024,15,3,12,2024,6.385137986617069,6.4723010937525896,-0.08716310713552033
pv,ESP,Spain,西班牙,G0,global,none,2010,2024,15,2,13,2010,8.624054765464697,8.508388232324211,0.11566653314048558
pv,ESP,Spain,西班牙,G0,global,none,2010,2024,15,2,13,2011,8.265302059349771,8.192165675128251,0.07313638422152025
pv,ESP,Spain,西班牙,G0,global,none,2010,2024,15,2,13,2012,8.071365233582279,7.995071311446195,0.07629392213608366
pv,ESP,Spain,西班牙,G0,global,none,2010,2024,15,2,13,2013,7.919668631708989,7.825303877315813,0.09436475439317604
pv,ESP,Spain,西班牙,G0,global,none,2010,2024,15,2,13,2014,7.922366112468601,7.684115749998815,0.2382503624697856
pv,ESP,Spain,西班牙,G0,global,none,2010,2024,15,2,13,2015,7.260384486590734,7.548401648209449,-0.2880171616187148
pv,ESP,Spain,西班牙,G0,global,none,2010,2024,15,2,13,2016,7.166467548048035,7.3909568669881995,-0.22448931894016422
pv,ESP,Spain,西班牙,G0,global,none,2010,2024,15,2,13,2017,7.062807250940003,7.232718991665986,-0.1699117407259827
pv,ESP,Spain,西班牙,G0,global,none,2010,2024,15,2,13,2018,6.947145431409379,7.1060785259239925,-0.15893309451461324
pv,ESP,Spain,西班牙,G0,global,none,2010,2024,15,2,13,2019,6.816334721715559,6.995867935805454,-0.1795332140898953
pv,ESP,Spain,西班牙,G0,global,none,2010,2024,15,2,13,2020,6.799149638678476,6.881688746148846,-0.08253910747037008
pv,ESP,Spain,西班牙,G0,global,none,2010,2024,15,2,13,2021,6.831662504484852,6.777665182180998,0.05399732230385368
pv,ESP,Spain,西班牙,G0,global,none,2010,2024,15,2,13,2022,6.716870279515455,6.665135188061907,0.0517350914535486
pv,ESP,Spain,西班牙,G0,global,none,2010,2024,15,2,13,2023,6.532030185598481,6.500202811017417,0.03182737458106466
pv,ESP,Spain,西班牙,G0,global,none,2010,2024,15,2,13,2024,6.711891772002154,6.343739879341905,0.36815189266024895
pv,ESP,Spain,西班牙,D0,domestic,none,2010,2024,15,2,13,2010,8.624054765464697,7.7444146784665815,0.8796400869981156
pv,ESP,Spain,西班牙,D0,domestic,none,2010,2024,15,2,13,2011,8.265302059349771,7.682650150736863,0.5826519086129087
pv,ESP,Spain,西班牙,D0,domestic,none,2010,2024,15,2,13,2012,8.071365233582279,7.642675509996859,0.42868972358542035
pv,ESP,Spain,西班牙,D0,domestic,none,2010,2024,15,2,13,2013,7.919668631708989,7.626546912477756,0.293121719231233
pv,ESP,Spain,西班牙,D0,domestic,none,2010,2024,15,2,13,2014,7.922366112468601,7.625658217697471,0.2967078947711297
pv,ESP,Spain,西班牙,D0,domestic,none,2010,2024,15,2,13,2015,7.260384486590734,7.624710459392633,-0.3643259728018986
pv,ESP,Spain,西班牙,D0,domestic,none,2010,2024,15,2,13,2016,7.166467548048035,7.62415455803093,-0.45768700998289447
pv,ESP,Spain,西班牙,D0,domestic,none,2010,2024,15,2,13,2017,7.062807250940003,7.623071725430416,-0.5602644744904124
pv,ESP,Spain,西班牙,D0,domestic,none,2010,2024,15,2,13,2018,6.947145431409379,7.61767807016664,-0.670532638757261
pv,ESP,Spain,西班牙,D0,domestic,none,2010,2024,15,2,13,2019,6.816334721715559,7.238025288871771,-0.42169056715621256
pv,ESP,Spain,西班牙,D0,domestic,none,2010,2024,15,2,13,2020,6.799149638678476,7.1512402816680245,-0.3520906429895483
pv,ESP,Spain,西班牙,D0,domestic,none,2010,2024,15,2,13,2021,6.831662504484852,6.964397780520234,-0.13273527603538238
pv,ESP,Spain,西班牙,D0,domestic,none,2010,2024,15,2,13,2022,6.716870279515455,6.621379495708862,0.0954907838065937
pv,ESP,Spain,西班牙,D0,domestic,none,2010,2024,15,2,13,2023,6.532030185598481,6.48959962816547,0.04243055743301127
pv,ESP,Spain,西班牙,D0,domestic,none,2010,2024,15,2,13,2024,6.711891772002154,6.371297864226991,0.34059390777516363
pv,ESP,Spain,西班牙,GD,global,domestic,2010,2024,15,3,12,2010,8.624054765464697,8.637330136070226,-0.013275370605528636
pv,ESP,Spain,西班牙,GD,global,domestic,2010,2024,15,3,12,2011,8.265302059349771,8.203863808474457,0.06143825087531418
pv,ESP,Spain,西班牙,GD,global,domestic,2010,2024,15,3,12,2012,8.071365233582279,7.958313721048217,0.11305151253406187
pv,ESP,Spain,西班牙,GD,global,domestic,2010,2024,15,3,12,2013,7.919668631708989,7.863647281255834,0.05602135045315482
pv,ESP,Spain,西班牙,GD,global,domestic,2010,2024,15,3,12,2014,7.922366112468601,7.706398423952585,0.21596768851601578
pv,ESP,Spain,西班牙,GD,global,domestic,2010,2024,15,3,12,2015,7.260384486590734,7.526432980055501,-0.26604849346476733
pv,ESP,Spain,西班牙,GD,global,domestic,2010,2024,15,3,12,2016,7.166467548048035,7.427104055354889,-0.2606365073068533
pv,ESP,Spain,西班牙,GD,global,domestic,2010,2024,15,3,12,2017,7.062807250940003,7.175758043020818,-0.11295079208081482
pv,ESP,Spain,西班牙,GD,global,domestic,2010,2024,15,3,12,2018,6.947145431409379,6.9994718849783,-0.05232645356892096
pv,ESP,Spain,西班牙,GD,global,domestic,2010,2024,15,3,12,2019,6.816334721715559,6.860015391806355,-0.04368067009079635
pv,ESP,Spain,西班牙,GD,global,domestic,2010,2024,15,3,12,2020,6.799149638678476,6.671973383574379,0.12717625510409736
pv,ESP,Spain,西班牙,GD,global,domestic,2010,2024,15,3,12,2021,6.831662504484852,6.702384350193487,0.1292781542913648
pv,ESP,Spain,西班牙,GD,global,domestic,2010,2024,15,3,12,2022,6.716870279515455,6.7008314524070975,0.0160388271083578
pv,ESP,Spain,西班牙,GD,global,domestic,2010,2024,15,3,12,2023,6.532030185598481,6.60507079335439,-0.07304060775590848
pv,ESP,Spain,西班牙,GD,global,domestic,2010,2024,15,3,12,2024,6.711891772002154,6.608904916011488,0.10298685599066637
pv,ESP,Spain,西班牙,DD,domestic,domestic,2010,2024,15,3,12,2010,8.624054765464697,7.944619555409843,0.6794352100548542
pv,ESP,Spain,西班牙,DD,domestic,domestic,2010,2024,15,3,12,2011,8.265302059349771,7.948552067275875,0.31674999207389654
pv,ESP,Spain,西班牙,DD,domestic,domestic,2010,2024,15,3,12,2012,8.071365233582279,7.899334255762688,0.17203097781959098
pv,ESP,Spain,西班牙,DD,domestic,domestic,2010,2024,15,3,12,2013,7.919668631708989,7.610016425111966,0.30965220659702286
pv,ESP,Spain,西班牙,DD,domestic,domestic,2010,2024,15,3,12,2014,7.922366112468601,7.533660004484161,0.38870610798444005
pv,ESP,Spain,西班牙,DD,domestic,domestic,2010,2024,15,3,12,2015,7.260384486590734,7.520857674040731,-0.26047318744999703
pv,ESP,Spain,西班牙,DD,domestic,domestic,2010,2024,15,3,12,2016,7.166467548048035,7.275816193882324,-0.10934864583428894
pv,ESP,Spain,西班牙,DD,domestic,domestic,2010,2024,15,3,12,2017,7.062807250940003,7.348178501678886,-0.2853712507388826
pv,ESP,Spain,西班牙,DD,domestic,domestic,2010,2024,15,3,12,2018,6.947145431409379,7.354102135689244,-0.40695670427986474
pv,ESP,Spain,西班牙,DD,domestic,domestic,2010,2024,15,3,12,2019,6.816334721715559,7.355338368530371,-0.5390036468148125
pv,ESP,Spain,西班牙,DD,domestic,domestic,2010,2024,15,3,12,2020,6.799149638678476,7.4274306780468855,-0.6282810393684093
pv,ESP,Spain,西班牙,DD,domestic,domestic,2010,2024,15,3,12,2021,6.831662504484852,7.076237392737614,-0.24457488825276208
pv,ESP,Spain,西班牙,DD,domestic,domestic,2010,2024,15,3,12,2022,6.716870279515455,6.778323959409774,-0.061453679894318824
pv,ESP,Spain,西班牙,DD,domestic,domestic,2010,2024,15,3,12,2023,6.532030185598481,6.513091989503708,0.01893819609477365
pv,ESP,Spain,西班牙,DD,domestic,domestic,2010,2024,15,3,12,2024,6.711891772002154,6.061941419993206,0.6499503520089487
pv,ESP,Spain,西班牙,DG,domestic,global,2010,2024,15,3,12,2010,8.624054765464697,8.60987291697441,0.014181848490286697
pv,ESP,Spain,西班牙,DG,domestic,global,2010,2024,15,3,12,2011,8.265302059349771,8.201262477604091,0.06403958174568025
pv,ESP,Spain,西班牙,DG,domestic,global,2010,2024,15,3,12,2012,8.071365233582279,7.9619886641330915,0.1093765694491875
pv,ESP,Spain,西班牙,DG,domestic,global,2010,2024,15,3,12,2013,7.919668631708989,7.852209801788885,0.06745882992010355
pv,ESP,Spain,西班牙,DG,domestic,global,2010,2024,15,3,12,2014,7.922366112468601,7.706696452045126,0.21566966042347513
pv,ESP,Spain,西班牙,DG,domestic,global,2010,2024,15,3,12,2015,7.260384486590734,7.589323706735915,-0.3289392201451813
pv,ESP,Spain,西班牙,DG,domestic,global,2010,2024,15,3,12,2016,7.166467548048035,7.356371905247013,-0.18990435719897736
pv,ESP,Spain,西班牙,DG,domestic,global,2010,2024,15,3,12,2017,7.062807250940003,7.063543234593888,-0.0007359836538851638
pv,ESP,Spain,西班牙,DG,domestic,global,2010,2024,15,3,12,2018,6.947145431409379,6.686090588970318,0.2610548424390613
pv,ESP,Spain,西班牙,DG,domestic,global,2010,2024,15,3,12,2019,6.816334721715559,7.03394422135403,-0.21760949963847143
pv,ESP,Spain,西班牙,DG,domestic,global,2010,2024,15,3,12,2020,6.799149638678476,6.879449821869101,-0.08030018319062471
pv,ESP,Spain,西班牙,DG,domestic,global,2010,2024,15,3,12,2021,6.831662504484852,6.817232563532617,0.014429940952235043
pv,ESP,Spain,西班牙,DG,domestic,global,2010,2024,15,3,12,2022,6.716870279515455,6.837217372556165,-0.12034709304071001
pv,ESP,Spain,西班牙,DG,domestic,global,2010,2024,15,3,12,2023,6.532030185598481,6.525037654003222,0.006992531595258811
pv,ESP,Spain,西班牙,DG,domestic,global,2010,2024,15,3,12,2024,6.711891772002154,6.5272592401489495,0.18463253185320472
pv,ESP,Spain,西班牙,GG,global,global,2010,2024,15,3,12,2010,8.624054765464697,8.670002182312725,-0.045947416848028055
pv,ESP,Spain,西班牙,GG,global,global,2010,2024,15,3,12,2011,8.265302059349771,8.308377694209678,-0.04307563485990684
pv,ESP,Spain,西班牙,GG,global,global,2010,2024,15,3,12,2012,8.071365233582279,8.076079053537711,-0.004713819955432186
pv,ESP,Spain,西班牙,GG,global,global,2010,2024,15,3,12,2013,7.919668631708989,7.813780087327767,0.10588854438122208
pv,ESP,Spain,西班牙,GG,global,global,2010,2024,15,3,12,2014,7.922366112468601,7.614888276122841,0.3074778363457602
pv,ESP,Spain,西班牙,GG,global,global,2010,2024,15,3,12,2015,7.260384486590734,7.412193945754153,-0.15180945916341848
pv,ESP,Spain,西班牙,GG,global,global,2010,2024,15,3,12,2016,7.166467548048035,7.226476143805898,-0.06000859575786244
pv,ESP,Spain,西班牙,GG,global,global,2010,2024,15,3,12,2017,7.062807250940003,7.0703947145682315,-0.007587463628228264
pv,ESP,Spain,西班牙,GG,global,global,2010,2024,15,3,12,2018,6.947145431409379,7.022246847322448,-0.07510141591306851
pv,ESP,Spain,西班牙,GG,global,global,2010,2024,15,3,12,2019,6.816334721715559,6.891230410750101,-0.07489568903454202
pv,ESP,Spain,西班牙,GG,global,global,2010,2024,15,3,12,2020,6.799149638678476,6.8087691927786445,-0.009619554100168237
pv,ESP,Spain,西班牙,GG,global,global,2010,2024,15,3,12,2021,6.831662504484852,6.767655361569442,0.06400714291540943
pv,ESP,Spain,西班牙,GG,global,global,2010,2024,15,3,12,2022,6.716870279515455,6.775559775121828,-0.05868949560637304
pv,ESP,Spain,西班牙,GG,global,global,2010,2024,15,3,12,2023,6.532030185598481,6.706683917179509,-0.17465373158102793
pv,ESP,Spain,西班牙,GG,global,global,2010,2024,15,3,12,2024,6.711891772002154,6.483163019195677,0.22872875280647698
pv,FRA,France,法国,G0,global,none,2010,2024,15,2,13,2010,8.78180989020565,8.840177280769126,-0.058367390563475396
pv,FRA,France,法国,G0,global,none,2010,2024,15,2,13,2011,8.802415029074561,8.507893787832774,0.294521241241787
pv,FRA,France,法国,G0,global,none,2010,2024,15,2,13,2012,8.681076306322499,8.300789006367879,0.3802872999546203
pv,FRA,France,法国,G0,global,none,2010,2024,15,2,13,2013,8.259671167936926,8.122399088520467,0.13727207941645858
pv,FRA,France,法国,G0,global,none,2010,2024,15,2,13,2014,7.944972489299603,7.9740400197619365,-0.029067530462333124
pv,FRA,France,法国,G0,global,none,2010,2024,15,2,13,2015,7.52675628729351,7.8314330021501455,-0.30467671485663583
pv,FRA,France,法国,G0,global,none,2010,2024,15,2,13,2016,7.360001024495093,7.665991604443732,-0.30599057994863976
pv,FRA,France,法国,G0,global,none,2010,2024,15,2,13,2017,7.2973413315525,7.49971683140688,-0.2023754998543792
pv,FRA,France,法国,G0,global,none,2010,2024,15,2,13,2018,7.153743002812295,7.36664429958949,-0.21290129677719527
pv,FRA,France,法国,G0,global,none,2010,2024,15,2,13,2019,7.06127223260407,7.2508361163659565,-0.1895638837618865
pv,FRA,France,法国,G0,global,none,2010,2024,15,2,13,2020,7.014749702638921,7.130857768533456,-0.11610806589453482
pv,FRA,France,法国,G0,global,none,2010,2024,15,2,13,2021,6.822225446831223,7.021550850363464,-0.19932540353224049
pv,FRA,France,法国,G0,global,none,2010,2024,15,2,13,2022,7.113437505351981,6.903305460668425,0.21013204468355617
pv,FRA,France,法国,G0,global,none,2010,2024,15,2,13,2023,6.885089167631093,6.729996172334903,0.15509299529619014
pv,FRA,France,法国,G0,global,none,2010,2024,15,2,13,2024,7.006657197346664,6.565586492288003,0.4410707050586611
pv,FRA,France,法国,D0,domestic,none,2010,2024,15,2,13,2010,8.78180989020565,9.156509876015672,-0.37469998581002173
pv,FRA,France,法国,D0,domestic,none,2010,2024,15,2,13,2011,8.802415029074561,8.320746368530504,0.48166866054405766
pv,FRA,France,法国,D0,domestic,none,2010,2024,15,2,13,2012,8.681076306322499,8.03149929026121,0.6495770160612881
pv,FRA,France,法国,D0,domestic,none,2010,2024,15,2,13,2013,8.259671167936926,7.886714919053917,0.3729562488830087
pv,FRA,France,法国,D0,domestic,none,2010,2024,15,2,13,2014,7.944972489299603,7.785477122683708,0.15949536661589558
pv,FRA,France,法国,D0,domestic,none,2010,2024,15,2,13,2015,7.52675628729351,7.665165769889529,-0.13840948259601937
pv,FRA,France,法国,D0,domestic,none,2010,2024,15,2,13,2016,7.360001024495093,7.608989935228909,-0.24898891073381613
pv,FRA,France,法国,D0,domestic,none,2010,2024,15,2,13,2017,7.2973413315525,7.587071359188384,-0.2897300276358834
pv,FRA,France,法国,D0,domestic,none,2010,2024,15,2,13,2018,7.153743002812295,7.4722425343626,-0.3184995315503052
pv,FRA,France,法国,D0,domestic,none,2010,2024,15,2,13,2019,7.06127223260407,7.383074764044585,-0.3218025314405146
pv,FRA,France,法国,D0,domestic,none,2010,2024,15,2,13,2020,7.014749702638921,7.293749780069504,-0.27900007743058275
pv,FRA,France,法国,D0,domestic,none,2010,2024,15,2,13,2021,6.822225446831223,7.10302728568505,-0.2808018388538267
pv,FRA,France,法国,D0,domestic,none,2010,2024,15,2,13,2022,7.113437505351981,6.966533328663473,0.14690417668850753
pv,FRA,France,法国,D0,domestic,none,2010,2024,15,2,13,2023,6.885089167631093,6.820194133547208,0.06489503408388497
pv,FRA,France,法国,D0,domestic,none,2010,2024,15,2,13,2024,7.006657197346664,6.630221314172374,0.37643588317429
pv,FRA,France,法国,GD,global,domestic,2010,2024,15,3,12,2010,8.78180989020565,9.092355498241329,-0.3105456080356781
pv,FRA,France,法国,GD,global,domestic,2010,2024,15,3,12,2011,8.802415029074561,8.538983897943318,0.2634311311312434
pv,FRA,France,法国,GD,global,domestic,2010,2024,15,3,12,2012,8.681076306322499,8.300318476386675,0.3807578299358241
pv,FRA,France,法国,GD,global,domestic,2010,2024,15,3,12,2013,8.259671167936926,8.109594582167341,0.15007658576958427
pv,FRA,France,法国,GD,global,domestic,2010,2024,15,3,12,2014,7.944972489299603,7.947957428227051,-0.0029849389274474447
pv,FRA,France,法国,GD,global,domestic,2010,2024,15,3,12,2015,7.52675628729351,7.782222552439428,-0.25546626514591875
pv,FRA,France,法国,GD,global,domestic,2010,2024,15,3,12,2016,7.360001024495093,7.587066927419044,-0.22706590292395123
pv,FRA,France,法国,GD,global,domestic,2010,2024,15,3,12,2017,7.2973413315525,7.415111914534997,-0.11777058298249621
pv,FRA,France,法国,GD,global,domestic,2010,2024,15,3,12,2018,7.153743002812295,7.181430103704414,-0.0276871008921189
pv,FRA,France,法国,GD,global,domestic,2010,2024,15,3,12,2019,7.06127223260407,7.0481388037560295,0.013133428848040474
pv,FRA,France,法国,GD,global,domestic,2010,2024,15,3,12,2020,7.014749702638921,6.902741020138494,0.11200868250042717
pv,FRA,France,法国,GD,global,domestic,2010,2024,15,3,12,2021,6.822225446831223,6.974461047466529,-0.15223560063530606
pv,FRA,France,法国,GD,global,domestic,2010,2024,15,3,12,2022,7.113437505351981,7.084263687780155,0.029173817571826355
pv,FRA,France,法国,GD,global,domestic,2010,2024,15,3,12,2023,6.885089167631093,6.901784363727014,-0.016695196095921183
pv,FRA,France,法国,GD,global,domestic,2010,2024,15,3,12,2024,7.006657197346664,6.844787477464827,0.16186971988183707
pv,FRA,France,法国,DD,domestic,domestic,2010,2024,15,3,12,2010,8.78180989020565,9.073470547294994,-0.2916606570893432
pv,FRA,France,法国,DD,domestic,domestic,2010,2024,15,3,12,2011,8.802415029074561,8.335473247081179,0.4669417819933823
pv,FRA,France,法国,DD,domestic,domestic,2010,2024,15,3,12,2012,8.681076306322499,8.061776489055646,0.6192998172668531
pv,FRA,France,法国,DD,domestic,domestic,2010,2024,15,3,12,2013,8.259671167936926,7.915515974232078,0.3441551937048475
pv,FRA,France,法国,DD,domestic,domestic,2010,2024,15,3,12,2014,7.944972489299603,7.811289408086166,0.1336830812134373
pv,FRA,France,法国,DD,domestic,domestic,2010,2024,15,3,12,2015,7.52675628729351,7.692580003056719,-0.1658237157632092
pv,FRA,France,法国,DD,domestic,domestic,2010,2024,15,3,12,2016,7.360001024495093,7.62886998501975,-0.2688689605246575
pv,FRA,France,法国,DD,domestic,domestic,2010,2024,15,3,12,2017,7.2973413315525,7.5912033883823975,-0.2938620568298971
pv,FRA,France,法国,DD,domestic,domestic,2010,2024,15,3,12,2018,7.153743002812295,7.491519387226015,-0.33777638441372027
pv,FRA,France,法国,DD,domestic,domestic,2010,2024,15,3,12,2019,7.06127223260407,7.402422217866443,-0.3411499852623727
pv,FRA,France,法国,DD,domestic,domestic,2010,2024,15,3,12,2020,7.014749702638921,7.314042642299533,-0.2992929396606119
pv,FRA,France,法国,DD,domestic,domestic,2010,2024,15,3,12,2021,6.822225446831223,7.102650387448838,-0.2804249406176149
pv,FRA,France,法国,DD,domestic,domestic,2010,2024,15,3,12,2022,7.113437505351981,6.930083900070707,0.1833536052812743
pv,FRA,France,法国,DD,domestic,domestic,2010,2024,15,3,12,2023,6.885089167631093,6.782508244417238,0.10258092321385437
pv,FRA,France,法国,DD,domestic,domestic,2010,2024,15,3,12,2024,7.006657197346664,6.577811959858682,0.4288452374879821
pv,FRA,France,法国,DG,domestic,global,2010,2024,15,3,12,2010,8.78180989020565,8.981098508430502,-0.1992886182248519
pv,FRA,France,法国,DG,domestic,global,2010,2024,15,3,12,2011,8.802415029074561,8.3338657184615,0.4685493106130618
pv,FRA,France,法国,DG,domestic,global,2010,2024,15,3,12,2012,8.681076306322499,8.086749271090428,0.5943270352320713
pv,FRA,France,法国,DG,domestic,global,2010,2024,15,3,12,2013,8.259671167936926,7.965914507373517,0.29375666056340854
pv,FRA,France,法国,DG,domestic,global,2010,2024,15,3,12,2014,7.944972489299603,7.871106106228741,0.0738663830708628
pv,FRA,France,法国,DG,domestic,global,2010,2024,15,3,12,2015,7.52675628729351,7.76891991638128,-0.24216362908777
pv,FRA,France,法国,DG,domestic,global,2010,2024,15,3,12,2016,7.360001024495093,7.687646285389588,-0.32764526089449575
pv,FRA,France,法国,DG,domestic,global,2010,2024,15,3,12,2017,7.2973413315525,7.617706690498669,-0.3203653589461686
pv,FRA,France,法国,DG,domestic,global,2010,2024,15,3,12,2018,7.153743002812295,7.469082532116129,-0.31533952930383435
pv,FRA,France,法国,DG,domestic,global,2010,2024,15,3,12,2019,7.06127223260407,7.379479028691241,-0.3182067960871713
pv,FRA,France,法国,DG,domestic,global,2010,2024,15,3,12,2020,7.014749702638921,7.2691907139324945,-0.2544410112935731
pv,FRA,France,法国,DG,domestic,global,2010,2024,15,3,12,2021,6.822225446831223,7.083697654492026,-0.2614722076608027
pv,FRA,France,法国,DG,domestic,global,2010,2024,15,3,12,2022,7.113437505351981,6.910222224008676,0.20321528134330524
pv,FRA,France,法国,DG,domestic,global,2010,2024,15,3,12,2023,6.885089167631093,6.721046243121655,0.16404292450943814
pv,FRA,France,法国,DG,domestic,global,2010,2024,15,3,12,2024,7.006657197346664,6.565492381180416,0.44116481616624803
pv,FRA,France,法国,GG,global,global,2010,2024,15,3,12,2010,8.78180989020565,9.09320406070626,-0.31139417050060914
pv,FRA,France,法国,GG,global,global,2010,2024,15,3,12,2011,8.802415029074561,8.689838186693525,0.11257684238103671
pv,FRA,France,法国,GG,global,global,2010,2024,15,3,12,2012,8.681076306322499,8.427616722247972,0.25345958407452684
pv,FRA,France,法国,GG,global,global,2010,2024,15,3,12,2013,8.259671167936926,8.104357159135432,0.15531400880149349
pv,FRA,France,法国,GG,global,global,2010,2024,15,3,12,2014,7.944972489299603,7.865655781896077,0.07931670740352637
pv,FRA,France,法国,GG,global,global,2010,2024,15,3,12,2015,7.52675628729351,7.618182868994447,-0.09142658170093743
pv,FRA,France,法国,GG,global,global,2010,2024,15,3,12,2016,7.360001024495093,7.408476533798694,-0.04847550930360178
pv,FRA,France,法国,GG,global,global,2010,2024,15,3,12,2017,7.2973413315525,7.2455779458555085,0.051763385696991904
pv,FRA,France,法国,GG,global,global,2010,2024,15,3,12,2018,7.153743002812295,7.235395359168468,-0.08165235635617307
pv,FRA,France,法国,GG,global,global,2010,2024,15,3,12,2019,7.06127223260407,7.087013030381099,-0.0257407977770292
pv,FRA,France,法国,GG,global,global,2010,2024,15,3,12,2020,7.014749702638921,7.016693120091883,-0.001943417452961782
pv,FRA,France,法国,GG,global,global,2010,2024,15,3,12,2021,6.822225446831223,7.0058792287166085,-0.1836537818853854
pv,FRA,France,法国,GG,global,global,2010,2024,15,3,12,2022,7.113437505351981,7.076188913437509,0.03724859191447205
pv,FRA,France,法国,GG,global,global,2010,2024,15,3,12,2023,6.885089167631093,7.053268076856504,-0.16817890922541157
pv,FRA,France,法国,GG,global,global,2010,2024,15,3,12,2024,7.006657197346664,6.783870793416918,0.2227864039297458
pv,IND,India,印度,G0,global,none,2010,2024,15,2,13,2010,8.702146710960637,8.633301663645721,0.06884504731491603
pv,IND,India,印度,G0,global,none,2010,2024,15,2,13,2011,8.217744237088093,8.263398997161511,-0.04565476007341829
pv,IND,India,印度,G0,global,none,2010,2024,15,2,13,2012,8.086838207821536,8.032847036158232,0.053991171663303916
pv,IND,India,印度,G0,global,none,2010,2024,15,2,13,2013,8.115754115959215,7.834260865949965,0.28149325000924996
pv,IND,India,印度,G0,global,none,2010,2024,15,2,13,2014,7.72812328178937,7.669105460106778,0.059017821682592064
pv,IND,India,印度,G0,global,none,2010,2024,15,2,13,2015,7.3445663117647735,7.510353318651269,-0.16578700688649572
pv,IND,India,印度,G0,global,none,2010,2024,15,2,13,2016,7.194621836926571,7.326181623519247,-0.13155978659267564
pv,IND,India,印度,G0,global,none,2010,2024,15,2,13,2017,7.191754211715143,7.141082203226437,0.050672008488705345
pv,IND,India,印度,G0,global,none,2010,2024,15,2,13,2018,6.849900846815524,6.992943985705996,-0.14304313889047204
pv,IND,India,印度,G0,global,none,2010,2024,15,2,13,2019,6.6016943170406694,6.8640246843090935,-0.26233036726842407
pv,IND,India,印度,G0,global,none,2010,2024,15,2,13,2020,6.552938055395479,6.730463096908444,-0.17752504151296566
pv,IND,India,印度,G0,global,none,2010,2024,15,2,13,2021,6.506813999862362,6.60878109537731,-0.10196709551494809
pv,IND,India,印度,G0,global,none,2010,2024,15,2,13,2022,6.521950916571065,6.477148661394086,0.04480225517697889
pv,IND,India,印度,G0,global,none,2010,2024,15,2,13,2023,6.590742001491029,6.284218319550923,0.3065236819401065
pv,IND,India,印度,G0,global,none,2010,2024,15,2,13,2024,6.263717107518741,6.101195147055222,0.1625219604635193
pv,IND,India,印度,D0,domestic,none,2010,2024,15,2,13,2010,8.702146710960637,9.03612120087632,-0.3339744899156827
pv,IND,India,印度,D0,domestic,none,2010,2024,15,2,13,2011,8.217744237088093,8.148182604868863,0.06956163221923006
pv,IND,India,印度,D0,domestic,none,2010,2024,15,2,13,2012,8.086838207821536,7.969271397843539,0.11756680997799673
pv,IND,India,印度,D0,domestic,none,2010,2024,15,2,13,2013,8.115754115959215,7.853943820145461,0.2618102958137536
pv,IND,India,印度,D0,domestic,none,2010,2024,15,2,13,2014,7.72812328178937,7.538547855487556,0.1895754263018139
pv,IND,India,印度,D0,domestic,none,2010,2024,15,2,13,2015,7.3445663117647735,7.385059811901979,-0.040493500137205096
pv,IND,India,印度,D0,domestic,none,2010,2024,15,2,13,2016,7.194621836926571,7.182740759840303,0.011881077086268732
pv,IND,India,印度,D0,domestic,none,2010,2024,15,2,13,2017,7.191754211715143,6.972519562202919,0.2192346495122237
pv,IND,India,印度,D0,domestic,none,2010,2024,15,2,13,2018,6.849900846815524,6.833127486121219,0.01677336069430524
pv,IND,India,印度,D0,domestic,none,2010,2024,15,2,13,2019,6.6016943170406694,6.747637008928359,-0.14594269188768916
pv,IND,India,印度,D0,domestic,none,2010,2024,15,2,13,2020,6.552938055395479,6.70962803408312,-0.15668997868764123
pv,IND,India,印度,D0,domestic,none,2010,2024,15,2,13,2021,6.506813999862362,6.631302217611543,-0.12448821774918084
pv,IND,India,印度,D0,domestic,none,2010,2024,15,2,13,2022,6.521950916571065,6.551390887638598,-0.029439971067533044
pv,IND,India,印度,D0,domestic,none,2010,2024,15,2,13,2023,6.590742001491029,6.50336272348475,0.08737927800627876
pv,IND,India,印度,D0,domestic,none,2010,2024,15,2,13,2024,6.263717107518741,6.406470787685683,-0.14275368016694134
pv,IND,India,印度,GD,global,domestic,2010,2024,15,3,12,2010,8.702146710960637,8.687757941826609,0.014388769134027868
pv,IND,India,印度,GD,global,domestic,2010,2024,15,3,12,2011,8.217744237088093,8.339563048453401,-0.12181881136530848
pv,IND,India,印度,GD,global,domestic,2010,2024,15,3,12,2012,8.086838207821536,8.12254105117632,-0.03570284335478391
pv,IND,India,印度,GD,global,domestic,2010,2024,15,3,12,2013,8.115754115959215,7.816542079446169,0.29921203651304573
pv,IND,India,印度,GD,global,domestic,2010,2024,15,3,12,2014,7.72812328178937,7.57239092010965,0.1557323616797195
pv,IND,India,印度,GD,global,domestic,2010,2024,15,3,12,2015,7.3445663117647735,7.416459736982265,-0.07189342521749165
pv,IND,India,印度,GD,global,domestic,2010,2024,15,3,12,2016,7.194621836926571,7.252859892397357,-0.05823805547078553
pv,IND,India,印度,GD,global,domestic,2010,2024,15,3,12,2017,7.191754211715143,7.088232026465695,0.10352218524944767
pv,IND,India,印度,GD,global,domestic,2010,2024,15,3,12,2018,6.849900846815524,6.958230015015538,-0.10832916820001337
pv,IND,India,印度,GD,global,domestic,2010,2024,15,3,12,2019,6.6016943170406694,6.846140929931344,-0.24444661289067415
pv,IND,India,印度,GD,global,domestic,2010,2024,15,3,12,2020,6.552938055395479,6.729491798752376,-0.1765537433568971
pv,IND,India,印度,GD,global,domestic,2010,2024,15,3,12,2021,6.506813999862362,6.623822732588235,-0.11700873272587309
pv,IND,India,印度,GD,global,domestic,2010,2024,15,3,12,2022,6.521950916571065,6.508572660104745,0.013378256466319627
pv,IND,India,印度,GD,global,domestic,2010,2024,15,3,12,2023,6.590742001491029,6.335395456420479,0.2553465450705499
pv,IND,India,印度,GD,global,domestic,2010,2024,15,3,12,2024,6.263717107518741,6.171305869050109,0.09241123846863264
pv,IND,India,印度,DD,domestic,domestic,2010,2024,15,3,12,2010,8.702146710960637,9.028185809013324,-0.3260390980526875
pv,IND,India,印度,DD,domestic,domestic,2010,2024,15,3,12,2011,8.217744237088093,8.101567956672701,0.11617628041539163
pv,IND,India,印度,DD,domestic,domestic,2010,2024,15,3,12,2012,8.086838207821536,7.914863246280677,0.171974961540859
pv,IND,India,印度,DD,domestic,domestic,2010,2024,15,3,12,2013,8.115754115959215,7.869883753573134,0.2458703623860803
pv,IND,India,印度,DD,domestic,domestic,2010,2024,15,3,12,2014,7.72812328178937,7.596890238321196,0.13123304346817388
pv,IND,India,印度,DD,domestic,domestic,2010,2024,15,3,12,2015,7.3445663117647735,7.4408278854081695,-0.09626157364339605
pv,IND,India,印度,DD,domestic,domestic,2010,2024,15,3,12,2016,7.194621836926571,7.223515027258589,-0.02889319033201776
pv,IND,India,印度,DD,domestic,domestic,2010,2024,15,3,12,2017,7.191754211715143,6.998053753865804,0.19370045784933865
pv,IND,India,印度,DD,domestic,domestic,2010,2024,15,3,12,2018,6.849900846815524,6.846612227108519,0.0032886197070052248
pv,IND,India,印度,DD,domestic,domestic,2010,2024,15,3,12,2019,6.6016943170406694,6.75153304984251,-0.14983873280184046
pv,IND,India,印度,DD,domestic,domestic,2010,2024,15,3,12,2020,6.552938055395479,6.706124100236224,-0.15318604484074516
pv,IND,India,印度,DD,domestic,domestic,2010,2024,15,3,12,2021,6.506813999862362,6.618770179930998,-0.11195618006863572
pv,IND,India,印度,DD,domestic,domestic,2010,2024,15,3,12,2022,6.521950916571065,6.529897473129547,-0.00794655655848242
pv,IND,India,印度,DD,domestic,domestic,2010,2024,15,3,12,2023,6.590742001491029,6.474440163556363,0.11630183793466653
pv,IND,India,印度,DD,domestic,domestic,2010,2024,15,3,12,2024,6.263717107518741,6.368141294522478,-0.10442418700373679
pv,IND,India,印度,DG,domestic,global,2010,2024,15,3,12,2010,8.702146710960637,8.932666473433262,-0.23051976247262473
pv,IND,India,印度,DG,domestic,global,2010,2024,15,3,12,2011,8.217744237088093,8.15540593650433,0.062338300583762773
pv,IND,India,印度,DG,domestic,global,2010,2024,15,3,12,2012,8.086838207821536,7.972150718081281,0.11468748974025544
pv,IND,India,印度,DG,domestic,global,2010,2024,15,3,12,2013,8.115754115959215,7.8619103274727875,0.2538437884864271
pv,IND,India,印度,DG,domestic,global,2010,2024,15,3,12,2014,7.72812328178937,7.5896576525394215,0.1384656292499482
pv,IND,India,印度,DG,domestic,global,2010,2024,15,3,12,2015,7.3445663117647735,7.450672096897654,-0.10610578513288083
pv,IND,India,印度,DG,domestic,global,2010,2024,15,3,12,2016,7.194621836926571,7.256845478112027,-0.062223641185455314
pv,IND,India,印度,DG,domestic,global,2010,2024,15,3,12,2017,7.191754211715143,7.048377075047966,0.14337713666717633
pv,IND,India,印度,DG,domestic,global,2010,2024,15,3,12,2018,6.849900846815524,6.884097068899896,-0.0341962220843719
pv,IND,India,印度,DG,domestic,global,2010,2024,15,3,12,2019,6.6016943170406694,6.793555835741312,-0.19186151870064272
pv,IND,India,印度,DG,domestic,global,2010,2024,15,3,12,2020,6.552938055395479,6.725940113729482,-0.17300205833400373
pv,IND,India,印度,DG,domestic,global,2010,2024,15,3,12,2021,6.506813999862362,6.620328776742417,-0.11351477688005485
pv,IND,India,印度,DG,domestic,global,2010,2024,15,3,12,2022,6.521950916571065,6.495945681765203,0.026005234805861477
pv,IND,India,印度,DG,domestic,global,2010,2024,15,3,12,2023,6.590742001491029,6.390354281991299,0.2003877194997301
pv,IND,India,印度,DG,domestic,global,2010,2024,15,3,12,2024,6.263717107518741,6.291398641761765,-0.027681534243023442
pv,IND,India,印度,GG,global,global,2010,2024,15,3,12,2010,8.702146710960637,8.767412139751764,-0.06526542879112718
pv,IND,India,印度,GG,global,global,2010,2024,15,3,12,2011,8.217744237088093,8.359834046297822,-0.1420898092097289
pv,IND,India,印度,GG,global,global,2010,2024,15,3,12,2012,8.086838207821536,8.100068874749159,-0.013230666927622536
pv,IND,India,印度,GG,global,global,2010,2024,15,3,12,2013,8.115754115959215,7.824698195388724,0.291055920570491
pv,IND,India,印度,GG,global,global,2010,2024,15,3,12,2014,7.72812328178937,7.611659122821022,0.1164641589683475
pv,IND,India,印度,GG,global,global,2010,2024,15,3,12,2015,7.3445663117647735,7.397325453006719,-0.05275914124194525
pv,IND,India,印度,GG,global,global,2010,2024,15,3,12,2016,7.194621836926571,7.189692241892172,0.00492959503439927
pv,IND,India,印度,GG,global,global,2010,2024,15,3,12,2017,7.191754211715143,7.006382283530808,0.18537192818433468
pv,IND,India,印度,GG,global,global,2010,2024,15,3,12,2018,6.849900846815524,6.923378788327809,-0.0734779415122846
pv,IND,India,印度,GG,global,global,2010,2024,15,3,12,2019,6.6016943170406694,6.777194380955168,-0.17550006391449813
pv,IND,India,印度,GG,global,global,2010,2024,15,3,12,2020,6.552938055395479,6.669952998488038,-0.11701494309255978
pv,IND,India,印度,GG,global,global,2010,2024,15,3,12,2021,6.506813999862362,6.600474746772839,-0.09366074691047732
pv,IND,India,印度,GG,global,global,2010,2024,15,3,12,2022,6.521950916571065,6.568781184115498,-0.046830267544433646
pv,IND,India,印度,GG,global,global,2010,2024,15,3,12,2023,6.590742001491029,6.455560455896631,0.13518154559439832
pv,IND,India,印度,GG,global,global,2010,2024,15,3,12,2024,6.263717107518741,6.216891246725568,0.04682586079317286
pv,ITA,Italy,意大利,G0,global,none,2010,2024,15,2,13,2010,8.712574809413928,8.600584973828859,0.11198983558506903
pv,ITA,Italy,意大利,G0,global,none,2010,2024,15,2,13,2011,8.654007455277643,8.27332547291751,0.38068198236013373
pv,ITA,Italy,意大利,G0,global,none,2010,2024,15,2,13,2012,8.02127883908276,8.06935203198724,-0.04807319290448042
pv,ITA,Italy,意大利,G0,global,none,2010,2024,15,2,13,2013,7.793261615770672,7.893659297549954,-0.10039768177928199
pv,ITA,Italy,意大利,G0,global,none,2010,2024,15,2,13,2014,7.714820044872638,7.747543357908951,-0.03272331303631315
pv,ITA,Italy,意大利,G0,global,none,2010,2024,15,2,13,2015,7.539124195496667,7.607092500727699,-0.06796830523103203
pv,ITA,Italy,意大利,G0,global,none,2010,2024,15,2,13,2016,7.325837612979232,7.444152510043756,-0.1183148970645247
pv,ITA,Italy,意大利,G0,global,none,2010,2024,15,2,13,2017,7.054370937648804,7.280391744327321,-0.22602080667851698
pv,ITA,Italy,意大利,G0,global,none,2010,2024,15,2,13,2018,6.943552785892716,7.149331215371372,-0.20577842947865665
pv,ITA,Italy,意大利,G0,global,none,2010,2024,15,2,13,2019,6.896346097416841,7.035274005040905,-0.1389279076240637
pv,ITA,Italy,意大利,G0,global,none,2010,2024,15,2,13,2020,6.823077998187712,6.917109681303785,-0.09403168311607324
pv,ITA,Italy,意大利,G0,global,none,2010,2024,15,2,13,2021,6.792908744053099,6.80945543952861,-0.01654669547551091
pv,ITA,Italy,意大利,G0,global,none,2010,2024,15,2,13,2022,6.707458256809958,6.692997872302786,0.014460384507172463
pv,ITA,Italy,意大利,G0,global,none,2010,2024,15,2,13,2023,6.734546207295405,6.52230895031594,0.21223725697946438
pv,ITA,Italy,意大利,G0,global,none,2010,2024,15,2,13,2024,6.689798531094353,6.3603850781377655,0.3294134529565875
pv,ITA,Italy,意大利,D0,domestic,none,2010,2024,15,2,13,2010,8.712574809413928,9.139123491479326,-0.4265486820653983
pv,ITA,Italy,意大利,D0,domestic,none,2010,2024,15,2,13,2011,8.654007455277643,7.733206928860611,0.9208005264170325
pv,ITA,Italy,意大利,D0,domestic,none,2010,2024,15,2,13,2012,8.02127883908276,7.466155506868825,0.5551233322139346
pv,ITA,Italy,意大利,D0,domestic,none,2010,2024,15,2,13,2013,7.793261615770672,7.379755283684107,0.4135063320865653
pv,ITA,Italy,意大利,D0,domestic,none,2010,2024,15,2,13,2014,7.714820044872638,7.355287309308272,0.3595327355643656
pv,ITA,Italy,意大利,D0,domestic,none,2010,2024,15,2,13,2015,7.539124195496667,7.337624602201544,0.20149959329512335
pv,ITA,Italy,意大利,D0,domestic,none,2010,2024,15,2,13,2016,7.325837612979232,7.316069420157556,0.00976819282167618
pv,ITA,Italy,意大利,D0,domestic,none,2010,2024,15,2,13,2017,7.054370937648804,7.294132448438363,-0.23976151078955876
pv,ITA,Italy,意大利,D0,domestic,none,2010,2024,15,2,13,2018,6.943552785892716,7.27131211748645,-0.32775933159373416
pv,ITA,Italy,意大利,D0,domestic,none,2010,2024,15,2,13,2019,6.896346097416841,7.233169824681099,-0.3368237272642576
pv,ITA,Italy,意大利,D0,domestic,none,2010,2024,15,2,13,2020,6.823077998187712,7.19503431777505,-0.37195631958733877
pv,ITA,Italy,意大利,D0,domestic,none,2010,2024,15,2,13,2021,6.792908744053099,7.148692089259203,-0.35578334520610433
pv,ITA,Italy,意大利,D0,domestic,none,2010,2024,15,2,13,2022,6.707458256809958,7.042689448018523,-0.3352311912085648
pv,ITA,Italy,意大利,D0,domestic,none,2010,2024,15,2,13,2023,6.734546207295405,6.848104518962608,-0.11355831166720343
pv,ITA,Italy,意大利,D0,domestic,none,2010,2024,15,2,13,2024,6.689798531094353,6.642606824110864,0.04719170698348929
pv,ITA,Italy,意大利,GD,global,domestic,2010,2024,15,3,12,2010,8.712574809413928,8.858550705588524,-0.14597589617459583
pv,ITA,Italy,意大利,GD,global,domestic,2010,2024,15,3,12,2011,8.654007455277643,8.284366452170055,0.3696410031075885
pv,ITA,Italy,意大利,GD,global,domestic,2010,2024,15,3,12,2012,8.02127883908276,7.966989238166313,0.05428960091644619
pv,ITA,Italy,意大利,GD,global,domestic,2010,2024,15,3,12,2013,7.793261615770672,7.792391644794327,0.0008699709763453356
pv,ITA,Italy,意大利,GD,global,domestic,2010,2024,15,3,12,2014,7.714820044872638,7.693664404183769,0.021155640688868438
pv,ITA,Italy,意大利,GD,global,domestic,2010,2024,15,3,12,2015,7.539124195496667,7.564819412159009,-0.02569521666234209
pv,ITA,Italy,意大利,GD,global,domestic,2010,2024,15,3,12,2016,7.325837612979232,7.368130710531054,-0.042293097551822534
pv,ITA,Italy,意大利,GD,global,domestic,2010,2024,15,3,12,2017,7.054370937648804,7.2173309127789995,-0.1629599751301951
pv,ITA,Italy,意大利,GD,global,domestic,2010,2024,15,3,12,2018,6.943552785892716,7.09931440382355,-0.15576161793083454
pv,ITA,Italy,意大利,GD,global,domestic,2010,2024,15,3,12,2019,6.896346097416841,7.007183876664824,-0.11083777924798266
pv,ITA,Italy,意大利,GD,global,domestic,2010,2024,15,3,12,2020,6.823077998187712,6.91246219390999,-0.08938419572227829
pv,ITA,Italy,意大利,GD,global,domestic,2010,2024,15,3,12,2021,6.792908744053099,6.866168318666497,-0.07325957461339794
pv,ITA,Italy,意大利,GD,global,domestic,2010,2024,15,3,12,2022,6.707458256809958,6.780615253357999,-0.07315699654804053
pv,ITA,Italy,意大利,GD,global,domestic,2010,2024,15,3,12,2023,6.734546207295405,6.555857066328452,0.1786891409669531
pv,ITA,Italy,意大利,GD,global,domestic,2010,2024,15,3,12,2024,6.689798531094353,6.435119538168936,0.25467899292541674
pv,ITA,Italy,意大利,DD,domestic,domestic,2010,2024,15,3,12,2010,8.712574809413928,8.683534093786575,0.02904071562735311
pv,ITA,Italy,意大利,DD,domestic,domestic,2010,2024,15,3,12,2011,8.654007455277643,8.06987080038246,0.5841366548951825
pv,ITA,Italy,意大利,DD,domestic,domestic,2010,2024,15,3,12,2012,8.02127883908276,7.974782568206697,0.04649627087606234
pv,ITA,Italy,意大利,DD,domestic,domestic,2010,2024,15,3,12,2013,7.793261615770672,7.824960288496849,-0.031698672726177435
pv,ITA,Italy,意大利,DD,domestic,domestic,2010,2024,15,3,12,2014,7.714820044872638,7.656834127926608,0.057985916946029725
pv,ITA,Italy,意大利,DD,domestic,domestic,2010,2024,15,3,12,2015,7.539124195496667,7.550195332166581,-0.011071136669913884
pv,ITA,Italy,意大利,DD,domestic,domestic,2010,2024,15,3,12,2016,7.325837612979232,7.497659023291099,-0.1718214103118676
pv,ITA,Italy,意大利,DD,domestic,domestic,2010,2024,15,3,12,2017,7.054370937648804,7.373421016217506,-0.3190500785687016
pv,ITA,Italy,意大利,DD,domestic,domestic,2010,2024,15,3,12,2018,6.943552785892716,7.266914579627647,-0.32336179373493135
pv,ITA,Italy,意大利,DD,domestic,domestic,2010,2024,15,3,12,2019,6.896346097416841,7.147674161271257,-0.251328063854416
pv,ITA,Italy,意大利,DD,domestic,domestic,2010,2024,15,3,12,2020,6.823077998187712,7.023826136551141,-0.20074813836342909
pv,ITA,Italy,意大利,DD,domestic,domestic,2010,2024,15,3,12,2021,6.792908744053099,6.843525545709005,-0.050616801655905874
pv,ITA,Italy,意大利,DD,domestic,domestic,2010,2024,15,3,12,2022,6.707458256809958,6.67041496093808,0.037043295871877824
pv,ITA,Italy,意大利,DD,domestic,domestic,2010,2024,15,3,12,2023,6.734546207295405,6.545310440254534,0.18923576704087086
pv,ITA,Italy,意大利,DD,domestic,domestic,2010,2024,15,3,12,2024,6.689798531094353,6.2740410564666735,0.41575747462767954
pv,ITA,Italy,意大利,DG,domestic,global,2010,2024,15,3,12,2010,8.712574809413928,8.701808080777298,0.010766728636630418
pv,ITA,Italy,意大利,DG,domestic,global,2010,2024,15,3,12,2011,8.654007455277643,8.038315679288159,0.6156917759894842
pv,ITA,Italy,意大利,DG,domestic,global,2010,2024,15,3,12,2012,8.02127883908276,7.83284988984386,0.18842894923889908
pv,ITA,Italy,意大利,DG,domestic,global,2010,2024,15,3,12,2013,7.793261615770672,7.751784293509429,0.04147732226124301
pv,ITA,Italy,意大利,DG,domestic,global,2010,2024,15,3,12,2014,7.714820044872638,7.6852441349866245,0.029575909886013108
pv,ITA,Italy,意大利,DG,domestic,global,2010,2024,15,3,12,2015,7.539124195496667,7.632138702161148,-0.09301450666448119
pv,ITA,Italy,意大利,DG,domestic,global,2010,2024,15,3,12,2016,7.325837612979232,7.531939746357226,-0.20610213337799443
pv,ITA,Italy,意大利,DG,domestic,global,2010,2024,15,3,12,2017,7.054370937648804,7.407497610315206,-0.3531266726664013
pv,ITA,Italy,意大利,DG,domestic,global,2010,2024,15,3,12,2018,6.943552785892716,7.246773275051809,-0.3032204891590933
pv,ITA,Italy,意大利,DG,domestic,global,2010,2024,15,3,12,2019,6.896346097416841,7.169747879555399,-0.27340178213855815
pv,ITA,Italy,意大利,DG,domestic,global,2010,2024,15,3,12,2020,6.823077998187712,7.049201173818811,-0.2261231756310993
pv,ITA,Italy,意大利,DG,domestic,global,2010,2024,15,3,12,2021,6.792908744053099,6.909207573667173,-0.1162988296140739
pv,ITA,Italy,意大利,DG,domestic,global,2010,2024,15,3,12,2022,6.707458256809958,6.698657504408739,0.00880075240121947
pv,ITA,Italy,意大利,DG,domestic,global,2010,2024,15,3,12,2023,6.734546207295405,6.439245648698097,0.2953005585973081
pv,ITA,Italy,意大利,DG,domestic,global,2010,2024,15,3,12,2024,6.689798531094353,6.308552938852363,0.3812455922419904
pv,ITA,Italy,意大利,GG,global,global,2010,2024,15,3,12,2010,8.712574809413928,8.789072497728494,-0.07649768831456605
pv,ITA,Italy,意大利,GG,global,global,2010,2024,15,3,12,2011,8.654007455277643,8.40886151869569,0.24514593658195238
pv,ITA,Italy,意大利,GG,global,global,2010,2024,15,3,12,2012,8.02127883908276,8.163829945091997,-0.14255110600923793
pv,ITA,Italy,意大利,GG,global,global,2010,2024,15,3,12,2013,7.793261615770672,7.880219302791221,-0.08695768702054885
pv,ITA,Italy,意大利,GG,global,global,2010,2024,15,3,12,2014,7.714820044872638,7.666804565634935,0.04801547923770233
pv,ITA,Italy,意大利,GG,global,global,2010,2024,15,3,12,2015,7.539124195496667,7.448235839073946,0.0908883564227212
pv,ITA,Italy,意大利,GG,global,global,2010,2024,15,3,12,2016,7.325837612979232,7.252321518696472,0.07351609428275996
pv,ITA,Italy,意大利,GG,global,global,2010,2024,15,3,12,2017,7.054370937648804,7.09107577834095,-0.036704840692145524
pv,ITA,Italy,意大利,GG,global,global,2010,2024,15,3,12,2018,6.943552785892716,7.051559794494189,-0.10800700860147305
pv,ITA,Italy,意大利,GG,global,global,2010,2024,15,3,12,2019,6.896346097416841,6.913237089254446,-0.016890991837605007
pv,ITA,Italy,意大利,GG,global,global,2010,2024,15,3,12,2020,6.823077998187712,6.832064881275137,-0.008986883087425568
pv,ITA,Italy,意大利,GG,global,global,2010,2024,15,3,12,2021,6.792908744053099,6.797781160780497,-0.004872416727398132
pv,ITA,Italy,意大利,GG,global,global,2010,2024,15,3,12,2022,6.707458256809958,6.821784137312973,-0.11432588050301451
pv,ITA,Italy,意大利,GG,global,global,2010,2024,15,3,12,2023,6.734546207295405,6.763124253916368,-0.028578046620963526
pv,ITA,Italy,意大利,GG,global,global,2010,2024,15,3,12,2024,6.689798531094353,6.522991848204443,0.16680668288991018
pv,JPN,Japan,日本,G0,global,none,2011,2024,14,2,12,2011,8.801511086644002,8.538329323160257,0.263181763483745
pv,JPN,Japan,日本,G0,global,none,2011,2024,14,2,12,2012,8.448142693387702,8.41524559569163,0.03289709769607185
pv,JPN,Japan,日本,G0,global,none,2011,2024,14,2,12,2013,8.290749356920925,8.309227299657248,-0.018477942736323527
pv,JPN,Japan,日本,G0,global,none,2011,2024,14,2,12,2014,8.203804626073271,8.221056533838066,-0.017251907764794794
pv,JPN,Japan,日本,G0,global,none,2011,2024,14,2,12,2015,7.880312348703021,8.136304249672099,-0.25599190096907787
pv,JPN,Japan,日本,G0,global,none,2011,2024,14,2,12,2016,7.9731146386699665,8.037981343927036,-0.06486670525706995
pv,JPN,Japan,日本,G0,global,none,2011,2024,14,2,12,2017,7.875613505105813,7.93916315776727,-0.0635496526614574
pv,JPN,Japan,日本,G0,global,none,2011,2024,14,2,12,2018,7.824942071119181,7.8600772809279285,-0.035135209808747625
pv,JPN,Japan,日本,G0,global,none,2011,2024,14,2,12,2019,7.81002171234527,7.791251719481689,0.018769992863580498
pv,JPN,Japan,日本,G0,global,none,2011,2024,14,2,12,2020,7.676049330697207,7.719947801907702,-0.04389847121049506
pv,JPN,Japan,日本,G0,global,none,2011,2024,14,2,12,2021,7.56181516648059,7.654985984844338,-0.09317081836374719
pv,JPN,Japan,日本,G0,global,none,2011,2024,14,2,12,2022,7.612204504790829,7.584711975636527,0.027492529154302225
pv,JPN,Japan,日本,G0,global,none,2011,2024,14,2,12,2023,7.5600999859061995,7.481713130983389,0.07838685492281083
pv,JPN,Japan,日本,G0,global,none,2011,2024,14,2,12,2024,7.555617752448869,7.384003381797676,0.17161437065119323
pv,JPN,Japan,日本,D0,domestic,none,2011,2024,14,2,12,2011,8.801511086644002,8.710459948235165,0.09105113840883661
pv,JPN,Japan,日本,D0,domestic,none,2011,2024,14,2,12,2012,8.448142693387702,8.595351743226628,-0.14720904983892602
pv,JPN,Japan,日本,D0,domestic,none,2011,2024,14,2,12,2013,8.290749356920925,8.319657844887395,-0.028908487966470275
pv,JPN,Japan,日本,D0,domestic,none,2011,2024,14,2,12,2014,8.203804626073271,8.112287674448556,0.0915169516247154
pv,JPN,Japan,日本,D0,domestic,none,2011,2024,14,2,12,2015,7.880312348703021,7.966151023625846,-0.08583867492282504
pv,JPN,Japan,日本,D0,domestic,none,2011,2024,14,2,12,2016,7.9731146386699665,7.886348409008761,0.08676622966120551
pv,JPN,Japan,日本,D0,domestic,none,2011,2024,14,2,12,2017,7.875613505105813,7.823636413071322,0.05197709203449108
pv,JPN,Japan,日本,D0,domestic,none,2011,2024,14,2,12,2018,7.824942071119181,7.775158524392628,0.04978354672655261
pv,JPN,Japan,日本,D0,domestic,none,2011,2024,14,2,12,2019,7.81002171234527,7.7298766958823695,0.08014501646290029
pv,JPN,Japan,日本,D0,domestic,none,2011,2024,14,2,12,2020,7.676049330697207,7.680483217352649,-0.0044338866554420875
pv,JPN,Japan,日本,D0,domestic,none,2011,2024,14,2,12,2021,7.56181516648059,7.64702068915249,-0.08520552267189974
pv,JPN,Japan,日本,D0,domestic,none,2011,2024,14,2,12,2022,7.612204504790829,7.624930546431781,-0.012726041640951813
pv,JPN,Japan,日本,D0,domestic,none,2011,2024,14,2,12,2023,7.5600999859061995,7.6068236766173465,-0.046723690711147015
pv,JPN,Japan,日本,D0,domestic,none,2011,2024,14,2,12,2024,7.555617752448869,7.595812372959902,-0.0401946205110324
pv,JPN,Japan,日本,GD,global,domestic,2011,2024,14,3,11,2011,8.801511086644002,8.773431067861175,0.028080018782826954
pv,JPN,Japan,日本,GD,global,domestic,2011,2024,14,3,11,2012,8.448142693387702,8.479774597119267,-0.0316319037315651
pv,JPN,Japan,日本,GD,global,domestic,2011,2024,14,3,11,2013,8.290749356920925,8.280657837264544,0.01009151965638111
pv,JPN,Japan,日本,GD,global,domestic,2011,2024,14,3,11,2014,8.203804626073271,8.142339378979734,0.061465247093536846
pv,JPN,Japan,日本,GD,global,domestic,2011,2024,14,3,11,2015,7.880312348703021,8.039196512102661,-0.15888416339964007
pv,JPN,Japan,日本,GD,global,domestic,2011,2024,14,3,11,2016,7.9731146386699665,7.9257715098740125,0.04734312879595404
pv,JPN,Japan,日本,GD,global,domestic,2011,2024,14,3,11,2017,7.875613505105813,7.836807162228856,0.03880634287695628
pv,JPN,Japan,日本,GD,global,domestic,2011,2024,14,3,11,2018,7.824942071119181,7.7794302859210855,0.04551178519809529
pv,JPN,Japan,日本,GD,global,domestic,2011,2024,14,3,11,2019,7.81002171234527,7.736692112623898,0.07332959972137143
pv,JPN,Japan,日本,GD,global,domestic,2011,2024,14,3,11,2020,7.676049330697207,7.696357762887789,-0.020308432190581982
pv,JPN,Japan,日本,GD,global,domestic,2011,2024,14,3,11,2021,7.56181516648059,7.670751320965834,-0.10893615448524319
pv,JPN,Japan,日本,GD,global,domestic,2011,2024,14,3,11,2022,7.612204504790829,7.649225052279686,-0.03702054748885697
pv,JPN,Japan,日本,GD,global,domestic,2011,2024,14,3,11,2023,7.5600999859061995,7.573548027370318,-0.01344804146411871
pv,JPN,Japan,日本,GD,global,domestic,2011,2024,14,3,11,2024,7.555617752448869,7.490016151814239,0.06560160063463005
pv,JPN,Japan,日本,DD,domestic,domestic,2011,2024,14,3,11,2011,8.801511086644002,8.679003449669697,0.122507636974305
pv,JPN,Japan,日本,DD,domestic,domestic,2011,2024,14,3,11,2012,8.448142693387702,8.585110797416627,-0.13696810402892545
pv,JPN,Japan,日本,DD,domestic,domestic,2011,2024,14,3,11,2013,8.290749356920925,8.330421021218742,-0.03967166429781699
pv,JPN,Japan,日本,DD,domestic,domestic,2011,2024,14,3,11,2014,8.203804626073271,8.135384464479092,0.06842016159417952
pv,JPN,Japan,日本,DD,domestic,domestic,2011,2024,14,3,11,2015,7.880312348703021,7.993780146814114,-0.11346779811109275
pv,JPN,Japan,日本,DD,domestic,domestic,2011,2024,14,3,11,2016,7.9731146386699665,7.913104167237265,0.060010471432701884
pv,JPN,Japan,日本,DD,domestic,domestic,2011,2024,14,3,11,2017,7.875613505105813,7.844955669112864,0.030657835992948357
pv,JPN,Japan,日本,DD,domestic,domestic,2011,2024,14,3,11,2018,7.824942071119181,7.790074603455333,0.03486746766384741
pv,JPN,Japan,日本,DD,domestic,domestic,2011,2024,14,3,11,2019,7.81002171234527,7.7383852677936416,0.07163644455162821
pv,JPN,Japan,日本,DD,domestic,domestic,2011,2024,14,3,11,2020,7.676049330697207,7.681941933316042,-0.005892602618835063
pv,JPN,Japan,日本,DD,domestic,domestic,2011,2024,14,3,11,2021,7.56181516648059,7.639808146836209,-0.07799298035561897
pv,JPN,Japan,日本,DD,domestic,domestic,2011,2024,14,3,11,2022,7.612204504790829,7.6066401028120465,0.005564401978782385
pv,JPN,Japan,日本,DD,domestic,domestic,2011,2024,14,3,11,2023,7.5600999859061995,7.577693210356146,-0.017593224449946376
pv,JPN,Japan,日本,DD,domestic,domestic,2011,2024,14,3,11,2024,7.555617752448869,7.5576957987749385,-0.0020780463260692272
pv,JPN,Japan,日本,DG,domestic,global,2011,2024,14,3,11,2011,8.801511086644002,8.684806145501998,0.1167049411420038
pv,JPN,Japan,日本,DG,domestic,global,2011,2024,14,3,11,2012,8.448142693387702,8.570028986632668,-0.12188629324496603
pv,JPN,Japan,日本,DG,domestic,global,2011,2024,14,3,11,2013,8.290749356920925,8.32480161847558,-0.03405226155465613
pv,JPN,Japan,日本,DG,domestic,global,2011,2024,14,3,11,2014,8.203804626073271,8.137857036631246,0.06594758944202539
pv,JPN,Japan,日本,DG,domestic,global,2011,2024,14,3,11,2015,7.880312348703021,8.005320414731445,-0.12500806602842385
pv,JPN,Japan,日本,DG,domestic,global,2011,2024,14,3,11,2016,7.9731146386699665,7.924153484449557,0.04896115422040914
pv,JPN,Japan,日本,DG,domestic,global,2011,2024,14,3,11,2017,7.875613505105813,7.8546113156073964,0.021002189498416257
pv,JPN,Japan,日本,DG,domestic,global,2011,2024,14,3,11,2018,7.824942071119181,7.792671663012,0.032270408107180515
pv,JPN,Japan,日本,DG,domestic,global,2011,2024,14,3,11,2019,7.81002171234527,7.745105837477514,0.06491587486775607
pv,JPN,Japan,日本,DG,domestic,global,2011,2024,14,3,11,2020,7.676049330697207,7.688294057226492,-0.012244726529284655
pv,JPN,Japan,日本,DG,domestic,global,2011,2024,14,3,11,2021,7.56181516648059,7.643071867137286,-0.08125670065669599
pv,JPN,Japan,日本,DG,domestic,global,2011,2024,14,3,11,2022,7.612204504790829,7.601053736259403,0.011150768531425825
pv,JPN,Japan,日本,DG,domestic,global,2011,2024,14,3,11,2023,7.5600999859061995,7.55994538839815,0.00015459750804946992
pv,JPN,Japan,日本,DG,domestic,global,2011,2024,14,3,11,2024,7.555617752448869,7.542277227752619,0.013340524696250355
pv,JPN,Japan,日本,GG,global,global,2011,2024,14,3,11,2011,8.801511086644002,8.671524515418543,0.12998657122545865
pv,JPN,Japan,日本,GG,global,global,2011,2024,14,3,11,2012,8.448142693387702,8.514333447362187,-0.06619075397448526
pv,JPN,Japan,日本,GG,global,global,2011,2024,14,3,11,2013,8.290749356920925,8.33165036869494,-0.040901011774014506
pv,JPN,Japan,日本,GG,global,global,2011,2024,14,3,11,2014,8.203804626073271,8.194353925586652,0.009450700486619112
pv,JPN,Japan,日本,GG,global,global,2011,2024,14,3,11,2015,7.880312348703021,8.053628651193678,-0.17331630249065721
pv,JPN,Japan,日本,GG,global,global,2011,2024,14,3,11,2016,7.9731146386699665,7.927945164052135,0.04516947461783172
pv,JPN,Japan,日本,GG,global,global,2011,2024,14,3,11,2017,7.875613505105813,7.824867181599646,0.050746323506166924
pv,JPN,Japan,日本,GG,global,global,2011,2024,14,3,11,2018,7.824942071119181,7.80072483396572,0.02421723715346058
pv,JPN,Japan,日本,GG,global,global,2011,2024,14,3,11,2019,7.81002171234527,7.711975565546449,0.09804614679882118
pv,JPN,Japan,日本,GG,global,global,2011,2024,14,3,11,2020,7.676049330697207,7.660524925466989,0.015524405230218363
pv,JPN,Japan,日本,GG,global,global,2011,2024,14,3,11,2021,7.56181516648059,7.639504772867814,-0.07768960638722344
pv,JPN,Japan,日本,GG,global,global,2011,2024,14,3,11,2022,7.612204504790829,7.656581547382963,-0.04437704259213415
pv,JPN,Japan,日本,GG,global,global,2011,2024,14,3,11,2023,7.5600999859061995,7.6204496046897825,-0.060349618783583026
pv,JPN,Japan,日本,GG,global,global,2011,2024,14,3,11,2024,7.555617752448869,7.465934275467049,0.08968347698182022
pv,KOR,South Korea,韩国,G0,global,none,2010,2024,15,2,13,2010,8.85546159676247,8.762285236007829,0.09317636075464186
pv,KOR,South Korea,韩国,G0,global,none,2010,2024,15,2,13,2011,8.85546159676247,8.476638498405942,0.37882309835652883
pv,KOR,South Korea,韩国,G0,global,none,2010,2024,15,2,13,2012,8.196474679232432,8.298601351136242,-0.1021266719038092
pv,KOR,South Korea,韩国,G0,global,none,2010,2024,15,2,13,2013,8.061822464562105,8.145248870084941,-0.08342640552283598
pv,KOR,South Korea,韩国,G0,global,none,2010,2024,15,2,13,2014,7.876049360122014,8.017712339124477,-0.14166297900246327
pv,KOR,South Korea,韩国,G0,global,none,2010,2024,15,2,13,2015,7.820317326646504,7.895120545653274,-0.07480321900677023
pv,KOR,South Korea,韩国,G0,global,none,2010,2024,15,2,13,2016,7.807080516745456,7.752899230048573,0.054181286696882935
pv,KOR,South Korea,韩国,G0,global,none,2010,2024,15,2,13,2017,7.540672231379958,7.609961505264968,-0.06928927388501016
pv,KOR,South Korea,韩国,G0,global,none,2010,2024,15,2,13,2018,7.364637641876182,7.495566010495862,-0.1309283686196805
pv,KOR,South Korea,韩国,G0,global,none,2010,2024,15,2,13,2019,7.307260732828015,7.396011773139447,-0.08875104031143266
pv,KOR,South Korea,韩国,G0,global,none,2010,2024,15,2,13,2020,7.018047086968539,7.292872663404067,-0.27482557643552763
pv,KOR,South Korea,韩国,G0,global,none,2010,2024,15,2,13,2021,6.973743973959298,7.198907223542281,-0.22516324958298295
pv,KOR,South Korea,韩国,G0,global,none,2010,2024,15,2,13,2022,7.258576979968643,7.097257847269107,0.16131913269953557
pv,KOR,South Korea,韩国,G0,global,none,2010,2024,15,2,13,2023,7.118058785649925,6.948272917650415,0.16978586799950968
pv,KOR,South Korea,韩国,G0,global,none,2010,2024,15,2,13,2024,7.140629553513333,6.806938515749919,0.3336910377634137
pv,KOR,South Korea,韩国,D0,domestic,none,2010,2024,15,2,13,2010,8.85546159676247,8.621766705506603,0.23369489125586718
pv,KOR,South Korea,韩国,D0,domestic,none,2010,2024,15,2,13,2011,8.85546159676247,8.566405782752488,0.28905581400998237
pv,KOR,South Korea,韩国,D0,domestic,none,2010,2024,15,2,13,2012,8.196474679232432,8.408506245873898,-0.21203156664146583
pv,KOR,South Korea,韩国,D0,domestic,none,2010,2024,15,2,13,2013,8.061822464562105,8.223399769214918,-0.16157730465281261
pv,KOR,South Korea,韩国,D0,domestic,none,2010,2024,15,2,13,2014,7.876049360122014,8.019431863103346,-0.14338250298133204
pv,KOR,South Korea,韩国,D0,domestic,none,2010,2024,15,2,13,2015,7.820317326646504,7.858809850842698,-0.038492524196193756
pv,KOR,South Korea,韩国,D0,domestic,none,2010,2024,15,2,13,2016,7.807080516745456,7.756571800787365,0.05050871595809081
pv,KOR,South Korea,韩国,D0,domestic,none,2010,2024,15,2,13,2017,7.540672231379958,7.637369581723057,-0.09669735034309923
pv,KOR,South Korea,韩国,D0,domestic,none,2010,2024,15,2,13,2018,7.364637641876182,7.494734224771574,-0.1300965828953924
pv,KOR,South Korea,韩国,D0,domestic,none,2010,2024,15,2,13,2019,7.307260732828015,7.338489738778831,-0.031229005950816457
pv,KOR,South Korea,韩国,D0,domestic,none,2010,2024,15,2,13,2020,7.018047086968539,7.198127188613141,-0.18008010164460142
pv,KOR,South Korea,韩国,D0,domestic,none,2010,2024,15,2,13,2021,6.973743973959298,7.109874804695723,-0.13613083073642507
pv,KOR,South Korea,韩国,D0,domestic,none,2010,2024,15,2,13,2022,7.258576979968643,7.047579690243547,0.21099728972509624
pv,KOR,South Korea,韩国,D0,domestic,none,2010,2024,15,2,13,2023,7.118058785649925,6.985289045156281,0.13276974049364387
pv,KOR,South Korea,韩国,D0,domestic,none,2010,2024,15,2,13,2024,7.140629553513333,6.927938234913901,0.2126913185994317
pv,KOR,South Korea,韩国,GD,global,domestic,2010,2024,15,3,12,2010,8.85546159676247,9.0251478259845,-0.16968622922203025
pv,KOR,South Korea,韩国,GD,global,domestic,2010,2024,15,3,12,2011,8.85546159676247,8.438986923830017,0.41647467293245377
pv,KOR,South Korea,韩国,GD,global,domestic,2010,2024,15,3,12,2012,8.196474679232432,8.200838071271308,-0.004363392038875702
pv,KOR,South Korea,韩国,GD,global,domestic,2010,2024,15,3,12,2013,8.061822464562105,8.091445665035666,-0.029623200473560374
pv,KOR,South Korea,韩国,GD,global,domestic,2010,2024,15,3,12,2014,7.876049360122014,7.986904791791752,-0.1108554316697381
pv,KOR,South Korea,韩国,GD,global,domestic,2010,2024,15,3,12,2015,7.820317326646504,7.882358447046133,-0.06204112039962961
pv,KOR,South Korea,韩国,GD,global,domestic,2010,2024,15,3,12,2016,7.807080516745456,7.732864850732353,0.07421566601310303
pv,KOR,South Korea,韩国,GD,global,domestic,2010,2024,15,3,12,2017,7.540672231379958,7.634222993394448,-0.0935507620144902
pv,KOR,South Korea,韩国,GD,global,domestic,2010,2024,15,3,12,2018,7.364637641876182,7.4501306379477334,-0.08549299607155181
pv,KOR,South Korea,韩国,GD,global,domestic,2010,2024,15,3,12,2019,7.307260732828015,7.2903176311400095,0.016943101688005058
pv,KOR,South Korea,韩国,GD,global,domestic,2010,2024,15,3,12,2020,7.018047086968539,7.178929578237139,-0.1608824912686
pv,KOR,South Korea,韩国,GD,global,domestic,2010,2024,15,3,12,2021,6.973743973959298,7.081917987411282,-0.10817401345198441
pv,KOR,South Korea,韩国,GD,global,domestic,2010,2024,15,3,12,2022,7.258576979968643,7.0799938266839995,0.17858315328464336
pv,KOR,South Korea,韩国,GD,global,domestic,2010,2024,15,3,12,2023,7.118058785649925,7.0696793326101535,0.04837945303977165
pv,KOR,South Korea,韩国,GD,global,domestic,2010,2024,15,3,12,2024,7.140629553513333,7.050555963858827,0.09007358965450596
pv,KOR,South Korea,韩国,DD,domestic,domestic,2010,2024,15,3,12,2010,8.85546159676247,8.914632766109676,-0.05917116934720568
pv,KOR,South Korea,韩国,DD,domestic,domestic,2010,2024,15,3,12,2011,8.85546159676247,8.506958700690681,0.3485028960717891
pv,KOR,South Korea,韩国,DD,domestic,domestic,2010,2024,15,3,12,2012,8.196474679232432,8.28620851954948,-0.0897338403170469
pv,KOR,South Korea,韩国,DD,domestic,domestic,2010,2024,15,3,12,2013,8.061822464562105,8.151102609694817,-0.08928014513271165
pv,KOR,South Korea,韩国,DD,domestic,domestic,2010,2024,15,3,12,2014,7.876049360122014,7.991976501511165,-0.11592714138915117
pv,KOR,South Korea,韩国,DD,domestic,domestic,2010,2024,15,3,12,2015,7.820317326646504,7.859498225778312,-0.03918089913180811
pv,KOR,South Korea,韩国,DD,domestic,domestic,2010,2024,15,3,12,2016,7.807080516745456,7.737214445383938,0.06986607136151779
pv,KOR,South Korea,韩国,DD,domestic,domestic,2010,2024,15,3,12,2017,7.540672231379958,7.650831409136286,-0.11015917775632822
pv,KOR,South Korea,韩国,DD,domestic,domestic,2010,2024,15,3,12,2018,7.364637641876182,7.45206854283732,-0.08743090096113804
pv,KOR,South Korea,韩国,DD,domestic,domestic,2010,2024,15,3,12,2019,7.307260732828015,7.257496822033107,0.049763910794907495
pv,KOR,South Korea,韩国,DD,domestic,domestic,2010,2024,15,3,12,2020,7.018047086968539,7.12077690272521,-0.10272981575667117
pv,KOR,South Korea,韩国,DD,domestic,domestic,2010,2024,15,3,12,2021,6.973743973959298,7.0274531371083615,-0.0537091631490636
pv,KOR,South Korea,韩国,DD,domestic,domestic,2010,2024,15,3,12,2022,7.258576979968643,7.044541569008575,0.21403541096006773
pv,KOR,South Korea,韩国,DD,domestic,domestic,2010,2024,15,3,12,2023,7.118058785649925,7.082492627787853,0.03556615786207207
pv,KOR,South Korea,韩国,DD,domestic,domestic,2010,2024,15,3,12,2024,7.140629553513333,7.1110417476239824,0.02958780588935017
pv,KOR,South Korea,韩国,DG,domestic,global,2010,2024,15,3,12,2010,8.85546159676247,8.61655672585108,0.2389048709113908
pv,KOR,South Korea,韩国,DG,domestic,global,2010,2024,15,3,12,2011,8.85546159676247,8.664440606815031,0.19102098994743955
pv,KOR,South Korea,韩国,DG,domestic,global,2010,2024,15,3,12,2012,8.196474679232432,8.501278034144299,-0.3048033549118667
pv,KOR,South Korea,韩国,DG,domestic,global,2010,2024,15,3,12,2013,8.061822464562105,8.252707953344522,-0.19088548878241696
pv,KOR,South Korea,韩国,DG,domestic,global,2010,2024,15,3,12,2014,7.876049360122014,7.979321289584871,-0.10327192946285724
pv,KOR,South Korea,韩国,DG,domestic,global,2010,2024,15,3,12,2015,7.820317326646504,7.764875069949122,0.055442256697381787
pv,KOR,South Korea,韩国,DG,domestic,global,2010,2024,15,3,12,2016,7.807080516745456,7.671132453136721,0.13594806360873513
pv,KOR,South Korea,韩国,DG,domestic,global,2010,2024,15,3,12,2017,7.540672231379958,7.567729644209428,-0.027057412829470273
pv,KOR,South Korea,韩国,DG,domestic,global,2010,2024,15,3,12,2018,7.364637641876182,7.4527999174790525,-0.08816227560287082
pv,KOR,South Korea,韩国,DG,domestic,global,2010,2024,15,3,12,2019,7.307260732828015,7.256686965309665,0.0505737675183493
pv,KOR,South Korea,韩国,DG,domestic,global,2010,2024,15,3,12,2020,7.018047086968539,7.114502844826804,-0.09645575785826477
pv,KOR,South Korea,韩国,DG,domestic,global,2010,2024,15,3,12,2021,6.973743973959298,7.063645750642712,-0.08990177668341381
pv,KOR,South Korea,韩国,DG,domestic,global,2010,2024,15,3,12,2022,7.258576979968643,7.087055896695301,0.17152108327334226
pv,KOR,South Korea,韩国,DG,domestic,global,2010,2024,15,3,12,2023,7.118058785649925,7.123635427214062,-0.005576641564136509
pv,KOR,South Korea,韩国,DG,domestic,global,2010,2024,15,3,12,2024,7.140629553513333,7.07792594777482,0.06270360573851264
pv,KOR,South Korea,韩国,GG,global,global,2010,2024,15,3,12,2010,8.85546159676247,8.920476671092656,-0.06501507433018539
pv,KOR,South Korea,韩国,GG,global,global,2010,2024,15,3,12,2011,8.85546159676247,8.590389483849357,0.2650721129131135
pv,KOR,South Korea,韩国,GG,global,global,2010,2024,15,3,12,2012,8.196474679232432,8.377893584110858,-0.18141890487842538
pv,KOR,South Korea,韩国,GG,global,global,2010,2024,15,3,12,2013,8.061822464562105,8.133969120558639,-0.07214665599653358
pv,KOR,South Korea,韩国,GG,global,global,2010,2024,15,3,12,2014,7.876049360122014,7.949950902438354,-0.07390154231633961
pv,KOR,South Korea,韩国,GG,global,global,2010,2024,15,3,12,2015,7.820317326646504,7.7617973274376135,0.05851999920889028
pv,KOR,South Korea,韩国,GG,global,global,2010,2024,15,3,12,2016,7.807080516745456,7.591901731714727,0.21517878503072918
pv,KOR,South Korea,韩国,GG,global,global,2010,2024,15,3,12,2017,7.540672231379958,7.451074785739644,0.08959744564031347
pv,KOR,South Korea,韩国,GG,global,global,2010,2024,15,3,12,2018,7.364637641876182,7.413509643799212,-0.048872001923029984
pv,KOR,South Korea,韩国,GG,global,global,2010,2024,15,3,12,2019,7.307260732828015,7.293590167495811,0.013670565332203566
pv,KOR,South Korea,韩国,GG,global,global,2010,2024,15,3,12,2020,7.018047086968539,7.221497334763194,-0.20345024779465515
pv,KOR,South Korea,韩国,GG,global,global,2010,2024,15,3,12,2021,6.973743973959298,7.189109381910427,-0.21536540795112913
pv,KOR,South Korea,韩国,GG,global,global,2010,2024,15,3,12,2022,7.258576979968643,7.20534396172209,0.05323301824655324
pv,KOR,South Korea,韩国,GG,global,global,2010,2024,15,3,12,2023,7.118058785649925,7.150381352621563,-0.03232256697163827
pv,KOR,South Korea,韩国,GG,global,global,2010,2024,15,3,12,2024,7.140629553513333,6.943409077722247,0.19722047579108537
pv,USA,United States,美国,G0,global,none,2010,2024,15,2,13,2010,8.62199068558002,8.860083244732108,-0.23809255915208816
pv,USA,United States,美国,G0,global,none,2010,2024,15,2,13,2011,8.583604768194975,8.563633997527111,0.019970770667864457
pv,USA,United States,美国,G0,global,none,2010,2024,15,2,13,2012,8.557530022553282,8.378863890486057,0.17866613206722448
pv,USA,United States,美国,G0,global,none,2010,2024,15,2,13,2013,8.34210443724968,8.219711967567768,0.12239246968191253
pv,USA,United States,美国,G0,global,none,2010,2024,15,2,13,2014,8.142189069868488,8.087352295226399,0.054836774642089026
pv,USA,United States,美国,G0,global,none,2010,2024,15,2,13,2015,8.026876719501303,7.9601243590939745,0.06675236040732813
pv,USA,United States,美国,G0,global,none,2010,2024,15,2,13,2016,7.882989364473543,7.812524556969577,0.07046480750396622
pv,USA,United States,美国,G0,global,none,2010,2024,15,2,13,2017,7.709768447473762,7.664181252701379,0.04558719477238338
pv,USA,United States,美国,G0,global,none,2010,2024,15,2,13,2018,7.519798113823252,7.545459580636601,-0.025661466813349243
pv,USA,United States,美国,G0,global,none,2010,2024,15,2,13,2019,7.281488185710263,7.442140428567344,-0.1606522428570809
pv,USA,United States,美国,G0,global,none,2010,2024,15,2,13,2020,7.183416289432052,7.335100832403423,-0.15168454297137135
pv,USA,United States,美国,G0,global,none,2010,2024,15,2,13,2021,7.117212061198461,7.237581833432266,-0.12036977223380507
pv,USA,United States,美国,G0,global,none,2010,2024,15,2,13,2022,7.07956799428934,7.13208830906008,-0.052520314770740484
pv,USA,United States,美国,G0,global,none,2010,2024,15,2,13,2023,7.034398578880442,6.977469108430852,0.056929470449589736
pv,USA,United States,美国,G0,global,none,2010,2024,15,2,13,2024,6.9641706796747425,6.830789761068706,0.1333809186060364
pv,USA,United States,美国,D0,domestic,none,2010,2024,15,2,13,2010,8.62199068558002,8.893420316831914,-0.2714296312518947
pv,USA,United States,美国,D0,domestic,none,2010,2024,15,2,13,2011,8.583604768194975,8.615729137672655,-0.03212436947768005
pv,USA,United States,美国,D0,domestic,none,2010,2024,15,2,13,2012,8.557530022553282,8.397049668869025,0.16048035368425673
pv,USA,United States,美国,D0,domestic,none,2010,2024,15,2,13,2013,8.34210443724968,8.219371087039583,0.12273335021009757
pv,USA,United States,美国,D0,domestic,none,2010,2024,15,2,13,2014,8.142189069868488,8.071238912977504,0.0709501568909836
pv,USA,United States,美国,D0,domestic,none,2010,2024,15,2,13,2015,8.026876719501303,7.924063603166877,0.10281311633442591
pv,USA,United States,美国,D0,domestic,none,2010,2024,15,2,13,2016,7.882989364473543,7.722033895098047,0.1609554693754962
pv,USA,United States,美国,D0,domestic,none,2010,2024,15,2,13,2017,7.709768447473762,7.612491089991923,0.09727735748183974
pv,USA,United States,美国,D0,domestic,none,2010,2024,15,2,13,2018,7.519798113823252,7.522722394376022,-0.0029242805527704974
pv,USA,United States,美国,D0,domestic,none,2010,2024,15,2,13,2019,7.281488185710263,7.440476422627872,-0.158988236917609
pv,USA,United States,美国,D0,domestic,none,2010,2024,15,2,13,2020,7.183416289432052,7.331424438552646,-0.148008149120594
pv,USA,United States,美国,D0,domestic,none,2010,2024,15,2,13,2021,7.117212061198461,7.219855805998011,-0.10264374479955052
pv,USA,United States,美国,D0,domestic,none,2010,2024,15,2,13,2022,7.07956799428934,7.134488078641594,-0.05492008435225415
pv,USA,United States,美国,D0,domestic,none,2010,2024,15,2,13,2023,7.034398578880442,7.029434374643621,0.004964204236820535
pv,USA,United States,美国,D0,domestic,none,2010,2024,15,2,13,2024,6.9641706796747425,6.913306191416265,0.05086448825847789
pv,USA,United States,美国,GD,global,domestic,2010,2024,15,3,12,2010,8.62199068558002,8.825586748246774,-0.20359606266675456
pv,USA,United States,美国,GD,global,domestic,2010,2024,15,3,12,2011,8.583604768194975,8.550637817220734,0.03296695097424163
pv,USA,United States,美国,GD,global,domestic,2010,2024,15,3,12,2012,8.557530022553282,8.37797974410388,0.1795502784494012
pv,USA,United States,美国,GD,global,domestic,2010,2024,15,3,12,2013,8.34210443724968,8.225563339392265,0.11654109785741618
pv,USA,United States,美国,GD,global,domestic,2010,2024,15,3,12,2014,8.142189069868488,8.098773344795873,0.04341572507261482
pv,USA,United States,美国,GD,global,domestic,2010,2024,15,3,12,2015,8.026876719501303,7.975297579695254,0.05157913980604878
pv,USA,United States,美国,GD,global,domestic,2010,2024,15,3,12,2016,7.882989364473543,7.832485486257049,0.05050387821649416
pv,USA,United States,美国,GD,global,domestic,2010,2024,15,3,12,2017,7.709768447473762,7.684079308238032,0.02568913923573035
pv,USA,United States,美国,GD,global,domestic,2010,2024,15,3,12,2018,7.519798113823252,7.564591612324537,-0.044793498501285
pv,USA,United States,美国,GD,global,domestic,2010,2024,15,3,12,2019,7.281488185710263,7.456498925428455,-0.17501073971819192
pv,USA,United States,美国,GD,global,domestic,2010,2024,15,3,12,2020,7.183416289432052,7.342353743976519,-0.15893745454446684
pv,USA,United States,美国,GD,global,domestic,2010,2024,15,3,12,2021,7.117212061198461,7.235941741994727,-0.11872968079626656
pv,USA,United States,美国,GD,global,domestic,2010,2024,15,3,12,2022,7.07956799428934,7.117841702009416,-0.038273707720076544
pv,USA,United States,美国,GD,global,domestic,2010,2024,15,3,12,2023,7.034398578880442,6.956676493911804,0.07772208496863797
pv,USA,United States,美国,GD,global,domestic,2010,2024,15,3,12,2024,6.9641706796747425,6.802797830308702,0.16137284936604068
pv,USA,United States,美国,DD,domestic,domestic,2010,2024,15,3,12,2010,8.62199068558002,8.79806350082683,-0.17607281524681007
pv,USA,United States,美国,DD,domestic,domestic,2010,2024,15,3,12,2011,8.583604768194975,8.579427604544145,0.004177163650830096
pv,USA,United States,美国,DD,domestic,domestic,2010,2024,15,3,12,2012,8.557530022553282,8.396761234263975,0.16076878828930674
pv,USA,United States,美国,DD,domestic,domestic,2010,2024,15,3,12,2013,8.34210443724968,8.238788658926671,0.10331577832300987
pv,USA,United States,美国,DD,domestic,domestic,2010,2024,15,3,12,2014,8.142189069868488,8.106976486770169,0.03521258309831943
pv,USA,United States,美国,DD,domestic,domestic,2010,2024,15,3,12,2015,8.026876719501303,7.971188344872663,0.05568837462864007
pv,USA,United States,美国,DD,domestic,domestic,2010,2024,15,3,12,2016,7.882989364473543,7.785616653744961,0.09737271072858178
pv,USA,United States,美国,DD,domestic,domestic,2010,2024,15,3,12,2017,7.709768447473762,7.672627544433976,0.03714090303978601
pv,USA,United States,美国,DD,domestic,domestic,2010,2024,15,3,12,2018,7.519798113823252,7.578176591309287,-0.058378477486034974
pv,USA,United States,美国,DD,domestic,domestic,2010,2024,15,3,12,2019,7.281488185710263,7.480308818855212,-0.19882063314494935
pv,USA,United States,美国,DD,domestic,domestic,2010,2024,15,3,12,2020,7.183416289432052,7.350382652922951,-0.1669663634908991
pv,USA,United States,美国,DD,domestic,domestic,2010,2024,15,3,12,2021,7.117212061198461,7.2136187693453735,-0.09640670814691266
pv,USA,United States,美国,DD,domestic,domestic,2010,2024,15,3,12,2022,7.07956799428934,7.090152771348782,-0.010584777059442274
pv,USA,United States,美国,DD,domestic,domestic,2010,2024,15,3,12,2023,7.034398578880442,6.962288582388986,0.07210999649145577
pv,USA,United States,美国,DD,domestic,domestic,2010,2024,15,3,12,2024,6.9641706796747425,6.822727203348421,0.14144347632632126
pv,USA,United States,美国,DG,domestic,global,2010,2024,15,3,12,2010,8.62199068558002,8.850328664691332,-0.2283379791113127
pv,USA,United States,美国,DG,domestic,global,2010,2024,15,3,12,2011,8.583604768194975,8.578098971781381,0.005505796413594055
pv,USA,United States,美国,DG,domestic,global,2010,2024,15,3,12,2012,8.557530022553282,8.375358090804092,0.1821719317491901
pv,USA,United States,美国,DG,domestic,global,2010,2024,15,3,12,2013,8.34210443724968,8.223805970568948,0.11829846668073252
pv,USA,United States,美国,DG,domestic,global,2010,2024,15,3,12,2014,8.142189069868488,8.092864149069223,0.04932492079926476
pv,USA,United States,美国,DG,domestic,global,2010,2024,15,3,12,2015,8.026876719501303,7.966120318685818,0.06075640081548439
pv,USA,United States,美国,DG,domestic,global,2010,2024,15,3,12,2016,7.882989364473543,7.78337989577636,0.09960946869718335
pv,USA,United States,美国,DG,domestic,global,2010,2024,15,3,12,2017,7.709768447473762,7.663578874805393,0.04618957266836965
pv,USA,United States,美国,DG,domestic,global,2010,2024,15,3,12,2018,7.519798113823252,7.5476584368297965,-0.02786032300654462
pv,USA,United States,美国,DG,domestic,global,2010,2024,15,3,12,2019,7.281488185710263,7.46504626772846,-0.18355808201819723
pv,USA,United States,美国,DG,domestic,global,2010,2024,15,3,12,2020,7.183416289432052,7.348503094554977,-0.16508680512292528
pv,USA,United States,美国,DG,domestic,global,2010,2024,15,3,12,2021,7.117212061198461,7.224851669101073,-0.10763960790261251
pv,USA,United States,美国,DG,domestic,global,2010,2024,15,3,12,2022,7.07956799428934,7.105404560860018,-0.025836566570678343
pv,USA,United States,美国,DG,domestic,global,2010,2024,15,3,12,2023,7.034398578880442,6.96494585987533,0.06945271900511152
pv,USA,United States,美国,DG,domestic,global,2010,2024,15,3,12,2024,6.9641706796747425,6.857160592770713,0.10701008690402958
pv,USA,United States,美国,GG,global,global,2010,2024,15,3,12,2010,8.62199068558002,8.860672748212792,-0.23868206263277258
pv,USA,United States,美国,GG,global,global,2010,2024,15,3,12,2011,8.583604768194975,8.56405789280194,0.01954687539303457
pv,USA,United States,美国,GG,global,global,2010,2024,15,3,12,2012,8.557530022553282,8.37915937454502,0.1783706480082614
pv,USA,United States,美国,GG,global,global,2010,2024,15,3,12,2013,8.34210443724968,8.219669933360299,0.12243450388938193
pv,USA,United States,美国,GG,global,global,2010,2024,15,3,12,2014,8.142189069868488,8.087099780905664,0.05508928896282406
pv,USA,United States,美国,GG,global,global,2010,2024,15,3,12,2015,8.026876719501303,7.959627527510495,0.06724919199080759
pv,USA,United States,美国,GG,global,global,2010,2024,15,3,12,2016,7.882989364473543,7.811924596639301,0.0710647678342422
pv,USA,United States,美国,GG,global,global,2010,2024,15,3,12,2017,7.709768447473762,7.663589158229668,0.04617928924409487
pv,USA,United States,美国,GG,global,global,2010,2024,15,3,12,2018,7.519798113823252,7.5451537959792505,-0.025355682155998593
pv,USA,United States,美国,GG,global,global,2010,2024,15,3,12,2019,7.281488185710263,7.44175875244825,-0.1602705667379869
pv,USA,United States,美国,GG,global,global,2010,2024,15,3,12,2020,7.183416289432052,7.33483485084355,-0.15141856141149823
pv,USA,United States,美国,GG,global,global,2010,2024,15,3,12,2021,7.117212061198461,7.2375453215835845,-0.12033326038512371
pv,USA,United States,美国,GG,global,global,2010,2024,15,3,12,2022,7.07956799428934,7.132491094082233,-0.05292309979289289
pv,USA,United States,美国,GG,global,global,2010,2024,15,3,12,2023,7.034398578880442,6.978222269471624,0.05617630940881746
pv,USA,United States,美国,GG,global,global,2010,2024,15,3,12,2024,6.9641706796747425,6.831298321290383,0.1328723583843594
wind,AUS,Australia,澳大利亚,G0,global,none,2011,2024,14,2,12,2011,8.38425562842652,8.307600783929031,0.07665484449748838
wind,AUS,Australia,澳大利亚,G0,global,none,2011,2024,14,2,12,2012,8.224806284179055,8.173745038032301,0.05106124614675345
wind,AUS,Australia,澳大利亚,G0,global,none,2011,2024,14,2,12,2013,7.92675943477696,8.09354710625988,-0.16678767148292017
wind,AUS,Australia,澳大利亚,G0,global,none,2011,2024,14,2,12,2014,8.013690042550076,7.984322370160842,0.029367672389233768
wind,AUS,Australia,澳大利亚,G0,global,none,2011,2024,14,2,12,2015,7.94444152187067,7.863434764868006,0.08100675700266358
wind,AUS,Australia,澳大利亚,G0,global,none,2011,2024,14,2,12,2016,7.875098408626847,7.782911834912293,0.09218657371455397
wind,AUS,Australia,澳大利亚,G0,global,none,2011,2024,14,2,12,2017,7.622298886928241,7.717834287031685,-0.09553540010344452
wind,AUS,Australia,澳大利亚,G0,global,none,2011,2024,14,2,12,2018,7.5506591429925205,7.6574902612427715,-0.10683111825025104
wind,AUS,Australia,澳大利亚,G0,global,none,2011,2024,14,2,12,2019,7.523557783776621,7.588445929214475,-0.06488814543785448
wind,AUS,Australia,澳大利亚,G0,global,none,2011,2024,14,2,12,2020,7.6220117794323015,7.4727823942190605,0.14922938521324092
wind,AUS,Australia,澳大利亚,G0,global,none,2011,2024,14,2,12,2021,7.252696130438408,7.403323414004145,-0.15062728356573718
wind,AUS,Australia,澳大利亚,G0,global,none,2011,2024,14,2,12,2022,7.2754973262219895,7.341174111696986,-0.06567678547499689
wind,AUS,Australia,澳大利亚,G0,global,none,2011,2024,14,2,12,2023,7.383795404742919,7.260061436058274,0.12373396868464503
wind,AUS,Australia,澳大利亚,G0,global,none,2011,2024,14,2,12,2024,7.230257530004272,7.183151573337491,0.04710595666678152
wind,AUS,Australia,澳大利亚,D0,domestic,none,2011,2024,14,2,12,2011,8.38425562842652,8.283752258545086,0.10050336988143371
wind,AUS,Australia,澳大利亚,D0,domestic,none,2011,2024,14,2,12,2012,8.224806284179055,8.180995052592072,0.0438112315869823
wind,AUS,Australia,澳大利亚,D0,domestic,none,2011,2024,14,2,12,2013,7.92675943477696,8.05410498133211,-0.12734554655514962
wind,AUS,Australia,澳大利亚,D0,domestic,none,2011,2024,14,2,12,2014,8.013690042550076,7.963060845746113,0.05062919680396316
wind,AUS,Australia,澳大利亚,D0,domestic,none,2011,2024,14,2,12,2015,7.94444152187067,7.89190480061653,0.052536721254139884
wind,AUS,Australia,澳大利亚,D0,domestic,none,2011,2024,14,2,12,2016,7.875098408626847,7.846998720293749,0.02809968833309817
wind,AUS,Australia,澳大利亚,D0,domestic,none,2011,2024,14,2,12,2017,7.622298886928241,7.767445229561118,-0.14514634263287718
wind,AUS,Australia,澳大利亚,D0,domestic,none,2011,2024,14,2,12,2018,7.5506591429925205,7.673363272980653,-0.12270412998813285
wind,AUS,Australia,澳大利亚,D0,domestic,none,2011,2024,14,2,12,2019,7.523557783776621,7.5589481060351185,-0.0353903222584977
wind,AUS,Australia,澳大利亚,D0,domestic,none,2011,2024,14,2,12,2020,7.6220117794323015,7.415829798383788,0.20618198104851349
wind,AUS,Australia,澳大利亚,D0,domestic,none,2011,2024,14,2,12,2021,7.252696130438408,7.397276737924349,-0.14458060748594104
wind,AUS,Australia,澳大利亚,D0,domestic,none,2011,2024,14,2,12,2022,7.2754973262219895,7.327842544985418,-0.05234521876342857
wind,AUS,Australia,澳大利亚,D0,domestic,none,2011,2024,14,2,12,2023,7.383795404742919,7.285907428776683,0.09788797596623589
wind,AUS,Australia,澳大利亚,D0,domestic,none,2011,2024,14,2,12,2024,7.230257530004272,7.182395527194635,0.04786200280963726
wind,AUS,Australia,澳大利亚,GD,global,domestic,2011,2024,14,3,11,2011,8.38425562842652,8.34262957315195,0.04162605527456975
wind,AUS,Australia,澳大利亚,GD,global,domestic,2011,2024,14,3,11,2012,8.224806284179055,8.1858783976234,0.03892788655565482
wind,AUS,Australia,澳大利亚,GD,global,domestic,2011,2024,14,3,11,2013,7.92675943477696,8.10013912331253,-0.1733796885355705
wind,AUS,Australia,澳大利亚,GD,global,domestic,2011,2024,14,3,11,2014,8.013690042550076,7.966664698935492,0.04702534361458355
wind,AUS,Australia,澳大利亚,GD,global,domestic,2011,2024,14,3,11,2015,7.94444152187067,7.845880768542376,0.09856075332829395
wind,AUS,Australia,澳大利亚,GD,global,domestic,2011,2024,14,3,11,2016,7.875098408626847,7.765500479339549,0.10959792928729861
wind,AUS,Australia,澳大利亚,GD,global,domestic,2011,2024,14,3,11,2017,7.622298886928241,7.69840909668201,-0.07611020975376892
wind,AUS,Australia,澳大利亚,GD,global,domestic,2011,2024,14,3,11,2018,7.5506591429925205,7.638391781914945,-0.08773263892242422
wind,AUS,Australia,澳大利亚,GD,global,domestic,2011,2024,14,3,11,2019,7.523557783776621,7.574992235182798,-0.05143445140617686
wind,AUS,Australia,澳大利亚,GD,global,domestic,2011,2024,14,3,11,2020,7.6220117794323015,7.471872070455772,0.15013970897652928
wind,AUS,Australia,澳大利亚,GD,global,domestic,2011,2024,14,3,11,2021,7.252696130438408,7.411733725710404,-0.1590375952719958
wind,AUS,Australia,澳大利亚,GD,global,domestic,2011,2024,14,3,11,2022,7.2754973262219895,7.350247946268741,-0.07475062004675159
wind,AUS,Australia,澳大利亚,GD,global,domestic,2011,2024,14,3,11,2023,7.383795404742919,7.273046966586077,0.11074843815684243
wind,AUS,Australia,澳大利亚,GD,global,domestic,2011,2024,14,3,11,2024,7.230257530004272,7.204438441261251,0.02581908874302119
wind,AUS,Australia,澳大利亚,DD,domestic,domestic,2011,2024,14,3,11,2011,8.38425562842652,8.347670835233489,0.03658479319303076
wind,AUS,Australia,澳大利亚,DD,domestic,domestic,2011,2024,14,3,11,2012,8.224806284179055,8.202928235255433,0.021878048923621662
wind,AUS,Australia,澳大利亚,DD,domestic,domestic,2011,2024,14,3,11,2013,7.92675943477696,8.06950431567028,-0.1427448808933196
wind,AUS,Australia,澳大利亚,DD,domestic,domestic,2011,2024,14,3,11,2014,8.013690042550076,7.935131263985704,0.07855877856437221
wind,AUS,Australia,澳大利亚,DD,domestic,domestic,2011,2024,14,3,11,2015,7.94444152187067,7.860274579840794,0.08416694202987607
wind,AUS,Australia,澳大利亚,DD,domestic,domestic,2011,2024,14,3,11,2016,7.875098408626847,7.812856018255143,0.062242390371704204
wind,AUS,Australia,澳大利亚,DD,domestic,domestic,2011,2024,14,3,11,2017,7.622298886928241,7.730633580215432,-0.10833469328719136
wind,AUS,Australia,澳大利亚,DD,domestic,domestic,2011,2024,14,3,11,2018,7.5506591429925205,7.639268354986011,-0.08860921199349026
wind,AUS,Australia,澳大利亚,DD,domestic,domestic,2011,2024,14,3,11,2019,7.523557783776621,7.537497018622663,-0.01393923484604187
wind,AUS,Australia,澳大利亚,DD,domestic,domestic,2011,2024,14,3,11,2020,7.6220117794323015,7.417475831329273,0.2045359481030289
wind,AUS,Australia,澳大利亚,DD,domestic,domestic,2011,2024,14,3,11,2021,7.252696130438408,7.4111592196329905,-0.15846308919458263
wind,AUS,Australia,澳大利亚,DD,domestic,domestic,2011,2024,14,3,11,2022,7.2754973262219895,7.343166769346045,-0.0676694431240552
wind,AUS,Australia,澳大利亚,DD,domestic,domestic,2011,2024,14,3,11,2023,7.383795404742919,7.304948696906993,0.07884670783592629
wind,AUS,Australia,澳大利亚,DD,domestic,domestic,2011,2024,14,3,11,2024,7.230257530004272,7.2173105856870485,0.012946944317223874
wind,AUS,Australia,澳大利亚,DG,domestic,global,2011,2024,14,3,11,2011,8.38425562842652,8.3697469469526,0.014508681473920149
wind,AUS,Australia,澳大利亚,DG,domestic,global,2011,2024,14,3,11,2012,8.224806284179055,8.210196100204033,0.01461018397502123
wind,AUS,Australia,澳大利亚,DG,domestic,global,2011,2024,14,3,11,2013,7.92675943477696,8.063796724296008,-0.13703728951904814
wind,AUS,Australia,澳大利亚,DG,domestic,global,2011,2024,14,3,11,2014,8.013690042550076,7.937020829513435,0.07666921303664065
wind,AUS,Australia,澳大利亚,DG,domestic,global,2011,2024,14,3,11,2015,7.94444152187067,7.855995832864833,0.08844568900583649
wind,AUS,Australia,澳大利亚,DG,domestic,global,2011,2024,14,3,11,2016,7.875098408626847,7.8025514574190264,0.07254695120782095
wind,AUS,Australia,澳大利亚,DG,domestic,global,2011,2024,14,3,11,2017,7.622298886928241,7.714830181035856,-0.09253129410761485
wind,AUS,Australia,澳大利亚,DG,domestic,global,2011,2024,14,3,11,2018,7.5506591429925205,7.628141255356599,-0.07748211236407876
wind,AUS,Australia,澳大利亚,DG,domestic,global,2011,2024,14,3,11,2019,7.523557783776621,7.532819878168104,-0.009262094391483622
wind,AUS,Australia,澳大利亚,DG,domestic,global,2011,2024,14,3,11,2020,7.6220117794323015,7.412365375624484,0.20964640380781763
wind,AUS,Australia,澳大利亚,DG,domestic,global,2011,2024,14,3,11,2021,7.252696130438408,7.401028107122256,-0.14833197668384823
wind,AUS,Australia,澳大利亚,DG,domestic,global,2011,2024,14,3,11,2022,7.2754973262219895,7.343583621755495,-0.06808629553350531
wind,AUS,Australia,澳大利亚,DG,domestic,global,2011,2024,14,3,11,2023,7.383795404742919,7.320333001680053,0.0634624030628661
wind,AUS,Australia,澳大利亚,DG,domestic,global,2011,2024,14,3,11,2024,7.230257530004272,7.237415992974759,-0.00715846297048639
wind,AUS,Australia,澳大利亚,GG,global,global,2011,2024,14,3,11,2011,8.38425562842652,8.366606284940307,0.017649343486212388
wind,AUS,Australia,澳大利亚,GG,global,global,2011,2024,14,3,11,2012,8.224806284179055,8.193827254952243,0.030979029226811505
wind,AUS,Australia,澳大利亚,GG,global,global,2011,2024,14,3,11,2013,7.92675943477696,8.097286268678218,-0.170526833901258
wind,AUS,Australia,澳大利亚,GG,global,global,2011,2024,14,3,11,2014,8.013690042550076,7.963571711188472,0.05011833136160426
wind,AUS,Australia,澳大利亚,GG,global,global,2011,2024,14,3,11,2015,7.94444152187067,7.838578867791489,0.10586265407918027
wind,AUS,Australia,澳大利亚,GG,global,global,2011,2024,14,3,11,2016,7.875098408626847,7.754037273335247,0.12106113529160023
wind,AUS,Australia,澳大利亚,GG,global,global,2011,2024,14,3,11,2017,7.622298886928241,7.682481024526433,-0.060182137598192575
wind,AUS,Australia,澳大利亚,GG,global,global,2011,2024,14,3,11,2018,7.5506591429925205,7.62584085080394,-0.07518170781141986
wind,AUS,Australia,澳大利亚,GG,global,global,2011,2024,14,3,11,2019,7.523557783776621,7.568345433271695,-0.04478764949507408
wind,AUS,Australia,澳大利亚,GG,global,global,2011,2024,14,3,11,2020,7.6220117794323015,7.467902076129559,0.15410970330274232
wind,AUS,Australia,澳大利亚,GG,global,global,2011,2024,14,3,11,2021,7.252696130438408,7.406578075040305,-0.1538819446018973
wind,AUS,Australia,澳大利亚,GG,global,global,2011,2024,14,3,11,2022,7.2754973262219895,7.352871066792765,-0.07737374057077506
wind,AUS,Australia,澳大利亚,GG,global,global,2011,2024,14,3,11,2023,7.383795404742919,7.2875744996687155,0.09622090507420378
wind,AUS,Australia,澳大利亚,GG,global,global,2011,2024,14,3,11,2024,7.230257530004272,7.224324617847593,0.005932912156679571
wind,BRA,Brazil,巴西,G0,global,none,2011,2024,14,2,12,2011,8.031405543923674,8.195235468862968,-0.1638299249392947
wind,BRA,Brazil,巴西,G0,global,none,2011,2024,14,2,12,2012,8.046752848698196,8.059668725342204,-0.012915876644008506
wind,BRA,Brazil,巴西,G0,global,none,2011,2024,14,2,12,2013,8.044114821238473,7.9784456715640335,0.06566914967443971
wind,BRA,Brazil,巴西,G0,global,none,2011,2024,14,2,12,2014,7.880892462856114,7.8678247812491335,0.01306768160698013
wind,BRA,Brazil,巴西,G0,global,none,2011,2024,14,2,12,2015,7.738943248584834,7.745391942286683,-0.00644869370184864
wind,BRA,Brazil,巴西,G0,global,none,2011,2024,14,2,12,2016,7.78607330548998,7.663839736068593,0.12223356942138697
wind,BRA,Brazil,巴西,G0,global,none,2011,2024,14,2,12,2017,7.633365984643787,7.597930340970254,0.03543564367353369
wind,BRA,Brazil,巴西,G0,global,none,2011,2024,14,2,12,2018,7.648277751047226,7.536814973734189,0.11146277731303744
wind,BRA,Brazil,巴西,G0,global,none,2011,2024,14,2,12,2019,7.525958646155957,7.46688808946832,0.0590705566876375
wind,BRA,Brazil,巴西,G0,global,none,2011,2024,14,2,12,2020,7.441257702826542,7.349746096957028,0.09151160586951423
wind,BRA,Brazil,巴西,G0,global,none,2011,2024,14,2,12,2021,7.1748890281339675,7.279399264305751,-0.10451023617178379
wind,BRA,Brazil,巴西,G0,global,none,2011,2024,14,2,12,2022,7.0185896055687405,7.216455544785715,-0.1978659392169746
wind,BRA,Brazil,巴西,G0,global,none,2011,2024,14,2,12,2023,7.00231489900741,7.134306054519682,-0.1319911555122717
wind,BRA,Brazil,巴西,G0,global,none,2011,2024,14,2,12,2024,7.175523941145102,7.056413099205463,0.11911084193963983
wind,BRA,Brazil,巴西,D0,domestic,none,2011,2024,14,2,12,2011,8.031405543923674,8.194029366175068,-0.16262382225139405
wind,BRA,Brazil,巴西,D0,domestic,none,2011,2024,14,2,12,2012,8.046752848698196,8.12135805206151,-0.07460520336331378
wind,BRA,Brazil,巴西,D0,domestic,none,2011,2024,14,2,12,2013,8.044114821238473,8.06518027833667,-0.021065457098197626
wind,BRA,Brazil,巴西,D0,domestic,none,2011,2024,14,2,12,2014,7.880892462856114,7.798405104894006,0.08248735796210749
wind,BRA,Brazil,巴西,D0,domestic,none,2011,2024,14,2,12,2015,7.738943248584834,7.6578223240624865,0.08112092452234787
wind,BRA,Brazil,巴西,D0,domestic,none,2011,2024,14,2,12,2016,7.78607330548998,7.5597921455742485,0.2262811599157315
wind,BRA,Brazil,巴西,D0,domestic,none,2011,2024,14,2,12,2017,7.633365984643787,7.497567594849587,0.13579838979420078
wind,BRA,Brazil,巴西,D0,domestic,none,2011,2024,14,2,12,2018,7.648277751047226,7.446686982681704,0.2015907683655227
wind,BRA,Brazil,巴西,D0,domestic,none,2011,2024,14,2,12,2019,7.525958646155957,7.425804096799756,0.10015454935620127
wind,BRA,Brazil,巴西,D0,domestic,none,2011,2024,14,2,12,2020,7.441257702826542,7.390016817156141,0.05124088567040097
wind,BRA,Brazil,巴西,D0,domestic,none,2011,2024,14,2,12,2021,7.1748890281339675,7.324051329309369,-0.14916230117540152
wind,BRA,Brazil,巴西,D0,domestic,none,2011,2024,14,2,12,2022,7.0185896055687405,7.277077402052839,-0.2584877964840988
wind,BRA,Brazil,巴西,D0,domestic,none,2011,2024,14,2,12,2023,7.00231489900741,7.215678870324849,-0.21336397131743912
wind,BRA,Brazil,巴西,D0,domestic,none,2011,2024,14,2,12,2024,7.175523941145102,7.174889425041752,0.0006345161033500801
wind,BRA,Brazil,巴西,GD,global,domestic,2011,2024,14,3,11,2011,8.031405543923674,8.076336982821827,-0.04493143889815343
wind,BRA,Brazil,巴西,GD,global,domestic,2011,2024,14,3,11,2012,8.046752848698196,8.028747952726699,0.018004895971497348
wind,BRA,Brazil,巴西,GD,global,domestic,2011,2024,14,3,11,2013,8.044114821238473,7.964002922102273,0.08011189913620065
wind,BRA,Brazil,巴西,GD,global,domestic,2011,2024,14,3,11,2014,7.880892462856114,7.913160272481623,-0.0322678096255089
wind,BRA,Brazil,巴西,GD,global,domestic,2011,2024,14,3,11,2015,7.738943248584834,7.810263400204226,-0.07132015161939176
wind,BRA,Brazil,巴西,GD,global,domestic,2011,2024,14,3,11,2016,7.78607330548998,7.728816382640409,0.057256922849570735
wind,BRA,Brazil,巴西,GD,global,domestic,2011,2024,14,3,11,2017,7.633365984643787,7.646692634353439,-0.013326649709651583
wind,BRA,Brazil,巴西,GD,global,domestic,2011,2024,14,3,11,2018,7.648277751047226,7.585998260224671,0.06227949082255524
wind,BRA,Brazil,巴西,GD,global,domestic,2011,2024,14,3,11,2019,7.525958646155957,7.501330506438417,0.02462813971754052
wind,BRA,Brazil,巴西,GD,global,domestic,2011,2024,14,3,11,2020,7.441257702826542,7.363056090778293,0.07820161204824938
wind,BRA,Brazil,巴西,GD,global,domestic,2011,2024,14,3,11,2021,7.1748890281339675,7.273463840758558,-0.09857481262459089
wind,BRA,Brazil,巴西,GD,global,domestic,2011,2024,14,3,11,2022,7.0185896055687405,7.191111215002738,-0.1725216094339972
wind,BRA,Brazil,巴西,GD,global,domestic,2011,2024,14,3,11,2023,7.00231489900741,7.08420311645091,-0.08188821744349983
wind,BRA,Brazil,巴西,GD,global,domestic,2011,2024,14,3,11,2024,7.175523941145102,6.981176212336236,0.1943477288088662
wind,BRA,Brazil,巴西,DD,domestic,domestic,2011,2024,14,3,11,2011,8.031405543923674,7.99604493015833,0.035360613765343274
wind,BRA,Brazil,巴西,DD,domestic,domestic,2011,2024,14,3,11,2012,8.046752848698196,8.07638072856268,-0.029627879864484896
wind,BRA,Brazil,巴西,DD,domestic,domestic,2011,2024,14,3,11,2013,8.044114821238473,8.043870967015037,0.00024385422343620178
wind,BRA,Brazil,巴西,DD,domestic,domestic,2011,2024,14,3,11,2014,7.880892462856114,7.911798279416212,-0.030905816560098387
wind,BRA,Brazil,巴西,DD,domestic,domestic,2011,2024,14,3,11,2015,7.738943248584834,7.805552885995348,-0.0666096374105134
wind,BRA,Brazil,巴西,DD,domestic,domestic,2011,2024,14,3,11,2016,7.78607330548998,7.706150545757125,0.07992275973285512
wind,BRA,Brazil,巴西,DD,domestic,domestic,2011,2024,14,3,11,2017,7.633365984643787,7.608610067567285,0.024755917076502598
wind,BRA,Brazil,巴西,DD,domestic,domestic,2011,2024,14,3,11,2018,7.648277751047226,7.553763824808682,0.0945139262385446
wind,BRA,Brazil,巴西,DD,domestic,domestic,2011,2024,14,3,11,2019,7.525958646155957,7.492977738766336,0.03298090738962145
wind,BRA,Brazil,巴西,DD,domestic,domestic,2011,2024,14,3,11,2020,7.441257702826542,7.397355070850109,0.04390263197643307
wind,BRA,Brazil,巴西,DD,domestic,domestic,2011,2024,14,3,11,2021,7.1748890281339675,7.289876689532321,-0.11498766139835315
wind,BRA,Brazil,巴西,DD,domestic,domestic,2011,2024,14,3,11,2022,7.0185896055687405,7.199608740712755,-0.18101913514401424
wind,BRA,Brazil,巴西,DD,domestic,domestic,2011,2024,14,3,11,2023,7.00231489900741,7.082826908701983,-0.08051200969457284
wind,BRA,Brazil,巴西,DD,domestic,domestic,2011,2024,14,3,11,2024,7.175523941145102,6.983542411475713,0.19198152966938942
wind,BRA,Brazil,巴西,DG,domestic,global,2011,2024,14,3,11,2011,8.031405543923674,7.972313466488841,0.05909207743483247
wind,BRA,Brazil,巴西,DG,domestic,global,2011,2024,14,3,11,2012,8.046752848698196,8.086659328453905,-0.03990647975570916
wind,BRA,Brazil,巴西,DG,domestic,global,2011,2024,14,3,11,2013,8.044114821238473,8.106719003191822,-0.06260418195334871
wind,BRA,Brazil,巴西,DG,domestic,global,2011,2024,14,3,11,2014,7.880892462856114,7.891371635343777,-0.01047917248766339
wind,BRA,Brazil,巴西,DG,domestic,global,2011,2024,14,3,11,2015,7.738943248584834,7.754185368613921,-0.01524212002908687
wind,BRA,Brazil,巴西,DG,domestic,global,2011,2024,14,3,11,2016,7.78607330548998,7.662802111369494,0.12327119412048582
wind,BRA,Brazil,巴西,DG,domestic,global,2011,2024,14,3,11,2017,7.633365984643787,7.626196500680022,0.007169483963765266
wind,BRA,Brazil,巴西,DG,domestic,global,2011,2024,14,3,11,2018,7.648277751047226,7.557248879146898,0.09102887190032849
wind,BRA,Brazil,巴西,DG,domestic,global,2011,2024,14,3,11,2019,7.525958646155957,7.494790969211651,0.03116767694430589
wind,BRA,Brazil,巴西,DG,domestic,global,2011,2024,14,3,11,2020,7.441257702826542,7.407816475878091,0.033441226948450975
wind,BRA,Brazil,巴西,DG,domestic,global,2011,2024,14,3,11,2021,7.1748890281339675,7.301056350653608,-0.1261673225196409
wind,BRA,Brazil,巴西,DG,domestic,global,2011,2024,14,3,11,2022,7.0185896055687405,7.21626206900012,-0.19767246343137934
wind,BRA,Brazil,巴西,DG,domestic,global,2011,2024,14,3,11,2023,7.00231489900741,7.083703802223605,-0.08138890321619474
wind,BRA,Brazil,巴西,DG,domestic,global,2011,2024,14,3,11,2024,7.175523941145102,6.987233829063699,0.18829011208140312
wind,BRA,Brazil,巴西,GG,global,global,2011,2024,14,3,11,2011,8.031405543923674,8.08257415140568,-0.05116860748200658
wind,BRA,Brazil,巴西,GG,global,global,2011,2024,14,3,11,2012,8.046752848698196,8.021325028959833,0.025427819738363056
wind,BRA,Brazil,巴西,GG,global,global,2011,2024,14,3,11,2013,8.044114821238473,7.971306354771188,0.07280846646728545
wind,BRA,Brazil,巴西,GG,global,global,2011,2024,14,3,11,2014,7.880892462856114,7.907444757994732,-0.02655229513861812
wind,BRA,Brazil,巴西,GG,global,global,2011,2024,14,3,11,2015,7.738943248584834,7.792850197249771,-0.053906948664936394
wind,BRA,Brazil,巴西,GG,global,global,2011,2024,14,3,11,2016,7.78607330548998,7.718970971165547,0.06710233432443324
wind,BRA,Brazil,巴西,GG,global,global,2011,2024,14,3,11,2017,7.633365984643787,7.665431591904263,-0.032065607260475915
wind,BRA,Brazil,巴西,GG,global,global,2011,2024,14,3,11,2018,7.648277751047226,7.597244327195625,0.051033423851601256
wind,BRA,Brazil,巴西,GG,global,global,2011,2024,14,3,11,2019,7.525958646155957,7.505266686643876,0.02069195951208158
wind,BRA,Brazil,巴西,GG,global,global,2011,2024,14,3,11,2020,7.441257702826542,7.359064263164358,0.08219343966218418
wind,BRA,Brazil,巴西,GG,global,global,2011,2024,14,3,11,2021,7.1748890281339675,7.273185023363296,-0.09829599522932853
wind,BRA,Brazil,巴西,GG,global,global,2011,2024,14,3,11,2022,7.0185896055687405,7.194122129277892,-0.17553252370915118
wind,BRA,Brazil,巴西,GG,global,global,2011,2024,14,3,11,2023,7.00231489900741,7.081774376277541,-0.07945947727013092
wind,BRA,Brazil,巴西,GG,global,global,2011,2024,14,3,11,2024,7.175523941145102,6.9777999299460305,0.1977240111990719
wind,CAN,Canada,加拿大,G0,global,none,2011,2024,14,2,12,2011,7.992479853891423,8.230704226591707,-0.23822437270028374
wind,CAN,Canada,加拿大,G0,global,none,2011,2024,14,2,12,2012,8.078117777454098,8.119624113223184,-0.04150633576908547
wind,CAN,Canada,加拿大,G0,global,none,2011,2024,14,2,12,2013,8.042026200774057,8.053071905893404,-0.011045705119347105
wind,CAN,Canada,加拿大,G0,global,none,2011,2024,14,2,12,2014,7.975812415292794,7.962431821769645,0.013380593523149464
wind,CAN,Canada,加拿大,G0,global,none,2011,2024,14,2,12,2015,8.008271386398194,7.862113312386137,0.14615807401205672
wind,CAN,Canada,加拿大,G0,global,none,2011,2024,14,2,12,2016,7.942761616224381,7.79529140550179,0.1474702107225907
wind,CAN,Canada,加拿大,G0,global,none,2011,2024,14,2,12,2017,7.812547471561847,7.741286840005584,0.07126063155626294
wind,CAN,Canada,加拿大,G0,global,none,2011,2024,14,2,12,2018,7.701071236286506,7.691210385081364,0.009860851205141685
wind,CAN,Canada,加拿大,G0,global,none,2011,2024,14,2,12,2019,7.970509191204135,7.63391398605286,0.3365952051512746
wind,CAN,Canada,加拿大,G0,global,none,2011,2024,14,2,12,2020,7.413759721736146,7.537930668386341,-0.12417094665019501
wind,CAN,Canada,加拿大,G0,global,none,2011,2024,14,2,12,2021,7.348568602533549,7.480290173799823,-0.13172157126627404
wind,CAN,Canada,加拿大,G0,global,none,2011,2024,14,2,12,2022,7.506590549287155,7.428715611200323,0.07787493808683266
wind,CAN,Canada,加拿大,G0,global,none,2011,2024,14,2,12,2023,7.282182345930029,7.361404304201789,-0.07922195827176015
wind,CAN,Canada,加拿大,G0,global,none,2011,2024,14,2,12,2024,7.120871084593835,7.297580699074124,-0.17670961448028866
wind,CAN,Canada,加拿大,D0,domestic,none,2011,2024,14,2,12,2011,7.992479853891423,8.259993910146056,-0.2675140562546332
wind,CAN,Canada,加拿大,D0,domestic,none,2011,2024,14,2,12,2012,8.078117777454098,8.146052286775365,-0.0679345093212671
wind,CAN,Canada,加拿大,D0,domestic,none,2011,2024,14,2,12,2013,8.042026200774057,7.9862135809622705,0.05581261981178631
wind,CAN,Canada,加拿大,D0,domestic,none,2011,2024,14,2,12,2014,7.975812415292794,7.834930209192442,0.1408822061003523
wind,CAN,Canada,加拿大,D0,domestic,none,2011,2024,14,2,12,2015,8.008271386398194,7.73350428719143,0.27476709920676434
wind,CAN,Canada,加拿大,D0,domestic,none,2011,2024,14,2,12,2016,7.942761616224381,7.687900238612267,0.254861377612114
wind,CAN,Canada,加拿大,D0,domestic,none,2011,2024,14,2,12,2017,7.812547471561847,7.671973686424605,0.14057378513724217
wind,CAN,Canada,加拿大,D0,domestic,none,2011,2024,14,2,12,2018,7.701071236286506,7.640521110358416,0.06055012592808939
wind,CAN,Canada,加拿大,D0,domestic,none,2011,2024,14,2,12,2019,7.970509191204135,7.618909209867691,0.3515999813364443
wind,CAN,Canada,加拿大,D0,domestic,none,2011,2024,14,2,12,2020,7.413759721736146,7.6026661057766045,-0.18890638404045834
wind,CAN,Canada,加拿大,D0,domestic,none,2011,2024,14,2,12,2021,7.348568602533549,7.585085204729902,-0.23651660219635318
wind,CAN,Canada,加拿大,D0,domestic,none,2011,2024,14,2,12,2022,7.506590549287155,7.520031900161063,-0.013441350873907965
wind,CAN,Canada,加拿大,D0,domestic,none,2011,2024,14,2,12,2023,7.282182345930029,7.480070307964878,-0.19788796203484882
wind,CAN,Canada,加拿大,D0,domestic,none,2011,2024,14,2,12,2024,7.120871084593835,7.427717415005117,-0.3068463304112816
wind,CAN,Canada,加拿大,GD,global,domestic,2011,2024,14,3,11,2011,7.992479853891423,7.996152224269556,-0.003672370378133394
wind,CAN,Canada,加拿大,GD,global,domestic,2011,2024,14,3,11,2012,8.078117777454098,8.033768930586794,0.04434884686730456
wind,CAN,Canada,加拿大,GD,global,domestic,2011,2024,14,3,11,2013,8.042026200774057,8.056228893972502,-0.01420269319844536
wind,CAN,Canada,加拿大,GD,global,domestic,2011,2024,14,3,11,2014,7.975812415292794,8.047613614717381,-0.07180119942458685
wind,CAN,Canada,加拿大,GD,global,domestic,2011,2024,14,3,11,2015,8.008271386398194,7.997617103024085,0.010654283374108786
wind,CAN,Canada,加拿大,GD,global,domestic,2011,2024,14,3,11,2016,7.942761616224381,7.934012342635213,0.008749273589168105
wind,CAN,Canada,加拿大,GD,global,domestic,2011,2024,14,3,11,2017,7.812547471561847,7.8420703842422075,-0.02952291268036067
wind,CAN,Canada,加拿大,GD,global,domestic,2011,2024,14,3,11,2018,7.701071236286506,7.794222507065836,-0.09315127077933028
wind,CAN,Canada,加拿大,GD,global,domestic,2011,2024,14,3,11,2019,7.970509191204135,7.6882277159421,0.2822814752620353
wind,CAN,Canada,加拿大,GD,global,domestic,2011,2024,14,3,11,2020,7.413759721736146,7.534804413243901,-0.12104469150775454
wind,CAN,Canada,加拿大,GD,global,domestic,2011,2024,14,3,11,2021,7.348568602533549,7.44373591718432,-0.09516731465077122
wind,CAN,Canada,加拿大,GD,global,domestic,2011,2024,14,3,11,2022,7.506590549287155,7.381823924577396,0.12476662470975963
wind,CAN,Canada,加拿大,GD,global,domestic,2011,2024,14,3,11,2023,7.282182345930029,7.281968282588211,0.00021406334181861553
wind,CAN,Canada,加拿大,GD,global,domestic,2011,2024,14,3,11,2024,7.120871084593835,7.163323199118606,-0.042452114524770934
wind,CAN,Canada,加拿大,DD,domestic,domestic,2011,2024,14,3,11,2011,7.992479853891423,7.959935285131316,0.03254456876010714
wind,CAN,Canada,加拿大,DD,domestic,domestic,2011,2024,14,3,11,2012,8.078117777454098,8.096056046543364,-0.017938269089265546
wind,CAN,Canada,加拿大,DD,domestic,domestic,2011,2024,14,3,11,2013,8.042026200774057,8.049143267857659,-0.007117067083601825
wind,CAN,Canada,加拿大,DD,domestic,domestic,2011,2024,14,3,11,2014,7.975812415292794,8.004518767505473,-0.028706352212679143
wind,CAN,Canada,加拿大,DD,domestic,domestic,2011,2024,14,3,11,2015,8.008271386398194,7.971476523620318,0.03679486277787625
wind,CAN,Canada,加拿大,DD,domestic,domestic,2011,2024,14,3,11,2016,7.942761616224381,7.923199451367981,0.019562164856400166
wind,CAN,Canada,加拿大,DD,domestic,domestic,2011,2024,14,3,11,2017,7.812547471561847,7.837213214118417,-0.024665742556570613
wind,CAN,Canada,加拿大,DD,domestic,domestic,2011,2024,14,3,11,2018,7.701071236286506,7.804507103136954,-0.10343586685044848
wind,CAN,Canada,加拿大,DD,domestic,domestic,2011,2024,14,3,11,2019,7.970509191204135,7.690771293620583,0.2797378975835523
wind,CAN,Canada,加拿大,DD,domestic,domestic,2011,2024,14,3,11,2020,7.413759721736146,7.573648212396634,-0.15988849066048783
wind,CAN,Canada,加拿大,DD,domestic,domestic,2011,2024,14,3,11,2021,7.348568602533549,7.494352132174049,-0.14578352964050012
wind,CAN,Canada,加拿大,DD,domestic,domestic,2011,2024,14,3,11,2022,7.506590549287155,7.391123736898147,0.11546681238900813
wind,CAN,Canada,加拿大,DD,domestic,domestic,2011,2024,14,3,11,2023,7.282182345930029,7.283513909904091,-0.0013315639740616447
wind,CAN,Canada,加拿大,DD,domestic,domestic,2011,2024,14,3,11,2024,7.120871084593835,7.116110508893266,0.004760575700569092
wind,CAN,Canada,加拿大,DG,domestic,global,2011,2024,14,3,11,2011,7.992479853891423,7.993865642512009,-0.001385788620586581
wind,CAN,Canada,加拿大,DG,domestic,global,2011,2024,14,3,11,2012,8.078117777454098,8.135343837766696,-0.05722606031259758
wind,CAN,Canada,加拿大,DG,domestic,global,2011,2024,14,3,11,2013,8.042026200774057,8.002056808470202,0.039969392303854434
wind,CAN,Canada,加拿大,DG,domestic,global,2011,2024,14,3,11,2014,7.975812415292794,7.957492341658112,0.018320073634682466
wind,CAN,Canada,加拿大,DG,domestic,global,2011,2024,14,3,11,2015,8.008271386398194,7.855606905669111,0.1526644807290829
wind,CAN,Canada,加拿大,DG,domestic,global,2011,2024,14,3,11,2016,7.942761616224381,7.837112942286386,0.10564867393799471
wind,CAN,Canada,加拿大,DG,domestic,global,2011,2024,14,3,11,2017,7.812547471561847,7.884248381633177,-0.07170091007133017
wind,CAN,Canada,加拿大,DG,domestic,global,2011,2024,14,3,11,2018,7.701071236286506,7.8250676853304695,-0.12399644904396379
wind,CAN,Canada,加拿大,DG,domestic,global,2011,2024,14,3,11,2019,7.970509191204135,7.728678673665193,0.2418305175389417
wind,CAN,Canada,加拿大,DG,domestic,global,2011,2024,14,3,11,2020,7.413759721736146,7.634238009799203,-0.22047828806305692
wind,CAN,Canada,加拿大,DG,domestic,global,2011,2024,14,3,11,2021,7.348568602533549,7.570871594644047,-0.22230299211049864
wind,CAN,Canada,加拿大,DG,domestic,global,2011,2024,14,3,11,2022,7.506590549287155,7.416143278605782,0.09044727068137348
wind,CAN,Canada,加拿大,DG,domestic,global,2011,2024,14,3,11,2023,7.282182345930029,7.259689551517859,0.022492794412170447
wind,CAN,Canada,加拿大,DG,domestic,global,2011,2024,14,3,11,2024,7.120871084593835,7.095153799609738,0.025717284984096977
wind,CAN,Canada,加拿大,GG,global,global,2011,2024,14,3,11,2011,7.992479853891423,8.011625741868125,-0.019145887976701914
wind,CAN,Canada,加拿大,GG,global,global,2011,2024,14,3,11,2012,8.078117777454098,8.045061884662932,0.033055892791166386
wind,CAN,Canada,加拿大,GG,global,global,2011,2024,14,3,11,2013,8.042026200774057,8.039188962393045,0.0028372383810122415
wind,CAN,Canada,加拿大,GG,global,global,2011,2024,14,3,11,2014,7.975812415292794,8.039475874387831,-0.06366345909503668
wind,CAN,Canada,加拿大,GG,global,global,2011,2024,14,3,11,2015,8.008271386398194,7.9543994920581005,0.05387189434009354
wind,CAN,Canada,加拿大,GG,global,global,2011,2024,14,3,11,2016,7.942761616224381,7.902498277554958,0.040263338669422666
wind,CAN,Canada,加拿大,GG,global,global,2011,2024,14,3,11,2017,7.812547471561847,7.872548146950453,-0.060000675388605984
wind,CAN,Canada,加拿大,GG,global,global,2011,2024,14,3,11,2018,7.701071236286506,7.808719850512397,-0.10764861422589167
wind,CAN,Canada,加拿大,GG,global,global,2011,2024,14,3,11,2019,7.970509191204135,7.7085440818550826,0.2619651093490525
wind,CAN,Canada,加拿大,GG,global,global,2011,2024,14,3,11,2020,7.413759721736146,7.556050549985293,-0.14229082824914663
wind,CAN,Canada,加拿大,GG,global,global,2011,2024,14,3,11,2021,7.348568602533549,7.468206110519691,-0.11963750798614203
wind,CAN,Canada,加拿大,GG,global,global,2011,2024,14,3,11,2022,7.506590549287155,7.385286589255781,0.12130396003137456
wind,CAN,Canada,加拿大,GG,global,global,2011,2024,14,3,11,2023,7.282182345930029,7.259252467803853,0.02292987812617664
wind,CAN,Canada,加拿大,GG,global,global,2011,2024,14,3,11,2024,7.120871084593835,7.144711423360188,-0.02384033876635261
wind,CHN,China,中国,G0,global,none,2011,2024,14,2,12,2011,7.448482861141216,7.548652505422347,-0.10016964428113084
wind,CHN,China,中国,G0,global,none,2011,2024,14,2,12,2012,7.426507638597574,7.482711815611358,-0.05620417701378422
wind,CHN,China,中国,G0,global,none,2011,2024,14,2,12,2013,7.37514678872347,7.443204307681381,-0.06805751895791179
wind,CHN,China,中国,G0,global,none,2011,2024,14,2,12,2014,7.390324011635333,7.389397469621921,0.000926542013412579
wind,CHN,China,中国,G0,global,none,2011,2024,14,2,12,2015,7.3607446963661545,7.329845210365466,0.03089948600068837
wind,CHN,China,中国,G0,global,none,2011,2024,14,2,12,2016,7.357187237739791,7.290177600198188,0.06700963754160316
wind,CHN,China,中国,G0,global,none,2011,2024,14,2,12,2017,7.303257499998392,7.25811877172051,0.04513872827788212
wind,CHN,China,中国,G0,global,none,2011,2024,14,2,12,2018,7.338759061220362,7.228391794668939,0.11036726655142282
wind,CHN,China,中国,G0,global,none,2011,2024,14,2,12,2019,7.283301834457161,7.1943788290619395,0.08892300539522147
wind,CHN,China,中国,G0,global,none,2011,2024,14,2,12,2020,7.304996767213877,7.137400077552391,0.16759668966148666
wind,CHN,China,中国,G0,global,none,2011,2024,14,2,12,2021,7.181427242789888,7.103182845873199,0.07824439691668861
wind,CHN,China,中国,G0,global,none,2011,2024,14,2,12,2022,7.065421758302971,7.072566544436521,-0.00714478613354963
wind,CHN,China,中国,G0,global,none,2011,2024,14,2,12,2023,6.9175684868199685,7.032608410788988,-0.11503992396901985
wind,CHN,China,中国,G0,global,none,2011,2024,14,2,12,2024,6.752230985946027,6.994720687948988,-0.2424897020029606
wind,CHN,China,中国,D0,domestic,none,2011,2024,14,2,12,2011,7.448482861141216,7.557839295038153,-0.10935643389693706
wind,CHN,China,中国,D0,domestic,none,2011,2024,14,2,12,2012,7.426507638597574,7.489877504637541,-0.06336986603996753
wind,CHN,China,中国,D0,domestic,none,2011,2024,14,2,12,2013,7.37514678872347,7.437452710398906,-0.06230592167543669
wind,CHN,China,中国,D0,domestic,none,2011,2024,14,2,12,2014,7.390324011635333,7.381541550183134,0.008782461452199186
wind,CHN,China,中国,D0,domestic,none,2011,2024,14,2,12,2015,7.3607446963661545,7.308951990058162,0.051792706307992376
wind,CHN,China,中国,D0,domestic,none,2011,2024,14,2,12,2016,7.357187237739791,7.2803883480208595,0.07679888971893156
wind,CHN,China,中国,D0,domestic,none,2011,2024,14,2,12,2017,7.303257499998392,7.257796521613206,0.04546097838518648
wind,CHN,China,中国,D0,domestic,none,2011,2024,14,2,12,2018,7.338759061220362,7.23185103777606,0.10690802344430139
wind,CHN,China,中国,D0,domestic,none,2011,2024,14,2,12,2019,7.283301834457161,7.2023808398756834,0.0809209945814775
wind,CHN,China,中国,D0,domestic,none,2011,2024,14,2,12,2020,7.304996767213877,7.132137903520081,0.17285886369379622
wind,CHN,China,中国,D0,domestic,none,2011,2024,14,2,12,2021,7.181427242789888,7.107501203090199,0.07392603969968903
wind,CHN,China,中国,D0,domestic,none,2011,2024,14,2,12,2022,7.065421758302971,7.082767274563691,-0.017345516260720117
wind,CHN,China,中国,D0,domestic,none,2011,2024,14,2,12,2023,6.9175684868199685,7.0379003001027804,-0.12033181328281195
wind,CHN,China,中国,D0,domestic,none,2011,2024,14,2,12,2024,6.752230985946027,6.996970392073776,-0.24473940612774925
wind,CHN,China,中国,GD,global,domestic,2011,2024,14,3,11,2011,7.448482861141216,7.377642429267679,0.07084043187353739
wind,CHN,China,中国,GD,global,domestic,2011,2024,14,3,11,2012,7.426507638597574,7.442260945098754,-0.01575330650118012
wind,CHN,China,中国,GD,global,domestic,2011,2024,14,3,11,2013,7.37514678872347,7.428051977093255,-0.05290518836978553
wind,CHN,China,中国,GD,global,domestic,2011,2024,14,3,11,2014,7.390324011635333,7.453782668800067,-0.06345865716473398
wind,CHN,China,中国,GD,global,domestic,2011,2024,14,3,11,2015,7.3607446963661545,7.355029583525986,0.005715112840168679
wind,CHN,China,中国,GD,global,domestic,2011,2024,14,3,11,2016,7.357187237739791,7.344996416745136,0.01219082099465485
wind,CHN,China,中国,GD,global,domestic,2011,2024,14,3,11,2017,7.303257499998392,7.355771122366804,-0.052513622368411284
wind,CHN,China,中国,GD,global,domestic,2011,2024,14,3,11,2018,7.338759061220362,7.324277459183791,0.014481602036570784
wind,CHN,China,中国,GD,global,domestic,2011,2024,14,3,11,2019,7.283301834457161,7.2593521663686955,0.023949668088465437
wind,CHN,China,中国,GD,global,domestic,2011,2024,14,3,11,2020,7.304996767213877,7.1764719440642235,0.12852482314965386
wind,CHN,China,中国,GD,global,domestic,2011,2024,14,3,11,2021,7.181427242789888,7.171259649316752,0.010167593473135561
wind,CHN,China,中国,GD,global,domestic,2011,2024,14,3,11,2022,7.065421758302971,7.085185984742329,-0.01976422643935738
wind,CHN,China,中国,GD,global,domestic,2011,2024,14,3,11,2023,6.9175684868199685,6.9316478020838,-0.01407931526383166
wind,CHN,China,中国,GD,global,domestic,2011,2024,14,3,11,2024,6.752230985946027,6.799626722294798,-0.047395736348771145
wind,CHN,China,中国,DD,domestic,domestic,2011,2024,14,3,11,2011,7.448482861141216,7.391935099055512,0.056547762085704
wind,CHN,China,中国,DD,domestic,domestic,2011,2024,14,3,11,2012,7.426507638597574,7.45739200724387,-0.030884368646296068
wind,CHN,China,中国,DD,domestic,domestic,2011,2024,14,3,11,2013,7.37514678872347,7.419690730997493,-0.04454394227402325
wind,CHN,China,中国,DD,domestic,domestic,2011,2024,14,3,11,2014,7.390324011635333,7.4441025562959044,-0.05377854466057119
wind,CHN,China,中国,DD,domestic,domestic,2011,2024,14,3,11,2015,7.3607446963661545,7.31855897667535,0.042185719690804646
wind,CHN,China,中国,DD,domestic,domestic,2011,2024,14,3,11,2016,7.357187237739791,7.329793819218348,0.02739341852144328
wind,CHN,China,中国,DD,domestic,domestic,2011,2024,14,3,11,2017,7.303257499998392,7.359482019300483,-0.05622451930209049
wind,CHN,China,中国,DD,domestic,domestic,2011,2024,14,3,11,2018,7.338759061220362,7.334473258464518,0.004285802755843449
wind,CHN,China,中国,DD,domestic,domestic,2011,2024,14,3,11,2019,7.283301834457161,7.276129158649067,0.007172675808093665
wind,CHN,China,中国,DD,domestic,domestic,2011,2024,14,3,11,2020,7.304996767213877,7.166647591919364,0.13834917529451296
wind,CHN,China,中国,DD,domestic,domestic,2011,2024,14,3,11,2021,7.181427242789888,7.179932955381513,0.0014942874083745394
wind,CHN,China,中国,DD,domestic,domestic,2011,2024,14,3,11,2022,7.065421758302971,7.101925423194796,-0.03650366489182488
wind,CHN,China,中国,DD,domestic,domestic,2011,2024,14,3,11,2023,6.9175684868199685,6.933790460168868,-0.016221973348899077
wind,CHN,China,中国,DD,domestic,domestic,2011,2024,14,3,11,2024,6.752230985946027,6.791502814386936,-0.03927182844090904
wind,CHN,China,中国,DG,domestic,global,2011,2024,14,3,11,2011,7.448482861141216,7.388877264946929,0.05960559619428718
wind,CHN,China,中国,DG,domestic,global,2011,2024,14,3,11,2012,7.426507638597574,7.435987203137495,-0.00947956453992127
wind,CHN,China,中国,DG,domestic,global,2011,2024,14,3,11,2013,7.37514678872347,7.427330332417566,-0.05218354369409628
wind,CHN,China,中国,DG,domestic,global,2011,2024,14,3,11,2014,7.390324011635333,7.443316632325319,-0.05299262068998534
wind,CHN,China,中国,DG,domestic,global,2011,2024,14,3,11,2015,7.3607446963661545,7.377370216639271,-0.01662552027311648
wind,CHN,China,中国,DG,domestic,global,2011,2024,14,3,11,2016,7.357187237739791,7.364225650807869,-0.007038413068078064
wind,CHN,China,中国,DG,domestic,global,2011,2024,14,3,11,2017,7.303257499998392,7.363975584612368,-0.060718084613975876
wind,CHN,China,中国,DG,domestic,global,2011,2024,14,3,11,2018,7.338759061220362,7.327780811674064,0.010978249546298002
wind,CHN,China,中国,DG,domestic,global,2011,2024,14,3,11,2019,7.283301834457161,7.264706083082389,0.018595751374771652
wind,CHN,China,中国,DG,domestic,global,2011,2024,14,3,11,2020,7.304996767213877,7.143031689876546,0.16196507733733156
wind,CHN,China,中国,DG,domestic,global,2011,2024,14,3,11,2021,7.181427242789888,7.0968564563435015,0.08457078644638649
wind,CHN,China,中国,DG,domestic,global,2011,2024,14,3,11,2022,7.065421758302971,7.04838657771827,0.017035180584700882
wind,CHN,China,中国,DG,domestic,global,2011,2024,14,3,11,2023,6.9175684868199685,6.953593149317169,-0.03602466249720049
wind,CHN,China,中国,DG,domestic,global,2011,2024,14,3,11,2024,6.752230985946027,6.869919218053591,-0.11768823210756363
wind,CHN,China,中国,GG,global,global,2011,2024,14,3,11,2011,7.448482861141216,7.3849311610165,0.06355170012471678
wind,CHN,China,中国,GG,global,global,2011,2024,14,3,11,2012,7.426507638597574,7.426990103289038,-0.0004824646914638464
wind,CHN,China,中国,GG,global,global,2011,2024,14,3,11,2013,7.37514678872347,7.432829330982726,-0.05768254225925595
wind,CHN,China,中国,GG,global,global,2011,2024,14,3,11,2014,7.390324011635333,7.44697389429478,-0.05664988265944704
wind,CHN,China,中国,GG,global,global,2011,2024,14,3,11,2015,7.3607446963661545,7.398812354378007,-0.038067658011852856
wind,CHN,China,中国,GG,global,global,2011,2024,14,3,11,2016,7.357187237739791,7.370295249561355,-0.01310801182156407
wind,CHN,China,中国,GG,global,global,2011,2024,14,3,11,2017,7.303257499998392,7.356212738677627,-0.05295523867923446
wind,CHN,China,中国,GG,global,global,2011,2024,14,3,11,2018,7.338759061220362,7.316208759831279,0.022550301389082428
wind,CHN,China,中国,GG,global,global,2011,2024,14,3,11,2019,7.283301834457161,7.250151259811131,0.03315057464603033
wind,CHN,China,中国,GG,global,global,2011,2024,14,3,11,2020,7.304996767213877,7.150941395311657,0.15405537190222063
wind,CHN,China,中国,GG,global,global,2011,2024,14,3,11,2021,7.181427242789888,7.094152205148253,0.08727503764163469
wind,CHN,China,中国,GG,global,global,2011,2024,14,3,11,2022,7.065421758302971,7.040111244830269,0.025310513472701857
wind,CHN,China,中国,GG,global,global,2011,2024,14,3,11,2023,6.9175684868199685,6.956268481700581,-0.03869999488061282
wind,CHN,China,中国,GG,global,global,2011,2024,14,3,11,2024,6.752230985946027,6.880478692118995,-0.1282477061729681
wind,DEU,Germany,德国,G0,global,none,2011,2024,14,2,12,2011,7.902790323466473,7.905162394497932,-0.0023720710314591997
wind,DEU,Germany,德国,G0,global,none,2011,2024,14,2,12,2012,7.80682771568095,7.857343065377245,-0.0505153496962949
wind,DEU,Germany,德国,G0,global,none,2011,2024,14,2,12,2013,7.794635981702214,7.828692735363154,-0.03405675366093952
wind,DEU,Germany,德国,G0,global,none,2011,2024,14,2,12,2014,7.781093079761682,7.789672717442746,-0.008579637681063623
wind,DEU,Germany,德国,G0,global,none,2011,2024,14,2,12,2015,7.762292260005773,7.746486194926412,0.015806065079360998
wind,DEU,Germany,德国,G0,global,none,2011,2024,14,2,12,2016,7.743043335304642,7.7177197608557755,0.02532357444886646
wind,DEU,Germany,德国,G0,global,none,2011,2024,14,2,12,2017,7.742887623071207,7.694471116132888,0.04841650693831845
wind,DEU,Germany,德国,G0,global,none,2011,2024,14,2,12,2018,7.726294081527121,7.672913499682912,0.05338058184420902
wind,DEU,Germany,德国,G0,global,none,2011,2024,14,2,12,2019,7.64902565918817,7.648247740173968,0.0007779190142018777
wind,DEU,Germany,德国,G0,global,none,2011,2024,14,2,12,2020,7.644494798911768,7.606927491945887,0.0375673069658804
wind,DEU,Germany,德国,G0,global,none,2011,2024,14,2,12,2021,7.572627455231146,7.58211360134274,-0.009486146111593818
wind,DEU,Germany,德国,G0,global,none,2011,2024,14,2,12,2022,7.606755013034698,7.559911058435542,0.046843954599156135
wind,DEU,Germany,德国,G0,global,none,2011,2024,14,2,12,2023,7.490990392769712,7.530933940522206,-0.03994354775249409
wind,DEU,Germany,德国,G0,global,none,2011,2024,14,2,12,2024,7.420295854595374,7.503458257551456,-0.08316240295608157
wind,DEU,Germany,德国,D0,domestic,none,2011,2024,14,2,12,2011,7.902790323466473,7.90122708519902,0.00156323826745286
wind,DEU,Germany,德国,D0,domestic,none,2011,2024,14,2,12,2012,7.80682771568095,7.868498090231364,-0.06167037455041413
wind,DEU,Germany,德国,D0,domestic,none,2011,2024,14,2,12,2013,7.794635981702214,7.837066393635569,-0.042430411933354506
wind,DEU,Germany,德国,D0,domestic,none,2011,2024,14,2,12,2014,7.781093079761682,7.778600338897462,0.002492740864219911
wind,DEU,Germany,德国,D0,domestic,none,2011,2024,14,2,12,2015,7.762292260005773,7.73728584275344,0.025006417252332547
wind,DEU,Germany,德国,D0,domestic,none,2011,2024,14,2,12,2016,7.743043335304642,7.696464089254139,0.04657924605050301
wind,DEU,Germany,德国,D0,domestic,none,2011,2024,14,2,12,2017,7.742887623071207,7.651024416617296,0.09186320645391088
wind,DEU,Germany,德国,D0,domestic,none,2011,2024,14,2,12,2018,7.726294081527121,7.632401738911307,0.09389234261581425
wind,DEU,Germany,德国,D0,domestic,none,2011,2024,14,2,12,2019,7.64902565918817,7.625188116883499,0.023837542304670833
wind,DEU,Germany,德国,D0,domestic,none,2011,2024,14,2,12,2020,7.644494798911768,7.615083684823006,0.02941111408876207
wind,DEU,Germany,德国,D0,domestic,none,2011,2024,14,2,12,2021,7.572627455231146,7.6031154217513075,-0.030487966520161613
wind,DEU,Germany,德国,D0,domestic,none,2011,2024,14,2,12,2022,7.606755013034698,7.586915670521685,0.01983934251301367
wind,DEU,Germany,德国,D0,domestic,none,2011,2024,14,2,12,2023,7.490990392769712,7.564720522063608,-0.07373012929389589
wind,DEU,Germany,德国,D0,domestic,none,2011,2024,14,2,12,2024,7.420295854595374,7.546462162708216,-0.12616630811284146
wind,DEU,Germany,德国,GD,global,domestic,2011,2024,14,3,11,2011,7.902790323466473,7.859208497252084,0.043581826214389
wind,DEU,Germany,德国,GD,global,domestic,2011,2024,14,3,11,2012,7.80682771568095,7.842809402461097,-0.035981686780147015
wind,DEU,Germany,德国,GD,global,domestic,2011,2024,14,3,11,2013,7.794635981702214,7.827297577849631,-0.032661596147416816
wind,DEU,Germany,德国,GD,global,domestic,2011,2024,14,3,11,2014,7.781093079761682,7.804207527793487,-0.023114448031805068
wind,DEU,Germany,德国,GD,global,domestic,2011,2024,14,3,11,2015,7.762292260005773,7.764714508883647,-0.0024222488778740114
wind,DEU,Germany,德国,GD,global,domestic,2011,2024,14,3,11,2016,7.743043335304642,7.725001013931046,0.018042321373595627
wind,DEU,Germany,德国,GD,global,domestic,2011,2024,14,3,11,2017,7.742887623071207,7.735369955378711,0.007517667692495955
wind,DEU,Germany,德国,GD,global,domestic,2011,2024,14,3,11,2018,7.726294081527121,7.692300076292724,0.03399400523439766
wind,DEU,Germany,德国,GD,global,domestic,2011,2024,14,3,11,2019,7.64902565918817,7.655845711664246,-0.006820052476076199
wind,DEU,Germany,德国,GD,global,domestic,2011,2024,14,3,11,2020,7.644494798911768,7.6292504775410785,0.015244321370689207
wind,DEU,Germany,德国,GD,global,domestic,2011,2024,14,3,11,2021,7.572627455231146,7.594687147333778,-0.0220596921026317
wind,DEU,Germany,德国,GD,global,domestic,2011,2024,14,3,11,2022,7.606755013034698,7.539285562499295,0.06746945053540365
wind,DEU,Germany,德国,GD,global,domestic,2011,2024,14,3,11,2023,7.490990392769712,7.515461801421035,-0.02447140865132269
wind,DEU,Germany,德国,GD,global,domestic,2011,2024,14,3,11,2024,7.420295854595374,7.458614313948964,-0.03831845935358924
wind,DEU,Germany,德国,DD,domestic,domestic,2011,2024,14,3,11,2011,7.902790323466473,7.844411613842456,0.0583787096240167
wind,DEU,Germany,德国,DD,domestic,domestic,2011,2024,14,3,11,2012,7.80682771568095,7.838663017942603,-0.0318353022616531
wind,DEU,Germany,德国,DD,domestic,domestic,2011,2024,14,3,11,2013,7.794635981702214,7.826861501459456,-0.03222551975724208
wind,DEU,Germany,德国,DD,domestic,domestic,2011,2024,14,3,11,2014,7.781093079761682,7.806896051135958,-0.025802971374275785
wind,DEU,Germany,德国,DD,domestic,domestic,2011,2024,14,3,11,2015,7.762292260005773,7.768867961286923,-0.006575701281150259
wind,DEU,Germany,德国,DD,domestic,domestic,2011,2024,14,3,11,2016,7.743043335304642,7.725100002049988,0.017943333254653915
wind,DEU,Germany,德国,DD,domestic,domestic,2011,2024,14,3,11,2017,7.742887623071207,7.743379695669153,-0.0004920725979467022
wind,DEU,Germany,德国,DD,domestic,domestic,2011,2024,14,3,11,2018,7.726294081527121,7.694466583039906,0.03182749848721489
wind,DEU,Germany,德国,DD,domestic,domestic,2011,2024,14,3,11,2019,7.64902565918817,7.656257426228241,-0.007231767040071446
wind,DEU,Germany,德国,DD,domestic,domestic,2011,2024,14,3,11,2020,7.644494798911768,7.636855284197644,0.0076395147141239406
wind,DEU,Germany,德国,DD,domestic,domestic,2011,2024,14,3,11,2021,7.572627455231146,7.600726704815745,-0.028099249584599306
wind,DEU,Germany,德国,DD,domestic,domestic,2011,2024,14,3,11,2022,7.606755013034698,7.536375351689695,0.07037966134500362
wind,DEU,Germany,德国,DD,domestic,domestic,2011,2024,14,3,11,2023,7.490990392769712,7.514787834105979,-0.023797441336267156
wind,DEU,Germany,德国,DD,domestic,domestic,2011,2024,14,3,11,2024,7.420295854595374,7.450404546787149,-0.030108692191774367
wind,DEU,Germany,德国,DG,domestic,global,2011,2024,14,3,11,2011,7.902790323466473,7.818539404491019,0.08425091897545389
wind,DEU,Germany,德国,DG,domestic,global,2011,2024,14,3,11,2012,7.80682771568095,7.852769661135547,-0.0459419454545964
wind,DEU,Germany,德国,DG,domestic,global,2011,2024,14,3,11,2013,7.794635981702214,7.845524072589873,-0.05088809088765878
wind,DEU,Germany,德国,DG,domestic,global,2011,2024,14,3,11,2014,7.781093079761682,7.818263089535918,-0.037170009774236235
wind,DEU,Germany,德国,DG,domestic,global,2011,2024,14,3,11,2015,7.762292260005773,7.780883176403108,-0.018590916397335455
wind,DEU,Germany,德国,DG,domestic,global,2011,2024,14,3,11,2016,7.743043335304642,7.74017584887557,0.002867486429072308
wind,DEU,Germany,德国,DG,domestic,global,2011,2024,14,3,11,2017,7.742887623071207,7.695908373216016,0.046979249855191085
wind,DEU,Germany,德国,DG,domestic,global,2011,2024,14,3,11,2018,7.726294081527121,7.670241592496383,0.056052489030737895
wind,DEU,Germany,德国,DG,domestic,global,2011,2024,14,3,11,2019,7.64902565918817,7.64757965216022,0.001446007027949392
wind,DEU,Germany,德国,DG,domestic,global,2011,2024,14,3,11,2020,7.644494798911768,7.61925743187337,0.02523736703839763
wind,DEU,Germany,德国,DG,domestic,global,2011,2024,14,3,11,2021,7.572627455231146,7.595972358416024,-0.023344903184877808
wind,DEU,Germany,德国,DG,domestic,global,2011,2024,14,3,11,2022,7.606755013034698,7.565753544924924,0.041001468109774564
wind,DEU,Germany,德国,DG,domestic,global,2011,2024,14,3,11,2023,7.490990392769712,7.51679330954091,-0.02580291677119817
wind,DEU,Germany,德国,DG,domestic,global,2011,2024,14,3,11,2024,7.420295854595374,7.476392058592527,-0.05609620399715265
wind,DEU,Germany,德国,GG,global,global,2011,2024,14,3,11,2011,7.902790323466473,7.85269844954717,0.050091873919302365
wind,DEU,Germany,德国,GG,global,global,2011,2024,14,3,11,2012,7.80682771568095,7.83948723321038,-0.03265951752942975
wind,DEU,Germany,德国,GG,global,global,2011,2024,14,3,11,2013,7.794635981702214,7.825368109558468,-0.03073212785625401
wind,DEU,Germany,德国,GG,global,global,2011,2024,14,3,11,2014,7.781093079761682,7.808122885839861,-0.027029806078179064
wind,DEU,Germany,德国,GG,global,global,2011,2024,14,3,11,2015,7.762292260005773,7.7685864803840445,-0.006294220378271653
wind,DEU,Germany,德国,GG,global,global,2011,2024,14,3,11,2016,7.743043335304642,7.743393187622569,-0.00034985231792727944
wind,DEU,Germany,德国,GG,global,global,2011,2024,14,3,11,2017,7.742887623071207,7.725904992400561,0.016982630670645982
wind,DEU,Germany,德国,GG,global,global,2011,2024,14,3,11,2018,7.726294081527121,7.701054145868847,0.025239935658274426
wind,DEU,Germany,德国,GG,global,global,2011,2024,14,3,11,2019,7.64902565918817,7.666119824887213,-0.017094165699043096
wind,DEU,Germany,德国,GG,global,global,2011,2024,14,3,11,2020,7.644494798911768,7.6112667609157,0.03322803799606788
wind,DEU,Germany,德国,GG,global,global,2011,2024,14,3,11,2021,7.572627455231146,7.5792197634037155,-0.006592308172569616
wind,DEU,Germany,德国,GG,global,global,2011,2024,14,3,11,2022,7.606755013034698,7.549510868661343,0.05724414437335579
wind,DEU,Germany,德国,GG,global,global,2011,2024,14,3,11,2023,7.490990392769712,7.50647107129903,-0.015480678529318226
wind,DEU,Germany,德国,GG,global,global,2011,2024,14,3,11,2024,7.420295854595374,7.466849800651453,-0.0465539460560791
wind,ESP,Spain,西班牙,G0,global,none,2011,2024,14,2,12,2011,7.95089397101628,7.978352531950238,-0.027458560933958154
wind,ESP,Spain,西班牙,G0,global,none,2011,2024,14,2,12,2012,7.8199543178873245,7.879240935300567,-0.05928661741324248
wind,ESP,Spain,西班牙,G0,global,none,2011,2024,14,2,12,2013,7.815398501351464,7.819859509328028,-0.004461007976563458
wind,ESP,Spain,西班牙,G0,global,none,2011,2024,14,2,12,2014,7.64379946554468,7.738985596027613,-0.0951861304829329
wind,ESP,Spain,西班牙,G0,global,none,2011,2024,14,2,12,2015,7.587817277303603,7.64947607594342,-0.061658798639817824
wind,ESP,Spain,西班牙,G0,global,none,2011,2024,14,2,12,2016,7.572837567018118,7.589854009655902,-0.017016442637784124
wind,ESP,Spain,西班牙,G0,global,none,2011,2024,14,2,12,2017,7.665953157945023,7.541668258395969,0.1242848995490542
wind,ESP,Spain,西班牙,G0,global,none,2011,2024,14,2,12,2018,7.932307699734319,7.496987376718898,0.43532032301542145
wind,ESP,Spain,西班牙,G0,global,none,2011,2024,14,2,12,2019,7.521889703644911,7.445864476158366,0.07602522748654472
wind,ESP,Spain,西班牙,G0,global,none,2011,2024,14,2,12,2020,7.27947267637823,7.360223045148116,-0.08075036876988584
wind,ESP,Spain,西班牙,G0,global,none,2011,2024,14,2,12,2021,7.193510389232997,7.308793124193738,-0.11528273496074082
wind,ESP,Spain,西班牙,G0,global,none,2011,2024,14,2,12,2022,7.115126331834608,7.262775551014043,-0.14764921917943497
wind,ESP,Spain,西班牙,G0,global,none,2011,2024,14,2,12,2023,7.07821277378425,7.202716815864326,-0.12450404208007626
wind,ESP,Spain,西班牙,G0,global,none,2011,2024,14,2,12,2024,7.243393467208266,7.14576999418478,0.09762347302348573
wind,ESP,Spain,西班牙,D0,domestic,none,2011,2024,14,2,12,2011,7.95089397101628,7.855165934846426,0.09572803616985404
wind,ESP,Spain,西班牙,D0,domestic,none,2011,2024,14,2,12,2012,7.8199543178873245,7.739070836846143,0.08088348104118115
wind,ESP,Spain,西班牙,D0,domestic,none,2011,2024,14,2,12,2013,7.815398501351464,7.724434345062859,0.09096415628860566
wind,ESP,Spain,西班牙,D0,domestic,none,2011,2024,14,2,12,2014,7.64379946554468,7.724434345062859,-0.08063487951817905
wind,ESP,Spain,西班牙,D0,domestic,none,2011,2024,14,2,12,2015,7.587817277303603,7.722834274066892,-0.13501699676328904
wind,ESP,Spain,西班牙,D0,domestic,none,2011,2024,14,2,12,2016,7.572837567018118,7.7186622147275665,-0.14582464770944892
wind,ESP,Spain,西班牙,D0,domestic,none,2011,2024,14,2,12,2017,7.665953157945023,7.7067716913021,-0.040818533357076525
wind,ESP,Spain,西班牙,D0,domestic,none,2011,2024,14,2,12,2018,7.932307699734319,7.682184027724502,0.250123672009817
wind,ESP,Spain,西班牙,D0,domestic,none,2011,2024,14,2,12,2019,7.521889703644911,7.500213835954281,0.02167586769062968
wind,ESP,Spain,西班牙,D0,domestic,none,2011,2024,14,2,12,2020,7.27947267637823,7.4045594817613,-0.12508680538307004
wind,ESP,Spain,西班牙,D0,domestic,none,2011,2024,14,2,12,2021,7.193510389232997,7.323438813006668,-0.12992842377367086
wind,ESP,Spain,西班牙,D0,domestic,none,2011,2024,14,2,12,2022,7.115126331834608,7.168294675183115,-0.053168343348507285
wind,ESP,Spain,西班牙,D0,domestic,none,2011,2024,14,2,12,2023,7.07821277378425,7.117814158462896,-0.03960138467864649
wind,ESP,Spain,西班牙,D0,domestic,none,2011,2024,14,2,12,2024,7.243393467208266,7.032688665876587,0.21070480133167901
wind,ESP,Spain,西班牙,GD,global,domestic,2011,2024,14,3,11,2011,7.95089397101628,7.868701801586376,0.08219216942990393
wind,ESP,Spain,西班牙,GD,global,domestic,2011,2024,14,3,11,2012,7.8199543178873245,7.853038104075884,-0.03308378618855912
wind,ESP,Spain,西班牙,GD,global,domestic,2011,2024,14,3,11,2013,7.815398501351464,7.807295883598067,0.008102617753397823
wind,ESP,Spain,西班牙,GD,global,domestic,2011,2024,14,3,11,2014,7.64379946554468,7.760357256619614,-0.11655779107493469
wind,ESP,Spain,西班牙,GD,global,domestic,2011,2024,14,3,11,2015,7.587817277303603,7.696121803511778,-0.10830452620817521
wind,ESP,Spain,西班牙,GD,global,domestic,2011,2024,14,3,11,2016,7.572837567018118,7.656845844584355,-0.08400827756623741
wind,ESP,Spain,西班牙,GD,global,domestic,2011,2024,14,3,11,2017,7.665953157945023,7.605133822118601,0.06081933582642218
wind,ESP,Spain,西班牙,GD,global,domestic,2011,2024,14,3,11,2018,7.932307699734319,7.557115519359902,0.37519218037441693
wind,ESP,Spain,西班牙,GD,global,domestic,2011,2024,14,3,11,2019,7.521889703644911,7.4835455024298625,0.03834420121504856
wind,ESP,Spain,西班牙,GD,global,domestic,2011,2024,14,3,11,2020,7.27947267637823,7.375323773426395,-0.09585109704816475
wind,ESP,Spain,西班牙,GD,global,domestic,2011,2024,14,3,11,2021,7.193510389232997,7.298257236411276,-0.10474684717827909
wind,ESP,Spain,西班牙,GD,global,domestic,2011,2024,14,3,11,2022,7.115126331834608,7.235446616325013,-0.120320284490405
wind,ESP,Spain,西班牙,GD,global,domestic,2011,2024,14,3,11,2023,7.07821277378425,7.153242144463483,-0.07502937067923288
wind,ESP,Spain,西班牙,GD,global,domestic,2011,2024,14,3,11,2024,7.243393467208266,7.070141991373515,0.17325147583475076
wind,ESP,Spain,西班牙,DD,domestic,domestic,2011,2024,14,3,11,2011,7.95089397101628,7.967001668959259,-0.016107697942979726
wind,ESP,Spain,西班牙,DD,domestic,domestic,2011,2024,14,3,11,2012,7.8199543178873245,7.783377457994572,0.03657685989275272
wind,ESP,Spain,西班牙,DD,domestic,domestic,2011,2024,14,3,11,2013,7.815398501351464,7.75403719728154,0.06136130406992457
wind,ESP,Spain,西班牙,DD,domestic,domestic,2011,2024,14,3,11,2014,7.64379946554468,7.72230752713626,-0.07850806159158008
wind,ESP,Spain,西班牙,DD,domestic,domestic,2011,2024,14,3,11,2015,7.587817277303603,7.69467698668677,-0.10685970938316736
wind,ESP,Spain,西班牙,DD,domestic,domestic,2011,2024,14,3,11,2016,7.572837567018118,7.67063689686803,-0.09779932984991202
wind,ESP,Spain,西班牙,DD,domestic,domestic,2011,2024,14,3,11,2017,7.665953157945023,7.657574190758624,0.008378967186398967
wind,ESP,Spain,西班牙,DD,domestic,domestic,2011,2024,14,3,11,2018,7.932307699734319,7.63220836710581,0.3000993326285091
wind,ESP,Spain,西班牙,DD,domestic,domestic,2011,2024,14,3,11,2019,7.521889703644911,7.466018043757229,0.05587165988768206
wind,ESP,Spain,西班牙,DD,domestic,domestic,2011,2024,14,3,11,2020,7.27947267637823,7.381729363124497,-0.10225668674626665
wind,ESP,Spain,西班牙,DD,domestic,domestic,2011,2024,14,3,11,2021,7.193510389232997,7.316789277993293,-0.12327888876029647
wind,ESP,Spain,西班牙,DD,domestic,domestic,2011,2024,14,3,11,2022,7.115126331834608,7.1731682374052745,-0.058041905570666685
wind,ESP,Spain,西班牙,DD,domestic,domestic,2011,2024,14,3,11,2023,7.07821277378425,7.134993720721977,-0.05678094693772717
wind,ESP,Spain,西班牙,DD,domestic,domestic,2011,2024,14,3,11,2024,7.243393467208266,7.06604836409076,0.1773451031175064
wind,ESP,Spain,西班牙,DG,domestic,global,2011,2024,14,3,11,2011,7.95089397101628,7.965545035617811,-0.014651064601530983
wind,ESP,Spain,西班牙,DG,domestic,global,2011,2024,14,3,11,2012,7.8199543178873245,7.792675776605675,0.027278541281649638
wind,ESP,Spain,西班牙,DG,domestic,global,2011,2024,14,3,11,2013,7.815398501351464,7.751145489932181,0.06425301141928319
wind,ESP,Spain,西班牙,DG,domestic,global,2011,2024,14,3,11,2014,7.64379946554468,7.710839118973652,-0.06703965342897256
wind,ESP,Spain,西班牙,DG,domestic,global,2011,2024,14,3,11,2015,7.587817277303603,7.694927239842825,-0.107109962539222
wind,ESP,Spain,西班牙,DG,domestic,global,2011,2024,14,3,11,2016,7.572837567018118,7.679649797162047,-0.10681223014392938
wind,ESP,Spain,西班牙,DG,domestic,global,2011,2024,14,3,11,2017,7.665953157945023,7.654854514557034,0.011098643387989604
wind,ESP,Spain,西班牙,DG,domestic,global,2011,2024,14,3,11,2018,7.932307699734319,7.631575323937066,0.30073237579725287
wind,ESP,Spain,西班牙,DG,domestic,global,2011,2024,14,3,11,2019,7.521889703644911,7.4664615183469705,0.05542818529794058
wind,ESP,Spain,西班牙,DG,domestic,global,2011,2024,14,3,11,2020,7.27947267637823,7.385804913507568,-0.10633223712933759
wind,ESP,Spain,西班牙,DG,domestic,global,2011,2024,14,3,11,2021,7.193510389232997,7.313253839332054,-0.11974345009905729
wind,ESP,Spain,西班牙,DG,domestic,global,2011,2024,14,3,11,2022,7.115126331834608,7.170391354709926,-0.05526502287531798
wind,ESP,Spain,西班牙,DG,domestic,global,2011,2024,14,3,11,2023,7.07821277378425,7.136569400809045,-0.05835662702479549
wind,ESP,Spain,西班牙,DG,domestic,global,2011,2024,14,3,11,2024,7.243393467208266,7.066873976550157,0.17651949065810868
wind,ESP,Spain,西班牙,GG,global,global,2011,2024,14,3,11,2011,7.95089397101628,7.87356100522573,0.07733296579054993
wind,ESP,Spain,西班牙,GG,global,global,2011,2024,14,3,11,2012,7.8199543178873245,7.843575681468517,-0.023621363581192156
wind,ESP,Spain,西班牙,GG,global,global,2011,2024,14,3,11,2013,7.815398501351464,7.81321889901586,0.002179602335604436
wind,ESP,Spain,西班牙,GG,global,global,2011,2024,14,3,11,2014,7.64379946554468,7.775837977534154,-0.13203851198947447
wind,ESP,Spain,西班牙,GG,global,global,2011,2024,14,3,11,2015,7.587817277303603,7.693619204263869,-0.10580192696026636
wind,ESP,Spain,西班牙,GG,global,global,2011,2024,14,3,11,2016,7.572837567018118,7.641134133361296,-0.06829656634317871
wind,ESP,Spain,西班牙,GG,global,global,2011,2024,14,3,11,2017,7.665953157945023,7.60445430866452,0.06149884928050309
wind,ESP,Spain,西班牙,GG,global,global,2011,2024,14,3,11,2018,7.932307699734319,7.553195526518005,0.3791121732163143
wind,ESP,Spain,西班牙,GG,global,global,2011,2024,14,3,11,2019,7.521889703644911,7.481562192840054,0.04032751080485664
wind,ESP,Spain,西班牙,GG,global,global,2011,2024,14,3,11,2020,7.27947267637823,7.368890304551617,-0.08941762817338716
wind,ESP,Spain,西班牙,GG,global,global,2011,2024,14,3,11,2021,7.193510389232997,7.303012969918183,-0.10950258068518615
wind,ESP,Spain,西班牙,GG,global,global,2011,2024,14,3,11,2022,7.115126331834608,7.242002203419183,-0.12687587158457525
wind,ESP,Spain,西班牙,GG,global,global,2011,2024,14,3,11,2023,7.07821277378425,7.1538546607907385,-0.07564188700648877
wind,ESP,Spain,西班牙,GG,global,global,2011,2024,14,3,11,2024,7.243393467208266,7.072648232312342,0.1707452348959242
wind,FRA,France,法国,G0,global,none,2011,2024,14,2,12,2011,7.880406976748881,7.825904276047604,0.05450270070127683
wind,FRA,France,法国,G0,global,none,2011,2024,14,2,12,2012,7.783246131719415,7.790388623993902,-0.0071424922744869335
wind,FRA,France,法国,G0,global,none,2011,2024,14,2,12,2013,7.72400837491731,7.769109882306912,-0.04510150738960217
wind,FRA,France,法国,G0,global,none,2011,2024,14,2,12,2014,7.667288464067171,7.740129522166499,-0.07284105809932839
wind,FRA,France,法国,G0,global,none,2011,2024,14,2,12,2015,7.6646696331793756,7.708054678472467,-0.04338504529309173
wind,FRA,France,法国,G0,global,none,2011,2024,14,2,12,2016,7.654070445256042,7.686689705728914,-0.032619260472872114
wind,FRA,France,法国,G0,global,none,2011,2024,14,2,12,2017,7.784332759065801,7.669422822402,0.11490993666380156
wind,FRA,France,法国,G0,global,none,2011,2024,14,2,12,2018,7.749562252479222,7.653411874130178,0.09615037834904339
wind,FRA,France,法国,G0,global,none,2011,2024,14,2,12,2019,7.650548378561791,7.635092492648496,0.015455885913294942
wind,FRA,France,法国,G0,global,none,2011,2024,14,2,12,2020,7.508637423182434,7.6044037400911915,-0.09576631690875725
wind,FRA,France,法国,G0,global,none,2011,2024,14,2,12,2021,7.61099182506375,7.585974340913803,0.025017484149946867
wind,FRA,France,法国,G0,global,none,2011,2024,14,2,12,2022,7.6186505711210115,7.569484402575076,0.04916616854593592
wind,FRA,France,法国,G0,global,none,2011,2024,14,2,12,2023,7.488581289794648,7.547962953900383,-0.05938166410573498
wind,FRA,France,法国,G0,global,none,2011,2024,14,2,12,2024,7.528591418598056,7.527556628377408,0.0010347902206486737
wind,FRA,France,法国,D0,domestic,none,2011,2024,14,2,12,2011,7.880406976748881,7.810186397078826,0.07022057967005502
wind,FRA,France,法国,D0,domestic,none,2011,2024,14,2,12,2012,7.783246131719415,7.78456557444866,-0.0013194427292448907
wind,FRA,France,法国,D0,domestic,none,2011,2024,14,2,12,2013,7.72400837491731,7.7693936365852325,-0.04538526166792245
wind,FRA,France,法国,D0,domestic,none,2011,2024,14,2,12,2014,7.667288464067171,7.7434139327982985,-0.07612546873112791
wind,FRA,France,法国,D0,domestic,none,2011,2024,14,2,12,2015,7.6646696331793756,7.719056727342968,-0.054387094163592664
wind,FRA,France,法国,D0,domestic,none,2011,2024,14,2,12,2016,7.654070445256042,7.693935936303301,-0.03986549104725956
wind,FRA,France,法国,D0,domestic,none,2011,2024,14,2,12,2017,7.784332759065801,7.6605211024126145,0.12381165665318683
wind,FRA,France,法国,D0,domestic,none,2011,2024,14,2,12,2018,7.749562252479222,7.639202710698227,0.11035954178099416
wind,FRA,France,法国,D0,domestic,none,2011,2024,14,2,12,2019,7.650548378561791,7.617905850090283,0.03264252847150839
wind,FRA,France,法国,D0,domestic,none,2011,2024,14,2,12,2020,7.508637423182434,7.604998470823161,-0.09636104764072684
wind,FRA,France,法国,D0,domestic,none,2011,2024,14,2,12,2021,7.61099182506375,7.59311030594383,0.01788151911992042
wind,FRA,France,法国,D0,domestic,none,2011,2024,14,2,12,2022,7.6186505711210115,7.570993909446092,0.04765666167491922
wind,FRA,France,法国,D0,domestic,none,2011,2024,14,2,12,2023,7.488581289794648,7.558690682057904,-0.07010939226325608
wind,FRA,France,法国,D0,domestic,none,2011,2024,14,2,12,2024,7.528591418598056,7.547610707725491,-0.019019289127435002
wind,FRA,France,法国,GD,global,domestic,2011,2024,14,3,11,2011,7.880406976748881,7.810232730050594,0.07017424669828642
wind,FRA,France,法国,GD,global,domestic,2011,2024,14,3,11,2012,7.783246131719415,7.775552942036107,0.007693189683307899
wind,FRA,France,法国,GD,global,domestic,2011,2024,14,3,11,2013,7.72400837491731,7.7507207385161285,-0.026712363598818456
wind,FRA,France,法国,GD,global,domestic,2011,2024,14,3,11,2014,7.667288464067171,7.733640702029036,-0.06635223796186551
wind,FRA,France,法国,GD,global,domestic,2011,2024,14,3,11,2015,7.6646696331793756,7.718473334918299,-0.05380370173892324
wind,FRA,France,法国,GD,global,domestic,2011,2024,14,3,11,2016,7.654070445256042,7.718032103611174,-0.06396165835513212
wind,FRA,France,法国,GD,global,domestic,2011,2024,14,3,11,2017,7.784332759065801,7.692653004238533,0.09167975482726831
wind,FRA,France,法国,GD,global,domestic,2011,2024,14,3,11,2018,7.749562252479222,7.676599263244729,0.07296298923449296
wind,FRA,France,法国,GD,global,domestic,2011,2024,14,3,11,2019,7.650548378561791,7.642280822022256,0.00826755653953537
wind,FRA,France,法国,GD,global,domestic,2011,2024,14,3,11,2020,7.508637423182434,7.610104104681564,-0.10146668149912941
wind,FRA,France,法国,GD,global,domestic,2011,2024,14,3,11,2021,7.61099182506375,7.595636503794106,0.015355321269644229
wind,FRA,France,法国,GD,global,domestic,2011,2024,14,3,11,2022,7.6186505711210115,7.567500725942213,0.051149845178798614
wind,FRA,France,法国,GD,global,domestic,2011,2024,14,3,11,2023,7.488581289794648,7.529431644092448,-0.04085035429779982
wind,FRA,France,法国,GD,global,domestic,2011,2024,14,3,11,2024,7.528591418598056,7.492727324577762,0.03586409402029389
wind,FRA,France,法国,DD,domestic,domestic,2011,2024,14,3,11,2011,7.880406976748881,7.7943084074808,0.08609856926808046
wind,FRA,France,法国,DD,domestic,domestic,2011,2024,14,3,11,2012,7.783246131719415,7.770861648983178,0.012384482736236713
wind,FRA,France,法国,DD,domestic,domestic,2011,2024,14,3,11,2013,7.72400837491731,7.753022976174165,-0.029014601256855066
wind,FRA,France,法国,DD,domestic,domestic,2011,2024,14,3,11,2014,7.667288464067171,7.738901515479613,-0.07161305141244245
wind,FRA,France,法国,DD,domestic,domestic,2011,2024,14,3,11,2015,7.6646696331793756,7.7322222021132845,-0.06755256893390893
wind,FRA,France,法国,DD,domestic,domestic,2011,2024,14,3,11,2016,7.654070445256042,7.726673016598525,-0.07260257134248338
wind,FRA,France,法国,DD,domestic,domestic,2011,2024,14,3,11,2017,7.784332759065801,7.681787500137252,0.10254525892854893
wind,FRA,France,法国,DD,domestic,domestic,2011,2024,14,3,11,2018,7.749562252479222,7.659117356436423,0.09044489604279882
wind,FRA,France,法国,DD,domestic,domestic,2011,2024,14,3,11,2019,7.650548378561791,7.621127760570863,0.029420617990928655
wind,FRA,France,法国,DD,domestic,domestic,2011,2024,14,3,11,2020,7.508637423182434,7.609727997203547,-0.10109057402111254
wind,FRA,France,法国,DD,domestic,domestic,2011,2024,14,3,11,2021,7.61099182506375,7.602728707600735,0.00826311746301478
wind,FRA,France,法国,DD,domestic,domestic,2011,2024,14,3,11,2022,7.6186505711210115,7.567729793798601,0.050920777322410515
wind,FRA,France,法国,DD,domestic,domestic,2011,2024,14,3,11,2023,7.488581289794648,7.5405323897055565,-0.05195109991090874
wind,FRA,France,法国,DD,domestic,domestic,2011,2024,14,3,11,2024,7.528591418598056,7.514844671472358,0.013746747125698455
wind,FRA,France,法国,DG,domestic,global,2011,2024,14,3,11,2011,7.880406976748881,7.8060554153532316,0.07435156139564914
wind,FRA,France,法国,DG,domestic,global,2011,2024,14,3,11,2012,7.783246131719415,7.783233640407219,1.2491312196161175e-05
wind,FRA,France,法国,DG,domestic,global,2011,2024,14,3,11,2013,7.72400837491731,7.769260497390302,-0.04525212247299226
wind,FRA,France,法国,DG,domestic,global,2011,2024,14,3,11,2014,7.667288464067171,7.744983179148189,-0.07769471508101855
wind,FRA,France,法国,DG,domestic,global,2011,2024,14,3,11,2015,7.6646696331793756,7.720994054271377,-0.05632442109200131
wind,FRA,France,法国,DG,domestic,global,2011,2024,14,3,11,2016,7.654070445256042,7.6960661548249645,-0.041995709568922734
wind,FRA,France,法国,DG,domestic,global,2011,2024,14,3,11,2017,7.784332759065801,7.662822404744573,0.12151035432122814
wind,FRA,France,法国,DG,domestic,global,2011,2024,14,3,11,2018,7.749562252479222,7.64114611983309,0.10841613264613148
wind,FRA,France,法国,DG,domestic,global,2011,2024,14,3,11,2019,7.650548378561791,7.6189847080064945,0.03156367055529685
wind,FRA,France,法国,DG,domestic,global,2011,2024,14,3,11,2020,7.508637423182434,7.605273944467888,-0.09663652128545408
wind,FRA,France,法国,DG,domestic,global,2011,2024,14,3,11,2021,7.61099182506375,7.592907140956134,0.018084684107615878
wind,FRA,France,法国,DG,domestic,global,2011,2024,14,3,11,2022,7.6186505711210115,7.570100561584174,0.048550009536837635
wind,FRA,France,法国,DG,domestic,global,2011,2024,14,3,11,2023,7.488581289794648,7.556827926011106,-0.06824663621645843
wind,FRA,France,法国,DG,domestic,global,2011,2024,14,3,11,2024,7.528591418598056,7.544930196755369,-0.016338778157312994
wind,FRA,France,法国,GG,global,global,2011,2024,14,3,11,2011,7.880406976748881,7.818179867930283,0.06222710881859772
wind,FRA,France,法国,GG,global,global,2011,2024,14,3,11,2012,7.783246131719415,7.787759661664443,-0.004513529945027628
wind,FRA,France,法国,GG,global,global,2011,2024,14,3,11,2013,7.72400837491731,7.768620388682756,-0.044612013765445546
wind,FRA,France,法国,GG,global,global,2011,2024,14,3,11,2014,7.667288464067171,7.742845990222195,-0.07555752615502431
wind,FRA,France,法国,GG,global,global,2011,2024,14,3,11,2015,7.6646696331793756,7.711308563107835,-0.046638929928459305
wind,FRA,France,法国,GG,global,global,2011,2024,14,3,11,2016,7.654070445256042,7.690469673596466,-0.036399228340424195
wind,FRA,France,法国,GG,global,global,2011,2024,14,3,11,2017,7.784332759065801,7.674050916786268,0.11028184227953375
wind,FRA,France,法国,GG,global,global,2011,2024,14,3,11,2018,7.749562252479222,7.65755509736723,0.09200715511199142
wind,FRA,France,法国,GG,global,global,2011,2024,14,3,11,2019,7.650548378561791,7.6377238478842475,0.012824530677543855
wind,FRA,France,法国,GG,global,global,2011,2024,14,3,11,2020,7.508637423182434,7.60504262236523,-0.09640519918279544
wind,FRA,France,法国,GG,global,global,2011,2024,14,3,11,2021,7.61099182506375,7.585548273349001,0.025443551714748658
wind,FRA,France,法国,GG,global,global,2011,2024,14,3,11,2022,7.6186505711210115,7.56795315458395,0.05069741653706128
wind,FRA,France,法国,GG,global,global,2011,2024,14,3,11,2023,7.488581289794648,7.544361219685065,-0.05577992989041736
wind,FRA,France,法国,GG,global,global,2011,2024,14,3,11,2024,7.528591418598056,7.522166666530163,0.00642475206789328
wind,GBR,United Kingdom,英国,G0,global,none,2011,2024,14,2,12,2011,7.94090821998344,8.048736329156522,-0.10782810917308261
wind,GBR,United Kingdom,英国,G0,global,none,2011,2024,14,2,12,2012,7.918585340792427,7.975680207788908,-0.05709486699648103
wind,GBR,United Kingdom,英国,G0,global,none,2011,2024,14,2,12,2013,7.9234398049143495,7.931909581449732,-0.0084697765353825
wind,GBR,United Kingdom,英国,G0,global,none,2011,2024,14,2,12,2014,7.900120075562043,7.872296633769825,0.027823441792218517
wind,GBR,United Kingdom,英国,G0,global,none,2011,2024,14,2,12,2015,7.8850360697849196,7.806318296381699,0.07871777340322073
wind,GBR,United Kingdom,英国,G0,global,none,2011,2024,14,2,12,2016,7.820491677893453,7.762370291727056,0.05812138616639739
wind,GBR,United Kingdom,英国,G0,global,none,2011,2024,14,2,12,2017,7.8306769011913655,7.726852106053201,0.10382479513816456
wind,GBR,United Kingdom,英国,G0,global,none,2011,2024,14,2,12,2018,7.695483378286961,7.693917393820179,0.0015659844667821332
wind,GBR,United Kingdom,英国,G0,global,none,2011,2024,14,2,12,2019,7.722496732205663,7.656234206844429,0.06626252536123367
wind,GBR,United Kingdom,英国,G0,global,none,2011,2024,14,2,12,2020,7.624329702485823,7.59310707551492,0.03122262697090239
wind,GBR,United Kingdom,英国,G0,global,none,2011,2024,14,2,12,2021,7.697761576129178,7.555197580822281,0.14256399530689734
wind,GBR,United Kingdom,英国,G0,global,none,2011,2024,14,2,12,2022,7.361133981431217,7.521277580288517,-0.16014359885730034
wind,GBR,United Kingdom,英国,G0,global,none,2011,2024,14,2,12,2023,7.172469440334309,7.4770077027706305,-0.30453826243632154
wind,GBR,United Kingdom,英国,G0,global,none,2011,2024,14,2,12,2024,7.563003732315711,7.435031646922935,0.12797208539277616
wind,GBR,United Kingdom,英国,D0,domestic,none,2011,2024,14,2,12,2011,7.94090821998344,8.079335544240516,-0.13842732425707638
wind,GBR,United Kingdom,英国,D0,domestic,none,2011,2024,14,2,12,2012,7.918585340792427,7.975777887761411,-0.05719254696898357
wind,GBR,United Kingdom,英国,D0,domestic,none,2011,2024,14,2,12,2013,7.9234398049143495,7.87614906852943,0.04729073638491954
wind,GBR,United Kingdom,英国,D0,domestic,none,2011,2024,14,2,12,2014,7.900120075562043,7.822872264034907,0.077247811527136
wind,GBR,United Kingdom,英国,D0,domestic,none,2011,2024,14,2,12,2015,7.8850360697849196,7.7915589885126675,0.09347708127225207
wind,GBR,United Kingdom,英国,D0,domestic,none,2011,2024,14,2,12,2016,7.820491677893453,7.720956357323495,0.09953532056995762
wind,GBR,United Kingdom,英国,D0,domestic,none,2011,2024,14,2,12,2017,7.8306769011913655,7.655244549812399,0.17543235137896662
wind,GBR,United Kingdom,英国,D0,domestic,none,2011,2024,14,2,12,2018,7.695483378286961,7.627510898965094,0.06797247932186679
wind,GBR,United Kingdom,英国,D0,domestic,none,2011,2024,14,2,12,2019,7.722496732205663,7.609284968811393,0.11321176339427019
wind,GBR,United Kingdom,英国,D0,domestic,none,2011,2024,14,2,12,2020,7.624329702485823,7.606918560679334,0.017411141806488395
wind,GBR,United Kingdom,英国,D0,domestic,none,2011,2024,14,2,12,2021,7.697761576129178,7.594180839091232,0.10358073703794624
wind,GBR,United Kingdom,英国,D0,domestic,none,2011,2024,14,2,12,2022,7.361133981431217,7.584049405769193,-0.22291542433797584
wind,GBR,United Kingdom,英国,D0,domestic,none,2011,2024,14,2,12,2023,7.172469440334309,7.567228225524459,-0.39475878519014973
wind,GBR,United Kingdom,英国,D0,domestic,none,2011,2024,14,2,12,2024,7.563003732315711,7.544869074255331,0.018134658060380282
wind,GBR,United Kingdom,英国,GD,global,domestic,2011,2024,14,3,11,2011,7.94090821998344,7.994694229687864,-0.05378600970442449
wind,GBR,United Kingdom,英国,GD,global,domestic,2011,2024,14,3,11,2012,7.918585340792427,7.893096603162031,0.025488737630396052
wind,GBR,United Kingdom,英国,GD,global,domestic,2011,2024,14,3,11,2013,7.9234398049143495,7.890857974179353,0.032581830734996764
wind,GBR,United Kingdom,英国,GD,global,domestic,2011,2024,14,3,11,2014,7.900120075562043,7.897127616351344,0.0029924592106986836
wind,GBR,United Kingdom,英国,GD,global,domestic,2011,2024,14,3,11,2015,7.8850360697849196,7.860994722831691,0.02404134695322835
wind,GBR,United Kingdom,英国,GD,global,domestic,2011,2024,14,3,11,2016,7.820491677893453,7.818117716507977,0.0023739613854756314
wind,GBR,United Kingdom,英国,GD,global,domestic,2011,2024,14,3,11,2017,7.8306769011913655,7.813509134018095,0.0171677671732704
wind,GBR,United Kingdom,英国,GD,global,domestic,2011,2024,14,3,11,2018,7.695483378286961,7.759186112613644,-0.06370273432668316
wind,GBR,United Kingdom,英国,GD,global,domestic,2011,2024,14,3,11,2019,7.722496732205663,7.700143094790869,0.02235363741479368
wind,GBR,United Kingdom,英国,GD,global,domestic,2011,2024,14,3,11,2020,7.624329702485823,7.611520501671904,0.01280920081391912
wind,GBR,United Kingdom,英国,GD,global,domestic,2011,2024,14,3,11,2021,7.697761576129178,7.543080988210852,0.1546805879183264
wind,GBR,United Kingdom,英国,GD,global,domestic,2011,2024,14,3,11,2022,7.361133981431217,7.49777201978919,-0.13663803835797328
wind,GBR,United Kingdom,英国,GD,global,domestic,2011,2024,14,3,11,2023,7.172469440334309,7.416972493268088,-0.24450305293377905
wind,GBR,United Kingdom,英国,GD,global,domestic,2011,2024,14,3,11,2024,7.563003732315711,7.358863426228082,0.20414030608762967
wind,GBR,United Kingdom,英国,DD,domestic,domestic,2011,2024,14,3,11,2011,7.94090821998344,8.060388386416504,-0.11948016643306403
wind,GBR,United Kingdom,英国,DD,domestic,domestic,2011,2024,14,3,11,2012,7.918585340792427,7.85965230212192,0.058933038670507365
wind,GBR,United Kingdom,英国,DD,domestic,domestic,2011,2024,14,3,11,2013,7.9234398049143495,7.801633875737792,0.12180592917655719
wind,GBR,United Kingdom,英国,DD,domestic,domestic,2011,2024,14,3,11,2014,7.900120075562043,7.87857168202444,0.021548393537603516
wind,GBR,United Kingdom,英国,DD,domestic,domestic,2011,2024,14,3,11,2015,7.8850360697849196,7.9180661981703855,-0.03303012838546593
wind,GBR,United Kingdom,英国,DD,domestic,domestic,2011,2024,14,3,11,2016,7.820491677893453,7.822272582214729,-0.0017809043212757558
wind,GBR,United Kingdom,英国,DD,domestic,domestic,2011,2024,14,3,11,2017,7.8306769011913655,7.7942795258600786,0.03639737533128695
wind,GBR,United Kingdom,英国,DD,domestic,domestic,2011,2024,14,3,11,2018,7.695483378286961,7.717029722513977,-0.021546344227015624
wind,GBR,United Kingdom,英国,DD,domestic,domestic,2011,2024,14,3,11,2019,7.722496732205663,7.657563277401984,0.06493345480367907
wind,GBR,United Kingdom,英国,DD,domestic,domestic,2011,2024,14,3,11,2020,7.624329702485823,7.626308650312787,-0.0019789478269638394
wind,GBR,United Kingdom,英国,DD,domestic,domestic,2011,2024,14,3,11,2021,7.697761576129178,7.556557646386132,0.14120392974304607
wind,GBR,United Kingdom,英国,DD,domestic,domestic,2011,2024,14,3,11,2022,7.361133981431217,7.530022591503301,-0.16888861007208433
wind,GBR,United Kingdom,英国,DD,domestic,domestic,2011,2024,14,3,11,2023,7.172469440334309,7.4434915360093195,-0.27102209567501045
wind,GBR,United Kingdom,英国,DD,domestic,domestic,2011,2024,14,3,11,2024,7.563003732315711,7.390098656637487,0.17290507567822466
wind,GBR,United Kingdom,英国,DG,domestic,global,2011,2024,14,3,11,2011,7.94090821998344,7.920907388855328,0.020000831128111685
wind,GBR,United Kingdom,英国,DG,domestic,global,2011,2024,14,3,11,2012,7.918585340792427,7.953382954785274,-0.034797613992846976
wind,GBR,United Kingdom,英国,DG,domestic,global,2011,2024,14,3,11,2013,7.9234398049143495,7.875252542244391,0.04818726266995821
wind,GBR,United Kingdom,英国,DG,domestic,global,2011,2024,14,3,11,2014,7.900120075562043,7.922892298262197,-0.02277222270015411
wind,GBR,United Kingdom,英国,DG,domestic,global,2011,2024,14,3,11,2015,7.8850360697849196,7.918384783388856,-0.0333487136039361
wind,GBR,United Kingdom,英国,DG,domestic,global,2011,2024,14,3,11,2016,7.820491677893453,7.834464305604172,-0.013972627710718832
wind,GBR,United Kingdom,英国,DG,domestic,global,2011,2024,14,3,11,2017,7.8306769011913655,7.766361759218911,0.0643151419724548
wind,GBR,United Kingdom,英国,DG,domestic,global,2011,2024,14,3,11,2018,7.695483378286961,7.71660454219012,-0.021121163903158546
wind,GBR,United Kingdom,英国,DG,domestic,global,2011,2024,14,3,11,2019,7.722496732205663,7.649710105012106,0.07278662719355644
wind,GBR,United Kingdom,英国,DG,domestic,global,2011,2024,14,3,11,2020,7.624329702485823,7.605726298141578,0.0186034043442449
wind,GBR,United Kingdom,英国,DG,domestic,global,2011,2024,14,3,11,2021,7.697761576129178,7.56417477806165,0.13358679806752782
wind,GBR,United Kingdom,英国,DG,domestic,global,2011,2024,14,3,11,2022,7.361133981431217,7.52386883117552,-0.16273484974430286
wind,GBR,United Kingdom,英国,DG,domestic,global,2011,2024,14,3,11,2023,7.172469440334309,7.442979390978493,-0.27050995064418437
wind,GBR,United Kingdom,英国,DG,domestic,global,2011,2024,14,3,11,2024,7.563003732315711,7.361226655391722,0.20177707692398972
wind,GBR,United Kingdom,英国,GG,global,global,2011,2024,14,3,11,2011,7.94090821998344,7.934160259566116,0.0067479604173241725
wind,GBR,United Kingdom,英国,GG,global,global,2011,2024,14,3,11,2012,7.918585340792427,7.936684835426761,-0.0180994946343338
wind,GBR,United Kingdom,英国,GG,global,global,2011,2024,14,3,11,2013,7.9234398049143495,7.924648927339321,-0.0012091224249717314
wind,GBR,United Kingdom,英国,GG,global,global,2011,2024,14,3,11,2014,7.900120075562043,7.912589977707521,-0.012469902145477718
wind,GBR,United Kingdom,英国,GG,global,global,2011,2024,14,3,11,2015,7.8850360697849196,7.854583135157072,0.030452934627847483
wind,GBR,United Kingdom,英国,GG,global,global,2011,2024,14,3,11,2016,7.820491677893453,7.818438517908376,0.0020531599850768245
wind,GBR,United Kingdom,英国,GG,global,global,2011,2024,14,3,11,2017,7.8306769011913655,7.79550058451072,0.03517631668064514
wind,GBR,United Kingdom,英国,GG,global,global,2011,2024,14,3,11,2018,7.695483378286961,7.755373783322575,-0.05989040503561416
wind,GBR,United Kingdom,英国,GG,global,global,2011,2024,14,3,11,2019,7.722496732205663,7.695265073161454,0.02723165904420899
wind,GBR,United Kingdom,英国,GG,global,global,2011,2024,14,3,11,2020,7.624329702485823,7.602583609998339,0.021746092487483715
wind,GBR,United Kingdom,英国,GG,global,global,2011,2024,14,3,11,2021,7.697761576129178,7.548877724826102,0.1488838513030757
wind,GBR,United Kingdom,英国,GG,global,global,2011,2024,14,3,11,2022,7.361133981431217,7.498564593904509,-0.1374306124732918
wind,GBR,United Kingdom,英国,GG,global,global,2011,2024,14,3,11,2023,7.172469440334309,7.423583214598358,-0.2511137742640486
wind,GBR,United Kingdom,英国,GG,global,global,2011,2024,14,3,11,2024,7.563003732315711,7.3550823958838265,0.20792133643188482
wind,IND,India,印度,G0,global,none,2011,2024,14,2,12,2011,7.271859830372193,7.461300950678357,-0.18944112030616367
wind,IND,India,印度,G0,global,none,2011,2024,14,2,12,2012,7.454347612020714,7.408088364030102,0.046259247990612096
wind,IND,India,印度,G0,global,none,2011,2024,14,2,12,2013,7.481830862158077,7.376206733810484,0.10562412834759272
wind,IND,India,印度,G0,global,none,2011,2024,14,2,12,2014,7.436769633825178,7.3327858803023584,0.10398375352281963
wind,IND,India,印度,G0,global,none,2011,2024,14,2,12,2015,7.324638311421368,7.284728606942514,0.03990970447885367
wind,IND,India,印度,G0,global,none,2011,2024,14,2,12,2016,7.2411112251624425,7.252717777980825,-0.011606552818382632
wind,IND,India,印度,G0,global,none,2011,2024,14,2,12,2017,7.22975352341427,7.226847056987461,0.002906466426808585
wind,IND,India,印度,G0,global,none,2011,2024,14,2,12,2018,7.23073696948362,7.2028580852815,0.027878884202119814
wind,IND,India,印度,G0,global,none,2011,2024,14,2,12,2019,7.135464154199994,7.175410421559533,-0.039946267359539434
wind,IND,India,印度,G0,global,none,2011,2024,14,2,12,2020,7.10828042268739,7.1294299084575,-0.021149485770110665
wind,IND,India,印度,G0,global,none,2011,2024,14,2,12,2021,6.958240411546312,7.1018174068168385,-0.1435769952705268
wind,IND,India,印度,G0,global,none,2011,2024,14,2,12,2022,7.082633397044559,7.077110771236923,0.0055226258076368495
wind,IND,India,印度,G0,global,none,2011,2024,14,2,12,2023,7.120433920040377,7.044865496655833,0.07556842338454395
wind,IND,India,印度,G0,global,none,2011,2024,14,2,12,2024,7.012358182292182,7.014290994928484,-0.0019328126363022946
wind,IND,India,印度,D0,domestic,none,2011,2024,14,2,12,2011,7.271859830372193,7.4581516375571475,-0.1862918071849542
wind,IND,India,印度,D0,domestic,none,2011,2024,14,2,12,2012,7.454347612020714,7.432553233587898,0.021794378432816508
wind,IND,India,印度,D0,domestic,none,2011,2024,14,2,12,2013,7.481830862158077,7.408562193827345,0.07326866833073176
wind,IND,India,印度,D0,domestic,none,2011,2024,14,2,12,2014,7.436769633825178,7.332688873593224,0.10408076023195445
wind,IND,India,印度,D0,domestic,none,2011,2024,14,2,12,2015,7.324638311421368,7.290483429168056,0.0341548822533122
wind,IND,India,印度,D0,domestic,none,2011,2024,14,2,12,2016,7.2411112251624425,7.239070625687835,0.002040599474607774
wind,IND,India,印度,D0,domestic,none,2011,2024,14,2,12,2017,7.22975352341427,7.187475442381409,0.042278081032860904
wind,IND,India,印度,D0,domestic,none,2011,2024,14,2,12,2018,7.23073696948362,7.160093702655151,0.07064326682846911
wind,IND,India,印度,D0,domestic,none,2011,2024,14,2,12,2019,7.135464154199994,7.136804521307566,-0.0013403671075717938
wind,IND,India,印度,D0,domestic,none,2011,2024,14,2,12,2020,7.10828042268739,7.126217318634176,-0.017936895946786713
wind,IND,India,印度,D0,domestic,none,2011,2024,14,2,12,2021,6.958240411546312,7.111547933816704,-0.15330752227039213
wind,IND,India,印度,D0,domestic,none,2011,2024,14,2,12,2022,7.082633397044559,7.0941817299386924,-0.01154833289413304
wind,IND,India,印度,D0,domestic,none,2011,2024,14,2,12,2023,7.120433920040377,7.069419390065348,0.051014529975028644
wind,IND,India,印度,D0,domestic,none,2011,2024,14,2,12,2024,7.012358182292182,7.041208423448198,-0.02885024115601631
wind,IND,India,印度,GD,global,domestic,2011,2024,14,3,11,2011,7.271859830372193,7.418630507864087,-0.14677067749189376
wind,IND,India,印度,GD,global,domestic,2011,2024,14,3,11,2012,7.454347612020714,7.359493646552329,0.09485396546838576
wind,IND,India,印度,GD,global,domestic,2011,2024,14,3,11,2013,7.481830862158077,7.372103684656117,0.10972717750196015
wind,IND,India,印度,GD,global,domestic,2011,2024,14,3,11,2014,7.436769633825178,7.379862535674558,0.056907098150619895
wind,IND,India,印度,GD,global,domestic,2011,2024,14,3,11,2015,7.324638311421368,7.322295226744782,0.0023430846765863933
wind,IND,India,印度,GD,global,domestic,2011,2024,14,3,11,2016,7.2411112251624425,7.282605265469471,-0.04149404030702808
wind,IND,India,印度,GD,global,domestic,2011,2024,14,3,11,2017,7.22975352341427,7.249787256107211,-0.02003373269294162
wind,IND,India,印度,GD,global,domestic,2011,2024,14,3,11,2018,7.23073696948362,7.219112797917839,0.01162417156578055
wind,IND,India,印度,GD,global,domestic,2011,2024,14,3,11,2019,7.135464154199994,7.184651141307231,-0.049186987107237456
wind,IND,India,印度,GD,global,domestic,2011,2024,14,3,11,2020,7.10828042268739,7.129654332541431,-0.02137390985404153
wind,IND,India,印度,GD,global,domestic,2011,2024,14,3,11,2021,6.958240411546312,7.095136095109763,-0.13689568356345116
wind,IND,India,印度,GD,global,domestic,2011,2024,14,3,11,2022,7.082633397044559,7.063917593871922,0.018715803172637102
wind,IND,India,印度,GD,global,domestic,2011,2024,14,3,11,2023,7.120433920040377,7.024396359721809,0.09603756031856747
wind,IND,India,印度,GD,global,domestic,2011,2024,14,3,11,2024,7.012358182292182,6.98681201213029,0.02554617016189198
wind,IND,India,印度,DD,domestic,domestic,2011,2024,14,3,11,2011,7.271859830372193,7.396575433715491,-0.12471560334329812
wind,IND,India,印度,DD,domestic,domestic,2011,2024,14,3,11,2012,7.454347612020714,7.365849065199337,0.08849854682137703
wind,IND,India,印度,DD,domestic,domestic,2011,2024,14,3,11,2013,7.481830862158077,7.412544529003741,0.06928633315433608
wind,IND,India,印度,DD,domestic,domestic,2011,2024,14,3,11,2014,7.436769633825178,7.40949291369164,0.027276720133538213
wind,IND,India,印度,DD,domestic,domestic,2011,2024,14,3,11,2015,7.324638311421368,7.352296092028043,-0.027657780606674898
wind,IND,India,印度,DD,domestic,domestic,2011,2024,14,3,11,2016,7.2411112251624425,7.28411725775667,-0.04300603259422786
wind,IND,India,印度,DD,domestic,domestic,2011,2024,14,3,11,2017,7.22975352341427,7.2157953328101545,0.013958190604115295
wind,IND,India,印度,DD,domestic,domestic,2011,2024,14,3,11,2018,7.23073696948362,7.176619564734111,0.05411740474950921
wind,IND,India,印度,DD,domestic,domestic,2011,2024,14,3,11,2019,7.135464154199994,7.142445066166398,-0.0069809119664041575
wind,IND,India,印度,DD,domestic,domestic,2011,2024,14,3,11,2020,7.10828042268739,7.1236129090221,-0.015332486334710183
wind,IND,India,印度,DD,domestic,domestic,2011,2024,14,3,11,2021,6.958240411546312,7.099983910601676,-0.1417434990553641
wind,IND,India,印度,DD,domestic,domestic,2011,2024,14,3,11,2022,7.082633397044559,7.073228411302222,0.009404985742337502
wind,IND,India,印度,DD,domestic,domestic,2011,2024,14,3,11,2023,7.120433920040377,7.037713324754466,0.08272059528591047
wind,IND,India,印度,DD,domestic,domestic,2011,2024,14,3,11,2024,7.012358182292182,6.99818464488256,0.014173537409622128
wind,IND,India,印度,DG,domestic,global,2011,2024,14,3,11,2011,7.271859830372193,7.358526829798151,-0.08666699942595812
wind,IND,India,印度,DG,domestic,global,2011,2024,14,3,11,2012,7.454347612020714,7.410219612845356,0.044127999175358035
wind,IND,India,印度,DG,domestic,global,2011,2024,14,3,11,2013,7.481830862158077,7.417220733258538,0.0646101288995391
wind,IND,India,印度,DG,domestic,global,2011,2024,14,3,11,2014,7.436769633825178,7.374795341307115,0.0619742925180633
wind,IND,India,印度,DG,domestic,global,2011,2024,14,3,11,2015,7.324638311421368,7.340013259727234,-0.015374948305866276
wind,IND,India,印度,DG,domestic,global,2011,2024,14,3,11,2016,7.2411112251624425,7.288966643667148,-0.04785541850470576
wind,IND,India,印度,DG,domestic,global,2011,2024,14,3,11,2017,7.22975352341427,7.240583801221762,-0.010830277807492017
wind,IND,India,印度,DG,domestic,global,2011,2024,14,3,11,2018,7.23073696948362,7.2045232988665795,0.026213670617040385
wind,IND,India,印度,DG,domestic,global,2011,2024,14,3,11,2019,7.135464154199994,7.160339795296114,-0.02487564109611995
wind,IND,India,印度,DG,domestic,global,2011,2024,14,3,11,2020,7.10828042268739,7.130735287353034,-0.022454864665644614
wind,IND,India,印度,DG,domestic,global,2011,2024,14,3,11,2021,6.958240411546312,7.104011461271623,-0.14577104972531174
wind,IND,India,印度,DG,domestic,global,2011,2024,14,3,11,2022,7.082633397044559,7.072474226499824,0.010159170544735474
wind,IND,India,印度,DG,domestic,global,2011,2024,14,3,11,2023,7.120433920040377,7.019830373671091,0.10060354636928537
wind,IND,India,印度,DG,domestic,global,2011,2024,14,3,11,2024,7.012358182292182,6.966217790885399,0.04614039140678283
wind,IND,India,印度,GG,global,global,2011,2024,14,3,11,2011,7.271859830372193,7.40181118849229,-0.1299513581200964
wind,IND,India,印度,GG,global,global,2011,2024,14,3,11,2012,7.454347612020714,7.387841331325324,0.06650628069539
wind,IND,India,印度,GG,global,global,2011,2024,14,3,11,2013,7.481830862158077,7.372436883894281,0.10939397826379604
wind,IND,India,印度,GG,global,global,2011,2024,14,3,11,2014,7.436769633825178,7.353706840997756,0.08306279282742235
wind,IND,India,印度,GG,global,global,2011,2024,14,3,11,2015,7.324638311421368,7.309788497641847,0.014849813779520993
wind,IND,India,印度,GG,global,global,2011,2024,14,3,11,2016,7.2411112251624425,7.281829314566467,-0.04071808940402466
wind,IND,India,印度,GG,global,global,2011,2024,14,3,11,2017,7.22975352341427,7.262490465532293,-0.03273694211802347
wind,IND,India,印度,GG,global,global,2011,2024,14,3,11,2018,7.23073696948362,7.234767244055932,-0.004030274572311754
wind,IND,India,印度,GG,global,global,2011,2024,14,3,11,2019,7.135464154199994,7.195675883303992,-0.0602117291039983
wind,IND,India,印度,GG,global,global,2011,2024,14,3,11,2020,7.10828042268739,7.134350279567987,-0.026069856880597264
wind,IND,India,印度,GG,global,global,2011,2024,14,3,11,2021,6.958240411546312,7.098536034610517,-0.14029562306420562
wind,IND,India,印度,GG,global,global,2011,2024,14,3,11,2022,7.082633397044559,7.0653178186304055,0.017315578414153876
wind,IND,India,印度,GG,global,global,2011,2024,14,3,11,2023,7.120433920040377,7.017126631920438,0.10330728811993861
wind,IND,India,印度,GG,global,global,2011,2024,14,3,11,2024,7.012358182292182,6.972780041129198,0.03957814116298408
wind,ITA,Italy,意大利,G0,global,none,2011,2024,14,2,12,2011,8.224800655471908,8.173485326758325,0.05131532871358324
wind,ITA,Italy,意大利,G0,global,none,2011,2024,14,2,12,2012,8.158256708751733,8.06421123040246,0.09404547834927257
wind,ITA,Italy,意大利,G0,global,none,2011,2024,14,2,12,2013,7.7870384662476155,7.998741074711113,-0.2117026084634972
wind,ITA,Italy,意大利,G0,global,none,2011,2024,14,2,12,2014,7.767064853966951,7.909574679522234,-0.14250982555528324
wind,ITA,Italy,意大利,G0,global,none,2011,2024,14,2,12,2015,7.835000056591315,7.8108872175795065,0.024112839011808163
wind,ITA,Italy,意大利,G0,global,none,2011,2024,14,2,12,2016,7.663817685422356,7.745151747294761,-0.081334061872405
wind,ITA,Italy,意大利,G0,global,none,2011,2024,14,2,12,2017,8.022117243228779,7.692025225231261,0.33009201799751775
wind,ITA,Italy,意大利,G0,global,none,2011,2024,14,2,12,2018,7.646734684244603,7.6427629478117645,0.003971736432838213
wind,ITA,Italy,意大利,G0,global,none,2011,2024,14,2,12,2019,7.595348710966767,7.58639811311347,0.008950597853297104
wind,ITA,Italy,意大利,G0,global,none,2011,2024,14,2,12,2020,7.619389403540594,7.491975358354031,0.12741404518656285
wind,ITA,Italy,意大利,G0,global,none,2011,2024,14,2,12,2021,7.355270601517608,7.435272022640371,-0.08000142112276265
wind,ITA,Italy,意大利,G0,global,none,2011,2024,14,2,12,2022,7.338523573002209,7.384535994812311,-0.046012421810102566
wind,ITA,Italy,意大利,G0,global,none,2011,2024,14,2,12,2023,7.245491437919949,7.318319081417613,-0.07282764349766424
wind,ITA,Italy,意大利,G0,global,none,2011,2024,14,2,12,2024,7.250019103210841,7.255533164433885,-0.005514061223044209
wind,ITA,Italy,意大利,D0,domestic,none,2011,2024,14,2,12,2011,8.224800655471908,8.272803465393302,-0.048002809921394274
wind,ITA,Italy,意大利,D0,domestic,none,2011,2024,14,2,12,2012,8.158256708751733,8.011240977272411,0.14701573147932123
wind,ITA,Italy,意大利,D0,domestic,none,2011,2024,14,2,12,2013,7.7870384662476155,7.923684581358236,-0.13664611511062041
wind,ITA,Italy,意大利,D0,domestic,none,2011,2024,14,2,12,2014,7.767064853966951,7.896578840081389,-0.12951398611443832
wind,ITA,Italy,意大利,D0,domestic,none,2011,2024,14,2,12,2015,7.835000056591315,7.812199942065744,0.022800114525570514
wind,ITA,Italy,意大利,D0,domestic,none,2011,2024,14,2,12,2016,7.663817685422356,7.768037815641845,-0.10422013021948917
wind,ITA,Italy,意大利,D0,domestic,none,2011,2024,14,2,12,2017,8.022117243228779,7.706972086262322,0.31514515696645695
wind,ITA,Italy,意大利,D0,domestic,none,2011,2024,14,2,12,2018,7.646734684244603,7.625086428795619,0.021648255448983633
wind,ITA,Italy,意大利,D0,domestic,none,2011,2024,14,2,12,2019,7.595348710966767,7.553938880473108,0.04140983049365854
wind,ITA,Italy,意大利,D0,domestic,none,2011,2024,14,2,12,2020,7.619389403540594,7.524565682491728,0.09482372104886583
wind,ITA,Italy,意大利,D0,domestic,none,2011,2024,14,2,12,2021,7.355270601517608,7.467221668771648,-0.11195106725404003
wind,ITA,Italy,意大利,D0,domestic,none,2011,2024,14,2,12,2022,7.338523573002209,7.3858700526242975,-0.04734647962208882
wind,ITA,Italy,意大利,D0,domestic,none,2011,2024,14,2,12,2023,7.245491437919949,7.323229137036809,-0.07773769911686035
wind,ITA,Italy,意大利,D0,domestic,none,2011,2024,14,2,12,2024,7.250019103210841,7.237443625814774,0.012575477396066681
wind,ITA,Italy,意大利,GD,global,domestic,2011,2024,14,3,11,2011,8.224800655471908,8.147616034670442,0.07718462080146615
wind,ITA,Italy,意大利,GD,global,domestic,2011,2024,14,3,11,2012,8.158256708751733,8.045245752483702,0.11301095626803104
wind,ITA,Italy,意大利,GD,global,domestic,2011,2024,14,3,11,2013,7.7870384662476155,8.010790498290572,-0.22375203204295602
wind,ITA,Italy,意大利,GD,global,domestic,2011,2024,14,3,11,2014,7.767064853966951,7.911968423674072,-0.14490356970712082
wind,ITA,Italy,意大利,GD,global,domestic,2011,2024,14,3,11,2015,7.835000056591315,7.817734817435333,0.017265239155981327
wind,ITA,Italy,意大利,GD,global,domestic,2011,2024,14,3,11,2016,7.663817685422356,7.750748329165608,-0.08693064374325221
wind,ITA,Italy,意大利,GD,global,domestic,2011,2024,14,3,11,2017,8.022117243228779,7.7132991142309315,0.30881812899784755
wind,ITA,Italy,意大利,GD,global,domestic,2011,2024,14,3,11,2018,7.646734684244603,7.665543678544676,-0.018808994300073323
wind,ITA,Italy,意大利,GD,global,domestic,2011,2024,14,3,11,2019,7.595348710966767,7.598292959199377,-0.0029442482326098585
wind,ITA,Italy,意大利,GD,global,domestic,2011,2024,14,3,11,2020,7.619389403540594,7.499302343660436,0.12008705988015755
wind,ITA,Italy,意大利,GD,global,domestic,2011,2024,14,3,11,2021,7.355270601517608,7.436948216324817,-0.0816776148072087
wind,ITA,Italy,意大利,GD,global,domestic,2011,2024,14,3,11,2022,7.338523573002209,7.37522667003109,-0.03670309702888108
wind,ITA,Italy,意大利,GD,global,domestic,2011,2024,14,3,11,2023,7.245491437919949,7.304689683169649,-0.059198245249699966
wind,ITA,Italy,意大利,GD,global,domestic,2011,2024,14,3,11,2024,7.250019103210841,7.231466663202388,0.018552440008452464
wind,ITA,Italy,意大利,DD,domestic,domestic,2011,2024,14,3,11,2011,8.224800655471908,8.228369589358577,-0.0035689338866689013
wind,ITA,Italy,意大利,DD,domestic,domestic,2011,2024,14,3,11,2012,8.158256708751733,7.985760779219843,0.1724959295318893
wind,ITA,Italy,意大利,DD,domestic,domestic,2011,2024,14,3,11,2013,7.7870384662476155,7.94839209532255,-0.16135362907493445
wind,ITA,Italy,意大利,DD,domestic,domestic,2011,2024,14,3,11,2014,7.767064853966951,7.902112145563397,-0.1350472915964458
wind,ITA,Italy,意大利,DD,domestic,domestic,2011,2024,14,3,11,2015,7.835000056591315,7.823576807535513,0.011423249055801499
wind,ITA,Italy,意大利,DD,domestic,domestic,2011,2024,14,3,11,2016,7.663817685422356,7.775940248079431,-0.11212256265707499
wind,ITA,Italy,意大利,DD,domestic,domestic,2011,2024,14,3,11,2017,8.022117243228779,7.739976064292666,0.28214117893611323
wind,ITA,Italy,意大利,DD,domestic,domestic,2011,2024,14,3,11,2018,7.646734684244603,7.662081678088178,-0.015346993843575518
wind,ITA,Italy,意大利,DD,domestic,domestic,2011,2024,14,3,11,2019,7.595348710966767,7.574224491978505,0.021124218988261667
wind,ITA,Italy,意大利,DD,domestic,domestic,2011,2024,14,3,11,2020,7.619389403540594,7.533566355043506,0.08582304849708766
wind,ITA,Italy,意大利,DD,domestic,domestic,2011,2024,14,3,11,2021,7.355270601517608,7.467037014757398,-0.1117664132397902
wind,ITA,Italy,意大利,DD,domestic,domestic,2011,2024,14,3,11,2022,7.338523573002209,7.369722880966257,-0.031199307964048018
wind,ITA,Italy,意大利,DD,domestic,domestic,2011,2024,14,3,11,2023,7.245491437919949,7.299733350380778,-0.054241912460829766
wind,ITA,Italy,意大利,DD,domestic,domestic,2011,2024,14,3,11,2024,7.250019103210841,7.198379683496713,0.05163941971412811
wind,ITA,Italy,意大利,DG,domestic,global,2011,2024,14,3,11,2011,8.224800655471908,8.220894883859296,0.0039057716126116304
wind,ITA,Italy,意大利,DG,domestic,global,2011,2024,14,3,11,2012,8.158256708751733,7.987749786026024,0.17050692272570878
wind,ITA,Italy,意大利,DG,domestic,global,2011,2024,14,3,11,2013,7.7870384662476155,7.915143012831941,-0.1281045465843258
wind,ITA,Italy,意大利,DG,domestic,global,2011,2024,14,3,11,2014,7.767064853966951,7.917430718761356,-0.15036586479440484
wind,ITA,Italy,意大利,DG,domestic,global,2011,2024,14,3,11,2015,7.835000056591315,7.838059863861712,-0.003059807270397563
wind,ITA,Italy,意大利,DG,domestic,global,2011,2024,14,3,11,2016,7.663817685422356,7.799430039475258,-0.13561235405290173
wind,ITA,Italy,意大利,DG,domestic,global,2011,2024,14,3,11,2017,8.022117243228779,7.7442838136042145,0.2778334296245646
wind,ITA,Italy,意大利,DG,domestic,global,2011,2024,14,3,11,2018,7.646734684244603,7.656096872284831,-0.009362188040228148
wind,ITA,Italy,意大利,DG,domestic,global,2011,2024,14,3,11,2019,7.595348710966767,7.5719076292709175,0.023441081695849242
wind,ITA,Italy,意大利,DG,domestic,global,2011,2024,14,3,11,2020,7.619389403540594,7.531489095892134,0.08790030764845991
wind,ITA,Italy,意大利,DG,domestic,global,2011,2024,14,3,11,2021,7.355270601517608,7.46563269655856,-0.11036209504095229
wind,ITA,Italy,意大利,DG,domestic,global,2011,2024,14,3,11,2022,7.338523573002209,7.373273254656795,-0.034749681654586695
wind,ITA,Italy,意大利,DG,domestic,global,2011,2024,14,3,11,2023,7.245491437919949,7.294543535020092,-0.04905209710014358
wind,ITA,Italy,意大利,DG,domestic,global,2011,2024,14,3,11,2024,7.250019103210841,7.192937981978225,0.057081121232616105
wind,ITA,Italy,意大利,GG,global,global,2011,2024,14,3,11,2011,8.224800655471908,8.137232126409192,0.0875685290627164
wind,ITA,Italy,意大利,GG,global,global,2011,2024,14,3,11,2012,8.158256708751733,8.05187264127132,0.10638406748041263
wind,ITA,Italy,意大利,GG,global,global,2011,2024,14,3,11,2013,7.7870384662476155,7.9964437193464555,-0.20940525309883995
wind,ITA,Italy,意大利,GG,global,global,2011,2024,14,3,11,2014,7.767064853966951,7.922323961948532,-0.15525910798158105
wind,ITA,Italy,意大利,GG,global,global,2011,2024,14,3,11,2015,7.835000056591315,7.826158773639952,0.008841282951363105
wind,ITA,Italy,意大利,GG,global,global,2011,2024,14,3,11,2016,7.663817685422356,7.762892385843729,-0.09907470042137323
wind,ITA,Italy,意大利,GG,global,global,2011,2024,14,3,11,2017,8.022117243228779,7.71374640184408,0.30837084138469883
wind,ITA,Italy,意大利,GG,global,global,2011,2024,14,3,11,2018,7.646734684244603,7.66220846387216,-0.01547377962755725
wind,ITA,Italy,意大利,GG,global,global,2011,2024,14,3,11,2019,7.595348710966767,7.5987479329444625,-0.00339922197769571
wind,ITA,Italy,意大利,GG,global,global,2011,2024,14,3,11,2020,7.619389403540594,7.494973844027923,0.1244155595126708
wind,ITA,Italy,意大利,GG,global,global,2011,2024,14,3,11,2021,7.355270601517608,7.433272346735701,-0.078001745218093
wind,ITA,Italy,意大利,GG,global,global,2011,2024,14,3,11,2022,7.338523573002209,7.377349341885099,-0.03882576888288991
wind,ITA,Italy,意大利,GG,global,global,2011,2024,14,3,11,2023,7.245491437919949,7.301414952307705,-0.055923514387756335
wind,ITA,Italy,意大利,GG,global,global,2011,2024,14,3,11,2024,7.250019103210841,7.230236292006275,0.01978281120456593
wind,POL,Poland,波兰,G0,global,none,2011,2024,14,2,12,2011,7.897972047658038,7.918614893610391,-0.020642845952353106
wind,POL,Poland,波兰,G0,global,none,2011,2024,14,2,12,2012,7.8953241198614705,7.854923353814836,0.04040076604663412
wind,POL,Poland,波兰,G0,global,none,2011,2024,14,2,12,2013,7.922807470737422,7.816763394906945,0.10604407583047681
wind,POL,Poland,波兰,G0,global,none,2011,2024,14,2,12,2014,7.818441496625437,7.7647918371728615,0.05364965945257527
wind,POL,Poland,波兰,G0,global,none,2011,2024,14,2,12,2015,7.745240175054199,7.707270826985983,0.0379693480682155
wind,POL,Poland,波兰,G0,global,none,2011,2024,14,2,12,2016,7.739862567925692,7.668956226717082,0.07090634120860972
wind,POL,Poland,波兰,G0,global,none,2011,2024,14,2,12,2017,7.445535909659522,7.637990882623205,-0.19245497296368264
wind,POL,Poland,波兰,G0,global,none,2011,2024,14,2,12,2018,7.450913768257648,7.609277853576818,-0.15836408531917012
wind,POL,Poland,波兰,G0,global,none,2011,2024,14,2,12,2019,7.456262860127105,7.576425025395423,-0.1201621652683178
wind,POL,Poland,波兰,G0,global,none,2011,2024,14,2,12,2020,7.461583491383673,7.521389743998251,-0.05980625261457728
wind,POL,Poland,波兰,G0,global,none,2011,2024,14,2,12,2021,7.5602063269424615,7.488339616991151,0.07186670995131017
wind,POL,Poland,波兰,G0,global,none,2011,2024,14,2,12,2022,7.466751634223443,7.4587675972422485,0.007984036981194542
wind,POL,Poland,波兰,G0,global,none,2011,2024,14,2,12,2023,7.449667248973288,7.420172382866074,0.02949486610721408
wind,POL,Poland,波兰,G0,global,none,2011,2024,14,2,12,2024,7.516691478785695,7.38357696031372,0.13311451847197553
wind,POL,Poland,波兰,D0,domestic,none,2011,2024,14,2,12,2011,7.897972047658038,7.98349139871652,-0.0855193510584824
wind,POL,Poland,波兰,D0,domestic,none,2011,2024,14,2,12,2012,7.8953241198614705,7.8662463273971595,0.02907779246431108
wind,POL,Poland,波兰,D0,domestic,none,2011,2024,14,2,12,2013,7.922807470737422,7.769906858129045,0.15290061260837717
wind,POL,Poland,波兰,D0,domestic,none,2011,2024,14,2,12,2014,7.818441496625437,7.732735985063992,0.08570551156144468
wind,POL,Poland,波兰,D0,domestic,none,2011,2024,14,2,12,2015,7.745240175054199,7.6525546020915565,0.09268557296264213
wind,POL,Poland,波兰,D0,domestic,none,2011,2024,14,2,12,2016,7.739862567925692,7.5987662476565685,0.14109632026912333
wind,POL,Poland,波兰,D0,domestic,none,2011,2024,14,2,12,2017,7.445535909659522,7.59805426454424,-0.15251835488471777
wind,POL,Poland,波兰,D0,domestic,none,2011,2024,14,2,12,2018,7.450913768257648,7.597667807862431,-0.14675403960478306
wind,POL,Poland,波兰,D0,domestic,none,2011,2024,14,2,12,2019,7.456262860127105,7.593573402838594,-0.13731054271148846
wind,POL,Poland,波兰,D0,domestic,none,2011,2024,14,2,12,2020,7.461583491383673,7.5684115947041,-0.10682810332042703
wind,POL,Poland,波兰,D0,domestic,none,2011,2024,14,2,12,2021,7.5602063269424615,7.534952385791115,0.025253941151346382
wind,POL,Poland,波兰,D0,domestic,none,2011,2024,14,2,12,2022,7.466751634223443,7.48298349381023,-0.016231859586786967
wind,POL,Poland,波兰,D0,domestic,none,2011,2024,14,2,12,2023,7.449667248973288,7.437708844198616,0.01195840477467236
wind,POL,Poland,波兰,D0,domestic,none,2011,2024,14,2,12,2024,7.516691478785695,7.410207383410919,0.10648409537477654
wind,POL,Poland,波兰,GD,global,domestic,2011,2024,14,3,11,2011,7.897972047658038,7.881732430794024,0.01623961686401376
wind,POL,Poland,波兰,GD,global,domestic,2011,2024,14,3,11,2012,7.8953241198614705,7.8500990397301145,0.045225080131356066
wind,POL,Poland,波兰,GD,global,domestic,2011,2024,14,3,11,2013,7.922807470737422,7.8363906466792095,0.0864168240582126
wind,POL,Poland,波兰,GD,global,domestic,2011,2024,14,3,11,2014,7.818441496625437,7.784748244451482,0.033693252173955024
wind,POL,Poland,波兰,GD,global,domestic,2011,2024,14,3,11,2015,7.745240175054199,7.717894317327119,0.02734585772707998
wind,POL,Poland,波兰,GD,global,domestic,2011,2024,14,3,11,2016,7.739862567925692,7.695103025346985,0.0447595425787064
wind,POL,Poland,波兰,GD,global,domestic,2011,2024,14,3,11,2017,7.445535909659522,7.642588423906986,-0.1970525142474635
wind,POL,Poland,波兰,GD,global,domestic,2011,2024,14,3,11,2018,7.450913768257648,7.616026500559096,-0.16511273230144852
wind,POL,Poland,波兰,GD,global,domestic,2011,2024,14,3,11,2019,7.456262860127105,7.576646779490135,-0.12038391936302961
wind,POL,Poland,波兰,GD,global,domestic,2011,2024,14,3,11,2020,7.461583491383673,7.511720283512618,-0.05013679212894484
wind,POL,Poland,波兰,GD,global,domestic,2011,2024,14,3,11,2021,7.5602063269424615,7.456852428722259,0.10335389822020247
wind,POL,Poland,波兰,GD,global,domestic,2011,2024,14,3,11,2022,7.466751634223443,7.423144607386487,0.043607026836956386
wind,POL,Poland,波兰,GD,global,domestic,2011,2024,14,3,11,2023,7.449667248973288,7.408453467321575,0.04121378165171308
wind,POL,Poland,波兰,GD,global,domestic,2011,2024,14,3,11,2024,7.516691478785695,7.425860400987134,0.09083107779856103
wind,POL,Poland,波兰,DD,domestic,domestic,2011,2024,14,3,11,2011,7.897972047658038,7.9424409563204525,-0.04446890866241482
wind,POL,Poland,波兰,DD,domestic,domestic,2011,2024,14,3,11,2012,7.8953241198614705,7.873899964741659,0.021424155119811772
wind,POL,Poland,波兰,DD,domestic,domestic,2011,2024,14,3,11,2013,7.922807470737422,7.807796902320598,0.11501056841682367
wind,POL,Poland,波兰,DD,domestic,domestic,2011,2024,14,3,11,2014,7.818441496625437,7.774590712852047,0.043850783773390134
wind,POL,Poland,波兰,DD,domestic,domestic,2011,2024,14,3,11,2015,7.745240175054199,7.658726201986299,0.08651397306789921
wind,POL,Poland,波兰,DD,domestic,domestic,2011,2024,14,3,11,2016,7.739862567925692,7.632616738790371,0.1072458291353211
wind,POL,Poland,波兰,DD,domestic,domestic,2011,2024,14,3,11,2017,7.445535909659522,7.592001222795753,-0.1464653131362308
wind,POL,Poland,波兰,DD,domestic,domestic,2011,2024,14,3,11,2018,7.450913768257648,7.607279410315699,-0.15636564205805126
wind,POL,Poland,波兰,DD,domestic,domestic,2011,2024,14,3,11,2019,7.456262860127105,7.598174380732812,-0.14191152060570644
wind,POL,Poland,波兰,DD,domestic,domestic,2011,2024,14,3,11,2020,7.461583491383673,7.55910161059187,-0.0975181192081962
wind,POL,Poland,波兰,DD,domestic,domestic,2011,2024,14,3,11,2021,7.5602063269424615,7.471580080607488,0.0886262463349734
wind,POL,Poland,波兰,DD,domestic,domestic,2011,2024,14,3,11,2022,7.466751634223443,7.398145592535308,0.06860604168813467
wind,POL,Poland,波兰,DD,domestic,domestic,2011,2024,14,3,11,2023,7.449667248973288,7.40426939010297,0.04539785887031833
wind,POL,Poland,波兰,DD,domestic,domestic,2011,2024,14,3,11,2024,7.516691478785695,7.506637431522038,0.010054047263657218
wind,POL,Poland,波兰,DG,domestic,global,2011,2024,14,3,11,2011,7.897972047658038,8.025548030063804,-0.12757598240576673
wind,POL,Poland,波兰,DG,domestic,global,2011,2024,14,3,11,2012,7.8953241198614705,7.877709398191975,0.017614721669495736
wind,POL,Poland,波兰,DG,domestic,global,2011,2024,14,3,11,2013,7.922807470737422,7.774778321839367,0.14802914889805496
wind,POL,Poland,波兰,DG,domestic,global,2011,2024,14,3,11,2014,7.818441496625437,7.710861536601149,0.10757996002428794
wind,POL,Poland,波兰,DG,domestic,global,2011,2024,14,3,11,2015,7.745240175054199,7.632089219743513,0.11315095531068575
wind,POL,Poland,波兰,DG,domestic,global,2011,2024,14,3,11,2016,7.739862567925692,7.577926561178452,0.16193600674723996
wind,POL,Poland,波兰,DG,domestic,global,2011,2024,14,3,11,2017,7.445535909659522,7.566459808747051,-0.12092389908752832
wind,POL,Poland,波兰,DG,domestic,global,2011,2024,14,3,11,2018,7.450913768257648,7.566454103699234,-0.1155403354415867
wind,POL,Poland,波兰,DG,domestic,global,2011,2024,14,3,11,2019,7.456262860127105,7.571220669679132,-0.11495780955202672
wind,POL,Poland,波兰,DG,domestic,global,2011,2024,14,3,11,2020,7.461583491383673,7.559477668676556,-0.09789417729288274
wind,POL,Poland,波兰,DG,domestic,global,2011,2024,14,3,11,2021,7.5602063269424615,7.536001419356665,0.024204907585796853
wind,POL,Poland,波兰,DG,domestic,global,2011,2024,14,3,11,2022,7.466751634223443,7.49781357665626,-0.031061942432817347
wind,POL,Poland,波兰,DG,domestic,global,2011,2024,14,3,11,2023,7.449667248973288,7.47197394947187,-0.022306700498582188
wind,POL,Poland,波兰,DG,domestic,global,2011,2024,14,3,11,2024,7.516691478785695,7.458946332310076,0.0577451464756189
wind,POL,Poland,波兰,GG,global,global,2011,2024,14,3,11,2011,7.897972047658038,8.009460180808237,-0.1114881331501989
wind,POL,Poland,波兰,GG,global,global,2011,2024,14,3,11,2012,7.8953241198614705,7.885842077194774,0.009482042666696167
wind,POL,Poland,波兰,GG,global,global,2011,2024,14,3,11,2013,7.922807470737422,7.822520235844696,0.1002872348927264
wind,POL,Poland,波兰,GG,global,global,2011,2024,14,3,11,2014,7.818441496625437,7.73284397567554,0.08559752094989648
wind,POL,Poland,波兰,GG,global,global,2011,2024,14,3,11,2015,7.745240175054199,7.669002511832734,0.0762376632214643
wind,POL,Poland,波兰,GG,global,global,2011,2024,14,3,11,2016,7.739862567925692,7.624500747241093,0.11536182068459855
wind,POL,Poland,波兰,GG,global,global,2011,2024,14,3,11,2017,7.445535909659522,7.583560749319952,-0.13802483966042978
wind,POL,Poland,波兰,GG,global,global,2011,2024,14,3,11,2018,7.450913768257648,7.560550197143443,-0.10963642888579539
wind,POL,Poland,波兰,GG,global,global,2011,2024,14,3,11,2019,7.456262860127105,7.545478159502515,-0.08921529937541006
wind,POL,Poland,波兰,GG,global,global,2011,2024,14,3,11,2020,7.461583491383673,7.513875971708242,-0.05229248032456901
wind,POL,Poland,波兰,GG,global,global,2011,2024,14,3,11,2021,7.5602063269424615,7.4933505161699605,0.06685581077250102
wind,POL,Poland,波兰,GG,global,global,2011,2024,14,3,11,2022,7.466751634223443,7.476776312138407,-0.010024677914963753
wind,POL,Poland,波兰,GG,global,global,2011,2024,14,3,11,2023,7.449667248973288,7.462531690431415,-0.012864441458127374
wind,POL,Poland,波兰,GG,global,global,2011,2024,14,3,11,2024,7.516691478785695,7.44696727120381,0.06972420758188491
wind,SWE,Sweden,瑞典,G0,global,none,2011,2024,14,2,12,2011,7.84440053402456,7.91595243737318,-0.07155190334862027
wind,SWE,Sweden,瑞典,G0,global,none,2011,2024,14,2,12,2012,7.928494823122128,7.835774405139588,0.09272041798254005
wind,SWE,Sweden,瑞典,G0,global,none,2011,2024,14,2,12,2013,7.779881952531955,7.787736778397159,-0.007854825865203807
wind,SWE,Sweden,瑞典,G0,global,none,2011,2024,14,2,12,2014,7.8459152971673705,7.722312434055523,0.12360286311184776
wind,SWE,Sweden,瑞典,G0,global,none,2011,2024,14,2,12,2015,7.734076287208797,7.649902166951348,0.0841741202574493
wind,SWE,Sweden,瑞典,G0,global,none,2011,2024,14,2,12,2016,7.650469136026362,7.601669870083693,0.04879926594266859
wind,SWE,Sweden,瑞典,G0,global,none,2011,2024,14,2,12,2017,7.551390949988589,7.562689177124273,-0.011298227135684513
wind,SWE,Sweden,瑞典,G0,global,none,2011,2024,14,2,12,2018,7.326519664054419,7.526543808747327,-0.2000241446929083
wind,SWE,Sweden,瑞典,G0,global,none,2011,2024,14,2,12,2019,7.374842947222319,7.4851870583006015,-0.11034411107828213
wind,SWE,Sweden,瑞典,G0,global,none,2011,2024,14,2,12,2020,7.37674672283028,7.415905948438734,-0.03915922560845431
wind,SWE,Sweden,瑞典,G0,global,none,2011,2024,14,2,12,2021,7.313025489220572,7.374300828559305,-0.061275339338732415
wind,SWE,Sweden,瑞典,G0,global,none,2011,2024,14,2,12,2022,7.180163854158318,7.337074120581276,-0.15691026642295824
wind,SWE,Sweden,瑞典,G0,global,none,2011,2024,14,2,12,2023,7.359640949634439,7.288488572920655,0.07115237671378427
wind,SWE,Sweden,瑞典,G0,global,none,2011,2024,14,2,12,2024,7.480389460713397,7.2424204612307355,0.23796899948266148
wind,SWE,Sweden,瑞典,D0,domestic,none,2011,2024,14,2,12,2011,7.84440053402456,7.916310035544858,-0.07190950152029796
wind,SWE,Sweden,瑞典,D0,domestic,none,2011,2024,14,2,12,2012,7.928494823122128,7.816442770371809,0.11205205275031904
wind,SWE,Sweden,瑞典,D0,domestic,none,2011,2024,14,2,12,2013,7.779881952531955,7.764740652025182,0.015141300506773092
wind,SWE,Sweden,瑞典,D0,domestic,none,2011,2024,14,2,12,2014,7.8459152971673705,7.692599386799566,0.15331591036780434
wind,SWE,Sweden,瑞典,D0,domestic,none,2011,2024,14,2,12,2015,7.734076287208797,7.642846030102774,0.09123025710602306
wind,SWE,Sweden,瑞典,D0,domestic,none,2011,2024,14,2,12,2016,7.650469136026362,7.605149328647078,0.04531980737928354
wind,SWE,Sweden,瑞典,D0,domestic,none,2011,2024,14,2,12,2017,7.551390949988589,7.595231977042669,-0.04384102705408033
wind,SWE,Sweden,瑞典,D0,domestic,none,2011,2024,14,2,12,2018,7.326519664054419,7.558865275870822,-0.23234561181640334
wind,SWE,Sweden,瑞典,D0,domestic,none,2011,2024,14,2,12,2019,7.374842947222319,7.495549825048739,-0.12070687782641976
wind,SWE,Sweden,瑞典,D0,domestic,none,2011,2024,14,2,12,2020,7.37674672283028,7.444930589632314,-0.06818386680203403
wind,SWE,Sweden,瑞典,D0,domestic,none,2011,2024,14,2,12,2021,7.313025489220572,7.374121578061581,-0.061096088841009255
wind,SWE,Sweden,瑞典,D0,domestic,none,2011,2024,14,2,12,2022,7.180163854158318,7.314755392644237,-0.13459153848591932
wind,SWE,Sweden,瑞典,D0,domestic,none,2011,2024,14,2,12,2023,7.359640949634439,7.268696359352577,0.09094459028186197
wind,SWE,Sweden,瑞典,D0,domestic,none,2011,2024,14,2,12,2024,7.480389460713397,7.255718866759319,0.22467059395407762
wind,SWE,Sweden,瑞典,GD,global,domestic,2011,2024,14,3,11,2011,7.84440053402456,7.9701848660430805,-0.12578433201852057
wind,SWE,Sweden,瑞典,GD,global,domestic,2011,2024,14,3,11,2012,7.928494823122128,7.86893217264068,0.05956265048144882
wind,SWE,Sweden,瑞典,GD,global,domestic,2011,2024,14,3,11,2013,7.779881952531955,7.802251949302977,-0.022369996771021583
wind,SWE,Sweden,瑞典,GD,global,domestic,2011,2024,14,3,11,2014,7.8459152971673705,7.7171107660573375,0.12880453111003298
wind,SWE,Sweden,瑞典,GD,global,domestic,2011,2024,14,3,11,2015,7.734076287208797,7.624662466742178,0.10941382046661907
wind,SWE,Sweden,瑞典,GD,global,domestic,2011,2024,14,3,11,2016,7.650469136026362,7.558300232572659,0.09216890345370299
wind,SWE,Sweden,瑞典,GD,global,domestic,2011,2024,14,3,11,2017,7.551390949988589,7.5020525130176665,0.04933843697092222
wind,SWE,Sweden,瑞典,GD,global,domestic,2011,2024,14,3,11,2018,7.326519664054419,7.493430677656754,-0.16691101360233507
wind,SWE,Sweden,瑞典,GD,global,domestic,2011,2024,14,3,11,2019,7.374842947222319,7.434420689162723,-0.05957774194040333
wind,SWE,Sweden,瑞典,GD,global,domestic,2011,2024,14,3,11,2020,7.37674672283028,7.419032704356631,-0.042285981526351435
wind,SWE,Sweden,瑞典,GD,global,domestic,2011,2024,14,3,11,2021,7.313025489220572,7.388702942941605,-0.07567745372103296
wind,SWE,Sweden,瑞典,GD,global,domestic,2011,2024,14,3,11,2022,7.180163854158318,7.347629109407055,-0.16746525524873768
wind,SWE,Sweden,瑞典,GD,global,domestic,2011,2024,14,3,11,2023,7.359640949634439,7.330953794999273,0.02868715463516658
wind,SWE,Sweden,瑞典,GD,global,domestic,2011,2024,14,3,11,2024,7.480389460713397,7.288293183002949,0.1920962777104478
wind,SWE,Sweden,瑞典,DD,domestic,domestic,2011,2024,14,3,11,2011,7.84440053402456,7.988212503440009,-0.14381196941544871
wind,SWE,Sweden,瑞典,DD,domestic,domestic,2011,2024,14,3,11,2012,7.928494823122128,7.859178375315311,0.06931644780681712
wind,SWE,Sweden,瑞典,DD,domestic,domestic,2011,2024,14,3,11,2013,7.779881952531955,7.783337223393257,-0.00345527086130204
wind,SWE,Sweden,瑞典,DD,domestic,domestic,2011,2024,14,3,11,2014,7.8459152971673705,7.685202089168484,0.1607132079988869
wind,SWE,Sweden,瑞典,DD,domestic,domestic,2011,2024,14,3,11,2015,7.734076287208797,7.611924177560165,0.12215210964863221
wind,SWE,Sweden,瑞典,DD,domestic,domestic,2011,2024,14,3,11,2016,7.650469136026362,7.552151640909731,0.09831749511663102
wind,SWE,Sweden,瑞典,DD,domestic,domestic,2011,2024,14,3,11,2017,7.551390949988589,7.5232075622682775,0.02818338772031126
wind,SWE,Sweden,瑞典,DD,domestic,domestic,2011,2024,14,3,11,2018,7.326519664054419,7.520608148427484,-0.19408848437306503
wind,SWE,Sweden,瑞典,DD,domestic,domestic,2011,2024,14,3,11,2019,7.374842947222319,7.432625798964631,-0.05778285174231179
wind,SWE,Sweden,瑞典,DD,domestic,domestic,2011,2024,14,3,11,2020,7.37674672283028,7.450063898146894,-0.07331717531661397
wind,SWE,Sweden,瑞典,DD,domestic,domestic,2011,2024,14,3,11,2021,7.313025489220572,7.389833816887108,-0.07680832766653545
wind,SWE,Sweden,瑞典,DD,domestic,domestic,2011,2024,14,3,11,2022,7.180163854158318,7.323003046234907,-0.14283919207658968
wind,SWE,Sweden,瑞典,DD,domestic,domestic,2011,2024,14,3,11,2023,7.359640949634439,7.316291611294609,0.04334933833983001
wind,SWE,Sweden,瑞典,DD,domestic,domestic,2011,2024,14,3,11,2024,7.480389460713397,7.310318175892646,0.17007128482075107
wind,SWE,Sweden,瑞典,DG,domestic,global,2011,2024,14,3,11,2011,7.84440053402456,7.9910065674954724,-0.1466060334709125
wind,SWE,Sweden,瑞典,DG,domestic,global,2011,2024,14,3,11,2012,7.928494823122128,7.844663177852988,0.08383164526914033
wind,SWE,Sweden,瑞典,DG,domestic,global,2011,2024,14,3,11,2013,7.779881952531955,7.772870887948546,0.007011064583409166
wind,SWE,Sweden,瑞典,DG,domestic,global,2011,2024,14,3,11,2014,7.8459152971673705,7.670788270767355,0.17512702640001532
wind,SWE,Sweden,瑞典,DG,domestic,global,2011,2024,14,3,11,2015,7.734076287208797,7.613087784574754,0.12098850263404337
wind,SWE,Sweden,瑞典,DG,domestic,global,2011,2024,14,3,11,2016,7.650469136026362,7.569017540158726,0.08145159586763562
wind,SWE,Sweden,瑞典,DG,domestic,global,2011,2024,14,3,11,2017,7.551390949988589,7.547597119439113,0.003793830549475352
wind,SWE,Sweden,瑞典,DG,domestic,global,2011,2024,14,3,11,2018,7.326519664054419,7.515728793649115,-0.18920912959469582
wind,SWE,Sweden,瑞典,DG,domestic,global,2011,2024,14,3,11,2019,7.374842947222319,7.469118862427513,-0.09427591520519396
wind,SWE,Sweden,瑞典,DG,domestic,global,2011,2024,14,3,11,2020,7.37674672283028,7.435055783835591,-0.05830906100531141
wind,SWE,Sweden,瑞典,DG,domestic,global,2011,2024,14,3,11,2021,7.313025489220572,7.37752762232467,-0.06450213310409758
wind,SWE,Sweden,瑞典,DG,domestic,global,2011,2024,14,3,11,2022,7.180163854158318,7.331038581852332,-0.15087472769401433
wind,SWE,Sweden,瑞典,DG,domestic,global,2011,2024,14,3,11,2023,7.359640949634439,7.304185765337866,0.055455184296572924
wind,SWE,Sweden,瑞典,DG,domestic,global,2011,2024,14,3,11,2024,7.480389460713397,7.3042713102392,0.17611815047419732
wind,SWE,Sweden,瑞典,GG,global,global,2011,2024,14,3,11,2011,7.84440053402456,7.971460348652499,-0.12705981462793936
wind,SWE,Sweden,瑞典,GG,global,global,2011,2024,14,3,11,2012,7.928494823122128,7.854666235494054,0.07382858762807398
wind,SWE,Sweden,瑞典,GG,global,global,2011,2024,14,3,11,2013,7.779881952531955,7.791254299513332,-0.01137234698137668
wind,SWE,Sweden,瑞典,GG,global,global,2011,2024,14,3,11,2014,7.8459152971673705,7.702791783989296,0.14312351317807437
wind,SWE,Sweden,瑞典,GG,global,global,2011,2024,14,3,11,2015,7.734076287208797,7.626519619459289,0.1075566677495079
wind,SWE,Sweden,瑞典,GG,global,global,2011,2024,14,3,11,2016,7.650469136026362,7.574506867062345,0.07596226896401692
wind,SWE,Sweden,瑞典,GG,global,global,2011,2024,14,3,11,2017,7.551390949988589,7.529431502416989,0.021959447571600066
wind,SWE,Sweden,瑞典,GG,global,global,2011,2024,14,3,11,2018,7.326519664054419,7.496770437848517,-0.17025077379409836
wind,SWE,Sweden,瑞典,GG,global,global,2011,2024,14,3,11,2019,7.374842947222319,7.466278032424405,-0.09143508520208599
wind,SWE,Sweden,瑞典,GG,global,global,2011,2024,14,3,11,2020,7.37674672283028,7.411314914401528,-0.03456819157124791
wind,SWE,Sweden,瑞典,GG,global,global,2011,2024,14,3,11,2021,7.313025489220572,7.377362567430168,-0.06433707820959622
wind,SWE,Sweden,瑞典,GG,global,global,2011,2024,14,3,11,2022,7.180163854158318,7.348077731000107,-0.16791387684178893
wind,SWE,Sweden,瑞典,GG,global,global,2011,2024,14,3,11,2023,7.359640949634439,7.314370781659461,0.04527016797497829
wind,SWE,Sweden,瑞典,GG,global,global,2011,2024,14,3,11,2024,7.480389460713397,7.281152946551555,0.19923651416184196
wind,TUR,Turkey,土耳其,G0,global,none,2011,2024,14,2,12,2011,7.887892115781525,7.895367953995444,-0.0074758382139190616
wind,TUR,Turkey,土耳其,G0,global,none,2011,2024,14,2,12,2012,7.654098968294786,7.826191946778163,-0.17209297848337712
wind,TUR,Turkey,土耳其,G0,global,none,2011,2024,14,2,12,2013,7.751912201032407,7.784746040441201,-0.03283383940879414
wind,TUR,Turkey,土耳其,G0,global,none,2011,2024,14,2,12,2014,7.716990165365471,7.728299220903683,-0.011309055538212043
wind,TUR,Turkey,土耳其,G0,global,none,2011,2024,14,2,12,2015,7.746561237669459,7.665825086527198,0.08073615114226129
wind,TUR,Turkey,土耳其,G0,global,none,2011,2024,14,2,12,2016,7.754733122756131,7.624211222688507,0.13052190006762476
wind,TUR,Turkey,土耳其,G0,global,none,2011,2024,14,2,12,2017,7.652259924828619,7.590579458196714,0.06168046663190463
wind,TUR,Turkey,土耳其,G0,global,none,2011,2024,14,2,12,2018,7.710973954009028,7.559393955209684,0.15157999879934447
wind,TUR,Turkey,土耳其,G0,global,none,2011,2024,14,2,12,2019,7.602893649083777,7.5237121757036585,0.07918147338011838
wind,TUR,Turkey,土耳其,G0,global,none,2011,2024,14,2,12,2020,7.3686313494990525,7.4639378157909215,-0.09530646629186901
wind,TUR,Turkey,土耳其,G0,global,none,2011,2024,14,2,12,2021,7.282918413207536,7.4280417480916014,-0.14512333488406526
wind,TUR,Turkey,土耳其,G0,global,none,2011,2024,14,2,12,2022,7.471854376904933,7.39592328686196,0.07593109004297283
wind,TUR,Turkey,土耳其,G0,global,none,2011,2024,14,2,12,2023,7.29175966900051,7.354004645283991,-0.06224497628348136
wind,TUR,Turkey,土耳其,G0,global,none,2011,2024,14,2,12,2024,7.261013406295758,7.314257997256214,-0.05324459096045597
wind,TUR,Turkey,土耳其,D0,domestic,none,2011,2024,14,2,12,2011,7.887892115781525,7.905354173322167,-0.01746205754064256
wind,TUR,Turkey,土耳其,D0,domestic,none,2011,2024,14,2,12,2012,7.654098968294786,7.834441732576393,-0.18034276428160734
wind,TUR,Turkey,土耳其,D0,domestic,none,2011,2024,14,2,12,2013,7.751912201032407,7.781726471223112,-0.029814270190705372
wind,TUR,Turkey,土耳其,D0,domestic,none,2011,2024,14,2,12,2014,7.716990165365471,7.709297262198416,0.00769290316705451
wind,TUR,Turkey,土耳其,D0,domestic,none,2011,2024,14,2,12,2015,7.746561237669459,7.6523294041542425,0.09423183351521658
wind,TUR,Turkey,土耳其,D0,domestic,none,2011,2024,14,2,12,2016,7.754733122756131,7.587664354186614,0.1670687685695178
wind,TUR,Turkey,土耳其,D0,domestic,none,2011,2024,14,2,12,2017,7.652259924828619,7.554645870760102,0.09761405406851686
wind,TUR,Turkey,土耳其,D0,domestic,none,2011,2024,14,2,12,2018,7.710973954009028,7.535508799113923,0.1754651548951056
wind,TUR,Turkey,土耳其,D0,domestic,none,2011,2024,14,2,12,2019,7.602893649083777,7.514281229957627,0.08861241912615014
wind,TUR,Turkey,土耳其,D0,domestic,none,2011,2024,14,2,12,2020,7.3686313494990525,7.4742492154526206,-0.10561786595356804
wind,TUR,Turkey,土耳其,D0,domestic,none,2011,2024,14,2,12,2021,7.282918413207536,7.425852710224415,-0.142934297016879
wind,TUR,Turkey,土耳其,D0,domestic,none,2011,2024,14,2,12,2022,7.471854376904933,7.406882689915922,0.06497168698901046
wind,TUR,Turkey,土耳其,D0,domestic,none,2011,2024,14,2,12,2023,7.29175966900051,7.397541675753092,-0.10578200675258209
wind,TUR,Turkey,土耳其,D0,domestic,none,2011,2024,14,2,12,2024,7.261013406295758,7.374716964890381,-0.11370355859462311
wind,TUR,Turkey,土耳其,GD,global,domestic,2011,2024,14,3,11,2011,7.887892115781525,7.906336268073659,-0.01844415229213414
wind,TUR,Turkey,土耳其,GD,global,domestic,2011,2024,14,3,11,2012,7.654098968294786,7.824052387584901,-0.1699534192901151
wind,TUR,Turkey,土耳其,GD,global,domestic,2011,2024,14,3,11,2013,7.751912201032407,7.773886024209036,-0.021973823176629104
wind,TUR,Turkey,土耳其,GD,global,domestic,2011,2024,14,3,11,2014,7.716990165365471,7.71946864741741,-0.002478482051939679
wind,TUR,Turkey,土耳其,GD,global,domestic,2011,2024,14,3,11,2015,7.746561237669459,7.644710434943363,0.10185080272609603
wind,TUR,Turkey,土耳其,GD,global,domestic,2011,2024,14,3,11,2016,7.754733122756131,7.619943634067516,0.1347894886886154
wind,TUR,Turkey,土耳其,GD,global,domestic,2011,2024,14,3,11,2017,7.652259924828619,7.589379414557587,0.06288051027103236
wind,TUR,Turkey,土耳其,GD,global,domestic,2011,2024,14,3,11,2018,7.710973954009028,7.5829223891318005,0.1280515648772278
wind,TUR,Turkey,土耳其,GD,global,domestic,2011,2024,14,3,11,2019,7.602893649083777,7.542622116759212,0.06027153232456506
wind,TUR,Turkey,土耳其,GD,global,domestic,2011,2024,14,3,11,2020,7.3686313494990525,7.478285100849508,-0.10965375135045541
wind,TUR,Turkey,土耳其,GD,global,domestic,2011,2024,14,3,11,2021,7.282918413207536,7.437097766142824,-0.15417935293528817
wind,TUR,Turkey,土耳其,GD,global,domestic,2011,2024,14,3,11,2022,7.471854376904933,7.396406409449844,0.07544796745508897
wind,TUR,Turkey,土耳其,GD,global,domestic,2011,2024,14,3,11,2023,7.29175966900051,7.344418945021591,-0.05265927602108089
wind,TUR,Turkey,土耳其,GD,global,domestic,2011,2024,14,3,11,2024,7.261013406295758,7.294963015520667,-0.03394960922490853
wind,TUR,Turkey,土耳其,DD,domestic,domestic,2011,2024,14,3,11,2011,7.887892115781525,7.900521253221445,-0.012629137439920335
wind,TUR,Turkey,土耳其,DD,domestic,domestic,2011,2024,14,3,11,2012,7.654098968294786,7.833829021307797,-0.17973005301301104
wind,TUR,Turkey,土耳其,DD,domestic,domestic,2011,2024,14,3,11,2013,7.751912201032407,7.784405852509286,-0.032493651476879215
wind,TUR,Turkey,土耳其,DD,domestic,domestic,2011,2024,14,3,11,2014,7.716990165365471,7.712358629853175,0.00463153551229567
wind,TUR,Turkey,土耳其,DD,domestic,domestic,2011,2024,14,3,11,2015,7.746561237669459,7.658984811064197,0.08757642660526166
wind,TUR,Turkey,土耳其,DD,domestic,domestic,2011,2024,14,3,11,2016,7.754733122756131,7.59059630896468,0.16413681379145117
wind,TUR,Turkey,土耳其,DD,domestic,domestic,2011,2024,14,3,11,2017,7.652259924828619,7.556751787638014,0.09550813719060525
wind,TUR,Turkey,土耳其,DD,domestic,domestic,2011,2024,14,3,11,2018,7.710973954009028,7.529776889651889,0.18119706435713923
wind,TUR,Turkey,土耳其,DD,domestic,domestic,2011,2024,14,3,11,2019,7.602893649083777,7.509330135438786,0.09356351364499105
wind,TUR,Turkey,土耳其,DD,domestic,domestic,2011,2024,14,3,11,2020,7.3686313494990525,7.469883885082545,-0.10125253558349279
wind,TUR,Turkey,土耳其,DD,domestic,domestic,2011,2024,14,3,11,2021,7.282918413207536,7.423802041354591,-0.1408836281470549
wind,TUR,Turkey,土耳其,DD,domestic,domestic,2011,2024,14,3,11,2022,7.471854376904933,7.406840404755626,0.06501397214930638
wind,TUR,Turkey,土耳其,DD,domestic,domestic,2011,2024,14,3,11,2023,7.29175966900051,7.3990252219889125,-0.10726555298840257
wind,TUR,Turkey,土耳其,DD,domestic,domestic,2011,2024,14,3,11,2024,7.261013406295758,7.378386310897947,-0.11737290460218919
wind,TUR,Turkey,土耳其,DG,domestic,global,2011,2024,14,3,11,2011,7.887892115781525,7.761892603333711,0.12599951244781415
wind,TUR,Turkey,土耳其,DG,domestic,global,2011,2024,14,3,11,2012,7.654098968294786,7.798804563744451,-0.14470559544966477
wind,TUR,Turkey,土耳其,DG,domestic,global,2011,2024,14,3,11,2013,7.751912201032407,7.786105566686407,-0.03419336565400055
wind,TUR,Turkey,土耳其,DG,domestic,global,2011,2024,14,3,11,2014,7.716990165365471,7.774467535716962,-0.05747737035149125
wind,TUR,Turkey,土耳其,DG,domestic,global,2011,2024,14,3,11,2015,7.746561237669459,7.726643204314561,0.019918033354898057
wind,TUR,Turkey,土耳其,DG,domestic,global,2011,2024,14,3,11,2016,7.754733122756131,7.661084012965346,0.09364910979078545
wind,TUR,Turkey,土耳其,DG,domestic,global,2011,2024,14,3,11,2017,7.652259924828619,7.644564710342035,0.007695214486584057
wind,TUR,Turkey,土耳其,DG,domestic,global,2011,2024,14,3,11,2018,7.710973954009028,7.6168566336718,0.09411732033722853
wind,TUR,Turkey,土耳其,DG,domestic,global,2011,2024,14,3,11,2019,7.602893649083777,7.564643278800043,0.038250370283734014
wind,TUR,Turkey,土耳其,DG,domestic,global,2011,2024,14,3,11,2020,7.3686313494990525,7.483010461872011,-0.1143791123729585
wind,TUR,Turkey,土耳其,DG,domestic,global,2011,2024,14,3,11,2021,7.282918413207536,7.402779119871827,-0.11986070666429072
wind,TUR,Turkey,土耳其,DG,domestic,global,2011,2024,14,3,11,2022,7.471854376904933,7.361703394113006,0.11015098279192692
wind,TUR,Turkey,土耳其,DG,domestic,global,2011,2024,14,3,11,2023,7.29175966900051,7.3156404585835135,-0.023880789583003548
wind,TUR,Turkey,土耳其,DG,domestic,global,2011,2024,14,3,11,2024,7.261013406295758,7.256297009713015,0.00471639658274281
wind,TUR,Turkey,土耳其,GG,global,global,2011,2024,14,3,11,2011,7.887892115781525,7.782510126356841,0.10538198942468391
wind,TUR,Turkey,土耳其,GG,global,global,2011,2024,14,3,11,2012,7.654098968294786,7.787781369172508,-0.13368240087772243
wind,TUR,Turkey,土耳其,GG,global,global,2011,2024,14,3,11,2013,7.751912201032407,7.777594270852056,-0.025682069819649378
wind,TUR,Turkey,土耳其,GG,global,global,2011,2024,14,3,11,2014,7.716990165365471,7.76798830503228,-0.05099813966680955
wind,TUR,Turkey,土耳其,GG,global,global,2011,2024,14,3,11,2015,7.746561237669459,7.713366120837261,0.033195116832198224
wind,TUR,Turkey,土耳其,GG,global,global,2011,2024,14,3,11,2016,7.754733122756131,7.679438620774233,0.07529450198189824
wind,TUR,Turkey,土耳其,GG,global,global,2011,2024,14,3,11,2017,7.652259924828619,7.658198448594103,-0.005938523765483872
wind,TUR,Turkey,土耳其,GG,global,global,2011,2024,14,3,11,2018,7.710973954009028,7.619928712934751,0.09104524107427725
wind,TUR,Turkey,土耳其,GG,global,global,2011,2024,14,3,11,2019,7.602893649083777,7.562157714978425,0.04073593410535192
wind,TUR,Turkey,土耳其,GG,global,global,2011,2024,14,3,11,2020,7.3686313494990525,7.473272235265769,-0.10464088576671671
wind,TUR,Turkey,土耳其,GG,global,global,2011,2024,14,3,11,2021,7.282918413207536,7.421816667921972,-0.1388982547144355
wind,TUR,Turkey,土耳其,GG,global,global,2011,2024,14,3,11,2022,7.471854376904933,7.373550916159669,0.09830346074526375
wind,TUR,Turkey,土耳其,GG,global,global,2011,2024,14,3,11,2023,7.29175966900051,7.301381338345783,-0.009621669345272643
wind,TUR,Turkey,土耳其,GG,global,global,2011,2024,14,3,11,2024,7.261013406295758,7.235507706502969,0.02550569979278894
wind,USA,United States,美国,G0,global,none,2011,2024,14,2,12,2011,7.945283006641228,7.943633266781325,0.001649739859902688
wind,USA,United States,美国,G0,global,none,2011,2024,14,2,12,2012,7.856720564046243,7.861637874189951,-0.004917310143707887
wind,USA,United States,美国,G0,global,none,2011,2024,14,2,12,2013,7.779050017090146,7.812511399591175,-0.033461382501029036
wind,USA,United States,美国,G0,global,none,2011,2024,14,2,12,2014,7.726416859150324,7.745604110276606,-0.019187251126282057
wind,USA,United States,美国,G0,global,none,2011,2024,14,2,12,2015,7.68184491770216,7.671552551346409,0.010292366355751703
wind,USA,United States,美国,G0,global,none,2011,2024,14,2,12,2016,7.703808239441716,7.622226994119899,0.08158124532181699
wind,USA,United States,美国,G0,global,none,2011,2024,14,2,12,2017,7.604530900548713,7.5823627428574145,0.022168157691298873
wind,USA,United States,美国,G0,global,none,2011,2024,14,2,12,2018,7.5792397205535655,7.54539808323852,0.03384163731504586
wind,USA,United States,美国,G0,global,none,2011,2024,14,2,12,2019,7.522816992115299,7.50310391743381,0.019713074681488862
wind,USA,United States,美国,G0,global,none,2011,2024,14,2,12,2020,7.399559885487774,7.432252442983307,-0.03269255749553324
wind,USA,United States,美国,G0,global,none,2011,2024,14,2,12,2021,7.35850556738534,7.389704278064691,-0.03119871067935165
wind,USA,United States,美国,G0,global,none,2011,2024,14,2,12,2022,7.165842111639131,7.351633768593345,-0.18579165695421374
wind,USA,United States,美国,G0,global,none,2011,2024,14,2,12,2023,7.337347416874694,7.3019469535927835,0.03540046328191071
wind,USA,United States,美国,G0,global,none,2011,2024,14,2,12,2024,7.357436820575009,7.254834636182034,0.10260218439297475
wind,USA,United States,美国,D0,domestic,none,2011,2024,14,2,12,2011,7.945283006641228,7.960411370261077,-0.015128363619848706
wind,USA,United States,美国,D0,domestic,none,2011,2024,14,2,12,2012,7.856720564046243,7.815511007276125,0.041209556770117395
wind,USA,United States,美国,D0,domestic,none,2011,2024,14,2,12,2013,7.779050017090146,7.807012705055881,-0.027962687965734645
wind,USA,United States,美国,D0,domestic,none,2011,2024,14,2,12,2014,7.726416859150324,7.76836634773775,-0.04194948858742631
wind,USA,United States,美国,D0,domestic,none,2011,2024,14,2,12,2015,7.68184491770216,7.699592256402556,-0.017747338700395687
wind,USA,United States,美国,D0,domestic,none,2011,2024,14,2,12,2016,7.703808239441716,7.635925832887628,0.06788240655408817
wind,USA,United States,美国,D0,domestic,none,2011,2024,14,2,12,2017,7.604530900548713,7.593790463865031,0.010740436683682297
wind,USA,United States,美国,D0,domestic,none,2011,2024,14,2,12,2018,7.5792397205535655,7.550952306657978,0.028287413895587754
wind,USA,United States,美国,D0,domestic,none,2011,2024,14,2,12,2019,7.522816992115299,7.49886646933439,0.023950522780909367
wind,USA,United States,美国,D0,domestic,none,2011,2024,14,2,12,2020,7.399559885487774,7.423640362899286,-0.024080477411512646
wind,USA,United States,美国,D0,domestic,none,2011,2024,14,2,12,2021,7.35850556738534,7.359170462054038,-0.000664894668698679
wind,USA,United States,美国,D0,domestic,none,2011,2024,14,2,12,2022,7.165842111639131,7.323632732428347,-0.1577906207892159
wind,USA,United States,美国,D0,domestic,none,2011,2024,14,2,12,2023,7.337347416874694,7.300160300994886,0.037187115879808275
wind,USA,United States,美国,D0,domestic,none,2011,2024,14,2,12,2024,7.357436820575009,7.281370401396298,0.07606641917871038
wind,USA,United States,美国,GD,global,domestic,2011,2024,14,3,11,2011,7.945283006641228,7.935186921499199,0.01009608514202931
wind,USA,United States,美国,GD,global,domestic,2011,2024,14,3,11,2012,7.856720564046243,7.856126937432932,0.0005936266133108603
wind,USA,United States,美国,GD,global,domestic,2011,2024,14,3,11,2013,7.779050017090146,7.811803226881731,-0.03275320979158458
wind,USA,United States,美国,GD,global,domestic,2011,2024,14,3,11,2014,7.726416859150324,7.7482412686800455,-0.021824409529721756
wind,USA,United States,美国,GD,global,domestic,2011,2024,14,3,11,2015,7.68184491770216,7.6768676238102405,0.0049772938919199206
wind,USA,United States,美国,GD,global,domestic,2011,2024,14,3,11,2016,7.703808239441716,7.6275757847410475,0.0762324547006683
wind,USA,United States,美国,GD,global,domestic,2011,2024,14,3,11,2017,7.604530900548713,7.5882098544248375,0.01632104612387586
wind,USA,United States,美国,GD,global,domestic,2011,2024,14,3,11,2018,7.5792397205535655,7.5507776644892495,0.028462056064316066
wind,USA,United States,美国,GD,global,domestic,2011,2024,14,3,11,2019,7.522816992115299,7.506669472891648,0.016147519223650875
wind,USA,United States,美国,GD,global,domestic,2011,2024,14,3,11,2020,7.399559885487774,7.433359516357788,-0.03379963087001414
wind,USA,United States,美国,GD,global,domestic,2011,2024,14,3,11,2021,7.35850556738534,7.389354801898466,-0.030849234513126156
wind,USA,United States,美国,GD,global,domestic,2011,2024,14,3,11,2022,7.165842111639131,7.3494274316548935,-0.18358532001576222
wind,USA,United States,美国,GD,global,domestic,2011,2024,14,3,11,2023,7.337347416874694,7.297350681975062,0.03999673489963218
wind,USA,United States,美国,GD,global,domestic,2011,2024,14,3,11,2024,7.357436820575009,7.2474518325141,0.1099849880609085
wind,USA,United States,美国,DD,domestic,domestic,2011,2024,14,3,11,2011,7.945283006641228,7.95944957066777,-0.014166564026542261
wind,USA,United States,美国,DD,domestic,domestic,2011,2024,14,3,11,2012,7.856720564046243,7.814778409773148,0.041942154273094445
wind,USA,United States,美国,DD,domestic,domestic,2011,2024,14,3,11,2013,7.779050017090146,7.806899516342728,-0.027849499252582177
wind,USA,United States,美国,DD,domestic,domestic,2011,2024,14,3,11,2014,7.726416859150324,7.768687730657058,-0.042270871506734586
wind,USA,United States,美国,DD,domestic,domestic,2011,2024,14,3,11,2015,7.68184491770216,7.700232978445182,-0.018388060743022017
wind,USA,United States,美国,DD,domestic,domestic,2011,2024,14,3,11,2016,7.703808239441716,7.63654994175299,0.06725829768872593
wind,USA,United States,美国,DD,domestic,domestic,2011,2024,14,3,11,2017,7.604530900548713,7.594470819087768,0.010060081460945725
wind,USA,United States,美国,DD,domestic,domestic,2011,2024,14,3,11,2018,7.5792397205535655,7.551573066980746,0.027666653572819833
wind,USA,United States,美国,DD,domestic,domestic,2011,2024,14,3,11,2019,7.522816992115299,7.499268999364682,0.023547992750616586
wind,USA,United States,美国,DD,domestic,domestic,2011,2024,14,3,11,2020,7.399559885487774,7.423764115959492,-0.02420423047171827
wind,USA,United States,美国,DD,domestic,domestic,2011,2024,14,3,11,2021,7.35850556738534,7.359095078127555,-0.00058951074221536
wind,USA,United States,美国,DD,domestic,domestic,2011,2024,14,3,11,2022,7.165842111639131,7.323355558086089,-0.15751344644695742
wind,USA,United States,美国,DD,domestic,domestic,2011,2024,14,3,11,2023,7.337347416874694,7.2996638823646025,0.037683534510091654
wind,USA,United States,美国,DD,domestic,domestic,2011,2024,14,3,11,2024,7.357436820575009,7.280613351641529,0.07682346893347969
wind,USA,United States,美国,DG,domestic,global,2011,2024,14,3,11,2011,7.945283006641228,7.957599633984381,-0.012316627343152753
wind,USA,United States,美国,DG,domestic,global,2011,2024,14,3,11,2012,7.856720564046243,7.814305916165397,0.04241464788084581
wind,USA,United States,美国,DG,domestic,global,2011,2024,14,3,11,2013,7.779050017090146,7.806767479657258,-0.027717462567111717
wind,USA,United States,美国,DG,domestic,global,2011,2024,14,3,11,2014,7.726416859150324,7.769420744556545,-0.04300388540622091
wind,USA,United States,美国,DG,domestic,global,2011,2024,14,3,11,2015,7.68184491770216,7.70087822965042,-0.019033311948259524
wind,USA,United States,美国,DG,domestic,global,2011,2024,14,3,11,2016,7.703808239441716,7.637352053221168,0.06645618622054794
wind,USA,United States,美国,DG,domestic,global,2011,2024,14,3,11,2017,7.604530900548713,7.595523443548679,0.009007457000034691
wind,USA,United States,美国,DG,domestic,global,2011,2024,14,3,11,2018,7.5792397205535655,7.552490564335993,0.02674915621757279
wind,USA,United States,美国,DG,domestic,global,2011,2024,14,3,11,2019,7.522816992115299,7.499820203394034,0.022996788721265204
wind,USA,United States,美国,DG,domestic,global,2011,2024,14,3,11,2020,7.399559885487774,7.423862467279365,-0.024302581791591393
wind,USA,United States,美国,DG,domestic,global,2011,2024,14,3,11,2021,7.35850556738534,7.3589198228641015,-0.000414255478761838
wind,USA,United States,美国,DG,domestic,global,2011,2024,14,3,11,2022,7.165842111639131,7.322996955307693,-0.15715484366856192
wind,USA,United States,美国,DG,domestic,global,2011,2024,14,3,11,2023,7.337347416874694,7.298889550541741,0.03845786633295312
wind,USA,United States,美国,DG,domestic,global,2011,2024,14,3,11,2024,7.357436820575009,7.279575954744152,0.07786086583085705
wind,USA,United States,美国,GG,global,global,2011,2024,14,3,11,2011,7.945283006641228,7.9355900992390485,0.00969290740217943
wind,USA,United States,美国,GG,global,global,2011,2024,14,3,11,2012,7.856720564046243,7.858900423739728,-0.00217985969348522
wind,USA,United States,美国,GG,global,global,2011,2024,14,3,11,2013,7.779050017090146,7.812001706269616,-0.03295168917946967
wind,USA,United States,美国,GG,global,global,2011,2024,14,3,11,2014,7.726416859150324,7.748432677509555,-0.02201581835923161
wind,USA,United States,美国,GG,global,global,2011,2024,14,3,11,2015,7.68184491770216,7.674940712469869,0.006904205232291183
wind,USA,United States,美国,GG,global,global,2011,2024,14,3,11,2016,7.703808239441716,7.626162948098598,0.07764529134311804
wind,USA,United States,美国,GG,global,global,2011,2024,14,3,11,2017,7.604530900548713,7.587181822580808,0.017349077967905302
wind,USA,United States,美国,GG,global,global,2011,2024,14,3,11,2018,7.5792397205535655,7.54971228287088,0.02952743768268551
wind,USA,United States,美国,GG,global,global,2011,2024,14,3,11,2019,7.522816992115299,7.5058438595371175,0.01697313257818145
wind,USA,United States,美国,GG,global,global,2011,2024,14,3,11,2020,7.399559885487774,7.432917689704006,-0.03335780421623191
wind,USA,United States,美国,GG,global,global,2011,2024,14,3,11,2021,7.35850556738534,7.389260628175092,-0.030755060789751987
wind,USA,United States,美国,GG,global,global,2011,2024,14,3,11,2022,7.165842111639131,7.35003933132971,-0.18419721969057878
wind,USA,United States,美国,GG,global,global,2011,2024,14,3,11,2023,7.337347416874694,7.298196588348379,0.03915082852631535
wind,USA,United States,美国,GG,global,global,2011,2024,14,3,11,2024,7.357436820575009,7.249222249378338,0.10821457119667066
