baseline,region,technology,year,target_capacity_GW,reference_CF,target_generation_TWh,status
REF_11000,Australia_Oceania,Coal_Power,2017,33.84018264840182,0.5500000000000002,163.04200000000003,CALIBRATION_TARGET_NOT_SOLVED_OUTCOME
REF_11000,Australia_Oceania,Coal_Power,2018,33.84018264840182,0.5500000000000002,163.04200000000003,CALIBRATION_TARGET_NOT_SOLVED_OUTCOME
REF_11000,Australia_Oceania,Coal_Power,2019,33.84018264840182,0.5500000000000002,163.04200000000003,CALIBRATION_TARGET_NOT_SOLVED_OUTCOME
REF_11000,Australia_Oceania,Coal_Power,2020,33.84018264840182,0.5500000000000002,163.04200000000003,CALIBRATION_TARGET_NOT_SOLVED_OUTCOME
REF_11000,Australia_Oceania,Coal_Power,2021,33.84018264840182,0.5500000000000002,163.04200000000003,CALIBRATION_TARGET_NOT_SOLVED_OUTCOME
REF_11000,Australia_Oceania,Coal_Power,2022,33.84018264840182,0.5500000000000002,163.04200000000003,CALIBRATION_TARGET_NOT_SOLVED_OUTCOME
REF_11000,Australia_Oceania,Coal_Power,2023,33.84018264840182,0.5500000000000002,163.04200000000003,CALIBRATION_TARGET_NOT_SOLVED_OUTCOME
REF_11000,Australia_Oceania,Coal_Power,2024,33.84018264840182,0.5500000000000002,163.04200000000003,CALIBRATION_TARGET_NOT_SOLVED_OUTCOME
REF_11000,Australia_Oceania,Coal_Power,2025,33.84018264840182,0.5500000000000002,163.04200000000003,CALIBRATION_TARGET_NOT_SOLVED_OUTCOME
REF_11000,Australia_Oceania,Coal_Power,2026,33.84018264840182,0.5500000000000002,163.04200000000003,CALIBRATION_TARGET_NOT_SOLVED_OUTCOME
REF_11000,Australia_Oceania,Coal_Power,2027,33.84018264840182,0.5500000000000002,163.04200000000003,CALIBRATION_TARGET_NOT_SOLVED_OUTCOME
REF_11000,Australia_Oceania,Coal_Power,2028,33.84018264840182,0.5500000000000002,163.04200000000003,CALIBRATION_TARGET_NOT_SOLVED_OUTCOME
REF_11000,Australia_Oceania,Coal_Power,2029,33.84018264840182,0.5500000000000002,163.04200000000003,CALIBRATION_TARGET_NOT_SOLVED_OUTCOME
REF_11000,Australia_Oceania,Coal_Power,2030,33.84018264840182,0.5500000000000002,163.04200000000003,CALIBRATION_TARGET_NOT_SOLVED_OUTCOME
REF_11000,Australia_Oceania,Oil_Power,2017,2.4109589041095894,0.25,5.28,CALIBRATION_TARGET_NOT_SOLVED_OUTCOME
REF_11000,Australia_Oceania,Oil_Power,2018,2.4109589041095894,0.25,5.28,CALIBRATION_TARGET_NOT_SOLVED_OUTCOME
REF_11000,Australia_Oceania,Oil_Power,2019,2.4109589041095894,0.25,5.28,CALIBRATION_TARGET_NOT_SOLVED_OUTCOME
REF_11000,Australia_Oceania,Oil_Power,2020,2.4109589041095894,0.25,5.28,CALIBRATION_TARGET_NOT_SOLVED_OUTCOME
REF_11000,Australia_Oceania,Oil_Power,2021,2.4109589041095894,0.25,5.28,CALIBRATION_TARGET_NOT_SOLVED_OUTCOME
REF_11000,Australia_Oceania,Oil_Power,2022,2.4109589041095894,0.25,5.28,CALIBRATION_TARGET_NOT_SOLVED_OUTCOME
REF_11000,Australia_Oceania,Oil_Power,2023,2.4109589041095894,0.25,5.28,CALIBRATION_TARGET_NOT_SOLVED_OUTCOME
REF_11000,Australia_Oceania,Oil_Power,2024,2.4109589041095894,0.25,5.28,CALIBRATION_TARGET_NOT_SOLVED_OUTCOME
REF_11000,Australia_Oceania,Oil_Power,2025,2.4109589041095894,0.25,5.28,CALIBRATION_TARGET_NOT_SOLVED_OUTCOME
REF_11000,Australia_Oceania,Oil_Power,2026,2.4109589041095894,0.25,5.28,CALIBRATION_TARGET_NOT_SOLVED_OUTCOME
REF_11000,Australia_Oceania,Oil_Power,2027,2.4109589041095894,0.25,5.28,CALIBRATION_TARGET_NOT_SOLVED_OUTCOME
REF_11000,Australia_Oceania,Oil_Power,2028,2.4109589041095894,0.25,5.28,CALIBRATION_TARGET_NOT_SOLVED_OUTCOME
REF_11000,Australia_Oceania,Oil_Power,2029,2.4109589041095894,0.25,5.28,CALIBRATION_TARGET_NOT_SOLVED_OUTCOME
REF_11000,Australia_Oceania,Oil_Power,2030,2.4109589041095894,0.25,5.28,CALIBRATION_TARGET_NOT_SOLVED_OUTCOME
REF_11000,Australia_Oceania,Gas_Power,2017,14.572298325722985,0.45,57.444,CALIBRATION_TARGET_NOT_SOLVED_OUTCOME
REF_11000,Australia_Oceania,Gas_Power,2018,14.572298325722985,0.45,57.444,CALIBRATION_TARGET_NOT_SOLVED_OUTCOME
REF_11000,Australia_Oceania,Gas_Power,2019,14.572298325722985,0.45,57.444,CALIBRATION_TARGET_NOT_SOLVED_OUTCOME
REF_11000,Australia_Oceania,Gas_Power,2020,14.572298325722985,0.45,57.444,CALIBRATION_TARGET_NOT_SOLVED_OUTCOME
REF_11000,Australia_Oceania,Gas_Power,2021,14.572298325722985,0.45,57.444,CALIBRATION_TARGET_NOT_SOLVED_OUTCOME
REF_11000,Australia_Oceania,Gas_Power,2022,14.572298325722985,0.45,57.444,CALIBRATION_TARGET_NOT_SOLVED_OUTCOME
REF_11000,Australia_Oceania,Gas_Power,2023,14.572298325722985,0.45,57.444,CALIBRATION_TARGET_NOT_SOLVED_OUTCOME
REF_11000,Australia_Oceania,Gas_Power,2024,14.572298325722985,0.45,57.444,CALIBRATION_TARGET_NOT_SOLVED_OUTCOME
REF_11000,Australia_Oceania,Gas_Power,2025,14.572298325722985,0.45,57.444,CALIBRATION_TARGET_NOT_SOLVED_OUTCOME
REF_11000,Australia_Oceania,Gas_Power,2026,14.572298325722985,0.45,57.444,CALIBRATION_TARGET_NOT_SOLVED_OUTCOME
REF_11000,Australia_Oceania,Gas_Power,2027,14.572298325722985,0.45,57.444,CALIBRATION_TARGET_NOT_SOLVED_OUTCOME
REF_11000,Australia_Oceania,Gas_Power,2028,14.572298325722985,0.45,57.444,CALIBRATION_TARGET_NOT_SOLVED_OUTCOME
REF_11000,Australia_Oceania,Gas_Power,2029,14.572298325722985,0.45,57.444,CALIBRATION_TARGET_NOT_SOLVED_OUTCOME
REF_11000,Australia_Oceania,Gas_Power,2030,14.572298325722985,0.45,57.444,CALIBRATION_TARGET_NOT_SOLVED_OUTCOME
REF_11000,Australia_Oceania,Nuclear,2017,0.0,0.8,0.0,CALIBRATION_TARGET_NOT_SOLVED_OUTCOME
REF_11000,Australia_Oceania,Nuclear,2018,0.0,0.8,0.0,CALIBRATION_TARGET_NOT_SOLVED_OUTCOME
REF_11000,Australia_Oceania,Nuclear,2019,0.0,0.8,0.0,CALIBRATION_TARGET_NOT_SOLVED_OUTCOME
REF_11000,Australia_Oceania,Nuclear,2020,0.0,0.8,0.0,CALIBRATION_TARGET_NOT_SOLVED_OUTCOME
REF_11000,Australia_Oceania,Nuclear,2021,0.0,0.8,0.0,CALIBRATION_TARGET_NOT_SOLVED_OUTCOME
REF_11000,Australia_Oceania,Nuclear,2022,0.0,0.8,0.0,CALIBRATION_TARGET_NOT_SOLVED_OUTCOME
REF_11000,Australia_Oceania,Nuclear,2023,0.0,0.8,0.0,CALIBRATION_TARGET_NOT_SOLVED_OUTCOME
REF_11000,Australia_Oceania,Nuclear,2024,0.0,0.8,0.0,CALIBRATION_TARGET_NOT_SOLVED_OUTCOME
REF_11000,Australia_Oceania,Nuclear,2025,0.0,0.8,0.0,CALIBRATION_TARGET_NOT_SOLVED_OUTCOME
REF_11000,Australia_Oceania,Nuclear,2026,0.0,0.8,0.0,CALIBRATION_TARGET_NOT_SOLVED_OUTCOME
REF_11000,Australia_Oceania,Nuclear,2027,0.0,0.8,0.0,CALIBRATION_TARGET_NOT_SOLVED_OUTCOME
REF_11000,Australia_Oceania,Nuclear,2028,0.0,0.8,0.0,CALIBRATION_TARGET_NOT_SOLVED_OUTCOME
REF_11000,Australia_Oceania,Nuclear,2029,0.0,0.8,0.0,CALIBRATION_TARGET_NOT_SOLVED_OUTCOME
REF_11000,Australia_Oceania,Nuclear,2030,0.0,0.8,0.0,CALIBRATION_TARGET_NOT_SOLVED_OUTCOME
REF_11000,Australia_Oceania,Hydro,2017,14.570892095829857,0.3248015544072935,41.45799999999999,CALIBRATION_TARGET_NOT_SOLVED_OUTCOME
REF_11000,Australia_Oceania,Hydro,2018,14.829019017571175,0.3248015544072935,42.19243862264373,CALIBRATION_TARGET_NOT_SOLVED_OUTCOME
REF_11000,Australia_Oceania,Hydro,2019,14.840615276957196,0.3248015544072935,42.225433014371,CALIBRATION_TARGET_NOT_SOLVED_OUTCOME
REF_11000,Australia_Oceania,Hydro,2020,14.87701646951654,0.3248015544072935,42.32900393035885,CALIBRATION_TARGET_NOT_SOLVED_OUTCOME
REF_11000,Australia_Oceania,Hydro,2021,14.884216087308342,0.3248015544072935,42.349488726516114,CALIBRATION_TARGET_NOT_SOLVED_OUTCOME
REF_11000,Australia_Oceania,Hydro,2022,14.951834372636842,0.3248015544072935,42.54188043834213,CALIBRATION_TARGET_NOT_SOLVED_OUTCOME
REF_11000,Australia_Oceania,Hydro,2023,15.013687339030495,0.3248015544072935,42.71786830949533,CALIBRATION_TARGET_NOT_SOLVED_OUTCOME
REF_11000,Australia_Oceania,Hydro,2024,15.307268628595525,0.3248015544072935,43.55318388404896,CALIBRATION_TARGET_NOT_SOLVED_OUTCOME
REF_11000,Australia_Oceania,Hydro,2025,15.403834217524022,0.3248015544072935,43.82793824771235,CALIBRATION_TARGET_NOT_SOLVED_OUTCOME
REF_11000,Australia_Oceania,Hydro,2026,15.50039980645252,0.3248015544072935,44.102692611375744,CALIBRATION_TARGET_NOT_SOLVED_OUTCOME
REF_11000,Australia_Oceania,Hydro,2027,15.59696539538102,0.3248015544072935,44.37744697503914,CALIBRATION_TARGET_NOT_SOLVED_OUTCOME
REF_11000,Australia_Oceania,Hydro,2028,15.693530984309518,0.3248015544072935,44.65220133870253,CALIBRATION_TARGET_NOT_SOLVED_OUTCOME
REF_11000,Australia_Oceania,Hydro,2029,15.790096573238015,0.3248015544072935,44.92695570236592,CALIBRATION_TARGET_NOT_SOLVED_OUTCOME
REF_11000,Australia_Oceania,Hydro,2030,15.886662162166516,0.3248015544072935,45.201710066029314,CALIBRATION_TARGET_NOT_SOLVED_OUTCOME
REF_11000,Australia_Oceania,Wind,2017,6.150180000000001,0.2726281716579227,14.688000000000002,CALIBRATION_TARGET_NOT_SOLVED_OUTCOME
REF_11000,Australia_Oceania,Wind,2018,7.15311,0.2726281716579227,17.08322027647971,CALIBRATION_TARGET_NOT_SOLVED_OUTCOME
REF_11000,Australia_Oceania,Wind,2019,8.62651,0.2726281716579227,20.602027726017774,CALIBRATION_TARGET_NOT_SOLVED_OUTCOME
REF_11000,Australia_Oceania,Wind,2020,10.95251,0.2726281716579227,26.15703392095841,CALIBRATION_TARGET_NOT_SOLVED_OUTCOME
REF_11000,Australia_Oceania,Wind,2021,11.52351,0.2726281716579227,27.520709130464475,CALIBRATION_TARGET_NOT_SOLVED_OUTCOME
REF_11000,Australia_Oceania,Wind,2022,12.98864,0.2726281716579227,31.019765977581145,CALIBRATION_TARGET_NOT_SOLVED_OUTCOME
REF_11000,Australia_Oceania,Wind,2023,14.02864,0.2726281716579227,33.50351767265348,CALIBRATION_TARGET_NOT_SOLVED_OUTCOME
REF_11000,Australia_Oceania,Wind,2024,16.90064,0.2726281716579227,40.3624935075071,CALIBRATION_TARGET_NOT_SOLVED_OUTCOME
REF_11000,Australia_Oceania,Wind,2025,24.44105240389565,0.2726281716579227,58.37067820916125,CALIBRATION_TARGET_NOT_SOLVED_OUTCOME
REF_11000,Australia_Oceania,Wind,2026,31.981464807791312,0.2726281716579227,76.37886291081541,CALIBRATION_TARGET_NOT_SOLVED_OUTCOME
REF_11000,Australia_Oceania,Wind,2027,39.52187721168696,0.2726281716579227,94.38704761246956,CALIBRATION_TARGET_NOT_SOLVED_OUTCOME
REF_11000,Australia_Oceania,Wind,2028,47.06228961558262,0.2726281716579227,112.39523231412376,CALIBRATION_TARGET_NOT_SOLVED_OUTCOME
REF_11000,Australia_Oceania,Wind,2029,54.602702019478286,0.2726281716579227,130.40341701577793,CALIBRATION_TARGET_NOT_SOLVED_OUTCOME
REF_11000,Australia_Oceania,Wind,2030,62.14311442337393,0.2726281716579227,148.41160171743203,CALIBRATION_TARGET_NOT_SOLVED_OUTCOME
REF_11000,Australia_Oceania,Solar,2017,7.46725,0.1245316114766596,8.145999999999999,CALIBRATION_TARGET_NOT_SOLVED_OUTCOME
REF_11000,Australia_Oceania,Solar,2018,11.42145,0.1245316114766596,12.459624587364829,CALIBRATION_TARGET_NOT_SOLVED_OUTCOME
REF_11000,Australia_Oceania,Solar,2019,15.82213,0.1245316114766596,17.26031283002444,CALIBRATION_TARGET_NOT_SOLVED_OUTCOME
REF_11000,Australia_Oceania,Solar,2020,20.20219,0.1245316114766596,22.03850677826509,CALIBRATION_TARGET_NOT_SOLVED_OUTCOME
REF_11000,Australia_Oceania,Solar,2021,24.92975,0.1245316114766596,27.19578740500184,CALIBRATION_TARGET_NOT_SOLVED_OUTCOME
REF_11000,Australia_Oceania,Solar,2022,29.60526,0.1245316114766596,32.29628684723292,CALIBRATION_TARGET_NOT_SOLVED_OUTCOME
REF_11000,Australia_Oceania,Solar,2023,31.52956,0.1245316114766596,34.39549978372226,CALIBRATION_TARGET_NOT_SOLVED_OUTCOME
REF_11000,Australia_Oceania,Solar,2024,37.09283,0.1245316114766596,40.46445387257692,CALIBRATION_TARGET_NOT_SOLVED_OUTCOME
REF_11000,Australia_Oceania,Solar,2025,48.078662507236245,0.1245316114766596,52.44886468029683,CALIBRATION_TARGET_NOT_SOLVED_OUTCOME
REF_11000,Australia_Oceania,Solar,2026,59.064495014472485,0.1245316114766596,64.43327548801672,CALIBRATION_TARGET_NOT_SOLVED_OUTCOME
REF_11000,Australia_Oceania,Solar,2027,70.05032752170874,0.1245316114766596,76.41768629573663,CALIBRATION_TARGET_NOT_SOLVED_OUTCOME
REF_11000,Australia_Oceania,Solar,2028,81.03616002894498,0.1245316114766596,88.40209710345654,CALIBRATION_TARGET_NOT_SOLVED_OUTCOME
REF_11000,Australia_Oceania,Solar,2029,92.02199253618122,0.1245316114766596,100.38650791117644,CALIBRATION_TARGET_NOT_SOLVED_OUTCOME
REF_11000,Australia_Oceania,Solar,2030,103.00782504341744,0.1245316114766596,112.37091871889632,CALIBRATION_TARGET_NOT_SOLVED_OUTCOME
REF_11000,Australia_Oceania,Biomass,2017,0.9722179041701452,0.505246862411346,4.303,CALIBRATION_TARGET_NOT_SOLVED_OUTCOME
REF_11000,Australia_Oceania,Biomass,2018,0.9894409824288236,0.505246862411346,4.379228698761058,CALIBRATION_TARGET_NOT_SOLVED_OUTCOME
REF_11000,Australia_Oceania,Biomass,2019,0.9902147230428054,0.505246862411346,4.3826532457146605,CALIBRATION_TARGET_NOT_SOLVED_OUTCOME
REF_11000,Australia_Oceania,Biomass,2020,0.9926435304834608,0.505246862411346,4.393403056402483,CALIBRATION_TARGET_NOT_SOLVED_OUTCOME
REF_11000,Australia_Oceania,Biomass,2021,0.9931239126916562,0.505246862411346,4.3955292100486965,CALIBRATION_TARGET_NOT_SOLVED_OUTCOME
REF_11000,Australia_Oceania,Biomass,2022,0.99763562736316,0.505246862411346,4.415497890061898,CALIBRATION_TARGET_NOT_SOLVED_OUTCOME
REF_11000,Australia_Oceania,Biomass,2023,1.0017626609695067,0.505246862411346,4.433763986100593,CALIBRATION_TARGET_NOT_SOLVED_OUTCOME
REF_11000,Australia_Oceania,Biomass,2024,1.021351371404482,0.505246862411346,4.520462884197564,CALIBRATION_TARGET_NOT_SOLVED_OUTCOME
REF_11000,Australia_Oceania,Biomass,2025,1.0277945454988044,0.505246862411346,4.548980131214873,CALIBRATION_TARGET_NOT_SOLVED_OUTCOME
REF_11000,Australia_Oceania,Biomass,2026,1.0342377195931272,0.505246862411346,4.577497378232182,CALIBRATION_TARGET_NOT_SOLVED_OUTCOME
REF_11000,Australia_Oceania,Biomass,2027,1.04068089368745,0.505246862411346,4.6060146252494905,CALIBRATION_TARGET_NOT_SOLVED_OUTCOME
REF_11000,Australia_Oceania,Biomass,2028,1.0471240677817724,0.505246862411346,4.6345318722668,CALIBRATION_TARGET_NOT_SOLVED_OUTCOME
REF_11000,Australia_Oceania,Biomass,2029,1.0535672418760949,0.505246862411346,4.663049119284108,CALIBRATION_TARGET_NOT_SOLVED_OUTCOME
REF_11000,Australia_Oceania,Biomass,2030,1.0600104159704176,0.505246862411346,4.691566366301417,CALIBRATION_TARGET_NOT_SOLVED_OUTCOME
REF_11000,China,Coal_Power,2017,979.4555832295556,0.55,4719.016999999999,CALIBRATION_TARGET_NOT_SOLVED_OUTCOME
REF_11000,China,Coal_Power,2018,979.4555832295556,0.55,4719.016999999999,CALIBRATION_TARGET_NOT_SOLVED_OUTCOME
REF_11000,China,Coal_Power,2019,979.4555832295556,0.55,4719.016999999999,CALIBRATION_TARGET_NOT_SOLVED_OUTCOME
REF_11000,China,Coal_Power,2020,979.4555832295556,0.55,4719.016999999999,CALIBRATION_TARGET_NOT_SOLVED_OUTCOME
REF_11000,China,Coal_Power,2021,979.4555832295556,0.55,4719.016999999999,CALIBRATION_TARGET_NOT_SOLVED_OUTCOME
REF_11000,China,Coal_Power,2022,979.4555832295556,0.55,4719.016999999999,CALIBRATION_TARGET_NOT_SOLVED_OUTCOME
REF_11000,China,Coal_Power,2023,979.4555832295556,0.55,4719.016999999999,CALIBRATION_TARGET_NOT_SOLVED_OUTCOME
REF_11000,China,Coal_Power,2024,979.4555832295556,0.55,4719.016999999999,CALIBRATION_TARGET_NOT_SOLVED_OUTCOME
REF_11000,China,Coal_Power,2025,979.4555832295556,0.55,4719.016999999999,CALIBRATION_TARGET_NOT_SOLVED_OUTCOME
REF_11000,China,Coal_Power,2026,979.4555832295556,0.55,4719.016999999999,CALIBRATION_TARGET_NOT_SOLVED_OUTCOME
REF_11000,China,Coal_Power,2027,979.4555832295556,0.55,4719.016999999999,CALIBRATION_TARGET_NOT_SOLVED_OUTCOME
REF_11000,China,Coal_Power,2028,979.4555832295556,0.55,4719.016999999999,CALIBRATION_TARGET_NOT_SOLVED_OUTCOME
REF_11000,China,Coal_Power,2029,979.4555832295556,0.55,4719.016999999999,CALIBRATION_TARGET_NOT_SOLVED_OUTCOME
REF_11000,China,Coal_Power,2030,979.4555832295556,0.55,4719.016999999999,CALIBRATION_TARGET_NOT_SOLVED_OUTCOME
REF_11000,China,Oil_Power,2017,10.497260273972604,0.25,22.989,CALIBRATION_TARGET_NOT_SOLVED_OUTCOME
REF_11000,China,Oil_Power,2018,10.497260273972604,0.25,22.989,CALIBRATION_TARGET_NOT_SOLVED_OUTCOME
REF_11000,China,Oil_Power,2019,10.497260273972604,0.25,22.989,CALIBRATION_TARGET_NOT_SOLVED_OUTCOME
REF_11000,China,Oil_Power,2020,10.497260273972604,0.25,22.989,CALIBRATION_TARGET_NOT_SOLVED_OUTCOME
REF_11000,China,Oil_Power,2021,10.497260273972604,0.25,22.989,CALIBRATION_TARGET_NOT_SOLVED_OUTCOME
REF_11000,China,Oil_Power,2022,10.497260273972604,0.25,22.989,CALIBRATION_TARGET_NOT_SOLVED_OUTCOME
REF_11000,China,Oil_Power,2023,10.497260273972604,0.25,22.989,CALIBRATION_TARGET_NOT_SOLVED_OUTCOME
REF_11000,China,Oil_Power,2024,10.497260273972604,0.25,22.989,CALIBRATION_TARGET_NOT_SOLVED_OUTCOME
REF_11000,China,Oil_Power,2025,10.497260273972604,0.25,22.989,CALIBRATION_TARGET_NOT_SOLVED_OUTCOME
REF_11000,China,Oil_Power,2026,10.497260273972604,0.25,22.989,CALIBRATION_TARGET_NOT_SOLVED_OUTCOME
REF_11000,China,Oil_Power,2027,10.497260273972604,0.25,22.989,CALIBRATION_TARGET_NOT_SOLVED_OUTCOME
REF_11000,China,Oil_Power,2028,10.497260273972604,0.25,22.989,CALIBRATION_TARGET_NOT_SOLVED_OUTCOME
REF_11000,China,Oil_Power,2029,10.497260273972604,0.25,22.989,CALIBRATION_TARGET_NOT_SOLVED_OUTCOME
REF_11000,China,Oil_Power,2030,10.497260273972604,0.25,22.989,CALIBRATION_TARGET_NOT_SOLVED_OUTCOME
REF_11000,China,Gas_Power,2017,73.01572805682393,0.45,287.828,CALIBRATION_TARGET_NOT_SOLVED_OUTCOME
REF_11000,China,Gas_Power,2018,73.01572805682393,0.45,287.828,CALIBRATION_TARGET_NOT_SOLVED_OUTCOME
REF_11000,China,Gas_Power,2019,73.01572805682393,0.45,287.828,CALIBRATION_TARGET_NOT_SOLVED_OUTCOME
REF_11000,China,Gas_Power,2020,73.01572805682393,0.45,287.828,CALIBRATION_TARGET_NOT_SOLVED_OUTCOME
REF_11000,China,Gas_Power,2021,73.01572805682393,0.45,287.828,CALIBRATION_TARGET_NOT_SOLVED_OUTCOME
REF_11000,China,Gas_Power,2022,73.01572805682393,0.45,287.828,CALIBRATION_TARGET_NOT_SOLVED_OUTCOME
REF_11000,China,Gas_Power,2023,73.01572805682393,0.45,287.828,CALIBRATION_TARGET_NOT_SOLVED_OUTCOME
REF_11000,China,Gas_Power,2024,73.01572805682393,0.45,287.828,CALIBRATION_TARGET_NOT_SOLVED_OUTCOME
REF_11000,China,Gas_Power,2025,73.01572805682393,0.45,287.828,CALIBRATION_TARGET_NOT_SOLVED_OUTCOME
REF_11000,China,Gas_Power,2026,73.01572805682393,0.45,287.828,CALIBRATION_TARGET_NOT_SOLVED_OUTCOME
REF_11000,China,Gas_Power,2027,73.01572805682393,0.45,287.828,CALIBRATION_TARGET_NOT_SOLVED_OUTCOME
REF_11000,China,Gas_Power,2028,73.01572805682393,0.45,287.828,CALIBRATION_TARGET_NOT_SOLVED_OUTCOME
REF_11000,China,Gas_Power,2029,73.01572805682393,0.45,287.828,CALIBRATION_TARGET_NOT_SOLVED_OUTCOME
REF_11000,China,Gas_Power,2030,73.01572805682393,0.45,287.828,CALIBRATION_TARGET_NOT_SOLVED_OUTCOME
REF_11000,China,Nuclear,2017,38.60102739726028,0.8000000000000002,270.5160000000001,CALIBRATION_TARGET_NOT_SOLVED_OUTCOME
REF_11000,China,Nuclear,2018,38.60102739726028,0.8000000000000002,270.5160000000001,CALIBRATION_TARGET_NOT_SOLVED_OUTCOME
REF_11000,China,Nuclear,2019,38.60102739726028,0.8000000000000002,270.5160000000001,CALIBRATION_TARGET_NOT_SOLVED_OUTCOME
REF_11000,China,Nuclear,2020,38.60102739726028,0.8000000000000002,270.5160000000001,CALIBRATION_TARGET_NOT_SOLVED_OUTCOME
REF_11000,China,Nuclear,2021,38.60102739726028,0.8000000000000002,270.5160000000001,CALIBRATION_TARGET_NOT_SOLVED_OUTCOME
REF_11000,China,Nuclear,2022,38.60102739726028,0.8000000000000002,270.5160000000001,CALIBRATION_TARGET_NOT_SOLVED_OUTCOME
REF_11000,China,Nuclear,2023,38.60102739726028,0.8000000000000002,270.5160000000001,CALIBRATION_TARGET_NOT_SOLVED_OUTCOME
REF_11000,China,Nuclear,2024,38.60102739726028,0.8000000000000002,270.5160000000001,CALIBRATION_TARGET_NOT_SOLVED_OUTCOME
REF_11000,China,Nuclear,2025,38.60102739726028,0.8000000000000002,270.5160000000001,CALIBRATION_TARGET_NOT_SOLVED_OUTCOME
REF_11000,China,Nuclear,2026,38.60102739726028,0.8000000000000002,270.5160000000001,CALIBRATION_TARGET_NOT_SOLVED_OUTCOME
REF_11000,China,Nuclear,2027,38.60102739726028,0.8000000000000002,270.5160000000001,CALIBRATION_TARGET_NOT_SOLVED_OUTCOME
REF_11000,China,Nuclear,2028,38.60102739726028,0.8000000000000002,270.5160000000001,CALIBRATION_TARGET_NOT_SOLVED_OUTCOME
REF_11000,China,Nuclear,2029,38.60102739726028,0.8000000000000002,270.5160000000001,CALIBRATION_TARGET_NOT_SOLVED_OUTCOME
REF_11000,China,Nuclear,2030,38.60102739726028,0.8000000000000002,270.5160000000001,CALIBRATION_TARGET_NOT_SOLVED_OUTCOME
REF_11000,China,Hydro,2017,309.735933990844,0.4447170892924889,1206.645,CALIBRATION_TARGET_NOT_SOLVED_OUTCOME
REF_11000,China,Hydro,2018,319.1402761248441,0.4447170892924889,1243.2816997463588,CALIBRATION_TARGET_NOT_SOLVED_OUTCOME
REF_11000,China,Hydro,2019,327.49183604110857,0.4447170892924889,1275.8170529593922,CALIBRATION_TARGET_NOT_SOLVED_OUTCOME
REF_11000,China,Hydro,2020,342.93676665440944,0.4447170892924889,1335.9862043386356,CALIBRATION_TARGET_NOT_SOLVED_OUTCOME
REF_11000,China,Hydro,2021,363.2434877225158,0.4447170892924889,1415.0955383042242,CALIBRATION_TARGET_NOT_SOLVED_OUTCOME
REF_11000,China,Hydro,2022,377.7245101235426,0.4447170892924889,1471.509571541981,CALIBRATION_TARGET_NOT_SOLVED_OUTCOME
REF_11000,China,Hydro,2023,382.2471545581489,0.4447170892924889,1489.1285356172202,CALIBRATION_TARGET_NOT_SOLVED_OUTCOME
REF_11000,China,Hydro,2024,389.5756456977161,0.4447170892924889,1517.678297594029,CALIBRATION_TARGET_NOT_SOLVED_OUTCOME
REF_11000,China,Hydro,2025,404.6132481475058,0.4447170892924889,1576.2606118067638,CALIBRATION_TARGET_NOT_SOLVED_OUTCOME
REF_11000,China,Hydro,2026,419.6508505972955,0.4447170892924889,1634.8429260194985,CALIBRATION_TARGET_NOT_SOLVED_OUTCOME
REF_11000,China,Hydro,2027,434.6884530470852,0.4447170892924889,1693.4252402322331,CALIBRATION_TARGET_NOT_SOLVED_OUTCOME
REF_11000,China,Hydro,2028,449.72605549687495,0.4447170892924889,1752.007554444968,CALIBRATION_TARGET_NOT_SOLVED_OUTCOME
REF_11000,China,Hydro,2029,464.7636579466647,0.4447170892924889,1810.589868657703,CALIBRATION_TARGET_NOT_SOLVED_OUTCOME
REF_11000,China,Hydro,2030,479.8012603964544,0.4447170892924889,1869.1721828704376,CALIBRATION_TARGET_NOT_SOLVED_OUTCOME
REF_11000,China,Wind,2017,164.37448,0.2076177201869812,298.953,CALIBRATION_TARGET_NOT_SOLVED_OUTCOME
REF_11000,China,Wind,2018,184.66488,0.2076177201869812,335.85578412561364,CALIBRATION_TARGET_NOT_SOLVED_OUTCOME
REF_11000,China,Wind,2019,209.58191,0.2076177201869812,381.1731647165058,CALIBRATION_TARGET_NOT_SOLVED_OUTCOME
REF_11000,China,Wind,2020,281.99267,0.2076177201869812,512.868875232396,CALIBRATION_TARGET_NOT_SOLVED_OUTCOME
REF_11000,China,Wind,2021,328.97343,0.2076177201869812,598.3142505989373,CALIBRATION_TARGET_NOT_SOLVED_OUTCOME
REF_11000,China,Wind,2022,365.96419,0.2076177201869812,665.590500989387,CALIBRATION_TARGET_NOT_SOLVED_OUTCOME
REF_11000,China,Wind,2023,441.89495,0.2076177201869812,803.688145430787,CALIBRATION_TARGET_NOT_SOLVED_OUTCOME
REF_11000,China,Wind,2024,521.26571,0.2076177201869812,948.0422252993894,CALIBRATION_TARGET_NOT_SOLVED_OUTCOME
REF_11000,China,Wind,2025,753.8343242897238,0.2076177201869812,1371.0220269556792,CALIBRATION_TARGET_NOT_SOLVED_OUTCOME
REF_11000,China,Wind,2026,986.4029385794474,0.2076177201869812,1794.001828611969,CALIBRATION_TARGET_NOT_SOLVED_OUTCOME
REF_11000,China,Wind,2027,1218.971552869171,0.2076177201869812,2216.981630268259,CALIBRATION_TARGET_NOT_SOLVED_OUTCOME
REF_11000,China,Wind,2028,1451.540167158895,0.2076177201869812,2639.961431924549,CALIBRATION_TARGET_NOT_SOLVED_OUTCOME
REF_11000,China,Wind,2029,1684.1087814486186,0.2076177201869812,3062.941233580838,CALIBRATION_TARGET_NOT_SOLVED_OUTCOME
REF_11000,China,Wind,2030,1916.6773957383425,0.2076177201869812,3485.9210352371283,CALIBRATION_TARGET_NOT_SOLVED_OUTCOME
REF_11000,China,Solar,2017,130.83229,0.1042657298203161,119.498,CALIBRATION_TARGET_NOT_SOLVED_OUTCOME
REF_11000,China,Solar,2018,175.26185999999998,0.1042657298203161,160.0785383048787,CALIBRATION_TARGET_NOT_SOLVED_OUTCOME
REF_11000,China,Solar,2019,204.9708,0.1042657298203161,187.21372727176143,CALIBRATION_TARGET_NOT_SOLVED_OUTCOME
REF_11000,China,Solar,2020,253.8638,0.1042657298203161,231.87101878595877,CALIBRATION_TARGET_NOT_SOLVED_OUTCOME
REF_11000,China,Solar,2021,306.9728,0.1042657298203161,280.3790689163968,CALIBRATION_TARGET_NOT_SOLVED_OUTCOME
REF_11000,China,Solar,2022,393.0318,0.1042657298203161,358.9825878336304,CALIBRATION_TARGET_NOT_SOLVED_OUTCOME
REF_11000,China,Solar,2023,609.9208000000001,0.1042657298203161,557.0820151386176,CALIBRATION_TARGET_NOT_SOLVED_OUTCOME
REF_11000,China,Solar,2024,887.0998000000001,0.1042657298203161,810.2483866971985,CALIBRATION_TARGET_NOT_SOLVED_OUTCOME
REF_11000,China,Solar,2025,1149.8333207371013,0.1042657298203161,1050.220722739334,CALIBRATION_TARGET_NOT_SOLVED_OUTCOME
REF_11000,China,Solar,2026,1412.5668414742026,0.1042657298203161,1290.1930587814695,CALIBRATION_TARGET_NOT_SOLVED_OUTCOME
REF_11000,China,Solar,2027,1675.3003622113038,0.1042657298203161,1530.165394823605,CALIBRATION_TARGET_NOT_SOLVED_OUTCOME
REF_11000,China,Solar,2028,1938.033882948405,0.1042657298203161,1770.1377308657409,CALIBRATION_TARGET_NOT_SOLVED_OUTCOME
REF_11000,China,Solar,2029,2200.7674036855065,0.1042657298203161,2010.110066907876,CALIBRATION_TARGET_NOT_SOLVED_OUTCOME
REF_11000,China,Solar,2030,2463.500924422608,0.1042657298203161,2250.082402950012,CALIBRATION_TARGET_NOT_SOLVED_OUTCOME
REF_11000,China,Biomass,2017,15.913006009155955,0.6917821388994264,96.433,CALIBRATION_TARGET_NOT_SOLVED_OUTCOME
REF_11000,China,Biomass,2018,16.39616387515586,0.6917821388994264,99.36094224203526,CALIBRATION_TARGET_NOT_SOLVED_OUTCOME
REF_11000,China,Biomass,2019,16.825233958891353,0.6917821388994264,101.96111189955047,CALIBRATION_TARGET_NOT_SOLVED_OUTCOME
REF_11000,China,Biomass,2020,17.618733345590602,0.6917821388994264,106.76972733735911,CALIBRATION_TARGET_NOT_SOLVED_OUTCOME
REF_11000,China,Biomass,2021,18.662012277484187,0.6917821388994264,113.09200970069182,CALIBRATION_TARGET_NOT_SOLVED_OUTCOME
REF_11000,China,Biomass,2022,19.405989876457493,0.6917821388994264,117.6005225335603,CALIBRATION_TARGET_NOT_SOLVED_OUTCOME
REF_11000,China,Biomass,2023,19.638345441851115,0.6917821388994264,119.0085999404758,CALIBRATION_TARGET_NOT_SOLVED_OUTCOME
REF_11000,China,Biomass,2024,20.01485430228391,0.6917821388994264,121.29024797839052,CALIBRATION_TARGET_NOT_SOLVED_OUTCOME
REF_11000,China,Biomass,2025,20.78742678059983,0.6917821388994264,125.97204610996744,CALIBRATION_TARGET_NOT_SOLVED_OUTCOME
REF_11000,China,Biomass,2026,21.55999925891575,0.6917821388994264,130.6538442415444,CALIBRATION_TARGET_NOT_SOLVED_OUTCOME
REF_11000,China,Biomass,2027,22.332571737231667,0.6917821388994264,135.33564237312137,CALIBRATION_TARGET_NOT_SOLVED_OUTCOME
REF_11000,China,Biomass,2028,23.105144215547583,0.6917821388994264,140.01744050469827,CALIBRATION_TARGET_NOT_SOLVED_OUTCOME
REF_11000,China,Biomass,2029,23.877716693863505,0.6917821388994264,144.6992386362752,CALIBRATION_TARGET_NOT_SOLVED_OUTCOME
REF_11000,China,Biomass,2030,24.650289172179424,0.6917821388994264,149.38103676785215,CALIBRATION_TARGET_NOT_SOLVED_OUTCOME
REF_11000,Japan,Coal_Power,2017,72.4167704441677,0.55,348.904,CALIBRATION_TARGET_NOT_SOLVED_OUTCOME
REF_11000,Japan,Coal_Power,2018,72.4167704441677,0.55,348.904,CALIBRATION_TARGET_NOT_SOLVED_OUTCOME
REF_11000,Japan,Coal_Power,2019,72.4167704441677,0.55,348.904,CALIBRATION_TARGET_NOT_SOLVED_OUTCOME
REF_11000,Japan,Coal_Power,2020,72.4167704441677,0.55,348.904,CALIBRATION_TARGET_NOT_SOLVED_OUTCOME
REF_11000,Japan,Coal_Power,2021,72.4167704441677,0.55,348.904,CALIBRATION_TARGET_NOT_SOLVED_OUTCOME
REF_11000,Japan,Coal_Power,2022,72.4167704441677,0.55,348.904,CALIBRATION_TARGET_NOT_SOLVED_OUTCOME
REF_11000,Japan,Coal_Power,2023,72.4167704441677,0.55,348.904,CALIBRATION_TARGET_NOT_SOLVED_OUTCOME
REF_11000,Japan,Coal_Power,2024,72.4167704441677,0.55,348.904,CALIBRATION_TARGET_NOT_SOLVED_OUTCOME
REF_11000,Japan,Coal_Power,2025,72.4167704441677,0.55,348.904,CALIBRATION_TARGET_NOT_SOLVED_OUTCOME
REF_11000,Japan,Coal_Power,2026,72.4167704441677,0.55,348.904,CALIBRATION_TARGET_NOT_SOLVED_OUTCOME
REF_11000,Japan,Coal_Power,2027,72.4167704441677,0.55,348.904,CALIBRATION_TARGET_NOT_SOLVED_OUTCOME
REF_11000,Japan,Coal_Power,2028,72.4167704441677,0.55,348.904,CALIBRATION_TARGET_NOT_SOLVED_OUTCOME
REF_11000,Japan,Coal_Power,2029,72.4167704441677,0.55,348.904,CALIBRATION_TARGET_NOT_SOLVED_OUTCOME
REF_11000,Japan,Coal_Power,2030,72.4167704441677,0.55,348.904,CALIBRATION_TARGET_NOT_SOLVED_OUTCOME
REF_11000,Japan,Oil_Power,2017,27.766666666666666,0.25,60.809,CALIBRATION_TARGET_NOT_SOLVED_OUTCOME
REF_11000,Japan,Oil_Power,2018,27.766666666666666,0.25,60.809,CALIBRATION_TARGET_NOT_SOLVED_OUTCOME
REF_11000,Japan,Oil_Power,2019,27.766666666666666,0.25,60.809,CALIBRATION_TARGET_NOT_SOLVED_OUTCOME
REF_11000,Japan,Oil_Power,2020,27.766666666666666,0.25,60.809,CALIBRATION_TARGET_NOT_SOLVED_OUTCOME
REF_11000,Japan,Oil_Power,2021,27.766666666666666,0.25,60.809,CALIBRATION_TARGET_NOT_SOLVED_OUTCOME
REF_11000,Japan,Oil_Power,2022,27.766666666666666,0.25,60.809,CALIBRATION_TARGET_NOT_SOLVED_OUTCOME
REF_11000,Japan,Oil_Power,2023,27.766666666666666,0.25,60.809,CALIBRATION_TARGET_NOT_SOLVED_OUTCOME
REF_11000,Japan,Oil_Power,2024,27.766666666666666,0.25,60.809,CALIBRATION_TARGET_NOT_SOLVED_OUTCOME
REF_11000,Japan,Oil_Power,2025,27.766666666666666,0.25,60.809,CALIBRATION_TARGET_NOT_SOLVED_OUTCOME
REF_11000,Japan,Oil_Power,2026,27.766666666666666,0.25,60.809,CALIBRATION_TARGET_NOT_SOLVED_OUTCOME
REF_11000,Japan,Oil_Power,2027,27.766666666666666,0.25,60.809,CALIBRATION_TARGET_NOT_SOLVED_OUTCOME
REF_11000,Japan,Oil_Power,2028,27.766666666666666,0.25,60.809,CALIBRATION_TARGET_NOT_SOLVED_OUTCOME
REF_11000,Japan,Oil_Power,2029,27.766666666666666,0.25,60.809,CALIBRATION_TARGET_NOT_SOLVED_OUTCOME
REF_11000,Japan,Oil_Power,2030,27.766666666666666,0.25,60.809,CALIBRATION_TARGET_NOT_SOLVED_OUTCOME
REF_11000,Japan,Gas_Power,2017,107.89091831557585,0.45,425.306,CALIBRATION_TARGET_NOT_SOLVED_OUTCOME
REF_11000,Japan,Gas_Power,2018,107.89091831557585,0.45,425.306,CALIBRATION_TARGET_NOT_SOLVED_OUTCOME
REF_11000,Japan,Gas_Power,2019,107.89091831557585,0.45,425.306,CALIBRATION_TARGET_NOT_SOLVED_OUTCOME
REF_11000,Japan,Gas_Power,2020,107.89091831557585,0.45,425.306,CALIBRATION_TARGET_NOT_SOLVED_OUTCOME
REF_11000,Japan,Gas_Power,2021,107.89091831557585,0.45,425.306,CALIBRATION_TARGET_NOT_SOLVED_OUTCOME
REF_11000,Japan,Gas_Power,2022,107.89091831557585,0.45,425.306,CALIBRATION_TARGET_NOT_SOLVED_OUTCOME
REF_11000,Japan,Gas_Power,2023,107.89091831557585,0.45,425.306,CALIBRATION_TARGET_NOT_SOLVED_OUTCOME
REF_11000,Japan,Gas_Power,2024,107.89091831557585,0.45,425.306,CALIBRATION_TARGET_NOT_SOLVED_OUTCOME
REF_11000,Japan,Gas_Power,2025,107.89091831557585,0.45,425.306,CALIBRATION_TARGET_NOT_SOLVED_OUTCOME
REF_11000,Japan,Gas_Power,2026,107.89091831557585,0.45,425.306,CALIBRATION_TARGET_NOT_SOLVED_OUTCOME
REF_11000,Japan,Gas_Power,2027,107.89091831557585,0.45,425.306,CALIBRATION_TARGET_NOT_SOLVED_OUTCOME
REF_11000,Japan,Gas_Power,2028,107.89091831557585,0.45,425.306,CALIBRATION_TARGET_NOT_SOLVED_OUTCOME
REF_11000,Japan,Gas_Power,2029,107.89091831557585,0.45,425.306,CALIBRATION_TARGET_NOT_SOLVED_OUTCOME
REF_11000,Japan,Gas_Power,2030,107.89091831557585,0.45,425.306,CALIBRATION_TARGET_NOT_SOLVED_OUTCOME
REF_11000,Japan,Nuclear,2017,4.69634703196347,0.7999999999999999,32.912,CALIBRATION_TARGET_NOT_SOLVED_OUTCOME
REF_11000,Japan,Nuclear,2018,4.69634703196347,0.7999999999999999,32.912,CALIBRATION_TARGET_NOT_SOLVED_OUTCOME
REF_11000,Japan,Nuclear,2019,4.69634703196347,0.7999999999999999,32.912,CALIBRATION_TARGET_NOT_SOLVED_OUTCOME
REF_11000,Japan,Nuclear,2020,4.69634703196347,0.7999999999999999,32.912,CALIBRATION_TARGET_NOT_SOLVED_OUTCOME
REF_11000,Japan,Nuclear,2021,4.69634703196347,0.7999999999999999,32.912,CALIBRATION_TARGET_NOT_SOLVED_OUTCOME
REF_11000,Japan,Nuclear,2022,4.69634703196347,0.7999999999999999,32.912,CALIBRATION_TARGET_NOT_SOLVED_OUTCOME
REF_11000,Japan,Nuclear,2023,4.69634703196347,0.7999999999999999,32.912,CALIBRATION_TARGET_NOT_SOLVED_OUTCOME
REF_11000,Japan,Nuclear,2024,4.69634703196347,0.7999999999999999,32.912,CALIBRATION_TARGET_NOT_SOLVED_OUTCOME
REF_11000,Japan,Nuclear,2025,4.69634703196347,0.7999999999999999,32.912,CALIBRATION_TARGET_NOT_SOLVED_OUTCOME
REF_11000,Japan,Nuclear,2026,4.69634703196347,0.7999999999999999,32.912,CALIBRATION_TARGET_NOT_SOLVED_OUTCOME
REF_11000,Japan,Nuclear,2027,4.69634703196347,0.7999999999999999,32.912,CALIBRATION_TARGET_NOT_SOLVED_OUTCOME
REF_11000,Japan,Nuclear,2028,4.69634703196347,0.7999999999999999,32.912,CALIBRATION_TARGET_NOT_SOLVED_OUTCOME
REF_11000,Japan,Nuclear,2029,4.69634703196347,0.7999999999999999,32.912,CALIBRATION_TARGET_NOT_SOLVED_OUTCOME
REF_11000,Japan,Nuclear,2030,4.69634703196347,0.7999999999999999,32.912,CALIBRATION_TARGET_NOT_SOLVED_OUTCOME
REF_11000,Japan,Hydro,2017,24.25240196097796,0.4288235044402434,91.104,CALIBRATION_TARGET_NOT_SOLVED_OUTCOME
REF_11000,Japan,Hydro,2018,24.608330531890115,0.4288235044402434,92.44104350507448,CALIBRATION_TARGET_NOT_SOLVED_OUTCOME
REF_11000,Japan,Hydro,2019,24.98671011595558,0.4288235044402434,93.8624241040834,CALIBRATION_TARGET_NOT_SOLVED_OUTCOME
REF_11000,Japan,Hydro,2020,25.308249185068696,0.4288235044402434,95.0702836554637,CALIBRATION_TARGET_NOT_SOLVED_OUTCOME
REF_11000,Japan,Hydro,2021,25.74487148215573,0.4288235044402434,96.71045265059334,CALIBRATION_TARGET_NOT_SOLVED_OUTCOME
REF_11000,Japan,Hydro,2022,26.80176441328113,0.4288235044402434,100.68066449815278,CALIBRATION_TARGET_NOT_SOLVED_OUTCOME
REF_11000,Japan,Hydro,2023,27.2396225459546,0.4288235044402434,102.32547590212286,CALIBRATION_TARGET_NOT_SOLVED_OUTCOME
REF_11000,Japan,Hydro,2024,27.684578811226988,0.4288235044402434,103.9969513978944,CALIBRATION_TARGET_NOT_SOLVED_OUTCOME
REF_11000,Japan,Hydro,2025,28.288689077034796,0.4288235044402434,106.26628792566218,CALIBRATION_TARGET_NOT_SOLVED_OUTCOME
REF_11000,Japan,Hydro,2026,28.892799342842597,0.4288235044402434,108.53562445342996,CALIBRATION_TARGET_NOT_SOLVED_OUTCOME
REF_11000,Japan,Hydro,2027,29.4969096086504,0.4288235044402434,110.80496098119772,CALIBRATION_TARGET_NOT_SOLVED_OUTCOME
REF_11000,Japan,Hydro,2028,30.101019874458203,0.4288235044402434,113.0742975089655,CALIBRATION_TARGET_NOT_SOLVED_OUTCOME
REF_11000,Japan,Hydro,2029,30.705130140266004,0.4288235044402434,115.34363403673326,CALIBRATION_TARGET_NOT_SOLVED_OUTCOME
REF_11000,Japan,Hydro,2030,31.30924040607381,0.4288235044402434,117.61297056450104,CALIBRATION_TARGET_NOT_SOLVED_OUTCOME
REF_11000,Japan,Wind,2017,3.48293,0.21271388741912,6.490000000000001,CALIBRATION_TARGET_NOT_SOLVED_OUTCOME
REF_11000,Japan,Wind,2018,3.4976100000000003,0.21271388741912,6.51735432523766,CALIBRATION_TARGET_NOT_SOLVED_OUTCOME
REF_11000,Japan,Wind,2019,3.95127,0.21271388741912,7.362692417016707,CALIBRATION_TARGET_NOT_SOLVED_OUTCOME
REF_11000,Japan,Wind,2020,4.11912,0.21271388741912,7.675459684805609,CALIBRATION_TARGET_NOT_SOLVED_OUTCOME
REF_11000,Japan,Wind,2021,4.26169,0.21271388741912,7.941120866626662,CALIBRATION_TARGET_NOT_SOLVED_OUTCOME
REF_11000,Japan,Wind,2022,4.483479999999999,0.21271388741912,8.354398509301076,CALIBRATION_TARGET_NOT_SOLVED_OUTCOME
REF_11000,Japan,Wind,2023,5.36903,0.21271388741912,10.004509048416134,CALIBRATION_TARGET_NOT_SOLVED_OUTCOME
REF_11000,Japan,Wind,2024,5.858029999999999,0.21271388741912,10.91569876512017,CALIBRATION_TARGET_NOT_SOLVED_OUTCOME
REF_11000,Japan,Wind,2025,8.471656588957156,0.21271388741912,15.785861691831862,CALIBRATION_TARGET_NOT_SOLVED_OUTCOME
REF_11000,Japan,Wind,2026,11.085283177914311,0.21271388741912,20.65602461854355,CALIBRATION_TARGET_NOT_SOLVED_OUTCOME
REF_11000,Japan,Wind,2027,13.69890976687147,0.21271388741912,25.526187545255244,CALIBRATION_TARGET_NOT_SOLVED_OUTCOME
REF_11000,Japan,Wind,2028,16.312536355828627,0.21271388741912,30.396350471966933,CALIBRATION_TARGET_NOT_SOLVED_OUTCOME
REF_11000,Japan,Wind,2029,18.92616294478578,0.21271388741912,35.26651339867862,CALIBRATION_TARGET_NOT_SOLVED_OUTCOME
REF_11000,Japan,Wind,2030,21.53978953374294,0.21271388741912,40.13667632539031,CALIBRATION_TARGET_NOT_SOLVED_OUTCOME
REF_11000,Japan,Solar,2017,49.49963,0.1269992427239184,55.069,CALIBRATION_TARGET_NOT_SOLVED_OUTCOME
REF_11000,Japan,Solar,2018,56.16163,0.1269992427239184,62.480564046034274,CALIBRATION_TARGET_NOT_SOLVED_OUTCOME
REF_11000,Japan,Solar,2019,63.192,0.1269992427239184,70.30194464079833,CALIBRATION_TARGET_NOT_SOLVED_OUTCOME
REF_11000,Japan,Solar,2020,71.868,0.1269992427239184,79.95411060648331,CALIBRATION_TARGET_NOT_SOLVED_OUTCOME
REF_11000,Japan,Solar,2021,78.413,0.1269992427239184,87.235510588665,CALIBRATION_TARGET_NOT_SOLVED_OUTCOME
REF_11000,Japan,Solar,2022,83.057,0.1269992427239184,92.40202266158352,CALIBRATION_TARGET_NOT_SOLVED_OUTCOME
REF_11000,Japan,Solar,2023,87.068,0.1269992427239184,96.8643137736585,CALIBRATION_TARGET_NOT_SOLVED_OUTCOME
REF_11000,Japan,Solar,2024,89.60133,0.1269992427239184,99.68267725980982,CALIBRATION_TARGET_NOT_SOLVED_OUTCOME
REF_11000,Japan,Solar,2025,116.13867438180108,0.1269992427239184,129.20582758964872,CALIBRATION_TARGET_NOT_SOLVED_OUTCOME
REF_11000,Japan,Solar,2026,142.67601876360214,0.1269992427239184,158.7289779194876,CALIBRATION_TARGET_NOT_SOLVED_OUTCOME
REF_11000,Japan,Solar,2027,169.2133631454032,0.1269992427239184,188.2521282493265,CALIBRATION_TARGET_NOT_SOLVED_OUTCOME
REF_11000,Japan,Solar,2028,195.7507075272043,0.1269992427239184,217.7752785791654,CALIBRATION_TARGET_NOT_SOLVED_OUTCOME
REF_11000,Japan,Solar,2029,222.28805190900533,0.1269992427239184,247.29842890900423,CALIBRATION_TARGET_NOT_SOLVED_OUTCOME
REF_11000,Japan,Solar,2030,248.82539629080645,0.1269992427239184,276.8215792388432,CALIBRATION_TARGET_NOT_SOLVED_OUTCOME
REF_11000,Japan,Biomass,2017,6.361498039022046,0.6670587846848232,37.173,CALIBRATION_TARGET_NOT_SOLVED_OUTCOME
REF_11000,Japan,Biomass,2018,6.454859468109884,0.6670587846848232,37.71855143807224,CALIBRATION_TARGET_NOT_SOLVED_OUTCOME
REF_11000,Japan,Biomass,2019,6.554109884044413,0.6670587846848232,38.29851478772713,CALIBRATION_TARGET_NOT_SOLVED_OUTCOME
REF_11000,Japan,Biomass,2020,6.638450814931309,0.6670587846848232,38.79135553131094,CALIBRATION_TARGET_NOT_SOLVED_OUTCOME
REF_11000,Japan,Biomass,2021,6.752978517844266,0.6670587846848232,39.46059071369541,CALIBRATION_TARGET_NOT_SOLVED_OUTCOME
REF_11000,Japan,Biomass,2022,7.030205586718864,0.6670587846848232,41.08054905810758,CALIBRATION_TARGET_NOT_SOLVED_OUTCOME
REF_11000,Japan,Biomass,2023,7.145057454045401,0.6670587846848232,41.75167847415715,CALIBRATION_TARGET_NOT_SOLVED_OUTCOME
REF_11000,Japan,Biomass,2024,7.261771188773008,0.6670587846848232,42.43368759125755,CALIBRATION_TARGET_NOT_SOLVED_OUTCOME
REF_11000,Japan,Biomass,2025,7.420231628174964,0.6670587846848232,43.35964086165964,CALIBRATION_TARGET_NOT_SOLVED_OUTCOME
REF_11000,Japan,Biomass,2026,7.57869206757692,0.6670587846848232,44.285594132061725,CALIBRATION_TARGET_NOT_SOLVED_OUTCOME
REF_11000,Japan,Biomass,2027,7.737152506978877,0.6670587846848232,45.21154740246381,CALIBRATION_TARGET_NOT_SOLVED_OUTCOME
REF_11000,Japan,Biomass,2028,7.895612946380832,0.6670587846848232,46.13750067286589,CALIBRATION_TARGET_NOT_SOLVED_OUTCOME
REF_11000,Japan,Biomass,2029,8.054073385782788,0.6670587846848232,47.06345394326797,CALIBRATION_TARGET_NOT_SOLVED_OUTCOME
REF_11000,Japan,Biomass,2030,8.212533825184744,0.6670587846848232,47.98940721367006,CALIBRATION_TARGET_NOT_SOLVED_OUTCOME
REF_11000,South Korea,Coal_Power,2017,53.0321710253217,0.55,255.509,CALIBRATION_TARGET_NOT_SOLVED_OUTCOME
REF_11000,South Korea,Coal_Power,2018,53.0321710253217,0.55,255.509,CALIBRATION_TARGET_NOT_SOLVED_OUTCOME
REF_11000,South Korea,Coal_Power,2019,53.0321710253217,0.55,255.509,CALIBRATION_TARGET_NOT_SOLVED_OUTCOME
REF_11000,South Korea,Coal_Power,2020,53.0321710253217,0.55,255.509,CALIBRATION_TARGET_NOT_SOLVED_OUTCOME
REF_11000,South Korea,Coal_Power,2021,53.0321710253217,0.55,255.509,CALIBRATION_TARGET_NOT_SOLVED_OUTCOME
REF_11000,South Korea,Coal_Power,2022,53.0321710253217,0.55,255.509,CALIBRATION_TARGET_NOT_SOLVED_OUTCOME
REF_11000,South Korea,Coal_Power,2023,53.0321710253217,0.55,255.509,CALIBRATION_TARGET_NOT_SOLVED_OUTCOME
REF_11000,South Korea,Coal_Power,2024,53.0321710253217,0.55,255.509,CALIBRATION_TARGET_NOT_SOLVED_OUTCOME
REF_11000,South Korea,Coal_Power,2025,53.0321710253217,0.55,255.509,CALIBRATION_TARGET_NOT_SOLVED_OUTCOME
REF_11000,South Korea,Coal_Power,2026,53.0321710253217,0.55,255.509,CALIBRATION_TARGET_NOT_SOLVED_OUTCOME
REF_11000,South Korea,Coal_Power,2027,53.0321710253217,0.55,255.509,CALIBRATION_TARGET_NOT_SOLVED_OUTCOME
REF_11000,South Korea,Coal_Power,2028,53.0321710253217,0.55,255.509,CALIBRATION_TARGET_NOT_SOLVED_OUTCOME
REF_11000,South Korea,Coal_Power,2029,53.0321710253217,0.55,255.509,CALIBRATION_TARGET_NOT_SOLVED_OUTCOME
REF_11000,South Korea,Coal_Power,2030,53.0321710253217,0.55,255.509,CALIBRATION_TARGET_NOT_SOLVED_OUTCOME
REF_11000,South Korea,Oil_Power,2017,5.385844748858448,0.25,11.795,CALIBRATION_TARGET_NOT_SOLVED_OUTCOME
REF_11000,South Korea,Oil_Power,2018,5.385844748858448,0.25,11.795,CALIBRATION_TARGET_NOT_SOLVED_OUTCOME
REF_11000,South Korea,Oil_Power,2019,5.385844748858448,0.25,11.795,CALIBRATION_TARGET_NOT_SOLVED_OUTCOME
REF_11000,South Korea,Oil_Power,2020,5.385844748858448,0.25,11.795,CALIBRATION_TARGET_NOT_SOLVED_OUTCOME
REF_11000,South Korea,Oil_Power,2021,5.385844748858448,0.25,11.795,CALIBRATION_TARGET_NOT_SOLVED_OUTCOME
REF_11000,South Korea,Oil_Power,2022,5.385844748858448,0.25,11.795,CALIBRATION_TARGET_NOT_SOLVED_OUTCOME
REF_11000,South Korea,Oil_Power,2023,5.385844748858448,0.25,11.795,CALIBRATION_TARGET_NOT_SOLVED_OUTCOME
REF_11000,South Korea,Oil_Power,2024,5.385844748858448,0.25,11.795,CALIBRATION_TARGET_NOT_SOLVED_OUTCOME
REF_11000,South Korea,Oil_Power,2025,5.385844748858448,0.25,11.795,CALIBRATION_TARGET_NOT_SOLVED_OUTCOME
REF_11000,South Korea,Oil_Power,2026,5.385844748858448,0.25,11.795,CALIBRATION_TARGET_NOT_SOLVED_OUTCOME
REF_11000,South Korea,Oil_Power,2027,5.385844748858448,0.25,11.795,CALIBRATION_TARGET_NOT_SOLVED_OUTCOME
REF_11000,South Korea,Oil_Power,2028,5.385844748858448,0.25,11.795,CALIBRATION_TARGET_NOT_SOLVED_OUTCOME
REF_11000,South Korea,Oil_Power,2029,5.385844748858448,0.25,11.795,CALIBRATION_TARGET_NOT_SOLVED_OUTCOME
REF_11000,South Korea,Oil_Power,2030,5.385844748858448,0.25,11.795,CALIBRATION_TARGET_NOT_SOLVED_OUTCOME
REF_11000,South Korea,Gas_Power,2017,31.950025367833582,0.45,125.947,CALIBRATION_TARGET_NOT_SOLVED_OUTCOME
REF_11000,South Korea,Gas_Power,2018,31.950025367833582,0.45,125.947,CALIBRATION_TARGET_NOT_SOLVED_OUTCOME
REF_11000,South Korea,Gas_Power,2019,31.950025367833582,0.45,125.947,CALIBRATION_TARGET_NOT_SOLVED_OUTCOME
REF_11000,South Korea,Gas_Power,2020,31.950025367833582,0.45,125.947,CALIBRATION_TARGET_NOT_SOLVED_OUTCOME
REF_11000,South Korea,Gas_Power,2021,31.950025367833582,0.45,125.947,CALIBRATION_TARGET_NOT_SOLVED_OUTCOME
REF_11000,South Korea,Gas_Power,2022,31.950025367833582,0.45,125.947,CALIBRATION_TARGET_NOT_SOLVED_OUTCOME
REF_11000,South Korea,Gas_Power,2023,31.950025367833582,0.45,125.947,CALIBRATION_TARGET_NOT_SOLVED_OUTCOME
REF_11000,South Korea,Gas_Power,2024,31.950025367833582,0.45,125.947,CALIBRATION_TARGET_NOT_SOLVED_OUTCOME
REF_11000,South Korea,Gas_Power,2025,31.950025367833582,0.45,125.947,CALIBRATION_TARGET_NOT_SOLVED_OUTCOME
REF_11000,South Korea,Gas_Power,2026,31.950025367833582,0.45,125.947,CALIBRATION_TARGET_NOT_SOLVED_OUTCOME
REF_11000,South Korea,Gas_Power,2027,31.950025367833582,0.45,125.947,CALIBRATION_TARGET_NOT_SOLVED_OUTCOME
REF_11000,South Korea,Gas_Power,2028,31.950025367833582,0.45,125.947,CALIBRATION_TARGET_NOT_SOLVED_OUTCOME
REF_11000,South Korea,Gas_Power,2029,31.950025367833582,0.45,125.947,CALIBRATION_TARGET_NOT_SOLVED_OUTCOME
REF_11000,South Korea,Gas_Power,2030,31.950025367833582,0.45,125.947,CALIBRATION_TARGET_NOT_SOLVED_OUTCOME
REF_11000,South Korea,Nuclear,2017,21.17965182648402,0.7999999999999999,148.427,CALIBRATION_TARGET_NOT_SOLVED_OUTCOME
REF_11000,South Korea,Nuclear,2018,21.17965182648402,0.7999999999999999,148.427,CALIBRATION_TARGET_NOT_SOLVED_OUTCOME
REF_11000,South Korea,Nuclear,2019,21.17965182648402,0.7999999999999999,148.427,CALIBRATION_TARGET_NOT_SOLVED_OUTCOME
REF_11000,South Korea,Nuclear,2020,21.17965182648402,0.7999999999999999,148.427,CALIBRATION_TARGET_NOT_SOLVED_OUTCOME
REF_11000,South Korea,Nuclear,2021,21.17965182648402,0.7999999999999999,148.427,CALIBRATION_TARGET_NOT_SOLVED_OUTCOME
REF_11000,South Korea,Nuclear,2022,21.17965182648402,0.7999999999999999,148.427,CALIBRATION_TARGET_NOT_SOLVED_OUTCOME
REF_11000,South Korea,Nuclear,2023,21.17965182648402,0.7999999999999999,148.427,CALIBRATION_TARGET_NOT_SOLVED_OUTCOME
REF_11000,South Korea,Nuclear,2024,21.17965182648402,0.7999999999999999,148.427,CALIBRATION_TARGET_NOT_SOLVED_OUTCOME
REF_11000,South Korea,Nuclear,2025,21.17965182648402,0.7999999999999999,148.427,CALIBRATION_TARGET_NOT_SOLVED_OUTCOME
REF_11000,South Korea,Nuclear,2026,21.17965182648402,0.7999999999999999,148.427,CALIBRATION_TARGET_NOT_SOLVED_OUTCOME
REF_11000,South Korea,Nuclear,2027,21.17965182648402,0.7999999999999999,148.427,CALIBRATION_TARGET_NOT_SOLVED_OUTCOME
REF_11000,South Korea,Nuclear,2028,21.17965182648402,0.7999999999999999,148.427,CALIBRATION_TARGET_NOT_SOLVED_OUTCOME
REF_11000,South Korea,Nuclear,2029,21.17965182648402,0.7999999999999999,148.427,CALIBRATION_TARGET_NOT_SOLVED_OUTCOME
REF_11000,South Korea,Nuclear,2030,21.17965182648402,0.7999999999999999,148.427,CALIBRATION_TARGET_NOT_SOLVED_OUTCOME
REF_11000,South Korea,Hydro,2017,2.6912808352726114,0.2971713984715774,7.006,CALIBRATION_TARGET_NOT_SOLVED_OUTCOME
REF_11000,South Korea,Hydro,2018,2.716639737713918,0.2971713984715774,7.072014838799163,CALIBRATION_TARGET_NOT_SOLVED_OUTCOME
REF_11000,South Korea,Hydro,2019,3.2311916951891333,0.2971713984715774,8.41150753195253,CALIBRATION_TARGET_NOT_SOLVED_OUTCOME
REF_11000,South Korea,Hydro,2020,3.48208205261943,0.2971713984715774,9.064630692166542,CALIBRATION_TARGET_NOT_SOLVED_OUTCOME
REF_11000,South Korea,Hydro,2021,2.941479697534984,0.2971713984715774,7.657323045159879,CALIBRATION_TARGET_NOT_SOLVED_OUTCOME
REF_11000,South Korea,Hydro,2022,2.9365963953756813,0.2971713984715774,7.644610728228968,CALIBRATION_TARGET_NOT_SOLVED_OUTCOME
REF_11000,South Korea,Hydro,2023,2.953400339898804,0.2971713984715774,7.688355117066439,CALIBRATION_TARGET_NOT_SOLVED_OUTCOME
REF_11000,South Korea,Hydro,2024,2.970889660163586,0.2971713984715774,7.733883690736325,CALIBRATION_TARGET_NOT_SOLVED_OUTCOME
REF_11000,South Korea,Hydro,2025,2.970889660163586,0.2971713984715774,7.733883690736325,CALIBRATION_TARGET_NOT_SOLVED_OUTCOME
REF_11000,South Korea,Hydro,2026,2.970889660163586,0.2971713984715774,7.733883690736325,CALIBRATION_TARGET_NOT_SOLVED_OUTCOME
REF_11000,South Korea,Hydro,2027,2.970889660163586,0.2971713984715774,7.733883690736325,CALIBRATION_TARGET_NOT_SOLVED_OUTCOME
REF_11000,South Korea,Hydro,2028,2.970889660163586,0.2971713984715774,7.733883690736325,CALIBRATION_TARGET_NOT_SOLVED_OUTCOME
REF_11000,South Korea,Hydro,2029,2.970889660163586,0.2971713984715774,7.733883690736325,CALIBRATION_TARGET_NOT_SOLVED_OUTCOME
REF_11000,South Korea,Hydro,2030,2.970889660163586,0.2971713984715774,7.733883690736325,CALIBRATION_TARGET_NOT_SOLVED_OUTCOME
REF_11000,South Korea,Wind,2017,1.14341,0.2165476423382928,2.169,CALIBRATION_TARGET_NOT_SOLVED_OUTCOME
REF_11000,South Korea,Wind,2018,1.30264,0.2165476423382928,2.471052518344251,CALIBRATION_TARGET_NOT_SOLVED_OUTCOME
REF_11000,South Korea,Wind,2019,1.4938699999999998,0.2165476423382928,2.8338076717887715,CALIBRATION_TARGET_NOT_SOLVED_OUTCOME
REF_11000,South Korea,Wind,2020,1.64541,0.2165476423382928,3.121272588135489,CALIBRATION_TARGET_NOT_SOLVED_OUTCOME
REF_11000,South Korea,Wind,2021,1.70912,0.2165476423382928,3.2421277407054334,CALIBRATION_TARGET_NOT_SOLVED_OUTCOME
REF_11000,South Korea,Wind,2022,1.94596,0.2165476423382928,3.691403118741309,CALIBRATION_TARGET_NOT_SOLVED_OUTCOME
REF_11000,South Korea,Wind,2023,2.16472,0.2165476423382928,4.106381507945532,CALIBRATION_TARGET_NOT_SOLVED_OUTCOME
REF_11000,South Korea,Wind,2024,2.26113,0.2165476423382928,4.289267165758564,CALIBRATION_TARGET_NOT_SOLVED_OUTCOME
REF_11000,South Korea,Wind,2025,3.269958819430542,0.2165476423382928,6.202972406525083,CALIBRATION_TARGET_NOT_SOLVED_OUTCOME
REF_11000,South Korea,Wind,2026,4.278787638861084,0.2165476423382928,8.116677647291601,CALIBRATION_TARGET_NOT_SOLVED_OUTCOME
REF_11000,South Korea,Wind,2027,5.287616458291625,0.2165476423382928,10.03038288805812,CALIBRATION_TARGET_NOT_SOLVED_OUTCOME
REF_11000,South Korea,Wind,2028,6.296445277722167,0.2165476423382928,11.94408812882464,CALIBRATION_TARGET_NOT_SOLVED_OUTCOME
REF_11000,South Korea,Wind,2029,7.30527409715271,0.2165476423382928,13.85779336959116,CALIBRATION_TARGET_NOT_SOLVED_OUTCOME
REF_11000,South Korea,Wind,2030,8.31410291658325,0.2165476423382928,15.771498610357677,CALIBRATION_TARGET_NOT_SOLVED_OUTCOME
REF_11000,South Korea,Solar,2017,5.63367,0.1429759733982989,7.056000000000001,CALIBRATION_TARGET_NOT_SOLVED_OUTCOME
REF_11000,South Korea,Solar,2018,7.70144,0.1429759733982989,9.645818913780891,CALIBRATION_TARGET_NOT_SOLVED_OUTCOME
REF_11000,South Korea,Solar,2019,10.847370000000002,0.1429759733982989,13.58600037275879,CALIBRATION_TARGET_NOT_SOLVED_OUTCOME
REF_11000,South Korea,Solar,2020,14.75559,0.1429759733982989,18.48092682744996,CALIBRATION_TARGET_NOT_SOLVED_OUTCOME
REF_11000,South Korea,Solar,2021,17.90512,0.1429759733982989,22.42561717672494,CALIBRATION_TARGET_NOT_SOLVED_OUTCOME
REF_11000,South Korea,Solar,2022,20.5251,0.1429759733982989,25.70706228799344,CALIBRATION_TARGET_NOT_SOLVED_OUTCOME
REF_11000,South Korea,Solar,2023,23.52822,0.1429759733982989,29.46837857382488,CALIBRATION_TARGET_NOT_SOLVED_OUTCOME
REF_11000,South Korea,Solar,2024,26.68025,0.1429759733982989,33.41620009691729,CALIBRATION_TARGET_NOT_SOLVED_OUTCOME
REF_11000,South Korea,Solar,2025,34.582174920562544,0.1429759733982989,43.31312026431959,CALIBRATION_TARGET_NOT_SOLVED_OUTCOME
REF_11000,South Korea,Solar,2026,42.48409984112509,0.1429759733982989,53.21004043172188,CALIBRATION_TARGET_NOT_SOLVED_OUTCOME
REF_11000,South Korea,Solar,2027,50.38602476168764,0.1429759733982989,63.10696059912419,CALIBRATION_TARGET_NOT_SOLVED_OUTCOME
REF_11000,South Korea,Solar,2028,58.28794968225017,0.1429759733982989,73.00388076652649,CALIBRATION_TARGET_NOT_SOLVED_OUTCOME
REF_11000,South Korea,Solar,2029,66.18987460281272,0.1429759733982989,82.90080093392878,CALIBRATION_TARGET_NOT_SOLVED_OUTCOME
REF_11000,South Korea,Solar,2030,74.09179952337527,0.1429759733982989,92.79772110133108,CALIBRATION_TARGET_NOT_SOLVED_OUTCOME
REF_11000,South Korea,Biomass,2017,1.7066491647273885,0.462266619844676,6.911,CALIBRATION_TARGET_NOT_SOLVED_OUTCOME
REF_11000,South Korea,Biomass,2018,1.7227302622860816,0.462266619844676,6.976119690399803,CALIBRATION_TARGET_NOT_SOLVED_OUTCOME
REF_11000,South Korea,Biomass,2019,2.049028304810865,0.462266619844676,8.297449122655427,CALIBRATION_TARGET_NOT_SOLVED_OUTCOME
REF_11000,South Korea,Biomass,2020,2.2081279473805706,0.462266619844676,8.941716059600767,CALIBRATION_TARGET_NOT_SOLVED_OUTCOME
REF_11000,South Korea,Biomass,2021,1.865310302465014,0.462266619844676,7.553491231101901,CALIBRATION_TARGET_NOT_SOLVED_OUTCOME
REF_11000,South Korea,Biomass,2022,1.8622136046243216,0.462266619844676,7.540951290720867,CALIBRATION_TARGET_NOT_SOLVED_OUTCOME
REF_11000,South Korea,Biomass,2023,1.872869660101196,0.462266619844676,7.584102514137334,CALIBRATION_TARGET_NOT_SOLVED_OUTCOME
REF_11000,South Korea,Biomass,2024,1.8839603398364144,0.462266619844676,7.629013729186232,CALIBRATION_TARGET_NOT_SOLVED_OUTCOME
REF_11000,South Korea,Biomass,2025,1.8839603398364144,0.462266619844676,7.629013729186232,CALIBRATION_TARGET_NOT_SOLVED_OUTCOME
REF_11000,South Korea,Biomass,2026,1.8839603398364144,0.462266619844676,7.629013729186232,CALIBRATION_TARGET_NOT_SOLVED_OUTCOME
REF_11000,South Korea,Biomass,2027,1.8839603398364144,0.462266619844676,7.629013729186232,CALIBRATION_TARGET_NOT_SOLVED_OUTCOME
REF_11000,South Korea,Biomass,2028,1.8839603398364144,0.462266619844676,7.629013729186232,CALIBRATION_TARGET_NOT_SOLVED_OUTCOME
REF_11000,South Korea,Biomass,2029,1.8839603398364144,0.462266619844676,7.629013729186232,CALIBRATION_TARGET_NOT_SOLVED_OUTCOME
REF_11000,South Korea,Biomass,2030,1.8839603398364144,0.462266619844676,7.629013729186232,CALIBRATION_TARGET_NOT_SOLVED_OUTCOME
REF_11000,Rest of World,Coal_Power,2017,10.56434205064342,0.55,50.899,CALIBRATION_TARGET_NOT_SOLVED_OUTCOME
REF_11000,Rest of World,Coal_Power,2018,10.56434205064342,0.55,50.899,CALIBRATION_TARGET_NOT_SOLVED_OUTCOME
REF_11000,Rest of World,Coal_Power,2019,10.56434205064342,0.55,50.899,CALIBRATION_TARGET_NOT_SOLVED_OUTCOME
REF_11000,Rest of World,Coal_Power,2020,10.56434205064342,0.55,50.899,CALIBRATION_TARGET_NOT_SOLVED_OUTCOME
REF_11000,Rest of World,Coal_Power,2021,10.56434205064342,0.55,50.899,CALIBRATION_TARGET_NOT_SOLVED_OUTCOME
REF_11000,Rest of World,Coal_Power,2022,10.56434205064342,0.55,50.899,CALIBRATION_TARGET_NOT_SOLVED_OUTCOME
REF_11000,Rest of World,Coal_Power,2023,10.56434205064342,0.55,50.899,CALIBRATION_TARGET_NOT_SOLVED_OUTCOME
REF_11000,Rest of World,Coal_Power,2024,10.56434205064342,0.55,50.899,CALIBRATION_TARGET_NOT_SOLVED_OUTCOME
REF_11000,Rest of World,Coal_Power,2025,10.56434205064342,0.55,50.899,CALIBRATION_TARGET_NOT_SOLVED_OUTCOME
REF_11000,Rest of World,Coal_Power,2026,10.56434205064342,0.55,50.899,CALIBRATION_TARGET_NOT_SOLVED_OUTCOME
REF_11000,Rest of World,Coal_Power,2027,10.56434205064342,0.55,50.899,CALIBRATION_TARGET_NOT_SOLVED_OUTCOME
REF_11000,Rest of World,Coal_Power,2028,10.56434205064342,0.55,50.899,CALIBRATION_TARGET_NOT_SOLVED_OUTCOME
REF_11000,Rest of World,Coal_Power,2029,10.56434205064342,0.55,50.899,CALIBRATION_TARGET_NOT_SOLVED_OUTCOME
REF_11000,Rest of World,Coal_Power,2030,10.56434205064342,0.55,50.899,CALIBRATION_TARGET_NOT_SOLVED_OUTCOME
REF_11000,Rest of World,Oil_Power,2017,0.5748858447488584,0.25,1.259,CALIBRATION_TARGET_NOT_SOLVED_OUTCOME
REF_11000,Rest of World,Oil_Power,2018,0.5748858447488584,0.25,1.259,CALIBRATION_TARGET_NOT_SOLVED_OUTCOME
REF_11000,Rest of World,Oil_Power,2019,0.5748858447488584,0.25,1.259,CALIBRATION_TARGET_NOT_SOLVED_OUTCOME
REF_11000,Rest of World,Oil_Power,2020,0.5748858447488584,0.25,1.259,CALIBRATION_TARGET_NOT_SOLVED_OUTCOME
REF_11000,Rest of World,Oil_Power,2021,0.5748858447488584,0.25,1.259,CALIBRATION_TARGET_NOT_SOLVED_OUTCOME
REF_11000,Rest of World,Oil_Power,2022,0.5748858447488584,0.25,1.259,CALIBRATION_TARGET_NOT_SOLVED_OUTCOME
REF_11000,Rest of World,Oil_Power,2023,0.5748858447488584,0.25,1.259,CALIBRATION_TARGET_NOT_SOLVED_OUTCOME
REF_11000,Rest of World,Oil_Power,2024,0.5748858447488584,0.25,1.259,CALIBRATION_TARGET_NOT_SOLVED_OUTCOME
REF_11000,Rest of World,Oil_Power,2025,0.5748858447488584,0.25,1.259,CALIBRATION_TARGET_NOT_SOLVED_OUTCOME
REF_11000,Rest of World,Oil_Power,2026,0.5748858447488584,0.25,1.259,CALIBRATION_TARGET_NOT_SOLVED_OUTCOME
REF_11000,Rest of World,Oil_Power,2027,0.5748858447488584,0.25,1.259,CALIBRATION_TARGET_NOT_SOLVED_OUTCOME
REF_11000,Rest of World,Oil_Power,2028,0.5748858447488584,0.25,1.259,CALIBRATION_TARGET_NOT_SOLVED_OUTCOME
REF_11000,Rest of World,Oil_Power,2029,0.5748858447488584,0.25,1.259,CALIBRATION_TARGET_NOT_SOLVED_OUTCOME
REF_11000,Rest of World,Oil_Power,2030,0.5748858447488584,0.25,1.259,CALIBRATION_TARGET_NOT_SOLVED_OUTCOME
REF_11000,Rest of World,Gas_Power,2017,0.3556570268899036,0.45,1.402,CALIBRATION_TARGET_NOT_SOLVED_OUTCOME
REF_11000,Rest of World,Gas_Power,2018,0.3556570268899036,0.45,1.402,CALIBRATION_TARGET_NOT_SOLVED_OUTCOME
REF_11000,Rest of World,Gas_Power,2019,0.3556570268899036,0.45,1.402,CALIBRATION_TARGET_NOT_SOLVED_OUTCOME
REF_11000,Rest of World,Gas_Power,2020,0.3556570268899036,0.45,1.402,CALIBRATION_TARGET_NOT_SOLVED_OUTCOME
REF_11000,Rest of World,Gas_Power,2021,0.3556570268899036,0.45,1.402,CALIBRATION_TARGET_NOT_SOLVED_OUTCOME
REF_11000,Rest of World,Gas_Power,2022,0.3556570268899036,0.45,1.402,CALIBRATION_TARGET_NOT_SOLVED_OUTCOME
REF_11000,Rest of World,Gas_Power,2023,0.3556570268899036,0.45,1.402,CALIBRATION_TARGET_NOT_SOLVED_OUTCOME
REF_11000,Rest of World,Gas_Power,2024,0.3556570268899036,0.45,1.402,CALIBRATION_TARGET_NOT_SOLVED_OUTCOME
REF_11000,Rest of World,Gas_Power,2025,0.3556570268899036,0.45,1.402,CALIBRATION_TARGET_NOT_SOLVED_OUTCOME
REF_11000,Rest of World,Gas_Power,2026,0.3556570268899036,0.45,1.402,CALIBRATION_TARGET_NOT_SOLVED_OUTCOME
REF_11000,Rest of World,Gas_Power,2027,0.3556570268899036,0.45,1.402,CALIBRATION_TARGET_NOT_SOLVED_OUTCOME
REF_11000,Rest of World,Gas_Power,2028,0.3556570268899036,0.45,1.402,CALIBRATION_TARGET_NOT_SOLVED_OUTCOME
REF_11000,Rest of World,Gas_Power,2029,0.3556570268899036,0.45,1.402,CALIBRATION_TARGET_NOT_SOLVED_OUTCOME
REF_11000,Rest of World,Gas_Power,2030,0.3556570268899036,0.45,1.402,CALIBRATION_TARGET_NOT_SOLVED_OUTCOME
REF_11000,Rest of World,Nuclear,2017,0.0,0.8,0.0,CALIBRATION_TARGET_NOT_SOLVED_OUTCOME
REF_11000,Rest of World,Nuclear,2018,0.0,0.8,0.0,CALIBRATION_TARGET_NOT_SOLVED_OUTCOME
REF_11000,Rest of World,Nuclear,2019,0.0,0.8,0.0,CALIBRATION_TARGET_NOT_SOLVED_OUTCOME
REF_11000,Rest of World,Nuclear,2020,0.0,0.8,0.0,CALIBRATION_TARGET_NOT_SOLVED_OUTCOME
REF_11000,Rest of World,Nuclear,2021,0.0,0.8,0.0,CALIBRATION_TARGET_NOT_SOLVED_OUTCOME
REF_11000,Rest of World,Nuclear,2022,0.0,0.8,0.0,CALIBRATION_TARGET_NOT_SOLVED_OUTCOME
REF_11000,Rest of World,Nuclear,2023,0.0,0.8,0.0,CALIBRATION_TARGET_NOT_SOLVED_OUTCOME
REF_11000,Rest of World,Nuclear,2024,0.0,0.8,0.0,CALIBRATION_TARGET_NOT_SOLVED_OUTCOME
REF_11000,Rest of World,Nuclear,2025,0.0,0.8,0.0,CALIBRATION_TARGET_NOT_SOLVED_OUTCOME
REF_11000,Rest of World,Nuclear,2026,0.0,0.8,0.0,CALIBRATION_TARGET_NOT_SOLVED_OUTCOME
REF_11000,Rest of World,Nuclear,2027,0.0,0.8,0.0,CALIBRATION_TARGET_NOT_SOLVED_OUTCOME
REF_11000,Rest of World,Nuclear,2028,0.0,0.8,0.0,CALIBRATION_TARGET_NOT_SOLVED_OUTCOME
REF_11000,Rest of World,Nuclear,2029,0.0,0.8,0.0,CALIBRATION_TARGET_NOT_SOLVED_OUTCOME
REF_11000,Rest of World,Nuclear,2030,0.0,0.8,0.0,CALIBRATION_TARGET_NOT_SOLVED_OUTCOME
REF_11000,Rest of World,Hydro,2017,12.97183882233259,0.2451481917563941,27.857,CALIBRATION_TARGET_NOT_SOLVED_OUTCOME
REF_11000,Rest of World,Hydro,2018,13.04582491126726,0.2451481917563941,28.01588498983696,CALIBRATION_TARGET_NOT_SOLVED_OUTCOME
REF_11000,Rest of World,Hydro,2019,13.104409692278988,0.2451481917563941,28.14169569925112,CALIBRATION_TARGET_NOT_SOLVED_OUTCOME
REF_11000,Rest of World,Hydro,2020,13.23512642418418,0.2451481917563941,28.42240964047076,CALIBRATION_TARGET_NOT_SOLVED_OUTCOME
REF_11000,Rest of World,Hydro,2021,13.266387590298317,0.2451481917563941,28.48954293717363,CALIBRATION_TARGET_NOT_SOLVED_OUTCOME
REF_11000,Rest of World,Hydro,2022,13.35121938992565,0.2451481917563941,28.67171907076467,CALIBRATION_TARGET_NOT_SOLVED_OUTCOME
REF_11000,Rest of World,Hydro,2023,13.425514501867182,0.2451481917563941,28.831267686940205,CALIBRATION_TARGET_NOT_SOLVED_OUTCOME
REF_11000,Rest of World,Hydro,2024,13.558185056654514,0.2451481917563941,29.11617745920379,CALIBRATION_TARGET_NOT_SOLVED_OUTCOME
REF_11000,Rest of World,Hydro,2025,13.65240495707346,0.2451481917563941,29.318514521968694,CALIBRATION_TARGET_NOT_SOLVED_OUTCOME
REF_11000,Rest of World,Hydro,2026,13.746624857492408,0.2451481917563941,29.52085158473361,CALIBRATION_TARGET_NOT_SOLVED_OUTCOME
REF_11000,Rest of World,Hydro,2027,13.840844757911354,0.2451481917563941,29.72318864749852,CALIBRATION_TARGET_NOT_SOLVED_OUTCOME
REF_11000,Rest of World,Hydro,2028,13.9350646583303,0.2451481917563941,29.925525710263425,CALIBRATION_TARGET_NOT_SOLVED_OUTCOME
REF_11000,Rest of World,Hydro,2029,14.029284558749248,0.2451481917563941,30.127862773028337,CALIBRATION_TARGET_NOT_SOLVED_OUTCOME
REF_11000,Rest of World,Hydro,2030,14.123504459168194,0.2451481917563941,30.330199835793245,CALIBRATION_TARGET_NOT_SOLVED_OUTCOME
REF_11000,Rest of World,Wind,2017,0.94995,0.0469863710683162,0.391,CALIBRATION_TARGET_NOT_SOLVED_OUTCOME
REF_11000,Rest of World,Wind,2018,1.27445,0.0469863710683162,0.5245643981262171,CALIBRATION_TARGET_NOT_SOLVED_OUTCOME
REF_11000,Rest of World,Wind,2019,1.65586,0.0469863710683162,0.6815529869993158,CALIBRATION_TARGET_NOT_SOLVED_OUTCOME
REF_11000,Rest of World,Wind,2020,1.7543799999999998,0.0469863710683162,0.7221038791515343,CALIBRATION_TARGET_NOT_SOLVED_OUTCOME
REF_11000,Rest of World,Wind,2021,1.96287,0.0469863710683162,0.8079184904468656,CALIBRATION_TARGET_NOT_SOLVED_OUTCOME
REF_11000,Rest of World,Wind,2022,2.47496,0.0469863710683162,1.0186950471077425,CALIBRATION_TARGET_NOT_SOLVED_OUTCOME
REF_11000,Rest of World,Wind,2023,3.73592,0.0469863710683162,1.5377069529975262,CALIBRATION_TARGET_NOT_SOLVED_OUTCOME
REF_11000,Rest of World,Wind,2024,5.14493,0.0469863710683162,2.117656329280488,CALIBRATION_TARGET_NOT_SOLVED_OUTCOME
REF_11000,Rest of World,Wind,2025,7.44039892834679,0.0469863710683162,3.062472741705979,CALIBRATION_TARGET_NOT_SOLVED_OUTCOME
REF_11000,Rest of World,Wind,2026,9.73586785669358,0.0469863710683162,4.0072891541314695,CALIBRATION_TARGET_NOT_SOLVED_OUTCOME
REF_11000,Rest of World,Wind,2027,12.031336785040368,0.0469863710683162,4.95210556655696,CALIBRATION_TARGET_NOT_SOLVED_OUTCOME
REF_11000,Rest of World,Wind,2028,14.32680571338716,0.0469863710683162,5.896921978982451,CALIBRATION_TARGET_NOT_SOLVED_OUTCOME
REF_11000,Rest of World,Wind,2029,16.62227464173395,0.0469863710683162,6.841738391407942,CALIBRATION_TARGET_NOT_SOLVED_OUTCOME
REF_11000,Rest of World,Wind,2030,18.917743570080734,0.0469863710683162,7.786554803833432,CALIBRATION_TARGET_NOT_SOLVED_OUTCOME
REF_11000,Rest of World,Solar,2017,1.91265,0.0059087495689298,0.099,CALIBRATION_TARGET_NOT_SOLVED_OUTCOME
REF_11000,Rest of World,Solar,2018,2.9178399999999995,0.0059087495689298,0.1510292839777272,CALIBRATION_TARGET_NOT_SOLVED_OUTCOME
REF_11000,Rest of World,Solar,2019,4.464600000000001,0.0059087495689298,0.2310905811308917,CALIBRATION_TARGET_NOT_SOLVED_OUTCOME
REF_11000,Rest of World,Solar,2020,6.18894,0.0059087495689298,0.3203435338404831,CALIBRATION_TARGET_NOT_SOLVED_OUTCOME
REF_11000,Rest of World,Solar,2021,8.15832,0.0059087495689298,0.4222799153007607,CALIBRATION_TARGET_NOT_SOLVED_OUTCOME
REF_11000,Rest of World,Solar,2022,10.51498,0.0059087495689298,0.5442621598306014,CALIBRATION_TARGET_NOT_SOLVED_OUTCOME
REF_11000,Rest of World,Solar,2023,13.96775,0.0059087495689298,0.7229797662928398,CALIBRATION_TARGET_NOT_SOLVED_OUTCOME
REF_11000,Rest of World,Solar,2024,16.81577,0.0059087495689298,0.8703951219512195,CALIBRATION_TARGET_NOT_SOLVED_OUTCOME
REF_11000,Rest of World,Solar,2025,21.79611883561616,0.0059087495689298,1.128181196102789,CALIBRATION_TARGET_NOT_SOLVED_OUTCOME
REF_11000,Rest of World,Solar,2026,26.77646767123232,0.0059087495689298,1.3859672702543588,CALIBRATION_TARGET_NOT_SOLVED_OUTCOME
REF_11000,Rest of World,Solar,2027,31.756816506848477,0.0059087495689298,1.6437533444059282,CALIBRATION_TARGET_NOT_SOLVED_OUTCOME
REF_11000,Rest of World,Solar,2028,36.73716534246464,0.0059087495689298,1.901539418557498,CALIBRATION_TARGET_NOT_SOLVED_OUTCOME
REF_11000,Rest of World,Solar,2029,41.71751417808079,0.0059087495689298,2.159325492709068,CALIBRATION_TARGET_NOT_SOLVED_OUTCOME
REF_11000,Rest of World,Solar,2030,46.69786301369695,0.0059087495689298,2.4171115668606373,CALIBRATION_TARGET_NOT_SOLVED_OUTCOME
REF_11000,Rest of World,Biomass,2017,0.0410111776674129,0.3813416316210665,0.137,CALIBRATION_TARGET_NOT_SOLVED_OUTCOME
REF_11000,Rest of World,Biomass,2018,0.0412450887327426,0.3813416316210665,0.1377813922392097,CALIBRATION_TARGET_NOT_SOLVED_OUTCOME
REF_11000,Rest of World,Biomass,2019,0.0414303077210129,0.3813416316210665,0.138400126029271,CALIBRATION_TARGET_NOT_SOLVED_OUTCOME
REF_11000,Rest of World,Biomass,2020,0.0418435758158214,0.3813416316210665,0.1397806698763145,CALIBRATION_TARGET_NOT_SOLVED_OUTCOME
REF_11000,Rest of World,Biomass,2021,0.0419424097016842,0.3813416316210665,0.1401108296798933,CALIBRATION_TARGET_NOT_SOLVED_OUTCOME
REF_11000,Rest of World,Biomass,2022,0.042210610074354,0.3813416316210665,0.1410067671570793,CALIBRATION_TARGET_NOT_SOLVED_OUTCOME
REF_11000,Rest of World,Biomass,2023,0.0424454981328156,0.3813416316210665,0.1417914230933269,CALIBRATION_TARGET_NOT_SOLVED_OUTCOME
REF_11000,Rest of World,Biomass,2024,0.0428649433454905,0.3813416316210665,0.1431926019280941,CALIBRATION_TARGET_NOT_SOLVED_OUTCOME
REF_11000,Rest of World,Biomass,2025,0.0431628247121041,0.3813416316210665,0.1441876903295298,CALIBRATION_TARGET_NOT_SOLVED_OUTCOME
REF_11000,Rest of World,Biomass,2026,0.0434607060787177,0.3813416316210665,0.1451827787309654,CALIBRATION_TARGET_NOT_SOLVED_OUTCOME
REF_11000,Rest of World,Biomass,2027,0.0437585874453312,0.3813416316210665,0.146177867132401,CALIBRATION_TARGET_NOT_SOLVED_OUTCOME
REF_11000,Rest of World,Biomass,2028,0.0440564688119448,0.3813416316210665,0.1471729555338367,CALIBRATION_TARGET_NOT_SOLVED_OUTCOME
REF_11000,Rest of World,Biomass,2029,0.0443543501785584,0.3813416316210665,0.1481680439352723,CALIBRATION_TARGET_NOT_SOLVED_OUTCOME
REF_11000,Rest of World,Biomass,2030,0.0446522315451719,0.3813416316210665,0.149163132336708,CALIBRATION_TARGET_NOT_SOLVED_OUTCOME
REF_11000,Southeast Asia,Coal_Power,2017,80.28289746782896,0.5500000000000002,386.803,CALIBRATION_TARGET_NOT_SOLVED_OUTCOME
REF_11000,Southeast Asia,Coal_Power,2018,80.28289746782896,0.5500000000000002,386.803,CALIBRATION_TARGET_NOT_SOLVED_OUTCOME
REF_11000,Southeast Asia,Coal_Power,2019,80.28289746782896,0.5500000000000002,386.803,CALIBRATION_TARGET_NOT_SOLVED_OUTCOME
REF_11000,Southeast Asia,Coal_Power,2020,80.28289746782896,0.5500000000000002,386.803,CALIBRATION_TARGET_NOT_SOLVED_OUTCOME
REF_11000,Southeast Asia,Coal_Power,2021,80.28289746782896,0.5500000000000002,386.803,CALIBRATION_TARGET_NOT_SOLVED_OUTCOME
REF_11000,Southeast Asia,Coal_Power,2022,80.28289746782896,0.5500000000000002,386.803,CALIBRATION_TARGET_NOT_SOLVED_OUTCOME
REF_11000,Southeast Asia,Coal_Power,2023,80.28289746782896,0.5500000000000002,386.803,CALIBRATION_TARGET_NOT_SOLVED_OUTCOME
REF_11000,Southeast Asia,Coal_Power,2024,80.28289746782896,0.5500000000000002,386.803,CALIBRATION_TARGET_NOT_SOLVED_OUTCOME
REF_11000,Southeast Asia,Coal_Power,2025,80.28289746782896,0.5500000000000002,386.803,CALIBRATION_TARGET_NOT_SOLVED_OUTCOME
REF_11000,Southeast Asia,Coal_Power,2026,80.28289746782896,0.5500000000000002,386.803,CALIBRATION_TARGET_NOT_SOLVED_OUTCOME
REF_11000,Southeast Asia,Coal_Power,2027,80.28289746782896,0.5500000000000002,386.803,CALIBRATION_TARGET_NOT_SOLVED_OUTCOME
REF_11000,Southeast Asia,Coal_Power,2028,80.28289746782896,0.5500000000000002,386.803,CALIBRATION_TARGET_NOT_SOLVED_OUTCOME
REF_11000,Southeast Asia,Coal_Power,2029,80.28289746782896,0.5500000000000002,386.803,CALIBRATION_TARGET_NOT_SOLVED_OUTCOME
REF_11000,Southeast Asia,Coal_Power,2030,80.28289746782896,0.5500000000000002,386.803,CALIBRATION_TARGET_NOT_SOLVED_OUTCOME
REF_11000,Southeast Asia,Oil_Power,2017,11.906392694063928,0.25,26.075,CALIBRATION_TARGET_NOT_SOLVED_OUTCOME
REF_11000,Southeast Asia,Oil_Power,2018,11.906392694063928,0.25,26.075,CALIBRATION_TARGET_NOT_SOLVED_OUTCOME
REF_11000,Southeast Asia,Oil_Power,2019,11.906392694063928,0.25,26.075,CALIBRATION_TARGET_NOT_SOLVED_OUTCOME
REF_11000,Southeast Asia,Oil_Power,2020,11.906392694063928,0.25,26.075,CALIBRATION_TARGET_NOT_SOLVED_OUTCOME
REF_11000,Southeast Asia,Oil_Power,2021,11.906392694063928,0.25,26.075,CALIBRATION_TARGET_NOT_SOLVED_OUTCOME
REF_11000,Southeast Asia,Oil_Power,2022,11.906392694063928,0.25,26.075,CALIBRATION_TARGET_NOT_SOLVED_OUTCOME
REF_11000,Southeast Asia,Oil_Power,2023,11.906392694063928,0.25,26.075,CALIBRATION_TARGET_NOT_SOLVED_OUTCOME
REF_11000,Southeast Asia,Oil_Power,2024,11.906392694063928,0.25,26.075,CALIBRATION_TARGET_NOT_SOLVED_OUTCOME
REF_11000,Southeast Asia,Oil_Power,2025,11.906392694063928,0.25,26.075,CALIBRATION_TARGET_NOT_SOLVED_OUTCOME
REF_11000,Southeast Asia,Oil_Power,2026,11.906392694063928,0.25,26.075,CALIBRATION_TARGET_NOT_SOLVED_OUTCOME
REF_11000,Southeast Asia,Oil_Power,2027,11.906392694063928,0.25,26.075,CALIBRATION_TARGET_NOT_SOLVED_OUTCOME
REF_11000,Southeast Asia,Oil_Power,2028,11.906392694063928,0.25,26.075,CALIBRATION_TARGET_NOT_SOLVED_OUTCOME
REF_11000,Southeast Asia,Oil_Power,2029,11.906392694063928,0.25,26.075,CALIBRATION_TARGET_NOT_SOLVED_OUTCOME
REF_11000,Southeast Asia,Oil_Power,2030,11.906392694063928,0.25,26.075,CALIBRATION_TARGET_NOT_SOLVED_OUTCOME
REF_11000,Southeast Asia,Gas_Power,2017,91.75951293759512,0.4499999999999999,361.716,CALIBRATION_TARGET_NOT_SOLVED_OUTCOME
REF_11000,Southeast Asia,Gas_Power,2018,91.75951293759512,0.4499999999999999,361.716,CALIBRATION_TARGET_NOT_SOLVED_OUTCOME
REF_11000,Southeast Asia,Gas_Power,2019,91.75951293759512,0.4499999999999999,361.716,CALIBRATION_TARGET_NOT_SOLVED_OUTCOME
REF_11000,Southeast Asia,Gas_Power,2020,91.75951293759512,0.4499999999999999,361.716,CALIBRATION_TARGET_NOT_SOLVED_OUTCOME
REF_11000,Southeast Asia,Gas_Power,2021,91.75951293759512,0.4499999999999999,361.716,CALIBRATION_TARGET_NOT_SOLVED_OUTCOME
REF_11000,Southeast Asia,Gas_Power,2022,91.75951293759512,0.4499999999999999,361.716,CALIBRATION_TARGET_NOT_SOLVED_OUTCOME
REF_11000,Southeast Asia,Gas_Power,2023,91.75951293759512,0.4499999999999999,361.716,CALIBRATION_TARGET_NOT_SOLVED_OUTCOME
REF_11000,Southeast Asia,Gas_Power,2024,91.75951293759512,0.4499999999999999,361.716,CALIBRATION_TARGET_NOT_SOLVED_OUTCOME
REF_11000,Southeast Asia,Gas_Power,2025,91.75951293759512,0.4499999999999999,361.716,CALIBRATION_TARGET_NOT_SOLVED_OUTCOME
REF_11000,Southeast Asia,Gas_Power,2026,91.75951293759512,0.4499999999999999,361.716,CALIBRATION_TARGET_NOT_SOLVED_OUTCOME
REF_11000,Southeast Asia,Gas_Power,2027,91.75951293759512,0.4499999999999999,361.716,CALIBRATION_TARGET_NOT_SOLVED_OUTCOME
REF_11000,Southeast Asia,Gas_Power,2028,91.75951293759512,0.4499999999999999,361.716,CALIBRATION_TARGET_NOT_SOLVED_OUTCOME
REF_11000,Southeast Asia,Gas_Power,2029,91.75951293759512,0.4499999999999999,361.716,CALIBRATION_TARGET_NOT_SOLVED_OUTCOME
REF_11000,Southeast Asia,Gas_Power,2030,91.75951293759512,0.4499999999999999,361.716,CALIBRATION_TARGET_NOT_SOLVED_OUTCOME
REF_11000,Southeast Asia,Nuclear,2017,0.0,0.8,0.0,CALIBRATION_TARGET_NOT_SOLVED_OUTCOME
REF_11000,Southeast Asia,Nuclear,2018,0.0,0.8,0.0,CALIBRATION_TARGET_NOT_SOLVED_OUTCOME
REF_11000,Southeast Asia,Nuclear,2019,0.0,0.8,0.0,CALIBRATION_TARGET_NOT_SOLVED_OUTCOME
REF_11000,Southeast Asia,Nuclear,2020,0.0,0.8,0.0,CALIBRATION_TARGET_NOT_SOLVED_OUTCOME
REF_11000,Southeast Asia,Nuclear,2021,0.0,0.8,0.0,CALIBRATION_TARGET_NOT_SOLVED_OUTCOME
REF_11000,Southeast Asia,Nuclear,2022,0.0,0.8,0.0,CALIBRATION_TARGET_NOT_SOLVED_OUTCOME
REF_11000,Southeast Asia,Nuclear,2023,0.0,0.8,0.0,CALIBRATION_TARGET_NOT_SOLVED_OUTCOME
REF_11000,Southeast Asia,Nuclear,2024,0.0,0.8,0.0,CALIBRATION_TARGET_NOT_SOLVED_OUTCOME
REF_11000,Southeast Asia,Nuclear,2025,0.0,0.8,0.0,CALIBRATION_TARGET_NOT_SOLVED_OUTCOME
REF_11000,Southeast Asia,Nuclear,2026,0.0,0.8,0.0,CALIBRATION_TARGET_NOT_SOLVED_OUTCOME
REF_11000,Southeast Asia,Nuclear,2027,0.0,0.8,0.0,CALIBRATION_TARGET_NOT_SOLVED_OUTCOME
REF_11000,Southeast Asia,Nuclear,2028,0.0,0.8,0.0,CALIBRATION_TARGET_NOT_SOLVED_OUTCOME
REF_11000,Southeast Asia,Nuclear,2029,0.0,0.8,0.0,CALIBRATION_TARGET_NOT_SOLVED_OUTCOME
REF_11000,Southeast Asia,Nuclear,2030,0.0,0.8,0.0,CALIBRATION_TARGET_NOT_SOLVED_OUTCOME
REF_11000,Southeast Asia,Hydro,2017,51.879507552094886,0.3947745213655188,179.411,CALIBRATION_TARGET_NOT_SOLVED_OUTCOME
REF_11000,Southeast Asia,Hydro,2018,53.75864744721844,0.3947745213655188,185.909488201444,CALIBRATION_TARGET_NOT_SOLVED_OUTCOME
REF_11000,Southeast Asia,Hydro,2019,57.31836453750834,0.3947745213655188,198.21979014956287,CALIBRATION_TARGET_NOT_SOLVED_OUTCOME
REF_11000,Southeast Asia,Hydro,2020,59.84300056695163,0.3947745213655188,206.95054909563845,CALIBRATION_TARGET_NOT_SOLVED_OUTCOME
REF_11000,Southeast Asia,Hydro,2021,63.07077876647671,0.3947745213655188,218.11293173725255,CALIBRATION_TARGET_NOT_SOLVED_OUTCOME
REF_11000,Southeast Asia,Hydro,2022,65.4899783369616,0.3947745213655188,226.47906770537895,CALIBRATION_TARGET_NOT_SOLVED_OUTCOME
REF_11000,Southeast Asia,Hydro,2023,66.41309591996193,0.3947745213655188,229.6714158308381,CALIBRATION_TARGET_NOT_SOLVED_OUTCOME
REF_11000,Southeast Asia,Hydro,2024,68.27820551380086,0.3947745213655188,236.1213840963276,CALIBRATION_TARGET_NOT_SOLVED_OUTCOME
REF_11000,Southeast Asia,Hydro,2025,70.93687890655734,0.3947745213655188,245.31567437729947,CALIBRATION_TARGET_NOT_SOLVED_OUTCOME
REF_11000,Southeast Asia,Hydro,2026,73.59555229931382,0.3947745213655188,254.50996465827137,CALIBRATION_TARGET_NOT_SOLVED_OUTCOME
REF_11000,Southeast Asia,Hydro,2027,76.25422569207029,0.3947745213655188,263.7042549392432,CALIBRATION_TARGET_NOT_SOLVED_OUTCOME
REF_11000,Southeast Asia,Hydro,2028,78.91289908482678,0.3947745213655188,272.8985452202151,CALIBRATION_TARGET_NOT_SOLVED_OUTCOME
REF_11000,Southeast Asia,Hydro,2029,81.57157247758326,0.3947745213655188,282.092835501187,CALIBRATION_TARGET_NOT_SOLVED_OUTCOME
REF_11000,Southeast Asia,Hydro,2030,84.23024587033974,0.3947745213655188,291.28712578215885,CALIBRATION_TARGET_NOT_SOLVED_OUTCOME
REF_11000,Southeast Asia,Wind,2017,1.26124,0.2317064499400387,2.5600000000000005,CALIBRATION_TARGET_NOT_SOLVED_OUTCOME
REF_11000,Southeast Asia,Wind,2018,1.91029,0.2317064499400387,3.87740826488218,CALIBRATION_TARGET_NOT_SOLVED_OUTCOME
REF_11000,Southeast Asia,Wind,2019,2.4795,0.2317064499400387,5.032761409406616,CALIBRATION_TARGET_NOT_SOLVED_OUTCOME
REF_11000,Southeast Asia,Wind,2020,2.62286,0.2317064499400387,5.323746154578035,CALIBRATION_TARGET_NOT_SOLVED_OUTCOME
REF_11000,Southeast Asia,Wind,2021,6.2614600000000005,0.2317064499400387,12.709189052044024,CALIBRATION_TARGET_NOT_SOLVED_OUTCOME
REF_11000,Southeast Asia,Wind,2022,7.20846,0.2317064499400387,14.6313608829406,CALIBRATION_TARGET_NOT_SOLVED_OUTCOME
REF_11000,Southeast Asia,Wind,2023,8.02718,0.2317064499400387,16.293156576067997,CALIBRATION_TARGET_NOT_SOLVED_OUTCOME
REF_11000,Southeast Asia,Wind,2024,8.32448,0.2317064499400387,16.89660080555644,CALIBRATION_TARGET_NOT_SOLVED_OUTCOME
REF_11000,Southeast Asia,Wind,2025,12.03854125732406,0.2317064499400387,24.435211076995333,CALIBRATION_TARGET_NOT_SOLVED_OUTCOME
REF_11000,Southeast Asia,Wind,2026,15.75260251464812,0.2317064499400387,31.973821348434235,CALIBRATION_TARGET_NOT_SOLVED_OUTCOME
REF_11000,Southeast Asia,Wind,2027,19.46666377197218,0.2317064499400387,39.51243161987313,CALIBRATION_TARGET_NOT_SOLVED_OUTCOME
REF_11000,Southeast Asia,Wind,2028,23.18072502929624,0.2317064499400387,47.05104189131203,CALIBRATION_TARGET_NOT_SOLVED_OUTCOME
REF_11000,Southeast Asia,Wind,2029,26.894786286620302,0.2317064499400387,54.58965216275093,CALIBRATION_TARGET_NOT_SOLVED_OUTCOME
REF_11000,Southeast Asia,Wind,2030,30.60884754394436,0.2317064499400387,62.12826243418982,CALIBRATION_TARGET_NOT_SOLVED_OUTCOME
REF_11000,Southeast Asia,Solar,2017,4.25797,0.1688212026947949,6.297000000000001,CALIBRATION_TARGET_NOT_SOLVED_OUTCOME
REF_11000,Southeast Asia,Solar,2018,4.8408500000000005,0.1688212026947949,7.159005923010262,CALIBRATION_TARGET_NOT_SOLVED_OUTCOME
REF_11000,Southeast Asia,Solar,2019,10.50717,0.1688212026947949,15.53877774855154,CALIBRATION_TARGET_NOT_SOLVED_OUTCOME
REF_11000,Southeast Asia,Solar,2020,23.17085,0.1688212026947949,34.26676149667565,CALIBRATION_TARGET_NOT_SOLVED_OUTCOME
REF_11000,Southeast Asia,Solar,2021,23.98645,0.1688212026947949,35.47293091543623,CALIBRATION_TARGET_NOT_SOLVED_OUTCOME
REF_11000,Southeast Asia,Solar,2022,25.33262,0.1688212026947949,37.463746372097496,CALIBRATION_TARGET_NOT_SOLVED_OUTCOME
REF_11000,Southeast Asia,Solar,2023,28.38531,0.1688212026947949,41.97828943604581,CALIBRATION_TARGET_NOT_SOLVED_OUTCOME
REF_11000,Southeast Asia,Solar,2024,31.52448,0.1688212026947949,46.62072550064936,CALIBRATION_TARGET_NOT_SOLVED_OUTCOME
REF_11000,Southeast Asia,Solar,2025,40.861126924964175,0.1688212026947949,60.42844741660918,CALIBRATION_TARGET_NOT_SOLVED_OUTCOME
REF_11000,Southeast Asia,Solar,2026,50.19777384992835,0.1688212026947949,74.236169332569,CALIBRATION_TARGET_NOT_SOLVED_OUTCOME
REF_11000,Southeast Asia,Solar,2027,59.53442077489253,0.1688212026947949,88.04389124852881,CALIBRATION_TARGET_NOT_SOLVED_OUTCOME
REF_11000,Southeast Asia,Solar,2028,68.87106769985671,0.1688212026947949,101.85161316448864,CALIBRATION_TARGET_NOT_SOLVED_OUTCOME
REF_11000,Southeast Asia,Solar,2029,78.20771462482088,0.1688212026947949,115.65933508044844,CALIBRATION_TARGET_NOT_SOLVED_OUTCOME
REF_11000,Southeast Asia,Solar,2030,87.54436154978505,0.1688212026947949,129.46705699640827,CALIBRATION_TARGET_NOT_SOLVED_OUTCOME
REF_11000,Southeast Asia,Biomass,2017,3.9184224479051175,0.6140936999019184,21.079000000000004,CALIBRATION_TARGET_NOT_SOLVED_OUTCOME
REF_11000,Southeast Asia,Biomass,2018,4.060352552781545,0.6140936999019184,21.84250743710385,CALIBRATION_TARGET_NOT_SOLVED_OUTCOME
REF_11000,Southeast Asia,Biomass,2019,4.329215462491646,0.6140936999019184,23.28884492345863,CALIBRATION_TARGET_NOT_SOLVED_OUTCOME
REF_11000,Southeast Asia,Biomass,2020,4.519899433048364,0.6140936999019184,24.314621870381217,CALIBRATION_TARGET_NOT_SOLVED_OUTCOME
REF_11000,Southeast Asia,Biomass,2021,4.763691233523291,0.6140936999019184,25.626090307113543,CALIBRATION_TARGET_NOT_SOLVED_OUTCOME
REF_11000,Southeast Asia,Biomass,2022,4.946411663038387,0.6140936999019184,26.60902769708482,CALIBRATION_TARGET_NOT_SOLVED_OUTCOME
REF_11000,Southeast Asia,Biomass,2023,5.016134080038052,0.6140936999019184,26.98409670699254,CALIBRATION_TARGET_NOT_SOLVED_OUTCOME
REF_11000,Southeast Asia,Biomass,2024,5.157004486199155,0.6140936999019184,27.74190353638568,CALIBRATION_TARGET_NOT_SOLVED_OUTCOME
REF_11000,Southeast Asia,Biomass,2025,5.357812203839189,0.6140936999019184,28.82214078400487,CALIBRATION_TARGET_NOT_SOLVED_OUTCOME
REF_11000,Southeast Asia,Biomass,2026,5.558619921479223,0.6140936999019184,29.902378031624057,CALIBRATION_TARGET_NOT_SOLVED_OUTCOME
REF_11000,Southeast Asia,Biomass,2027,5.759427639119256,0.6140936999019184,30.982615279243245,CALIBRATION_TARGET_NOT_SOLVED_OUTCOME
REF_11000,Southeast Asia,Biomass,2028,5.96023535675929,0.6140936999019184,32.06285252686244,CALIBRATION_TARGET_NOT_SOLVED_OUTCOME
REF_11000,Southeast Asia,Biomass,2029,6.161043074399323,0.6140936999019184,33.14308977448162,CALIBRATION_TARGET_NOT_SOLVED_OUTCOME
REF_11000,Southeast Asia,Biomass,2030,6.361850792039357,0.6140936999019184,34.22332702210081,CALIBRATION_TARGET_NOT_SOLVED_OUTCOME
REF_11000,"Central, Western and South Asia",Coal_Power,2017,43.68638439186384,0.55,210.481,CALIBRATION_TARGET_NOT_SOLVED_OUTCOME
REF_11000,"Central, Western and South Asia",Coal_Power,2018,43.68638439186384,0.55,210.481,CALIBRATION_TARGET_NOT_SOLVED_OUTCOME
REF_11000,"Central, Western and South Asia",Coal_Power,2019,43.68638439186384,0.55,210.481,CALIBRATION_TARGET_NOT_SOLVED_OUTCOME
REF_11000,"Central, Western and South Asia",Coal_Power,2020,43.68638439186384,0.55,210.481,CALIBRATION_TARGET_NOT_SOLVED_OUTCOME
REF_11000,"Central, Western and South Asia",Coal_Power,2021,43.68638439186384,0.55,210.481,CALIBRATION_TARGET_NOT_SOLVED_OUTCOME
REF_11000,"Central, Western and South Asia",Coal_Power,2022,43.68638439186384,0.55,210.481,CALIBRATION_TARGET_NOT_SOLVED_OUTCOME
REF_11000,"Central, Western and South Asia",Coal_Power,2023,43.68638439186384,0.55,210.481,CALIBRATION_TARGET_NOT_SOLVED_OUTCOME
REF_11000,"Central, Western and South Asia",Coal_Power,2024,43.68638439186384,0.55,210.481,CALIBRATION_TARGET_NOT_SOLVED_OUTCOME
REF_11000,"Central, Western and South Asia",Coal_Power,2025,43.68638439186384,0.55,210.481,CALIBRATION_TARGET_NOT_SOLVED_OUTCOME
REF_11000,"Central, Western and South Asia",Coal_Power,2026,43.68638439186384,0.55,210.481,CALIBRATION_TARGET_NOT_SOLVED_OUTCOME
REF_11000,"Central, Western and South Asia",Coal_Power,2027,43.68638439186384,0.55,210.481,CALIBRATION_TARGET_NOT_SOLVED_OUTCOME
REF_11000,"Central, Western and South Asia",Coal_Power,2028,43.68638439186384,0.55,210.481,CALIBRATION_TARGET_NOT_SOLVED_OUTCOME
REF_11000,"Central, Western and South Asia",Coal_Power,2029,43.68638439186384,0.55,210.481,CALIBRATION_TARGET_NOT_SOLVED_OUTCOME
REF_11000,"Central, Western and South Asia",Coal_Power,2030,43.68638439186384,0.55,210.481,CALIBRATION_TARGET_NOT_SOLVED_OUTCOME
REF_11000,"Central, Western and South Asia",Oil_Power,2017,171.75205479452055,0.25,376.137,CALIBRATION_TARGET_NOT_SOLVED_OUTCOME
REF_11000,"Central, Western and South Asia",Oil_Power,2018,171.75205479452055,0.25,376.137,CALIBRATION_TARGET_NOT_SOLVED_OUTCOME
REF_11000,"Central, Western and South Asia",Oil_Power,2019,171.75205479452055,0.25,376.137,CALIBRATION_TARGET_NOT_SOLVED_OUTCOME
REF_11000,"Central, Western and South Asia",Oil_Power,2020,171.75205479452055,0.25,376.137,CALIBRATION_TARGET_NOT_SOLVED_OUTCOME
REF_11000,"Central, Western and South Asia",Oil_Power,2021,171.75205479452055,0.25,376.137,CALIBRATION_TARGET_NOT_SOLVED_OUTCOME
REF_11000,"Central, Western and South Asia",Oil_Power,2022,171.75205479452055,0.25,376.137,CALIBRATION_TARGET_NOT_SOLVED_OUTCOME
REF_11000,"Central, Western and South Asia",Oil_Power,2023,171.75205479452055,0.25,376.137,CALIBRATION_TARGET_NOT_SOLVED_OUTCOME
REF_11000,"Central, Western and South Asia",Oil_Power,2024,171.75205479452055,0.25,376.137,CALIBRATION_TARGET_NOT_SOLVED_OUTCOME
REF_11000,"Central, Western and South Asia",Oil_Power,2025,171.75205479452055,0.25,376.137,CALIBRATION_TARGET_NOT_SOLVED_OUTCOME
REF_11000,"Central, Western and South Asia",Oil_Power,2026,171.75205479452055,0.25,376.137,CALIBRATION_TARGET_NOT_SOLVED_OUTCOME
REF_11000,"Central, Western and South Asia",Oil_Power,2027,171.75205479452055,0.25,376.137,CALIBRATION_TARGET_NOT_SOLVED_OUTCOME
REF_11000,"Central, Western and South Asia",Oil_Power,2028,171.75205479452055,0.25,376.137,CALIBRATION_TARGET_NOT_SOLVED_OUTCOME
REF_11000,"Central, Western and South Asia",Oil_Power,2029,171.75205479452055,0.25,376.137,CALIBRATION_TARGET_NOT_SOLVED_OUTCOME
REF_11000,"Central, Western and South Asia",Oil_Power,2030,171.75205479452055,0.25,376.137,CALIBRATION_TARGET_NOT_SOLVED_OUTCOME
REF_11000,"Central, Western and South Asia",Gas_Power,2017,300.80923389142566,0.4499999999999999,1185.79,CALIBRATION_TARGET_NOT_SOLVED_OUTCOME
REF_11000,"Central, Western and South Asia",Gas_Power,2018,300.80923389142566,0.4499999999999999,1185.79,CALIBRATION_TARGET_NOT_SOLVED_OUTCOME
REF_11000,"Central, Western and South Asia",Gas_Power,2019,300.80923389142566,0.4499999999999999,1185.79,CALIBRATION_TARGET_NOT_SOLVED_OUTCOME
REF_11000,"Central, Western and South Asia",Gas_Power,2020,300.80923389142566,0.4499999999999999,1185.79,CALIBRATION_TARGET_NOT_SOLVED_OUTCOME
REF_11000,"Central, Western and South Asia",Gas_Power,2021,300.80923389142566,0.4499999999999999,1185.79,CALIBRATION_TARGET_NOT_SOLVED_OUTCOME
REF_11000,"Central, Western and South Asia",Gas_Power,2022,300.80923389142566,0.4499999999999999,1185.79,CALIBRATION_TARGET_NOT_SOLVED_OUTCOME
REF_11000,"Central, Western and South Asia",Gas_Power,2023,300.80923389142566,0.4499999999999999,1185.79,CALIBRATION_TARGET_NOT_SOLVED_OUTCOME
REF_11000,"Central, Western and South Asia",Gas_Power,2024,300.80923389142566,0.4499999999999999,1185.79,CALIBRATION_TARGET_NOT_SOLVED_OUTCOME
REF_11000,"Central, Western and South Asia",Gas_Power,2025,300.80923389142566,0.4499999999999999,1185.79,CALIBRATION_TARGET_NOT_SOLVED_OUTCOME
REF_11000,"Central, Western and South Asia",Gas_Power,2026,300.80923389142566,0.4499999999999999,1185.79,CALIBRATION_TARGET_NOT_SOLVED_OUTCOME
REF_11000,"Central, Western and South Asia",Gas_Power,2027,300.80923389142566,0.4499999999999999,1185.79,CALIBRATION_TARGET_NOT_SOLVED_OUTCOME
REF_11000,"Central, Western and South Asia",Gas_Power,2028,300.80923389142566,0.4499999999999999,1185.79,CALIBRATION_TARGET_NOT_SOLVED_OUTCOME
REF_11000,"Central, Western and South Asia",Gas_Power,2029,300.80923389142566,0.4499999999999999,1185.79,CALIBRATION_TARGET_NOT_SOLVED_OUTCOME
REF_11000,"Central, Western and South Asia",Gas_Power,2030,300.80923389142566,0.4499999999999999,1185.79,CALIBRATION_TARGET_NOT_SOLVED_OUTCOME
REF_11000,"Central, Western and South Asia",Nuclear,2017,2.8558789954337898,0.8,20.014,CALIBRATION_TARGET_NOT_SOLVED_OUTCOME
REF_11000,"Central, Western and South Asia",Nuclear,2018,2.8558789954337898,0.8,20.014,CALIBRATION_TARGET_NOT_SOLVED_OUTCOME
REF_11000,"Central, Western and South Asia",Nuclear,2019,2.8558789954337898,0.8,20.014,CALIBRATION_TARGET_NOT_SOLVED_OUTCOME
REF_11000,"Central, Western and South Asia",Nuclear,2020,2.8558789954337898,0.8,20.014,CALIBRATION_TARGET_NOT_SOLVED_OUTCOME
REF_11000,"Central, Western and South Asia",Nuclear,2021,2.8558789954337898,0.8,20.014,CALIBRATION_TARGET_NOT_SOLVED_OUTCOME
REF_11000,"Central, Western and South Asia",Nuclear,2022,2.8558789954337898,0.8,20.014,CALIBRATION_TARGET_NOT_SOLVED_OUTCOME
REF_11000,"Central, Western and South Asia",Nuclear,2023,2.8558789954337898,0.8,20.014,CALIBRATION_TARGET_NOT_SOLVED_OUTCOME
REF_11000,"Central, Western and South Asia",Nuclear,2024,2.8558789954337898,0.8,20.014,CALIBRATION_TARGET_NOT_SOLVED_OUTCOME
REF_11000,"Central, Western and South Asia",Nuclear,2025,2.8558789954337898,0.8,20.014,CALIBRATION_TARGET_NOT_SOLVED_OUTCOME
REF_11000,"Central, Western and South Asia",Nuclear,2026,2.8558789954337898,0.8,20.014,CALIBRATION_TARGET_NOT_SOLVED_OUTCOME
REF_11000,"Central, Western and South Asia",Nuclear,2027,2.8558789954337898,0.8,20.014,CALIBRATION_TARGET_NOT_SOLVED_OUTCOME
REF_11000,"Central, Western and South Asia",Nuclear,2028,2.8558789954337898,0.8,20.014,CALIBRATION_TARGET_NOT_SOLVED_OUTCOME
REF_11000,"Central, Western and South Asia",Nuclear,2029,2.8558789954337898,0.8,20.014,CALIBRATION_TARGET_NOT_SOLVED_OUTCOME
REF_11000,"Central, Western and South Asia",Nuclear,2030,2.8558789954337898,0.8,20.014,CALIBRATION_TARGET_NOT_SOLVED_OUTCOME
REF_11000,"Central, Western and South Asia",Hydro,2017,73.77971542197308,0.2753708211765081,177.97499999999997,CALIBRATION_TARGET_NOT_SOLVED_OUTCOME
REF_11000,"Central, Western and South Asia",Hydro,2018,78.17477079177714,0.2753708211765081,188.57696525518065,CALIBRATION_TARGET_NOT_SOLVED_OUTCOME
REF_11000,"Central, Western and South Asia",Hydro,2019,80.63111647213312,0.2753708211765081,194.5022811765153,CALIBRATION_TARGET_NOT_SOLVED_OUTCOME
REF_11000,"Central, Western and South Asia",Hydro,2020,83.88933461674333,0.2753708211765081,202.3619126615441,CALIBRATION_TARGET_NOT_SOLVED_OUTCOME
REF_11000,"Central, Western and South Asia",Hydro,2021,84.84081354396007,0.2753708211765081,204.6571161751777,CALIBRATION_TARGET_NOT_SOLVED_OUTCOME
REF_11000,"Central, Western and South Asia",Hydro,2022,87.08509818800111,0.2753708211765081,210.07088820233636,CALIBRATION_TARGET_NOT_SOLVED_OUTCOME
REF_11000,"Central, Western and South Asia",Hydro,2023,88.76004053981721,0.2753708211765081,214.11126519972024,CALIBRATION_TARGET_NOT_SOLVED_OUTCOME
REF_11000,"Central, Western and South Asia",Hydro,2024,91.2773984702562,0.2753708211765081,220.1837578233018,CALIBRATION_TARGET_NOT_SOLVED_OUTCOME
REF_11000,"Central, Western and South Asia",Hydro,2025,93.71856284023391,0.2753708211765081,226.07245265306517,CALIBRATION_TARGET_NOT_SOLVED_OUTCOME
REF_11000,"Central, Western and South Asia",Hydro,2026,96.15972721021164,0.2753708211765081,231.9611474828285,CALIBRATION_TARGET_NOT_SOLVED_OUTCOME
REF_11000,"Central, Western and South Asia",Hydro,2027,98.60089158018936,0.2753708211765081,237.84984231259196,CALIBRATION_TARGET_NOT_SOLVED_OUTCOME
REF_11000,"Central, Western and South Asia",Hydro,2028,101.04205595016712,0.2753708211765081,243.7385371423553,CALIBRATION_TARGET_NOT_SOLVED_OUTCOME
REF_11000,"Central, Western and South Asia",Hydro,2029,103.48322032014484,0.2753708211765081,249.6272319721187,CALIBRATION_TARGET_NOT_SOLVED_OUTCOME
REF_11000,"Central, Western and South Asia",Hydro,2030,105.92438469012257,0.2753708211765081,255.51592680188205,CALIBRATION_TARGET_NOT_SOLVED_OUTCOME
REF_11000,"Central, Western and South Asia",Wind,2017,8.08765,0.307715916259604,21.801,CALIBRATION_TARGET_NOT_SOLVED_OUTCOME
REF_11000,"Central, Western and South Asia",Wind,2018,9.15914,0.307715916259604,24.68929925750991,CALIBRATION_TARGET_NOT_SOLVED_OUTCOME
REF_11000,"Central, Western and South Asia",Wind,2019,10.12031,0.307715916259604,27.2802208688556,CALIBRATION_TARGET_NOT_SOLVED_OUTCOME
REF_11000,"Central, Western and South Asia",Wind,2020,11.762769999999998,0.307715916259604,31.707621963116598,CALIBRATION_TARGET_NOT_SOLVED_OUTCOME
REF_11000,"Central, Western and South Asia",Wind,2021,14.01544,0.307715916259604,37.77989990170197,CALIBRATION_TARGET_NOT_SOLVED_OUTCOME
REF_11000,"Central, Western and South Asia",Wind,2022,16.27624,0.307715916259604,43.87409299858427,CALIBRATION_TARGET_NOT_SOLVED_OUTCOME
REF_11000,"Central, Western and South Asia",Wind,2023,17.32097,0.307715916259604,46.69025822952279,CALIBRATION_TARGET_NOT_SOLVED_OUTCOME
REF_11000,"Central, Western and South Asia",Wind,2024,19.09732,0.307715916259604,51.47857205986906,CALIBRATION_TARGET_NOT_SOLVED_OUTCOME
REF_11000,"Central, Western and South Asia",Wind,2025,27.617806124144685,0.307715916259604,74.44632140516444,CALIBRATION_TARGET_NOT_SOLVED_OUTCOME
REF_11000,"Central, Western and South Asia",Wind,2026,36.13829224828937,0.307715916259604,97.41407075045984,CALIBRATION_TARGET_NOT_SOLVED_OUTCOME
REF_11000,"Central, Western and South Asia",Wind,2027,44.65877837243405,0.307715916259604,120.38182009575522,CALIBRATION_TARGET_NOT_SOLVED_OUTCOME
REF_11000,"Central, Western and South Asia",Wind,2028,53.17926449657874,0.307715916259604,143.3495694410506,CALIBRATION_TARGET_NOT_SOLVED_OUTCOME
REF_11000,"Central, Western and South Asia",Wind,2029,61.69975062072342,0.307715916259604,166.317318786346,CALIBRATION_TARGET_NOT_SOLVED_OUTCOME
REF_11000,"Central, Western and South Asia",Wind,2030,70.2202367448681,0.307715916259604,189.28506813164137,CALIBRATION_TARGET_NOT_SOLVED_OUTCOME
REF_11000,"Central, Western and South Asia",Solar,2017,6.88007,0.1269300561233936,7.650000000000001,CALIBRATION_TARGET_NOT_SOLVED_OUTCOME
REF_11000,"Central, Western and South Asia",Solar,2018,10.10954,0.1269300561233936,11.24087124113563,CALIBRATION_TARGET_NOT_SOLVED_OUTCOME
REF_11000,"Central, Western and South Asia",Solar,2019,14.19788,0.1269300561233936,15.786726297842902,CALIBRATION_TARGET_NOT_SOLVED_OUTCOME
REF_11000,"Central, Western and South Asia",Solar,2020,17.76777,0.1269300561233936,19.75611301919893,CALIBRATION_TARGET_NOT_SOLVED_OUTCOME
REF_11000,"Central, Western and South Asia",Solar,2021,22.0953,0.1269300561233936,24.567925180993807,CALIBRATION_TARGET_NOT_SOLVED_OUTCOME
REF_11000,"Central, Western and South Asia",Solar,2022,29.27737,0.1269300561233936,32.553721183069364,CALIBRATION_TARGET_NOT_SOLVED_OUTCOME
REF_11000,"Central, Western and South Asia",Solar,2023,44.38029,0.1269300561233936,49.34676805613897,CALIBRATION_TARGET_NOT_SOLVED_OUTCOME
REF_11000,"Central, Western and South Asia",Solar,2024,58.36506,0.1269300561233936,64.89653579106027,CALIBRATION_TARGET_NOT_SOLVED_OUTCOME
REF_11000,"Central, Western and South Asia",Solar,2025,75.65111699362367,0.1269300561233936,84.1170286059911,CALIBRATION_TARGET_NOT_SOLVED_OUTCOME
REF_11000,"Central, Western and South Asia",Solar,2026,92.93717398724736,0.1269300561233936,103.33752142092192,CALIBRATION_TARGET_NOT_SOLVED_OUTCOME
REF_11000,"Central, Western and South Asia",Solar,2027,110.22323098087102,0.1269300561233936,122.55801423585277,CALIBRATION_TARGET_NOT_SOLVED_OUTCOME
REF_11000,"Central, Western and South Asia",Solar,2028,127.5092879744947,0.1269300561233936,141.7785070507836,CALIBRATION_TARGET_NOT_SOLVED_OUTCOME
REF_11000,"Central, Western and South Asia",Solar,2029,144.79534496811837,0.1269300561233936,160.9989998657144,CALIBRATION_TARGET_NOT_SOLVED_OUTCOME
REF_11000,"Central, Western and South Asia",Solar,2030,162.08140196174205,0.1269300561233936,180.21949268064523,CALIBRATION_TARGET_NOT_SOLVED_OUTCOME
REF_11000,"Central, Western and South Asia",Biomass,2017,0.9042245780269248,0.4283546107190136,3.393,CALIBRATION_TARGET_NOT_SOLVED_OUTCOME
REF_11000,"Central, Western and South Asia",Biomass,2018,0.9580892082228616,0.4283546107190136,3.595120905244152,CALIBRATION_TARGET_NOT_SOLVED_OUTCOME
REF_11000,"Central, Western and South Asia",Biomass,2019,0.9881935278668847,0.4283546107190136,3.708083944553541,CALIBRATION_TARGET_NOT_SOLVED_OUTCOME
REF_11000,"Central, Western and South Asia",Biomass,2020,1.0281253832566712,0.4283546107190136,3.8579236952415727,CALIBRATION_TARGET_NOT_SOLVED_OUTCOME
REF_11000,"Central, Western and South Asia",Biomass,2021,1.0397864560399344,0.4283546107190136,3.9016805460451054,CALIBRATION_TARGET_NOT_SOLVED_OUTCOME
REF_11000,"Central, Western and South Asia",Biomass,2022,1.06729181199887,0.4283546107190136,4.004891269394731,CALIBRATION_TARGET_NOT_SOLVED_OUTCOME
REF_11000,"Central, Western and South Asia",Biomass,2023,1.087819460182767,0.4283546107190136,4.081918937056614,CALIBRATION_TARGET_NOT_SOLVED_OUTCOME
REF_11000,"Central, Western and South Asia",Biomass,2024,1.118671529743827,0.4283546107190136,4.197687822977738,CALIBRATION_TARGET_NOT_SOLVED_OUTCOME
REF_11000,"Central, Western and South Asia",Biomass,2025,1.1485897912837744,0.4283546107190136,4.309952700389662,CALIBRATION_TARGET_NOT_SOLVED_OUTCOME
REF_11000,"Central, Western and South Asia",Biomass,2026,1.1785080528237215,0.4283546107190136,4.422217577801585,CALIBRATION_TARGET_NOT_SOLVED_OUTCOME
REF_11000,"Central, Western and South Asia",Biomass,2027,1.208426314363669,0.4283546107190136,4.53448245521351,CALIBRATION_TARGET_NOT_SOLVED_OUTCOME
REF_11000,"Central, Western and South Asia",Biomass,2028,1.2383445759036162,0.4283546107190136,4.6467473326254325,CALIBRATION_TARGET_NOT_SOLVED_OUTCOME
REF_11000,"Central, Western and South Asia",Biomass,2029,1.2682628374435636,0.4283546107190136,4.759012210037357,CALIBRATION_TARGET_NOT_SOLVED_OUTCOME
REF_11000,"Central, Western and South Asia",Biomass,2030,1.298181098983511,0.4283546107190136,4.871277087449281,CALIBRATION_TARGET_NOT_SOLVED_OUTCOME
REF_11000,India,Coal_Power,2017,234.63242009132415,0.5500000000000002,1130.459,CALIBRATION_TARGET_NOT_SOLVED_OUTCOME
REF_11000,India,Coal_Power,2018,234.63242009132415,0.5500000000000002,1130.459,CALIBRATION_TARGET_NOT_SOLVED_OUTCOME
REF_11000,India,Coal_Power,2019,234.63242009132415,0.5500000000000002,1130.459,CALIBRATION_TARGET_NOT_SOLVED_OUTCOME
REF_11000,India,Coal_Power,2020,234.63242009132415,0.5500000000000002,1130.459,CALIBRATION_TARGET_NOT_SOLVED_OUTCOME
REF_11000,India,Coal_Power,2021,234.63242009132415,0.5500000000000002,1130.459,CALIBRATION_TARGET_NOT_SOLVED_OUTCOME
REF_11000,India,Coal_Power,2022,234.63242009132415,0.5500000000000002,1130.459,CALIBRATION_TARGET_NOT_SOLVED_OUTCOME
REF_11000,India,Coal_Power,2023,234.63242009132415,0.5500000000000002,1130.459,CALIBRATION_TARGET_NOT_SOLVED_OUTCOME
REF_11000,India,Coal_Power,2024,234.63242009132415,0.5500000000000002,1130.459,CALIBRATION_TARGET_NOT_SOLVED_OUTCOME
REF_11000,India,Coal_Power,2025,234.63242009132415,0.5500000000000002,1130.459,CALIBRATION_TARGET_NOT_SOLVED_OUTCOME
REF_11000,India,Coal_Power,2026,234.63242009132415,0.5500000000000002,1130.459,CALIBRATION_TARGET_NOT_SOLVED_OUTCOME
REF_11000,India,Coal_Power,2027,234.63242009132415,0.5500000000000002,1130.459,CALIBRATION_TARGET_NOT_SOLVED_OUTCOME
REF_11000,India,Coal_Power,2028,234.63242009132415,0.5500000000000002,1130.459,CALIBRATION_TARGET_NOT_SOLVED_OUTCOME
REF_11000,India,Coal_Power,2029,234.63242009132415,0.5500000000000002,1130.459,CALIBRATION_TARGET_NOT_SOLVED_OUTCOME
REF_11000,India,Coal_Power,2030,234.63242009132415,0.5500000000000002,1130.459,CALIBRATION_TARGET_NOT_SOLVED_OUTCOME
REF_11000,India,Oil_Power,2017,4.414611872146119,0.25,9.668,CALIBRATION_TARGET_NOT_SOLVED_OUTCOME
REF_11000,India,Oil_Power,2018,4.414611872146119,0.25,9.668,CALIBRATION_TARGET_NOT_SOLVED_OUTCOME
REF_11000,India,Oil_Power,2019,4.414611872146119,0.25,9.668,CALIBRATION_TARGET_NOT_SOLVED_OUTCOME
REF_11000,India,Oil_Power,2020,4.414611872146119,0.25,9.668,CALIBRATION_TARGET_NOT_SOLVED_OUTCOME
REF_11000,India,Oil_Power,2021,4.414611872146119,0.25,9.668,CALIBRATION_TARGET_NOT_SOLVED_OUTCOME
REF_11000,India,Oil_Power,2022,4.414611872146119,0.25,9.668,CALIBRATION_TARGET_NOT_SOLVED_OUTCOME
REF_11000,India,Oil_Power,2023,4.414611872146119,0.25,9.668,CALIBRATION_TARGET_NOT_SOLVED_OUTCOME
REF_11000,India,Oil_Power,2024,4.414611872146119,0.25,9.668,CALIBRATION_TARGET_NOT_SOLVED_OUTCOME
REF_11000,India,Oil_Power,2025,4.414611872146119,0.25,9.668,CALIBRATION_TARGET_NOT_SOLVED_OUTCOME
REF_11000,India,Oil_Power,2026,4.414611872146119,0.25,9.668,CALIBRATION_TARGET_NOT_SOLVED_OUTCOME
REF_11000,India,Oil_Power,2027,4.414611872146119,0.25,9.668,CALIBRATION_TARGET_NOT_SOLVED_OUTCOME
REF_11000,India,Oil_Power,2028,4.414611872146119,0.25,9.668,CALIBRATION_TARGET_NOT_SOLVED_OUTCOME
REF_11000,India,Oil_Power,2029,4.414611872146119,0.25,9.668,CALIBRATION_TARGET_NOT_SOLVED_OUTCOME
REF_11000,India,Oil_Power,2030,4.414611872146119,0.25,9.668,CALIBRATION_TARGET_NOT_SOLVED_OUTCOME
REF_11000,India,Gas_Power,2017,18.8404363267377,0.4499999999999999,74.26899999999999,CALIBRATION_TARGET_NOT_SOLVED_OUTCOME
REF_11000,India,Gas_Power,2018,18.8404363267377,0.4499999999999999,74.26899999999999,CALIBRATION_TARGET_NOT_SOLVED_OUTCOME
REF_11000,India,Gas_Power,2019,18.8404363267377,0.4499999999999999,74.26899999999999,CALIBRATION_TARGET_NOT_SOLVED_OUTCOME
REF_11000,India,Gas_Power,2020,18.8404363267377,0.4499999999999999,74.26899999999999,CALIBRATION_TARGET_NOT_SOLVED_OUTCOME
REF_11000,India,Gas_Power,2021,18.8404363267377,0.4499999999999999,74.26899999999999,CALIBRATION_TARGET_NOT_SOLVED_OUTCOME
REF_11000,India,Gas_Power,2022,18.8404363267377,0.4499999999999999,74.26899999999999,CALIBRATION_TARGET_NOT_SOLVED_OUTCOME
REF_11000,India,Gas_Power,2023,18.8404363267377,0.4499999999999999,74.26899999999999,CALIBRATION_TARGET_NOT_SOLVED_OUTCOME
REF_11000,India,Gas_Power,2024,18.8404363267377,0.4499999999999999,74.26899999999999,CALIBRATION_TARGET_NOT_SOLVED_OUTCOME
REF_11000,India,Gas_Power,2025,18.8404363267377,0.4499999999999999,74.26899999999999,CALIBRATION_TARGET_NOT_SOLVED_OUTCOME
REF_11000,India,Gas_Power,2026,18.8404363267377,0.4499999999999999,74.26899999999999,CALIBRATION_TARGET_NOT_SOLVED_OUTCOME
REF_11000,India,Gas_Power,2027,18.8404363267377,0.4499999999999999,74.26899999999999,CALIBRATION_TARGET_NOT_SOLVED_OUTCOME
REF_11000,India,Gas_Power,2028,18.8404363267377,0.4499999999999999,74.26899999999999,CALIBRATION_TARGET_NOT_SOLVED_OUTCOME
REF_11000,India,Gas_Power,2029,18.8404363267377,0.4499999999999999,74.26899999999999,CALIBRATION_TARGET_NOT_SOLVED_OUTCOME
REF_11000,India,Gas_Power,2030,18.8404363267377,0.4499999999999999,74.26899999999999,CALIBRATION_TARGET_NOT_SOLVED_OUTCOME
REF_11000,India,Nuclear,2017,5.471746575342466,0.7999999999999999,38.346,CALIBRATION_TARGET_NOT_SOLVED_OUTCOME
REF_11000,India,Nuclear,2018,5.471746575342466,0.7999999999999999,38.346,CALIBRATION_TARGET_NOT_SOLVED_OUTCOME
REF_11000,India,Nuclear,2019,5.471746575342466,0.7999999999999999,38.346,CALIBRATION_TARGET_NOT_SOLVED_OUTCOME
REF_11000,India,Nuclear,2020,5.471746575342466,0.7999999999999999,38.346,CALIBRATION_TARGET_NOT_SOLVED_OUTCOME
REF_11000,India,Nuclear,2021,5.471746575342466,0.7999999999999999,38.346,CALIBRATION_TARGET_NOT_SOLVED_OUTCOME
REF_11000,India,Nuclear,2022,5.471746575342466,0.7999999999999999,38.346,CALIBRATION_TARGET_NOT_SOLVED_OUTCOME
REF_11000,India,Nuclear,2023,5.471746575342466,0.7999999999999999,38.346,CALIBRATION_TARGET_NOT_SOLVED_OUTCOME
REF_11000,India,Nuclear,2024,5.471746575342466,0.7999999999999999,38.346,CALIBRATION_TARGET_NOT_SOLVED_OUTCOME
REF_11000,India,Nuclear,2025,5.471746575342466,0.7999999999999999,38.346,CALIBRATION_TARGET_NOT_SOLVED_OUTCOME
REF_11000,India,Nuclear,2026,5.471746575342466,0.7999999999999999,38.346,CALIBRATION_TARGET_NOT_SOLVED_OUTCOME
REF_11000,India,Nuclear,2027,5.471746575342466,0.7999999999999999,38.346,CALIBRATION_TARGET_NOT_SOLVED_OUTCOME
REF_11000,India,Nuclear,2028,5.471746575342466,0.7999999999999999,38.346,CALIBRATION_TARGET_NOT_SOLVED_OUTCOME
REF_11000,India,Nuclear,2029,5.471746575342466,0.7999999999999999,38.346,CALIBRATION_TARGET_NOT_SOLVED_OUTCOME
REF_11000,India,Nuclear,2030,5.471746575342466,0.7999999999999999,38.346,CALIBRATION_TARGET_NOT_SOLVED_OUTCOME
REF_11000,India,Hydro,2017,47.020129154241936,0.3441764084695675,141.765,CALIBRATION_TARGET_NOT_SOLVED_OUTCOME
REF_11000,India,Hydro,2018,48.15036044085994,0.3441764084695675,145.17263075792076,CALIBRATION_TARGET_NOT_SOLVED_OUTCOME
REF_11000,India,Hydro,2019,48.38078810596914,0.3441764084695675,145.86736678973912,CALIBRATION_TARGET_NOT_SOLVED_OUTCOME
REF_11000,India,Hydro,2020,49.06746046409071,0.3441764084695675,147.93767388161837,CALIBRATION_TARGET_NOT_SOLVED_OUTCOME
REF_11000,India,Hydro,2021,49.81603344865603,0.3441764084695675,150.1946104546505,CALIBRATION_TARGET_NOT_SOLVED_OUTCOME
REF_11000,India,Hydro,2022,50.26274428168317,0.3441764084695675,151.54143706663947,CALIBRATION_TARGET_NOT_SOLVED_OUTCOME
REF_11000,India,Hydro,2023,50.43609903086936,0.3441764084695675,152.06409909374204,CALIBRATION_TARGET_NOT_SOLVED_OUTCOME
REF_11000,India,Hydro,2024,51.00800038599852,0.3441764084695675,153.7883732943494,CALIBRATION_TARGET_NOT_SOLVED_OUTCOME
REF_11000,India,Hydro,2025,51.56494155225933,0.3441764084695675,155.46754274486207,CALIBRATION_TARGET_NOT_SOLVED_OUTCOME
REF_11000,India,Hydro,2026,52.12188271852014,0.3441764084695675,157.14671219537476,CALIBRATION_TARGET_NOT_SOLVED_OUTCOME
REF_11000,India,Hydro,2027,52.67882388478096,0.3441764084695675,158.82588164588745,CALIBRATION_TARGET_NOT_SOLVED_OUTCOME
REF_11000,India,Hydro,2028,53.23576505104177,0.3441764084695675,160.50505109640014,CALIBRATION_TARGET_NOT_SOLVED_OUTCOME
REF_11000,India,Hydro,2029,53.79270621730257,0.3441764084695675,162.1842205469128,CALIBRATION_TARGET_NOT_SOLVED_OUTCOME
REF_11000,India,Hydro,2030,54.349647383563386,0.3441764084695675,163.86338999742551,CALIBRATION_TARGET_NOT_SOLVED_OUTCOME
REF_11000,India,Wind,2017,32.84846,0.1911156225064596,54.99400000000001,CALIBRATION_TARGET_NOT_SOLVED_OUTCOME
REF_11000,India,Wind,2018,35.2881,0.1911156225064596,59.07837905947493,CALIBRATION_TARGET_NOT_SOLVED_OUTCOME
REF_11000,India,Wind,2019,37.50518,0.1911156225064596,62.79015420875135,CALIBRATION_TARGET_NOT_SOLVED_OUTCOME
REF_11000,India,Wind,2020,38.5586,0.1911156225064596,64.55376137572355,CALIBRATION_TARGET_NOT_SOLVED_OUTCOME
REF_11000,India,Wind,2021,40.06726999999999,0.1911156225064596,67.07953573409529,CALIBRATION_TARGET_NOT_SOLVED_OUTCOME
REF_11000,India,Wind,2022,41.92978,0.1911156225064596,70.19769941482798,CALIBRATION_TARGET_NOT_SOLVED_OUTCOME
REF_11000,India,Wind,2023,44.73624,0.1911156225064596,74.8961985602978,CALIBRATION_TARGET_NOT_SOLVED_OUTCOME
REF_11000,India,Wind,2024,48.163160000000005,0.1911156225064596,80.63345499423718,CALIBRATION_TARGET_NOT_SOLVED_OUTCOME
REF_11000,India,Wind,2025,69.65170061590634,0.1911156225064596,116.60898634734028,CALIBRATION_TARGET_NOT_SOLVED_OUTCOME
REF_11000,India,Wind,2026,91.14024123181268,0.1911156225064596,152.58451770044337,CALIBRATION_TARGET_NOT_SOLVED_OUTCOME
REF_11000,India,Wind,2027,112.628781847719,0.1911156225064596,188.5600490535465,CALIBRATION_TARGET_NOT_SOLVED_OUTCOME
REF_11000,India,Wind,2028,134.11732246362533,0.1911156225064596,224.5355804066496,CALIBRATION_TARGET_NOT_SOLVED_OUTCOME
REF_11000,India,Wind,2029,155.60586307953167,0.1911156225064596,260.5111117597527,CALIBRATION_TARGET_NOT_SOLVED_OUTCOME
REF_11000,India,Wind,2030,177.094403695438,0.1911156225064596,296.48664311285575,CALIBRATION_TARGET_NOT_SOLVED_OUTCOME
REF_11000,India,Solar,2017,18.25685,0.1627899645048472,26.035,CALIBRATION_TARGET_NOT_SOLVED_OUTCOME
REF_11000,India,Solar,2018,27.484720000000003,0.1627899645048472,39.19431255665682,CALIBRATION_TARGET_NOT_SOLVED_OUTCOME
REF_11000,India,Solar,2019,35.25019,0.1627899645048472,50.26818408706869,CALIBRATION_TARGET_NOT_SOLVED_OUTCOME
REF_11000,India,Solar,2020,39.70545,0.1627899645048472,56.62156345426511,CALIBRATION_TARGET_NOT_SOLVED_OUTCOME
REF_11000,India,Solar,2021,49.97872,0.1627899645048472,71.27165832002783,CALIBRATION_TARGET_NOT_SOLVED_OUTCOME
REF_11000,India,Solar,2022,63.47851,0.1627899645048472,90.52290005395236,CALIBRATION_TARGET_NOT_SOLVED_OUTCOME
REF_11000,India,Solar,2023,73.05160000000001,0.1627899645048472,104.17451017015532,CALIBRATION_TARGET_NOT_SOLVED_OUTCOME
REF_11000,India,Solar,2024,98.48154,0.1627899645048472,140.43862407260835,CALIBRATION_TARGET_NOT_SOLVED_OUTCOME
REF_11000,India,Solar,2025,127.64894791939268,0.1627899645048472,182.03251705970024,CALIBRATION_TARGET_NOT_SOLVED_OUTCOME
REF_11000,India,Solar,2026,156.81635583878537,0.1627899645048472,223.62641004679213,CALIBRATION_TARGET_NOT_SOLVED_OUTCOME
REF_11000,India,Solar,2027,185.98376375817804,0.1627899645048472,265.220303033884,CALIBRATION_TARGET_NOT_SOLVED_OUTCOME
REF_11000,India,Solar,2028,215.15117167757077,0.1627899645048472,306.81419602097594,CALIBRATION_TARGET_NOT_SOLVED_OUTCOME
REF_11000,India,Solar,2029,244.31857959696345,0.1627899645048472,348.4080890080678,CALIBRATION_TARGET_NOT_SOLVED_OUTCOME
REF_11000,India,Solar,2030,273.4859875163561,0.1627899645048472,390.00198199515967,CALIBRATION_TARGET_NOT_SOLVED_OUTCOME
REF_11000,India,Biomass,2017,7.132230845758084,0.5353855242859943,33.45,CALIBRATION_TARGET_NOT_SOLVED_OUTCOME
REF_11000,India,Biomass,2018,7.303669559140064,0.5353855242859943,34.254043655715094,CALIBRATION_TARGET_NOT_SOLVED_OUTCOME
REF_11000,India,Biomass,2019,7.338621894030866,0.5353855242859943,34.41796930918615,CALIBRATION_TARGET_NOT_SOLVED_OUTCOME
REF_11000,India,Biomass,2020,7.442779535909276,0.5353855242859943,34.906466274046025,CALIBRATION_TARGET_NOT_SOLVED_OUTCOME
REF_11000,India,Biomass,2021,7.55632655134397,0.5353855242859943,35.438999186739046,CALIBRATION_TARGET_NOT_SOLVED_OUTCOME
REF_11000,India,Biomass,2022,7.624085718316887,0.5353855242859943,35.75678813444144,CALIBRATION_TARGET_NOT_SOLVED_OUTCOME
REF_11000,India,Biomass,2023,7.650380969130611,0.5353855242859943,35.88011226103532,CALIBRATION_TARGET_NOT_SOLVED_OUTCOME
REF_11000,India,Biomass,2024,7.737129614001465,0.5353855242859943,36.28696142698119,CALIBRATION_TARGET_NOT_SOLVED_OUTCOME
REF_11000,India,Biomass,2025,7.821609028174224,0.5353855242859943,36.68316795270792,CALIBRATION_TARGET_NOT_SOLVED_OUTCOME
REF_11000,India,Biomass,2026,7.906088442346983,0.5353855242859943,37.07937447843464,CALIBRATION_TARGET_NOT_SOLVED_OUTCOME
REF_11000,India,Biomass,2027,7.990567856519743,0.5353855242859943,37.47558100416137,CALIBRATION_TARGET_NOT_SOLVED_OUTCOME
REF_11000,India,Biomass,2028,8.075047270692503,0.5353855242859943,37.871787529888095,CALIBRATION_TARGET_NOT_SOLVED_OUTCOME
REF_11000,India,Biomass,2029,8.159526684865261,0.5353855242859943,38.26799405561482,CALIBRATION_TARGET_NOT_SOLVED_OUTCOME
REF_11000,India,Biomass,2030,8.244006099038021,0.5353855242859943,38.664200581341554,CALIBRATION_TARGET_NOT_SOLVED_OUTCOME
REF_11000,Canada,Coal_Power,2017,12.474885844748856,0.5500000000000002,60.104,CALIBRATION_TARGET_NOT_SOLVED_OUTCOME
REF_11000,Canada,Coal_Power,2018,12.474885844748856,0.5500000000000002,60.104,CALIBRATION_TARGET_NOT_SOLVED_OUTCOME
REF_11000,Canada,Coal_Power,2019,12.474885844748856,0.5500000000000002,60.104,CALIBRATION_TARGET_NOT_SOLVED_OUTCOME
REF_11000,Canada,Coal_Power,2020,12.474885844748856,0.5500000000000002,60.104,CALIBRATION_TARGET_NOT_SOLVED_OUTCOME
REF_11000,Canada,Coal_Power,2021,12.474885844748856,0.5500000000000002,60.104,CALIBRATION_TARGET_NOT_SOLVED_OUTCOME
REF_11000,Canada,Coal_Power,2022,12.474885844748856,0.5500000000000002,60.104,CALIBRATION_TARGET_NOT_SOLVED_OUTCOME
REF_11000,Canada,Coal_Power,2023,12.474885844748856,0.5500000000000002,60.104,CALIBRATION_TARGET_NOT_SOLVED_OUTCOME
REF_11000,Canada,Coal_Power,2024,12.474885844748856,0.5500000000000002,60.104,CALIBRATION_TARGET_NOT_SOLVED_OUTCOME
REF_11000,Canada,Coal_Power,2025,12.474885844748856,0.5500000000000002,60.104,CALIBRATION_TARGET_NOT_SOLVED_OUTCOME
REF_11000,Canada,Coal_Power,2026,12.474885844748856,0.5500000000000002,60.104,CALIBRATION_TARGET_NOT_SOLVED_OUTCOME
REF_11000,Canada,Coal_Power,2027,12.474885844748856,0.5500000000000002,60.104,CALIBRATION_TARGET_NOT_SOLVED_OUTCOME
REF_11000,Canada,Coal_Power,2028,12.474885844748856,0.5500000000000002,60.104,CALIBRATION_TARGET_NOT_SOLVED_OUTCOME
REF_11000,Canada,Coal_Power,2029,12.474885844748856,0.5500000000000002,60.104,CALIBRATION_TARGET_NOT_SOLVED_OUTCOME
REF_11000,Canada,Coal_Power,2030,12.474885844748856,0.5500000000000002,60.104,CALIBRATION_TARGET_NOT_SOLVED_OUTCOME
REF_11000,Canada,Oil_Power,2017,2.6744292237442924,0.25,5.857,CALIBRATION_TARGET_NOT_SOLVED_OUTCOME
REF_11000,Canada,Oil_Power,2018,2.6744292237442924,0.25,5.857,CALIBRATION_TARGET_NOT_SOLVED_OUTCOME
REF_11000,Canada,Oil_Power,2019,2.6744292237442924,0.25,5.857,CALIBRATION_TARGET_NOT_SOLVED_OUTCOME
REF_11000,Canada,Oil_Power,2020,2.6744292237442924,0.25,5.857,CALIBRATION_TARGET_NOT_SOLVED_OUTCOME
REF_11000,Canada,Oil_Power,2021,2.6744292237442924,0.25,5.857,CALIBRATION_TARGET_NOT_SOLVED_OUTCOME
REF_11000,Canada,Oil_Power,2022,2.6744292237442924,0.25,5.857,CALIBRATION_TARGET_NOT_SOLVED_OUTCOME
REF_11000,Canada,Oil_Power,2023,2.6744292237442924,0.25,5.857,CALIBRATION_TARGET_NOT_SOLVED_OUTCOME
REF_11000,Canada,Oil_Power,2024,2.6744292237442924,0.25,5.857,CALIBRATION_TARGET_NOT_SOLVED_OUTCOME
REF_11000,Canada,Oil_Power,2025,2.6744292237442924,0.25,5.857,CALIBRATION_TARGET_NOT_SOLVED_OUTCOME
REF_11000,Canada,Oil_Power,2026,2.6744292237442924,0.25,5.857,CALIBRATION_TARGET_NOT_SOLVED_OUTCOME
REF_11000,Canada,Oil_Power,2027,2.6744292237442924,0.25,5.857,CALIBRATION_TARGET_NOT_SOLVED_OUTCOME
REF_11000,Canada,Oil_Power,2028,2.6744292237442924,0.25,5.857,CALIBRATION_TARGET_NOT_SOLVED_OUTCOME
REF_11000,Canada,Oil_Power,2029,2.6744292237442924,0.25,5.857,CALIBRATION_TARGET_NOT_SOLVED_OUTCOME
REF_11000,Canada,Oil_Power,2030,2.6744292237442924,0.25,5.857,CALIBRATION_TARGET_NOT_SOLVED_OUTCOME
REF_11000,Canada,Gas_Power,2017,13.76154236428209,0.45,54.248,CALIBRATION_TARGET_NOT_SOLVED_OUTCOME
REF_11000,Canada,Gas_Power,2018,13.76154236428209,0.45,54.248,CALIBRATION_TARGET_NOT_SOLVED_OUTCOME
REF_11000,Canada,Gas_Power,2019,13.76154236428209,0.45,54.248,CALIBRATION_TARGET_NOT_SOLVED_OUTCOME
REF_11000,Canada,Gas_Power,2020,13.76154236428209,0.45,54.248,CALIBRATION_TARGET_NOT_SOLVED_OUTCOME
REF_11000,Canada,Gas_Power,2021,13.76154236428209,0.45,54.248,CALIBRATION_TARGET_NOT_SOLVED_OUTCOME
REF_11000,Canada,Gas_Power,2022,13.76154236428209,0.45,54.248,CALIBRATION_TARGET_NOT_SOLVED_OUTCOME
REF_11000,Canada,Gas_Power,2023,13.76154236428209,0.45,54.248,CALIBRATION_TARGET_NOT_SOLVED_OUTCOME
REF_11000,Canada,Gas_Power,2024,13.76154236428209,0.45,54.248,CALIBRATION_TARGET_NOT_SOLVED_OUTCOME
REF_11000,Canada,Gas_Power,2025,13.76154236428209,0.45,54.248,CALIBRATION_TARGET_NOT_SOLVED_OUTCOME
REF_11000,Canada,Gas_Power,2026,13.76154236428209,0.45,54.248,CALIBRATION_TARGET_NOT_SOLVED_OUTCOME
REF_11000,Canada,Gas_Power,2027,13.76154236428209,0.45,54.248,CALIBRATION_TARGET_NOT_SOLVED_OUTCOME
REF_11000,Canada,Gas_Power,2028,13.76154236428209,0.45,54.248,CALIBRATION_TARGET_NOT_SOLVED_OUTCOME
REF_11000,Canada,Gas_Power,2029,13.76154236428209,0.45,54.248,CALIBRATION_TARGET_NOT_SOLVED_OUTCOME
REF_11000,Canada,Gas_Power,2030,13.76154236428209,0.45,54.248,CALIBRATION_TARGET_NOT_SOLVED_OUTCOME
REF_11000,Canada,Nuclear,2017,14.45476598173516,0.8,101.29900000000002,CALIBRATION_TARGET_NOT_SOLVED_OUTCOME
REF_11000,Canada,Nuclear,2018,14.45476598173516,0.8,101.29900000000002,CALIBRATION_TARGET_NOT_SOLVED_OUTCOME
REF_11000,Canada,Nuclear,2019,14.45476598173516,0.8,101.29900000000002,CALIBRATION_TARGET_NOT_SOLVED_OUTCOME
REF_11000,Canada,Nuclear,2020,14.45476598173516,0.8,101.29900000000002,CALIBRATION_TARGET_NOT_SOLVED_OUTCOME
REF_11000,Canada,Nuclear,2021,14.45476598173516,0.8,101.29900000000002,CALIBRATION_TARGET_NOT_SOLVED_OUTCOME
REF_11000,Canada,Nuclear,2022,14.45476598173516,0.8,101.29900000000002,CALIBRATION_TARGET_NOT_SOLVED_OUTCOME
REF_11000,Canada,Nuclear,2023,14.45476598173516,0.8,101.29900000000002,CALIBRATION_TARGET_NOT_SOLVED_OUTCOME
REF_11000,Canada,Nuclear,2024,14.45476598173516,0.8,101.29900000000002,CALIBRATION_TARGET_NOT_SOLVED_OUTCOME
REF_11000,Canada,Nuclear,2025,14.45476598173516,0.8,101.29900000000002,CALIBRATION_TARGET_NOT_SOLVED_OUTCOME
REF_11000,Canada,Nuclear,2026,14.45476598173516,0.8,101.29900000000002,CALIBRATION_TARGET_NOT_SOLVED_OUTCOME
REF_11000,Canada,Nuclear,2027,14.45476598173516,0.8,101.29900000000002,CALIBRATION_TARGET_NOT_SOLVED_OUTCOME
REF_11000,Canada,Nuclear,2028,14.45476598173516,0.8,101.29900000000002,CALIBRATION_TARGET_NOT_SOLVED_OUTCOME
REF_11000,Canada,Nuclear,2029,14.45476598173516,0.8,101.29900000000002,CALIBRATION_TARGET_NOT_SOLVED_OUTCOME
REF_11000,Canada,Nuclear,2030,14.45476598173516,0.8,101.29900000000002,CALIBRATION_TARGET_NOT_SOLVED_OUTCOME
REF_11000,Canada,Hydro,2017,81.8672403585881,0.5503104424057681,394.659,CALIBRATION_TARGET_NOT_SOLVED_OUTCOME
REF_11000,Canada,Hydro,2018,82.59211575130345,0.5503104424057681,398.1534209229551,CALIBRATION_TARGET_NOT_SOLVED_OUTCOME
REF_11000,Canada,Hydro,2019,82.39089780207306,0.5503104424057681,397.1834056362851,CALIBRATION_TARGET_NOT_SOLVED_OUTCOME
REF_11000,Canada,Hydro,2020,82.24415593178065,0.5503104424057681,396.47600424429896,CALIBRATION_TARGET_NOT_SOLVED_OUTCOME
REF_11000,Canada,Hydro,2021,84.01880008889557,0.5503104424057681,405.03106589454,CALIBRATION_TARGET_NOT_SOLVED_OUTCOME
REF_11000,Canada,Hydro,2022,84.63099343004191,0.5503104424057681,407.98227825696,CALIBRATION_TARGET_NOT_SOLVED_OUTCOME
REF_11000,Canada,Hydro,2023,84.61676094095,0.5503104424057681,407.9136674196101,CALIBRATION_TARGET_NOT_SOLVED_OUTCOME
REF_11000,Canada,Hydro,2024,84.61676094095,0.5503104424057681,407.9136674196101,CALIBRATION_TARGET_NOT_SOLVED_OUTCOME
REF_11000,Canada,Hydro,2025,85.07518667463859,0.5503104424057681,410.1236092820613,CALIBRATION_TARGET_NOT_SOLVED_OUTCOME
REF_11000,Canada,Hydro,2026,85.53361240832719,0.5503104424057681,412.3335511445127,CALIBRATION_TARGET_NOT_SOLVED_OUTCOME
REF_11000,Canada,Hydro,2027,85.99203814201577,0.5503104424057681,414.543493006964,CALIBRATION_TARGET_NOT_SOLVED_OUTCOME
REF_11000,Canada,Hydro,2028,86.45046387570436,0.5503104424057681,416.7534348694152,CALIBRATION_TARGET_NOT_SOLVED_OUTCOME
REF_11000,Canada,Hydro,2029,86.90888960939296,0.5503104424057681,418.9633767318665,CALIBRATION_TARGET_NOT_SOLVED_OUTCOME
REF_11000,Canada,Hydro,2030,87.36731534308154,0.5503104424057681,421.1733185943178,CALIBRATION_TARGET_NOT_SOLVED_OUTCOME
REF_11000,Canada,Wind,2017,12.25,0.2936445811201192,31.511,CALIBRATION_TARGET_NOT_SOLVED_OUTCOME
REF_11000,Canada,Wind,2018,12.816,0.2936445811201192,32.96693681632653,CALIBRATION_TARGET_NOT_SOLVED_OUTCOME
REF_11000,Canada,Wind,2019,13.22,0.2936445811201192,34.006156734693874,CALIBRATION_TARGET_NOT_SOLVED_OUTCOME
REF_11000,Canada,Wind,2020,13.532,0.2936445811201192,34.80872261224489,CALIBRATION_TARGET_NOT_SOLVED_OUTCOME
REF_11000,Canada,Wind,2021,13.878,0.2936445811201192,35.698747591836735,CALIBRATION_TARGET_NOT_SOLVED_OUTCOME
REF_11000,Canada,Wind,2022,15.237,0.2936445811201192,39.194539346938775,CALIBRATION_TARGET_NOT_SOLVED_OUTCOME
REF_11000,Canada,Wind,2023,16.137,0.2936445811201192,41.5096332244898,CALIBRATION_TARGET_NOT_SOLVED_OUTCOME
REF_11000,Canada,Wind,2024,17.397,0.2936445811201192,44.75076465306122,CALIBRATION_TARGET_NOT_SOLVED_OUTCOME
REF_11000,Canada,Wind,2025,25.158869052921823,0.2936445811201192,64.71682634503017,CALIBRATION_TARGET_NOT_SOLVED_OUTCOME
REF_11000,Canada,Wind,2026,32.920738105843654,0.2936445811201192,84.68288803699913,CALIBRATION_TARGET_NOT_SOLVED_OUTCOME
REF_11000,Canada,Wind,2027,40.68260715876548,0.2936445811201192,104.64894972896806,CALIBRATION_TARGET_NOT_SOLVED_OUTCOME
REF_11000,Canada,Wind,2028,48.4444762116873,0.2936445811201192,124.61501142093702,CALIBRATION_TARGET_NOT_SOLVED_OUTCOME
REF_11000,Canada,Wind,2029,56.20634526460913,0.2936445811201192,144.58107311290598,CALIBRATION_TARGET_NOT_SOLVED_OUTCOME
REF_11000,Canada,Wind,2030,63.96821431753095,0.2936445811201192,164.5471348048749,CALIBRATION_TARGET_NOT_SOLVED_OUTCOME
REF_11000,Canada,Solar,2017,2.493,0.178215899495757,3.892,CALIBRATION_TARGET_NOT_SOLVED_OUTCOME
REF_11000,Canada,Solar,2018,2.631,0.178215899495757,4.10744163658243,CALIBRATION_TARGET_NOT_SOLVED_OUTCOME
REF_11000,Canada,Solar,2019,2.828,0.178215899495757,4.414992378660249,CALIBRATION_TARGET_NOT_SOLVED_OUTCOME
REF_11000,Canada,Solar,2020,3.068,0.178215899495757,4.789673485760129,CALIBRATION_TARGET_NOT_SOLVED_OUTCOME
REF_11000,Canada,Solar,2021,3.854,0.178215899495757,6.016754111512234,CALIBRATION_TARGET_NOT_SOLVED_OUTCOME
REF_11000,Canada,Solar,2022,4.323,0.178215899495757,6.748943441636582,CALIBRATION_TARGET_NOT_SOLVED_OUTCOME
REF_11000,Canada,Solar,2023,5.328,0.178215899495757,8.317920577617329,CALIBRATION_TARGET_NOT_SOLVED_OUTCOME
REF_11000,Canada,Solar,2024,5.8184700000000005,0.178215899495757,9.08362825511432,CALIBRATION_TARGET_NOT_SOLVED_OUTCOME
REF_11000,Canada,Solar,2025,7.541733953394198,0.178215899495757,11.773938446293707,CALIBRATION_TARGET_NOT_SOLVED_OUTCOME
REF_11000,Canada,Solar,2026,9.264997906788397,0.178215899495757,14.464248637473096,CALIBRATION_TARGET_NOT_SOLVED_OUTCOME
REF_11000,Canada,Solar,2027,10.988261860182591,0.178215899495757,17.154558828652487,CALIBRATION_TARGET_NOT_SOLVED_OUTCOME
REF_11000,Canada,Solar,2028,12.71152581357679,0.178215899495757,19.844869019831872,CALIBRATION_TARGET_NOT_SOLVED_OUTCOME
REF_11000,Canada,Solar,2029,14.434789766970988,0.178215899495757,22.53517921101126,CALIBRATION_TARGET_NOT_SOLVED_OUTCOME
REF_11000,Canada,Solar,2030,16.158053720365185,0.178215899495757,25.225489402190654,CALIBRATION_TARGET_NOT_SOLVED_OUTCOME
REF_11000,Canada,Biomass,2017,1.538759641411898,0.8560384659645319,11.538999999999998,CALIBRATION_TARGET_NOT_SOLVED_OUTCOME
REF_11000,Canada,Biomass,2018,1.552384248696538,0.8560384659645319,11.641169526173176,CALIBRATION_TARGET_NOT_SOLVED_OUTCOME
REF_11000,Canada,Biomass,2019,1.5486021979269358,0.8560384659645319,11.612808317147444,CALIBRATION_TARGET_NOT_SOLVED_OUTCOME
REF_11000,Canada,Biomass,2020,1.5458440682193482,0.8560384659645319,11.59212538666283,CALIBRATION_TARGET_NOT_SOLVED_OUTCOME
REF_11000,Canada,Biomass,2021,1.5791999111044246,0.8560384659645319,11.842257415533654,CALIBRATION_TARGET_NOT_SOLVED_OUTCOME
REF_11000,Canada,Biomass,2022,1.5907065699580876,0.8560384659645319,11.928544664652424,CALIBRATION_TARGET_NOT_SOLVED_OUTCOME
REF_11000,Canada,Biomass,2023,1.5904390590499935,0.8560384659645319,11.926538627916456,CALIBRATION_TARGET_NOT_SOLVED_OUTCOME
REF_11000,Canada,Biomass,2024,1.5904390590499935,0.8560384659645319,11.926538627916456,CALIBRATION_TARGET_NOT_SOLVED_OUTCOME
REF_11000,Canada,Biomass,2025,1.5990555338999444,0.8560384659645319,11.991152684990602,CALIBRATION_TARGET_NOT_SOLVED_OUTCOME
REF_11000,Canada,Biomass,2026,1.607672008749895,0.8560384659645319,12.05576674206475,CALIBRATION_TARGET_NOT_SOLVED_OUTCOME
REF_11000,Canada,Biomass,2027,1.616288483599846,0.8560384659645319,12.120380799138896,CALIBRATION_TARGET_NOT_SOLVED_OUTCOME
REF_11000,Canada,Biomass,2028,1.6249049584497963,0.8560384659645319,12.18499485621304,CALIBRATION_TARGET_NOT_SOLVED_OUTCOME
REF_11000,Canada,Biomass,2029,1.6335214332997472,0.8560384659645319,12.249608913287188,CALIBRATION_TARGET_NOT_SOLVED_OUTCOME
REF_11000,Canada,Biomass,2030,1.6421379081496978,0.8560384659645319,12.314222970361332,CALIBRATION_TARGET_NOT_SOLVED_OUTCOME
REF_11000,United States,Coal_Power,2017,274.26753839767537,0.55,1321.421,CALIBRATION_TARGET_NOT_SOLVED_OUTCOME
REF_11000,United States,Coal_Power,2018,274.26753839767537,0.55,1321.421,CALIBRATION_TARGET_NOT_SOLVED_OUTCOME
REF_11000,United States,Coal_Power,2019,274.26753839767537,0.55,1321.421,CALIBRATION_TARGET_NOT_SOLVED_OUTCOME
REF_11000,United States,Coal_Power,2020,274.26753839767537,0.55,1321.421,CALIBRATION_TARGET_NOT_SOLVED_OUTCOME
REF_11000,United States,Coal_Power,2021,274.26753839767537,0.55,1321.421,CALIBRATION_TARGET_NOT_SOLVED_OUTCOME
REF_11000,United States,Coal_Power,2022,274.26753839767537,0.55,1321.421,CALIBRATION_TARGET_NOT_SOLVED_OUTCOME
REF_11000,United States,Coal_Power,2023,274.26753839767537,0.55,1321.421,CALIBRATION_TARGET_NOT_SOLVED_OUTCOME
REF_11000,United States,Coal_Power,2024,274.26753839767537,0.55,1321.421,CALIBRATION_TARGET_NOT_SOLVED_OUTCOME
REF_11000,United States,Coal_Power,2025,274.26753839767537,0.55,1321.421,CALIBRATION_TARGET_NOT_SOLVED_OUTCOME
REF_11000,United States,Coal_Power,2026,274.26753839767537,0.55,1321.421,CALIBRATION_TARGET_NOT_SOLVED_OUTCOME
REF_11000,United States,Coal_Power,2027,274.26753839767537,0.55,1321.421,CALIBRATION_TARGET_NOT_SOLVED_OUTCOME
REF_11000,United States,Coal_Power,2028,274.26753839767537,0.55,1321.421,CALIBRATION_TARGET_NOT_SOLVED_OUTCOME
REF_11000,United States,Coal_Power,2029,274.26753839767537,0.55,1321.421,CALIBRATION_TARGET_NOT_SOLVED_OUTCOME
REF_11000,United States,Coal_Power,2030,274.26753839767537,0.55,1321.421,CALIBRATION_TARGET_NOT_SOLVED_OUTCOME
REF_11000,United States,Oil_Power,2017,14.8,0.25,32.412,CALIBRATION_TARGET_NOT_SOLVED_OUTCOME
REF_11000,United States,Oil_Power,2018,14.8,0.25,32.412,CALIBRATION_TARGET_NOT_SOLVED_OUTCOME
REF_11000,United States,Oil_Power,2019,14.8,0.25,32.412,CALIBRATION_TARGET_NOT_SOLVED_OUTCOME
REF_11000,United States,Oil_Power,2020,14.8,0.25,32.412,CALIBRATION_TARGET_NOT_SOLVED_OUTCOME
REF_11000,United States,Oil_Power,2021,14.8,0.25,32.412,CALIBRATION_TARGET_NOT_SOLVED_OUTCOME
REF_11000,United States,Oil_Power,2022,14.8,0.25,32.412,CALIBRATION_TARGET_NOT_SOLVED_OUTCOME
REF_11000,United States,Oil_Power,2023,14.8,0.25,32.412,CALIBRATION_TARGET_NOT_SOLVED_OUTCOME
REF_11000,United States,Oil_Power,2024,14.8,0.25,32.412,CALIBRATION_TARGET_NOT_SOLVED_OUTCOME
REF_11000,United States,Oil_Power,2025,14.8,0.25,32.412,CALIBRATION_TARGET_NOT_SOLVED_OUTCOME
REF_11000,United States,Oil_Power,2026,14.8,0.25,32.412,CALIBRATION_TARGET_NOT_SOLVED_OUTCOME
REF_11000,United States,Oil_Power,2027,14.8,0.25,32.412,CALIBRATION_TARGET_NOT_SOLVED_OUTCOME
REF_11000,United States,Oil_Power,2028,14.8,0.25,32.412,CALIBRATION_TARGET_NOT_SOLVED_OUTCOME
REF_11000,United States,Oil_Power,2029,14.8,0.25,32.412,CALIBRATION_TARGET_NOT_SOLVED_OUTCOME
REF_11000,United States,Oil_Power,2030,14.8,0.25,32.412,CALIBRATION_TARGET_NOT_SOLVED_OUTCOME
REF_11000,United States,Gas_Power,2017,339.3462709284627,0.45,1337.7030000000002,CALIBRATION_TARGET_NOT_SOLVED_OUTCOME
REF_11000,United States,Gas_Power,2018,339.3462709284627,0.45,1337.7030000000002,CALIBRATION_TARGET_NOT_SOLVED_OUTCOME
REF_11000,United States,Gas_Power,2019,339.3462709284627,0.45,1337.7030000000002,CALIBRATION_TARGET_NOT_SOLVED_OUTCOME
REF_11000,United States,Gas_Power,2020,339.3462709284627,0.45,1337.7030000000002,CALIBRATION_TARGET_NOT_SOLVED_OUTCOME
REF_11000,United States,Gas_Power,2021,339.3462709284627,0.45,1337.7030000000002,CALIBRATION_TARGET_NOT_SOLVED_OUTCOME
REF_11000,United States,Gas_Power,2022,339.3462709284627,0.45,1337.7030000000002,CALIBRATION_TARGET_NOT_SOLVED_OUTCOME
REF_11000,United States,Gas_Power,2023,339.3462709284627,0.45,1337.7030000000002,CALIBRATION_TARGET_NOT_SOLVED_OUTCOME
REF_11000,United States,Gas_Power,2024,339.3462709284627,0.45,1337.7030000000002,CALIBRATION_TARGET_NOT_SOLVED_OUTCOME
REF_11000,United States,Gas_Power,2025,339.3462709284627,0.45,1337.7030000000002,CALIBRATION_TARGET_NOT_SOLVED_OUTCOME
REF_11000,United States,Gas_Power,2026,339.3462709284627,0.45,1337.7030000000002,CALIBRATION_TARGET_NOT_SOLVED_OUTCOME
REF_11000,United States,Gas_Power,2027,339.3462709284627,0.45,1337.7030000000002,CALIBRATION_TARGET_NOT_SOLVED_OUTCOME
REF_11000,United States,Gas_Power,2028,339.3462709284627,0.45,1337.7030000000002,CALIBRATION_TARGET_NOT_SOLVED_OUTCOME
REF_11000,United States,Gas_Power,2029,339.3462709284627,0.45,1337.7030000000002,CALIBRATION_TARGET_NOT_SOLVED_OUTCOME
REF_11000,United States,Gas_Power,2030,339.3462709284627,0.45,1337.7030000000002,CALIBRATION_TARGET_NOT_SOLVED_OUTCOME
REF_11000,United States,Nuclear,2017,119.70048515981736,0.8000000000000002,838.8610000000001,CALIBRATION_TARGET_NOT_SOLVED_OUTCOME
REF_11000,United States,Nuclear,2018,119.70048515981736,0.8000000000000002,838.8610000000001,CALIBRATION_TARGET_NOT_SOLVED_OUTCOME
REF_11000,United States,Nuclear,2019,119.70048515981736,0.8000000000000002,838.8610000000001,CALIBRATION_TARGET_NOT_SOLVED_OUTCOME
REF_11000,United States,Nuclear,2020,119.70048515981736,0.8000000000000002,838.8610000000001,CALIBRATION_TARGET_NOT_SOLVED_OUTCOME
REF_11000,United States,Nuclear,2021,119.70048515981736,0.8000000000000002,838.8610000000001,CALIBRATION_TARGET_NOT_SOLVED_OUTCOME
REF_11000,United States,Nuclear,2022,119.70048515981736,0.8000000000000002,838.8610000000001,CALIBRATION_TARGET_NOT_SOLVED_OUTCOME
REF_11000,United States,Nuclear,2023,119.70048515981736,0.8000000000000002,838.8610000000001,CALIBRATION_TARGET_NOT_SOLVED_OUTCOME
REF_11000,United States,Nuclear,2024,119.70048515981736,0.8000000000000002,838.8610000000001,CALIBRATION_TARGET_NOT_SOLVED_OUTCOME
REF_11000,United States,Nuclear,2025,119.70048515981736,0.8000000000000002,838.8610000000001,CALIBRATION_TARGET_NOT_SOLVED_OUTCOME
REF_11000,United States,Nuclear,2026,119.70048515981736,0.8000000000000002,838.8610000000001,CALIBRATION_TARGET_NOT_SOLVED_OUTCOME
REF_11000,United States,Nuclear,2027,119.70048515981736,0.8000000000000002,838.8610000000001,CALIBRATION_TARGET_NOT_SOLVED_OUTCOME
REF_11000,United States,Nuclear,2028,119.70048515981736,0.8000000000000002,838.8610000000001,CALIBRATION_TARGET_NOT_SOLVED_OUTCOME
REF_11000,United States,Nuclear,2029,119.70048515981736,0.8000000000000002,838.8610000000001,CALIBRATION_TARGET_NOT_SOLVED_OUTCOME
REF_11000,United States,Nuclear,2030,119.70048515981736,0.8000000000000002,838.8610000000001,CALIBRATION_TARGET_NOT_SOLVED_OUTCOME
REF_11000,United States,Hydro,2017,85.66547248192082,0.4332372103296025,325.114,CALIBRATION_TARGET_NOT_SOLVED_OUTCOME
REF_11000,United States,Hydro,2018,85.51079679099047,0.4332372103296025,324.52698131996243,CALIBRATION_TARGET_NOT_SOLVED_OUTCOME
REF_11000,United States,Hydro,2019,85.03505802701197,0.4332372103296025,322.7214775617856,CALIBRATION_TARGET_NOT_SOLVED_OUTCOME
REF_11000,United States,Hydro,2020,85.06937942801592,0.4332372103296025,322.8517327000894,CALIBRATION_TARGET_NOT_SOLVED_OUTCOME
REF_11000,United States,Hydro,2021,84.98913746400426,0.4332372103296025,322.547201771445,CALIBRATION_TARGET_NOT_SOLVED_OUTCOME
REF_11000,United States,Hydro,2022,84.95667712257556,0.4332372103296025,322.4240096482068,CALIBRATION_TARGET_NOT_SOLVED_OUTCOME
REF_11000,United States,Hydro,2023,84.68773237372527,0.4332372103296025,321.40332184313843,CALIBRATION_TARGET_NOT_SOLVED_OUTCOME
REF_11000,United States,Hydro,2024,84.51694769735528,0.4332372103296025,320.7551670187421,CALIBRATION_TARGET_NOT_SOLVED_OUTCOME
REF_11000,United States,Hydro,2025,84.51694769735528,0.4332372103296025,320.7551670187421,CALIBRATION_TARGET_NOT_SOLVED_OUTCOME
REF_11000,United States,Hydro,2026,84.51694769735528,0.4332372103296025,320.7551670187421,CALIBRATION_TARGET_NOT_SOLVED_OUTCOME
REF_11000,United States,Hydro,2027,84.51694769735528,0.4332372103296025,320.7551670187421,CALIBRATION_TARGET_NOT_SOLVED_OUTCOME
REF_11000,United States,Hydro,2028,84.51694769735528,0.4332372103296025,320.7551670187421,CALIBRATION_TARGET_NOT_SOLVED_OUTCOME
REF_11000,United States,Hydro,2029,84.51694769735528,0.4332372103296025,320.7551670187421,CALIBRATION_TARGET_NOT_SOLVED_OUTCOME
REF_11000,United States,Hydro,2030,84.51694769735528,0.4332372103296025,320.7551670187421,CALIBRATION_TARGET_NOT_SOLVED_OUTCOME
REF_11000,United States,Wind,2017,87.5975,0.3352415788226062,257.2490000000001,CALIBRATION_TARGET_NOT_SOLVED_OUTCOME
REF_11000,United States,Wind,2018,94.5167,0.3352415788226062,277.568726941979,CALIBRATION_TARGET_NOT_SOLVED_OUTCOME
REF_11000,United States,Wind,2019,103.6702,0.3352415788226062,304.4499589577329,CALIBRATION_TARGET_NOT_SOLVED_OUTCOME
REF_11000,United States,Wind,2020,118.4777,0.3352415788226062,347.93538454065475,CALIBRATION_TARGET_NOT_SOLVED_OUTCOME
REF_11000,United States,Wind,2021,132.8524,0.3352415788226062,390.1497993390223,CALIBRATION_TARGET_NOT_SOLVED_OUTCOME
REF_11000,United States,Wind,2022,141.5012,0.3352415788226062,415.54887067325,CALIBRATION_TARGET_NOT_SOLVED_OUTCOME
REF_11000,United States,Wind,2023,147.5203,0.3352415788226062,433.2252593361684,CALIBRATION_TARGET_NOT_SOLVED_OUTCOME
REF_11000,United States,Wind,2024,152.6527,0.3352415788226062,448.2976617175149,CALIBRATION_TARGET_NOT_SOLVED_OUTCOME
REF_11000,United States,Wind,2025,220.76043512530669,0.3352415788226062,648.3107528816466,CALIBRATION_TARGET_NOT_SOLVED_OUTCOME
REF_11000,United States,Wind,2026,288.86817025061333,0.3352415788226062,848.3238440457781,CALIBRATION_TARGET_NOT_SOLVED_OUTCOME
REF_11000,United States,Wind,2027,356.97590537592,0.3352415788226062,1048.3369352099096,CALIBRATION_TARGET_NOT_SOLVED_OUTCOME
REF_11000,United States,Wind,2028,425.0836405012267,0.3352415788226062,1248.3500263740414,CALIBRATION_TARGET_NOT_SOLVED_OUTCOME
REF_11000,United States,Wind,2029,493.1913756265334,0.3352415788226062,1448.3631175381731,CALIBRATION_TARGET_NOT_SOLVED_OUTCOME
REF_11000,United States,Wind,2030,561.29911075184,0.3352415788226062,1648.3762087023044,CALIBRATION_TARGET_NOT_SOLVED_OUTCOME
REF_11000,United States,Solar,2017,43.11466,0.1784373306013,67.393,CALIBRATION_TARGET_NOT_SOLVED_OUTCOME
REF_11000,United States,Solar,2018,51.57013,0.1784373306013,80.60983830302732,CALIBRATION_TARGET_NOT_SOLVED_OUTCOME
REF_11000,United States,Solar,2019,60.8265,0.1784373306013,95.078572218823,CALIBRATION_TARGET_NOT_SOLVED_OUTCOME
REF_11000,United States,Solar,2020,75.79348,0.1784373306013,118.4736235340833,CALIBRATION_TARGET_NOT_SOLVED_OUTCOME
REF_11000,United States,Solar,2021,94.78566,0.1784373306013,148.16050931121802,CALIBRATION_TARGET_NOT_SOLVED_OUTCOME
REF_11000,United States,Solar,2022,112.84192,0.1784373306013,176.38444822619496,CALIBRATION_TARGET_NOT_SOLVED_OUTCOME
REF_11000,United States,Solar,2023,139.9266,0.1784373306013,218.72080990085507,CALIBRATION_TARGET_NOT_SOLVED_OUTCOME
REF_11000,United States,Solar,2024,177.59429999999998,0.1784373306013,277.5996067207766,CALIBRATION_TARGET_NOT_SOLVED_OUTCOME
REF_11000,United States,Solar,2025,230.19263865574197,0.1784373306013,359.81664930041,CALIBRATION_TARGET_NOT_SOLVED_OUTCOME
REF_11000,United States,Solar,2026,282.7909773114839,0.1784373306013,442.0336918800434,CALIBRATION_TARGET_NOT_SOLVED_OUTCOME
REF_11000,United States,Solar,2027,335.3893159672259,0.1784373306013,524.2507344596769,CALIBRATION_TARGET_NOT_SOLVED_OUTCOME
REF_11000,United States,Solar,2028,387.9876546229679,0.1784373306013,606.4677770393102,CALIBRATION_TARGET_NOT_SOLVED_OUTCOME
REF_11000,United States,Solar,2029,440.58599327870985,0.1784373306013,688.6848196189437,CALIBRATION_TARGET_NOT_SOLVED_OUTCOME
REF_11000,United States,Solar,2030,493.1843319344519,0.1784373306013,770.9018621985773,CALIBRATION_TARGET_NOT_SOLVED_OUTCOME
REF_11000,United States,Biomass,2017,13.300067518079183,0.6739245494016037,78.518,CALIBRATION_TARGET_NOT_SOLVED_OUTCOME
REF_11000,United States,Biomass,2018,13.276053209009527,0.6739245494016037,78.37622962800991,CALIBRATION_TARGET_NOT_SOLVED_OUTCOME
REF_11000,United States,Biomass,2019,13.202191972988016,0.6739245494016037,77.94018398222249,CALIBRATION_TARGET_NOT_SOLVED_OUTCOME
REF_11000,United States,Biomass,2020,13.207520571984114,0.6739245494016037,77.97164178763641,CALIBRATION_TARGET_NOT_SOLVED_OUTCOME
REF_11000,United States,Biomass,2021,13.195062535995769,0.6739245494016037,77.8980947873371,CALIBRATION_TARGET_NOT_SOLVED_OUTCOME
REF_11000,United States,Biomass,2022,13.190022877424424,0.6739245494016037,77.86834276456229,CALIBRATION_TARGET_NOT_SOLVED_OUTCOME
REF_11000,United States,Biomass,2023,13.148267626274713,0.6739245494016037,77.62183733853217,CALIBRATION_TARGET_NOT_SOLVED_OUTCOME
REF_11000,United States,Biomass,2024,13.12175230264472,0.6739245494016037,77.46530202937306,CALIBRATION_TARGET_NOT_SOLVED_OUTCOME
REF_11000,United States,Biomass,2025,13.12175230264472,0.6739245494016037,77.46530202937306,CALIBRATION_TARGET_NOT_SOLVED_OUTCOME
REF_11000,United States,Biomass,2026,13.12175230264472,0.6739245494016037,77.46530202937306,CALIBRATION_TARGET_NOT_SOLVED_OUTCOME
REF_11000,United States,Biomass,2027,13.12175230264472,0.6739245494016037,77.46530202937306,CALIBRATION_TARGET_NOT_SOLVED_OUTCOME
REF_11000,United States,Biomass,2028,13.12175230264472,0.6739245494016037,77.46530202937306,CALIBRATION_TARGET_NOT_SOLVED_OUTCOME
REF_11000,United States,Biomass,2029,13.12175230264472,0.6739245494016037,77.46530202937306,CALIBRATION_TARGET_NOT_SOLVED_OUTCOME
REF_11000,United States,Biomass,2030,13.12175230264472,0.6739245494016037,77.46530202937306,CALIBRATION_TARGET_NOT_SOLVED_OUTCOME
REF_11000,Rest of America,Coal_Power,2017,15.061436280614362,0.55,72.566,CALIBRATION_TARGET_NOT_SOLVED_OUTCOME
REF_11000,Rest of America,Coal_Power,2018,15.061436280614362,0.55,72.566,CALIBRATION_TARGET_NOT_SOLVED_OUTCOME
REF_11000,Rest of America,Coal_Power,2019,15.061436280614362,0.55,72.566,CALIBRATION_TARGET_NOT_SOLVED_OUTCOME
REF_11000,Rest of America,Coal_Power,2020,15.061436280614362,0.55,72.566,CALIBRATION_TARGET_NOT_SOLVED_OUTCOME
REF_11000,Rest of America,Coal_Power,2021,15.061436280614362,0.55,72.566,CALIBRATION_TARGET_NOT_SOLVED_OUTCOME
REF_11000,Rest of America,Coal_Power,2022,15.061436280614362,0.55,72.566,CALIBRATION_TARGET_NOT_SOLVED_OUTCOME
REF_11000,Rest of America,Coal_Power,2023,15.061436280614362,0.55,72.566,CALIBRATION_TARGET_NOT_SOLVED_OUTCOME
REF_11000,Rest of America,Coal_Power,2024,15.061436280614362,0.55,72.566,CALIBRATION_TARGET_NOT_SOLVED_OUTCOME
REF_11000,Rest of America,Coal_Power,2025,15.061436280614362,0.55,72.566,CALIBRATION_TARGET_NOT_SOLVED_OUTCOME
REF_11000,Rest of America,Coal_Power,2026,15.061436280614362,0.55,72.566,CALIBRATION_TARGET_NOT_SOLVED_OUTCOME
REF_11000,Rest of America,Coal_Power,2027,15.061436280614362,0.55,72.566,CALIBRATION_TARGET_NOT_SOLVED_OUTCOME
REF_11000,Rest of America,Coal_Power,2028,15.061436280614362,0.55,72.566,CALIBRATION_TARGET_NOT_SOLVED_OUTCOME
REF_11000,Rest of America,Coal_Power,2029,15.061436280614362,0.55,72.566,CALIBRATION_TARGET_NOT_SOLVED_OUTCOME
REF_11000,Rest of America,Coal_Power,2030,15.061436280614362,0.55,72.566,CALIBRATION_TARGET_NOT_SOLVED_OUTCOME
REF_11000,Rest of America,Oil_Power,2017,55.04931506849316,0.25,120.558,CALIBRATION_TARGET_NOT_SOLVED_OUTCOME
REF_11000,Rest of America,Oil_Power,2018,55.04931506849316,0.25,120.558,CALIBRATION_TARGET_NOT_SOLVED_OUTCOME
REF_11000,Rest of America,Oil_Power,2019,55.04931506849316,0.25,120.558,CALIBRATION_TARGET_NOT_SOLVED_OUTCOME
REF_11000,Rest of America,Oil_Power,2020,55.04931506849316,0.25,120.558,CALIBRATION_TARGET_NOT_SOLVED_OUTCOME
REF_11000,Rest of America,Oil_Power,2021,55.04931506849316,0.25,120.558,CALIBRATION_TARGET_NOT_SOLVED_OUTCOME
REF_11000,Rest of America,Oil_Power,2022,55.04931506849316,0.25,120.558,CALIBRATION_TARGET_NOT_SOLVED_OUTCOME
REF_11000,Rest of America,Oil_Power,2023,55.04931506849316,0.25,120.558,CALIBRATION_TARGET_NOT_SOLVED_OUTCOME
REF_11000,Rest of America,Oil_Power,2024,55.04931506849316,0.25,120.558,CALIBRATION_TARGET_NOT_SOLVED_OUTCOME
REF_11000,Rest of America,Oil_Power,2025,55.04931506849316,0.25,120.558,CALIBRATION_TARGET_NOT_SOLVED_OUTCOME
REF_11000,Rest of America,Oil_Power,2026,55.04931506849316,0.25,120.558,CALIBRATION_TARGET_NOT_SOLVED_OUTCOME
REF_11000,Rest of America,Oil_Power,2027,55.04931506849316,0.25,120.558,CALIBRATION_TARGET_NOT_SOLVED_OUTCOME
REF_11000,Rest of America,Oil_Power,2028,55.04931506849316,0.25,120.558,CALIBRATION_TARGET_NOT_SOLVED_OUTCOME
REF_11000,Rest of America,Oil_Power,2029,55.04931506849316,0.25,120.558,CALIBRATION_TARGET_NOT_SOLVED_OUTCOME
REF_11000,Rest of America,Oil_Power,2030,55.04931506849316,0.25,120.558,CALIBRATION_TARGET_NOT_SOLVED_OUTCOME
REF_11000,Rest of America,Gas_Power,2017,96.15804160324709,0.45,379.05500000000006,CALIBRATION_TARGET_NOT_SOLVED_OUTCOME
REF_11000,Rest of America,Gas_Power,2018,96.15804160324709,0.45,379.05500000000006,CALIBRATION_TARGET_NOT_SOLVED_OUTCOME
REF_11000,Rest of America,Gas_Power,2019,96.15804160324709,0.45,379.05500000000006,CALIBRATION_TARGET_NOT_SOLVED_OUTCOME
REF_11000,Rest of America,Gas_Power,2020,96.15804160324709,0.45,379.05500000000006,CALIBRATION_TARGET_NOT_SOLVED_OUTCOME
REF_11000,Rest of America,Gas_Power,2021,96.15804160324709,0.45,379.05500000000006,CALIBRATION_TARGET_NOT_SOLVED_OUTCOME
REF_11000,Rest of America,Gas_Power,2022,96.15804160324709,0.45,379.05500000000006,CALIBRATION_TARGET_NOT_SOLVED_OUTCOME
REF_11000,Rest of America,Gas_Power,2023,96.15804160324709,0.45,379.05500000000006,CALIBRATION_TARGET_NOT_SOLVED_OUTCOME
REF_11000,Rest of America,Gas_Power,2024,96.15804160324709,0.45,379.05500000000006,CALIBRATION_TARGET_NOT_SOLVED_OUTCOME
REF_11000,Rest of America,Gas_Power,2025,96.15804160324709,0.45,379.05500000000006,CALIBRATION_TARGET_NOT_SOLVED_OUTCOME
REF_11000,Rest of America,Gas_Power,2026,96.15804160324709,0.45,379.05500000000006,CALIBRATION_TARGET_NOT_SOLVED_OUTCOME
REF_11000,Rest of America,Gas_Power,2027,96.15804160324709,0.45,379.05500000000006,CALIBRATION_TARGET_NOT_SOLVED_OUTCOME
REF_11000,Rest of America,Gas_Power,2028,96.15804160324709,0.45,379.05500000000006,CALIBRATION_TARGET_NOT_SOLVED_OUTCOME
REF_11000,Rest of America,Gas_Power,2029,96.15804160324709,0.45,379.05500000000006,CALIBRATION_TARGET_NOT_SOLVED_OUTCOME
REF_11000,Rest of America,Gas_Power,2030,96.15804160324709,0.45,379.05500000000006,CALIBRATION_TARGET_NOT_SOLVED_OUTCOME
REF_11000,Rest of America,Nuclear,2017,2.4253710045662102,0.8,16.997,CALIBRATION_TARGET_NOT_SOLVED_OUTCOME
REF_11000,Rest of America,Nuclear,2018,2.4253710045662102,0.8,16.997,CALIBRATION_TARGET_NOT_SOLVED_OUTCOME
REF_11000,Rest of America,Nuclear,2019,2.4253710045662102,0.8,16.997,CALIBRATION_TARGET_NOT_SOLVED_OUTCOME
REF_11000,Rest of America,Nuclear,2020,2.4253710045662102,0.8,16.997,CALIBRATION_TARGET_NOT_SOLVED_OUTCOME
REF_11000,Rest of America,Nuclear,2021,2.4253710045662102,0.8,16.997,CALIBRATION_TARGET_NOT_SOLVED_OUTCOME
REF_11000,Rest of America,Nuclear,2022,2.4253710045662102,0.8,16.997,CALIBRATION_TARGET_NOT_SOLVED_OUTCOME
REF_11000,Rest of America,Nuclear,2023,2.4253710045662102,0.8,16.997,CALIBRATION_TARGET_NOT_SOLVED_OUTCOME
REF_11000,Rest of America,Nuclear,2024,2.4253710045662102,0.8,16.997,CALIBRATION_TARGET_NOT_SOLVED_OUTCOME
REF_11000,Rest of America,Nuclear,2025,2.4253710045662102,0.8,16.997,CALIBRATION_TARGET_NOT_SOLVED_OUTCOME
REF_11000,Rest of America,Nuclear,2026,2.4253710045662102,0.8,16.997,CALIBRATION_TARGET_NOT_SOLVED_OUTCOME
REF_11000,Rest of America,Nuclear,2027,2.4253710045662102,0.8,16.997,CALIBRATION_TARGET_NOT_SOLVED_OUTCOME
REF_11000,Rest of America,Nuclear,2028,2.4253710045662102,0.8,16.997,CALIBRATION_TARGET_NOT_SOLVED_OUTCOME
REF_11000,Rest of America,Nuclear,2029,2.4253710045662102,0.8,16.997,CALIBRATION_TARGET_NOT_SOLVED_OUTCOME
REF_11000,Rest of America,Nuclear,2030,2.4253710045662102,0.8,16.997,CALIBRATION_TARGET_NOT_SOLVED_OUTCOME
REF_11000,Rest of America,Hydro,2017,90.47423762590572,0.4497168084064366,356.425,CALIBRATION_TARGET_NOT_SOLVED_OUTCOME
REF_11000,Rest of America,Hydro,2018,91.9232072599905,0.4497168084064366,362.1332437540297,CALIBRATION_TARGET_NOT_SOLVED_OUTCOME
REF_11000,Rest of America,Hydro,2019,92.40579527068763,0.4497168084064366,364.034408507956,CALIBRATION_TARGET_NOT_SOLVED_OUTCOME
REF_11000,Rest of America,Hydro,2020,93.49141575362138,0.4497168084064366,368.31123128959234,CALIBRATION_TARGET_NOT_SOLVED_OUTCOME
REF_11000,Rest of America,Hydro,2021,93.69385079552168,0.4497168084064366,369.1087280323408,CALIBRATION_TARGET_NOT_SOLVED_OUTCOME
REF_11000,Rest of America,Hydro,2022,95.33997011236804,0.4497168084064366,375.5936467550931,CALIBRATION_TARGET_NOT_SOLVED_OUTCOME
REF_11000,Rest of America,Hydro,2023,95.91678797486216,0.4497168084064366,377.8660318233105,CALIBRATION_TARGET_NOT_SOLVED_OUTCOME
REF_11000,Rest of America,Hydro,2024,95.0521591597097,0.4497168084064366,374.4598099691407,CALIBRATION_TARGET_NOT_SOLVED_OUTCOME
REF_11000,Rest of America,Hydro,2025,95.59813692991496,0.4497168084064366,376.6106999003722,CALIBRATION_TARGET_NOT_SOLVED_OUTCOME
REF_11000,Rest of America,Hydro,2026,96.1441147001202,0.4497168084064366,378.76158983160366,CALIBRATION_TARGET_NOT_SOLVED_OUTCOME
REF_11000,Rest of America,Hydro,2027,96.69009247032544,0.4497168084064366,380.9124797628352,CALIBRATION_TARGET_NOT_SOLVED_OUTCOME
REF_11000,Rest of America,Hydro,2028,97.23607024053072,0.4497168084064366,383.0633696940667,CALIBRATION_TARGET_NOT_SOLVED_OUTCOME
REF_11000,Rest of America,Hydro,2029,97.78204801073596,0.4497168084064366,385.2142596252982,CALIBRATION_TARGET_NOT_SOLVED_OUTCOME
REF_11000,Rest of America,Hydro,2030,98.32802578094122,0.4497168084064366,387.3651495565297,CALIBRATION_TARGET_NOT_SOLVED_OUTCOME
REF_11000,Rest of America,Wind,2017,9.19347,0.2925195172652648,23.558,CALIBRATION_TARGET_NOT_SOLVED_OUTCOME
REF_11000,Rest of America,Wind,2018,10.36613,0.2925195172652648,26.562907209138658,CALIBRATION_TARGET_NOT_SOLVED_OUTCOME
REF_11000,Rest of America,Wind,2019,14.114720000000002,0.2925195172652648,36.16856026723316,CALIBRATION_TARGET_NOT_SOLVED_OUTCOME
REF_11000,Rest of America,Wind,2020,15.92703,0.2925195172652648,40.812552033127865,CALIBRATION_TARGET_NOT_SOLVED_OUTCOME
REF_11000,Rest of America,Wind,2021,18.04054,0.2925195172652648,46.228360055561176,CALIBRATION_TARGET_NOT_SOLVED_OUTCOME
REF_11000,Rest of America,Wind,2022,19.17061,0.2925195172652648,49.12413162603456,CALIBRATION_TARGET_NOT_SOLVED_OUTCOME
REF_11000,Rest of America,Wind,2023,20.510900000000003,0.2925195172652648,52.55858584408281,CALIBRATION_TARGET_NOT_SOLVED_OUTCOME
REF_11000,Rest of America,Wind,2024,21.57761,0.2925195172652648,55.2919992538182,CALIBRATION_TARGET_NOT_SOLVED_OUTCOME
REF_11000,Rest of America,Wind,2025,31.20470566563296,0.2925195172652648,79.96115243438888,CALIBRATION_TARGET_NOT_SOLVED_OUTCOME
REF_11000,Rest of America,Wind,2026,40.83180133126591,0.2925195172652648,104.63030561495955,CALIBRATION_TARGET_NOT_SOLVED_OUTCOME
REF_11000,Rest of America,Wind,2027,50.45889699689887,0.2925195172652648,129.29945879553026,CALIBRATION_TARGET_NOT_SOLVED_OUTCOME
REF_11000,Rest of America,Wind,2028,60.08599266253182,0.2925195172652648,153.96861197610093,CALIBRATION_TARGET_NOT_SOLVED_OUTCOME
REF_11000,Rest of America,Wind,2029,69.71308832816479,0.2925195172652648,178.63776515667166,CALIBRATION_TARGET_NOT_SOLVED_OUTCOME
REF_11000,Rest of America,Wind,2030,79.34018399379774,0.2925195172652648,203.3069183372423,CALIBRATION_TARGET_NOT_SOLVED_OUTCOME
REF_11000,Rest of America,Solar,2017,5.015479999999999,0.1684510782016138,7.400999999999999,CALIBRATION_TARGET_NOT_SOLVED_OUTCOME
REF_11000,Rest of America,Solar,2018,7.95142,0.1684510782016138,11.733365384768756,CALIBRATION_TARGET_NOT_SOLVED_OUTCOME
REF_11000,Rest of America,Solar,2019,12.71834,0.1684510782016138,18.76758243278809,CALIBRATION_TARGET_NOT_SOLVED_OUTCOME
REF_11000,Rest of America,Solar,2020,14.91664,0.1684510782016138,22.01146303843301,CALIBRATION_TARGET_NOT_SOLVED_OUTCOME
REF_11000,Rest of America,Solar,2021,19.28452,0.1684510782016138,28.45684411462113,CALIBRATION_TARGET_NOT_SOLVED_OUTCOME
REF_11000,Rest of America,Solar,2022,22.51624,0.1684510782016138,33.22567176820564,CALIBRATION_TARGET_NOT_SOLVED_OUTCOME
REF_11000,Rest of America,Solar,2023,27.49165,0.1684510782016138,40.56754321620264,CALIBRATION_TARGET_NOT_SOLVED_OUTCOME
REF_11000,Rest of America,Solar,2024,33.00035,0.1684510782016138,48.69635415752829,CALIBRATION_TARGET_NOT_SOLVED_OUTCOME
REF_11000,Rest of America,Solar,2025,42.77410729433892,0.1684510782016138,63.11881775730386,CALIBRATION_TARGET_NOT_SOLVED_OUTCOME
REF_11000,Rest of America,Solar,2026,52.54786458867784,0.1684510782016138,77.54128135707943,CALIBRATION_TARGET_NOT_SOLVED_OUTCOME
REF_11000,Rest of America,Solar,2027,62.32162188301676,0.1684510782016138,91.963744956855,CALIBRATION_TARGET_NOT_SOLVED_OUTCOME
REF_11000,Rest of America,Solar,2028,72.09537917735568,0.1684510782016138,106.38620855663056,CALIBRATION_TARGET_NOT_SOLVED_OUTCOME
REF_11000,Rest of America,Solar,2029,81.86913647169462,0.1684510782016138,120.80867215640616,CALIBRATION_TARGET_NOT_SOLVED_OUTCOME
REF_11000,Rest of America,Solar,2030,91.64289376603352,0.1684510782016138,135.2311357561817,CALIBRATION_TARGET_NOT_SOLVED_OUTCOME
REF_11000,Rest of America,Biomass,2017,3.3318423740942733,0.6995594797433444,20.418000000000003,CALIBRATION_TARGET_NOT_SOLVED_OUTCOME
REF_11000,Rest of America,Biomass,2018,3.385202740009501,0.6995594797433444,20.74499984841068,CALIBRATION_TARGET_NOT_SOLVED_OUTCOME
REF_11000,Rest of America,Biomass,2019,3.402974729312345,0.6995594797433444,20.85390910546523,CALIBRATION_TARGET_NOT_SOLVED_OUTCOME
REF_11000,Rest of America,Biomass,2020,3.4429542463786222,0.6995594797433444,21.09890922486048,CALIBRATION_TARGET_NOT_SOLVED_OUTCOME
REF_11000,Rest of America,Biomass,2021,3.4504092044783388,0.6995594797433444,21.144594259561856,CALIBRATION_TARGET_NOT_SOLVED_OUTCOME
REF_11000,Rest of America,Biomass,2022,3.511029887631943,0.6995594797433444,21.51608635602298,CALIBRATION_TARGET_NOT_SOLVED_OUTCOME
REF_11000,Rest of America,Biomass,2023,3.532272025137858,0.6995594797433444,21.646261170704506,CALIBRATION_TARGET_NOT_SOLVED_OUTCOME
REF_11000,Rest of America,Biomass,2024,3.500430840290305,0.6995594797433444,21.451133898996744,CALIBRATION_TARGET_NOT_SOLVED_OUTCOME
REF_11000,Rest of America,Biomass,2025,3.5205372475706302,0.6995594797433444,21.574348798669565,CALIBRATION_TARGET_NOT_SOLVED_OUTCOME
REF_11000,Rest of America,Biomass,2026,3.540643654850955,0.6995594797433444,21.697563698342385,CALIBRATION_TARGET_NOT_SOLVED_OUTCOME
REF_11000,Rest of America,Biomass,2027,3.56075006213128,0.6995594797433444,21.8207785980152,CALIBRATION_TARGET_NOT_SOLVED_OUTCOME
REF_11000,Rest of America,Biomass,2028,3.5808564694116054,0.6995594797433444,21.943993497688023,CALIBRATION_TARGET_NOT_SOLVED_OUTCOME
REF_11000,Rest of America,Biomass,2029,3.60096287669193,0.6995594797433444,22.067208397360844,CALIBRATION_TARGET_NOT_SOLVED_OUTCOME
REF_11000,Rest of America,Biomass,2030,3.621069283972256,0.6995594797433444,22.190423297033664,CALIBRATION_TARGET_NOT_SOLVED_OUTCOME
REF_11000,Brazil,Coal_Power,2017,4.653798256537982,0.5500000000000002,22.422000000000004,CALIBRATION_TARGET_NOT_SOLVED_OUTCOME
REF_11000,Brazil,Coal_Power,2018,4.653798256537982,0.5500000000000002,22.422000000000004,CALIBRATION_TARGET_NOT_SOLVED_OUTCOME
REF_11000,Brazil,Coal_Power,2019,4.653798256537982,0.5500000000000002,22.422000000000004,CALIBRATION_TARGET_NOT_SOLVED_OUTCOME
REF_11000,Brazil,Coal_Power,2020,4.653798256537982,0.5500000000000002,22.422000000000004,CALIBRATION_TARGET_NOT_SOLVED_OUTCOME
REF_11000,Brazil,Coal_Power,2021,4.653798256537982,0.5500000000000002,22.422000000000004,CALIBRATION_TARGET_NOT_SOLVED_OUTCOME
REF_11000,Brazil,Coal_Power,2022,4.653798256537982,0.5500000000000002,22.422000000000004,CALIBRATION_TARGET_NOT_SOLVED_OUTCOME
REF_11000,Brazil,Coal_Power,2023,4.653798256537982,0.5500000000000002,22.422000000000004,CALIBRATION_TARGET_NOT_SOLVED_OUTCOME
REF_11000,Brazil,Coal_Power,2024,4.653798256537982,0.5500000000000002,22.422000000000004,CALIBRATION_TARGET_NOT_SOLVED_OUTCOME
REF_11000,Brazil,Coal_Power,2025,4.653798256537982,0.5500000000000002,22.422000000000004,CALIBRATION_TARGET_NOT_SOLVED_OUTCOME
REF_11000,Brazil,Coal_Power,2026,4.653798256537982,0.5500000000000002,22.422000000000004,CALIBRATION_TARGET_NOT_SOLVED_OUTCOME
REF_11000,Brazil,Coal_Power,2027,4.653798256537982,0.5500000000000002,22.422000000000004,CALIBRATION_TARGET_NOT_SOLVED_OUTCOME
REF_11000,Brazil,Coal_Power,2028,4.653798256537982,0.5500000000000002,22.422000000000004,CALIBRATION_TARGET_NOT_SOLVED_OUTCOME
REF_11000,Brazil,Coal_Power,2029,4.653798256537982,0.5500000000000002,22.422000000000004,CALIBRATION_TARGET_NOT_SOLVED_OUTCOME
REF_11000,Brazil,Coal_Power,2030,4.653798256537982,0.5500000000000002,22.422000000000004,CALIBRATION_TARGET_NOT_SOLVED_OUTCOME
REF_11000,Brazil,Oil_Power,2017,7.1388127853881285,0.25,15.634,CALIBRATION_TARGET_NOT_SOLVED_OUTCOME
REF_11000,Brazil,Oil_Power,2018,7.1388127853881285,0.25,15.634,CALIBRATION_TARGET_NOT_SOLVED_OUTCOME
REF_11000,Brazil,Oil_Power,2019,7.1388127853881285,0.25,15.634,CALIBRATION_TARGET_NOT_SOLVED_OUTCOME
REF_11000,Brazil,Oil_Power,2020,7.1388127853881285,0.25,15.634,CALIBRATION_TARGET_NOT_SOLVED_OUTCOME
REF_11000,Brazil,Oil_Power,2021,7.1388127853881285,0.25,15.634,CALIBRATION_TARGET_NOT_SOLVED_OUTCOME
REF_11000,Brazil,Oil_Power,2022,7.1388127853881285,0.25,15.634,CALIBRATION_TARGET_NOT_SOLVED_OUTCOME
REF_11000,Brazil,Oil_Power,2023,7.1388127853881285,0.25,15.634,CALIBRATION_TARGET_NOT_SOLVED_OUTCOME
REF_11000,Brazil,Oil_Power,2024,7.1388127853881285,0.25,15.634,CALIBRATION_TARGET_NOT_SOLVED_OUTCOME
REF_11000,Brazil,Oil_Power,2025,7.1388127853881285,0.25,15.634,CALIBRATION_TARGET_NOT_SOLVED_OUTCOME
REF_11000,Brazil,Oil_Power,2026,7.1388127853881285,0.25,15.634,CALIBRATION_TARGET_NOT_SOLVED_OUTCOME
REF_11000,Brazil,Oil_Power,2027,7.1388127853881285,0.25,15.634,CALIBRATION_TARGET_NOT_SOLVED_OUTCOME
REF_11000,Brazil,Oil_Power,2028,7.1388127853881285,0.25,15.634,CALIBRATION_TARGET_NOT_SOLVED_OUTCOME
REF_11000,Brazil,Oil_Power,2029,7.1388127853881285,0.25,15.634,CALIBRATION_TARGET_NOT_SOLVED_OUTCOME
REF_11000,Brazil,Oil_Power,2030,7.1388127853881285,0.25,15.634,CALIBRATION_TARGET_NOT_SOLVED_OUTCOME
REF_11000,Brazil,Gas_Power,2017,16.639523084728566,0.45,65.593,CALIBRATION_TARGET_NOT_SOLVED_OUTCOME
REF_11000,Brazil,Gas_Power,2018,16.639523084728566,0.45,65.593,CALIBRATION_TARGET_NOT_SOLVED_OUTCOME
REF_11000,Brazil,Gas_Power,2019,16.639523084728566,0.45,65.593,CALIBRATION_TARGET_NOT_SOLVED_OUTCOME
REF_11000,Brazil,Gas_Power,2020,16.639523084728566,0.45,65.593,CALIBRATION_TARGET_NOT_SOLVED_OUTCOME
REF_11000,Brazil,Gas_Power,2021,16.639523084728566,0.45,65.593,CALIBRATION_TARGET_NOT_SOLVED_OUTCOME
REF_11000,Brazil,Gas_Power,2022,16.639523084728566,0.45,65.593,CALIBRATION_TARGET_NOT_SOLVED_OUTCOME
REF_11000,Brazil,Gas_Power,2023,16.639523084728566,0.45,65.593,CALIBRATION_TARGET_NOT_SOLVED_OUTCOME
REF_11000,Brazil,Gas_Power,2024,16.639523084728566,0.45,65.593,CALIBRATION_TARGET_NOT_SOLVED_OUTCOME
REF_11000,Brazil,Gas_Power,2025,16.639523084728566,0.45,65.593,CALIBRATION_TARGET_NOT_SOLVED_OUTCOME
REF_11000,Brazil,Gas_Power,2026,16.639523084728566,0.45,65.593,CALIBRATION_TARGET_NOT_SOLVED_OUTCOME
REF_11000,Brazil,Gas_Power,2027,16.639523084728566,0.45,65.593,CALIBRATION_TARGET_NOT_SOLVED_OUTCOME
REF_11000,Brazil,Gas_Power,2028,16.639523084728566,0.45,65.593,CALIBRATION_TARGET_NOT_SOLVED_OUTCOME
REF_11000,Brazil,Gas_Power,2029,16.639523084728566,0.45,65.593,CALIBRATION_TARGET_NOT_SOLVED_OUTCOME
REF_11000,Brazil,Gas_Power,2030,16.639523084728566,0.45,65.593,CALIBRATION_TARGET_NOT_SOLVED_OUTCOME
REF_11000,Brazil,Nuclear,2017,2.245861872146119,0.7999999999999999,15.739,CALIBRATION_TARGET_NOT_SOLVED_OUTCOME
REF_11000,Brazil,Nuclear,2018,2.245861872146119,0.7999999999999999,15.739,CALIBRATION_TARGET_NOT_SOLVED_OUTCOME
REF_11000,Brazil,Nuclear,2019,2.245861872146119,0.7999999999999999,15.739,CALIBRATION_TARGET_NOT_SOLVED_OUTCOME
REF_11000,Brazil,Nuclear,2020,2.245861872146119,0.7999999999999999,15.739,CALIBRATION_TARGET_NOT_SOLVED_OUTCOME
REF_11000,Brazil,Nuclear,2021,2.245861872146119,0.7999999999999999,15.739,CALIBRATION_TARGET_NOT_SOLVED_OUTCOME
REF_11000,Brazil,Nuclear,2022,2.245861872146119,0.7999999999999999,15.739,CALIBRATION_TARGET_NOT_SOLVED_OUTCOME
REF_11000,Brazil,Nuclear,2023,2.245861872146119,0.7999999999999999,15.739,CALIBRATION_TARGET_NOT_SOLVED_OUTCOME
REF_11000,Brazil,Nuclear,2024,2.245861872146119,0.7999999999999999,15.739,CALIBRATION_TARGET_NOT_SOLVED_OUTCOME
REF_11000,Brazil,Nuclear,2025,2.245861872146119,0.7999999999999999,15.739,CALIBRATION_TARGET_NOT_SOLVED_OUTCOME
REF_11000,Brazil,Nuclear,2026,2.245861872146119,0.7999999999999999,15.739,CALIBRATION_TARGET_NOT_SOLVED_OUTCOME
REF_11000,Brazil,Nuclear,2027,2.245861872146119,0.7999999999999999,15.739,CALIBRATION_TARGET_NOT_SOLVED_OUTCOME
REF_11000,Brazil,Nuclear,2028,2.245861872146119,0.7999999999999999,15.739,CALIBRATION_TARGET_NOT_SOLVED_OUTCOME
REF_11000,Brazil,Nuclear,2029,2.245861872146119,0.7999999999999999,15.739,CALIBRATION_TARGET_NOT_SOLVED_OUTCOME
REF_11000,Brazil,Nuclear,2030,2.245861872146119,0.7999999999999999,15.739,CALIBRATION_TARGET_NOT_SOLVED_OUTCOME
REF_11000,Brazil,Hydro,2017,111.85151724367716,0.378545312779851,370.906,CALIBRATION_TARGET_NOT_SOLVED_OUTCOME
REF_11000,Brazil,Hydro,2018,112.1276706472066,0.378545312779851,371.8217404102649,CALIBRATION_TARGET_NOT_SOLVED_OUTCOME
REF_11000,Brazil,Hydro,2019,113.5471060757491,0.378545312779851,376.52866911389634,CALIBRATION_TARGET_NOT_SOLVED_OUTCOME
REF_11000,Brazil,Hydro,2020,114.04215845185747,0.378545312779851,378.17029098133,CALIBRATION_TARGET_NOT_SOLVED_OUTCOME
REF_11000,Brazil,Hydro,2021,114.77067204306232,0.378545312779851,380.58608353129387,CALIBRATION_TARGET_NOT_SOLVED_OUTCOME
REF_11000,Brazil,Hydro,2022,115.86437309950406,0.378545312779851,384.21285850973976,CALIBRATION_TARGET_NOT_SOLVED_OUTCOME
REF_11000,Brazil,Hydro,2023,116.2486940375224,0.378545312779851,385.48728862342415,CALIBRATION_TARGET_NOT_SOLVED_OUTCOME
REF_11000,Brazil,Hydro,2024,116.59727543673075,0.378545312779851,386.643204391407,CALIBRATION_TARGET_NOT_SOLVED_OUTCOME
REF_11000,Brazil,Hydro,2025,117.22536721726388,0.378545312779851,388.7259924991704,CALIBRATION_TARGET_NOT_SOLVED_OUTCOME
REF_11000,Brazil,Hydro,2026,117.853458997797,0.378545312779851,390.8087806069337,CALIBRATION_TARGET_NOT_SOLVED_OUTCOME
REF_11000,Brazil,Hydro,2027,118.4815507783301,0.378545312779851,392.891568714697,CALIBRATION_TARGET_NOT_SOLVED_OUTCOME
REF_11000,Brazil,Hydro,2028,119.10964255886324,0.378545312779851,394.9743568224604,CALIBRATION_TARGET_NOT_SOLVED_OUTCOME
REF_11000,Brazil,Hydro,2029,119.73773433939635,0.378545312779851,397.0571449302237,CALIBRATION_TARGET_NOT_SOLVED_OUTCOME
REF_11000,Brazil,Hydro,2030,120.36582611992948,0.378545312779851,399.139933037987,CALIBRATION_TARGET_NOT_SOLVED_OUTCOME
REF_11000,Brazil,Wind,2017,12.45102,0.3884902969090889,42.373,CALIBRATION_TARGET_NOT_SOLVED_OUTCOME
REF_11000,Brazil,Wind,2018,14.51401,0.3884902969090889,49.39371599515541,CALIBRATION_TARGET_NOT_SOLVED_OUTCOME
REF_11000,Brazil,Wind,2019,15.45663,0.3884902969090889,52.60161681452603,CALIBRATION_TARGET_NOT_SOLVED_OUTCOME
REF_11000,Brazil,Wind,2020,17.216549999999998,0.3884902969090889,58.59093256215152,CALIBRATION_TARGET_NOT_SOLVED_OUTCOME
REF_11000,Brazil,Wind,2021,21.00239,0.3884902969090889,71.4748086076482,CALIBRATION_TARGET_NOT_SOLVED_OUTCOME
REF_11000,Brazil,Wind,2022,24.19574,0.3884902969090889,82.34233749684765,CALIBRATION_TARGET_NOT_SOLVED_OUTCOME
REF_11000,Brazil,Wind,2023,29.11288,0.3884902969090889,99.0762254208892,CALIBRATION_TARGET_NOT_SOLVED_OUTCOME
REF_11000,Brazil,Wind,2024,32.920190000000005,0.3884902969090889,112.03316763365574,CALIBRATION_TARGET_NOT_SOLVED_OUTCOME
REF_11000,Brazil,Wind,2025,47.60790650154088,0.3884902969090889,162.01803725235294,CALIBRATION_TARGET_NOT_SOLVED_OUTCOME
REF_11000,Brazil,Wind,2026,62.29562300308176,0.3884902969090889,212.0029068710502,CALIBRATION_TARGET_NOT_SOLVED_OUTCOME
REF_11000,Brazil,Wind,2027,76.98333950462265,0.3884902969090889,261.98777648974743,CALIBRATION_TARGET_NOT_SOLVED_OUTCOME
REF_11000,Brazil,Wind,2028,91.67105600616352,0.3884902969090889,311.9726461084447,CALIBRATION_TARGET_NOT_SOLVED_OUTCOME
REF_11000,Brazil,Wind,2029,106.3587725077044,0.3884902969090889,361.95751572714187,CALIBRATION_TARGET_NOT_SOLVED_OUTCOME
REF_11000,Brazil,Wind,2030,121.04648900924528,0.3884902969090889,411.9423853458391,CALIBRATION_TARGET_NOT_SOLVED_OUTCOME
REF_11000,Brazil,Solar,2017,1.2097,0.0785129940892549,0.8320000000000001,CALIBRATION_TARGET_NOT_SOLVED_OUTCOME
REF_11000,Brazil,Solar,2018,2.45763,0.0785129940892549,1.6902935934529222,CALIBRATION_TARGET_NOT_SOLVED_OUTCOME
REF_11000,Brazil,Solar,2019,4.6693500000000006,0.0785129940892549,3.211456724807804,CALIBRATION_TARGET_NOT_SOLVED_OUTCOME
REF_11000,Brazil,Solar,2020,8.38559,0.0785129940892549,5.7673893361990585,CALIBRATION_TARGET_NOT_SOLVED_OUTCOME
REF_11000,Brazil,Solar,2021,14.30986,0.0785129940892549,9.841947193519056,CALIBRATION_TARGET_NOT_SOLVED_OUTCOME
REF_11000,Brazil,Solar,2022,25.06593,0.0785129940892549,17.2396906340415,CALIBRATION_TARGET_NOT_SOLVED_OUTCOME
REF_11000,Brazil,Solar,2023,37.56327,0.0785129940892549,25.835034008431847,CALIBRATION_TARGET_NOT_SOLVED_OUTCOME
REF_11000,Brazil,Solar,2024,53.11412,0.0785129940892549,36.53050164503596,CALIBRATION_TARGET_NOT_SOLVED_OUTCOME
REF_11000,Brazil,Solar,2025,68.84499915074818,0.0785129940892549,47.34978861984168,CALIBRATION_TARGET_NOT_SOLVED_OUTCOME
REF_11000,Brazil,Solar,2026,84.57587830149636,0.0785129940892549,58.16907559464742,CALIBRATION_TARGET_NOT_SOLVED_OUTCOME
REF_11000,Brazil,Solar,2027,100.30675745224454,0.0785129940892549,68.98836256945314,CALIBRATION_TARGET_NOT_SOLVED_OUTCOME
REF_11000,Brazil,Solar,2028,116.03763660299272,0.0785129940892549,79.80764954425888,CALIBRATION_TARGET_NOT_SOLVED_OUTCOME
REF_11000,Brazil,Solar,2029,131.76851575374093,0.0785129940892549,90.6269365190646,CALIBRATION_TARGET_NOT_SOLVED_OUTCOME
REF_11000,Brazil,Solar,2030,147.4993949044891,0.0785129940892549,101.44622349387032,CALIBRATION_TARGET_NOT_SOLVED_OUTCOME
REF_11000,Brazil,Biomass,2017,10.736072756322844,0.5888482643242132,55.38,CALIBRATION_TARGET_NOT_SOLVED_OUTCOME
REF_11000,Brazil,Biomass,2018,10.762579352793406,0.5888482643242132,55.51672926272554,CALIBRATION_TARGET_NOT_SOLVED_OUTCOME
REF_11000,Brazil,Biomass,2019,10.898823924250893,0.5888482643242132,56.21952110650025,CALIBRATION_TARGET_NOT_SOLVED_OUTCOME
REF_11000,Brazil,Biomass,2020,10.946341548142495,0.5888482643242132,56.46463177879587,CALIBRATION_TARGET_NOT_SOLVED_OUTCOME
REF_11000,Brazil,Biomass,2021,11.0162679569377,0.5888482643242132,56.82533392817333,CALIBRATION_TARGET_NOT_SOLVED_OUTCOME
REF_11000,Brazil,Biomass,2022,11.121246900495924,0.5888482643242132,57.36684794602782,CALIBRATION_TARGET_NOT_SOLVED_OUTCOME
REF_11000,Brazil,Biomass,2023,11.15813596247757,0.5888482643242132,57.55713319268287,CALIBRATION_TARGET_NOT_SOLVED_OUTCOME
REF_11000,Brazil,Biomass,2024,11.191594563269266,0.5888482643242132,57.729723054348334,CALIBRATION_TARGET_NOT_SOLVED_OUTCOME
REF_11000,Brazil,Biomass,2025,11.25188198019148,0.5888482643242132,58.04070428788981,CALIBRATION_TARGET_NOT_SOLVED_OUTCOME
REF_11000,Brazil,Biomass,2026,11.312169397113696,0.5888482643242132,58.35168552143129,CALIBRATION_TARGET_NOT_SOLVED_OUTCOME
REF_11000,Brazil,Biomass,2027,11.372456814035912,0.5888482643242132,58.662666754972754,CALIBRATION_TARGET_NOT_SOLVED_OUTCOME
REF_11000,Brazil,Biomass,2028,11.432744230958129,0.5888482643242132,58.97364798851423,CALIBRATION_TARGET_NOT_SOLVED_OUTCOME
REF_11000,Brazil,Biomass,2029,11.493031647880343,0.5888482643242132,59.28462922205571,CALIBRATION_TARGET_NOT_SOLVED_OUTCOME
REF_11000,Brazil,Biomass,2030,11.553319064802558,0.5888482643242132,59.595610455597175,CALIBRATION_TARGET_NOT_SOLVED_OUTCOME
REF_11000,"EU, UK and EFTA",Coal_Power,2017,147.40514736405146,0.55,710.1979999999999,CALIBRATION_TARGET_NOT_SOLVED_OUTCOME
REF_11000,"EU, UK and EFTA",Coal_Power,2018,147.40514736405146,0.55,710.1979999999999,CALIBRATION_TARGET_NOT_SOLVED_OUTCOME
REF_11000,"EU, UK and EFTA",Coal_Power,2019,147.40514736405146,0.55,710.1979999999999,CALIBRATION_TARGET_NOT_SOLVED_OUTCOME
REF_11000,"EU, UK and EFTA",Coal_Power,2020,147.40514736405146,0.55,710.1979999999999,CALIBRATION_TARGET_NOT_SOLVED_OUTCOME
REF_11000,"EU, UK and EFTA",Coal_Power,2021,147.40514736405146,0.55,710.1979999999999,CALIBRATION_TARGET_NOT_SOLVED_OUTCOME
REF_11000,"EU, UK and EFTA",Coal_Power,2022,147.40514736405146,0.55,710.1979999999999,CALIBRATION_TARGET_NOT_SOLVED_OUTCOME
REF_11000,"EU, UK and EFTA",Coal_Power,2023,147.40514736405146,0.55,710.1979999999999,CALIBRATION_TARGET_NOT_SOLVED_OUTCOME
REF_11000,"EU, UK and EFTA",Coal_Power,2024,147.40514736405146,0.55,710.1979999999999,CALIBRATION_TARGET_NOT_SOLVED_OUTCOME
REF_11000,"EU, UK and EFTA",Coal_Power,2025,147.40514736405146,0.55,710.1979999999999,CALIBRATION_TARGET_NOT_SOLVED_OUTCOME
REF_11000,"EU, UK and EFTA",Coal_Power,2026,147.40514736405146,0.55,710.1979999999999,CALIBRATION_TARGET_NOT_SOLVED_OUTCOME
REF_11000,"EU, UK and EFTA",Coal_Power,2027,147.40514736405146,0.55,710.1979999999999,CALIBRATION_TARGET_NOT_SOLVED_OUTCOME
REF_11000,"EU, UK and EFTA",Coal_Power,2028,147.40514736405146,0.55,710.1979999999999,CALIBRATION_TARGET_NOT_SOLVED_OUTCOME
REF_11000,"EU, UK and EFTA",Coal_Power,2029,147.40514736405146,0.55,710.1979999999999,CALIBRATION_TARGET_NOT_SOLVED_OUTCOME
REF_11000,"EU, UK and EFTA",Coal_Power,2030,147.40514736405146,0.55,710.1979999999999,CALIBRATION_TARGET_NOT_SOLVED_OUTCOME
REF_11000,"EU, UK and EFTA",Oil_Power,2017,27.77123287671233,0.25,60.81900000000002,CALIBRATION_TARGET_NOT_SOLVED_OUTCOME
REF_11000,"EU, UK and EFTA",Oil_Power,2018,27.77123287671233,0.25,60.81900000000002,CALIBRATION_TARGET_NOT_SOLVED_OUTCOME
REF_11000,"EU, UK and EFTA",Oil_Power,2019,27.77123287671233,0.25,60.81900000000002,CALIBRATION_TARGET_NOT_SOLVED_OUTCOME
REF_11000,"EU, UK and EFTA",Oil_Power,2020,27.77123287671233,0.25,60.81900000000002,CALIBRATION_TARGET_NOT_SOLVED_OUTCOME
REF_11000,"EU, UK and EFTA",Oil_Power,2021,27.77123287671233,0.25,60.81900000000002,CALIBRATION_TARGET_NOT_SOLVED_OUTCOME
REF_11000,"EU, UK and EFTA",Oil_Power,2022,27.77123287671233,0.25,60.81900000000002,CALIBRATION_TARGET_NOT_SOLVED_OUTCOME
REF_11000,"EU, UK and EFTA",Oil_Power,2023,27.77123287671233,0.25,60.81900000000002,CALIBRATION_TARGET_NOT_SOLVED_OUTCOME
REF_11000,"EU, UK and EFTA",Oil_Power,2024,27.77123287671233,0.25,60.81900000000002,CALIBRATION_TARGET_NOT_SOLVED_OUTCOME
REF_11000,"EU, UK and EFTA",Oil_Power,2025,27.77123287671233,0.25,60.81900000000002,CALIBRATION_TARGET_NOT_SOLVED_OUTCOME
REF_11000,"EU, UK and EFTA",Oil_Power,2026,27.77123287671233,0.25,60.81900000000002,CALIBRATION_TARGET_NOT_SOLVED_OUTCOME
REF_11000,"EU, UK and EFTA",Oil_Power,2027,27.77123287671233,0.25,60.81900000000002,CALIBRATION_TARGET_NOT_SOLVED_OUTCOME
REF_11000,"EU, UK and EFTA",Oil_Power,2028,27.77123287671233,0.25,60.81900000000002,CALIBRATION_TARGET_NOT_SOLVED_OUTCOME
REF_11000,"EU, UK and EFTA",Oil_Power,2029,27.77123287671233,0.25,60.81900000000002,CALIBRATION_TARGET_NOT_SOLVED_OUTCOME
REF_11000,"EU, UK and EFTA",Oil_Power,2030,27.77123287671233,0.25,60.81900000000002,CALIBRATION_TARGET_NOT_SOLVED_OUTCOME
REF_11000,"EU, UK and EFTA",Gas_Power,2017,168.65728056823946,0.45,664.847,CALIBRATION_TARGET_NOT_SOLVED_OUTCOME
REF_11000,"EU, UK and EFTA",Gas_Power,2018,168.65728056823946,0.45,664.847,CALIBRATION_TARGET_NOT_SOLVED_OUTCOME
REF_11000,"EU, UK and EFTA",Gas_Power,2019,168.65728056823946,0.45,664.847,CALIBRATION_TARGET_NOT_SOLVED_OUTCOME
REF_11000,"EU, UK and EFTA",Gas_Power,2020,168.65728056823946,0.45,664.847,CALIBRATION_TARGET_NOT_SOLVED_OUTCOME
REF_11000,"EU, UK and EFTA",Gas_Power,2021,168.65728056823946,0.45,664.847,CALIBRATION_TARGET_NOT_SOLVED_OUTCOME
REF_11000,"EU, UK and EFTA",Gas_Power,2022,168.65728056823946,0.45,664.847,CALIBRATION_TARGET_NOT_SOLVED_OUTCOME
REF_11000,"EU, UK and EFTA",Gas_Power,2023,168.65728056823946,0.45,664.847,CALIBRATION_TARGET_NOT_SOLVED_OUTCOME
REF_11000,"EU, UK and EFTA",Gas_Power,2024,168.65728056823946,0.45,664.847,CALIBRATION_TARGET_NOT_SOLVED_OUTCOME
REF_11000,"EU, UK and EFTA",Gas_Power,2025,168.65728056823946,0.45,664.847,CALIBRATION_TARGET_NOT_SOLVED_OUTCOME
REF_11000,"EU, UK and EFTA",Gas_Power,2026,168.65728056823946,0.45,664.847,CALIBRATION_TARGET_NOT_SOLVED_OUTCOME
REF_11000,"EU, UK and EFTA",Gas_Power,2027,168.65728056823946,0.45,664.847,CALIBRATION_TARGET_NOT_SOLVED_OUTCOME
REF_11000,"EU, UK and EFTA",Gas_Power,2028,168.65728056823946,0.45,664.847,CALIBRATION_TARGET_NOT_SOLVED_OUTCOME
REF_11000,"EU, UK and EFTA",Gas_Power,2029,168.65728056823946,0.45,664.847,CALIBRATION_TARGET_NOT_SOLVED_OUTCOME
REF_11000,"EU, UK and EFTA",Gas_Power,2030,168.65728056823946,0.45,664.847,CALIBRATION_TARGET_NOT_SOLVED_OUTCOME
REF_11000,"EU, UK and EFTA",Nuclear,2017,121.30336757990868,0.8,850.094,CALIBRATION_TARGET_NOT_SOLVED_OUTCOME
REF_11000,"EU, UK and EFTA",Nuclear,2018,121.30336757990868,0.8,850.094,CALIBRATION_TARGET_NOT_SOLVED_OUTCOME
REF_11000,"EU, UK and EFTA",Nuclear,2019,121.30336757990868,0.8,850.094,CALIBRATION_TARGET_NOT_SOLVED_OUTCOME
REF_11000,"EU, UK and EFTA",Nuclear,2020,121.30336757990868,0.8,850.094,CALIBRATION_TARGET_NOT_SOLVED_OUTCOME
REF_11000,"EU, UK and EFTA",Nuclear,2021,121.30336757990868,0.8,850.094,CALIBRATION_TARGET_NOT_SOLVED_OUTCOME
REF_11000,"EU, UK and EFTA",Nuclear,2022,121.30336757990868,0.8,850.094,CALIBRATION_TARGET_NOT_SOLVED_OUTCOME
REF_11000,"EU, UK and EFTA",Nuclear,2023,121.30336757990868,0.8,850.094,CALIBRATION_TARGET_NOT_SOLVED_OUTCOME
REF_11000,"EU, UK and EFTA",Nuclear,2024,121.30336757990868,0.8,850.094,CALIBRATION_TARGET_NOT_SOLVED_OUTCOME
REF_11000,"EU, UK and EFTA",Nuclear,2025,121.30336757990868,0.8,850.094,CALIBRATION_TARGET_NOT_SOLVED_OUTCOME
REF_11000,"EU, UK and EFTA",Nuclear,2026,121.30336757990868,0.8,850.094,CALIBRATION_TARGET_NOT_SOLVED_OUTCOME
REF_11000,"EU, UK and EFTA",Nuclear,2027,121.30336757990868,0.8,850.094,CALIBRATION_TARGET_NOT_SOLVED_OUTCOME
REF_11000,"EU, UK and EFTA",Nuclear,2028,121.30336757990868,0.8,850.094,CALIBRATION_TARGET_NOT_SOLVED_OUTCOME
REF_11000,"EU, UK and EFTA",Nuclear,2029,121.30336757990868,0.8,850.094,CALIBRATION_TARGET_NOT_SOLVED_OUTCOME
REF_11000,"EU, UK and EFTA",Nuclear,2030,121.30336757990868,0.8,850.094,CALIBRATION_TARGET_NOT_SOLVED_OUTCOME
REF_11000,"EU, UK and EFTA",Hydro,2017,166.79194692970842,0.3596084560714757,525.4230000000001,CALIBRATION_TARGET_NOT_SOLVED_OUTCOME
REF_11000,"EU, UK and EFTA",Hydro,2018,169.88860902490487,0.3596084560714757,535.1780122652511,CALIBRATION_TARGET_NOT_SOLVED_OUTCOME
REF_11000,"EU, UK and EFTA",Hydro,2019,171.4364963065673,0.3596084560714757,540.0541204597054,CALIBRATION_TARGET_NOT_SOLVED_OUTCOME
REF_11000,"EU, UK and EFTA",Hydro,2020,172.04951932492645,0.3596084560714757,541.9852472275405,CALIBRATION_TARGET_NOT_SOLVED_OUTCOME
REF_11000,"EU, UK and EFTA",Hydro,2021,172.24994304007706,0.3596084560714757,542.6166160173656,CALIBRATION_TARGET_NOT_SOLVED_OUTCOME
REF_11000,"EU, UK and EFTA",Hydro,2022,175.11659966586635,0.3596084560714757,551.6470719357611,CALIBRATION_TARGET_NOT_SOLVED_OUTCOME
REF_11000,"EU, UK and EFTA",Hydro,2023,175.75032119537423,0.3596084560714757,553.6434025340179,CALIBRATION_TARGET_NOT_SOLVED_OUTCOME
REF_11000,"EU, UK and EFTA",Hydro,2024,177.34549332237518,0.3596084560714757,558.6684660332674,CALIBRATION_TARGET_NOT_SOLVED_OUTCOME
REF_11000,"EU, UK and EFTA",Hydro,2025,178.57220209455215,0.3596084560714757,562.5328072983476,CALIBRATION_TARGET_NOT_SOLVED_OUTCOME
REF_11000,"EU, UK and EFTA",Hydro,2026,179.7989108667291,0.3596084560714757,566.3971485634278,CALIBRATION_TARGET_NOT_SOLVED_OUTCOME
REF_11000,"EU, UK and EFTA",Hydro,2027,181.02561963890608,0.3596084560714757,570.2614898285079,CALIBRATION_TARGET_NOT_SOLVED_OUTCOME
REF_11000,"EU, UK and EFTA",Hydro,2028,182.25232841108303,0.3596084560714757,574.1258310935882,CALIBRATION_TARGET_NOT_SOLVED_OUTCOME
REF_11000,"EU, UK and EFTA",Hydro,2029,183.47903718326,0.3596084560714757,577.9901723586682,CALIBRATION_TARGET_NOT_SOLVED_OUTCOME
REF_11000,"EU, UK and EFTA",Hydro,2030,184.70574595543695,0.3596084560714757,581.8545136237486,CALIBRATION_TARGET_NOT_SOLVED_OUTCOME
REF_11000,"EU, UK and EFTA",Wind,2017,166.75193,0.2498358875867654,364.94700000000006,CALIBRATION_TARGET_NOT_SOLVED_OUTCOME
REF_11000,"EU, UK and EFTA",Wind,2018,177.57328,0.2498358875867654,388.6301994595206,CALIBRATION_TARGET_NOT_SOLVED_OUTCOME
REF_11000,"EU, UK and EFTA",Wind,2019,190.99811,0.2498358875867654,418.01127729178313,CALIBRATION_TARGET_NOT_SOLVED_OUTCOME
REF_11000,"EU, UK and EFTA",Wind,2020,202.55615,0.2498358875867654,443.306768767534,CALIBRATION_TARGET_NOT_SOLVED_OUTCOME
REF_11000,"EU, UK and EFTA",Wind,2021,215.69779,0.2498358875867654,472.06806762074666,CALIBRATION_TARGET_NOT_SOLVED_OUTCOME
REF_11000,"EU, UK and EFTA",Wind,2022,234.60698,0.2498358875867654,513.4520094013905,CALIBRATION_TARGET_NOT_SOLVED_OUTCOME
REF_11000,"EU, UK and EFTA",Wind,2023,251.1478,0.2498358875867654,549.6526257093396,CALIBRATION_TARGET_NOT_SOLVED_OUTCOME
REF_11000,"EU, UK and EFTA",Wind,2024,265.46194,0.2498358875867654,580.9800139475449,CALIBRATION_TARGET_NOT_SOLVED_OUTCOME
REF_11000,"EU, UK and EFTA",Wind,2025,383.9007982407652,0.2498358875867654,840.1908428620441,CALIBRATION_TARGET_NOT_SOLVED_OUTCOME
REF_11000,"EU, UK and EFTA",Wind,2026,502.3396564815304,0.2498358875867654,1099.401671776543,CALIBRATION_TARGET_NOT_SOLVED_OUTCOME
REF_11000,"EU, UK and EFTA",Wind,2027,620.7785147222955,0.2498358875867654,1358.6125006910422,CALIBRATION_TARGET_NOT_SOLVED_OUTCOME
REF_11000,"EU, UK and EFTA",Wind,2028,739.2173729630606,0.2498358875867654,1617.8233296055412,CALIBRATION_TARGET_NOT_SOLVED_OUTCOME
REF_11000,"EU, UK and EFTA",Wind,2029,857.6562312038258,0.2498358875867654,1877.03415852004,CALIBRATION_TARGET_NOT_SOLVED_OUTCOME
REF_11000,"EU, UK and EFTA",Wind,2030,976.0950894445908,0.2498358875867654,2136.24498743454,CALIBRATION_TARGET_NOT_SOLVED_OUTCOME
REF_11000,"EU, UK and EFTA",Solar,2017,108.229,0.1214953022618073,115.188,CALIBRATION_TARGET_NOT_SOLVED_OUTCOME
REF_11000,"EU, UK and EFTA",Solar,2018,116.76436,0.1214953022618073,124.27217381367284,CALIBRATION_TARGET_NOT_SOLVED_OUTCOME
REF_11000,"EU, UK and EFTA",Solar,2019,133.32734,0.1214953022618073,141.9001343440298,CALIBRATION_TARGET_NOT_SOLVED_OUTCOME
REF_11000,"EU, UK and EFTA",Solar,2020,152.37462,0.1214953022618073,162.17213250200962,CALIBRATION_TARGET_NOT_SOLVED_OUTCOME
REF_11000,"EU, UK and EFTA",Solar,2021,180.21481,0.1214953022618073,191.80241464191667,CALIBRATION_TARGET_NOT_SOLVED_OUTCOME
REF_11000,"EU, UK and EFTA",Solar,2022,213.98,0.1214953022618073,227.7386674551183,CALIBRATION_TARGET_NOT_SOLVED_OUTCOME
REF_11000,"EU, UK and EFTA",Solar,2023,270.68121,0.1214953022618073,288.0856999277458,CALIBRATION_TARGET_NOT_SOLVED_OUTCOME
REF_11000,"EU, UK and EFTA",Solar,2024,333.41031,0.1214953022618073,354.84820878211934,CALIBRATION_TARGET_NOT_SOLVED_OUTCOME
REF_11000,"EU, UK and EFTA",Solar,2025,432.1568823657568,0.1214953022618073,459.94407197652,CALIBRATION_TARGET_NOT_SOLVED_OUTCOME
REF_11000,"EU, UK and EFTA",Solar,2026,530.9034547315135,0.1214953022618073,565.0399351709208,CALIBRATION_TARGET_NOT_SOLVED_OUTCOME
REF_11000,"EU, UK and EFTA",Solar,2027,629.6500270972704,0.1214953022618073,670.1357983653215,CALIBRATION_TARGET_NOT_SOLVED_OUTCOME
REF_11000,"EU, UK and EFTA",Solar,2028,728.3965994630271,0.1214953022618073,775.231661559722,CALIBRATION_TARGET_NOT_SOLVED_OUTCOME
REF_11000,"EU, UK and EFTA",Solar,2029,827.1431718287838,0.1214953022618073,880.3275247541227,CALIBRATION_TARGET_NOT_SOLVED_OUTCOME
REF_11000,"EU, UK and EFTA",Solar,2030,925.8897441945406,0.1214953022618073,985.4233879485234,CALIBRATION_TARGET_NOT_SOLVED_OUTCOME
REF_11000,"EU, UK and EFTA",Biomass,2017,43.687233070291605,0.5593909316667397,214.079,CALIBRATION_TARGET_NOT_SOLVED_OUTCOME
REF_11000,"EU, UK and EFTA",Biomass,2018,44.49833097509512,0.5593909316667397,218.05359431873492,CALIBRATION_TARGET_NOT_SOLVED_OUTCOME
REF_11000,"EU, UK and EFTA",Biomass,2019,44.90376369343269,0.5593909316667397,220.04032190043688,CALIBRATION_TARGET_NOT_SOLVED_OUTCOME
REF_11000,"EU, UK and EFTA",Biomass,2020,45.06433067507356,0.5593909316667397,220.82714259030277,CALIBRATION_TARGET_NOT_SOLVED_OUTCOME
REF_11000,"EU, UK and EFTA",Biomass,2021,45.11682695992291,0.5593909316667397,221.0843882745552,CALIBRATION_TARGET_NOT_SOLVED_OUTCOME
REF_11000,"EU, UK and EFTA",Biomass,2022,45.86768033413367,0.5593909316667397,224.76376845500823,CALIBRATION_TARGET_NOT_SOLVED_OUTCOME
REF_11000,"EU, UK and EFTA",Biomass,2023,46.03366880462583,0.5593909316667397,225.5771558745621,CALIBRATION_TARGET_NOT_SOLVED_OUTCOME
REF_11000,"EU, UK and EFTA",Biomass,2024,46.45148667762477,0.5593909316667397,227.6245739907386,CALIBRATION_TARGET_NOT_SOLVED_OUTCOME
REF_11000,"EU, UK and EFTA",Biomass,2025,46.77279422889433,0.5593909316667397,229.19906599753523,CALIBRATION_TARGET_NOT_SOLVED_OUTCOME
REF_11000,"EU, UK and EFTA",Biomass,2026,47.09410178016388,0.5593909316667397,230.77355800433187,CALIBRATION_TARGET_NOT_SOLVED_OUTCOME
REF_11000,"EU, UK and EFTA",Biomass,2027,47.41540933143344,0.5593909316667397,232.3480500111285,CALIBRATION_TARGET_NOT_SOLVED_OUTCOME
REF_11000,"EU, UK and EFTA",Biomass,2028,47.736716882703,0.5593909316667397,233.92254201792517,CALIBRATION_TARGET_NOT_SOLVED_OUTCOME
REF_11000,"EU, UK and EFTA",Biomass,2029,48.05802443397256,0.5593909316667397,235.49703402472176,CALIBRATION_TARGET_NOT_SOLVED_OUTCOME
REF_11000,"EU, UK and EFTA",Biomass,2030,48.37933198524211,0.5593909316667397,237.07152603151837,CALIBRATION_TARGET_NOT_SOLVED_OUTCOME
REF_11000,Eastern Europe,Coal_Power,2017,11.420091324200913,0.55,55.022,CALIBRATION_TARGET_NOT_SOLVED_OUTCOME
REF_11000,Eastern Europe,Coal_Power,2018,11.420091324200913,0.55,55.022,CALIBRATION_TARGET_NOT_SOLVED_OUTCOME
REF_11000,Eastern Europe,Coal_Power,2019,11.420091324200913,0.55,55.022,CALIBRATION_TARGET_NOT_SOLVED_OUTCOME
REF_11000,Eastern Europe,Coal_Power,2020,11.420091324200913,0.55,55.022,CALIBRATION_TARGET_NOT_SOLVED_OUTCOME
REF_11000,Eastern Europe,Coal_Power,2021,11.420091324200913,0.55,55.022,CALIBRATION_TARGET_NOT_SOLVED_OUTCOME
REF_11000,Eastern Europe,Coal_Power,2022,11.420091324200913,0.55,55.022,CALIBRATION_TARGET_NOT_SOLVED_OUTCOME
REF_11000,Eastern Europe,Coal_Power,2023,11.420091324200913,0.55,55.022,CALIBRATION_TARGET_NOT_SOLVED_OUTCOME
REF_11000,Eastern Europe,Coal_Power,2024,11.420091324200913,0.55,55.022,CALIBRATION_TARGET_NOT_SOLVED_OUTCOME
REF_11000,Eastern Europe,Coal_Power,2025,11.420091324200913,0.55,55.022,CALIBRATION_TARGET_NOT_SOLVED_OUTCOME
REF_11000,Eastern Europe,Coal_Power,2026,11.420091324200913,0.55,55.022,CALIBRATION_TARGET_NOT_SOLVED_OUTCOME
REF_11000,Eastern Europe,Coal_Power,2027,11.420091324200913,0.55,55.022,CALIBRATION_TARGET_NOT_SOLVED_OUTCOME
REF_11000,Eastern Europe,Coal_Power,2028,11.420091324200913,0.55,55.022,CALIBRATION_TARGET_NOT_SOLVED_OUTCOME
REF_11000,Eastern Europe,Coal_Power,2029,11.420091324200913,0.55,55.022,CALIBRATION_TARGET_NOT_SOLVED_OUTCOME
REF_11000,Eastern Europe,Coal_Power,2030,11.420091324200913,0.55,55.022,CALIBRATION_TARGET_NOT_SOLVED_OUTCOME
REF_11000,Eastern Europe,Oil_Power,2017,0.7022831050228311,0.25,1.538,CALIBRATION_TARGET_NOT_SOLVED_OUTCOME
REF_11000,Eastern Europe,Oil_Power,2018,0.7022831050228311,0.25,1.538,CALIBRATION_TARGET_NOT_SOLVED_OUTCOME
REF_11000,Eastern Europe,Oil_Power,2019,0.7022831050228311,0.25,1.538,CALIBRATION_TARGET_NOT_SOLVED_OUTCOME
REF_11000,Eastern Europe,Oil_Power,2020,0.7022831050228311,0.25,1.538,CALIBRATION_TARGET_NOT_SOLVED_OUTCOME
REF_11000,Eastern Europe,Oil_Power,2021,0.7022831050228311,0.25,1.538,CALIBRATION_TARGET_NOT_SOLVED_OUTCOME
REF_11000,Eastern Europe,Oil_Power,2022,0.7022831050228311,0.25,1.538,CALIBRATION_TARGET_NOT_SOLVED_OUTCOME
REF_11000,Eastern Europe,Oil_Power,2023,0.7022831050228311,0.25,1.538,CALIBRATION_TARGET_NOT_SOLVED_OUTCOME
REF_11000,Eastern Europe,Oil_Power,2024,0.7022831050228311,0.25,1.538,CALIBRATION_TARGET_NOT_SOLVED_OUTCOME
REF_11000,Eastern Europe,Oil_Power,2025,0.7022831050228311,0.25,1.538,CALIBRATION_TARGET_NOT_SOLVED_OUTCOME
REF_11000,Eastern Europe,Oil_Power,2026,0.7022831050228311,0.25,1.538,CALIBRATION_TARGET_NOT_SOLVED_OUTCOME
REF_11000,Eastern Europe,Oil_Power,2027,0.7022831050228311,0.25,1.538,CALIBRATION_TARGET_NOT_SOLVED_OUTCOME
REF_11000,Eastern Europe,Oil_Power,2028,0.7022831050228311,0.25,1.538,CALIBRATION_TARGET_NOT_SOLVED_OUTCOME
REF_11000,Eastern Europe,Oil_Power,2029,0.7022831050228311,0.25,1.538,CALIBRATION_TARGET_NOT_SOLVED_OUTCOME
REF_11000,Eastern Europe,Oil_Power,2030,0.7022831050228311,0.25,1.538,CALIBRATION_TARGET_NOT_SOLVED_OUTCOME
REF_11000,Eastern Europe,Gas_Power,2017,11.54718417047184,0.45,45.519,CALIBRATION_TARGET_NOT_SOLVED_OUTCOME
REF_11000,Eastern Europe,Gas_Power,2018,11.54718417047184,0.45,45.519,CALIBRATION_TARGET_NOT_SOLVED_OUTCOME
REF_11000,Eastern Europe,Gas_Power,2019,11.54718417047184,0.45,45.519,CALIBRATION_TARGET_NOT_SOLVED_OUTCOME
REF_11000,Eastern Europe,Gas_Power,2020,11.54718417047184,0.45,45.519,CALIBRATION_TARGET_NOT_SOLVED_OUTCOME
REF_11000,Eastern Europe,Gas_Power,2021,11.54718417047184,0.45,45.519,CALIBRATION_TARGET_NOT_SOLVED_OUTCOME
REF_11000,Eastern Europe,Gas_Power,2022,11.54718417047184,0.45,45.519,CALIBRATION_TARGET_NOT_SOLVED_OUTCOME
REF_11000,Eastern Europe,Gas_Power,2023,11.54718417047184,0.45,45.519,CALIBRATION_TARGET_NOT_SOLVED_OUTCOME
REF_11000,Eastern Europe,Gas_Power,2024,11.54718417047184,0.45,45.519,CALIBRATION_TARGET_NOT_SOLVED_OUTCOME
REF_11000,Eastern Europe,Gas_Power,2025,11.54718417047184,0.45,45.519,CALIBRATION_TARGET_NOT_SOLVED_OUTCOME
REF_11000,Eastern Europe,Gas_Power,2026,11.54718417047184,0.45,45.519,CALIBRATION_TARGET_NOT_SOLVED_OUTCOME
REF_11000,Eastern Europe,Gas_Power,2027,11.54718417047184,0.45,45.519,CALIBRATION_TARGET_NOT_SOLVED_OUTCOME
REF_11000,Eastern Europe,Gas_Power,2028,11.54718417047184,0.45,45.519,CALIBRATION_TARGET_NOT_SOLVED_OUTCOME
REF_11000,Eastern Europe,Gas_Power,2029,11.54718417047184,0.45,45.519,CALIBRATION_TARGET_NOT_SOLVED_OUTCOME
REF_11000,Eastern Europe,Gas_Power,2030,11.54718417047184,0.45,45.519,CALIBRATION_TARGET_NOT_SOLVED_OUTCOME
REF_11000,Eastern Europe,Nuclear,2017,12.211187214611872,0.7999999999999999,85.576,CALIBRATION_TARGET_NOT_SOLVED_OUTCOME
REF_11000,Eastern Europe,Nuclear,2018,12.211187214611872,0.7999999999999999,85.576,CALIBRATION_TARGET_NOT_SOLVED_OUTCOME
REF_11000,Eastern Europe,Nuclear,2019,12.211187214611872,0.7999999999999999,85.576,CALIBRATION_TARGET_NOT_SOLVED_OUTCOME
REF_11000,Eastern Europe,Nuclear,2020,12.211187214611872,0.7999999999999999,85.576,CALIBRATION_TARGET_NOT_SOLVED_OUTCOME
REF_11000,Eastern Europe,Nuclear,2021,12.211187214611872,0.7999999999999999,85.576,CALIBRATION_TARGET_NOT_SOLVED_OUTCOME
REF_11000,Eastern Europe,Nuclear,2022,12.211187214611872,0.7999999999999999,85.576,CALIBRATION_TARGET_NOT_SOLVED_OUTCOME
REF_11000,Eastern Europe,Nuclear,2023,12.211187214611872,0.7999999999999999,85.576,CALIBRATION_TARGET_NOT_SOLVED_OUTCOME
REF_11000,Eastern Europe,Nuclear,2024,12.211187214611872,0.7999999999999999,85.576,CALIBRATION_TARGET_NOT_SOLVED_OUTCOME
REF_11000,Eastern Europe,Nuclear,2025,12.211187214611872,0.7999999999999999,85.576,CALIBRATION_TARGET_NOT_SOLVED_OUTCOME
REF_11000,Eastern Europe,Nuclear,2026,12.211187214611872,0.7999999999999999,85.576,CALIBRATION_TARGET_NOT_SOLVED_OUTCOME
REF_11000,Eastern Europe,Nuclear,2027,12.211187214611872,0.7999999999999999,85.576,CALIBRATION_TARGET_NOT_SOLVED_OUTCOME
REF_11000,Eastern Europe,Nuclear,2028,12.211187214611872,0.7999999999999999,85.576,CALIBRATION_TARGET_NOT_SOLVED_OUTCOME
REF_11000,Eastern Europe,Nuclear,2029,12.211187214611872,0.7999999999999999,85.576,CALIBRATION_TARGET_NOT_SOLVED_OUTCOME
REF_11000,Eastern Europe,Nuclear,2030,12.211187214611872,0.7999999999999999,85.576,CALIBRATION_TARGET_NOT_SOLVED_OUTCOME
REF_11000,Eastern Europe,Hydro,2017,13.617605535444817,0.1333973514423869,15.913000000000002,CALIBRATION_TARGET_NOT_SOLVED_OUTCOME
REF_11000,Eastern Europe,Hydro,2018,13.74483566975829,0.1333973514423869,16.061676147363833,CALIBRATION_TARGET_NOT_SOLVED_OUTCOME
REF_11000,Eastern Europe,Hydro,2019,13.955208234422017,0.1333973514423869,16.307509279538234,CALIBRATION_TARGET_NOT_SOLVED_OUTCOME
REF_11000,Eastern Europe,Hydro,2020,14.297902891181376,0.1333973514423869,16.707968821329004,CALIBRATION_TARGET_NOT_SOLVED_OUTCOME
REF_11000,Eastern Europe,Hydro,2021,14.46526905565802,0.1333973514423869,16.903546360154362,CALIBRATION_TARGET_NOT_SOLVED_OUTCOME
REF_11000,Eastern Europe,Hydro,2022,14.522155464316915,0.1333973514423869,16.970021587288294,CALIBRATION_TARGET_NOT_SOLVED_OUTCOME
REF_11000,Eastern Europe,Hydro,2023,14.202020736341415,0.1333973514423869,16.595924693894347,CALIBRATION_TARGET_NOT_SOLVED_OUTCOME
REF_11000,Eastern Europe,Hydro,2024,11.11123185267877,0.1333973514423869,12.98414996758839,CALIBRATION_TARGET_NOT_SOLVED_OUTCOME
REF_11000,Eastern Europe,Hydro,2025,11.11123185267877,0.1333973514423869,12.98414996758839,CALIBRATION_TARGET_NOT_SOLVED_OUTCOME
REF_11000,Eastern Europe,Hydro,2026,11.11123185267877,0.1333973514423869,12.98414996758839,CALIBRATION_TARGET_NOT_SOLVED_OUTCOME
REF_11000,Eastern Europe,Hydro,2027,11.11123185267877,0.1333973514423869,12.98414996758839,CALIBRATION_TARGET_NOT_SOLVED_OUTCOME
REF_11000,Eastern Europe,Hydro,2028,11.11123185267877,0.1333973514423869,12.98414996758839,CALIBRATION_TARGET_NOT_SOLVED_OUTCOME
REF_11000,Eastern Europe,Hydro,2029,11.11123185267877,0.1333973514423869,12.98414996758839,CALIBRATION_TARGET_NOT_SOLVED_OUTCOME
REF_11000,Eastern Europe,Hydro,2030,11.11123185267877,0.1333973514423869,12.98414996758839,CALIBRATION_TARGET_NOT_SOLVED_OUTCOME
REF_11000,Eastern Europe,Wind,2017,3.70974,0.033448909624628,1.0869999999999995,CALIBRATION_TARGET_NOT_SOLVED_OUTCOME
REF_11000,Eastern Europe,Wind,2018,3.81178,0.033448909624628,1.11689899022573,CALIBRATION_TARGET_NOT_SOLVED_OUTCOME
REF_11000,Eastern Europe,Wind,2019,4.47604,0.033448909624628,1.3115354391412872,CALIBRATION_TARGET_NOT_SOLVED_OUTCOME
REF_11000,Eastern Europe,Wind,2020,4.601280000000001,0.033448909624628,1.34823231816785,CALIBRATION_TARGET_NOT_SOLVED_OUTCOME
REF_11000,Eastern Europe,Wind,2021,4.98841,0.033448909624628,1.4616662272827745,CALIBRATION_TARGET_NOT_SOLVED_OUTCOME
REF_11000,Eastern Europe,Wind,2022,5.0795200000000005,0.033448909624628,1.488362591448457,CALIBRATION_TARGET_NOT_SOLVED_OUTCOME
REF_11000,Eastern Europe,Wind,2023,5.1193,0.033448909624628,1.500018626642298,CALIBRATION_TARGET_NOT_SOLVED_OUTCOME
REF_11000,Eastern Europe,Wind,2024,3.51285,0.033448909624628,1.0293087790519009,CALIBRATION_TARGET_NOT_SOLVED_OUTCOME
REF_11000,Eastern Europe,Wind,2025,5.08014790783218,0.033448909624628,1.488546576259678,CALIBRATION_TARGET_NOT_SOLVED_OUTCOME
REF_11000,Eastern Europe,Wind,2026,6.64744581566436,0.033448909624628,1.947784373467456,CALIBRATION_TARGET_NOT_SOLVED_OUTCOME
REF_11000,Eastern Europe,Wind,2027,8.214743723496541,0.033448909624628,2.407022170675233,CALIBRATION_TARGET_NOT_SOLVED_OUTCOME
REF_11000,Eastern Europe,Wind,2028,9.78204163132872,0.033448909624628,2.8662599678830096,CALIBRATION_TARGET_NOT_SOLVED_OUTCOME
REF_11000,Eastern Europe,Wind,2029,11.3493395391609,0.033448909624628,3.3254977650907875,CALIBRATION_TARGET_NOT_SOLVED_OUTCOME
REF_11000,Eastern Europe,Wind,2030,12.916637446993082,0.033448909624628,3.784735562298565,CALIBRATION_TARGET_NOT_SOLVED_OUTCOME
REF_11000,Eastern Europe,Solar,2017,2.6638,0.0356547672309376,0.832,CALIBRATION_TARGET_NOT_SOLVED_OUTCOME
REF_11000,Eastern Europe,Solar,2018,3.5532,0.0356547672309376,1.1097914257827164,CALIBRATION_TARGET_NOT_SOLVED_OUTCOME
REF_11000,Eastern Europe,Solar,2019,7.51649,0.0356547672309376,2.347668623770553,CALIBRATION_TARGET_NOT_SOLVED_OUTCOME
REF_11000,Eastern Europe,Solar,2020,8.909229999999999,0.0356547672309376,2.782671131466326,CALIBRATION_TARGET_NOT_SOLVED_OUTCOME
REF_11000,Eastern Europe,Solar,2021,9.67134,0.0356547672309376,3.0207053382386064,CALIBRATION_TARGET_NOT_SOLVED_OUTCOME
REF_11000,Eastern Europe,Solar,2022,10.31794,0.0356547672309376,3.222661641264359,CALIBRATION_TARGET_NOT_SOLVED_OUTCOME
REF_11000,Eastern Europe,Solar,2023,11.74426,0.0356547672309376,3.668152383812599,CALIBRATION_TARGET_NOT_SOLVED_OUTCOME
REF_11000,Eastern Europe,Solar,2024,11.16133,0.0356547672309376,3.486082498686087,CALIBRATION_TARGET_NOT_SOLVED_OUTCOME
REF_11000,Eastern Europe,Solar,2025,14.466995864211253,0.0356547672309376,4.518560161807854,CALIBRATION_TARGET_NOT_SOLVED_OUTCOME
REF_11000,Eastern Europe,Solar,2026,17.772661728422506,0.0356547672309376,5.551037824929621,CALIBRATION_TARGET_NOT_SOLVED_OUTCOME
REF_11000,Eastern Europe,Solar,2027,21.07832759263376,0.0356547672309376,6.583515488051389,CALIBRATION_TARGET_NOT_SOLVED_OUTCOME
REF_11000,Eastern Europe,Solar,2028,24.38399345684501,0.0356547672309376,7.615993151173154,CALIBRATION_TARGET_NOT_SOLVED_OUTCOME
REF_11000,Eastern Europe,Solar,2029,27.68965932105627,0.0356547672309376,8.648470814294923,CALIBRATION_TARGET_NOT_SOLVED_OUTCOME
REF_11000,Eastern Europe,Solar,2030,30.99532518526752,0.0356547672309376,9.68094847741669,CALIBRATION_TARGET_NOT_SOLVED_OUTCOME
REF_11000,Eastern Europe,Biomass,2017,0.2354544645551859,0.2075069911326018,0.428,CALIBRATION_TARGET_NOT_SOLVED_OUTCOME
REF_11000,Eastern Europe,Biomass,2018,0.2376543302417113,0.2075069911326018,0.431998830583279,CALIBRATION_TARGET_NOT_SOLVED_OUTCOME
REF_11000,Eastern Europe,Biomass,2019,0.2412917655779803,0.2075069911326018,0.4386108195589998,CALIBRATION_TARGET_NOT_SOLVED_OUTCOME
REF_11000,Eastern Europe,Biomass,2020,0.2472171088186238,0.2075069911326018,0.4493816788492938,CALIBRATION_TARGET_NOT_SOLVED_OUTCOME
REF_11000,Eastern Europe,Biomass,2021,0.2501109443419786,0.2075069911326018,0.4546419809053016,CALIBRATION_TARGET_NOT_SOLVED_OUTCOME
REF_11000,Eastern Europe,Biomass,2022,0.2510945356830837,0.2075069911326018,0.4564299151234455,CALIBRATION_TARGET_NOT_SOLVED_OUTCOME
REF_11000,Eastern Europe,Biomass,2023,0.2455592636585861,0.2075069911326018,0.4463681121716068,CALIBRATION_TARGET_NOT_SOLVED_OUTCOME
REF_11000,Eastern Europe,Biomass,2024,0.1921181473212316,0.2075069911326018,0.3492249221471646,CALIBRATION_TARGET_NOT_SOLVED_OUTCOME
REF_11000,Eastern Europe,Biomass,2025,0.1921181473212316,0.2075069911326018,0.3492249221471646,CALIBRATION_TARGET_NOT_SOLVED_OUTCOME
REF_11000,Eastern Europe,Biomass,2026,0.1921181473212316,0.2075069911326018,0.3492249221471646,CALIBRATION_TARGET_NOT_SOLVED_OUTCOME
REF_11000,Eastern Europe,Biomass,2027,0.1921181473212316,0.2075069911326018,0.3492249221471646,CALIBRATION_TARGET_NOT_SOLVED_OUTCOME
REF_11000,Eastern Europe,Biomass,2028,0.1921181473212316,0.2075069911326018,0.3492249221471646,CALIBRATION_TARGET_NOT_SOLVED_OUTCOME
REF_11000,Eastern Europe,Biomass,2029,0.1921181473212316,0.2075069911326018,0.3492249221471646,CALIBRATION_TARGET_NOT_SOLVED_OUTCOME
REF_11000,Eastern Europe,Biomass,2030,0.1921181473212316,0.2075069911326018,0.3492249221471646,CALIBRATION_TARGET_NOT_SOLVED_OUTCOME
REF_11000,Russia,Coal_Power,2017,36.27127438771274,0.55,174.75499999999997,CALIBRATION_TARGET_NOT_SOLVED_OUTCOME
REF_11000,Russia,Coal_Power,2018,36.27127438771274,0.55,174.75499999999997,CALIBRATION_TARGET_NOT_SOLVED_OUTCOME
REF_11000,Russia,Coal_Power,2019,36.27127438771274,0.55,174.75499999999997,CALIBRATION_TARGET_NOT_SOLVED_OUTCOME
REF_11000,Russia,Coal_Power,2020,36.27127438771274,0.55,174.75499999999997,CALIBRATION_TARGET_NOT_SOLVED_OUTCOME
REF_11000,Russia,Coal_Power,2021,36.27127438771274,0.55,174.75499999999997,CALIBRATION_TARGET_NOT_SOLVED_OUTCOME
REF_11000,Russia,Coal_Power,2022,36.27127438771274,0.55,174.75499999999997,CALIBRATION_TARGET_NOT_SOLVED_OUTCOME
REF_11000,Russia,Coal_Power,2023,36.27127438771274,0.55,174.75499999999997,CALIBRATION_TARGET_NOT_SOLVED_OUTCOME
REF_11000,Russia,Coal_Power,2024,36.27127438771274,0.55,174.75499999999997,CALIBRATION_TARGET_NOT_SOLVED_OUTCOME
REF_11000,Russia,Coal_Power,2025,36.27127438771274,0.55,174.75499999999997,CALIBRATION_TARGET_NOT_SOLVED_OUTCOME
REF_11000,Russia,Coal_Power,2026,36.27127438771274,0.55,174.75499999999997,CALIBRATION_TARGET_NOT_SOLVED_OUTCOME
REF_11000,Russia,Coal_Power,2027,36.27127438771274,0.55,174.75499999999997,CALIBRATION_TARGET_NOT_SOLVED_OUTCOME
REF_11000,Russia,Coal_Power,2028,36.27127438771274,0.55,174.75499999999997,CALIBRATION_TARGET_NOT_SOLVED_OUTCOME
REF_11000,Russia,Coal_Power,2029,36.27127438771274,0.55,174.75499999999997,CALIBRATION_TARGET_NOT_SOLVED_OUTCOME
REF_11000,Russia,Coal_Power,2030,36.27127438771274,0.55,174.75499999999997,CALIBRATION_TARGET_NOT_SOLVED_OUTCOME
REF_11000,Russia,Oil_Power,2017,3.1853881278538814,0.25,6.976,CALIBRATION_TARGET_NOT_SOLVED_OUTCOME
REF_11000,Russia,Oil_Power,2018,3.1853881278538814,0.25,6.976,CALIBRATION_TARGET_NOT_SOLVED_OUTCOME
REF_11000,Russia,Oil_Power,2019,3.1853881278538814,0.25,6.976,CALIBRATION_TARGET_NOT_SOLVED_OUTCOME
REF_11000,Russia,Oil_Power,2020,3.1853881278538814,0.25,6.976,CALIBRATION_TARGET_NOT_SOLVED_OUTCOME
REF_11000,Russia,Oil_Power,2021,3.1853881278538814,0.25,6.976,CALIBRATION_TARGET_NOT_SOLVED_OUTCOME
REF_11000,Russia,Oil_Power,2022,3.1853881278538814,0.25,6.976,CALIBRATION_TARGET_NOT_SOLVED_OUTCOME
REF_11000,Russia,Oil_Power,2023,3.1853881278538814,0.25,6.976,CALIBRATION_TARGET_NOT_SOLVED_OUTCOME
REF_11000,Russia,Oil_Power,2024,3.1853881278538814,0.25,6.976,CALIBRATION_TARGET_NOT_SOLVED_OUTCOME
REF_11000,Russia,Oil_Power,2025,3.1853881278538814,0.25,6.976,CALIBRATION_TARGET_NOT_SOLVED_OUTCOME
REF_11000,Russia,Oil_Power,2026,3.1853881278538814,0.25,6.976,CALIBRATION_TARGET_NOT_SOLVED_OUTCOME
REF_11000,Russia,Oil_Power,2027,3.1853881278538814,0.25,6.976,CALIBRATION_TARGET_NOT_SOLVED_OUTCOME
REF_11000,Russia,Oil_Power,2028,3.1853881278538814,0.25,6.976,CALIBRATION_TARGET_NOT_SOLVED_OUTCOME
REF_11000,Russia,Oil_Power,2029,3.1853881278538814,0.25,6.976,CALIBRATION_TARGET_NOT_SOLVED_OUTCOME
REF_11000,Russia,Oil_Power,2030,3.1853881278538814,0.25,6.976,CALIBRATION_TARGET_NOT_SOLVED_OUTCOME
REF_11000,Russia,Gas_Power,2017,131.52536783358698,0.45,518.473,CALIBRATION_TARGET_NOT_SOLVED_OUTCOME
REF_11000,Russia,Gas_Power,2018,131.52536783358698,0.45,518.473,CALIBRATION_TARGET_NOT_SOLVED_OUTCOME
REF_11000,Russia,Gas_Power,2019,131.52536783358698,0.45,518.473,CALIBRATION_TARGET_NOT_SOLVED_OUTCOME
REF_11000,Russia,Gas_Power,2020,131.52536783358698,0.45,518.473,CALIBRATION_TARGET_NOT_SOLVED_OUTCOME
REF_11000,Russia,Gas_Power,2021,131.52536783358698,0.45,518.473,CALIBRATION_TARGET_NOT_SOLVED_OUTCOME
REF_11000,Russia,Gas_Power,2022,131.52536783358698,0.45,518.473,CALIBRATION_TARGET_NOT_SOLVED_OUTCOME
REF_11000,Russia,Gas_Power,2023,131.52536783358698,0.45,518.473,CALIBRATION_TARGET_NOT_SOLVED_OUTCOME
REF_11000,Russia,Gas_Power,2024,131.52536783358698,0.45,518.473,CALIBRATION_TARGET_NOT_SOLVED_OUTCOME
REF_11000,Russia,Gas_Power,2025,131.52536783358698,0.45,518.473,CALIBRATION_TARGET_NOT_SOLVED_OUTCOME
REF_11000,Russia,Gas_Power,2026,131.52536783358698,0.45,518.473,CALIBRATION_TARGET_NOT_SOLVED_OUTCOME
REF_11000,Russia,Gas_Power,2027,131.52536783358698,0.45,518.473,CALIBRATION_TARGET_NOT_SOLVED_OUTCOME
REF_11000,Russia,Gas_Power,2028,131.52536783358698,0.45,518.473,CALIBRATION_TARGET_NOT_SOLVED_OUTCOME
REF_11000,Russia,Gas_Power,2029,131.52536783358698,0.45,518.473,CALIBRATION_TARGET_NOT_SOLVED_OUTCOME
REF_11000,Russia,Gas_Power,2030,131.52536783358698,0.45,518.473,CALIBRATION_TARGET_NOT_SOLVED_OUTCOME
REF_11000,Russia,Nuclear,2017,28.987300228310502,0.7999999999999999,203.143,CALIBRATION_TARGET_NOT_SOLVED_OUTCOME
REF_11000,Russia,Nuclear,2018,28.987300228310502,0.7999999999999999,203.143,CALIBRATION_TARGET_NOT_SOLVED_OUTCOME
REF_11000,Russia,Nuclear,2019,28.987300228310502,0.7999999999999999,203.143,CALIBRATION_TARGET_NOT_SOLVED_OUTCOME
REF_11000,Russia,Nuclear,2020,28.987300228310502,0.7999999999999999,203.143,CALIBRATION_TARGET_NOT_SOLVED_OUTCOME
REF_11000,Russia,Nuclear,2021,28.987300228310502,0.7999999999999999,203.143,CALIBRATION_TARGET_NOT_SOLVED_OUTCOME
REF_11000,Russia,Nuclear,2022,28.987300228310502,0.7999999999999999,203.143,CALIBRATION_TARGET_NOT_SOLVED_OUTCOME
REF_11000,Russia,Nuclear,2023,28.987300228310502,0.7999999999999999,203.143,CALIBRATION_TARGET_NOT_SOLVED_OUTCOME
REF_11000,Russia,Nuclear,2024,28.987300228310502,0.7999999999999999,203.143,CALIBRATION_TARGET_NOT_SOLVED_OUTCOME
REF_11000,Russia,Nuclear,2025,28.987300228310502,0.7999999999999999,203.143,CALIBRATION_TARGET_NOT_SOLVED_OUTCOME
REF_11000,Russia,Nuclear,2026,28.987300228310502,0.7999999999999999,203.143,CALIBRATION_TARGET_NOT_SOLVED_OUTCOME
REF_11000,Russia,Nuclear,2027,28.987300228310502,0.7999999999999999,203.143,CALIBRATION_TARGET_NOT_SOLVED_OUTCOME
REF_11000,Russia,Nuclear,2028,28.987300228310502,0.7999999999999999,203.143,CALIBRATION_TARGET_NOT_SOLVED_OUTCOME
REF_11000,Russia,Nuclear,2029,28.987300228310502,0.7999999999999999,203.143,CALIBRATION_TARGET_NOT_SOLVED_OUTCOME
REF_11000,Russia,Nuclear,2030,28.987300228310502,0.7999999999999999,203.143,CALIBRATION_TARGET_NOT_SOLVED_OUTCOME
REF_11000,Russia,Hydro,2017,49.67955704086635,0.4299955066788843,187.131,CALIBRATION_TARGET_NOT_SOLVED_OUTCOME
REF_11000,Russia,Hydro,2018,49.77468190924441,0.4299955066788843,187.4893126099496,CALIBRATION_TARGET_NOT_SOLVED_OUTCOME
REF_11000,Russia,Hydro,2019,50.61138439735304,0.4299955066788843,190.6409706082981,CALIBRATION_TARGET_NOT_SOLVED_OUTCOME
REF_11000,Russia,Hydro,2020,50.71047280191352,0.4299955066788843,191.01421291032895,CALIBRATION_TARGET_NOT_SOLVED_OUTCOME
REF_11000,Russia,Hydro,2021,50.96612088567954,0.4299955066788843,191.97717804956852,CALIBRATION_TARGET_NOT_SOLVED_OUTCOME
REF_11000,Russia,Hydro,2022,51.24257753440326,0.4299955066788843,193.01852407223464,CALIBRATION_TARGET_NOT_SOLVED_OUTCOME
REF_11000,Russia,Hydro,2023,53.95759981936023,0.4299955066788843,203.24536314788,CALIBRATION_TARGET_NOT_SOLVED_OUTCOME
REF_11000,Russia,Hydro,2024,51.46443647221417,0.4299955066788843,193.85421358648176,CALIBRATION_TARGET_NOT_SOLVED_OUTCOME
REF_11000,Russia,Hydro,2025,51.6382136216207,0.4299955066788843,194.50879051273824,CALIBRATION_TARGET_NOT_SOLVED_OUTCOME
REF_11000,Russia,Hydro,2026,51.81199077102723,0.4299955066788843,195.16336743899475,CALIBRATION_TARGET_NOT_SOLVED_OUTCOME
REF_11000,Russia,Hydro,2027,51.985767920433766,0.4299955066788843,195.8179443652512,CALIBRATION_TARGET_NOT_SOLVED_OUTCOME
REF_11000,Russia,Hydro,2028,52.1595450698403,0.4299955066788843,196.4725212915077,CALIBRATION_TARGET_NOT_SOLVED_OUTCOME
REF_11000,Russia,Hydro,2029,52.33332221924683,0.4299955066788843,197.12709821776417,CALIBRATION_TARGET_NOT_SOLVED_OUTCOME
REF_11000,Russia,Hydro,2030,52.50709936865336,0.4299955066788843,197.78167514402065,CALIBRATION_TARGET_NOT_SOLVED_OUTCOME
REF_11000,Russia,Wind,2017,0.1407,0.1135873145687089,0.1399999999999999,CALIBRATION_TARGET_NOT_SOLVED_OUTCOME
REF_11000,Russia,Wind,2018,0.1961999999999999,0.1135873145687089,0.1952238805970148,CALIBRATION_TARGET_NOT_SOLVED_OUTCOME
REF_11000,Russia,Wind,2019,0.1971,0.1135873145687089,0.1961194029850746,CALIBRATION_TARGET_NOT_SOLVED_OUTCOME
REF_11000,Russia,Wind,2020,1.0405,0.1135873145687089,1.0353233830845772,CALIBRATION_TARGET_NOT_SOLVED_OUTCOME
REF_11000,Russia,Wind,2021,2.0495,0.1135873145687089,2.039303482587065,CALIBRATION_TARGET_NOT_SOLVED_OUTCOME
REF_11000,Russia,Wind,2022,2.2804,0.1135873145687089,2.2690547263681595,CALIBRATION_TARGET_NOT_SOLVED_OUTCOME
REF_11000,Russia,Wind,2023,2.5324,0.1135873145687089,2.519800995024876,CALIBRATION_TARGET_NOT_SOLVED_OUTCOME
REF_11000,Russia,Wind,2024,2.5667,0.1135873145687089,2.5539303482587066,CALIBRATION_TARGET_NOT_SOLVED_OUTCOME
REF_11000,Russia,Wind,2025,3.71186234397508,0.1135873145687089,3.693395367139383,CALIBRATION_TARGET_NOT_SOLVED_OUTCOME
REF_11000,Russia,Wind,2026,4.857024687950158,0.1135873145687089,4.832860386020058,CALIBRATION_TARGET_NOT_SOLVED_OUTCOME
REF_11000,Russia,Wind,2027,6.002187031925239,0.1135873145687089,5.972325404900736,CALIBRATION_TARGET_NOT_SOLVED_OUTCOME
REF_11000,Russia,Wind,2028,7.147349375900317,0.1135873145687089,7.111790423781411,CALIBRATION_TARGET_NOT_SOLVED_OUTCOME
REF_11000,Russia,Wind,2029,8.292511719875398,0.1135873145687089,8.251255442662089,CALIBRATION_TARGET_NOT_SOLVED_OUTCOME
REF_11000,Russia,Wind,2030,9.437674063850476,0.1135873145687089,9.390720461542765,CALIBRATION_TARGET_NOT_SOLVED_OUTCOME
REF_11000,Russia,Solar,2017,0.5378,0.1184429716195357,0.558,CALIBRATION_TARGET_NOT_SOLVED_OUTCOME
REF_11000,Russia,Solar,2018,0.8279,0.1184429716195357,0.8589962811454073,CALIBRATION_TARGET_NOT_SOLVED_OUTCOME
REF_11000,Russia,Solar,2019,1.42501,0.1184429716195357,1.4785339903309784,CALIBRATION_TARGET_NOT_SOLVED_OUTCOME
REF_11000,Russia,Solar,2020,1.77421,0.1184429716195357,1.8408500929713647,CALIBRATION_TARGET_NOT_SOLVED_OUTCOME
REF_11000,Russia,Solar,2021,1.98841,0.1184429716195357,2.063095537374489,CALIBRATION_TARGET_NOT_SOLVED_OUTCOME
REF_11000,Russia,Solar,2022,2.14821,0.1184429716195357,2.228897694310153,CALIBRATION_TARGET_NOT_SOLVED_OUTCOME
REF_11000,Russia,Solar,2023,1.89905,0.1184429716195357,1.9703791372257349,CALIBRATION_TARGET_NOT_SOLVED_OUTCOME
REF_11000,Russia,Solar,2024,2.26181,0.1184429716195357,2.346764559315732,CALIBRATION_TARGET_NOT_SOLVED_OUTCOME
REF_11000,Russia,Solar,2025,2.9316932583869177,0.1184429716195357,3.0418089218666795,CALIBRATION_TARGET_NOT_SOLVED_OUTCOME
REF_11000,Russia,Solar,2026,3.6015765167738354,0.1184429716195357,3.736853284417629,CALIBRATION_TARGET_NOT_SOLVED_OUTCOME
REF_11000,Russia,Solar,2027,4.2714597751607535,0.1184429716195357,4.431897646968577,CALIBRATION_TARGET_NOT_SOLVED_OUTCOME
REF_11000,Russia,Solar,2028,4.941343033547671,0.1184429716195357,5.126942009519526,CALIBRATION_TARGET_NOT_SOLVED_OUTCOME
REF_11000,Russia,Solar,2029,5.611226291934589,0.1184429716195357,5.821986372070474,CALIBRATION_TARGET_NOT_SOLVED_OUTCOME
REF_11000,Russia,Solar,2030,6.281109550321506,0.1184429716195357,6.517030734621423,CALIBRATION_TARGET_NOT_SOLVED_OUTCOME
REF_11000,Russia,Biomass,2017,0.45704295913365,0.6688818992782724,2.6780000000000004,CALIBRATION_TARGET_NOT_SOLVED_OUTCOME
REF_11000,Russia,Biomass,2018,0.4579180907555955,0.6688818992782724,2.683127750984311,CALIBRATION_TARGET_NOT_SOLVED_OUTCOME
REF_11000,Russia,Biomass,2019,0.4656156026469573,0.6688818992782724,2.7282305940171447,CALIBRATION_TARGET_NOT_SOLVED_OUTCOME
REF_11000,Russia,Biomass,2020,0.4665271980864838,0.6688818992782724,2.733572001292469,CALIBRATION_TARGET_NOT_SOLVED_OUTCOME
REF_11000,Russia,Biomass,2021,0.4688791143204622,0.6688818992782724,2.747352832062804,CALIBRATION_TARGET_NOT_SOLVED_OUTCOME
REF_11000,Russia,Biomass,2022,0.4714224655967412,0.6688818992782724,2.762255358360958,CALIBRATION_TARGET_NOT_SOLVED_OUTCOME
REF_11000,Russia,Biomass,2023,0.4964001806397676,0.6688818992782724,2.90860991770483,CALIBRATION_TARGET_NOT_SOLVED_OUTCOME
REF_11000,Russia,Biomass,2024,0.4734635277858411,0.6688818992782724,2.7742147692504084,CALIBRATION_TARGET_NOT_SOLVED_OUTCOME
REF_11000,Russia,Biomass,2025,0.4750622461989147,0.6688818992782724,2.783582308613287,CALIBRATION_TARGET_NOT_SOLVED_OUTCOME
REF_11000,Russia,Biomass,2026,0.4766609646119883,0.6688818992782724,2.7929498479761654,CALIBRATION_TARGET_NOT_SOLVED_OUTCOME
REF_11000,Russia,Biomass,2027,0.4782596830250619,0.6688818992782724,2.802317387339045,CALIBRATION_TARGET_NOT_SOLVED_OUTCOME
REF_11000,Russia,Biomass,2028,0.4798584014381354,0.6688818992782724,2.8116849267019237,CALIBRATION_TARGET_NOT_SOLVED_OUTCOME
REF_11000,Russia,Biomass,2029,0.481457119851209,0.6688818992782724,2.8210524660648018,CALIBRATION_TARGET_NOT_SOLVED_OUTCOME
REF_11000,Russia,Biomass,2030,0.4830558382642826,0.6688818992782724,2.8304200054276807,CALIBRATION_TARGET_NOT_SOLVED_OUTCOME
REF_11000,North Africa,Coal_Power,2017,3.641552511415525,0.55,17.545,CALIBRATION_TARGET_NOT_SOLVED_OUTCOME
REF_11000,North Africa,Coal_Power,2018,3.641552511415525,0.55,17.545,CALIBRATION_TARGET_NOT_SOLVED_OUTCOME
REF_11000,North Africa,Coal_Power,2019,3.641552511415525,0.55,17.545,CALIBRATION_TARGET_NOT_SOLVED_OUTCOME
REF_11000,North Africa,Coal_Power,2020,3.641552511415525,0.55,17.545,CALIBRATION_TARGET_NOT_SOLVED_OUTCOME
REF_11000,North Africa,Coal_Power,2021,3.641552511415525,0.55,17.545,CALIBRATION_TARGET_NOT_SOLVED_OUTCOME
REF_11000,North Africa,Coal_Power,2022,3.641552511415525,0.55,17.545,CALIBRATION_TARGET_NOT_SOLVED_OUTCOME
REF_11000,North Africa,Coal_Power,2023,3.641552511415525,0.55,17.545,CALIBRATION_TARGET_NOT_SOLVED_OUTCOME
REF_11000,North Africa,Coal_Power,2024,3.641552511415525,0.55,17.545,CALIBRATION_TARGET_NOT_SOLVED_OUTCOME
REF_11000,North Africa,Coal_Power,2025,3.641552511415525,0.55,17.545,CALIBRATION_TARGET_NOT_SOLVED_OUTCOME
REF_11000,North Africa,Coal_Power,2026,3.641552511415525,0.55,17.545,CALIBRATION_TARGET_NOT_SOLVED_OUTCOME
REF_11000,North Africa,Coal_Power,2027,3.641552511415525,0.55,17.545,CALIBRATION_TARGET_NOT_SOLVED_OUTCOME
REF_11000,North Africa,Coal_Power,2028,3.641552511415525,0.55,17.545,CALIBRATION_TARGET_NOT_SOLVED_OUTCOME
REF_11000,North Africa,Coal_Power,2029,3.641552511415525,0.55,17.545,CALIBRATION_TARGET_NOT_SOLVED_OUTCOME
REF_11000,North Africa,Coal_Power,2030,3.641552511415525,0.55,17.545,CALIBRATION_TARGET_NOT_SOLVED_OUTCOME
REF_11000,North Africa,Oil_Power,2017,16.575799086757993,0.25,36.301,CALIBRATION_TARGET_NOT_SOLVED_OUTCOME
REF_11000,North Africa,Oil_Power,2018,16.575799086757993,0.25,36.301,CALIBRATION_TARGET_NOT_SOLVED_OUTCOME
REF_11000,North Africa,Oil_Power,2019,16.575799086757993,0.25,36.301,CALIBRATION_TARGET_NOT_SOLVED_OUTCOME
REF_11000,North Africa,Oil_Power,2020,16.575799086757993,0.25,36.301,CALIBRATION_TARGET_NOT_SOLVED_OUTCOME
REF_11000,North Africa,Oil_Power,2021,16.575799086757993,0.25,36.301,CALIBRATION_TARGET_NOT_SOLVED_OUTCOME
REF_11000,North Africa,Oil_Power,2022,16.575799086757993,0.25,36.301,CALIBRATION_TARGET_NOT_SOLVED_OUTCOME
REF_11000,North Africa,Oil_Power,2023,16.575799086757993,0.25,36.301,CALIBRATION_TARGET_NOT_SOLVED_OUTCOME
REF_11000,North Africa,Oil_Power,2024,16.575799086757993,0.25,36.301,CALIBRATION_TARGET_NOT_SOLVED_OUTCOME
REF_11000,North Africa,Oil_Power,2025,16.575799086757993,0.25,36.301,CALIBRATION_TARGET_NOT_SOLVED_OUTCOME
REF_11000,North Africa,Oil_Power,2026,16.575799086757993,0.25,36.301,CALIBRATION_TARGET_NOT_SOLVED_OUTCOME
REF_11000,North Africa,Oil_Power,2027,16.575799086757993,0.25,36.301,CALIBRATION_TARGET_NOT_SOLVED_OUTCOME
REF_11000,North Africa,Oil_Power,2028,16.575799086757993,0.25,36.301,CALIBRATION_TARGET_NOT_SOLVED_OUTCOME
REF_11000,North Africa,Oil_Power,2029,16.575799086757993,0.25,36.301,CALIBRATION_TARGET_NOT_SOLVED_OUTCOME
REF_11000,North Africa,Oil_Power,2030,16.575799086757993,0.25,36.301,CALIBRATION_TARGET_NOT_SOLVED_OUTCOME
REF_11000,North Africa,Gas_Power,2017,66.6392694063927,0.45,262.692,CALIBRATION_TARGET_NOT_SOLVED_OUTCOME
REF_11000,North Africa,Gas_Power,2018,66.6392694063927,0.45,262.692,CALIBRATION_TARGET_NOT_SOLVED_OUTCOME
REF_11000,North Africa,Gas_Power,2019,66.6392694063927,0.45,262.692,CALIBRATION_TARGET_NOT_SOLVED_OUTCOME
REF_11000,North Africa,Gas_Power,2020,66.6392694063927,0.45,262.692,CALIBRATION_TARGET_NOT_SOLVED_OUTCOME
REF_11000,North Africa,Gas_Power,2021,66.6392694063927,0.45,262.692,CALIBRATION_TARGET_NOT_SOLVED_OUTCOME
REF_11000,North Africa,Gas_Power,2022,66.6392694063927,0.45,262.692,CALIBRATION_TARGET_NOT_SOLVED_OUTCOME
REF_11000,North Africa,Gas_Power,2023,66.6392694063927,0.45,262.692,CALIBRATION_TARGET_NOT_SOLVED_OUTCOME
REF_11000,North Africa,Gas_Power,2024,66.6392694063927,0.45,262.692,CALIBRATION_TARGET_NOT_SOLVED_OUTCOME
REF_11000,North Africa,Gas_Power,2025,66.6392694063927,0.45,262.692,CALIBRATION_TARGET_NOT_SOLVED_OUTCOME
REF_11000,North Africa,Gas_Power,2026,66.6392694063927,0.45,262.692,CALIBRATION_TARGET_NOT_SOLVED_OUTCOME
REF_11000,North Africa,Gas_Power,2027,66.6392694063927,0.45,262.692,CALIBRATION_TARGET_NOT_SOLVED_OUTCOME
REF_11000,North Africa,Gas_Power,2028,66.6392694063927,0.45,262.692,CALIBRATION_TARGET_NOT_SOLVED_OUTCOME
REF_11000,North Africa,Gas_Power,2029,66.6392694063927,0.45,262.692,CALIBRATION_TARGET_NOT_SOLVED_OUTCOME
REF_11000,North Africa,Gas_Power,2030,66.6392694063927,0.45,262.692,CALIBRATION_TARGET_NOT_SOLVED_OUTCOME
REF_11000,North Africa,Nuclear,2017,0.0,0.8,0.0,CALIBRATION_TARGET_NOT_SOLVED_OUTCOME
REF_11000,North Africa,Nuclear,2018,0.0,0.8,0.0,CALIBRATION_TARGET_NOT_SOLVED_OUTCOME
REF_11000,North Africa,Nuclear,2019,0.0,0.8,0.0,CALIBRATION_TARGET_NOT_SOLVED_OUTCOME
REF_11000,North Africa,Nuclear,2020,0.0,0.8,0.0,CALIBRATION_TARGET_NOT_SOLVED_OUTCOME
REF_11000,North Africa,Nuclear,2021,0.0,0.8,0.0,CALIBRATION_TARGET_NOT_SOLVED_OUTCOME
REF_11000,North Africa,Nuclear,2022,0.0,0.8,0.0,CALIBRATION_TARGET_NOT_SOLVED_OUTCOME
REF_11000,North Africa,Nuclear,2023,0.0,0.8,0.0,CALIBRATION_TARGET_NOT_SOLVED_OUTCOME
REF_11000,North Africa,Nuclear,2024,0.0,0.8,0.0,CALIBRATION_TARGET_NOT_SOLVED_OUTCOME
REF_11000,North Africa,Nuclear,2025,0.0,0.8,0.0,CALIBRATION_TARGET_NOT_SOLVED_OUTCOME
REF_11000,North Africa,Nuclear,2026,0.0,0.8,0.0,CALIBRATION_TARGET_NOT_SOLVED_OUTCOME
REF_11000,North Africa,Nuclear,2027,0.0,0.8,0.0,CALIBRATION_TARGET_NOT_SOLVED_OUTCOME
REF_11000,North Africa,Nuclear,2028,0.0,0.8,0.0,CALIBRATION_TARGET_NOT_SOLVED_OUTCOME
REF_11000,North Africa,Nuclear,2029,0.0,0.8,0.0,CALIBRATION_TARGET_NOT_SOLVED_OUTCOME
REF_11000,North Africa,Nuclear,2030,0.0,0.8,0.0,CALIBRATION_TARGET_NOT_SOLVED_OUTCOME
REF_11000,North Africa,Hydro,2017,4.46993,0.3664006792338703,14.347,CALIBRATION_TARGET_NOT_SOLVED_OUTCOME
REF_11000,North Africa,Hydro,2018,4.505930000000001,0.3664006792338703,14.462548118203197,CALIBRATION_TARGET_NOT_SOLVED_OUTCOME
REF_11000,North Africa,Hydro,2019,4.517429999999999,0.3664006792338703,14.499459322629212,CALIBRATION_TARGET_NOT_SOLVED_OUTCOME
REF_11000,North Africa,Hydro,2020,4.49803,0.3664006792338703,14.437191725597494,CALIBRATION_TARGET_NOT_SOLVED_OUTCOME
REF_11000,North Africa,Hydro,2021,4.46283,0.3664006792338703,14.32421134335437,CALIBRATION_TARGET_NOT_SOLVED_OUTCOME
REF_11000,North Africa,Hydro,2022,4.46283,0.3664006792338703,14.32421134335437,CALIBRATION_TARGET_NOT_SOLVED_OUTCOME
REF_11000,North Africa,Hydro,2023,4.470829999999999,0.3664006792338703,14.34988870295508,CALIBRATION_TARGET_NOT_SOLVED_OUTCOME
REF_11000,North Africa,Hydro,2024,4.470829999999999,0.3664006792338703,14.34988870295508,CALIBRATION_TARGET_NOT_SOLVED_OUTCOME
REF_11000,North Africa,Hydro,2025,4.470829999999999,0.3664006792338703,14.34988870295508,CALIBRATION_TARGET_NOT_SOLVED_OUTCOME
REF_11000,North Africa,Hydro,2026,4.470829999999999,0.3664006792338703,14.34988870295508,CALIBRATION_TARGET_NOT_SOLVED_OUTCOME
REF_11000,North Africa,Hydro,2027,4.470829999999999,0.3664006792338703,14.34988870295508,CALIBRATION_TARGET_NOT_SOLVED_OUTCOME
REF_11000,North Africa,Hydro,2028,4.470829999999999,0.3664006792338703,14.34988870295508,CALIBRATION_TARGET_NOT_SOLVED_OUTCOME
REF_11000,North Africa,Hydro,2029,4.470829999999999,0.3664006792338703,14.34988870295508,CALIBRATION_TARGET_NOT_SOLVED_OUTCOME
REF_11000,North Africa,Hydro,2030,4.470829999999999,0.3664006792338703,14.34988870295508,CALIBRATION_TARGET_NOT_SOLVED_OUTCOME
REF_11000,North Africa,Wind,2017,2.0272,0.3027884695087449,5.376999999999999,CALIBRATION_TARGET_NOT_SOLVED_OUTCOME
REF_11000,North Africa,Wind,2018,2.61,0.3027884695087449,6.92283445146014,CALIBRATION_TARGET_NOT_SOLVED_OUTCOME
REF_11000,North Africa,Wind,2019,2.612,0.3027884695087449,6.928139305445934,CALIBRATION_TARGET_NOT_SOLVED_OUTCOME
REF_11000,North Africa,Wind,2020,3.07,0.3027884695087449,8.142950868192578,CALIBRATION_TARGET_NOT_SOLVED_OUTCOME
REF_11000,North Africa,Wind,2021,3.366,0.3027884695087449,8.928069258089975,CALIBRATION_TARGET_NOT_SOLVED_OUTCOME
REF_11000,North Africa,Wind,2022,3.4555,0.3027884695087449,9.16546147395422,CALIBRATION_TARGET_NOT_SOLVED_OUTCOME
REF_11000,North Africa,Wind,2023,4.221,0.3027884695087449,11.195894337016572,CALIBRATION_TARGET_NOT_SOLVED_OUTCOME
REF_11000,North Africa,Wind,2024,4.849,0.3027884695087449,12.86161848855564,CALIBRATION_TARGET_NOT_SOLVED_OUTCOME
REF_11000,North Africa,Wind,2025,7.012436399242279,0.3027884695087449,18.599975591320906,CALIBRATION_TARGET_NOT_SOLVED_OUTCOME
REF_11000,North Africa,Wind,2026,9.17587279848456,0.3027884695087449,24.33833269408616,CALIBRATION_TARGET_NOT_SOLVED_OUTCOME
REF_11000,North Africa,Wind,2027,11.33930919772684,0.3027884695087449,30.076689796851426,CALIBRATION_TARGET_NOT_SOLVED_OUTCOME
REF_11000,North Africa,Wind,2028,13.50274559696912,0.3027884695087449,35.815046899616675,CALIBRATION_TARGET_NOT_SOLVED_OUTCOME
REF_11000,North Africa,Wind,2029,15.666181996211398,0.3027884695087449,41.55340400238194,CALIBRATION_TARGET_NOT_SOLVED_OUTCOME
REF_11000,North Africa,Wind,2030,17.82961839545368,0.3027884695087449,47.2917611051472,CALIBRATION_TARGET_NOT_SOLVED_OUTCOME
REF_11000,North Africa,Solar,2017,0.79084,0.1613797617422686,1.118,CALIBRATION_TARGET_NOT_SOLVED_OUTCOME
REF_11000,North Africa,Solar,2018,1.93371,0.1613797617422686,2.733660133528906,CALIBRATION_TARGET_NOT_SOLVED_OUTCOME
REF_11000,North Africa,Solar,2019,2.83304,0.1613797617422686,4.005031005007334,CALIBRATION_TARGET_NOT_SOLVED_OUTCOME
REF_11000,North Africa,Solar,2020,2.88534,0.1613797617422686,4.078966820090031,CALIBRATION_TARGET_NOT_SOLVED_OUTCOME
REF_11000,North Africa,Solar,2021,2.9860900000000004,0.1613797617422686,4.221395756410906,CALIBRATION_TARGET_NOT_SOLVED_OUTCOME
REF_11000,North Africa,Solar,2022,3.1985900000000003,0.1613797617422686,4.5218041828941375,CALIBRATION_TARGET_NOT_SOLVED_OUTCOME
REF_11000,North Africa,Solar,2023,3.65233,0.1613797617422686,5.163250391988266,CALIBRATION_TARGET_NOT_SOLVED_OUTCOME
REF_11000,North Africa,Solar,2024,4.75033,0.1613797617422686,6.7154784027110415,CALIBRATION_TARGET_NOT_SOLVED_OUTCOME
REF_11000,North Africa,Solar,2025,6.157241517241999,0.1613797617422686,8.704410520808958,CALIBRATION_TARGET_NOT_SOLVED_OUTCOME
REF_11000,North Africa,Solar,2026,7.564153034483999,0.1613797617422686,10.693342638906872,CALIBRATION_TARGET_NOT_SOLVED_OUTCOME
REF_11000,North Africa,Solar,2027,8.971064551725998,0.1613797617422686,12.682274757004787,CALIBRATION_TARGET_NOT_SOLVED_OUTCOME
REF_11000,North Africa,Solar,2028,10.377976068967998,0.1613797617422686,14.671206875102705,CALIBRATION_TARGET_NOT_SOLVED_OUTCOME
REF_11000,North Africa,Solar,2029,11.784887586209996,0.1613797617422686,16.66013899320062,CALIBRATION_TARGET_NOT_SOLVED_OUTCOME
REF_11000,North Africa,Solar,2030,13.191799103451997,0.1613797617422686,18.649071111298536,CALIBRATION_TARGET_NOT_SOLVED_OUTCOME
REF_11000,North Africa,Biomass,2017,0.0,0.7,0.0,CALIBRATION_TARGET_NOT_SOLVED_OUTCOME
REF_11000,North Africa,Biomass,2018,0.0,0.7,0.0,CALIBRATION_TARGET_NOT_SOLVED_OUTCOME
REF_11000,North Africa,Biomass,2019,0.0,0.7,0.0,CALIBRATION_TARGET_NOT_SOLVED_OUTCOME
REF_11000,North Africa,Biomass,2020,0.0,0.7,0.0,CALIBRATION_TARGET_NOT_SOLVED_OUTCOME
REF_11000,North Africa,Biomass,2021,0.0,0.7,0.0,CALIBRATION_TARGET_NOT_SOLVED_OUTCOME
REF_11000,North Africa,Biomass,2022,0.0,0.7,0.0,CALIBRATION_TARGET_NOT_SOLVED_OUTCOME
REF_11000,North Africa,Biomass,2023,0.0,0.7,0.0,CALIBRATION_TARGET_NOT_SOLVED_OUTCOME
REF_11000,North Africa,Biomass,2024,0.0,0.7,0.0,CALIBRATION_TARGET_NOT_SOLVED_OUTCOME
REF_11000,North Africa,Biomass,2025,0.0,0.7,0.0,CALIBRATION_TARGET_NOT_SOLVED_OUTCOME
REF_11000,North Africa,Biomass,2026,0.0,0.7,0.0,CALIBRATION_TARGET_NOT_SOLVED_OUTCOME
REF_11000,North Africa,Biomass,2027,0.0,0.7,0.0,CALIBRATION_TARGET_NOT_SOLVED_OUTCOME
REF_11000,North Africa,Biomass,2028,0.0,0.7,0.0,CALIBRATION_TARGET_NOT_SOLVED_OUTCOME
REF_11000,North Africa,Biomass,2029,0.0,0.7,0.0,CALIBRATION_TARGET_NOT_SOLVED_OUTCOME
REF_11000,North Africa,Biomass,2030,0.0,0.7,0.0,CALIBRATION_TARGET_NOT_SOLVED_OUTCOME
REF_11000,Sub Saharan,Coal_Power,2017,2.102739726027397,0.55,10.131,CALIBRATION_TARGET_NOT_SOLVED_OUTCOME
REF_11000,Sub Saharan,Coal_Power,2018,2.102739726027397,0.55,10.131,CALIBRATION_TARGET_NOT_SOLVED_OUTCOME
REF_11000,Sub Saharan,Coal_Power,2019,2.102739726027397,0.55,10.131,CALIBRATION_TARGET_NOT_SOLVED_OUTCOME
REF_11000,Sub Saharan,Coal_Power,2020,2.102739726027397,0.55,10.131,CALIBRATION_TARGET_NOT_SOLVED_OUTCOME
REF_11000,Sub Saharan,Coal_Power,2021,2.102739726027397,0.55,10.131,CALIBRATION_TARGET_NOT_SOLVED_OUTCOME
REF_11000,Sub Saharan,Coal_Power,2022,2.102739726027397,0.55,10.131,CALIBRATION_TARGET_NOT_SOLVED_OUTCOME
REF_11000,Sub Saharan,Coal_Power,2023,2.102739726027397,0.55,10.131,CALIBRATION_TARGET_NOT_SOLVED_OUTCOME
REF_11000,Sub Saharan,Coal_Power,2024,2.102739726027397,0.55,10.131,CALIBRATION_TARGET_NOT_SOLVED_OUTCOME
REF_11000,Sub Saharan,Coal_Power,2025,2.102739726027397,0.55,10.131,CALIBRATION_TARGET_NOT_SOLVED_OUTCOME
REF_11000,Sub Saharan,Coal_Power,2026,2.102739726027397,0.55,10.131,CALIBRATION_TARGET_NOT_SOLVED_OUTCOME
REF_11000,Sub Saharan,Coal_Power,2027,2.102739726027397,0.55,10.131,CALIBRATION_TARGET_NOT_SOLVED_OUTCOME
REF_11000,Sub Saharan,Coal_Power,2028,2.102739726027397,0.55,10.131,CALIBRATION_TARGET_NOT_SOLVED_OUTCOME
REF_11000,Sub Saharan,Coal_Power,2029,2.102739726027397,0.55,10.131,CALIBRATION_TARGET_NOT_SOLVED_OUTCOME
REF_11000,Sub Saharan,Coal_Power,2030,2.102739726027397,0.55,10.131,CALIBRATION_TARGET_NOT_SOLVED_OUTCOME
REF_11000,Sub Saharan,Oil_Power,2017,12.732876712328768,0.25,27.885,CALIBRATION_TARGET_NOT_SOLVED_OUTCOME
REF_11000,Sub Saharan,Oil_Power,2018,12.732876712328768,0.25,27.885,CALIBRATION_TARGET_NOT_SOLVED_OUTCOME
REF_11000,Sub Saharan,Oil_Power,2019,12.732876712328768,0.25,27.885,CALIBRATION_TARGET_NOT_SOLVED_OUTCOME
REF_11000,Sub Saharan,Oil_Power,2020,12.732876712328768,0.25,27.885,CALIBRATION_TARGET_NOT_SOLVED_OUTCOME
REF_11000,Sub Saharan,Oil_Power,2021,12.732876712328768,0.25,27.885,CALIBRATION_TARGET_NOT_SOLVED_OUTCOME
REF_11000,Sub Saharan,Oil_Power,2022,12.732876712328768,0.25,27.885,CALIBRATION_TARGET_NOT_SOLVED_OUTCOME
REF_11000,Sub Saharan,Oil_Power,2023,12.732876712328768,0.25,27.885,CALIBRATION_TARGET_NOT_SOLVED_OUTCOME
REF_11000,Sub Saharan,Oil_Power,2024,12.732876712328768,0.25,27.885,CALIBRATION_TARGET_NOT_SOLVED_OUTCOME
REF_11000,Sub Saharan,Oil_Power,2025,12.732876712328768,0.25,27.885,CALIBRATION_TARGET_NOT_SOLVED_OUTCOME
REF_11000,Sub Saharan,Oil_Power,2026,12.732876712328768,0.25,27.885,CALIBRATION_TARGET_NOT_SOLVED_OUTCOME
REF_11000,Sub Saharan,Oil_Power,2027,12.732876712328768,0.25,27.885,CALIBRATION_TARGET_NOT_SOLVED_OUTCOME
REF_11000,Sub Saharan,Oil_Power,2028,12.732876712328768,0.25,27.885,CALIBRATION_TARGET_NOT_SOLVED_OUTCOME
REF_11000,Sub Saharan,Oil_Power,2029,12.732876712328768,0.25,27.885,CALIBRATION_TARGET_NOT_SOLVED_OUTCOME
REF_11000,Sub Saharan,Oil_Power,2030,12.732876712328768,0.25,27.885,CALIBRATION_TARGET_NOT_SOLVED_OUTCOME
REF_11000,Sub Saharan,Gas_Power,2017,12.366818873668189,0.45,48.75,CALIBRATION_TARGET_NOT_SOLVED_OUTCOME
REF_11000,Sub Saharan,Gas_Power,2018,12.366818873668189,0.45,48.75,CALIBRATION_TARGET_NOT_SOLVED_OUTCOME
REF_11000,Sub Saharan,Gas_Power,2019,12.366818873668189,0.45,48.75,CALIBRATION_TARGET_NOT_SOLVED_OUTCOME
REF_11000,Sub Saharan,Gas_Power,2020,12.366818873668189,0.45,48.75,CALIBRATION_TARGET_NOT_SOLVED_OUTCOME
REF_11000,Sub Saharan,Gas_Power,2021,12.366818873668189,0.45,48.75,CALIBRATION_TARGET_NOT_SOLVED_OUTCOME
REF_11000,Sub Saharan,Gas_Power,2022,12.366818873668189,0.45,48.75,CALIBRATION_TARGET_NOT_SOLVED_OUTCOME
REF_11000,Sub Saharan,Gas_Power,2023,12.366818873668189,0.45,48.75,CALIBRATION_TARGET_NOT_SOLVED_OUTCOME
REF_11000,Sub Saharan,Gas_Power,2024,12.366818873668189,0.45,48.75,CALIBRATION_TARGET_NOT_SOLVED_OUTCOME
REF_11000,Sub Saharan,Gas_Power,2025,12.366818873668189,0.45,48.75,CALIBRATION_TARGET_NOT_SOLVED_OUTCOME
REF_11000,Sub Saharan,Gas_Power,2026,12.366818873668189,0.45,48.75,CALIBRATION_TARGET_NOT_SOLVED_OUTCOME
REF_11000,Sub Saharan,Gas_Power,2027,12.366818873668189,0.45,48.75,CALIBRATION_TARGET_NOT_SOLVED_OUTCOME
REF_11000,Sub Saharan,Gas_Power,2028,12.366818873668189,0.45,48.75,CALIBRATION_TARGET_NOT_SOLVED_OUTCOME
REF_11000,Sub Saharan,Gas_Power,2029,12.366818873668189,0.45,48.75,CALIBRATION_TARGET_NOT_SOLVED_OUTCOME
REF_11000,Sub Saharan,Gas_Power,2030,12.366818873668189,0.45,48.75,CALIBRATION_TARGET_NOT_SOLVED_OUTCOME
REF_11000,Sub Saharan,Nuclear,2017,0.0,0.8,0.0,CALIBRATION_TARGET_NOT_SOLVED_OUTCOME
REF_11000,Sub Saharan,Nuclear,2018,0.0,0.8,0.0,CALIBRATION_TARGET_NOT_SOLVED_OUTCOME
REF_11000,Sub Saharan,Nuclear,2019,0.0,0.8,0.0,CALIBRATION_TARGET_NOT_SOLVED_OUTCOME
REF_11000,Sub Saharan,Nuclear,2020,0.0,0.8,0.0,CALIBRATION_TARGET_NOT_SOLVED_OUTCOME
REF_11000,Sub Saharan,Nuclear,2021,0.0,0.8,0.0,CALIBRATION_TARGET_NOT_SOLVED_OUTCOME
REF_11000,Sub Saharan,Nuclear,2022,0.0,0.8,0.0,CALIBRATION_TARGET_NOT_SOLVED_OUTCOME
REF_11000,Sub Saharan,Nuclear,2023,0.0,0.8,0.0,CALIBRATION_TARGET_NOT_SOLVED_OUTCOME
REF_11000,Sub Saharan,Nuclear,2024,0.0,0.8,0.0,CALIBRATION_TARGET_NOT_SOLVED_OUTCOME
REF_11000,Sub Saharan,Nuclear,2025,0.0,0.8,0.0,CALIBRATION_TARGET_NOT_SOLVED_OUTCOME
REF_11000,Sub Saharan,Nuclear,2026,0.0,0.8,0.0,CALIBRATION_TARGET_NOT_SOLVED_OUTCOME
REF_11000,Sub Saharan,Nuclear,2027,0.0,0.8,0.0,CALIBRATION_TARGET_NOT_SOLVED_OUTCOME
REF_11000,Sub Saharan,Nuclear,2028,0.0,0.8,0.0,CALIBRATION_TARGET_NOT_SOLVED_OUTCOME
REF_11000,Sub Saharan,Nuclear,2029,0.0,0.8,0.0,CALIBRATION_TARGET_NOT_SOLVED_OUTCOME
REF_11000,Sub Saharan,Nuclear,2030,0.0,0.8,0.0,CALIBRATION_TARGET_NOT_SOLVED_OUTCOME
REF_11000,Sub Saharan,Hydro,2017,27.306166993089683,0.4367981455632804,104.483,CALIBRATION_TARGET_NOT_SOLVED_OUTCOME
REF_11000,Sub Saharan,Hydro,2018,28.78555253524924,0.4367981455632804,110.1436494657626,CALIBRATION_TARGET_NOT_SOLVED_OUTCOME
REF_11000,Sub Saharan,Hydro,2019,29.623757016124078,0.4367981455632804,113.35091465231947,CALIBRATION_TARGET_NOT_SOLVED_OUTCOME
REF_11000,Sub Saharan,Hydro,2020,30.66470762953888,0.4367981455632804,117.33395785896738,CALIBRATION_TARGET_NOT_SOLVED_OUTCOME
REF_11000,Sub Saharan,Hydro,2021,31.32472718975703,0.4367981455632804,119.85942486163108,CALIBRATION_TARGET_NOT_SOLVED_OUTCOME
REF_11000,Sub Saharan,Hydro,2022,33.13944987347639,0.4367981455632804,126.80319218756274,CALIBRATION_TARGET_NOT_SOLVED_OUTCOME
REF_11000,Sub Saharan,Hydro,2023,35.150682019837014,0.4367981455632804,134.49887384077232,CALIBRATION_TARGET_NOT_SOLVED_OUTCOME
REF_11000,Sub Saharan,Hydro,2024,37.20593655562545,0.4367981455632804,142.3630006410342,CALIBRATION_TARGET_NOT_SOLVED_OUTCOME
REF_11000,Sub Saharan,Hydro,2025,39.156259119336326,0.4367981455632804,149.82562080576744,CALIBRATION_TARGET_NOT_SOLVED_OUTCOME
REF_11000,Sub Saharan,Hydro,2026,41.1065816830472,0.4367981455632804,157.2882409705006,CALIBRATION_TARGET_NOT_SOLVED_OUTCOME
REF_11000,Sub Saharan,Hydro,2027,43.05690424675807,0.4367981455632804,164.75086113523383,CALIBRATION_TARGET_NOT_SOLVED_OUTCOME
REF_11000,Sub Saharan,Hydro,2028,45.00722681046895,0.4367981455632804,172.21348129996704,CALIBRATION_TARGET_NOT_SOLVED_OUTCOME
REF_11000,Sub Saharan,Hydro,2029,46.95754937417982,0.4367981455632804,179.67610146470022,CALIBRATION_TARGET_NOT_SOLVED_OUTCOME
REF_11000,Sub Saharan,Hydro,2030,48.9078719378907,0.4367981455632804,187.13872162943343,CALIBRATION_TARGET_NOT_SOLVED_OUTCOME
REF_11000,Sub Saharan,Wind,2017,0.45807,0.153512857648823,0.6160000000000001,CALIBRATION_TARGET_NOT_SOLVED_OUTCOME
REF_11000,Sub Saharan,Wind,2018,0.76766,0.153512857648823,1.0323281594516125,CALIBRATION_TARGET_NOT_SOLVED_OUTCOME
REF_11000,Sub Saharan,Wind,2019,0.82286,0.153512857648823,1.1065596087934162,CALIBRATION_TARGET_NOT_SOLVED_OUTCOME
REF_11000,Sub Saharan,Wind,2020,0.92876,0.153512857648823,1.248971030628507,CALIBRATION_TARGET_NOT_SOLVED_OUTCOME
REF_11000,Sub Saharan,Wind,2021,1.04876,0.153512857648823,1.4103437465889497,CALIBRATION_TARGET_NOT_SOLVED_OUTCOME
REF_11000,Sub Saharan,Wind,2022,1.12736,0.153512857648823,1.5160428755430395,CALIBRATION_TARGET_NOT_SOLVED_OUTCOME
REF_11000,Sub Saharan,Wind,2023,1.20334,0.153512857648823,1.61821870019866,CALIBRATION_TARGET_NOT_SOLVED_OUTCOME
REF_11000,Sub Saharan,Wind,2024,1.29464,0.153512857648823,1.7409964415918968,CALIBRATION_TARGET_NOT_SOLVED_OUTCOME
REF_11000,Sub Saharan,Wind,2025,1.8722583336595229,0.153512857648823,2.5177617690184166,CALIBRATION_TARGET_NOT_SOLVED_OUTCOME
REF_11000,Sub Saharan,Wind,2026,2.449876667319045,0.153512857648823,3.2945270964449365,CALIBRATION_TARGET_NOT_SOLVED_OUTCOME
REF_11000,Sub Saharan,Wind,2027,3.027495000978568,0.153512857648823,4.071292423871457,CALIBRATION_TARGET_NOT_SOLVED_OUTCOME
REF_11000,Sub Saharan,Wind,2028,3.60511333463809,0.153512857648823,4.848057751297976,CALIBRATION_TARGET_NOT_SOLVED_OUTCOME
REF_11000,Sub Saharan,Wind,2029,4.182731668297612,0.153512857648823,5.624823078724496,CALIBRATION_TARGET_NOT_SOLVED_OUTCOME
REF_11000,Sub Saharan,Wind,2030,4.760350001957136,0.153512857648823,6.401588406151016,CALIBRATION_TARGET_NOT_SOLVED_OUTCOME
REF_11000,Sub Saharan,Solar,2017,0.7813300000000001,0.083863558490332,0.574,CALIBRATION_TARGET_NOT_SOLVED_OUTCOME
REF_11000,Sub Saharan,Solar,2018,1.2023400000000002,0.083863558490332,0.8832927956177288,CALIBRATION_TARGET_NOT_SOLVED_OUTCOME
REF_11000,Sub Saharan,Solar,2019,1.55975,0.083863558490332,1.1458621837123877,CALIBRATION_TARGET_NOT_SOLVED_OUTCOME
REF_11000,Sub Saharan,Solar,2020,1.79859,0.083863558490332,1.3213247411465066,CALIBRATION_TARGET_NOT_SOLVED_OUTCOME
REF_11000,Sub Saharan,Solar,2021,2.30092,0.083863558490332,1.6903588496537951,CALIBRATION_TARGET_NOT_SOLVED_OUTCOME
REF_11000,Sub Saharan,Solar,2022,3.1161,0.083863558490332,2.2892265751986995,CALIBRATION_TARGET_NOT_SOLVED_OUTCOME
REF_11000,Sub Saharan,Solar,2023,3.90209,0.083863558490332,2.866650019837968,CALIBRATION_TARGET_NOT_SOLVED_OUTCOME
REF_11000,Sub Saharan,Solar,2024,4.566020000000001,0.083863558490332,3.354402723561108,CALIBRATION_TARGET_NOT_SOLVED_OUTCOME
REF_11000,Sub Saharan,Solar,2025,5.918344180837399,0.083863558490332,4.347880613570023,CALIBRATION_TARGET_NOT_SOLVED_OUTCOME
REF_11000,Sub Saharan,Solar,2026,7.2706683616747965,0.083863558490332,5.341358503578939,CALIBRATION_TARGET_NOT_SOLVED_OUTCOME
REF_11000,Sub Saharan,Solar,2027,8.622992542512193,0.083863558490332,6.334836393587855,CALIBRATION_TARGET_NOT_SOLVED_OUTCOME
REF_11000,Sub Saharan,Solar,2028,9.975316723349591,0.083863558490332,7.328314283596772,CALIBRATION_TARGET_NOT_SOLVED_OUTCOME
REF_11000,Sub Saharan,Solar,2029,11.327640904186987,0.083863558490332,8.321792173605687,CALIBRATION_TARGET_NOT_SOLVED_OUTCOME
REF_11000,Sub Saharan,Solar,2030,12.679965085024389,0.083863558490332,9.315270063614603,CALIBRATION_TARGET_NOT_SOLVED_OUTCOME
REF_11000,Sub Saharan,Biomass,2017,0.3210630069103174,0.6794637819873247,1.9110000000000005,CALIBRATION_TARGET_NOT_SOLVED_OUTCOME
REF_11000,Sub Saharan,Biomass,2018,0.3384574647507606,0.6794637819873247,2.0145336000026064,CALIBRATION_TARGET_NOT_SOLVED_OUTCOME
REF_11000,Sub Saharan,Biomass,2019,0.3483129838759267,0.6794637819873247,2.0731946622951343,CALIBRATION_TARGET_NOT_SOLVED_OUTCOME
REF_11000,Sub Saharan,Biomass,2020,0.3605523704611137,0.6794637819873247,2.146044748604909,CALIBRATION_TARGET_NOT_SOLVED_OUTCOME
REF_11000,Sub Saharan,Biomass,2021,0.3683128102429729,0.6794637819873247,2.192235683418136,CALIBRATION_TARGET_NOT_SOLVED_OUTCOME
REF_11000,Sub Saharan,Biomass,2022,0.3896501265236045,0.6794637819873247,2.319237581907416,CALIBRATION_TARGET_NOT_SOLVED_OUTCOME
REF_11000,Sub Saharan,Biomass,2023,0.4132979801629912,0.6794637819873247,2.45999203611799,CALIBRATION_TARGET_NOT_SOLVED_OUTCOME
REF_11000,Sub Saharan,Biomass,2024,0.437463444374548,0.6794637819873247,2.6038273616283645,CALIBRATION_TARGET_NOT_SOLVED_OUTCOME
REF_11000,Sub Saharan,Biomass,2025,0.4603951296201747,0.6794637819873247,2.740319107987152,CALIBRATION_TARGET_NOT_SOLVED_OUTCOME
REF_11000,Sub Saharan,Biomass,2026,0.4833268148658013,0.6794637819873247,2.8768108543459388,CALIBRATION_TARGET_NOT_SOLVED_OUTCOME
REF_11000,Sub Saharan,Biomass,2027,0.506258500111428,0.6794637819873247,3.013302600704726,CALIBRATION_TARGET_NOT_SOLVED_OUTCOME
REF_11000,Sub Saharan,Biomass,2028,0.5291901853570548,0.6794637819873247,3.149794347063514,CALIBRATION_TARGET_NOT_SOLVED_OUTCOME
REF_11000,Sub Saharan,Biomass,2029,0.5521218706026814,0.6794637819873247,3.2862860934223,CALIBRATION_TARGET_NOT_SOLVED_OUTCOME
REF_11000,Sub Saharan,Biomass,2030,0.5750535558483081,0.6794637819873247,3.422777839781088,CALIBRATION_TARGET_NOT_SOLVED_OUTCOME
REF_11000,South Africa,Coal_Power,2017,46.96367787463677,0.55,226.271,CALIBRATION_TARGET_NOT_SOLVED_OUTCOME
REF_11000,South Africa,Coal_Power,2018,46.96367787463677,0.55,226.271,CALIBRATION_TARGET_NOT_SOLVED_OUTCOME
REF_11000,South Africa,Coal_Power,2019,46.96367787463677,0.55,226.271,CALIBRATION_TARGET_NOT_SOLVED_OUTCOME
REF_11000,South Africa,Coal_Power,2020,46.96367787463677,0.55,226.271,CALIBRATION_TARGET_NOT_SOLVED_OUTCOME
REF_11000,South Africa,Coal_Power,2021,46.96367787463677,0.55,226.271,CALIBRATION_TARGET_NOT_SOLVED_OUTCOME
REF_11000,South Africa,Coal_Power,2022,46.96367787463677,0.55,226.271,CALIBRATION_TARGET_NOT_SOLVED_OUTCOME
REF_11000,South Africa,Coal_Power,2023,46.96367787463677,0.55,226.271,CALIBRATION_TARGET_NOT_SOLVED_OUTCOME
REF_11000,South Africa,Coal_Power,2024,46.96367787463677,0.55,226.271,CALIBRATION_TARGET_NOT_SOLVED_OUTCOME
REF_11000,South Africa,Coal_Power,2025,46.96367787463677,0.55,226.271,CALIBRATION_TARGET_NOT_SOLVED_OUTCOME
REF_11000,South Africa,Coal_Power,2026,46.96367787463677,0.55,226.271,CALIBRATION_TARGET_NOT_SOLVED_OUTCOME
REF_11000,South Africa,Coal_Power,2027,46.96367787463677,0.55,226.271,CALIBRATION_TARGET_NOT_SOLVED_OUTCOME
REF_11000,South Africa,Coal_Power,2028,46.96367787463677,0.55,226.271,CALIBRATION_TARGET_NOT_SOLVED_OUTCOME
REF_11000,South Africa,Coal_Power,2029,46.96367787463677,0.55,226.271,CALIBRATION_TARGET_NOT_SOLVED_OUTCOME
REF_11000,South Africa,Coal_Power,2030,46.96367787463677,0.55,226.271,CALIBRATION_TARGET_NOT_SOLVED_OUTCOME
REF_11000,South Africa,Oil_Power,2017,0.0835616438356164,0.25,0.183,CALIBRATION_TARGET_NOT_SOLVED_OUTCOME
REF_11000,South Africa,Oil_Power,2018,0.0835616438356164,0.25,0.183,CALIBRATION_TARGET_NOT_SOLVED_OUTCOME
REF_11000,South Africa,Oil_Power,2019,0.0835616438356164,0.25,0.183,CALIBRATION_TARGET_NOT_SOLVED_OUTCOME
REF_11000,South Africa,Oil_Power,2020,0.0835616438356164,0.25,0.183,CALIBRATION_TARGET_NOT_SOLVED_OUTCOME
REF_11000,South Africa,Oil_Power,2021,0.0835616438356164,0.25,0.183,CALIBRATION_TARGET_NOT_SOLVED_OUTCOME
REF_11000,South Africa,Oil_Power,2022,0.0835616438356164,0.25,0.183,CALIBRATION_TARGET_NOT_SOLVED_OUTCOME
REF_11000,South Africa,Oil_Power,2023,0.0835616438356164,0.25,0.183,CALIBRATION_TARGET_NOT_SOLVED_OUTCOME
REF_11000,South Africa,Oil_Power,2024,0.0835616438356164,0.25,0.183,CALIBRATION_TARGET_NOT_SOLVED_OUTCOME
REF_11000,South Africa,Oil_Power,2025,0.0835616438356164,0.25,0.183,CALIBRATION_TARGET_NOT_SOLVED_OUTCOME
REF_11000,South Africa,Oil_Power,2026,0.0835616438356164,0.25,0.183,CALIBRATION_TARGET_NOT_SOLVED_OUTCOME
REF_11000,South Africa,Oil_Power,2027,0.0835616438356164,0.25,0.183,CALIBRATION_TARGET_NOT_SOLVED_OUTCOME
REF_11000,South Africa,Oil_Power,2028,0.0835616438356164,0.25,0.183,CALIBRATION_TARGET_NOT_SOLVED_OUTCOME
REF_11000,South Africa,Oil_Power,2029,0.0835616438356164,0.25,0.183,CALIBRATION_TARGET_NOT_SOLVED_OUTCOME
REF_11000,South Africa,Oil_Power,2030,0.0835616438356164,0.25,0.183,CALIBRATION_TARGET_NOT_SOLVED_OUTCOME
REF_11000,South Africa,Gas_Power,2017,0.0,0.45,0.0,CALIBRATION_TARGET_NOT_SOLVED_OUTCOME
REF_11000,South Africa,Gas_Power,2018,0.0,0.45,0.0,CALIBRATION_TARGET_NOT_SOLVED_OUTCOME
REF_11000,South Africa,Gas_Power,2019,0.0,0.45,0.0,CALIBRATION_TARGET_NOT_SOLVED_OUTCOME
REF_11000,South Africa,Gas_Power,2020,0.0,0.45,0.0,CALIBRATION_TARGET_NOT_SOLVED_OUTCOME
REF_11000,South Africa,Gas_Power,2021,0.0,0.45,0.0,CALIBRATION_TARGET_NOT_SOLVED_OUTCOME
REF_11000,South Africa,Gas_Power,2022,0.0,0.45,0.0,CALIBRATION_TARGET_NOT_SOLVED_OUTCOME
REF_11000,South Africa,Gas_Power,2023,0.0,0.45,0.0,CALIBRATION_TARGET_NOT_SOLVED_OUTCOME
REF_11000,South Africa,Gas_Power,2024,0.0,0.45,0.0,CALIBRATION_TARGET_NOT_SOLVED_OUTCOME
REF_11000,South Africa,Gas_Power,2025,0.0,0.45,0.0,CALIBRATION_TARGET_NOT_SOLVED_OUTCOME
REF_11000,South Africa,Gas_Power,2026,0.0,0.45,0.0,CALIBRATION_TARGET_NOT_SOLVED_OUTCOME
REF_11000,South Africa,Gas_Power,2027,0.0,0.45,0.0,CALIBRATION_TARGET_NOT_SOLVED_OUTCOME
REF_11000,South Africa,Gas_Power,2028,0.0,0.45,0.0,CALIBRATION_TARGET_NOT_SOLVED_OUTCOME
REF_11000,South Africa,Gas_Power,2029,0.0,0.45,0.0,CALIBRATION_TARGET_NOT_SOLVED_OUTCOME
REF_11000,South Africa,Gas_Power,2030,0.0,0.45,0.0,CALIBRATION_TARGET_NOT_SOLVED_OUTCOME
REF_11000,South Africa,Nuclear,2017,2.025256849315068,0.8000000000000002,14.193,CALIBRATION_TARGET_NOT_SOLVED_OUTCOME
REF_11000,South Africa,Nuclear,2018,2.025256849315068,0.8000000000000002,14.193,CALIBRATION_TARGET_NOT_SOLVED_OUTCOME
REF_11000,South Africa,Nuclear,2019,2.025256849315068,0.8000000000000002,14.193,CALIBRATION_TARGET_NOT_SOLVED_OUTCOME
REF_11000,South Africa,Nuclear,2020,2.025256849315068,0.8000000000000002,14.193,CALIBRATION_TARGET_NOT_SOLVED_OUTCOME
REF_11000,South Africa,Nuclear,2021,2.025256849315068,0.8000000000000002,14.193,CALIBRATION_TARGET_NOT_SOLVED_OUTCOME
REF_11000,South Africa,Nuclear,2022,2.025256849315068,0.8000000000000002,14.193,CALIBRATION_TARGET_NOT_SOLVED_OUTCOME
REF_11000,South Africa,Nuclear,2023,2.025256849315068,0.8000000000000002,14.193,CALIBRATION_TARGET_NOT_SOLVED_OUTCOME
REF_11000,South Africa,Nuclear,2024,2.025256849315068,0.8000000000000002,14.193,CALIBRATION_TARGET_NOT_SOLVED_OUTCOME
REF_11000,South Africa,Nuclear,2025,2.025256849315068,0.8000000000000002,14.193,CALIBRATION_TARGET_NOT_SOLVED_OUTCOME
REF_11000,South Africa,Nuclear,2026,2.025256849315068,0.8000000000000002,14.193,CALIBRATION_TARGET_NOT_SOLVED_OUTCOME
REF_11000,South Africa,Nuclear,2027,2.025256849315068,0.8000000000000002,14.193,CALIBRATION_TARGET_NOT_SOLVED_OUTCOME
REF_11000,South Africa,Nuclear,2028,2.025256849315068,0.8000000000000002,14.193,CALIBRATION_TARGET_NOT_SOLVED_OUTCOME
REF_11000,South Africa,Nuclear,2029,2.025256849315068,0.8000000000000002,14.193,CALIBRATION_TARGET_NOT_SOLVED_OUTCOME
REF_11000,South Africa,Nuclear,2030,2.025256849315068,0.8000000000000002,14.193,CALIBRATION_TARGET_NOT_SOLVED_OUTCOME
REF_11000,South Africa,Hydro,2017,0.9675889585927764,0.6239913321931314,5.289,CALIBRATION_TARGET_NOT_SOLVED_OUTCOME
REF_11000,South Africa,Hydro,2018,0.9723916516189286,0.6239913321931314,5.315252308058849,CALIBRATION_TARGET_NOT_SOLVED_OUTCOME
REF_11000,South Africa,Hydro,2019,0.9723916516189296,0.6239913321931314,5.315252308058854,CALIBRATION_TARGET_NOT_SOLVED_OUTCOME
REF_11000,South Africa,Hydro,2020,0.9723916516189286,0.6239913321931314,5.315252308058849,CALIBRATION_TARGET_NOT_SOLVED_OUTCOME
REF_11000,South Africa,Hydro,2021,0.97623380603985,0.6239913321931314,5.336254154505927,CALIBRATION_TARGET_NOT_SOLVED_OUTCOME
REF_11000,South Africa,Hydro,2022,0.9762338060398514,0.6239913321931314,5.336254154505935,CALIBRATION_TARGET_NOT_SOLVED_OUTCOME
REF_11000,South Africa,Hydro,2023,0.97623380603985,0.6239913321931314,5.336254154505927,CALIBRATION_TARGET_NOT_SOLVED_OUTCOME
REF_11000,South Africa,Hydro,2024,0.97623380603985,0.6239913321931314,5.336254154505927,CALIBRATION_TARGET_NOT_SOLVED_OUTCOME
REF_11000,South Africa,Hydro,2025,0.9770055776848684,0.6239913321931314,5.34047278494218,CALIBRATION_TARGET_NOT_SOLVED_OUTCOME
REF_11000,South Africa,Hydro,2026,0.9777773493298866,0.6239913321931314,5.344691415378432,CALIBRATION_TARGET_NOT_SOLVED_OUTCOME
REF_11000,South Africa,Hydro,2027,0.9785491209749048,0.6239913321931314,5.348910045814686,CALIBRATION_TARGET_NOT_SOLVED_OUTCOME
REF_11000,South Africa,Hydro,2028,0.9793208926199232,0.6239913321931314,5.353128676250939,CALIBRATION_TARGET_NOT_SOLVED_OUTCOME
REF_11000,South Africa,Hydro,2029,0.9800926642649412,0.6239913321931314,5.357347306687191,CALIBRATION_TARGET_NOT_SOLVED_OUTCOME
REF_11000,South Africa,Hydro,2030,0.9808644359099596,0.6239913321931314,5.361565937123444,CALIBRATION_TARGET_NOT_SOLVED_OUTCOME
REF_11000,South Africa,Wind,2017,2.094,0.2684338379278914,4.924,CALIBRATION_TARGET_NOT_SOLVED_OUTCOME
REF_11000,South Africa,Wind,2018,2.094,0.2684338379278914,4.924,CALIBRATION_TARGET_NOT_SOLVED_OUTCOME
REF_11000,South Africa,Wind,2019,2.094,0.2684338379278914,4.924,CALIBRATION_TARGET_NOT_SOLVED_OUTCOME
REF_11000,South Africa,Wind,2020,2.516,0.2684338379278914,5.916324737344795,CALIBRATION_TARGET_NOT_SOLVED_OUTCOME
REF_11000,South Africa,Wind,2021,2.495,0.2684338379278914,5.86694364851958,CALIBRATION_TARGET_NOT_SOLVED_OUTCOME
REF_11000,South Africa,Wind,2022,3.163,0.2684338379278914,7.437732569245464,CALIBRATION_TARGET_NOT_SOLVED_OUTCOME
REF_11000,South Africa,Wind,2023,3.442,0.2684338379278914,8.093795606494748,CALIBRATION_TARGET_NOT_SOLVED_OUTCOME
REF_11000,South Africa,Wind,2024,3.442,0.2684338379278914,8.093795606494748,CALIBRATION_TARGET_NOT_SOLVED_OUTCOME
REF_11000,South Africa,Wind,2025,4.977687375993386,0.2684338379278914,11.70493440276573,CALIBRATION_TARGET_NOT_SOLVED_OUTCOME
REF_11000,South Africa,Wind,2026,6.513374751986772,0.2684338379278914,15.31607319903671,CALIBRATION_TARGET_NOT_SOLVED_OUTCOME
REF_11000,South Africa,Wind,2027,8.049062127980157,0.2684338379278914,18.92721199530769,CALIBRATION_TARGET_NOT_SOLVED_OUTCOME
REF_11000,South Africa,Wind,2028,9.584749503973544,0.2684338379278914,22.538350791578672,CALIBRATION_TARGET_NOT_SOLVED_OUTCOME
REF_11000,South Africa,Wind,2029,11.120436879966928,0.2684338379278914,26.149489587849647,CALIBRATION_TARGET_NOT_SOLVED_OUTCOME
REF_11000,South Africa,Wind,2030,12.656124255960314,0.2684338379278914,29.76062838412063,CALIBRATION_TARGET_NOT_SOLVED_OUTCOME
REF_11000,South Africa,Solar,2017,2.20525,0.1681851993918622,3.249,CALIBRATION_TARGET_NOT_SOLVED_OUTCOME
REF_11000,South Africa,Solar,2018,2.50511,0.1681851993918622,3.690784441673281,CALIBRATION_TARGET_NOT_SOLVED_OUTCOME
REF_11000,South Africa,Solar,2019,2.80553,0.1681851993918622,4.133393932660696,CALIBRATION_TARGET_NOT_SOLVED_OUTCOME
REF_11000,South Africa,Solar,2020,3.7053,0.1681851993918622,5.459027185126403,CALIBRATION_TARGET_NOT_SOLVED_OUTCOME
REF_11000,South Africa,Solar,2021,4.20519,0.1681851993918622,6.195516295204626,CALIBRATION_TARGET_NOT_SOLVED_OUTCOME
REF_11000,South Africa,Solar,2022,5.70512,0.1681851993918622,8.405366684049428,CALIBRATION_TARGET_NOT_SOLVED_OUTCOME
REF_11000,South Africa,Solar,2023,8.00578,0.1681851993918622,11.794934460945472,CALIBRATION_TARGET_NOT_SOLVED_OUTCOME
REF_11000,South Africa,Solar,2024,9.05842,0.1681851993918622,13.345791443147036,CALIBRATION_TARGET_NOT_SOLVED_OUTCOME
REF_11000,South Africa,Solar,2025,11.741264228930469,0.1681851993918622,17.298432141387643,CALIBRATION_TARGET_NOT_SOLVED_OUTCOME
REF_11000,South Africa,Solar,2026,14.424108457860935,0.1681851993918622,21.251072839628243,CALIBRATION_TARGET_NOT_SOLVED_OUTCOME
REF_11000,South Africa,Solar,2027,17.106952686791402,0.1681851993918622,25.203713537868847,CALIBRATION_TARGET_NOT_SOLVED_OUTCOME
REF_11000,South Africa,Solar,2028,19.789796915721872,0.1681851993918622,29.15635423610945,CALIBRATION_TARGET_NOT_SOLVED_OUTCOME
REF_11000,South Africa,Solar,2029,22.47264114465234,0.1681851993918622,33.10899493435006,CALIBRATION_TARGET_NOT_SOLVED_OUTCOME
REF_11000,South Africa,Solar,2030,25.15548537358281,0.1681851993918622,37.06163563259065,CALIBRATION_TARGET_NOT_SOLVED_OUTCOME
REF_11000,South Africa,Biomass,2017,0.0397510414072229,0.9706531834115376,0.338,CALIBRATION_TARGET_NOT_SOLVED_OUTCOME
REF_11000,South Africa,Biomass,2018,0.0399483483810709,0.9706531834115376,0.3396776857863285,CALIBRATION_TARGET_NOT_SOLVED_OUTCOME
REF_11000,South Africa,Biomass,2019,0.039948348381071,0.9706531834115376,0.3396776857863288,CALIBRATION_TARGET_NOT_SOLVED_OUTCOME
REF_11000,South Africa,Biomass,2020,0.0399483483810709,0.9706531834115376,0.3396776857863285,CALIBRATION_TARGET_NOT_SOLVED_OUTCOME
REF_11000,South Africa,Biomass,2021,0.0401061939601494,0.9706531834115376,0.3410198344153912,CALIBRATION_TARGET_NOT_SOLVED_OUTCOME
REF_11000,South Africa,Biomass,2022,0.0401061939601494,0.9706531834115376,0.3410198344153916,CALIBRATION_TARGET_NOT_SOLVED_OUTCOME
REF_11000,South Africa,Biomass,2023,0.0401061939601494,0.9706531834115376,0.3410198344153912,CALIBRATION_TARGET_NOT_SOLVED_OUTCOME
REF_11000,South Africa,Biomass,2024,0.0401061939601494,0.9706531834115376,0.3410198344153912,CALIBRATION_TARGET_NOT_SOLVED_OUTCOME
REF_11000,South Africa,Biomass,2025,0.0401379003230069,0.9706531834115376,0.3412894311420793,CALIBRATION_TARGET_NOT_SOLVED_OUTCOME
REF_11000,South Africa,Biomass,2026,0.0401696066858644,0.9706531834115376,0.3415590278687674,CALIBRATION_TARGET_NOT_SOLVED_OUTCOME
REF_11000,South Africa,Biomass,2027,0.0402013130487219,0.9706531834115376,0.3418286245954555,CALIBRATION_TARGET_NOT_SOLVED_OUTCOME
REF_11000,South Africa,Biomass,2028,0.0402330194115794,0.9706531834115376,0.3420982213221436,CALIBRATION_TARGET_NOT_SOLVED_OUTCOME
REF_11000,South Africa,Biomass,2029,0.0402647257744368,0.9706531834115376,0.3423678180488317,CALIBRATION_TARGET_NOT_SOLVED_OUTCOME
REF_11000,South Africa,Biomass,2030,0.0402964321372943,0.9706531834115376,0.3426374147755199,CALIBRATION_TARGET_NOT_SOLVED_OUTCOME
