scenario,year,region,good,quantity,consumer_price,expenditure_2024USD_bn,real_consumption_2024USD_bn
S0_BASELINE,2030,Australia_Oceania,Rice,0.0048662628505547,1.7046095375877928,0.0106155138050954,0.0062275339711015
S0_BASELINE,2030,Australia_Oceania,Crops nec,5.889236858080854,1.6689702520012957,12.57847987007358,7.536671286066514
S0_BASELINE,2030,Australia_Oceania,"Bovine cattle, sheep and goats, horses",0.1643132015493475,1.6328604532028956,0.3433539677006043,0.2102775931060281
S0_BASELINE,2030,Australia_Oceania,Animal products nec,2.12245344480049,1.6786529658468308,4.5595253730996665,2.7161810685356222
S0_BASELINE,2030,Australia_Oceania,Forestry,0.1341363027070103,1.794460834243307,0.3080355615712135,0.1716591167521794
S0_BASELINE,2030,Australia_Oceania,Coal,0.0030226292418755,2.8338976820117594,0.0109619946884253,0.0038681688988278
S0_BASELINE,2030,Australia_Oceania,Oil,1.5515188926467796e-05,1.4933281346266518,2.965055708601078e-05,1.9855351626504632e-05
S0_BASELINE,2030,Australia_Oceania,Gas,1.0620073545539743,2.2986139924350297,3.124022205463709,1.3590895290964768
S0_BASELINE,2030,Australia_Oceania,Mine,0.0629679877012846,1.6778384653865197,0.135204299678193,0.0805824300118208
S0_BASELINE,2030,Australia_Oceania,Manufac,169.38650589691366,1.5835190086100277,343.2595527641916,216.77009090567583
S0_BASELINE,2030,Australia_Oceania,Petro,7.935711381943195,2.8837136107284564,29.28589718755132,10.155620219878976
S0_BASELINE,2030,Australia_Oceania,Power,10.848757572255916,2.470061080523571,34.29321790596189,13.8835505633367
S0_BASELINE,2030,Australia_Oceania,WatWaste,8.690414582856775,1.5105162120594149,16.79911595930715,11.121440357982143
S0_BASELINE,2030,Australia_Oceania,OthServ,796.945838125643,1.497579769426357,1527.3526169866366,1019.8806380482488
S0_BASELINE,2030,Australia_Oceania,Transport,29.055639655635343,1.353936036403912,50.3441636173962,37.18356205964202
S0_BASELINE,2030,China,Rice,30.023860404550785,2.222424300254882,85.39138369800943,38.42262869746755
S0_BASELINE,2030,China,Crops nec,231.69899580185933,2.17727018859218,645.5903342627316,296.5136551249841
S0_BASELINE,2030,China,"Bovine cattle, sheep and goats, horses",14.671269521301408,2.177218212753456,40.87805238255734,18.77535845510006
S0_BASELINE,2030,China,Animal products nec,214.5900599234887,2.365325860509023,649.5627665737287,274.6187223001047
S0_BASELINE,2030,China,Forestry,2.6286875754895167,1.4896141483162433,5.011102692344955,3.3640271658069536
S0_BASELINE,2030,China,Coal,4.899462489060201,2.306446817351531,14.461469427002694,6.270020857244065
S0_BASELINE,2030,China,Oil,0.0003627219932508,1.484362422908646,0.0006890240526629,0.0004641886845577
S0_BASELINE,2030,China,Gas,6.580652459711225,1.825577903862428,15.374105877179698,8.42150304652653
S0_BASELINE,2030,China,Mine,0.1978951633418013,1.6389639836995429,0.4150736191510494,0.2532536380668843
S0_BASELINE,2030,China,Manufac,3169.759851730032,1.2285184526713535,4983.432569108597,4056.457304530102
S0_BASELINE,2030,China,Petro,132.68390909113543,1.0975807749071802,186.36969361654468,169.80043826793067
S0_BASELINE,2030,China,Power,150.14505154547845,1.5063635944361295,289.44188396711235,192.14609614218097
S0_BASELINE,2030,China,WatWaste,23.73934387181393,1.0360657695980628,31.47578560858596,30.380103739364557
S0_BASELINE,2030,China,OthServ,5990.240160377774,1.0301328384497432,7896.924902535265,7665.928675563717
S0_BASELINE,2030,China,Transport,656.1339889464157,0.9177004974376916,770.5734555294403,839.678574604747
S0_BASELINE,2030,Japan,Rice,0.033176947176736,1.4388458484794282,0.0610901555794467,0.0424577487883503
S0_BASELINE,2030,Japan,Crops nec,23.690705083345584,1.503713899307702,45.5893859069024,30.31786034638693
S0_BASELINE,2030,Japan,"Bovine cattle, sheep and goats, horses",1.3260605237993928,1.3868565763457317,2.35350669750012,1.6970080269536063
S0_BASELINE,2030,Japan,Animal products nec,9.500031260160338,1.4242369209841252,17.315212113800957,12.157536365146075
S0_BASELINE,2030,Japan,Forestry,1.5941443172469378,1.4276580536501755,2.912543206876576,2.040084677023614
S0_BASELINE,2030,Japan,Coal,0.0043692100165528,1.664274377014013,0.0093056858963315,0.0055914387693688
S0_BASELINE,2030,Japan,Oil,0.0001321380621641,1.681604669595412,0.0002843625368169,0.0001691019490302
S0_BASELINE,2030,Japan,Gas,4.1418406904759415,1.7892699358084827,9.48396182030486,5.300464917902025
S0_BASELINE,2030,Japan,Mine,0.0456215145862756,1.5340805680583032,0.0895650164338123,0.0583835315460389
S0_BASELINE,2030,Japan,Manufac,525.9422830544123,1.3343466505740784,898.1053818131057,673.0675329869013
S0_BASELINE,2030,Japan,Petro,28.650826305468637,2.5524857022371634,93.58818214427406,36.66550713403468
S0_BASELINE,2030,Japan,Power,46.081774906310194,2.061475023652434,121.57039208377932,58.97252728707157
S0_BASELINE,2030,Japan,WatWaste,20.23108396275402,1.3471576026444574,34.87852421024675,25.89045568169911
S0_BASELINE,2030,Japan,OthServ,2111.5475185400524,1.3411958604843657,3624.212095201153,2702.224334382924
S0_BASELINE,2030,Japan,Transport,131.34913113056197,1.2926856483194793,217.29046698855103,168.0922714802089
S0_BASELINE,2030,South Korea,Rice,0.0071571665447933,2.364011504033095,0.0216526597097223,0.009159286946566
S0_BASELINE,2030,South Korea,Crops nec,9.777434443724523,2.079102379121789,26.01485022749763,12.512539244822555
S0_BASELINE,2030,South Korea,"Bovine cattle, sheep and goats, horses",0.1707905071389606,1.6652176413160835,0.3639613548746647,0.2185668388410067
S0_BASELINE,2030,South Korea,Animal products nec,3.752633811672258,1.813474321014365,8.708996968711725,4.802382338149898
S0_BASELINE,2030,South Korea,Forestry,0.5956988042078484,1.4761492001262009,1.1253238558815253,0.7623374204410766
S0_BASELINE,2030,South Korea,Coal,0.0827603257071992,2.0686298302582427,0.2190914935802778,0.1059114442744161
S0_BASELINE,2030,South Korea,Oil,1.4951906674964357e-05,1.4735584218264008,2.8195803700364737e-05,1.913450112892571e-05
S0_BASELINE,2030,South Korea,Gas,5.196404118351279,1.7449270221677655,11.60381318606659,6.650029125777815
S0_BASELINE,2030,South Korea,Mine,0.0232249244240906,1.7045823145989536,0.0506632247471377,0.0297217808248487
S0_BASELINE,2030,South Korea,Manufac,178.5701201153273,1.4470757026566958,330.68963595973565,228.5226974000618
S0_BASELINE,2030,South Korea,Petro,10.464083144083412,2.625732526396974,35.16188972718731,13.391268555801227
S0_BASELINE,2030,South Korea,Power,9.982628603332929,1.896031276050134,24.22205313915577,12.775133746560506
S0_BASELINE,2030,South Korea,WatWaste,3.633328213632157,1.2711654230139011,5.91054113453002,4.649702571229327
S0_BASELINE,2030,South Korea,OthServ,668.1110553565816,1.3448194575099106,1149.8288045213535,855.0060795138933
S0_BASELINE,2030,South Korea,Transport,32.28478368564212,1.1424855303331505,47.20294890193357,41.31601330974458
S0_BASELINE,2030,Rest of World,Rice,0.0002316607920692,1.9708492986700716,0.0005842873661934,0.0002964647556361
S0_BASELINE,2030,Rest of World,Crops nec,0.2448968972876924,1.944692428205692,0.609473388775574,0.3134036205223859
S0_BASELINE,2030,Rest of World,"Bovine cattle, sheep and goats, horses",0.7780688724101918,2.0381623932898485,2.0294453785911486,0.9957231033969852
S0_BASELINE,2030,Rest of World,Animal products nec,0.3901035181716251,1.8920659765819647,0.9445755178874152,0.4992297254640299
S0_BASELINE,2030,Rest of World,Forestry,0.0082744791198811,1.4472614328840283,0.0153252721372974,0.0105891524906071
S0_BASELINE,2030,Rest of World,Coal,0.0384957971563594,1.5356101494115535,0.0756510278290966,0.0492644748531731
S0_BASELINE,2030,Rest of World,Oil,7.172345664142684e-06,1.4891221692585357,1.3668223850058791e-05,9.17871566830639e-06
S0_BASELINE,2030,Rest of World,Gas,0.0070912058478235,1.1682519369335502,0.0106017398729455,0.0090748768177106
S0_BASELINE,2030,Rest of World,Mine,0.0363742023852649,1.647788954391686,0.0767035753492779,0.0465493937968061
S0_BASELINE,2030,Rest of World,Manufac,12.502343651860734,1.2624008497181038,20.19804112651141,15.99970732927126
S0_BASELINE,2030,Rest of World,Petro,0.3579487546147624,1.5333073600403095,0.7023775436191515,0.4580801389180916
S0_BASELINE,2030,Rest of World,Power,1.0604419056992982,1.7475633825241397,2.3715940902537254,1.3570862376593245
S0_BASELINE,2030,Rest of World,WatWaste,0.2163406077575571,1.2021029416901092,0.3328129733470154,0.2768589625711282
S0_BASELINE,2030,Rest of World,OthServ,28.31554452429188,1.2075146975535809,43.75602735229394,36.236434549228
S0_BASELINE,2030,Rest of World,Transport,3.912614722649388,1.24324186781964,6.225055871956021,5.007115690538607
S0_BASELINE,2030,Southeast Asia,Rice,1.3595452912772552,2.1467290618282786,3.735007322040776,1.7398596728644529
S0_BASELINE,2030,Southeast Asia,Crops nec,63.512341917058926,2.003443313949929,162.83798798414645,81.27906203385643
S0_BASELINE,2030,Southeast Asia,"Bovine cattle, sheep and goats, horses",3.9218684535592847,1.965195798125963,9.863235239663767,5.018958017897292
S0_BASELINE,2030,Southeast Asia,Animal products nec,55.75753242591468,1.883979875273216,134.4312839994089,71.35494559715342
S0_BASELINE,2030,Southeast Asia,Forestry,1.2694101999167224,1.2717621127083223,2.065990918265065,1.6245105112177052
S0_BASELINE,2030,Southeast Asia,Coal,0.2719687073994205,1.578980260432409,0.5495613474473331,0.348048315578174
S0_BASELINE,2030,Southeast Asia,Oil,0.0001686720284247,1.480262136672054,0.0003195230845561,0.0002158557199018
S0_BASELINE,2030,Southeast Asia,Gas,0.1182610535171424,1.50044567463915,0.2270819219263855,0.1513429902629904
S0_BASELINE,2030,Southeast Asia,Mine,0.2322915008902528,1.4142390877989053,0.4204135435388186,0.29727190689646
S0_BASELINE,2030,Southeast Asia,Manufac,740.2396669904673,1.2737991078551698,1206.6847827026563,947.3117465980532
S0_BASELINE,2030,Southeast Asia,Petro,37.68863037284781,0.9702634462243668,46.79727523309484,48.23151747886772
S0_BASELINE,2030,Southeast Asia,Power,37.85883253851486,1.6412043177005011,79.51524657655975,48.44932815242145
S0_BASELINE,2030,Southeast Asia,WatWaste,14.444049640104945,1.0727833159627769,19.82994569144014,18.48457689762085
S0_BASELINE,2030,Southeast Asia,OthServ,1272.298226024829,1.0710049687418233,1743.8171683740122,1628.2064211385414
S0_BASELINE,2030,Southeast Asia,Transport,208.8778917173321,1.0268073165142997,274.4744804650594,267.30865001328823
S0_BASELINE,2030,"Central, Western and South Asia",Rice,0.6433098526335412,1.5866415478248028,1.306229739281898,0.8232670701861251
S0_BASELINE,2030,"Central, Western and South Asia",Crops nec,118.11628341997692,1.4764349311921638,223.1745289124446,151.1577158300296
S0_BASELINE,2030,"Central, Western and South Asia","Bovine cattle, sheep and goats, horses",29.06630951804869,1.473527419844619,54.81111760058256,37.19721679603051
S0_BASELINE,2030,"Central, Western and South Asia",Animal products nec,60.40857915226672,1.540208683747908,119.0690066256036,77.3070607627606
S0_BASELINE,2030,"Central, Western and South Asia",Forestry,8.923252331311634,1.383552755921789,15.799357990363871,11.4194114182417
S0_BASELINE,2030,"Central, Western and South Asia",Coal,1.2868420885146212,1.333681635102773,2.196331900932184,1.6468188369147363
S0_BASELINE,2030,"Central, Western and South Asia",Oil,0.0075898458134863,1.7146706268880787,0.0166545998798878,0.0097130024509129
S0_BASELINE,2030,"Central, Western and South Asia",Gas,23.418054413718465,0.936082441645602,28.053396612361933,29.96893837668432
S0_BASELINE,2030,"Central, Western and South Asia",Mine,2.680078096030154,1.632310384626091,5.598487781215709,3.4297938450922643
S0_BASELINE,2030,"Central, Western and South Asia",Manufac,1172.4989873908894,1.2556406724851572,1884.0758938733115,1500.489722500241
S0_BASELINE,2030,"Central, Western and South Asia",Petro,71.11691842684819,1.1199339592766786,101.92621226981002,91.01091481397674
S0_BASELINE,2030,"Central, Western and South Asia",Power,104.91859683910336,1.2259777004873658,164.60976176622654,134.26815336364854
S0_BASELINE,2030,"Central, Western and South Asia",WatWaste,30.44243663659808,1.1452316611803262,44.61627400081321,38.95829595962396
S0_BASELINE,2030,"Central, Western and South Asia",OthServ,1974.4736727951945,1.1447463109274585,2892.551777930062,2526.805938378944
S0_BASELINE,2030,"Central, Western and South Asia",Transport,352.5481993956764,1.1388235445264905,513.8016327810444,451.16878258819366
S0_BASELINE,2030,India,Rice,14.979399677670123,1.7319036778761996,33.200045964787215,19.1696838507616
S0_BASELINE,2030,India,Crops nec,146.0104807604218,2.2822393438039072,426.4476845393853,186.85493511081205
S0_BASELINE,2030,India,"Bovine cattle, sheep and goats, horses",1.0397150448726835,2.1481247998111628,2.8582116110025217,1.330561247105739
S0_BASELINE,2030,India,Animal products nec,91.966861595441,2.2579380791463093,265.7442864486315,117.69334558069754
S0_BASELINE,2030,India,Forestry,18.06690605143747,1.2467724769175472,28.82647472426703,23.12087851117163
S0_BASELINE,2030,India,Coal,0.4385705999252641,1.5980548740340164,0.8969159448794835,0.5612548556217765
S0_BASELINE,2030,India,Oil,3.188688351279467e-05,1.4905695306040736,6.082538358357263e-05,4.080679706268949e-05
S0_BASELINE,2030,India,Gas,0.8922103006262756,1.2491650591612362,1.426289229251789,1.141794127994166
S0_BASELINE,2030,India,Mine,0.0450322161414772,1.5259049904710784,0.0879369412563144,0.0576293686461504
S0_BASELINE,2030,India,Manufac,657.9339445717432,1.2333326853639013,1038.443988001426,841.9820561557801
S0_BASELINE,2030,India,Petro,75.0594497811701,0.950405190549616,91.29241962285114,96.056313527117
S0_BASELINE,2030,India,Power,93.1956363840076,1.133905276796624,135.23618049458835,119.2658535332937
S0_BASELINE,2030,India,WatWaste,6.188892242601056,0.9306295443992944,7.370726537848113,7.92015102358898
S0_BASELINE,2030,India,OthServ,1786.0138771053191,0.9499587550544084,2171.251444761159,2285.6270835453706
S0_BASELINE,2030,India,Transport,157.9436260319506,0.9256920483023564,187.106631057277,202.12621609210635
S0_BASELINE,2030,Canada,Rice,0.0014618626903606,1.386108184344525,0.002593129774608,0.0018707989778685
S0_BASELINE,2030,Canada,Crops nec,4.910502650268295,1.47093316977775,9.243563585860516,6.284149919082779
S0_BASELINE,2030,Canada,"Bovine cattle, sheep and goats, horses",0.4763797755478142,1.4264034673024095,0.869593416416792,0.6096405717498847
S0_BASELINE,2030,Canada,Animal products nec,2.926382825373112,1.5902845473545593,5.955613697188194,3.744998682753413
S0_BASELINE,2030,Canada,Forestry,0.4578047803846056,1.7010106159994267,0.9965701829779284,0.5858694717463759
S0_BASELINE,2030,Canada,Coal,0.0024091327656712,2.1957952336394406,0.0067697575325501,0.0030830550699353
S0_BASELINE,2030,Canada,Oil,0.0045252101929268,1.826394683049115,0.0105767912432601,0.0057910767541984
S0_BASELINE,2030,Canada,Gas,2.811741570158184,1.8115461872943563,6.518465253365519,3.598288218229379
S0_BASELINE,2030,Canada,Mine,0.0763748059685987,1.6584769122245036,0.1620989089650756,0.0977396254444011
S0_BASELINE,2030,Canada,Manufac,202.4466528842529,1.581298043441912,409.6801069491751,259.078372227137
S0_BASELINE,2030,Canada,Petro,14.812069195113947,2.212925428491527,41.94720739106522,18.95554454220927
S0_BASELINE,2030,Canada,Power,13.586671072210487,2.805131542187419,48.77382715085636,17.38735837483173
S0_BASELINE,2030,Canada,WatWaste,1.06155154133571,1.2662942898181575,1.7202686525560875,1.3585062079504988
S0_BASELINE,2030,Canada,OthServ,832.8480737214038,1.3277369063476472,1415.136571615335,1065.8260411067952
S0_BASELINE,2030,Canada,Transport,47.71218962428763,1.260372661433106,76.95713017862168,61.05902904708551
S0_BASELINE,2030,United States,Rice,0.0179925100349733,1.4741726475910693,0.0339438144097436,0.0230256710192002
S0_BASELINE,2030,United States,Crops nec,71.93254429597151,1.5183998076474283,139.7758376806946,92.05469705161696
S0_BASELINE,2030,United States,"Bovine cattle, sheep and goats, horses",1.8886273646396865,1.5304658384096634,3.699052199036119,2.4169452975239443
S0_BASELINE,2030,United States,Animal products nec,20.6033273963912,1.494406695079889,39.40276604879725,26.36682911060706
S0_BASELINE,2030,United States,Forestry,0.7005266224088453,1.4298176988855855,1.2818164922319186,0.8964894564328247
S0_BASELINE,2030,United States,Coal,0.0127122915324226,2.3337780546581235,0.0379667950164669,0.0162683828978553
S0_BASELINE,2030,United States,Oil,0.0004765507584342,1.5029680130820324,0.0009165991383915,0.000609859334912
S0_BASELINE,2030,United States,Gas,17.10724618956069,1.707796422015946,37.38838847423427,21.89276669341102
S0_BASELINE,2030,United States,Mine,0.2574388485073003,1.4924559998126288,0.4916954191600856,0.3294538804871886
S0_BASELINE,2030,United States,Manufac,2568.1909644474945,1.2352668719052933,4059.837491926096,3286.6076809641186
S0_BASELINE,2030,United States,Petro,123.85446207065245,1.8523416756190736,293.5981381510363,158.50106223838532
S0_BASELINE,2030,United States,Power,147.0935680492312,2.0257884117904306,381.33643929818834,188.24100184184937
S0_BASELINE,2030,United States,WatWaste,80.04138504686689,1.2707819457510536,130.16858174298343,102.43187840737234
S0_BASELINE,2030,United States,OthServ,13846.512504959268,1.24102713315944,21990.86035962548,17719.886871709325
S0_BASELINE,2030,United States,Transport,543.0973378865227,1.2208671821849892,848.5288941631226,695.0214817675148
S0_BASELINE,2030,Rest of America,Rice,0.2210986132271725,1.5870020316393916,0.4490389804368614,0.2829479630044594
S0_BASELINE,2030,Rest of America,Crops nec,42.419433042772816,1.523702132452413,82.71522906752807,54.28569576027414
S0_BASELINE,2030,Rest of America,"Bovine cattle, sheep and goats, horses",4.037477112417795,1.5439928431575858,7.9776668880396,5.166906640967935
S0_BASELINE,2030,Rest of America,Animal products nec,23.723445611801367,1.544822062062936,46.90042426963644,30.35975822679933
S0_BASELINE,2030,Rest of America,Forestry,2.6485448084288,1.4283121429433785,4.841177375193967,3.389439344387524
S0_BASELINE,2030,Rest of America,Coal,0.0126781793711924,1.6971326169595482,0.0275355156537536,0.0162247303438926
S0_BASELINE,2030,Rest of America,Oil,0.0004590420892348,1.7649352934112523,0.0010368163498168,0.0005874528769694
S0_BASELINE,2030,Rest of America,Gas,3.644693738177577,1.7445986770215742,8.137239924102927,4.664247997724221
S0_BASELINE,2030,Rest of America,Mine,0.1732937440705343,1.541168943444507,0.3417855325617953,0.2217702659616408
S0_BASELINE,2030,Rest of America,Manufac,827.3108371771682,1.3919362422676798,1473.6983522848388,1058.7398217296177
S0_BASELINE,2030,Rest of America,Petro,40.14239673250308,1.8055023294996757,92.75170328287786,51.37168908766637
S0_BASELINE,2030,Rest of America,Power,27.18835804166925,2.186360195749399,76.07207006463334,34.79393300421695
S0_BASELINE,2030,Rest of America,WatWaste,18.66134093658673,1.2966663954899833,30.966465995516028,23.881598307723827
S0_BASELINE,2030,Rest of America,OthServ,1756.0839438603423,1.3306120200405167,2990.31718167924,2247.3246490076194
S0_BASELINE,2030,Rest of America,Transport,233.01391516330403,1.2578926237500356,375.0990543784708,298.19640310135344
S0_BASELINE,2030,Brazil,Rice,0.0262101517108995,1.4530864385300577,0.0487395512334411,0.0335420866811611
S0_BASELINE,2030,Brazil,Crops nec,12.524823880327537,1.5137197287329045,24.262616891130044,16.028473925672024
S0_BASELINE,2030,Brazil,"Bovine cattle, sheep and goats, horses",0.9148352198764064,1.719969958463984,2.013651357551112,1.1707479820577418
S0_BASELINE,2030,Brazil,Animal products nec,14.319337502753426,1.67486573054009,30.691878037772504,18.324978268040294
S0_BASELINE,2030,Brazil,Forestry,0.8728146861581252,1.648810953366771,1.841676942522944,1.1169727730365724
S0_BASELINE,2030,Brazil,Coal,0.0021890101864179,1.48748051294443,0.0041669626640041,0.0028013571101574
S0_BASELINE,2030,Brazil,Oil,8.497971590865607e-05,1.7271515249267455,0.0001878305616173,0.0001087516404324
S0_BASELINE,2030,Brazil,Gas,0.270441083000129,2.0311120020063504,0.7029542818705435,0.3460933221747944
S0_BASELINE,2030,Brazil,Mine,0.3654678573234376,1.7807416175743611,0.8328573782852896,0.4677025458729175
S0_BASELINE,2030,Brazil,Manufac,433.58508074653946,1.638450084421619,909.1343916440956,554.8746435488039
S0_BASELINE,2030,Brazil,Petro,18.473602239125626,3.2148733101641005,76.0039202221321,23.641342166261044
S0_BASELINE,2030,Brazil,Power,18.418938057801224,4.326933164655539,101.99181401083558,23.57138649743976
S0_BASELINE,2030,Brazil,WatWaste,15.188272700876327,1.8001115003388,34.988742522156166,19.43698627753044
S0_BASELINE,2030,Brazil,OthServ,950.2821142049526,1.4418492122241855,1753.4482038255585,1216.1106730497604
S0_BASELINE,2030,Brazil,Transport,95.02045796238352,1.3870596699265565,168.66804277523374,121.60114288272251
S0_BASELINE,2030,"EU, UK and EFTA",Rice,0.0285514313702837,1.7536013498494956,0.0640736255013975,0.036538307393996
S0_BASELINE,2030,"EU, UK and EFTA",Crops nec,128.68555396936588,1.6119896184440767,265.4682450254384,164.68359092721116
S0_BASELINE,2030,"EU, UK and EFTA","Bovine cattle, sheep and goats, horses",3.911763987591129,1.597194489048442,7.995598705564642,5.006029542263751
S0_BASELINE,2030,"EU, UK and EFTA",Animal products nec,41.22174904645351,1.628635386149653,85.91536184045044,52.75297698576518
S0_BASELINE,2030,"EU, UK and EFTA",Forestry,8.162004434060426,1.5577926509883278,16.271478581049468,10.445214816907946
S0_BASELINE,2030,"EU, UK and EFTA",Coal,1.2213844095992947,9.511071324957385,14.866281511375504,1.563050211885906
S0_BASELINE,2030,"EU, UK and EFTA",Oil,0.0179169531843022,1.7860502399277278,0.0409523069501691,0.0229289770318583
S0_BASELINE,2030,"EU, UK and EFTA",Gas,24.717267172220247,4.437614921833479,140.3688063928003,31.63159042501695
S0_BASELINE,2030,"EU, UK and EFTA",Mine,2.2957036694379185,1.8405750367168925,5.407417443685352,2.9378955820371617
S0_BASELINE,2030,"EU, UK and EFTA",Manufac,2289.8900015832287,1.691414494678996,4956.615271302153,2930.4562798055163
S0_BASELINE,2030,"EU, UK and EFTA",Petro,67.58710823339487,5.16708977040739,446.9206418704135,86.49368877387184
S0_BASELINE,2030,"EU, UK and EFTA",Power,103.21816015237091,5.255946324592284,694.2686849091729,132.09204313380118
S0_BASELINE,2030,"EU, UK and EFTA",WatWaste,55.92775250629342,1.3699150024251026,98.0486302420386,71.57278375581764
S0_BASELINE,2030,"EU, UK and EFTA",OthServ,7549.883035819625,1.3638259941955315,13177.09657932478,9661.86052765264
S0_BASELINE,2030,"EU, UK and EFTA",Transport,499.53603352801406,1.3232183808900149,845.899733105268,639.2744738413317
S0_BASELINE,2030,Eastern Europe,Rice,0.0052660409401573,1.4911906722322956,0.0100493495184371,0.006739144569887
S0_BASELINE,2030,Eastern Europe,Crops nec,10.25630155186384,1.450417581592057,19.037257253721144,13.125363140172327
S0_BASELINE,2030,Eastern Europe,"Bovine cattle, sheep and goats, horses",0.9097289894739284,1.4860845434653105,1.7301194685327992,1.1642131814874168
S0_BASELINE,2030,Eastern Europe,Animal products nec,4.6345616959122,1.5804516937351776,9.37368674519182,5.9310175334941
S0_BASELINE,2030,Eastern Europe,Forestry,0.4303712572805105,1.5180709770190028,0.8360954846880511,0.5507617860436292
S0_BASELINE,2030,Eastern Europe,Coal,0.1344506137727615,1.787722057078336,0.3075978740063679,0.172061348080538
S0_BASELINE,2030,Eastern Europe,Oil,0.0032306919008346,1.585195465757694,0.0065538863510444,0.0041344336921062
S0_BASELINE,2030,Eastern Europe,Gas,1.6065553923719589,1.4694531760366265,3.0211479779651507,2.055967486293693
S0_BASELINE,2030,Eastern Europe,Mine,0.3574082606354559,1.511843772251393,0.6914997748200681,0.4573883758167765
S0_BASELINE,2030,Eastern Europe,Manufac,70.87811762656915,1.5271311196619863,138.51890319556827,90.705314223864
S0_BASELINE,2030,Eastern Europe,Petro,4.26916154583142,2.6035665848394505,14.2243300148212,5.463401773855539
S0_BASELINE,2030,Eastern Europe,Power,17.993506809180356,1.7310667158412858,39.86118087525245,23.026946677145965
S0_BASELINE,2030,Eastern Europe,WatWaste,0.7847554259868188,1.34727356562316,1.3530400680942023,1.0042801272937465
S0_BASELINE,2030,Eastern Europe,OthServ,108.22388228709303,1.367379120401674,189.3793384100493,138.49804782096058
S0_BASELINE,2030,Eastern Europe,Transport,10.247203251474309,1.2507612450372327,16.402132215183624,13.11371963337905
S0_BASELINE,2030,Russia,Rice,0.0023980995122973,1.4166738813458264,0.0043476805823252,0.0030689353700383
S0_BASELINE,2030,Russia,Crops nec,22.43850145221573,1.4485615846867683,41.59597943520774,28.71536801211163
S0_BASELINE,2030,Russia,"Bovine cattle, sheep and goats, horses",0.0679035486435686,2.7600501876112724,0.2398446260300836,0.0868986482292039
S0_BASELINE,2030,Russia,Animal products nec,5.3833157186688565,1.4223325149901678,9.798769257169656,6.889225378178159
S0_BASELINE,2030,Russia,Forestry,0.235188999068991,1.36669023305533,0.4113463389695557,0.3009799364977882
S0_BASELINE,2030,Russia,Coal,0.1886761478725929,1.530425298072993,0.3695299801110116,0.2414557473393342
S0_BASELINE,2030,Russia,Oil,0.0001426501285939,1.4833707288163207,0.0002707961054897,0.0001825545699599
S0_BASELINE,2030,Russia,Gas,10.34546052715683,1.2221093009888016,16.180070856159972,13.239463005008776
S0_BASELINE,2030,Russia,Mine,0.1341669713876089,1.3685805788702248,0.2349830469744507,0.1716983636157462
S0_BASELINE,2030,Russia,Manufac,263.5524811077123,1.276900063655975,430.66993963622855,337.27772777228813
S0_BASELINE,2030,Russia,Petro,18.288576025125543,1.2450240216407764,29.139236254335785,23.4045574865904
S0_BASELINE,2030,Russia,Power,61.67526628121448,1.5767364618764816,124.44879211833398,78.92808667012754
S0_BASELINE,2030,Russia,WatWaste,4.696047074172635,1.2741312877820006,7.6571501614643935,6.009702638093719
S0_BASELINE,2030,Russia,OthServ,613.2120105650279,1.283778985175002,1007.4452568512052,784.7497631523518
S0_BASELINE,2030,Russia,Transport,40.24077774241813,1.2500633526460536,64.37525035762944,51.49758923891989
S0_BASELINE,2030,North Africa,Rice,0.1123250175796307,2.807090862631388,0.4035092617645311,0.1437464197435442
S0_BASELINE,2030,North Africa,Crops nec,28.52202902057637,1.6911368922515304,61.72764709107086,36.500683226440366
S0_BASELINE,2030,North Africa,"Bovine cattle, sheep and goats, horses",13.735251203040374,1.5603663733748236,27.42734256741967,17.577502852016433
S0_BASELINE,2030,North Africa,Animal products nec,14.484026129787566,1.6623342914633583,30.812590006423235,18.5357361924564
S0_BASELINE,2030,North Africa,Forestry,1.3444164464280297,1.1998977932528665,2.0644226390450284,1.7204987172265902
S0_BASELINE,2030,North Africa,Coal,0.0033126647946314,1.4172714454114697,0.0060082925572556,0.0042393383845092
S0_BASELINE,2030,North Africa,Oil,0.0231642547217138,1.4981168892331624,0.0444103886502118,0.0296441411328864
S0_BASELINE,2030,North Africa,Gas,4.738489625567074,1.225189524727861,7.429571231367245,6.064017905754816
S0_BASELINE,2030,North Africa,Mine,0.4062585911619502,1.4886241859199785,0.7739415638325907,0.5199039717935935
S0_BASELINE,2030,North Africa,Manufac,231.91748870438283,1.13718338643485,337.50837015164336,296.7932804857915
S0_BASELINE,2030,North Africa,Petro,22.47847764931908,0.6127943572645349,17.62796561643925,28.76652861786823
S0_BASELINE,2030,North Africa,Power,19.966923163493853,1.0571970265083823,27.01392074909757,25.552399606418973
S0_BASELINE,2030,North Africa,WatWaste,2.608869179109932,0.946921962579056,3.1614552108169454,3.3386649964093342
S0_BASELINE,2030,North Africa,OthServ,278.4165249593916,0.943084877976253,336.02093156013854,356.2997765828548
S0_BASELINE,2030,North Africa,Transport,50.78336217770784,0.9592782885331826,62.34284358333773,64.98932046266721
S0_BASELINE,2030,Sub Saharan,Rice,5.434641470213313,1.587715252234246,11.042414799697276,6.95490881479228
S0_BASELINE,2030,Sub Saharan,Crops nec,145.37574585447896,1.5252305510014583,283.7579209586517,186.04264309538272
S0_BASELINE,2030,Sub Saharan,"Bovine cattle, sheep and goats, horses",11.305971074903663,1.568890634319161,22.69975042197809,14.468663423532703
S0_BASELINE,2030,Sub Saharan,Animal products nec,47.35655741172644,1.5583835292319403,94.44413972045928,60.60391280693985
S0_BASELINE,2030,Sub Saharan,Forestry,25.13877805685856,1.2811054876422778,41.21445838784432,32.17101067568056
S0_BASELINE,2030,Sub Saharan,Coal,0.0134516759863479,1.645957510348286,0.0283345004026113,0.017214599852633
S0_BASELINE,2030,Sub Saharan,Oil,0.002654913327202,2.005547866516913,0.006814028114941,0.0033975893446244
S0_BASELINE,2030,Sub Saharan,Gas,0.0231928328039774,1.6638091401863448,0.0493830426551293,0.0296807135565728
S0_BASELINE,2030,Sub Saharan,Mine,0.944111788856258,1.5562190587389322,1.8802460808210948,1.2082148588036372
S0_BASELINE,2030,Sub Saharan,Manufac,480.2807383907731,1.300290362402767,799.2010670498559,614.6327931044843
S0_BASELINE,2030,Sub Saharan,Petro,15.79029855273244,1.2356346255995627,24.96898871462743,20.207422717997023
S0_BASELINE,2030,Sub Saharan,Power,10.12532670563768,2.2868221543259235,29.632069107500843,12.957749737782404
S0_BASELINE,2030,Sub Saharan,WatWaste,6.245668258329337,1.2240592348135837,9.783672109032032,7.992809359776969
S0_BASELINE,2030,Sub Saharan,OthServ,402.5373784453626,1.1791935759247991,607.4518516577593,515.1417571889043
S0_BASELINE,2030,Sub Saharan,Transport,46.6923073104952,1.18530686671566,70.82664618345581,59.75384796263698
S0_BASELINE,2030,South Africa,Rice,0.000434975266133,1.5508706078750576,0.0008632978704086,0.0005566537063212
S0_BASELINE,2030,South Africa,Crops nec,1.3498548416923968,1.6352999142111928,2.8249126562335256,1.7274584953101042
S0_BASELINE,2030,South Africa,"Bovine cattle, sheep and goats, horses",0.6848333333697934,1.7308102673060186,1.5168928194042155,0.876406099685326
S0_BASELINE,2030,South Africa,Animal products nec,0.7954612966784578,1.7328075475698617,1.7639648488515396,1.0179808224748006
S0_BASELINE,2030,South Africa,Forestry,0.21920865296904,1.6023530048060377,0.449506974146617,0.280529302277687
S0_BASELINE,2030,South Africa,Coal,0.6306446232170613,1.6966564851125472,1.3693017417779438,0.8070589149313464
S0_BASELINE,2030,South Africa,Oil,4.302566288641352e-06,1.5058294079660512,8.291323998509366e-06,5.506150803673964e-06
S0_BASELINE,2030,South Africa,Gas,0.003293566999156,1.4515711726755574,0.0061182240810347,0.0042148974318664
S0_BASELINE,2030,South Africa,Mine,0.054995735149496,1.584759754210976,0.1115354662609505,0.0703800474715699
S0_BASELINE,2030,South Africa,Manufac,70.88881713445015,1.4563676327801132,132.12022049529608,90.71900758212192
S0_BASELINE,2030,South Africa,Petro,4.9176158454401175,1.356106382962942,8.53431957580807,6.293252137312719
S0_BASELINE,2030,South Africa,Power,7.485737688870011,1.786735003905921,17.11651292125673,9.579771423444546
S0_BASELINE,2030,South Africa,WatWaste,2.0263456126845294,1.6604551002648014,4.305872825399313,2.5931883512831937
S0_BASELINE,2030,South Africa,OthServ,146.3034276509847,1.5453386609216164,289.333494693625,187.22982932713387
S0_BASELINE,2030,South Africa,Transport,18.674052235891267,1.4361033658575575,34.31980496690705,23.897865347173155
S0_BASELINE,2050,Australia_Oceania,Rice,0.004794951665787,5.362932034340965,0.0329084228173358,0.006136274448281
S0_BASELINE,2050,Australia_Oceania,Crops nec,5.83664261606037,5.062440050576844,37.81320915760311,7.469364515562911
S0_BASELINE,2050,Australia_Oceania,"Bovine cattle, sheep and goats, horses",0.16500159152018,4.678115111059276,0.9878240124851084,0.2111585508429602
S0_BASELINE,2050,Australia_Oceania,Animal products nec,1.933682775893441,5.895444483361026,14.588892515972663,2.4746043600164254
S0_BASELINE,2050,Australia_Oceania,Forestry,0.1340597739319459,5.1921102264687615,0.890764556790119,0.1715611800887365
S0_BASELINE,2050,Australia_Oceania,Coal,0.0032834274012844,3.832175338633012,0.0161025008852278,0.0042019218166917
S0_BASELINE,2050,Australia_Oceania,Oil,3.05292539399046e-05,1.6230090243932578,6.340998752723189e-05,3.9069396753369655e-05
S0_BASELINE,2050,Australia_Oceania,Gas,1.73591983006306,2.9799026113784404,6.619912923091678,2.2215198927511155
S0_BASELINE,2050,Australia_Oceania,Mine,0.0725386543277896,3.2358320873239004,0.3003834588097606,0.0928303610915855
S0_BASELINE,2050,Australia_Oceania,Manufac,252.718334478837,2.3459777966197835,758.7194019197457,323.4128719311793
S0_BASELINE,2050,Australia_Oceania,Petro,18.75955114018854,2.546997938278348,61.14649644608145,24.007283998337854
S0_BASELINE,2050,Australia_Oceania,Power,17.809889137803907,3.1128433197458905,70.94781412668738,22.791964400095345
S0_BASELINE,2050,Australia_Oceania,WatWaste,12.36071959955492,1.8746278506344605,29.65373221103811,15.818463491876493
S0_BASELINE,2050,Australia_Oceania,OthServ,1403.586866295272,1.9268446497391036,3461.039365848713,1796.221274108318
S0_BASELINE,2050,Australia_Oceania,Transport,64.850809104694,1.5583450154248797,129.33008316805825,82.99194626385376
S0_BASELINE,2050,China,Rice,26.79986646652698,8.091565231344164,277.5145203067132,34.29676612235383
S0_BASELINE,2050,China,Crops nec,205.9906748631361,7.628423307333451,2010.9574740313933,263.6137792222599
S0_BASELINE,2050,China,"Bovine cattle, sheep and goats, horses",10.476876203878849,7.431428916652373,99.6379267142361,13.407640418024611
S0_BASELINE,2050,China,Animal products nec,152.72820871540156,8.4161212482995,1644.946522455865,195.4518562116138
S0_BASELINE,2050,China,Forestry,2.435518613696056,2.8683958432208234,8.940279149167605,3.1168218146944624
S0_BASELINE,2050,China,Coal,5.488099989494708,2.268790850075264,15.9344478481235,7.023321737355165
S0_BASELINE,2050,China,Oil,0.0005278265585486,1.4665666826173502,0.0009906348337351,0.0006754790733571
S0_BASELINE,2050,China,Gas,8.213991070451677,2.1659697169648315,22.76811878431932,10.511746555141135
S0_BASELINE,2050,China,Mine,0.179289714136337,3.496510427902229,0.8022518816125407,0.2294435680298812
S0_BASELINE,2050,China,Manufac,3484.5246720875166,1.7613032003457845,7854.13225235112,4459.273326712774
S0_BASELINE,2050,China,Petro,257.77995576855886,0.7942350014289947,262.01050781428194,329.8904122286929
S0_BASELINE,2050,China,Power,251.74027301731763,1.236684791428603,398.41186227342615,322.1612048092908
S0_BASELINE,2050,China,WatWaste,38.45670887367645,0.791483183115097,38.952411368446704,49.21445223446103
S0_BASELINE,2050,China,OthServ,9785.014154632,0.948585747810787,11878.4177613689,12522.239274303103
S0_BASELINE,2050,China,Transport,1363.0695183784794,0.6919610898424038,1207.0359962075277,1744.3697317327842
S0_BASELINE,2050,Japan,Rice,0.0327882450336682,2.98562046901755,0.1252775678421143,0.0419603124854876
S0_BASELINE,2050,Japan,Crops nec,23.224842640388868,3.3065917027134524,98.2774532134423,29.72167916746046
S0_BASELINE,2050,Japan,"Bovine cattle, sheep and goats, horses",1.35397331877993,2.5567693838115497,4.430188498476004,1.7327290489481106
S0_BASELINE,2050,Japan,Animal products nec,9.372808581344582,2.82224469431196,33.85204851976334,11.994724864655524
S0_BASELINE,2050,Japan,Forestry,1.6175860662433192,2.629747141659997,5.443797111370404,2.0700839389553947
S0_BASELINE,2050,Japan,Coal,0.0047509739901798,1.705421572289763,0.0103689539756647,0.0060799961687155
S0_BASELINE,2050,Japan,Oil,0.0001881222779297,1.7795375184459064,0.0004284182071623,0.000240747013638
S0_BASELINE,2050,Japan,Gas,5.887693143180712,1.9070211530522476,14.368823804801748,7.534696113388077
S0_BASELINE,2050,Japan,Mine,0.0455551009143724,2.9703569552009834,0.1731674243975851,0.0582985395254142
S0_BASELINE,2050,Japan,Manufac,603.0410435765376,1.942782585591477,1499.3106137477666,771.7336304141851
S0_BASELINE,2050,Japan,Petro,52.2155614497624,2.019536747086991,134.94980266680273,66.82215795215872
S0_BASELINE,2050,Japan,Power,56.65123818439635,2.6511059380644597,192.20161413650425,72.49865476032747
S0_BASELINE,2050,Japan,WatWaste,22.036595111099174,1.9687468510584705,55.52069712284188,28.20103411907319
S0_BASELINE,2050,Japan,OthServ,2448.8710327564627,2.007358605431351,6290.880275159901,3133.90953240555
S0_BASELINE,2050,Japan,Transport,174.957944865206,1.7500300026039204,391.8318230104854,223.90006018896915
S0_BASELINE,2050,South Korea,Rice,0.0066414587007988,10.28293820342964,0.087397949609469,0.008499316818139
S0_BASELINE,2050,South Korea,Crops nec,9.120555242257923,7.477531641284367,87.27705419791562,11.67190698747882
S0_BASELINE,2050,South Korea,"Bovine cattle, sheep and goats, horses",0.1461475317065914,4.791363514828642,0.896130271648013,0.1870303247213597
S0_BASELINE,2050,South Korea,Animal products nec,3.117669856085846,5.70803024802587,22.773874946600287,3.989795808607564
S0_BASELINE,2050,South Korea,Forestry,0.6037528910100994,2.9284711914407087,2.262667407832061,0.7726445281832205
S0_BASELINE,2050,South Korea,Coal,0.0893126114273069,2.385883868345485,0.272698425574105,0.1142966462173185
S0_BASELINE,2050,South Korea,Oil,2.303361129875483e-05,1.5787336573333994,4.653625636974536e-05,2.9476953741106128e-05
S0_BASELINE,2050,South Korea,Gas,7.846572632546355,1.9129981655311508,19.209457258771568,10.041547068998952
S0_BASELINE,2050,South Korea,Mine,0.0234620572633871,3.388730110710697,0.1017474687689845,0.0300252483473795
S0_BASELINE,2050,South Korea,Manufac,219.04085172491736,2.092433341134824,586.5395380893177,280.31456911524253
S0_BASELINE,2050,South Korea,Petro,20.74206595543894,2.125381876099968,56.41693984535697,26.544377733511865
S0_BASELINE,2050,South Korea,Power,14.338538373590334,2.188079246640725,40.15027014607056,18.349550276932963
S0_BASELINE,2050,South Korea,WatWaste,4.248640083461291,1.770834686940933,9.628275404229624,5.437139602796689
S0_BASELINE,2050,South Korea,OthServ,832.8355710434885,2.0000734144123875,2131.698329410142,1065.810048746401
S0_BASELINE,2050,South Korea,Transport,51.563920336232506,1.3714571132960265,90.50002557396968,65.98822651743035
S0_BASELINE,2050,Rest of World,Rice,0.000216313459459,6.618322288985279,0.0018321119047589,0.0002768242149503
S0_BASELINE,2050,Rest of World,Crops nec,0.2299110133368464,6.001482436635096,1.765789202553388,0.2942256303602399
S0_BASELINE,2050,Rest of World,"Bovine cattle, sheep and goats, horses",0.6263912056797316,7.213421288972034,5.782391477401428,0.8016156633126246
S0_BASELINE,2050,Rest of World,Animal products nec,0.3220638931351853,6.051775716009221,2.494281149360353,0.4121569313328232
S0_BASELINE,2050,Rest of World,Forestry,0.0086107175116645,2.7011816396442363,0.0297655336113262,0.011019449014679
S0_BASELINE,2050,Rest of World,Coal,0.0446880768790025,1.4765396626400211,0.0844417693489973,0.0571889609325467
S0_BASELINE,2050,Rest of World,Oil,1.081610681168024e-05,1.6548284503832242,2.290574850257132e-05,1.3841771396876988e-05
S0_BASELINE,2050,Rest of World,Gas,0.0164004265878128,0.7974046765640359,0.0167361078045439,0.0209882288338856
S0_BASELINE,2050,Rest of World,Mine,0.0343454646201093,4.126302065264069,0.1813639453932329,0.0439531440662845
S0_BASELINE,2050,Rest of World,Manufac,16.301309258884018,1.683916888934354,35.1288296585769,20.86138283259128
S0_BASELINE,2050,Rest of World,Petro,0.7395821528181012,1.2087656356375656,1.1440607047499012,0.9464703842003112
S0_BASELINE,2050,Rest of World,Power,1.708153477366696,1.737038977099184,3.797143366152133,2.1859863925460443
S0_BASELINE,2050,Rest of World,WatWaste,0.3032859142318143,1.1984888534129237,0.4651647337577679,0.3881260409083932
S0_BASELINE,2050,Rest of World,OthServ,45.25805258713223,1.3102016119330957,75.88475458215102,57.918379743401694
S0_BASELINE,2050,Rest of World,Transport,7.332954774032351,1.2609173682487216,11.83276324771228,9.384249538938722
S0_BASELINE,2050,Southeast Asia,Rice,1.22219573076856,8.894622401664972,13.911976010431474,1.564088433062482
S0_BASELINE,2050,Southeast Asia,Crops nec,56.90863260511167,7.602411541627855,553.6688214360469,72.82805420422464
S0_BASELINE,2050,Southeast Asia,"Bovine cattle, sheep and goats, horses",2.849653161890671,6.9571410780627545,25.3713371274754,3.6468050253234616
S0_BASELINE,2050,Southeast Asia,Animal products nec,40.12379199071151,6.633897741702547,340.6365808477102,51.34787839567406
S0_BASELINE,2050,Southeast Asia,Forestry,1.2673101722155418,1.9860375183791177,3.2210013816881653,1.621823029208627
S0_BASELINE,2050,Southeast Asia,Coal,0.3003332401038988,1.3899607741815545,0.5342278043677886,0.3843474469170493
S0_BASELINE,2050,Southeast Asia,Oil,0.0002267916550567,1.4743163475110508,0.0004278960655993,0.0002902335166487
S0_BASELINE,2050,Southeast Asia,Gas,0.1705105865386506,1.3579542188088836,0.2963173075021598,0.2182086263464171
S0_BASELINE,2050,Southeast Asia,Mine,0.2027559872190742,3.4215374338602587,0.887800785723206,0.2594742326959479
S0_BASELINE,2050,Southeast Asia,Manufac,763.949484132258,1.8814749765755592,1839.431546328036,977.6540658355866
S0_BASELINE,2050,Southeast Asia,Petro,65.59229467815433,0.7149762134212964,60.01571158984071,83.9408563259338
S0_BASELINE,2050,Southeast Asia,Power,65.17019931658832,1.133249997387813,94.51382026186464,83.40067986079427
S0_BASELINE,2050,Southeast Asia,WatWaste,23.15081584945192,0.6924705070026784,20.51578425381897,29.626943030136555
S0_BASELINE,2050,Southeast Asia,OthServ,2188.0410377810203,0.8406491800521704,2353.9151206132638,2800.1158805043965
S0_BASELINE,2050,Southeast Asia,Transport,481.3475210629133,0.6424796384125478,395.7661533647594,615.9979640961383
S0_BASELINE,2050,"Central, Western and South Asia",Rice,0.5759861694078123,6.211586234226727,4.578625428197921,0.7371104984866748
S0_BASELINE,2050,"Central, Western and South Asia",Crops nec,108.52133053585229,4.485479208534442,622.9375343590996,138.8787046770615
S0_BASELINE,2050,"Central, Western and South Asia","Bovine cattle, sheep and goats, horses",23.27802709889527,4.421478963865207,131.71470827687523,29.789740594478108
S0_BASELINE,2050,"Central, Western and South Asia",Animal products nec,46.475885939047096,5.1296113639548695,305.0933079747187,59.4768853814074
S0_BASELINE,2050,"Central, Western and South Asia",Forestry,8.728419181784435,2.817498574031576,31.47167384085096,11.17007633168858
S0_BASELINE,2050,"Central, Western and South Asia",Coal,1.3910640876731737,1.641543630243646,2.9222684606457,1.7801955371074778
S0_BASELINE,2050,"Central, Western and South Asia",Oil,0.0110459895817297,1.8935672976945608,0.0267673831626327,0.0141359556592648
S0_BASELINE,2050,"Central, Western and South Asia",Gas,33.49103966401468,1.0636337740267936,45.58702913873083,42.859705000684286
S0_BASELINE,2050,"Central, Western and South Asia",Mine,2.479805933582304,4.024998703406975,12.7733255608744,3.1734982426900777
S0_BASELINE,2050,"Central, Western and South Asia",Manufac,1536.332742553564,1.5962876509428408,3138.462776495061,1966.1010502635968
S0_BASELINE,2050,"Central, Western and South Asia",Petro,137.2148494324756,0.8992614602876474,157.90927384271262,175.59884833532342
S0_BASELINE,2050,"Central, Western and South Asia",Power,168.50710982813897,1.188600227792584,256.3153294120024,215.6446916647793
S0_BASELINE,2050,"Central, Western and South Asia",WatWaste,46.88796018480864,0.9551029142396682,57.31021682876481,60.00423197487417
S0_BASELINE,2050,"Central, Western and South Asia",OthServ,3504.971045316529,1.060771996916189,4758.028321162855,4485.439220171716
S0_BASELINE,2050,"Central, Western and South Asia",Transport,752.9260074649428,0.9522734637044784,917.5601059399196,963.5468589805351
S0_BASELINE,2050,India,Rice,12.991123359303364,6.134405988232107,101.9858133126926,16.62521416230908
S0_BASELINE,2050,India,Crops nec,126.35789815456523,10.541132277403175,1704.5517786424257,161.70480870582728
S0_BASELINE,2050,India,"Bovine cattle, sheep and goats, horses",0.6740494448419144,9.932780222664144,8.568072314952648,0.8626056479250166
S0_BASELINE,2050,India,Animal products nec,59.352329163346994,10.87668898128561,826.1426026422577,75.95533941311956
S0_BASELINE,2050,India,Forestry,16.684730676989524,2.124492219448181,45.36228130146088,21.35205828136801
S0_BASELINE,2050,India,Coal,0.5377203695812419,0.9769175630627168,0.672256403418212,0.6881404463628821
S0_BASELINE,2050,India,Oil,4.197194323333528e-05,1.4539529966031828,7.80962149183374e-05,5.3713012410328406e-05
S0_BASELINE,2050,India,Gas,1.5637255387289644,0.8579706785421859,1.7169336675123088,2.001156719062725
S0_BASELINE,2050,India,Mine,0.0385167135234857,3.5425930955252416,0.1746188151605807,0.0492912424231919
S0_BASELINE,2050,India,Manufac,619.8540876148078,1.9526274879248164,1548.92150697232,793.2498748733744
S0_BASELINE,2050,India,Petro,161.49518229207646,0.5343089823854736,110.4263171295483,206.6712706873347
S0_BASELINE,2050,India,Power,185.72742433296676,0.6853028594075558,162.8842609492549,237.6821560221955
S0_BASELINE,2050,India,WatWaste,8.921345333560318,0.715771970689481,8.17194772924363,11.416970857726932
S0_BASELINE,2050,India,OthServ,3063.851725099465,0.7286462221288188,2856.965547009387,3920.9227725623055
S0_BASELINE,2050,India,Transport,470.26151342083807,0.4209217897379868,253.315280028456,601.8108021799694
S0_BASELINE,2050,Canada,Rice,0.0015314705425524,2.911085847697771,0.0057053751002048,0.0019598786839111
S0_BASELINE,2050,Canada,Crops nec,4.98501709717744,3.532368999283169,22.53477668237794,6.379508783310052
S0_BASELINE,2050,Canada,"Bovine cattle, sheep and goats, horses",0.5301937423071327,3.0477751888150317,2.0679406419671094,0.6785082675406084
S0_BASELINE,2050,Canada,Animal products nec,2.2945372872395016,7.20100474052221,21.145052032863475,2.9364029353011656
S0_BASELINE,2050,Canada,Forestry,0.3837644528619445,8.054007149941715,3.955462734506317,0.4911173646644273
S0_BASELINE,2050,Canada,Coal,0.0026042362008482,3.010990069746834,0.0100348350169079,0.0033327360520528
S0_BASELINE,2050,Canada,Oil,0.0069381356647909,2.438012475247675,0.0216470765491611,0.0088789856057181
S0_BASELINE,2050,Canada,Gas,4.166086115304636,2.485529152095487,13.25157948357901,5.331492319184341
S0_BASELINE,2050,Canada,Mine,0.0858472175591407,3.0872097668649467,0.339166464949889,0.1098618161219844
S0_BASELINE,2050,Canada,Manufac,282.38416270008804,2.319629490351831,838.2614596098504,361.37732174258366
S0_BASELINE,2050,Canada,Petro,28.096923020292863,2.319274584820173,83.39335999218686,35.95665594013512
S0_BASELINE,2050,Canada,Power,19.46749124603225,3.681400448004334,91.7156800713325,24.913258380560155
S0_BASELINE,2050,Canada,WatWaste,1.436183879688224,1.6170772594031375,2.9720859131405395,1.8379368691414968
S0_BASELINE,2050,Canada,OthServ,1300.9835164481742,1.809322020246544,3012.369242451085,1664.9160328669905
S0_BASELINE,2050,Canada,Transport,96.15607539692792,1.4669457664298422,180.51418263115684,123.05443633896998
S0_BASELINE,2050,United States,Rice,0.0174656306600133,3.788684222693477,0.0846824127351506,0.022351404275369
S0_BASELINE,2050,United States,Crops nec,68.30832341447325,4.506354772225588,393.9304455392951,87.41664957867152
S0_BASELINE,2050,United States,"Bovine cattle, sheep and goats, horses",1.646620396577258,4.4557012026333975,9.389232470845478,2.1072401569664234
S0_BASELINE,2050,United States,Animal products nec,18.326703792906557,4.149125701958517,97.31090124450246,23.453350896754653
S0_BASELINE,2050,United States,Forestry,0.6548178088187874,3.783876580679835,3.1708667103507007,0.8379942213643352
S0_BASELINE,2050,United States,Coal,0.0132956491713697,3.577364234898581,0.0608685911147815,0.0170149269345914
S0_BASELINE,2050,United States,Oil,0.0006625179940365,1.9599614754303345,0.0016617502587623,0.000847848368845
S0_BASELINE,2050,United States,Gas,22.37533653972426,2.395411130034812,68.59148115114537,28.63453399353442
S0_BASELINE,2050,United States,Mine,0.2997738140231842,2.2041514763274157,0.8455818891367259,0.3836314793630777
S0_BASELINE,2050,United States,Manufac,3293.769719331902,1.7591606574285752,7415.138686884591,4215.157287266664
S0_BASELINE,2050,United States,Petro,215.60623796077607,1.8312569730753008,505.2788908388341,275.919148738547
S0_BASELINE,2050,United States,Power,192.18277347324036,2.7627800811028185,679.487254063244,245.94330190725853
S0_BASELINE,2050,United States,WatWaste,98.24644475027732,1.7020036078878782,213.9921596004108,125.72955698760684
S0_BASELINE,2050,United States,OthServ,19552.799297916543,1.6515055474029092,41324.68207149256,25022.430121680507
S0_BASELINE,2050,United States,Transport,944.5285913463616,1.419651139296359,1716.0000092724151,1208.7477056764678
S0_BASELINE,2050,Rest of America,Rice,0.2141664421252105,5.199688809339405,1.4251130484154593,0.2740766106975898
S0_BASELINE,2050,Rest of America,Crops nec,41.34327780083132,4.78855633948629,253.3553321122017,52.9085006432165
S0_BASELINE,2050,Rest of America,"Bovine cattle, sheep and goats, horses",3.731794054723297,4.932311462266724,23.55530346074742,4.775712888816295
S0_BASELINE,2050,Rest of America,Animal products nec,22.33970897169273,4.740606228831345,135.52890693953023,28.588940002048545
S0_BASELINE,2050,Rest of America,Forestry,3.0956134191798865,2.652133769132032,10.50661183866219,3.961569343509319
S0_BASELINE,2050,Rest of America,Coal,0.0141041474441068,2.3062972801422994,0.0416277241521514,0.0180495938976144
S0_BASELINE,2050,Rest of America,Oil,0.0007216832647397,2.3489741910877364,0.0021694289001647,0.0009235643529741
S0_BASELINE,2050,Rest of America,Gas,5.618830748385766,2.3900888713193598,17.186226926562693,7.190623396744975
S0_BASELINE,2050,Rest of America,Mine,0.1904585910456956,3.142934415476703,0.7660487840971119,0.2437367408582935
S0_BASELINE,2050,Rest of America,Manufac,1195.6720463223382,2.0202459511471225,3091.26945635054,1530.1450824574497
S0_BASELINE,2050,Rest of America,Petro,82.52837083029704,1.7780733248773322,187.7904403430492,105.61456595273134
S0_BASELINE,2050,Rest of America,Power,41.136065516231554,2.810320086539006,147.94458715433942,52.64332275730783
S0_BASELINE,2050,Rest of America,WatWaste,26.421603596321464,1.563217938095388,52.85660250838228,33.81268933874761
S0_BASELINE,2050,Rest of America,OthServ,3110.563353280221,1.6170918872824098,6437.159811379445,3980.7013329667857
S0_BASELINE,2050,Rest of America,Transport,515.6141794581852,1.3814219032502484,911.5316054607138,659.8502651428795
S0_BASELINE,2050,Brazil,Rice,0.0271523362716953,4.085896085997208,0.141976041315339,0.0347478346125903
S0_BASELINE,2050,Brazil,Crops nec,13.074041565137485,4.165058628703876,69.68696044467033,16.73132782801879
S0_BASELINE,2050,Brazil,"Bovine cattle, sheep and goats, horses",1.0041241123212177,4.816838133465796,6.1897055571430535,1.2850142328302645
S0_BASELINE,2050,Brazil,Animal products nec,15.28375796088429,4.923059366803997,96.29101534014627,19.55918228991653
S0_BASELINE,2050,Brazil,Forestry,0.907936539764068,4.946135246746479,5.747010940005956,1.161919489491464
S0_BASELINE,2050,Brazil,Coal,0.0027368488370716,1.8004378535279195,0.006305934972548,0.0035024464466759
S0_BASELINE,2050,Brazil,Oil,0.0001368441197429,2.7538602934553205,0.0004822681557302,0.0001751244087655
S0_BASELINE,2050,Brazil,Gas,0.4359849923593276,3.198797704263598,1.7847560282691686,0.5579459035960157
S0_BASELINE,2050,Brazil,Mine,0.423386318531856,3.918883772560228,2.123340996406413,0.5418229130061777
S0_BASELINE,2050,Brazil,Manufac,665.1256095991758,2.7242546148457443,2318.845999675196,851.1855041369967
S0_BASELINE,2050,Brazil,Petro,43.50415310676599,3.3785802337357085,188.09857151544315,55.67385049961665
S0_BASELINE,2050,Brazil,Power,27.088102325565444,6.875023159168691,238.32702323571263,34.66563204645045
S0_BASELINE,2050,Brazil,WatWaste,21.425741773330103,2.6695680192530165,73.1976939609141,27.419302842126324
S0_BASELINE,2050,Brazil,OthServ,1651.567129386683,2.2429468925034834,4740.626753733429,2113.5706789406318
S0_BASELINE,2050,Brazil,Transport,208.79250419201867,1.895994011008998,506.6084228476444,267.19937663472643
S0_BASELINE,2050,"EU, UK and EFTA",Rice,0.0291558248913756,3.788208892830671,0.141344786524109,0.0373117718124412
S0_BASELINE,2050,"EU, UK and EFTA",Crops nec,128.2439204538336,3.9814197102796,653.4243130662543,164.11841643039872
S0_BASELINE,2050,"EU, UK and EFTA","Bovine cattle, sheep and goats, horses",4.14888180833291,3.44074072873845,18.2685279134762,5.309478017017343
S0_BASELINE,2050,"EU, UK and EFTA",Animal products nec,40.13293020258509,4.170247773897176,214.18214851978695,51.359575765755565
S0_BASELINE,2050,"EU, UK and EFTA",Forestry,8.654945788349858,3.200522381457156,35.44914479242759,11.076049850053003
S0_BASELINE,2050,"EU, UK and EFTA",Coal,1.2573964480396025,11.537855715972992,18.56597984589444,1.6091361319878608
S0_BASELINE,2050,"EU, UK and EFTA",Oil,0.0285704424250244,2.055224844274564,0.0751444393679928,0.036562634919835
S0_BASELINE,2050,"EU, UK and EFTA",Gas,34.90041614930452,5.378544138398904,240.223717925239,44.66333845103168
S0_BASELINE,2050,"EU, UK and EFTA",Mine,2.4120182457236674,3.769264711545228,11.634769106147088,3.086747580814553
S0_BASELINE,2050,"EU, UK and EFTA",Manufac,3117.65215086756,2.3326720948921427,9306.83240654949,3989.773883218099
S0_BASELINE,2050,"EU, UK and EFTA",Petro,118.3069419896207,4.990018992405429,755.4973914978232,151.4017108840103
S0_BASELINE,2050,"EU, UK and EFTA",Power,133.03918486520973,7.060277819428455,1202.0482701468438,170.2550958063882
S0_BASELINE,2050,"EU, UK and EFTA",WatWaste,69.63453873123663,1.8251214918249663,162.64361706137538,89.1138577754591
S0_BASELINE,2050,"EU, UK and EFTA",OthServ,11220.992557397763,1.8174583239646476,26098.543856482695,14359.913200911698
S0_BASELINE,2050,"EU, UK and EFTA",Transport,936.465666117139,1.5212689067105674,1823.133158508504,1198.4292539407636
S0_BASELINE,2050,Eastern Europe,Rice,0.0054776952362275,3.788074398621654,0.0265544253482237,0.0070100062886362
S0_BASELINE,2050,Eastern Europe,Crops nec,11.01050388797272,3.2896563011797237,46.35304429109232,14.09054337522464
S0_BASELINE,2050,Eastern Europe,"Bovine cattle, sheep and goats, horses",1.066870825936878,3.429480545700868,4.682316050618502,1.3653132887612314
S0_BASELINE,2050,Eastern Europe,Animal products nec,4.589316240196781,4.940431529940848,29.01572400175866,5.873115274603951
S0_BASELINE,2050,Eastern Europe,Forestry,0.4659468423150864,3.802666540798372,2.2674888392309285,0.5962891590308524
S0_BASELINE,2050,Eastern Europe,Coal,0.1551686446245688,2.466803074220558,0.4898453496518124,0.1985749668577721
S0_BASELINE,2050,Eastern Europe,Oil,0.0059667996441795,1.9618898780673384,0.0149808557934508,0.0076359300856173
S0_BASELINE,2050,Eastern Europe,Gas,2.8485850825062453,1.9544969601808928,7.124997835474367,3.645438146348163
S0_BASELINE,2050,Eastern Europe,Mine,0.4161739503857912,3.032484673906986,1.6150800377127736,0.5325929705311495
S0_BASELINE,2050,Eastern Europe,Manufac,115.25876609586128,2.191263392432904,323.21320156735663,147.50084999239556
S0_BASELINE,2050,Eastern Europe,Petro,10.908192385721506,2.300343211418635,32.11189745801784,13.959611738726572
S0_BASELINE,2050,Eastern Europe,Power,30.225551792450585,2.4256483354344325,93.82587385530972,38.68074060232496
S0_BASELINE,2050,Eastern Europe,WatWaste,1.1107708913090584,1.845193776122263,2.622931887947382,1.4214940033263137
S0_BASELINE,2050,Eastern Europe,OthServ,191.66931144816627,1.928821782615868,473.1133757242105,245.2862057964134
S0_BASELINE,2050,Eastern Europe,Transport,26.143976080755507,1.342927366007433,44.93085709557584,33.45739944950046
S0_BASELINE,2050,Russia,Rice,0.0023337699137708,3.449411995637904,0.010302049869985,0.00298661043763
S0_BASELINE,2050,Russia,Crops nec,21.999516904229534,3.3778165820440496,95.09764216384876,28.153583488581894
S0_BASELINE,2050,Russia,"Bovine cattle, sheep and goats, horses",0.0663697305102936,6.060309498435064,0.5147370154065659,0.0849357652124315
S0_BASELINE,2050,Russia,Animal products nec,5.05798533312719,3.3781149475044976,21.866160458836944,6.472888223626069
S0_BASELINE,2050,Russia,Forestry,0.2305412931100658,3.027847016662629,0.893312055681743,0.2950320977386831
S0_BASELINE,2050,Russia,Coal,0.2018533330060899,2.0686501658061998,0.534371784783292,0.2583190717187665
S0_BASELINE,2050,Russia,Oil,0.0001871262306288,2.0168261736504447,0.0004829739200912,0.0002394722591376
S0_BASELINE,2050,Russia,Gas,13.278167852165042,1.7179945199197133,29.19311716687899,16.992555487652968
S0_BASELINE,2050,Russia,Mine,0.1460918769174383,2.2599291654219926,0.4225143245491751,0.1869590998801796
S0_BASELINE,2050,Russia,Manufac,333.76297079190164,1.7842609492307795,762.1089548915941,427.1286535800593
S0_BASELINE,2050,Russia,Petro,30.21082593452681,1.271218752531,49.147726317068106,38.66189534552103
S0_BASELINE,2050,Russia,Power,79.08208654402239,2.1892341530624253,221.559754859704,101.2042291368639
S0_BASELINE,2050,Russia,WatWaste,5.5647541704693975,1.738846908722439,12.383057028673315,7.1214187784744425
S0_BASELINE,2050,Russia,OthServ,830.7302957494832,1.741148394421002,1851.0424453050955,1063.115841831278
S0_BASELINE,2050,Russia,Transport,66.41318314385745,1.4735564331893871,125.239582390506,84.99136988563603
S0_BASELINE,2050,North Africa,Rice,0.1022595586693455,14.058410436163138,1.8397578906826857,0.1308652850452699
S0_BASELINE,2050,North Africa,Crops nec,25.47223191375826,5.384095027203202,175.5093502156008,32.59774637645071
S0_BASELINE,2050,North Africa,"Bovine cattle, sheep and goats, horses",10.31042643365594,4.5617994989254536,60.19125004507711,13.194629451187344
S0_BASELINE,2050,North Africa,Animal products nec,10.570011046439316,5.360899186090308,72.51596374789337,13.526828421361234
S0_BASELINE,2050,North Africa,Forestry,1.3608872695642669,1.8911468560450744,3.2935779642597485,1.7415770297932458
S0_BASELINE,2050,North Africa,Coal,0.0034589972971713,1.793788454629987,0.0079403928364796,0.0044266054439243
S0_BASELINE,2050,North Africa,Oil,0.029276027893047,1.698160562545378,0.0636226046612837,0.0374656000418734
S0_BASELINE,2050,North Africa,Gas,6.319966499426721,1.3049629251881396,10.5543985864259,8.08789151072749
S0_BASELINE,2050,North Africa,Mine,0.3457340640078391,4.216429476548168,1.8655528367836276,0.4424485216371988
S0_BASELINE,2050,North Africa,Manufac,273.48885022102945,1.4454949121872112,505.914043020534,349.9936701058831
S0_BASELINE,2050,North Africa,Petro,40.15638920116476,0.4598702667077368,23.63254684443582,51.38959751487231
S0_BASELINE,2050,North Africa,Power,33.08236902000996,0.8247928458813767,34.91901855559223,42.33671388448373
S0_BASELINE,2050,North Africa,WatWaste,3.793745259417445,0.7764129934863349,3.769480511691611,4.854994111752336
S0_BASELINE,2050,North Africa,OthServ,516.779914759051,0.7235179173010039,478.4928562441145,661.3420959765685
S0_BASELINE,2050,North Africa,Transport,111.74233339125486,0.6615828706446673,94.60683853606928,143.0007388758174
S0_BASELINE,2050,Sub Saharan,Rice,5.1928267906733065,6.717922837994956,44.64361865577049,6.645449753785824
S0_BASELINE,2050,Sub Saharan,Crops nec,139.21788146269537,5.9117563298648,1053.2515028397502,178.16219948674163
S0_BASELINE,2050,Sub Saharan,"Bovine cattle, sheep and goats, horses",10.351978469393194,6.037021693300578,79.97728155535046,13.247804301726786
S0_BASELINE,2050,Sub Saharan,Animal products nec,43.33548793320491,5.970909092083002,331.1346986997798,55.458003615351885
S0_BASELINE,2050,Sub Saharan,Forestry,35.46937216404843,2.070592364426496,93.98718691466776,45.39144854091144
S0_BASELINE,2050,Sub Saharan,Coal,0.0164014269776905,1.9064793570458936,0.0400160561429356,0.0209895036662846
S0_BASELINE,2050,Sub Saharan,Oil,0.0055400375009253,2.206826324202919,0.0156459306929945,0.0070897878997053
S0_BASELINE,2050,Sub Saharan,Gas,0.0460185906796516,1.9232497304500185,0.1132633848542923,0.0588916679469045
S0_BASELINE,2050,Sub Saharan,Mine,1.0213598611043435,3.960040940417912,5.176056448331712,1.3070720808039484
S0_BASELINE,2050,Sub Saharan,Manufac,1003.1101365106024,1.5733848609037184,2019.780280947336,1283.716659262088
S0_BASELINE,2050,Sub Saharan,Petro,46.969811784240406,0.9636813712072716,57.92590470539695,60.108986447546286
S0_BASELINE,2050,Sub Saharan,Power,22.53828294094567,2.050891768693756,59.153999109261385,28.843062387853266
S0_BASELINE,2050,Sub Saharan,WatWaste,14.37967439708975,0.8539933180686116,15.715350325926162,18.402193545634788
S0_BASELINE,2050,Sub Saharan,OthServ,1289.5581676195254,0.9397248806964392,1550.822894912059,1650.294596319069
S0_BASELINE,2050,Sub Saharan,Transport,189.1739529782459,0.830922231864158,201.16029308340043,242.09280448671103
S0_BASELINE,2050,South Africa,Rice,0.000454047861621,4.015868563663469,0.0023334670174492,0.0005810616021125
S0_BASELINE,2050,South Africa,Crops nec,1.3950388590769092,4.447339399906449,7.939755356382145,1.785282131061379
S0_BASELINE,2050,South Africa,"Bovine cattle, sheep and goats, horses",0.6886347687154083,5.485298046343662,4.834034194037532,0.8812709346197806
S0_BASELINE,2050,South Africa,Animal products nec,0.774969487847459,5.857756908467073,5.809469693668312,0.9917567076185768
S0_BASELINE,2050,South Africa,Forestry,0.2456448237073022,3.856597660728455,1.212362493542283,0.3143606334393539
S0_BASELINE,2050,South Africa,Coal,0.7304891185516742,2.376836460742527,2.221946479294425,0.9348335555134888
S0_BASELINE,2050,South Africa,Oil,9.56852574634382e-06,1.531180703092745,1.8749600507981655e-05,1.2245190938090795e-05
S0_BASELINE,2050,South Africa,Gas,0.0069197703452129,1.6016373622300892,0.0141832714327588,0.0088554816904035
S0_BASELINE,2050,South Africa,Mine,0.0654137506926858,3.1527859863220997,0.2639271600925388,0.0837123618136933
S0_BASELINE,2050,South Africa,Manufac,114.13970414203231,2.1179226167506657,309.3622889432272,146.06874686374323
S0_BASELINE,2050,South Africa,Petro,13.6614777419196,1.1133068541630242,19.464045157915063,17.483090729404275
S0_BASELINE,2050,South Africa,Power,13.457532010759673,2.17917938379956,37.53003288092589,17.22209432724946
S0_BASELINE,2050,South Africa,WatWaste,3.114806171974245,1.909842828083708,7.61288372210162,3.9861310089978783
S0_BASELINE,2050,South Africa,OthServ,290.86552885513765,1.8798711676316429,699.7467399698435,372.2312197265012
S0_BASELINE,2050,South Africa,Transport,50.41776634168079,1.4965910786730132,96.56223183786553,64.52145340061595
S1_NO_CN,2030,Australia_Oceania,Rice,0.0048673596938253,1.7033016362413853,0.0106097596789797,0.0062289376414206
S1_NO_CN,2030,Australia_Oceania,Crops nec,5.890665535965587,1.6676295802868342,12.57142464745024,7.538499617283339
S1_NO_CN,2030,Australia_Oceania,"Bovine cattle, sheep and goats, horses",0.1643990841564756,1.6319748994431098,0.3433471212202624,0.2103875002087215
S1_NO_CN,2030,Australia_Oceania,Animal products nec,2.123983299885676,1.6770638284353128,4.558492362733711,2.718138879874272
S1_NO_CN,2030,Australia_Oceania,Forestry,0.1342003050823386,1.7929040764385666,0.3079151798130725,0.1717410229252076
S1_NO_CN,2030,Australia_Oceania,Coal,0.0030180582454507,2.892896744158829,0.0111732905282716,0.0038623192279643
S1_NO_CN,2030,Australia_Oceania,Oil,1.543055281336859e-05,1.5081551589224444,2.9781601705629632e-05,1.9747039713974933e-05
S1_NO_CN,2030,Australia_Oceania,Gas,1.0508140967067554,2.347634528142471,3.15701699890939,1.3447651089581425
S1_NO_CN,2030,Australia_Oceania,Mine,0.0629478173800917,1.6804242363041084,0.1353692911017251,0.0805566173162722
S1_NO_CN,2030,Australia_Oceania,Manufac,169.30233406644345,1.5858168815185618,343.5868422315372,216.6623731435902
S1_NO_CN,2030,Australia_Oceania,Petro,7.900813631691999,2.9064045722626504,29.38653814616193,10.110960291988231
S1_NO_CN,2030,Australia_Oceania,Power,10.512238342091376,2.6359356262367424,35.4609642482888,13.452894636479908
S1_NO_CN,2030,Australia_Oceania,WatWaste,8.686611819797115,1.513338469527377,16.823138813504936,11.1165738234618
S1_NO_CN,2030,Australia_Oceania,OthServ,796.7110486215714,1.499036431711963,1528.387825144413,1019.5801693617158
S1_NO_CN,2030,Australia_Oceania,Transport,29.01776676087579,1.3567672025502793,50.38367758163527,37.1350947345595
S1_NO_CN,2030,China,Rice,30.02876084013653,2.21977111383698,85.30336207667165,38.42889996353494
S1_NO_CN,2030,China,Crops nec,231.7431824543805,2.1744990511130906,644.8916161547023,296.5702023957285
S1_NO_CN,2030,China,"Bovine cattle, sheep and goats, horses",14.67714757064647,2.174852114139843,40.849988040519065,18.78288080913426
S1_NO_CN,2030,China,Animal products nec,214.67761464520044,2.3626729716393284,649.0989639666449,274.73076926917867
S1_NO_CN,2030,China,Forestry,2.6288699849982984,1.4888698452164133,5.008946392349643,3.364260601894438
S1_NO_CN,2030,China,Coal,4.895531614454431,2.31590067052271,14.509095182456706,6.2649903736307255
S1_NO_CN,2030,China,Oil,0.0003607925569213,1.4953188361597751,0.000690417697906,0.000461719513875
S1_NO_CN,2030,China,Gas,6.546657156672537,1.839480579778346,15.411160619018313,8.37799800658396
S1_NO_CN,2030,China,Mine,0.1977833082352538,1.640668729025153,0.4152704985157536,0.2531104930188137
S1_NO_CN,2030,China,Manufac,3168.7922622707747,1.2286151648410066,4982.303533483221,4055.219045004654
S1_NO_CN,2030,China,Petro,132.15679006006167,1.103057788871545,186.55559948541384,169.12586481656956
S1_NO_CN,2030,China,Power,149.9372244953691,1.5088937912310654,289.5267401978952,191.88013228962487
S1_NO_CN,2030,China,WatWaste,23.732569522266974,1.0362398307115015,31.47209004425998,30.371434357299304
S1_NO_CN,2030,China,OthServ,5988.624790422432,1.0301048537869446,7894.580892090693,7663.861427752149
S1_NO_CN,2030,China,Transport,655.6046422248382,0.9181771534354616,770.3516978504524,839.0011503162118
S1_NO_CN,2030,Japan,Rice,0.0331588482754353,1.435228953928572,0.0609033478590686,0.0424345869645491
S1_NO_CN,2030,Japan,Crops nec,23.67500077958071,1.5011917187418862,45.48274878678116,30.297762975426227
S1_NO_CN,2030,Japan,"Bovine cattle, sheep and goats, horses",1.3233976127917,1.3845699760356858,2.344907947291482,1.6936002025941492
S1_NO_CN,2030,Japan,Animal products nec,9.480130864579564,1.422209744399388,17.254346853057186,12.13206910337309
S1_NO_CN,2030,Japan,Forestry,1.592229629897557,1.4245388682099185,2.902689263946709,2.037634381726944
S1_NO_CN,2030,Japan,Coal,0.0043606223895087,1.6878756463979705,0.0094191013317,0.0055804488671647
S1_NO_CN,2030,Japan,Oil,0.0001311840338364,1.6954090593641864,0.0002846269521801,0.0001678810438118
S1_NO_CN,2030,Japan,Gas,4.103739161098202,1.810635715070941,9.508923929671408,5.251704998127826
S1_NO_CN,2030,Japan,Mine,0.0455453156280782,1.5351150477893096,0.0894757168907653,0.0582860169343467
S1_NO_CN,2030,Japan,Manufac,524.7820693274496,1.3329832083798907,895.2085226167692,671.5827651404956
S1_NO_CN,2030,Japan,Petro,28.42825400962966,2.572334010775712,93.58324255857374,36.38067325127281
S1_NO_CN,2030,Japan,Power,45.32277473904114,2.125234859331985,123.26618721886985,58.00120710319912
S1_NO_CN,2030,Japan,WatWaste,20.205130915076616,1.345391943125808,34.7881258957183,25.857242620454645
S1_NO_CN,2030,Japan,OthServ,2107.5936692117466,1.3378171464315478,3608.312850779285,2697.16444926283
S1_NO_CN,2030,Japan,Transport,130.87740716215583,1.290996334974313,216.2271547576341,167.48858912099917
S1_NO_CN,2030,South Korea,Rice,0.0071494565926822,2.3608100449654468,0.0216000432069798,0.0091494202397779
S1_NO_CN,2030,South Korea,Crops nec,9.764583478055986,2.077336084749608,25.95858584364677,12.49609339563922
S1_NO_CN,2030,South Korea,"Bovine cattle, sheep and goats, horses",0.1699278686764326,1.6665413437903975,0.362410894208593,0.2174628889495528
S1_NO_CN,2030,South Korea,Animal products nec,3.735950130151128,1.8132861876853483,8.669378523109309,4.781031622494354
S1_NO_CN,2030,South Korea,Forestry,0.5939915533441952,1.4734750712270042,1.1200659729426827,0.7601525894321007
S1_NO_CN,2030,South Korea,Coal,0.082594785294638,2.090746967292177,0.2209910298833733,0.1056995960967982
S1_NO_CN,2030,South Korea,Oil,1.4796815777670396e-05,1.4860907439756648,2.8140650852590357e-05,1.8936025642563403e-05
S1_NO_CN,2030,South Korea,Gas,5.13655179815098,1.763584218692738,11.592801982317216,6.57343391425996
S1_NO_CN,2030,South Korea,Mine,0.0231523556139867,1.70602930227103,0.0505477946468617,0.0296289118781411
S1_NO_CN,2030,South Korea,Manufac,177.7890793701276,1.4454301141571235,328.86883620938653,227.5231710640929
S1_NO_CN,2030,South Korea,Petro,10.347577166630412,2.6476063100855978,35.06005742473201,13.242171610474356
S1_NO_CN,2030,South Korea,Power,9.578006596843954,2.025134596959216,24.82273133209664,12.257324214112058
S1_NO_CN,2030,South Korea,WatWaste,3.623752144433415,1.2687855636009189,5.883926725864445,4.637447726371492
S1_NO_CN,2030,South Korea,OthServ,665.6727554680407,1.3399500768165122,1141.4842993470534,851.8856982364605
S1_NO_CN,2030,South Korea,Transport,32.05879881565367,1.141441566911552,46.82971036395906,41.0268122425435
S1_NO_CN,2030,Rest of World,Rice,0.0002316810927896,1.969620910334724,0.0005839743622473,0.0002964907352075
S1_NO_CN,2030,Rest of World,Crops nec,0.244889481470872,1.9447973251161372,0.6094878071403069,0.3133941302272193
S1_NO_CN,2030,Rest of World,"Bovine cattle, sheep and goats, horses",0.7783153960037023,2.0365497487936493,2.028482132578045,0.9960385886275284
S1_NO_CN,2030,Rest of World,Animal products nec,0.3901948367237209,1.8909500301403488,0.9442393876667972,0.499346589151664
S1_NO_CN,2030,Rest of World,Forestry,0.0082748185896168,1.4469515022892987,0.0153226188366807,0.0105895869223998
S1_NO_CN,2030,Rest of World,Coal,0.0384738122754514,1.5416753764811997,0.0759064532455223,0.0492363399996917
S1_NO_CN,2030,Rest of World,Oil,7.133487254318001e-06,1.502593390854226,1.3717150565331324e-05,9.128987125957068e-06
S1_NO_CN,2030,Rest of World,Gas,0.0070695474536904,1.1736203084899175,0.0106179278948511,0.0090471597745102
S1_NO_CN,2030,Rest of World,Mine,0.0363673814974942,1.6485956895762623,0.0767267378915185,0.0465406648578861
S1_NO_CN,2030,Rest of World,Manufac,12.499338460830698,1.262802121350787,20.199604803522757,15.995861476182588
S1_NO_CN,2030,Rest of World,Petro,0.3560730118499426,1.5453601459094828,0.7041891149714091,0.4556796821621852
S1_NO_CN,2030,Rest of World,Power,1.0592916495714233,1.7506941636462587,2.3732657649513813,1.355614212881227
S1_NO_CN,2030,Rest of World,WatWaste,0.2163188813853728,1.2022888214019094,0.3328310073360894,0.2768311585405963
S1_NO_CN,2030,Rest of World,OthServ,28.31309984425402,1.2075366363228288,43.75304450095596,36.233306003064605
S1_NO_CN,2030,Rest of World,Transport,3.9107853483165744,1.2437877252994611,6.224877190892979,5.004774573517125
S1_NO_CN,2030,Southeast Asia,Rice,1.359812371310955,2.14446958952465,3.7318091199683754,1.7402014649202548
S1_NO_CN,2030,Southeast Asia,Crops nec,63.52468519450616,2.0015576894760128,162.71634309039823,81.29485817651238
S1_NO_CN,2030,Southeast Asia,"Bovine cattle, sheep and goats, horses",3.923587145939005,1.9637469363035032,9.860282671922764,5.021157491184487
S1_NO_CN,2030,Southeast Asia,Animal products nec,55.78287562648044,1.8825790009963612,134.3923816547069,71.38737821421786
S1_NO_CN,2030,Southeast Asia,Forestry,1.2696497385151266,1.271426653824755,2.065835712890137,1.6248170574948466
S1_NO_CN,2030,Southeast Asia,Coal,0.2716444945055588,1.593208825044195,0.553852541150984,0.3476334084637626
S1_NO_CN,2030,Southeast Asia,Oil,0.0001679558201006,1.4908265075281018,0.000320437035869,0.0002149391621012
S1_NO_CN,2030,Southeast Asia,Gas,0.1177485057125608,1.5113475650110109,0.2277405141885332,0.1506870641140925
S1_NO_CN,2030,Southeast Asia,Mine,0.2322590674004984,1.415020759801447,0.4205871803584075,0.2972304005765575
S1_NO_CN,2030,Southeast Asia,Manufac,740.2346846338904,1.2740179031270094,1206.8839267510766,947.3053704943108
S1_NO_CN,2030,Southeast Asia,Petro,37.5469090083468,0.9759278551779144,46.89347812610419,48.05015147003595
S1_NO_CN,2030,Southeast Asia,Power,37.78785990205709,1.6468309300503952,79.63827665369617,48.35850188222184
S1_NO_CN,2030,Southeast Asia,WatWaste,14.441661269462182,1.0733708089631837,19.837524509222465,18.481520412638723
S1_NO_CN,2030,Southeast Asia,OthServ,1272.346844806208,1.0711210723391724,1744.0728533219622,1628.2686403654568
S1_NO_CN,2030,Southeast Asia,Transport,208.72031827394636,1.0278558028280638,274.5474802574152,267.1069975354549
S1_NO_CN,2030,"Central, Western and South Asia",Rice,0.6437622785717895,1.588425944291167,1.3086184504644705,0.8238460561524259
S1_NO_CN,2030,"Central, Western and South Asia",Crops nec,118.2017741553938,1.4783299083731491,223.6227069174901,151.26712144216094
S1_NO_CN,2030,"Central, Western and South Asia","Bovine cattle, sheep and goats, horses",29.11945098871545,1.4753806317319496,54.98038824799627,37.26522387494859
S1_NO_CN,2030,"Central, Western and South Asia",Animal products nec,60.513560880213845,1.5423090076419628,119.43858408010162,77.44140970682251
S1_NO_CN,2030,"Central, Western and South Asia",Forestry,8.932363462945375,1.3864793277165388,15.84894385467011,11.431071265654772
S1_NO_CN,2030,"Central, Western and South Asia",Coal,1.2855344802840831,1.3493628905942527,2.21989807057699,1.6451454428871597
S1_NO_CN,2030,"Central, Western and South Asia",Oil,0.0075757225851295,1.7277311283416634,0.0167502295315555,0.0096949284405818
S1_NO_CN,2030,"Central, Western and South Asia",Gas,23.361853016038623,0.9440115957058992,28.223128813686145,29.89701539819965
S1_NO_CN,2030,"Central, Western and South Asia",Mine,2.682480554680306,1.6354577368331071,5.614310787382526,3.4328683591907847
S1_NO_CN,2030,"Central, Western and South Asia",Manufac,1174.1999928057628,1.2582786830900778,1890.7732712680968,1502.6665611759097
S1_NO_CN,2030,"Central, Western and South Asia",Petro,71.02950905849028,1.1271056349331443,102.45283390692688,90.89905385664704
S1_NO_CN,2030,"Central, Western and South Asia",Power,104.68293939557562,1.2360801172660878,165.59341828371882,133.96657394186698
S1_NO_CN,2030,"Central, Western and South Asia",WatWaste,30.457212367259743,1.1490650024245486,44.7873421609836,38.977205000809086
S1_NO_CN,2030,"Central, Western and South Asia",OthServ,1977.0661805007485,1.147827803561837,2904.146290683473,2530.123664999433
S1_NO_CN,2030,"Central, Western and South Asia",Transport,352.8841649790172,1.1427304185727742,516.0556063682277,451.5987299925123
S1_NO_CN,2030,India,Rice,14.973804247812954,1.732091484838122,33.191243219686456,19.16252317518853
S1_NO_CN,2030,India,Crops nec,146.0164155224948,2.278212166711679,425.7124894901325,186.86253004219145
S1_NO_CN,2030,India,"Bovine cattle, sheep and goats, horses",1.0399445771117706,2.1438541410341165,2.85315897531224,1.3308549878799991
S1_NO_CN,2030,India,Animal products nec,91.9920664660332,2.2532026461118173,265.2596358771448,117.72560117247772
S1_NO_CN,2030,India,Forestry,18.061287957016088,1.2455987126385522,28.790380806748992,23.113688830868245
S1_NO_CN,2030,India,Coal,0.4376115427342743,1.6169079063602492,0.9055128030080064,0.5600275150171994
S1_NO_CN,2030,India,Oil,3.169437050896381e-05,1.502065597773692,6.09244436244777e-05,4.056043121523682e-05
S1_NO_CN,2030,India,Gas,0.8861264845844729,1.259827032252929,1.428654395053058,1.1340084462692956
S1_NO_CN,2030,India,Mine,0.0449847158129655,1.5277315689744733,0.0879493382253237,0.057568580744129
S1_NO_CN,2030,India,Manufac,657.1170197717815,1.233713948952741,1037.4752207679535,840.9366077054132
S1_NO_CN,2030,India,Petro,74.71981205952034,0.9548198318340992,91.30146443350614,95.62166675617026
S1_NO_CN,2030,India,Power,92.45825224826189,1.1448362901276654,135.45954393635162,118.32219617181325
S1_NO_CN,2030,India,WatWaste,6.183715888998592,0.9307306680269796,7.365361949413783,7.913526655176035
S1_NO_CN,2030,India,OthServ,1784.5101689209005,0.9494675258204976,2168.3015699208536,2283.70273335072
S1_NO_CN,2030,India,Transport,157.6374574013561,0.9262287846539558,186.85220906737368,201.7344009341104
S1_NO_CN,2030,Canada,Rice,0.0014620898712095,1.3870174787866645,0.0025952341315517,0.0018710897094828
S1_NO_CN,2030,Canada,Crops nec,4.911794804473054,1.471047571313729,9.246715051227293,6.285803536099122
S1_NO_CN,2030,Canada,"Bovine cattle, sheep and goats, horses",0.4766076706189668,1.427145762621369,0.8704621705807097,0.60993221738349
S1_NO_CN,2030,Canada,Animal products nec,2.9295132332476577,1.5891529897149606,5.957742316351652,3.749004779722343
S1_NO_CN,2030,Canada,Forestry,0.4581331318783025,1.699990725234978,0.9966870019625192,0.5862896751265105
S1_NO_CN,2030,Canada,Coal,0.0024063394586887,2.227145756464112,0.0068584515487744,0.0030794803731078
S1_NO_CN,2030,Canada,Oil,0.0045111067837496,1.8390490432150937,0.0106168812636856,0.0057730281063879
S1_NO_CN,2030,Canada,Gas,2.801729258050693,1.8260491687950784,6.547253771832416,3.585475097323821
S1_NO_CN,2030,Canada,Mine,0.0763859764272816,1.6600560805151297,0.1622769871846269,0.0977539206878896
S1_NO_CN,2030,Canada,Manufac,202.5262183312529,1.5823286976864932,410.10824430613934,259.1801950342844
S1_NO_CN,2030,Canada,Petro,14.783453814400566,2.2230768977759685,42.05822462289123,18.91892439707224
S1_NO_CN,2030,Canada,Power,13.509226532122543,2.845461383801852,49.19304685881665,17.288249773061185
S1_NO_CN,2030,Canada,WatWaste,1.0616706026028868,1.2676689242872352,1.7223292529814684,1.3586585749946678
S1_NO_CN,2030,Canada,OthServ,833.1147790125373,1.3289315487463935,1416.863433522638,1066.1673535905004
S1_NO_CN,2030,Canada,Transport,47.69478714569074,1.2627062422994966,77.07149515079465,61.03675846058537
S1_NO_CN,2030,United States,Rice,0.0179883291226934,1.473417152610238,0.0339185351626819,0.023020320553338
S1_NO_CN,2030,United States,Crops nec,71.918686940229,1.5173548376487205,139.65273487013977,92.03696328872428
S1_NO_CN,2030,United States,"Bovine cattle, sheep and goats, horses",1.8876318640208285,1.5294391983884923,3.6946223937186806,2.415671319086228
S1_NO_CN,2030,United States,Animal products nec,20.58889511145994,1.4938855886619054,39.36143477339481,26.3483595894886
S1_NO_CN,2030,United States,Forestry,0.7002831681538719,1.42871671304327,1.2803843429315005,0.896177899147597
S1_NO_CN,2030,United States,Coal,0.0126758086800147,2.393771386783764,0.0388310280726958,0.0162216944616546
S1_NO_CN,2030,United States,Oil,0.0004741003164581,1.513939788695143,0.0009185427846932,0.000606723415207
S1_NO_CN,2030,United States,Gas,17.00850519724416,1.722978640827593,37.50304944910908,21.76640424536366
S1_NO_CN,2030,United States,Mine,0.2572798144793721,1.4926281348129944,0.4914483475730406,0.3292503588433721
S1_NO_CN,2030,United States,Manufac,2565.641975223288,1.2355028503692425,4056.582807696991,3283.3456464507417
S1_NO_CN,2030,United States,Petro,123.2349297917617,1.864474475015112,294.0429735475873,157.7082242359956
S1_NO_CN,2030,United States,Power,144.48637724400234,2.095551511372891,387.4768715317359,184.9044847141604
S1_NO_CN,2030,United States,WatWaste,80.00934881793077,1.2700463806338511,130.04116715364242,102.39088047730036
S1_NO_CN,2030,United States,OthServ,13836.533915450827,1.2403229702013587,21962.54379106204,17707.116906913823
S1_NO_CN,2030,United States,Transport,541.786706250756,1.2223175845633425,847.4868067832406,693.344218636219
S1_NO_CN,2030,Rest of America,Rice,0.2211545099371518,1.585984455309983,0.448864509612006,0.2830194960638325
S1_NO_CN,2030,Rest of America,Crops nec,42.42952506145472,1.522882580386012,82.69040733179897,54.29861088469884
S1_NO_CN,2030,Rest of America,"Bovine cattle, sheep and goats, horses",4.040300620175968,1.5429930685609865,7.978076513568904,5.170519986772832
S1_NO_CN,2030,Rest of America,Animal products nec,23.73791828294242,1.5440979176465477,46.90703797412243,30.37827943168365
S1_NO_CN,2030,Rest of America,Forestry,2.649009105601573,1.4286981301852366,4.843334556562099,3.390033522405535
S1_NO_CN,2030,Rest of America,Coal,0.0126561763336421,1.72489212368544,0.0279373364425851,0.0161965722511138
S1_NO_CN,2030,Rest of America,Oil,0.0004575890415936,1.776450581808262,0.0010402776974361,0.0005855933589923
S1_NO_CN,2030,Rest of America,Gas,3.626193988745477,1.762072648477952,8.177026126667291,4.640573191157285
S1_NO_CN,2030,Rest of America,Mine,0.1732847007918294,1.542590141724724,0.3420828597453266,0.2217586929511186
S1_NO_CN,2030,Rest of America,Manufac,827.376757395916,1.392761524199036,1474.6896052119685,1058.8241822353782
S1_NO_CN,2030,Rest of America,Petro,40.01533891820357,1.8163998638650356,93.01618046705345,51.20908856892185
S1_NO_CN,2030,Rest of America,Power,27.150882257354198,2.1945380944323194,76.2513631910785,34.74597387675732
S1_NO_CN,2030,Rest of America,WatWaste,18.66122964813651,1.2976600096229984,30.99001027652132,23.88145588783699
S1_NO_CN,2030,Rest of America,OthServ,1756.2804198155045,1.3313700403109654,2992.355455590133,2247.5760864508675
S1_NO_CN,2030,Rest of America,Transport,232.8262075425957,1.260063442644638,375.4436970026874,297.95618681516856
S1_NO_CN,2030,Brazil,Rice,0.0261282095185427,1.445800081511209,0.0483435386412409,0.0334372222702568
S1_NO_CN,2030,Brazil,Crops nec,12.492269160890077,1.5009279792414505,23.995053817705266,15.986812463870512
S1_NO_CN,2030,Brazil,"Bovine cattle, sheep and goats, horses",0.9071248424874492,1.7118701654252382,1.987277088543316,1.160880731024004
S1_NO_CN,2030,Brazil,Animal products nec,14.191257943509347,1.668826970230694,30.30768366009398,18.161070186449468
S1_NO_CN,2030,Brazil,Forestry,0.867938219663852,1.638890666573485,1.820368604379444,1.1107321810883504
S1_NO_CN,2030,Brazil,Coal,0.0021754953800799,1.5223070362790363,0.0042381952644451,0.0027840617137896
S1_NO_CN,2030,Brazil,Oil,8.287890164302035e-05,1.7690840719104033,0.0001876346325257,0.0001060631518302
S1_NO_CN,2030,Brazil,Gas,0.2587964494686637,2.15708579765494,0.7144079437715214,0.3311912597377389
S1_NO_CN,2030,Brazil,Mine,0.3631084753388038,1.7810025822177171,0.8276018958216333,0.4646831586989496
S1_NO_CN,2030,Brazil,Manufac,428.8800431748084,1.6379792936308857,899.0105475766132,548.8534353444003
S1_NO_CN,2030,Brazil,Petro,18.012801866017696,3.27907791021481,75.58812094640106,23.05163913217099
S1_NO_CN,2030,Brazil,Power,17.17406128353362,5.021139394569957,110.35596894784126,21.978272307258774
S1_NO_CN,2030,Brazil,WatWaste,14.988986259390016,1.83568468475874,35.21201578338661,19.18195215319293
S1_NO_CN,2030,Brazil,OthServ,941.939456209936,1.431597378732172,1725.6965284142384,1205.434269403216
S1_NO_CN,2030,Brazil,Transport,93.55859286319595,1.3840086213822702,165.7078256007971,119.7303408405776
S1_NO_CN,2030,"EU, UK and EFTA",Rice,0.028502829937383,1.7499837389158015,0.0638326003371855,0.0364761103688421
S1_NO_CN,2030,"EU, UK and EFTA",Crops nec,128.4586346959958,1.6097537606579964,264.63256847981825,164.39319406729575
S1_NO_CN,2030,"EU, UK and EFTA","Bovine cattle, sheep and goats, horses",3.890935300127276,1.595781530806384,7.945989473679643,4.979374297954179
S1_NO_CN,2030,"EU, UK and EFTA",Animal products nec,41.02340271118002,1.6257935955386826,85.35277205852205,52.4991459402144
S1_NO_CN,2030,"EU, UK and EFTA",Forestry,8.135942319425302,1.5541617768802254,16.18171792625099,10.411862178086682
S1_NO_CN,2030,"EU, UK and EFTA",Coal,1.2207925835147748,9.555882517799908,14.929086205476391,1.5622928304427353
S1_NO_CN,2030,"EU, UK and EFTA",Oil,0.0177036875191121,1.8049827366592968,0.0408937869229982,0.0226560531988535
S1_NO_CN,2030,"EU, UK and EFTA",Gas,24.50376974468502,4.479222459567258,140.46110374261906,31.35836996186724
S1_NO_CN,2030,"EU, UK and EFTA",Mine,2.287221152768595,1.8434466170139443,5.395842522765523,2.927040196571204
S1_NO_CN,2030,"EU, UK and EFTA",Manufac,2275.886480187339,1.6932171430699472,4931.554018293711,2912.535459510392
S1_NO_CN,2030,"EU, UK and EFTA",Petro,66.92871430286331,5.208365140551413,446.10228484829673,85.6511180350654
S1_NO_CN,2030,"EU, UK and EFTA",Power,98.1797632903141,6.008116806782272,754.8851635923646,125.64422295714276
S1_NO_CN,2030,"EU, UK and EFTA",WatWaste,55.68970129198232,1.373338083935967,97.87525213188168,71.26814093859053
S1_NO_CN,2030,"EU, UK and EFTA",OthServ,7504.28267792056,1.3616479243097763,13076.591445875674,9603.50408743476
S1_NO_CN,2030,"EU, UK and EFTA",Transport,494.5933745489326,1.324267716632776,838.1941549016144,632.9491729497951
S1_NO_CN,2030,Eastern Europe,Rice,0.0052654247150465,1.4923123694654925,0.0100557319521537,0.0067383559641476
S1_NO_CN,2030,Eastern Europe,Crops nec,10.254760373635191,1.451677616875106,19.050932527583967,13.123390838186817
S1_NO_CN,2030,Eastern Europe,"Bovine cattle, sheep and goats, horses",0.9093940381938576,1.487347991300135,1.7309528406019037,1.163784532186442
S1_NO_CN,2030,Eastern Europe,Animal products nec,4.63436834004222,1.580816515834352,9.375459347027157,5.930770088939406
S1_NO_CN,2030,Eastern Europe,Forestry,0.430255677391457,1.5194032524084409,0.8366045133965552,0.5506138742464333
S1_NO_CN,2030,Eastern Europe,Coal,0.1342239145074612,1.8122219717194503,0.3112876090947116,0.1717712327727539
S1_NO_CN,2030,Eastern Europe,Oil,0.0032118067055144,1.6017659648789953,0.0065836843927175,0.0041102656221664
S1_NO_CN,2030,Eastern Europe,Gas,1.592073350997844,1.4923849323411087,3.040636260823712,2.037434290151368
S1_NO_CN,2030,Eastern Europe,Mine,0.3572272777723955,1.5145348828778462,0.692379875570595,0.4571567654515357
S1_NO_CN,2030,Eastern Europe,Manufac,70.8078584931057,1.5301126202537882,138.6517638511627,90.61540104626702
S1_NO_CN,2030,Eastern Europe,Petro,4.245341862981336,2.6272402615345096,14.273582873966753,5.432918856744358
S1_NO_CN,2030,Eastern Europe,Power,17.94066149626353,1.7402578150639771,39.95513354317082,22.959318603553776
S1_NO_CN,2030,Eastern Europe,WatWaste,0.7842024561187508,1.3503115812095463,1.3551355310883697,1.003572471594782
S1_NO_CN,2030,Eastern Europe,OthServ,108.14040750566257,1.3691904832663728,189.4839438697269,138.39122209981585
S1_NO_CN,2030,Eastern Europe,Transport,10.213389281954496,1.2559051481028776,16.41524117230342,13.070446663663082
S1_NO_CN,2030,Russia,Rice,0.0024010122045736,1.4230847656359684,0.0043726596897298,0.0030726628485281
S1_NO_CN,2030,Russia,Crops nec,22.469779813013684,1.4539167896935408,41.80795358582974,28.75539607027057
S1_NO_CN,2030,Russia,"Bovine cattle, sheep and goats, horses",0.0681305235276488,2.7722221402294567,0.2417075941538289,0.0871891162680995
S1_NO_CN,2030,Russia,Animal products nec,5.401441313005103,1.4284646654943107,9.874149667353576,6.9124213620330135
S1_NO_CN,2030,Russia,Forestry,0.2356518540291934,1.3743716242743391,0.4144723684038547,0.301572268864867
S1_NO_CN,2030,Russia,Coal,0.1886265042924474,1.550102983395305,0.3741827911486954,0.2413922166393502
S1_NO_CN,2030,Russia,Oil,0.0001426892558658,1.4985803531474688,0.0002736477297278,0.0001826046425562
S1_NO_CN,2030,Russia,Gas,10.348855254777812,1.2345253598894668,16.34981602692666,13.24380736170823
S1_NO_CN,2030,Russia,Mine,0.1343280286879597,1.3781944840832423,0.2369177996789531,0.1719044745134776
S1_NO_CN,2030,Russia,Manufac,264.3539106417363,1.28322347882123,434.11878453005767,338.30334639317584
S1_NO_CN,2030,Russia,Petro,18.30923696130058,1.256089140788685,29.43142216303057,23.43099803985005
S1_NO_CN,2030,Russia,Power,61.76544402180485,1.5894357915700312,125.6345527512382,79.04349041224647
S1_NO_CN,2030,Russia,WatWaste,4.7019290020558815,1.2831190785142703,7.72082255588628,6.017229955635197
S1_NO_CN,2030,Russia,OthServ,614.7150535122995,1.2926524976907814,1016.8951593100549,786.673262001946
S1_NO_CN,2030,Russia,Transport,40.34783562522549,1.2594517648966632,65.03128325677002,51.63459511164164
S1_NO_CN,2030,North Africa,Rice,0.1124310369196304,2.806326168966815,0.4037800931827148,0.1438820965578187
S1_NO_CN,2030,North Africa,Crops nec,28.55902276736423,1.6926321842406833,61.86235927588152,36.548025476596855
S1_NO_CN,2030,North Africa,"Bovine cattle, sheep and goats, horses",13.776672092549628,1.5626226167319894,27.549832910881687,17.630510677844974
S1_NO_CN,2030,North Africa,Animal products nec,14.526363545544614,1.6647568774374764,30.947692171297337,18.589916926632863
S1_NO_CN,2030,North Africa,Forestry,1.3465144266271414,1.2040984762245914,2.0748827467314794,1.7231835789381
S1_NO_CN,2030,North Africa,Coal,0.0033054604064919,1.4467886456753918,0.0061200869595975,0.0042301186653194
S1_NO_CN,2030,North Africa,Oil,0.0231051627181159,1.5146413870637436,0.0447857026970988,0.0295685189419061
S1_NO_CN,2030,North Africa,Gas,4.715071794466456,1.2431366220801083,7.501147622266291,6.034049253646372
S1_NO_CN,2030,North Africa,Mine,0.4069358470987176,1.4916716806324013,0.7768188137465681,0.5207706809761344
S1_NO_CN,2030,North Africa,Manufac,232.4692300891743,1.14085511130775,339.4036524080286,297.4993640868466
S1_NO_CN,2030,North Africa,Petro,22.448526087002428,0.6182063155005154,17.759952947133517,28.728198509932383
S1_NO_CN,2030,North Africa,Power,19.91951127265058,1.068591854042204,27.24024941720066,25.491724880974136
S1_NO_CN,2030,North Africa,WatWaste,2.6115579574330328,0.9513150458505892,3.1793956503987277,3.3421059240504447
S1_NO_CN,2030,North Africa,OthServ,278.9094606870556,0.9473800404545348,338.1489306791704,356.93060440337297
S1_NO_CN,2030,North Africa,Transport,50.826452337748506,0.964938294528222,62.76389412797282,65.0444645118121
S1_NO_CN,2030,Sub Saharan,Rice,5.436026444724259,1.5891289082311246,11.055063224093956,6.956681217164588
S1_NO_CN,2030,Sub Saharan,Crops nec,145.41921182640215,1.526854074742195,284.1448968451742,186.0982680846392
S1_NO_CN,2030,Sub Saharan,"Bovine cattle, sheep and goats, horses",11.313544317394488,1.5704023656481614,22.73684310785239,14.478355178084223
S1_NO_CN,2030,Sub Saharan,Animal products nec,47.3885210405936,1.559927021281123,94.60149022596276,60.64481782797034
S1_NO_CN,2030,Sub Saharan,Forestry,25.14673836609704,1.2830203994805098,41.28913329159332,32.181197773594135
S1_NO_CN,2030,Sub Saharan,Coal,0.0134390127902191,1.6623806653614903,0.0285902786501528,0.0171983942991813
S1_NO_CN,2030,Sub Saharan,Oil,0.0026490132916223,2.0180306412858133,0.0068412023363909,0.003390038854063
S1_NO_CN,2030,Sub Saharan,Gas,0.0231138839476996,1.6779328041965678,0.049632715273209,0.029579679827377
S1_NO_CN,2030,Sub Saharan,Mine,0.944342758650479,1.5585001944542698,1.883462843767592,1.208510439412424
S1_NO_CN,2030,Sub Saharan,Manufac,480.57853260194094,1.3019977663499576,800.746682352936,615.0138912272067
S1_NO_CN,2030,Sub Saharan,Petro,15.744250701409412,1.2441764567139662,25.06827887322525,20.14849359807998
S1_NO_CN,2030,Sub Saharan,Power,10.11236760200248,2.298206471406471,29.74147023724177,12.941165500393064
S1_NO_CN,2030,Sub Saharan,WatWaste,6.246678986076748,1.226275268328517,9.802970586769774,7.994102824922019
S1_NO_CN,2030,Sub Saharan,OthServ,402.7684107321055,1.1809238789747822,608.6923554860939,515.4374176282398
S1_NO_CN,2030,Sub Saharan,Transport,46.6688851993116,1.188688315251403,70.99307084725878,59.7238738330374
S1_NO_CN,2030,South Africa,Rice,0.0004350148184674,1.5512991064360837,0.0008636149171511,0.0005567043228854
S1_NO_CN,2030,South Africa,Crops nec,1.3499379883673177,1.6360207368592707,2.82633192955454,1.7275649011439114
S1_NO_CN,2030,South Africa,"Bovine cattle, sheep and goats, horses",0.6850483361231332,1.7310449417891354,1.5175747811550082,0.8766812465207596
S1_NO_CN,2030,South Africa,Animal products nec,0.7957019987672365,1.733081774522687,1.7647778568867556,1.0182888577133842
S1_NO_CN,2030,South Africa,Forestry,0.2192290821356936,1.6031748153155256,0.4497794293984786,0.2805554462267959
S1_NO_CN,2030,South Africa,Coal,0.6303072668289437,1.705380986781473,1.3756066691526092,0.8066271876629041
S1_NO_CN,2030,South Africa,Oil,4.286240100926604e-06,1.517108004238944,8.32172838423714e-06,5.485257586562165e-06
S1_NO_CN,2030,South Africa,Gas,0.0032732251617671,1.4683747854889644,0.006150824578305,0.0041888652429988
S1_NO_CN,2030,South Africa,Mine,0.054996842382762,1.5858757694258718,0.111616258597697,0.0703814644383512
S1_NO_CN,2030,South Africa,Manufac,70.88548128649659,1.4576231715712615,132.22789912097798,90.71473857569715
S1_NO_CN,2030,South Africa,Petro,4.901104184048983,1.3646319035794352,8.559137370978691,6.272121562740349
S1_NO_CN,2030,South Africa,Power,7.481176713676147,1.7903348398116972,17.14054861721703,9.573934577212253
S1_NO_CN,2030,South Africa,WatWaste,2.026328490181245,1.6617789926135027,4.309269514231597,2.593166438991537
S1_NO_CN,2030,South Africa,OthServ,146.31404267490993,1.5463417316756372,289.5423056361192,187.24341376018327
S1_NO_CN,2030,South Africa,Transport,18.657603508838022,1.4387550928651751,34.352889736057854,23.8768153115791
S1_NO_CN,2050,Australia_Oceania,Rice,0.0047965747953007,5.352899283062897,0.0328579780266944,0.0061383516262915
S1_NO_CN,2050,Australia_Oceania,Crops nec,5.838955934655868,5.052098212180407,37.75091862297002,7.4723249537749155
S1_NO_CN,2050,Australia_Oceania,"Bovine cattle, sheep and goats, horses",0.1651713211546499,4.669378652413958,0.9869934665342652,0.2113757600426992
S1_NO_CN,2050,Australia_Oceania,Animal products nec,1.9356683924467308,5.882999047836431,14.573044075398665,2.4771454259251406
S1_NO_CN,2050,Australia_Oceania,Forestry,0.134166571479463,5.181140414721205,0.8895906834699778,0.1716978528037891
S1_NO_CN,2050,Australia_Oceania,Coal,0.0032762135335859,3.8899950802815257,0.0163095430658805,0.004192689967054
S1_NO_CN,2050,Australia_Oceania,Oil,3.0271498244032487e-05,1.6408295131325945,6.356498034211837e-05,3.873953741362648e-05
S1_NO_CN,2050,Australia_Oceania,Gas,1.7128630893315002,3.037648181764785,6.658565333290702,2.1920133410601284
S1_NO_CN,2050,Australia_Oceania,Mine,0.0725017494665079,3.2404829783116043,0.3006621595576745,0.0927831325948542
S1_NO_CN,2050,Australia_Oceania,Manufac,252.67047261376496,2.3469953097014318,758.9047239324253,323.35162135642054
S1_NO_CN,2050,Australia_Oceania,Petro,18.656582598597144,2.564325647943016,61.22457980070445,23.87551138808688
S1_NO_CN,2050,Australia_Oceania,Power,17.09791718843973,3.303814271214186,72.29019161781576,21.88082794111929
S1_NO_CN,2050,Australia_Oceania,WatWaste,12.354985005355733,1.87658856568665,29.670975860033963,15.811124722620384
S1_NO_CN,2050,Australia_Oceania,OthServ,1403.275009020505,1.9276906153175024,3461.789575299853,1795.822178986475
S1_NO_CN,2050,Australia_Oceania,Transport,64.78967980191568,1.5601875184224363,129.36094354553651,82.91371686500177
S1_NO_CN,2050,China,Rice,26.803442201992503,8.07912058688353,277.1246792941413,34.30134212138463
S1_NO_CN,2050,China,Crops nec,206.02412379871083,7.615733787612816,2007.9383395673144,263.6565850450171
S1_NO_CN,2050,China,"Bovine cattle, sheep and goats, horses",10.482004526158947,7.420229374245616,99.53646550740544,13.414203319002088
S1_NO_CN,2050,China,Animal products nec,152.7999791442197,8.403145122268796,1643.182120171076,195.5437034456748
S1_NO_CN,2050,China,Forestry,2.4363200737757813,2.8657788906795365,8.93506188215657,3.1178474723289598
S1_NO_CN,2050,China,Coal,5.48294432389056,2.276336364504838,15.97242339853492,7.016723844026425
S1_NO_CN,2050,China,Oil,0.0005239922521073,1.4799308557111528,0.0009924001752483,0.0006705721702845
S1_NO_CN,2050,China,Gas,8.178224848249108,2.178715514220316,22.802376614688267,10.465975204794685
S1_NO_CN,2050,China,Mine,0.1792070697130129,3.5005773694511086,0.8028147834053688,0.2293378049555377
S1_NO_CN,2050,China,Manufac,3485.127872454941,1.7605603390738878,7852.178673497549,4460.045264225705
S1_NO_CN,2050,China,Petro,256.748684293506,0.7977599327869498,262.1205006340053,328.57065650520934
S1_NO_CN,2050,China,Power,251.3754468116433,1.2386762422182656,398.4751155666052,321.6943234138059
S1_NO_CN,2050,China,WatWaste,38.43973522798106,0.791825332760937,38.952050209760536,49.19273044131268
S1_NO_CN,2050,China,OthServ,9782.814950844284,0.9486525333573166,11876.584177080866,12519.424873055696
S1_NO_CN,2050,China,Transport,1362.041347375348,0.6923776068787116,1206.85153383981,1743.0539438344226
S1_NO_CN,2050,Japan,Rice,0.032780686399069,2.978490202800391,0.1249495685283505,0.0419506394252363
S1_NO_CN,2050,Japan,Crops nec,23.21857733009756,3.300014203449197,98.05549956392728,29.71366122110679
S1_NO_CN,2050,Japan,"Bovine cattle, sheep and goats, horses",1.352536941678267,2.552373995284877,4.417880747839321,1.7308908647721195
S1_NO_CN,2050,Japan,Animal products nec,9.363755457424435,2.817114149187413,33.75787104923663,11.983139251907186
S1_NO_CN,2050,Japan,Forestry,1.6164985796433124,2.62476047270497,5.429821419156916,2.068692242654665
S1_NO_CN,2050,Japan,Coal,0.0047367617352668,1.728879083945148,0.0104801307699026,0.0060618082233386
S1_NO_CN,2050,Japan,Oil,0.0001863659687576,1.7980027499608937,0.0004288224409639,0.0002384994000493
S1_NO_CN,2050,Japan,Gas,5.821618149561382,1.932232637261908,14.39539781836523,7.450137528980135
S1_NO_CN,2050,Japan,Mine,0.0455016678331482,2.972482539757296,0.173088083703741,0.0582301592444974
S1_NO_CN,2050,Japan,Manufac,602.0583606529846,1.9412408951377185,1495.6795830795686,770.4760552155852
S1_NO_CN,2050,Japan,Petro,51.7400929373309,2.035861463901065,134.8018859054688,66.21368355952879
S1_NO_CN,2050,Japan,Power,55.75837059163789,2.716975796192276,193.8725780346759,71.35601955183684
S1_NO_CN,2050,Japan,WatWaste,22.012996740149397,1.9672678811901103,55.41957775194919,28.17083442347801
S1_NO_CN,2050,Japan,OthServ,2445.3687865102725,2.004166245463064,6271.893130505273,3129.427580212497
S1_NO_CN,2050,Japan,Transport,174.48878735061336,1.7487932350780229,390.5049387701591,223.29966221426545
S1_NO_CN,2050,South Korea,Rice,0.0066402815934459,10.245297203553578,0.0870625934416983,0.0084978104309472
S1_NO_CN,2050,South Korea,Crops nec,9.11731529749146,7.458788540360118,87.02736027463,11.667760712065286
S1_NO_CN,2050,South Korea,"Bovine cattle, sheep and goats, horses",0.145872469080769,4.783058922267185,0.8928933875827617,0.1866783170505797
S1_NO_CN,2050,South Korea,Animal products nec,3.113278188949492,5.693601174183289,22.684306845077355,3.98417563201984
S1_NO_CN,2050,South Korea,Forestry,0.6026754154029698,2.923562617393631,2.254843568578158,0.771265643469796
S1_NO_CN,2050,South Korea,Coal,0.0890753073072962,2.4093312159273825,0.2746466958672847,0.1139929593737997
S1_NO_CN,2050,South Korea,Oil,2.2752723059880723e-05,1.5954602890514684,4.645579767838198e-05,2.911749080165119e-05
S1_NO_CN,2050,South Korea,Gas,7.743005596156712,1.936403087569257,19.1878308538073,9.909008530275727
S1_NO_CN,2050,South Korea,Mine,0.0234096244086458,3.391612928410448,0.1016064480642883,0.0299581481153967
S1_NO_CN,2050,South Korea,Manufac,218.29718671226013,2.0908186810031717,584.0971031795646,279.36287386776934
S1_NO_CN,2050,South Korea,Petro,20.496239267005038,2.1432521052996534,56.21704105042832,26.229784361338307
S1_NO_CN,2050,South Korea,Power,13.66460888604321,2.3325772031733805,40.790006478415584,17.48709814320428
S1_NO_CN,2050,South Korea,WatWaste,4.237385803761486,1.770262010097856,9.59966546041972,5.422737090779972
S1_NO_CN,2050,South Korea,OthServ,830.3651728971693,1.995919511099147,2120.9610407073865,1062.6485901580595
S1_NO_CN,2050,South Korea,Transport,51.2856163394197,1.371171767832022,89.99284539483597,65.63207075846867
S1_NO_CN,2050,Rest of World,Rice,0.0002163471678317,6.608168398044554,0.0018295861238874,0.0002768673527828
S1_NO_CN,2050,Rest of World,Crops nec,0.2299391587708853,5.99496692909165,1.764088105197168,0.2942616491135465
S1_NO_CN,2050,Rest of World,"Bovine cattle, sheep and goats, horses",0.6266982697458419,7.201854810056143,5.775949655396736,0.8020086243931801
S1_NO_CN,2050,Rest of World,Animal products nec,0.3222295015304803,6.042723627503572,2.491830933818528,0.4123688664471364
S1_NO_CN,2050,Rest of World,Forestry,0.0086139175672218,2.6984052001066363,0.0297459893610126,0.0110235442424008
S1_NO_CN,2050,Rest of World,Coal,0.0446404876364122,1.4823896546409434,0.0846860442808644,0.0571280592441014
S1_NO_CN,2050,Rest of World,Oil,1.0729669175895336e-05,1.6728294740289542,2.2969870426701456e-05,1.3731153961652597e-05
S1_NO_CN,2050,Rest of World,Gas,0.0163277284888538,0.8014694352089817,0.0167468556346172,0.0208951944040449
S1_NO_CN,2050,Rest of World,Mine,0.0343372452102213,4.129332248732447,0.1814536963627671,0.0439426253875902
S1_NO_CN,2050,Rest of World,Manufac,16.300628680260303,1.683775317414692,35.12440977824746,20.860511871186183
S1_NO_CN,2050,Rest of World,Petro,0.7348167385845984,1.2179678039594608,1.1453425378606683,0.9403719089690324
S1_NO_CN,2050,Rest of World,Power,1.7054916234925757,1.7404799277435383,3.798736341870103,2.182579920923399
S1_NO_CN,2050,Rest of World,WatWaste,0.3032431209319524,1.1986166290051103,0.4651486855765529,0.3880712767625051
S1_NO_CN,2050,Rest of World,OthServ,45.25446127796508,1.3101401771996306,75.87517507034384,57.91378381414207
S1_NO_CN,2050,Rest of World,Transport,7.330069803586749,1.26127126630022,11.83142769949158,9.380557537091136
S1_NO_CN,2050,Southeast Asia,Rice,1.2223362317369857,8.88413098816429,13.897163916099652,1.5642682372738828
S1_NO_CN,2050,Southeast Asia,Crops nec,56.91682781303158,7.592803520525621,553.0487190712664,72.83854191090963
S1_NO_CN,2050,Southeast Asia,"Bovine cattle, sheep and goats, horses",2.851033246565345,6.949348573488857,25.355192937486617,3.64857116998776
S1_NO_CN,2050,Southeast Asia,Animal products nec,40.14450760150142,6.626254148632859,340.41976401154227,51.37438891751054
S1_NO_CN,2050,Southeast Asia,Forestry,1.2679206658820052,1.984914527534314,3.220730845435498,1.622604300210126
S1_NO_CN,2050,Southeast Asia,Coal,0.2997036142567074,1.4042173159329228,0.5385758137345524,0.3835416916606639
S1_NO_CN,2050,Southeast Asia,Oil,0.0002253494389647,1.4883726521730414,0.00042922865211,0.0002883878603434
S1_NO_CN,2050,Southeast Asia,Gas,0.1694985795250563,1.3697575652120273,0.2971189232271734,0.2169135240024974
S1_NO_CN,2050,Southeast Asia,Mine,0.2027316182125163,3.424884079741828,0.8885623459679389,0.259443046789357
S1_NO_CN,2050,Southeast Asia,Manufac,764.3644095092475,1.8807863630291408,1839.7570089381895,978.1850609998716
S1_NO_CN,2050,Southeast Asia,Petro,65.27467341524353,0.7196596864054687,60.1163251375337,83.53438478949987
S1_NO_CN,2050,Southeast Asia,Power,64.98307756872937,1.1381761951393894,94.65211340829626,83.16121333849068
S1_NO_CN,2050,Southeast Asia,WatWaste,23.14700281447321,0.6930079853262723,20.52832643637154,29.62206335026607
S1_NO_CN,2050,Southeast Asia,OthServ,2188.499567848787,0.8408774641496892,2355.047767455048,2800.70267814771
S1_NO_CN,2050,Southeast Asia,Transport,481.0349248951808,0.6432547467386355,395.9862904338546,615.5979233885798
S1_NO_CN,2050,"Central, Western and South Asia",Rice,0.5762778753175187,6.209801628809047,4.579628137280906,0.7374838051734242
S1_NO_CN,2050,"Central, Western and South Asia",Crops nec,108.59573493536148,4.484219802574433,623.1896082350521,138.97392270079095
S1_NO_CN,2050,"Central, Western and South Asia","Bovine cattle, sheep and goats, horses",23.32539002052382,4.419856258795569,131.93426489641692,29.85035265335736
S1_NO_CN,2050,"Central, Western and South Asia",Animal products nec,46.56116637078215,5.128218976139246,305.57016883858336,59.586021858552456
S1_NO_CN,2050,"Central, Western and South Asia",Forestry,8.742593818777468,2.818068834551379,31.529162898540168,11.18821613156398
S1_NO_CN,2050,"Central, Western and South Asia",Coal,1.3883442191812816,1.6641266398494,2.9566782807004794,1.7767148220249076
S1_NO_CN,2050,"Central, Western and South Asia",Oil,0.0110025774983489,1.911729843493131,0.0269179199904781,0.0140803996331426
S1_NO_CN,2050,"Central, Western and South Asia",Gas,33.33302419513608,1.0750023946343903,45.85689985532599,42.657486841749126
S1_NO_CN,2050,"Central, Western and South Asia",Mine,2.481768727397347,4.030816144142909,12.801912038743785,3.176010101637767
S1_NO_CN,2050,"Central, Western and South Asia",Manufac,1539.7110797970183,1.5978600522896105,3148.462434702301,1970.4244316630325
S1_NO_CN,2050,"Central, Western and South Asia",Petro,136.89952912771187,0.90552759048135,158.64419433611383,175.19532143861898
S1_NO_CN,2050,"Central, Western and South Asia",Power,167.93327319683394,1.1989348052038844,257.66347681751665,214.9103320074928
S1_NO_CN,2050,"Central, Western and South Asia",WatWaste,46.93157426922327,0.9576345729070492,57.51557698997212,60.06004650867501
S1_NO_CN,2050,"Central, Western and South Asia",OthServ,3511.586486011612,1.062796653434807,4776.10745331444,4493.905240794654
S1_NO_CN,2050,"Central, Western and South Asia",Transport,754.0115508211765,0.9547684764733348,921.2905410084812,964.9360683859958
S1_NO_CN,2050,India,Rice,12.991887108488518,6.131029818595129,101.93567622372088,16.62619155998427
S1_NO_CN,2050,India,Crops nec,126.36552159493114,10.532231350091614,1703.215208285738,161.7145647003797
S1_NO_CN,2050,India,"Bovine cattle, sheep and goats, horses",0.6741883028673228,9.924557383313276,8.562742857783686,0.8627833496023839
S1_NO_CN,2050,India,Animal products nec,59.36410081262439,10.86761007572681,825.6167275831034,75.97040402185388
S1_NO_CN,2050,India,Forestry,16.687995237608117,2.123608977552918,45.352294234440215,21.35623605863877
S1_NO_CN,2050,India,Coal,0.535415382253386,0.9902084226994314,0.6784814870013292,0.685190669678977
S1_NO_CN,2050,India,Oil,4.1660483636267405e-05,1.468712681468288,7.830359364550946e-05,5.331442630937953e-05
S1_NO_CN,2050,India,Gas,1.5508847517872464,0.8666743000585478,1.7201090714492393,1.9847238947402683
S1_NO_CN,2050,India,Mine,0.038503872248419,3.546852908654184,0.1747704996200273,0.0492748089753602
S1_NO_CN,2050,India,Manufac,619.9549054104775,1.95214769627066,1548.7927788063369,793.378895082159
S1_NO_CN,2050,India,Petro,160.91472677518485,0.5365140957300886,110.48351189801303,205.92844060688995
S1_NO_CN,2050,India,Power,184.68061676796003,0.6898485025915416,163.0405320880055,236.34251821757556
S1_NO_CN,2050,India,WatWaste,8.921390564320122,0.7157710430326646,8.171978569511774,11.417028741179172
S1_NO_CN,2050,India,OthServ,3064.008084483294,0.7286090752997575,2856.96569096664,3921.122871367264
S1_NO_CN,2050,India,Transport,469.8657648194082,0.4212904088571402,253.3237548204648,601.304348267644
S1_NO_CN,2050,Canada,Rice,0.001532082223844,2.908637069318895,0.0057028526461363,0.0019606614747591
S1_NO_CN,2050,Canada,Crops nec,4.987130713039754,3.5280779376557354,22.516944816579965,6.3822136548672255
S1_NO_CN,2050,Canada,"Bovine cattle, sheep and goats, horses",0.5307406265601693,3.044861995202424,2.0680950166452554,0.679208135263412
S1_NO_CN,2050,Canada,Animal products nec,2.2976289025056302,7.180446161981054,21.11309285690175,2.940359387956247
S1_NO_CN,2050,Canada,Forestry,0.384096864919734,8.030565591138362,3.947366379242557,0.4915427644965034
S1_NO_CN,2050,Canada,Coal,0.0025984787792154,3.05578692091116,0.0101616161115948,0.0033253680695955
S1_NO_CN,2050,Canada,Oil,0.0069018631592743,2.4578610172663997,0.0217092193996397,0.0088325663556593
S1_NO_CN,2050,Canada,Gas,4.1432939688104256,2.507348794447521,13.294776537182008,5.302324378194066
S1_NO_CN,2050,Canada,Mine,0.0858557859651214,3.088923489281496,0.3393886085805027,0.1098727814237038
S1_NO_CN,2050,Canada,Manufac,282.5324520391923,2.319643115789572,838.7065851613785,361.567093023296
S1_NO_CN,2050,Canada,Petro,28.012984914887404,2.3299055216568725,83.52533762428256,35.84923728884185
S1_NO_CN,2050,Canada,Power,19.318165946640587,3.731039807386886,92.23936762716131,24.722161350157887
S1_NO_CN,2050,Canada,WatWaste,1.436151217721807,1.6184564505606231,2.974553130026202,1.8378950704323305
S1_NO_CN,2050,Canada,OthServ,1301.1091354996263,1.8105554146587903,3014.713804168717,1665.0767921465294
S1_NO_CN,2050,Canada,Transport,96.09484527995517,1.4691533310312677,180.6707127228788,122.97607792531852
S1_NO_CN,2050,United States,Rice,0.0174654461456179,3.7837947706175776,0.0845722331484184,0.0223511681455707
S1_NO_CN,2050,United States,Crops nec,68.30961343763501,4.499692353033836,393.3554676569792,87.41830046830025
S1_NO_CN,2050,United States,"Bovine cattle, sheep and goats, horses",1.6466816240688928,4.449306083276995,9.376105044187812,2.1073185120198112
S1_NO_CN,2050,United States,Animal products nec,18.32587691717884,4.143922514556884,97.1844840358751,23.452292713744267
S1_NO_CN,2050,United States,Forestry,0.6548068447794042,3.778952079603338,3.1666869841213465,0.8379801902834418
S1_NO_CN,2050,United States,Coal,0.0132386503183925,3.680149052074544,0.0623490242806652,0.0169419834245557
S1_NO_CN,2050,United States,Oil,0.0006578922046965,1.9771755559391864,0.0016646407233221,0.000841928578014
S1_NO_CN,2050,United States,Gas,22.21407955170065,2.418739982415741,68.76034519026132,28.42816754639476
S1_NO_CN,2050,United States,Mine,0.2996080654718628,2.20397564196391,0.8450469384288652,0.3834193648988676
S1_NO_CN,2050,United States,Manufac,3291.5628945473845,1.7586496145298256,7408.017863169056,4212.333133071068
S1_NO_CN,2050,United States,Petro,214.20736033230395,1.844192168833242,505.54649617979095,274.1289541315262
S1_NO_CN,2050,United States,Power,187.9921002994437,2.8591132269467523,687.8464440185007,240.5803446611388
S1_NO_CN,2050,United States,WatWaste,98.21880737276092,1.7007041777095238,213.76863136277987,125.6941884280598
S1_NO_CN,2050,United States,OthServ,19543.873076751708,1.6502843582548965,41275.27340560031,25011.006911021792
S1_NO_CN,2050,United States,Transport,942.6086989314344,1.4209156491043025,1714.0373548825612,1206.2907492931986
S1_NO_CN,2050,Rest of America,Rice,0.2142345264593574,5.191355971010645,1.423281535257254,0.274163740704324
S1_NO_CN,2050,Rest of America,Crops nec,41.35689697306225,4.781042600138139,253.04111999358992,52.92592959469469
S1_NO_CN,2050,Rest of America,"Bovine cattle, sheep and goats, horses",3.735344087201296,4.924296166570014,23.53939630908313,4.780255994789529
S1_NO_CN,2050,Rest of America,Animal products nec,22.3605358121595,4.733308196007181,135.4464201509773,28.615592869070728
S1_NO_CN,2050,Rest of America,Forestry,3.0970926052432897,2.6505383997330103,10.505309057405126,3.963462311838574
S1_NO_CN,2050,Rest of America,Coal,0.0140522273561884,2.349994159619992,0.0422602919027532,0.0179831498600879
S1_NO_CN,2050,Rest of America,Oil,0.0007178440931616,2.3676304250972766,0.0021750266624948,0.0009186512253075
S1_NO_CN,2050,Rest of America,Gas,5.571908640627907,2.41959430618145,17.253097737674853,7.130575457773833
S1_NO_CN,2050,Rest of America,Mine,0.1904342734231751,3.1454240069206554,0.7665577030937742,0.2437056207180783
S1_NO_CN,2050,Rest of America,Manufac,1196.0179331076306,2.020254643544028,3092.177010431429,1530.5877263791083
S1_NO_CN,2050,Rest of America,Petro,82.12142539903802,1.7897993982893878,188.09678755506064,105.09378304309114
S1_NO_CN,2050,Rest of America,Power,41.03187692250871,2.822647933651918,148.2172112130008,52.50998881546991
S1_NO_CN,2050,Rest of America,WatWaste,26.419807204737484,1.564107880500604,52.883098114654246,33.810390430948985
S1_NO_CN,2050,Rest of America,OthServ,3110.7631132842894,1.6176728417950252,6439.885959918497,3980.9569731271545
S1_NO_CN,2050,Rest of America,Transport,515.122908072305,1.3834615646503463,912.0076971876005,659.2215672382354
S1_NO_CN,2050,Brazil,Rice,0.0271106479480933,4.067129819911733,0.1411069725553095,0.0346944845450564
S1_NO_CN,2050,Brazil,Crops nec,13.059968332606246,4.136127017293671,69.12840440942585,16.71331779906891
S1_NO_CN,2050,Brazil,"Bovine cattle, sheep and goats, horses",1.000198439204332,4.795235821221086,6.137855843261316,1.2799904058284652
S1_NO_CN,2050,Brazil,Animal products nec,15.222381892984089,4.9028601408219386,95.51083890890966,19.480637098127268
S1_NO_CN,2050,Brazil,Forestry,0.9057197234748534,4.919843636012756,5.70250490083031,1.159082548870339
S1_NO_CN,2050,Brazil,Coal,0.002707324517786,1.84321012745486,0.0063860998701915,0.003464663085837
S1_NO_CN,2050,Brazil,Oil,0.0001334841849309,2.8175454199805934,0.0004813060065298,0.0001708245776982
S1_NO_CN,2050,Brazil,Gas,0.4156972377047767,3.3801376957835463,1.7981754862132588,0.5319829236745911
S1_NO_CN,2050,Brazil,Mine,0.4214511699626902,3.9187215746540383,2.1135484775901707,0.5393464328060592
S1_NO_CN,2050,Brazil,Manufac,660.0442712248158,2.7233478614641307,2300.364868793396,844.6827300692881
S1_NO_CN,2050,Brazil,Petro,42.46175829738564,3.438302860074792,186.83689626935896,54.33985986574329
S1_NO_CN,2050,Brazil,Power,24.90168392178861,7.824810786799462,249.3578832716688,31.867592708959386
S1_NO_CN,2050,Brazil,WatWaste,21.099373598655205,2.7180717284394817,73.39238774084016,27.00163759094785
S1_NO_CN,2050,Brazil,OthServ,1641.1521024449933,2.2352965228923405,4694.664030351557,2100.242189185264
S1_NO_CN,2050,Brazil,Transport,206.70303913954444,1.895085823206998,501.2983632247454,264.52541206075057
S1_NO_CN,2050,"EU, UK and EFTA",Rice,0.0291360298665535,3.775568628464589,0.1407775115909768,0.0372864393976686
S1_NO_CN,2050,"EU, UK and EFTA",Crops nec,128.16234754937588,3.969242014396533,651.0113724596455,164.01402461318156
S1_NO_CN,2050,"EU, UK and EFTA","Bovine cattle, sheep and goats, horses",4.140332254086625,3.4307896086682708,18.17815581347572,5.298536835170521
S1_NO_CN,2050,"EU, UK and EFTA",Animal products nec,40.073658044068594,4.154837377752338,213.07552133301425,51.28372302087098
S1_NO_CN,2050,"EU, UK and EFTA",Forestry,8.644166877055332,3.1891588424877786,35.27928988501056,11.062255684064333
S1_NO_CN,2050,"EU, UK and EFTA",Coal,1.2565314322694352,11.597853616212024,18.64968589784352,1.6080291397320088
S1_NO_CN,2050,"EU, UK and EFTA",Oil,0.0281924857254233,2.0798663684872087,0.0750393983700511,0.0360789499765834
S1_NO_CN,2050,"EU, UK and EFTA",Gas,34.529319676500386,5.440717867360264,240.41677615689483,44.18843272807612
S1_NO_CN,2050,"EU, UK and EFTA",Mine,2.4062462264578444,3.7722694948484334,11.616179628736225,3.0793609175765027
S1_NO_CN,2050,"EU, UK and EFTA",Manufac,3103.9485410648285,2.333327149376677,9268.526346012322,3972.236870796256
S1_NO_CN,2050,"EU, UK and EFTA",Petro,117.14833673612152,5.024856632304808,753.3214675683433,149.91900146164718
S1_NO_CN,2050,"EU, UK and EFTA",Power,124.60750319782927,8.02108395603909,1279.0802639661708,159.46476533688588
S1_NO_CN,2050,"EU, UK and EFTA",WatWaste,69.35693900302847,1.8292866196224729,162.36492537833,88.75860328323753
S1_NO_CN,2050,"EU, UK and EFTA",OthServ,11176.43263986569,1.8149220344499204,25958.6271191428,14302.888250157366
S1_NO_CN,2050,"EU, UK and EFTA",Transport,930.5200232987856,1.5217304214549974,1812.1076238337948,1190.820398064027
S1_NO_CN,2050,Eastern Europe,Rice,0.0054786912608934,3.783460327310363,0.0265269032635338,0.0070112809377122
S1_NO_CN,2050,Eastern Europe,Crops nec,11.012853705838411,3.28563659247472,46.30628480600229,14.093550522844522
S1_NO_CN,2050,Eastern Europe,"Bovine cattle, sheep and goats, horses",1.0672955977182057,3.42577719049468,4.679122048350656,1.3658568846152357
S1_NO_CN,2050,Eastern Europe,Animal products nec,4.592922455250171,4.9307319148801225,28.981512395954702,5.87773027945545
S1_NO_CN,2050,Eastern Europe,Forestry,0.4660664111417646,3.7987630585597714,2.2657425088398635,0.5964421756169334
S1_NO_CN,2050,Eastern Europe,Coal,0.1545737975868746,2.5053477387373246,0.4955921657502251,0.1978137194351285
S1_NO_CN,2050,Eastern Europe,Oil,0.0059140589714133,1.983887009655369,0.0150149235825807,0.0075684359323146
S1_NO_CN,2050,Eastern Europe,Gas,2.812665563242827,1.986215441961821,7.149324205259485,3.5994706284651627
S1_NO_CN,2050,Eastern Europe,Mine,0.415927053917318,3.035646005756059,1.6158045908186414,0.5322770081230366
S1_NO_CN,2050,Eastern Europe,Manufac,115.15495960493668,2.1930898000724754,323.19125733063106,147.36800503695528
S1_NO_CN,2050,Eastern Europe,Petro,10.82149035143812,2.320971984345793,32.142341916347085,13.84865598246964
S1_NO_CN,2050,Eastern Europe,Power,30.09635657422866,2.4386350390609177,93.92501541865958,38.51540477132283
S1_NO_CN,2050,Eastern Europe,WatWaste,1.1095454873703468,1.848277701072358,2.6244172105975543,1.41992580923322
S1_NO_CN,2050,Eastern Europe,OthServ,191.4873091094437,1.93030047253522,473.0264819749595,245.0532907680552
S1_NO_CN,2050,Eastern Europe,Transport,26.05558675474373,1.3472419635904058,44.92281897731201,33.34428440616071
S1_NO_CN,2050,Russia,Rice,0.0023369946321056,3.4521358473462644,0.0103244311922821,0.002990737227242
S1_NO_CN,2050,Russia,Crops nec,22.03190105328782,3.38006250184932,95.30095338087584,28.195026664274724
S1_NO_CN,2050,Russia,"Bovine cattle, sheep and goats, horses",0.0666399666192421,6.065673704857653,0.5172903263801313,0.0852815962189023
S1_NO_CN,2050,Russia,Animal products nec,5.078208727529247,3.380327905549505,21.96796965424651,6.498768838702087
S1_NO_CN,2050,Russia,Forestry,0.2312006355380795,3.031112366388897,0.8968330444193634,0.2958758822817503
S1_NO_CN,2050,Russia,Coal,0.2016897744487844,2.0959930554166144,0.5409962583887603,0.2581097598680996
S1_NO_CN,2050,Russia,Oil,0.0001870266301526,2.036039061918575,0.0004873153555046,0.0002393447967772
S1_NO_CN,2050,Russia,Gas,13.270755389048922,1.7344410145239684,29.45613223242567,16.98306948836427
S1_NO_CN,2050,Russia,Mine,0.1463004439558466,2.271132584450908,0.4252150956077844,0.1872260107214135
S1_NO_CN,2050,Russia,Manufac,334.9825504475707,1.7894112027082885,767.1015822788945,428.6893941709751
S1_NO_CN,2050,Russia,Petro,30.23319499645821,1.281077368321835,49.56555185505093,38.69052184958429
S1_NO_CN,2050,Russia,Power,79.21245266464963,2.2027398440870707,223.29408041843087,101.37106341400832
S1_NO_CN,2050,Russia,WatWaste,5.574112297443966,1.7474192377220823,12.465031154771983,7.133394714720054
S1_NO_CN,2050,Russia,OthServ,833.4417504396494,1.7486100393060136,1865.0426230918388,1066.5857892381227
S1_NO_CN,2050,Russia,Transport,66.62881660678102,1.4810570596510626,126.28577454646393,85.267323883615
S1_NO_CN,2050,North Africa,Rice,0.1023030290166758,14.045779764497675,1.8388863492236345,0.1309209156334363
S1_NO_CN,2050,North Africa,Crops nec,25.500248583873024,5.380100044703517,175.5720206597611,32.63360033341081
S1_NO_CN,2050,North Africa,"Bovine cattle, sheep and goats, horses",10.346614010602051,4.560057297674639,60.37944116039804,13.240940015703051
S1_NO_CN,2050,North Africa,Animal products nec,10.603254817819495,5.359335993197603,72.72282236334951,13.569371687358116
S1_NO_CN,2050,North Africa,Forestry,1.3652594171474188,1.8936935692187484,3.308608849395522,1.747172226377105
S1_NO_CN,2050,North Africa,Coal,0.0034483519521681,1.837476479810465,0.0081087500887269,0.0044129822062935
S1_NO_CN,2050,North Africa,Oil,0.0291345983767491,1.7239309482069096,0.0642760890409396,0.0372846075345874
S1_NO_CN,2050,North Africa,Gas,6.262216825109424,1.3322071134531064,10.676290707068286,8.013987147357762
S1_NO_CN,2050,North Africa,Mine,0.3462622426496766,4.223097509358713,1.8713576138348216,0.4431244511551999
S1_NO_CN,2050,North Africa,Manufac,274.7510990588193,1.4478575172970831,509.0797304481979,351.6090160440005
S1_NO_CN,2050,North Africa,Petro,40.06375254264396,0.4649227165370589,23.83707337115744,51.27104700046579
S1_NO_CN,2050,North Africa,Power,32.93726576341596,0.8363019542167641,35.25098018553855,42.15101995626439
S1_NO_CN,2050,North Africa,WatWaste,3.8031770319233065,0.7796781200100676,3.794743539419264,4.867064294869054
S1_NO_CN,2050,North Africa,OthServ,518.5051167481498,0.7266475792889034,482.1669288083955,663.549899853748
S1_NO_CN,2050,North Africa,Transport,111.95087411395822,0.6656664355004575,95.36844249415287,143.26761604337986
S1_NO_CN,2050,Sub Saharan,Rice,5.194033942496797,6.715682923804248,44.63910804862942,6.646994589982287
S1_NO_CN,2050,Sub Saharan,Crops nec,139.26502794418371,5.909831743444374,1053.2651844110133,178.22253455829835
S1_NO_CN,2050,Sub Saharan,"Bovine cattle, sheep and goats, horses",10.359479003591408,6.035215745315667,80.01128697791076,13.257403008825158
S1_NO_CN,2050,Sub Saharan,Animal products nec,43.36798610510344,5.969114042108012,331.2833988644406,55.4995927105853
S1_NO_CN,2050,Sub Saharan,Forestry,35.4906205319912,2.0710256070815958,94.0631683989446,45.41864085194507
S1_NO_CN,2050,Sub Saharan,Coal,0.0163495843020774,1.9305563681001905,0.0403933379746664,0.0209231587054875
S1_NO_CN,2050,Sub Saharan,Oil,0.0055067062385013,2.226481215616656,0.01569030863342,0.0070471326684049
S1_NO_CN,2050,Sub Saharan,Gas,0.0455947111701935,1.94882085046628,0.1137121649833922,0.0583492138875379
S1_NO_CN,2050,Sub Saharan,Mine,1.0214421987364133,3.964040947416924,5.181702436129606,1.3071774513243462
S1_NO_CN,2050,Sub Saharan,Manufac,1003.8504896863824,1.5739349709604091,2021.9777019904448,1284.6641162470137
S1_NO_CN,2050,Sub Saharan,Petro,46.716678133043935,0.9708432042902824,58.04189600818876,59.78504205366452
S1_NO_CN,2050,Sub Saharan,Power,22.4651222034058,2.062191341936991,59.28683772330811,28.749435924704635
S1_NO_CN,2050,Sub Saharan,WatWaste,14.38041926970463,0.8549856907945136,15.73442716800492,18.40314678627483
S1_NO_CN,2050,Sub Saharan,OthServ,1290.0741292992718,0.9404727046528276,1552.678014145593,1650.9548912893724
S1_NO_CN,2050,Sub Saharan,Transport,188.98360309771564,0.832817852221188,201.41633663324285,241.8492068048643
S1_NO_CN,2050,South Africa,Rice,0.0004542272784455,4.009845226060595,0.0023308877727873,0.0005812912083639
S1_NO_CN,2050,South Africa,Crops nec,1.395550064085762,4.441083032455879,7.931491366310261,1.785936338764394
S1_NO_CN,2050,South Africa,"Bovine cattle, sheep and goats, horses",0.6892597952709394,5.476987723284538,4.831091421339912,0.8820708038128254
S1_NO_CN,2050,South Africa,Animal products nec,0.7757062843924855,5.848000378581189,5.805307700861286,0.9926996130195492
S1_NO_CN,2050,South Africa,Forestry,0.2457945715614573,3.8523351847151286,1.2117607918655322,0.3145522712258862
S1_NO_CN,2050,South Africa,Coal,0.729486735747803,2.3910693314460616,2.2321846145934505,0.9335507696967932
S1_NO_CN,2050,South Africa,Oil,9.49216148651322e-06,1.546960689600317,1.8791650983137625e-05,1.2147464813161995e-05
S1_NO_CN,2050,South Africa,Gas,0.006828828019469,1.6289099291881473,0.0142352070319645,0.0087390994897912
S1_NO_CN,2050,South Africa,Mine,0.065408239672663,3.1543755767371477,0.2640379817428341,0.0837053091604328
S1_NO_CN,2050,South Africa,Manufac,114.1462099206049,2.1183913252710664,309.448389658978,146.07707254612183
S1_NO_CN,2050,South Africa,Petro,13.574567276827295,1.1219396116390998,19.49018752549055,17.371868241233678
S1_NO_CN,2050,South Africa,Power,13.43935124874354,2.183959221124052,37.56153841960093,17.198827743292405
S1_NO_CN,2050,South Africa,WatWaste,3.114487774065815,1.9107807722707568,7.615843913439343,3.9857235435872176
S1_NO_CN,2050,South Africa,OthServ,290.8561768918116,1.8805171559260805,699.9646908610671,372.2192516781408
S1_NO_CN,2050,South Africa,Transport,50.35786649027982,1.4989539896304636,96.599786435273,64.44479737732686
S2_CAPACITY,2030,Australia_Oceania,Rice,0.0048203583440655,1.6212026219007525,0.0100008557691884,0.0061687883006831
S2_CAPACITY,2030,Australia_Oceania,Crops nec,5.82815857758304,1.591803543375826,11.872477872214578,7.45850718196896
S2_CAPACITY,2030,Australia_Oceania,"Bovine cattle, sheep and goats, horses",0.1596884120725661,1.557841350299041,0.3183590289782991,0.2043590814427543
S2_CAPACITY,2030,Australia_Oceania,Animal products nec,2.0623714673950886,1.6029732481368644,4.230714392826878,2.639291971161768
S2_CAPACITY,2030,Australia_Oceania,Forestry,0.131518371263264,1.7119287326371968,0.2881327636137647,0.1683088544422598
S2_CAPACITY,2030,Australia_Oceania,Coal,0.0029514864477607,3.700090638730954,0.0139757041339598,0.0037771248700868
S2_CAPACITY,2030,Australia_Oceania,Oil,1.5624386050630772e-05,1.329422224692994,2.6581925573035447e-05,1.9995095158287236e-05
S2_CAPACITY,2030,Australia_Oceania,Gas,0.9603729565103052,2.5418413677001896,3.1239847655346,1.2290242846470292
S2_CAPACITY,2030,Australia_Oceania,Mine,0.0620686319780913,1.5858835896224048,0.1259690982227169,0.079431491697518
S2_CAPACITY,2030,Australia_Oceania,Manufac,162.93196812248598,1.5400139982558367,321.10828703850643,208.5099834507862
S2_CAPACITY,2030,Australia_Oceania,Petro,7.3222608942142,2.981889262471587,27.941984782729865,9.370565184831865
S2_CAPACITY,2030,Australia_Oceania,Power,9.76694152067338,2.7846837874501444,34.806072104127395,12.4991111238579
S2_CAPACITY,2030,Australia_Oceania,WatWaste,8.567565188843163,1.4242270897578193,15.615546986719275,10.964225509885967
S2_CAPACITY,2030,Australia_Oceania,OthServ,775.3713558651,1.4118010341671323,1400.889210899502,992.2709867008076
S2_CAPACITY,2030,Australia_Oceania,Transport,27.38144431039828,1.3125495636410625,45.99309190607951,35.04103319924186
S2_CAPACITY,2030,China,Rice,30.20418935308177,2.099993976847998,81.17191186221082,38.65340222690218
S2_CAPACITY,2030,China,Crops nec,233.0354334566196,2.063509937822314,615.3880631522212,298.22394313244064
S2_CAPACITY,2030,China,"Bovine cattle, sheep and goats, horses",14.880157260910394,2.067039136866729,39.361964235625614,19.042679710587876
S2_CAPACITY,2030,China,Animal products nec,217.83080977662365,2.2404557994192844,624.5629650702898,278.76602802470114
S2_CAPACITY,2030,China,Forestry,2.632680817539764,1.4463997573423384,4.873119833417701,3.369137462999335
S2_CAPACITY,2030,China,Coal,4.568548813917248,3.5868989602137407,20.970942746051787,5.8465385569455295
S2_CAPACITY,2030,China,Oil,0.0003904097317548,1.3021876669081194,0.0006506010418261,0.0004996217025541
S2_CAPACITY,2030,China,Gas,4.498626583606671,3.450417463203018,19.864248074577745,5.757057937791675
S2_CAPACITY,2030,China,Mine,0.1987103623080537,1.5802466818258245,0.4018518241333008,0.25429687783316
S2_CAPACITY,2030,China,Manufac,3115.7576719463905,1.226492543210218,4890.453422766748,3987.3487452415056
S2_CAPACITY,2030,China,Petro,116.91044900426272,1.271533184135009,190.2398824891202,149.61456603896997
S2_CAPACITY,2030,China,Power,132.2507331113982,1.778828369348181,301.0597364105794,169.24608448783664
S2_CAPACITY,2030,China,WatWaste,23.15635975032446,1.0570027976777772,31.323260810134197,29.634037707173952
S2_CAPACITY,2030,China,OthServ,5861.68446585278,1.030513899059889,7730.308609539338,7501.41126746634
S2_CAPACITY,2030,China,Transport,629.3051497909364,0.9354324390483296,753.345596183552,805.3447315179922
S2_CAPACITY,2030,Japan,Rice,0.0331933590143121,1.41731879277441,0.0602059329573725,0.0424787516152002
S2_CAPACITY,2030,Japan,Crops nec,23.721444008080077,1.4736269876973622,44.73518429397004,30.357198070782207
S2_CAPACITY,2030,Japan,"Bovine cattle, sheep and goats, horses",1.3260540450217777,1.370285381026387,2.325373885350828,1.6969997358255464
S2_CAPACITY,2030,Japan,Animal products nec,9.502144143299793,1.4065401175894383,17.103865774605985,12.160240298733214
S2_CAPACITY,2030,Japan,Forestry,1.5952954843887932,1.4074624126455473,2.873415851047397,2.0415578676384056
S2_CAPACITY,2030,Japan,Coal,0.004237851677671,2.3570742077603746,0.0127831990071019,0.0054233346713921
S2_CAPACITY,2030,Japan,Oil,0.0001399773591723,1.490505099619666,0.0002670003335258,0.0001791341863842
S2_CAPACITY,2030,Japan,Gas,4.035902268399741,1.85882208658342,9.600613956631069,5.164891647070047
S2_CAPACITY,2030,Japan,Mine,0.0457856686299173,1.4946869991920966,0.0875790761482847,0.0585936055182049
S2_CAPACITY,2030,Japan,Manufac,524.3784660496696,1.3270642336888838,890.5480049329335,671.0662592971107
S2_CAPACITY,2030,Japan,Petro,28.451573743026,2.552899601472248,92.95239213944802,36.41051636442044
S2_CAPACITY,2030,Japan,Power,43.94544447527857,2.264295148757669,127.34076051673608,56.23858735323968
S2_CAPACITY,2030,Japan,WatWaste,20.178928498133644,1.343362759709646,34.69061091493898,25.823710432270143
S2_CAPACITY,2030,Japan,OthServ,2106.272728045444,1.3311161951297386,3587.9890890202373,2695.473992698377
S2_CAPACITY,2030,Japan,Transport,130.0401311702986,1.2936163707757269,215.27988047585907,166.4170965110691
S2_CAPACITY,2030,South Korea,Rice,0.0071721811506211,2.28218936300274,0.020947078913158,0.0091785016850111
S2_CAPACITY,2030,South Korea,Crops nec,9.800200085260588,2.008131546915949,25.18532984784812,12.5416732661032
S2_CAPACITY,2030,South Korea,"Bovine cattle, sheep and goats, horses",0.1706314140155249,1.6353132422483032,0.3570922996088507,0.218363241570566
S2_CAPACITY,2030,South Korea,Animal products nec,3.754726312880118,1.7755815552104182,8.531776162376314,4.805060188253984
S2_CAPACITY,2030,South Korea,Forestry,0.5956949047933452,1.4469850705014402,1.103083726126574,0.7623324302185469
S2_CAPACITY,2030,South Korea,Coal,0.0798947078342646,3.078434487351153,0.3147519797546407,0.1022442072853441
S2_CAPACITY,2030,South Korea,Oil,1.5872464253472894e-05,1.307861489911366,2.6566029562405363e-05,2.031257228788409e-05
S2_CAPACITY,2030,South Korea,Gas,5.027857790802246,1.810978193115416,11.652436584593396,6.434334202573964
S2_CAPACITY,2030,South Korea,Mine,0.0232957059125419,1.6546148536287748,0.0493279804873497,0.0298123624710057
S2_CAPACITY,2030,South Korea,Manufac,177.69919114849787,1.4314034506422977,325.5127863458496,227.40813782752423
S2_CAPACITY,2030,South Korea,Petro,10.209381203405725,2.6757204772664998,34.95913708241054,13.065317199878832
S2_CAPACITY,2030,South Korea,Power,9.136532261226431,2.190097178855498,25.607390223075143,11.69235341260345
S2_CAPACITY,2030,South Korea,WatWaste,3.6174562043851455,1.2614552564009698,5.839769082760941,4.629390582367572
S2_CAPACITY,2030,South Korea,OthServ,664.7109006065043,1.328669174142061,1130.2387733266455,850.6547774971162
S2_CAPACITY,2030,South Korea,Transport,31.387347234530683,1.1582076930680716,46.5223451542558,40.167531203752965
S2_CAPACITY,2030,Rest of World,Rice,0.0002300164586983,1.8336995504211264,0.0005397686204027,0.0002943604423138
S2_CAPACITY,2030,Rest of World,Crops nec,0.2423886847963661,1.83676619602908,0.5697531854933121,0.3101937681946217
S2_CAPACITY,2030,Rest of World,"Bovine cattle, sheep and goats, horses",0.7665772757529535,1.8771679637804557,1.8415334700002293,0.9810168881861302
S2_CAPACITY,2030,Rest of World,Animal products nec,0.3817134977933112,1.7649947709276756,0.8621870235876189,0.4884927098387042
S2_CAPACITY,2030,Rest of World,Forestry,0.0080261221489115,1.3959266137874191,0.0143380104978382,0.0102713210235624
S2_CAPACITY,2030,Rest of World,Coal,0.0353472553657995,3.2549516236085103,0.1472382942589947,0.0452351711545074
S2_CAPACITY,2030,Rest of World,Oil,7.197162762199126e-06,1.320326844822581,1.2160832859121512e-05,9.210475025347889e-06
S2_CAPACITY,2030,Rest of World,Gas,0.0056233772331624,1.5264837516643184,0.0109852500257285,0.0071964425776936
S2_CAPACITY,2030,Rest of World,Mine,0.0355918707100595,1.5781498752083474,0.0718819089836057,0.0455482154110059
S2_CAPACITY,2030,Rest of World,Manufac,11.80455688836426,1.2502800953809885,18.88763356350108,15.106724037092963
S2_CAPACITY,2030,Rest of World,Petro,0.3093470046007731,1.7198533389884252,0.6808600789143155,0.3958826983318507
S2_CAPACITY,2030,Rest of World,Power,0.92703769068512,1.99869593113646,2.371180756735161,1.186363991331176
S2_CAPACITY,2030,Rest of World,WatWaste,0.2085323660525941,1.1851811430192676,0.3162851091485394,0.2668664710072546
S2_CAPACITY,2030,Rest of World,OthServ,26.7213164370265,1.1759654519282112,40.213600102613455,34.19624274959042
S2_CAPACITY,2030,Rest of World,Transport,3.600629266233763,1.223443492747282,5.637452093440483,4.607856528885009
S2_CAPACITY,2030,Southeast Asia,Rice,1.36005980221421,2.0486902563904223,3.5657824944787837,1.7405181112674977
S2_CAPACITY,2030,Southeast Asia,Crops nec,63.50789772620424,1.9171821956156725,155.81586166025568,81.27337464061496
S2_CAPACITY,2030,Southeast Asia,"Bovine cattle, sheep and goats, horses",3.918406440248736,1.88324314199706,9.443574655611034,5.014527553268302
S2_CAPACITY,2030,Southeast Asia,Animal products nec,55.54994372803655,1.815602598221256,129.06989617288988,71.08928677763232
S2_CAPACITY,2030,Southeast Asia,Forestry,1.256864698583654,1.2441790258118726,2.0012066898068777,1.6084555757954102
S2_CAPACITY,2030,Southeast Asia,Coal,0.2571860703708974,2.5171019753716246,0.8284547551501411,0.3291304335660174
S2_CAPACITY,2030,Southeast Asia,Oil,0.0001778080082789,1.3010091253551292,0.0002960412312239,0.0002275473650836
S2_CAPACITY,2030,Southeast Asia,Gas,0.1003962770717554,1.90320180519616,0.2445248443910413,0.1284807832454214
S2_CAPACITY,2030,Southeast Asia,Mine,0.2306241460618585,1.3806280863548477,0.4074759878494802,0.2951381321031068
S2_CAPACITY,2030,Southeast Asia,Manufac,725.9827835215191,1.258838954861554,1169.5452708186338,929.06669194579
S2_CAPACITY,2030,Southeast Asia,Petro,32.19589802423714,1.1880154176788578,48.94892537760717,41.2022671808888
S2_CAPACITY,2030,Southeast Asia,Power,34.37995963048757,1.8681254948638668,82.1924548229653,43.99728766886683
S2_CAPACITY,2030,Southeast Asia,WatWaste,14.13404683764814,1.0804385013397877,19.54281495242008,18.087855009835295
S2_CAPACITY,2030,Southeast Asia,OthServ,1241.610684754865,1.0593511486626597,1683.2395421304009,1588.9344558691862
S2_CAPACITY,2030,Southeast Asia,Transport,197.21709760062944,1.048938001365789,264.73717145216665,252.3859068364428
S2_CAPACITY,2030,"Central, Western and South Asia",Rice,0.6375406819673924,1.4571299733954834,1.1888491079322965,0.8158840521703423
S2_CAPACITY,2030,"Central, Western and South Asia",Crops nec,116.48020142992058,1.3829499396798506,206.1479946661878,149.06396203616666
S2_CAPACITY,2030,"Central, Western and South Asia","Bovine cattle, sheep and goats, horses",28.0564812845813,1.3803054396792476,49.55973142596853,35.9049027613329
S2_CAPACITY,2030,"Central, Western and South Asia",Animal products nec,58.38632062637881,1.4409337048887108,107.6652739329616,74.71910281154365
S2_CAPACITY,2030,"Central, Western and South Asia",Forestry,8.60752254736316,1.3263591844175344,14.610324431403116,11.015360499805974
S2_CAPACITY,2030,"Central, Western and South Asia",Coal,1.1994743637381882,2.240628779196189,3.439389981730507,1.5350111674389195
S2_CAPACITY,2030,"Central, Western and South Asia",Oil,0.007607488199899,1.5006009811956678,0.0146092208780914,0.0097355800561342
S2_CAPACITY,2030,"Central, Western and South Asia",Gas,18.198830006017644,1.290082345869422,30.04563881970369,23.28970653764461
S2_CAPACITY,2030,"Central, Western and South Asia",Mine,2.597166126485553,1.5753507714643182,5.23597472799102,3.323688368819102
S2_CAPACITY,2030,"Central, Western and South Asia",Manufac,1099.3071318221414,1.231728555977376,1732.824570404622,1406.8234351663696
S2_CAPACITY,2030,"Central, Western and South Asia",Petro,59.63608709812152,1.301557801243339,99.33290616331992,76.31847614866594
S2_CAPACITY,2030,"Central, Western and South Asia",Power,91.01013742383896,1.3754934170701032,160.20232998921628,116.46899079302602
S2_CAPACITY,2030,"Central, Western and South Asia",WatWaste,29.073955814554427,1.1297886940926494,42.03604925706458,37.207001162933736
S2_CAPACITY,2030,"Central, Western and South Asia",OthServ,1840.264867034825,1.1113191202475,2617.216582011482,2355.054037074549
S2_CAPACITY,2030,"Central, Western and South Asia",Transport,314.1741281520399,1.1440673673634278,459.9838232044332,402.06008472610944
S2_CAPACITY,2030,India,Rice,14.932054749719075,1.7203045135070587,32.873462068625884,19.109094820474112
S2_CAPACITY,2030,India,Crops nec,146.68012708312366,2.1838781396934457,409.9399279475937,187.7119059222496
S2_CAPACITY,2030,India,"Bovine cattle, sheep and goats, horses",1.0522184763845916,2.0553549790085657,2.767663617257213,1.3465623442406016
S2_CAPACITY,2030,India,Animal products nec,93.21145388382033,2.153681253043616,256.9042278766645,119.2860957057117
S2_CAPACITY,2030,India,Forestry,17.930623370671785,1.239507586674112,28.442326626372044,22.94647259484101
S2_CAPACITY,2030,India,Coal,0.4108418085719123,2.5307877721245244,1.330610363347959,0.5257693059970551
S2_CAPACITY,2030,India,Oil,3.407747207637159e-05,1.321400974702995,5.762653876093818e-05,4.361017240433628e-05
S2_CAPACITY,2030,India,Gas,0.7952681717219857,1.455388606405891,1.481197989626469,1.0177337428355595
S2_CAPACITY,2030,India,Mine,0.045148679901448,1.4843104446834938,0.0857610998042828,0.0577784115654726
S2_CAPACITY,2030,India,Manufac,645.0117148784425,1.2445411936190214,1027.3003128197568,825.4450076921008
S2_CAPACITY,2030,India,Petro,66.79910938181983,1.0951789689643705,93.62165395652686,85.48525485890183
S2_CAPACITY,2030,India,Power,83.16328530430997,1.307769154209333,139.18206282278257,106.42708810509686
S2_CAPACITY,2030,India,WatWaste,6.048515469253359,0.9544905547722876,7.388239625957032,7.740505749194833
S2_CAPACITY,2030,India,OthServ,1739.5727559094034,0.9611973004791498,2139.812309960844,2226.194687327019
S2_CAPACITY,2030,India,Transport,150.08258584887827,0.9591357631750472,184.21751955977837,192.06615639440773
S2_CAPACITY,2030,Canada,Rice,0.0014496609314507,1.3490001073971063,0.002502643337345,0.0018551839421695
S2_CAPACITY,2030,Canada,Crops nec,4.870995942126959,1.4318809935050167,8.925760592007219,6.23359173910582
S2_CAPACITY,2030,Canada,"Bovine cattle, sheep and goats, horses",0.4662344313304166,1.3869107092358055,0.827510258530625,0.5966572047667226
S2_CAPACITY,2030,Canada,Animal products nec,2.8737801875615783,1.5399132060892604,5.663309957681563,3.677681171317284
S2_CAPACITY,2030,Canada,Forestry,0.4501371006166732,1.66664848379327,0.9600842884366766,0.576056862338093
S2_CAPACITY,2030,Canada,Coal,0.0023206486092923,3.427588813274745,0.0101793170998653,0.0029698186676829
S2_CAPACITY,2030,Canada,Oil,0.0046470362254514,1.628335635177911,0.0096836821721891,0.0059469819773662
S2_CAPACITY,2030,Canada,Gas,2.437174368225366,2.2396491343851146,6.9853332593468185,3.1189409112241417
S2_CAPACITY,2030,Canada,Mine,0.0753717100889176,1.6151956659322624,0.1557951922117131,0.096455927053008
S2_CAPACITY,2030,Canada,Manufac,197.62038916310405,1.5478439189586617,391.4528481532351,252.902026355274
S2_CAPACITY,2030,Canada,Petro,13.725945810174116,2.348052682239363,41.24493832478776,17.56559287979377
S2_CAPACITY,2030,Canada,Power,12.9734344451573,2.914250791818177,48.38407320921551,16.60257710306344
S2_CAPACITY,2030,Canada,WatWaste,1.051764434527544,1.2149437468834985,1.6352915512006858,1.345981290563974
S2_CAPACITY,2030,Canada,OthServ,816.3465320084925,1.2802952396076943,1337.535213607295,1044.7084166192417
S2_CAPACITY,2030,Canada,Transport,44.89358725001111,1.2669543758595718,72.78901241144467,57.45196079894274
S2_CAPACITY,2030,United States,Rice,0.0179655451797388,1.4392276214883226,0.033089517000192,0.0229911631109371
S2_CAPACITY,2030,United States,Crops nec,71.88172345283783,1.4765600456936931,135.82825951858126,91.98965976752856
S2_CAPACITY,2030,United States,"Bovine cattle, sheep and goats, horses",1.884998830041685,1.4883545446582194,3.5903602304202136,2.4123017295032003
S2_CAPACITY,2030,United States,Animal products nec,20.545188276892365,1.4557552620866578,38.27533812177884,26.292426360071943
S2_CAPACITY,2030,United States,Forestry,0.6993063128542668,1.3917347665600543,1.2455021080486677,0.8949277818093793
S2_CAPACITY,2030,United States,Coal,0.0122564394816674,3.393891548294631,0.0532332310895488,0.0156850124105169
S2_CAPACITY,2030,United States,Oil,0.0004975926669583,1.3524824821885424,0.0008612439061029,0.0006367874304205
S2_CAPACITY,2030,United States,Gas,14.32749191656552,2.3479632444309058,43.05087749336143,18.335413798072903
S2_CAPACITY,2030,United States,Mine,0.2562045435222639,1.4665582454380326,0.4808467499770982,0.3278742953958834
S2_CAPACITY,2030,United States,Manufac,2548.149209384311,1.214789601780922,3961.3796166161446,3260.9595157604726
S2_CAPACITY,2030,United States,Petro,113.8805069534512,2.067191806660736,301.2664074327082,145.73702891762724
S2_CAPACITY,2030,United States,Power,137.02962654507527,2.268557206256315,397.8182945763689,175.36180898287932
S2_CAPACITY,2030,United States,WatWaste,79.74145451952444,1.244192161909763,126.96737943460408,102.04804637736171
S2_CAPACITY,2030,United States,OthServ,13763.437372477165,1.213759082727677,21378.633674120585,17613.572595901034
S2_CAPACITY,2030,United States,Transport,523.1057956808573,1.2371457931179624,828.1918572437415,669.4375756841775
S2_CAPACITY,2030,Rest of America,Rice,0.2207637885889929,1.54106485023344,0.4353808221603321,0.2825194756975793
S2_CAPACITY,2030,Rest of America,Crops nec,42.35595818236245,1.4792472444731384,80.18180371194703,54.2044646660917
S2_CAPACITY,2030,Rest of America,"Bovine cattle, sheep and goats, horses",4.024684544260658,1.4962823564062953,7.706655445021552,5.150535525163251
S2_CAPACITY,2030,Rest of America,Animal products nec,23.62348357963838,1.500229334882957,45.35468293209392,30.231833169959437
S2_CAPACITY,2030,Rest of America,Forestry,2.6349835511973514,1.3948907975532212,4.703689652141796,3.372084509131065
S2_CAPACITY,2030,Rest of America,Coal,0.0120479460463891,2.91771078983518,0.0449858361603407,0.015418197682594
S2_CAPACITY,2030,Rest of America,Oil,0.0004781461849779,1.5803369969122552,0.0009670099531481,0.0006119010839407
S2_CAPACITY,2030,Rest of America,Gas,3.27369453105437,2.058845572707826,8.625464011859723,4.18946673123379
S2_CAPACITY,2030,Rest of America,Mine,0.1722740517536705,1.5137312333942967,0.3337253382265082,0.2204653288589033
S2_CAPACITY,2030,Rest of America,Manufac,818.3041978893145,1.3694573738778084,1434.1145424175618,1047.2136972725257
S2_CAPACITY,2030,Rest of America,Petro,37.33068382005917,1.9674628428541852,93.99246216804347,47.773437530731016
S2_CAPACITY,2030,Rest of America,Power,25.92786649526192,2.3400059572749465,77.64335383779114,33.18083601796784
S2_CAPACITY,2030,Rest of America,WatWaste,18.522618917971208,1.2771636799990724,30.273978144158868,23.70407068330123
S2_CAPACITY,2030,Rest of America,OthServ,1737.4006425011175,1.3034691733140054,2898.1528340562263,2223.414947073255
S2_CAPACITY,2030,Rest of America,Transport,224.02428841638135,1.2706858305779565,364.2955241867979,286.69204998459924
S2_CAPACITY,2030,Brazil,Rice,0.0260634851257544,1.3996552066950303,0.0466846485349992,0.0333543921051651
S2_CAPACITY,2030,Brazil,Crops nec,12.447813214338623,1.4593592542103508,23.247476700661963,15.929920567669068
S2_CAPACITY,2030,Brazil,"Bovine cattle, sheep and goats, horses",0.9012950628123894,1.6567347260966985,1.910911214869055,1.1534201494437062
S2_CAPACITY,2030,Brazil,Animal products nec,14.101640167386462,1.6148844268422082,29.14282287746022,18.04638305098903
S2_CAPACITY,2030,Brazil,Forestry,0.8640706388130402,1.5853621253173114,1.7530660062021848,1.105782696877802
S2_CAPACITY,2030,Brazil,Coal,0.0020463721166162,2.544018332555508,0.0066623184560431,0.0026188179088794
S2_CAPACITY,2030,Brazil,Oil,8.689076535263739e-05,1.555610439609494,0.0001729796497454,0.0001111972800742
S2_CAPACITY,2030,Brazil,Gas,0.250660566011452,2.1911401671121142,0.7028727690334465,0.3207794728032367
S2_CAPACITY,2030,Brazil,Mine,0.3612608324605951,1.731204969681723,0.8003683570686024,0.4623186627229398
S2_CAPACITY,2030,Brazil,Manufac,423.7155716621433,1.602167724756327,868.7662585022681,542.2442727671871
S2_CAPACITY,2030,Brazil,Petro,17.655904940399395,3.2384113188782337,73.17159677805562,22.59490512721559
S2_CAPACITY,2030,Brazil,Power,16.875028645149737,5.023175246579926,108.47842984175664,21.595589338643748
S2_CAPACITY,2030,Brazil,WatWaste,14.88643325744424,1.7928460486974789,34.15499253933855,19.050711337940477
S2_CAPACITY,2030,Brazil,OthServ,932.1877586889703,1.3908003907394255,1659.161804857707,1192.9546664954828
S2_CAPACITY,2030,Brazil,Transport,90.47393460077086,1.3773260519446364,159.47065632757943,115.78279124802548
S2_CAPACITY,2030,"EU, UK and EFTA",Rice,0.0284828247553154,1.7111976489787073,0.0623740256440879,0.0364505090081825
S2_CAPACITY,2030,"EU, UK and EFTA",Crops nec,128.4458597305931,1.5686691284851844,257.85288888730423,164.37684547872777
S2_CAPACITY,2030,"EU, UK and EFTA","Bovine cattle, sheep and goats, horses",3.881724907343437,1.561708267308341,7.7579183672040575,4.967587416506829
S2_CAPACITY,2030,"EU, UK and EFTA",Animal products nec,40.99037133107541,1.5860326015783257,83.19830999596074,52.45687447733923
S2_CAPACITY,2030,"EU, UK and EFTA",Forestry,8.129209705545428,1.5173277754954615,15.78513413465218,10.40324620650486
S2_CAPACITY,2030,"EU, UK and EFTA",Coal,1.2160746436838985,10.72827270953873,16.695928627802008,1.556255110627124
S2_CAPACITY,2030,"EU, UK and EFTA",Oil,0.0186338128216018,1.6002687686012969,0.0381606004752103,0.0238463683979925
S2_CAPACITY,2030,"EU, UK and EFTA",Gas,23.91462983319633,4.635347221151838,141.86212998213102,30.60442607909911
S2_CAPACITY,2030,"EU, UK and EFTA",Mine,2.287308190658667,1.7950929679351844,5.254509391120284,2.927151582128546
S2_CAPACITY,2030,"EU, UK and EFTA",Manufac,2267.073646604215,1.66256538528847,4823.529118074718,2901.2573529206907
S2_CAPACITY,2030,"EU, UK and EFTA",Petro,66.30734501297512,5.169734320233504,438.6825964744373,84.85592907998186
S2_CAPACITY,2030,"EU, UK and EFTA",Power,97.19291262036722,6.0365607501592216,750.8353551729184,124.38131417182036
S2_CAPACITY,2030,"EU, UK and EFTA",WatWaste,55.579778196168185,1.3464435177408074,95.76911869660948,71.12746834557707
S2_CAPACITY,2030,"EU, UK and EFTA",OthServ,7480.684405152188,1.333180008840852,12762.938239556712,9573.304517573906
S2_CAPACITY,2030,"EU, UK and EFTA",Transport,487.9863491696393,1.3119099883954397,819.2798124870465,624.4939216976004
S2_CAPACITY,2030,Eastern Europe,Rice,0.005246313746817,1.447564900313771,0.0097188044778637,0.0067138989613949
S2_CAPACITY,2030,Eastern Europe,Crops nec,10.202857323252124,1.4161298132294955,18.490362317917672,13.056968611722873
S2_CAPACITY,2030,Eastern Europe,"Bovine cattle, sheep and goats, horses",0.8979394485601466,1.450540140469213,1.6668531678954812,1.1491256784020782
S2_CAPACITY,2030,Eastern Europe,Animal products nec,4.603861896124575,1.5243993900440285,8.981349473609432,5.891729880688494
S2_CAPACITY,2030,Eastern Europe,Forestry,0.4278703530081424,1.468352942404252,0.8040132298803131,0.5475612876821044
S2_CAPACITY,2030,Eastern Europe,Coal,0.1278155413163149,2.796389490004323,0.457406010015804,0.1635702041620895
S2_CAPACITY,2030,Eastern Europe,Oil,0.0033662718086093,1.4061822317482715,0.0060577497422669,0.0043079402213211
S2_CAPACITY,2030,Eastern Europe,Gas,1.257503194470821,2.209376482294277,3.555489215032846,1.6092726674835254
S2_CAPACITY,2030,Eastern Europe,Mine,0.3546932851070532,1.475329332672895,0.6696725317684454,0.4539139226938673
S2_CAPACITY,2030,Eastern Europe,Manufac,69.34102504536298,1.5134423320183372,134.30020528306002,88.73824074282095
S2_CAPACITY,2030,Eastern Europe,Petro,4.091862759307863,2.653702616049649,13.896129523756684,5.236506048688833
S2_CAPACITY,2030,Eastern Europe,Power,16.706317652600564,1.8834992782843945,40.26861889253136,21.3796837846874
S2_CAPACITY,2030,Eastern Europe,WatWaste,0.7721106381982921,1.3473604343982657,1.3313243276447513,0.9880981313885951
S2_CAPACITY,2030,Eastern Europe,OthServ,106.27084923267716,1.3385338390481354,182.0388351549537,135.9986802169704
S2_CAPACITY,2030,Eastern Europe,Transport,9.646520114402035,1.2805362504911546,15.808224443237568,12.345003520821118
S2_CAPACITY,2030,Russia,Rice,0.002346383638663,1.3073184507298254,0.0039255539831797,0.0030027526812154
S2_CAPACITY,2030,Russia,Crops nec,21.907542751501893,1.3508145222486174,37.87127535013875,28.03588081361492
S2_CAPACITY,2030,Russia,"Bovine cattle, sheep and goats, horses",0.0636447621005668,2.571263196200032,0.2094255876950264,0.0814485237353254
S2_CAPACITY,2030,Russia,Animal products nec,5.054081920312844,1.3220778218743887,8.551057734981672,6.467892883945574
S2_CAPACITY,2030,Russia,Forestry,0.2240386483235152,1.2795763300143297,0.3668678743273109,0.2867104261355417
S2_CAPACITY,2030,Russia,Coal,0.1756392313658809,2.7897567089705584,0.6270589924938643,0.2247719298371119
S2_CAPACITY,2030,Russia,Oil,0.0001384105694545,1.2854541729937203,0.0002276912785032,0.0001771290515735
S2_CAPACITY,2030,Russia,Gas,7.885324356291247,1.71786586795529,17.33521989517254,10.091137057027993
S2_CAPACITY,2030,Russia,Mine,0.129261700581568,1.2665002885439975,0.2095056309413158,0.1654209097701488
S2_CAPACITY,2030,Russia,Manufac,242.3558711913624,1.237366296529698,383.7711905984552,310.15165254425705
S2_CAPACITY,2030,Russia,Petro,15.145737727979345,1.4187748773365323,27.499478854462847,19.38255273916988
S2_CAPACITY,2030,Russia,Power,53.730021357191,1.6923221318876616,116.3645217937796,68.76026709202668
S2_CAPACITY,2030,Russia,WatWaste,4.481931499856007,1.2074775452193338,6.925718248117411,5.735691131926205
S2_CAPACITY,2030,Russia,OthServ,565.4224286331782,1.1995219058351494,867.9640887251419,723.5916930949618
S2_CAPACITY,2030,Russia,Transport,34.46789281289245,1.2413772789121171,54.75692705974081,44.10981808978305
S2_CAPACITY,2030,North Africa,Rice,0.1123621533493965,2.6430791324812617,0.3800587724264964,0.1437939437418776
S2_CAPACITY,2030,North Africa,Crops nec,28.41709118456343,1.6237914765651382,59.05143013939706,36.36639044144904
S2_CAPACITY,2030,North Africa,"Bovine cattle, sheep and goats, horses",13.578661054298538,1.5035798661594328,26.12786907374645,17.377108716851435
S2_CAPACITY,2030,North Africa,Animal products nec,14.323035446794352,1.6019611498133788,29.363484294647627,18.32971054719271
S2_CAPACITY,2030,North Africa,Forestry,1.3218608697368377,1.1748538510257451,1.987422183987971,1.691633523806347
S2_CAPACITY,2030,North Africa,Coal,0.0030968004656451,2.2676069482754464,0.0089867269095852,0.0039630889018567
S2_CAPACITY,2030,North Africa,Oil,0.0249809454067542,1.2548628181093782,0.0401167427270574,0.0319690264231374
S2_CAPACITY,2030,North Africa,Gas,4.187988781415021,1.4112414280255612,7.5635793668954525,5.359521908114706
S2_CAPACITY,2030,North Africa,Mine,0.4009342022153194,1.460250737460891,0.7492402186334561,0.5130901566006398
S2_CAPACITY,2030,North Africa,Manufac,224.8703092385664,1.1253976557014829,323.8610093455319,287.7747475432509
S2_CAPACITY,2030,North Africa,Petro,18.45662354943604,0.7846843953541268,18.533942533029933,23.619615073895165
S2_CAPACITY,2030,North Africa,Power,18.163393104298315,1.170685916025242,27.211840562948318,23.244356429340467
S2_CAPACITY,2030,North Africa,WatWaste,2.5404363274095587,0.9470242598128008,3.07886013614956,3.251088981327406
S2_CAPACITY,2030,North Africa,OthServ,268.1838082740682,0.9346718375065348,320.7836706210473,343.204596009977
S2_CAPACITY,2030,North Africa,Transport,46.02788684008912,1.0116570247885552,59.59020507870806,58.903565258288914
S2_CAPACITY,2030,Sub Saharan,Rice,5.417871586069102,1.5143507461148762,10.499671819587446,6.93344778268982
S2_CAPACITY,2030,Sub Saharan,Crops nec,144.69591409878618,1.457883504640242,269.9601319004205,185.17263760756316
S2_CAPACITY,2030,Sub Saharan,"Bovine cattle, sheep and goats, horses",11.18838259012466,1.50180548513026,21.50312288293437,14.318181152042806
S2_CAPACITY,2030,Sub Saharan,Animal products nec,46.84132119731249,1.4922569647320711,89.45266681133214,59.9445462414642
S2_CAPACITY,2030,Sub Saharan,Forestry,24.866141669494198,1.2339685460587502,39.26748034733538,31.822107952221216
S2_CAPACITY,2030,Sub Saharan,Coal,0.0135348630411117,1.470087943563611,0.0254634780290435,0.0173210573574176
S2_CAPACITY,2030,Sub Saharan,Oil,0.0027504697278298,1.768353122906239,0.0062243843901703,0.0035198763531143
S2_CAPACITY,2030,Sub Saharan,Gas,0.0222265213122218,1.6882417932646514,0.048020500842057,0.0284440895169124
S2_CAPACITY,2030,Sub Saharan,Mine,0.9341815630352776,1.5112626460954948,1.806723866829832,1.1955067806609854
S2_CAPACITY,2030,Sub Saharan,Manufac,467.8254504659554,1.2699022771065738,760.2819644179408,598.6933064788047
S2_CAPACITY,2030,Sub Saharan,Petro,13.875278823338242,1.434690465839493,25.475368398539786,17.75670191269114
S2_CAPACITY,2030,Sub Saharan,Power,9.573204733771638,2.424326751126608,29.700861212512237,12.251179120936264
S2_CAPACITY,2030,Sub Saharan,WatWaste,6.164574943318481,1.1910773501265208,9.39644648196533,7.889031288252003
S2_CAPACITY,2030,Sub Saharan,OthServ,393.33851761107263,1.1420753125276686,574.8860393583743,503.3696396463951
S2_CAPACITY,2030,Sub Saharan,Transport,43.80961081981446,1.198960927306897,67.21945192975122,56.06475616682748
S2_CAPACITY,2030,South Africa,Rice,0.0004298719977454,1.4948165215326057,0.000822332750109,0.0005501228677114
S2_CAPACITY,2030,South Africa,Crops nec,1.333180515855811,1.5799905880501277,2.695653080812777,1.706119752113195
S2_CAPACITY,2030,South Africa,"Bovine cattle, sheep and goats, horses",0.6635930525277524,1.666485896700963,1.415220187452793,0.8492241405400308
S2_CAPACITY,2030,South Africa,Animal products nec,0.768747360270991,1.677728283820524,1.65053905632316,0.9837940241111776
S2_CAPACITY,2030,South Africa,Forestry,0.2137452137910152,1.5526160041821555,0.424698765921621,0.2735375400461828
S2_CAPACITY,2030,South Africa,Coal,0.5954087328568112,2.8067959690459943,2.1386838311238843,0.7619662614877676
S2_CAPACITY,2030,South Africa,Oil,4.347504625800987e-06,1.3346203334559477,7.425373978757106e-06,5.563660030648693e-06
S2_CAPACITY,2030,South Africa,Gas,0.0029284117240027,1.6210268650211457,0.0060749525636747,0.003747594950432
S2_CAPACITY,2030,South Africa,Mine,0.0537730193668058,1.5408348447748792,0.106033001634629,0.068815293502993
S2_CAPACITY,2030,South Africa,Manufac,68.07432474915238,1.4261940811098988,124.24602797567798,87.11719891380422
S2_CAPACITY,2030,South Africa,Petro,4.248538510530769,1.573623128727241,8.555804081283366,5.437009498544967
S2_CAPACITY,2030,South Africa,Power,6.869139418929506,1.938416041620052,17.040010894073,8.790688138452621
S2_CAPACITY,2030,South Africa,WatWaste,1.9862187756024603,1.6043342603082908,4.077955502921567,2.5418365750394534
S2_CAPACITY,2030,South Africa,OthServ,141.13783552461263,1.4812968719182067,267.55070542478285,180.61923279004236
S2_CAPACITY,2030,South Africa,Transport,17.17538224658027,1.4369773784738322,31.58470932336388,21.979962732786777
S2_CAPACITY,2050,Australia_Oceania,Rice,0.0047833279263739,5.083546238343264,0.031118415503096,0.0061213991252068
S2_CAPACITY,2050,Australia_Oceania,Crops nec,5.820820764027157,4.801286030368535,35.76533915000714,7.449116714228943
S2_CAPACITY,2050,Australia_Oceania,"Bovine cattle, sheep and goats, horses",0.1635263414174264,4.448290107217385,0.9308964311905013,0.2092706195147931
S2_CAPACITY,2050,Australia_Oceania,Animal products nec,1.9206863831628145,5.590186585430975,13.740524250263944,2.4579724023258294
S2_CAPACITY,2050,Australia_Oceania,Forestry,0.1331996026589391,4.940516640336498,0.8421623804475885,0.1704603875515927
S2_CAPACITY,2050,Australia_Oceania,Coal,0.0031567350801451,4.826960698536681,0.0194999025537019,0.0040397890319089
S2_CAPACITY,2050,Australia_Oceania,Oil,3.181226310824779e-05,1.4393864688983158,5.859931282606684e-05,4.071131025492073e-05
S2_CAPACITY,2050,Australia_Oceania,Gas,1.564475085840803,3.237654136136785,6.482158504940762,2.002115803229576
S2_CAPACITY,2050,Australia_Oceania,Mine,0.0723548412968841,3.0421243792643344,0.2816858967393979,0.092595128853127
S2_CAPACITY,2050,Australia_Oceania,Manufac,246.93129247601223,2.2681934175216187,716.764945152544,316.00698316580906
S2_CAPACITY,2050,Australia_Oceania,Petro,16.82422725284573,2.716438773157609,58.48649404356691,21.53057920700247
S2_CAPACITY,2050,Australia_Oceania,Power,15.716965905608037,3.501255013557994,70.42275265202015,20.113574241052348
S2_CAPACITY,2050,Australia_Oceania,WatWaste,12.193861889655611,1.7977726891908838,28.054116242474592,15.604929597581588
S2_CAPACITY,2050,Australia_Oceania,OthServ,1377.7257255689976,1.8435188880125035,3250.3557821708723,1763.125829671842
S2_CAPACITY,2050,Australia_Oceania,Transport,61.88275271919826,1.5321276910723058,121.33472992840034,79.19361622828724
S2_CAPACITY,2050,China,Rice,26.933976392802624,7.616634939450086,262.5331548875245,34.46839148406623
S2_CAPACITY,2050,China,Crops nec,207.10802794246777,7.1899806188258975,1905.6590201850693,265.0436967083984
S2_CAPACITY,2050,China,"Bovine cattle, sheep and goats, horses",10.668253677907284,7.004658061173907,95.63146647321072,13.652553148303236
S2_CAPACITY,2050,China,Animal products nec,155.3728180028215,7.927799258258275,1576.3339498624682,198.83625912269548
S2_CAPACITY,2050,China,Forestry,2.4612391292778737,2.7725059088169703,8.732665662844385,3.149737294625426
S2_CAPACITY,2050,China,Coal,4.876602253416355,3.835221874664945,23.934721062959884,6.240765779853744
S2_CAPACITY,2050,China,Oil,0.0005854984754029,1.2741900455191242,0.0009547298874654,0.0007492839479405
S2_CAPACITY,2050,China,Gas,5.589306968176072,3.844449972020066,27.498735110322404,7.152841750669251
S2_CAPACITY,2050,China,Mine,0.1821914641632664,3.3028138550781603,0.7700743635247702,0.2331570430773299
S2_CAPACITY,2050,China,Manufac,3518.3717788244617,1.7192732494382863,7741.180184377637,4502.588703833647
S2_CAPACITY,2050,China,Petro,204.9076983891661,1.0282032136014874,269.62351977723995,262.22785588156813
S2_CAPACITY,2050,China,Power,214.5421581740717,1.4965847642644938,410.8984533061354,274.5574211520366
S2_CAPACITY,2050,China,WatWaste,37.344233163704025,0.8158402937119119,38.9896412070714,47.79077651456832
S2_CAPACITY,2050,China,OthServ,9656.369736617498,0.9524794199691766,11770.367662782137,12357.608323522263
S2_CAPACITY,2050,China,Transport,1305.9340802936345,0.7157020992474338,1196.118171979812,1671.2514296501
S2_CAPACITY,2050,Japan,Rice,0.0328528776681614,2.873923170266523,0.1208284243386617,0.0420430252240714
S2_CAPACITY,2050,Japan,Crops nec,23.26799980020873,3.18215061487644,94.75460480789124,29.77690896073855
S2_CAPACITY,2050,Japan,"Bovine cattle, sheep and goats, horses",1.3584988421950803,2.475933941809404,4.30446189780822,1.738520526353435
S2_CAPACITY,2050,Japan,Animal products nec,9.41568539069626,2.7249178990722265,32.834159405695914,12.049595880827916
S2_CAPACITY,2050,Japan,Forestry,1.6227727312869684,2.539824139947226,5.274507203105897,2.0767215035509747
S2_CAPACITY,2050,Japan,Coal,0.0044778494739682,2.499149970216891,0.0143212969686644,0.005730468679072
S2_CAPACITY,2050,Japan,Oil,0.0002011387066662,1.5706713450489176,0.000404297928083,0.0002574046173042
S2_CAPACITY,2050,Japan,Gas,5.643835041036734,1.9830735469702383,14.322989540217822,7.222621986941704
S2_CAPACITY,2050,Japan,Mine,0.0458504472757138,2.824257849790297,0.1657175343313663,0.0586765051357355
S2_CAPACITY,2050,Japan,Manufac,601.6157885875239,1.9028680394648092,1465.0364794439213,769.9096795925062
S2_CAPACITY,2050,Japan,Petro,49.62842871740451,2.105278571372933,133.7089988554096,63.51130985850856
S2_CAPACITY,2050,Japan,Power,53.55765216435612,2.8631720017497124,196.2408926468739,68.5396799518996
S2_CAPACITY,2050,Japan,WatWaste,21.97587994313844,1.935289025328844,54.42678101492258,28.123334705231184
S2_CAPACITY,2050,Japan,OthServ,2443.9259188152864,1.963666274654704,6141.525513820846,3127.581089824546
S2_CAPACITY,2050,Japan,Transport,172.4065876911577,1.7365069462667977,383.1342021994317,220.63499540283965
S2_CAPACITY,2050,South Korea,Rice,0.0066542422300052,9.710089476991762,0.0826879794731113,0.0085156763664964
S2_CAPACITY,2050,South Korea,Crops nec,9.142475564015337,7.079181545574518,82.8261357752476,11.699959222226845
S2_CAPACITY,2050,South Korea,"Bovine cattle, sheep and goats, horses",0.147154519199888,4.574858450802886,0.8615327815362085,0.1883190033303129
S2_CAPACITY,2050,South Korea,Animal products nec,3.139275255871877,5.440816333286849,21.85818031502088,4.017445026609698
S2_CAPACITY,2050,South Korea,Forestry,0.6058207649926017,2.817462168990045,2.1843528329162623,0.7752908617103027
S2_CAPACITY,2050,South Korea,Coal,0.084353319023572,3.464986404131358,0.3740453429856517,0.1079500566338387
S2_CAPACITY,2050,South Korea,Oil,2.4698478633598518e-05,1.394697622967027,4.40829657950998e-05,3.160754528308109e-05
S2_CAPACITY,2050,South Korea,Gas,7.510037730283767,1.9733010676514997,18.96513818993898,9.610870999371585
S2_CAPACITY,2050,South Korea,Mine,0.0236337286218512,3.214469785152952,0.0972214589613574,0.0302449424310718
S2_CAPACITY,2050,South Korea,Manufac,218.49375517633624,2.0387909034540144,570.0753437650009,279.61442970256104
S2_CAPACITY,2050,South Korea,Petro,19.3092075677799,2.2528851120582214,55.67036104982848,24.710696635285537
S2_CAPACITY,2050,South Korea,Power,12.8339109449908,2.502007326117781,41.09302763274796,16.424023704434333
S2_CAPACITY,2050,South Korea,WatWaste,4.226989193520693,1.7382059634195623,9.402707253883968,5.409432169637062
S2_CAPACITY,2050,South Korea,OthServ,828.5918951370355,1.9548920400167416,2072.926965062516,1060.3792619476892
S2_CAPACITY,2050,South Korea,Transport,49.76093182789276,1.3847516785117844,88.18220342723068,63.68087646877537
S2_CAPACITY,2050,Rest of World,Rice,0.0002167433551946,6.065014757381495,0.0016822796665017,0.0002773743681853
S2_CAPACITY,2050,Rest of World,Crops nec,0.2301743415658717,5.548413163779716,1.6343544306324038,0.294562621237937
S2_CAPACITY,2050,Rest of World,"Bovine cattle, sheep and goats, horses",0.6308570135005849,6.587723452821251,5.318471508156972,0.807330720398484
S2_CAPACITY,2050,Rest of World,Animal products nec,0.3237236552228827,5.568708780738038,2.307010037092482,0.4142809895193793
S2_CAPACITY,2050,Rest of World,Forestry,0.0085329935712062,2.5743465922127844,0.0281118208907214,0.010919982855449
S2_CAPACITY,2050,Rest of World,Coal,0.0377964946240001,3.3809139710336407,0.1635332943483036,0.0483695519118388
S2_CAPACITY,2050,Rest of World,Oil,1.1280526175359877e-05,1.4579188174401878,2.104666269349296e-05,1.4436106010639734e-05
S2_CAPACITY,2050,Rest of World,Gas,0.0112921697366938,1.174206037886146,0.0169684529506329,0.0144510047464817
S2_CAPACITY,2050,Rest of World,Mine,0.0344834204198142,3.792271948881699,0.1673517863549493,0.0441296911360732
S2_CAPACITY,2050,Rest of World,Manufac,15.747663787461963,1.6552785186791537,33.358595320265486,20.152862434048966
S2_CAPACITY,2050,Rest of World,Petro,0.5986213691463153,1.4599090437065732,1.1184036006625526,0.7660777035891749
S2_CAPACITY,2050,Rest of World,Power,1.4433567908950795,2.053959445599118,3.793901979240009,1.8471164015950077
S2_CAPACITY,2050,Rest of World,WatWaste,0.289635021229899,1.216146621565179,0.4507726447517345,0.370656495482529
S2_CAPACITY,2050,Rest of World,OthServ,43.04017266495701,1.3025047343259335,71.74206238190288,55.08007795587995
S2_CAPACITY,2050,Rest of World,Transport,6.814921452863445,1.2737744902738215,11.108973825177058,8.721303413517445
S2_CAPACITY,2050,Southeast Asia,Rice,1.2244690088405237,8.462002924278366,13.259938522169795,1.566997629885856
S2_CAPACITY,2050,Southeast Asia,Crops nec,57.03875301412163,7.226818164870642,527.5184960835844,72.9945740407881
S2_CAPACITY,2050,Southeast Asia,"Bovine cattle, sheep and goats, horses",2.8717028260124007,6.627125669297616,24.35483790753078,3.6750227842427496
S2_CAPACITY,2050,Southeast Asia,Animal products nec,40.435732789873015,6.325522115330178,327.32730755058026,51.747080400950686
S2_CAPACITY,2050,Southeast Asia,Forestry,1.2702804435077786,1.9312465525097051,3.1394811172679686,1.6256241936673053
S2_CAPACITY,2050,Southeast Asia,Coal,0.2709719171523004,2.4680316990554125,0.8558458699269353,0.3467726865919856
S2_CAPACITY,2050,Southeast Asia,Oil,0.0002479994598161,1.2739417223448188,0.0004043159161071,0.0003173739145359
S2_CAPACITY,2050,Southeast Asia,Gas,0.1375536171621325,1.8032423907871336,0.3174290470332434,0.1760323887169677
S2_CAPACITY,2050,Southeast Asia,Mine,0.2048058549644565,3.2206594118553284,0.8441268411372416,0.2620975232219464
S2_CAPACITY,2050,Southeast Asia,Manufac,766.856468948343,1.8278868371792305,1793.8409451219616,981.3742405117904
S2_CAPACITY,2050,Southeast Asia,Petro,50.9922343271279,0.9645828240172064,62.945415983767184,65.25662558985556
S2_CAPACITY,2050,Southeast Asia,Power,56.15277859346245,1.3570027079360996,97.51524299686032,71.86075782915972
S2_CAPACITY,2050,Southeast Asia,WatWaste,22.55984659329168,0.7049193733977123,20.35148623046211,28.870658128616075
S2_CAPACITY,2050,Southeast Asia,OthServ,2157.932800754835,0.835385216713754,2306.9875125023364,2761.585271994187
S2_CAPACITY,2050,Southeast Asia,Transport,454.4762850332454,0.6674046381669172,388.1691249543632,581.6098641003791
S2_CAPACITY,2050,"Central, Western and South Asia",Rice,0.5798284142499684,5.365108246410386,3.981058179697672,0.7420275592796819
S2_CAPACITY,2050,"Central, Western and South Asia",Crops nec,108.96406336326702,3.995664591152512,557.1765846320172,139.44528602365733
S2_CAPACITY,2050,"Central, Western and South Asia","Bovine cattle, sheep and goats, horses",23.54939434584749,3.940514400073476,118.7553551853911,30.13701916143742
S2_CAPACITY,2050,"Central, Western and South Asia",Animal products nec,47.235933971135736,4.51196962440815,272.7465186000371,60.44954655344374
S2_CAPACITY,2050,"Central, Western and South Asia",Forestry,8.688420775113396,2.605289060243304,28.967919372561884,11.118888912024568
S2_CAPACITY,2050,"Central, Western and South Asia",Coal,1.2776936920119006,2.4790334679328563,4.053495380597306,1.6351112996631103
S2_CAPACITY,2050,"Central, Western and South Asia",Oil,0.0114866165926834,1.6417619160351271,0.0241336407760559,0.0146998421126268
S2_CAPACITY,2050,"Central, Western and South Asia",Gas,26.072262781598027,1.395715511308691,46.568920583042434,33.365625633900066
S2_CAPACITY,2050,"Central, Western and South Asia",Mine,2.477362872351308,3.692736820453063,11.707347873639502,3.1703717679856034
S2_CAPACITY,2050,"Central, Western and South Asia",Manufac,1467.0248585074853,1.561209162748299,2931.0221890709745,1877.405222959902
S2_CAPACITY,2050,"Central, Western and South Asia",Petro,106.82280347750122,1.1242640334003196,153.69255504819725,136.70503844287438
S2_CAPACITY,2050,"Central, Western and South Asia",Power,141.99305615185432,1.3716206321511204,249.2422468990372,181.7136905596198
S2_CAPACITY,2050,"Central, Western and South Asia",WatWaste,43.18258387228303,1.0015143330148963,55.34601239494857,55.2623268262039
S2_CAPACITY,2050,"Central, Western and South Asia",OthServ,3203.7412791768265,1.0805542634177163,4430.212519318174,4099.944507132182
S2_CAPACITY,2050,"Central, Western and South Asia",Transport,655.9028793153125,1.0094192748067874,847.2892035079257,839.3828249982251
S2_CAPACITY,2050,India,Rice,12.988202374567551,5.9878766498648925,99.52734845554698,16.621476071656364
S2_CAPACITY,2050,India,Crops nec,126.4420825917654,10.171765395658548,1645.9192215688693,161.81254259909613
S2_CAPACITY,2050,India,"Bovine cattle, sheep and goats, horses",0.675351042103255,9.599726987114604,8.296768992380358,0.8642713493917976
S2_CAPACITY,2050,India,Animal products nec,59.466178714973225,10.508698646416724,799.7228621754997,76.10103683490064
S2_CAPACITY,2050,India,Forestry,16.667846170760313,2.073857354395425,44.23631139578658,21.330450563027338
S2_CAPACITY,2050,India,Coal,0.444377141629276,2.0835074040692456,1.1848607169098473,0.5686856996553309
S2_CAPACITY,2050,India,Oil,4.550626952625776e-05,1.271314595726173,7.403631756996689e-05,5.823601748013226e-05
S2_CAPACITY,2050,India,Gas,1.2785371824903369,1.075397270740274,1.7595549511298216,1.6361907572295071
S2_CAPACITY,2050,India,Mine,0.0389122310187791,3.328151198848842,0.1657332785197224,0.0497974005805132
S2_CAPACITY,2050,India,Manufac,620.0113381193827,1.9011770066214189,1508.4910105546785,793.4511140771971
S2_CAPACITY,2050,India,Petro,123.56534532447036,0.7111253026222173,112.45101002983796,158.13107591619195
S2_CAPACITY,2050,India,Power,152.54113121793563,0.8435529394865378,164.67203315389548,195.2124468433069
S2_CAPACITY,2050,India,WatWaste,8.851532851839712,0.7056217117227468,7.993021161298557,11.32762927980242
S2_CAPACITY,2050,India,OthServ,3049.9516374279124,0.713368209636346,2784.3719263305256,3903.134323517752
S2_CAPACITY,2050,India,Transport,450.94782850679263,0.4281395159674839,247.07690668828468,577.094375512131
S2_CAPACITY,2050,Canada,Rice,0.0015258429654569,2.780215062903044,0.0054288616426102,0.0019526768683455
S2_CAPACITY,2050,Canada,Crops nec,4.969727761384186,3.371729370027636,21.44400252743069,6.359942460851646
S2_CAPACITY,2050,Canada,"Bovine cattle, sheep and goats, horses",0.5257434340140817,2.908339942279238,1.956769034449517,0.6728130457207508
S2_CAPACITY,2050,Canada,Animal products nec,2.294648933546145,6.771896503851488,19.885984866841472,2.9365458131460214
S2_CAPACITY,2050,Canada,Forestry,0.3834891116892118,7.598550720500129,3.729102718203821,0.4907650005251028
S2_CAPACITY,2050,Canada,Coal,0.0024704360089841,4.177928307885875,0.0132085496826161,0.0031615070663517
S2_CAPACITY,2050,Canada,Oil,0.0073125356229968,2.132908364908574,0.0199600090572301,0.0093581189061177
S2_CAPACITY,2050,Canada,Gas,3.696381199794839,2.792371985342732,13.20901905756986,4.730393810892824
S2_CAPACITY,2050,Canada,Mine,0.0853458687820984,2.9473405286011145,0.3219091798183192,0.1092202218021865
S2_CAPACITY,2050,Canada,Manufac,277.51827861431315,2.240721638517101,795.7928685674772,355.15027224372506
S2_CAPACITY,2050,Canada,Petro,25.724215813141065,2.44060606868889,80.34528082689548,32.92021609109478
S2_CAPACITY,2050,Canada,Power,18.60500128837318,3.7320762855942937,88.85886437094499,23.80949853322091
S2_CAPACITY,2050,Canada,WatWaste,1.424799287408714,1.5446793304584123,2.81651822814584,1.8233675913584888
S2_CAPACITY,2050,Canada,OthServ,1281.5392580234648,1.7358384896490309,2846.831551302023,1640.0325065277102
S2_CAPACITY,2050,Canada,Transport,91.38000379195684,1.4588095005136523,170.59657058887245,116.94232333063214
S2_CAPACITY,2050,United States,Rice,0.0174958468771278,3.632404780585741,0.0813298084589245,0.0223900730699603
S2_CAPACITY,2050,United States,Crops nec,68.45746694355105,4.300666955119792,376.7707495398812,87.60751398532973
S2_CAPACITY,2050,United States,"Bovine cattle, sheep and goats, horses",1.6577469826219484,4.250091439044417,9.01648078937521,2.121479254801025
S2_CAPACITY,2050,United States,Animal products nec,18.444696779371903,3.962581154844628,93.53415597458178,23.604350822665992
S2_CAPACITY,2050,United States,Forestry,0.6571431136826293,3.6254857911589897,3.048924782655213,0.8409699987677094
S2_CAPACITY,2050,United States,Coal,0.0128773583883006,4.410762862583251,0.0726877178577417,0.0164796249707986
S2_CAPACITY,2050,United States,Oil,0.0007071317431864,1.730301920954685,0.0015658233493059,0.0009049422059715
S2_CAPACITY,2050,United States,Gas,19.331199118831822,2.92640459684348,72.3958558079672,24.73884034419953
S2_CAPACITY,2050,United States,Mine,0.2990606743786854,2.146165419947227,0.8213779559437633,0.3827188485594064
S2_CAPACITY,2050,United States,Manufac,3289.379697828125,1.7071116265433706,7186.153166742227,4209.539216572684
S2_CAPACITY,2050,United States,Petro,193.8767045855352,2.037837192006368,505.6100003330233,248.111074129532
S2_CAPACITY,2050,United States,Power,181.14983521415607,2.9469173974235656,683.1663203454411,231.8240485728491
S2_CAPACITY,2050,United States,WatWaste,98.14047614018772,1.6518865151997144,207.46694428139028,125.59394509411774
S2_CAPACITY,2050,United States,OthServ,19528.640684819828,1.6019139730051344,40034.2545427377,24991.51346372076
S2_CAPACITY,2050,United States,Transport,915.5105260369348,1.422921926898794,1667.112683037224,1171.6122285852537
S2_CAPACITY,2050,Rest of America,Rice,0.2145640177625303,4.9478069022249445,1.3585955155683256,0.2745854027477881
S2_CAPACITY,2050,Rest of America,Crops nec,41.4201653262159,4.559232617670208,241.67076722366556,53.00689641400813
S2_CAPACITY,2050,Rest of America,"Bovine cattle, sheep and goats, horses",3.752279252019491,4.693432794996896,22.53752893792233,4.801928542553551
S2_CAPACITY,2050,Rest of America,Animal products nec,22.463023091044143,4.511891304969241,129.7022093538524,28.746749576202365
S2_CAPACITY,2050,Rest of America,Forestry,3.096968193801437,2.551381974413425,10.11190008715889,3.963303097981
S2_CAPACITY,2050,Rest of America,Coal,0.0131035045924909,3.416784910887179,0.0572961772958238,0.0167690346025706
S2_CAPACITY,2050,Rest of America,Oil,0.000770710610938,2.0655785166410348,0.0020372934460552,0.0009863064331663
S2_CAPACITY,2050,Rest of America,Gas,5.145145504729353,2.611497744553507,17.195224804076002,6.584431050284428
S2_CAPACITY,2050,Rest of America,Mine,0.1911485002862925,2.9965700271656037,0.7330200738163494,0.244619642642182
S2_CAPACITY,2050,Rest of America,Manufac,1189.7939574891534,1.95988903877336,2984.171543969804,1522.6226780071568
S2_CAPACITY,2050,Rest of America,Petro,74.90529381301448,1.9336104919837536,185.35403623535385,95.85903628087968
S2_CAPACITY,2050,Rest of America,Power,38.98216044897485,2.945361262898392,146.93491876705008,49.88689191684609
S2_CAPACITY,2050,Rest of America,WatWaste,26.210374083072224,1.5283737355597873,51.26527921537577,33.54237123013494
S2_CAPACITY,2050,Rest of America,OthServ,3083.917879161024,1.5742341578752272,6212.875890161839,3946.6021482541614
S2_CAPACITY,2050,Rest of America,Transport,497.4189616806983,1.3831991907685153,880.4964404313538,636.5651815413707
S2_CAPACITY,2050,Brazil,Rice,0.0271345308211384,3.8664637572407097,0.1342631407118039,0.034725048328384
S2_CAPACITY,2050,Brazil,Crops nec,13.064994806118053,3.94110805189673,65.89434192527965,16.719750360547767
S2_CAPACITY,2050,Brazil,"Bovine cattle, sheep and goats, horses",1.002155372142547,4.560678550563246,5.849046361018743,1.2824947642513371
S2_CAPACITY,2050,Brazil,Animal products nec,15.263272650770396,4.656507910126449,90.9554127508116,19.53296649169409
S2_CAPACITY,2050,Brazil,Forestry,0.9074604237770264,4.6731089452173205,5.426929019929437,1.161310186505656
S2_CAPACITY,2050,Brazil,Coal,0.0023897565580042,2.841623288442439,0.0086904188238066,0.0030582596494288
S2_CAPACITY,2050,Brazil,Oil,0.0001430544008721,2.446513242860389,0.0004478879058678,0.000183071931926
S2_CAPACITY,2050,Brazil,Gas,0.4100147401216885,3.289102846229361,1.7258278195150925,0.5247108241660253
S2_CAPACITY,2050,Brazil,Mine,0.4227201593456348,3.712147613615392,2.008161973595921,0.5409704048003012
S2_CAPACITY,2050,Brazil,Manufac,654.8492061029989,2.628699865195652,2202.9409195131366,838.034415734492
S2_CAPACITY,2050,Brazil,Petro,41.43333783585351,3.3788697035249284,179.16035226227234,53.023752714189946
S2_CAPACITY,2050,Brazil,Power,24.44981957038445,7.708233343400064,241.185421629026,31.289325425691597
S2_CAPACITY,2050,Brazil,WatWaste,20.95524376045832,2.628507864164554,70.48919317099255,26.81718938262368
S2_CAPACITY,2050,Brazil,OthServ,1628.7289796334296,2.153625954040735,4488.897015845901,2084.3438659211347
S2_CAPACITY,2050,Brazil,Transport,200.8737146953214,1.8653101089132795,479.5067185014755,257.0654131315481
S2_CAPACITY,2050,"EU, UK and EFTA",Rice,0.0291867794774499,3.615376299490789,0.135039314682504,0.0373513855245023
S2_CAPACITY,2050,"EU, UK and EFTA",Crops nec,128.46958329364844,3.78097422657556,621.619420566622,164.40720538652653
S2_CAPACITY,2050,"EU, UK and EFTA","Bovine cattle, sheep and goats, horses",4.160025779522683,3.284859966045277,17.487729379354935,5.323739370506742
S2_CAPACITY,2050,"EU, UK and EFTA",Animal products nec,40.38135910371607,3.949587369295725,204.1047908982463,51.67749929901451
S2_CAPACITY,2050,"EU, UK and EFTA",Forestry,8.678408812486325,3.049374865070355,33.8665894127508,11.106076337950633
S2_CAPACITY,2050,"EU, UK and EFTA",Coal,1.2481024562075316,12.707731334997977,20.297324926706118,1.5972422713914658
S2_CAPACITY,2050,"EU, UK and EFTA",Oil,0.0301478389130543,1.8301123511928288,0.0706080926362378,0.0385812866108971
S2_CAPACITY,2050,"EU, UK and EFTA",Gas,33.695775002990715,5.485311760987754,236.5360321854916,43.12171513629295
S2_CAPACITY,2050,"EU, UK and EFTA",Mine,2.423900786641945,3.561121169775579,11.046434774479708,3.101954101121128
S2_CAPACITY,2050,"EU, UK and EFTA",Manufac,3092.8584661867358,2.267708897296304,8975.690985203251,3958.044494940843
S2_CAPACITY,2050,"EU, UK and EFTA",Petro,114.0331310127956,5.04397061842319,736.0785104172866,145.93235901839492
S2_CAPACITY,2050,"EU, UK and EFTA",Power,122.85287141290657,7.989539069553551,1256.109725647669,157.2192990635498
S2_CAPACITY,2050,"EU, UK and EFTA",WatWaste,69.12999141099232,1.7809001143392489,157.55297439767313,88.46817017622364
S2_CAPACITY,2050,"EU, UK and EFTA",OthServ,11124.395929667424,1.7649479995376247,25126.32041262539,14236.294975285662
S2_CAPACITY,2050,"EU, UK and EFTA",Transport,912.7364152311204,1.5026900173450943,1755.235204620802,1168.0620664774838
S2_CAPACITY,2050,Eastern Europe,Rice,0.0054913173262909,3.570927544609187,0.0250944753924497,0.0070274389738971
S2_CAPACITY,2050,Eastern Europe,Crops nec,11.027282428470992,3.1172598727229137,43.99081911165084,14.11201548540864
S2_CAPACITY,2050,Eastern Europe,"Bovine cattle, sheep and goats, horses",1.0700364048967463,3.252368215658216,4.453677888263664,1.3693643949640235
S2_CAPACITY,2050,Eastern Europe,Animal products nec,4.640375925828245,4.60723489932707,27.359872051681094,5.938458215448177
S2_CAPACITY,2050,Eastern Europe,Forestry,0.468429476250043,3.5785410465229903,2.1452146805452177,0.5994662761755923
S2_CAPACITY,2050,Eastern Europe,Coal,0.1436863205060296,3.381878158171271,0.6218618610266876,0.1838806184163983
S2_CAPACITY,2050,Eastern Europe,Oil,0.0062969035231364,1.744337723490078,0.0140565309842959,0.0080583760015222
S2_CAPACITY,2050,Eastern Europe,Gas,2.204282027649348,2.6374709104118845,7.440041873790629,2.820900045517595
S2_CAPACITY,2050,Eastern Europe,Mine,0.4175587382117084,2.8668428143865032,1.5319408608628935,0.5343651339764516
S2_CAPACITY,2050,Eastern Europe,Manufac,113.31610250695692,2.138248580127132,310.0775776960321,145.01475248919692
S2_CAPACITY,2050,Eastern Europe,Petro,10.089520748759051,2.403380379484304,31.03227326735343,12.911927778874256
S2_CAPACITY,2050,Eastern Europe,Power,28.15405147216325,2.545958719877699,91.73029703016115,36.029766118984654
S2_CAPACITY,2050,Eastern Europe,WatWaste,1.091499939746088,1.818084895148812,2.5395596405859746,1.396832264078834
S2_CAPACITY,2050,Eastern Europe,OthServ,189.48139069011648,1.864723830263336,452.1698764419604,242.48624383447785
S2_CAPACITY,2050,Eastern Europe,Transport,24.5724144440518,1.3677889713662816,43.01178547527466,31.44621472089252
S2_CAPACITY,2050,Russia,Rice,0.0023112166480694,3.1295449219225007,0.0092564058638773,0.002957748201319
S2_CAPACITY,2050,Russia,Crops nec,21.76394414835329,3.074805895210069,85.63984046110696,27.852112448146368
S2_CAPACITY,2050,Russia,"Bovine cattle, sheep and goats, horses",0.0641359565697564,5.552980922300559,0.4557726911682681,0.0820771232156603
S2_CAPACITY,2050,Russia,Animal products nec,4.911883141816166,3.0739976645286404,19.322890864561,6.285915923135353
S2_CAPACITY,2050,Russia,Forestry,0.2251234134839483,2.7685076339048487,0.7976032820745182,0.2880986396591105
S2_CAPACITY,2050,Russia,Coal,0.1851165128435556,3.243565393014048,0.7684017769241347,0.236900352574905
S2_CAPACITY,2050,Russia,Oil,0.0001851304170315,1.7561353127280788,0.0004160603184096,0.0002369181437186
S2_CAPACITY,2050,Russia,Gas,10.43624293043313,2.168355613875396,28.959778136855576,13.355640556170211
S2_CAPACITY,2050,Russia,Mine,0.1425050030405781,2.0701916062231462,0.3775384573276762,0.1823688466398813
S2_CAPACITY,2050,Russia,Manufac,309.87370201628244,1.7259107740342152,684.4214346291118,396.55668454786735
S2_CAPACITY,2050,Russia,Petro,24.27521640575773,1.4642935870069071,45.48956798360126,31.06587943683708
S2_CAPACITY,2050,Russia,Power,69.47519148865463,2.3086559834701563,205.26245414052585,88.90993530919637
S2_CAPACITY,2050,Russia,WatWaste,5.294322794066078,1.6727707662775926,11.3335871496159,6.7753378873495
S2_CAPACITY,2050,Russia,OthServ,762.5691505834567,1.678720786742434,1638.242702157393,975.8875397046676
S2_CAPACITY,2050,Russia,Transport,57.4240956512541,1.4871085357030278,109.28419878118493,73.48770715103547
S2_CAPACITY,2050,North Africa,Rice,0.1024316291023207,13.152300350398471,1.724075735666276,0.1310854898510815
S2_CAPACITY,2050,North Africa,Crops nec,25.55683788705712,5.08109132830898,166.18226004448078,32.7060197334485
S2_CAPACITY,2050,North Africa,"Bovine cattle, sheep and goats, horses",10.41245645767745,4.316873206269009,57.52319937215288,13.3252010011152
S2_CAPACITY,2050,North Africa,Animal products nec,10.66883618303384,5.067937675798933,69.19406638602376,13.653298550915355
S2_CAPACITY,2050,North Africa,Forestry,1.362268930228293,1.828735827205636,3.1881178490353705,1.7433451912929177
S2_CAPACITY,2050,North Africa,Coal,0.0032401960338394,2.576118111140692,0.0106821235999732,0.0041465974588952
S2_CAPACITY,2050,North Africa,Oil,0.0335034534025768,1.3634726612392776,0.0584596957651541,0.0428755905612659
S2_CAPACITY,2050,North Africa,Gas,5.744666650694609,1.4439876381009866,10.615705203950318,7.351659322929449
S2_CAPACITY,2050,North Africa,Mine,0.3478919650581379,3.9794564741808336,1.7716939374473564,0.4452100665034357
S2_CAPACITY,2050,North Africa,Manufac,272.0529609499432,1.4112286189454737,491.3278408698106,348.1561101635052
S2_CAPACITY,2050,North Africa,Petro,30.039762080331887,0.6428482819078338,24.71300277795999,38.44298039391455
S2_CAPACITY,2050,North Africa,Power,29.5329204999985,0.9295039187260524,35.13000108248593,37.79435519340761
S2_CAPACITY,2050,North Africa,WatWaste,3.7016128028476896,0.782398614454548,3.706291751512888,4.737088848335644
S2_CAPACITY,2050,North Africa,OthServ,500.658721244854,0.7269894091478446,465.7902693705067,640.7112169430944
S2_CAPACITY,2050,North Africa,Transport,101.28555035648192,0.7110914253913833,92.17082522659734,129.61881230550946
S2_CAPACITY,2050,Sub Saharan,Rice,5.202018044745641,6.379254820560686,42.46805260127391,6.657212136698669
S2_CAPACITY,2050,Sub Saharan,Crops nec,139.57138460998968,5.615066726195608,1002.9328357645534,178.61459035482358
S2_CAPACITY,2050,Sub Saharan,"Bovine cattle, sheep and goats, horses",10.402446360384028,5.74186750438107,76.43797859894201,13.31238990199095
S2_CAPACITY,2050,Sub Saharan,Animal products nec,43.55882639446534,5.677690737384356,316.4961596970111,55.74381798557704
S2_CAPACITY,2050,Sub Saharan,Forestry,35.42479534956193,1.9939647090794477,90.39519777793976,45.33440196643239
S2_CAPACITY,2050,Sub Saharan,Coal,0.0168756865132685,1.660990985165998,0.0358714776089317,0.0215964308729432
S2_CAPACITY,2050,Sub Saharan,Oil,0.0060493932022904,1.8998058423005268,0.0147075920322129,0.0077416289544962
S2_CAPACITY,2050,Sub Saharan,Gas,0.0455356021364213,1.873506088271025,0.1091758883344658,0.058273569902397
S2_CAPACITY,2050,Sub Saharan,Mine,1.029440006456974,3.7236104332306215,4.905528714804543,1.317412542380186
S2_CAPACITY,2050,Sub Saharan,Manufac,993.767908907808,1.5289549954845134,1944.465366805704,1271.7610695697706
S2_CAPACITY,2050,Sub Saharan,Petro,37.70809012708705,1.1950187724732717,57.66732493290857,48.25642241922781
S2_CAPACITY,2050,Sub Saharan,Power,20.66188768334885,2.21199152823288,58.488973244781015,26.44177096645512
S2_CAPACITY,2050,Sub Saharan,WatWaste,14.075725360305151,0.8453665146284919,15.227772064181828,18.013218882616588
S2_CAPACITY,2050,Sub Saharan,OthServ,1266.1111372733765,0.9213295309250712,1492.8197166625598,1620.288576853187
S2_CAPACITY,2050,Sub Saharan,Transport,176.4051755638902,0.8586488559924422,193.8418117068799,225.7521345084111
S2_CAPACITY,2050,South Africa,Rice,0.0004534257559294,3.787552448669897,0.0021977859009325,0.0005802654707782
S2_CAPACITY,2050,South Africa,Crops nec,1.3921971696721067,4.2082896578297095,7.497680211344048,1.7816455174406105
S2_CAPACITY,2050,South Africa,"Bovine cattle, sheep and goats, horses",0.6872401398538953,5.16201926665108,4.539925022653515,0.8794861773927733
S2_CAPACITY,2050,South Africa,Animal products nec,0.7733064020791055,5.51467629785897,5.457480248631518,0.989628396127642
S2_CAPACITY,2050,South Africa,Forestry,0.2442228319666331,3.6636213996322695,1.1450313879412564,0.3125408587842409
S2_CAPACITY,2050,South Africa,Coal,0.6748216289761453,3.2464755377434,2.803636274928432,0.8635938397055652
S2_CAPACITY,2050,South Africa,Oil,1.0101669854577082e-05,1.3423046823275302,1.7352610458712994e-05,1.292747487355797e-05
S2_CAPACITY,2050,South Africa,Gas,0.0062091908540767,1.7224322429131749,0.0136866668940799,0.0079461272813102
S2_CAPACITY,2050,South Africa,Mine,0.0649933069154955,3.0008427638124355,0.2495930089856549,0.0831743045822127
S2_CAPACITY,2050,South Africa,Manufac,111.48665271486595,2.053815972233012,293.0251825201078,142.67354008408466
S2_CAPACITY,2050,South Africa,Petro,11.217564143605978,1.3173034405605235,18.91058349809362,14.355525470264286
S2_CAPACITY,2050,South Africa,Power,12.351912076376305,2.306978460736019,36.466851885525934,15.807192190303857
S2_CAPACITY,2050,South Africa,WatWaste,3.045498354506228,1.8661612282911004,7.27324259022423,3.8974352683572593
S2_CAPACITY,2050,South Africa,OthServ,282.911112900827,1.824163212649088,660.4413281477032,362.0516636803132
S2_CAPACITY,2050,South Africa,Transport,47.1696406801884,1.506702345558203,90.95164830268672,60.36470859191011
