year,region,scenario,real_GDP,real_household_consumption,real_investment,government_income,exports_FOB,imports_CIF,CO2_Mt,power_CO2_Mt,real_wage,EV,carbon_price_2024USD_t,additional_carbon_price_2024USD_t,renewable_capacity_GW,total_generation_TWh,renewable_generation_TWh,renewable_generation_share_pct,real_GDP_S0,real_household_consumption_S0,CO2_Mt_S0,GDP_pct,CO2_pct,EV_pct_C0
2017,Australia_Oceania,S1_NO_CN,1931.6083524817984,1068.6453105426365,444.403513108069,618.8318698517737,502.4987656319645,478.7754440246677,426.6800434206558,193.28946951356744,0.9371278874859944,0.1324169951593805,17.22525269950784,0.0,23.85281942866046,277.2137289407587,62.0703090251258,22.39077742011485,1931.7389563472289,1068.5144156100666,425.2916466193898,-0.006760947953210472,0.3264575761838362,0.012392625988464292
2017,Australia_Oceania,S2_CAPACITY,1922.9014053195672,1033.7599405163342,436.8691263888954,595.7130969376501,467.1596576576197,442.8332645079307,329.59360904431406,139.59171904781175,0.9226252956923984,-37.797978026221294,78.1191458584206,60.893893166004126,38.6925193210339,265.286295366662,100.07620995810132,37.723852195147245,1931.7389563472289,1068.5144156100666,425.2916466193898,-0.4574919917944231,-22.501743999857972,-3.537432670446528
2017,China,S1_NO_CN,16096.521335243486,6480.3296878091405,6558.272576693194,3305.316566242003,3685.766765315682,3420.652771214649,9745.164500177874,4694.482193949424,0.9378898174513112,-0.3579194250664942,3.467306603557094e-09,0.0,621.3034233434482,7025.114231476588,1722.7477258065408,24.52270054325425,16096.61146441922,6480.670345536471,9750.22213571702,-0.0005599263915523345,-0.05187200320923013,-0.005522876585028111
2017,China,S2_CAPACITY,15965.889637743188,6280.254479456822,6465.722180905554,3577.5598025540808,3578.516223924055,3311.0915176946664,5943.8174829436575,2790.51523825332,0.9111991860592074,-214.98484656581465,60.89389316600294,60.893893166004126,1003.8325583975864,6368.882938620443,2766.331400744797,43.435111422286695,16096.61146441922,6480.670345536471,9750.22213571702,-0.8121077343823946,-39.03915828573524,-3.31732421344166
2017,Japan,S1_NO_CN,6230.85678707964,3395.0059378824594,1586.5524767301793,2048.300352401264,1063.4432862801627,1095.1764691623007,1086.996099474289,514.3779374516894,0.9740185319109558,-2.109610982399887,17.404415796344647,0.0,63.53328163729765,1016.9719533703872,168.96216464413988,16.61424035187752,6232.553877854296,3396.9924014518124,1080.4657455282318,-0.027229460152544682,0.6044017566576798,-0.062102316787587694
2017,Japan,S2_CAPACITY,6220.926627189927,3375.826583383352,1598.7888470292703,2097.739561196412,1041.2870020368755,1073.1292343981963,960.2154472437244,428.4261229244136,0.9678779154878712,-22.619631293975296,78.29830896249061,60.893893166004126,73.1501411001305,935.5599716830692,191.24884638118297,20.442179247699848,6232.553877854296,3396.9924014518124,1080.4657455282318,-0.1865567613572261,-11.129487332864763,-0.6658722958670169
2017,South Korea,S1_NO_CN,1961.700448890314,885.8857948974141,594.1591464099777,571.7234388909494,858.748500260439,712.8155971387865,521.8664520473415,258.5847461115896,0.9237558639772492,-0.4073023634533851,23.214419306498375,0.0,8.461799091739287,525.0482373149778,19.824162268286443,3.7756839961342217,1962.0312126200529,886.249960269005,520.440860712152,-0.016858229757577003,0.2739199480299659,-0.0459579556234627
2017,South Korea,S2_CAPACITY,1956.6136773400665,877.7355909916778,600.7684012822979,592.0754014111437,839.8976464240361,693.843581115164,415.1264752946586,179.53065962603364,0.9181118454156122,-9.569415284663734,84.1083124708344,60.893893166004126,9.813115361787954,471.9298831512441,22.3869054468886,4.743693130302165,1962.0312126200529,886.249960269005,520.440860712152,-0.27611871030084334,-20.235610492493826,-1.0797648195954912
2017,Rest of World,S1_NO_CN,99.9107019428896,43.72773924569757,33.31881849303198,10.193829016550854,39.70913854585824,34.11886570317472,44.62521036314682,16.873332526075714,0.971846375013508,-0.0012099839253069,9.566879087933498e-10,0.0,15.882002889954194,82.32647227889773,28.495613195644268,34.61294090084361,99.91079821099908,43.728846628476205,44.648663168963004,-9.635405902042038e-05,-0.052527453571082905,-0.0027670154111015567
2017,Rest of World,S2_CAPACITY,98.96013171777922,41.78162337466573,30.84739340223712,10.940644141232148,37.28983985595016,31.64212903880333,25.209676458565745,11.51927286852596,0.9464571483487928,-2.0287146570486585,60.89389316622832,60.893893166004126,23.04187046201781,83.65686806234767,41.21558728092272,49.26742804930927,99.91079821099908,43.728846628476205,44.648663168963004,-0.9515152618560507,-43.53766794054887,-4.639305203461644
2017,Southeast Asia,S1_NO_CN,3497.2404140964804,2003.8831738585216,1023.700137969556,446.5670759721105,1796.3998602571637,1810.2003512772849,1500.1038962292855,578.995715898379,0.9670285944353716,-0.0134129458050902,3.3627122945351816e-12,0.0,61.36771358646591,992.8862001327808,209.5176551649137,21.101880068118025,3497.2371429066475,2003.899726817597,1501.1575754315163,9.353640315623579e-05,-0.07019111247718035,-0.0006693421644600634
2017,Southeast Asia,S2_CAPACITY,3485.6954068615555,1948.4457422886503,1010.0704546029284,502.1133078769301,1738.0573338759043,1750.524285384243,1030.1358465959793,369.4686709880269,0.9487105090478126,-56.86830273433624,60.89389316606261,60.893893166004126,86.00605903687119,865.9489679063089,293.06255482664903,33.84293597984366,3497.2371429066475,2003.899726817597,1501.1575754315163,-0.33002440422154056,-31.37723424538821,-2.837881655118995
2017,"Central, Western and South Asia",S1_NO_CN,5829.966207285017,3360.7819576688685,1488.7525804952384,593.9609561267996,1751.088630318362,1830.3650116430608,3072.4296613314414,1144.9420064111964,0.9798240630511412,0.596852851040278,0.0,0.0,88.92928166876969,2003.077096231088,208.837275646498,10.425823151761762,5830.005476743221,3360.207628183417,3072.983669954867,-0.0006735749796593637,-0.018028362104305362,0.017762380099200784
2017,"Central, Western and South Asia",S2_CAPACITY,5822.781376944318,3185.0639709298057,1313.5021915688644,716.4235977723246,1616.7829630206638,1692.0538407712313,2316.896723635706,885.8646647696927,0.9584872599986568,-176.481911706147,60.89389316587995,60.893893166004126,127.37385599978656,1768.9230451897115,298.9282402300327,16.89888325232224,5830.005476743221,3360.207628183417,3072.983669954867,-0.12391240158728944,-24.604326853785896,-5.252113298771243
2017,India,S1_NO_CN,3324.221182053571,2075.919254177397,1004.3905117922804,356.8776525555341,504.321608913811,664.9034992782098,2224.226561834662,1114.2930511025395,0.976041848496972,-0.3746446611666693,4.916738571006081e-10,0.0,89.54293835805717,1488.6569294813387,232.9582033608531,15.648884490936258,3324.495795200052,2076.287740290765,2223.976221954974,-0.008260294594975015,0.011256409902982156,-0.0180439663490092
2017,India,S2_CAPACITY,3308.376750522954,2014.9550975074417,975.8161388521032,447.9525480971546,478.6172911344274,638.8320900714712,1622.5931153733025,841.3250710849903,0.9532120780697636,-63.06069632149835,60.89389316597254,60.893893166004126,117.0844710158772,1376.7666772607563,306.0844200955113,22.232120020837755,3324.495795200052,2076.287740290765,2223.976221954974,-0.4848568225103711,-27.040896419882987,-3.0371848322269277
2017,Canada,S1_NO_CN,1989.573821520968,1129.0629634482991,464.9321507424779,755.8344020378215,603.0650052677529,656.3691009273924,587.5916569169585,101.67242748055448,0.9182990756551171,0.1728008838861603,0.0,0.0,97.74682282934978,663.5567390263154,440.9397366843826,66.45094695766412,1989.606543971624,1128.9029343725572,587.6735678280277,-0.0016446694325100708,-0.0139381649189807,0.015306974463858826
2017,Canada,S2_CAPACITY,1982.7603221684649,1098.8810233659517,469.31282345637936,751.5699532702843,580.3475042212827,633.4216668409584,407.604355993953,55.781688772976416,0.9047549663401874,-33.517000651633886,60.8938931660152,60.893893166004126,115.25837162323124,709.7394725658237,519.2999521283234,73.16768648233268,1989.606543971624,1128.9029343725572,587.6735678280277,-0.3440992805287424,-30.641026190711507,-2.968988708516609
2017,United States,S1_NO_CN,24549.271474352347,16690.787555473376,5402.813888196921,7963.179157304034,2770.930163041047,3644.776109060925,4848.462893673193,1726.912385770413,0.9774144861476276,-5.587698847937082,5.042161636993918,0.0,194.18218852227923,4190.889165972487,651.9716291727766,15.556880732289374,24553.704157885462,16696.199487838374,4829.74622579098,-0.01805301352746369,0.38752901306213783,-0.03346689078557788
2017,United States,S2_CAPACITY,24476.76491156471,16466.317467845103,5494.050728722025,8022.093974056343,2691.9233318220963,3565.321094158971,3638.9714712854498,1177.3871739450483,0.967596269964411,-243.6134115114668,65.9360548011481,60.893893166004126,244.95384640325813,3840.414519194771,815.2750595543926,21.22882973907028,24553.704157885462,16696.199487838374,4829.74622579098,-0.3133508729518564,-24.65501703064148,-1.4590949975706535
2017,Rest of America,S1_NO_CN,4673.049400434863,3063.6001962048917,926.4759955186632,881.2905233786735,1274.4942313150934,1277.0384126057727,1274.0899794678878,333.644164560706,0.9540534810036804,-0.0465487379909355,0.0,0.0,108.09661412443448,997.7835299542896,408.1065926265375,40.90131580396338,4673.061968737886,3063.640147228719,1274.9629676433308,-0.00026895220107681084,-0.0684716495771287,-0.0015193931321549677
2017,Rest of America,S2_CAPACITY,4663.582572470816,3011.5355346183933,930.082728551336,922.7197950216708,1235.6385554009737,1237.4744434335255,996.3960737022098,247.5279613533647,0.9436172998332268,-55.87476181464968,60.89389316600284,60.893893166004126,135.58536704395314,976.5496997298349,510.2405450147591,52.24931666620947,4673.061968737886,3063.640147228719,1274.9629676433308,-0.20285192729062596,-21.849018442945844,-1.8238030293862153
2017,Brazil,S1_NO_CN,2444.699106944806,1520.5801292495971,355.355597575961,829.4427810415369,330.4365169691695,295.8031269602729,456.165816060906,72.57796945820355,0.897756039117702,-0.176251818147918,0.0,0.0,135.18138135575103,587.8498782023483,468.1642212295194,79.64009836340716,2444.858653415972,1520.7253049455803,456.2689054214078,-0.006525795302869675,-0.0225939921122964,-0.011589983909304725
2017,Brazil,S2_CAPACITY,2439.6705190336293,1499.5126198060595,358.3302436281392,833.7061972355016,318.8645382483085,284.01639268246845,378.82808443822654,58.789602290112185,0.8881631673284641,-24.31747608872093,60.893893166004126,60.893893166004126,145.97292148299118,605.8847205361011,502.3281497631017,82.9082055937357,2444.858653415972,1520.7253049455803,456.2689054214078,-0.2122059029913248,-16.972627339497805,-1.599070917649466
2017,"EU, UK and EFTA",S1_NO_CN,22041.909476229142,11994.949850564515,4756.78565497389,9289.38352582478,9544.885113309494,9525.379001989091,3603.7350815641807,1054.607634145013,0.8876926589947812,-8.698518230646947,7.985555483290298,0.0,437.55853463125567,3481.265908054445,1168.2391282144388,33.557882651581934,22049.21598563571,12001.988023078344,3584.1688114729363,-0.03313727531776278,0.5459081622666062,-0.07247564498415403
2017,"EU, UK and EFTA",S2_CAPACITY,22005.032880502626,11898.29331333464,4795.97390505606,9331.114233166412,9379.66669436151,9360.254431332782,3024.178131738143,698.8841368853389,0.8812415294038572,-124.284657365219,68.87944864904962,60.893893166004126,502.6489990922152,3378.2818967800763,1332.5886168607192,39.44574957261092,22049.21598563571,12001.988023078344,3584.1688114729363,-0.20038401892324975,-15.624004035252515,-1.0355339225987805
2017,Eastern Europe,S1_NO_CN,361.2042000081605,237.8990643558637,78.26514065219409,110.62053676686212,180.93423644972697,218.0979931514541,357.8586235299799,182.02305183483148,0.8910577030412125,-0.0599870950231141,0.0127973663556488,0.0,20.254875755020823,206.0838036086597,18.284922217625017,8.87256635283525,361.2137722922436,237.95028266535823,358.22065904364774,-0.0026500329769696407,-0.10106494545411016,-0.0252099280367223
2017,Eastern Europe,S2_CAPACITY,358.2962206319543,228.71034701390155,82.87251756901887,122.69590365338712,171.4126484432277,208.4037256490268,257.3231080848921,122.1432135697494,0.8592907432898298,-10.575696618734918,60.906690531275565,60.893893166004126,23.903581005899216,199.9626557639406,21.43596345887462,10.7199833773863,361.2137722922436,237.95028266535823,358.22065904364774,-0.8077077575903813,-28.16631269344565,-4.4444984474374705
2017,Russia,S1_NO_CN,1997.6795929590323,1053.7630604201838,433.8465210356887,344.33679282182686,505.5286942586684,361.4410555481968,1601.8197441158088,796.8993037078757,0.9977139064499684,0.360492071295758,4.6266748447510136e-11,0.0,50.813551846058125,1094.8884178403578,190.50125058022005,17.399147481711367,1997.6377849771131,1053.401602980412,1602.3249565328867,0.0020928710016132612,-0.03152995995089336,0.03422171280884802
2017,Russia,S2_CAPACITY,1984.3803197390923,973.8321659938008,384.5581976584962,378.4691461990309,457.4459945920908,312.01887680624924,1112.551493942417,532.4105390930835,0.9446678260925706,-79.83539800782593,60.89389316577559,60.893893166004126,67.7141520616426,1024.465474665827,253.6886381668664,24.763024664117424,1997.6377849771131,1053.401602980412,1602.3249565328867,-0.6636571123014079,-30.56642540538358,-7.57881873180617
2017,North Africa,S1_NO_CN,796.2119239944569,516.8927714454361,192.7791749083216,136.86157431005063,222.31765740392683,278.2700082802251,501.1832414004184,177.5708066999317,1.0035049625484376,0.1590820324414674,8.038945128744802e-11,0.0,7.2938492316925725,343.4969494180136,20.858817912979006,6.072490002697279,796.1672947925689,516.737360844872,501.49289547734594,0.005605505548889056,-0.061746453383504374,0.030785858444871552
2017,North Africa,S2_CAPACITY,797.0104748401574,490.9953472545215,188.97111081605937,156.39400669756674,202.9260201335917,258.26593679864163,385.8726469188144,143.84192926296137,0.9901156484736946,-24.332506589513997,60.89389316599423,60.893893166004126,10.21689481426187,302.8387838082814,29.238354692275,9.654758985818992,796.1672947925689,516.737360844872,501.49289547734594,0.10590488369761619,-23.055211669245768,-4.708873101362372
2017,Sub Saharan,S1_NO_CN,1657.908528926609,1161.643771185467,388.7161484877492,211.0664424842163,356.2992161066322,443.6607658020005,356.8984579976356,69.35987931606215,0.9713296302488332,0.0825717843587063,0.0,0.0,28.885046239477013,196.750292080553,107.65241408246922,54.715249946563965,1657.9039739409711,1161.5636812191976,357.1231980750332,0.0002747436347094734,-0.06293068571545657,0.0071086747712391886
2017,Sub Saharan,S2_CAPACITY,1652.5803998499057,1134.9405469322176,386.329413250636,219.00501401533543,332.14137537403025,418.9057547332665,285.3883875023873,53.453493542068806,0.9613163944597812,-27.62743464200853,60.893893166165846,60.893893166004126,35.23477958386943,201.0463285807245,131.2226618401934,65.26986230813195,1657.9039739409711,1161.5636812191976,357.1231980750332,-0.32110267993452624,-20.086852648976926,-2.3784692211631726
2017,South Africa,S1_NO_CN,469.06995254674746,270.92540798615164,74.53040923027608,123.69980069019354,161.33346774553587,129.66678506238512,435.9915658771663,226.68121987882367,0.9358599828217016,-0.0022251727461483,0.0,0.0,5.308934099478502,257.09601862221973,13.806017878944598,5.369985094647203,469.07099325064456,270.9276631607963,436.1180711271066,-0.00022186490149511684,-0.02900711030234815,-0.0008213161846184949
2017,South Africa,S2_CAPACITY,463.5039993111383,255.9566804474001,74.02092900293181,131.5453084966721,154.47672486703902,122.7049878122567,261.81771118863094,144.84998376913993,0.9026992550577136,-15.97648896827407,60.893893166004126,60.893893166004126,7.293394790139619,205.0451170576065,18.955684673881635,9.244640860458102,469.07099325064456,270.9276631607963,436.1180711271066,-1.1868126615391938,-39.966323681110616,-5.896957432062587
2020,Australia_Oceania,S1_NO_CN,2052.2421135146847,1153.5637635050546,481.8117274115404,713.6748692401025,580.8095765172667,556.9116051223943,447.3512318556539,196.82763368169432,0.948340166819437,0.0619746671135152,18.300231308841283,0.0,29.094057572048985,289.418896598288,71.19574030682323,24.599547971341543,2052.637620484513,1153.4884288585672,443.2088982498557,-0.019268231561242466,0.9346232943777677,0.005372803537772993
2020,Australia_Oceania,S2_CAPACITY,2043.3493480386787,1117.148073926119,473.1761444520935,684.3665032461936,538.6201807461088,513.9665079780287,351.4220053304289,145.02571722209026,0.933395765552126,-42.55454359439975,79.19412448127191,60.893893166004126,44.84591219333851,279.28871712831807,109.09177919329198,39.060575133498936,2052.637620484513,1153.4884288585672,443.2088982498557,-0.45250424883285234,-20.709623223241923,-3.68920420263856
2020,China,S1_NO_CN,19470.261243498106,8223.619864605098,7312.693875366164,3959.997269462285,4383.550071727164,4081.135365737827,10910.375143919502,5346.180480510805,1.107441457055364,-0.8467199493404405,0.0,0.0,897.5650829869159,8348.48810427637,2190.2649526760065,26.23546833053617,19470.63340568922,8224.420736802,10920.89241517645,-0.0019114025895272668,-0.09630413758432432,-0.010295192530114659
2020,China,S2_CAPACITY,19304.19042862589,7983.530711960118,7206.715417341803,4276.632553335352,4244.244993667036,3938.45049305472,6964.440330507343,3288.5647790921403,1.0791703407986617,-260.3166100734178,60.893893165823854,60.893893166004126,1367.1611013254262,7613.836040050619,3319.671791362186,43.60051587530792,19470.63340568922,8224.420736802,10920.89241517645,-0.8548411014440593,-36.22828551237204,-3.1651665011320884
2020,Japan,S1_NO_CN,6349.085849533412,3492.452537487849,1627.7979483618758,2248.1599012293027,1193.3652641257409,1229.1119975991674,1145.2879585208325,526.1200965522271,1.0070669387145468,-3.787335716371618,7.140929422179645,0.0,72.69741787918359,1034.1982262691406,184.8127962747676,17.870152121753087,6352.057401508473,3495.769580237043,1134.5135110845629,-0.04678093706071973,0.949697586762932,-0.10834054217368652
2020,Japan,S2_CAPACITY,6343.645584612979,3476.976023896507,1641.6790766709853,2297.392396673761,1166.2790079876556,1202.0636401403303,1014.6992737707652,439.2748650288059,1.00236327730402,-21.589400162587708,68.03482258834568,60.893893166004126,82.87929616662866,955.4628336800408,207.2942067148013,21.695685002878783,6352.057401508473,3495.769580237043,1134.5135110845629,-0.13242665114292507,-10.560847106991144,-0.6175864760835799
2020,South Korea,S1_NO_CN,2128.870761718073,962.3101769693072,661.6756517140083,669.5120030065498,979.6815644983578,822.4071149875653,506.6985477845364,233.0381286296634,0.9962014723597238,-0.9308397672127888,41.96255837889901,0.0,14.738229662123622,524.849418217903,30.603676334409165,5.830944128379192,2129.609594271876,963.0860016428514,503.8556025019257,-0.034693333265889414,0.5642381008554631,-0.09665178038357361
2020,South Korea,S2_CAPACITY,2125.230040211094,955.8116866278332,667.8346173110372,687.2439551946767,957.456030675836,800.1149635895258,421.4896092436644,172.40421224653855,0.9926273977665608,-8.810543194208345,102.85645154563326,60.893893166004126,16.588929136678146,486.6868319116068,33.65320248224275,6.91475509005654,2129.609594271876,963.0860016428514,503.8556025019257,-0.2056505602041847,-16.347142484725374,-0.9148241360770629
2020,Rest of World,S1_NO_CN,108.79037468626905,48.36970509101632,37.37559757611949,11.84973631040114,46.1012843398868,40.11416823222769,46.633326743663176,17.835225891934346,1.0226844280384375,-0.0027089340077889,2.4473953270133567e-10,0.0,21.236395821795263,86.6615943206246,29.62679016146356,34.186758729423325,108.79098341745924,48.37206964925774,46.67821801175883,-0.0005595419501513987,-0.09617176920581061,-0.00560020281834368
2020,Rest of World,S2_CAPACITY,107.36532532611632,46.02566527393508,34.480871509524505,12.55043394861099,43.05778492056744,36.99445199901356,27.66669137142312,12.45168553002834,0.9891023982115104,-2.570895906896388,60.893893166004126,60.893893166004126,29.4825480134006,86.35677914850012,40.93935941446332,47.407232898373294,108.79098341745924,48.37206964925774,46.67821801175883,-1.3104561118565394,-40.72890408015676,-5.314835452643978
2020,Southeast Asia,S1_NO_CN,4050.9392267622666,2294.0124395623143,1179.4941963570343,532.814461677044,2104.6301361005035,2121.9837291557747,1562.8603964523002,578.7435815828178,1.0313261199675163,-0.0462829805710359,4.491874959198333,0.0,90.27800596332166,1070.7996714671672,271.217216136399,25.32847397728353,4050.9615720268007,2294.063038141681,1564.7376272966462,-0.000551603962095637,-0.11997096584104305,-0.002017511280270995
2020,Southeast Asia,S2_CAPACITY,4035.4075004487568,2233.52276415768,1163.951116150497,589.7361557931865,2032.337798693356,2048.0610633524584,1118.4145595161583,379.4202647678314,1.012806782317841,-63.69394539771006,65.38576812526425,60.893893166004126,118.64227402217584,942.8728606782764,356.50490540057643,37.81049601365308,4050.9615720268007,2294.063038141681,1564.7376272966462,-0.38395998830129674,-28.523827892576968,-2.7764688388556973
2020,"Central, Western and South Asia",S1_NO_CN,6589.372055672617,3798.464593162813,1694.1486791481827,688.6193583813499,2023.785417864961,2115.3660847840997,3323.9855662600903,1239.8820345924798,1.0318262370666444,1.1241100729834508,1.4205074661317325,0.0,111.84904032235065,2202.0356450750182,250.5298745272082,11.377194328690043,6589.549279277681,3797.4244679482313,3324.0730295049534,-0.002689464750227355,-0.0026312070789846764,0.029601907357773294
2020,"Central, Western and South Asia",S2_CAPACITY,6535.751467016808,3584.563676674426,1494.314658559456,815.7695669567179,1858.4353862922223,1944.8891751839656,2541.067363733356,962.691187054502,0.9993965846030748,-221.68131194548877,62.31440063273656,60.893893166004126,151.79977246552127,1936.7416567753487,339.9932905548607,17.55491184719729,6589.549279277681,3797.4244679482313,3324.0730295049534,-0.8164111076618297,-23.555609603685767,-5.837675345923717
2020,India,S1_NO_CN,3925.2918154725785,2414.807535612196,1183.234284007535,429.17817875433497,595.5734300930728,785.0784202227674,2477.1581532551954,1263.5298638729746,1.0845287854580754,-0.7444931412206991,0.0,0.0,104.14432519101574,1709.618583478474,259.729799577525,15.192265812241349,3925.843704244073,2415.5261489207355,2477.105892318536,-0.014057838596526206,0.0021097578759787794,-0.030821158427671788
2020,India,S2_CAPACITY,3901.6701116850377,2345.3422353956885,1149.4921487550089,533.3815989804468,563.0468967837401,752.0514479583277,1867.2068427310496,973.8423980651438,1.059710062242577,-73.41092361883008,60.89389316611772,60.893893166004126,132.18888012039932,1577.055338642908,331.6284797690722,21.02833500151276,3925.843704244073,2415.5261489207355,2477.105892318536,-0.6157553478988942,-24.621436309153076,-3.039127672106978
2020,Canada,S1_NO_CN,2146.088373551909,1221.9646072400114,499.3578691697784,858.976442172783,684.8595601277735,742.9509886012547,632.3129621346507,114.29797822109974,0.9543278205184508,0.1061996258025368,0.0,0.0,95.36951220406264,691.6197349937263,436.19757595730977,63.06898919841645,2146.3882492898874,1221.8651776009408,631.8984895661914,-0.013971178703453546,0.06559163778723232,0.008691599347405368
2020,Canada,S2_CAPACITY,2140.860294116804,1190.9018570947685,504.2282218299332,852.2812148486657,657.9241707182948,715.7240837995248,451.7589755740396,66.01067742654907,0.941971677260146,-36.4337778965924,60.89389316626868,60.893893166004126,111.84365766318597,733.443876562052,510.93679514353175,69.6626983292163,2146.3882492898874,1221.8651776009408,631.8984895661914,-0.2575468429307781,-28.50766649494929,-2.981816534630109
2020,United States,S1_NO_CN,26536.03086358422,18085.725781660043,5773.950566902031,8992.221349453843,3159.2748942381704,4108.377994228386,5093.263343365801,1775.6555334918023,1.0256418765914814,-8.53948434401805,6.565048017421458,0.0,238.8876742396732,4436.842353906662,748.5126447674699,16.870390810897323,26542.692374620863,18093.57131823595,5069.016953998521,-0.025097344845892433,0.47832527662299285,-0.047196234473684956
2020,United States,S2_CAPACITY,26490.624569458807,17874.611641227017,5875.46615743465,9037.70682696204,3063.784127005494,4012.133354579889,3903.91900752129,1239.5507151454656,1.0179122294882343,-244.5835784960805,67.45894118339163,60.893893166004126,295.0452474676488,4095.983129275821,917.2689541460936,22.394353814349543,26542.692374620863,18093.57131823595,5069.016953998521,-0.19616625332191662,-22.98469224014299,-1.351770605118583
2020,Rest of America,S1_NO_CN,4842.207205219397,3201.1867491261664,970.5649459390474,986.8299619025096,1423.1683551019485,1428.078009076684,1252.9554713282182,302.0528699448387,0.9370802030674172,-0.0951700271154645,7.601634546569213,0.0,127.92593563432496,989.8891162174092,452.7515485129827,45.73760243400282,4842.234977773446,3201.2630707147687,1254.2378381190154,-0.0005735482515145662,-0.10224271281117359,-0.002972889919172285
2020,Rest of America,S2_CAPACITY,4833.790324036823,3152.2636660298463,973.4435567757138,1022.1921462523136,1377.4632109049,1381.5803147033073,1003.7628230703832,228.67380098901023,0.9282512762221284,-56.45083579333583,68.49552771248419,60.893893166004126,154.84471330013363,974.3737133507304,546.4052034061659,56.07758049292579,4842.234977773446,3201.2630707147687,1254.2378381190154,-0.17439578573500425,-19.970296496896502,-1.7633925905605643
2020,Brazil,S1_NO_CN,2551.634083183465,1604.5477255496585,375.57215151265,940.1469842081144,380.7589142086099,345.57989599235594,481.02274626213074,67.10727722725467,0.8975253044263987,-0.6150935958013788,0.0,0.0,143.77634233442743,600.0445590969376,494.1414531108952,82.35079305686469,2552.1837180755824,1605.01644036224,480.9100060595017,-0.021535867039068624,0.023443097712361194,-0.03832319597066289
2020,Brazil,S2_CAPACITY,2548.198523928815,1583.995222766726,378.2607296671315,939.8712128289644,365.9195788031448,330.45129118985915,403.57726565622914,54.83397383457408,0.8892576130422044,-26.1978171946883,60.89389316600079,60.893893166004126,153.4541802764581,616.0324000145935,524.3568493296027,85.11838814276344,2552.1837180755824,1605.01644036224,480.9100060595017,-0.15614840415063558,-16.080501430387038,-1.6322460341138718
2020,"EU, UK and EFTA",S1_NO_CN,23264.02169326697,12707.20954958304,5070.355368467592,10483.889508424434,10689.735193232347,10678.10099547152,3384.715680336428,887.2690226132847,0.922292253348264,-19.45830646327458,41.78339527570076,0.0,458.138901712934,3556.9075748806445,1239.387566390293,34.844525484525185,23278.624151980417,12721.771512992676,3349.315710834599,-0.06272904540282065,1.0569314020566711,-0.15295280569535397
2020,"EU, UK and EFTA",S2_CAPACITY,23235.386932446043,12623.855559994236,5100.981452325983,10466.232928494175,10483.191114227107,10471.604432644788,2975.645699629272,646.6863100686753,0.917242013870991,-127.01762300380317,102.67728844202016,60.893893166004126,509.9918228610078,3518.8739743870296,1371.261867958539,38.96876892834464,23278.624151980417,12721.771512992676,3349.315710834599,-0.18573786514224366,-11.156607601861879,-0.9984271677421714
2020,Eastern Europe,S1_NO_CN,378.20594990313793,251.2540640718259,79.82599333517689,123.91946927100864,204.016351273652,243.3626361071085,373.7446595275061,186.74049044148973,0.9478381414173846,-0.1231182867893791,0.4862998526652216,0.0,28.129300884795366,213.15075698774885,21.34255379314992,10.012891389532628,378.228548346279,251.352553824079,374.3905149301378,-0.005974811589415374,-0.17250848429004595,-0.04898230987362447
2020,Eastern Europe,S2_CAPACITY,376.50932905946576,242.6834556613898,84.69083870708305,136.54956451613137,193.16824200261848,232.3125748588869,274.39581127625496,128.42875114010062,0.9205486454421524,-10.628075857734704,61.38019301857562,60.893893166004126,33.16089740272195,207.4235747384822,24.96945237896817,12.037904761042444,378.228548346279,251.352553824079,374.3905149301378,-0.4545450877069368,-26.70866372577363,-4.228354037402488
2020,Russia,S1_NO_CN,2137.358628438899,1134.1897501005556,477.4707149721568,387.30379240635904,563.9839147336476,410.46447817477366,1693.2412157891645,840.8939304455944,1.0448263701819145,0.7587089227184897,1.214490054514883e-10,0.0,53.99788754972787,1159.8759719977045,196.64615628368085,16.954067592674473,2137.1772945005805,1133.4702945582171,1694.139052077175,0.008484740072112196,-0.0529966112822744,0.066936815756094
2020,Russia,S2_CAPACITY,2111.920562581425,1047.4638851720738,424.48734612118267,421.5766952280357,509.9961434293225,354.97605467820654,1195.914599437678,571.9393126208377,0.9837053312304462,-91.2490691188809,60.8938931659563,60.893893166004126,69.52138300032722,1076.8700395808971,253.0725506069049,23.5007513725052,2137.1772945005805,1133.4702945582171,1694.139052077175,-1.1817799105458549,-29.40871069754437,-8.05041557392082
2020,North Africa,S1_NO_CN,922.3012326449248,589.8785003610343,221.87528317863664,156.2945202947501,255.1068801623546,319.8609987520328,557.5579388097708,192.722759411522,1.0495502487654016,0.321463446970553,3.4089756112998845e-10,0.0,10.47015375470464,377.09493839703975,26.701918822188155,7.0809539199049,922.1981839700458,589.5711788869662,558.2286263249889,0.011174243960820895,-0.12014566856477504,0.054524959577812844
2020,North Africa,S2_CAPACITY,923.0450377546928,561.742921805164,217.8572495699307,179.41480447752167,233.6063425259208,297.6746926037091,431.838136695917,156.51041968337606,1.0366368475432854,-26.580239331813974,60.89389316612743,60.893893166004126,14.030872515974233,333.4130962276292,35.82075240217971,10.743654885626931,922.1981839700458,589.5711788869662,558.2286263249889,0.09182991241658556,-22.641348664102733,-4.5084020867495616
2020,Sub Saharan,S1_NO_CN,1852.6124234595163,1295.1759593828951,437.86470787556016,245.3216294343549,414.7750426370855,513.2688979809977,391.2860422439648,72.25138567715393,0.9858631409638852,0.1577915149126874,0.0,0.0,33.79093544042475,214.76053724650447,122.18835027080377,56.89515952856584,1852.6089195422355,1295.028554608582,391.7444432038396,0.00018913421195865254,-0.11701530623531298,0.012184404301446414
2020,Sub Saharan,S2_CAPACITY,1847.0200891366917,1265.561586430949,435.11150451776,253.00907163492596,385.5078537601197,483.2306196038211,316.6303221837475,56.44980784106896,0.9760082329376008,-31.689899598668248,60.89389316595447,60.893893166004126,40.19136148473664,218.6253715224816,145.24994104186956,66.43782468172195,1852.6089195422355,1295.028554608582,391.7444432038396,-0.3016735127738035,-19.17426585704173,-2.447042537084938
2020,South Africa,S1_NO_CN,483.14249278310905,283.9893862716821,81.99930286032424,140.41654748791308,181.406070898239,149.28908795702213,437.1532609369239,222.1496002312313,0.917403144978046,-0.0082179592131545,0.0,0.0,7.239265619580271,254.8167019722265,17.0434069750087,6.688496806958254,483.1437607713671,283.9969464328877,437.3651629954064,-0.000262445334286987,-0.048449688363660925,-0.002893678723090255
2020,South Africa,S2_CAPACITY,478.12494437518046,269.66274683588097,81.34630524031009,147.98437148992335,173.3066032996934,141.05513526133066,271.6601143728851,146.63618162278135,0.888083378535311,-16.650815531568472,60.893893166031866,60.893893166004126,9.556110215092264,207.2446037734396,22.511804870223287,10.862432343393248,483.1437607713671,283.9969464328877,437.3651629954064,-1.0387832367272698,-37.88711645153633,-5.8630262545809755
2025,Australia_Oceania,S1_NO_CN,2086.061377850277,1205.0987281329087,518.462214781595,893.3932148359813,720.0870428371177,698.9879014528277,424.48409938108495,189.37666402973525,0.9238180864953348,-0.6180237220445058,71.28132057767624,0.0,36.47277440539239,291.340029373959,72.89193611595927,25.019540319465147,2087.1372401766075,1205.4158259112564,412.71154542640033,-0.05154727277251192,2.852489610515163,-0.0512705830435982
2025,Australia_Oceania,S2_CAPACITY,2078.235695971241,1167.3244459470643,507.3606209613076,848.5054890738671,664.8527689507257,642.7645295907014,361.24563808593257,156.95239157116364,0.90773274893474,-52.88534887722314,132.17521374368036,60.893893166004126,49.44903295870815,285.2993336359788,98.36396779476549,34.47746145817177,2087.1372401766075,1205.4158259112564,412.71154542640033,-0.42649539445778206,-12.470188418716234,-4.387311643037662
2025,China,S1_NO_CN,24483.92799961048,10781.198793941572,8161.3605498727475,5077.896107828576,5526.8790375125445,5151.581097357788,11574.26898818686,5798.635438348837,1.3397503411827532,-2.645891089269216,14.98571389524398,0.0,3005.580433618873,11366.255420370542,4170.600368685779,36.69282639215772,24485.934588558728,10783.617304236948,11597.26091488335,-0.008194863630750504,-0.19825307773307932,-0.024536210945001077
2025,China,S2_CAPACITY,24253.94377514505,10501.41395768932,8040.435554985544,5413.872483759241,5343.123947933923,4964.262712593712,8351.193650865738,3916.301194066572,1.313879107273535,-316.05556542980537,75.87960706121648,60.893893166004126,4058.144699278505,11100.545418656187,5625.524919606583,50.677914529785326,24485.934588558728,10783.617304236948,11597.26091488335,-0.9474452060411753,-27.989947694043604,-2.9308863298183367
2025,Japan,S1_NO_CN,6476.793774883631,3562.5330711779247,1675.810031426121,2558.196497039073,1407.3624274599383,1449.959396108627,1315.3038434230668,636.9902417583793,1.0569701641880498,-6.282670745059362,5.989166612275778,0.0,38.36451918791868,1143.7312936942903,80.64997162307475,7.051478967806559,6480.372498015053,3567.336427972211,1305.0230210779532,-0.055224034305401126,0.7877885814322028,-0.17611657526314767
2025,Japan,S2_CAPACITY,6478.570205705185,3551.8920601688283,1694.1904020302495,2616.1029478015907,1372.432130733262,1415.3245852057455,1200.6814572100436,554.7776804482876,1.0547548677461938,-20.550997655621025,66.88305977827474,60.893893166004126,43.11184004346286,1063.889069478522,89.35653165066996,8.399045935726093,6480.372498015053,3567.336427972211,1305.0230210779532,-0.027811554203405198,-7.995381091570564,-0.5760880161028961
2025,South Korea,S1_NO_CN,2344.465969921342,1058.5611455127955,741.6989476588008,801.5003369746893,1185.050586030682,1014.8012931937074,613.9130436006433,288.7909639629839,1.115671138315152,-3.625722771749164,25.389971279577065,0.0,11.2698420811999,617.6231422116184,18.207465038636688,2.9479894444107795,2347.146295641304,1061.2908430895577,602.128046205439,-0.11419508553596192,1.9572244590618793,-0.3416332851034695
2025,South Korea,S2_CAPACITY,2343.8852508211435,1053.668898902717,750.8043432163324,825.5780189171545,1154.7834229169137,984.4426739036606,513.4105410342338,216.1716681385081,1.1155534794984936,-10.243020240734738,86.28386444434787,60.893893166004126,12.703571119078012,569.2225508887932,20.245736756072347,3.556734834988588,2347.146295641304,1061.2908430895577,602.128046205439,-0.1389365812525689,-14.733993164792025,-0.9651473304825616
2025,Rest of World,S1_NO_CN,119.9909493354574,53.89917614598706,42.72419154791105,14.46057888643486,56.13372949943464,49.707143685582174,56.81426581952643,24.859648740104724,1.0753607117225372,-0.0078709436384665,0.0,0.0,31.843079077139905,92.76250521314977,11.89890994324374,12.827283950452196,119.99512946629636,53.90533046183446,56.9451761665302,-0.003483583756735964,-0.22988838707064252,-0.014601419880060305
2025,Rest of World,S2_CAPACITY,117.67916169336726,50.88641187227599,38.96244320181182,15.531158020064538,52.44697875796302,45.92506630647337,37.72012910583449,18.89507428137094,1.0283336392378863,-3.6142295704605223,60.89389316744632,60.893893166004126,42.75954323346221,84.31248357897137,15.842081683338275,18.78972248338501,119.99512946629636,53.90533046183446,56.9451761665302,-1.9300514806141367,-33.760624437220244,-6.7047721245664835
2025,Southeast Asia,S1_NO_CN,4653.446397389277,2609.865426105628,1361.3751915388902,650.2090753946538,2585.20645644166,2611.3886742132963,1926.3129142220828,814.0370355320254,1.0716989609954046,-0.2007960458117403,6.001963976843937,0.0,87.93946009707906,1332.9493263749296,192.6417406481581,14.45229288438623,4653.631415828211,2610.049953284318,1931.600261840451,-0.003975786271015469,-0.2737288725220166,-0.007693187847193175
2025,Southeast Asia,S2_CAPACITY,4635.24837974212,2536.2763566749472,1340.7512787080425,725.8970754832814,2489.172005793434,2513.234727816393,1496.4680802183232,605.7474977712259,1.053649636115246,-83.9386093925562,66.89585714290338,60.893893166004126,111.39071892968757,1175.9878050209788,245.49833199737265,20.875924984017427,4653.631415828211,2610.049953284318,1931.600261840451,-0.395025614266864,-22.52703057761697,-3.215977122849059
2025,"Central, Western and South Asia",S1_NO_CN,7479.365886432606,4340.3172132111495,1973.3615874746745,827.8229720169985,2508.184422510022,2619.3605148970764,3784.8646274431294,1507.4828768233672,1.0593293688479626,3.658915220689555,1.7660363103755885,0.0,105.67187010754768,2558.391866998169,162.8867973626856,6.36676497700898,7479.368603164292,4337.1394078790845,3788.542761794456,-3.6323008401062395e-05,-0.09708572880366972,0.08436240749012056
2025,"Central, Western and South Asia",S2_CAPACITY,7332.806059182115,4059.847337643213,1729.3237527834697,970.0939699922352,2288.7629882276374,2393.1021264936867,3024.0397828479017,1225.017839580942,1.0082096217796943,-315.08281310863555,62.659929474771246,60.893893166004126,132.26076655319142,2232.82927599961,204.4944907827095,9.15853679369014,7479.368603164292,4337.1394078790845,3788.542761794456,-1.9595577081221949,-20.17934142531481,-7.264761020506717
2025,India,S1_NO_CN,4997.73532730422,2980.3354649661064,1501.4624948557412,559.7388358459621,759.5340275379049,1000.199447698594,2896.3107846110743,1532.5160347308074,1.2586352915918513,-2.1580913122930365,2.5441899079482236e-11,0.0,57.85823478753265,1954.53767691367,123.83231280235952,6.3356319126013485,4999.363042459695,2982.3477930633258,2897.8497622897803,-0.03255845077964059,-0.05310757302648961,-0.07236216102335764
2025,India,S2_CAPACITY,4961.1889638367575,2896.8736295792746,1457.7870415364507,690.2052670213021,714.9509533896161,955.0587755166716,2334.933541806696,1247.1416426919684,1.2330911720071849,-91.35130387059378,60.893893166354765,60.893893166004126,69.28851155124374,1767.5471570113318,149.2830821875765,8.445776487230628,4999.363042459695,2982.3477930633258,2897.8497622897803,-0.7635788459194548,-19.425307267768332,-3.063066758446776
2025,Canada,S1_NO_CN,2277.285016680265,1299.9387931277502,537.0717378707909,1029.189507578947,816.5858004447041,879.6240593085589,717.4647350271644,168.1710230829475,0.9769547550642336,0.2458064678809172,18.812125897534635,0.0,86.15629317430698,807.8713953245679,326.0657979649709,40.36110200856558,2277.728988962729,1299.6941697937873,717.3070107327441,-0.019491883565403434,0.02198839437790312,0.018912639111085452
2025,Canada,S2_CAPACITY,2273.661134050086,1267.0709500038768,542.1695781614774,1017.7063106841666,782.4813426125514,845.1843226532839,563.8691342362183,119.1377043645636,0.966131007441046,-43.12207535470992,79.7060190632586,60.893893166004126,100.47521951899527,848.1053514306407,380.6386268060117,44.88105471377171,2277.728988962729,1299.6941697937873,717.3070107327441,-0.17859257762249392,-21.390823482930376,-3.317863260212345
2025,United States,S1_NO_CN,29475.57333468137,20053.03551657436,6347.971409422862,10798.185462811844,3835.322709596937,4897.554628036711,5472.736494372073,1969.850747559369,1.101841484270811,-14.508796969901182,18.812125897545663,0.0,232.81935903214887,5024.464116963955,551.0422177603203,10.967183861456034,29482.63213225141,20064.68008901166,5449.308591038407,-0.023942223131145912,0.42992432787150037,-0.07231013355576431
2025,United States,S2_CAPACITY,29484.648540490394,19861.183257950484,6466.125171243657,10826.065247679722,3710.636169128415,4771.78681108073,4479.043793543356,1524.3285974806745,1.0979528097384792,-252.52432213344196,79.70601907146427,60.893893166004126,277.9022197916008,4729.462469282639,654.6442494854508,13.84183199966796,29482.63213225141,20064.68008901166,5449.308591038407,0.006839308749428952,-17.805282657155598,-1.2585514496776644
2025,Rest of America,S1_NO_CN,5138.926214355703,3428.875335607216,1046.5553719913732,1154.413829776597,1712.4185432931877,1722.8114473678834,1543.214266461233,480.33017983971325,0.9243397218880745,-0.0811612735349311,6.769805850081533,0.0,95.2664402786376,1108.4008320567684,238.0730494593313,21.47896704638508,5139.1401462896265,3428.8991827245527,1547.0639744437622,-0.004162796262274782,-0.24883961142676547,-0.002366977540309061
2025,Rest of America,S2_CAPACITY,5136.484391858396,3375.889288326824,1050.7192734438288,1201.672644852846,1650.815308064203,1660.2481759119376,1305.3588446950612,400.4432107843229,0.9176354284631972,-68.00452452798315,67.66369901597673,60.893893166004126,115.5473929127253,1056.7969116621998,288.14126517935773,27.265528693318203,5139.1401462896265,3428.8991827245527,1547.0639744437622,-0.05167701902716315,-15.623473478891182,-1.9832757075682743
2025,Brazil,S1_NO_CN,2788.68688516084,1756.6275158506996,420.765790279792,1149.4344194208911,486.0486352282901,449.6511553834561,651.7053184159076,150.8140419730138,0.9163422741786073,-16.59844887981867,0.0,0.0,103.8844407594396,599.3537377363319,310.3775711942609,51.785373420129126,2800.6770431055133,1767.4482101301685,634.7025491760993,-0.42811640757328684,2.6788563023544487,-0.9391193917131089
2025,Brazil,S2_CAPACITY,2787.5699430490413,1732.7378950368752,424.93011245285015,1151.298970655669,464.1503480798336,427.3612399298205,573.0419266290584,130.8119777937326,0.9100445173585096,-49.74132089390306,60.89389316624064,60.893893166004126,111.0387622296022,596.6140690541578,329.6067638065532,55.24622715134682,2800.6770431055133,1767.4482101301685,634.7025491760993,-0.4679975539749637,-9.71488496888534,-2.814301466306598
2025,"EU, UK and EFTA",S1_NO_CN,23687.05647505688,12854.040469944168,5334.249713838211,12210.905204253238,12271.33196845162,12281.076102551842,3214.899417051035,831.6369925218474,0.9273370148786096,-72.20145916536487,127.97364556186756,0.0,457.8824168208551,4205.962380552089,991.0285737156626,23.562468801387062,23724.37345232618,12899.907147556189,3131.188938390765,-0.1572938368395227,2.6734406740492656,-0.5597052625223199
2025,"EU, UK and EFTA",S2_CAPACITY,23676.78904475449,12786.124619520248,5358.079496993502,12132.332067549993,12008.638863863009,12018.477823198911,2970.268793699888,682.1298866135726,0.9243230636379716,-172.82952209289488,188.86753872736296,60.893893166004126,491.9428954026861,4220.934267791055,1060.704551909881,25.129615497778893,23724.37345232618,12899.907147556189,3131.188938390765,-0.20057181980932537,-5.139266516877128,-1.339773380660623
2025,Eastern Europe,S1_NO_CN,408.2737141848002,268.17911964406926,82.93675184248717,147.33815480613077,246.9884364904472,290.1810629958593,427.13309384270815,225.2163564313136,1.0294556127067058,-0.358735896459026,1.6764547562448748,0.0,18.3056518082114,263.6901235840997,8.371509784601992,3.174752876905545,408.441725418765,268.4316299368701,428.77019346166975,-0.04113468911446372,-0.3818128321244729,-0.13364144029650818
2025,Eastern Europe,S2_CAPACITY,408.97182304489047,260.16797722117724,88.5053795380814,163.08228719925998,233.5853587314728,276.563143714988,332.7761918405182,166.7026021472331,1.0113762099385697,-11.48921029318267,62.57034792245239,60.893893166004126,21.507754612742684,260.4326302801721,9.78110663705982,3.75571472228244,408.441725418765,268.4316299368701,428.77019346166975,0.1297853752777023,-22.388217064751025,-4.280125369683412
2025,Russia,S1_NO_CN,2328.5322106767144,1244.3874255206722,556.0270051569734,469.4220243149424,679.7618943106596,514.3649032365165,2051.70612903988,1110.1944613716678,1.1274988194751334,2.424689836621162,2.2343176922989368e-10,0.0,19.379719576035946,1428.8278811695147,61.228240454180266,4.285207564963257,2328.0309070484923,1242.335819563934,2054.788913184977,0.02153337512420528,-0.1500292378119994,0.19517185276620616
2025,Russia,S2_CAPACITY,2284.803116564667,1138.4940526655498,492.5165001128181,516.3981810404158,613.5805862281487,446.36169798684153,1554.8346299559676,819.5824356952832,1.0490818762784102,-125.30242550425731,60.89389316609496,60.893893166004126,23.98973289875498,1309.718200135036,75.84440068414753,5.790894612011021,2328.0309070484923,1242.335819563934,2054.788913184977,-1.8568392005856138,-24.33117484822649,-10.0860349940034
2025,North Africa,S1_NO_CN,1123.996051785665,700.3078307976897,268.44643281712695,191.5303505908452,320.4566204615529,399.7595515954925,691.1195047540846,260.88904857485994,1.0962146198703049,1.042289933888188,0.0,0.0,11.865253616803312,498.221850056676,22.41597646419005,4.49919578228857,1123.7517424745308,699.3505098101169,693.3058252965412,0.021740505656198117,-0.3153472050406503,0.1490368447963502
2025,North Africa,S2_CAPACITY,1126.1010539578529,667.3117478966749,263.2100788831282,224.0023202687375,294.3118120117141,372.8255361489854,560.2841398057748,224.5887891258245,1.0854966241333182,-32.22268857803546,60.89389316606371,60.893893166004126,15.209178190146371,454.9099124553037,28.773185063988176,6.325029258801924,1123.7517424745308,699.3505098101169,693.3058252965412,0.2090596521032939,-19.186581251335998,-4.6075162777509595
2025,Sub Saharan,S1_NO_CN,1951.1323339913545,1374.1739095083003,465.2161557916896,291.2849279994731,509.2146247412346,615.7393034968428,467.773558861116,116.87479425878648,0.8692399550251396,0.5131961824364614,0.0,0.0,24.837330566287545,220.6395163185446,68.81058138154742,31.186880088244617,1951.175474886824,1373.732599619112,469.0902236390054,-0.0022110207936076876,-0.28068476202195436,0.03735779310899026
2025,Sub Saharan,S2_CAPACITY,1946.3554286389533,1340.5816749318926,461.4874746746204,300.352400396455,471.66602049445936,577.1674778949238,397.79485851576544,101.76203440942054,0.8603151662235579,-39.60930181735768,60.89389316600385,60.893893166004126,29.8129898229348,216.571953754436,82.71292912154969,38.19189312727688,1951.175474886824,1373.732599619112,469.0902236390054,-0.24703294551969845,-15.198646556766926,-2.883334196796375
2025,South Africa,S1_NO_CN,491.97027362196286,296.2972329920442,92.00523802645908,167.98862147718162,215.6818654640609,183.9204547524828,450.5774269316309,225.16572928948784,0.8760476555119405,-0.0144627602267396,9.889414336126258e-11,0.0,8.57874822111819,257.55659167307414,14.87555144895441,5.775643850667383,491.99246498185937,296.3089289231833,451.25795347855694,-0.004510508082133935,-0.1508065490436583,-0.004880973475655539
2025,South Africa,S2_CAPACITY,488.3379027046842,282.2315818587554,91.0631517540516,175.80161103560724,204.9304133475236,172.9807427564185,306.3743246715793,162.46668923899043,0.8521376612728809,-19.06505913138717,60.893893166004126,60.893893166004126,10.687549993529052,218.45095221934096,18.55168428656288,8.492379684358443,491.99246498185937,296.3089289231833,451.25795347855694,-0.7428085869790491,-32.106609465856714,-6.434183134700506
2030,Australia_Oceania,S1_NO_CN,2207.6335212579106,1320.1322657422704,571.972370712991,1101.7643794478129,901.5262811625312,882.0007962894073,464.6657011091911,196.3625423634005,0.9520108568139546,-1.9465366526856651,77.83357123050975,0.0,63.15261514106592,346.269854453428,121.73754505104604,35.15684183458692,2209.789593925608,1321.0794787365546,443.1828436417616,-0.09756913842042803,4.84740277644744,-0.14734440160612297
2030,Australia_Oceania,S2_CAPACITY,2199.92368521551,1280.4447939430377,559.4250452589683,1041.8844177487435,829.2733431517014,808.5603144980081,397.6689055570955,163.2810976174409,0.9341697874878424,-64.20274985527466,138.7274643950031,60.893893166004126,81.14115997987837,348.2352777637478,155.9137957507398,44.77254480130986,2209.789593925608,1321.0794787365546,443.1828436417616,-0.44646371479067914,-10.269787907551864,-4.859870347594565
2030,China,S1_NO_CN,29250.664244019696,13596.232628168726,8562.994634169632,5995.101192694134,6877.235051037454,6405.274057867777,12212.864169870332,5526.796618432471,1.518383340757849,-5.097637339091807,15.90712414365119,0.0,6287.036775230102,15349.372112896604,8350.192638808798,54.40087436405905,29255.412264215884,13601.030826322029,12254.284103503089,-0.016229544650769867,-0.3380036996279201,-0.0374797866734216
2030,China,S2_CAPACITY,28975.528241611137,13292.513016011724,8439.699002228186,6346.972157111984,6620.577512428024,6144.214964568032,8901.820228023955,3688.441804139429,1.5010383504262903,-341.0644315396225,76.80101730926947,60.893893166004126,7899.761599911152,15741.257547394012,10486.268500695953,66.61645976583344,29255.412264215884,13601.030826322029,12254.284103503089,-0.9566914322622244,-27.35748451042339,-2.507636633537817
2030,Japan,S1_NO_CN,6698.588658675865,3707.99416709431,1755.19015636685,2962.230378440252,1654.3731955286542,1702.385631491311,1404.326479982623,640.4143222726402,1.1380840784484862,-12.51615592962162,6.5394532881530765,0.0,60.62966144451645,1171.3358035653694,107.77892147808616,9.201368313853584,6705.0563480386645,3716.532185107304,1385.1744482753377,-0.09645988082845891,1.3826440222840741,-0.33676974411188243
2030,Japan,S2_CAPACITY,6707.7829755800885,3702.957725102528,1775.112128878474,3012.9913014260737,1607.5578933256593,1656.0314000662786,1298.808017724085,566.2971995647068,1.13852590418754,-20.72222989950985,67.43334645412428,60.893893166004126,67.00664339010422,1102.9386111661152,117.797437223183,10.680325816016005,6705.0563480386645,3716.532185107304,1385.1744482753377,0.040665244255877475,-6.235058021665529,-0.5575689612630532
2030,South Korea,S1_NO_CN,2606.09880534466,1175.5452963690702,842.7596106066136,975.780635873914,1429.617921958744,1242.1633085178007,675.1465072051402,295.9333528529044,1.2720179745678852,-7.607332749977262,27.73188899336433,0.0,21.22201913590268,655.4465617866655,32.26286441944777,4.922272279757366,2611.539469913947,1180.75156171187,653.9789874537844,-0.2083316998255591,3.23672780891171,-0.6442788641285425
2030,South Korea,S2_CAPACITY,2608.5678469646755,1172.5205264359772,852.681679159541,999.4131966848832,1387.9330845591924,1200.469698516584,575.0011840325351,226.9604101329733,1.2754473306166554,-12.211725919573038,88.62578215915036,60.893893166004126,23.52082301776495,609.7144259360456,35.47559823117569,5.818395747601485,2611.539469913947,1180.75156171187,653.9789874537844,-0.11378816914336953,-12.076504740426463,-1.0342333066126381
2030,Rest of World,S1_NO_CN,135.17702545286323,61.24656578563155,49.5736387100019,17.552282039604357,67.99928679425877,60.855805919090045,63.1511891639527,26.863919808826,1.1560983791648358,-0.0170902104641664,8.418462505261908e-10,0.0,87.09860140624095,103.63309979634782,16.377914353148917,15.803748402135607,135.18533559354674,61.25942289899941,63.375296811457964,-0.006147220515462237,-0.3536198783762434,-0.02789809249810211
2030,Rest of World,S2_CAPACITY,131.60080590727932,57.64819456354224,45.1208996218113,18.62477322799601,63.33070760754224,56.07281033512452,42.77978876614908,20.51400485429108,1.0949415757917524,-4.58337863915601,60.89389316692701,60.893893166004126,110.23351808327656,94.00736309836324,20.611890025325955,21.92582511197448,135.18533559354674,61.25942289899941,63.375296811457964,-2.6515669547507725,-32.49769086933145,-7.481916123684007
2030,Southeast Asia,S1_NO_CN,5698.503386810162,3119.4353603767654,1647.232715371518,802.4083886961968,3222.967537358007,3255.507197536286,2145.687005743508,846.6681976735005,1.167505107253775,-0.3812208141855165,6.373087549020183,0.0,223.8168308903456,1604.1074270859133,405.7586070759876,25.29497714583276,5699.019526193678,3119.80645518024,2155.8339622167714,-0.009056634762238946,-0.47067430289620127,-0.012219373850981161
2030,Southeast Asia,S2_CAPACITY,5670.864222199153,3035.153604065868,1621.7140077577997,885.9500370854611,3091.3458233348365,3121.4198092781485,1700.0786844276734,638.7617605136119,1.1504214121989742,-96.95198075151148,67.26698071548743,60.893893166004126,266.9841864673759,1465.684655352623,486.1705144786332,33.17019883527862,5699.019526193678,3119.80645518024,2155.8339622167714,-0.49403768253676317,-21.14055561683703,-3.1076280578408606
2030,"Central, Western and South Asia",S1_NO_CN,8772.737483696079,5061.445185441636,2329.746288927482,1006.6747914638852,3058.0773219360394,3190.4718365807016,4258.746655694135,1662.655031664924,1.139805926273308,6.9659792917392656,1.868415225051688,0.0,277.20380953708974,3022.79543168508,367.53089480990354,12.158642657634978,8772.205819493829,5055.66174354302,4263.03065341208,0.006060781212724464,-0.10049183471190215,0.13778570729412548
2030,"Central, Western and South Asia",S2_CAPACITY,8490.923678011737,4693.609378886633,2030.8359615669567,1153.740390564335,2766.3805362380663,2889.9485208656406,3430.2166404965847,1352.5551280641237,1.0656599181851794,-429.33023291252186,62.762308391048094,60.893893166004126,321.1245867856512,2663.491610950382,426.7608939323896,16.022610778192522,8772.205819493829,5055.66174354302,4263.03065341208,-3.206515524943787,-19.53572659039927,-8.49206799606111
2030,India,S1_NO_CN,6837.654239341977,3898.177974884471,2074.988954756725,752.9464208236118,988.2185908731728,1315.057861513489,3444.2740819454134,1819.8684962045063,1.4894453969122834,-4.917668424162975,0.0,0.0,116.07280247951304,2479.9276916524336,221.7127125865552,8.940289401697147,6842.03880581156,3902.907797336864,3445.268707300796,-0.06408274776020795,-0.02886931150754002,-0.12600011784850593
2030,India,S2_CAPACITY,6782.570203232642,3795.360156584809,2016.160798437312,913.0362967713384,925.2586742978386,1251.5022739643227,2882.882014019417,1529.5848016967673,1.4708492841682022,-107.5940169476138,60.89389316562177,60.893893166004126,133.12845218473942,2282.6897556301265,255.79745347106177,11.205966682075465,6842.03880581156,3902.907797336864,3445.268707300796,-0.8691649414266256,-16.3234493753604,-2.7567655331501864
2030,Canada,S1_NO_CN,2493.7264071474024,1438.8751226550305,588.0133867229732,1247.9892319306025,994.2654722785744,1064.250388132099,785.1413631672117,176.90012620491186,1.0419478579693755,0.2117936460660308,20.539770113997804,0.0,144.58002682471746,948.4514470177778,434.5331953560423,45.81501738674636,2494.7308035869005,1438.5962829258171,784.3316029168168,-0.040260714224316096,0.1032420786544197,0.014722243382645538
2030,Canada,S2_CAPACITY,2493.0422944575903,1404.8867108472716,593.3385112283011,1227.0115409709756,948.2198252415324,1017.8309660227816,636.8713483779427,130.6938681840693,1.0326190177488648,-49.026357957460185,81.43366327984563,60.893893166004126,164.53402877761886,995.2241578616472,495.8383722893198,49.82177817655524,2494.7308035869005,1438.5962829258171,784.3316029168168,-0.06768301922125408,-18.800753914605828,-3.407930253910456
2030,United States,S1_NO_CN,32625.29283008193,22272.64303686732,6936.516238172006,12863.750492978928,4677.200446016933,5859.44996351652,5939.634253288724,2006.3960491787025,1.1857605988898023,-30.594891977744027,20.53977011253276,0.0,420.1758273974561,5553.185855856709,963.6594162202776,17.353271459552303,32638.35452644615,22294.687062331897,5901.352640798317,-0.04001946958949176,0.6486921697536063,-0.13722951971564465
2030,United States,S2_CAPACITY,32694.83197141308,22107.408488318888,7074.657910722759,12849.126473201197,4504.717581599408,5685.82461572497,4970.395826368448,1593.554818587656,1.185526330432094,-255.81749368814505,81.43366327867082,60.893893166004126,485.5125137352882,5305.5602372251005,1109.972592776552,20.920930931830995,32638.35452644615,22294.687062331897,5901.352640798317,0.17304011120158336,-15.775312391837204,-1.1474370237757803
2030,Rest of America,S1_NO_CN,5648.588878405208,3812.5925512062736,1165.3243293745777,1392.8602850832829,2082.921565299868,2097.322482603819,1674.5619904819414,473.4562751831978,0.9553497273678072,-0.2366658537417617,7.384079348877549,0.0,183.567648793998,1220.2218250536175,367.52586102580256,30.119594116393813,5649.01395224351,3812.6956726205376,1681.5126037971402,-0.007524743997733285,-0.41335481515292205,-0.0062073103668171025
2030,Rest of America,S2_CAPACITY,5650.407769951132,3759.646438067282,1169.114475276357,1435.3637629054192,1998.1704775785877,2011.525428761984,1435.646763912418,397.9768833743931,0.9503360073512443,-74.36349956042609,68.27797251480837,60.893893166004126,214.037157659578,1185.1837193327658,428.1349237931321,36.1239288735896,5649.01395224351,3812.6956726205376,1681.5126037971402,0.024673646045214603,-14.62170663065596,-1.9504179180740815
2030,Brazil,S1_NO_CN,3074.8875509406475,1975.4816065088216,476.3194986420407,1459.71338361815,639.6385383654278,601.7295779146071,761.9898089368925,162.34882964387958,0.9723386563008646,-38.00059927931537,0.0,0.0,125.60946492195583,664.339733332375,356.8748978074094,53.718734542234856,3098.361018209016,1996.7275954348045,730.6986110190901,-0.7576091724113221,4.28236723676827,-1.9031438923465376
2030,Brazil,S2_CAPACITY,3078.5021173695,1951.277625322295,480.5044490927795,1449.9333150647683,605.9689681591988,567.5409136805184,679.929418620083,142.7528983296663,0.9679447864983036,-76.214992913506,60.89389316757896,60.893893166004126,132.85395849750932,661.3495602586735,375.4139117476487,56.764823673703376,3098.361018209016,1996.7275954348045,730.6986110190901,-0.6409485764507616,-6.948034611452236,-3.8169950216423754
2030,"EU, UK and EFTA",S1_NO_CN,25334.537646401248,13699.742613461742,5907.538005385734,14664.029220482777,14429.275664978672,14449.249064250214,2630.899626779796,460.0434273162181,0.9841405245555388,-161.2541305035656,319.9341139033943,0.0,866.1794402900414,4663.4730750746985,1732.4038109062733,37.14836095367666,25404.016173525524,13790.829612738497,2533.9684530822,-0.27349426425212764,3.825271525369356,-1.169285206414386
2030,"EU, UK and EFTA",S2_CAPACITY,25341.738835223885,13646.773187017914,5917.087428729457,14448.68560512152,14062.526409554685,14082.875916698262,2509.161316473943,399.043403978577,0.9824350787761686,-248.16960899645775,380.8280070693984,60.893893166004126,899.5848234512923,4718.163026088028,1796.057834706628,38.06688799805618,25404.016173525524,13790.829612738497,2533.9684530822,-0.24514760924511103,-0.9789836403875873,-1.7995263226747806
2030,Eastern Europe,S1_NO_CN,439.8068402297539,294.91864998516,87.23450659103901,177.09397084686222,301.2825124263496,348.5390802038829,473.2097712989294,242.88962900743928,1.140737096781949,-0.5677099876885572,1.778833673217547,0.0,45.71814213103761,288.0678999423717,16.49224743610913,5.725125027609262,440.1432623604483,295.2793566861494,475.2319950981549,-0.07643468830812461,-0.4255234959102072,-0.19226199693057872
2030,Eastern Europe,S2_CAPACITY,443.232042202325,287.56937653739504,93.1058707668867,194.42384357547277,284.02024509523085,331.0436181010782,377.5340148078338,185.4496316871264,1.1309885238691957,-11.954256245619138,62.67272683899104,60.893893166004126,53.27809551378573,286.0125576065041,19.19122494315231,6.709923894165369,440.1432623604483,295.2793566861494,475.2319950981549,0.7017669259122172,-20.557955124663373,-4.048456478562855
2030,Russia,S1_NO_CN,2492.4777990897974,1334.819860052284,611.5163362563543,551.961100326593,783.2374936400248,607.0920618513779,2186.167440686945,1162.293084389041,1.2288697886070283,4.27219820588519,2.4850175026536924e-11,0.0,25.79516896835618,1498.17366192235,62.7862256229488,4.19085098201406,2490.941753722915,1331.5157675392925,2189.5380462371527,0.06166524627027048,-0.1539414012923901,0.3208522429877361
2030,Russia,S2_CAPACITY,2421.120790411541,1217.088117117924,541.2825080044878,594.1072935591304,703.8025777658763,525.6427152154296,1682.0453424542172,873.799012026473,1.1295156886974518,-150.59981726943167,60.89389316589341,60.893893166004126,30.411319938397444,1366.2330240394376,74.13034488231617,5.425893209866981,2490.941753722915,1331.5157675392925,2189.5380462371527,-2.8029946186827193,-23.17807195244179,-11.31040434825249
2030,North Africa,S1_NO_CN,1439.5013040547346,858.2605996457891,339.9125615222699,230.0646843344411,394.1318861590475,494.7688364849221,826.6415878817706,292.61972560194664,1.1966930009724157,1.5861527232212496,0.0,0.0,35.97421550792228,598.0549934780109,61.4875862979927,10.28125957788754,1438.9322346910665,856.8359435169592,830.7948283886511,0.03954803082095726,-0.49991169479662867,0.185117435282972
2030,North Africa,S2_CAPACITY,1440.860451630639,819.8151506491615,333.99293266725715,271.69159879197207,362.52446406931296,462.3010453630925,669.4308147967812,250.3488238312319,1.187572210461986,-36.47225953613669,60.89389316585543,60.893893166004126,43.46494477348988,549.4651945784843,74.35939422488092,13.533049037241538,1438.9322346910665,856.8359435169592,830.7948283886511,0.13400331809139132,-19.42284762470654,-4.256621096733298
2030,Sub Saharan,S1_NO_CN,2168.307985128816,1532.8769432457243,525.2351146827737,354.138591277364,630.1604781560815,750.5180547153516,526.5261091728734,125.9979767678259,0.7852648359860399,0.8790078317912291,0.0,0.0,42.85068386393801,249.56201280930296,87.09831203391182,34.900468646430575,2168.3778162312165,1532.186026649468,528.789276431107,-0.003220430585371137,-0.4279903846591271,0.057369524098415996
2030,Sub Saharan,S2_CAPACITY,2163.259530789828,1495.4603271537762,520.5854984027901,361.611005917248,580.7973651641274,699.9032621552562,452.89838405617775,111.34204982941358,0.7772798273518895,-47.18200510258783,60.8938931659606,60.893893166004126,49.9449306087279,246.5003040595149,101.84689858412762,41.31714927196916,2168.3778162312165,1532.186026649468,528.789276431107,-0.23604214187563644,-14.35182136958798,-3.0793914238836795
2030,South Africa,S1_NO_CN,526.2705383512581,325.05904038493327,105.84493492882156,205.6501976720184,263.6505567015337,230.5024573640073,464.669374163016,210.77867097647712,0.8866978199928123,-0.0542175916811785,0.0,0.0,19.823127770963275,260.131374507209,32.87773461631284,12.638896280233856,526.307406037005,325.09750490790924,465.8778844444429,-0.007004971870805399,-0.2594049474720195,-0.016677332450317262
2030,South Africa,S2_CAPACITY,523.1884331367602,311.1336889419499,104.4978945930516,212.2319274423134,249.02414341727803,215.63603691504096,327.6312265859124,157.40254347116016,0.865087448107895,-21.267209227309507,60.893893166004126,60.893893166004126,23.43388696668125,229.42111911266525,38.89923259140601,16.95538437867317,526.307406037005,325.09750490790924,465.8778844444429,-0.592614290520832,-29.67444098004115,-6.541794048322179
2035,Australia_Oceania,S1_NO_CN,2496.778119064647,1524.424425017257,663.2322407277522,1372.4248912437372,1122.4815731635454,1100.8537406849346,492.261632932029,198.8462370616364,1.046626016644722,-3.0658993431545207,116.75035684562216,0.0,70.51533305579805,365.666309701351,136.46353487788951,37.31914350800946,2498.799838452402,1525.8262238606878,469.0263669479533,-0.08090761639424349,4.953935987708347,-0.20093371677654728
2035,Australia_Oceania,S2_CAPACITY,2486.301406647181,1483.6270627434442,650.2320590210898,1302.087990524925,1039.6424408877842,1016.9610275261164,428.25897357842064,169.12573968506737,1.0263101836787536,-72.14057646106566,177.64425001162897,60.893893166004126,86.96364177846515,367.50421158146577,167.82250802415896,45.665465247860766,2498.799838452402,1525.8262238606878,469.0263669479533,-0.5001773896768702,-8.691919312514152,-4.7279680564496775
2035,China,S1_NO_CN,33376.29387892745,15657.061841792982,9157.10076552086,6887.068999056143,8271.762784867386,7699.119653977822,11698.61297569263,5079.44130089492,1.6060272189429108,-5.015302479200702,32.54369806338481,0.0,7694.031224120858,17014.281654336508,10281.436379857332,60.42827189966528,33382.48009020939,15662.112602464904,11732.774480364022,-0.01853131123039642,-0.2911630554952249,-0.03202187729394433
2035,China,S2_CAPACITY,33043.735113855415,15353.297296401188,9024.81311947223,7193.801546089511,7966.172689863935,7390.6486800016655,8756.489281894956,3454.888556055558,1.6010012285019637,-329.76175385627823,93.43759123225745,60.893893166004126,9474.928249252562,17856.2640503349,12649.41882176892,70.84023167506686,33382.48009020939,15662.112602464904,11732.774480364022,-1.0147387954357767,-25.367275263410015,-2.1054742883433253
2035,Japan,S1_NO_CN,6928.944537166015,3867.201718201451,1841.8498105628703,3408.789553160613,1917.8686751442424,1968.482551657312,1526.8154767335309,657.2266742654828,1.239310971163842,-13.890730095430682,9.80278124999952,0.0,55.3097395576912,1182.596517808474,99.64617773242954,8.42605032501606,6935.950531397936,3875.8529952593385,1508.5422153886316,-0.10100986447648674,1.2113191900428033,-0.35839156212634515
2035,Japan,S2_CAPACITY,6943.239161169055,3862.6768328022376,1861.7740240770104,3452.9214159973653,1861.055654910469,1912.3936781227603,1411.2826084909018,584.4331185607042,1.2408899546874734,-22.447806821345395,70.69667441600413,60.893893166004126,61.45366220518402,1118.109030207721,109.36159121686194,9.780941595341991,6935.950531397936,3875.8529952593385,1508.5422153886316,0.105084800390709,-6.447257882847756,-0.579170748962923
2035,South Korea,S1_NO_CN,2783.3814710995407,1261.8591282291836,931.1445751322658,1166.3790753022151,1671.2969475002867,1471.48558149154,711.5809747081956,292.6401016302987,1.4239554627313364,-9.113608330895314,41.59143480949054,0.0,22.88869293467051,670.1053535876707,34.79966651210102,5.1931634817999015,2789.904958993761,1267.5561184334936,689.9115539510188,-0.23382473561296413,3.1408983706794347,-0.7189905202902059
2035,South Korea,S2_CAPACITY,2786.997516358711,1259.098490975073,939.933307496273,1186.3907371500875,1621.205237831107,1421.6304532293648,613.2718055245556,229.5836977854817,1.4286872763095062,-13.756234367295251,102.48532797251916,60.893893166004126,25.35513146841065,632.8048900604948,38.24141819988056,6.043160980665741,2789.904958993761,1267.5561184334936,689.9115539510188,-0.10421296344440556,-11.108633851333416,-1.085256436953329
2035,Rest of World,S1_NO_CN,155.49420416749794,70.01930600438858,57.66299638981482,20.75913620634892,80.33074834011774,72.02981845223991,72.7036940171723,30.594062499892,1.267238243204661,-0.0210966419814012,5.649500425069649e-09,0.0,91.42607037382528,116.11932739464427,17.46963793268476,15.04455659936117,155.50389387193772,70.03531201441757,72.97544640494942,-0.006231165148673501,-0.37238879810223,-0.030122864273180096
2035,Rest of World,S2_CAPACITY,150.3794206364201,66.0131031124618,52.6677941915188,22.10525349409215,75.41216966873692,67.00759159361002,48.87251462051091,23.26186705232953,1.1927188173312282,-5.222021408267351,60.89389316539732,60.893893166004126,114.18646917725894,104.04541522344064,21.55298446349065,20.71497760588967,155.50389387193772,70.03531201441757,72.97544640494942,-3.2953986603948215,-33.02882403855192,-7.456269213439555
2035,Southeast Asia,S1_NO_CN,6835.636847323027,3619.1858655657215,1952.076682321774,964.6594553929274,3897.785264311471,3930.071955386665,2326.2589819891896,887.8201883924189,1.236656969146312,-0.3282371904457626,13.040514481373334,0.0,251.466594009734,1739.309073500756,461.6716664926996,26.54339435851272,6836.386152212729,3619.588509574937,2337.190912472933,-0.010960540745053038,-0.4677380194062386,-0.009068356515594886
2035,Southeast Asia,S2_CAPACITY,6793.4436629798265,3527.084310715333,1922.202930116668,1053.5212914241904,3741.554395157561,3771.929732737436,1865.1371663592424,676.9491690118637,1.222991691152389,-102.56223939998014,73.93440764870647,60.893893166004126,296.18744407426846,1593.0877349966,545.9462343334297,34.26969038428979,6836.386152212729,3619.588509574937,2337.190912472933,-0.6281460449539367,-20.197483380346558,-2.8335331247922557
2035,"Central, Western and South Asia",S1_NO_CN,10371.79901683628,5873.932193286999,2731.4716923392034,1207.3807709265532,3620.232257782932,3768.9429774640007,4793.90312923825,1863.5059417263235,1.2470486314197764,9.530732551877929,3.8264120022492505,0.0,290.52154805624207,3382.3897796796728,386.6892186452372,11.432426297180283,10368.55198018198,5866.170105713532,4799.183792461185,0.03131620172716065,-0.11003252743164715,0.16246942008373036
2035,"Central, Western and South Asia",S2_CAPACITY,9916.095798748764,5410.591170847276,2369.928008705775,1364.853830167208,3275.365727691395,3414.6624116103667,3887.459729727418,1523.9488760232568,1.1491644903298297,-542.6450914619911,64.72030516859407,60.893893166004126,320.0715813026138,2951.7206036399084,426.6056289317645,14.452778098499452,10368.55198018198,5866.170105713532,4799.183792461185,-4.363735479149078,-18.997481700241437,-9.250415205884767
2035,India,S1_NO_CN,8535.612419252906,4667.792357268068,2631.510134389464,934.6028650109944,1220.1170878728233,1624.3006124147885,3807.962098403866,1956.040029245124,1.5828577798662615,-5.368653875341764,1.7821617762606916e-10,0.0,141.15117829962458,2746.789231023606,268.4563602066711,9.77346048887156,8541.657922320848,4673.318681012478,3809.090363582617,-0.07077669373932727,-0.029620331130442157,-0.11487883112175522
2035,India,S2_CAPACITY,8462.197760229705,4550.522394619182,2558.5083057750453,1112.016024541482,1143.805829840441,1547.5378460848983,3220.585180512894,1668.0028600895898,1.581416818926262,-111.41232185808288,60.89389316599977,60.893893166004126,160.32619479220975,2554.7631581913693,306.8880811623559,12.012388709238143,8541.657922320848,4673.318681012478,3809.090363582617,-0.9302662646264559,-15.45001895193182,-2.3840086555780378
2035,Canada,S1_NO_CN,2768.5538045628464,1607.5834074580994,652.4272073711624,1500.743958542275,1202.1135548951254,1279.6276483719173,840.5046402379212,180.8428417043401,1.1281098002297123,0.1553295604560598,30.81605385139168,0.0,153.40297518579877,1015.560342834094,463.0832498222617,45.59879214365039,2769.536287457884,1607.33511192604,839.7048768801608,-0.035474635211929506,0.0952433860729629,0.009663794395055008
2035,Canada,S2_CAPACITY,2769.506678312591,1573.0615397795502,657.7984415391979,1471.5209167716746,1145.953637666389,1223.1899678432744,697.2252807904525,137.5749227927286,1.1194258222215352,-53.782755632412,91.70994701737172,60.893893166004126,172.6543629308907,1063.0836822934243,522.4520430898368,49.14495930957518,2769.536287457884,1607.33511192604,839.7048768801608,-0.0010691011859020882,-16.96781810045892,-3.3460822969246973
2035,United States,S1_NO_CN,35594.11065166686,24409.45056743945,7511.57843935585,15109.52882538401,5628.152835020788,6917.316576089833,6283.556934698599,2043.0975071013888,1.2716438933688976,-34.621569228730955,30.816053851145064,0.0,432.6320068885108,5820.136237037907,995.0774969317912,17.097151276277078,35606.00967906922,24432.398628324405,6245.496837302021,-0.03341859284320403,0.609400635178603,-0.1417035214405608
2035,United States,S2_CAPACITY,35718.76070555525,24268.188127167414,7663.474815525459,15067.506130448764,5415.963136296726,6704.815872574206,5362.579896791826,1666.487847356032,1.2746608679422358,-244.5371871412894,91.70994701717562,60.893893166004126,493.63092324555424,5594.97316134453,1131.5078359897934,20.223650826555176,35606.00967906922,24432.398628324405,6245.496837302021,0.316662910284804,-14.13685673871231,-1.0008726153387093
2035,Rest of America,S1_NO_CN,6481.54546506075,4396.706528663995,1346.731190720856,1697.7157490376749,2543.729365103948,2559.1442680487685,1907.894777902276,529.5321524675448,1.0409994143865422,-0.3572822346414668,11.08251770555443,0.0,176.1470454125272,1301.5398301373302,352.86083998011304,27.11102893738422,6481.913081409252,4396.884669156185,1915.9682462799287,-0.005671417433172898,-0.4213779843861287,-0.008125804098246533
2035,Rest of America,S2_CAPACITY,6486.976337568509,4339.589526495111,1350.804285311656,1742.2728441235784,2437.8363087288244,2452.468084174373,1656.6529085797602,453.2742774521074,1.0367727308613015,-84.76917142920688,71.97641087160059,60.893893166004126,203.1176839231717,1261.4471281103397,406.33361307528247,32.2117038455646,6481.913081409252,4396.884669156185,1915.9682462799287,0.07811360775229481,-13.534427734053466,-1.9279371147452702
2035,Brazil,S1_NO_CN,3432.445440123027,2260.931262299256,544.6728086772222,1853.88625618242,840.5093148261576,800.0409011218406,902.9956443130004,186.6705883266241,1.071205017040788,-46.754787345322335,7.101226791240644e-12,0.0,114.9573885515304,679.6272944947129,332.7776770468681,48.96473107282728,3458.191839805078,2283.875881691581,869.229831455028,-0.7445046681823886,3.884566732074868,-2.047168487575289
2035,Brazil,S2_CAPACITY,3441.136990475005,2235.3667714843173,549.2553371151851,1834.7072839077011,794.1688515103884,753.1575853793235,810.2909062263651,165.39512862226098,1.068001006510115,-92.07013613000252,60.8938931663016,60.893893166004126,121.197871958422,672.8398771006101,348.69001912997487,51.82362564961873,3458.191839805078,2283.875881691581,869.229831455028,-0.4931724473398291,-6.7805916336308165,-4.0313108460959635
2035,"EU, UK and EFTA",S1_NO_CN,27893.515257716903,15173.412275495211,6584.197462536715,17357.02189474832,17116.681985113762,17135.288182571287,2785.114101273173,458.5398107781631,1.1023678473327163,-188.3424433618288,383.9209366840731,0.0,864.7589858719189,4937.00600386242,1740.4745058933229,35.25364369684135,27963.586902388764,15270.417886094832,2684.937080693964,-0.250581747314671,3.7310751637173123,-1.2333810689839242
2035,"EU, UK and EFTA",S2_CAPACITY,27904.60621978548,15113.36200420468,6589.738189745701,17070.642048845308,16653.954081466312,16674.39932940024,2667.0557703881404,403.8528189022087,1.1003828688163677,-293.71091975079423,444.8148298500772,60.893893166004126,894.8687340398653,4995.465441247474,1797.7785280047265,35.988208689434614,27963.586902388764,15270.417886094832,2684.937080693964,-0.21091958913984632,-0.6659861951477053,-1.9233980493634426
2035,Eastern Europe,S1_NO_CN,498.99100496223946,341.46370374300454,98.90458934228788,217.3313512532781,372.8476274497207,426.44594351386274,534.8346007340058,265.51976754557444,1.3266039368079423,-0.7212389305030763,3.621654169608705,0.0,44.02301927128107,313.31321692201874,15.896405279432017,5.073646568631196,499.34355372683376,341.8931021343803,537.2017761529695,-0.07060244634441437,-0.4406492167460141,-0.21095451356008785
2035,Eastern Europe,S2_CAPACITY,505.2228061411725,333.9233649425008,105.14175313939931,237.02288003548017,351.5936643307897,404.9913604342883,434.9903453658524,208.1217128758811,1.3247550715567606,-13.343773213984305,64.51554733536557,60.893893166004126,51.33238858750373,312.560706174194,18.514607916261017,5.9235238309010585,499.34355372683376,341.8931021343803,537.2017761529695,1.1773962776647773,-19.026636791687025,-3.902907993955247
2035,Russia,S1_NO_CN,2720.304769518258,1456.8040839243663,678.8795915073312,645.9002009524198,901.949801670914,709.3649743334787,2347.9897350732945,1220.4790097372943,1.3789714689358628,5.696064097874949,0.0,0.0,25.234961402513896,1573.2307732949787,61.57125365552475,3.913682258234102,2717.18778183446,1452.6807571382783,2351.008910792698,0.11471373839659904,-0.12842042858890457,0.39210707995443966
2035,Russia,S2_CAPACITY,2619.3568437458844,1325.1723762483014,601.7516307912032,686.7345685869175,812.7103017325427,618.1720759121101,1829.444608725309,932.2371607539808,1.2553802843312334,-178.5800897069214,60.89389316642381,60.893893166004126,28.561010762653662,1428.0947078202116,69.67064754290881,4.878573330003539,2717.18778183446,1452.6807571382783,2351.008910792698,-3.600448181852456,-22.184701200963598,-12.293140721345884
2035,North Africa,S1_NO_CN,1730.0641652531508,995.0151384854164,407.8916502259206,269.6362593124025,478.3622869297092,598.0422487164045,947.194043506068,329.6825464960824,1.2524159603619738,2.050918302909242,0.0,0.0,40.53112120168304,670.0168717052978,69.37501590215653,10.354219249074468,1729.1452025228969,993.2209299509732,952.1058326434896,0.05314549228794263,-0.5158868866273147,0.20649165166208067
2035,North Africa,S2_CAPACITY,1730.867846066731,951.4098527031376,400.43790075770255,319.8493184874483,441.2507680789981,560.1124796775016,768.2422584920256,284.34153542567054,1.246970402675995,-39.93401630656668,60.8938931653952,60.893893166004126,47.70548219314437,618.9053570827707,81.71070006616885,13.202454806873014,1729.1452025228969,993.2209299509732,952.1058326434896,0.09962399579404035,-19.31125383834411,-4.020657952560251
2035,Sub Saharan,S1_NO_CN,2827.0057402447164,1942.7221183472743,705.4789262883592,461.4543915425166,799.2608741100581,953.692866545922,671.9588337416872,156.03788743613848,0.8087793412689924,1.0526912397138284,2.5012668502678417e-10,0.0,45.15051481664665,290.15947353270826,91.40303778000909,31.500966233213703,2826.9574990702267,1941.9407989321369,675.0923934134964,0.0017064697472646273,-0.46416752764238955,0.054208204508226915
2035,Sub Saharan,S2_CAPACITY,2818.998136257147,1897.8185092579772,699.288376245063,472.268711108701,740.0584642574407,893.286471504002,579.1377504199836,139.39874138490933,0.8011063634037473,-56.270108192130735,60.893893166004126,60.893893166004126,52.0671045122202,284.68542139153044,105.61247337773835,37.09795635530228,2826.9574990702267,1941.9407989321369,675.0923934134964,-0.2815522630141176,-14.213557126356225,-2.8976222253053945
2035,South Africa,S1_NO_CN,619.9221393044395,389.1354175731177,128.42107592486502,259.0152359055931,331.1424714463841,292.16237791308583,521.6504943982953,234.0497976010131,0.989785188148025,-0.0900116431339427,3.351031084111273e-09,0.0,20.623541086701422,289.73456789886654,33.96429843949781,11.722556506047711,619.9458769643637,389.19836121226166,523.2105051102058,-0.003828989078924483,-0.29816119834632504,-0.023127446593962403
2035,South Africa,S2_CAPACITY,616.6462781533448,373.4791550723893,126.98584091838816,266.8498600957359,312.8904601203343,273.67455764402985,386.2673235805229,181.89284036316377,0.9675657832489925,-25.204532598903924,60.893893166004126,60.893893166004126,23.754845075352904,258.4487948974042,39.1457791274254,15.146435154772153,619.9458769643637,389.19836121226166,523.2105051102058,-0.5322398186073496,-26.17362996196684,-6.476012005908173
2040,Australia_Oceania,S1_NO_CN,2793.0264076913018,1757.074062719898,760.3279512261065,1689.9123821552294,1402.6358441040866,1378.1710219159904,571.6500892266808,222.53925046387323,1.1379770728360283,-3.4636415965950844,116.75035684562664,0.0,69.34767833772955,388.38808989007697,134.69643358360693,34.6808867444234,2794.9679498742203,1758.5060635036916,546.9028755944737,-0.06946563315711751,4.5249741291462975,-0.19696500731388086
2040,Australia_Oceania,S2_CAPACITY,2782.1018943274325,1712.9418985713207,746.8631211530577,1604.4057870453237,1300.974734280696,1275.6114243192676,498.0556050806392,190.4548434056088,1.115576618266752,-84.06955757461151,177.6442500116308,60.893893166004126,84.6170738474349,386.3509412143936,163.91672558452527,42.426899509884905,2794.9679498742203,1758.5060635036916,546.9028755944737,-0.46032926951332653,-8.931617055539952,-4.780737429310264
2040,China,S1_NO_CN,36706.8859879532,17559.60684639471,9285.827586466214,7453.691556758613,9875.621846312446,9175.664290594514,11933.534935004142,5012.835013094126,1.5814179512576816,-4.426401720416869,32.5436980496031,0.0,8519.144003703494,18183.1277645794,11476.332055774195,63.11528029919037,36713.88710015786,17564.773218252143,11967.13461217138,-0.0190693842511358,-0.2807662674159661,-0.025200449020413462
2040,China,S2_CAPACITY,36345.82671849836,17249.170482373,9144.293524034332,7766.066334212874,9485.725725290098,8784.580753682985,8916.501405104707,3398.4767832486714,1.5974817162899235,-311.9930164587023,93.43759123225854,60.893893166004126,10509.699487036589,19333.66472330222,14134.650091935038,73.10900594494646,36713.88710015786,17564.773218252143,11967.13461217138,-1.0025099784596536,-25.491759773170543,-1.7762427819705633
2040,Japan,S1_NO_CN,7130.663511655195,4014.4976826523034,1920.3245138323816,3919.472202054345,2227.392997328334,2278.398592999881,1681.3215716112254,677.3394976047132,1.3382183744715757,-15.271126811481336,9.80278125000474,0.0,50.3470293382994,1196.2226680161918,91.7119815457827,7.666798498132231,7138.036740576892,4023.1665377802537,1664.3521245001286,-0.1032949141293038,1.0195827470219632,-0.3795797829414997
2040,Japan,S2_CAPACITY,7149.584051020769,4010.552793405276,1940.8538213971144,3949.377985002776,2153.3484986079534,2205.402045752891,1553.5844564326571,606.3959968996589,1.3409311794227328,-23.78530665885512,70.69667441600365,60.893893166004126,56.04629654257612,1136.7585892824636,100.74890195330411,8.862823021807833,7138.036740576892,4023.1665377802537,1664.3521245001286,0.16177151874596785,-6.65530247096836,-0.591208602365699
2040,South Korea,S1_NO_CN,2940.7220285466924,1341.6910858643334,1011.498528649814,1370.4085765361904,1956.5150026493664,1744.6556456541314,789.2589494991299,311.06007141847857,1.575571529406828,-10.364296105913668,41.59143480826514,0.0,23.953529471955445,691.7063049680444,36.43744061378609,5.267761816262385,2947.9990706173303,1347.6322260297245,766.4161492985402,-0.24684682377169587,2.9804695818970606,-0.7690745223901364
2040,South Korea,S2_CAPACITY,2944.4535911152184,1338.6272861905115,1019.6009412749384,1386.2912905651722,1890.571638532751,1679.1861116828495,680.0893137191629,245.79969811834823,1.581205982744449,-15.784258943740378,102.4853279741864,60.893893166004126,26.60363796429784,655.6250914663595,40.129006820115855,6.120724685866434,2947.9990706173303,1347.6322260297245,766.4161492985402,-0.12026732089062131,-11.263702579647838,-1.1712586445222206
2040,Rest of World,S1_NO_CN,174.64176827969197,78.44587835800779,66.01458480943406,24.443234029768508,94.4255920135584,84.96217439433498,80.52655901280895,33.48429752167088,1.428437147420443,-0.0229395702713697,2.3037794247137316e-10,0.0,96.3155289642222,126.18463221034536,19.099313778662648,15.13600621890688,174.65271085087784,78.46350179974134,80.84733082064015,-0.006265331429755605,-0.39676239719383943,-0.029235975638606186
2040,Rest of World,S2_CAPACITY,168.3883065087207,74.01965864090064,60.4284447833822,25.89637234368595,88.69574955140523,79.13724136468264,54.53320001209234,25.62325045340405,1.342882577661182,-5.9396587958454425,60.89389316576951,60.893893166004126,119.09980097363818,113.01220633047129,23.167457436503625,20.499960304072943,174.65271085087784,78.46350179974134,80.84733082064015,-3.586777618073067,-32.547927731746306,-7.56996394451646
2040,Southeast Asia,S1_NO_CN,8017.260970596295,4079.2463812543256,2264.11671333515,1107.704849673821,4666.619430183947,4692.339355792435,2505.224791006521,921.2948065406802,1.2644895422677431,-0.0661691487740147,13.04051448246776,0.0,287.94474688999145,1866.6814530920265,535.8317657989502,28.705045786541813,8018.311281582558,4079.58380879569,2517.43463895721,-0.013098905110797698,-0.48501151774675844,-0.0016219583142611821
2040,Southeast Asia,S2_CAPACITY,7961.907006635341,3980.124780528232,2227.334904844455,1201.622774181137,4470.946543233701,4495.506366393908,2007.9995349634803,701.4854279982205,1.2594145520619586,-102.85798883420738,73.93440764870647,60.893893166004126,337.8944376546567,1722.0124854757178,631.1814202463518,36.65370754103351,8018.311281582558,4079.58380879569,2517.43463895721,-0.70344331825547,-20.23627927058125,-2.5212863285819216
2040,"Central, Western and South Asia",S1_NO_CN,12060.790213617986,6689.694819250766,3161.208923381176,1426.3888476327763,4285.781334803191,4446.523072200323,5353.9997948121445,2058.320794192272,1.3477510092364309,12.5594542117088,3.826412002289176,0.0,312.79107344433623,3743.661693832336,418.4730913233118,11.178175955715874,12054.36920891416,6679.753823987056,5360.987737054367,0.05326703199928229,-0.13034803631284397,0.1880227107563109
2040,"Central, Western and South Asia",S2_CAPACITY,11415.300891014907,6129.208539083676,2730.629729071461,1594.0067982535295,3866.414593735004,4017.5685440864872,4364.228528984987,1694.7862064275766,1.2312722781794485,-656.8462028823526,64.72030516827299,60.893893166004126,329.9094423336684,3253.065880373769,441.53629252987,13.572928085893505,12054.36920891416,6679.753823987056,5360.987737054367,-5.301549229358804,-18.592827608612605,-9.8333893761715
2040,India,S1_NO_CN,10287.329091303576,5317.864094520686,3229.297900367452,1121.6517618839105,1485.7694433511067,1966.427499261889,3920.855486317007,1957.2739796415167,1.4510027173086546,-4.591659994568827,1.0016154050806672e-10,0.0,179.52183523955554,2888.049364094114,335.9662987727326,11.632983249859173,10294.751316842165,5323.265763622151,3921.187046769352,-0.07209718146805599,-0.008455614292057767,-0.08625644854981819
2040,India,S2_CAPACITY,10203.7329545408,5197.596335675686,3148.336299164622,1299.1223754388457,1393.3449289251992,1873.939743639199,3332.3624107477453,1688.0970959328029,1.4803351928927535,-98.68278329304508,60.8938931656576,60.893893166004126,202.9581757157368,2718.283420190962,382.5191662966102,14.072085473329263,10294.751316842165,5323.265763622151,3921.187046769352,-0.8841239530716916,-15.016489369124496,-1.8538015510594679
2040,Canada,S1_NO_CN,3048.8357911930534,1799.2050268656164,717.6001852557101,1800.147182951038,1470.5241739722055,1555.2218321269097,933.069047864272,193.6058976040665,1.2155289995698502,0.0297097613700473,30.81605385140695,0.0,160.10243054067595,1078.5678629140791,486.1382755387652,45.07257190338629,3049.7885713848723,1799.031485186133,932.6637881553356,-0.031240860456971387,0.04345185414971198,0.0016514308734832087
2040,Canada,S2_CAPACITY,3052.344220715664,1761.9754904960962,723.4696066723146,1758.6654755640525,1396.6459836807132,1481.1715774871575,787.6841330849909,151.22715415108064,1.2075124884165822,-62.82571266575679,91.70994701732764,60.893893166004126,178.4264390491634,1123.5101494904502,542.9374840686011,48.325107193276494,3049.7885713848723,1799.031485186133,932.6637881553356,0.08379759025824995,-15.544685760459508,-3.492196394731616
2040,United States,S1_NO_CN,38591.3681963551,26653.365580274494,8043.321556395729,17645.720245776618,6801.372896457428,8193.28370203936,6860.125125586082,2141.5089432443483,1.348455369839881,-38.617829198507565,30.81605385117005,0.0,442.4009139705265,6126.925852917386,1019.8730610462796,16.64575491085238,38602.03892332151,26676.861440269397,6826.133956443508,-0.027642910229708217,0.4979563741272175,-0.144761516586104
2040,United States,S2_CAPACITY,38774.06608233485,26528.143570949083,8216.675982722149,17553.392752816777,6522.295460718418,7914.850599698404,5944.6326265449625,1795.633687357897,1.3546635531887763,-239.76335534376145,91.7099470174879,60.893893166004126,498.0223556489827,5912.596020786306,1143.9187457430253,19.34714872657404,38602.03892332151,26676.861440269397,6826.133956443508,0.4456426753909337,-12.91362483542321,-0.8987689795540662
2040,Rest of America,S1_NO_CN,7371.22617344247,5034.753398025559,1545.7359941982563,2065.9493216678406,3120.623687583127,3135.114150661761,2184.068802434034,589.9239508589851,1.14270304896381,-0.5188408847021336,11.082517705448884,0.0,172.24917737656858,1391.8804966312916,346.1892039283024,24.87204934375969,7371.518191780671,5035.049482761538,2193.824050653389,-0.003961440921718129,-0.44466866959771423,-0.010304583628790252
2040,Rest of America,S2_CAPACITY,7381.018278436343,4972.202340069248,1549.9219688754645,2108.413080384681,2980.620537910736,2994.681945014992,1914.155245263971,512.5030765765632,1.1395312793038443,-97.86458597818032,71.97641087154636,60.893893166004126,196.5138322560215,1350.2166866582693,394.259808284707,29.19974343232891,7371.518191780671,5035.049482761538,2193.824050653389,0.12887557771021907,-12.748005260773942,-1.943666816249544
2040,Brazil,S1_NO_CN,3806.923044470432,2579.184334564365,620.1029358723904,2369.167887384356,1110.6304854015366,1067.2276561565438,1068.344942985059,211.9941519496368,1.1915774249227018,-57.19672735172411,0.0,0.0,110.4691381840328,712.918492930153,325.14776346645164,45.607985581923664,3835.023256815359,2603.7012752728456,1032.1350632959077,-0.7327259957286891,3.508250128963031,-2.196746911595316
2040,Brazil,S2_CAPACITY,3821.554035747338,2551.9949698764613,625.0750492975922,2331.414625295918,1045.0383564676,1001.1363043670638,965.205374791044,189.52444462945093,1.189742728880993,-111.40225948490573,60.89389316596933,60.893893166004126,115.96259782302916,703.3539705758863,339.05487669848344,48.20544006041153,3835.023256815359,2603.7012752728456,1032.1350632959077,-0.35121615088212765,-6.484586260555636,-4.278611396126145
2040,"EU, UK and EFTA",S1_NO_CN,30495.458430674425,16766.68968196345,7253.553285975915,20424.171310829115,20414.23225488547,20422.95568312633,3163.562956982678,521.8024917311897,1.2144241367701425,-209.85808132244463,383.9209366840731,0.0,838.2634168491436,5099.056950679248,1697.9688812347183,33.29966497056933,30562.323032447297,16864.55373497421,3053.13417024038,-0.2187811499207104,3.6168992446736548,-1.2443737594267599
2040,"EU, UK and EFTA",S2_CAPACITY,30510.73689455632,16693.302327717563,7258.855200921088,20021.068780189275,19779.74537297158,19791.94764634764,3026.15908271669,461.31935341203547,1.2120436182367156,-346.71579383534527,444.8148298500772,60.893893166004126,867.295812532012,5152.893544009998,1753.282591703967,34.02520499850181,30562.323032447297,16864.55373497421,3053.13417024038,-0.16878997658721362,-0.8835211955839584,-2.0558847822715625
2040,Eastern Europe,S1_NO_CN,550.0948562799637,390.5578526824759,110.59490850309037,265.77469323966466,464.73974326076535,523.6659919365449,600.1672395902301,286.363322973831,1.5176723236474643,-0.9664316686116142,3.6216541695517392,0.0,43.08362067314649,331.9909009139211,15.593176786202523,4.69686872238873,550.4400858879815,391.09468220678747,603.1541327360161,-0.06271883477760865,-0.4952122490211375,-0.24710938618710826
2040,Eastern Europe,S2_CAPACITY,559.2473871679986,382.5388162836968,117.07148620412596,287.22308278245924,436.9663511405897,495.74837876271215,496.61270429291335,230.30631294155407,1.524330052465288,-15.505700309299195,64.51554733523082,60.893893166004126,50.12976173097197,332.34020846561765,18.126884778676374,5.454315883824721,550.4400858879815,391.09468220678747,603.1541327360161,1.6000472178200775,-17.664046826606594,-3.9646921870189757
2040,Russia,S1_NO_CN,2931.584935940382,1574.677583053559,749.7234012311511,762.8488006169871,1051.7900082530098,843.6012669905899,2499.4254146519943,1262.9841463038308,1.5197350170703778,7.356192636125963,0.0,0.0,25.22362427694502,1626.1280941486716,61.73539367641703,3.796465598162943,2927.0146309828365,1569.7834566517042,2502.3207731879656,0.15614219721240552,-0.11570692962288298,0.4686119352930675
2040,Russia,S2_CAPACITY,2803.9075832597305,1430.4052984622017,665.880527816691,797.3889805117084,945.9513658242768,735.8884316952079,1975.23351396265,982.9539184724526,1.3743064679182857,-211.3012709272288,60.893893166004126,60.893893166004126,27.51754979293023,1474.111231206398,67.24694452251,4.561863657159424,2927.0146309828365,1569.7834566517042,2502.3207731879656,-4.205891095316083,-21.06393652136791,-13.46053623076952
2040,North Africa,S1_NO_CN,2064.161775287895,1131.689553297132,489.1451310672373,314.8772012674925,587.0016057341354,727.479780857323,1058.8230861341392,361.3944323071838,1.326298136266008,2.7994107902590355,0.0,0.0,49.46427706888696,746.9584623960558,84.95572832887055,11.373554569065842,2062.8577649600998,1129.3025062629852,1064.594107718886,0.06321377799018979,-0.5420865607750236,0.24788847759867855
2040,North Africa,S2_CAPACITY,2063.872930565737,1082.7374669784183,479.26074230161566,371.80397991525416,540.9552100852314,680.7102540613454,857.7644053781187,313.60894975400265,1.3281596781747544,-42.11524184154575,60.89389316600414,60.893893166004126,56.81859320144464,693.5576250723118,97.62631716610734,14.076165214956523,2062.8577649600998,1129.3025062629852,1064.594107718886,0.04921161424122911,-19.4280337305213,-3.729314475791858
2040,Sub Saharan,S1_NO_CN,3662.395083300145,2435.9727965993743,945.7671465376534,605.0060668056774,1020.1791748176712,1215.8879304988243,850.5258993345647,190.18070806052583,0.8931327575250014,1.3330077264137978,5.595608264747972e-10,0.0,50.75734767595109,343.272316049472,104.54960497003673,30.45675403517514,3662.231639875881,2435.085915649702,854.8492283756207,0.004462946103256371,-0.5057417024603494,0.054741712308665695
2040,Sub Saharan,S2_CAPACITY,3650.2975162195535,2381.6096304789767,937.0671511867454,617.9355461166364,945.4102144137008,1140.0389434649646,731.6263841855505,170.99659802547197,0.8860751260696514,-66.78774546205396,60.89389316606216,60.893893166004126,58.03310321775465,336.503715080897,119.65102984159016,35.55712001955922,3662.231639875881,2435.085915649702,854.8492283756207,-0.32587025698712635,-14.414570441177975,-2.7427264489037304
2040,South Africa,S1_NO_CN,721.6734678729077,461.8748979958541,154.17779147426845,325.4862022592161,414.963694542108,369.3825905164989,586.6498055169068,258.36530167624164,1.1320587056334577,-0.1427407823638674,9.902464158653052e-10,0.0,21.52134850491006,320.9745328946243,35.3286994819006,11.006698619762142,721.6862233814012,461.9743799886738,588.6595770403122,-0.0017674590535587953,-0.341414902907089,-0.030897986673496258
2040,South Africa,S2_CAPACITY,718.3400827842519,444.30016348142425,152.61016751632602,333.8365861890645,391.37120765651696,345.57476485921416,451.24042739360686,207.57065069282223,1.1091332323767862,-29.78861730233564,60.893893168495296,60.893893166004126,24.29789966078499,289.46885659085746,39.904233029969504,13.785328584197623,721.6862233814012,461.9743799886738,588.6595770403122,-0.4636558782390554,-23.34441755583545,-6.448110240023693
2045,Australia_Oceania,S1_NO_CN,3100.701904905065,2008.949869663516,863.1963709697562,2054.559723452456,1732.6099550518982,1703.6452771413196,663.5233171988004,247.19187307664404,1.2358973364860395,-3.9318766101167686,116.75035684562664,0.0,70.22667957371385,415.40933143107054,136.69624408516194,32.9063970744827,3102.610755552877,2010.4645781672575,637.11263576706,-0.06152401310398625,4.14537084167903,-0.1955705488579696
2045,Australia_Oceania,S2_CAPACITY,3089.99491743137,1962.3999455554945,850.0016562876378,1955.197143611166,1612.59013027438,1583.0552899505358,576.9312027788119,212.02513256110052,1.2120840761496563,-94.9627481942736,177.6442500116307,60.893893166004126,85.44685510430115,411.06371422442106,165.88563698953362,40.35521289017693,3102.610755552877,2010.4645781672575,637.11263576706,-0.4066200730764469,-9.445964435439569,-4.723423094618349
2045,China,S1_NO_CN,39444.74072295192,18910.61154408048,9519.606452246524,7886.299073975351,11665.089775302678,10806.365507102904,11828.326424402052,4784.597454473096,1.440047011438181,-3.4123875577824374,32.54369806807757,0.0,8962.8836178663,18633.2318960532,12214.882051148,65.55428558657769,39451.731780777736,18915.649768662737,11858.151288141114,-0.01772053471482682,-0.2515136045606825,-0.01804002294140425
2045,China,S2_CAPACITY,39054.008594018014,18602.747065656957,9362.43197662985,8184.074519660873,11187.984575744713,10330.497683495938,8710.000636714263,3184.0848704823634,1.481797487439888,-273.7054749820038,93.43759123241628,60.893893166004126,11236.805129509348,20201.854878863352,15271.089949002508,75.59251385861717,39451.731780777736,18915.649768662737,11858.151288141114,-1.008126053806102,-26.54841024481781,-1.4469789741796097
2045,Japan,S1_NO_CN,7332.913945080826,4171.485948024893,1999.5828682597955,4521.598918378229,2591.9437510752946,2641.152878214095,1900.9850888424285,705.2139693741028,1.453503287492728,-16.425133388132288,9.802781249764784,0.0,44.92340184514136,1218.3260916563077,82.6992484152733,6.787940353706464,7340.446738423483,4180.014109379032,1885.5741868367209,-0.10262036645843908,0.8173055249319772,-0.3929444484715471
2045,Japan,S2_CAPACITY,7355.670007915995,4165.470099086079,2020.596536156958,4534.715266801866,2497.5197077631124,2548.085864001749,1742.580630584041,632.2350075339606,1.4564241947647738,-29.56631744933318,70.69667441600402,60.893893166004126,50.53158086102585,1161.067581560588,91.68374325689932,7.896503589710725,7340.446738423483,4180.014109379032,1885.5741868367209,0.20738886930171674,-7.583555038614998,-0.7073257811018596
2045,South Korea,S1_NO_CN,3074.059375314405,1415.1289913366766,1085.288647604013,1597.3385058290785,2285.9539312191955,2062.216780893875,885.6823655369299,332.9148272672825,1.7385277945530933,-11.320493466024123,41.59143480770478,0.0,24.617178860424787,707.6986050801709,37.44098130839037,5.290526368092658,3081.770586780895,1421.1033020792047,861.3688164849235,-0.2502201656270908,2.8226641813230646,-0.7965989136371157
2045,South Korea,S2_CAPACITY,3076.777577583749,1410.6797748037543,1092.574999754154,1607.7895463182308,2201.6467404629093,1978.64803169656,756.9019899447403,262.3151496221891,1.743658007505277,-19.483910396918457,102.48532797341905,60.893893166004126,27.6357956394072,671.2319847141312,41.65910003236986,6.206363966715907,3081.770586780895,1421.1033020792047,861.3688164849235,-0.16201754986445716,-12.128001912873021,-1.3710411036559909
2045,Rest of World,S1_NO_CN,192.56215939513575,86.17413411543174,74.2246576776009,28.27279914113321,109.41239961489126,98.74985198006736,89.35761302203768,36.13146379995644,1.5764677844238324,-0.0234799716929278,3.019001304951554e-11,0.0,99.94439525792994,134.63764260011794,20.87931191559688,15.507781859795124,192.5717849086147,86.19280516507465,89.72515112678764,-0.004998402794831325,-0.4096266210024013,-0.027241220015939212
2045,Rest of World,S2_CAPACITY,185.42011255207305,81.52191706763527,68.24541808413468,29.885852683827817,102.99683985996676,92.25704624282996,59.9765349276336,27.69248669547366,1.4858857368843208,-6.404276829148435,60.89389316656229,60.893893166004126,124.38345472481916,121.01315135592418,25.284681611555023,20.89416012081832,192.5717849086147,86.19280516507465,89.72515112678764,-3.7137695742579746,-33.15527009491157,-7.430175658957959
2045,Southeast Asia,S1_NO_CN,9219.771549643398,4453.746168997705,2577.542516076752,1235.059225833951,5517.140974736506,5527.810250478048,2608.3187125937293,922.292845470284,1.18716750238443,0.38109503491377,13.040514482785351,0.0,335.9285921525382,1971.8248049471697,634.1896757316252,32.16257723000989,9221.1668725468,4453.924093546251,2620.9516627536914,-0.015131738994522692,-0.4819985938500415,0.008556388185105753
2045,Southeast Asia,S2_CAPACITY,9149.086019778111,4351.88230358385,2532.279491221879,1329.1478791541924,5281.370393672418,5291.999604517427,2062.127279881598,686.8167144590539,1.1967249064868888,-93.59093494293184,73.93440764870647,60.893893166004126,398.1259571256636,1827.0856475305764,754.6537678656492,41.30368868507135,9221.1668725468,4453.924093546251,2620.9516627536914,-0.7816890613192129,-21.32143033439109,-2.1013140991456356
2045,"Central, Western and South Asia",S1_NO_CN,13831.960679128326,7462.241517092202,3603.7984256629534,1650.9544305995737,5015.469103595999,5181.264080832721,5926.132141819138,2239.75167692013,1.4292329292431396,15.345481999795698,3.8264120025595054,0.0,341.6856789596304,4091.5326261866176,460.15600144325424,11.246543617864974,13822.277547156513,7450.375529392703,5934.86335341328,0.0700545329000768,-0.1471173146576299,0.20596924194298352
2045,"Central, Western and South Asia",S2_CAPACITY,12993.824943423457,6820.9177148145445,3104.6729730487723,1835.4798217984223,4526.771873713125,4683.905759016152,4834.980811292624,1854.0629200956755,1.304802784847423,-737.8174826960267,64.72030516809811,60.893893166004126,349.8582225988624,3551.4798545651824,470.7768856957836,13.255794907315394,13822.277547156513,7450.375529392703,5934.86335341328,-5.993604172009148,-18.532567249220445,-9.90309119030632
2045,India,S1_NO_CN,12068.861238430009,5769.035111773992,3836.337544485619,1304.6475911254531,1780.5357244567736,2334.8641501769216,3715.4010979064888,1810.9879169421024,1.0091000641317345,-2.470889566508175,0.0,0.0,238.9670975530732,2892.7883659888107,434.1277232513775,15.007241053494225,12076.409695439355,5773.063330573819,3714.073983941951,-0.06250580428881491,0.035732028233015356,-0.04280031977862572
2045,India,S2_CAPACITY,11991.645579021557,5651.702117856832,3762.604410703851,1460.3806185327303,1675.5063523060185,2230.2384015533303,3122.1082965647647,1552.3951283943902,1.0676035780905844,-79.59540110657649,60.89389316576232,60.893893166004126,273.9338750168781,2747.008271866875,501.6308178467397,18.260986797314228,12076.409695439355,5773.063330573819,3714.073983941951,-0.7018983170951065,-15.938446297424068,-1.3787377090606943
2045,Canada,S1_NO_CN,3328.3012081996544,2007.419699769309,782.4995151032634,2136.4276058998776,1796.055929247061,1887.0300202214264,1036.2606324584967,206.8384731027336,1.2981151108929576,-0.1847040348892471,30.816053850887183,0.0,167.1941334611396,1141.3043737917064,511.3566271460219,44.80457964488156,3329.2153052550498,2007.3677320713207,1036.2150999938665,-0.027456832063477155,0.004394113213601614,-0.009201305368132951
2045,Canada,S2_CAPACITY,3334.1617431199447,1967.508131638126,789.023832123526,2082.761541842041,1702.1814149040022,1793.1625686219772,885.6587919274912,164.69746562518594,1.290802655687239,-72.81591969131563,91.7099470171979,60.893893166004126,184.9711215302249,1184.4991942907366,566.8132649214458,47.8525665237659,3329.2153052550498,2007.3677320713207,1036.2150999938665,0.14857668883978548,-14.529445485523851,-3.627433007313506
2045,United States,S1_NO_CN,41595.781664334,28953.54241595153,8553.295968217219,20476.539000038825,8189.129259493766,9676.92618428074,7527.322917018702,2234.660625242136,1.427197317224678,-42.78553289359849,30.81605384904469,0.0,454.8251010943816,6418.242764561815,1050.1300439590316,16.361644183316052,41605.03981872019,28977.508435878244,7497.1821826328,-0.02225248293604709,0.40202750382301033,-0.14765083405384835
2045,United States,S2_CAPACITY,41835.61645539076,28843.648929314484,8747.373669922232,20334.78188177958,7835.641705123725,9325.350734820637,6590.427633271718,1916.9711847667168,1.436359399892984,-232.21982972029727,91.70994701710342,60.893893166004126,506.9813085249439,6218.640415075225,1165.978882987737,18.749739575891404,41605.03981872019,28977.508435878244,7497.1821826328,0.5542036197422773,-12.094604709774504,-0.8013795604068442
2045,Rest of America,S1_NO_CN,8327.344552522689,5725.447743792245,1763.2400484348836,2500.840321517121,3814.8378527198265,3825.247398492893,2505.016831649765,652.5097453282484,1.2635809000668774,-0.697855342684764,11.082517706067256,0.0,172.01933877587226,1490.365972048167,347.37975694693137,23.308352677264725,8327.54227181517,5725.9022758663605,2516.593274403279,-0.00237428146296903,-0.46000451766520234,-0.012187692158598265
2045,Rest of America,S2_CAPACITY,8340.902014549014,5656.280752082663,1767.6393976495597,2541.0042575682783,3636.0752047869514,3646.5998020523552,2203.428234575031,571.9754091088369,1.2613259868320004,-113.04841084739334,71.97641087148759,60.893893166004126,195.0833043417836,1447.7230288101057,393.1166988929963,27.15413729490107,8327.54227181517,5725.9022758663605,2516.593274403279,0.16042839889340854,-12.444006864895707,-1.974333570516421
2045,Brazil,S1_NO_CN,4237.1037081690665,2950.3237518646624,706.0490569526947,3011.7130966679906,1450.9788508001095,1402.9054341042654,1278.0245611282448,242.0101254345145,1.3446440269327462,-68.57972349742026,0.0,0.0,110.51331764307238,766.5148729393322,330.3464242635911,43.09719692676299,4267.774128281896,2976.307687373603,1238.6829740689532,-0.7186514372815922,3.176082006686376,-2.304187963776601
2045,Brazil,S2_CAPACITY,4257.870309906525,2920.9266955801263,711.6947373719844,2953.8343793464105,1362.9710213788576,1314.554578965618,1156.689045458212,217.0156078794044,1.3439866384939538,-133.6998134172322,60.893893166004126,60.893893166004126,115.713556091617,753.860145138372,343.4119105321538,45.55379572017567,4267.774128281896,2976.307687373603,1238.6829740689532,-0.23206050924157173,-6.619444226426974,-4.492136817185509
2045,"EU, UK and EFTA",S1_NO_CN,33078.078579395864,18418.767728014303,7932.106015216597,23919.97835858815,24325.318238146378,24310.761838803723,3600.610737358726,587.2344679585066,1.3360988332824568,-230.6461325890619,383.9209366840731,0.0,824.051369472526,5254.543936092559,1677.7387022480984,31.92929248766957,33140.770455432976,18516.042795984868,3479.6032779416,-0.18916843264528138,3.4776222963184944,-1.245655646459602
2045,"EU, UK and EFTA",S2_CAPACITY,33098.9489670156,18327.34082533767,7941.866618955023,23393.523544342137,23495.20804721152,23486.570028756192,3435.3894524656835,521.0018479089464,1.333304546132259,-411.51865914804415,444.8148298500772,60.893893166004126,853.1823638283599,5308.137943829255,1733.3655969495007,32.654870979088805,33140.770455432976,18516.042795984868,3479.6032779416,-0.1261934705881762,-1.270657081978377,-2.222497882956289
2045,Eastern Europe,S1_NO_CN,594.8898621017594,444.72790691466594,122.39572141445736,324.34870997648466,579.5131068580662,642.7280842532024,679.1480382309816,308.10541175764433,1.7202475119665728,-1.2857322884568665,3.621654169994172,0.0,42.65110036365076,346.52536822605487,15.485004871311864,4.468649712597741,595.2301933796149,445.3967251530079,682.8203936562813,-0.05717641370360793,-0.5378215793520047,-0.28867124876483474
2045,Eastern Europe,S2_CAPACITY,606.5608396843834,435.5337629545522,129.0964678420995,347.5009941479303,543.801060023023,606.9540077446391,566.7306753948238,252.4914945477225,1.7336474226024798,-19.20306421180667,64.51554733517534,60.893893166004126,49.58134366490392,347.6980176886761,17.986959505858394,5.173155609406915,595.2301933796149,445.3967251530079,682.8203936562813,1.9035738493766718,-17.00150132303969,-4.311451595251359
2045,Russia,S1_NO_CN,3119.125290114037,1680.8695280073598,815.5929808760859,892.0541241198223,1218.7436115504129,995.7952699715478,2656.296547657198,1294.2026305983584,1.660895707625029,8.83779913328497,7.562000941806796e-11,0.0,25.51867994797841,1656.0149795369068,62.69515026253856,3.7859047796820553,3113.3046944558378,1675.4754803086078,2659.075281907452,0.18695875378225146,-0.10450002183693963,0.5274800638477338
2045,Russia,S2_CAPACITY,2969.153924556986,1527.5072198270598,727.8062763964176,921.5183376333144,1097.3959835176147,872.8377324861772,2121.093590840472,1023.7962558106404,1.496862576013985,-242.78477160749568,60.89389316608674,60.893893166004126,27.08893318723554,1502.07954511589,66.38142608187604,4.419301647354136,3113.3046944558378,1675.4754803086078,2659.075281907452,-4.630152973962199,-20.23190899210141,-14.490499828906888
2045,North Africa,S1_NO_CN,2437.863206804905,1249.2904913953616,585.1465740719194,357.1928245132695,716.252108495089,878.2796129809858,1150.0731171361824,382.6989502595856,1.3228935708611698,3.649443139833791,0.0,0.0,63.93358867904436,811.6992371603461,110.50098212353409,13.613537756929702,2436.190316947406,1246.2081205731506,1156.5156545511122,0.0686682746360967,-0.5570644365752608,0.29284379387251586
2045,North Africa,S2_CAPACITY,2435.531311224907,1195.7261911600228,571.9009742945145,419.009069526898,660.854850175969,822.379805683382,921.673794547638,331.2745460022199,1.33784874224528,-41.0841410604287,60.89389316605543,60.893893166004126,72.34614785797848,756.013996121391,125.03765906752008,16.53906669836879,2436.190316947406,1246.2081205731506,1156.5156545511122,-0.02705066668702294,-20.305981944933148,-3.296731932827838
2045,Sub Saharan,S1_NO_CN,4712.672141365307,2996.899802097611,1267.322405351245,783.1572187434014,1285.0418513132204,1529.568622703353,1063.2291284783307,226.9097007315156,0.9595302799624832,1.6847319392120346,2.3204748607550096e-10,0.0,60.45895404468509,411.18459125651,128.42860106223023,31.233806857833443,4712.470047216273,2995.927387838335,1069.0005487978226,0.004288497263837954,-0.539889369185298,0.0562340711611047
2045,Sub Saharan,S2_CAPACITY,4695.004597516875,2932.893283599204,1254.8040630245682,799.0211963613775,1194.2268221213626,1438.0007758133563,905.1452287393791,203.71620815699947,0.9551943213417526,-74.12893324110921,60.89389316613699,60.893893166004126,69.08845829504114,402.94481601292335,146.78754961908058,36.428697872706415,4712.470047216273,2995.927387838335,1069.0005487978226,-0.3706219779522013,-15.327898591138423,-2.474323427931803
2045,South Africa,S1_NO_CN,826.2987057567786,541.0676751317717,181.88560903368148,403.4559922112948,514.257159676515,461.44980049125184,663.8265268510663,282.7100732986297,1.2865431450321565,-0.2183719216142766,0.0,0.0,22.373254951958813,351.2593242832672,36.72078301239086,10.454037935453638,826.3039753121316,541.221981911189,666.3383898958631,-0.0006377260076684266,-0.3769650800382829,-0.040347940200645804
2045,South Africa,S2_CAPACITY,822.9655303249784,521.4003723891764,180.3439002661318,412.58144628556704,484.7625403123817,431.7979024217217,521.2895881921634,232.2970591417612,1.2633333804463287,-34.73926208059304,60.89389316579245,60.893893166004126,25.00542515383218,320.5551366071634,41.05228249018923,12.806621327206598,826.3039753121316,541.221981911189,666.3383898958631,-0.40402141184084917,-21.76803916796214,-6.418671680318692
2050,Australia_Oceania,S1_NO_CN,3411.0214270683337,2276.282691507056,970.2279826996382,2446.042908203167,2099.069689365652,2063.029402688285,768.8928495007892,271.50877996345577,1.3370351744796545,-4.361103801406836,116.75035684270352,0.0,72.67570094074924,444.5927444009566,141.60231964606072,31.84989440996285,3412.985419936996,2277.8952203196764,740.5998660396593,-0.05754471897798652,3.8202793112056543,-0.19145322236528534
2050,Australia_Oceania,S2_CAPACITY,3401.623791495349,2227.967245066746,957.662635492942,2336.935086181262,1964.5385691405515,1928.1051507341272,664.8676477822671,232.75587846683192,1.3123991585666217,-103.89176346023584,177.6442500116308,60.893893166004126,88.83814337015706,439.4076323173815,172.62860037638006,39.28666406315206,3412.985419936996,2277.8952203196764,740.5998660396593,-0.33289413940293944,-10.22579421494747,-4.560866651524727
2050,China,S1_NO_CN,41493.59752664866,19949.728180305505,9653.716826326694,8197.911176472016,13544.45275741492,12494.659908207288,11402.813793037589,4424.015170819749,1.204227276761758,-2.794284291926657,32.54369806630173,0.0,9078.547523723211,18496.23272169208,12579.313423285674,68.01013813225252,41499.74088902433,19954.80045314965,11426.04546969734,-0.014803375259864193,-0.20332210931036654,-0.014003068076211251
2050,China,S2_CAPACITY,41071.24324659439,19644.802662169823,9494.335820450848,8460.860537123986,12999.204963696891,11951.296525561858,8161.98441241003,2843.2796882036346,1.2712403893348947,-229.545563691066,93.43759123600388,60.893893166004126,11730.79603423626,20625.18239380074,16179.30258180249,78.44440971666492,41499.74088902433,19954.80045314965,11426.04546969734,-1.0325308863392557,-28.566848136074942,-1.1503275326155151
2050,Japan,S1_NO_CN,7528.754184380297,4341.996837392906,2079.281501995322,5186.692776146742,2999.676925545869,3043.5823191806257,2206.9961011578825,740.0694965286552,1.5858685570601627,-17.077846545592145,9.80278125,0.0,39.257275788253054,1248.8982478069772,73.00855214380069,5.845836702229443,7536.236551853078,4350.225562568865,2193.236130792136,-0.09928519920119339,0.6273820758541326,-0.39257381714955153
2050,Japan,S2_CAPACITY,7554.903966839182,4331.2711655976,2100.685524463196,5186.536468270203,2885.8797054719503,2930.853143059156,1991.085662525412,661.4591517209258,1.5880078112152194,-40.23929553021162,70.69667441600413,60.893893166004126,45.00782137851584,1191.7367836034816,82.37193753506537,6.911923729164042,7536.236551853078,4350.225562568865,2193.236130792136,0.2477020838937749,-9.216995171136123,-0.9249933124490628
2050,South Korea,S1_NO_CN,3180.1833739774816,1483.4545212499122,1149.914291516833,1831.8680344113577,2647.286011512648,2410.9725044332768,1005.0685874262358,358.1246786587885,1.912288165734018,-11.768672959765963,41.59143480694455,0.0,24.671449270917066,718.9250259857236,37.50115640109211,5.216281955086205,3188.066392561088,1489.259687398642,978.9634197918284,-0.24726644972012934,2.666613185603861,-0.7902364550216787
2050,South Korea,S2_CAPACITY,3180.735251977001,1476.6573480246077,1156.632584924429,1837.9033305672224,2546.100907232049,2310.386605659836,844.9462460688889,278.43985460539767,1.9155433886023765,-24.628435193926972,102.48532797344538,60.893893166004126,28.253241859888423,679.6705245568902,42.53958377115881,6.258853699576337,3188.066392561088,1489.259687398642,978.9634197918284,-0.22995570610426785,-13.689701884002737,-1.6537367795771458
2050,Rest of World,S1_NO_CN,209.41667403345903,93.30779549081304,82.20664560998166,32.05731313032084,124.7446462055152,112.79398819283462,99.22784615567453,38.558678172615856,1.705591743898973,-0.0213983258734833,9.197313369056087e-10,0.0,101.53669849038658,141.41169981297568,22.66475067981556,16.027493276575324,209.42368075202515,93.32603360642588,99.62651813840532,-0.0033457145538484667,-0.40016653214451914,-0.022928570996303365
2050,Rest of World,S2_CAPACITY,201.69542791258115,88.5724307763929,76.01091339894103,33.90212147618463,117.86975343842572,105.84708823919158,65.12827289745557,29.45807841885848,1.6171403819707968,-6.609000770011553,60.893893166022565,60.893893166004126,129.19712188873748,127.93280972281472,27.80072767791157,21.73072547858985,209.42368075202515,93.32603360642588,99.62651813840532,-3.690247832380944,-34.627572945009824,-7.0816261171914805
2050,Southeast Asia,S1_NO_CN,10501.9331447449,4722.711885200622,2913.203914820895,1330.0114619667384,6434.289328411124,6417.826885691965,2549.166723274337,873.0060079282862,0.9468484235799968,0.9358932320102747,13.040514483189051,0.0,401.8895899679838,2052.106868720605,772.355261703354,37.63718515229581,10503.738704014242,4722.607359279955,2560.6216670633976,-0.017189681885854124,-0.4473501078430475,0.01981729923346768
2050,Southeast Asia,S2_CAPACITY,10409.8364111919,4622.951937175969,2871.117242668719,1415.1564220665473,6168.117986579904,6151.909042853295,1945.886277166408,613.4420067455792,0.9774090611665476,-74.35688394333653,73.93440764870647,60.893893166004126,490.3248282463263,1922.118340466764,946.982178540824,49.26763137335552,10503.738704014242,4722.607359279955,2560.6216670633976,-0.8939892305818264,-24.007271273385243,-1.5744879530843223
2050,"Central, Western and South Asia",S1_NO_CN,15680.987337207049,8167.391730112952,4070.388227814128,1848.8925692410892,5776.888299748447,5936.835145490632,6494.114601476945,2401.986420467876,1.4696282335502575,17.110669697687335,3.826412002305175,0.0,372.6292520076448,4410.448540213499,506.2862780592612,11.479246916567654,15668.48619428624,8154.21495361009,6504.469649411058,0.07978526301646305,-0.1591989584431408,0.2098383448931768
2050,"Central, Western and South Asia",S2_CAPACITY,14661.974794987056,7470.492187672509,3501.733440281557,2063.1181416588265,5235.349466163812,5387.720463228105,5271.061407411795,1993.170070130155,1.354168173962493,-759.3462487750788,64.7203051681252,60.893893166004126,377.2601923893584,3831.484573994037,511.3370497104806,13.345663797817403,15668.48619428624,8154.21495361009,6504.469649411058,-6.423794786673298,-18.962472091955117,-9.312315815747485
2050,India,S1_NO_CN,13904.98935785151,6048.743524660991,4345.497217253308,1481.5914909064918,2083.4612272807403,2707.927382594234,2944.5087122960167,1412.194731411112,0.2757503699479637,-0.8681772772228028,0.0,0.0,334.6034503255452,2623.742036946414,577.1133666949535,21.99581203366374,13907.143946317185,6050.992515514318,2943.273511674241,-0.015492673937889112,0.041966898994472146,-0.014347683871643495
2050,India,S2_CAPACITY,13891.796446370636,5917.335474657937,4292.427241292541,1580.8187572961915,1976.486140680502,2601.537853486512,2361.871566073084,1151.6141417682827,0.3113593141670528,-83.19796081086183,60.89389316600414,60.893893166004126,410.0681943256813,2513.0508187075648,713.0727806819772,28.37478555442436,13907.143946317185,6050.992515514318,2943.273511674241,-0.11035695039751658,-19.75358196562692,-1.37494734289537
2050,Canada,S1_NO_CN,3603.219289155124,2227.948896502677,845.5960228223697,2481.2730548210498,2162.291897300612,2257.866178983836,1149.1281189058943,220.2491943057433,1.3713492454844798,-0.3710588661184788,30.816053851137685,0.0,174.39741052502964,1202.4137961161446,537.7710984723416,44.72429543052221,3604.108450523269,2227.9967052248453,1149.3563033499058,-0.02467077171375287,-0.01985323814264195,-0.01665437229993714
2050,Canada,S2_CAPACITY,3610.81251110886,2185.9923369735207,852.8762042117875,2418.979485145853,2050.2456236407043,2145.879772140761,988.8452533411051,177.40874595214265,1.3646542001384234,-81.65863813825337,91.70994701715338,60.893893166004126,192.0999141164921,1244.99957530424,593.4066199920642,47.663198587602224,3604.108450523269,2227.9967052248453,1149.3563033499058,0.1860116219482233,-13.965299493375227,-3.6651148516852285
2050,United States,S1_NO_CN,44455.17383926889,31212.70189448257,9019.343423268938,23381.95549393785,9716.114317946643,11284.135214747728,8303.630810523047,2318.8298274852127,1.5010075985462534,-46.23485178941919,30.81605385145831,0.0,467.4570095537121,6670.6616033050095,1080.3294603356746,16.195237063148586,44462.97565749022,31236.800736763293,8276.681829526455,-0.017546774829979572,0.32560126813687695,-0.14801404336841817
2050,United States,S2_CAPACITY,44746.81613509839,31117.52962456976,9231.319267341658,23213.44838850373,9296.80870242216,10866.751220026872,7299.232446715156,2022.737440287412,1.5126403020770427,-218.610844894812,91.70994701724416,60.893893166004126,518.2075664343278,6487.087505877709,1192.5604478438545,18.38360353183643,44462.97565749022,31236.800736763293,8276.681829526455,0.6383749027385477,-11.809676908496346,-0.6998503039318107
2050,Rest of America,S1_NO_CN,9344.383245864816,6460.133016424683,1996.359688173268,2976.623758248226,4597.385453945955,4598.119654141317,2877.9686983022125,717.1568601943895,1.4008328226963436,-0.7765325556357702,11.082517705589169,0.0,174.48976228061937,1594.9314568586726,354.3538746688173,22.217498635755906,9344.494302484856,6460.729391400044,2891.3702529075013,-0.0011884711622167643,-0.4635018497479715,-0.012019270713759071
2050,Rest of America,S2_CAPACITY,9360.736933135971,6382.718576298005,2001.0709925082408,3018.0428991627778,4382.14227606991,4383.050380566146,2525.339699699901,630.5906474588546,1.399252406001875,-129.6048673465857,71.97641087180722,60.893893166004126,197.7498520868329,1550.5017919184183,400.5973667342412,25.83662713724352,9344.494302484856,6460.729391400044,2891.3702529075013,0.17382032804917902,-12.659414782300116,-2.006040796556258
2050,Brazil,S1_NO_CN,4711.604961426346,3362.4021086615367,799.1970835336308,3745.823903046392,1843.310497234532,1787.5835927386695,1539.0585668920216,276.7519833494414,1.528742775585632,-79.3434940202108,0.0,0.0,114.44974053437066,838.497430763766,346.77050557627024,41.35617985858416,4744.977963873139,3389.589983162876,1495.6182056848656,-0.7033331387602981,2.904508720343113,-2.3407991649236064
2050,Brazil,S2_CAPACITY,4738.542524743281,3330.3741317215554,805.7751718256411,3673.107447627668,1734.1511360530253,1678.0972499383092,1387.880742123941,247.4483166303416,1.5290592621634416,-156.43863321304437,60.893893166004126,60.893893166004126,119.78612191936227,821.9333005897823,360.09442360782026,43.81066241621221,4744.977963873139,3389.589983162876,1495.6182056848656,-0.13562632279549014,-7.2035405260121195,-4.61526715591333
2050,"EU, UK and EFTA",S1_NO_CN,35611.76908086113,20144.695617427464,8597.043438480223,27618.569574226083,28706.230914466967,28645.39531282673,4100.594355335037,652.1685350722603,1.465911499558949,-248.44019114577688,383.9209366840731,0.0,819.1754883371109,5401.979223140283,1674.3796655654792,30.995670223850425,35669.83397174286,20240.18361917021,3968.491779747131,-0.16278430375574748,3.3287854157108443,-1.2274601644941117
2050,"EU, UK and EFTA",S2_CAPACITY,35639.229850482654,20034.432729537097,8618.035171396017,26995.41589102329,27698.45718930101,27643.621737478727,3897.207953304419,580.5600281186912,1.462966784516653,-478.2887400426384,444.8148298500772,60.893893166004126,849.5604825234253,5460.557764977759,1732.6222303916568,31.729766536014548,35669.83397174286,20240.18361917021,3968.491779747131,-0.08579832831420164,-1.7962447801077364,-2.363065222341332
2050,Eastern Europe,S1_NO_CN,635.6227541060186,505.8272877096224,134.31894858788155,391.3735064818481,715.2798172530648,781.3563174041197,778.9063934955838,332.48966781364675,1.9365241711689525,-1.61131587031439,3.62165416991689,0.0,42.563381175491386,359.4667669791257,15.511976729863092,4.315274221375762,635.9792515724839,506.6228147004193,783.2879553705048,-0.05605488946122117,-0.5593807290000474,-0.31805039638161725
2050,Eastern Europe,S2_CAPACITY,649.1220381067494,494.8592731913873,141.42094329371793,416.934909162532,671.5670582761763,737.5542196549055,649.3120541691627,275.5273019465798,1.9547011183581184,-24.209231519549625,64.51554733722372,60.893893166004126,49.52307841819828,361.1265160890846,18.034386644848023,4.993924799584422,635.9792515724839,506.6228147004193,783.2879553705048,2.0665432876574963,-17.104297376559284,-4.778551383214994
2050,Russia,S1_NO_CN,3285.546558191105,1780.2440755934806,876.8411062502562,1024.6376060726384,1396.785104708047,1159.2185228078242,2826.504913690239,1317.8528236263985,1.8011610861851468,9.87006591625413,0.0,0.0,25.92087174707397,1668.8869502914133,63.952742606461705,3.8320596008791714,3278.792684332134,1774.6709078749402,2829.1205298430486,0.20598660876745,-0.09245333046855597,0.5561631665035255
2050,Russia,S2_CAPACITY,3119.1890326295206,1620.96939259284,787.594152137635,1053.0562362277196,1263.6411820870592,1024.7410611176208,2269.6794044955486,1056.1070392661954,1.6230854805028678,-270.09084449063283,60.89389316616296,60.893893166004126,27.058030139404035,1517.0131919624405,66.53166682816142,4.385701270144833,3278.792684332134,1774.6709078749402,2829.1205298430486,-4.867756734522644,-19.77438286726286,-15.219207307232534
2050,North Africa,S1_NO_CN,2842.672962610251,1326.536477559464,703.0978301288909,389.9184678515479,862.2045446434994,1045.0093750775925,1190.6006754045618,384.4049883774002,1.1885403541505344,4.455654127216099,0.0,0.0,86.94455139019024,860.0702421636205,152.0719492505972,17.681340638880854,2840.711851648638,1322.6816892710656,1197.214229442548,0.06903589888833661,-0.552411913869888,0.3368651855815457
2050,North Africa,S2_CAPACITY,2836.41636069092,1268.8634053918431,686.8430664700088,451.91896036600457,798.9575729852943,981.373195350871,929.113637792938,327.3710801522617,1.2213100874812253,-36.89449684916072,60.89389316801877,60.893893166004126,98.09606312649738,801.7944267950013,171.42562215723112,21.380246161409197,2840.711851648638,1322.6816892710656,1197.214229442548,-0.1512117800763546,-22.39370240148617,-2.7893708023956543
2050,Sub Saharan,S1_NO_CN,6013.401651113903,3584.8445017821164,1701.8618147536693,986.1254200323276,1582.3064902964422,1882.5473121230584,1290.674530147718,260.6597887739369,0.961162474839112,2.1319629258867803,0.0,0.0,75.03585396321327,486.5329069074884,166.57580047777554,34.23731429320341,6013.353250487773,3583.757251187737,1297.912104618088,0.0008048857952358546,-0.557632095780447,0.059489602014204515
2050,Sub Saharan,S2_CAPACITY,5987.633332014617,3511.5806297173003,1683.9135643656489,1005.9813680219512,1477.9895353201775,1777.5766826894687,1075.4299697607462,231.3880488816754,0.962971860641162,-74.49953594594672,60.89389316600356,60.893893166004126,86.5899350905355,481.0599585808441,192.1624349579044,39.94563079512898,6013.353250487773,3583.757251187737,1297.912104618088,-0.427713413827302,-17.141540946087986,-2.0788108882446186
2050,South Africa,S1_NO_CN,931.523148835017,626.2993887735458,210.81694391807684,489.23190692718833,626.2523350273666,565.3233341873394,756.8719887520886,306.6444537191547,1.445221138821253,-0.2851511514226451,1.0708779373400036e-11,0.0,23.01195312257885,380.6736149943052,37.845085117146375,9.941609721943175,931.5327469331476,626.5134011690617,759.9299372268363,-0.0010303554182300445,-0.4023987376924332,-0.04551397478338989
2050,South Africa,S2_CAPACITY,928.3546553344864,604.0686736994934,209.4298954727228,499.9477298378496,591.0284386240038,529.9312047139055,596.1378167717312,254.7671120210373,1.422302822403738,-39.94225060695779,60.893893166004126,60.893893166004126,25.729539569413824,347.0905620105329,42.32025131661893,12.192855683392128,931.5327469331476,626.5134011690617,759.9299372268363,-0.3411679953414626,-21.553581775291175,-6.375322623973619
