region,year,scenario,outcome,baseline,counterfactual,deviation,deviation_pct_baseline
Australia_Oceania,2025,S1_NO_CN,real_GDP,2087.1372401766075,2086.0613778502775,-1.075862326330025,-0.05154727277248854
Australia_Oceania,2025,S2_CAPACITY,real_GDP,2087.1372401766075,2078.235695971241,-8.901544205366463,-0.42649539445778084
China,2025,S1_NO_CN,real_GDP,24485.934588558728,24483.92799961048,-2.0065889482466446,-0.00819486363074841
China,2025,S2_CAPACITY,real_GDP,24485.934588558728,24253.943775145046,-231.9908134136822,-0.9474452060411939
Japan,2025,S1_NO_CN,real_GDP,6480.372498015053,6476.793774883631,-3.5787231314216115,-0.055224034305401105
Japan,2025,S2_CAPACITY,real_GDP,6480.372498015053,6478.570205705185,-1.8022923098678802,-0.027811554203403043
South Korea,2025,S1_NO_CN,real_GDP,2347.146295641304,2344.465969921342,-2.680325719961729,-0.1141950855359611
South Korea,2025,S2_CAPACITY,real_GDP,2347.146295641304,2343.8852508211435,-3.2610448201603504,-0.1389365812525693
Rest of World,2025,S1_NO_CN,real_GDP,119.99512946629636,119.9909493354574,-0.004180130838960849,-0.0034835837567348464
Rest of World,2025,S2_CAPACITY,real_GDP,119.99512946629636,117.67916169336726,-2.315967772929099,-1.9300514806141333
Southeast Asia,2025,S1_NO_CN,real_GDP,4653.631415828211,4653.446397389277,-0.18501843893409387,-0.00397578627101403
Southeast Asia,2025,S2_CAPACITY,real_GDP,4653.631415828211,4635.24837974212,-18.383036086091124,-0.3950256142668634
"Central, Western and South Asia",2025,S1_NO_CN,real_GDP,7479.368603164292,7479.365886432606,-0.0027167316857230617,-3.632300839637313e-05
"Central, Western and South Asia",2025,S2_CAPACITY,real_GDP,7479.368603164292,7332.806059182115,-146.56254398217698,-1.9595577081221915
India,2025,S1_NO_CN,real_GDP,4999.363042459695,4997.73532730422,-1.6277151554750162,-0.032558450779645275
India,2025,S2_CAPACITY,real_GDP,4999.363042459695,4961.1889638367575,-38.174078622937486,-0.7635788459194549
Canada,2025,S1_NO_CN,real_GDP,2277.728988962729,2277.285016680265,-0.44397228246407394,-0.01949188356540422
Canada,2025,S2_CAPACITY,real_GDP,2277.728988962729,2273.661134050086,-4.06785491264327,-0.17859257762249225
United States,2025,S1_NO_CN,real_GDP,29482.632132251412,29475.573334681372,-7.058797570040042,-0.023942223131150957
United States,2025,S2_CAPACITY,real_GDP,29482.632132251412,29484.648540490394,2.016408238981967,0.006839308749425372
Rest of America,2025,S1_NO_CN,real_GDP,5139.1401462896265,5138.9262143557025,-0.21393193392395915,-0.004162796262297194
Rest of America,2025,S2_CAPACITY,real_GDP,5139.1401462896265,5136.484391858396,-2.655754431230889,-0.051677019027167405
Brazil,2025,S1_NO_CN,real_GDP,2800.6770431055133,2788.68688516084,-11.990157944673228,-0.4281164075732922
Brazil,2025,S2_CAPACITY,real_GDP,2800.6770431055133,2787.5699430490413,-13.107100056472063,-0.4679975539749609
"EU, UK and EFTA",2025,S1_NO_CN,real_GDP,23724.37345232618,23687.056475056877,-37.31697726930361,-0.15729383683953377
"EU, UK and EFTA",2025,S2_CAPACITY,real_GDP,23724.37345232618,23676.78904475449,-47.58440757169228,-0.2005718198093304
Eastern Europe,2025,S1_NO_CN,real_GDP,408.44172541876503,408.27371418480027,-0.16801123396476214,-0.041134689114464114
Eastern Europe,2025,S2_CAPACITY,real_GDP,408.44172541876503,408.97182304489047,0.5300976261254391,0.12978537527769557
Russia,2025,S1_NO_CN,real_GDP,2328.0309070484923,2328.5322106767144,0.5013036282221037,0.02153337512420155
Russia,2025,S2_CAPACITY,real_GDP,2328.0309070484923,2284.803116564667,-43.227790483825174,-1.8568392005856111
North Africa,2025,S1_NO_CN,real_GDP,1123.7517424745308,1123.996051785665,0.2443093111342023,0.021740505656189398
North Africa,2025,S2_CAPACITY,real_GDP,1123.7517424745308,1126.1010539578529,2.349311483322026,0.20905965210330002
Sub Saharan,2025,S1_NO_CN,real_GDP,1951.175474886824,1951.1323339913545,-0.04314089546960531,-0.002211020793611997
Sub Saharan,2025,S2_CAPACITY,real_GDP,1951.175474886824,1946.3554286389535,-4.82004624787055,-0.24703294551968127
South Africa,2025,S1_NO_CN,real_GDP,491.99246498185937,491.97027362196286,-0.02219135989651022,-0.004510508082136676
South Africa,2025,S2_CAPACITY,real_GDP,491.99246498185937,488.3379027046842,-3.6545622771751596,-0.7428085869790526
Australia_Oceania,2030,S1_NO_CN,real_GDP,2209.7895939256077,2207.6335212579106,-2.156072667697117,-0.09756913842041112
Australia_Oceania,2030,S2_CAPACITY,real_GDP,2209.7895939256077,2199.92368521551,-9.865908710097756,-0.4464637147906621
China,2030,S1_NO_CN,real_GDP,29255.412264215884,29250.664244019696,-4.748020196188008,-0.016229544650770852
China,2030,S2_CAPACITY,real_GDP,29255.412264215884,28975.528241611137,-279.88402260474686,-0.9566914322622294
Japan,2030,S1_NO_CN,real_GDP,6705.0563480386645,6698.588658675865,-6.4676893627993195,-0.09645988082846196
Japan,2030,S2_CAPACITY,real_GDP,6705.0563480386645,6707.7829755800885,2.7266275414240226,0.04066524425587571
South Korea,2030,S1_NO_CN,real_GDP,2611.539469913947,2606.09880534466,-5.440664569287037,-0.20833169982555588
South Korea,2030,S2_CAPACITY,real_GDP,2611.539469913947,2608.5678469646755,-2.9716229492714774,-0.11378816914336722
Rest of World,2030,S1_NO_CN,real_GDP,135.18533559354674,135.17702545286323,-0.008310140683505551,-0.00614722051546414
Rest of World,2030,S2_CAPACITY,real_GDP,135.18533559354674,131.60080590727932,-3.584529686267416,-2.65156695475077
Southeast Asia,2030,S1_NO_CN,real_GDP,5699.019526193678,5698.503386810162,-0.5161393835160197,-0.009056634762238556
Southeast Asia,2030,S2_CAPACITY,real_GDP,5699.019526193678,5670.864222199153,-28.15530399452473,-0.4940376825367608
"Central, Western and South Asia",2030,S1_NO_CN,real_GDP,8772.205819493829,8772.737483696079,0.5316642022498854,0.006060781212729951
"Central, Western and South Asia",2030,S2_CAPACITY,real_GDP,8772.205819493829,8490.923678011737,-281.2821414820919,-3.206515524943786
India,2030,S1_NO_CN,real_GDP,6842.0388058115595,6837.654239341977,-4.384566469582751,-0.06408274776019311
India,2030,S2_CAPACITY,real_GDP,6842.0388058115595,6782.570203232642,-59.46860257891785,-0.8691649414266083
Canada,2030,S1_NO_CN,real_GDP,2494.7308035869005,2493.7264071474024,-1.004396439498123,-0.04026071422431676
Canada,2030,S2_CAPACITY,real_GDP,2494.7308035869005,2493.0422944575903,-1.688509129310205,-0.06768301922125154
United States,2030,S1_NO_CN,real_GDP,32638.35452644615,32625.292830081926,-13.06169636422419,-0.04001946958949962
United States,2030,S2_CAPACITY,real_GDP,32638.35452644615,32694.83197141308,56.477444966931216,0.17304011120158883
Rest of America,2030,S1_NO_CN,real_GDP,5649.01395224351,5648.588878405208,-0.42507383830252365,-0.007524743997732653
Rest of America,2030,S2_CAPACITY,real_GDP,5649.01395224351,5650.407769951132,1.3938177076215652,0.024673646045218378
Brazil,2030,S1_NO_CN,real_GDP,3098.361018209016,3074.8875509406475,-23.473467268368495,-0.7576091724113271
Brazil,2030,S2_CAPACITY,real_GDP,3098.361018209016,3078.5021173695,-19.85890083951608,-0.6409485764507639
"EU, UK and EFTA",2030,S1_NO_CN,real_GDP,25404.016173525524,25334.537646401248,-69.4785271242763,-0.2734942642521322
"EU, UK and EFTA",2030,S2_CAPACITY,real_GDP,25404.016173525524,25341.738835223885,-62.27733830163925,-0.24514760924511136
Eastern Europe,2030,S1_NO_CN,real_GDP,440.1432623604483,439.8068402297539,-0.33642213069441596,-0.07643468830812374
Eastern Europe,2030,S2_CAPACITY,real_GDP,440.1432623604483,443.23204220232503,3.0887798418767147,0.7017669259122289
Russia,2030,S1_NO_CN,real_GDP,2490.941753722915,2492.4777990897974,1.536045366882263,0.0616652462702718
Russia,2030,S2_CAPACITY,real_GDP,2490.941753722915,2421.120790411541,-69.82096331137427,-2.8029946186827197
North Africa,2030,S1_NO_CN,real_GDP,1438.9322346910665,1439.5013040547346,0.5690693636681772,0.03954803082094789
North Africa,2030,S2_CAPACITY,real_GDP,1438.9322346910665,1440.860451630639,1.9282169395726214,0.13400331809139035
Sub Saharan,2030,S1_NO_CN,real_GDP,2168.3778162312165,2168.307985128816,-0.0698311024002578,-0.003220430585368599
Sub Saharan,2030,S2_CAPACITY,real_GDP,2168.3778162312165,2163.2595307898277,-5.118285441388707,-0.2360421418756545
South Africa,2030,S1_NO_CN,real_GDP,526.307406037005,526.2705383512581,-0.03686768574686994,-0.007004971870807714
South Africa,2030,S2_CAPACITY,real_GDP,526.307406037005,523.1884331367602,-3.118972900244785,-0.5926142905208307
Australia_Oceania,2035,S1_NO_CN,real_GDP,2498.799838452402,2496.778119064647,-2.0217193877551836,-0.08090761639424901
Australia_Oceania,2035,S2_CAPACITY,real_GDP,2498.799838452402,2486.3014066471806,-12.498431805221571,-0.5001773896768901
China,2035,S1_NO_CN,real_GDP,33382.48009020939,33376.29387892745,-6.186211281943542,-0.018531311230401575
China,2035,S2_CAPACITY,real_GDP,33382.48009020939,33043.735113855415,-338.7449763539771,-1.0147387954357718
Japan,2035,S1_NO_CN,real_GDP,6935.950531397936,6928.944537166015,-7.00599423192125,-0.1010098644764872
Japan,2035,S2_CAPACITY,real_GDP,6935.950531397936,6943.239161169055,7.288629771118394,0.10508480039071696
South Korea,2035,S1_NO_CN,real_GDP,2789.904958993761,2783.3814710995407,-6.523487894220125,-0.2338247356129637
South Korea,2035,S2_CAPACITY,real_GDP,2789.904958993761,2786.997516358711,-2.907442635049847,-0.10421296344440632
Rest of World,2035,S1_NO_CN,real_GDP,155.50389387193772,155.49420416749794,-0.009689704439779234,-0.00623116514867403
Rest of World,2035,S2_CAPACITY,real_GDP,155.50389387193772,150.3794206364201,-5.124473235517627,-3.2953986603948255
Southeast Asia,2035,S1_NO_CN,real_GDP,6836.386152212729,6835.636847323027,-0.7493048897022163,-0.01096054074504977
Southeast Asia,2035,S2_CAPACITY,real_GDP,6836.386152212729,6793.4436629798265,-42.94248923290252,-0.6281460449539314
"Central, Western and South Asia",2035,S1_NO_CN,real_GDP,10368.551980181981,10371.799016836281,3.2470366543002456,0.03131620172716978
"Central, Western and South Asia",2035,S2_CAPACITY,real_GDP,10368.551980181981,9916.095798748764,-452.45618143321735,-4.363735479149097
India,2035,S1_NO_CN,real_GDP,8541.657922320848,8535.612419252906,-6.045503067942263,-0.07077669373933022
India,2035,S2_CAPACITY,real_GDP,8541.657922320848,8462.197760229705,-79.4601620911435,-0.9302662646264512
Canada,2035,S1_NO_CN,real_GDP,2769.536287457884,2768.5538045628464,-0.9824828950377196,-0.03547463521193022
Canada,2035,S2_CAPACITY,real_GDP,2769.536287457884,2769.506678312591,-0.029609145293306938,-0.0010691011859059168
United States,2035,S1_NO_CN,real_GDP,35606.00967906922,35594.11065166686,-11.899027402359934,-0.033418592843203955
United States,2035,S2_CAPACITY,real_GDP,35606.00967906922,35718.76070555525,112.75102648603206,0.3166629102848109
Rest of America,2035,S1_NO_CN,real_GDP,6481.913081409252,6481.54546506075,-0.36761634850245173,-0.005671417433177416
Rest of America,2035,S2_CAPACITY,real_GDP,6481.913081409252,6486.976337568509,5.063256159256525,0.07811360775229198
Brazil,2035,S1_NO_CN,real_GDP,3458.191839805078,3432.445440123027,-25.746399682051106,-0.7445046681823848
Brazil,2035,S2_CAPACITY,real_GDP,3458.191839805078,3441.136990475005,-17.05484933007301,-0.49317244733983046
"EU, UK and EFTA",2035,S1_NO_CN,real_GDP,27963.586902388764,27893.515257716903,-70.07164467186158,-0.2505817473146686
"EU, UK and EFTA",2035,S2_CAPACITY,real_GDP,27963.586902388764,27904.60621978548,-58.98068260328364,-0.21091958913985126
Eastern Europe,2035,S1_NO_CN,real_GDP,499.34355372683376,498.99100496223946,-0.35254876459430307,-0.07060244634441903
Eastern Europe,2035,S2_CAPACITY,real_GDP,499.34355372683376,505.22280614117244,5.87925241433868,1.1773962776647617
Russia,2035,S1_NO_CN,real_GDP,2717.18778183446,2720.304769518258,3.1169876837980155,0.11471373839660201
Russia,2035,S2_CAPACITY,real_GDP,2717.18778183446,2619.3568437458844,-97.83093808857575,-3.6004481818524505
North Africa,2035,S1_NO_CN,real_GDP,1729.1452025228969,1730.0641652531508,0.918962730253952,0.053145492287931986
North Africa,2035,S2_CAPACITY,real_GDP,1729.1452025228969,1730.8678460667313,1.7226435438344652,0.09962399579405214
Sub Saharan,2035,S1_NO_CN,real_GDP,2826.9574990702267,2827.0057402447164,0.04824117448970355,0.0017064697472660927
Sub Saharan,2035,S2_CAPACITY,real_GDP,2826.9574990702267,2818.998136257147,-7.959362813079679,-0.281552263014123
South Africa,2035,S1_NO_CN,real_GDP,619.9458769643637,619.9221393044395,-0.0237376599242225,-0.0038289890789268057
South Africa,2035,S2_CAPACITY,real_GDP,619.9458769643637,616.6462781533448,-3.299598811018882,-0.5322398186073511
Australia_Oceania,2040,S1_NO_CN,real_GDP,2794.9679498742203,2793.0264076913018,-1.9415421829185107,-0.0694656331571131
Australia_Oceania,2040,S2_CAPACITY,real_GDP,2794.9679498742203,2782.1018943274325,-12.86605554678772,-0.460329269513331
China,2040,S1_NO_CN,real_GDP,36713.88710015786,36706.885987953196,-7.001112204663514,-0.019069384251152777
China,2040,S2_CAPACITY,real_GDP,36713.88710015786,36345.82671849836,-368.06038165949576,-1.002509978459658
Japan,2040,S1_NO_CN,real_GDP,7138.036740576892,7130.663511655195,-7.373228921696864,-0.1032949141293011
Japan,2040,S2_CAPACITY,real_GDP,7138.036740576892,7149.584051020769,11.547310443876995,0.16177151874597592
South Korea,2040,S1_NO_CN,real_GDP,2947.9990706173303,2940.7220285466924,-7.27704207063789,-0.24684682377169237
South Korea,2040,S2_CAPACITY,real_GDP,2947.9990706173303,2944.4535911152184,-3.5454795021119025,-0.12026732089062213
Rest of World,2040,S1_NO_CN,real_GDP,174.65271085087784,174.64176827969195,-0.010942571185893257,-0.006265331429774517
Rest of World,2040,S2_CAPACITY,real_GDP,174.65271085087784,168.3883065087207,-6.26440434215715,-3.5867776180730626
Southeast Asia,2040,S1_NO_CN,real_GDP,8018.311281582558,8017.260970596295,-1.0503109862629572,-0.013098905110798585
Southeast Asia,2040,S2_CAPACITY,real_GDP,8018.311281582558,7961.9070066353415,-56.404274947216436,-0.7034433182554624
"Central, Western and South Asia",2040,S1_NO_CN,real_GDP,12054.369208914159,12060.790213617986,6.4210047038268385,0.053267031999306366
"Central, Western and South Asia",2040,S2_CAPACITY,real_GDP,12054.369208914159,11415.300891014907,-639.0683178992513,-5.301549229358785
India,2040,S1_NO_CN,real_GDP,10294.751316842165,10287.329091303576,-7.422225538588464,-0.07209718146805293
India,2040,S2_CAPACITY,real_GDP,10294.751316842165,10203.7329545408,-91.01836230136541,-0.8841239530716959
Canada,2040,S1_NO_CN,real_GDP,3049.7885713848723,3048.8357911930534,-0.9527801918188743,-0.031240860456966967
Canada,2040,S2_CAPACITY,real_GDP,3049.7885713848723,3052.344220715664,2.5556493307917663,0.0837975902582413
United States,2040,S1_NO_CN,real_GDP,38602.03892332151,38591.3681963551,-10.670726966411166,-0.027642910229709192
United States,2040,S2_CAPACITY,real_GDP,38602.03892332151,38774.06608233485,172.0271590133416,0.445642675390939
Rest of America,2040,S1_NO_CN,real_GDP,7371.518191780671,7371.22617344247,-0.2920183382011601,-0.003961440921719002
Rest of America,2040,S2_CAPACITY,real_GDP,7371.518191780671,7381.018278436343,9.500086655672021,0.12887557771022973
Brazil,2040,S1_NO_CN,real_GDP,3835.023256815359,3806.9230444704317,-28.100212344927513,-0.7327259957286988
Brazil,2040,S2_CAPACITY,real_GDP,3835.023256815359,3821.554035747338,-13.469221068021398,-0.3512161508821297
"EU, UK and EFTA",2040,S1_NO_CN,real_GDP,30562.323032447297,30495.458430674425,-66.86460177287154,-0.21878114992071437
"EU, UK and EFTA",2040,S2_CAPACITY,real_GDP,30562.323032447297,30510.73689455632,-51.586137890975806,-0.1687899765872117
Eastern Europe,2040,S1_NO_CN,real_GDP,550.4400858879815,550.0948562799637,-0.345229608017803,-0.06271883477760734
Eastern Europe,2040,S2_CAPACITY,real_GDP,550.4400858879815,559.2473871679986,8.8073012800171,1.6000472178200789
Russia,2040,S1_NO_CN,real_GDP,2927.0146309828365,2931.584935940382,4.5703049575454315,0.15614219721241396
Russia,2040,S2_CAPACITY,real_GDP,2927.0146309828365,2803.9075832597305,-123.107047723106,-4.205891095316082
North Africa,2040,S1_NO_CN,real_GDP,2062.8577649600993,2064.161775287895,1.3040103277958224,0.06321377799021666
North Africa,2040,S2_CAPACITY,real_GDP,2062.8577649600993,2063.8729305657375,1.0151656056382308,0.04921161424126915
Sub Saharan,2040,S1_NO_CN,real_GDP,3662.2316398758812,3662.3950833001445,0.16344342426327785,0.004462946103234945
Sub Saharan,2040,S2_CAPACITY,real_GDP,3662.2316398758812,3650.2975162195544,-11.934123656326847,-0.32587025698711164
South Africa,2040,S1_NO_CN,real_GDP,721.6862233814012,721.6734678729077,-0.012755508493455636,-0.0017674590535608058
South Africa,2040,S2_CAPACITY,real_GDP,721.6862233814012,718.3400827842519,-3.346140597149315,-0.4636558782390565
Australia_Oceania,2045,S1_NO_CN,real_GDP,3102.6107555528774,3100.701904905065,-1.9088506478124145,-0.06152401310399835
Australia_Oceania,2045,S2_CAPACITY,real_GDP,3102.6107555528774,3089.99491743137,-12.615838121507295,-0.4066200730764625
China,2045,S1_NO_CN,real_GDP,39451.731780777736,39444.74072295192,-6.991057825813186,-0.01772053471482708
China,2045,S2_CAPACITY,real_GDP,39451.731780777736,39054.008594018014,-397.723186759722,-1.008126053806101
Japan,2045,S1_NO_CN,real_GDP,7340.446738423483,7332.913945080826,-7.532793342656987,-0.10262036645844275
Japan,2045,S2_CAPACITY,real_GDP,7340.446738423483,7355.670007915995,15.223269492511463,0.20738886930172024
South Korea,2045,S1_NO_CN,real_GDP,3081.770586780895,3074.059375314405,-7.711211466490113,-0.25022016562709043
South Korea,2045,S2_CAPACITY,real_GDP,3081.770586780895,3076.7775775837486,-4.993009197146421,-0.16201754986447373
Rest of World,2045,S1_NO_CN,real_GDP,192.5717849086147,192.56215939513578,-0.009625513478908942,-0.004998402794821032
Rest of World,2045,S2_CAPACITY,real_GDP,192.5717849086147,185.42011255207305,-7.1516723565416385,-3.713769574257973
Southeast Asia,2045,S1_NO_CN,real_GDP,9221.166872546799,9219.771549643398,-1.395322903401393,-0.015131738994503393
Southeast Asia,2045,S2_CAPACITY,real_GDP,9221.166872546799,9149.086019778113,-72.08085276868587,-0.7816890613191758
"Central, Western and South Asia",2045,S1_NO_CN,real_GDP,13822.277547156513,13831.960679128326,9.683131971813054,0.07005453290007946
"Central, Western and South Asia",2045,S2_CAPACITY,real_GDP,13822.277547156513,12993.824943423455,-828.4526037330579,-5.993604172009158
India,2045,S1_NO_CN,real_GDP,12076.409695439355,12068.861238430009,-7.548457009346748,-0.06250580428881454
India,2045,S2_CAPACITY,real_GDP,12076.409695439355,11991.645579021555,-84.76411641780032,-0.7018983170951165
Canada,2045,S1_NO_CN,real_GDP,3329.2153052550498,3328.3012081996544,-0.9140970553953593,-0.027456832063474212
Canada,2045,S2_CAPACITY,real_GDP,3329.2153052550498,3334.1617431199447,4.9464378648949605,0.14857668883977498
United States,2045,S1_NO_CN,real_GDP,41605.03981872019,41595.781664334,-9.25815438619611,-0.022252482936046616
United States,2045,S2_CAPACITY,real_GDP,41605.03981872019,41835.61645539076,230.57663667056477,0.5542036197422813
Rest of America,2045,S1_NO_CN,real_GDP,8327.54227181517,8327.344552522689,-0.1977192924805422,-0.0023742814629681246
Rest of America,2045,S2_CAPACITY,real_GDP,8327.54227181517,8340.902014549014,13.359742733844541,0.16042839889340477
Brazil,2045,S1_NO_CN,real_GDP,4267.774128281896,4237.1037081690665,-30.67042011282956,-0.7186514372815869
Brazil,2045,S2_CAPACITY,real_GDP,4267.774128281896,4257.870309906525,-9.903818375370975,-0.23206050924157073
"EU, UK and EFTA",2045,S1_NO_CN,real_GDP,33140.770455432976,33078.078579395864,-62.6918760371118,-0.18916843264527763
"EU, UK and EFTA",2045,S2_CAPACITY,real_GDP,33140.770455432976,33098.9489670156,-41.821488417372166,-0.12619347058817731
Eastern Europe,2045,S1_NO_CN,real_GDP,595.2301933796149,594.8898621017594,-0.34033127785551187,-0.057176413703607556
Eastern Europe,2045,S2_CAPACITY,real_GDP,595.2301933796149,606.5608396843834,11.330646304768493,1.9035738493766634
Russia,2045,S1_NO_CN,real_GDP,3113.3046944558378,3119.125290114037,5.820595658199181,0.18695875378225837
Russia,2045,S2_CAPACITY,real_GDP,3113.3046944558378,2969.153924556986,-144.15076989885165,-4.630152973962197
North Africa,2045,S1_NO_CN,real_GDP,2436.190316947406,2437.863206804905,1.6728898574992854,0.06866827463609039
North Africa,2045,S2_CAPACITY,real_GDP,2436.190316947406,2435.531311224907,-0.6590057224989323,-0.02705066668702137
Sub Saharan,2045,S1_NO_CN,real_GDP,4712.470047216273,4712.672141365307,0.2020941490336554,0.004288497263829517
Sub Saharan,2045,S2_CAPACITY,real_GDP,4712.470047216273,4695.004597516875,-17.46544969939805,-0.37062197795220264
South Africa,2045,S1_NO_CN,real_GDP,826.3039753121316,826.2987057567786,-0.005269555352924726,-0.0006377260076637272
South Africa,2045,S2_CAPACITY,real_GDP,826.3039753121316,822.9655303249784,-3.3384449871531388,-0.40402141184084955
Australia_Oceania,2050,S1_NO_CN,real_GDP,3412.9854199369956,3411.0214270683337,-1.9639928686619896,-0.05754471897797458
Australia_Oceania,2050,S2_CAPACITY,real_GDP,3412.9854199369956,3401.623791495349,-11.361628441646644,-0.3328941394029272
China,2050,S1_NO_CN,real_GDP,41499.74088902433,41493.59752664866,-6.143362375674769,-0.014803375259867076
China,2050,S2_CAPACITY,real_GDP,41499.74088902433,41071.24324659439,-428.4976424299384,-1.0325308863392582
Japan,2050,S1_NO_CN,real_GDP,7536.236551853078,7528.754184380297,-7.482367472780425,-0.0992851992011927
Japan,2050,S2_CAPACITY,real_GDP,7536.236551853078,7554.903966839182,18.66741498610463,0.24770208389377746
South Korea,2050,S1_NO_CN,real_GDP,3188.066392561088,3180.1833739774816,-7.883018583606372,-0.24726644972012835
South Korea,2050,S2_CAPACITY,real_GDP,3188.066392561088,3180.735251977001,-7.331140584086825,-0.22995570610427146
Rest of World,2050,S1_NO_CN,real_GDP,209.42368075202515,209.41667403345906,-0.007006718566088921,-0.003345714553830926
Rest of World,2050,S2_CAPACITY,real_GDP,209.42368075202515,201.69542791258115,-7.728252839443996,-3.690247832380944
Southeast Asia,2050,S1_NO_CN,real_GDP,10503.738704014242,10501.933144744899,-1.8055592693435756,-0.01718968188587498
Southeast Asia,2050,S2_CAPACITY,real_GDP,10503.738704014242,10409.8364111919,-93.90229282234213,-0.8939892305818236
"Central, Western and South Asia",2050,S1_NO_CN,real_GDP,15668.48619428624,15680.987337207047,12.50114292080616,0.07978526301644187
"Central, Western and South Asia",2050,S2_CAPACITY,real_GDP,15668.48619428624,14661.974794987056,-1006.5113992991846,-6.423794786673295
India,2050,S1_NO_CN,real_GDP,13907.143946317185,13904.98935785151,-2.1545884656752605,-0.015492673937885192
India,2050,S2_CAPACITY,real_GDP,13907.143946317185,13891.796446370636,-15.34749994654885,-0.11035695039751921
Canada,2050,S1_NO_CN,real_GDP,3604.1084505232693,3603.2192891551235,-0.8891613681457784,-0.02467077171378358
Canada,2050,S2_CAPACITY,real_GDP,3604.1084505232693,3610.8125111088602,6.704060585590923,0.1860116219482125
United States,2050,S1_NO_CN,real_GDP,44462.97565749022,44455.17383926889,-7.801818221327267,-0.01754677482997694
United States,2050,S2_CAPACITY,real_GDP,44462.97565749022,44746.81613509839,283.8404776081661,0.6383749027385449
Rest of America,2050,S1_NO_CN,real_GDP,9344.494302484856,9344.383245864816,-0.1110566200404719,-0.0011884711622215886
Rest of America,2050,S2_CAPACITY,real_GDP,9344.494302484856,9360.736933135973,16.242630651116997,0.17382032804918948
Brazil,2050,S1_NO_CN,real_GDP,4744.977963873139,4711.604961426346,-33.37300244679318,-0.7033331387602928
Brazil,2050,S2_CAPACITY,real_GDP,4744.977963873139,4738.542524743281,-6.435439129857514,-0.1356263227954913
"EU, UK and EFTA",2050,S1_NO_CN,real_GDP,35669.83397174286,35611.76908086113,-58.06489088173112,-0.16278430375574304
"EU, UK and EFTA",2050,S2_CAPACITY,real_GDP,35669.83397174286,35639.229850482654,-30.60412126020674,-0.08579832831420212
Eastern Europe,2050,S1_NO_CN,real_GDP,635.9792515724839,635.6227541060186,-0.3564974664652709,-0.05605488946122327
Eastern Europe,2050,S2_CAPACITY,real_GDP,635.9792515724839,649.1220381067494,13.142786534265497,2.0665432876574883
Russia,2050,S1_NO_CN,real_GDP,3278.792684332134,3285.546558191105,6.753873858971019,0.20598660876745045
Russia,2050,S2_CAPACITY,real_GDP,3278.792684332134,3119.1890326295206,-159.6036517026132,-4.867756734522644
North Africa,2050,S1_NO_CN,real_GDP,2840.711851648638,2842.672962610251,1.9611109616130307,0.06903589888833246
North Africa,2050,S2_CAPACITY,real_GDP,2840.711851648638,2836.4163606909196,-4.295490957718357,-0.15121178007637143
Sub Saharan,2050,S1_NO_CN,real_GDP,6013.353250487773,6013.401651113903,0.048400626130387536,0.0008048857952334918
Sub Saharan,2050,S2_CAPACITY,real_GDP,6013.353250487773,5987.633332014617,-25.719918473156213,-0.4277134138273008
South Africa,2050,S1_NO_CN,real_GDP,931.5327469331476,931.523148835017,-0.009598098130595645,-0.001030355418228197
South Africa,2050,S2_CAPACITY,real_GDP,931.5327469331476,928.3546553344863,-3.17809159866124,-0.34116799534147985
Australia_Oceania,2025,S1_NO_CN,real_household_consumption,1205.4158259112564,1205.0987281329087,-0.3170977783477156,-0.026306090523409185
Australia_Oceania,2025,S2_CAPACITY,real_household_consumption,1205.4158259112564,1167.3244459470643,-38.09137996419213,-3.160019898975214
China,2025,S1_NO_CN,real_household_consumption,10783.617304236948,10781.198793941572,-2.418510295376109,-0.02242763469013187
China,2025,S2_CAPACITY,real_household_consumption,10783.617304236948,10501.41395768932,-282.2033465476288,-2.6169636642868386
Japan,2025,S1_NO_CN,real_household_consumption,3567.336427972211,3562.5330711779247,-4.803356794286174,-0.13464827025065748
Japan,2025,S2_CAPACITY,real_household_consumption,3567.336427972211,3551.8920601688283,-15.444367803382647,-0.4329383593394841
South Korea,2025,S1_NO_CN,real_household_consumption,1061.2908430895575,1058.5611455127955,-2.7296975767619642,-0.25720542060039403
South Korea,2025,S2_CAPACITY,real_household_consumption,1061.2908430895575,1053.668898902717,-7.621944186840437,-0.7181767596007852
Rest of World,2025,S1_NO_CN,real_household_consumption,53.90533046183446,53.89917614598706,-0.006154315847396674,-0.011416896612393453
Rest of World,2025,S2_CAPACITY,real_household_consumption,53.90533046183446,50.886411872275986,-3.0189185895584743,-5.600408278168149
Southeast Asia,2025,S1_NO_CN,real_household_consumption,2610.049953284318,2609.8654261056276,-0.18452717869013213,-0.007069871534754923
Southeast Asia,2025,S2_CAPACITY,real_household_consumption,2610.049953284318,2536.2763566749472,-73.77359660937054,-2.8265204854236075
"Central, Western and South Asia",2025,S1_NO_CN,real_household_consumption,4337.1394078790845,4340.3172132111495,3.1778053320649633,0.07326961467487046
"Central, Western and South Asia",2025,S2_CAPACITY,real_household_consumption,4337.1394078790845,4059.847337643213,-277.2920702358715,-6.393432263950925
India,2025,S1_NO_CN,real_household_consumption,2982.3477930633258,2980.3354649661064,-2.0123280972193243,-0.06747462860970875
India,2025,S2_CAPACITY,real_household_consumption,2982.3477930633258,2896.8736295792746,-85.47416348405113,-2.8660025394374324
Canada,2025,S1_NO_CN,real_household_consumption,1299.6941697937873,1299.9387931277502,0.2446233339628634,0.018821607394120723
Canada,2025,S2_CAPACITY,real_household_consumption,1299.6941697937873,1267.0709500038768,-32.623219789910536,-2.5100689491502925
United States,2025,S1_NO_CN,real_household_consumption,20064.68008901166,20053.03551657436,-11.644572437300667,-0.05803517616848409
United States,2025,S2_CAPACITY,real_household_consumption,20064.68008901166,19861.183257950484,-203.49683106117664,-1.0142042143628336
Rest of America,2025,S1_NO_CN,real_household_consumption,3428.8991827245527,3428.8753356072157,-0.023847117337027157,-0.0006954744384779079
Rest of America,2025,S2_CAPACITY,real_household_consumption,3428.8991827245527,3375.889288326824,-53.00989439772866,-1.545974132596333
Brazil,2025,S1_NO_CN,real_household_consumption,1767.4482101301685,1756.6275158506996,-10.820694279468853,-0.6122212926777602
Brazil,2025,S2_CAPACITY,real_household_consumption,1767.4482101301685,1732.7378950368752,-34.710315093293275,-1.963866035471384
"EU, UK and EFTA",2025,S1_NO_CN,real_household_consumption,12899.907147556189,12854.040469944168,-45.866677612020794,-0.3555581996627779
"EU, UK and EFTA",2025,S2_CAPACITY,real_household_consumption,12899.907147556189,12786.124619520248,-113.78252803594114,-0.8820414498680835
Eastern Europe,2025,S1_NO_CN,real_household_consumption,268.4316299368701,268.17911964406926,-0.25251029280082093,-0.09406875518365941
Eastern Europe,2025,S2_CAPACITY,real_household_consumption,268.4316299368701,260.16797722117724,-8.263652715692842,-3.078494407546642
Russia,2025,S1_NO_CN,real_household_consumption,1242.335819563934,1244.3874255206722,2.0516059567382854,0.16514101295561207
Russia,2025,S2_CAPACITY,real_household_consumption,1242.335819563934,1138.4940526655498,-103.8417668983841,-8.358590750030299
North Africa,2025,S1_NO_CN,real_household_consumption,699.3505098101169,700.3078307976897,0.9573209875727571,0.13688715088413714
North Africa,2025,S2_CAPACITY,real_household_consumption,699.3505098101169,667.3117478966749,-32.038761913442045,-4.581216638011889
Sub Saharan,2025,S1_NO_CN,real_household_consumption,1373.7325996191119,1374.1739095083005,0.4413098891886875,0.03212487563526172
Sub Saharan,2025,S2_CAPACITY,real_household_consumption,1373.7325996191119,1340.5816749318926,-33.15092468721923,-2.413200698331744
South Africa,2025,S1_NO_CN,real_household_consumption,296.3089289231833,296.2972329920442,-0.0116959311391156,-0.003947208469761543
South Africa,2025,S2_CAPACITY,real_household_consumption,296.3089289231833,282.2315818587554,-14.077347064427897,-4.7509020789843905
Australia_Oceania,2030,S1_NO_CN,real_household_consumption,1321.0794787365546,1320.1322657422704,-0.9472129942842002,-0.07169992491217028
Australia_Oceania,2030,S2_CAPACITY,real_household_consumption,1321.0794787365546,1280.4447939430377,-40.63468479351695,-3.075869805530466
China,2030,S1_NO_CN,real_household_consumption,13601.030826322029,13596.232628168726,-4.798198153303019,-0.03527819482635892
China,2030,S2_CAPACITY,real_household_consumption,13601.030826322029,13292.513016011724,-308.5178103103044,-2.2683413797815306
Japan,2030,S1_NO_CN,real_household_consumption,3716.532185107304,3707.99416709431,-8.538018012994144,-0.229730770184293
Japan,2030,S2_CAPACITY,real_household_consumption,3716.532185107304,3702.957725102528,-13.574460004776029,-0.3652453235618651
South Korea,2030,S1_NO_CN,real_household_consumption,1180.75156171187,1175.5452963690702,-5.206265342799725,-0.44092809288785606
South Korea,2030,S2_CAPACITY,real_household_consumption,1180.75156171187,1172.5205264359772,-8.231035275892737,-0.6971013668581787
Rest of World,2030,S1_NO_CN,real_household_consumption,61.259422898999404,61.24656578563155,-0.012857113367850559,-0.02098797664001592
Rest of World,2030,S2_CAPACITY,real_household_consumption,61.259422898999404,57.64819456354224,-3.611228335457163,-5.894976094389795
Southeast Asia,2030,S1_NO_CN,real_household_consumption,3119.80645518024,3119.4353603767654,-0.3710948034745343,-0.011894802091275726
Southeast Asia,2030,S2_CAPACITY,real_household_consumption,3119.80645518024,3035.153604065868,-84.65285111437197,-2.713400729516772
"Central, Western and South Asia",2030,S1_NO_CN,real_household_consumption,5055.66174354302,5061.445185441636,5.78344189861582,0.11439534905598273
"Central, Western and South Asia",2030,S2_CAPACITY,real_household_consumption,5055.66174354302,4693.609378886633,-362.052364656387,-7.161324926826688
India,2030,S1_NO_CN,real_household_consumption,3902.9077973368644,3898.1779748844706,-4.729822452393819,-0.12118714297122768
India,2030,S2_CAPACITY,real_household_consumption,3902.9077973368644,3795.3601565848085,-107.54764075205594,-2.755577285874924
Canada,2030,S1_NO_CN,real_household_consumption,1438.5962829258171,1438.8751226550305,0.27883972921335953,0.019382764471367553
Canada,2030,S2_CAPACITY,real_household_consumption,1438.5962829258171,1404.8867108472716,-33.709572078545534,-2.3432266910899426
United States,2030,S1_NO_CN,real_household_consumption,22294.687062331897,22272.64303686732,-22.044025464576407,-0.0988756890955469
United States,2030,S2_CAPACITY,real_household_consumption,22294.687062331897,22107.408488318888,-187.27857401300935,-0.8400143652584692
Rest of America,2030,S1_NO_CN,real_household_consumption,3812.6956726205376,3812.5925512062736,-0.10312141426402377,-0.0027046851655261137
Rest of America,2030,S2_CAPACITY,real_household_consumption,3812.6956726205376,3759.646438067282,-53.0492345532557,-1.3913839212032877
Brazil,2030,S1_NO_CN,real_household_consumption,1996.7275954348045,1975.4816065088216,-21.24598892598283,-1.0640404316822363
Brazil,2030,S2_CAPACITY,real_household_consumption,1996.7275954348045,1951.277625322295,-45.44997011250939,-2.2762228666756252
"EU, UK and EFTA",2030,S1_NO_CN,real_household_consumption,13790.829612738495,13699.742613461742,-91.08699927675298,-0.6604896285036873
"EU, UK and EFTA",2030,S2_CAPACITY,real_household_consumption,13790.829612738495,13646.773187017914,-144.0564257205806,-1.0445812889132984
Eastern Europe,2030,S1_NO_CN,real_household_consumption,295.2793566861494,294.91864998515996,-0.36070670098945357,-0.12215777798948758
Eastern Europe,2030,S2_CAPACITY,real_household_consumption,295.2793566861494,287.56937653739504,-7.709980148754369,-2.6110799736499217
Russia,2030,S1_NO_CN,real_household_consumption,1331.5157675392923,1334.819860052284,3.3040925129917014,0.24814520364995973
Russia,2030,S2_CAPACITY,real_household_consumption,1331.5157675392923,1217.088117117924,-114.4276504213683,-8.593788613771832
North Africa,2030,S1_NO_CN,real_household_consumption,856.8359435169592,858.2605996457891,1.424656128829838,0.16626941710477391
North Africa,2030,S2_CAPACITY,real_household_consumption,856.8359435169592,819.8151506491615,-37.020792867797695,-4.32063957492756
Sub Saharan,2030,S1_NO_CN,real_household_consumption,1532.186026649468,1532.8769432457245,0.6909165962565567,0.04509351894870295
Sub Saharan,2030,S2_CAPACITY,real_household_consumption,1532.186026649468,1495.4603271537762,-36.72569949569174,-2.3969478155340083
South Africa,2030,S1_NO_CN,real_household_consumption,325.09750490790924,325.05904038493327,-0.03846452297597125,-0.011831688153640902
South Africa,2030,S2_CAPACITY,real_household_consumption,325.09750490790924,311.1336889419499,-13.963815965959327,-4.295270112858871
Australia_Oceania,2035,S1_NO_CN,real_household_consumption,1525.8262238606878,1524.4244250172567,-1.401798843431152,-0.09187146095079436
Australia_Oceania,2035,S2_CAPACITY,real_household_consumption,1525.8262238606878,1483.6270627434442,-42.19916111724365,-2.7656597099550537
China,2035,S1_NO_CN,real_household_consumption,15662.112602464904,15657.061841792982,-5.050760671922035,-0.03224827199318658
China,2035,S2_CAPACITY,real_household_consumption,15662.112602464904,15353.297296401188,-308.815306063716,-1.9717346816617487
Japan,2035,S1_NO_CN,real_household_consumption,3875.8529952593385,3867.201718201451,-8.651277057887455,-0.2232096281378336
Japan,2035,S2_CAPACITY,real_household_consumption,3875.8529952593385,3862.6768328022376,-13.176162457100872,-0.3399551653072755
South Korea,2035,S1_NO_CN,real_household_consumption,1267.5561184334936,1261.8591282291836,-5.696990204309941,-0.4494467835751962
South Korea,2035,S2_CAPACITY,real_household_consumption,1267.5561184334936,1259.098490975073,-8.457627458420575,-0.6672388965999324
Rest of World,2035,S1_NO_CN,real_household_consumption,70.03531201441757,70.01930600438858,-0.01600601002898827,-0.022854199643878578
Rest of World,2035,S2_CAPACITY,real_household_consumption,70.03531201441757,66.0131031124618,-4.022208901955764,-5.7431155602301684
Southeast Asia,2035,S1_NO_CN,real_household_consumption,3619.588509574937,3619.1858655657215,-0.402644009215237,-0.011124027169113794
Southeast Asia,2035,S2_CAPACITY,real_household_consumption,3619.588509574937,3527.0843107153332,-92.50419885960355,-2.5556551142457544
"Central, Western and South Asia",2035,S1_NO_CN,real_household_consumption,5866.170105713532,5873.932193286999,7.762087573466488,0.1323195105765237
"Central, Western and South Asia",2035,S2_CAPACITY,real_household_consumption,5866.170105713532,5410.591170847276,-455.57893486625653,-7.766207366242785
India,2035,S1_NO_CN,real_household_consumption,4673.318681012478,4667.7923572680675,-5.526323744410547,-0.11825266200791736
India,2035,S2_CAPACITY,real_household_consumption,4673.318681012478,4550.522394619182,-122.79628639329621,-2.627603524925724
Canada,2035,S1_NO_CN,real_household_consumption,1607.3351119260399,1607.5834074580994,0.24829553205950106,0.015447651844174121
Canada,2035,S2_CAPACITY,real_household_consumption,1607.3351119260399,1573.0615397795502,-34.27357214648964,-2.132322742917017
United States,2035,S1_NO_CN,real_household_consumption,24432.398628324405,24409.45056743945,-22.94806088495534,-0.09392471543236743
United States,2035,S2_CAPACITY,real_household_consumption,24432.398628324405,24268.188127167414,-164.21050115699109,-0.6721014324259689
Rest of America,2035,S1_NO_CN,real_household_consumption,4396.884669156185,4396.706528663995,-0.17814049218941364,-0.00405151614366999
Rest of America,2035,S2_CAPACITY,real_household_consumption,4396.884669156185,4339.5895264951105,-57.29514266107435,-1.3030849561052957
Brazil,2035,S1_NO_CN,real_household_consumption,2283.8758816915815,2260.931262299256,-22.94461939232542,-1.0046351282159518
Brazil,2035,S2_CAPACITY,real_household_consumption,2283.8758816915815,2235.3667714843173,-48.50911020726426,-2.1239818939431756
"EU, UK and EFTA",2035,S1_NO_CN,real_household_consumption,15270.417886094832,15173.412275495211,-97.00561059962092,-0.6352518400164658
"EU, UK and EFTA",2035,S2_CAPACITY,real_household_consumption,15270.417886094832,15113.36200420468,-157.0558818901518,-1.0284976027615205
Eastern Europe,2035,S1_NO_CN,real_household_consumption,341.8931021343803,341.46370374300454,-0.42939839137574154,-0.12559434182645998
Eastern Europe,2035,S2_CAPACITY,real_household_consumption,341.8931021343803,333.92336494250077,-7.969737191879517,-2.331061124698278
Russia,2035,S1_NO_CN,real_household_consumption,1452.6807571382783,1456.8040839243665,4.123326786088228,0.28384259692480635
Russia,2035,S2_CAPACITY,real_household_consumption,1452.6807571382783,1325.1723762483014,-127.50838088997693,-8.777453701607726
North Africa,2035,S1_NO_CN,real_household_consumption,993.2209299509731,995.0151384854163,1.7942085344432144,0.18064546168311005
North Africa,2035,S2_CAPACITY,real_household_consumption,993.2209299509731,951.4098527031375,-41.811077247835556,-4.209645204506455
Sub Saharan,2035,S1_NO_CN,real_household_consumption,1941.9407989321369,1942.7221183472743,0.7813194151374319,0.04023394614125597
Sub Saharan,2035,S2_CAPACITY,real_household_consumption,1941.9407989321369,1897.8185092579774,-44.12228967415945,-2.272071821057679
South Africa,2035,S1_NO_CN,real_household_consumption,389.19836121226166,389.1354175731177,-0.06294363914395262,-0.01617263725055212
South Africa,2035,S2_CAPACITY,real_household_consumption,389.19836121226166,373.4791550723893,-15.71920613987237,-4.038867504711666
Australia_Oceania,2040,S1_NO_CN,real_household_consumption,1758.5060635036916,1757.074062719898,-1.4320007837936828,-0.0814328033046715
Australia_Oceania,2040,S2_CAPACITY,real_household_consumption,1758.5060635036916,1712.9418985713207,-45.564164932370886,-2.5910723811544725
China,2040,S1_NO_CN,real_household_consumption,17564.773218252143,17559.60684639471,-5.166371857434569,-0.029413256825120974
China,2040,S2_CAPACITY,real_household_consumption,17564.773218252143,17249.170482373,-315.60273587914344,-1.7967936844820183
Japan,2040,S1_NO_CN,real_household_consumption,4023.1665377802537,4014.4976826523025,-8.668855127951247,-0.21547343483161427
Japan,2040,S2_CAPACITY,real_household_consumption,4023.1665377802537,4010.5527934052757,-12.613744374978069,-0.3135277711356585
South Korea,2040,S1_NO_CN,real_household_consumption,1347.6322260297243,1341.6910858643334,-5.941140165390834,-0.4408576799097555
South Korea,2040,S2_CAPACITY,real_household_consumption,1347.6322260297243,1338.6272861905115,-9.004939839212739,-0.6682045490810428
Rest of World,2040,S1_NO_CN,real_household_consumption,78.46350179974134,78.44587835800779,-0.017623441733547907,-0.022460687235865893
Rest of World,2040,S2_CAPACITY,real_household_consumption,78.46350179974134,74.01965864090064,-4.443843158840693,-5.663579953622899
Southeast Asia,2040,S1_NO_CN,real_household_consumption,4079.58380879569,4079.2463812543256,-0.33742754136437725,-0.008271126594749068
Southeast Asia,2040,S2_CAPACITY,real_household_consumption,4079.58380879569,3980.1247805282323,-99.4590282674576,-2.4379699726482227
"Central, Western and South Asia",2040,S1_NO_CN,real_household_consumption,6679.753823987056,6689.694819250766,9.940995263709738,0.14882277888762208
"Central, Western and South Asia",2040,S2_CAPACITY,real_household_consumption,6679.753823987056,6129.208539083676,-550.54528490338,-8.241999621698136
India,2040,S1_NO_CN,real_household_consumption,5323.265763622151,5317.864094520686,-5.401669101464904,-0.10147284282476636
India,2040,S2_CAPACITY,real_household_consumption,5323.265763622151,5197.596335675686,-125.66942794646548,-2.360758104644305
Canada,2040,S1_NO_CN,real_household_consumption,1799.031485186133,1799.2050268656164,0.17354167948337818,0.009646394791440966
Canada,2040,S2_CAPACITY,real_household_consumption,1799.031485186133,1761.9754904960962,-37.05599469003687,-2.059774661820493
United States,2040,S1_NO_CN,real_household_consumption,26676.861440269393,26653.365580274498,-23.495859994895,-0.08807580324808154
United States,2040,S2_CAPACITY,real_household_consumption,26676.861440269393,26528.143570949083,-148.71786932030955,-0.5574788835384368
Rest of America,2040,S1_NO_CN,real_household_consumption,5035.049482761538,5034.753398025559,-0.29608473597818374,-0.005880473210678205
Rest of America,2040,S2_CAPACITY,real_household_consumption,5035.049482761538,4972.202340069248,-62.84714269228971,-1.248193148994047
Brazil,2040,S1_NO_CN,real_household_consumption,2603.7012752728456,2579.184334564365,-24.516940708480433,-0.9416188001794202
Brazil,2040,S2_CAPACITY,real_household_consumption,2603.7012752728456,2551.9949698764613,-51.70630539638432,-1.9858770238903827
"EU, UK and EFTA",2040,S1_NO_CN,real_household_consumption,16864.55373497421,16766.68968196345,-97.86405301076229,-0.5802943531663629
"EU, UK and EFTA",2040,S2_CAPACITY,real_household_consumption,16864.55373497421,16693.302327717563,-171.25140725664824,-1.015451757264718
Eastern Europe,2040,S1_NO_CN,real_household_consumption,391.09468220678747,390.55785268247587,-0.5368295243115995,-0.13726331467420877
Eastern Europe,2040,S2_CAPACITY,real_household_consumption,391.09468220678747,382.53881628369675,-8.555865923090721,-2.187671250044482
Russia,2040,S1_NO_CN,real_household_consumption,1569.7834566517042,1574.677583053559,4.894126401854692,0.31177079750182235
Russia,2040,S2_CAPACITY,real_household_consumption,1569.7834566517042,1430.4052984622017,-139.37815818950253,-8.87881431027382
North Africa,2040,S1_NO_CN,real_household_consumption,1129.3025062629852,1131.6895532971319,2.38704703414669,0.21137357093501472
North Africa,2040,S2_CAPACITY,real_household_consumption,1129.3025062629852,1082.7374669784183,-46.565039284566865,-4.123345075949302
Sub Saharan,2040,S1_NO_CN,real_household_consumption,2435.085915649702,2435.9727965993743,0.8868809496721042,0.03642093052948715
Sub Saharan,2040,S2_CAPACITY,real_household_consumption,2435.085915649702,2381.6096304789767,-53.47628517072553,-2.1960738562465707
South Africa,2040,S1_NO_CN,real_household_consumption,461.97437998867383,461.8748979958541,-0.09948199281973302,-0.021534093042599463
South Africa,2040,S2_CAPACITY,real_household_consumption,461.97437998867383,444.30016348142425,-17.674216507249582,-3.8258001466840863
Australia_Oceania,2045,S1_NO_CN,real_household_consumption,2010.4645781672577,2008.9498696635158,-1.5147085037419856,-0.07534121815380582
Australia_Oceania,2045,S2_CAPACITY,real_household_consumption,2010.4645781672577,1962.3999455554945,-48.06463261176327,-2.390722678415904
China,2045,S1_NO_CN,real_household_consumption,18915.649768662737,18910.61154408048,-5.038224582258408,-0.026635218159965918
China,2045,S2_CAPACITY,real_household_consumption,18915.649768662737,18602.747065656953,-312.90270300578413,-1.654200129694541
Japan,2045,S1_NO_CN,real_household_consumption,4180.014109379032,4171.485948024893,-8.52816135413832,-0.2040223102358196
Japan,2045,S2_CAPACITY,real_household_consumption,4180.014109379032,4165.470099086079,-14.544010292952407,-0.3479416555154407
South Korea,2045,S1_NO_CN,real_household_consumption,1421.1033020792047,1415.1289913366766,-5.974310742528132,-0.420399469467643
South Korea,2045,S2_CAPACITY,real_household_consumption,1421.1033020792047,1410.6797748037545,-10.42352727545017,-0.7334813211819008
Rest of World,2045,S1_NO_CN,real_household_consumption,86.19280516507465,86.17413411543174,-0.018671049642904336,-0.021661958451341657
Rest of World,2045,S2_CAPACITY,real_household_consumption,86.19280516507465,81.52191706763527,-4.670888097439374,-5.419116002192744
Southeast Asia,2045,S1_NO_CN,real_household_consumption,4453.924093546251,4453.746168997705,-0.17792454854588868,-0.00399478178812481
Southeast Asia,2045,S2_CAPACITY,real_household_consumption,4453.924093546251,4351.88230358385,-102.0417899624008,-2.2910536376284374
"Central, Western and South Asia",2045,S1_NO_CN,real_household_consumption,7450.375529392703,7462.241517092202,11.865987699498874,0.15926697456639607
"Central, Western and South Asia",2045,S2_CAPACITY,real_household_consumption,7450.375529392703,6820.9177148145445,-629.4578145781588,-8.448672313158788
India,2045,S1_NO_CN,real_household_consumption,5773.063330573819,5769.035111773992,-4.0282187998273,-0.06977610618775096
India,2045,S2_CAPACITY,real_household_consumption,5773.063330573819,5651.702117856832,-121.36121271698721,-2.1021978413828415
Canada,2045,S1_NO_CN,real_household_consumption,2007.3677320713211,2007.419699769309,0.05196769798794776,0.0025888479304349682
Canada,2045,S2_CAPACITY,real_household_consumption,2007.3677320713211,1967.508131638126,-39.859600433195055,-1.9856650974490635
United States,2045,S1_NO_CN,real_household_consumption,28977.508435878244,28953.54241595153,-23.96601992671276,-0.08270559209652216
United States,2045,S2_CAPACITY,real_household_consumption,28977.508435878244,28843.648929314484,-133.85950656376008,-0.461942774893728
Rest of America,2045,S1_NO_CN,real_household_consumption,5725.9022758663605,5725.447743792245,-0.4545320741153773,-0.007938173797187345
Rest of America,2045,S2_CAPACITY,real_household_consumption,5725.9022758663605,5656.280752082663,-69.62152378369774,-1.215904855329785
Brazil,2045,S1_NO_CN,real_household_consumption,2976.307687373603,2950.3237518646624,-25.983935508940704,-0.873025850760404
Brazil,2045,S2_CAPACITY,real_household_consumption,2976.307687373603,2920.9266955801263,-55.380991793476824,-1.8607280432873163
"EU, UK and EFTA",2045,S1_NO_CN,real_household_consumption,18516.042795984868,18418.767728014303,-97.27506797056412,-0.5253556013148655
"EU, UK and EFTA",2045,S2_CAPACITY,real_household_consumption,18516.042795984868,18327.34082533767,-188.70197064719832,-1.0191268875664816
Eastern Europe,2045,S1_NO_CN,real_household_consumption,445.3967251530079,444.72790691466594,-0.6688182383419417,-0.15016236100797137
Eastern Europe,2045,S2_CAPACITY,real_household_consumption,445.3967251530079,435.5337629545522,-9.862962198455705,-2.21442180453111
Russia,2045,S1_NO_CN,real_household_consumption,1675.4754803086078,1680.8695280073598,5.394047698752047,0.3219413093266224
Russia,2045,S2_CAPACITY,real_household_consumption,1675.4754803086078,1527.5072198270598,-147.968260481548,-8.831419034213114
North Africa,2045,S1_NO_CN,real_household_consumption,1246.2081205731506,1249.2904913953616,3.0823708222110326,0.2473399724592873
North Africa,2045,S2_CAPACITY,real_household_consumption,1246.2081205731506,1195.7261911600228,-50.48192941312777,-4.050842598418501
Sub Saharan,2045,S1_NO_CN,real_household_consumption,2995.927387838335,2996.899802097611,0.9724142592758653,0.03245787141648636
Sub Saharan,2045,S2_CAPACITY,real_household_consumption,2995.927387838335,2932.893283599204,-63.03410423913101,-2.1039930572086494
South Africa,2045,S1_NO_CN,real_household_consumption,541.221981911189,541.0676751317717,-0.1543067794173112,-0.02851081156615548
South Africa,2045,S2_CAPACITY,real_household_consumption,541.221981911189,521.4003723891764,-19.821609522012636,-3.6623807207566883
Australia_Oceania,2050,S1_NO_CN,real_household_consumption,2277.8952203196764,2276.282691507056,-1.6125288126204396,-0.07079029791344571
Australia_Oceania,2050,S2_CAPACITY,real_household_consumption,2277.8952203196764,2227.967245066746,-49.92797525293054,-2.191846877220442
China,2050,S1_NO_CN,real_household_consumption,19954.80045314965,19949.728180305505,-5.072272844146937,-0.025418810155760457
China,2050,S2_CAPACITY,real_household_consumption,19954.80045314965,19644.802662169823,-309.997790979829,-1.5534998293150015
Japan,2050,S1_NO_CN,real_household_consumption,4350.225562568865,4341.996837392906,-8.22872517595897,-0.18915628759028766
Japan,2050,S2_CAPACITY,real_household_consumption,4350.225562568865,4331.2711655976,-18.95439697126494,-0.4357106705996211
South Korea,2050,S1_NO_CN,real_household_consumption,1489.259687398642,1483.4545212499122,-5.805166148729768,-0.3898021411477213
South Korea,2050,S2_CAPACITY,real_household_consumption,1489.259687398642,1476.6573480246075,-12.6023393740345,-0.8462150342662926
Rest of World,2050,S1_NO_CN,real_household_consumption,93.32603360642588,93.30779549081305,-0.018238115612831507,-0.019542366591668518
Rest of World,2050,S2_CAPACITY,real_household_consumption,93.32603360642588,88.5724307763929,-4.753602830032975,-5.09354426234361
Southeast Asia,2050,S1_NO_CN,real_household_consumption,4722.607359279955,4722.711885200622,0.1045259206675837,0.002213309570658877
Southeast Asia,2050,S2_CAPACITY,real_household_consumption,4722.607359279955,4622.951937175969,-99.65542210398598,-2.1101780123253824
"Central, Western and South Asia",2050,S1_NO_CN,real_household_consumption,8154.21495361009,8167.391730112952,13.176776502862594,0.16159466702590275
"Central, Western and South Asia",2050,S2_CAPACITY,real_household_consumption,8154.21495361009,7470.492187672509,-683.7227659375803,-8.384899954530606
India,2050,S1_NO_CN,real_household_consumption,6050.992515514318,6048.743524660991,-2.2489908533270864,-0.037167305157969246
India,2050,S2_CAPACITY,real_household_consumption,6050.992515514318,5917.335474657937,-133.65704085638117,-2.2088449211215173
Canada,2050,S1_NO_CN,real_household_consumption,2227.9967052248453,2227.948896502677,-0.04780872216815624,-0.002145816556013779
Canada,2050,S2_CAPACITY,real_household_consumption,2227.9967052248453,2185.9923369735207,-42.00436825132465,-1.885297592802573
United States,2050,S1_NO_CN,real_household_consumption,31236.800736763293,31212.70189448257,-24.098842280724057,-0.07714888116682701
United States,2050,S2_CAPACITY,real_household_consumption,31236.800736763293,31117.52962456976,-119.27111219353174,-0.38182883451684246
Rest of America,2050,S1_NO_CN,real_household_consumption,6460.729391400044,6460.133016424683,-0.5963749753609591,-0.009230768528315102
Rest of America,2050,S2_CAPACITY,real_household_consumption,6460.729391400044,6382.718576298005,-78.01081510203858,-1.2074614238739008
Brazil,2050,S1_NO_CN,real_household_consumption,3389.5899831628753,3362.4021086615367,-27.187874501338683,-0.8020992107124794
Brazil,2050,S2_CAPACITY,real_household_consumption,3389.5899831628753,3330.3741317215554,-59.215851441319955,-1.7469915752484255
"EU, UK and EFTA",2050,S1_NO_CN,real_household_consumption,20240.18361917021,20144.695617427464,-95.48800174274584,-0.4717743847556091
"EU, UK and EFTA",2050,S2_CAPACITY,real_household_consumption,20240.18361917021,20034.432729537097,-205.75088963311282,-1.0165465566144307
Eastern Europe,2050,S1_NO_CN,real_household_consumption,506.6228147004193,505.82728770962234,-0.7955269907969864,-0.15702549662462487
Eastern Europe,2050,S2_CAPACITY,real_household_consumption,506.6228147004193,494.85927319138733,-11.763541509031995,-2.3219525784657202
Russia,2050,S1_NO_CN,real_household_consumption,1774.6709078749402,1780.2440755934806,5.57316771854039,0.3140395041024207
Russia,2050,S2_CAPACITY,real_household_consumption,1774.6709078749402,1620.96939259284,-153.70151528210022,-8.660846053207036
North Africa,2050,S1_NO_CN,real_household_consumption,1322.6816892710656,1326.536477559464,3.8547882883983675,0.29143733671271693
North Africa,2050,S2_CAPACITY,real_household_consumption,1322.6816892710656,1268.8634053918433,-53.818283879222236,-4.068876458770793
Sub Saharan,2050,S1_NO_CN,real_household_consumption,3583.7572511877374,3584.8445017821164,1.0872505943789292,0.030338287952360335
Sub Saharan,2050,S2_CAPACITY,real_household_consumption,3583.7572511877374,3511.5806297173003,-72.17662147043711,-2.0139930361219682
South Africa,2050,S1_NO_CN,real_household_consumption,626.5134011690617,626.2993887735458,-0.2140123955158515,-0.03415926859928432
South Africa,2050,S2_CAPACITY,real_household_consumption,626.5134011690617,604.0686736994934,-22.444727469568306,-3.582481624125978
Australia_Oceania,2025,S1_NO_CN,real_investment,518.0490398845686,518.462214781595,0.4131748970263516,0.07975594301234781
Australia_Oceania,2025,S2_CAPACITY,real_investment,518.0490398845686,507.3606209613076,-10.688418923261054,-2.063206009539684
China,2025,S1_NO_CN,real_investment,8163.025365630385,8161.3605498727475,-1.6648157576373706,-0.020394592483405888
China,2025,S2_CAPACITY,real_investment,8163.025365630385,8040.4355549855445,-122.58981064484033,-1.5017693214698642
Japan,2025,S1_NO_CN,real_investment,1677.143627765767,1675.810031426121,-1.3335963396459647,-0.07951592920056202
Japan,2025,S2_CAPACITY,real_investment,1677.143627765767,1694.1904020302497,17.046774264482792,1.0164170785534878
South Korea,2025,S1_NO_CN,real_investment,743.4440905251408,741.6989476588008,-1.7451428663400748,-0.2347376068464505
South Korea,2025,S2_CAPACITY,real_investment,743.4440905251408,750.8043432163324,7.36025269119159,0.9900210096488339
Rest of World,2025,S1_NO_CN,real_investment,42.72647187861058,42.72419154791105,-0.002280330699534261,-0.005337044224041873
Rest of World,2025,S2_CAPACITY,real_investment,42.72647187861058,38.96244320181182,-3.764028676798759,-8.809593938607133
Southeast Asia,2025,S1_NO_CN,real_investment,1361.3964600623658,1361.3751915388902,-0.021268523475555412,-0.00156225788001396
Southeast Asia,2025,S2_CAPACITY,real_investment,1361.3964600623658,1340.7512787080423,-20.64518135432354,-1.5164709149734223
"Central, Western and South Asia",2025,S1_NO_CN,real_investment,1971.0901946433617,1973.3615874746743,2.271392831312596,0.11523535744256339
"Central, Western and South Asia",2025,S2_CAPACITY,real_investment,1971.0901946433617,1729.3237527834697,-241.76644185989198,-12.265620442784249
India,2025,S1_NO_CN,real_investment,1502.163330400172,1501.4624948557412,-0.7008355444309018,-0.046655082722875496
India,2025,S2_CAPACITY,real_investment,1502.163330400172,1457.7870415364507,-44.376288863721356,-2.9541587100185462
Canada,2025,S1_NO_CN,real_investment,536.9824329223181,537.0717378707909,0.0893049484727726,0.016630888274457162
Canada,2025,S2_CAPACITY,real_investment,536.9824329223181,542.1695781614774,5.187145239159236,0.9659804345796219
United States,2025,S1_NO_CN,real_investment,6346.256639999658,6347.971409422862,1.714769423204416,0.02702017142509554
United States,2025,S2_CAPACITY,real_investment,6346.256639999658,6466.125171243657,119.86853124399931,1.8888068674765377
Rest of America,2025,S1_NO_CN,real_investment,1046.4273195088842,1046.5553719913732,0.1280524824890108,0.012237111942863761
Rest of America,2025,S2_CAPACITY,real_investment,1046.4273195088842,1050.7192734438288,4.291953934944559,0.4101530851620813
Brazil,2025,S1_NO_CN,real_investment,422.0924351242627,420.76579027979204,-1.3266448444706498,-0.3143019713395455
Brazil,2025,S2_CAPACITY,real_investment,422.0924351242627,424.93011245285015,2.8376773285874606,0.6722881275406078
"EU, UK and EFTA",2025,S1_NO_CN,real_investment,5334.969759132045,5334.249713838211,-0.7200452938332091,-0.013496708066633063
"EU, UK and EFTA",2025,S2_CAPACITY,real_investment,5334.969759132045,5358.079496993502,23.10973786145769,0.4331746739876076
Eastern Europe,2025,S1_NO_CN,real_investment,82.92180105534462,82.93675184248717,0.014950787142552713,0.01802998361380753
Eastern Europe,2025,S2_CAPACITY,real_investment,82.92180105534462,88.5053795380814,5.583578482736783,6.733547042725383
Russia,2025,S1_NO_CN,real_investment,553.8103657388657,556.0270051569734,2.216639418107661,0.4002524248801904
Russia,2025,S2_CAPACITY,real_investment,553.8103657388657,492.51650011281805,-61.29386562604765,-11.067663124050139
North Africa,2025,S1_NO_CN,real_investment,268.148917372234,268.44643281712695,0.29751544489295156,0.11095157415084846
North Africa,2025,S2_CAPACITY,real_investment,268.148917372234,263.2100788831282,-4.9388384891058195,-1.841826749667579
Sub Saharan,2025,S1_NO_CN,real_investment,465.1015033619432,465.2161557916896,0.11465242974639978,0.0246510555045824
Sub Saharan,2025,S2_CAPACITY,real_investment,465.1015033619432,461.4874746746204,-3.6140286873227865,-0.777040852630902
South Africa,2025,S1_NO_CN,real_investment,91.97982212432018,92.00523802645907,0.02541590213888867,0.02763204097583105
South Africa,2025,S2_CAPACITY,real_investment,91.97982212432018,91.0631517540516,-0.9166703702685766,-0.9965994161519495
Australia_Oceania,2030,S1_NO_CN,real_investment,571.3655847076008,571.972370712991,0.6067860053902905,0.10619925694348852
Australia_Oceania,2030,S2_CAPACITY,real_investment,571.3655847076008,559.4250452589683,-11.940539448632421,-2.0898247581262797
China,2030,S1_NO_CN,real_investment,8566.220339476904,8562.994634169632,-3.22570530727171,-0.03765610945595508
China,2030,S2_CAPACITY,real_investment,8566.220339476904,8439.699002228186,-126.52133724871783,-1.4769797207486242
Japan,2030,S1_NO_CN,real_investment,1757.469494310285,1755.19015636685,-2.279337943434939,-0.1296943105308044
Japan,2030,S2_CAPACITY,real_investment,1757.469494310285,1775.1121288784739,17.642634568188896,1.0038657641174427
South Korea,2030,S1_NO_CN,real_investment,846.0720091864191,842.7596106066136,-3.3123985798055173,-0.3915031514859725
South Korea,2030,S2_CAPACITY,real_investment,846.0720091864191,852.681679159541,6.609669973121868,0.7812183716463698
Rest of World,2030,S1_NO_CN,real_investment,49.580751116708875,49.5736387100019,-0.007112406706973218,-0.014345096729638518
Rest of World,2030,S2_CAPACITY,real_investment,49.580751116708875,45.1208996218113,-4.459851494897578,-8.995126928189261
Southeast Asia,2030,S1_NO_CN,real_investment,1647.290794254153,1647.232715371518,-0.05807888263507266,-0.003525721313908583
Southeast Asia,2030,S2_CAPACITY,real_investment,1647.290794254153,1621.7140077577997,-25.576786496353407,-1.5526576476701466
"Central, Western and South Asia",2030,S1_NO_CN,real_investment,2325.5335027218753,2329.746288927482,4.21278620560679,0.18115353748617324
"Central, Western and South Asia",2030,S2_CAPACITY,real_investment,2325.5335027218753,2030.8359615669567,-294.69754115491855,-12.672255239926475
India,2030,S1_NO_CN,real_investment,2076.645717648326,2074.988954756725,-1.6567628916009198,-0.07978071933604074
India,2030,S2_CAPACITY,real_investment,2076.645717648326,2016.160798437312,-60.4849192110139,-2.912625812722132
Canada,2030,S1_NO_CN,real_investment,587.8610763536235,588.0133867229732,0.15231036934972053,0.025909245479300853
Canada,2030,S2_CAPACITY,real_investment,587.8610763536235,593.3385112283011,5.477434874677556,0.9317566845304528
United States,2030,S1_NO_CN,real_investment,6933.281513165678,6936.516238172006,3.234725006327608,0.04665503629392743
United States,2030,S2_CAPACITY,real_investment,6933.281513165678,7074.657910722759,141.37639755708096,2.039097897418703
Rest of America,2030,S1_NO_CN,real_investment,1165.1168910180402,1165.3243293745775,0.20743835653729548,0.017804081130095264
Rest of America,2030,S2_CAPACITY,real_investment,1165.1168910180402,1169.114475276357,3.9975842583169197,0.3431058539391669
Brazil,2030,S1_NO_CN,real_investment,478.82892518532645,476.3194986420407,-2.5094265432857696,-0.5240758048011653
Brazil,2030,S2_CAPACITY,real_investment,478.82892518532645,480.5044490927795,1.675523907453055,0.3499211971800907
"EU, UK and EFTA",2030,S1_NO_CN,real_investment,5904.054002905067,5907.538005385734,3.4840024806671863,0.059010342367344475
"EU, UK and EFTA",2030,S2_CAPACITY,real_investment,5904.054002905067,5917.087428729457,13.033425824390179,0.22075383826057707
Eastern Europe,2030,S1_NO_CN,real_investment,87.20269043994823,87.23450659103901,0.031816151090779954,0.03648528609640779
Eastern Europe,2030,S2_CAPACITY,real_investment,87.20269043994823,93.1058707668867,5.903180326938468,6.769493346083936
Russia,2030,S1_NO_CN,real_investment,608.2764471778312,611.5163362563543,3.239889078523106,0.5326343134860713
Russia,2030,S2_CAPACITY,real_investment,608.2764471778312,541.2825080044878,-66.99393917334339,-11.013732240360367
North Africa,2030,S1_NO_CN,real_investment,339.37260078060524,339.9125615222699,0.5399607416646859,0.15910557906640058
North Africa,2030,S2_CAPACITY,real_investment,339.37260078060524,333.99293266725715,-5.379668113348089,-1.5851804479719598
Sub Saharan,2030,S1_NO_CN,real_investment,525.054854284799,525.2351146827737,0.1802603979746209,0.03433172677170307
Sub Saharan,2030,S2_CAPACITY,real_investment,525.054854284799,520.5854984027901,-4.4693558820089265,-0.8512169434366698
South Africa,2030,S1_NO_CN,real_investment,105.81534440925311,105.84493492882156,0.02959051956844405,0.027964299255124368
South Africa,2030,S2_CAPACITY,real_investment,105.81534440925311,104.4978945930516,-1.317449816201517,-1.245046097573644
Australia_Oceania,2035,S1_NO_CN,real_investment,662.4911824982333,663.2322407277522,0.7410582295188988,0.111859334749844
Australia_Oceania,2035,S2_CAPACITY,real_investment,662.4911824982333,650.2320590210898,-12.25912347714359,-1.850458360957322
China,2035,S1_NO_CN,real_investment,9160.939593646388,9157.100765520861,-3.838828125526561,-0.04190430562590979
China,2035,S2_CAPACITY,real_investment,9160.939593646388,9024.81311947223,-136.12647417415792,-1.4859444577996024
Japan,2035,S1_NO_CN,real_investment,1844.1835783924091,1841.8498105628703,-2.3337678295388287,-0.12654747916002995
Japan,2035,S2_CAPACITY,real_investment,1844.1835783924091,1861.7740240770104,17.590445684601264,0.9538337663723808
South Korea,2035,S1_NO_CN,real_investment,934.6575618591446,931.1445751322658,-3.5129867268788075,-0.3758581613453232
South Korea,2035,S2_CAPACITY,real_investment,934.6575618591446,939.933307496273,5.275745637128352,0.5644575994906915
Rest of World,2035,S1_NO_CN,real_investment,57.674380723575645,57.66299638981482,-0.01138433376082304,-0.019738978759713754
Rest of World,2035,S2_CAPACITY,real_investment,57.674380723575645,52.6677941915188,-5.0065865320568435,-8.6807807370358
Southeast Asia,2035,S1_NO_CN,real_investment,1952.2461886781227,1952.0766823217741,-0.1695063563486201,-0.008682632207539042
Southeast Asia,2035,S2_CAPACITY,real_investment,1952.2461886781227,1922.2029301166679,-30.043258561454877,-1.538907271822994
"Central, Western and South Asia",2035,S1_NO_CN,real_investment,2726.19271662881,2731.4716923392034,5.278975710393297,0.19363912456347693
"Central, Western and South Asia",2035,S2_CAPACITY,real_investment,2726.19271662881,2369.928008705775,-356.2647079230351,-13.068214354397858
India,2035,S1_NO_CN,real_investment,2633.689967736824,2631.510134389464,-2.1798333473602725,-0.08276727230857174
India,2035,S2_CAPACITY,real_investment,2633.689967736824,2558.5083057750453,-75.1816619617789,-2.8546132188210374
Canada,2035,S1_NO_CN,real_investment,652.2525089414498,652.4272073711624,0.17469842971252092,0.026783864733006788
Canada,2035,S2_CAPACITY,real_investment,652.2525089414498,657.7984415391979,5.545932597748106,0.8502738619968946
United States,2035,S1_NO_CN,real_investment,7507.366599075745,7511.57843935585,4.211840280104298,0.05610276552396988
United States,2035,S2_CAPACITY,real_investment,7507.366599075745,7663.474815525459,156.10821644971384,2.0794004713841043
Rest of America,2035,S1_NO_CN,real_investment,1346.5274478967658,1346.731190720856,0.20374282409011357,0.01513098187551643
Rest of America,2035,S2_CAPACITY,real_investment,1346.5274478967658,1350.804285311656,4.276837414890224,0.31761977236858496
Brazil,2035,S1_NO_CN,real_investment,547.4683208022824,544.6728086772222,-2.7955121250602133,-0.5106253675031929
Brazil,2035,S2_CAPACITY,real_investment,547.4683208022824,549.2553371151851,1.787016312902665,0.3264145604413966
"EU, UK and EFTA",2035,S1_NO_CN,real_investment,6578.727199111574,6584.197462536715,5.470263425140729,0.08315078676433736
"EU, UK and EFTA",2035,S2_CAPACITY,real_investment,6578.727199111574,6589.738189745701,11.010990634126756,0.1673726588877821
Eastern Europe,2035,S1_NO_CN,real_investment,98.88664936459581,98.90458934228789,0.017939977692080333,0.01814196133386571
Eastern Europe,2035,S2_CAPACITY,real_investment,98.88664936459581,105.14175313939933,6.255103774803516,6.325529093154831
Russia,2035,S1_NO_CN,real_investment,675.2850786649991,678.8795915073312,3.594512842332051,0.5322956120159211
Russia,2035,S2_CAPACITY,real_investment,675.2850786649991,601.7516307912032,-73.53344787379592,-10.889245179112715
North Africa,2035,S1_NO_CN,real_investment,407.1973472328315,407.8916502259206,0.6943029930891385,0.17050773975011746
North Africa,2035,S2_CAPACITY,real_investment,407.1973472328315,400.43790075770255,-6.759446475128925,-1.6599927580726452
Sub Saharan,2035,S1_NO_CN,real_investment,705.2893401256905,705.4789262883592,0.18958616266866102,0.026880622162086646
Sub Saharan,2035,S2_CAPACITY,real_investment,705.2893401256905,699.288376245063,-6.000963880627523,-0.8508513512423261
South Africa,2035,S1_NO_CN,real_investment,128.3968473828846,128.42107592486502,0.02422854198042046,0.018870044299584682
South Africa,2035,S2_CAPACITY,real_investment,128.3968473828846,126.98584091838815,-1.4110064644964524,-1.0989416743923424
Australia_Oceania,2040,S1_NO_CN,real_investment,759.5561170866047,760.3279512261065,0.7718341395018342,0.10161647337688805
Australia_Oceania,2040,S2_CAPACITY,real_investment,759.5561170866047,746.8631211530577,-12.692995933546968,-1.6711070647726363
China,2040,S1_NO_CN,real_investment,9290.234582859215,9285.827586466214,-4.406996393001464,-0.04743686882925987
China,2040,S2_CAPACITY,real_investment,9290.234582859215,9144.293524034332,-145.94105882488293,-1.5709082211352223
Japan,2040,S1_NO_CN,real_investment,1922.676678661988,1920.3245138323819,-2.3521648296061812,-0.12233803299903126
Japan,2040,S2_CAPACITY,real_investment,1922.676678661988,1940.8538213971144,18.17714273512638,0.9454081872869055
South Korea,2040,S1_NO_CN,real_investment,1015.1130465008412,1011.498528649814,-3.6145178510271307,-0.35607047544966564
South Korea,2040,S2_CAPACITY,real_investment,1015.1130465008412,1019.6009412749385,4.487894774097299,0.44210788045403965
Rest of World,2040,S1_NO_CN,real_investment,66.02917148218157,66.01458480943406,-0.014586672747512353,-0.022091255152957155
Rest of World,2040,S2_CAPACITY,real_investment,66.02917148218157,60.4284447833822,-5.60072669879937,-8.482200477573409
Southeast Asia,2040,S1_NO_CN,real_investment,2264.4569745705594,2264.11671333515,-0.3402612354093435,-0.0150261735696644
Southeast Asia,2040,S2_CAPACITY,real_investment,2264.4569745705594,2227.334904844455,-37.1220697261042,-1.6393365006700635
"Central, Western and South Asia",2040,S1_NO_CN,real_investment,3154.889248211493,3161.2089233811757,6.319675169682796,0.20031369320699358
"Central, Western and South Asia",2040,S2_CAPACITY,real_investment,3154.889248211493,2730.629729071461,-424.2595191400319,-13.447683445006657
India,2040,S1_NO_CN,real_investment,3231.9160440884175,3229.297900367452,-2.6181437209656906,-0.0810090263871367
India,2040,S2_CAPACITY,real_investment,3231.9160440884175,3148.336299164622,-83.57974492379572,-2.5860741363215056
Canada,2040,S1_NO_CN,real_investment,717.3967330522665,717.6001852557101,0.2034522034435895,0.028359789509770018
Canada,2040,S2_CAPACITY,real_investment,717.3967330522665,723.4696066723146,6.072873620048085,0.846515371516982
United States,2040,S1_NO_CN,real_investment,8038.2672107443495,8043.321556395729,5.054345651379663,0.06287854731457262
United States,2040,S2_CAPACITY,real_investment,8038.2672107443495,8216.675982722149,178.408771977799,2.2194929242875743
Rest of America,2040,S1_NO_CN,real_investment,1545.5442424359223,1545.7359941982563,0.19175176233397906,0.012406746896598724
Rest of America,2040,S2_CAPACITY,real_investment,1545.5442424359223,1549.9219688754645,4.37772643954213,0.28324821246413645
Brazil,2040,S1_NO_CN,real_investment,623.1817752243026,620.1029358723904,-3.0788393519121655,-0.49405157119750415
Brazil,2040,S2_CAPACITY,real_investment,623.1817752243026,625.0750492975922,1.8932740732896036,0.3038076767582228
"EU, UK and EFTA",2040,S1_NO_CN,real_investment,7246.719146973314,7253.553285975915,6.83413900260075,0.09430666297389373
"EU, UK and EFTA",2040,S2_CAPACITY,real_investment,7246.719146973314,7258.855200921088,12.13605394777369,0.1674696328316031
Eastern Europe,2040,S1_NO_CN,real_investment,110.60626500132788,110.59490850309037,-0.011356498237518053,-0.01026749998056775
Eastern Europe,2040,S2_CAPACITY,real_investment,110.60626500132788,117.07148620412597,6.465221202798091,5.845257682935476
Russia,2040,S1_NO_CN,real_investment,745.851689259294,749.7234012311511,3.8717119718571666,0.5190994439795622
Russia,2040,S2_CAPACITY,real_investment,745.851689259294,665.880527816691,-79.97116144260292,-10.722126475576177
North Africa,2040,S1_NO_CN,real_investment,488.29040980370553,489.14513106723734,0.8547212635318147,0.17504363107918003
North Africa,2040,S2_CAPACITY,real_investment,488.29040980370553,479.26074230161566,-9.029667502089865,-1.8492412139980023
Sub Saharan,2040,S1_NO_CN,real_investment,945.5867656838075,945.7671465376534,0.18038085384591795,0.019076076399554335
Sub Saharan,2040,S2_CAPACITY,real_investment,945.5867656838075,937.0671511867454,-8.519614497062094,-0.9009870702770545
South Africa,2040,S1_NO_CN,real_investment,154.16117211290725,154.17779147426845,0.016619361361193796,0.01078051050949575
South Africa,2040,S2_CAPACITY,real_investment,154.16117211290725,152.61016751632602,-1.5510045965812367,-1.006092893121807
Australia_Oceania,2045,S1_NO_CN,real_investment,862.4081736906415,863.1963709697562,0.7881972791146836,0.0913949221679596
Australia_Oceania,2045,S2_CAPACITY,real_investment,862.4081736906415,850.0016562876378,-12.406517403003704,-1.4385899602401153
China,2045,S1_NO_CN,real_investment,9524.633698956011,9519.606452246524,-5.027246709487372,-0.05278152282159056
China,2045,S2_CAPACITY,real_investment,9524.633698956011,9362.43197662985,-162.20172232616096,-1.7029707120804003
Japan,2045,S1_NO_CN,real_investment,2001.8900724109903,1999.5828682597955,-2.30720415119481,-0.1152512909170938
Japan,2045,S2_CAPACITY,real_investment,2001.8900724109903,2020.596536156958,18.706463745967767,0.9344401075648727
South Korea,2045,S1_NO_CN,real_investment,1088.7950230387196,1085.288647604013,-3.5063754347065696,-0.322041831613137
South Korea,2045,S2_CAPACITY,real_investment,1088.7950230387196,1092.574999754154,3.7799767154344863,0.3471706460307785
Rest of World,2045,S1_NO_CN,real_investment,74.24172381681889,74.2246576776009,-0.017066139217988052,-0.022987261529778556
Rest of World,2045,S2_CAPACITY,real_investment,74.24172381681889,68.24541808413468,-5.996305732684206,-8.076732899520566
Southeast Asia,2045,S1_NO_CN,real_investment,2578.190709175451,2577.5425160767513,-0.6481930986997213,-0.025141394559870415
Southeast Asia,2045,S2_CAPACITY,real_investment,2578.190709175451,2532.279491221879,-45.91121795357185,-1.7807533705780452
"Central, Western and South Asia",2045,S1_NO_CN,real_investment,3596.6829326339084,3603.7984256629534,7.115493029044956,0.19783487069387476
"Central, Western and South Asia",2045,S2_CAPACITY,real_investment,3596.6829326339084,3104.6729730487723,-492.00995958513613,-13.679547761104127
India,2045,S1_NO_CN,real_investment,3838.9705438328783,3836.337544485619,-2.6329993472591013,-0.06858607840815263
India,2045,S2_CAPACITY,real_investment,3838.9705438328783,3762.604410703851,-76.36613312902728,-1.9892346726052847
Canada,2045,S1_NO_CN,real_investment,782.268971533684,782.4995151032634,0.2305435695794813,0.029471138185052537
Canada,2045,S2_CAPACITY,real_investment,782.268971533684,789.023832123526,6.754860589841996,0.8634959119749692
United States,2045,S1_NO_CN,real_investment,8547.42410000267,8553.295968217219,5.871868214548158,0.06869751805747329
United States,2045,S2_CAPACITY,real_investment,8547.42410000267,8747.373669922232,199.94956991956133,2.339296232177117
Rest of America,2045,S1_NO_CN,real_investment,1763.0732487118084,1763.2400484348836,0.16679972307520075,0.009460736994170445
Rest of America,2045,S2_CAPACITY,real_investment,1763.0732487118084,1767.6393976495597,4.5661489377512225,0.2589880449429702
Brazil,2045,S1_NO_CN,real_investment,709.3752462235042,706.0490569526947,-3.3261892708094365,-0.46888995471959954
Brazil,2045,S2_CAPACITY,real_investment,709.3752462235042,711.6947373719844,2.3194911484802105,0.3269766122836212
"EU, UK and EFTA",2045,S1_NO_CN,real_investment,7923.6762929469,7932.106015216597,8.429722269697777,0.1063865049257669
"EU, UK and EFTA",2045,S2_CAPACITY,real_investment,7923.6762929469,7941.866618955023,18.19032600812352,0.22956927233783228
Eastern Europe,2045,S1_NO_CN,real_investment,122.44067662344123,122.39572141445736,-0.04495520898387895,-0.03671591028701673
Eastern Europe,2045,S2_CAPACITY,real_investment,122.44067662344123,129.0964678420995,6.65579121865828,5.435931425900035
Russia,2045,S1_NO_CN,real_investment,811.6211274825234,815.5929808760859,3.971853393562469,0.4893728439379487
Russia,2045,S2_CAPACITY,real_investment,811.6211274825234,727.8062763964176,-83.81485108610582,-10.326844416443631
North Africa,2045,S1_NO_CN,real_investment,584.20573678869,585.1465740719194,0.9408372832293708,0.16104553994985435
North Africa,2045,S2_CAPACITY,real_investment,584.20573678869,571.9009742945145,-12.30476249417552,-2.1062378746592505
Sub Saharan,2045,S1_NO_CN,real_investment,1267.207481776752,1267.322405351245,0.11492357449287738,0.009069041664096158
Sub Saharan,2045,S2_CAPACITY,real_investment,1267.207481776752,1254.8040630245682,-12.403418752183825,-0.9787993624211394
South Africa,2045,S1_NO_CN,real_investment,181.87881879577122,181.88560903368148,0.006790237910252017,0.00373338575388301
South Africa,2045,S2_CAPACITY,real_investment,181.87881879577122,180.3439002661318,-1.5349185296394126,-0.8439237398847128
Australia_Oceania,2050,S1_NO_CN,real_investment,969.428285474914,970.2279826996382,0.7996972247242411,0.08249163313121989
Australia_Oceania,2050,S2_CAPACITY,real_investment,969.428285474914,957.6626354929421,-11.765649981971933,-1.2136689385133888
China,2050,S1_NO_CN,real_investment,9658.676864496781,9653.716826326694,-4.9600381700875005,-0.05135318470296417
China,2050,S2_CAPACITY,real_investment,9658.676864496781,9494.335820450848,-164.3410440459338,-1.7014860974386268
Japan,2050,S1_NO_CN,real_investment,2081.488440593718,2079.281501995322,-2.206938598396391,-0.10602694472648092
Japan,2050,S2_CAPACITY,real_investment,2081.488440593718,2100.685524463196,19.197083869477865,0.9222767465382676
South Korea,2050,S1_NO_CN,real_investment,1153.124061666029,1149.914291516833,-3.2097701491961743,-0.2783542773844049
South Korea,2050,S2_CAPACITY,real_investment,1153.124061666029,1156.632584924429,3.5085232583999186,0.3042624271781146
Rest of World,2050,S1_NO_CN,real_investment,82.22328105804168,82.20664560998166,-0.016635448060014824,-0.020232041151789854
Rest of World,2050,S2_CAPACITY,real_investment,82.22328105804168,76.01091339894103,-6.21236765910065,-7.55548499057745
Southeast Asia,2050,S1_NO_CN,real_investment,2913.8709566681555,2913.203914820895,-0.6670418472604069,-0.022891948791827457
Southeast Asia,2050,S2_CAPACITY,real_investment,2913.8709566681555,2871.117242668719,-42.75371399943651,-1.4672480228267533
"Central, Western and South Asia",2050,S1_NO_CN,real_investment,4062.844819204939,4070.388227814128,7.5434086091891,0.1856681449788987
"Central, Western and South Asia",2050,S2_CAPACITY,real_investment,4062.844819204939,3501.733440281557,-561.1113789233823,-13.810800163250798
India,2050,S1_NO_CN,real_investment,4347.446998400783,4345.497217253308,-1.9497811474748232,-0.04484887678198387
India,2050,S2_CAPACITY,real_investment,4347.446998400783,4292.427241292541,-55.01975710824172,-1.2655647585463572
Canada,2050,S1_NO_CN,real_investment,845.344437420315,845.5960228223697,0.25158540205472946,0.02976128911695178
Canada,2050,S2_CAPACITY,real_investment,845.344437420315,852.8762042117875,7.531766791472478,0.8909701724017611
United States,2050,S1_NO_CN,real_investment,9012.82099155223,9019.343423268938,6.522431716708525,0.07236837082221026
United States,2050,S2_CAPACITY,real_investment,9012.82099155223,9231.319267341658,218.4982757894286,2.424305064909514
Rest of America,2050,S1_NO_CN,real_investment,1996.2207758205816,1996.3596881732676,0.1389123526860203,0.006958767004562306
Rest of America,2050,S2_CAPACITY,real_investment,1996.2207758205816,2001.0709925082408,4.850216687659213,0.242969953344236
Brazil,2050,S1_NO_CN,real_investment,802.6987621605005,799.1970835336308,-3.501678626869648,-0.4362381994267338
Brazil,2050,S2_CAPACITY,real_investment,802.6987621605005,805.7751718256411,3.076409665140659,0.38325830438063235
"EU, UK and EFTA",2050,S1_NO_CN,real_investment,8586.68474429716,8597.043438480223,10.358694183063562,0.12063671243949281
"EU, UK and EFTA",2050,S2_CAPACITY,real_investment,8586.68474429716,8618.035171396017,31.350427098857836,0.36510513699340363
Eastern Europe,2050,S1_NO_CN,real_investment,134.38874406850542,134.31894858788155,-0.06979548062386698,-0.05193551075102565
Eastern Europe,2050,S2_CAPACITY,real_investment,134.38874406850542,141.42094329371793,7.0321992252125085,5.232729328601959
Russia,2050,S1_NO_CN,real_investment,872.9420276061971,876.8411062502562,3.8990786440590455,0.4466595169843287
Russia,2050,S2_CAPACITY,real_investment,872.9420276061971,787.594152137635,-85.34787546856217,-9.777038196064998
North Africa,2050,S1_NO_CN,real_investment,702.2083354774066,703.0978301288909,0.8894946514842559,0.12667104711588476
North Africa,2050,S2_CAPACITY,real_investment,702.2083354774066,686.8430664700088,-15.365269007397842,-2.188135376796907
Sub Saharan,2050,S1_NO_CN,real_investment,1701.8730377745455,1701.8618147536693,-0.011223020876286682,-0.0006594511239782297
Sub Saharan,2050,S2_CAPACITY,real_investment,1701.8730377745455,1683.9135643656489,-17.959473408896656,-1.055276921971886
South Africa,2050,S1_NO_CN,real_investment,210.81540060077788,210.81694391807684,0.0015433172989673949,0.0007320704723512976
South Africa,2050,S2_CAPACITY,real_investment,210.81540060077788,209.42989547272282,-1.3855051280550583,-0.6572124826301452
Australia_Oceania,2025,S1_NO_CN,government_income,891.6421932785835,893.3932148359813,1.7510215573978485,0.19638163947348797
Australia_Oceania,2025,S2_CAPACITY,government_income,891.6421932785835,848.5054890738671,-43.13670420471635,-4.8378940038831
China,2025,S1_NO_CN,government_income,5078.49933434341,5077.896107828576,-0.6032265148342049,-0.011878046547232539
China,2025,S2_CAPACITY,government_income,5078.49933434341,5413.872483759241,335.373149415831,6.603784451597074
Japan,2025,S1_NO_CN,government_income,2562.2399189757098,2558.196497039073,-4.043421936636605,-0.15780809231373688
Japan,2025,S2_CAPACITY,government_income,2562.2399189757098,2616.1029478015907,53.863028825880974,2.1021852179796436
South Korea,2025,S1_NO_CN,government_income,803.5488656572848,801.5003369746893,-2.0485286825954745,-0.2549351719785983
South Korea,2025,S2_CAPACITY,government_income,803.5488656572848,825.5780189171545,22.02915325986976,2.741482715161375
Rest of World,2025,S1_NO_CN,government_income,14.457191562406653,14.46057888643486,0.0033873240282069617,0.023430027980089117
Rest of World,2025,S2_CAPACITY,government_income,14.457191562406653,15.531158020064538,1.0739664576578853,7.428596716187558
Southeast Asia,2025,S1_NO_CN,government_income,650.2225349100019,650.2090753946538,-0.013459515348017703,-0.0020699859856257753
Southeast Asia,2025,S2_CAPACITY,government_income,650.2225349100019,725.8970754832814,75.6745405732795,11.63825252284646
"Central, Western and South Asia",2025,S1_NO_CN,government_income,826.3569551159221,827.8229720169985,1.4660169010763866,0.1774072199671548
"Central, Western and South Asia",2025,S2_CAPACITY,government_income,826.3569551159221,970.0939699922351,143.73701487631297,17.394058824875433
India,2025,S1_NO_CN,government_income,559.9337025359755,559.7388358459621,-0.19486669001344126,-0.03480174333691249
India,2025,S2_CAPACITY,government_income,559.9337025359755,690.2052670213021,130.27156448532662,23.265533740033575
Canada,2025,S1_NO_CN,government_income,1028.438126374679,1029.1895075789473,0.7513812042682275,0.07306041899836037
Canada,2025,S2_CAPACITY,government_income,1028.438126374679,1017.7063106841666,-10.731815690512462,-1.0435062076454624
United States,2025,S1_NO_CN,government_income,10797.141808057435,10798.185462811844,1.0436547544086352,0.009666028037436734
United States,2025,S2_CAPACITY,government_income,10797.141808057435,10826.065247679722,28.923439622287333,0.26788052001598267
Rest of America,2025,S1_NO_CN,government_income,1153.8548739384362,1154.413829776597,0.5589558381607276,0.04844247320747121
Rest of America,2025,S2_CAPACITY,government_income,1153.8548739384362,1201.6726448528461,47.81777091440995,4.144175493335157
Brazil,2025,S1_NO_CN,government_income,1155.3645691740714,1149.4344194208911,-5.930149753180331,-0.5132708680360158
Brazil,2025,S2_CAPACITY,government_income,1155.3645691740714,1151.2989706556693,-4.065598518402112,-0.3518888000268575
"EU, UK and EFTA",2025,S1_NO_CN,government_income,12215.419487341627,12210.905204253238,-4.5142830883887655,-0.03695561247869338
"EU, UK and EFTA",2025,S2_CAPACITY,government_income,12215.419487341627,12132.332067549993,-83.0874197916346,-0.6801847441893824
Eastern Europe,2025,S1_NO_CN,government_income,147.2545990660986,147.33815480613075,0.08355574003215338,0.056742363608383785
Eastern Europe,2025,S2_CAPACITY,government_income,147.2545990660986,163.08228719925998,15.827688133161388,10.748518710819189
Russia,2025,S1_NO_CN,government_income,466.4267738928443,469.4220243149424,2.9952504220980813,0.6421694872057672
Russia,2025,S2_CAPACITY,government_income,466.4267738928443,516.3981810404158,49.97140714757148,10.713666098218406
North Africa,2025,S1_NO_CN,government_income,190.18525913149583,191.5303505908452,1.3450914593493621,0.7072532674150911
North Africa,2025,S2_CAPACITY,government_income,190.18525913149583,224.0023202687375,33.817061137241666,17.781115787664827
Sub Saharan,2025,S1_NO_CN,government_income,290.853819259994,291.2849279994731,0.4311087394791002,0.14822179078684625
Sub Saharan,2025,S2_CAPACITY,government_income,290.853819259994,300.352400396455,9.498581136460984,3.2657577475268464
South Africa,2025,S1_NO_CN,government_income,167.90181333560756,167.98862147718162,0.08680814157406758,0.051701729629657224
South Africa,2025,S2_CAPACITY,government_income,167.90181333560756,175.80161103560724,7.899797699999681,4.705010352812159
Australia_Oceania,2030,S1_NO_CN,government_income,1098.7004623370217,1101.7643794478129,3.0639171107911807,0.27886737248421556
Australia_Oceania,2030,S2_CAPACITY,government_income,1098.7004623370217,1041.8844177487435,-56.816044588278146,-5.1712042122405215
China,2030,S1_NO_CN,government_income,5996.123907997796,5995.101192694134,-1.022715303662153,-0.017056273675365965
China,2030,S2_CAPACITY,government_income,5996.123907997796,6346.972157111984,350.84824911418855,5.851250816318479
Japan,2030,S1_NO_CN,government_income,2969.9776559478714,2962.230378440252,-7.747277507619401,-0.2608530569953682
Japan,2030,S2_CAPACITY,government_income,2969.9776559478714,3012.9913014260737,43.01364547820231,1.4482817873077385
South Korea,2030,S1_NO_CN,government_income,980.0355439929615,975.7806358739141,-4.2549081190474,-0.4341585512002571
South Korea,2030,S2_CAPACITY,government_income,980.0355439929615,999.4131966848832,19.377652691921753,1.9772397859134099
Rest of World,2030,S1_NO_CN,government_income,17.548557161836676,17.552282039604357,0.003724877767680823,0.021226119807623935
Rest of World,2030,S2_CAPACITY,government_income,17.548557161836676,18.62477322799601,1.0762160661593327,6.132789472286697
Southeast Asia,2030,S1_NO_CN,government_income,802.4638518793914,802.4083886961968,-0.055463183194660814,-0.006911611415861859
Southeast Asia,2030,S2_CAPACITY,government_income,802.4638518793914,885.9500370854611,83.48618520606965,10.403731583739605
"Central, Western and South Asia",2030,S1_NO_CN,government_income,1004.1596531028088,1006.6747914638852,2.515138361076424,0.2504719596435446
"Central, Western and South Asia",2030,S2_CAPACITY,government_income,1004.1596531028088,1153.740390564335,149.58073746152627,14.89611109143137
India,2030,S1_NO_CN,government_income,753.5097021427335,752.9464208236118,-0.5632813191217565,-0.07475435518878787
India,2030,S2_CAPACITY,government_income,753.5097021427335,913.0362967713384,159.5265946286048,21.171140089499005
Canada,2030,S1_NO_CN,government_income,1246.6528626529775,1247.9892319306025,1.3363692776249536,0.10719658356064353
Canada,2030,S2_CAPACITY,government_income,1246.6528626529775,1227.0115409709756,-19.641321682001944,-1.575524532162356
United States,2030,S1_NO_CN,government_income,12862.392551800582,12863.750492978928,1.357941178346664,0.010557454010813629
United States,2030,S2_CAPACITY,government_income,12862.392551800582,12849.126473201195,-13.266078599386674,-0.10313849889093597
Rest of America,2030,S1_NO_CN,government_income,1391.81143039702,1392.8602850832829,1.0488546862627572,0.07535896482496678
Rest of America,2030,S2_CAPACITY,government_income,1391.81143039702,1435.3637629054192,43.552332508399104,3.1291834193354497
Brazil,2030,S1_NO_CN,government_income,1472.0252211127747,1459.71338361815,-12.311837494624797,-0.8363876731213672
Brazil,2030,S2_CAPACITY,government_income,1472.0252211127747,1449.9333150647685,-22.091906048006194,-1.5007831205029123
"EU, UK and EFTA",2030,S1_NO_CN,government_income,14652.336102736928,14664.029220482775,11.693117745846394,0.07980377779937918
"EU, UK and EFTA",2030,S2_CAPACITY,government_income,14652.336102736928,14448.68560512152,-203.6504976154083,-1.389884153540323
Eastern Europe,2030,S1_NO_CN,government_income,176.89719895998377,177.09397084686222,0.1967718868784516,0.11123516258895864
Eastern Europe,2030,S2_CAPACITY,government_income,176.89719895998377,194.42384357547274,17.526644615488976,9.90781353154931
Russia,2030,S1_NO_CN,government_income,547.1589780819825,551.961100326593,4.802122244610587,0.877646614050637
Russia,2030,S2_CAPACITY,government_income,547.1589780819825,594.1072935591304,46.94831547714796,8.580379260470353
North Africa,2030,S1_NO_CN,government_income,228.12437331334797,230.0646843344411,1.9403110210931231,0.8505496334790773
North Africa,2030,S2_CAPACITY,government_income,228.12437331334797,271.69159879197207,43.567225478624096,19.098014318172332
Sub Saharan,2030,S1_NO_CN,government_income,353.41456549215883,354.13859127736396,0.7240257852051286,0.2048658589373257
Sub Saharan,2030,S2_CAPACITY,government_income,353.41456549215883,361.611005917248,8.196440425089179,2.3192140973802147
South Africa,2030,S1_NO_CN,government_income,205.50371271754057,205.6501976720184,0.1464849544778417,0.07128092847606185
South Africa,2030,S2_CAPACITY,government_income,205.50371271754057,212.2319274423134,6.72821472477284,3.274011274930392
Australia_Oceania,2035,S1_NO_CN,government_income,1368.4110487961789,1372.4248912437372,4.013842447558318,0.2933214001077661
Australia_Oceania,2035,S2_CAPACITY,government_income,1368.4110487961789,1302.0879905249253,-66.32305827125356,-4.846720459440853
China,2035,S1_NO_CN,government_income,6888.292713545807,6887.068999056143,-1.2237144896635073,-0.017765134853475032
China,2035,S2_CAPACITY,government_income,6888.292713545807,7193.801546089511,305.50883254370456,4.435189462011717
Japan,2035,S1_NO_CN,government_income,3417.354277338733,3408.789553160613,-8.564724178119832,-0.25062441535296764
Japan,2035,S2_CAPACITY,government_income,3417.354277338733,3452.9214159973653,35.5671386586323,1.0407799652054288
South Korea,2035,S1_NO_CN,government_income,1171.1142011035693,1166.3790753022151,-4.7351258013541155,-0.404326563275562
South Korea,2035,S2_CAPACITY,government_income,1171.1142011035693,1186.3907371500877,15.276536046518459,1.3044446077182745
Rest of World,2035,S1_NO_CN,government_income,20.75705061770629,20.759136206348916,0.0020855886426254244,0.010047615535736876
Rest of World,2035,S2_CAPACITY,government_income,20.75705061770629,22.10525349409215,1.3482028763858587,6.495156278299997
Southeast Asia,2035,S1_NO_CN,government_income,964.8311570736412,964.6594553929274,-0.1717016807137952,-0.017796033995685943
Southeast Asia,2035,S2_CAPACITY,government_income,964.8311570736412,1053.5212914241904,88.69013435054922,9.192295843715161
"Central, Western and South Asia",2035,S1_NO_CN,government_income,1204.4230687551135,1207.3807709265532,2.957702171439678,0.24557003665636745
"Central, Western and South Asia",2035,S2_CAPACITY,government_income,1204.4230687551135,1364.853830167208,160.4307614120944,13.320133562197123
India,2035,S1_NO_CN,government_income,935.2574704115884,934.6028650109945,-0.6546054005939368,-0.06999199913429804
India,2035,S2_CAPACITY,government_income,935.2574704115884,1112.016024541482,176.75855412989358,18.899453863983105
Canada,2035,S1_NO_CN,government_income,1499.2845663372318,1500.7439585422753,1.459392205043514,0.09733924018232408
Canada,2035,S2_CAPACITY,government_income,1499.2845663372318,1471.5209167716746,-27.763649565557216,-1.8517931944956993
United States,2035,S1_NO_CN,government_income,15107.727687076875,15109.52882538401,1.8011383071352611,0.011921966985650343
United States,2035,S2_CAPACITY,government_income,15107.727687076875,15067.506130448763,-40.22155662811201,-0.2662316760085467
Rest of America,2035,S1_NO_CN,government_income,1696.65079559377,1697.7157490376749,1.0649534439048693,0.06276798069883154
Rest of America,2035,S2_CAPACITY,government_income,1696.65079559377,1742.2728441235784,45.62204852980835,2.688947463337156
Brazil,2035,S1_NO_CN,government_income,1868.6723344962204,1853.8862561824196,-14.786078313800772,-0.7912611558937102
Brazil,2035,S2_CAPACITY,government_income,1868.6723344962204,1834.7072839077014,-33.965050588519034,-1.8176033305312325
"EU, UK and EFTA",2035,S1_NO_CN,government_income,17339.005464018723,17357.02189474832,18.016430729596323,0.10390694418421731
"EU, UK and EFTA",2035,S2_CAPACITY,government_income,17339.005464018723,17070.642048845308,-268.363415173415,-1.5477439910282804
Eastern Europe,2035,S1_NO_CN,government_income,217.12646822496805,217.3313512532781,0.2048830283100358,0.09436114812946406
Eastern Europe,2035,S2_CAPACITY,government_income,217.12646822496805,237.02288003548017,19.89641181051212,9.163512847220977
Russia,2035,S1_NO_CN,government_income,640.3234397996223,645.9002009524198,5.5767611527975305,0.870928784762694
Russia,2035,S2_CAPACITY,government_income,640.3234397996223,686.7345685869175,46.41112878729518,7.248075878936856
North Africa,2035,S1_NO_CN,government_income,267.49633072944204,269.6362593124025,2.139928582960465,0.7999842753450276
North Africa,2035,S2_CAPACITY,government_income,267.49633072944204,319.8493184874483,52.352987758006236,19.571478836828767
Sub Saharan,2035,S1_NO_CN,government_income,460.6679807173171,461.4543915425166,0.7864108251994821,0.170710980167309
Sub Saharan,2035,S2_CAPACITY,government_income,460.6679807173171,472.26871110870104,11.600730391383934,2.5182410927106678
South Africa,2035,S1_NO_CN,government_income,258.87143741506003,259.0152359055931,0.14379849053307225,0.05554822577915916
South Africa,2035,S2_CAPACITY,government_income,258.87143741506003,266.8498600957359,7.9784226806758625,3.0820019235585674
Australia_Oceania,2040,S1_NO_CN,government_income,1685.6810140893538,1689.9123821552294,4.231368065875586,0.25101831429011345
Australia_Oceania,2040,S2_CAPACITY,government_income,1685.6810140893538,1604.4057870453235,-81.27522704403032,-4.821506937831722
China,2040,S1_NO_CN,government_income,7454.54739933967,7453.691556758613,-0.8558425810570043,-0.01148081211654534
China,2040,S2_CAPACITY,government_income,7454.54739933967,7766.066334212874,311.51893487320376,4.17891145075821
Japan,2040,S1_NO_CN,government_income,3929.157607615502,3919.4722020543445,-9.685405561157495,-0.2465008159098841
Japan,2040,S2_CAPACITY,government_income,3929.157607615502,3949.377985002776,20.220377387273857,0.51462372871179
South Korea,2040,S1_NO_CN,government_income,1375.8743461816305,1370.4085765361904,-5.465769645440105,-0.3972579080792428
South Korea,2040,S2_CAPACITY,government_income,1375.8743461816305,1386.2912905651722,10.416944383541704,0.7571145150319238
Rest of World,2040,S1_NO_CN,government_income,24.442971638362142,24.443234029768508,0.0002623914063661914,0.0010734840683379917
Rest of World,2040,S2_CAPACITY,government_income,24.442971638362142,25.89637234368595,1.4534007053238085,5.946088416855018
Southeast Asia,2040,S1_NO_CN,government_income,1107.930642333048,1107.704849673821,-0.22579265922695413,-0.020379674557198503
Southeast Asia,2040,S2_CAPACITY,government_income,1107.930642333048,1201.622774181137,93.69213184808905,8.456497931205774
"Central, Western and South Asia",2040,S1_NO_CN,government_income,1422.9330614833939,1426.3888476327763,3.4557861493824475,0.24286357826135715
"Central, Western and South Asia",2040,S2_CAPACITY,government_income,1422.9330614833939,1594.0067982535297,171.07373677013584,12.022613108152335
India,2040,S1_NO_CN,government_income,1122.2570486732122,1121.6517618839105,-0.6052867893017719,-0.05393477278822814
India,2040,S2_CAPACITY,government_income,1122.2570486732122,1299.1223754388457,176.86532676563343,15.759787561569105
Canada,2040,S1_NO_CN,government_income,1798.5388674059532,1800.147182951038,1.6083155450849063,0.08942345223846024
Canada,2040,S2_CAPACITY,government_income,1798.5388674059532,1758.6654755640525,-39.873391841900684,-2.216988054275991
United States,2040,S1_NO_CN,government_income,17644.525398469592,17645.720245776618,1.1948473070260661,0.006771773567396162
United States,2040,S2_CAPACITY,government_income,17644.525398469592,17553.392752816777,-91.13264565281497,-0.5164924734145551
Rest of America,2040,S1_NO_CN,government_income,2064.91399394753,2065.9493216678406,1.035327720310761,0.050139023869536954
Rest of America,2040,S2_CAPACITY,government_income,2064.91399394753,2108.4130803846815,43.49908643715162,2.106581027812868
Brazil,2040,S1_NO_CN,government_income,2386.939124255366,2369.1678873843557,-17.771236871010387,-0.74451990377234
Brazil,2040,S2_CAPACITY,government_income,2386.939124255366,2331.414625295918,-55.52449895944801,-2.3261799345959244
"EU, UK and EFTA",2040,S1_NO_CN,government_income,20403.807396142274,20424.171310829115,20.36391468684087,0.09980448399395818
"EU, UK and EFTA",2040,S2_CAPACITY,government_income,20403.807396142274,20021.068780189275,-382.7386159529997,-1.8758195885801374
Eastern Europe,2040,S1_NO_CN,government_income,265.5864320976179,265.77469323966466,0.1882611420467697,0.0708850751749145
Eastern Europe,2040,S2_CAPACITY,government_income,265.5864320976179,287.22308278245924,21.636650684841356,8.146745492212748
Russia,2040,S1_NO_CN,government_income,756.3261131454216,762.8488006169871,6.5226874715655185,0.8624173300639929
Russia,2040,S2_CAPACITY,government_income,756.3261131454216,797.3889805117084,41.06286736628681,5.429254213571164
North Africa,2040,S1_NO_CN,government_income,312.3955546957695,314.8772012674925,2.481646571723047,0.7943924087331624
North Africa,2040,S2_CAPACITY,government_income,312.3955546957695,371.80397991525416,59.408425219484684,19.017052043951253
Sub Saharan,2040,S1_NO_CN,government_income,604.1745159189489,605.0060668056774,0.8315508867284507,0.13763422071248113
Sub Saharan,2040,S2_CAPACITY,government_income,604.1745159189489,617.9355461166364,13.761030197687433,2.277658165829275
South Africa,2040,S1_NO_CN,government_income,325.3601186043655,325.4862022592161,0.12608365485061768,0.03875203125430812
South Africa,2040,S2_CAPACITY,government_income,325.3601186043655,333.8365861890645,8.476467584699037,2.6052570982144045
Australia_Oceania,2045,S1_NO_CN,government_income,2050.0921630305716,2054.5597234524557,4.467560421884173,0.21791997952325967
Australia_Oceania,2045,S2_CAPACITY,government_income,2050.0921630305716,1955.197143611166,-94.89501941940557,-4.628817237129767
China,2045,S1_NO_CN,government_income,7886.577491389161,7886.299073975351,-0.2784174138096205,-0.003530269170798186
China,2045,S2_CAPACITY,government_income,7886.577491389161,8184.074519660873,297.4970282717122,3.772194321256969
Japan,2045,S1_NO_CN,government_income,4532.230834517126,4521.598918378229,-10.631916138896486,-0.23458461245893789
Japan,2045,S2_CAPACITY,government_income,4532.230834517126,4534.715266801866,2.484432284740251,0.054816984735618565
South Korea,2045,S1_NO_CN,government_income,1603.2403269012052,1597.3385058290785,-5.901821072126722,-0.36811830223444747
South Korea,2045,S2_CAPACITY,government_income,1603.2403269012052,1607.7895463182308,4.549219417025597,0.28375155868356156
Rest of World,2045,S1_NO_CN,government_income,28.273962352164713,28.27279914113321,-0.0011632110315034083,-0.004114071515746892
Rest of World,2045,S2_CAPACITY,government_income,28.273962352164713,29.885852683827817,1.6118903316631048,5.700970778648911
Southeast Asia,2045,S1_NO_CN,government_income,1235.2990600372598,1235.0592258339507,-0.2398342033091012,-0.01941507211232454
Southeast Asia,2045,S2_CAPACITY,government_income,1235.2990600372598,1329.1478791541924,93.84881911693265,7.597254960600547
"Central, Western and South Asia",2045,S1_NO_CN,government_income,1647.03960909323,1650.9544305995737,3.914821506343742,0.2376883643070994
"Central, Western and South Asia",2045,S2_CAPACITY,government_income,1647.03960909323,1835.4798217984223,188.44021270519238,11.441146385601332
India,2045,S1_NO_CN,government_income,1305.0131276957202,1304.6475911254533,-0.3655365702668405,-0.028010183385072416
India,2045,S2_CAPACITY,government_income,1305.0131276957202,1460.3806185327303,155.3674908370101,11.905435090246536
Canada,2045,S1_NO_CN,government_income,2134.5580447877205,2136.4276058998776,1.8695611121570437,0.0875853958022945
Canada,2045,S2_CAPACITY,government_income,2134.5580447877205,2082.761541842041,-51.79650294567955,-2.426568022929105
United States,2045,S1_NO_CN,government_income,20475.547614763433,20476.539000038825,0.9913852753925312,0.004841801030404262
United States,2045,S2_CAPACITY,government_income,20475.547614763433,20334.78188177958,-140.7657329838512,-0.6874821403182166
Rest of America,2045,S1_NO_CN,government_income,2499.8017835214805,2500.8403215171215,1.038537995641036,0.04154481377231612
Rest of America,2045,S2_CAPACITY,government_income,2499.8017835214805,2541.0042575682783,41.20247404679776,1.6482296443822708
Brazil,2045,S1_NO_CN,government_income,3032.5898492029005,3011.7130966679906,-20.876752534909883,-0.6884133223751713
Brazil,2045,S2_CAPACITY,government_income,3032.5898492029005,2953.8343793464105,-78.75546985648998,-2.596970700709508
"EU, UK and EFTA",2045,S1_NO_CN,government_income,23895.816620496673,23919.97835858815,24.161738091475854,0.10111283692540178
"EU, UK and EFTA",2045,S2_CAPACITY,government_income,23895.816620496673,23393.523544342137,-502.2930761545358,-2.102012599660198
Eastern Europe,2045,S1_NO_CN,government_income,324.1826535858109,324.34870997648466,0.16605639067375932,0.0512230956335868
Eastern Europe,2045,S2_CAPACITY,government_income,324.1826535858109,347.5009941479303,23.31834056211943,7.192963690127573
Russia,2045,S1_NO_CN,government_income,884.6667296948444,892.0541241198223,7.387394424977856,0.8350482929911982
Russia,2045,S2_CAPACITY,government_income,884.6667296948444,921.5183376333143,36.8516079384699,4.165592160471711
North Africa,2045,S1_NO_CN,government_income,354.3823933589349,357.1928245132695,2.8104311543345943,0.793050446918806
North Africa,2045,S2_CAPACITY,government_income,354.3823933589349,419.009069526898,64.62667616796307,18.236424094158135
Sub Saharan,2045,S1_NO_CN,government_income,782.2965010178676,783.1572187434014,0.8607177255337319,0.11002448872183734
Sub Saharan,2045,S2_CAPACITY,government_income,782.2965010178676,799.0211963613775,16.724695343509893,2.137897245066152
South Africa,2045,S1_NO_CN,government_income,403.3490966012589,403.4559922112948,0.10689561003590597,0.026502008046290573
South Africa,2045,S2_CAPACITY,government_income,403.3490966012589,412.58144628556704,9.232349684308133,2.288922861635912
Australia_Oceania,2050,S1_NO_CN,government_income,2441.168781694816,2446.042908203167,4.874126508350855,0.19966364246911775
Australia_Oceania,2050,S2_CAPACITY,government_income,2441.168781694816,2336.935086181262,-104.23369551355427,-4.269827481620855
China,2050,S1_NO_CN,government_income,8197.442819224105,8197.911176472016,0.4683572479116265,0.005713455503626885
China,2050,S2_CAPACITY,government_income,8197.442819224105,8460.860537123986,263.4177178998816,3.213413301061786
Japan,2050,S1_NO_CN,government_income,5197.631948958086,5186.692776146742,-10.93917281134327,-0.2104645522955147
Japan,2050,S2_CAPACITY,government_income,5197.631948958086,5186.536468270203,-11.095480687882628,-0.21347184250140724
South Korea,2050,S1_NO_CN,government_income,1837.673982362298,1831.8680344113577,-5.805947950940208,-0.31594004195873543
South Korea,2050,S2_CAPACITY,government_income,1837.673982362298,1837.9033305672224,0.22934820492446306,0.012480353268627111
Rest of World,2050,S1_NO_CN,government_income,32.05791370225129,32.05731313032084,-0.0006005719304482682,-0.001873396803130369
Rest of World,2050,S2_CAPACITY,government_income,32.05791370225129,33.90212147618463,1.8442077739333413,5.752737969981592
Southeast Asia,2050,S1_NO_CN,government_income,1330.1563226110043,1330.0114619667384,-0.14486064426591838,-0.010890497741014906
Southeast Asia,2050,S2_CAPACITY,government_income,1330.1563226110043,1415.1564220665473,85.00009945554302,6.390233840237195
"Central, Western and South Asia",2050,S1_NO_CN,government_income,1844.6324482573134,1848.8925692410894,4.260120983776005,0.23094687441938286
"Central, Western and South Asia",2050,S2_CAPACITY,government_income,1844.6324482573134,2063.1181416588265,218.48569340151312,11.844402585887718
India,2050,S1_NO_CN,government_income,1481.5818829011805,1481.5914909064918,0.0096080053112928,0.0006484964092891544
India,2050,S2_CAPACITY,government_income,1481.5818829011805,1580.8187572961915,99.236874395011,6.6980350894065275
Canada,2050,S1_NO_CN,government_income,2478.9304642106754,2481.2730548210498,2.3425906103743728,0.0945000533171585
Canada,2050,S2_CAPACITY,government_income,2478.9304642106754,2418.979485145853,-59.950979064822604,-2.4184211671266787
United States,2050,S1_NO_CN,government_income,23379.67073874306,23381.95549393785,2.284755194788886,0.00977240107578914
United States,2050,S2_CAPACITY,government_income,23379.67073874306,23213.448388503726,-166.22235023933536,-0.7109695944685994
Rest of America,2050,S1_NO_CN,government_income,2975.366273856594,2976.623758248226,1.257484391631806,0.042263179585009095
Rest of America,2050,S2_CAPACITY,government_income,2975.366273856594,3018.0428991627778,42.67662530618372,1.4343318226453972
Brazil,2050,S1_NO_CN,government_income,3769.1462347560528,3745.823903046392,-23.32233170966083,-0.6187696166999554
Brazil,2050,S2_CAPACITY,government_income,3769.1462347560528,3673.1074476276676,-96.03878712838514,-2.5480249676383537
"EU, UK and EFTA",2050,S1_NO_CN,government_income,27587.128898354615,27618.569574226083,31.440675871468557,0.11396864090972432
"EU, UK and EFTA",2050,S2_CAPACITY,government_income,27587.128898354615,26995.415891023295,-591.7130073313201,-2.1448879639178826
Eastern Europe,2050,S1_NO_CN,government_income,391.2003530352655,391.3735064818481,0.173153446582603,0.04426208852807292
Eastern Europe,2050,S2_CAPACITY,government_income,391.2003530352655,416.93490916253194,25.734556127266444,6.578357081632427
Russia,2050,S1_NO_CN,government_income,1016.6023958165907,1024.6376060726384,8.035210256047662,0.7903985165796645
Russia,2050,S2_CAPACITY,government_income,1016.6023958165907,1053.0562362277196,36.45384041112891,3.585850334520133
North Africa,2050,S1_NO_CN,government_income,386.8392979711339,389.91846785154786,3.0791698804139855,0.795981663849404
North Africa,2050,S2_CAPACITY,government_income,386.8392979711339,451.91896036600457,65.0796623948707,16.823436175227204
Sub Saharan,2050,S1_NO_CN,government_income,985.1977923393515,986.1254200323275,0.9276276929759888,0.09415649326348341
Sub Saharan,2050,S2_CAPACITY,government_income,985.1977923393515,1005.9813680219512,20.78357568259969,2.1095840697378243
South Africa,2050,S1_NO_CN,government_income,489.1046325838284,489.23190692718833,0.12727434335994303,0.026021905105985534
South Africa,2050,S2_CAPACITY,government_income,489.1046325838284,499.94772983784964,10.843097254021245,2.216927939680234
Australia_Oceania,2025,S1_NO_CN,exports_FOB,718.6180750852506,720.0870428371177,1.468967751867126,0.20441564202137005
Australia_Oceania,2025,S2_CAPACITY,exports_FOB,718.6180750852506,664.8527689507257,-53.76530613452485,-7.481763679287723
China,2025,S1_NO_CN,exports_FOB,5527.515912042169,5526.8790375125445,-0.6368745296240377,-0.011521894097790869
China,2025,S2_CAPACITY,exports_FOB,5527.515912042169,5343.123947933923,-184.3919641082457,-3.335892054268572
Japan,2025,S1_NO_CN,exports_FOB,1406.860645188841,1407.3624274599383,0.5017822710972268,0.03566680700133404
Japan,2025,S2_CAPACITY,exports_FOB,1406.860645188841,1372.432130733262,-34.428514455579034,-2.447187258618478
South Korea,2025,S1_NO_CN,exports_FOB,1184.0947762951375,1185.050586030682,0.9558097355445625,0.08072071211522053
South Korea,2025,S2_CAPACITY,exports_FOB,1184.0947762951375,1154.7834229169137,-29.311353378223885,-2.4754229108192587
Rest of World,2025,S1_NO_CN,exports_FOB,56.12673697557352,56.13372949943464,0.006992523861114819,0.01245845427315324
Rest of World,2025,S2_CAPACITY,exports_FOB,56.12673697557352,52.44697875796302,-3.6797582176105053,-6.556159178132774
Southeast Asia,2025,S1_NO_CN,exports_FOB,2584.877860421377,2585.2064564416596,0.32859602028247537,0.012712245530584136
Southeast Asia,2025,S2_CAPACITY,exports_FOB,2584.877860421377,2489.172005793434,-95.70585462794315,-3.702529086319829
"Central, Western and South Asia",2025,S1_NO_CN,exports_FOB,2501.045846288388,2508.184422510022,7.138576221634139,0.28542364516140145
"Central, Western and South Asia",2025,S2_CAPACITY,exports_FOB,2501.045846288388,2288.7629882276374,-212.28285806075064,-8.487763564021968
India,2025,S1_NO_CN,exports_FOB,759.256845644363,759.5340275379049,0.27718189354186507,0.03650699959203232
India,2025,S2_CAPACITY,exports_FOB,759.256845644363,714.9509533896161,-44.30589225474694,-5.835428749693471
Canada,2025,S1_NO_CN,exports_FOB,816.0533446487249,816.5858004447041,0.5324557959792173,0.06524767032336791
Canada,2025,S2_CAPACITY,exports_FOB,816.0533446487249,782.4813426125514,-33.572002036173444,-4.113946993333471
United States,2025,S1_NO_CN,exports_FOB,3834.758208526392,3835.3227095969373,0.5645010705452478,0.014720643123994312
United States,2025,S2_CAPACITY,exports_FOB,3834.758208526392,3710.636169128415,-124.122039397977,-3.2367631190409316
Rest of America,2025,S1_NO_CN,exports_FOB,1711.31836159163,1712.4185432931877,1.1001817015576307,0.06428854655275217
Rest of America,2025,S2_CAPACITY,exports_FOB,1711.31836159163,1650.815308064203,-60.50305352742703,-3.5354645217010066
Brazil,2025,S1_NO_CN,exports_FOB,485.9390774609264,486.0486352282901,0.10955776736369671,0.02254557668754394
Brazil,2025,S2_CAPACITY,exports_FOB,485.9390774609264,464.15034807983363,-21.788729381092764,-4.483839722242704
"EU, UK and EFTA",2025,S1_NO_CN,exports_FOB,12283.353784875322,12271.331968451621,-12.021816423701239,-0.0978707984337623
"EU, UK and EFTA",2025,S2_CAPACITY,exports_FOB,12283.353784875322,12008.638863863007,-274.71492101231524,-2.2364813863016453
Eastern Europe,2025,S1_NO_CN,exports_FOB,246.76978473526736,246.98843649044716,0.21865175517979196,0.0886055622305461
Eastern Europe,2025,S2_CAPACITY,exports_FOB,246.76978473526736,233.58535873147278,-13.184426003794584,-5.342804030055271
Russia,2025,S1_NO_CN,exports_FOB,675.3992405632334,679.7618943106596,4.3626537474261795,0.6459370229359521
Russia,2025,S2_CAPACITY,exports_FOB,675.3992405632334,613.5805862281487,-61.818654335084716,-9.152905514600889
North Africa,2025,S1_NO_CN,exports_FOB,318.5099850572977,320.4566204615529,1.9466354042552325,0.6111693496532131
North Africa,2025,S2_CAPACITY,exports_FOB,318.5099850572977,294.3118120117141,-24.198173045583587,-7.597304380027681
Sub Saharan,2025,S1_NO_CN,exports_FOB,508.12016545154864,509.2146247412346,1.0944592896859717,0.2153937914889412
Sub Saharan,2025,S2_CAPACITY,exports_FOB,508.12016545154864,471.66602049445936,-36.454144957089284,-7.17431572996001
South Africa,2025,S1_NO_CN,exports_FOB,215.5675915412972,215.6818654640609,0.11427392276371506,0.053010715547110954
South Africa,2025,S2_CAPACITY,exports_FOB,215.5675915412972,204.93041334752357,-10.637178193773622,-4.934497861073802
Australia_Oceania,2030,S1_NO_CN,exports_FOB,898.8927698573254,901.5262811625313,2.633511305205843,0.29297279870477105
Australia_Oceania,2030,S2_CAPACITY,exports_FOB,898.8927698573254,829.2733431517014,-69.61942670562405,-7.745020211551398
China,2030,S1_NO_CN,exports_FOB,6879.060309599026,6877.235051037454,-1.8252585615728094,-0.026533544981802926
China,2030,S2_CAPACITY,exports_FOB,6879.060309599026,6620.5775124280235,-258.48279717100286,-3.75753061519633
Japan,2030,S1_NO_CN,exports_FOB,1653.51605227928,1654.3731955286542,0.8571432493740758,0.051837612836751805
Japan,2030,S2_CAPACITY,exports_FOB,1653.51605227928,1607.5578933256593,-45.958158953620796,-2.7794201870777138
South Korea,2030,S1_NO_CN,exports_FOB,1427.9796161804425,1429.617921958744,1.6383057783016284,0.11472893308405661
South Korea,2030,S2_CAPACITY,exports_FOB,1427.9796161804425,1387.9330845591924,-40.0465316212501,-2.804418996425628
Rest of World,2030,S1_NO_CN,exports_FOB,67.99649551544553,67.99928679425877,0.002791278813234044,0.004105033343372821
Rest of World,2030,S2_CAPACITY,exports_FOB,67.99649551544553,63.330707607542244,-4.665787907903287,-6.8618064394854645
Southeast Asia,2030,S1_NO_CN,exports_FOB,3222.5608352720737,3222.967537358007,0.4067020859333752,0.012620462629653917
Southeast Asia,2030,S2_CAPACITY,exports_FOB,3222.5608352720737,3091.3458233348365,-131.21501193723725,-4.071762137150129
"Central, Western and South Asia",2030,S1_NO_CN,exports_FOB,3045.390425992535,3058.0773219360394,12.686895943504624,0.4165934139419838
"Central, Western and South Asia",2030,S2_CAPACITY,exports_FOB,3045.390425992535,2766.3805362380663,-279.00988975446853,-9.161711660124345
India,2030,S1_NO_CN,exports_FOB,987.6900991272527,988.2185908731727,0.5284917459200642,0.053507850932904215
India,2030,S2_CAPACITY,exports_FOB,987.6900991272527,925.2586742978386,-62.43142482941403,-6.320952785147889
Canada,2030,S1_NO_CN,exports_FOB,993.323144841732,994.2654722785744,0.9423274368424472,0.09486615123546628
Canada,2030,S2_CAPACITY,exports_FOB,993.323144841732,948.2198252415324,-45.1033196001996,-4.5406492171674895
United States,2030,S1_NO_CN,exports_FOB,4676.641556195408,4677.200446016933,0.5588898215246445,0.011950666195151347
United States,2030,S2_CAPACITY,exports_FOB,4676.641556195408,4504.717581599408,-171.92397459600033,-3.676227321040738
Rest of America,2030,S1_NO_CN,exports_FOB,2080.9185010516294,2082.9215652998682,2.003064248238843,0.09625865920393127
Rest of America,2030,S2_CAPACITY,exports_FOB,2080.9185010516294,1998.1704775785875,-82.74802347304194,-3.9765143820492606
Brazil,2030,S1_NO_CN,exports_FOB,639.4725930939939,639.6385383654278,0.16594527143399773,0.025950333638396605
Brazil,2030,S2_CAPACITY,exports_FOB,639.4725930939939,605.9689681591988,-33.503624934795084,-5.239258929408176
"EU, UK and EFTA",2030,S1_NO_CN,exports_FOB,14457.95966332088,14429.275664978672,-28.683998342208724,-0.19839589409685926
"EU, UK and EFTA",2030,S2_CAPACITY,exports_FOB,14457.95966332088,14062.526409554685,-395.4332537661958,-2.7350557269113853
Eastern Europe,2030,S1_NO_CN,exports_FOB,300.7887651949596,301.28251242634957,0.4937472313899889,0.16415082227887107
Eastern Europe,2030,S2_CAPACITY,exports_FOB,300.7887651949596,284.02024509523085,-16.768520099728732,-5.574849209830038
Russia,2030,S1_NO_CN,exports_FOB,776.4139063857273,783.2374936400248,6.823587254297536,0.8788594843775936
Russia,2030,S2_CAPACITY,exports_FOB,776.4139063857273,703.8025777658763,-72.61132861985095,-9.352141689200657
North Africa,2030,S1_NO_CN,exports_FOB,391.40715329982544,394.1318861590475,2.7247328592220583,0.6961377267254133
North Africa,2030,S2_CAPACITY,exports_FOB,391.40715329982544,362.52446406931296,-28.882689230512483,-7.379192993028358
Sub Saharan,2030,S1_NO_CN,exports_FOB,628.3388969722987,630.1604781560815,1.8215811837827687,0.28990425271461046
Sub Saharan,2030,S2_CAPACITY,exports_FOB,628.3388969722987,580.7973651641274,-47.54153180817127,-7.566224538581641
South Africa,2030,S1_NO_CN,exports_FOB,263.4665557689476,263.6505567015337,0.1840009325860592,0.06983844004376122
South Africa,2030,S2_CAPACITY,exports_FOB,263.4665557689476,249.02414341727805,-14.44241235166956,-5.481687157414822
Australia_Oceania,2035,S1_NO_CN,exports_FOB,1119.6099712370724,1122.4815731635454,2.8716019264729766,0.256482346553247
Australia_Oceania,2035,S2_CAPACITY,exports_FOB,1119.6099712370724,1039.6424408877842,-79.96753034928815,-7.142445351833633
China,2035,S1_NO_CN,exports_FOB,8274.291700376376,8271.762784867386,-2.5289155089903943,-0.030563528584269764
China,2035,S2_CAPACITY,exports_FOB,8274.291700376376,7966.172689863935,-308.1190105124406,-3.7238113142472975
Japan,2035,S1_NO_CN,exports_FOB,1917.280837079788,1917.8686751442422,0.5878380644542176,0.030659987472130282
Japan,2035,S2_CAPACITY,exports_FOB,1917.280837079788,1861.055654910469,-56.22518216931894,-2.9325480692205512
South Korea,2035,S1_NO_CN,exports_FOB,1669.9850003453312,1671.2969475002867,1.3119471549555328,0.07856041549380618
South Korea,2035,S2_CAPACITY,exports_FOB,1669.9850003453312,1621.205237831107,-48.7797625142241,-2.920970098781551
Rest of World,2035,S1_NO_CN,exports_FOB,80.33603512668363,80.33074834011774,-0.005286786565889656,-0.0065808407865197835
Rest of World,2035,S2_CAPACITY,exports_FOB,80.33603512668363,75.41216966873692,-4.923865457946704,-6.129086965994967
Southeast Asia,2035,S1_NO_CN,exports_FOB,3897.613206188491,3897.7852643114707,0.17205812297970624,0.004414448378472202
Southeast Asia,2035,S2_CAPACITY,exports_FOB,3897.613206188491,3741.554395157561,-156.05881103092997,-4.003958391334096
"Central, Western and South Asia",2035,S1_NO_CN,exports_FOB,3605.969741884698,3620.2322577829323,14.262515898234142,0.39552511305265936
"Central, Western and South Asia",2035,S2_CAPACITY,exports_FOB,3605.969741884698,3275.365727691395,-330.6040141933031,-9.168241495573653
India,2035,S1_NO_CN,exports_FOB,1219.6053491941602,1220.1170878728233,0.5117386786630505,0.04195936652796544
India,2035,S2_CAPACITY,exports_FOB,1219.6053491941602,1143.805829840441,-75.79951935371923,-6.2150858393498245
Canada,2035,S1_NO_CN,exports_FOB,1201.1668977290053,1202.1135548951254,0.946657166120076,0.07881145974883924
Canada,2035,S2_CAPACITY,exports_FOB,1201.1668977290053,1145.9536376663893,-55.21326006261597,-4.596635169267927
United States,2035,S1_NO_CN,exports_FOB,5627.883330197922,5628.152835020788,0.26950482286611077,0.0047887421798531275
United States,2035,S2_CAPACITY,exports_FOB,5627.883330197922,5415.963136296726,-211.9201939011964,-3.7655399280237667
Rest of America,2035,S1_NO_CN,exports_FOB,2541.614219373522,2543.729365103948,2.1151457304263204,0.08322056566663681
Rest of America,2035,S2_CAPACITY,exports_FOB,2541.614219373522,2437.8363087288244,-103.77791064469739,-4.083149592634771
Brazil,2035,S1_NO_CN,exports_FOB,840.319993176267,840.5093148261576,0.18932164989064404,0.022529709090347873
Brazil,2035,S2_CAPACITY,exports_FOB,840.319993176267,794.1688515103884,-46.15114166587853,-5.492091350990597
"EU, UK and EFTA",2035,S1_NO_CN,exports_FOB,17150.043362889446,17116.681985113762,-33.36137777568365,-0.1945264922645823
"EU, UK and EFTA",2035,S2_CAPACITY,exports_FOB,17150.043362889446,16653.954081466312,-496.0892814231338,-2.8926415573771034
Eastern Europe,2035,S1_NO_CN,exports_FOB,372.3176366520042,372.8476274497207,0.5299907977164935,0.14234909806646157
Eastern Europe,2035,S2_CAPACITY,exports_FOB,372.3176366520042,351.5936643307897,-20.72397232121449,-5.566207528488546
Russia,2035,S1_NO_CN,exports_FOB,894.3635849001482,901.9498016709141,7.586216770765873,0.8482251400712877
Russia,2035,S2_CAPACITY,exports_FOB,894.3635849001482,812.7103017325427,-81.65328316760554,-9.129763839470472
North Africa,2035,S1_NO_CN,exports_FOB,475.3882649406791,478.3622869297092,2.9740219890301205,0.6255985282685157
North Africa,2035,S2_CAPACITY,exports_FOB,475.3882649406791,441.25076807899814,-34.13749686168097,-7.180971719177963
Sub Saharan,2035,S1_NO_CN,exports_FOB,797.3080478547048,799.2608741100581,1.9528262553533295,0.24492744813096348
Sub Saharan,2035,S2_CAPACITY,exports_FOB,797.3080478547048,740.0584642574407,-57.24958359726406,-7.180359429621207
South Africa,2035,S1_NO_CN,exports_FOB,330.9665269543751,331.14247144638415,0.17594449200902318,0.05316081164705751
South Africa,2035,S2_CAPACITY,exports_FOB,330.9665269543751,312.8904601203343,-18.07606683404083,-5.461599697220341
Australia_Oceania,2040,S1_NO_CN,exports_FOB,1399.537996856176,1402.6358441040866,3.097847247910522,0.22134784870931043
Australia_Oceania,2040,S2_CAPACITY,exports_FOB,1399.537996856176,1300.974734280696,-98.56326257547994,-7.042557100763647
China,2040,S1_NO_CN,exports_FOB,9879.383074056832,9875.621846312446,-3.7612277443859057,-0.038071483980238144
China,2040,S2_CAPACITY,exports_FOB,9879.383074056832,9485.725725290098,-393.6573487667338,-3.98463492928495
Japan,2040,S1_NO_CN,exports_FOB,2227.2254715089375,2227.392997328334,0.16752581939636002,0.0075217269889995405
Japan,2040,S2_CAPACITY,exports_FOB,2227.2254715089375,2153.3484986079534,-73.87697290098413,-3.316995690199822
South Korea,2040,S1_NO_CN,exports_FOB,1955.6033707062,1956.5150026493664,0.9116319431664124,0.046616402733914666
South Korea,2040,S2_CAPACITY,exports_FOB,1955.6033707062,1890.571638532751,-65.03173217344897,-3.325404995081644
Rest of World,2040,S1_NO_CN,exports_FOB,94.4406621948873,94.4255920135584,-0.015070181328894705,-0.01595730163115116
Rest of World,2040,S2_CAPACITY,exports_FOB,94.4406621948873,88.69574955140523,-5.744912643482067,-6.083092293049463
Southeast Asia,2040,S1_NO_CN,exports_FOB,4666.953832680714,4666.619430183947,-0.3344024967673249,-0.007165326865366546
Southeast Asia,2040,S2_CAPACITY,exports_FOB,4666.953832680714,4470.946543233701,-196.00728944701314,-4.199897759314792
"Central, Western and South Asia",2040,S1_NO_CN,exports_FOB,4269.905789559775,4285.7813348031905,15.875545243415218,0.3718008318176963
"Central, Western and South Asia",2040,S2_CAPACITY,exports_FOB,4269.905789559775,3866.414593735004,-403.49119582477124,-9.449651015985788
India,2040,S1_NO_CN,exports_FOB,1485.367964968142,1485.7694433511067,0.40147838296479677,0.027028883915199264
India,2040,S2_CAPACITY,exports_FOB,1485.367964968142,1393.3449289251992,-92.02303604294275,-6.195302323280982
Canada,2040,S1_NO_CN,exports_FOB,1469.6251327986226,1470.5241739722055,0.8990411735828729,0.06117486381515668
Canada,2040,S2_CAPACITY,exports_FOB,1469.6251327986226,1396.6459836807132,-72.9791491179094,-4.965834313062845
United States,2040,S1_NO_CN,exports_FOB,6801.710940157954,6801.3728964574275,-0.3380437005262138,-0.004969980399054764
United States,2040,S2_CAPACITY,exports_FOB,6801.710940157954,6522.295460718418,-279.4154794395354,-4.10801755466907
Rest of America,2040,S1_NO_CN,exports_FOB,3118.5359081846937,3120.623687583127,2.087779398433213,0.06694742212054611
Rest of America,2040,S2_CAPACITY,exports_FOB,3118.5359081846937,2980.620537910736,-137.9153702739577,-4.422439706786591
Brazil,2040,S1_NO_CN,exports_FOB,1110.4851293006482,1110.6304854015366,0.14535610088842077,0.013089423446846325
Brazil,2040,S2_CAPACITY,exports_FOB,1110.4851293006482,1045.0383564676001,-65.44677283304804,-5.893529873224376
"EU, UK and EFTA",2040,S1_NO_CN,exports_FOB,20451.425246195835,20414.23225488547,-37.19299131036314,-0.18186014354809527
"EU, UK and EFTA",2040,S2_CAPACITY,exports_FOB,20451.425246195835,19779.74537297158,-671.6798732242532,-3.284269263088118
Eastern Europe,2040,S1_NO_CN,exports_FOB,464.24362754017955,464.73974326076535,0.4961157205858058,0.10686538083775156
Eastern Europe,2040,S2_CAPACITY,exports_FOB,464.24362754017955,436.9663511405897,-27.277276399589823,-5.8756383031297545
Russia,2040,S1_NO_CN,exports_FOB,1043.21084131315,1051.7900082530098,8.57916693985976,0.8223809224471503
Russia,2040,S2_CAPACITY,exports_FOB,1043.21084131315,945.9513658242768,-97.25947548887325,-9.323089028335549
North Africa,2040,S1_NO_CN,exports_FOB,583.5895791566404,587.0016057341354,3.4120265774949985,0.5846620123727709
North Africa,2040,S2_CAPACITY,exports_FOB,583.5895791566404,540.9552100852314,-42.63436907140897,-7.305539816701479
Sub Saharan,2040,S1_NO_CN,exports_FOB,1018.1035220656091,1020.1791748176713,2.075652752062183,0.20387442996473817
Sub Saharan,2040,S2_CAPACITY,exports_FOB,1018.1035220656091,945.4102144137009,-72.69330765190819,-7.140070344165221
South Africa,2040,S1_NO_CN,exports_FOB,414.8145465532611,414.96369454210804,0.14914798884694846,0.035955341992279496
South Africa,2040,S2_CAPACITY,exports_FOB,414.8145465532611,391.37120765651696,-23.443338896744137,-5.6515228531731525
Australia_Oceania,2045,S1_NO_CN,exports_FOB,1729.3249428881948,1732.6099550518982,3.2850121637034135,0.18995921947537642
Australia_Oceania,2045,S2_CAPACITY,exports_FOB,1729.3249428881948,1612.59013027438,-116.73481261381471,-6.750311044427115
China,2045,S1_NO_CN,exports_FOB,11669.968871420964,11665.089775302678,-4.8790961182858155,-0.04180898999854594
China,2045,S2_CAPACITY,exports_FOB,11669.968871420964,11187.984575744713,-481.98429567625135,-4.130124947090486
Japan,2045,S1_NO_CN,exports_FOB,2592.276784462294,2591.9437510752946,-0.33303338699943197,-0.012847138430416943
Japan,2045,S2_CAPACITY,exports_FOB,2592.276784462294,2497.5197077631124,-94.75707669918165,-3.6553610813143456
South Korea,2045,S1_NO_CN,exports_FOB,2285.50830160408,2285.9539312191955,0.44562961511564936,0.01949805278777089
South Korea,2045,S2_CAPACITY,exports_FOB,2285.50830160408,2201.6467404629093,-83.86156114117057,-3.669273967734551
Rest of World,2045,S1_NO_CN,exports_FOB,109.43667199770152,109.41239961489126,-0.02427238281026689,-0.022179386824534172
Rest of World,2045,S2_CAPACITY,exports_FOB,109.43667199770152,102.99683985996676,-6.4398321377347685,-5.884528485908291
Southeast Asia,2045,S1_NO_CN,exports_FOB,5518.090360283159,5517.140974736506,-0.9493855466525929,-0.017204965570804382
Southeast Asia,2045,S2_CAPACITY,exports_FOB,5518.090360283159,5281.370393672418,-236.7199666107408,-4.289889276089956
"Central, Western and South Asia",2045,S1_NO_CN,exports_FOB,4998.356174933056,5015.469103595999,17.112928662942977,0.3423711329089543
"Central, Western and South Asia",2045,S2_CAPACITY,exports_FOB,4998.356174933056,4526.771873713125,-471.58430121993024,-9.43478785255327
India,2045,S1_NO_CN,exports_FOB,1780.2711484788658,1780.5357244567736,0.26457597790772525,0.014861555113881918
India,2045,S2_CAPACITY,exports_FOB,1780.2711484788658,1675.5063523060185,-104.76479617284735,-5.884766276326083
Canada,2045,S1_NO_CN,exports_FOB,1795.1886634971142,1796.055929247061,0.8672657499466823,0.04831056298323579
Canada,2045,S2_CAPACITY,exports_FOB,1795.1886634971142,1702.1814149040022,-93.00724859311208,-5.180917776738267
United States,2045,S1_NO_CN,exports_FOB,8190.040033047573,8189.129259493766,-0.910773553807303,-0.01112050185508553
United States,2045,S2_CAPACITY,exports_FOB,8190.040033047573,7835.641705123725,-354.3983279238482,-4.3271867596961435
Rest of America,2045,S1_NO_CN,exports_FOB,3812.785191895708,3814.8378527198265,2.0526608241184476,0.05383625672071679
Rest of America,2045,S2_CAPACITY,exports_FOB,3812.785191895708,3636.0752047869505,-176.70998710875756,-4.634669361504149
Brazil,2045,S1_NO_CN,exports_FOB,1450.779808523975,1450.9788508001097,0.19904227613483272,0.013719675099237738
Brazil,2045,S2_CAPACITY,exports_FOB,1450.779808523975,1362.9710213788576,-87.80878714511732,-6.052523382887033
"EU, UK and EFTA",2045,S1_NO_CN,exports_FOB,24366.34916135974,24325.318238146378,-41.03092321336226,-0.16839175594852457
"EU, UK and EFTA",2045,S2_CAPACITY,exports_FOB,24366.34916135974,23495.20804721152,-871.1411141482204,-3.575181117119013
Eastern Europe,2045,S1_NO_CN,exports_FOB,579.0751170136391,579.5131068580662,0.43798984442707933,0.0756361017005611
Eastern Europe,2045,S2_CAPACITY,exports_FOB,579.0751170136391,543.801060023023,-35.274056990616145,-6.091447543546466
Russia,2045,S1_NO_CN,exports_FOB,1209.3444877749268,1218.7436115504127,9.399123775485805,0.7772081380036928
Russia,2045,S2_CAPACITY,exports_FOB,1209.3444877749268,1097.3959835176147,-111.94850425731215,-9.256957416929747
North Africa,2045,S1_NO_CN,exports_FOB,712.4475526091791,716.252108495089,3.804555885909963,0.5340120647445039
North Africa,2045,S2_CAPACITY,exports_FOB,712.4475526091791,660.854850175969,-51.59270243321009,-7.241614101173259
Sub Saharan,2045,S1_NO_CN,exports_FOB,1282.8632551147655,1285.0418513132204,2.1785961984548976,0.16982294798520825
Sub Saharan,2045,S2_CAPACITY,exports_FOB,1282.8632551147655,1194.2268221213626,-88.63643299340288,-6.909265866023533
South Africa,2045,S1_NO_CN,exports_FOB,514.1412640186446,514.257159676515,0.11589565787039646,0.022541598191230507
South Africa,2045,S2_CAPACITY,exports_FOB,514.1412640186446,484.7625403123817,-29.378723706262917,-5.714134570065852
Australia_Oceania,2050,S1_NO_CN,exports_FOB,2095.4860803630736,2099.069689365652,3.583609002578214,0.17101564339464864
Australia_Oceania,2050,S2_CAPACITY,exports_FOB,2095.4860803630736,1964.5385691405515,-130.94751122252205,-6.249027967765525
China,2050,S1_NO_CN,exports_FOB,13549.316356413927,13544.45275741492,-4.863598999007081,-0.035895530601473984
China,2050,S2_CAPACITY,exports_FOB,13549.316356413927,12999.204963696893,-550.1113927170336,-4.060067521093962
Japan,2050,S1_NO_CN,exports_FOB,3000.3526636363563,2999.676925545869,-0.6757380904873571,-0.02252195545800868
Japan,2050,S2_CAPACITY,exports_FOB,3000.3526636363563,2885.8797054719503,-114.47295816440601,-3.8153167643188817
South Korea,2050,S1_NO_CN,exports_FOB,2647.168876748403,2647.286011512648,0.1171347642452929,0.004424907125274646
South Korea,2050,S2_CAPACITY,exports_FOB,2647.168876748403,2546.100907232049,-101.06796951635397,-3.8179645584417266
Rest of World,2050,S1_NO_CN,exports_FOB,124.76973312600312,124.74464620551521,-0.02508692048790806,-0.020106575416469912
Rest of World,2050,S2_CAPACITY,exports_FOB,124.76973312600312,117.86975343842573,-6.899979687577385,-5.530171071704705
Southeast Asia,2050,S1_NO_CN,exports_FOB,6435.549406145157,6434.289328411124,-1.260077734033075,-0.01957995587493829
Southeast Asia,2050,S2_CAPACITY,exports_FOB,6435.549406145157,6168.117986579904,-267.43141956525324,-4.155533625612278
"Central, Western and South Asia",2050,S1_NO_CN,exports_FOB,5759.008531068115,5776.888299748447,17.879768680331836,0.3104660912355985
"Central, Western and South Asia",2050,S2_CAPACITY,exports_FOB,5759.008531068115,5235.349466163812,-523.6590649043028,-9.092868365784145
India,2050,S1_NO_CN,exports_FOB,2082.9430370159353,2083.4612272807403,0.5181902648050709,0.02487779337198968
India,2050,S2_CAPACITY,exports_FOB,2082.9430370159353,1976.486140680502,-106.45689633543316,-5.110888509363433
Canada,2050,S1_NO_CN,exports_FOB,2161.266540953597,2162.291897300612,1.0253563470150766,0.047442382861424735
Canada,2050,S2_CAPACITY,exports_FOB,2161.266540953597,2050.2456236407043,-111.02091731289283,-5.1368452344572
United States,2050,S1_NO_CN,exports_FOB,9716.774213865861,9716.114317946643,-0.6598959192178881,-0.006791306504541549
United States,2050,S2_CAPACITY,exports_FOB,9716.774213865861,9296.80870242216,-419.96551144370096,-4.322067202553797
Rest of America,2050,S1_NO_CN,exports_FOB,4595.053097351104,4597.385453945955,2.3323565948512623,0.05075799006970754
Rest of America,2050,S2_CAPACITY,exports_FOB,4595.053097351104,4382.14227606991,-212.91082128119433,-4.633479021252885
Brazil,2050,S1_NO_CN,exports_FOB,1842.7282571456815,1843.3104972345316,0.5822400888500852,0.031596633230770214
Brazil,2050,S2_CAPACITY,exports_FOB,1842.7282571456815,1734.1511360530253,-108.57712109265617,-5.892193852871076
"EU, UK and EFTA",2050,S1_NO_CN,exports_FOB,28748.742420473784,28706.230914466967,-42.51150600681649,-0.14787257607672388
"EU, UK and EFTA",2050,S2_CAPACITY,exports_FOB,28748.742420473784,27698.45718930101,-1050.285231172773,-3.6533258248708607
Eastern Europe,2050,S1_NO_CN,exports_FOB,714.8442309912556,715.2798172530648,0.43558626180924875,0.06093443059689141
Eastern Europe,2050,S2_CAPACITY,exports_FOB,714.8442309912556,671.5670582761763,-43.277172715079246,-6.054070360904772
Russia,2050,S1_NO_CN,exports_FOB,1386.8566440472941,1396.785104708047,9.928460660752762,0.7158966792543401
Russia,2050,S2_CAPACITY,exports_FOB,1386.8566440472941,1263.6411820870592,-123.21546196023496,-8.88451322558131
North Africa,2050,S1_NO_CN,exports_FOB,858.0750351805943,862.2045446434994,4.129509462905048,0.4812527219179536
North Africa,2050,S2_CAPACITY,exports_FOB,858.0750351805943,798.9575729852943,-59.11746219530005,-6.889544593598148
Sub Saharan,2050,S1_NO_CN,exports_FOB,1579.9267571900484,1582.3064902964422,2.3797331063938145,0.15062300170333515
Sub Saharan,2050,S2_CAPACITY,exports_FOB,1579.9267571900484,1477.9895353201775,-101.93722186987088,-6.452021994435335
South Africa,2050,S1_NO_CN,exports_FOB,626.1189149752371,626.2523350273666,0.1334200521295088,0.02130905949946993
South Africa,2050,S2_CAPACITY,exports_FOB,626.1189149752371,591.0284386240038,-35.09047635123329,-5.604442784262654
Australia_Oceania,2025,S1_NO_CN,imports_CIF,697.4725340337636,698.9879014528277,1.5153674190640913,0.21726553306696011
Australia_Oceania,2025,S2_CAPACITY,imports_CIF,697.4725340337636,642.7645295907014,-54.70800444306224,-7.843750366292403
China,2025,S1_NO_CN,imports_CIF,5152.309537060229,5151.581097357788,-0.7284397024404825,-0.014138119947974067
China,2025,S2_CAPACITY,imports_CIF,5152.309537060229,4964.262712593712,-188.04682446651623,-3.649757902041941
Japan,2025,S1_NO_CN,imports_CIF,1449.3955378601797,1449.959396108627,0.5638582484473318,0.038902993262956084
Japan,2025,S2_CAPACITY,imports_CIF,1449.3955378601797,1415.3245852057455,-34.07095265443422,-2.3507008104036937
South Korea,2025,S1_NO_CN,imports_CIF,1013.7533601301517,1014.8012931937074,1.0479330635556607,0.10337159952013583
South Korea,2025,S2_CAPACITY,imports_CIF,1013.7533601301517,984.4426739036606,-29.310686226491043,-2.8913034845801118
Rest of World,2025,S1_NO_CN,imports_CIF,49.7001835200772,49.707143685582174,0.006960165504970917,0.014004305441164506
Rest of World,2025,S2_CAPACITY,imports_CIF,49.7001835200772,45.92506630647337,-3.775117213603835,-7.595781235050801
Southeast Asia,2025,S1_NO_CN,imports_CIF,2611.060322009988,2611.3886742132963,0.32835220330844095,0.01257543537162237
Southeast Asia,2025,S2_CAPACITY,imports_CIF,2611.060322009988,2513.234727816393,-97.82559419359495,-3.7465849934209503
"Central, Western and South Asia",2025,S1_NO_CN,imports_CIF,2612.073948486749,2619.3605148970764,7.286566410327396,0.2789571257945709
"Central, Western and South Asia",2025,S2_CAPACITY,imports_CIF,2612.073948486749,2393.1021264936867,-218.97182199306235,-8.383063661728226
India,2025,S1_NO_CN,imports_CIF,999.9628871754176,1000.199447698594,0.23656052317642207,0.023656930293146337
India,2025,S2_CAPACITY,imports_CIF,999.9628871754176,955.0587755166715,-44.90411165874605,-4.490577823901656
Canada,2025,S1_NO_CN,imports_CIF,879.0845798575438,879.6240593085589,0.5394794510151542,0.061368321476253984
Canada,2025,S2_CAPACITY,imports_CIF,879.0845798575438,845.1843226532839,-33.9002572042599,-3.8563134857573615
United States,2025,S1_NO_CN,imports_CIF,4896.965611848249,4897.554628036711,0.5890161884617555,0.012028187149949061
United States,2025,S2_CAPACITY,imports_CIF,4896.965611848249,4771.78681108073,-125.17880076751862,-2.556252395660028
Rest of America,2025,S1_NO_CN,imports_CIF,1721.7075891364852,1722.8114473678834,1.103858231398135,0.06411415262168707
Rest of America,2025,S2_CAPACITY,imports_CIF,1721.7075891364852,1660.2481759119376,-61.45941322454769,-3.5696777787552403
Brazil,2025,S1_NO_CN,imports_CIF,449.4820632526455,449.6511553834561,0.16909213081061125,0.03761932780742971
Brazil,2025,S2_CAPACITY,imports_CIF,449.4820632526455,427.36123992982044,-22.12082332282506,-4.921402905991236
"EU, UK and EFTA",2025,S1_NO_CN,imports_CIF,12292.956003151512,12281.076102551842,-11.879900599669782,-0.0966399017178957
"EU, UK and EFTA",2025,S2_CAPACITY,imports_CIF,12292.956003151512,12018.477823198911,-274.47817995260084,-2.232808609111052
Eastern Europe,2025,S1_NO_CN,imports_CIF,289.9744903220314,290.18106299585935,0.20657267382796363,0.0712382229204211
Eastern Europe,2025,S2_CAPACITY,imports_CIF,289.9744903220314,276.563143714988,-13.411346607043413,-4.625009114473977
Russia,2025,S1_NO_CN,imports_CIF,509.8800977741153,514.3649032365165,4.484805462401198,0.8795804115476645
Russia,2025,S2_CAPACITY,imports_CIF,509.8800977741153,446.36169798684153,-63.51839978727378,-12.457516985770525
North Africa,2025,S1_NO_CN,imports_CIF,397.7542933382402,399.7595515954925,2.005258257252308,0.5041449685992672
North Africa,2025,S2_CAPACITY,imports_CIF,397.7542933382402,372.8255361489854,-24.92875718925478,-6.267376017499326
Sub Saharan,2025,S1_NO_CN,imports_CIF,614.6156135280352,615.7393034968428,1.1236899688076392,0.18282808703107947
Sub Saharan,2025,S2_CAPACITY,imports_CIF,614.6156135280352,577.1674778949238,-37.448135633111406,-6.092935943841466
South Africa,2025,S1_NO_CN,imports_CIF,183.80635664447934,183.92045475248278,0.11409810800344644,0.06207516980717729
South Africa,2025,S2_CAPACITY,imports_CIF,183.80635664447934,172.9807427564185,-10.825613888060843,-5.889684168540421
Australia_Oceania,2030,S1_NO_CN,imports_CIF,879.2805936954925,882.0007962894073,2.7202025939147916,0.309366840735352
Australia_Oceania,2030,S2_CAPACITY,imports_CIF,879.2805936954925,808.5603144980081,-70.72027919748439,-8.042970549396184
China,2030,S1_NO_CN,imports_CIF,6407.234118878595,6405.274057867777,-1.9600610108182082,-0.030591374912350814
China,2030,S2_CAPACITY,imports_CIF,6407.234118878595,6144.214964568032,-263.01915431056295,-4.105034238339913
Japan,2030,S1_NO_CN,imports_CIF,1701.4020005388904,1702.385631491311,0.9836309524205262,0.05781296554894009
Japan,2030,S2_CAPACITY,imports_CIF,1701.4020005388904,1656.0314000662786,-45.37060047261184,-2.666659640592962
South Korea,2030,S1_NO_CN,imports_CIF,1240.3574458886267,1242.1633085178007,1.8058626291740438,0.14559211420545579
South Korea,2030,S2_CAPACITY,imports_CIF,1240.3574458886267,1200.469698516584,-39.88774737204267,-3.215826817040307
Rest of World,2030,S1_NO_CN,imports_CIF,60.85315385830158,60.855805919090045,0.002652060788463473,0.004358132028191796
Rest of World,2030,S2_CAPACITY,imports_CIF,60.85315385830158,56.072810335124515,-4.780343523177066,-7.855539475091532
Southeast Asia,2030,S1_NO_CN,imports_CIF,3255.098477794899,3255.507197536286,0.4087197413873582,0.012556294200482598
Southeast Asia,2030,S2_CAPACITY,imports_CIF,3255.098477794899,3121.4198092781485,-133.67866851675035,-4.106747289787321
"Central, Western and South Asia",2030,S1_NO_CN,imports_CIF,3177.510351039932,3190.4718365807016,12.961485540769445,0.4079132436666154
"Central, Western and South Asia",2030,S2_CAPACITY,imports_CIF,3177.510351039932,2889.9485208656406,-287.5618301742916,-9.049910099590349
India,2030,S1_NO_CN,imports_CIF,1314.5940453380404,1315.057861513489,0.46381617544852816,0.0352820840086234
India,2030,S2_CAPACITY,imports_CIF,1314.5940453380404,1251.5022739643227,-63.09177137371762,-4.799334942787903
Canada,2030,S1_NO_CN,imports_CIF,1063.2966214684773,1064.250388132099,0.9537666636217637,0.08969902136099651
Canada,2030,S2_CAPACITY,imports_CIF,1063.2966214684773,1017.8309660227816,-45.46565544569569,-4.275914596898168
United States,2030,S1_NO_CN,imports_CIF,5858.858316506139,5859.44996351652,0.5916470103811662,0.010098332788050555
United States,2030,S2_CAPACITY,imports_CIF,5858.858316506139,5685.82461572497,-173.0337007811695,-2.9533689233221825
Rest of America,2030,S1_NO_CN,imports_CIF,2095.3182131480385,2097.322482603819,2.004269455780559,0.0956546572832636
Rest of America,2030,S2_CAPACITY,imports_CIF,2095.3182131480385,2011.525428761984,-83.79278438605456,-3.9990481569939194
Brazil,2030,S1_NO_CN,imports_CIF,601.4446824413528,601.7295779146071,0.2848954732543234,0.0473685247490909
Brazil,2030,S2_CAPACITY,imports_CIF,601.4446824413528,567.5409136805184,-33.903768760834396,-5.637055202352773
"EU, UK and EFTA",2030,S1_NO_CN,imports_CIF,14478.012590652976,14449.249064250214,-28.763526402761272,-0.1986704060564987
"EU, UK and EFTA",2030,S2_CAPACITY,imports_CIF,14478.012590652976,14082.875916698262,-395.13667395471384,-2.7292190242313685
Eastern Europe,2030,S1_NO_CN,imports_CIF,348.06045484563765,348.5390802038829,0.4786253582452673,0.13751213376352514
Eastern Europe,2030,S2_CAPACITY,imports_CIF,348.06045484563765,331.0436181010782,-17.01683674455944,-4.889046287118796
Russia,2030,S1_NO_CN,imports_CIF,600.0876298580857,607.0920618513779,7.004431993292201,1.167234857840458
Russia,2030,S2_CAPACITY,imports_CIF,600.0876298580857,525.6427152154296,-74.44491464265616,-12.405673928033075
North Africa,2030,S1_NO_CN,imports_CIF,491.9692867271163,494.7688364849221,2.799549757805778,0.5690497015433855
North Africa,2030,S2_CAPACITY,imports_CIF,491.9692867271163,462.30104536309244,-29.668241364023856,-6.030506815048422
Sub Saharan,2030,S1_NO_CN,imports_CIF,748.6484334612352,750.5180547153516,1.869621254116396,0.24973287467824568
Sub Saharan,2030,S2_CAPACITY,imports_CIF,748.6484334612352,699.9032621552562,-48.74517130597894,-6.511089735487032
South Africa,2030,S1_NO_CN,imports_CIF,230.31966595891188,230.5024573640073,0.18279140509542913,0.07936421943579859
South Africa,2030,S2_CAPACITY,imports_CIF,230.31966595891188,215.63603691504096,-14.683629043870923,-6.37532578155546
Australia_Oceania,2035,S1_NO_CN,imports_CIF,1097.8831347564198,1100.8537406849346,2.970605928514715,0.2705757866636492
Australia_Oceania,2035,S2_CAPACITY,imports_CIF,1097.8831347564198,1016.9610275261164,-80.92210723030348,-7.370739623234775
China,2035,S1_NO_CN,imports_CIF,7701.708956787488,7699.119653977822,-2.589302809666151,-0.03361984754544909
China,2035,S2_CAPACITY,imports_CIF,7701.708956787488,7390.6486800016655,-311.0602767858227,-4.038847462700942
Japan,2035,S1_NO_CN,imports_CIF,1967.772714326455,1968.482551657312,0.709837330856999,0.036073136175179044
Japan,2035,S2_CAPACITY,imports_CIF,1967.772714326455,1912.3936781227605,-55.37903620369434,-2.814300442348085
South Korea,2035,S1_NO_CN,imports_CIF,1470.0069353936385,1471.48558149154,1.4786460979014464,0.10058769535706269
South Korea,2035,S2_CAPACITY,imports_CIF,1470.0069353936385,1421.6304532293648,-48.37648216427374,-3.2909016277069116
Rest of World,2035,S1_NO_CN,imports_CIF,72.0352862611597,72.02981845223991,-0.005467808919789263,-0.0075904590702479385
Rest of World,2035,S2_CAPACITY,imports_CIF,72.0352862611597,67.00759159361002,-5.027694667549682,-6.979488704080484
Southeast Asia,2035,S1_NO_CN,imports_CIF,3929.882459488761,3930.071955386665,0.1894958979041803,0.004821922789233545
Southeast Asia,2035,S2_CAPACITY,imports_CIF,3929.882459488761,3771.929732737436,-157.95272675132492,-4.019273563003027
"Central, Western and South Asia",2035,S1_NO_CN,imports_CIF,3754.3742663508688,3768.9429774640007,14.56871111313194,0.3880463182295424
"Central, Western and South Asia",2035,S2_CAPACITY,imports_CIF,3754.3742663508688,3414.6624116103667,-339.7118547405021,-9.048428063904538
India,2035,S1_NO_CN,imports_CIF,1623.8498253353807,1624.3006124147885,0.4507870794077462,0.02776039214800194
India,2035,S2_CAPACITY,imports_CIF,1623.8498253353807,1547.5378460848983,-76.31197925048241,-4.699448068402591
Canada,2035,S1_NO_CN,imports_CIF,1278.6685965197014,1279.6276483719173,0.9590518522159073,0.07500394197732457
Canada,2035,S2_CAPACITY,imports_CIF,1278.6685965197014,1223.1899678432744,-55.47862867642698,-4.338780887200132
United States,2035,S1_NO_CN,imports_CIF,6917.000793819987,6917.316576089833,0.31578226984584035,0.004565306254236328
United States,2035,S2_CAPACITY,imports_CIF,6917.000793819987,6704.815872574206,-212.18492124578097,-3.067585613628354
Rest of America,2035,S1_NO_CN,imports_CIF,2557.029544631483,2559.1442680487685,2.114723417285404,0.08270234584208437
Rest of America,2035,S2_CAPACITY,imports_CIF,2557.029544631483,2452.468084174373,-104.56146045711012,-4.089176860573953
Brazil,2035,S1_NO_CN,imports_CIF,799.7107253221188,800.0409011218406,0.33017579972181466,0.04128690403505865
Brazil,2035,S2_CAPACITY,imports_CIF,799.7107253221188,753.1575853793235,-46.55313994279538,-5.821247417188766
"EU, UK and EFTA",2035,S1_NO_CN,imports_CIF,17168.69336929094,17135.288182571287,-33.40518671965401,-0.19457034965400882
"EU, UK and EFTA",2035,S2_CAPACITY,imports_CIF,17168.69336929094,16674.39932940024,-494.29403989070124,-2.879042855846143
Eastern Europe,2035,S1_NO_CN,imports_CIF,425.93275274803966,426.44594351386274,0.513190765823083,0.1204863355804574
Eastern Europe,2035,S2_CAPACITY,imports_CIF,425.93275274803966,404.9913604342883,-20.94139231375135,-4.916595913003014
Russia,2035,S1_NO_CN,imports_CIF,701.5927500710316,709.3649743334787,7.772224262447139,1.107797117581425
Russia,2035,S2_CAPACITY,imports_CIF,701.5927500710316,618.1720759121101,-83.42067415892143,-11.890184747558415
North Africa,2035,S1_NO_CN,imports_CIF,594.9886107185758,598.0422487164045,3.053637997828673,0.5132262942211201
North Africa,2035,S2_CAPACITY,imports_CIF,594.9886107185758,560.1124796775016,-34.876131041074245,-5.861646830340814
Sub Saharan,2035,S1_NO_CN,imports_CIF,951.6902773224538,953.6928665459221,2.0025892234683624,0.21042447014406565
Sub Saharan,2035,S2_CAPACITY,imports_CIF,951.6902773224538,893.286471504002,-58.403805818451815,-6.1368501087106635
South Africa,2035,S1_NO_CN,imports_CIF,291.98892127144643,292.16237791308583,0.17345664163940455,0.05940521334991036
South Africa,2035,S2_CAPACITY,imports_CIF,291.98892127144643,273.67455764402985,-18.314363627416583,-6.272280313810503
Australia_Oceania,2040,S1_NO_CN,imports_CIF,1374.9631113656358,1378.1710219159904,3.2079105503546543,0.23330884471282326
Australia_Oceania,2040,S2_CAPACITY,imports_CIF,1374.9631113656358,1275.6114243192676,-99.35168704636817,-7.22577109342886
China,2040,S1_NO_CN,imports_CIF,9179.418484286007,9175.664290594514,-3.7541936914931284,-0.040897946835301485
China,2040,S2_CAPACITY,imports_CIF,9179.418484286007,8784.580753682985,-394.83773060302155,-4.301337075751949
Japan,2040,S1_NO_CN,imports_CIF,2278.1153296095395,2278.398592999881,0.2832633903417445,0.012434111068042144
Japan,2040,S2_CAPACITY,imports_CIF,2278.1153296095395,2205.402045752891,-72.71328385664856,-3.191817504213509
South Korea,2040,S1_NO_CN,imports_CIF,1743.5762192590714,1744.6556456541314,1.0794263950599543,0.06190875874176891
South Korea,2040,S2_CAPACITY,imports_CIF,1743.5762192590714,1679.1861116828495,-64.39010757622191,-3.6929906972225357
Rest of World,2040,S1_NO_CN,imports_CIF,84.97729980651934,84.96217439433498,-0.015125412184360698,-0.017799356085447537
Rest of World,2040,S2_CAPACITY,imports_CIF,84.97729980651934,79.13724136468264,-5.840058441836703,-6.872492365765501
Southeast Asia,2040,S1_NO_CN,imports_CIF,4692.633166884594,4692.339355792435,-0.29381109215955803,-0.006261113573354747
Southeast Asia,2040,S2_CAPACITY,imports_CIF,4692.633166884594,4495.506366393908,-197.12680049068604,-4.2007715813328135
"Central, Western and South Asia",2040,S1_NO_CN,imports_CIF,4430.316747675364,4446.523072200323,16.2063245249592,0.3658050980996525
"Central, Western and South Asia",2040,S2_CAPACITY,imports_CIF,4430.316747675364,4017.5685440864872,-412.748203588877,-9.316449073431386
India,2040,S1_NO_CN,imports_CIF,1966.0654444886206,1966.4274992618891,0.3620547732684827,0.01841519438141868
India,2040,S2_CAPACITY,imports_CIF,1966.0654444886206,1873.939743639199,-92.12570084942172,-4.685790145372494
Canada,2040,S1_NO_CN,imports_CIF,1554.3090443020828,1555.2218321269095,0.912787824826637,0.05872627635879824
Canada,2040,S2_CAPACITY,imports_CIF,1554.3090443020828,1481.1715774871575,-73.13746681492535,-4.7054649191574125
United States,2040,S1_NO_CN,imports_CIF,8193.554684591048,8193.28370203936,-0.27098255168857577,-0.003307264821191596
United States,2040,S2_CAPACITY,imports_CIF,8193.554684591048,7914.850599698404,-278.70408489264446,-3.4015039335342516
Rest of America,2040,S1_NO_CN,imports_CIF,3133.027269452017,3135.114150661761,2.0868812097437512,0.06660909817451917
Rest of America,2040,S2_CAPACITY,imports_CIF,3133.027269452017,2994.681945014992,-138.34532443702528,-4.4157076379747755
Brazil,2040,S1_NO_CN,imports_CIF,1066.9186582080526,1067.2276561565438,0.30899794849119644,0.02896171569538161
Brazil,2040,S2_CAPACITY,imports_CIF,1066.9186582080526,1001.1363043670638,-65.78235384098889,-6.165639089251086
"EU, UK and EFTA",2040,S1_NO_CN,imports_CIF,20460.049140112515,20422.95568312633,-37.09345698618563,-0.1812970082924329
"EU, UK and EFTA",2040,S2_CAPACITY,imports_CIF,20460.049140112515,19791.947646347642,-668.1014937648724,-3.265395352619365
Eastern Europe,2040,S1_NO_CN,imports_CIF,523.1885289613344,523.6659919365449,0.4774629752104147,0.09126021477540862
Eastern Europe,2040,S2_CAPACITY,imports_CIF,523.1885289613344,495.74837876271215,-27.44015019862229,-5.244792016579213
Russia,2040,S1_NO_CN,imports_CIF,834.8341663877355,843.6012669905899,8.767100602854384,1.0501607332135157
Russia,2040,S2_CAPACITY,imports_CIF,834.8341663877355,735.8884316952079,-98.9457346925276,-11.852142458502664
North Africa,2040,S1_NO_CN,imports_CIF,723.9765420280933,727.479780857323,3.5032388292297583,0.48388844470237247
North Africa,2040,S2_CAPACITY,imports_CIF,723.9765420280933,680.7102540613454,-43.26628796674788,-5.976200257199627
Sub Saharan,2040,S1_NO_CN,imports_CIF,1213.7599567367113,1215.8879304988245,2.1279737621132426,0.17532080789964985
Sub Saharan,2040,S2_CAPACITY,imports_CIF,1213.7599567367113,1140.0389434649646,-73.72101327174664,-6.073772071864306
South Africa,2040,S1_NO_CN,imports_CIF,369.23715244807005,369.3825905164989,0.14543806842885942,0.03938879591736479
South Africa,2040,S2_CAPACITY,imports_CIF,369.23715244807005,345.57476485921416,-23.662387588855893,-6.408452516755826
Australia_Oceania,2045,S1_NO_CN,imports_CIF,1700.2406554926845,1703.6452771413196,3.404621648635157,0.2002435148010614
Australia_Oceania,2045,S2_CAPACITY,imports_CIF,1700.2406554926845,1583.0552899505358,-117.1853655421487,-6.892281111122561
China,2045,S1_NO_CN,imports_CIF,10811.158031803248,10806.365507102904,-4.7925247003440745,-0.04432942970813927
China,2045,S2_CAPACITY,imports_CIF,10811.158031803248,10330.497683495938,-480.6603483073104,-4.445965426583803
Japan,2045,S1_NO_CN,imports_CIF,2641.372798140389,2641.152878214095,-0.2199199262940965,-0.008325970739493009
Japan,2045,S2_CAPACITY,imports_CIF,2641.372798140389,2548.0858640017495,-93.28693413863948,-3.531759477659362
South Korea,2045,S1_NO_CN,imports_CIF,2061.5968766002825,2062.216780893875,0.6199042935922989,0.030069132361830335
South Korea,2045,S2_CAPACITY,imports_CIF,2061.5968766002825,1978.64803169656,-82.94884490372237,-4.023523989836017
Rest of World,2045,S1_NO_CN,imports_CIF,98.77390948240483,98.74985198006736,-0.024057502337470282,-0.024356130544529862
Rest of World,2045,S2_CAPACITY,imports_CIF,98.77390948240483,92.25704624282997,-6.51686323957486,-6.5977577213704865
Southeast Asia,2045,S1_NO_CN,imports_CIF,5528.685739644705,5527.810250478048,-0.8754891666567346,-0.015835393941436016
Southeast Asia,2045,S2_CAPACITY,imports_CIF,5528.685739644705,5291.999604517427,-236.68613512727825,-4.2810560461063325
"Central, Western and South Asia",2045,S1_NO_CN,imports_CIF,5163.809698151712,5181.264080832721,17.45438268100952,0.3380136701640455
"Central, Western and South Asia",2045,S2_CAPACITY,imports_CIF,5163.809698151712,4683.905759016152,-479.90393913556,-9.293602343776001
India,2045,S1_NO_CN,imports_CIF,2334.6008503842477,2334.8641501769216,0.26329979267393355,0.011278150294111198
India,2045,S2_CAPACITY,imports_CIF,2334.6008503842477,2230.2384015533303,-104.3624488309174,-4.470248043203641
Canada,2045,S1_NO_CN,imports_CIF,1886.1464388919426,1887.0300202214264,0.8835813294838317,0.04684584989079165
Canada,2045,S2_CAPACITY,imports_CIF,1886.1464388919426,1793.1625686219772,-92.98387026996534,-4.929833036961368
United States,2045,S1_NO_CN,imports_CIF,9677.739809870882,9676.92618428074,-0.8136255901426921,-0.00840718603855033
United States,2045,S2_CAPACITY,imports_CIF,9677.739809870882,9325.350734820635,-352.3890750502469,-3.6412332008639567
Rest of America,2045,S1_NO_CN,imports_CIF,3823.191125690797,3825.247398492893,2.0562728020959185,0.05378420106382672
Rest of America,2045,S2_CAPACITY,imports_CIF,3823.191125690797,3646.5998020523552,-176.59132363844174,-4.61895097139655
Brazil,2045,S1_NO_CN,imports_CIF,1402.5110436449825,1402.9054341042654,0.39439045928293126,0.028120310429638463
Brazil,2045,S2_CAPACITY,imports_CIF,1402.5110436449825,1314.554578965618,-87.95646467936444,-6.271356298968926
"EU, UK and EFTA",2045,S1_NO_CN,imports_CIF,24351.50944099893,24310.761838803723,-40.74760219520613,-0.16733090937928574
"EU, UK and EFTA",2045,S2_CAPACITY,imports_CIF,24351.50944099893,23486.570028756192,-864.9394122427366,-3.5518923963969917
Eastern Europe,2045,S1_NO_CN,imports_CIF,642.3084402634312,642.7280842532024,0.41964398977120254,0.06533371873473952
Eastern Europe,2045,S2_CAPACITY,imports_CIF,642.3084402634312,606.9540077446391,-35.35443251879212,-5.504276497486495
Russia,2045,S1_NO_CN,imports_CIF,986.2190426260055,995.7952699715478,9.576227345542293,0.9710041006756138
Russia,2045,S2_CAPACITY,imports_CIF,986.2190426260055,872.8377324861772,-113.38131013982832,-11.496564681810229
North Africa,2045,S1_NO_CN,imports_CIF,874.3741336159468,878.2796129809858,3.905479365039014,0.4466599839691079
North Africa,2045,S2_CAPACITY,imports_CIF,874.3741336159468,822.379805683382,-51.99432793256483,-5.946462267535742
Sub Saharan,2045,S1_NO_CN,imports_CIF,1527.333729822906,1529.568622703353,2.234892880446978,0.146326427342511
Sub Saharan,2045,S2_CAPACITY,imports_CIF,1527.333729822906,1438.0007758133563,-89.33295400954967,-5.8489478929996395
South Africa,2045,S1_NO_CN,imports_CIF,461.33821377493064,461.44980049125184,0.11158671632119876,0.02418761615434651
South Africa,2045,S2_CAPACITY,imports_CIF,461.33821377493064,431.7979024217217,-29.54031135320895,-6.40317894143071
Australia_Oceania,2050,S1_NO_CN,imports_CIF,2059.330191810397,2063.0294026882852,3.699210877888163,0.1796317507799036
Australia_Oceania,2050,S2_CAPACITY,imports_CIF,2059.330191810397,1928.1051507341272,-131.22504107626992,-6.372219549741435
China,2050,S1_NO_CN,imports_CIF,12499.430268858885,12494.659908207288,-4.770360651597002,-0.03816462469879041
China,2050,S2_CAPACITY,imports_CIF,12499.430268858885,11951.296525561858,-548.1337432970267,-4.385269820358522
Japan,2050,S1_NO_CN,imports_CIF,3044.161841353213,3043.5823191806257,-0.5795221725870761,-0.01903716697038232
Japan,2050,S2_CAPACITY,imports_CIF,3044.161841353213,2930.8531430591556,-113.3086982940572,-3.7221640700840135
South Korea,2050,S1_NO_CN,imports_CIF,2410.687374716732,2410.9725044332768,0.2851297165448159,0.0118277350906324
South Korea,2050,S2_CAPACITY,imports_CIF,2410.687374716732,2310.386605659836,-100.30076905689612,-4.160670940116487
Rest of World,2050,S1_NO_CN,imports_CIF,112.81905530669292,112.79398819283462,-0.02506711385829874,-0.022218865235269922
Rest of World,2050,S2_CAPACITY,imports_CIF,112.81905530669292,105.84708823919158,-6.971967067501339,-6.179777918320977
Southeast Asia,2050,S1_NO_CN,imports_CIF,6419.009887528965,6417.826885691965,-1.1830018370001198,-0.01842966217108482
Southeast Asia,2050,S2_CAPACITY,imports_CIF,6419.009887528965,6151.9090428532945,-267.1008446756705,-4.161091030481221
"Central, Western and South Asia",2050,S1_NO_CN,imports_CIF,5918.664021802283,5936.835145490632,18.171123688349326,0.3070139413457712
"Central, Western and South Asia",2050,S2_CAPACITY,imports_CIF,5918.664021802283,5387.720463228105,-530.9435585741785,-8.970665620119144
India,2050,S1_NO_CN,imports_CIF,2707.383260213118,2707.927382594234,0.5441223811162672,0.02009772273887205
India,2050,S2_CAPACITY,imports_CIF,2707.383260213118,2601.5378534865117,-105.84540672660614,-3.909509535723224
Canada,2050,S1_NO_CN,imports_CIF,2256.8270021231633,2257.8661789838357,1.0391768606723417,0.04604592464086576
Canada,2050,S2_CAPACITY,imports_CIF,2256.8270021231633,2145.879772140761,-110.9472299824024,-4.916071541063014
United States,2050,S1_NO_CN,imports_CIF,11284.705054089476,11284.135214747728,-0.5698393417478655,-0.005049660926152083
United States,2050,S2_CAPACITY,imports_CIF,11284.705054089476,10866.751220026872,-417.9538340626041,-3.7037196103866385
Rest of America,2050,S1_NO_CN,imports_CIF,4595.792565671145,4598.119654141317,2.3270884701723844,0.05063519375428009
Rest of America,2050,S2_CAPACITY,imports_CIF,4595.792565671145,4383.050380566146,-212.7421851049994,-4.6290641290928605
Brazil,2050,S1_NO_CN,imports_CIF,1786.7815033621096,1787.5835927386697,0.8020893765601613,0.044890176837565444
Brazil,2050,S2_CAPACITY,imports_CIF,1786.7815033621096,1678.0972499383092,-108.68425342380033,-6.0826829256567665
"EU, UK and EFTA",2050,S1_NO_CN,imports_CIF,28687.52100852763,28645.39531282673,-42.12569570089909,-0.14684327617007004
"EU, UK and EFTA",2050,S2_CAPACITY,imports_CIF,28687.52100852763,27643.621737478727,-1043.8992710489038,-3.638861896566786
Eastern Europe,2050,S1_NO_CN,imports_CIF,780.9393713462521,781.3563174041197,0.41694605786767625,0.0533903236494413
Eastern Europe,2050,S2_CAPACITY,imports_CIF,780.9393713462521,737.5542196549055,-43.38515169134655,-5.555508312579426
Russia,2050,S1_NO_CN,imports_CIF,1149.1440116020908,1159.2185228078242,10.074511205733415,0.8766970113422018
Russia,2050,S2_CAPACITY,imports_CIF,1149.1440116020908,1024.7410611176208,-124.40295048447001,-10.825705849611694
North Africa,2050,S1_NO_CN,imports_CIF,1040.7831953494808,1045.0093750775923,4.226179728111447,0.40605764456951604
North Africa,2050,S2_CAPACITY,imports_CIF,1040.7831953494808,981.373195350871,-59.409999998609806,-5.708201310712048
Sub Saharan,2050,S1_NO_CN,imports_CIF,1880.1179614565378,1882.5473121230582,2.4293506665203495,0.12921267262604724
Sub Saharan,2050,S2_CAPACITY,imports_CIF,1880.1179614565378,1777.5766826894687,-102.54127876706912,-5.453981126143267
South Africa,2050,S1_NO_CN,imports_CIF,565.1963999192764,565.3233341873394,0.12693426806299613,0.022458435347628786
South Africa,2050,S2_CAPACITY,imports_CIF,565.1963999192764,529.9312047139055,-35.2651952053709,-6.23945856881035
Australia_Oceania,2025,S1_NO_CN,CO2_Mt,412.71154542640033,424.48409938108495,11.77255395468461,2.8524896105151565
Australia_Oceania,2025,S2_CAPACITY,CO2_Mt,412.71154542640033,361.24563808593257,-51.465907340467766,-12.470188418716235
China,2025,S1_NO_CN,CO2_Mt,11597.26091488335,11574.26898818686,-22.991926696491646,-0.1982530777330787
China,2025,S2_CAPACITY,CO2_Mt,11597.26091488335,8351.193650865738,-3246.0672640176126,-27.989947694043607
Japan,2025,S1_NO_CN,CO2_Mt,1305.0230210779532,1315.3038434230668,10.28082234511362,0.7877885814321979
Japan,2025,S2_CAPACITY,CO2_Mt,1305.0230210779532,1200.6814572100436,-104.3415638679096,-7.995381091570564
South Korea,2025,S1_NO_CN,CO2_Mt,602.128046205439,613.9130436006433,11.7849973952043,1.957224459061885
South Korea,2025,S2_CAPACITY,CO2_Mt,602.128046205439,513.4105410342338,-88.71750517120518,-14.73399316479203
Rest of World,2025,S1_NO_CN,CO2_Mt,56.9451761665302,56.81426581952643,-0.1309103470037698,-0.22988838707063827
Rest of World,2025,S2_CAPACITY,CO2_Mt,56.9451761665302,37.72012910583449,-19.225047060695715,-33.760624437220244
Southeast Asia,2025,S1_NO_CN,CO2_Mt,1931.600261840451,1926.3129142220828,-5.2873476183681305,-0.27372887252201367
Southeast Asia,2025,S2_CAPACITY,CO2_Mt,1931.600261840451,1496.4680802183232,-435.13218162212775,-22.527030577616966
"Central, Western and South Asia",2025,S1_NO_CN,CO2_Mt,3788.542761794456,3784.8646274431294,-3.678134351326662,-0.09708572880366544
"Central, Western and South Asia",2025,S2_CAPACITY,CO2_Mt,3788.542761794456,3024.0397828479017,-764.5029789465543,-20.179341425314806
India,2025,S1_NO_CN,CO2_Mt,2897.8497622897803,2896.3107846110743,-1.5389776787060327,-0.05310757302649072
India,2025,S2_CAPACITY,CO2_Mt,2897.8497622897803,2334.9335418066958,-562.9162204830845,-19.42530726776835
Canada,2025,S1_NO_CN,CO2_Mt,717.3070107327441,717.4647350271644,0.1577242944202908,0.02198839437790691
Canada,2025,S2_CAPACITY,CO2_Mt,717.3070107327441,563.8691342362183,-153.43787649652575,-21.39082348293038
United States,2025,S1_NO_CN,CO2_Mt,5449.308591038407,5472.736494372073,23.42790333366611,0.4299243278715061
United States,2025,S2_CAPACITY,CO2_Mt,5449.308591038407,4479.043793543356,-970.2647974950514,-17.805282657155598
Rest of America,2025,S1_NO_CN,CO2_Mt,1547.0639744437622,1543.214266461233,-3.849707982529253,-0.24883961142676037
Rest of America,2025,S2_CAPACITY,CO2_Mt,1547.0639744437622,1305.3588446950612,-241.70512974870098,-15.62347347889118
Brazil,2025,S1_NO_CN,CO2_Mt,634.7025491760993,651.7053184159076,17.002769239808345,2.678856302354459
Brazil,2025,S2_CAPACITY,CO2_Mt,634.7025491760993,573.0419266290584,-61.66062254704093,-9.714884968885336
"EU, UK and EFTA",2025,S1_NO_CN,CO2_Mt,3131.188938390765,3214.899417051035,83.71047866026993,2.67344067404926
"EU, UK and EFTA",2025,S2_CAPACITY,CO2_Mt,3131.188938390765,2970.268793699888,-160.9201446908769,-5.139266516877125
Eastern Europe,2025,S1_NO_CN,CO2_Mt,428.77019346166975,427.13309384270815,-1.6370996189615994,-0.38181283212447675
Eastern Europe,2025,S2_CAPACITY,CO2_Mt,428.77019346166975,332.7761918405182,-95.99400162115154,-22.38821706475103
Russia,2025,S1_NO_CN,CO2_Mt,2054.788913184977,2051.70612903988,-3.0827841450968663,-0.1500292378119984
Russia,2025,S2_CAPACITY,CO2_Mt,2054.788913184977,1554.8346299559676,-499.95428322900943,-24.331174848226485
North Africa,2025,S1_NO_CN,CO2_Mt,693.3058252965412,691.1195047540846,-2.186320542456656,-0.31534720504065017
North Africa,2025,S2_CAPACITY,CO2_Mt,693.3058252965412,560.2841398057748,-133.02168549076646,-19.186581251335994
Sub Saharan,2025,S1_NO_CN,CO2_Mt,469.0902236390054,467.773558861116,-1.3166647778894003,-0.2806847620219553
Sub Saharan,2025,S2_CAPACITY,CO2_Mt,469.0902236390054,397.79485851576544,-71.29536512323995,-15.198646556766922
South Africa,2025,S1_NO_CN,CO2_Mt,451.25795347855694,450.5774269316309,-0.6805265469260462,-0.15080654904365773
South Africa,2025,S2_CAPACITY,CO2_Mt,451.25795347855694,306.3743246715793,-144.88362880697764,-32.106609465856714
Australia_Oceania,2030,S1_NO_CN,CO2_Mt,443.1828436417616,464.6657011091911,21.482857467429483,4.847402776447444
Australia_Oceania,2030,S2_CAPACITY,CO2_Mt,443.1828436417616,397.6689055570955,-45.51393808466611,-10.26978790755186
China,2030,S1_NO_CN,CO2_Mt,12254.284103503089,12212.864169870332,-41.41993363275651,-0.3380036996279199
China,2030,S2_CAPACITY,CO2_Mt,12254.284103503089,8901.820228023955,-3352.463875479134,-27.357484510423397
Japan,2030,S1_NO_CN,CO2_Mt,1385.1744482753377,1404.326479982623,19.152031707285232,1.3826440222840648
Japan,2030,S2_CAPACITY,CO2_Mt,1385.1744482753377,1298.808017724085,-86.36643055125273,-6.235058021665534
South Korea,2030,S1_NO_CN,CO2_Mt,653.9789874537844,675.1465072051402,21.167519751355826,3.2367278089117044
South Korea,2030,S2_CAPACITY,CO2_Mt,653.9789874537844,575.0011840325351,-78.97780342124929,-12.076504740426468
Rest of World,2030,S1_NO_CN,CO2_Mt,63.375296811457964,63.1511891639527,-0.22410764750526369,-0.35361987837624775
Rest of World,2030,S2_CAPACITY,CO2_Mt,63.375296811457964,42.77978876614908,-20.595508045308883,-32.49769086933146
Southeast Asia,2030,S1_NO_CN,CO2_Mt,2155.8339622167714,2145.687005743508,-10.146956473263344,-0.47067430289620127
Southeast Asia,2030,S2_CAPACITY,CO2_Mt,2155.8339622167714,1700.0786844276734,-455.75527778909805,-21.140555616837034
"Central, Western and South Asia",2030,S1_NO_CN,CO2_Mt,4263.03065341208,4258.746655694135,-4.283997717944658,-0.10049183471190375
"Central, Western and South Asia",2030,S2_CAPACITY,CO2_Mt,4263.03065341208,3430.2166404965847,-832.8140129154954,-19.535726590399268
India,2030,S1_NO_CN,CO2_Mt,3445.268707300796,3444.2740819454134,-0.9946253553825954,-0.028869311507543835
India,2030,S2_CAPACITY,CO2_Mt,3445.268707300796,2882.882014019417,-562.3866932813789,-16.323449375360397
Canada,2030,S1_NO_CN,CO2_Mt,784.3316029168168,785.1413631672117,0.809760250394902,0.10324207865442622
Canada,2030,S2_CAPACITY,CO2_Mt,784.3316029168168,636.8713483779427,-147.4602545388741,-18.80075391460583
United States,2030,S1_NO_CN,CO2_Mt,5901.352640798317,5939.634253288724,38.28161249040659,0.6486921697536103
United States,2030,S2_CAPACITY,CO2_Mt,5901.352640798317,4970.395826368448,-930.9568144298692,-15.775312391837206
Rest of America,2030,S1_NO_CN,CO2_Mt,1681.5126037971402,1674.5619904819414,-6.95061331519878,-0.4133548151529235
Rest of America,2030,S2_CAPACITY,CO2_Mt,1681.5126037971402,1435.646763912418,-245.86583988472216,-14.62170663065596
Brazil,2030,S1_NO_CN,CO2_Mt,730.6986110190901,761.9898089368925,31.29119791780238,4.282367236768276
Brazil,2030,S2_CAPACITY,CO2_Mt,730.6986110190901,679.929418620083,-50.769192399007125,-6.948034611452236
"EU, UK and EFTA",2030,S1_NO_CN,CO2_Mt,2533.9684530822,2630.899626779796,96.93117369759602,3.825271525369367
"EU, UK and EFTA",2030,S2_CAPACITY,CO2_Mt,2533.9684530822,2509.161316473943,-24.807136608257224,-0.97898364038759
Eastern Europe,2030,S1_NO_CN,CO2_Mt,475.2319950981549,473.2097712989294,-2.0222237992255145,-0.42552349591021166
Eastern Europe,2030,S2_CAPACITY,CO2_Mt,475.2319950981549,377.5340148078338,-97.69798029032114,-20.557955124663376
Russia,2030,S1_NO_CN,CO2_Mt,2189.5380462371527,2186.167440686945,-3.3706055502075287,-0.15394140129239173
Russia,2030,S2_CAPACITY,CO2_Mt,2189.5380462371527,1682.0453424542172,-507.49270378293545,-23.17807195244179
North Africa,2030,S1_NO_CN,CO2_Mt,830.7948283886511,826.6415878817706,-4.153240506880479,-0.49991169479663233
North Africa,2030,S2_CAPACITY,CO2_Mt,830.7948283886511,669.4308147967812,-161.36401359186993,-19.422847624706545
Sub Saharan,2030,S1_NO_CN,CO2_Mt,528.789276431107,526.5261091728734,-2.2631672582336932,-0.4279903846591239
Sub Saharan,2030,S2_CAPACITY,CO2_Mt,528.789276431107,452.89838405617775,-75.89089237492931,-14.351821369587986
South Africa,2030,S1_NO_CN,CO2_Mt,465.8778844444429,464.669374163016,-1.208510281426868,-0.25940494747202064
South Africa,2030,S2_CAPACITY,CO2_Mt,465.8778844444429,327.6312265859124,-138.2466578585305,-29.674440980041147
Australia_Oceania,2035,S1_NO_CN,CO2_Mt,469.0263669479533,492.261632932029,23.23526598407568,4.95393598770835
Australia_Oceania,2035,S2_CAPACITY,CO2_Mt,469.0263669479533,428.25897357842064,-40.76739336953267,-8.691919312514157
China,2035,S1_NO_CN,CO2_Mt,11732.774480364022,11698.61297569263,-34.16150467139232,-0.29116305549522864
China,2035,S2_CAPACITY,CO2_Mt,11732.774480364022,8756.489281894956,-2976.285198469066,-25.36727526341002
Japan,2035,S1_NO_CN,CO2_Mt,1508.5422153886316,1526.8154767335309,18.27326134489931,1.2113191900428018
Japan,2035,S2_CAPACITY,CO2_Mt,1508.5422153886316,1411.2826084909018,-97.25960689772978,-6.447257882847761
South Korea,2035,S1_NO_CN,CO2_Mt,689.9115539510188,711.5809747081956,21.669420757176795,3.1408983706794453
South Korea,2035,S2_CAPACITY,CO2_Mt,689.9115539510188,613.2718055245556,-76.63974842646326,-11.108633851333412
Rest of World,2035,S1_NO_CN,CO2_Mt,72.97544640494942,72.7036940171723,-0.27175238777712707,-0.37238879810222847
Rest of World,2035,S2_CAPACITY,CO2_Mt,72.97544640494942,48.87251462051091,-24.10293178443851,-33.028824038551925
Southeast Asia,2035,S1_NO_CN,CO2_Mt,2337.190912472933,2326.2589819891896,-10.9319304837436,-0.46773801940624316
Southeast Asia,2035,S2_CAPACITY,CO2_Mt,2337.190912472933,1865.1371663592424,-472.05374611369075,-20.197483380346558
"Central, Western and South Asia",2035,S1_NO_CN,CO2_Mt,4799.183792461185,4793.90312923825,-5.280663222934891,-0.11003252743164452
"Central, Western and South Asia",2035,S2_CAPACITY,CO2_Mt,4799.183792461185,3887.459729727418,-911.7240627337665,-18.997481700241437
India,2035,S1_NO_CN,CO2_Mt,3809.090363582617,3807.962098403866,-1.1282651787510076,-0.029620331130444082
India,2035,S2_CAPACITY,CO2_Mt,3809.090363582617,3220.585180512894,-588.505183069723,-15.450018951931819
Canada,2035,S1_NO_CN,CO2_Mt,839.7048768801608,840.5046402379212,0.799763357760412,0.09524338607295607
Canada,2035,S2_CAPACITY,CO2_Mt,839.7048768801608,697.2252807904525,-142.47959608970825,-16.967818100458924
United States,2035,S1_NO_CN,CO2_Mt,6245.496837302021,6283.556934698599,38.060097396578385,0.6094006351786079
United States,2035,S2_CAPACITY,CO2_Mt,6245.496837302021,5362.579896791826,-882.9169405101948,-14.136856738712305
Rest of America,2035,S1_NO_CN,CO2_Mt,1915.9682462799287,1907.894777902276,-8.073468377652716,-0.4213779843861336
Rest of America,2035,S2_CAPACITY,CO2_Mt,1915.9682462799287,1656.6529085797602,-259.3153377001686,-13.534427734053471
Brazil,2035,S1_NO_CN,CO2_Mt,869.229831455028,902.9956443130004,33.76581285797238,3.884566732074858
Brazil,2035,S2_CAPACITY,CO2_Mt,869.229831455028,810.2909062263651,-58.938925228662924,-6.780591633630821
"EU, UK and EFTA",2035,S1_NO_CN,CO2_Mt,2684.9370806939637,2785.114101273173,100.17702057920951,3.7310751637173265
"EU, UK and EFTA",2035,S2_CAPACITY,CO2_Mt,2684.9370806939637,2667.0557703881404,-17.881310305823263,-0.6659861951476926
Eastern Europe,2035,S1_NO_CN,CO2_Mt,537.2017761529695,534.8346007340058,-2.3671754189637113,-0.4406492167460095
Eastern Europe,2035,S2_CAPACITY,CO2_Mt,537.2017761529695,434.9903453658524,-102.21143078711708,-19.026636791687025
Russia,2035,S1_NO_CN,CO2_Mt,2351.008910792698,2347.9897350732945,-3.0191757194033926,-0.12842042858890768
Russia,2035,S2_CAPACITY,CO2_Mt,2351.008910792698,1829.444608725309,-521.5643020673888,-22.184701200963595
North Africa,2035,S1_NO_CN,CO2_Mt,952.1058326434896,947.194043506068,-4.911789137421579,-0.5158868866273156
North Africa,2035,S2_CAPACITY,CO2_Mt,952.1058326434896,768.2422584920256,-183.86357415146404,-19.31125383834411
Sub Saharan,2035,S1_NO_CN,CO2_Mt,675.0923934134964,671.9588337416872,-3.13355967180928,-0.4641675276423925
Sub Saharan,2035,S2_CAPACITY,CO2_Mt,675.0923934134964,579.1377504199836,-95.95464299351283,-14.213557126356225
South Africa,2035,S1_NO_CN,CO2_Mt,523.2105051102058,521.6504943982953,-1.5600107119104223,-0.2981611983463198
South Africa,2035,S2_CAPACITY,CO2_Mt,523.2105051102058,386.2673235805229,-136.94318152968287,-26.173629961966842
Australia_Oceania,2040,S1_NO_CN,CO2_Mt,546.9028755944737,571.6500892266808,24.74721363220715,4.524974129146307
Australia_Oceania,2040,S2_CAPACITY,CO2_Mt,546.9028755944737,498.0556050806392,-48.847270513834474,-8.931617055539954
China,2040,S1_NO_CN,CO2_Mt,11967.13461217138,11933.534935004142,-33.59967716723804,-0.28076626741596866
China,2040,S2_CAPACITY,CO2_Mt,11967.13461217138,8916.501405104707,-3050.633207066672,-25.49175977317054
Japan,2040,S1_NO_CN,CO2_Mt,1664.3521245001286,1681.3215716112254,16.96944711109677,1.0195827470219603
Japan,2040,S2_CAPACITY,CO2_Mt,1664.3521245001286,1553.5844564326571,-110.7676680674715,-6.655302470968362
South Korea,2040,S1_NO_CN,CO2_Mt,766.4161492985402,789.2589494991299,22.84280020058975,2.98046958189706
South Korea,2040,S2_CAPACITY,CO2_Mt,766.4161492985402,680.0893137191629,-86.3268355793773,-11.263702579647838
Rest of World,2040,S1_NO_CN,CO2_Mt,80.84733082064015,80.52655901280895,-0.32077180783120696,-0.39676239719384104
Rest of World,2040,S2_CAPACITY,CO2_Mt,80.84733082064015,54.53320001209234,-26.314130808547816,-32.547927731746306
Southeast Asia,2040,S1_NO_CN,CO2_Mt,2517.43463895721,2505.224791006521,-12.209847950688982,-0.485011517746758
Southeast Asia,2040,S2_CAPACITY,CO2_Mt,2517.43463895721,2007.9995349634803,-509.43510399372985,-20.23627927058125
"Central, Western and South Asia",2040,S1_NO_CN,CO2_Mt,5360.987737054367,5353.9997948121445,-6.9879422422227435,-0.13034803631284406
"Central, Western and South Asia",2040,S2_CAPACITY,CO2_Mt,5360.987737054367,4364.228528984987,-996.7592080693803,-18.592827608612602
India,2040,S1_NO_CN,CO2_Mt,3921.187046769352,3920.855486317007,-0.331560452345002,-0.008455614292059163
India,2040,S2_CAPACITY,CO2_Mt,3921.187046769352,3332.3624107477453,-588.8246360216067,-15.0164893691245
Canada,2040,S1_NO_CN,CO2_Mt,932.6637881553356,933.069047864272,0.40525970893634167,0.04345185414970196
Canada,2040,S2_CAPACITY,CO2_Mt,932.6637881553356,787.6841330849909,-144.97965507034473,-15.544685760459513
United States,2040,S1_NO_CN,CO2_Mt,6826.133956443508,6860.125125586082,33.9911691425732,0.4979563741272223
United States,2040,S2_CAPACITY,CO2_Mt,6826.133956443508,5944.6326265449625,-881.5013298985459,-12.913624835423212
Rest of America,2040,S1_NO_CN,CO2_Mt,2193.824050653389,2184.068802434034,-9.755248219355053,-0.4446686695977117
Rest of America,2040,S2_CAPACITY,CO2_Mt,2193.824050653389,1914.155245263971,-279.6688053894179,-12.748005260773937
Brazil,2040,S1_NO_CN,CO2_Mt,1032.1350632959077,1068.344942985059,36.20987968915142,3.508250128963039
Brazil,2040,S2_CAPACITY,CO2_Mt,1032.1350632959077,965.205374791044,-66.92968850486363,-6.484586260555635
"EU, UK and EFTA",2040,S1_NO_CN,CO2_Mt,3053.13417024038,3163.562956982678,110.42878674229769,3.6168992446736588
"EU, UK and EFTA",2040,S2_CAPACITY,CO2_Mt,3053.13417024038,3026.15908271669,-26.975087523690036,-0.8835211955839538
Eastern Europe,2040,S1_NO_CN,CO2_Mt,603.1541327360161,600.1672395902301,-2.9868931457859844,-0.4952122490211412
Eastern Europe,2040,S2_CAPACITY,CO2_Mt,603.1541327360161,496.61270429291335,-106.54142844310275,-17.664046826606587
Russia,2040,S1_NO_CN,CO2_Mt,2502.3207731879656,2499.4254146519943,-2.8953585359713543,-0.11570692962288193
Russia,2040,S2_CAPACITY,CO2_Mt,2502.3207731879656,1975.23351396265,-527.0872592253156,-21.063936521367907
North Africa,2040,S1_NO_CN,CO2_Mt,1064.594107718886,1058.8230861341392,-5.771021584746904,-0.5420865607750278
North Africa,2040,S2_CAPACITY,CO2_Mt,1064.594107718886,857.7644053781187,-206.82970234076743,-19.4280337305213
Sub Saharan,2040,S1_NO_CN,CO2_Mt,854.8492283756207,850.5258993345647,-4.323329041056013,-0.5057417024603481
Sub Saharan,2040,S2_CAPACITY,CO2_Mt,854.8492283756207,731.6263841855505,-123.22284419007019,-14.414570441177972
South Africa,2040,S1_NO_CN,CO2_Mt,588.6595770403122,586.6498055169068,-2.0097715234054476,-0.3414149029070864
South Africa,2040,S2_CAPACITY,CO2_Mt,588.6595770403122,451.24042739360686,-137.41914964670536,-23.344417555835452
Australia_Oceania,2045,S1_NO_CN,CO2_Mt,637.11263576706,663.5233171988004,26.410681431740386,4.145370841679023
Australia_Oceania,2045,S2_CAPACITY,CO2_Mt,637.11263576706,576.9312027788119,-60.18143298824816,-9.445964435439574
China,2045,S1_NO_CN,CO2_Mt,11858.151288141114,11828.326424402052,-29.824863739062494,-0.25151360456068056
China,2045,S2_CAPACITY,CO2_Mt,11858.151288141114,8710.000636714263,-3148.1506514268513,-26.548410244817816
Japan,2045,S1_NO_CN,CO2_Mt,1885.5741868367209,1900.9850888424285,15.410902005707612,0.8173055249319714
Japan,2045,S2_CAPACITY,CO2_Mt,1885.5741868367209,1742.580630584041,-142.9935562526798,-7.583555038614992
South Korea,2045,S1_NO_CN,CO2_Mt,861.3688164849235,885.6823655369299,24.31354905200635,2.8226641813230664
South Korea,2045,S2_CAPACITY,CO2_Mt,861.3688164849235,756.9019899447403,-104.4668265401832,-12.12800191287302
Rest of World,2045,S1_NO_CN,CO2_Mt,89.72515112678764,89.35761302203768,-0.3675381047499542,-0.40962662100239683
Rest of World,2045,S2_CAPACITY,CO2_Mt,89.72515112678764,59.9765349276336,-29.748616199154036,-33.15527009491157
Southeast Asia,2045,S1_NO_CN,CO2_Mt,2620.9516627536914,2608.3187125937293,-12.632950159962093,-0.4819985938500422
Southeast Asia,2045,S2_CAPACITY,CO2_Mt,2620.9516627536914,2062.127279881598,-558.8243828720933,-21.321430334391096
"Central, Western and South Asia",2045,S1_NO_CN,CO2_Mt,5934.86335341328,5926.132141819138,-8.731211594141314,-0.14711731465762878
"Central, Western and South Asia",2045,S2_CAPACITY,CO2_Mt,5934.86335341328,4834.980811292624,-1099.8825421206557,-18.532567249220445
India,2045,S1_NO_CN,CO2_Mt,3714.073983941951,3715.4010979064888,1.3271139645376024,0.03573202823302576
India,2045,S2_CAPACITY,CO2_Mt,3714.073983941951,3122.1082965647647,-591.9656873771864,-15.938446297424067
Canada,2045,S1_NO_CN,CO2_Mt,1036.2150999938665,1036.2606324584967,0.04553246463024152,0.004394113213608934
Canada,2045,S2_CAPACITY,CO2_Mt,1036.2150999938665,885.6587919274912,-150.55630806637532,-14.529445485523853
United States,2045,S1_NO_CN,CO2_Mt,7497.1821826328,7527.322917018702,30.14073438590276,0.4020275038230188
United States,2045,S2_CAPACITY,CO2_Mt,7497.1821826328,6590.427633271718,-906.7545493610814,-12.094604709774503
Rest of America,2045,S1_NO_CN,CO2_Mt,2516.593274403279,2505.016831649765,-11.576442753513675,-0.46000451766520034
Rest of America,2045,S2_CAPACITY,CO2_Mt,2516.593274403279,2203.428234575031,-313.1650398282477,-12.444006864895707
Brazil,2045,S1_NO_CN,CO2_Mt,1238.6829740689532,1278.0245611282448,39.34158705929167,3.176082006686374
Brazil,2045,S2_CAPACITY,CO2_Mt,1238.6829740689532,1156.689045458212,-81.99392861074125,-6.619444226426973
"EU, UK and EFTA",2045,S1_NO_CN,CO2_Mt,3479.6032779416,3600.610737358726,121.00745941712603,3.4776222963184873
"EU, UK and EFTA",2045,S2_CAPACITY,CO2_Mt,3479.6032779416,3435.3894524656835,-44.213825475916565,-1.2706570819783733
Eastern Europe,2045,S1_NO_CN,CO2_Mt,682.8203936562813,679.1480382309816,-3.67235542529977,-0.537821579352002
Eastern Europe,2045,S2_CAPACITY,CO2_Mt,682.8203936562813,566.7306753948238,-116.0897182614575,-17.001501323039694
Russia,2045,S1_NO_CN,CO2_Mt,2659.075281907452,2656.296547657198,-2.7787342502538195,-0.10450002183693467
Russia,2045,S2_CAPACITY,CO2_Mt,2659.075281907452,2121.093590840472,-537.9816910669797,-20.23190899210141
North Africa,2045,S1_NO_CN,CO2_Mt,1156.5156545511122,1150.0731171361824,-6.442537414929802,-0.5570644365752573
North Africa,2045,S2_CAPACITY,CO2_Mt,1156.5156545511122,921.673794547638,-234.84186000347427,-20.30598194493315
Sub Saharan,2045,S1_NO_CN,CO2_Mt,1069.0005487978226,1063.2291284783307,-5.771420319491881,-0.5398893691852926
Sub Saharan,2045,S2_CAPACITY,CO2_Mt,1069.0005487978226,905.1452287393791,-163.85532005844345,-15.327898591138423
South Africa,2045,S1_NO_CN,CO2_Mt,666.3383898958631,663.8265268510663,-2.511863044796769,-0.3769650800382864
South Africa,2045,S2_CAPACITY,CO2_Mt,666.3383898958631,521.2895881921634,-145.04880170369972,-21.768039167962133
Australia_Oceania,2050,S1_NO_CN,CO2_Mt,740.5998660396593,768.8928495007892,28.292983461129893,3.820279311205654
Australia_Oceania,2050,S2_CAPACITY,CO2_Mt,740.5998660396593,664.8676477822671,-75.73221825739222,-10.225794214947472
China,2050,S1_NO_CN,CO2_Mt,11426.04546969734,11402.813793037589,-23.23167665975052,-0.20332210931036926
China,2050,S2_CAPACITY,CO2_Mt,11426.04546969734,8161.98441241003,-3264.0610572873093,-28.56684813607494
Japan,2050,S1_NO_CN,CO2_Mt,2193.236130792136,2206.9961011578825,13.75997036574654,0.6273820758541316
Japan,2050,S2_CAPACITY,CO2_Mt,2193.236130792136,1991.085662525412,-202.15046826672392,-9.216995171136123
South Korea,2050,S1_NO_CN,CO2_Mt,978.9634197918284,1005.0685874262358,26.105167634407394,2.666613185603863
South Korea,2050,S2_CAPACITY,CO2_Mt,978.9634197918284,844.9462460688889,-134.01717372293956,-13.689701884002737
Rest of World,2050,S1_NO_CN,CO2_Mt,99.62651813840532,99.22784615567453,-0.3986719827307894,-0.40016653214452164
Rest of World,2050,S2_CAPACITY,CO2_Mt,99.62651813840532,65.12827289745557,-34.49824524094974,-34.627572945009824
Southeast Asia,2050,S1_NO_CN,CO2_Mt,2560.6216670633976,2549.166723274337,-11.454943789060508,-0.44735010784304585
Southeast Asia,2050,S2_CAPACITY,CO2_Mt,2560.6216670633976,1945.886277166408,-614.7353898969895,-24.00727127338525
"Central, Western and South Asia",2050,S1_NO_CN,CO2_Mt,6504.469649411058,6494.114601476945,-10.355047934112918,-0.15919895844314544
"Central, Western and South Asia",2050,S2_CAPACITY,CO2_Mt,6504.469649411058,5271.061407411795,-1233.4082419992628,-18.96247209195512
India,2050,S1_NO_CN,CO2_Mt,2943.273511674241,2944.5087122960167,1.2352006217756752,0.0419668989944821
India,2050,S2_CAPACITY,CO2_Mt,2943.273511674241,2361.871566073084,-581.401945601157,-19.753581965626918
Canada,2050,S1_NO_CN,CO2_Mt,1149.3563033499058,1149.1281189058943,-0.22818444401150373,-0.01985323814264027
Canada,2050,S2_CAPACITY,CO2_Mt,1149.3563033499058,988.8452533411051,-160.51105000880068,-13.965299493375232
United States,2050,S1_NO_CN,CO2_Mt,8276.681829526455,8303.630810523047,26.94898099659258,0.3256012681368767
United States,2050,S2_CAPACITY,CO2_Mt,8276.681829526455,7299.232446715156,-977.4493828112991,-11.80967690849635
Rest of America,2050,S1_NO_CN,CO2_Mt,2891.3702529075013,2877.9686983022125,-13.401554605288766,-0.4635018497479679
Rest of America,2050,S2_CAPACITY,CO2_Mt,2891.3702529075013,2525.339699699901,-366.0305532076004,-12.659414782300113
Brazil,2050,S1_NO_CN,CO2_Mt,1495.6182056848656,1539.0585668920216,43.440361207156,2.904508720343105
Brazil,2050,S2_CAPACITY,CO2_Mt,1495.6182056848656,1387.880742123941,-107.73746356092465,-7.203540526012124
"EU, UK and EFTA",2050,S1_NO_CN,CO2_Mt,3968.491779747131,4100.594355335037,132.1025755879059,3.3287854157108363
"EU, UK and EFTA",2050,S2_CAPACITY,CO2_Mt,3968.491779747131,3897.207953304419,-71.28382644271232,-1.7962447801077333
Eastern Europe,2050,S1_NO_CN,CO2_Mt,783.2879553705048,778.9063934955838,-4.38156187492109,-0.5593807290000467
Eastern Europe,2050,S2_CAPACITY,CO2_Mt,783.2879553705048,649.3120541691627,-133.97590120134214,-17.104297376559288
Russia,2050,S1_NO_CN,CO2_Mt,2829.1205298430486,2826.504913690239,-2.6156161528097073,-0.09245333046856134
Russia,2050,S2_CAPACITY,CO2_Mt,2829.1205298430486,2269.6794044955486,-559.4411253475,-19.77438286726286
North Africa,2050,S1_NO_CN,CO2_Mt,1197.214229442548,1190.6006754045618,-6.613554037986205,-0.5524119138698874
North Africa,2050,S2_CAPACITY,CO2_Mt,1197.214229442548,929.113637792938,-268.10059164961,-22.39370240148617
Sub Saharan,2050,S1_NO_CN,CO2_Mt,1297.912104618088,1290.674530147718,-7.237574470369964,-0.5576320957804479
Sub Saharan,2050,S2_CAPACITY,CO2_Mt,1297.912104618088,1075.4299697607462,-222.48213485734186,-17.141540946087986
South Africa,2050,S1_NO_CN,CO2_Mt,759.9299372268363,756.8719887520886,-3.057948474747718,-0.402398737692437
South Africa,2050,S2_CAPACITY,CO2_Mt,759.9299372268363,596.1378167717312,-163.79212045510508,-21.55358177529118
Australia_Oceania,2025,S1_NO_CN,power_CO2_Mt,178.5029418355717,189.37666402973525,10.873722194163548,6.091620721959806
Australia_Oceania,2025,S2_CAPACITY,power_CO2_Mt,178.5029418355717,156.95239157116364,-21.55055026440806,-12.072938430482218
China,2025,S1_NO_CN,power_CO2_Mt,5803.75077514737,5798.635438348837,-5.115336798533463,-0.0881384641883347
China,2025,S2_CAPACITY,power_CO2_Mt,5803.75077514737,3916.301194066572,-1887.4495810807985,-32.52120317025281
Japan,2025,S1_NO_CN,power_CO2_Mt,625.9726548427766,636.9902417583793,11.017586915602692,1.7600747940610826
Japan,2025,S2_CAPACITY,power_CO2_Mt,625.9726548427766,554.7776804482876,-71.19497439448901,-11.373495925691962
South Korea,2025,S1_NO_CN,power_CO2_Mt,277.78359356555575,288.7909639629839,11.007370397428133,3.9625703793879534
South Korea,2025,S2_CAPACITY,power_CO2_Mt,277.78359356555575,216.1716681385081,-61.61192542704765,-22.179828778299502
Rest of World,2025,S1_NO_CN,power_CO2_Mt,24.867880594518983,24.859648740104724,-0.008231854414258777,-0.0331023562018917
Rest of World,2025,S2_CAPACITY,power_CO2_Mt,24.867880594518983,18.89507428137094,-5.972806313148045,-24.018155831359767
Southeast Asia,2025,S1_NO_CN,power_CO2_Mt,815.8121609259855,814.0370355320254,-1.7751253939601384,-0.2175899648204909
Southeast Asia,2025,S2_CAPACITY,power_CO2_Mt,815.8121609259855,605.7474977712259,-210.06466315475961,-25.749145847044772
"Central, Western and South Asia",2025,S1_NO_CN,power_CO2_Mt,1506.2502517238495,1507.4828768233672,1.2326250995176906,0.08183401782718346
"Central, Western and South Asia",2025,S2_CAPACITY,power_CO2_Mt,1506.2502517238495,1225.017839580942,-281.2324121429074,-18.671028391268113
India,2025,S1_NO_CN,power_CO2_Mt,1529.995387813232,1532.5160347308074,2.5206469175755046,0.16474866118244813
India,2025,S2_CAPACITY,power_CO2_Mt,1529.995387813232,1247.1416426919684,-282.8537451212635,-18.48722861351473
Canada,2025,S1_NO_CN,power_CO2_Mt,167.72235827417094,168.1710230829475,0.4486648087765559,0.26750447191014115
Canada,2025,S2_CAPACITY,power_CO2_Mt,167.72235827417094,119.1377043645636,-48.58465390960734,-28.96730907526795
United States,2025,S1_NO_CN,power_CO2_Mt,1944.079202205867,1969.850747559369,25.771545353502006,1.3256427682709682
United States,2025,S2_CAPACITY,power_CO2_Mt,1944.079202205867,1524.3285974806745,-419.7506047251925,-21.591229629375114
Rest of America,2025,S1_NO_CN,power_CO2_Mt,481.2222160001489,480.33017983971325,-0.8920361604356231,-0.1853688651056266
Rest of America,2025,S2_CAPACITY,power_CO2_Mt,481.2222160001489,400.4432107843229,-80.77900521582598,-16.786216955495043
Brazil,2025,S1_NO_CN,power_CO2_Mt,136.56865699930893,150.8140419730138,14.245384973704859,10.430932899762604
Brazil,2025,S2_CAPACITY,power_CO2_Mt,136.56865699930893,130.8119777937326,-5.756679205576319,-4.215227221283613
"EU, UK and EFTA",2025,S1_NO_CN,power_CO2_Mt,760.5668922426623,831.6369925218474,71.07010027918511,9.344358925435566
"EU, UK and EFTA",2025,S2_CAPACITY,power_CO2_Mt,760.5668922426623,682.1298866135726,-78.43700562908975,-10.312966082155476
Eastern Europe,2025,S1_NO_CN,power_CO2_Mt,225.38659227377028,225.21635643131356,-0.1702358424567194,-0.07553059866575342
Eastern Europe,2025,S2_CAPACITY,power_CO2_Mt,225.38659227377028,166.7026021472331,-58.68399012653717,-26.037036868304703
Russia,2025,S1_NO_CN,power_CO2_Mt,1111.2943625949629,1110.1944613716678,-1.0999012232950918,-0.09897478654770936
Russia,2025,S2_CAPACITY,power_CO2_Mt,1111.2943625949629,819.5824356952832,-291.7119268996797,-26.249744146862096
North Africa,2025,S1_NO_CN,power_CO2_Mt,261.6183545089896,260.88904857485994,-0.7293059341296839,-0.2787671130714278
North Africa,2025,S2_CAPACITY,power_CO2_Mt,261.6183545089896,224.5887891258245,-37.029565383165135,-14.154039556078907
Sub Saharan,2025,S1_NO_CN,power_CO2_Mt,117.13611881752584,116.87479425878648,-0.26132455873936067,-0.22309477330937605
Sub Saharan,2025,S2_CAPACITY,power_CO2_Mt,117.13611881752584,101.76203440942054,-15.374084408105304,-13.124973375680126
South Africa,2025,S1_NO_CN,power_CO2_Mt,225.24618247928677,225.16572928948784,-0.08045318979893068,-0.03571789271337773
South Africa,2025,S2_CAPACITY,power_CO2_Mt,225.24618247928677,162.46668923899043,-62.77949324029635,-27.87150154967418
Australia_Oceania,2030,S1_NO_CN,power_CO2_Mt,176.90089351821993,196.3625423634005,19.461648845180576,11.00144180061822
Australia_Oceania,2030,S2_CAPACITY,power_CO2_Mt,176.90089351821993,163.2810976174409,-13.619795900779025,-7.699110858010591
China,2030,S1_NO_CN,power_CO2_Mt,5536.183545803775,5526.796618432471,-9.3869273713035,-0.16955592771880637
China,2030,S2_CAPACITY,power_CO2_Mt,5536.183545803775,3688.441804139429,-1847.7417416643457,-33.37573124837717
Japan,2030,S1_NO_CN,power_CO2_Mt,620.5818441447641,640.4143222726402,19.83247812787613,3.1957876813504997
Japan,2030,S2_CAPACITY,power_CO2_Mt,620.5818441447641,566.2971995647068,-54.28464458005726,-8.747378785286248
South Korea,2030,S1_NO_CN,power_CO2_Mt,276.6854102000238,295.9333528529044,19.247942652880624,6.956616411022806
South Korea,2030,S2_CAPACITY,power_CO2_Mt,276.6854102000238,226.9604101329733,-49.7250000670505,-17.971674050721678
Rest of World,2030,S1_NO_CN,power_CO2_Mt,26.87754662100083,26.863919808826,-0.013626812174827307,-0.0506996132012286
Rest of World,2030,S2_CAPACITY,power_CO2_Mt,26.87754662100083,20.514004854291077,-6.363541766709751,-23.676051450832883
Southeast Asia,2030,S1_NO_CN,power_CO2_Mt,850.1635214836767,846.6681976735005,-3.4953238101762736,-0.41113547239434034
Southeast Asia,2030,S2_CAPACITY,power_CO2_Mt,850.1635214836767,638.7617605136119,-211.40176097006486,-24.866011729265168
"Central, Western and South Asia",2030,S1_NO_CN,power_CO2_Mt,1658.8544231296949,1662.655031664924,3.8006085352292303,0.22911043200878187
"Central, Western and South Asia",2030,S2_CAPACITY,power_CO2_Mt,1658.8544231296949,1352.5551280641237,-306.2992950655712,-18.464507240345327
India,2030,S1_NO_CN,power_CO2_Mt,1814.7821721907376,1819.8684962045063,5.086324013768717,0.28027187459245845
India,2030,S2_CAPACITY,power_CO2_Mt,1814.7821721907376,1529.5848016967673,-285.1973704939703,-15.715239815789607
Canada,2030,S1_NO_CN,power_CO2_Mt,175.57304252277237,176.90012620491186,1.327083682139488,0.7558584524542605
Canada,2030,S2_CAPACITY,power_CO2_Mt,175.57304252277237,130.6938681840693,-44.87917433870308,-25.5615404812969
United States,2030,S1_NO_CN,power_CO2_Mt,1963.344962476874,2006.3960491787025,43.05108670182858,2.192741852532992
United States,2030,S2_CAPACITY,power_CO2_Mt,1963.344962476874,1593.554818587656,-369.7901438892179,-18.834700521639668
Rest of America,2030,S1_NO_CN,power_CO2_Mt,474.6947889052373,473.4562751831978,-1.2385137220394995,-0.26090737690544613
Rest of America,2030,S2_CAPACITY,power_CO2_Mt,474.6947889052373,397.9768833743931,-76.71790553084423,-16.16152258755032
Brazil,2030,S1_NO_CN,power_CO2_Mt,137.0818361016403,162.34882964387958,25.266993542239277,18.432050708384796
Brazil,2030,S2_CAPACITY,power_CO2_Mt,137.0818361016403,142.7528983296663,5.671062228025988,4.1369902747882215
"EU, UK and EFTA",2030,S1_NO_CN,power_CO2_Mt,391.13354920639233,460.0434273162181,68.90987810982574,17.6179921793064
"EU, UK and EFTA",2030,S2_CAPACITY,power_CO2_Mt,391.13354920639233,399.043403978577,7.909854772184644,2.022290030664384
Eastern Europe,2030,S1_NO_CN,power_CO2_Mt,242.5184219098582,242.88962900743928,0.3712070975810775,0.153063464069155
Eastern Europe,2030,S2_CAPACITY,power_CO2_Mt,242.5184219098582,185.4496316871264,-57.06879022273179,-23.531734114591806
Russia,2030,S1_NO_CN,power_CO2_Mt,1162.862597621111,1162.293084389041,-0.569513232069994,-0.04897510963333566
Russia,2030,S2_CAPACITY,power_CO2_Mt,1162.862597621111,873.799012026473,-289.0635855946381,-24.85793129695466
North Africa,2030,S1_NO_CN,power_CO2_Mt,293.9142209243843,292.61972560194664,-1.2944953224376832,-0.4404330346338429
North Africa,2030,S2_CAPACITY,power_CO2_Mt,293.9142209243843,250.3488238312319,-43.56539709315243,-14.822486967842412
Sub Saharan,2030,S1_NO_CN,power_CO2_Mt,126.38588763812793,125.9979767678259,-0.3879108703020222,-0.3069257790970309
Sub Saharan,2030,S2_CAPACITY,power_CO2_Mt,126.38588763812793,111.34204982941358,-15.043837808714343,-11.903099380674792
South Africa,2030,S1_NO_CN,power_CO2_Mt,210.89085212216207,210.77867097647712,-0.11218114568495707,-0.05319393636855062
South Africa,2030,S2_CAPACITY,power_CO2_Mt,210.89085212216207,157.40254347116016,-53.488308651001915,-25.36302931718343
Australia_Oceania,2035,S1_NO_CN,power_CO2_Mt,178.24856715700562,198.8462370616364,20.597669904630777,11.555587925981953
Australia_Oceania,2035,S2_CAPACITY,power_CO2_Mt,178.24856715700562,169.12573968506737,-9.122827471938251,-5.1180369174595635
China,2035,S1_NO_CN,power_CO2_Mt,5086.2623798377845,5079.44130089492,-6.821078942864915,-0.1341078857808051
China,2035,S2_CAPACITY,power_CO2_Mt,5086.2623798377845,3454.888556055558,-1631.3738237822263,-32.074118516753664
Japan,2035,S1_NO_CN,power_CO2_Mt,637.680817013603,657.2266742654828,19.545857251879738,3.0651474421666327
Japan,2035,S2_CAPACITY,power_CO2_Mt,637.680817013603,584.4331185607042,-53.24769845289882,-8.350211741082207
South Korea,2035,S1_NO_CN,power_CO2_Mt,273.2271161025754,292.6401016302987,19.412985527723322,7.105072807061823
South Korea,2035,S2_CAPACITY,power_CO2_Mt,273.2271161025754,229.5836977854817,-43.643418317093705,-15.973311485200105
Rest of World,2035,S1_NO_CN,power_CO2_Mt,30.61207734601388,30.594062499891997,-0.018014846121882755,-0.058848819432466705
Rest of World,2035,S2_CAPACITY,power_CO2_Mt,30.61207734601388,23.26186705232953,-7.3502102936843485,-24.01081837930691
Southeast Asia,2035,S1_NO_CN,power_CO2_Mt,891.6884112128331,887.8201883924189,-3.8682228204141893,-0.43380880269070815
Southeast Asia,2035,S2_CAPACITY,power_CO2_Mt,891.6884112128331,676.9491690118637,-214.73924220096944,-24.082318386182806
"Central, Western and South Asia",2035,S1_NO_CN,power_CO2_Mt,1859.7560004139157,1863.5059417263235,3.7499413124078274,0.20163619913436082
"Central, Western and South Asia",2035,S2_CAPACITY,power_CO2_Mt,1859.7560004139157,1523.9488760232568,-335.8071243906588,-18.056515172738795
India,2035,S1_NO_CN,power_CO2_Mt,1951.3258991423447,1956.040029245124,4.714130102779336,0.2415859956991967
India,2035,S2_CAPACITY,power_CO2_Mt,1951.3258991423447,1668.0028600895898,-283.3230390527549,-14.519514099478835
Canada,2035,S1_NO_CN,power_CO2_Mt,179.4660743813491,180.8428417043401,1.376767322990986,0.7671462853004075
Canada,2035,S2_CAPACITY,power_CO2_Mt,179.4660743813491,137.5749227927286,-41.89115158862052,-23.34210057974836
United States,2035,S1_NO_CN,power_CO2_Mt,1999.64492222912,2043.0975071013888,43.452584872268744,2.173015038281378
United States,2035,S2_CAPACITY,power_CO2_Mt,1999.64492222912,1666.487847356032,-333.15707487308805,-16.66081168559159
Rest of America,2035,S1_NO_CN,power_CO2_Mt,530.9050142889714,529.5321524675448,-1.372861821426568,-0.2585889725048481
Rest of America,2035,S2_CAPACITY,power_CO2_Mt,530.9050142889714,453.2742774521074,-77.630736836864,-14.62234010745463
Brazil,2035,S1_NO_CN,power_CO2_Mt,159.168079210075,186.6705883266241,27.502509116549106,17.278909975567675
Brazil,2035,S2_CAPACITY,power_CO2_Mt,159.168079210075,165.39512862226098,6.227049412185977,3.9122476335015155
"EU, UK and EFTA",2035,S1_NO_CN,power_CO2_Mt,389.9026905791652,458.5398107781631,68.63712019899788,17.603653900680612
"EU, UK and EFTA",2035,S2_CAPACITY,power_CO2_Mt,389.9026905791652,403.8528189022087,13.950128323043486,3.5778486940733423
Eastern Europe,2035,S1_NO_CN,power_CO2_Mt,265.15543506710657,265.51976754557444,0.36433247846787253,0.13740336055177066
Eastern Europe,2035,S2_CAPACITY,power_CO2_Mt,265.15543506710657,208.1217128758811,-57.03372219122548,-21.509542950455142
Russia,2035,S1_NO_CN,power_CO2_Mt,1220.6512637340954,1220.4790097372943,-0.17225399680114606,-0.014111646947728845
Russia,2035,S2_CAPACITY,power_CO2_Mt,1220.6512637340954,932.2371607539808,-288.41410298011465,-23.627887140986264
North Africa,2035,S1_NO_CN,power_CO2_Mt,331.2607859326383,329.6825464960824,-1.5782394365559185,-0.47643412790696343
North Africa,2035,S2_CAPACITY,power_CO2_Mt,331.2607859326383,284.34153542567054,-46.919250506967785,-14.163840846682282
Sub Saharan,2035,S1_NO_CN,power_CO2_Mt,156.59460277753195,156.03788743613848,-0.5567153413934705,-0.3555137479318971
Sub Saharan,2035,S2_CAPACITY,power_CO2_Mt,156.59460277753195,139.39874138490933,-17.195861392622618,-10.981132866406725
South Africa,2035,S1_NO_CN,power_CO2_Mt,234.2042142369908,234.0497976010131,-0.15441663597769661,-0.06593247541713435
South Africa,2035,S2_CAPACITY,power_CO2_Mt,234.2042142369908,181.89284036316377,-52.31137387382702,-22.33579529909451
Australia_Oceania,2040,S1_NO_CN,power_CO2_Mt,200.6479642064904,222.53925046387323,21.89128625738283,10.910295723137324
Australia_Oceania,2040,S2_CAPACITY,power_CO2_Mt,200.6479642064904,190.4548434056088,-10.193120800881587,-5.080101779847447
China,2040,S1_NO_CN,power_CO2_Mt,5019.361979210104,5012.835013094126,-6.526966115978212,-0.13003577233545843
China,2040,S2_CAPACITY,power_CO2_Mt,5019.361979210104,3398.4767832486714,-1620.885195961433,-32.292653980227804
Japan,2040,S1_NO_CN,power_CO2_Mt,658.1579909626066,677.3394976047132,19.18150664210657,2.9144228142018216
Japan,2040,S2_CAPACITY,power_CO2_Mt,658.1579909626066,606.3959968996589,-51.76199406294768,-7.864676076824925
South Korea,2040,S1_NO_CN,power_CO2_Mt,290.6947374856836,311.06007141847857,20.365333932794954,7.00574565227481
South Korea,2040,S2_CAPACITY,power_CO2_Mt,290.6947374856836,245.79969811834823,-44.895039367335386,-15.444049574356816
Rest of World,2040,S1_NO_CN,power_CO2_Mt,33.50801250060775,33.48429752167088,-0.023714978936865805,-0.07077405422489823
Rest of World,2040,S2_CAPACITY,power_CO2_Mt,33.50801250060775,25.62325045340405,-7.884762047203697,-23.53097500802439
Southeast Asia,2040,S1_NO_CN,power_CO2_Mt,925.7841937631084,921.2948065406802,-4.489387222428263,-0.48492804831543895
Southeast Asia,2040,S2_CAPACITY,power_CO2_Mt,925.7841937631084,701.4854279982205,-224.2987657648879,-24.22797529661453
"Central, Western and South Asia",2040,S1_NO_CN,power_CO2_Mt,2054.901321423588,2058.320794192272,3.419472768684045,0.1664056922361174
"Central, Western and South Asia",2040,S2_CAPACITY,power_CO2_Mt,2054.901321423588,1694.7862064275766,-360.11511499601124,-17.52469139231133
India,2040,S1_NO_CN,power_CO2_Mt,1953.063970455046,1957.2739796415167,4.210009186470643,0.2155592059531849
India,2040,S2_CAPACITY,power_CO2_Mt,1953.063970455046,1688.0970959328029,-264.9668745222432,-13.56672789680864
Canada,2040,S1_NO_CN,power_CO2_Mt,192.3143641027076,193.6058976040665,1.2915335013589129,0.6715741215612762
Canada,2040,S2_CAPACITY,power_CO2_Mt,192.3143641027076,151.22715415108064,-41.08720995162696,-21.364607965364396
United States,2040,S1_NO_CN,power_CO2_Mt,2099.521123691709,2141.5089432443483,41.987819552639394,1.9998760231004389
United States,2040,S2_CAPACITY,power_CO2_Mt,2099.521123691709,1795.633687357897,-303.8874363338118,-14.474130929412562
Rest of America,2040,S1_NO_CN,power_CO2_Mt,591.5563644751361,589.9239508589851,-1.6324136161509841,-0.275952337627093
Rest of America,2040,S2_CAPACITY,power_CO2_Mt,591.5563644751361,512.5030765765632,-79.05328789857288,-13.363610409079723
Brazil,2040,S1_NO_CN,power_CO2_Mt,182.2254298528246,211.9941519496368,29.768722096812212,16.336206269813765
Brazil,2040,S2_CAPACITY,power_CO2_Mt,182.2254298528246,189.52444462945093,7.299014776626336,4.00548638163259
"EU, UK and EFTA",2040,S1_NO_CN,power_CO2_Mt,446.3611468259479,521.8024917311897,75.44134490524175,16.901413898073663
"EU, UK and EFTA",2040,S2_CAPACITY,power_CO2_Mt,446.3611468259479,461.31935341203547,14.958206586087556,3.3511444023420554
Eastern Europe,2040,S1_NO_CN,power_CO2_Mt,286.199487598926,286.363322973831,0.16383537490497702,0.05724516709637597
Eastern Europe,2040,S2_CAPACITY,power_CO2_Mt,286.199487598926,230.30631294155407,-55.89317465737193,-19.529446095899186
Russia,2040,S1_NO_CN,power_CO2_Mt,1262.970348621698,1262.9841463038308,0.013797682132917544,0.001092478706881377
Russia,2040,S2_CAPACITY,power_CO2_Mt,1262.970348621698,982.9539184724526,-280.01643014924525,-22.17125924253346
North Africa,2040,S1_NO_CN,power_CO2_Mt,363.3870762807738,361.3944323071838,-1.9926439735899635,-0.548353010785208
North Africa,2040,S2_CAPACITY,power_CO2_Mt,363.3870762807738,313.60894975400265,-49.77812652677113,-13.698375582380283
Sub Saharan,2040,S1_NO_CN,power_CO2_Mt,190.9922371448984,190.18070806052583,-0.8115290843725802,-0.42490160673750554
Sub Saharan,2040,S2_CAPACITY,power_CO2_Mt,190.9922371448984,170.99659802547197,-19.995639119426443,-10.469346512893361
South Africa,2040,S1_NO_CN,power_CO2_Mt,258.5710751036147,258.36530167624164,-0.20577342737306026,-0.07958099230186619
South Africa,2040,S2_CAPACITY,power_CO2_Mt,258.5710751036147,207.57065069282223,-51.000424410792476,-19.723948005536027
Australia_Oceania,2045,S1_NO_CN,power_CO2_Mt,223.8920858995252,247.19187307664404,23.299787177118844,10.406704231419308
Australia_Oceania,2045,S2_CAPACITY,power_CO2_Mt,223.8920858995252,212.02513256110055,-11.86695333842465,-5.300300495547716
China,2045,S1_NO_CN,power_CO2_Mt,4789.697399405442,4784.597454473096,-5.099944932346261,-0.10647739318520061
China,2045,S2_CAPACITY,power_CO2_Mt,4789.697399405442,3184.0848704823634,-1605.612528923079,-33.522212261726345
Japan,2045,S1_NO_CN,power_CO2_Mt,686.2806772984089,705.2139693741028,18.933292075693885,2.7588263376766036
Japan,2045,S2_CAPACITY,power_CO2_Mt,686.2806772984089,632.2350075339606,-54.04566976444835,-7.875155392281019
South Korea,2045,S1_NO_CN,power_CO2_Mt,311.37662928964727,332.9148272672825,21.538197977635207,6.917088808742949
South Korea,2045,S2_CAPACITY,power_CO2_Mt,311.37662928964727,262.3151496221891,-49.06147966745817,-15.756314075139029
Rest of World,2045,S1_NO_CN,power_CO2_Mt,36.15926012748511,36.13146379995644,-0.02779632752866945,-0.07687194768551447
Rest of World,2045,S2_CAPACITY,power_CO2_Mt,36.15926012748511,27.69248669547366,-8.46677343201145,-23.415228636206937
Southeast Asia,2045,S1_NO_CN,power_CO2_Mt,927.0554479798444,922.292845470284,-4.762602509560452,-0.5137343747818629
Southeast Asia,2045,S2_CAPACITY,power_CO2_Mt,927.0554479798444,686.8167144590539,-240.23873352079056,-25.91417094244979
"Central, Western and South Asia",2045,S1_NO_CN,power_CO2_Mt,2236.653304160744,2239.75167692013,3.098372759386166,0.13852718048087312
"Central, Western and South Asia",2045,S2_CAPACITY,power_CO2_Mt,2236.653304160744,1854.0629200956755,-382.5903840650685,-17.10548449119732
India,2045,S1_NO_CN,power_CO2_Mt,1807.124687996247,1810.9879169421024,3.863228945855326,0.21377766412670185
India,2045,S2_CAPACITY,power_CO2_Mt,1807.124687996247,1552.3951283943902,-254.72955960185686,-14.095848576132443
Canada,2045,S1_NO_CN,power_CO2_Mt,205.60671243446197,206.8384731027336,1.231760668271619,0.5990858244300987
Canada,2045,S2_CAPACITY,power_CO2_Mt,205.60671243446197,164.69746562518594,-40.90924680927603,-19.896843991567653
United States,2045,S1_NO_CN,power_CO2_Mt,2193.7279647631667,2234.660625242136,40.93266047896941,1.8658950032297406
United States,2045,S2_CAPACITY,power_CO2_Mt,2193.7279647631667,1916.9711847667168,-276.75677999644995,-12.615820395320913
Rest of America,2045,S1_NO_CN,power_CO2_Mt,654.3668850954441,652.5097453282484,-1.8571397671956902,-0.28380711333288405
Rest of America,2045,S2_CAPACITY,power_CO2_Mt,654.3668850954441,571.9754091088369,-82.39147598660725,-12.591021621546432
Brazil,2045,S1_NO_CN,power_CO2_Mt,209.4464003362016,242.0101254345145,32.56372509831289,15.547521965544345
Brazil,2045,S2_CAPACITY,power_CO2_Mt,209.4464003362016,217.0156078794044,7.569207543202793,3.6139114976685036
"EU, UK and EFTA",2045,S1_NO_CN,power_CO2_Mt,505.16379664206966,587.2344679585066,82.07067131643691,16.246348582772157
"EU, UK and EFTA",2045,S2_CAPACITY,power_CO2_Mt,505.16379664206966,521.0018479089464,15.838051266876732,3.1352308641584377
Eastern Europe,2045,S1_NO_CN,power_CO2_Mt,308.13272022541355,308.10541175764433,-0.027308467769216804,-0.008862566672322037
Eastern Europe,2045,S2_CAPACITY,power_CO2_Mt,308.13272022541355,252.4914945477225,-55.64122567769104,-18.057551835776113
Russia,2045,S1_NO_CN,power_CO2_Mt,1294.017145272014,1294.2026305983584,0.18548532634440562,0.014334070226358164
Russia,2045,S2_CAPACITY,power_CO2_Mt,1294.017145272014,1023.7962558106404,-270.22088946137353,-20.882326826092452
North Africa,2045,S1_NO_CN,power_CO2_Mt,385.09324072167857,382.6989502595856,-2.394290462092954,-0.6217430504897898
North Africa,2045,S2_CAPACITY,power_CO2_Mt,385.09324072167857,331.2745460022199,-53.818694719458676,-13.975497107817448
Sub Saharan,2045,S1_NO_CN,power_CO2_Mt,228.0311003597095,226.9097007315156,-1.121399628193899,-0.4917748615977987
Sub Saharan,2045,S2_CAPACITY,power_CO2_Mt,228.0311003597095,203.71620815699947,-24.31489220271004,-10.662971921090728
South Africa,2045,S1_NO_CN,power_CO2_Mt,282.93739518595345,282.7100732986297,-0.2273218873237397,-0.08034352870688519
South Africa,2045,S2_CAPACITY,power_CO2_Mt,282.93739518595345,232.2970591417612,-50.64033604419225,-17.89807105946889
Australia_Oceania,2050,S1_NO_CN,power_CO2_Mt,246.69769930604872,271.50877996345577,24.811080657407047,10.057280926088762
Australia_Oceania,2050,S2_CAPACITY,power_CO2_Mt,246.69769930604872,232.75587846683192,-13.941820839216803,-5.651378540794915
China,2050,S1_NO_CN,power_CO2_Mt,4426.793045492711,4424.015170819749,-2.7778746729618433,-0.06275140139632754
China,2050,S2_CAPACITY,power_CO2_Mt,4426.793045492711,2843.2796882036346,-1583.5133572890763,-35.7711178502321
Japan,2050,S1_NO_CN,power_CO2_Mt,721.2193521096402,740.0694965286552,18.85014441901501,2.6136492821326014
Japan,2050,S2_CAPACITY,power_CO2_Mt,721.2193521096402,661.4591517209258,-59.76020038871445,-8.285995129485887
South Korea,2050,S1_NO_CN,power_CO2_Mt,335.19138133751585,358.1246786587885,22.933297321272676,6.841851729528911
South Korea,2050,S2_CAPACITY,power_CO2_Mt,335.19138133751585,278.43985460539767,-56.75152673211818,-16.93108173177433
Rest of World,2050,S1_NO_CN,power_CO2_Mt,38.58807610748006,38.558678172615856,-0.02939793486420683,-0.0761839869454083
Rest of World,2050,S2_CAPACITY,power_CO2_Mt,38.58807610748006,29.45807841885848,-9.129997688621582,-23.66015259012042
Southeast Asia,2050,S1_NO_CN,power_CO2_Mt,877.3137439889853,873.0060079282862,-4.307736060699085,-0.49101431388873457
Southeast Asia,2050,S2_CAPACITY,power_CO2_Mt,877.3137439889853,613.4420067455792,-263.8717372434061,-30.0772373681996
"Central, Western and South Asia",2050,S1_NO_CN,power_CO2_Mt,2399.16617920472,2401.986420467876,2.8202412631562765,0.11755089278939133
"Central, Western and South Asia",2050,S2_CAPACITY,power_CO2_Mt,2399.16617920472,1993.170070130155,-405.99610907456486,-16.922383809576093
India,2050,S1_NO_CN,power_CO2_Mt,1410.1917859997898,1412.194731411112,2.0029454113221163,0.1420335468698025
India,2050,S2_CAPACITY,power_CO2_Mt,1410.1917859997898,1151.6141417682827,-258.57764423150707,-18.336345935257462
Canada,2050,S1_NO_CN,power_CO2_Mt,219.03098410597588,220.2491943057433,1.2182101997674124,0.5561816766426041
Canada,2050,S2_CAPACITY,power_CO2_Mt,219.03098410597588,177.40874595214265,-41.62223815383322,-19.002899669069073
United States,2050,S1_NO_CN,power_CO2_Mt,2278.4100793577977,2318.8298274852127,40.419748127415005,1.774033063389883
United States,2050,S2_CAPACITY,power_CO2_Mt,2278.4100793577977,2022.737440287412,-255.67263907038569,-11.221537395166838
Rest of America,2050,S1_NO_CN,power_CO2_Mt,719.1642755689844,717.1568601943895,-2.0074153745948706,-0.279131686985794
Rest of America,2050,S2_CAPACITY,power_CO2_Mt,719.1642755689844,630.5906474588546,-88.57362811012979,-12.316188542604205
Brazil,2050,S1_NO_CN,power_CO2_Mt,240.77418575902712,276.7519833494414,35.97779759041427,14.942547714156433
Brazil,2050,S2_CAPACITY,power_CO2_Mt,240.77418575902712,247.4483166303416,6.674130871314475,2.771946191106265
"EU, UK and EFTA",2050,S1_NO_CN,power_CO2_Mt,563.7638226754993,652.1685350722603,88.40471239676094,15.68116094736473
"EU, UK and EFTA",2050,S2_CAPACITY,power_CO2_Mt,563.7638226754993,580.5600281186912,16.796205443191866,2.979298203896937
Eastern Europe,2050,S1_NO_CN,power_CO2_Mt,332.6643161815705,332.48966781364675,-0.17464836792373717,-0.05249988033835672
Eastern Europe,2050,S2_CAPACITY,power_CO2_Mt,332.6643161815705,275.5273019465798,-57.13701423499066,-17.175576536379957
Russia,2050,S1_NO_CN,power_CO2_Mt,1317.5061829390536,1317.8528236263985,0.34664068734491593,0.026310365130252384
Russia,2050,S2_CAPACITY,power_CO2_Mt,1317.5061829390536,1056.1070392661954,-261.39914367285814,-19.840449104362964
North Africa,2050,S1_NO_CN,power_CO2_Mt,387.07691510402447,384.4049883774002,-2.6719267266242923,-0.6902831510647512
North Africa,2050,S2_CAPACITY,power_CO2_Mt,387.07691510402447,327.3710801522617,-59.70583495176277,-15.42479869555569
Sub Saharan,2050,S1_NO_CN,power_CO2_Mt,262.1022924375231,260.6597887739369,-1.4425036635861943,-0.550359041186197
Sub Saharan,2050,S2_CAPACITY,power_CO2_Mt,262.1022924375231,231.3880488816754,-30.714243555847702,-11.718418511417259
South Africa,2050,S1_NO_CN,power_CO2_Mt,306.8478207809288,306.6444537191547,-0.20336706177414499,-0.06627619556057954
South Africa,2050,S2_CAPACITY,power_CO2_Mt,306.8478207809288,254.76711202103732,-52.08070875989151,-16.97281363359398
Australia_Oceania,2025,S1_NO_CN,EV,0.0,-0.6180237220445058,-0.6180237220445058,
Australia_Oceania,2025,S2_CAPACITY,EV,0.0,-52.885348877223144,-52.885348877223144,
China,2025,S1_NO_CN,EV,0.0,-2.6458910892692153,-2.6458910892692153,
China,2025,S2_CAPACITY,EV,0.0,-316.05556542980537,-316.05556542980537,
Japan,2025,S1_NO_CN,EV,0.0,-6.282670745059362,-6.282670745059362,
Japan,2025,S2_CAPACITY,EV,0.0,-20.550997655621025,-20.550997655621025,
South Korea,2025,S1_NO_CN,EV,0.0,-3.6257227717491642,-3.6257227717491642,
South Korea,2025,S2_CAPACITY,EV,0.0,-10.243020240734738,-10.243020240734738,
Rest of World,2025,S1_NO_CN,EV,0.0,-0.007870943638466507,-0.007870943638466507,
Rest of World,2025,S2_CAPACITY,EV,0.0,-3.6142295704605227,-3.6142295704605227,
Southeast Asia,2025,S1_NO_CN,EV,0.0,-0.20079604581174035,-0.20079604581174035,
Southeast Asia,2025,S2_CAPACITY,EV,0.0,-83.9386093925562,-83.9386093925562,
"Central, Western and South Asia",2025,S1_NO_CN,EV,0.0,3.658915220689555,3.658915220689555,
"Central, Western and South Asia",2025,S2_CAPACITY,EV,0.0,-315.08281310863555,-315.08281310863555,
India,2025,S1_NO_CN,EV,0.0,-2.1580913122930365,-2.1580913122930365,
India,2025,S2_CAPACITY,EV,0.0,-91.35130387059378,-91.35130387059378,
Canada,2025,S1_NO_CN,EV,0.0,0.24580646788091726,0.24580646788091726,
Canada,2025,S2_CAPACITY,EV,0.0,-43.122075354709914,-43.122075354709914,
United States,2025,S1_NO_CN,EV,0.0,-14.508796969901182,-14.508796969901182,
United States,2025,S2_CAPACITY,EV,0.0,-252.52432213344193,-252.52432213344193,
Rest of America,2025,S1_NO_CN,EV,0.0,-0.08116127353493116,-0.08116127353493116,
Rest of America,2025,S2_CAPACITY,EV,0.0,-68.00452452798315,-68.00452452798315,
Brazil,2025,S1_NO_CN,EV,0.0,-16.59844887981867,-16.59844887981867,
Brazil,2025,S2_CAPACITY,EV,0.0,-49.74132089390306,-49.74132089390306,
"EU, UK and EFTA",2025,S1_NO_CN,EV,0.0,-72.20145916536487,-72.20145916536487,
"EU, UK and EFTA",2025,S2_CAPACITY,EV,0.0,-172.82952209289488,-172.82952209289488,
Eastern Europe,2025,S1_NO_CN,EV,0.0,-0.35873589645902604,-0.35873589645902604,
Eastern Europe,2025,S2_CAPACITY,EV,0.0,-11.48921029318267,-11.48921029318267,
Russia,2025,S1_NO_CN,EV,0.0,2.424689836621162,2.424689836621162,
Russia,2025,S2_CAPACITY,EV,0.0,-125.30242550425731,-125.30242550425731,
North Africa,2025,S1_NO_CN,EV,0.0,1.042289933888188,1.042289933888188,
North Africa,2025,S2_CAPACITY,EV,0.0,-32.22268857803546,-32.22268857803546,
Sub Saharan,2025,S1_NO_CN,EV,0.0,0.5131961824364614,0.5131961824364614,
Sub Saharan,2025,S2_CAPACITY,EV,0.0,-39.60930181735768,-39.60930181735768,
South Africa,2025,S1_NO_CN,EV,0.0,-0.01446276022673967,-0.01446276022673967,
South Africa,2025,S2_CAPACITY,EV,0.0,-19.06505913138717,-19.06505913138717,
Australia_Oceania,2030,S1_NO_CN,EV,0.0,-1.9465366526856653,-1.9465366526856653,
Australia_Oceania,2030,S2_CAPACITY,EV,0.0,-64.20274985527466,-64.20274985527466,
China,2030,S1_NO_CN,EV,0.0,-5.097637339091807,-5.097637339091807,
China,2030,S2_CAPACITY,EV,0.0,-341.0644315396225,-341.0644315396225,
Japan,2030,S1_NO_CN,EV,0.0,-12.51615592962162,-12.51615592962162,
Japan,2030,S2_CAPACITY,EV,0.0,-20.72222989950985,-20.72222989950985,
South Korea,2030,S1_NO_CN,EV,0.0,-7.607332749977262,-7.607332749977262,
South Korea,2030,S2_CAPACITY,EV,0.0,-12.211725919573038,-12.211725919573038,
Rest of World,2030,S1_NO_CN,EV,0.0,-0.017090210464166436,-0.017090210464166436,
Rest of World,2030,S2_CAPACITY,EV,0.0,-4.58337863915601,-4.58337863915601,
Southeast Asia,2030,S1_NO_CN,EV,0.0,-0.3812208141855165,-0.3812208141855165,
Southeast Asia,2030,S2_CAPACITY,EV,0.0,-96.95198075151148,-96.95198075151148,
"Central, Western and South Asia",2030,S1_NO_CN,EV,0.0,6.9659792917392656,6.9659792917392656,
"Central, Western and South Asia",2030,S2_CAPACITY,EV,0.0,-429.33023291252186,-429.33023291252186,
India,2030,S1_NO_CN,EV,0.0,-4.917668424162975,-4.917668424162975,
India,2030,S2_CAPACITY,EV,0.0,-107.59401694761381,-107.59401694761381,
Canada,2030,S1_NO_CN,EV,0.0,0.2117936460660308,0.2117936460660308,
Canada,2030,S2_CAPACITY,EV,0.0,-49.026357957460185,-49.026357957460185,
United States,2030,S1_NO_CN,EV,0.0,-30.594891977744027,-30.594891977744027,
United States,2030,S2_CAPACITY,EV,0.0,-255.81749368814502,-255.81749368814502,
Rest of America,2030,S1_NO_CN,EV,0.0,-0.23666585374176172,-0.23666585374176172,
Rest of America,2030,S2_CAPACITY,EV,0.0,-74.36349956042609,-74.36349956042609,
Brazil,2030,S1_NO_CN,EV,0.0,-38.00059927931537,-38.00059927931537,
Brazil,2030,S2_CAPACITY,EV,0.0,-76.214992913506,-76.214992913506,
"EU, UK and EFTA",2030,S1_NO_CN,EV,0.0,-161.2541305035656,-161.2541305035656,
"EU, UK and EFTA",2030,S2_CAPACITY,EV,0.0,-248.16960899645778,-248.16960899645778,
Eastern Europe,2030,S1_NO_CN,EV,0.0,-0.5677099876885572,-0.5677099876885572,
Eastern Europe,2030,S2_CAPACITY,EV,0.0,-11.954256245619138,-11.954256245619138,
Russia,2030,S1_NO_CN,EV,0.0,4.27219820588519,4.27219820588519,
Russia,2030,S2_CAPACITY,EV,0.0,-150.59981726943167,-150.59981726943167,
North Africa,2030,S1_NO_CN,EV,0.0,1.5861527232212496,1.5861527232212496,
North Africa,2030,S2_CAPACITY,EV,0.0,-36.47225953613669,-36.47225953613669,
Sub Saharan,2030,S1_NO_CN,EV,0.0,0.8790078317912291,0.8790078317912291,
Sub Saharan,2030,S2_CAPACITY,EV,0.0,-47.18200510258783,-47.18200510258783,
South Africa,2030,S1_NO_CN,EV,0.0,-0.05421759168117854,-0.05421759168117854,
South Africa,2030,S2_CAPACITY,EV,0.0,-21.267209227309507,-21.267209227309507,
Australia_Oceania,2035,S1_NO_CN,EV,0.0,-3.0658993431545207,-3.0658993431545207,
Australia_Oceania,2035,S2_CAPACITY,EV,0.0,-72.14057646106566,-72.14057646106566,
China,2035,S1_NO_CN,EV,0.0,-5.015302479200702,-5.015302479200702,
China,2035,S2_CAPACITY,EV,0.0,-329.76175385627823,-329.76175385627823,
Japan,2035,S1_NO_CN,EV,0.0,-13.890730095430682,-13.890730095430682,
Japan,2035,S2_CAPACITY,EV,0.0,-22.447806821345395,-22.447806821345395,
South Korea,2035,S1_NO_CN,EV,0.0,-9.113608330895314,-9.113608330895314,
South Korea,2035,S2_CAPACITY,EV,0.0,-13.756234367295253,-13.756234367295253,
Rest of World,2035,S1_NO_CN,EV,0.0,-0.021096641981401227,-0.021096641981401227,
Rest of World,2035,S2_CAPACITY,EV,0.0,-5.222021408267351,-5.222021408267351,
Southeast Asia,2035,S1_NO_CN,EV,0.0,-0.32823719044576266,-0.32823719044576266,
Southeast Asia,2035,S2_CAPACITY,EV,0.0,-102.56223939998014,-102.56223939998014,
"Central, Western and South Asia",2035,S1_NO_CN,EV,0.0,9.530732551877927,9.530732551877927,
"Central, Western and South Asia",2035,S2_CAPACITY,EV,0.0,-542.6450914619911,-542.6450914619911,
India,2035,S1_NO_CN,EV,0.0,-5.368653875341764,-5.368653875341764,
India,2035,S2_CAPACITY,EV,0.0,-111.41232185808288,-111.41232185808288,
Canada,2035,S1_NO_CN,EV,0.0,0.15532956045605983,0.15532956045605983,
Canada,2035,S2_CAPACITY,EV,0.0,-53.782755632412,-53.782755632412,
United States,2035,S1_NO_CN,EV,0.0,-34.621569228730955,-34.621569228730955,
United States,2035,S2_CAPACITY,EV,0.0,-244.5371871412894,-244.5371871412894,
Rest of America,2035,S1_NO_CN,EV,0.0,-0.3572822346414668,-0.3572822346414668,
Rest of America,2035,S2_CAPACITY,EV,0.0,-84.76917142920688,-84.76917142920688,
Brazil,2035,S1_NO_CN,EV,0.0,-46.754787345322335,-46.754787345322335,
Brazil,2035,S2_CAPACITY,EV,0.0,-92.07013613000252,-92.07013613000252,
"EU, UK and EFTA",2035,S1_NO_CN,EV,0.0,-188.3424433618288,-188.3424433618288,
"EU, UK and EFTA",2035,S2_CAPACITY,EV,0.0,-293.71091975079423,-293.71091975079423,
Eastern Europe,2035,S1_NO_CN,EV,0.0,-0.7212389305030763,-0.7212389305030763,
Eastern Europe,2035,S2_CAPACITY,EV,0.0,-13.343773213984305,-13.343773213984305,
Russia,2035,S1_NO_CN,EV,0.0,5.696064097874949,5.696064097874949,
Russia,2035,S2_CAPACITY,EV,0.0,-178.5800897069214,-178.5800897069214,
North Africa,2035,S1_NO_CN,EV,0.0,2.050918302909242,2.050918302909242,
North Africa,2035,S2_CAPACITY,EV,0.0,-39.93401630656668,-39.93401630656668,
Sub Saharan,2035,S1_NO_CN,EV,0.0,1.0526912397138284,1.0526912397138284,
Sub Saharan,2035,S2_CAPACITY,EV,0.0,-56.270108192130735,-56.270108192130735,
South Africa,2035,S1_NO_CN,EV,0.0,-0.09001164313394272,-0.09001164313394272,
South Africa,2035,S2_CAPACITY,EV,0.0,-25.204532598903924,-25.204532598903924,
Australia_Oceania,2040,S1_NO_CN,EV,0.0,-3.4636415965950844,-3.4636415965950844,
Australia_Oceania,2040,S2_CAPACITY,EV,0.0,-84.06955757461151,-84.06955757461151,
China,2040,S1_NO_CN,EV,0.0,-4.426401720416869,-4.426401720416869,
China,2040,S2_CAPACITY,EV,0.0,-311.9930164587023,-311.9930164587023,
Japan,2040,S1_NO_CN,EV,0.0,-15.271126811481336,-15.271126811481336,
Japan,2040,S2_CAPACITY,EV,0.0,-23.785306658855117,-23.785306658855117,
South Korea,2040,S1_NO_CN,EV,0.0,-10.364296105913667,-10.364296105913667,
South Korea,2040,S2_CAPACITY,EV,0.0,-15.784258943740378,-15.784258943740378,
Rest of World,2040,S1_NO_CN,EV,0.0,-0.02293957027136978,-0.02293957027136978,
Rest of World,2040,S2_CAPACITY,EV,0.0,-5.9396587958454425,-5.9396587958454425,
Southeast Asia,2040,S1_NO_CN,EV,0.0,-0.06616914877401478,-0.06616914877401478,
Southeast Asia,2040,S2_CAPACITY,EV,0.0,-102.85798883420738,-102.85798883420738,
"Central, Western and South Asia",2040,S1_NO_CN,EV,0.0,12.559454211708799,12.559454211708799,
"Central, Western and South Asia",2040,S2_CAPACITY,EV,0.0,-656.8462028823526,-656.8462028823526,
India,2040,S1_NO_CN,EV,0.0,-4.591659994568827,-4.591659994568827,
India,2040,S2_CAPACITY,EV,0.0,-98.68278329304508,-98.68278329304508,
Canada,2040,S1_NO_CN,EV,0.0,0.02970976137004738,0.02970976137004738,
Canada,2040,S2_CAPACITY,EV,0.0,-62.82571266575679,-62.82571266575679,
United States,2040,S1_NO_CN,EV,0.0,-38.617829198507565,-38.617829198507565,
United States,2040,S2_CAPACITY,EV,0.0,-239.76335534376142,-239.76335534376142,
Rest of America,2040,S1_NO_CN,EV,0.0,-0.5188408847021336,-0.5188408847021336,
Rest of America,2040,S2_CAPACITY,EV,0.0,-97.86458597818032,-97.86458597818032,
Brazil,2040,S1_NO_CN,EV,0.0,-57.19672735172411,-57.19672735172411,
Brazil,2040,S2_CAPACITY,EV,0.0,-111.40225948490571,-111.40225948490571,
"EU, UK and EFTA",2040,S1_NO_CN,EV,0.0,-209.85808132244466,-209.85808132244466,
"EU, UK and EFTA",2040,S2_CAPACITY,EV,0.0,-346.71579383534527,-346.71579383534527,
Eastern Europe,2040,S1_NO_CN,EV,0.0,-0.9664316686116142,-0.9664316686116142,
Eastern Europe,2040,S2_CAPACITY,EV,0.0,-15.505700309299197,-15.505700309299197,
Russia,2040,S1_NO_CN,EV,0.0,7.356192636125963,7.356192636125963,
Russia,2040,S2_CAPACITY,EV,0.0,-211.3012709272288,-211.3012709272288,
North Africa,2040,S1_NO_CN,EV,0.0,2.7994107902590355,2.7994107902590355,
North Africa,2040,S2_CAPACITY,EV,0.0,-42.115241841545746,-42.115241841545746,
Sub Saharan,2040,S1_NO_CN,EV,0.0,1.3330077264137978,1.3330077264137978,
Sub Saharan,2040,S2_CAPACITY,EV,0.0,-66.78774546205396,-66.78774546205396,
South Africa,2040,S1_NO_CN,EV,0.0,-0.14274078236386745,-0.14274078236386745,
South Africa,2040,S2_CAPACITY,EV,0.0,-29.788617302335638,-29.788617302335638,
Australia_Oceania,2045,S1_NO_CN,EV,0.0,-3.9318766101167686,-3.9318766101167686,
Australia_Oceania,2045,S2_CAPACITY,EV,0.0,-94.9627481942736,-94.9627481942736,
China,2045,S1_NO_CN,EV,0.0,-3.4123875577824374,-3.4123875577824374,
China,2045,S2_CAPACITY,EV,0.0,-273.7054749820038,-273.7054749820038,
Japan,2045,S1_NO_CN,EV,0.0,-16.425133388132288,-16.425133388132288,
Japan,2045,S2_CAPACITY,EV,0.0,-29.56631744933318,-29.56631744933318,
South Korea,2045,S1_NO_CN,EV,0.0,-11.320493466024123,-11.320493466024123,
South Korea,2045,S2_CAPACITY,EV,0.0,-19.483910396918457,-19.483910396918457,
Rest of World,2045,S1_NO_CN,EV,0.0,-0.023479971692927825,-0.023479971692927825,
Rest of World,2045,S2_CAPACITY,EV,0.0,-6.404276829148435,-6.404276829148435,
Southeast Asia,2045,S1_NO_CN,EV,0.0,0.38109503491377,0.38109503491377,
Southeast Asia,2045,S2_CAPACITY,EV,0.0,-93.59093494293185,-93.59093494293185,
"Central, Western and South Asia",2045,S1_NO_CN,EV,0.0,15.345481999795698,15.345481999795698,
"Central, Western and South Asia",2045,S2_CAPACITY,EV,0.0,-737.8174826960267,-737.8174826960267,
India,2045,S1_NO_CN,EV,0.0,-2.470889566508175,-2.470889566508175,
India,2045,S2_CAPACITY,EV,0.0,-79.59540110657649,-79.59540110657649,
Canada,2045,S1_NO_CN,EV,0.0,-0.1847040348892471,-0.1847040348892471,
Canada,2045,S2_CAPACITY,EV,0.0,-72.81591969131563,-72.81591969131563,
United States,2045,S1_NO_CN,EV,0.0,-42.78553289359849,-42.78553289359849,
United States,2045,S2_CAPACITY,EV,0.0,-232.21982972029727,-232.21982972029727,
Rest of America,2045,S1_NO_CN,EV,0.0,-0.697855342684764,-0.697855342684764,
Rest of America,2045,S2_CAPACITY,EV,0.0,-113.04841084739334,-113.04841084739334,
Brazil,2045,S1_NO_CN,EV,0.0,-68.57972349742026,-68.57972349742026,
Brazil,2045,S2_CAPACITY,EV,0.0,-133.6998134172322,-133.6998134172322,
"EU, UK and EFTA",2045,S1_NO_CN,EV,0.0,-230.6461325890619,-230.6461325890619,
"EU, UK and EFTA",2045,S2_CAPACITY,EV,0.0,-411.51865914804415,-411.51865914804415,
Eastern Europe,2045,S1_NO_CN,EV,0.0,-1.2857322884568663,-1.2857322884568663,
Eastern Europe,2045,S2_CAPACITY,EV,0.0,-19.20306421180667,-19.20306421180667,
Russia,2045,S1_NO_CN,EV,0.0,8.83779913328497,8.83779913328497,
Russia,2045,S2_CAPACITY,EV,0.0,-242.78477160749568,-242.78477160749568,
North Africa,2045,S1_NO_CN,EV,0.0,3.6494431398337905,3.6494431398337905,
North Africa,2045,S2_CAPACITY,EV,0.0,-41.0841410604287,-41.0841410604287,
Sub Saharan,2045,S1_NO_CN,EV,0.0,1.6847319392120346,1.6847319392120346,
Sub Saharan,2045,S2_CAPACITY,EV,0.0,-74.12893324110921,-74.12893324110921,
South Africa,2045,S1_NO_CN,EV,0.0,-0.21837192161427663,-0.21837192161427663,
South Africa,2045,S2_CAPACITY,EV,0.0,-34.739262080593036,-34.739262080593036,
Australia_Oceania,2050,S1_NO_CN,EV,0.0,-4.361103801406836,-4.361103801406836,
Australia_Oceania,2050,S2_CAPACITY,EV,0.0,-103.89176346023584,-103.89176346023584,
China,2050,S1_NO_CN,EV,0.0,-2.794284291926657,-2.794284291926657,
China,2050,S2_CAPACITY,EV,0.0,-229.54556369106598,-229.54556369106598,
Japan,2050,S1_NO_CN,EV,0.0,-17.077846545592145,-17.077846545592145,
Japan,2050,S2_CAPACITY,EV,0.0,-40.23929553021162,-40.23929553021162,
South Korea,2050,S1_NO_CN,EV,0.0,-11.768672959765965,-11.768672959765965,
South Korea,2050,S2_CAPACITY,EV,0.0,-24.628435193926975,-24.628435193926975,
Rest of World,2050,S1_NO_CN,EV,0.0,-0.021398325873483354,-0.021398325873483354,
Rest of World,2050,S2_CAPACITY,EV,0.0,-6.609000770011553,-6.609000770011553,
Southeast Asia,2050,S1_NO_CN,EV,0.0,0.9358932320102747,0.9358932320102747,
Southeast Asia,2050,S2_CAPACITY,EV,0.0,-74.35688394333653,-74.35688394333653,
"Central, Western and South Asia",2050,S1_NO_CN,EV,0.0,17.110669697687335,17.110669697687335,
"Central, Western and South Asia",2050,S2_CAPACITY,EV,0.0,-759.3462487750788,-759.3462487750788,
India,2050,S1_NO_CN,EV,0.0,-0.8681772772228028,-0.8681772772228028,
India,2050,S2_CAPACITY,EV,0.0,-83.19796081086183,-83.19796081086183,
Canada,2050,S1_NO_CN,EV,0.0,-0.3710588661184788,-0.3710588661184788,
Canada,2050,S2_CAPACITY,EV,0.0,-81.65863813825337,-81.65863813825337,
United States,2050,S1_NO_CN,EV,0.0,-46.23485178941919,-46.23485178941919,
United States,2050,S2_CAPACITY,EV,0.0,-218.610844894812,-218.610844894812,
Rest of America,2050,S1_NO_CN,EV,0.0,-0.7765325556357702,-0.7765325556357702,
Rest of America,2050,S2_CAPACITY,EV,0.0,-129.60486734658573,-129.60486734658573,
Brazil,2050,S1_NO_CN,EV,0.0,-79.3434940202108,-79.3434940202108,
Brazil,2050,S2_CAPACITY,EV,0.0,-156.43863321304437,-156.43863321304437,
"EU, UK and EFTA",2050,S1_NO_CN,EV,0.0,-248.44019114577688,-248.44019114577688,
"EU, UK and EFTA",2050,S2_CAPACITY,EV,0.0,-478.28874004263844,-478.28874004263844,
Eastern Europe,2050,S1_NO_CN,EV,0.0,-1.61131587031439,-1.61131587031439,
Eastern Europe,2050,S2_CAPACITY,EV,0.0,-24.209231519549625,-24.209231519549625,
Russia,2050,S1_NO_CN,EV,0.0,9.87006591625413,9.87006591625413,
Russia,2050,S2_CAPACITY,EV,0.0,-270.09084449063283,-270.09084449063283,
North Africa,2050,S1_NO_CN,EV,0.0,4.455654127216099,4.455654127216099,
North Africa,2050,S2_CAPACITY,EV,0.0,-36.89449684916072,-36.89449684916072,
Sub Saharan,2050,S1_NO_CN,EV,0.0,2.1319629258867803,2.1319629258867803,
Sub Saharan,2050,S2_CAPACITY,EV,0.0,-74.49953594594672,-74.49953594594672,
South Africa,2050,S1_NO_CN,EV,0.0,-0.28515115142264513,-0.28515115142264513,
South Africa,2050,S2_CAPACITY,EV,0.0,-39.94225060695779,-39.94225060695779,
Australia_Oceania,2025,S1_NO_CN,renewable_capacity_GW,127.48525012030092,36.47277440539239,-91.01247571490853,-71.39059273839523
Australia_Oceania,2025,S2_CAPACITY,renewable_capacity_GW,127.48525012030092,49.44903295870815,-78.03621716159276,-61.21195753073725
China,2025,S1_NO_CN,renewable_capacity_GW,2997.1388817918382,3005.580433618873,8.4415518270348,0.2816536757211605
China,2025,S2_CAPACITY,renewable_capacity_GW,2997.1388817918382,4058.144699278505,1061.0058174866667,35.40062237130449
Japan,2025,S1_NO_CN,renewable_capacity_GW,83.21785701718483,38.36451918791868,-44.853337829266145,-53.89869366619685
Japan,2025,S2_CAPACITY,renewable_capacity_GW,83.21785701718483,43.11184004346286,-40.106016973721964,-48.194003560365545
South Korea,2025,S1_NO_CN,renewable_capacity_GW,46.96622122873384,11.2698420811999,-35.696379147533946,-76.00436699747726
South Korea,2025,S2_CAPACITY,renewable_capacity_GW,46.96622122873384,12.703571119078012,-34.26265010965583,-72.95168572917679
Rest of World,2025,S1_NO_CN,renewable_capacity_GW,31.772973703743,31.843079077139905,0.07010537339690615,0.22064467131903182
Rest of World,2025,S2_CAPACITY,renewable_capacity_GW,31.772973703743,42.75954323346221,10.986569529719212,34.57834835404451
Southeast Asia,2025,S1_NO_CN,renewable_capacity_GW,87.61651583734212,87.93946009707906,0.32294425973694274,0.36858833822664294
Southeast Asia,2025,S2_CAPACITY,renewable_capacity_GW,87.61651583734212,111.39071892968757,23.774203092345445,27.134385412542155
"Central, Western and South Asia",2025,S1_NO_CN,renewable_capacity_GW,108.85966840223271,105.67187010754768,-3.187798294685038,-2.9283556908388086
"Central, Western and South Asia",2025,S2_CAPACITY,renewable_capacity_GW,108.85966840223271,132.26076655319142,23.401098150958703,21.49657305999909
India,2025,S1_NO_CN,renewable_capacity_GW,143.23299334311713,57.85823478753265,-85.37475855558448,-59.605511665226295
India,2025,S2_CAPACITY,renewable_capacity_GW,143.23299334311713,69.28851155124374,-73.94448179187339,-51.62531346024313
Canada,2025,S1_NO_CN,renewable_capacity_GW,93.82019609442338,86.15629317430698,-7.663902920116399,-8.168713389176062
Canada,2025,S2_CAPACITY,renewable_capacity_GW,93.82019609442338,100.47521951899527,6.655023424571894,7.093380425120924
United States,2025,S1_NO_CN,renewable_capacity_GW,366.4646222464965,232.81935903214892,-133.64526321434758,-36.468803562831575
United States,2025,S2_CAPACITY,renewable_capacity_GW,366.4646222464965,277.9022197916008,-88.56240245489568,-24.16669906961049
Rest of America,2025,S1_NO_CN,renewable_capacity_GW,94.70107155814632,95.2664402786376,0.5653687204912785,0.5970035092413319
Rest of America,2025,S2_CAPACITY,renewable_capacity_GW,94.70107155814632,115.5473929127253,20.846321354578976,22.012761853258827
Brazil,2025,S1_NO_CN,renewable_capacity_GW,321.06949858760606,103.8844407594396,-217.18505782816646,-67.6442510993943
Brazil,2025,S2_CAPACITY,renewable_capacity_GW,321.06949858760606,111.0387622296022,-210.03073635800388,-65.4159729534992
"EU, UK and EFTA",2025,S1_NO_CN,renewable_capacity_GW,962.821653833334,457.8824168208551,-504.93923701247894,-52.44369349215786
"EU, UK and EFTA",2025,S2_CAPACITY,renewable_capacity_GW,962.821653833334,491.9428954026861,-470.87875843064796,-48.9061246759369
Eastern Europe,2025,S1_NO_CN,renewable_capacity_GW,18.16278973745561,18.3056518082114,0.14286207075578972,0.7865645796756494
Eastern Europe,2025,S2_CAPACITY,renewable_capacity_GW,18.16278973745561,21.507754612742684,3.344964875287072,18.41658095280941
Russia,2025,S1_NO_CN,renewable_capacity_GW,19.35477280055807,19.379719576035946,0.024946775477875605,0.128892112219247
Russia,2025,S2_CAPACITY,renewable_capacity_GW,19.35477280055807,23.98973289875498,4.63496009819691,23.9473753887892
North Africa,2025,S1_NO_CN,renewable_capacity_GW,11.800104690898598,11.865253616803312,0.06514892590471355,0.5521046432322149
North Africa,2025,S2_CAPACITY,renewable_capacity_GW,11.800104690898598,15.209178190146371,3.409073499247773,28.890197066447943
Sub Saharan,2025,S1_NO_CN,renewable_capacity_GW,24.73859849687233,24.837330566287545,0.09873206941521318,0.3991013049009051
Sub Saharan,2025,S2_CAPACITY,renewable_capacity_GW,24.73859849687233,29.8129898229348,5.074391326062468,20.51204043229861
South Africa,2025,S1_NO_CN,renewable_capacity_GW,8.560072217769084,8.57874822111819,0.01867600334910513,0.21817576854477108
South Africa,2025,S2_CAPACITY,renewable_capacity_GW,8.560072217769084,10.687549993529052,2.127477775759967,24.85350265321042
Australia_Oceania,2030,S1_NO_CN,renewable_capacity_GW,221.6313928787267,63.15261514106592,-158.47877773766078,-71.50556411671245
Australia_Oceania,2030,S2_CAPACITY,renewable_capacity_GW,221.6313928787267,81.14115997987837,-140.49023289884832,-63.38913954113099
China,2030,S1_NO_CN,renewable_capacity_GW,6262.761725945997,6287.036775230102,24.27504928410508,0.38760933828179944
China,2030,S2_CAPACITY,renewable_capacity_GW,6262.761725945997,7899.761599911152,1636.9998739651555,26.138626146085496
Japan,2030,S1_NO_CN,renewable_capacity_GW,138.74978811022788,60.62966144451645,-78.12012666571144,-56.30287997531929
Japan,2030,S2_CAPACITY,renewable_capacity_GW,138.74978811022788,67.00664339010422,-71.74314472012367,-51.706849932720836
South Korea,2030,S1_NO_CN,renewable_capacity_GW,86.22356256538093,21.22201913590268,-65.00154342947825,-75.38721608746957
South Korea,2030,S2_CAPACITY,renewable_capacity_GW,86.22356256538093,23.52082301776495,-62.70273954761598,-72.7211190097489
Rest of World,2030,S1_NO_CN,renewable_capacity_GW,86.80799681388284,87.09860140624095,0.29060459235810754,0.33476707564300384
Rest of World,2030,S2_CAPACITY,renewable_capacity_GW,86.80799681388284,110.23351808327656,23.425521269393727,26.98544158278213
Southeast Asia,2030,S1_NO_CN,renewable_capacity_GW,222.58146118336063,223.81683089034556,1.235369706984926,0.5550191378999167
Southeast Asia,2030,S2_CAPACITY,renewable_capacity_GW,222.58146118336063,266.9841864673759,44.40272528401525,19.948977353256154
"Central, Western and South Asia",2030,S1_NO_CN,renewable_capacity_GW,282.84317804621963,277.20380953708974,-5.639368509129895,-1.9938145753009326
"Central, Western and South Asia",2030,S2_CAPACITY,renewable_capacity_GW,282.84317804621963,321.1245867856512,38.28140873943158,13.534499578128763
India,2030,S1_NO_CN,renewable_capacity_GW,317.09923177414487,116.07280247951304,-201.02642929463184,-63.39543245497791
India,2030,S2_CAPACITY,renewable_capacity_GW,317.09923177414487,133.12845218473942,-183.97077958940545,-58.01678501713916
Canada,2030,S1_NO_CN,renewable_capacity_GW,161.63844730038988,144.58002682471746,-17.05842047567242,-10.553442426956098
Canada,2030,S2_CAPACITY,renewable_capacity_GW,161.63844730038988,164.53402877761886,2.8955814772289727,1.7913940189290525
United States,2030,S1_NO_CN,renewable_capacity_GW,652.7827194086657,420.1758273974561,-232.6068920112096,-35.63312647459794
United States,2030,S2_CAPACITY,renewable_capacity_GW,652.7827194086657,485.5125137352882,-167.27020567337746,-25.62417795386833
Rest of America,2030,S1_NO_CN,renewable_capacity_GW,181.7596352422981,183.567648793998,1.8080135516999007,0.9947277619091248
Rest of America,2030,S2_CAPACITY,renewable_capacity_GW,181.7596352422981,214.03715765957796,32.27752241727987,17.758355629538823
Brazil,2030,S1_NO_CN,renewable_capacity_GW,455.1441487247072,125.60946492195583,-329.5346838027514,-72.40226744122545
Brazil,2030,S2_CAPACITY,renewable_capacity_GW,455.1441487247072,132.85395849750932,-322.29019022719785,-70.81057531558739
"EU, UK and EFTA",2030,S1_NO_CN,renewable_capacity_GW,1761.1074984782358,866.1794402900414,-894.9280581881944,-50.81620849161663
"EU, UK and EFTA",2030,S2_CAPACITY,renewable_capacity_GW,1761.1074984782358,899.5848234512923,-861.5226750269435,-48.91936896364253
Eastern Europe,2030,S1_NO_CN,renewable_capacity_GW,45.12072917287546,45.71814213103761,0.5974129581621526,1.3240321446783938
Eastern Europe,2030,S2_CAPACITY,renewable_capacity_GW,45.12072917287546,53.27809551378573,8.157366340910272,18.07897720281992
Russia,2030,S1_NO_CN,renewable_capacity_GW,25.716737810023822,25.79516896835618,0.07843115833235714,0.30498097741536406
Russia,2030,S2_CAPACITY,renewable_capacity_GW,25.716737810023822,30.411319938397444,4.6945821283736215,18.254967496475295
North Africa,2030,S1_NO_CN,renewable_capacity_GW,35.68638700517524,35.97421550792228,0.28782850274703975,0.8065498552859914
North Africa,2030,S2_CAPACITY,renewable_capacity_GW,35.68638700517524,43.46494477348988,7.778557768314641,21.79698877105882
Sub Saharan,2030,S1_NO_CN,renewable_capacity_GW,42.588096238011566,42.85068386393801,0.262587625926443,0.6165751679974677
Sub Saharan,2030,S2_CAPACITY,renewable_capacity_GW,42.588096238011566,49.9449306087279,7.356834370716335,17.274391251492638
South Africa,2030,S1_NO_CN,renewable_capacity_GW,19.757263354102975,19.823127770963275,0.06586441686030042,0.333368117232807
South Africa,2030,S2_CAPACITY,renewable_capacity_GW,19.757263354102975,23.43388696668125,3.6766236125782754,18.608972035667858
Australia_Oceania,2035,S1_NO_CN,renewable_capacity_GW,252.61394771684024,70.51533305579805,-182.09861466104218,-72.08573252066033
Australia_Oceania,2035,S2_CAPACITY,renewable_capacity_GW,252.61394771684024,86.96364177846515,-165.65030593837508,-65.57448922972996
China,2035,S1_NO_CN,renewable_capacity_GW,7668.982421030725,7694.031224120858,25.048803090132424,0.3266248599219741
China,2035,S2_CAPACITY,renewable_capacity_GW,7668.982421030725,9474.928249252562,1805.9458282218366,23.548702149445198
Japan,2035,S1_NO_CN,renewable_capacity_GW,127.53540163038645,55.3097395576912,-72.22566207269524,-56.63185370444376
Japan,2035,S2_CAPACITY,renewable_capacity_GW,127.53540163038645,61.45366220518402,-66.08173942520243,-51.81442844922039
South Korea,2035,S1_NO_CN,renewable_capacity_GW,92.71935944285477,22.88869293467051,-69.83066650818427,-75.31400877636847
South Korea,2035,S2_CAPACITY,renewable_capacity_GW,92.71935944285477,25.35513146841065,-67.36422797444412,-72.65389707093733
Rest of World,2035,S1_NO_CN,renewable_capacity_GW,91.1141457059314,91.42607037382528,0.3119246678938765,0.34234494048882974
Rest of World,2035,S2_CAPACITY,renewable_capacity_GW,91.1141457059314,114.18646917725894,23.072323471327536,25.3224384562556
Southeast Asia,2035,S1_NO_CN,renewable_capacity_GW,250.06656843701103,251.46659400973397,1.4000255727229387,0.5598611527616454
Southeast Asia,2035,S2_CAPACITY,renewable_capacity_GW,250.06656843701103,296.18744407426846,46.12087563725743,18.44343925120673
"Central, Western and South Asia",2035,S1_NO_CN,renewable_capacity_GW,296.11189232456456,290.52154805624207,-5.590344268322497,-1.8879161604880732
"Central, Western and South Asia",2035,S2_CAPACITY,renewable_capacity_GW,296.11189232456456,320.0715813026138,23.959688978049257,8.091430840537583
India,2035,S1_NO_CN,renewable_capacity_GW,371.8885445333309,141.15117829962458,-230.73736623370633,-62.04476304137039
India,2035,S2_CAPACITY,renewable_capacity_GW,371.8885445333309,160.32619479220975,-211.56234974112115,-56.888643882968445
Canada,2035,S1_NO_CN,renewable_capacity_GW,171.2952870006756,153.40297518579877,-17.89231181487682,-10.445303036741608
Canada,2035,S2_CAPACITY,renewable_capacity_GW,171.2952870006756,172.6543629308907,1.3590759302151127,0.7934111638516667
United States,2035,S1_NO_CN,renewable_capacity_GW,673.5470356815655,432.6320068885108,-240.91502879305472,-35.76810764956773
United States,2035,S2_CAPACITY,renewable_capacity_GW,673.5470356815655,493.63092324555424,-179.91611243601125,-26.711736954488007
Rest of America,2035,S1_NO_CN,renewable_capacity_GW,174.33516761701367,176.1470454125272,1.8118777955135386,1.0393071118582011
Rest of America,2035,S2_CAPACITY,renewable_capacity_GW,174.33516761701367,203.1176839231717,28.782516306158044,16.50987388235322
Brazil,2035,S1_NO_CN,renewable_capacity_GW,424.1095475040734,114.9573885515304,-309.152158952543,-72.89441154341702
Brazil,2035,S2_CAPACITY,renewable_capacity_GW,424.1095475040734,121.197871958422,-302.9116755456514,-71.42297958824943
"EU, UK and EFTA",2035,S1_NO_CN,renewable_capacity_GW,1796.9512030380754,864.7589858719189,-932.1922171661565,-51.87632338541607
"EU, UK and EFTA",2035,S2_CAPACITY,renewable_capacity_GW,1796.9512030380754,894.8687340398653,-902.0824689982101,-50.200721503904745
Eastern Europe,2035,S1_NO_CN,renewable_capacity_GW,43.43773662100064,44.02301927128107,0.5852826502804334,1.3474059557639786
Eastern Europe,2035,S2_CAPACITY,renewable_capacity_GW,43.43773662100064,51.33238858750373,7.8946519665030905,18.17463933580347
Russia,2035,S1_NO_CN,renewable_capacity_GW,25.12027827906556,25.234961402513896,0.1146831234483372,0.45653603902911566
Russia,2035,S2_CAPACITY,renewable_capacity_GW,25.12027827906556,28.561010762653662,3.4407324835881035,13.697031718217472
North Africa,2035,S1_NO_CN,renewable_capacity_GW,40.15780696101515,40.53112120168304,0.3733142406678951,0.9296180965018964
North Africa,2035,S2_CAPACITY,renewable_capacity_GW,40.15780696101515,47.70548219314437,7.547675232129222,18.7950383830881
Sub Saharan,2035,S1_NO_CN,renewable_capacity_GW,44.85127688327668,45.15051481664665,0.29923793336996596,0.6671781812337662
Sub Saharan,2035,S2_CAPACITY,renewable_capacity_GW,44.85127688327668,52.0671045122202,7.215827628943515,16.088343811754488
South Africa,2035,S1_NO_CN,renewable_capacity_GW,20.548259903045583,20.623541086701422,0.07528118365583936,0.36636281617540506
South Africa,2035,S2_CAPACITY,renewable_capacity_GW,20.548259903045583,23.754845075352904,3.206585172307321,15.605142174749567
Australia_Oceania,2040,S1_NO_CN,renewable_capacity_GW,251.58675007052767,69.34767833772955,-182.23907173279812,-72.43587815404061
Australia_Oceania,2040,S2_CAPACITY,renewable_capacity_GW,251.58675007052767,84.6170738474349,-166.9696762230928,-66.36664139756404
China,2040,S1_NO_CN,renewable_capacity_GW,8492.157385667595,8519.144003703494,26.986618035898573,0.31778282961929666
China,2040,S2_CAPACITY,renewable_capacity_GW,8492.157385667595,10509.699487036589,2017.5421013689938,23.757709728437735
Japan,2040,S1_NO_CN,renewable_capacity_GW,116.65355087401896,50.3470293382994,-66.30652153571955,-56.840551392497154
Japan,2040,S2_CAPACITY,renewable_capacity_GW,116.65355087401896,56.04629654257612,-60.60725433144284,-51.954915968992815
South Korea,2040,S1_NO_CN,renewable_capacity_GW,96.58071178771054,23.953529471955445,-72.62718231575509,-75.19843348783081
South Korea,2040,S2_CAPACITY,renewable_capacity_GW,96.58071178771054,26.60363796429784,-69.9770738234127,-72.4545020720348
Rest of World,2040,S1_NO_CN,renewable_capacity_GW,95.97181723991986,96.3155289642222,0.343711724302338,0.3581381849247403
Rest of World,2040,S2_CAPACITY,renewable_capacity_GW,95.97181723991986,119.09980097363818,23.127983733718324,24.09872439520521
Southeast Asia,2040,S1_NO_CN,renewable_capacity_GW,286.28475245481417,287.94474688999145,1.659994435177282,0.5798403236439522
Southeast Asia,2040,S2_CAPACITY,renewable_capacity_GW,286.28475245481417,337.8944376546567,51.609685199842545,18.02739571608459
"Central, Western and South Asia",2040,S1_NO_CN,renewable_capacity_GW,318.49184695247584,312.79107344433623,-5.700773508139605,-1.7899276112365454
"Central, Western and South Asia",2040,S2_CAPACITY,renewable_capacity_GW,318.49184695247584,329.9094423336684,11.417595381192541,3.584894084556027
India,2040,S1_NO_CN,renewable_capacity_GW,431.20773577733854,179.52183523955554,-251.685900537783,-58.36766821542953
India,2040,S2_CAPACITY,renewable_capacity_GW,431.20773577733854,202.95817571573676,-228.24956006160178,-52.93262182556538
Canada,2040,S1_NO_CN,renewable_capacity_GW,178.4258088048839,160.10243054067595,-18.323378264207946,-10.269466276734285
Canada,2040,S2_CAPACITY,renewable_capacity_GW,178.4258088048839,178.4264390491634,0.000630244279506087,0.00035322484102918403
United States,2040,S1_NO_CN,renewable_capacity_GW,689.796900743265,442.4009139705265,-247.39598677273852,-35.86504759678772
United States,2040,S2_CAPACITY,renewable_capacity_GW,689.796900743265,498.0223556489827,-191.77454509428236,-27.801595641795842
Rest of America,2040,S1_NO_CN,renewable_capacity_GW,170.37336198183337,172.24917737656858,1.8758153947352127,1.1010027465063628
Rest of America,2040,S2_CAPACITY,renewable_capacity_GW,170.37336198183337,196.5138322560215,26.140470274188118,15.34305009310988
Brazil,2040,S1_NO_CN,renewable_capacity_GW,409.3984149388571,110.4691381840328,-298.9292767548243,-73.01671570943155
Brazil,2040,S2_CAPACITY,renewable_capacity_GW,409.3984149388571,115.96259782302916,-293.43581711582794,-71.67487865326788
"EU, UK and EFTA",2040,S1_NO_CN,renewable_capacity_GW,1772.9951634144063,838.2634168491436,-934.7317465652627,-52.72049049277557
"EU, UK and EFTA",2040,S2_CAPACITY,renewable_capacity_GW,1772.9951634144063,867.295812532012,-905.6993508823944,-51.08301306012661
Eastern Europe,2040,S1_NO_CN,renewable_capacity_GW,42.51340044460196,43.08362067314649,0.5702202285445281,1.3412717462757804
Eastern Europe,2040,S2_CAPACITY,renewable_capacity_GW,42.51340044460196,50.12976173097197,7.616361286370008,17.91520134056244
Russia,2040,S1_NO_CN,renewable_capacity_GW,25.075552039697406,25.22362427694502,0.14807223724761442,0.5905043965261443
Russia,2040,S2_CAPACITY,renewable_capacity_GW,25.075552039697406,27.51754979293023,2.4419977532328225,9.738560289188715
North Africa,2040,S1_NO_CN,renewable_capacity_GW,48.9432842189647,49.46427706888696,0.5209928499222585,1.0644828156431367
North Africa,2040,S2_CAPACITY,renewable_capacity_GW,48.9432842189647,56.81859320144464,7.875308982479943,16.090683549651114
Sub Saharan,2040,S1_NO_CN,renewable_capacity_GW,50.393221196100136,50.75734767595109,0.3641264798509525,0.722570360076787
Sub Saharan,2040,S2_CAPACITY,renewable_capacity_GW,50.393221196100136,58.03310321775465,7.639882021654515,15.160535167864511
South Africa,2040,S1_NO_CN,renewable_capacity_GW,21.43521385218062,21.52134850491006,0.08613465272943799,0.40183715135025555
South Africa,2040,S2_CAPACITY,renewable_capacity_GW,21.43521385218062,24.29789966078499,2.8626858086043683,13.355060641548697
Australia_Oceania,2045,S1_NO_CN,renewable_capacity_GW,254.8822344636948,70.22667957371385,-184.65555488998095,-72.44740116097935
Australia_Oceania,2045,S2_CAPACITY,renewable_capacity_GW,254.8822344636948,85.44685510430115,-169.43537935939366,-66.47594710392728
China,2045,S1_NO_CN,renewable_capacity_GW,8935.788566050354,8962.8836178663,27.095051815946135,0.30321948214943306
China,2045,S2_CAPACITY,renewable_capacity_GW,8935.788566050354,11236.805129509348,2301.016563458994,25.75057082484272
Japan,2045,S1_NO_CN,renewable_capacity_GW,104.54038322275402,44.92340184514136,-59.61698137761265,-57.027705026277886
Japan,2045,S2_CAPACITY,renewable_capacity_GW,104.54038322275402,50.53158086102585,-54.008802361728165,-51.66309965274045
South Korea,2045,S1_NO_CN,renewable_capacity_GW,98.61501799215488,24.617178860424787,-73.99783913173009,-75.037089317995
South Korea,2045,S2_CAPACITY,renewable_capacity_GW,98.61501799215488,27.6357956394072,-70.97922235274768,-71.97607808416593
Rest of World,2045,S1_NO_CN,renewable_capacity_GW,99.57819475378948,99.94439525792994,0.36620050414046545,0.3677517001045348
Rest of World,2045,S2_CAPACITY,renewable_capacity_GW,99.57819475378948,124.38345472481916,24.805259971029685,24.910333062736825
Southeast Asia,2045,S1_NO_CN,renewable_capacity_GW,333.98569840902053,335.9285921525382,1.9428937435176863,0.5817296227871089
Southeast Asia,2045,S2_CAPACITY,renewable_capacity_GW,333.98569840902053,398.1259571256636,64.14025871664307,19.204492594198676
"Central, Western and South Asia",2045,S1_NO_CN,renewable_capacity_GW,347.6742927574195,341.6856789596304,-5.988613797789071,-1.7224781706732248
"Central, Western and South Asia",2045,S2_CAPACITY,renewable_capacity_GW,347.6742927574195,349.8582225988624,2.1839298414429322,0.6281539610311975
India,2045,S1_NO_CN,renewable_capacity_GW,476.2700180909674,238.96709755307316,-237.30292053789427,-49.825290596513995
India,2045,S2_CAPACITY,renewable_capacity_GW,476.2700180909674,273.9338750168781,-202.3361430740893,-42.48349368812109
Canada,2045,S1_NO_CN,renewable_capacity_GW,185.8746083245581,167.1941334611396,-18.68047486341851,-10.05004127879602
Canada,2045,S2_CAPACITY,renewable_capacity_GW,185.8746083245581,184.9711215302249,-0.9034867943331903,-0.4860732740620495
United States,2045,S1_NO_CN,renewable_capacity_GW,710.0721899785328,454.8251010943816,-255.24708888415125,-35.946639297599866
United States,2045,S2_CAPACITY,renewable_capacity_GW,710.0721899785328,506.9813085249439,-203.0908814535889,-28.60144141960113
Rest of America,2045,S1_NO_CN,renewable_capacity_GW,170.06494235113223,172.01933877587226,1.9543964247400254,1.1492059431654014
Rest of America,2045,S2_CAPACITY,renewable_capacity_GW,170.06494235113223,195.0833043417836,25.018361990651357,14.711063694124606
Brazil,2045,S1_NO_CN,renewable_capacity_GW,407.4265725156794,110.51331764307238,-296.913254872607,-72.87527984227896
Brazil,2045,S2_CAPACITY,renewable_capacity_GW,407.4265725156794,115.713556091617,-291.7130164240624,-71.59891771979014
"EU, UK and EFTA",2045,S1_NO_CN,renewable_capacity_GW,1761.6178104510675,824.051369472526,-937.5664409785416,-53.22189838319555
"EU, UK and EFTA",2045,S2_CAPACITY,renewable_capacity_GW,1761.6178104510675,853.1823638283599,-908.4354466227076,-51.56824830183228
Eastern Europe,2045,S1_NO_CN,renewable_capacity_GW,42.09908305864344,42.65110036365076,0.5520173050073254,1.3112335587888528
Eastern Europe,2045,S2_CAPACITY,renewable_capacity_GW,42.09908305864344,49.58134366490392,7.482260606260482,17.77297761055222
Russia,2045,S1_NO_CN,renewable_capacity_GW,25.343617355620964,25.51867994797841,0.17506259235744537,0.6907561375354265
Russia,2045,S2_CAPACITY,renewable_capacity_GW,25.343617355620964,27.08893318723554,1.745315831614576,6.88660899162243
North Africa,2045,S1_NO_CN,renewable_capacity_GW,63.19598882073285,63.93358867904436,0.737599858311512,1.1671624609021483
North Africa,2045,S2_CAPACITY,renewable_capacity_GW,63.19598882073285,72.34614785797848,9.15015903724563,14.479018697217878
Sub Saharan,2045,S1_NO_CN,renewable_capacity_GW,59.999145654438514,60.45895404468509,0.4598083902465788,0.7663582293234935
Sub Saharan,2045,S2_CAPACITY,renewable_capacity_GW,59.999145654438514,69.08845829504114,9.089312640602621,15.149070110017854
South Africa,2045,S1_NO_CN,renewable_capacity_GW,22.27755373564032,22.373254951958813,0.09570121631849204,0.4295858398733712
South Africa,2045,S2_CAPACITY,renewable_capacity_GW,22.27755373564032,25.00542515383218,2.72787141819186,12.244932502744799
Australia_Oceania,2050,S1_NO_CN,renewable_capacity_GW,261.5060802048296,72.67570094074924,-188.83037926408034,-72.20879113639552
Australia_Oceania,2050,S2_CAPACITY,renewable_capacity_GW,261.5060802048296,88.83814337015706,-172.6679368346725,-66.02826852034457
China,2050,S1_NO_CN,renewable_capacity_GW,9053.76997716849,9078.547523723211,24.777546554721994,0.2736710410934365
China,2050,S2_CAPACITY,renewable_capacity_GW,9053.76997716849,11730.79603423626,2677.026057067771,29.568081184065978
Japan,2050,S1_NO_CN,renewable_capacity_GW,91.74968691511984,39.257275788253054,-52.492411126866784,-57.212632426123655
Japan,2050,S2_CAPACITY,renewable_capacity_GW,91.74968691511984,45.00782137851584,-46.741865536603996,-50.94498641706122
South Korea,2050,S1_NO_CN,renewable_capacity_GW,98.06888075151824,24.671449270917066,-73.39743148060117,-74.84273392144824
South Korea,2050,S2_CAPACITY,renewable_capacity_GW,98.06888075151824,28.253241859888423,-69.81563889162982,-71.19041061407135
Rest of World,2050,S1_NO_CN,renewable_capacity_GW,101.1689660339892,101.53669849038658,0.36773245639739116,0.3634834582314957
Rest of World,2050,S2_CAPACITY,renewable_capacity_GW,101.1689660339892,129.19712188873748,28.02815585474829,27.704301974710134
Southeast Asia,2050,S1_NO_CN,renewable_capacity_GW,399.68747376782994,401.8895899679838,2.202116200153853,0.5509595232981996
Southeast Asia,2050,S2_CAPACITY,renewable_capacity_GW,399.68747376782994,490.3248282463263,90.63735447849638,22.677056557230443
"Central, Western and South Asia",2050,S1_NO_CN,renewable_capacity_GW,379.0795442116316,372.6292520076448,-6.450292203986805,-1.7015669408913692
"Central, Western and South Asia",2050,S2_CAPACITY,renewable_capacity_GW,379.0795442116316,377.2601923893584,-1.8193518222732337,-0.4799393293713391
India,2050,S1_NO_CN,renewable_capacity_GW,448.91178536247287,334.6034503255452,-114.30833503692764,-25.463429289259942
India,2050,S2_CAPACITY,renewable_capacity_GW,448.91178536247287,410.0681943256813,-38.843591036791565,-8.652833875908915
Canada,2050,S1_NO_CN,renewable_capacity_GW,193.36699100686755,174.39741052502964,-18.96958048183791,-9.810144111496358
Canada,2050,S2_CAPACITY,renewable_capacity_GW,193.36699100686755,192.0999141164921,-1.2670768903754492,-0.6552705214978746
United States,2050,S1_NO_CN,renewable_capacity_GW,730.5960520649561,467.4570095537121,-263.139042511244,-36.01703592121912
United States,2050,S2_CAPACITY,renewable_capacity_GW,730.5960520649561,518.2075664343278,-212.38848563062834,-29.070576692870663
Rest of America,2050,S1_NO_CN,renewable_capacity_GW,172.45866814742865,174.48976228061937,2.03109413319072,1.1777280637783956
Rest of America,2050,S2_CAPACITY,renewable_capacity_GW,172.45866814742865,197.7498520868329,25.29118393940425,14.66506973008961
Brazil,2050,S1_NO_CN,renewable_capacity_GW,416.4784319826302,114.44974053437066,-302.0286914482595,-72.51964765869462
Brazil,2050,S2_CAPACITY,renewable_capacity_GW,416.4784319826302,119.78612191936227,-296.6923100632679,-71.23833727736515
"EU, UK and EFTA",2050,S1_NO_CN,renewable_capacity_GW,1760.3143401359148,819.1754883371109,-941.1388517988039,-53.46424955705003
"EU, UK and EFTA",2050,S2_CAPACITY,renewable_capacity_GW,1760.3143401359148,849.5604825234253,-910.7538576124895,-51.738137720457914
Eastern Europe,2050,S1_NO_CN,renewable_capacity_GW,42.03521659860644,42.563381175491386,0.5281645768849472,1.2564811594249214
Eastern Europe,2050,S2_CAPACITY,renewable_capacity_GW,42.03521659860644,49.52307841819828,7.487861819591842,17.813306140642275
Russia,2050,S1_NO_CN,renewable_capacity_GW,25.72827717931027,25.920871747073974,0.19259456776370598,0.7485715674681219
Russia,2050,S2_CAPACITY,renewable_capacity_GW,25.72827717931027,27.058030139404035,1.3297529600937672,5.16844929346107
North Africa,2050,S1_NO_CN,renewable_capacity_GW,85.89170048991593,86.94455139019024,1.0528509002743078,1.2257888646620954
North Africa,2050,S2_CAPACITY,renewable_capacity_GW,85.89170048991593,98.09606312649738,12.20436263658145,14.20901270666343
Sub Saharan,2050,S1_NO_CN,renewable_capacity_GW,74.4465674413106,75.03585396321327,0.5892865219026646,0.7915563365191072
Sub Saharan,2050,S2_CAPACITY,renewable_capacity_GW,74.4465674413106,86.5899350905355,12.1433676492249,16.31152122466631
South Africa,2050,S1_NO_CN,renewable_capacity_GW,22.91022407942199,23.01195312257885,0.10172904315685827,0.4440333835417677
South Africa,2050,S2_CAPACITY,renewable_capacity_GW,22.91022407942199,25.729539569413824,2.8193154899918333,12.305927171284843
Australia_Oceania,2025,S1_NO_CN,total_generation_TWh,390.9132381478465,291.340029373959,-99.57320877388753,-25.471945960609332
Australia_Oceania,2025,S2_CAPACITY,total_generation_TWh,390.9132381478465,285.2993336359788,-105.6139045118677,-27.017223824976647
China,2025,S1_NO_CN,total_generation_TWh,11357.55445889313,11366.255420370542,8.70096147741242,0.07660946296937578
China,2025,S2_CAPACITY,total_generation_TWh,11357.55445889313,11100.545418656187,-257.0090402369424,-2.26289067040925
Japan,2025,S1_NO_CN,total_generation_TWh,1174.0615743450871,1143.7312936942903,-30.330280650796794,-2.583363710520513
Japan,2025,S2_CAPACITY,total_generation_TWh,1174.0615743450871,1063.889069478522,-110.17250486656508,-9.383877922077579
South Korea,2025,S1_NO_CN,total_generation_TWh,636.610933027332,617.6231422116184,-18.987790815713538,-2.9826366200497416
South Korea,2025,S2_CAPACITY,total_generation_TWh,636.610933027332,569.2225508887932,-67.38838213853876,-10.585489290622274
Rest of World,2025,S1_NO_CN,total_generation_TWh,92.67940960642964,92.76250521314977,0.0830956067201214,0.0896591886730757
Rest of World,2025,S2_CAPACITY,total_generation_TWh,92.67940960642964,84.31248357897137,-8.366926027458277,-9.02781541551579
Southeast Asia,2025,S1_NO_CN,total_generation_TWh,1334.548922651496,1332.9493263749296,-1.5995962765664444,-0.11986044493508334
Southeast Asia,2025,S2_CAPACITY,total_generation_TWh,1334.548922651496,1175.9878050209788,-158.56111763051717,-11.881251780225956
"Central, Western and South Asia",2025,S1_NO_CN,total_generation_TWh,2564.6651651139678,2558.391866998169,-6.273298115798752,-0.24460495666770526
"Central, Western and South Asia",2025,S2_CAPACITY,total_generation_TWh,2564.6651651139678,2232.82927599961,-331.83588911435754,-12.938760725110544
India,2025,S1_NO_CN,total_generation_TWh,2073.197086881671,1954.53767691367,-118.659409968001,-5.72349877967842
India,2025,S2_CAPACITY,total_generation_TWh,2073.197086881671,1767.5471570113318,-305.6499298703393,-14.742926844937461
Canada,2025,S1_NO_CN,total_generation_TWh,823.3431737201373,807.8713953245679,-15.471778395569459,-1.8791409086034971
Canada,2025,S2_CAPACITY,total_generation_TWh,823.3431737201373,848.1053514306407,24.76217771050335,3.0075160031532935
United States,2025,S1_NO_CN,total_generation_TWh,5159.787285203975,5024.464116963955,-135.3231682400201,-2.6226501357540077
United States,2025,S2_CAPACITY,total_generation_TWh,5159.787285203975,4729.462469282639,-430.32481592133627,-8.339972020849011
Rest of America,2025,S1_NO_CN,total_generation_TWh,1108.339682133168,1108.4008320567684,0.061149923600396505,0.005517254735723636
Rest of America,2025,S2_CAPACITY,total_generation_TWh,1108.339682133168,1056.7969116621998,-51.54277047096821,-4.65044889232571
Brazil,2025,S1_NO_CN,total_generation_TWh,787.5280742071973,599.3537377363319,-188.17433647086534,-23.894302010794984
Brazil,2025,S2_CAPACITY,total_generation_TWh,787.5280742071973,596.6140690541578,-190.9140051530395,-24.242184044706242
"EU, UK and EFTA",2025,S1_NO_CN,total_generation_TWh,4436.140744890386,4205.962380552089,-230.1783643382969,-5.188707427811433
"EU, UK and EFTA",2025,S2_CAPACITY,total_generation_TWh,4436.140744890386,4220.934267791055,-215.2064770993302,-4.851209406446545
Eastern Europe,2025,S1_NO_CN,total_generation_TWh,262.6202004475623,263.6901235840997,1.0699231365373976,0.4074032137337548
Eastern Europe,2025,S2_CAPACITY,total_generation_TWh,262.6202004475623,260.4326302801721,-2.18757016739022,-0.8329786374628158
Russia,2025,S1_NO_CN,total_generation_TWh,1428.93002351234,1428.8278811695147,-0.10214234282534562,-0.007148169689532983
Russia,2025,S2_CAPACITY,total_generation_TWh,1428.93002351234,1309.718200135036,-119.21182337730397,-8.342733472999525
North Africa,2025,S1_NO_CN,total_generation_TWh,499.84778127293833,498.221850056676,-1.6259312162623587,-0.3252852722726262
North Africa,2025,S2_CAPACITY,total_generation_TWh,499.84778127293833,454.9099124553037,-44.93786881763464,-8.990310750843692
Sub Saharan,2025,S1_NO_CN,total_generation_TWh,220.7278248524404,220.6395163185446,-0.08830853389579829,-0.040007884803301884
Sub Saharan,2025,S2_CAPACITY,total_generation_TWh,220.7278248524404,216.571953754436,-4.155871098004383,-1.882803448447263
South Africa,2025,S1_NO_CN,total_generation_TWh,257.44950921212404,257.55659167307414,0.10708246095009599,0.04159357742720186
South Africa,2025,S2_CAPACITY,total_generation_TWh,257.44950921212404,218.45095221934096,-38.99855699278308,-15.14804091572396
Australia_Oceania,2030,S1_NO_CN,total_generation_TWh,521.7275696841425,346.269854453428,-175.45771523071448,-33.63014059942008
Australia_Oceania,2030,S2_CAPACITY,total_generation_TWh,521.7275696841425,348.2352777637478,-173.49229192039473,-33.25342611766294
China,2030,S1_NO_CN,total_generation_TWh,15323.598180644916,15349.372112896604,25.773932251688166,0.16819765141220527
China,2030,S2_CAPACITY,total_generation_TWh,15323.598180644916,15741.257547394012,417.6593667490961,2.7255959196100394
Japan,2030,S1_NO_CN,total_generation_TWh,1223.3349944247168,1171.3358035653694,-51.999190859347436,-4.250609284973531
Japan,2030,S2_CAPACITY,total_generation_TWh,1223.3349944247168,1102.9386111661152,-120.39638325860165,-9.841652843031683
South Korea,2030,S1_NO_CN,total_generation_TWh,691.8694381024637,655.4465617866655,-36.42287631579825,-5.264414687212146
South Korea,2030,S2_CAPACITY,total_generation_TWh,691.8694381024637,609.7144259360456,-82.15501216641815,-11.874351957464443
Rest of World,2030,S1_NO_CN,total_generation_TWh,103.4790286161434,103.63309979634782,0.15407118020442567,0.14889121232086014
Rest of World,2030,S2_CAPACITY,total_generation_TWh,103.4790286161434,94.00736309836324,-9.471665517780153,-9.153222294843335
Southeast Asia,2030,S1_NO_CN,total_generation_TWh,1606.0733167560395,1604.1074270859133,-1.9658896701262165,-0.12240348243235477
Southeast Asia,2030,S2_CAPACITY,total_generation_TWh,1606.0733167560395,1465.684655352623,-140.38866140341656,-8.741111625400437
"Central, Western and South Asia",2030,S1_NO_CN,total_generation_TWh,3033.7005992046625,3022.79543168508,-10.905167519582392,-0.3594674940052216
"Central, Western and South Asia",2030,S2_CAPACITY,total_generation_TWh,3033.7005992046625,2663.491610950382,-370.2089882542805,-12.20321439601974
India,2030,S1_NO_CN,total_generation_TWh,2761.259576550756,2479.9276916524336,-281.3318848983222,-10.188534511114295
India,2030,S2_CAPACITY,total_generation_TWh,2761.259576550756,2282.6897556301265,-478.56982092062935,-17.331576682784664
Canada,2030,S1_NO_CN,total_generation_TWh,983.6512850772364,948.4514470177778,-35.19983805945856,-3.578487477571349
Canada,2030,S2_CAPACITY,total_generation_TWh,983.6512850772364,995.2241578616472,11.572872784410833,1.176521899577667
United States,2030,S1_NO_CN,total_generation_TWh,5791.693012462196,5553.185855856709,-238.50715660548667,-4.118090445959103
United States,2030,S2_CAPACITY,total_generation_TWh,5791.693012462196,5305.5602372251005,-486.1327752370953,-8.393621246690145
Rest of America,2030,S1_NO_CN,total_generation_TWh,1218.655997029857,1220.2218250536175,1.5658280237605595,0.12848810719159798
Rest of America,2030,S2_CAPACITY,total_generation_TWh,1218.655997029857,1185.1837193327658,-33.47227769709116,-2.746655149498361
Brazil,2030,S1_NO_CN,total_generation_TWh,959.2596107085504,664.339733332375,-294.91987737617546,-30.74453193732768
Brazil,2030,S2_CAPACITY,total_generation_TWh,959.2596107085504,661.3495602586735,-297.91005044987696,-31.05624870725327
"EU, UK and EFTA",2030,S1_NO_CN,total_generation_TWh,5118.649162814287,4663.4730750746985,-455.1760877395882,-8.892504120937401
"EU, UK and EFTA",2030,S2_CAPACITY,total_generation_TWh,5118.649162814287,4718.163026088028,-400.48613672625834,-7.824059121607523
Eastern Europe,2030,S1_NO_CN,total_generation_TWh,285.71570439812416,288.0678999423717,2.352195544247536,0.823264352655226
Eastern Europe,2030,S2_CAPACITY,total_generation_TWh,285.71570439812416,286.0125576065041,0.2968532083799573,0.10389810703800652
Russia,2030,S1_NO_CN,total_generation_TWh,1496.9680261298013,1498.17366192235,1.205635792548719,0.0805385132817913
Russia,2030,S2_CAPACITY,total_generation_TWh,1496.9680261298013,1366.2330240394376,-130.73500209036365,-8.733319603917025
North Africa,2030,S1_NO_CN,total_generation_TWh,599.4971348806797,598.0549934780109,-1.4421414026687671,-0.2405585145883645
North Africa,2030,S2_CAPACITY,total_generation_TWh,599.4971348806797,549.4651945784843,-50.03194030219538,-8.345651278575907
Sub Saharan,2030,S1_NO_CN,total_generation_TWh,249.49075676269203,249.56201280930296,0.07125604661092666,0.028560595805440292
Sub Saharan,2030,S2_CAPACITY,total_generation_TWh,249.49075676269203,246.5003040595149,-2.990452703177141,-1.1986226431713332
South Africa,2030,S1_NO_CN,total_generation_TWh,260.0829935323695,260.131374507209,0.04838097483946058,0.018602129336626215
South Africa,2030,S2_CAPACITY,total_generation_TWh,260.0829935323695,229.42111911266525,-30.661874419704276,-11.789265419958397
Australia_Oceania,2035,S1_NO_CN,total_generation_TWh,569.1780455696596,365.666309701351,-203.51173586830862,-35.75537346396147
Australia_Oceania,2035,S2_CAPACITY,total_generation_TWh,569.1780455696596,367.50421158146577,-201.67383398819385,-35.43246890107108
China,2035,S1_NO_CN,total_generation_TWh,16984.908204650445,17014.281654336508,29.373449686063395,0.17293852479003086
China,2035,S2_CAPACITY,total_generation_TWh,16984.908204650445,17856.2640503349,871.3558456844548,5.1301769499459455
Japan,2035,S1_NO_CN,total_generation_TWh,1229.0751318442794,1182.596517808474,-46.47861403580555,-3.781592583853065
Japan,2035,S2_CAPACITY,total_generation_TWh,1229.0751318442794,1118.109030207721,-110.9661016365585,-9.028422979321789
South Korea,2035,S1_NO_CN,total_generation_TWh,711.3333251964712,670.1053535876707,-41.22797160880043,-5.795872363692959
South Korea,2035,S2_CAPACITY,total_generation_TWh,711.3333251964712,632.8048900604948,-78.52843513597634,-11.039611438742405
Rest of World,2035,S1_NO_CN,total_generation_TWh,115.94937302422346,116.11932739464427,0.16995437042081107,0.14657635999920862
Rest of World,2035,S2_CAPACITY,total_generation_TWh,115.94937302422346,104.04541522344064,-11.90395780078282,-10.266513298261573
Southeast Asia,2035,S1_NO_CN,total_generation_TWh,1741.5474726194473,1739.309073500756,-2.238399118691177,-0.12852931969315884
Southeast Asia,2035,S2_CAPACITY,total_generation_TWh,1741.5474726194473,1593.0877349966,-148.45973762284734,-8.524587469301096
"Central, Western and South Asia",2035,S1_NO_CN,total_generation_TWh,3393.366813841252,3382.3897796796728,-10.977034161579468,-0.32348504490599383
"Central, Western and South Asia",2035,S2_CAPACITY,total_generation_TWh,3393.366813841252,2951.7206036399084,-441.6462102013438,-13.014985836482715
India,2035,S1_NO_CN,total_generation_TWh,3071.1682758196616,2746.789231023606,-324.3790447960555,-10.562073310993753
India,2035,S2_CAPACITY,total_generation_TWh,3071.1682758196616,2554.7631581913693,-516.4051176282924,-16.81461487128931
Canada,2035,S1_NO_CN,total_generation_TWh,1052.2441527586998,1015.560342834094,-36.68380992460584,-3.4862450723466414
Canada,2035,S2_CAPACITY,total_generation_TWh,1052.2441527586998,1063.0836822934243,10.839529534724534,1.0301344518100877
United States,2035,S1_NO_CN,total_generation_TWh,6066.410889647831,5820.136237037907,-246.27465260992358,-4.05964345458671
United States,2035,S2_CAPACITY,total_generation_TWh,6066.410889647831,5594.97316134453,-471.4377283033009,-7.771279210707552
Rest of America,2035,S1_NO_CN,total_generation_TWh,1300.2853631961696,1301.5398301373302,1.254466941160672,0.09647627948969036
Rest of America,2035,S2_CAPACITY,total_generation_TWh,1300.2853631961696,1261.4471281103397,-38.838235085829865,-2.9869008899987497
Brazil,2035,S1_NO_CN,total_generation_TWh,951.327685098414,679.6272944947129,-271.70039060370107,-28.560126532593646
Brazil,2035,S2_CAPACITY,total_generation_TWh,951.327685098414,672.8398771006101,-278.4878079978039,-29.273594404959905
"EU, UK and EFTA",2035,S1_NO_CN,total_generation_TWh,5394.83914477737,4937.00600386242,-457.8331409149505,-8.486502166763751
"EU, UK and EFTA",2035,S2_CAPACITY,total_generation_TWh,5394.83914477737,4995.465441247474,-399.3737035298964,-7.40288436433775
Eastern Europe,2035,S1_NO_CN,total_generation_TWh,310.75944211849475,313.31321692201874,2.553774803523993,0.8217851036526899
Eastern Europe,2035,S2_CAPACITY,total_generation_TWh,310.75944211849475,312.560706174194,1.8012640556992778,0.5796329287437848
Russia,2035,S1_NO_CN,total_generation_TWh,1571.0296708393978,1573.2307732949787,2.2011024555808945,0.1401057215173314
Russia,2035,S2_CAPACITY,total_generation_TWh,1571.0296708393978,1428.0947078202116,-142.93496301918617,-9.098170815756543
North Africa,2035,S1_NO_CN,total_generation_TWh,672.91258606857,670.0168717052978,-2.895714363272191,-0.43032548702798623
North Africa,2035,S2_CAPACITY,total_generation_TWh,672.91258606857,618.9053570827707,-54.007228985799316,-8.025890747761398
Sub Saharan,2035,S1_NO_CN,total_generation_TWh,290.0540949534763,290.15947353270826,0.10537857923196725,0.0363306641986453
Sub Saharan,2035,S2_CAPACITY,total_generation_TWh,290.0540949534763,284.68542139153044,-5.3686735619458545,-1.850921485113655
South Africa,2035,S1_NO_CN,total_generation_TWh,289.54631370562055,289.73456789886654,0.1882541932459958,0.06501695388095749
South Africa,2035,S2_CAPACITY,total_generation_TWh,289.54631370562055,258.4487948974042,-31.097518808216364,-10.74008451712943
Australia_Oceania,2040,S1_NO_CN,total_generation_TWh,591.1499714246991,388.38808989007697,-202.7618815346221,-34.29956717175448
Australia_Oceania,2040,S2_CAPACITY,total_generation_TWh,591.1499714246991,386.3509412143936,-204.7990302103055,-34.644174931909454
China,2040,S1_NO_CN,total_generation_TWh,18150.67359269975,18183.1277645794,32.45417187964995,0.1788042284706343
China,2040,S2_CAPACITY,total_generation_TWh,18150.67359269975,19333.66472330222,1182.9911306024696,6.5176155835796195
Japan,2040,S1_NO_CN,total_generation_TWh,1237.305418514208,1196.2226680161918,-41.08275049801614,-3.3203403042839246
Japan,2040,S2_CAPACITY,total_generation_TWh,1237.305418514208,1136.7585892824636,-100.54682923174437,-8.12627405709448
South Korea,2040,S1_NO_CN,total_generation_TWh,735.7867999832879,691.7063049680444,-44.080495015243514,-5.990933109461154
South Korea,2040,S2_CAPACITY,total_generation_TWh,735.7867999832879,655.6250914663595,-80.16170851692834,-10.894692391702199
Rest of World,2040,S1_NO_CN,total_generation_TWh,126.00062701544093,126.18463221034536,0.18400519490442946,0.14603514225518915
Rest of World,2040,S2_CAPACITY,total_generation_TWh,126.00062701544093,113.01220633047129,-12.98842068496964,-10.308219087971645
Southeast Asia,2040,S1_NO_CN,total_generation_TWh,1874.5552362615208,1866.6814530920265,-7.873783169494345,-0.42003473769048577
Southeast Asia,2040,S2_CAPACITY,total_generation_TWh,1874.5552362615208,1722.0124854757178,-152.54275078580304,-8.137543660224354
"Central, Western and South Asia",2040,S1_NO_CN,total_generation_TWh,3755.784252068365,3743.661693832336,-12.122558236028908,-0.32277035693285205
"Central, Western and South Asia",2040,S2_CAPACITY,total_generation_TWh,3755.784252068365,3253.065880373769,-502.71837169459604,-13.385177048381886
India,2040,S1_NO_CN,total_generation_TWh,3243.581198505193,2888.049364094114,-355.53183441107876,-10.961089384009437
India,2040,S2_CAPACITY,total_generation_TWh,3243.581198505193,2718.283420190962,-525.297778314231,-16.19499393313523
Canada,2040,S1_NO_CN,total_generation_TWh,1115.9376073703197,1078.5678629140791,-37.369744456240596,-3.3487306287939793
Canada,2040,S2_CAPACITY,total_generation_TWh,1115.9376073703197,1123.5101494904502,7.5725421201304925,0.6785811384182138
United States,2040,S1_NO_CN,total_generation_TWh,6380.080039721967,6126.925852917386,-253.1541868045815,-3.9678841837165026
United States,2040,S2_CAPACITY,total_generation_TWh,6380.080039721967,5912.596020786306,-467.48401893566097,-7.327243796710004
Rest of America,2040,S1_NO_CN,total_generation_TWh,1390.9657768577915,1391.8804966312916,0.91471977350011,0.06576148663890732
Rest of America,2040,S2_CAPACITY,total_generation_TWh,1390.9657768577915,1350.2166866582693,-40.74909019952224,-2.9295537587973537
Brazil,2040,S1_NO_CN,total_generation_TWh,971.1277362477364,712.918492930153,-258.2092433175834,-26.58859732657391
Brazil,2040,S2_CAPACITY,total_generation_TWh,971.1277362477364,703.3539705758863,-267.77376567185013,-27.573485513500003
"EU, UK and EFTA",2040,S1_NO_CN,total_generation_TWh,5547.166239556191,5099.056950679248,-448.1092888769426,-8.07816585126885
"EU, UK and EFTA",2040,S2_CAPACITY,total_generation_TWh,5547.166239556191,5152.893544009998,-394.27269554619306,-7.107641605089835
Eastern Europe,2040,S1_NO_CN,total_generation_TWh,329.444642162286,331.9909009139211,2.5462587516350936,0.7728942668251968
Eastern Europe,2040,S2_CAPACITY,total_generation_TWh,329.444642162286,332.34020846561765,2.895566303331634,0.8789234768933545
Russia,2040,S1_NO_CN,total_generation_TWh,1623.1702036447264,1626.1280941486716,2.9578905039452366,0.1822292263191796
Russia,2040,S2_CAPACITY,total_generation_TWh,1623.1702036447264,1474.111231206398,-149.05897243832828,-9.183200387958438
North Africa,2040,S1_NO_CN,total_generation_TWh,749.5158160587712,746.9584623960558,-2.5573536627154,-0.34120076026719526
North Africa,2040,S2_CAPACITY,total_generation_TWh,749.5158160587712,693.5576250723118,-55.958190986459385,-7.465911964434327
Sub Saharan,2040,S1_NO_CN,total_generation_TWh,343.35654381508414,343.272316049472,-0.08422776561212686,-0.024530700558742815
Sub Saharan,2040,S2_CAPACITY,total_generation_TWh,343.35654381508414,336.503715080897,-6.852828734187142,-1.9958346091338095
South Africa,2040,S1_NO_CN,total_generation_TWh,320.90045490632366,320.9745328946243,0.07407798830064394,0.02308441361426819
South Africa,2040,S2_CAPACITY,total_generation_TWh,320.90045490632366,289.46885659085746,-31.431598315466204,-9.794812638904368
Australia_Oceania,2045,S1_NO_CN,total_generation_TWh,620.0793096772168,415.40933143107054,-204.66997824614623,-33.00706458867133
Australia_Oceania,2045,S2_CAPACITY,total_generation_TWh,620.0793096772168,411.06371422442106,-209.0155954527957,-33.70788094213289
China,2045,S1_NO_CN,total_generation_TWh,18599.213429126376,18633.2318960532,34.01846692682375,0.18290271820608722
China,2045,S2_CAPACITY,total_generation_TWh,18599.213429126376,20201.854878863352,1602.641449736977,8.616716270523783
Japan,2045,S1_NO_CN,total_generation_TWh,1253.1352889762643,1218.3260916563077,-34.80919731995664,-2.777768500031122
Japan,2045,S2_CAPACITY,total_generation_TWh,1253.1352889762643,1161.067581560588,-92.0677074156763,-7.346988647242553
South Korea,2045,S1_NO_CN,total_generation_TWh,753.3695784487433,707.6986050801709,-45.67097336857239,-6.062226916915479
South Korea,2045,S2_CAPACITY,total_generation_TWh,753.3695784487433,671.2319847141312,-82.1375937346121,-10.902695846007068
Rest of World,2045,S1_NO_CN,total_generation_TWh,134.43804115332324,134.63764260011794,0.19960144679470204,0.14847095738851293
Rest of World,2045,S2_CAPACITY,total_generation_TWh,134.43804115332324,121.01315135592418,-13.42488979739906,-9.985930828974446
Southeast Asia,2045,S1_NO_CN,total_generation_TWh,1979.416757191765,1971.8248049471697,-7.591952244595404,-0.3835449112478085
Southeast Asia,2045,S2_CAPACITY,total_generation_TWh,1979.416757191765,1827.0856475305764,-152.33110966118875,-7.695757303646539
"Central, Western and South Asia",2045,S1_NO_CN,total_generation_TWh,4105.49688205717,4091.5326261866176,-13.964255870552734,-0.3401355858186784
"Central, Western and South Asia",2045,S2_CAPACITY,total_generation_TWh,4105.49688205717,3551.4798545651824,-554.0170274919878,-13.494518286283112
India,2045,S1_NO_CN,total_generation_TWh,3228.9715567291582,2892.7883659888107,-336.1831907403475,-10.411463366400476
India,2045,S2_CAPACITY,total_generation_TWh,3228.9715567291582,2747.008271866875,-481.9632848622832,-14.926216487038248
Canada,2045,S1_NO_CN,total_generation_TWh,1179.2133626355314,1141.3043737917064,-37.908988843825,-3.2147692728904245
Canada,2045,S2_CAPACITY,total_generation_TWh,1179.2133626355314,1184.4991942907366,5.285831655205129,0.4482506578276337
United States,2045,S1_NO_CN,total_generation_TWh,6680.471752051873,6418.242764561815,-262.228987490058,-3.9253064337786574
United States,2045,S2_CAPACITY,total_generation_TWh,6680.471752051873,6218.640415075225,-461.83133697664834,-6.9131545513204085
Rest of America,2045,S1_NO_CN,total_generation_TWh,1489.714173993349,1490.365972048167,0.6517980548178457,0.04375322905538494
Rest of America,2045,S2_CAPACITY,total_generation_TWh,1489.714173993349,1447.7230288101057,-41.99114518324336,-2.818738380576812
Brazil,2045,S1_NO_CN,total_generation_TWh,1018.4441955529436,766.5148729393322,-251.92932261361136,-24.736684023893076
Brazil,2045,S2_CAPACITY,total_generation_TWh,1018.4441955529436,753.860145138372,-264.5840504145716,-25.97923887925161
"EU, UK and EFTA",2045,S1_NO_CN,total_generation_TWh,5697.82429254609,5254.543936092559,-443.28035645353066,-7.779817939163749
"EU, UK and EFTA",2045,S2_CAPACITY,total_generation_TWh,5697.82429254609,5308.137943829255,-389.6863487168348,-6.839213157671843
Eastern Europe,2045,S1_NO_CN,total_generation_TWh,344.0673355582716,346.52536822605487,2.458032667783243,0.7144045405516118
Eastern Europe,2045,S2_CAPACITY,total_generation_TWh,344.0673355582716,347.6980176886761,3.630682130404466,1.0552242991952283
Russia,2045,S1_NO_CN,total_generation_TWh,1652.4782813186996,1656.0149795369068,3.5366982182072206,0.214023885105763
Russia,2045,S2_CAPACITY,total_generation_TWh,1652.4782813186996,1502.07954511589,-150.3987362028097,-9.101404714547261
North Africa,2045,S1_NO_CN,total_generation_TWh,814.9025785283394,811.6992371603461,-3.203341367993289,-0.3930950094400626
North Africa,2045,S2_CAPACITY,total_generation_TWh,814.9025785283394,756.013996121391,-58.888582406948444,-7.226456751836197
Sub Saharan,2045,S1_NO_CN,total_generation_TWh,410.0053812747346,411.18459125651,1.1792099817753865,0.2876084157991153
Sub Saharan,2045,S2_CAPACITY,total_generation_TWh,410.0053812747346,402.94481601292335,-7.0605652618112344,-1.7220664860201242
South Africa,2045,S1_NO_CN,total_generation_TWh,351.9537545905258,351.2593242832672,-0.6944303072586422,-0.1973072593206356
South Africa,2045,S2_CAPACITY,total_generation_TWh,351.9537545905258,320.5551366071634,-31.398617983362442,-8.921233989929329
Australia_Oceania,2050,S1_NO_CN,total_generation_TWh,653.1874283458591,444.5927444009566,-208.5946839449025,-31.93488957268369
Australia_Oceania,2050,S2_CAPACITY,total_generation_TWh,653.1874283458591,439.4076323173815,-213.77979602847756,-32.72870645564268
China,2050,S1_NO_CN,total_generation_TWh,18463.34969135849,18496.23272169208,32.88303033358898,0.17809894132579537
China,2050,S2_CAPACITY,total_generation_TWh,18463.34969135849,20625.18239380074,2161.8327024422506,11.70877841009568
Japan,2050,S1_NO_CN,total_generation_TWh,1276.845886467621,1248.8982478069772,-27.94763866064386,-2.1888028114309606
Japan,2050,S2_CAPACITY,total_generation_TWh,1276.845886467621,1191.7367836034816,-85.10910286413946,-6.665573642531972
South Korea,2050,S1_NO_CN,total_generation_TWh,764.2039403505246,718.9250259857236,-45.27891436480104,-5.924977872272228
South Korea,2050,S2_CAPACITY,total_generation_TWh,764.2039403505246,679.6705245568902,-84.53341579363439,-11.061630453627426
Rest of World,2050,S1_NO_CN,total_generation_TWh,141.20019893221172,141.41169981297568,0.211500880763964,0.14978794814977753
Rest of World,2050,S2_CAPACITY,total_generation_TWh,141.20019893221172,127.93280972281472,-13.267389209396995,-9.396154757378556
Southeast Asia,2050,S1_NO_CN,total_generation_TWh,2055.7605618609578,2052.106868720605,-3.6536931403529707,-0.17772950839398824
Southeast Asia,2050,S2_CAPACITY,total_generation_TWh,2055.7605618609578,1922.118340466764,-133.6422213941937,-6.500865123767885
"Central, Western and South Asia",2050,S1_NO_CN,total_generation_TWh,4426.856315821487,4410.448540213499,-16.407775607988697,-0.37064170231474797
"Central, Western and South Asia",2050,S2_CAPACITY,total_generation_TWh,4426.856315821487,3831.484573994037,-595.3717418274505,-13.449086650940192
India,2050,S1_NO_CN,total_generation_TWh,2785.49431335336,2623.742036946414,-161.7522764069463,-5.806950516162366
India,2050,S2_CAPACITY,total_generation_TWh,2785.49431335336,2513.0508187075648,-272.44349464579545,-9.780795219711296
Canada,2050,S1_NO_CN,total_generation_TWh,1240.729927714172,1202.4137961161446,-38.31613159802737,-3.0881927438163874
Canada,2050,S2_CAPACITY,total_generation_TWh,1240.729927714172,1244.99957530424,4.269647590067962,0.3441238495741004
United States,2050,S1_NO_CN,total_generation_TWh,6942.467581819126,6670.6616033050095,-271.80597851411676,-3.915120601008205
United States,2050,S2_CAPACITY,total_generation_TWh,6942.467581819126,6487.087505877709,-455.3800759414171,-6.5593403292794985
Rest of America,2050,S1_NO_CN,total_generation_TWh,1594.4606944953912,1594.9314568586726,0.4707623632814375,0.029524864733678654
Rest of America,2050,S2_CAPACITY,total_generation_TWh,1594.4606944953912,1550.5017919184183,-43.95890257697283,-2.7569762446157244
Brazil,2050,S1_NO_CN,total_generation_TWh,1090.2279995366607,838.497430763766,-251.73056877289469,-23.089717827819356
Brazil,2050,S2_CAPACITY,total_generation_TWh,1090.2279995366607,821.9333005897823,-268.2946989468784,-24.609044994340795
"EU, UK and EFTA",2050,S1_NO_CN,total_generation_TWh,5844.305191465012,5401.979223140283,-442.32596832472973,-7.568495378555862
"EU, UK and EFTA",2050,S2_CAPACITY,total_generation_TWh,5844.305191465012,5460.557764977759,-383.7474264872535,-6.566177054676678
Eastern Europe,2050,S1_NO_CN,total_generation_TWh,357.14433375528404,359.4667669791257,2.3224332238416423,0.6502786140891088
Eastern Europe,2050,S2_CAPACITY,total_generation_TWh,357.14433375528404,361.1265160890846,3.9821823338005515,1.1150064434535172
Russia,2050,S1_NO_CN,total_generation_TWh,1665.0051526745772,1668.8869502914133,3.8817976168361383,0.23314027650909197
Russia,2050,S2_CAPACITY,total_generation_TWh,1665.0051526745772,1517.0131919624405,-147.9919607121367,-8.88837854191683
North Africa,2050,S1_NO_CN,total_generation_TWh,863.3296145599946,860.0702421636205,-3.2593723963741468,-0.377535108422676
North Africa,2050,S2_CAPACITY,total_generation_TWh,863.3296145599946,801.7944267950013,-61.53518776499334,-7.127658628547732
Sub Saharan,2050,S1_NO_CN,total_generation_TWh,487.1440456372736,486.5329069074884,-0.6111387297852389,-0.12545339212465534
Sub Saharan,2050,S2_CAPACITY,total_generation_TWh,487.1440456372736,481.0599585808441,-6.084087056429496,-1.248929779788316
South Africa,2050,S1_NO_CN,total_generation_TWh,380.5208062625624,380.6736149943052,0.1528087317427662,0.04015778617827456
South Africa,2050,S2_CAPACITY,total_generation_TWh,380.5208062625624,347.0905620105329,-33.430244252029524,-8.785391942264095
Australia_Oceania,2025,S1_NO_CN,renewable_generation_TWh,185.0292788849619,72.89193611595927,-112.13734276900264,-60.60518824089548
Australia_Oceania,2025,S2_CAPACITY,renewable_generation_TWh,185.0292788849619,98.36396779476549,-86.66531109019643,-46.838701211216836
China,2025,S1_NO_CN,renewable_generation_TWh,4158.949336481802,4170.600368685779,11.651032203977593,0.28014364353458565
China,2025,S2_CAPACITY,renewable_generation_TWh,4158.949336481802,5625.524919606583,1466.5755831247816,35.263126921507734
Japan,2025,S1_NO_CN,renewable_generation_TWh,129.49239191244106,80.64997162307475,-48.842420289366316,-37.718370606971355
Japan,2025,S2_CAPACITY,renewable_generation_TWh,129.49239191244106,89.35653165066996,-40.1358602617711,-30.99476322045992
South Korea,2025,S1_NO_CN,renewable_generation_TWh,62.6996827520902,18.207465038636688,-44.49221771345351,-70.96083386796768
South Korea,2025,S2_CAPACITY,renewable_generation_TWh,62.6996827520902,20.245736756072347,-42.45394599601785,-67.7099853341803
Rest of World,2025,S1_NO_CN,renewable_generation_TWh,11.872874353280336,11.89890994324374,0.026035589963404604,0.21928632602947806
Rest of World,2025,S2_CAPACITY,renewable_generation_TWh,11.872874353280336,15.842081683338275,3.969207330057939,33.43088802216873
Southeast Asia,2025,S1_NO_CN,renewable_generation_TWh,191.92709243512684,192.6417406481581,0.7146482130312677,0.37235400378548716
Southeast Asia,2025,S2_CAPACITY,renewable_generation_TWh,191.92709243512684,245.49833199737265,53.57123956224581,27.912286317969098
"Central, Western and South Asia",2025,S1_NO_CN,renewable_generation_TWh,172.0849630200509,162.8867973626856,-9.198165657365308,-5.345130391371593
"Central, Western and South Asia",2025,S2_CAPACITY,renewable_generation_TWh,172.0849630200509,204.4944907827095,32.4095277626586,18.833445522420412
India,2025,S1_NO_CN,renewable_generation_TWh,247.31700218216855,123.83231280235952,-123.48468937980903,-49.92972108276356
India,2025,S2_CAPACITY,renewable_generation_TWh,247.31700218216855,149.2830821875765,-98.03391999459205,-39.638973111271305
Canada,2025,S1_NO_CN,renewable_generation_TWh,344.79721008494886,326.0657979649709,-18.73141211997796,-5.432588075571447
Canada,2025,S2_CAPACITY,renewable_generation_TWh,344.79721008494886,380.6386268060117,35.84141672106284,10.394926546021782
United States,2025,S1_NO_CN,renewable_generation_TWh,764.4101869129737,551.0422177603203,-213.36796915265336,-27.912758464709576
United States,2025,S2_CAPACITY,renewable_generation_TWh,764.4101869129737,654.6442494854508,-109.76593742752289,-14.359559737267011
Rest of America,2025,S1_NO_CN,renewable_generation_TWh,236.66790498302916,238.0730494593313,1.4051444763021266,0.5937199116216818
Rest of America,2025,S2_CAPACITY,renewable_generation_TWh,236.66790498302916,288.14126517935773,51.47336019632857,21.74919332641221
Brazil,2025,S1_NO_CN,renewable_generation_TWh,527.2009346530979,310.3775711942609,-216.82336345883698,-41.12727220438415
Brazil,2025,S2_CAPACITY,renewable_generation_TWh,527.2009346530979,329.6067638065532,-197.59417084654467,-37.47985973821596
"EU, UK and EFTA",2025,S1_NO_CN,renewable_generation_TWh,1513.4040450362302,991.0285737156626,-522.3754713205676,-34.51659013558816
"EU, UK and EFTA",2025,S2_CAPACITY,renewable_generation_TWh,1513.4040450362302,1060.704551909881,-452.6994931263491,-29.91266572936322
Eastern Europe,2025,S1_NO_CN,renewable_generation_TWh,8.307386672238607,8.371509784601992,0.06412311236338475,0.7718806755157982
Eastern Europe,2025,S2_CAPACITY,renewable_generation_TWh,8.307386672238607,9.78110663705982,1.4737199648212123,17.7398744390465
Russia,2025,S1_NO_CN,renewable_generation_TWh,61.15152234160831,61.228240454180266,0.07671811257195316,0.12545576893962807
Russia,2025,S2_CAPACITY,renewable_generation_TWh,61.15152234160831,75.84440068414753,14.692878342539217,24.027003384250968
North Africa,2025,S1_NO_CN,renewable_generation_TWh,22.292883159714517,22.41597646419005,0.1230933044755318,0.5521641305597196
North Africa,2025,S2_CAPACITY,renewable_generation_TWh,22.292883159714517,28.773185063988176,6.480301904273659,29.068926876108232
Sub Saharan,2025,S1_NO_CN,renewable_generation_TWh,68.538124424368,68.81058138154742,0.2724569571794291,0.3975261352243248
Sub Saharan,2025,S2_CAPACITY,renewable_generation_TWh,68.538124424368,82.71292912154969,14.174804697181699,20.68163495314733
South Africa,2025,S1_NO_CN,renewable_generation_TWh,14.843220517730408,14.87555144895441,0.03233093122400099,0.2178161483579746
South Africa,2025,S2_CAPACITY,renewable_generation_TWh,14.843220517730408,18.55168428656288,3.7084637688324733,24.984226060662966
Australia_Oceania,2030,S1_NO_CN,renewable_generation_TWh,319.494540614295,121.73754505104604,-197.75699556324895,-61.89683090766429
Australia_Oceania,2030,S2_CAPACITY,renewable_generation_TWh,319.494540614295,155.9137957507398,-163.58074486355517,-51.199856044186866
China,2030,S1_NO_CN,renewable_generation_TWh,8318.069401208586,8350.192638808798,32.12323760021172,0.38618621762814737
China,2030,S2_CAPACITY,renewable_generation_TWh,8318.069401208586,10486.268500695953,2168.1990994873668,26.06613379749314
Japan,2030,S1_NO_CN,renewable_generation_TWh,192.77340218193524,107.77892147808616,-84.99448070384908,-44.09035673066204
Japan,2030,S2_CAPACITY,renewable_generation_TWh,192.77340218193524,117.797437223183,-74.97596495875224,-38.89331417619097
South Korea,2030,S1_NO_CN,renewable_generation_TWh,113.17604214832254,32.26286441944777,-80.91317772887476,-71.49320314880266
South Korea,2030,S2_CAPACITY,renewable_generation_TWh,113.17604214832254,35.47559823117569,-77.70044391714686,-68.65449828623338
Rest of World,2030,S1_NO_CN,renewable_generation_TWh,16.32221577749963,16.377914353148917,0.05569857564928782,0.34124396104399607
Rest of World,2030,S2_CAPACITY,renewable_generation_TWh,16.32221577749963,20.611890025325955,4.289674247826326,26.281200458945616
Southeast Asia,2030,S1_NO_CN,renewable_generation_TWh,403.4914486461223,405.7586070759876,2.267158429865276,0.5618851248204921
Southeast Asia,2030,S2_CAPACITY,renewable_generation_TWh,403.4914486461223,486.1705144786332,82.6790658325109,20.490909066334055
"Central, Western and South Asia",2030,S1_NO_CN,renewable_generation_TWh,386.1190545700682,367.53089480990354,-18.58815976016467,-4.814100609684239
"Central, Western and South Asia",2030,S2_CAPACITY,renewable_generation_TWh,386.1190545700682,426.7608939323896,40.64183936232138,10.525727461851067
India,2030,S1_NO_CN,renewable_generation_TWh,513.1555622299722,221.7127125865552,-291.44284964341705,-56.79424936503096
India,2030,S2_CAPACITY,renewable_generation_TWh,513.1555622299722,255.79745347106177,-257.3581087589105,-50.15206453975347
Canada,2030,S1_NO_CN,renewable_generation_TWh,477.1602116337991,434.5331953560423,-42.62701627775681,-8.93348088093969
Canada,2030,S2_CAPACITY,renewable_generation_TWh,477.1602116337991,495.8383722893198,18.678160655520685,3.914442193653692
United States,2030,S1_NO_CN,renewable_generation_TWh,1334.1454300186283,963.6594162202776,-370.48601379835065,-27.76953737293675
United States,2030,S2_CAPACITY,renewable_generation_TWh,1334.1454300186283,1109.972592776552,-224.1728372420764,-16.80272871293697
Rest of America,2030,S1_NO_CN,renewable_generation_TWh,363.9178578403751,367.52586102580256,3.6080031854274353,0.991433398415422
Rest of America,2030,S2_CAPACITY,renewable_generation_TWh,363.9178578403751,428.1349237931321,64.21706595275697,17.646033182830074
Brazil,2030,S1_NO_CN,renewable_generation_TWh,701.6371304813958,356.8748978074094,-344.76223267398643,-49.136828382706
Brazil,2030,S2_CAPACITY,renewable_generation_TWh,701.6371304813958,375.4139117476487,-326.22321873374716,-46.494577404979154
"EU, UK and EFTA",2030,S1_NO_CN,renewable_generation_TWh,2631.856432736884,1732.4038109062733,-899.4526218306107,-34.17559600298046
"EU, UK and EFTA",2030,S2_CAPACITY,renewable_generation_TWh,2631.856432736884,1796.057834706628,-835.798598030256,-31.756998126265717
Eastern Europe,2030,S1_NO_CN,renewable_generation_TWh,16.277792128226,16.49224743610913,0.21445530788312794,1.3174717197135009
Eastern Europe,2030,S2_CAPACITY,renewable_generation_TWh,16.277792128226,19.19122494315231,2.91343281492631,17.8982062922057
Russia,2030,S1_NO_CN,renewable_generation_TWh,62.60092023836523,62.7862256229488,0.1853053845835717,0.29601063990431015
Russia,2030,S2_CAPACITY,renewable_generation_TWh,62.60092023836523,74.13034488231617,11.52942464395094,18.417340512009098
North Africa,2030,S1_NO_CN,renewable_generation_TWh,60.99559907752145,61.4875862979927,0.4919872204712519,0.8065946197953856
North Africa,2030,S2_CAPACITY,renewable_generation_TWh,60.99559907752145,74.35939422488092,13.363795147359468,21.909441581801588
Sub Saharan,2030,S1_NO_CN,renewable_generation_TWh,86.56714445617952,87.09831203391182,0.5311675777323046,0.6135902726942585
Sub Saharan,2030,S2_CAPACITY,renewable_generation_TWh,86.56714445617952,101.84689858412762,15.279754127948095,17.650754479585196
South Africa,2030,S1_NO_CN,renewable_generation_TWh,32.76840307820101,32.87773461631284,0.1093315381118316,0.3336492713755825
South Africa,2030,S2_CAPACITY,renewable_generation_TWh,32.76840307820101,38.89923259140601,6.130829513205001,18.709576718077848
Australia_Oceania,2035,S1_NO_CN,renewable_generation_TWh,363.65990806517055,136.46353487788951,-227.19637318728104,-62.47495754922914
Australia_Oceania,2035,S2_CAPACITY,renewable_generation_TWh,363.65990806517055,167.82250802415896,-195.8374000410116,-53.85179825924504
China,2035,S1_NO_CN,renewable_generation_TWh,10248.16479413044,10281.436379857332,33.271585726892226,0.3246589647538482
China,2035,S2_CAPACITY,renewable_generation_TWh,10248.16479413044,12649.41882176892,2401.2540276384807,23.43106376483896
Japan,2035,S1_NO_CN,renewable_generation_TWh,178.2522035671255,99.64617773242954,-78.60602583469596,-44.09820706934196
Japan,2035,S2_CAPACITY,renewable_generation_TWh,178.2522035671255,109.36159121686194,-68.89061235026355,-38.64783210061188
South Korea,2035,S1_NO_CN,renewable_generation_TWh,121.72769960142747,34.79966651210102,-86.92803308932645,-71.41187533647195
South Korea,2035,S2_CAPACITY,renewable_generation_TWh,121.72769960142747,38.24141819988056,-83.4862814015469,-68.58445668069446
Rest of World,2035,S1_NO_CN,renewable_generation_TWh,17.4093953144556,17.46963793268476,0.06024261822915733,0.34603509852600034
Rest of World,2035,S2_CAPACITY,renewable_generation_TWh,17.4093953144556,21.55298446349065,4.143589149035048,23.800879204543584
Southeast Asia,2035,S1_NO_CN,renewable_generation_TWh,459.0711438007712,461.6716664926996,2.600522691928404,0.5664748758543153
Southeast Asia,2035,S2_CAPACITY,renewable_generation_TWh,459.0711438007712,545.9462343334297,86.87509053265853,18.924101788101236
"Central, Western and South Asia",2035,S1_NO_CN,renewable_generation_TWh,405.6014623455345,386.6892186452372,-18.912243700297324,-4.662765166311423
"Central, Western and South Asia",2035,S2_CAPACITY,renewable_generation_TWh,405.6014623455345,426.6056289317645,21.004166586229985,5.178523387160868
India,2035,S1_NO_CN,renewable_generation_TWh,603.0577736652331,268.4563602066711,-334.601413458562,-55.48413901124911
India,2035,S2_CAPACITY,renewable_generation_TWh,603.0577736652331,306.8880811623559,-296.1696925028772,-49.111329865268544
Canada,2035,S1_NO_CN,renewable_generation_TWh,507.7566207687085,463.0832498222617,-44.67337094644682,-8.79818580776247
Canada,2035,S2_CAPACITY,renewable_generation_TWh,507.7566207687085,522.4520430898368,14.69542232112832,2.894186253815945
United States,2035,S1_NO_CN,renewable_generation_TWh,1378.9614620198613,995.0774969317912,-383.8839650880701,-27.838628972688504
United States,2035,S2_CAPACITY,renewable_generation_TWh,1378.9614620198613,1131.5078359897934,-247.45362603006788,-17.9449268776232
Rest of America,2035,S1_NO_CN,renewable_generation_TWh,349.24662194098124,352.86083998011304,3.6142180391317993,1.034861273401969
Rest of America,2035,S2_CAPACITY,renewable_generation_TWh,349.24662194098124,406.33361307528247,57.08699113430123,16.34575327229601
Brazil,2035,S1_NO_CN,renewable_generation_TWh,657.5271849551398,332.7776770468681,-324.74950790827165,-49.38951808211974
Brazil,2035,S2_CAPACITY,renewable_generation_TWh,657.5271849551398,348.69001912997487,-308.8371658251649,-46.969490066975034
"EU, UK and EFTA",2035,S1_NO_CN,renewable_generation_TWh,2680.0953044161224,1740.4745058933229,-939.6207985227995,-35.059230803268115
"EU, UK and EFTA",2035,S2_CAPACITY,renewable_generation_TWh,2680.0953044161224,1797.7785280047265,-882.316776411396,-32.92109705791283
Eastern Europe,2035,S1_NO_CN,renewable_generation_TWh,15.68618095768958,15.896405279432017,0.21022432174243733,1.3401880439188896
Eastern Europe,2035,S2_CAPACITY,renewable_generation_TWh,15.68618095768958,18.514607916261017,2.8284269585714377,18.031329398791005
Russia,2035,S1_NO_CN,renewable_generation_TWh,61.29303203173153,61.57125365552475,0.2782216237932218,0.45392047769669136
Russia,2035,S2_CAPACITY,renewable_generation_TWh,61.29303203173153,69.67064754290881,8.377615511177282,13.668136872132829
North Africa,2035,S1_NO_CN,renewable_generation_TWh,68.73566465042796,69.37501590215653,0.63935125172857,0.9301594084819681
North Africa,2035,S2_CAPACITY,renewable_generation_TWh,68.73566465042796,81.71070006616885,12.97503541574089,18.876714849166888
Sub Saharan,2035,S1_NO_CN,renewable_generation_TWh,90.7988555630449,91.40303778000909,0.6041822169641904,0.6654073041093398
Sub Saharan,2035,S2_CAPACITY,renewable_generation_TWh,90.7988555630449,105.61247337773835,14.813617814693458,16.314762694787305
South Africa,2035,S1_NO_CN,renewable_generation_TWh,33.84018794253063,33.96429843949781,0.12411049696717669,0.36675475082451764
South Africa,2035,S2_CAPACITY,renewable_generation_TWh,33.84018794253063,39.1457791274254,5.305591184894766,15.678373872819583
Australia_Oceania,2040,S1_NO_CN,renewable_generation_TWh,362.3468282051514,134.69643358360693,-227.65039462154445,-62.826655817352616
Australia_Oceania,2040,S2_CAPACITY,renewable_generation_TWh,362.3468282051514,163.91672558452527,-198.43010262062612,-54.76247814932718
China,2040,S1_NO_CN,renewable_generation_TWh,11440.362738329795,11476.332055774195,35.969317444400076,0.3144071413390457
China,2040,S2_CAPACITY,renewable_generation_TWh,11440.362738329795,14134.650091935038,2694.287353605243,23.55071613750761
Japan,2040,S1_NO_CN,renewable_generation_TWh,163.89692267078527,91.7119815457827,-72.18494112500257,-44.042889853397824
Japan,2040,S2_CAPACITY,renewable_generation_TWh,163.89692267078527,100.74890195330411,-63.14802071748116,-38.52910700728936
South Korea,2040,S1_NO_CN,renewable_generation_TWh,126.85200869346762,36.43744061378609,-90.41456807968154,-71.27562977592608
South Korea,2040,S2_CAPACITY,renewable_generation_TWh,126.85200869346762,40.129006820115855,-86.72300187335176,-68.36549359097194
Rest of World,2040,S1_NO_CN,renewable_generation_TWh,19.031386844031484,19.099313778662648,0.0679269346311635,0.3569205712008653
Rest of World,2040,S2_CAPACITY,renewable_generation_TWh,19.031386844031484,23.167457436503625,4.136070592472141,21.732891177971467
Southeast Asia,2040,S1_NO_CN,renewable_generation_TWh,532.7051134259451,535.8317657989502,3.126652373005072,0.5869386822470832
Southeast Asia,2040,S2_CAPACITY,renewable_generation_TWh,532.7051134259451,631.1814202463518,98.47630682040665,18.48608251328462
"Central, Western and South Asia",2040,S1_NO_CN,renewable_generation_TWh,438.3504244000654,418.4730913233118,-19.877333076753587,-4.534575985402108
"Central, Western and South Asia",2040,S2_CAPACITY,renewable_generation_TWh,438.3504244000654,441.53629252987,3.1858681298046463,0.7267856838886115
India,2040,S1_NO_CN,renewable_generation_TWh,701.2105776753624,335.9662987727326,-365.2442789026298,-52.08767387871978
India,2040,S2_CAPACITY,renewable_generation_TWh,701.2105776753624,382.5191662966102,-318.6914113787522,-45.44874557301615
Canada,2040,S1_NO_CN,renewable_generation_TWh,531.8185438034852,486.1382755387652,-45.68026826472004,-8.589446305881273
Canada,2040,S2_CAPACITY,renewable_generation_TWh,531.8185438034852,542.9374840686011,11.118940265115839,2.09073948147706
United States,2040,S1_NO_CN,renewable_generation_TWh,1414.054808046397,1019.8730610462796,-394.1817470001174,-27.87598788654476
United States,2040,S2_CAPACITY,renewable_generation_TWh,1414.054808046397,1143.9187457430253,-270.1360623033718,-19.103648653942997
Rest of America,2040,S1_NO_CN,renewable_generation_TWh,342.43905705727263,346.1892039283024,3.750146871029756,1.0951282553037012
Rest of America,2040,S2_CAPACITY,renewable_generation_TWh,342.43905705727263,394.259808284707,51.82075122743436,15.132839014554166
Brazil,2040,S1_NO_CN,renewable_generation_TWh,639.7117488187371,325.14776346645164,-314.56398535228544,-49.172769756557564
Brazil,2040,S2_CAPACITY,renewable_generation_TWh,639.7117488187371,339.05487669848344,-300.65687212025364,-46.998804176323645
"EU, UK and EFTA",2040,S1_NO_CN,renewable_generation_TWh,2644.181908687833,1697.9688812347183,-946.2130274531148,-35.784717547011354
"EU, UK and EFTA",2040,S2_CAPACITY,renewable_generation_TWh,2644.181908687833,1753.282591703967,-890.8993169838661,-33.69281493291708
Eastern Europe,2040,S1_NO_CN,renewable_generation_TWh,15.388116924162764,15.593176786202523,0.205059862039759,1.33258580663479
Eastern Europe,2040,S2_CAPACITY,renewable_generation_TWh,15.388116924162764,18.126884778676374,2.7387678545136094,17.797940241883236
Russia,2040,S1_NO_CN,renewable_generation_TWh,61.37183517330112,61.73539367641703,0.363558503115911,0.5923865598760383
Russia,2040,S2_CAPACITY,renewable_generation_TWh,61.37183517330112,67.24694452251,5.875109349208884,9.572973225615323
North Africa,2040,S1_NO_CN,renewable_generation_TWh,84.06084335004782,84.95572832887055,0.8948849788227307,1.0645681665317501
North Africa,2040,S2_CAPACITY,renewable_generation_TWh,84.06084335004782,97.62631716610734,13.565473816059523,16.13768465249618
Sub Saharan,2040,S1_NO_CN,renewable_generation_TWh,103.801693933666,104.54960497003673,0.7479110363707235,0.7205191052553273
Sub Saharan,2040,S2_CAPACITY,renewable_generation_TWh,103.801693933666,119.65102984159016,15.849335907924157,15.268860562191406
South Africa,2040,S1_NO_CN,renewable_generation_TWh,35.18720709540824,35.3286994819006,0.1414923864923594,0.40211314898823974
South Africa,2040,S2_CAPACITY,renewable_generation_TWh,35.18720709540824,39.904233029969504,4.7170259345612635,13.405513889668192
Australia_Oceania,2045,S1_NO_CN,renewable_generation_TWh,367.5104069167046,136.69624408516194,-230.81416283154266,-62.80479640508688
Australia_Oceania,2045,S2_CAPACITY,renewable_generation_TWh,367.5104069167046,165.88563698953362,-201.62476992717097,-54.8623293742179
China,2045,S1_NO_CN,renewable_generation_TWh,12178.66184851188,12214.882051148,36.22020263612103,0.2974070804055275
China,2045,S2_CAPACITY,renewable_generation_TWh,12178.66184851188,15271.089949002508,3092.428100490628,25.392182975081898
Japan,2045,S1_NO_CN,renewable_generation_TWh,147.63526835855336,82.6992484152733,-64.93601994328006,-43.98408365782467
Japan,2045,S2_CAPACITY,renewable_generation_TWh,147.63526835855336,91.68374325689932,-55.95152510165404,-37.89848165938762
South Korea,2045,S1_NO_CN,renewable_generation_TWh,129.56971333785566,37.44098130839037,-92.12873202946528,-71.10360103154488
South Korea,2045,S2_CAPACITY,renewable_generation_TWh,129.56971333785566,41.65910003236986,-87.91061330548581,-67.84811900930667
Rest of World,2045,S1_NO_CN,renewable_generation_TWh,20.80426849866659,20.87931191559688,0.07504341693028849,0.36071163441818804
Rest of World,2045,S2_CAPACITY,renewable_generation_TWh,20.80426849866659,25.284681611555023,4.4804131128884315,21.53602811449773
Southeast Asia,2045,S1_NO_CN,renewable_generation_TWh,630.474643019502,634.1896757316252,3.715032712123275,0.5892437948544682
Southeast Asia,2045,S2_CAPACITY,renewable_generation_TWh,630.474643019502,754.6537678656492,124.17912484614726,19.69613309925077
"Central, Western and South Asia",2045,S1_NO_CN,renewable_generation_TWh,481.5998480877177,460.15600144325424,-21.443846644463463,-4.452627368885241
"Central, Western and South Asia",2045,S2_CAPACITY,renewable_generation_TWh,481.5998480877177,470.7768856957836,-10.822962391934084,-2.2472935643374226
India,2045,S1_NO_CN,renewable_generation_TWh,778.9843178172846,434.1277232513775,-344.8565945659071,-44.27003043298687
India,2045,S2_CAPACITY,renewable_generation_TWh,778.9843178172846,501.6308178467397,-277.3534999705449,-35.60450366288372
Canada,2045,S1_NO_CN,renewable_generation_TWh,557.8415895451883,511.3566271460219,-46.48496239916642,-8.333004076850186
Canada,2045,S2_CAPACITY,renewable_generation_TWh,557.8415895451883,566.8132649214458,8.971675376257508,1.6082837035460498
United States,2045,S1_NO_CN,renewable_generation_TWh,1456.7153656934568,1050.1300439590316,-406.5853217344252,-27.911102697874938
United States,2045,S2_CAPACITY,renewable_generation_TWh,1456.7153656934568,1165.978882987737,-290.7364827057197,-19.958359028314163
Rest of America,2045,S1_NO_CN,renewable_generation_TWh,343.4576640410214,347.37975694693137,3.922092905909949,1.1419436269855685
Rest of America,2045,S2_CAPACITY,renewable_generation_TWh,343.4576640410214,393.1166988929963,49.659034851974866,14.458560705183087
Brazil,2045,S1_NO_CN,renewable_generation_TWh,642.807759977551,330.3464242635911,-312.4613357139599,-48.60883069066747
Brazil,2045,S2_CAPACITY,renewable_generation_TWh,642.807759977551,343.4119105321538,-299.3958494453972,-46.576265578351624
"EU, UK and EFTA",2045,S1_NO_CN,renewable_generation_TWh,2629.863840417165,1677.7387022480984,-952.1251381690668,-36.20435109743305
"EU, UK and EFTA",2045,S2_CAPACITY,renewable_generation_TWh,2629.863840417165,1733.3655969495007,-896.4982434676645,-34.089150536609395
Eastern Europe,2045,S1_NO_CN,renewable_generation_TWh,15.28613611456301,15.485004871311864,0.19886875674885296,1.3009746561094133
Eastern Europe,2045,S2_CAPACITY,renewable_generation_TWh,15.28613611456301,17.986959505858394,2.7008233912953834,17.66845049039126
Russia,2045,S1_NO_CN,renewable_generation_TWh,62.26179900458437,62.69515026253856,0.43335125795419316,0.6960146749410265
Russia,2045,S2_CAPACITY,renewable_generation_TWh,62.26179900458437,66.38142608187604,4.119627077291675,6.616620693835629
North Africa,2045,S1_NO_CN,renewable_generation_TWh,109.22845416261814,110.50098212353409,1.2725279609159514,1.1650150784166786
North Africa,2045,S2_CAPACITY,renewable_generation_TWh,109.22845416261814,125.03765906752008,15.809204904901947,14.473522513982825
Sub Saharan,2045,S1_NO_CN,renewable_generation_TWh,127.45662000192291,128.42860106223023,0.9719810603073142,0.7625975491054526
Sub Saharan,2045,S2_CAPACITY,renewable_generation_TWh,127.45662000192291,146.78754961908058,19.330929617157665,15.166673662667362
South Africa,2045,S1_NO_CN,renewable_generation_TWh,36.56370087777438,36.72078301239086,0.15708213461648057,0.4296122406798393
South Africa,2045,S2_CAPACITY,renewable_generation_TWh,36.56370087777438,41.05228249018923,4.488581612414848,12.276059328401512
Australia_Oceania,2050,S1_NO_CN,renewable_generation_TWh,377.69940793211,141.60231964606072,-236.09708828604926,-62.509255595255475
Australia_Oceania,2050,S2_CAPACITY,renewable_generation_TWh,377.69940793211,172.62860037638006,-205.0708075557299,-54.29471247479176
China,2050,S1_NO_CN,renewable_generation_TWh,12546.116637431804,12579.313423285674,33.1967858538701,0.2645980968710769
China,2050,S2_CAPACITY,renewable_generation_TWh,12546.116637431804,16179.30258180249,3633.185944370687,28.95864951176161
Japan,2050,S1_NO_CN,renewable_generation_TWh,130.23044659624514,73.00855214380069,-57.22189445244446,-43.9389527933127
Japan,2050,S2_CAPACITY,renewable_generation_TWh,130.23044659624514,82.37193753506537,-47.858509061179774,-36.74909386555052
South Korea,2050,S1_NO_CN,renewable_generation_TWh,128.89426158424922,37.50115640109211,-91.3931051831571,-70.90548800221006
South Korea,2050,S2_CAPACITY,renewable_generation_TWh,128.89426158424922,42.53958377115881,-86.3546778130904,-66.9965262624561
Rest of World,2050,S1_NO_CN,renewable_generation_TWh,22.585399064445458,22.66475067981556,0.0793516153701006,0.3513403289606605
Rest of World,2050,S2_CAPACITY,renewable_generation_TWh,22.585399064445458,27.80072767791157,5.215328613466113,23.091593815033463
Southeast Asia,2050,S1_NO_CN,renewable_generation_TWh,768.0676482138866,772.355261703354,4.28761348946739,0.5582338351886164
Southeast Asia,2050,S2_CAPACITY,renewable_generation_TWh,768.0676482138866,946.982178540824,178.91453032693732,23.29411097355767
"Central, Western and South Asia",2050,S1_NO_CN,renewable_generation_TWh,529.7663265046051,506.2862780592612,-23.480048445343925,-4.432151926353104
"Central, Western and South Asia",2050,S2_CAPACITY,renewable_generation_TWh,529.7663265046051,511.3370497104806,-18.42927679412452,-3.4787557970550473
India,2050,S1_NO_CN,renewable_generation_TWh,743.4876891152044,577.1133666949535,-166.3743224202509,-22.37754906449715
India,2050,S2_CAPACITY,renewable_generation_TWh,743.4876891152044,713.0727806819772,-30.414908433227197,-4.090842239690988
Canada,2050,S1_NO_CN,renewable_generation_TWh,584.8810782635654,537.7710984723416,-47.10997979122385,-8.05462538317826
Canada,2050,S2_CAPACITY,renewable_generation_TWh,584.8810782635654,593.4066199920642,8.525541728498752,1.4576538796245482
United States,2050,S1_NO_CN,renewable_generation_TWh,1499.3501303748956,1080.3294603356746,-419.02067003922093,-27.94681919522357
United States,2050,S2_CAPACITY,renewable_generation_TWh,1499.3501303748956,1192.5604478438545,-306.7896825310411,-20.461510378121737
Rest of America,2050,S1_NO_CN,renewable_generation_TWh,350.2580706926939,354.3538746688173,4.09580397612342,1.1693674803904686
Rest of America,2050,S2_CAPACITY,renewable_generation_TWh,350.2580706926939,400.5973667342412,50.3392960415473,14.372058848492177
Brazil,2050,S1_NO_CN,renewable_generation_TWh,664.168612546359,346.77050557627024,-317.39810697008875,-47.78878450055246
Brazil,2050,S2_CAPACITY,renewable_generation_TWh,664.168612546359,360.09442360782026,-304.0741889385387,-45.78267975849496
"EU, UK and EFTA",2050,S1_NO_CN,renewable_generation_TWh,2632.4227046756014,1674.3796655654792,-958.0430391101222,-36.393966569597104
"EU, UK and EFTA",2050,S2_CAPACITY,renewable_generation_TWh,2632.4227046756014,1732.6222303916568,-899.8004742839446,-34.181458497746426
Eastern Europe,2050,S1_NO_CN,renewable_generation_TWh,15.321273150139266,15.511976729863092,0.19070357972382546,1.2446979951016148
Eastern Europe,2050,S2_CAPACITY,renewable_generation_TWh,15.321273150139266,18.034386644848023,2.7131134947087574,17.708146497499758
Russia,2050,S1_NO_CN,renewable_generation_TWh,63.472673541005,63.952742606461705,0.48006906545670347,0.7563397580008447
Russia,2050,S2_CAPACITY,renewable_generation_TWh,63.472673541005,66.53166682816142,3.0589932871564187,4.8193862279650626
North Africa,2050,S1_NO_CN,renewable_generation_TWh,150.2441621376028,152.0719492505972,1.8277871129944003,1.2165445146017726
North Africa,2050,S2_CAPACITY,renewable_generation_TWh,150.2441621376028,171.42562215723112,21.181460019628304,14.098025319765185
Sub Saharan,2050,S1_NO_CN,renewable_generation_TWh,165.2799287281501,166.57580047777554,1.2958717496254337,0.7840466532127224
Sub Saharan,2050,S2_CAPACITY,renewable_generation_TWh,165.2799287281501,192.1624349579044,26.882506229754284,16.264834113021806
South Africa,2050,S1_NO_CN,renewable_generation_TWh,37.67790251142954,37.845085117146375,0.16718260571683885,0.44371526696881347
South Africa,2050,S2_CAPACITY,renewable_generation_TWh,37.67790251142954,42.32025131661893,4.642348805189393,12.321144479263788
Australia_Oceania,2025,S1_NO_CN,real_wage,0.9248611082628084,0.9238180864953349,-0.0010430217674735065,-0.11277604368429357
Australia_Oceania,2025,S2_CAPACITY,real_wage,0.9248611082628084,0.9077327489347399,-0.017128359328068554,-1.8519926046237596
China,2025,S1_NO_CN,real_wage,1.3401197088066066,1.3397503411827532,-0.0003693676238534227,-0.027562285773884275
China,2025,S2_CAPACITY,real_wage,1.3401197088066066,1.313879107273535,-0.026240601533071617,-1.9580789209076854
Japan,2025,S1_NO_CN,real_wage,1.0582071065815504,1.0569701641880498,-0.001236942393500584,-0.11689038807312711
Japan,2025,S2_CAPACITY,real_wage,1.0582071065815504,1.0547548677461938,-0.0034522388353566136,-0.3262347052751122
South Korea,2025,S1_NO_CN,real_wage,1.1175866316804406,1.1156711383151519,-0.001915493365288734,-0.17139551521017518
South Korea,2025,S2_CAPACITY,real_wage,1.1175866316804406,1.1155534794984936,-0.0020331521819469955,-0.18192345222400164
Rest of World,2025,S1_NO_CN,real_wage,1.0757665623921802,1.0753607117225372,-0.0004058506696429376,-0.03772664849709106
Rest of World,2025,S2_CAPACITY,real_wage,1.0757665623921802,1.0283336392378863,-0.047432923154293816,-4.409220811698898
Southeast Asia,2025,S1_NO_CN,real_wage,1.0720737983883022,1.0716989609954046,-0.00037483739289756457,-0.03496376774258217
Southeast Asia,2025,S2_CAPACITY,real_wage,1.0720737983883022,1.0536496361152459,-0.01842416227305632,-1.7185535455445522
"Central, Western and South Asia",2025,S1_NO_CN,real_wage,1.0594182243491261,1.0593293688479626,-8.88555011635539e-05,-0.008387197720536097
"Central, Western and South Asia",2025,S2_CAPACITY,real_wage,1.0594182243491261,1.0082096217796943,-0.05120860256943183,-4.833653168548503
India,2025,S1_NO_CN,real_wage,1.2596195584457348,1.2586352915918513,-0.0009842668538835309,-0.07814001039314075
India,2025,S2_CAPACITY,real_wage,1.2596195584457348,1.2330911720071847,-0.026528386438550156,-2.1060633951479737
Canada,2025,S1_NO_CN,real_wage,0.9773230550522044,0.9769547550642337,-0.0003682999879707216,-0.03768456970976179
Canada,2025,S2_CAPACITY,real_wage,0.9773230550522044,0.966131007441046,-0.01119204761115844,-1.1451738044346667
United States,2025,S1_NO_CN,real_wage,1.102304950502273,1.101841484270811,-0.0004634662314619842,-0.04204519187279369
United States,2025,S2_CAPACITY,real_wage,1.102304950502273,1.0979528097384792,-0.004352140763793866,-0.39482184687738014
Rest of America,2025,S1_NO_CN,real_wage,0.9246974877466836,0.9243397218880743,-0.00035776585860924914,-0.03869004332228243
Rest of America,2025,S2_CAPACITY,real_wage,0.9246974877466836,0.9176354284631973,-0.007062059283486244,-0.763715634255174
Brazil,2025,S1_NO_CN,real_wage,0.9228704643216935,0.9163422741786071,-0.006528190143086365,-0.7073788137628353
Brazil,2025,S2_CAPACITY,real_wage,0.9228704643216935,0.9100445173585096,-0.012825946963183954,-1.38978843283396
"EU, UK and EFTA",2025,S1_NO_CN,real_wage,0.9310488607282861,0.9273370148786095,-0.0037118458496765427,-0.398673582691789
"EU, UK and EFTA",2025,S2_CAPACITY,real_wage,0.9310488607282861,0.9243230636379715,-0.0067257970903146225,-0.7223892723582264
Eastern Europe,2025,S1_NO_CN,real_wage,1.0305401375037049,1.0294556127067058,-0.0010845247969990535,-0.10523848198927181
Eastern Europe,2025,S2_CAPACITY,real_wage,1.0305401375037049,1.0113762099385697,-0.019163927565135186,-1.8596003074228915
Russia,2025,S1_NO_CN,real_wage,1.1265969011741601,1.1274988194751334,0.0009019183009733034,0.08005687748948248
Russia,2025,S2_CAPACITY,real_wage,1.1265969011741601,1.0490818762784102,-0.0775150248957499,-6.880457847430817
North Africa,2025,S1_NO_CN,real_wage,1.096391884111899,1.0962146198703049,-0.00017726424159403287,-0.016167963678208063
North Africa,2025,S2_CAPACITY,real_wage,1.096391884111899,1.0854966241333182,-0.010895259978580762,-0.9937377443655704
Sub Saharan,2025,S1_NO_CN,real_wage,0.8694593229102124,0.8692399550251396,-0.00021936788507281868,-0.02523037930498704
Sub Saharan,2025,S2_CAPACITY,real_wage,0.8694593229102124,0.8603151662235579,-0.009144156686654581,-1.0517060943170635
South Africa,2025,S1_NO_CN,real_wage,0.8762964176909522,0.8760476555119405,-0.00024876217901170783,-0.02838790322425351
South Africa,2025,S2_CAPACITY,real_wage,0.8762964176909522,0.8521376612728809,-0.024158756418071303,-2.7569160309624237
Australia_Oceania,2030,S1_NO_CN,real_wage,0.9539077162319988,0.9520108568139546,-0.0018968594180441833,-0.19885145971320042
Australia_Oceania,2030,S2_CAPACITY,real_wage,0.9539077162319988,0.9341697874878423,-0.019737928744156474,-2.069165434799359
China,2030,S1_NO_CN,real_wage,1.5189064864897586,1.518383340757849,-0.0005231457319094801,-0.03444226070286174
China,2030,S2_CAPACITY,real_wage,1.5189064864897586,1.5010383504262905,-0.017868136063468043,-1.1763815759824607
Japan,2030,S1_NO_CN,real_wage,1.1403766500109636,1.1380840784484862,-0.002292571562477308,-0.2010363472853699
Japan,2030,S2_CAPACITY,real_wage,1.1403766500109636,1.13852590418754,-0.001850745823423594,-0.16229250427091796
South Korea,2030,S1_NO_CN,real_wage,1.2760751884408417,1.2720179745678852,-0.004057213872956433,-0.31794473473884366
South Korea,2030,S2_CAPACITY,real_wage,1.2760751884408417,1.2754473306166554,-0.0006278578241862842,-0.04920225938672355
Rest of World,2030,S1_NO_CN,real_wage,1.1567825695583889,1.1560983791648358,-0.0006841903935530524,-0.05914598054621861
Rest of World,2030,S2_CAPACITY,real_wage,1.1567825695583889,1.0949415757917524,-0.06184099376663643,-5.345947924357533
Southeast Asia,2030,S1_NO_CN,real_wage,1.1680838824635682,1.167505107253775,-0.0005787752097932142,-0.049549113593840365
Southeast Asia,2030,S2_CAPACITY,real_wage,1.1680838824635682,1.1504214121989742,-0.017662470264594,-1.5120892026472148
"Central, Western and South Asia",2030,S1_NO_CN,real_wage,1.139765566086025,1.139805926273308,4.036018728292845e-05,0.003541095509800848
"Central, Western and South Asia",2030,S2_CAPACITY,real_wage,1.139765566086025,1.0656599181851794,-0.07410564790084573,-6.501832491336426
India,2030,S1_NO_CN,real_wage,1.491381815844368,1.4894453969122834,-0.001936418932084516,-0.1298405888761748
India,2030,S2_CAPACITY,real_wage,1.491381815844368,1.4708492841682022,-0.020532531676165755,-1.376745475774824
Canada,2030,S1_NO_CN,real_wage,1.0427120007871111,1.0419478579693755,-0.0007641428177356246,-0.07328416831865336
Canada,2030,S2_CAPACITY,real_wage,1.0427120007871111,1.0326190177488648,-0.01009298303824635,-0.9679550087298764
United States,2030,S1_NO_CN,real_wage,1.186605194380111,1.1857605988898023,-0.0008445954903086861,-0.07117746444299929
United States,2030,S2_CAPACITY,real_wage,1.186605194380111,1.185526330432094,-0.0010788639480170392,-0.09092021113059795
Rest of America,2030,S1_NO_CN,real_wage,0.9559228591337707,0.9553497273678073,-0.0005731317659634083,-0.059955859459492736
Rest of America,2030,S2_CAPACITY,real_wage,0.9559228591337707,0.9503360073512443,-0.005586851782526381,-0.5844458817094323
Brazil,2030,S1_NO_CN,real_wage,0.9843638334766684,0.9723386563008646,-0.01202517717580387,-1.2216191581655558
Brazil,2030,S2_CAPACITY,real_wage,0.9843638334766684,0.9679447864983035,-0.016419046978364937,-1.667985598411779
"EU, UK and EFTA",2030,S1_NO_CN,real_wage,0.9910713410494209,0.9841405245555388,-0.006930816493882053,-0.6993256899693198
"EU, UK and EFTA",2030,S2_CAPACITY,real_wage,0.9910713410494209,0.9824350787761686,-0.008636262273252204,-0.871406720741968
Eastern Europe,2030,S1_NO_CN,real_wage,1.142176291833426,1.140737096781949,-0.001439195051476938,-0.12600463359003333
Eastern Europe,2030,S2_CAPACITY,real_wage,1.142176291833426,1.1309885238691957,-0.011187767964230266,-0.9795132366363178
Russia,2030,S1_NO_CN,real_wage,1.226985769550159,1.2288697886070283,0.0018840190568694126,0.15354856622013938
Russia,2030,S2_CAPACITY,real_wage,1.226985769550159,1.1295156886974518,-0.09747008085270714,-7.943864001653573
North Africa,2030,S1_NO_CN,real_wage,1.1966608025576948,1.1966930009724155,3.219841472068552e-05,0.002690688510216589
North Africa,2030,S2_CAPACITY,real_wage,1.1966608025576948,1.187572210461986,-0.009088592095708892,-0.7594960974975782
Sub Saharan,2030,S1_NO_CN,real_wage,0.7855407981018434,0.7852648359860399,-0.0002759621158034964,-0.03513020793704449
Sub Saharan,2030,S2_CAPACITY,real_wage,0.7855407981018434,0.7772798273518895,-0.008260970749953911,-1.0516284793756692
South Africa,2030,S1_NO_CN,real_wage,0.8870792610249164,0.8866978199928123,-0.00038144103210413505,-0.042999656159633866
South Africa,2030,S2_CAPACITY,real_wage,0.8870792610249164,0.865087448107895,-0.021991812917021458,-2.4791260356614004
Australia_Oceania,2035,S1_NO_CN,real_wage,1.0485180493823687,1.0466260166447219,-0.0018920327376468205,-0.18044827542657235
Australia_Oceania,2035,S2_CAPACITY,real_wage,1.0485180493823687,1.0263101836787536,-0.022207865703615104,-2.1180241691305826
China,2035,S1_NO_CN,real_wage,1.6062705249496119,1.6060272189429108,-0.00024330600670108282,-0.015147262115683487
China,2035,S2_CAPACITY,real_wage,1.6062705249496119,1.6010012285019637,-0.005269296447648175,-0.3280453924667186
Japan,2035,S1_NO_CN,real_wage,1.241897062681586,1.2393109711638421,-0.002586091517743805,-0.2082371877230908
Japan,2035,S2_CAPACITY,real_wage,1.241897062681586,1.2408899546874734,-0.0010071079941125216,-0.08109432129084095
South Korea,2035,S1_NO_CN,real_wage,1.4290508697376492,1.4239554627313364,-0.005095407006312724,-0.35655882615628365
South Korea,2035,S2_CAPACITY,real_wage,1.4290508697376492,1.4286872763095062,-0.0003635934281429609,-0.025443001074532137
Rest of World,2035,S1_NO_CN,real_wage,1.2679805795625356,1.267238243204661,-0.0007423363578746844,-0.058544773464180105
Rest of World,2035,S2_CAPACITY,real_wage,1.2679805795625356,1.1927188173312282,-0.07526176223130743,-5.935561115397634
Southeast Asia,2035,S1_NO_CN,real_wage,1.2371090575791859,1.236656969146312,-0.0004520884328738095,-0.03654394332529344
Southeast Asia,2035,S2_CAPACITY,real_wage,1.2371090575791859,1.222991691152389,-0.01411736642679684,-1.1411577936727866
"Central, Western and South Asia",2035,S1_NO_CN,real_wage,1.2464793527552531,1.2470486314197764,0.0005692786645232761,0.04567092613808055
"Central, Western and South Asia",2035,S2_CAPACITY,real_wage,1.2464793527552531,1.1491644903298297,-0.09731486242542342,-7.807178049946508
India,2035,S1_NO_CN,real_wage,1.5844880931036376,1.5828577798662617,-0.0016303132373758356,-0.10289211035864822
India,2035,S2_CAPACITY,real_wage,1.5844880931036376,1.581416818926262,-0.003071274177375516,-0.19383384392366218
Canada,2035,S1_NO_CN,real_wage,1.128847152828443,1.1281098002297125,-0.000737352598730423,-0.06531908211691105
Canada,2035,S2_CAPACITY,real_wage,1.128847152828443,1.1194258222215352,-0.009421330606907752,-0.8345975434585308
United States,2035,S1_NO_CN,real_wage,1.2724162729684518,1.2716438933688976,-0.0007723795995542293,-0.06070180144366793
United States,2035,S2_CAPACITY,real_wage,1.2724162729684518,1.2746608679422358,0.002244594973783931,0.17640413923247453
Rest of America,2035,S1_NO_CN,real_wage,1.0415556399597343,1.0409994143865422,-0.0005562255731921262,-0.05340334705629642
Rest of America,2035,S2_CAPACITY,real_wage,1.0415556399597343,1.0367727308613015,-0.004782909098432819,-0.45920821845078985
Brazil,2035,S1_NO_CN,real_wage,1.083925154684463,1.0712050170407879,-0.012720137643675189,-1.17352545871842
Brazil,2035,S2_CAPACITY,real_wage,1.083925154684463,1.068001006510115,-0.015924148174347952,-1.469118795290212
"EU, UK and EFTA",2035,S1_NO_CN,real_wage,1.1096962653298879,1.1023678473327165,-0.0073284179971713215,-0.6603985456320111
"EU, UK and EFTA",2035,S2_CAPACITY,real_wage,1.1096962653298879,1.1003828688163677,-0.009313396513520145,-0.8392743856582666
Eastern Europe,2035,S1_NO_CN,real_wage,1.3281134680657882,1.3266039368079423,-0.0015095312578459197,-0.11365981101331207
Eastern Europe,2035,S2_CAPACITY,real_wage,1.3281134680657882,1.3247550715567606,-0.0033583965090275836,-0.2528696974904275
Russia,2035,S1_NO_CN,real_wage,1.3757789725063423,1.3789714689358628,0.003192496429520464,0.23205009622326864
Russia,2035,S2_CAPACITY,real_wage,1.3757789725063423,1.2553802843312334,-0.1203986881751089,-8.75131039077964
North Africa,2035,S1_NO_CN,real_wage,1.2516283388415397,1.2524159603619738,0.0007876215204341008,0.06292774747838434
North Africa,2035,S2_CAPACITY,real_wage,1.2516283388415397,1.2469704026759947,-0.004657936165544996,-0.3721501040681299
Sub Saharan,2035,S1_NO_CN,real_wage,0.808970808820145,0.8087793412689924,-0.00019146755115262426,-0.02366804204367681
Sub Saharan,2035,S2_CAPACITY,real_wage,0.808970808820145,0.8011063634037473,-0.007864445416397747,-0.9721544128233451
South Africa,2035,S1_NO_CN,real_wage,0.9901644368663033,0.989785188148025,-0.0003792487182783244,-0.038301589529773465
South Africa,2035,S2_CAPACITY,real_wage,0.9901644368663033,0.9675657832489923,-0.02259865361731095,-2.28231319727375
Australia_Oceania,2040,S1_NO_CN,real_wage,1.139662000831666,1.1379770728360283,-0.0016849279956376861,-0.1478445358718737
Australia_Oceania,2040,S2_CAPACITY,real_wage,1.139662000831666,1.115576618266752,-0.024085382564914104,-2.113379453499182
China,2040,S1_NO_CN,real_wage,1.5811428253573394,1.5814179512576816,0.0002751259003421769,0.01740044579970176
China,2040,S2_CAPACITY,real_wage,1.5811428253573394,1.5974817162899237,0.016338890932584338,1.0333595846340913
Japan,2040,S1_NO_CN,real_wage,1.3410633600999824,1.3382183744715757,-0.0028449856284067376,-0.21214401295660118
Japan,2040,S2_CAPACITY,real_wage,1.3410633600999824,1.3409311794227328,-0.000132180677249627,-0.009856408070068542
South Korea,2040,S1_NO_CN,real_wage,1.5814970869522744,1.575571529406828,-0.005925557545446436,-0.37468026936841614
South Korea,2040,S2_CAPACITY,real_wage,1.5814970869522744,1.581205982744449,-0.00029110420782552104,-0.01840687600547606
Rest of World,2040,S1_NO_CN,real_wage,1.4292383904287118,1.428437147420443,-0.0008012430082688926,-0.05606083727071963
Rest of World,2040,S2_CAPACITY,real_wage,1.4292383904287118,1.342882577661182,-0.0863558127675299,-6.042086005094418
Southeast Asia,2040,S1_NO_CN,real_wage,1.264661803503315,1.2644895422677431,-0.0001722612355719022,-0.013621130573779575
Southeast Asia,2040,S2_CAPACITY,real_wage,1.264661803503315,1.2594145520619586,-0.005247251441356404,-0.4149134121723832
"Central, Western and South Asia",2040,S1_NO_CN,real_wage,1.3465880891303565,1.3477510092364309,0.0011629201060743277,0.08636049252636388
"Central, Western and South Asia",2040,S2_CAPACITY,real_wage,1.3465880891303565,1.2312722781794485,-0.11531581095090804,-8.563554949114426
India,2040,S1_NO_CN,real_wage,1.451314107990341,1.4510027173086546,-0.0003113906816865075,-0.021455774457928713
India,2040,S2_CAPACITY,real_wage,1.451314107990341,1.4803351928927535,0.029021084902412397,1.9996418930012594
Canada,2040,S1_NO_CN,real_wage,1.2162110946615758,1.2155289995698502,-0.0006820950917256763,-0.056083610379781705
Canada,2040,S2_CAPACITY,real_wage,1.2162110946615758,1.2075124884165822,-0.008698606244993634,-0.7152217475383348
United States,2040,S1_NO_CN,real_wage,1.3491554667080745,1.348455369839881,-0.0007000968681936115,-0.05189148956286266
United States,2040,S2_CAPACITY,real_wage,1.3491554667080745,1.3546635531887765,0.005508086480702001,0.4082618064871112
Rest of America,2040,S1_NO_CN,real_wage,1.1432312839036103,1.14270304896381,-0.000528234939800365,-0.04620543080282802
Rest of America,2040,S2_CAPACITY,real_wage,1.1432312839036103,1.1395312793038443,-0.003700004599765938,-0.32364444989049984
Brazil,2040,S1_NO_CN,real_wage,1.2051848832618062,1.1915774249227018,-0.013607458339104372,-1.1290764203975152
Brazil,2040,S2_CAPACITY,real_wage,1.2051848832618062,1.189742728880993,-0.0154421543808132,-1.2813099961077632
"EU, UK and EFTA",2040,S1_NO_CN,real_wage,1.2217663809493116,1.2144241367701423,-0.007342244179169288,-0.6009532013366066
"EU, UK and EFTA",2040,S2_CAPACITY,real_wage,1.2217663809493116,1.2120436182367156,-0.009722762712595978,-0.7957955681381083
Eastern Europe,2040,S1_NO_CN,real_wage,1.5193089249402432,1.5176723236474645,-0.00163660129277865,-0.10772011313255599
Eastern Europe,2040,S2_CAPACITY,real_wage,1.5193089249402432,1.5243300524652879,0.0050211275250446885,0.33048759489398627
Russia,2040,S1_NO_CN,real_wage,1.5152243105692398,1.5197350170703778,0.004510706501138051,0.2976923264545213
Russia,2040,S2_CAPACITY,real_wage,1.5152243105692398,1.3743064679182857,-0.14091784265095408,-9.300130790405154
North Africa,2040,S1_NO_CN,real_wage,1.3243997774467111,1.326298136266008,0.001898358819296897,0.14333729525058606
North Africa,2040,S2_CAPACITY,real_wage,1.3243997774467111,1.3281596781747544,0.0037599007280433305,0.2838946964557773
Sub Saharan,2040,S1_NO_CN,real_wage,0.8932134177111807,0.8931327575250014,-8.066018617924886e-05,-0.009030337496041761
Sub Saharan,2040,S2_CAPACITY,real_wage,0.8932134177111807,0.8860751260696514,-0.0071382916415292375,-0.7991697728657939
South Africa,2040,S1_NO_CN,real_wage,1.1324429111370127,1.1320587056334577,-0.0003842055035550018,-0.03392714103082211
South Africa,2040,S2_CAPACITY,real_wage,1.1324429111370127,1.1091332323767862,-0.023309678760226493,-2.058353540914725
Australia_Oceania,2045,S1_NO_CN,real_wage,1.237430864701947,1.2358973364860395,-0.0015335282159074648,-0.12392839548873198
Australia_Oceania,2045,S2_CAPACITY,real_wage,1.237430864701947,1.2120840761496563,-0.025346788552290667,-2.0483397719674468
China,2045,S1_NO_CN,real_wage,1.4391402858664295,1.440047011438181,0.0009067255717514211,0.06300466887462122
China,2045,S2_CAPACITY,real_wage,1.4391402858664295,1.481797487439888,0.042657201573458536,2.9640752880305143
Japan,2045,S1_NO_CN,real_wage,1.456560688399227,1.453503287492728,-0.003057400906498975,-0.20990549386988366
Japan,2045,S2_CAPACITY,real_wage,1.456560688399227,1.4564241947647738,-0.00013649363445322749,-0.009370954162111514
South Korea,2045,S1_NO_CN,real_wage,1.7450201325313208,1.7385277945530933,-0.006492337978227569,-0.3720494598999155
South Korea,2045,S2_CAPACITY,real_wage,1.7450201325313208,1.743658007505277,-0.0013621250260438256,-0.07805784017333549
Rest of World,2045,S1_NO_CN,real_wage,1.5773053092519094,1.5764677844238324,-0.0008375248280769743,-0.05309845995980315
Rest of World,2045,S2_CAPACITY,real_wage,1.5773053092519094,1.4858857368843208,-0.09141957236758858,-5.79593385195333
Southeast Asia,2045,S1_NO_CN,real_wage,1.186889260909318,1.18716750238443,0.00027824147511190667,0.02344291790952224
Southeast Asia,2045,S2_CAPACITY,real_wage,1.186889260909318,1.1967249064868888,0.009835645577570773,0.8286910920430214
"Central, Western and South Asia",2045,S1_NO_CN,real_wage,1.4274906802958216,1.4292329292431396,0.0017422489473180036,0.12204975985951474
"Central, Western and South Asia",2045,S2_CAPACITY,real_wage,1.4274906802958216,1.304802784847423,-0.12268789544839853,-8.59465474219234
India,2045,S1_NO_CN,real_wage,1.0073003892697836,1.0091000641317345,0.001799674861950873,0.17866317546600977
India,2045,S2_CAPACITY,real_wage,1.0073003892697836,1.0676035780905844,0.06030318882080077,5.986614267519147
Canada,2045,S1_NO_CN,real_wage,1.2987098364423542,1.2981151108929576,-0.0005947255493965464,-0.04579356625385385
Canada,2045,S2_CAPACITY,real_wage,1.2987098364423542,1.290802655687239,-0.007907180755115206,-0.6088489155341962
United States,2045,S1_NO_CN,real_wage,1.4278211289488731,1.427197317224678,-0.0006238117241952335,-0.04368976698464102
United States,2045,S2_CAPACITY,real_wage,1.4278211289488731,1.436359399892984,0.00853827094411086,0.5979930378531746
Rest of America,2045,S1_NO_CN,real_wage,1.2640650047022493,1.2635809000668774,-0.00048410463537185144,-0.03829744780300143
Rest of America,2045,S2_CAPACITY,real_wage,1.2640650047022493,1.2613259868320004,-0.002739017870248883,-0.2166833082206923
Brazil,2045,S1_NO_CN,real_wage,1.3592716721089784,1.3446440269327462,-0.014627645176232162,-1.0761384553491529
Brazil,2045,S2_CAPACITY,real_wage,1.3592716721089784,1.3439866384939538,-0.015285033615024535,-1.1245017407968958
"EU, UK and EFTA",2045,S1_NO_CN,real_wage,1.3434210183449937,1.3360988332824568,-0.007322185062536901,-0.5450402340405058
"EU, UK and EFTA",2045,S2_CAPACITY,real_wage,1.3434210183449937,1.333304546132259,-0.010116472212734706,-0.7530381075321818
Eastern Europe,2045,S1_NO_CN,real_wage,1.7220342186681852,1.7202475119665728,-0.001786706701612406,-0.10375558640142693
Eastern Europe,2045,S2_CAPACITY,real_wage,1.7220342186681852,1.7336474226024798,0.011613203934294658,0.6743886856833929
Russia,2045,S1_NO_CN,real_wage,1.6552229565741812,1.660895707625029,0.005672751050847857,0.34271824398743017
Russia,2045,S2_CAPACITY,real_wage,1.6552229565741812,1.496862576013985,-0.15836038056019608,-9.567314175484547
North Africa,2045,S1_NO_CN,real_wage,1.319601331071338,1.3228935708611698,0.003292239789831841,0.24948745596967437
North Africa,2045,S2_CAPACITY,real_wage,1.319601331071338,1.33784874224528,0.01824741117394213,1.3827972694698405
Sub Saharan,2045,S1_NO_CN,real_wage,0.9594617781082819,0.9595302799624833,6.850185420137489e-05,0.0071396126207795615
Sub Saharan,2045,S2_CAPACITY,real_wage,0.9594617781082819,0.9551943213417526,-0.004267456766529287,-0.4447761092623405
South Africa,2045,S1_NO_CN,real_wage,1.2869360654070199,1.2865431450321565,-0.0003929203748633814,-0.03053146037515953
South Africa,2045,S2_CAPACITY,real_wage,1.2869360654070199,1.2633333804463287,-0.023602684960691178,-1.8340215644843512
Australia_Oceania,2050,S1_NO_CN,real_wage,1.3384498840837842,1.3370351744796545,-0.0014147096041297047,-0.10569761490159364
Australia_Oceania,2050,S2_CAPACITY,real_wage,1.3384498840837842,1.3123991585666215,-0.0260507255171627,-1.946335520436414
China,2050,S1_NO_CN,real_wage,1.2028781062658949,1.2042272767617581,0.00134917049586325,0.11216186318757533
China,2050,S2_CAPACITY,real_wage,1.2028781062658949,1.2712403893348947,0.06836228306899983,5.683226148426416
Japan,2050,S1_NO_CN,real_wage,1.5890648418785445,1.5858685570601627,-0.003196284818381745,-0.20114250432998024
Japan,2050,S2_CAPACITY,real_wage,1.5890648418785445,1.5880078112152194,-0.001057030663325076,-0.06651903908939841
South Korea,2050,S1_NO_CN,real_wage,1.9190344752574067,1.912288165734018,-0.006746309523388616,-0.3515470727790709
South Korea,2050,S2_CAPACITY,real_wage,1.9190344752574067,1.9155433886023765,-0.0034910866550301733,-0.1819189128721568
Rest of World,2050,S1_NO_CN,real_wage,1.7064582700596083,1.705591743898973,-0.000866526160635317,-0.0507792177423154
Rest of World,2050,S2_CAPACITY,real_wage,1.7064582700596083,1.6171403819707968,-0.08931788808881147,-5.234109128592492
Southeast Asia,2050,S1_NO_CN,real_wage,0.9460154369947804,0.9468484235799968,0.0008329865852163554,0.08805211338437718
Southeast Asia,2050,S2_CAPACITY,real_wage,0.9460154369947804,0.9774090611665476,0.031393624171767165,3.3185107709759687
"Central, Western and South Asia",2050,S1_NO_CN,real_wage,1.467431897619525,1.4696282335502575,0.0021963359307324293,0.14967208592748568
"Central, Western and South Asia",2050,S2_CAPACITY,real_wage,1.467431897619525,1.3541681739624927,-0.11326372365703241,-7.718499498393714
India,2050,S1_NO_CN,real_wage,0.27427913629993905,0.27575036994796376,0.0014712336480247057,0.5364001315855947
India,2050,S2_CAPACITY,real_wage,0.27427913629993905,0.31135931416705287,0.03708017786711382,13.519139066620307
Canada,2050,S1_NO_CN,real_wage,1.3718362198208272,1.3713492454844798,-0.00048697433634736775,-0.03549799380650341
Canada,2050,S2_CAPACITY,real_wage,1.3718362198208272,1.3646542001384234,-0.007182019682403729,-0.5235333182369072
United States,2050,S1_NO_CN,real_wage,1.5015501105496087,1.5010075985462534,-0.000542512003355311,-0.0361301297601541
United States,2050,S2_CAPACITY,real_wage,1.5015501105496087,1.5126403020770427,0.011090191527433957,0.7385828451222745
Rest of America,2050,S1_NO_CN,real_wage,1.4012537703970895,1.4008328226963436,-0.0004209477007459661,-0.03004078987253517
Rest of America,2050,S2_CAPACITY,real_wage,1.4012537703970895,1.399252406001875,-0.0020013643952145888,-0.14282669117439298
Brazil,2050,S1_NO_CN,real_wage,1.5444018536929949,1.528742775585632,-0.01565907810736289,-1.013925104396805
Brazil,2050,S2_CAPACITY,real_wage,1.5444018536929949,1.5290592621634416,-0.015342591529553307,-0.9934326025875903
"EU, UK and EFTA",2050,S1_NO_CN,real_wage,1.473169400651109,1.465911499558949,-0.007257901092159846,-0.49267253914940207
"EU, UK and EFTA",2050,S2_CAPACITY,real_wage,1.473169400651109,1.462966784516653,-0.010202616134455944,-0.6925623169980729
Eastern Europe,2050,S1_NO_CN,real_wage,1.9384458114917535,1.9365241711689525,-0.001921640322801066,-0.09913304315286715
Eastern Europe,2050,S2_CAPACITY,real_wage,1.9384458114917535,1.9547011183581184,0.016255306866364894,0.8385742211620263
Russia,2050,S1_NO_CN,real_wage,1.7945989683755719,1.8011610861851468,0.006562117809574941,0.365659287964197
Russia,2050,S2_CAPACITY,real_wage,1.7945989683755719,1.6230854805028678,-0.17151348787270404,-9.557204194091003
North Africa,2050,S1_NO_CN,real_wage,1.183699864348244,1.1885403541505344,0.00484048980229046,0.4089288127912119
North Africa,2050,S2_CAPACITY,real_wage,1.183699864348244,1.2213100874812253,0.037610223132981346,3.177344550401709
Sub Saharan,2050,S1_NO_CN,real_wage,0.9609111182297266,0.9611624748391119,0.00025135660938524484,0.026158153924612265
Sub Saharan,2050,S2_CAPACITY,real_wage,0.9609111182297266,0.962971860641162,0.00206074241143539,0.2144571305649858
South Africa,2050,S1_NO_CN,real_wage,1.44560947849966,1.445221138821253,-0.00038833967840701256,-0.026863387670234058
South Africa,2050,S2_CAPACITY,real_wage,1.44560947849966,1.422302822403738,-0.023306656095922085,-1.612237360266282
Australia_Oceania,2025,S1_NO_CN,renewable_generation_share_pct,47.33256918124178,25.019540319465147,-22.313028861776633,-47.140962867106396
Australia_Oceania,2025,S2_CAPACITY,renewable_generation_share_pct,47.33256918124178,34.47746145817177,-12.855107723070013,-27.159116746539464
China,2025,S1_NO_CN,renewable_generation_share_pct,36.618352582278696,36.69282639215772,0.07447380987902363,0.203378373485499
China,2025,S2_CAPACITY,renewable_generation_share_pct,36.618352582278696,50.677914529785326,14.05956194750663,38.39485109526937
Japan,2025,S1_NO_CN,renewable_generation_share_pct,11.029437871235524,7.051478967806559,-3.9779589034289655,-36.0667420213987
Japan,2025,S2_CAPACITY,renewable_generation_share_pct,11.029437871235524,8.399045935726093,-2.630391935509431,-23.848830431960838
South Korea,2025,S1_NO_CN,renewable_generation_share_pct,9.848979886966264,2.9479894444107795,-6.900990442555484,-70.06807325993194
South Korea,2025,S2_CAPACITY,renewable_generation_share_pct,9.848979886966264,3.5567348349885877,-6.292245051977677,-63.887276897626485
Rest of World,2025,S1_NO_CN,renewable_generation_share_pct,12.810692691828125,12.827283950452195,0.016591258624069738,0.1295110188276799
Rest of World,2025,S2_CAPACITY,renewable_generation_share_pct,12.810692691828125,18.789722483385006,5.979029791556881,46.67218186703419
Southeast Asia,2025,S1_NO_CN,renewable_generation_share_pct,14.381420506773482,14.45229288438623,0.07087237761274778,0.49280512713864194
Southeast Asia,2025,S2_CAPACITY,renewable_generation_share_pct,14.381420506773482,20.875924984017427,6.494504477243945,45.15899159046986
"Central, Western and South Asia",2025,S1_NO_CN,renewable_generation_share_pct,6.709841322011477,6.36676497700898,-0.34307634500249673,-5.113032164815029
"Central, Western and South Asia",2025,S2_CAPACITY,renewable_generation_share_pct,6.709841322011477,9.158536793690141,2.448695471678664,36.49408911721617
India,2025,S1_NO_CN,renewable_generation_share_pct,11.929256689925317,6.3356319126013485,-5.593624777323969,-46.88996911306288
India,2025,S2_CAPACITY,renewable_generation_share_pct,11.929256689925317,8.445776487230628,-3.4834802026946896,-29.20115052630742
Canada,2025,S1_NO_CN,renewable_generation_share_pct,41.87770313647477,40.36110200856558,-1.5166011279091904,-3.6215002598560773
Canada,2025,S2_CAPACITY,renewable_generation_share_pct,41.87770313647477,44.88105471377171,3.0033515772969395,7.171719918614809
United States,2025,S1_NO_CN,renewable_generation_share_pct,14.814761629902254,10.967183861456034,-3.84757776844622,-25.971243173297047
United States,2025,S2_CAPACITY,renewable_generation_share_pct,14.814761629902254,13.84183199966796,-0.9729296302342938,-6.567298580562535
Rest of America,2025,S1_NO_CN,renewable_generation_share_pct,21.353372869184458,21.47896704638508,0.12559417720062171,0.5881702060374244
Rest of America,2025,S2_CAPACITY,renewable_generation_share_pct,21.353372869184458,27.265528693318203,5.912155824133745,27.68722234352828
Brazil,2025,S1_NO_CN,renewable_generation_share_pct,66.9437639012209,51.785373420129126,-15.158390481091779,-22.643469081688913
Brazil,2025,S2_CAPACITY,renewable_generation_share_pct,66.9437639012209,55.24622715134682,-11.697536749874082,-17.473676513221488
"EU, UK and EFTA",2025,S1_NO_CN,renewable_generation_share_pct,34.1153297892857,23.562468801387062,-10.55286098789864,-30.932900408932532
"EU, UK and EFTA",2025,S2_CAPACITY,renewable_generation_share_pct,34.1153297892857,25.129615497778893,-8.98571429150681,-26.339227400137496
Eastern Europe,2025,S1_NO_CN,renewable_generation_share_pct,3.1632702503771615,3.174752876905545,0.011482626528383388,0.36299859384490774
Eastern Europe,2025,S2_CAPACITY,renewable_generation_share_pct,3.1632702503771615,3.7557147222824403,0.5924444719052788,18.72886048337605
Russia,2025,S1_NO_CN,renewable_generation_share_pct,4.279532330862262,4.285207564963257,0.005675234100995574,0.13261341806131652
Russia,2025,S2_CAPACITY,renewable_generation_share_pct,4.279532330862262,5.790894612011021,1.5113622811487595,35.31606176332456
North Africa,2025,S1_NO_CN,renewable_generation_share_pct,4.459934403018115,4.49919578228857,0.03926137927045481,0.8803129311472822
North Africa,2025,S2_CAPACITY,renewable_generation_share_pct,4.459934403018115,6.325029258801924,1.8650948557838083,41.81888537467426
Sub Saharan,2025,S1_NO_CN,renewable_generation_share_pct,31.050967167454615,31.186880088244617,0.13591292079000183,0.4377091381953988
Sub Saharan,2025,S2_CAPACITY,renewable_generation_share_pct,31.050967167454615,38.19189312727688,7.140925959822262,22.997434898926
South Africa,2025,S1_NO_CN,renewable_generation_share_pct,5.765487983704184,5.775643850667383,0.010155866963199145,0.17614930413356356
South Africa,2025,S2_CAPACITY,renewable_generation_share_pct,5.765487983704184,8.492379684358443,2.7268917006542592,47.296806590555036
Australia_Oceania,2030,S1_NO_CN,renewable_generation_share_pct,61.2378105315997,35.15684183458692,-26.08096869701278,-42.58964922260664
Australia_Oceania,2030,S2_CAPACITY,renewable_generation_share_pct,61.2378105315997,44.77254480130986,-16.465265730289836,-26.88741740985905
China,2030,S1_NO_CN,renewable_generation_share_pct,54.282742885512725,54.40087436405905,0.11813147854632433,0.21762253023115363
China,2030,S2_CAPACITY,renewable_generation_share_pct,54.282742885512725,66.61645976583344,12.333716880320715,22.721248457053196
Japan,2030,S1_NO_CN,renewable_generation_share_pct,15.75802237821117,9.201368313853584,-6.556654064357586,-41.60835609310696
Japan,2030,S2_CAPACITY,renewable_generation_share_pct,15.75802237821117,10.680325816016005,-5.077696562195165,-32.222930265768404
South Korea,2030,S1_NO_CN,renewable_generation_share_pct,16.358005703897202,4.922272279757366,-11.435733424139837,-69.90909302235626
South Korea,2030,S2_CAPACITY,renewable_generation_share_pct,16.358005703897202,5.818395747601485,-10.539609956295717,-64.43089791675959
Rest of World,2030,S1_NO_CN,renewable_generation_share_pct,15.773452839460901,15.803748402135607,0.03029556267470568,0.1920667781686607
Rest of World,2030,S2_CAPACITY,renewable_generation_share_pct,15.773452839460901,21.92582511197448,6.152372272513578,39.004600547078766
Southeast Asia,2030,S1_NO_CN,renewable_generation_share_pct,25.12285363541795,25.294977145832757,0.17212351041480645,0.6851272268375931
Southeast Asia,2030,S2_CAPACITY,renewable_generation_share_pct,25.12285363541795,33.17019883527862,8.047345199860668,32.03197103578871
"Central, Western and South Asia",2030,S1_NO_CN,renewable_generation_share_pct,12.727658578809525,12.158642657634978,-0.5690159211745467,-4.4707038427469294
"Central, Western and South Asia",2030,S2_CAPACITY,renewable_generation_share_pct,12.727658578809525,16.022610778192522,3.2949521993829975,25.888125290136355
India,2030,S1_NO_CN,renewable_generation_share_pct,18.584111634697656,8.940289401697147,-9.64382223300051,-51.892834172363195
India,2030,S2_CAPACITY,renewable_generation_share_pct,18.584111634697656,11.205966682075463,-7.378144952622193,-39.70135940663826
Canada,2030,S1_NO_CN,renewable_generation_share_pct,48.509082321417644,45.81501738674636,-2.6940649346712817,-5.5537330449184825
Canada,2030,S2_CAPACITY,renewable_generation_share_pct,48.509082321417644,49.82177817655524,1.3126958551375978,2.7060826392051096
United States,2030,S1_NO_CN,renewable_generation_share_pct,23.03549976056913,17.353271459552303,-5.682228301016828,-24.667267305150226
United States,2030,S2_CAPACITY,renewable_generation_share_pct,23.03549976056913,20.920930931830995,-2.114568828738136,-9.179609084747256
Rest of America,2030,S1_NO_CN,renewable_generation_share_pct,29.862230090142425,30.119594116393813,0.25736402625138766,0.8618379319779736
Rest of America,2030,S2_CAPACITY,renewable_generation_share_pct,29.862230090142425,36.1239288735896,6.261698783447173,20.968624126682926
Brazil,2030,S1_NO_CN,renewable_generation_share_pct,73.14361228689036,53.718734542234856,-19.424877744655504,-26.55717585900123
Brazil,2030,S2_CAPACITY,renewable_generation_share_pct,73.14361228689036,56.764823673703376,-16.378788613186984,-22.39264387017782
"EU, UK and EFTA",2030,S1_NO_CN,renewable_generation_share_pct,51.41701157908353,37.14836095367666,-14.26865062540687,-27.750836128351274
"EU, UK and EFTA",2030,S2_CAPACITY,renewable_generation_share_pct,51.41701157908353,38.06688799805618,-13.350123581027347,-25.964409776118114
Eastern Europe,2030,S1_NO_CN,renewable_generation_share_pct,5.697198956044809,5.725125027609262,0.027926071564452926,0.4901719560771696
Eastern Europe,2030,S2_CAPACITY,renewable_generation_share_pct,5.697198956044809,6.709923894165369,1.0127249381205603,17.77583942449552
Russia,2030,S1_NO_CN,renewable_generation_share_pct,4.181847517492477,4.19085098201406,0.009003464521582849,0.21529872822769766
Russia,2030,S2_CAPACITY,renewable_generation_share_pct,4.181847517492477,5.425893209866981,1.2440456923745042,29.748710041930465
North Africa,2030,S1_NO_CN,renewable_generation_share_pct,10.17446048172718,10.281259577887539,0.10679909616035843,1.0496782247291072
North Africa,2030,S2_CAPACITY,renewable_generation_share_pct,10.17446048172718,13.533049037241538,3.3585885555143573,33.009991650625736
Sub Saharan,2030,S1_NO_CN,renewable_generation_share_pct,34.6975357241469,34.900468646430575,0.2029329222836722,0.5848626366351602
Sub Saharan,2030,S2_CAPACITY,renewable_generation_share_pct,34.6975357241469,41.31714927196916,6.619613547822254,19.07805096145631
South Africa,2030,S1_NO_CN,renewable_generation_share_pct,12.599210210998555,12.638896280233856,0.0396860692353016,0.3149885474619466
South Africa,2030,S2_CAPACITY,renewable_generation_share_pct,12.599210210998555,16.95538437867317,4.356174167674615,34.574978071814904
Australia_Oceania,2035,S1_NO_CN,renewable_generation_share_pct,63.892117922644566,37.31914350800946,-26.572974414635105,-41.590379656544684
Australia_Oceania,2035,S2_CAPACITY,renewable_generation_share_pct,63.892117922644566,45.665465247860766,-18.2266526747838,-28.527231945654336
China,2035,S1_NO_CN,renewable_generation_share_pct,60.33688655040541,60.428271899665276,0.09138534925986619,0.1514585098512216
China,2035,S2_CAPACITY,renewable_generation_share_pct,60.33688655040541,70.84023167506686,10.50334512466145,17.40783412131642
Japan,2035,S1_NO_CN,renewable_generation_share_pct,14.502954209125564,8.42605032501606,-6.0769038841095036,-41.90114508039878
Japan,2035,S2_CAPACITY,renewable_generation_share_pct,14.502954209125564,9.780941595341993,-4.722012613783571,-32.55897071516906
South Korea,2035,S1_NO_CN,renewable_generation_share_pct,17.1126102615544,5.1931634817999015,-11.9194467797545,-69.65300207025116
South Korea,2035,S2_CAPACITY,renewable_generation_share_pct,17.1126102615544,6.043160980665741,-11.06944928088866,-64.68591939920205
Rest of World,2035,S1_NO_CN,renewable_generation_share_pct,15.01465239559211,15.04455659936117,0.029904203769060445,0.1991668070706685
Rest of World,2035,S2_CAPACITY,renewable_generation_share_pct,15.01465239559211,20.71497760588967,5.700325210297558,37.96508277455039
Southeast Asia,2035,S1_NO_CN,renewable_generation_share_pct,26.359955787497775,26.54339435851272,0.1834385710149462,0.6958986293214839
Southeast Asia,2035,S2_CAPACITY,renewable_generation_share_pct,26.359955787497775,34.26969038428979,7.909734596792013,30.006630741556517
"Central, Western and South Asia",2035,S1_NO_CN,renewable_generation_share_pct,11.95277388495464,11.432426297180285,-0.5203475877743546,-4.353362598361655
"Central, Western and South Asia",2035,S2_CAPACITY,renewable_generation_share_pct,11.95277388495464,14.452778098499452,2.5000042135448126,20.91568231447641
India,2035,S1_NO_CN,renewable_generation_share_pct,19.63610325143397,9.77346048887156,-9.862642762562409,-50.22708750445264
India,2035,S2_CAPACITY,renewable_generation_share_pct,19.63610325143397,12.012388709238145,-7.623714542195824,-38.82498703829685
Canada,2035,S1_NO_CN,renewable_generation_share_pct,48.25463932847789,45.598792143650385,-2.6558471848275076,-5.503817294641215
Canada,2035,S2_CAPACITY,renewable_generation_share_pct,48.25463932847789,49.14495930957518,0.890319981097285,1.845045354161118
United States,2035,S1_NO_CN,renewable_generation_share_pct,22.731092355992935,17.097151276277078,-5.633941079715857,-24.78517526338983
United States,2035,S2_CAPACITY,renewable_generation_share_pct,22.731092355992935,20.223650826555176,-2.5074415294377594,-11.03088883793429
Rest of America,2035,S1_NO_CN,renewable_generation_share_pct,26.85922889130389,27.11102893738422,0.25180004608033,0.9374805475590342
Rest of America,2035,S2_CAPACITY,renewable_generation_share_pct,26.85922889130389,32.2117038455646,5.35247495426071,19.927880193141586
Brazil,2035,S1_NO_CN,renewable_generation_share_pct,69.11679279964602,48.964731072827284,-20.152061726818737,-29.156534773300336
Brazil,2035,S2_CAPACITY,renewable_generation_share_pct,69.11679279964602,51.82362564961873,-17.293167150027294,-25.020210645705568
"EU, UK and EFTA",2035,S1_NO_CN,renewable_generation_share_pct,49.67887331748651,35.25364369684135,-14.425229620645162,-29.036950029958934
"EU, UK and EFTA",2035,S2_CAPACITY,renewable_generation_share_pct,49.67887331748651,35.988208689434614,-13.690664628051898,-27.558323516231813
Eastern Europe,2035,S1_NO_CN,renewable_generation_share_pct,5.047692469375823,5.073646568631196,0.025954099255372398,0.5141775061146262
Eastern Europe,2035,S2_CAPACITY,renewable_generation_share_pct,5.047692469375823,5.9235238309010585,0.8758313615252353,17.35112364390014
Russia,2035,S1_NO_CN,renewable_generation_share_pct,3.9014560430919674,3.913682258234102,0.012226215142134844,0.31337569889536343
Russia,2035,S2_CAPACITY,renewable_generation_share_pct,3.9014560430919674,4.878573330003539,0.9771172869115721,25.0449390206942
North Africa,2035,S1_NO_CN,renewable_generation_share_pct,10.214649877781268,10.354219249074468,0.13956937129320046,1.3663647111076158
North Africa,2035,S2_CAPACITY,renewable_generation_share_pct,10.214649877781268,13.202454806873014,2.9878049290917463,29.250194229278176
Sub Saharan,2035,S1_NO_CN,renewable_generation_share_pct,31.304110903039906,31.500966233213706,0.19685533017380052,0.6288481751918535
Sub Saharan,2035,S2_CAPACITY,renewable_generation_share_pct,31.304110903039906,37.09795635530228,5.793845452262374,18.508257494384676
South Africa,2035,S1_NO_CN,renewable_generation_share_pct,11.68731437449267,11.722556506047713,0.03524213155504263,0.3015417436871372
South Africa,2035,S2_CAPACITY,renewable_generation_share_pct,11.68731437449267,15.146435154772151,3.4591207802794806,29.597225414154533
Australia_Oceania,2040,S1_NO_CN,renewable_generation_share_pct,61.295245829392265,34.6808867444234,-26.614359084968868,-43.4199402006587
Australia_Oceania,2040,S2_CAPACITY,renewable_generation_share_pct,61.295245829392265,42.426899509884905,-18.86834631950736,-30.782723952237777
China,2040,S1_NO_CN,renewable_generation_share_pct,63.02996238625073,63.11528029919037,0.08531791293963664,0.13536088188789364
China,2040,S2_CAPACITY,renewable_generation_share_pct,63.02996238625073,73.10900594494646,10.07904355869573,15.990876683268272
Japan,2040,S1_NO_CN,renewable_generation_share_pct,13.246278583956856,7.6667984981322315,-5.579480085824625,-42.12111386953749
Japan,2040,S2_CAPACITY,renewable_generation_share_pct,13.246278583956856,8.862823021807833,-4.383455562149024,-33.09197775334438
South Korea,2040,S1_NO_CN,renewable_generation_share_pct,17.240321339870306,5.267761816262385,-11.97255952360792,-69.44510654752092
South Korea,2040,S2_CAPACITY,renewable_generation_share_pct,17.240321339870306,6.120724685866434,-11.119596654003871,-64.49761831462197
Rest of World,2040,S1_NO_CN,renewable_generation_share_pct,15.104200109813148,15.13600621890688,0.031806109093732715,0.2105779111935123
Rest of World,2040,S2_CAPACITY,renewable_generation_share_pct,15.104200109813148,20.499960304072943,5.395760194259795,35.723574601969084
Southeast Asia,2040,S1_NO_CN,renewable_generation_share_pct,28.41768026469757,28.705045786541813,0.2873655218442437,1.0112208989881177
Southeast Asia,2040,S2_CAPACITY,renewable_generation_share_pct,28.41768026469757,36.65370754103351,8.236027276335943,28.982053424562285
"Central, Western and South Asia",2040,S1_NO_CN,renewable_generation_share_pct,11.671341988258762,11.178175955715874,-0.49316603254288793,-4.225444109503495
"Central, Western and South Asia",2040,S2_CAPACITY,renewable_generation_share_pct,11.671341988258762,13.572928085893505,1.901586097634743,16.2927802094028
India,2040,S1_NO_CN,renewable_generation_share_pct,21.618406778239926,11.632983249859173,-9.985423528380753,-46.18945156694716
India,2040,S2_CAPACITY,renewable_generation_share_pct,21.618406778239926,14.072085473329263,-7.546321304910663,-34.906926224121364
Canada,2040,S1_NO_CN,renewable_generation_share_pct,47.65665573872924,45.07257190338629,-2.584083835342952,-5.422293686552031
Canada,2040,S2_CAPACITY,renewable_generation_share_pct,47.65665573872924,48.325107193276494,0.6684514545472524,1.4026402906069224
United States,2040,S1_NO_CN,renewable_generation_share_pct,22.163590413326837,16.64575491085238,-5.517835502474458,-24.89594600681944
United States,2040,S2_CAPACITY,renewable_generation_share_pct,22.163590413326837,19.34714872657404,-2.816441686752796,-12.707515498297994
Rest of America,2040,S1_NO_CN,renewable_generation_share_pct,24.61879815841671,24.872049343759695,0.25325118534298596,1.0286902866393748
Rest of America,2040,S2_CAPACITY,renewable_generation_share_pct,24.61879815841671,29.19974343232891,4.580945273912199,18.607509775395187
Brazil,2040,S1_NO_CN,renewable_generation_share_pct,65.8730798165099,45.607985581923664,-20.265094234586236,-30.763848131945327
Brazil,2040,S2_CAPACITY,renewable_generation_share_pct,65.8730798165099,48.20544006041153,-17.667639756098367,-26.820728293426917
"EU, UK and EFTA",2040,S1_NO_CN,renewable_generation_share_pct,47.66725557695536,33.29966497056933,-14.367590606386031,-30.141426084811172
"EU, UK and EFTA",2040,S2_CAPACITY,renewable_generation_share_pct,47.66725557695536,34.02520499850181,-13.64205057845355,-28.619332943197115
Eastern Europe,2040,S1_NO_CN,renewable_generation_share_pct,4.670926448572353,4.69686872238873,0.02594227381637726,0.5553988936029253
Eastern Europe,2040,S2_CAPACITY,renewable_generation_share_pct,4.670926448572353,5.454315883824721,0.783389435252368,16.771607172101955
Russia,2040,S1_NO_CN,renewable_generation_share_pct,3.7809858162437022,3.796465598162943,0.015479781919240931,0.4094112665733202
Russia,2040,S2_CAPACITY,renewable_generation_share_pct,3.7809858162437022,4.5618636571594235,0.7808778409157213,20.65275774272807
North Africa,2040,S1_NO_CN,renewable_generation_share_pct,11.215352838325751,11.373554569065842,0.1582017307400907,1.4105818427706938
North Africa,2040,S2_CAPACITY,renewable_generation_share_pct,11.215352838325751,14.076165214956525,2.860812376630774,25.508001557067743
Sub Saharan,2040,S1_NO_CN,renewable_generation_share_pct,30.231459339702802,30.45675403517514,0.22529469547233916,0.7452326165957226
Sub Saharan,2040,S2_CAPACITY,renewable_generation_share_pct,30.231459339702802,35.55712001955922,5.325660679856419,17.616287126643137
South Africa,2040,S1_NO_CN,renewable_generation_share_pct,10.965147153088328,11.006698619762142,0.041551466673814375,0.378941259006373
South Africa,2040,S2_CAPACITY,renewable_generation_share_pct,10.965147153088328,13.785328584197625,2.8201814311092974,25.71950373064528
Australia_Oceania,2045,S1_NO_CN,renewable_generation_share_pct,59.2682905527057,32.9063970744827,-26.361893478223003,-44.478916520765985
Australia_Oceania,2045,S2_CAPACITY,renewable_generation_share_pct,59.2682905527057,40.35521289017693,-18.91307766252877,-31.910955227753497
China,2045,S1_NO_CN,renewable_generation_share_pct,65.47944564924498,65.55428558657769,0.07483993733271177,0.11429531296524457
China,2045,S2_CAPACITY,renewable_generation_share_pct,65.47944564924498,75.59251385861717,10.113068209372187,15.444645428956525
Japan,2045,S1_NO_CN,renewable_generation_share_pct,11.781271316615978,6.787940353706464,-4.993330962909514,-42.3836344034201
Japan,2045,S2_CAPACITY,renewable_generation_share_pct,11.781271316615978,7.896503589710725,-3.8847677269052534,-32.974096109867915
South Korea,2045,S1_NO_CN,renewable_generation_share_pct,17.198691989216172,5.290526368092658,-11.908165621123514,-69.23878646463409
South Korea,2045,S2_CAPACITY,renewable_generation_share_pct,17.198691989216172,6.206363966715907,-10.992328022500265,-63.9137443091173
Rest of World,2045,S1_NO_CN,renewable_generation_share_pct,15.474986335854032,15.507781859795124,0.03279552394109153,0.21192602842632244
Rest of World,2045,S2_CAPACITY,renewable_generation_share_pct,15.474986335854032,20.89416012081832,5.419173784964288,35.018924523432965
Southeast Asia,2045,S1_NO_CN,renewable_generation_share_pct,31.851536101673098,32.16257723000989,0.31104112833678954,0.9765341531532954
Southeast Asia,2045,S2_CAPACITY,renewable_generation_share_pct,31.851536101673098,41.30368868507135,9.452152583398252,29.675656939200962
"Central, Western and South Asia",2045,S1_NO_CN,renewable_generation_share_pct,11.73061049425031,11.246543617864974,-0.4840668763853362,-4.126527571796871
"Central, Western and South Asia",2045,S2_CAPACITY,renewable_generation_share_pct,11.73061049425031,13.255794907315394,1.5251844130650838,13.001747980743577
India,2045,S1_NO_CN,renewable_generation_share_pct,24.124842976516337,15.007241053494223,-9.117601923022114,-37.79341458055247
India,2045,S2_CAPACITY,renewable_generation_share_pct,24.124842976516337,18.260986797314228,-5.863856179202109,-24.30629780641523
Canada,2045,S1_NO_CN,renewable_generation_share_pct,47.306247301880745,44.80457964488156,-2.5016676569991887,-5.288239502565088
Canada,2045,S2_CAPACITY,renewable_generation_share_pct,47.306247301880745,47.8525665237659,0.546319221885156,1.154856394333854
United States,2045,S1_NO_CN,renewable_generation_share_pct,21.80557630897899,16.361644183316052,-5.443932125662936,-24.96577961767175
United States,2045,S2_CAPACITY,renewable_generation_share_pct,21.80557630897899,18.749739575891404,-3.0558367330875846,-14.014014992253463
Rest of America,2045,S1_NO_CN,renewable_generation_share_pct,23.055272617856883,23.308352677264725,0.25308005940784284,1.0977101143094965
Rest of America,2045,S2_CAPACITY,renewable_generation_share_pct,23.055272617856883,27.15413729490107,4.098864677044187,17.778426414569978
Brazil,2045,S1_NO_CN,renewable_generation_share_pct,63.116640340667026,43.09719692676299,-20.019443413904035,-31.71817020971124
Brazil,2045,S2_CAPACITY,renewable_generation_share_pct,63.116640340667026,45.55379572017567,-17.562844620491354,-27.82601311745572
"EU, UK and EFTA",2045,S1_NO_CN,renewable_generation_share_pct,46.15557983873881,31.92929248766957,-14.226287351069239,-30.822464804415656
"EU, UK and EFTA",2045,S2_CAPACITY,renewable_generation_share_pct,46.15557983873881,32.654870979088805,-13.500708859650004,-29.250437123354548
Eastern Europe,2045,S1_NO_CN,renewable_generation_share_pct,4.442774577761141,4.468649712597741,0.025875134836599756,0.5824093566691624
Eastern Europe,2045,S2_CAPACITY,renewable_generation_share_pct,4.442774577761141,5.173155609406915,0.7303810316457735,16.439749954944514
Russia,2045,S1_NO_CN,renewable_generation_share_pct,3.767783196212336,3.7859047796820553,0.018121583469719482,0.4809614175236167
Russia,2045,S2_CAPACITY,renewable_generation_share_pct,3.767783196212336,4.419301647354136,0.6515184511418006,17.291824322502336
North Africa,2045,S1_NO_CN,renewable_generation_share_pct,13.403866552966067,13.613537756929702,0.20967120396363548,1.5642591123621603
North Africa,2045,S2_CAPACITY,renewable_generation_share_pct,13.403866552966067,16.53906669836879,3.135200145402722,23.390266778722527
Sub Saharan,2045,S1_NO_CN,renewable_generation_share_pct,31.086572475134744,31.233806857833443,0.1472343826986986,0.47362694236061936
Sub Saharan,2045,S2_CAPACITY,renewable_generation_share_pct,31.086572475134744,36.428697872706415,5.342125397571671,17.18467161937741
South Africa,2045,S1_NO_CN,renewable_generation_share_pct,10.388779889651625,10.454037935453638,0.06525804580201289,0.6281589031164009
South Africa,2045,S2_CAPACITY,renewable_generation_share_pct,10.388779889651625,12.806621327206598,2.417841437554973,23.273584224875247
Australia_Oceania,2050,S1_NO_CN,renewable_generation_share_pct,57.82404736242417,31.849894409962854,-25.974152952461314,-44.919292469554996
Australia_Oceania,2050,S2_CAPACITY,renewable_generation_share_pct,57.82404736242417,39.28666406315206,-18.537383299272108,-32.05825974630456
China,2050,S1_NO_CN,renewable_generation_share_pct,67.95146518458586,68.01013813225252,0.058672947666664754,0.08634537534589343
China,2050,S2_CAPACITY,renewable_generation_share_pct,67.95146518458586,78.44440971666492,10.492944532079065,15.441822341248484
Japan,2050,S1_NO_CN,renewable_generation_share_pct,10.199386470713872,5.845836702229443,-4.353549768484429,-42.684427940690796
Japan,2050,S2_CAPACITY,renewable_generation_share_pct,10.199386470713872,6.911923729164042,-3.28746274154983,-32.231965628416226
South Korea,2050,S1_NO_CN,renewable_generation_share_pct,16.866474350436885,5.216281955086205,-11.650192395350679,-69.07307451037573
South Korea,2050,S2_CAPACITY,renewable_generation_share_pct,16.866474350436885,6.258853699576337,-10.607620650860548,-62.89174862786771
Rest of World,2050,S1_NO_CN,renewable_generation_share_pct,15.995302581187156,16.027493276575324,0.03219069538816832,0.2012509311704384
Rest of World,2050,S2_CAPACITY,renewable_generation_share_pct,15.995302581187156,21.73072547858985,5.735422897402694,35.856920294514474
Southeast Asia,2050,S1_NO_CN,renewable_generation_share_pct,37.361726966811766,37.637185152295814,0.2754581854840481,0.7372736964989232
Southeast Asia,2050,S2_CAPACITY,renewable_generation_share_pct,37.361726966811766,49.26763137335552,11.905904406543755,31.86657944671484
"Central, Western and South Asia",2050,S1_NO_CN,renewable_generation_share_pct,11.967100097900893,11.479246916567654,-0.4878531813332394,-4.076619877348666
"Central, Western and South Asia",2050,S2_CAPACITY,renewable_generation_share_pct,11.967100097900893,13.345663797817403,1.3785636999165103,11.519613679493826
India,2050,S1_NO_CN,renewable_generation_share_pct,26.691409332663305,21.99581203366374,-4.695597298999566,-17.59216697955841
India,2050,S2_CAPACITY,renewable_generation_share_pct,26.691409332663305,28.37478555442436,1.6833762217610548,6.3068090589770485
Canada,2050,S1_NO_CN,renewable_generation_share_pct,47.14007981907123,44.72429543052221,-2.415784388549021,-5.124693037901219
Canada,2050,S2_CAPACITY,renewable_generation_share_pct,47.14007981907123,47.663198587602224,0.5231187685309919,1.109711248981289
United States,2050,S1_NO_CN,renewable_generation_share_pct,21.596789797065536,16.195237063148586,-5.401552733916951,-25.01090571641757
United States,2050,S2_CAPACITY,renewable_generation_share_pct,21.596789797065536,18.38360353183643,-3.2131862652291048,-14.878073525842698
Rest of America,2050,S1_NO_CN,renewable_generation_share_pct,21.96718124829927,22.217498635755902,0.2503173874566329,1.1395061779991134
Rest of America,2050,S2_CAPACITY,renewable_generation_share_pct,21.96718124829927,25.83662713724352,3.8694458889442522,17.614667285743955
Brazil,2050,S1_NO_CN,renewable_generation_share_pct,60.920157327515525,41.356179858584156,-19.56397746893137,-32.11412827408277
Brazil,2050,S2_CAPACITY,renewable_generation_share_pct,60.920157327515525,43.81066241621221,-17.109494911303315,-28.08511281302215
"EU, UK and EFTA",2050,S1_NO_CN,renewable_generation_share_pct,45.04252633007557,30.995670223850425,-14.046856106225142,-31.18576432256165
"EU, UK and EFTA",2050,S2_CAPACITY,renewable_generation_share_pct,45.04252633007557,31.729766536014548,-13.31275979406102,-29.55597937936241
Eastern Europe,2050,S1_NO_CN,renewable_generation_share_pct,4.289938745223782,4.315274221375762,0.025335476151980174,0.5905789722565973
Eastern Europe,2050,S2_CAPACITY,renewable_generation_share_pct,4.289938745223782,4.993924799584422,0.70398605436064,16.410165649670997
Russia,2050,S1_NO_CN,renewable_generation_share_pct,3.8121607875534687,3.8320596008791714,0.019898813325702758,0.5219825299780502
Russia,2050,S2_CAPACITY,renewable_generation_share_pct,3.8121607875534687,4.385701270144833,0.5735404825913641,15.045023401529853
North Africa,2050,S1_NO_CN,renewable_generation_share_pct,17.402873665370137,17.681340638880854,0.27846697351071725,1.6001206402183843
North Africa,2050,S2_CAPACITY,renewable_generation_share_pct,17.402873665370137,21.380246161409193,3.977372496039056,22.854688096446985
Sub Saharan,2050,S1_NO_CN,renewable_generation_share_pct,33.92834834138919,34.23731429320341,0.3089659518142227,0.9106424772151822
Sub Saharan,2050,S2_CAPACITY,renewable_generation_share_pct,33.92834834138919,39.945630795128984,6.017282453739796,17.73526489764111
South Africa,2050,S1_NO_CN,renewable_generation_share_pct,9.901666844843033,9.941609721943175,0.03994287710014177,0.4033954860937857
South Africa,2050,S2_CAPACITY,renewable_generation_share_pct,9.901666844843033,12.192855683392127,2.2911888385490933,23.139425658846374
