target,technology,iso3,year,observed,procurement,B_fit,B_anchor,beta_B,model_factual,capacity_weight,observation_rule,observed_completed,P,S,T,K,E,net,total_decline,remainder,model_without_source_contribution,net_pct
CHN,pv,AUS,2010,8226.006707647639,2666.087536470219,6575.302935539268,5559.91917117742,-0.6311445523247294,9241.390472009487,5323.000000000004,reported,8226.006707647639,0.0,0.0,0.0,0.0,0.0,0.0,0.0,0.0,9241.390472009487,
CHN,pv,AUS,2011,8070.627916404932,1951.7830260493906,4588.100431885518,6118.844890355542,-0.6311445523247294,6539.8834579349095,5323.000000000004,reported,8070.627916404932,344.36265788570546,14.740980429272447,0.0,2.0300668146859038,98.19644548538221,459.330150615046,155.37879124270694,-303.9513593723391,6999.213608549955,295.6195932156254
CHN,pv,AUS,2012,5845.8413892502,1192.4342491942662,3688.110954154833,4653.407140055934,-0.6311445523247294,4880.545203349099,5323.000000000004,reported,5845.8413892502,828.9382913565837,42.11685117615549,0.0,2.8734090960825363,141.90954661182488,1015.8380982406467,2380.1653183974386,1364.327220156792,5896.383301589746,42.67930846604423
CHN,pv,AUS,2013,3431.1490001785755,860.2898660049309,3046.368948670667,2570.8591341736446,-0.6311445523247294,3906.658814675598,5323.000000000004,reported,3431.1490001785755,1057.6484863654168,76.50996728001226,0.0,5.9679452460522,179.63143597702938,1319.7578348685108,4794.857707469064,3475.0998726005528,5226.416649544109,27.52444212917294
CHN,pv,AUS,2014,3581.3283583559555,857.4327133734384,2601.525984466303,2723.8956449825173,-0.6311445523247294,3458.958697839741,5323.000000000004,reported,3581.3283583559555,1005.1977987602082,9.527140440445324,0.0,6.95851770054727,266.8908477142177,1288.5743046154187,4644.678349291684,3356.1040446762654,4747.5330024551595,27.743025624410073
CHN,pv,AUS,2015,2663.0217981108967,724.9704361883232,2233.4270165617786,1938.0513619225735,-0.6311445523247294,2958.397452750102,5323.000000000004,reported,2663.0217981108967,1095.0976970141542,29.218325908454755,0.0,7.362873875004547,232.68473540523453,1364.363632202848,5562.984909536743,4198.621277333895,4322.76108495295,24.525747496885902
CHN,pv,AUS,2016,2292.9292994915004,567.7810367104781,1870.0115835712204,1725.1482627810224,-0.6311445523247294,2437.7926202816984,5323.000000000004,reported,2292.9292994915004,1220.5235538312345,61.736176879239366,0.0,9.91471957991503,317.8002771401305,1609.9747274305194,5933.0774081561385,4323.102680725619,4047.767347712218,27.135575969686563
CHN,pv,AUS,2017,2346.42868245442,507.80294671927766,1569.8958446438712,1838.6257357351424,-0.6311445523247294,2077.6987913631488,5323.000000000004,reported,2346.42868245442,1203.6404970581923,16.906270637101073,0.0,11.831578063579684,496.27589213904326,1728.6542378979161,5879.578025193219,4150.923787295304,3806.353029261065,29.400991542094687
CHN,pv,AUS,2018,1809.828003777512,438.89349130200554,1367.1582874292396,1370.9345124755066,-0.6311445523247294,1806.0517787312451,5323.000000000004,reported,1809.828003777512,1300.2499785391678,64.06738772801113,0.0,11.487025159315555,402.04801506807655,1777.8524064945714,6416.178703870127,4638.326297375555,3583.9041852258165,27.708897905574265
CHN,pv,AUS,2019,1489.0921446638883,336.0370827124785,1210.6961061267905,1153.05506195141,-0.6311445523247294,1546.733188839269,5323.000000000004,reported,1489.0921446638883,1407.82660225056,91.8994924042321,0.0,9.077665583563062,310.5959898820141,1819.3997501203694,6736.91456298375,4917.514812863381,3366.1329389596385,27.006424574791776
CHN,pv,AUS,2020,1248.0457552893834,303.05931400195163,1065.1397478855254,944.9864412874317,-0.6311445523247294,1368.199061887477,5323.000000000004,reported,1248.0457552893834,1417.401454268666,82.31413818328907,0.0,8.63367157608569,250.24093102000577,1758.5901950480463,6977.960952358256,5219.370757310209,3126.7892569355236,25.20206414244432
CHN,pv,AUS,2021,1162.0471230412904,371.103902666107,947.8416555023391,790.9432203751835,-0.6311445523247294,1318.945558168446,5323.000000000004,reported,1162.0471230412904,1363.8172970027913,80.9692232222608,0.0,7.149750548785686,202.99251650999372,1654.9287872838315,7063.9595846063485,5409.030797322517,2973.8743454522773,23.427778251877633
CHN,pv,AUS,2022,979.5214615557928,353.86640981108314,834.6094605210275,625.6550517447097,-0.6311445523247294,1188.4758703321106,5323.000000000004,reported,979.5214615557928,1377.6648283337965,82.98081215298961,0.0,6.45636672192969,163.85740554810425,1630.95941275682,7246.485246091846,5615.525833335027,2819.4352830889306,22.506903103631164
CHN,pv,AUS,2023,1012.2454310798984,224.51838178014515,691.6230844303054,787.7270492997532,-0.6311445523247294,916.1414662104505,5323.000000000004,reported,1012.2454310798984,1510.1312268991765,108.35263868175662,0.0,6.055906567097996,286.22898072345157,1910.7687528714825,7213.76127656774,5302.992523696258,2826.910219081933,26.4878290203223
CHN,pv,AUS,2024,943.9690385525072,129.51154301459258,579.5357096998207,814.4574955379146,-0.6311445523247294,709.0472527144133,5323.000000000004,reported,943.9690385525072,1610.212914959786,124.9650521365189,0.0,5.45108392536501,356.86365899583154,2097.4927100175014,7282.037669095132,5184.54495907763,2806.539962731915,28.803650919291886
CHN,pv,BRA,2010,,2841.5447425676575,10215.554287664529,4680.970811007896,-0.8431480181598846,13057.099030232186,15550.85,carry_2011,7522.515553575554,0.0,0.0,0.0,0.0,0.0,0.0,0.0,0.0,13057.099030232186,
CHN,pv,BRA,2011,7522.515553575554,2145.8440335034957,6316.597124754594,5376.671520072058,-0.8431480181598846,8462.44115825809,15550.85,reported,7522.515553575554,196.86070887403307,-5.031377709695237,0.0,4.177689087085612,118.4481213708864,314.45514162230984,0.0,-314.45514162230984,8776.8962998804,
CHN,pv,BRA,2012,,1420.2575738767985,4718.466739838976,4718.466739838976,-0.8431480181598846,6138.724313715774,15550.85,interpolate_country,6319.899096442668,482.9448816275012,19.87246495916699,0.0,6.007318377772983,205.87230770841376,714.696972672855,1202.6164571328854,487.9194844600304,6853.421286388629,59.42850427780927
CHN,pv,BRA,2013,5117.282639309783,1076.9540102485794,3655.0409002931688,4040.3286290612036,-0.8431480181598846,4731.994910541748,15550.85,reported,5117.282639309783,585.9993362745598,12.747304782407697,3.684934347232127,13.83398617026497,434.78538852273397,1051.0509500971987,2405.232914265771,1354.1819641685722,5783.045860638947,43.69851018848401
CHN,pv,BRA,2014,6068.722799156141,1009.5977421492223,2960.126634866061,5059.125057006919,-0.8431480181598846,3969.7243770152836,15550.85,reported,6068.722799156141,586.741880252292,3.525076635034208,0.0,16.507106114230695,747.5967724686253,1354.3708354701823,1453.7927544194126,99.4219189492303,5324.095212485466,93.16120412300889
CHN,pv,BRA,2015,2497.658976411624,821.9244308268568,2414.3384512008897,1675.7345455847671,-0.8431480181598846,3236.2628820277464,15550.85,reported,2497.658976411624,735.7614337565642,85.21696066236764,0.0,15.784576841212292,278.1099718644443,1114.8729431245883,5024.85657716393,3909.9836340393413,4351.135825152334,22.18715949408912
CHN,pv,BRA,2016,2460.5928028234507,568.3766487495783,1904.4225715651276,1892.2161540738725,-0.8431480181598846,2472.799220314706,15550.85,reported,2460.5928028234507,1027.7753609485337,235.14852548021187,0.0,14.45107689527594,501.8703275838778,1779.2452909078993,5061.922750752103,3282.6774598442034,4252.044511222605,35.149593909617415
CHN,pv,BRA,2017,1975.0868857598143,482.78243735120384,1507.5444881806472,1492.3044484086104,-0.8431480181598846,1990.326925531851,15550.85,reported,1975.0868857598143,1078.7696691204862,231.9042924321955,0.0,16.535301086908675,563.9147719346591,1891.1240345742494,5547.42866781574,3656.30463324149,3881.4509601061004,34.090100978601065
CHN,pv,BRA,2018,1809.6190475909184,434.6277856666832,1253.2751396165838,1374.9912619242352,-0.8431480181598846,1687.902925283267,15550.85,reported,1809.6190475909184,1117.8977849574894,235.89153130093572,0.0,16.085256259543605,581.3781134645184,1951.252685982487,5712.896505984636,3761.643820002149,3639.155611265754,34.15522553118932
CHN,pv,BRA,2019,1495.162848478625,339.1556423527974,1065.4487732773468,1156.0072061258275,-0.8431480181598846,1404.604415630144,15550.85,reported,1495.162848478625,1223.9092335389237,248.27466204016704,-17.45836846825805,12.389465708931084,451.0668984912443,1918.181891311008,6027.352705096929,4109.1708137859205,3322.7863069411524,31.82461662960142
CHN,pv,BRA,2020,1298.4074341474254,304.6098542145941,897.8798206178218,993.7975799328312,-0.8431480181598846,1202.4896748324159,15550.85,reported,1298.4074341474254,1241.6007308970898,241.95920036787632,-17.208605884613192,10.951451529261481,387.3567526630387,1864.659529572653,6224.108119428129,4359.448589855476,3067.1492044050688,29.95866224997354
CHN,pv,BRA,2021,915.5422974243716,376.4771235260486,768.2930901527423,539.0651738983229,-0.8431480181598846,1144.770213678791,15550.85,reported,915.5422974243716,1186.685043153147,227.7557828091293,-17.724163467912767,10.945954398925647,185.38592742276956,1593.0485443160587,6606.973256151183,5013.924711835124,2737.81875799485,24.111623924508983
CHN,pv,BRA,2022,779.5200740754375,359.85205446189406,648.2088449663519,419.66801961354344,-0.8431480181598846,1008.0608994282459,15550.85,reported,779.5200740754375,1193.1791841884713,219.74098367237193,-17.62154456266653,10.451268083390683,145.3262223255545,1551.0761137071217,6742.995479500117,5191.919365792995,2559.137013135368,23.002775523469708
CHN,pv,BRA,2023,744.352528682658,228.57890185696598,504.2974670278212,515.773626825692,-0.8431480181598846,732.8763688847872,15550.85,reported,744.352528682658,1294.6522323785236,228.3276059458185,-16.893847586335077,9.843749911156136,256.8971308121504,1772.8268714613137,6778.163024892896,5005.336153431583,2505.7032403461008,26.154975395997155
CHN,pv,BRA,2024,724.4366073748986,131.8617369588426,398.2022818459343,592.574870416056,-0.8431480181598846,530.0640188047769,15550.85,reported,724.4366073748986,1379.2374502404687,236.46743352316903,-16.431158915055743,8.470653364514877,369.22592420693314,1976.97030242003,6798.078946200655,4821.108643780625,2507.034321224807,29.08130838234718
CHN,pv,DEU,2010,4412.429498946073,2627.8484134454716,1682.3518379719396,1784.5810855006016,-0.384829060580243,4310.200251417411,15685.0,reported,4412.429498946073,0.0,0.0,0.0,0.0,0.0,0.0,0.0,0.0,4310.200251417411,
CHN,pv,DEU,2011,3509.4585583491103,2010.878264542425,1350.909215976013,1498.5802938066852,-0.384829060580243,3361.7874805184383,15685.0,reported,3509.4585583491103,243.04582146384848,26.684294738474772,0.0,5.907970071724168,12.17186539044,287.8099516644874,902.9709405969629,615.1609889324754,3649.597432182926,31.873667105412434
CHN,pv,DEU,2012,2788.468001908775,1256.0313677696051,1182.512994802188,1532.4366341391699,-0.384829060580243,2438.544362571793,15685.0,reported,2788.468001908775,620.612409637535,75.35381966935387,0.0,7.325312543704222,28.466523324380137,731.7580651749731,1623.9614970372982,892.203431862325,3170.302427746766,45.06006247746443
CHN,pv,DEU,2013,2385.8489941203084,1013.1821674464204,1052.4102424059756,1372.666826673888,-0.384829060580243,2065.592409852396,15685.0,reported,2385.8489941203084,742.5147594056609,38.676975482727585,-39.962192083617495,16.25677461959293,63.95865437475955,821.4449717991236,2026.5805048257648,1205.1355330266413,2887.0373816515194,40.53354751232778
CHN,pv,DEU,2014,1905.6109817322056,1083.4459548018426,955.8402024343387,822.165026930363,-0.384829060580243,2039.2861572361812,15685.0,reported,1905.6109817322056,574.0524653627937,-80.93871867617521,-51.27088995391537,22.6629187366835,47.26002233493209,511.7657978043187,2506.8185172138674,1995.0527194095487,2551.0519550404997,20.414952031434105
CHN,pv,DEU,2015,1524.0657237487353,953.8836222345835,870.9367987615078,570.1821015141518,-0.384829060580243,1824.8204209960913,15685.0,reported,1524.0657237487353,564.1490517345202,-104.28543344221562,-46.78216468233891,25.311862646562496,39.54183806522933,477.93515432175747,2888.363775197338,2410.4286208755802,2302.755575317849,16.546916923201756
CHN,pv,DEU,2016,1383.628851008505,804.9002929966445,781.555009957474,578.7285580118606,-0.384829060580243,1586.4553029541185,15685.0,reported,1383.628851008505,638.5886194635636,-83.291740852845,-46.91669070966549,33.28885707782752,62.598289516883554,604.2673344957643,3028.800647937568,2424.533313441804,2190.7226374498828,19.950713326320574
CHN,pv,DEU,2017,1326.5973101999584,711.6537367109757,702.4834546982947,614.9435734889827,-0.384829060580243,1414.1371914092706,15685.0,reported,1326.5973101999584,670.0733517676507,-78.75129446236595,-85.43348662848116,40.76748445437993,95.91272254874643,642.5687776799299,3085.8321887461148,2443.2634110661847,2056.7059690892006,20.82319252561264
CHN,pv,DEU,2018,1325.5787006452413,616.0057544065216,645.6846266953398,709.5729462387196,-0.384829060580243,1261.6903811018615,15685.0,reported,1325.5787006452413,724.4115384566717,-61.24618329147766,-130.4760950256093,43.38846972447423,125.05012382362743,701.1278536876864,3086.850798300832,2385.722944613146,1962.818234789548,22.713370340854333
CHN,pv,DEU,2019,1070.350382721752,423.1180966761038,599.5653979502181,647.2322860456484,-0.384829060580243,1022.6834946263218,15685.0,reported,1070.350382721752,920.7749483494803,32.33070496164703,0.0,30.309921688614544,107.24638977326128,1090.661964773003,3342.0791162243213,2251.417151451318,2113.3454593993247,32.63423536200325
CHN,pv,DEU,2020,823.3332704010522,365.01031141811427,554.5210651142627,458.32295898293796,-0.384829060580243,919.531376532377,15685.0,reported,823.3332704010522,1004.4044731536793,62.6601217896012,0.0,27.072260002370772,74.32857341426994,1168.4654283599211,3589.096228545021,2420.6308001851,2087.9968048922983,32.555979387423776
CHN,pv,DEU,2021,787.7903462895194,428.9600048879928,516.4430505354707,358.83034140152665,-0.384829060580243,945.4030554234635,15685.0,reported,787.7903462895194,996.3349758904025,77.0825914357262,0.0,29.779068110938447,56.48978963654113,1159.6864250736082,3624.639152656554,2464.952727582946,2105.0894804970717,31.994534524178942
CHN,pv,DEU,2022,1057.341173676759,374.06262760044456,477.8958126311356,683.2785460763143,-0.384829060580243,851.9584402315802,15685.0,reported,1057.341173676759,1167.7128673820848,136.70362381514033,0.0,26.21157581191875,125.12720157924731,1455.7552685883913,3355.0883252693143,1899.333056680923,2307.7137088199715,43.38947674265885
CHN,pv,DEU,2023,748.2274007844397,239.97871734341157,426.15801592538486,508.24868344102816,-0.384829060580243,666.1367332687964,15685.0,reported,748.2274007844397,1263.3027906247553,140.55404917274322,0.0,22.110002171821463,113.50652388791343,1539.4733658572331,3664.2020981616333,2124.7287323044,2205.6100991260296,42.01387709017476
CHN,pv,DEU,2024,592.9665484018221,139.32381848965485,382.60423905278026,453.6427299121673,-0.384829060580243,521.9280575424351,15685.0,reported,592.9665484018221,1346.3435145438214,143.07485543218374,0.0,16.173171744053146,117.53259499399833,1623.1241367140567,3819.462950544251,2196.3388138301943,2145.052194256492,42.49613513027456
CHN,pv,ESP,2010,5563.901030792681,2790.4267182966028,2402.431447182071,2773.4743124960783,-0.4691205152601589,5192.858165478674,6243.260000000002,reported,5563.901030792681,0.0,0.0,0.0,0.0,0.0,0.0,0.0,0.0,5192.858165478674,
CHN,pv,ESP,2011,3886.646798518194,2101.0534194644747,1838.6041960866414,1785.5933790537192,-0.4691205152601589,3939.657615551116,6243.260000000002,reported,3886.646798518194,163.9514557994535,40.01431548515247,0.0,2.697139028731315,13.243701791173002,219.90661210451032,1677.254232274487,1457.3476201699768,4159.564227655626,13.111107897238682
CHN,pv,ESP,2012,3201.469600696212,1325.3592285047707,1563.1594637564535,1876.1103721914415,-0.4691205152601589,2888.5186922612243,6243.260000000002,reported,3201.469600696212,461.83007859707504,120.70741502812592,0.0,3.965978649554809,38.557584785786396,625.0610570605422,2362.431430096469,1737.3703730359266,3513.5797493217665,26.458378816735355
CHN,pv,ESP,2013,2750.859347123692,1081.6661395939698,1356.1091112973038,1669.193207529722,-0.4691205152601589,2437.7752508912736,6243.260000000002,reported,2750.859347123692,539.9790788580906,77.6360566279241,-28.4549209972493,9.795762321572727,91.26477861015596,690.2207554204941,2813.041683668989,2122.820928248495,3127.996006311768,24.536456726807337
CHN,pv,ESP,2014,2758.289754469833,1106.9768064771733,1205.9774897867146,1651.3129479926597,-0.4691205152601589,2312.954296263888,6243.260000000002,reported,2758.289754469833,428.0012743936637,-15.47459960658477,-36.98522031005772,13.028025959489513,122.36543206582655,510.9349125023373,2805.611276322848,2294.6763638205107,2823.8892087662252,18.211179745898015
CHN,pv,ESP,2015,1422.8034809078426,956.8978133331395,1076.6927441397936,465.9056675747031,-0.4691205152601589,2033.5905574729331,6243.260000000002,reported,1422.8034809078426,460.388466050808,-11.991474442966263,-36.009098898483444,18.824784366945792,30.738134686508587,461.9508117628127,4141.097549884838,3679.1467381220255,2495.541369235746,11.155274808140158
CHN,pv,ESP,2016,,824.514923717199,943.5481489553343,943.5481489553343,-0.4691205152601589,1768.0630726725335,6243.260000000002,interpolate_country,1295.26106453016,477.6643815101568,-20.327502363428916,-33.66595846248803,23.385794980183015,127.27075567772849,574.3274713421513,4268.639966262521,3694.3124949203693,2342.3905440146846,13.454577473888323
CHN,pv,ESP,2017,,710.9297858394584,828.5030425551782,828.5030425551782,-0.4691205152601589,1539.4328283946365,6243.260000000002,interpolate_country,1167.7186481524775,597.4010091178676,17.241562652929144,-69.50519885735869,25.72387980730295,158.11187348633908,728.9731262070801,4396.182382640203,3667.2092564331233,2268.4059546017165,16.581958225520268
CHN,pv,ESP,2018,,569.7935585156736,747.5810844572234,747.5810844572234,-0.4691205152601589,1317.374642972897,6243.260000000002,interpolate_country,1040.1762317747948,830.1441012179832,80.19856674520827,-128.2250591585873,15.959546109729743,157.87060188106634,955.9477567954003,4523.724799017886,3567.7770422224853,2273.322399768297,21.131872500355005
CHN,pv,ESP,2019,912.6338153971122,381.7011014197696,683.0067351389529,530.9327139773427,-0.4691205152601589,1064.7078365587224,6243.260000000002,reported,912.6338153971122,894.5597892681844,170.8461342636832,0.0,13.355941842901235,100.40295789992334,1179.1648232746925,4651.267215395569,3472.1023921208766,2243.872659833415,25.351474526591133
CHN,pv,ESP,2020,897.0841215721103,328.85772496097593,620.9792602222468,568.2263966111344,-0.4691205152601589,949.8369851832227,6243.260000000002,reported,897.0841215721103,974.4705601911064,207.39386222910807,0.0,9.343707314184762,110.9057659944529,1302.113895728852,4666.816909220571,3364.7030134917186,2251.950880912075,27.901542337265695
CHN,pv,ESP,2021,926.730225640223,396.9248562650093,569.3957623619684,529.8053693752138,-0.4691205152601589,966.3206186269776,6243.260000000002,reported,926.730225640223,923.4005091754773,194.00464333113345,0.0,10.291338244061233,103.03320073751934,1230.7296914881913,4637.170805152458,3406.441113664267,2197.050310115169,26.540529628986313
CHN,pv,ESP,2022,826.2275993024847,357.1843491678415,518.0192091762711,469.0432501346432,-0.4691205152601589,875.2035583441127,6243.260000000002,reported,826.2275993024847,1021.7986640878358,231.54346461052808,0.0,8.805640002884818,96.32208363746096,1358.4698523387096,4737.673431490196,3379.2035791514863,2233.6734106828226,28.67377568300258
CHN,pv,ESP,2023,686.7911105133509,239.67897687838894,450.48828708988015,447.11213363496194,-0.4691205152601589,690.167263968269,6243.260000000002,reported,686.7911105133509,1051.4694552367,211.9960258581774,0.0,8.259094114625992,116.71603360677224,1388.4406088162755,4877.10992027933,3488.669311463055,2078.6078727845443,28.46851171106585
CHN,pv,ESP,2024,822.1244412681233,145.39462230540977,395.0091498366218,676.7298189627136,-0.4691205152601589,540.4037721420316,6243.260000000002,reported,822.1244412681233,1106.2461895537292,211.45538049394554,0.0,6.172327597699079,219.64108532094775,1543.5149829663214,4741.7765895245575,3198.261606558236,2083.9187551083533,32.55140671064565
CHN,pv,FRA,2010,6514.65732422562,2808.81709208976,4039.9891356469534,3705.84023213586,-0.5680182225907597,6848.8062277367135,5333.52,reported,6514.65732422562,0.0,0.0,0.0,0.0,0.0,0.0,0.0,0.0,6848.8062277367135,
CHN,pv,FRA,2011,6650.285260692152,2105.9241984278633,2922.3253953946114,4544.361062264289,-0.5680182225907597,5028.249593822475,5333.52,reported,6650.285260692152,152.59658728679634,51.470953568941525,0.0,4.571742110381392,69.08032411141511,277.71960707753436,-135.62793646653245,-413.3475435440668,5305.969200900009,-204.76578374106904
CHN,pv,FRA,2012,5890.383037251002,1406.740395318378,2400.95661350695,4483.6426419326235,-0.5680182225907597,3807.697008825328,5333.52,reported,5890.383037251002,368.16164660333135,64.88759459958895,0.0,6.881176356440493,136.58325831472624,576.5136758740871,624.274286974618,47.76061110053092,4384.210684699415,92.34941882165445
CHN,pv,FRA,2013,3864.823013780442,1117.4038156215279,2021.4664787841987,2747.4191981589142,-0.5680182225907597,3138.870294405727,5333.52,reported,3864.823013780442,436.00036034220517,35.059146397007055,-23.327203095725842,16.020138746724314,190.57452314662243,654.3269655368331,2649.834310445178,1995.5073449083447,3793.19725994256,24.693127527166208
CHN,pv,FRA,2014,2821.354842892848,1106.031154107372,1753.7550517203401,1715.323688785476,-0.5680182225907597,2859.7862058277124,5333.52,reported,2821.354842892848,369.50880390411356,-20.513436902726866,-32.11843151363887,19.860999958901164,148.54285679390966,485.28079224055864,3693.302481332772,3208.0216890922134,3345.066998068271,13.13948139079687
CHN,pv,FRA,2015,1857.0719154645603,896.5633469186281,1528.7603808533122,960.5085685459322,-0.5680182225907597,2425.3237277719404,5333.52,reported,1857.0719154645603,585.2842165641014,93.10921434105468,-42.817607426185404,20.86937153163781,94.94015894217536,751.3853539527838,4657.58540876106,3906.200054808276,3176.7090817247245,16.13250832801488
CHN,pv,FRA,2016,1571.8381732973864,817.2601261667812,1302.9451945974115,754.5780471306052,-0.5680182225907597,2120.205320764193,5333.52,reported,1571.8381732973864,411.624231802,-24.424550857357502,-29.235784048059006,29.99901542999939,112.97736971872584,500.9402820453088,4942.819150928233,4441.8788688829245,2621.1456028095017,10.134707881255073
CHN,pv,FRA,2017,1476.3695280040931,723.5106941876463,1113.1442999079898,752.8588338164468,-0.5680182225907597,1836.654994095636,5333.52,reported,1476.3695280040931,384.5817929883515,-46.12655992539152,-48.84476084186295,39.5156433360624,168.17943082055842,497.3055463777178,5038.287796221527,4540.982249843809,2333.960540473354,9.87052678393388
CHN,pv,FRA,2018,1278.8838736497266,642.4103320988797,982.8919091717436,636.4735415508469,-0.5680182225907597,1625.3022412706232,5333.52,reported,1278.8838736497266,382.46279007696006,-47.83170085671272,-70.51053577337736,35.89191672124156,155.75004768062237,455.762517848734,5235.773450575894,4780.010932727159,2081.0647591193574,8.704779191670406
CHN,pv,FRA,2019,1165.927553649501,491.50102736712597,881.0518446342522,674.4265262823751,-0.5680182225907597,1372.552872001378,5333.52,reported,1165.927553649501,462.9043905513227,-9.80083836934412,0.0,26.024394771394455,157.0033480357133,636.1312949890863,5348.729770576119,4712.598475587033,2008.6841669904643,11.89312831783924
CHN,pv,FRA,2020,1112.9280483932464,407.7778421588375,785.1213958636927,705.1502062344089,-0.5680182225907597,1192.8992380225302,5333.52,reported,1112.9280483932464,612.4037084056151,58.47639739098918,0.0,22.0047870283026,168.86900042155193,861.7538932464589,5401.729275832374,4539.975382585915,2054.653131268989,15.953296606366262
CHN,pv,FRA,2021,918.0257559627578,455.16658393205415,706.8610404377391,462.85917203070363,-0.5680182225907597,1162.0276243697933,5333.52,reported,918.0257559627578,624.1351708710746,73.28000998874714,0.0,25.775020357575038,101.18637143947458,824.3765726568713,5596.631568262862,4772.25499560599,1986.4041970266646,14.729870326496219
CHN,pv,FRA,2022,1228.3628006623424,381.9439113909419,630.3878675587093,846.4188892714005,-0.5680182225907597,1012.3317789496512,5333.52,reported,1228.3628006623424,856.9797921275315,180.46085811821072,0.0,17.745157252962226,227.49858382004138,1282.6843913187458,5286.294523563278,4003.610132244532,2295.016170268397,24.264338386771158
CHN,pv,FRA,2023,977.5888351031304,242.49264853920923,532.3005820349636,735.0961865639212,-0.5680182225907597,774.7932305741728,5333.52,reported,977.5888351031304,1004.6624819941835,223.20369670908497,0.0,14.511311116100778,247.53913671665325,1489.9166265360225,5537.06848912249,4047.1518625864674,2264.709857110195,26.908040409161405
CHN,pv,FRA,2024,1103.958016240936,140.17118712993985,453.99182716551,963.7868291109962,-0.5680182225907597,594.1630142954499,5333.52,reported,1103.958016240936,1117.5161255202638,245.77372889656021,0.0,10.935095146087567,394.8649353851721,1769.0898849480836,5410.699307984683,3641.6094230365998,2363.2528992435336,32.69614118709943
CHN,pv,IND,2010,6015.812576430637,2805.9289271757975,3215.1952868175176,3209.8836492548394,-0.7017656828234162,6021.124213993315,24174.719999999987,reported,6015.812576430637,0.0,0.0,0.0,0.0,0.0,0.0,0.0,0.0,6021.124213993315,
CHN,pv,IND,2011,3706.132789258691,2151.0087263441974,2154.9511612990696,1555.1240629144936,-0.7017656828234162,4305.9598876432665,24174.719999999987,reported,3706.132789258691,161.62367040936763,57.074974430620045,0.0,3.8688061995148546,9.161125219234542,231.7285762587371,2309.679787171946,2077.951210913209,4537.688463902004,10.032930865385188
CHN,pv,IND,2012,3251.3910782402595,1372.5155216779826,1690.4320908262664,1878.8755565622769,-0.7017656828234162,3062.9476125042493,24174.719999999987,reported,3251.3910782402595,415.1777377986183,93.62861578333603,0.0,5.755316218917875,53.88729150891743,568.4489613097896,2764.4214981903774,2195.9725368805875,3631.3965738140387,20.563035039407087
CHN,pv,IND,2013,3346.7804933594625,898.9503190592804,1366.7423955983654,2447.830174300182,-0.7017656828234162,2265.692714657646,24174.719999999987,reported,3346.7804933594625,725.3410115227189,270.277080412387,0.0,8.671241436185834,212.9643321285263,1217.253665499818,2669.0320830711744,1451.7784175713564,3482.946380157464,45.60655801855934
CHN,pv,IND,2014,2271.335541607726,873.4753967382785,1146.730946908842,1397.8601448694476,-0.7017656828234162,2020.2063436471205,24174.719999999987,reported,2271.335541607726,699.643396466641,229.34603987337746,0.0,9.95739185065209,149.72646865389092,1088.6732968445615,3744.477034822911,2655.803737978349,3108.879640491682,29.074107992120418
CHN,pv,IND,2015,1547.763572844863,716.7522671039153,967.8130032399883,831.0113057409476,-0.7017656828234162,1684.5652703439036,24174.719999999987,reported,1547.763572844863,815.8835233214043,273.3499643527515,0.0,10.542309318807709,103.4253652297505,1203.2011622227137,4468.049003585774,3264.84784136306,2887.7664325666174,26.929005506812942
CHN,pv,IND,2016,1332.2464239123133,562.2462710458713,794.3902454317467,770.000152866442,-0.7017656828234162,1356.636516477618,24174.719999999987,reported,1332.2464239123133,917.6380020323207,291.4622099510257,0.0,12.595689930992153,152.22255448776318,1373.9184564021018,4683.566152518324,3309.6476961162225,2730.5549728797196,29.33487884362121
CHN,pv,IND,2017,1328.4315129609276,476.4738536992924,653.9725069302505,851.9576592616352,-0.7017656828234162,1130.4463606295428,24174.719999999987,reported,1328.4315129609276,960.7335047104258,276.99172834056424,0.0,14.860817423750188,253.4465121839911,1506.0325626587314,4687.381063469709,3181.348500810978,2636.478923288274,32.129509896170696
CHN,pv,IND,2018,943.7873225135758,482.37874974380975,560.7741715240533,461.408572769766,-0.7017656828234162,1043.152921267863,24174.719999999987,reported,943.7873225135758,993.0453143377975,237.25080994076006,-61.01984619441823,16.07047320408868,139.4391040672704,1324.7858553554986,5072.0252539170615,3747.2393985615627,2367.9387766233613,26.119464888949103
CHN,pv,IND,2019,736.3417292664177,421.8675791955431,489.889563790573,314.4741500708746,-0.7017656828234162,911.7571429861162,24174.719999999987,reported,736.3417292664177,1085.4945799044035,218.7657908799224,-123.90981179506645,12.8971898660378,78.38810119165949,1271.6358500469566,5279.470847164219,4007.834997117262,2183.392993033073,24.086426213149657
CHN,pv,IND,2020,701.3016128884932,345.58693555550485,424.8593165644817,355.71467733298834,-0.7017656828234162,770.4462521199865,24174.719999999987,reported,701.3016128884932,1121.8074381492277,240.0269159323876,-85.94172142451934,11.41564871462549,95.21299159376716,1382.5212729654886,5314.510963542144,3931.9896905766554,2152.9675250854752,26.014082621141725
CHN,pv,IND,2021,669.689384633508,399.94364399683883,373.16817598995164,269.74574063666915,-0.7017656828234162,773.1118199867905,24174.719999999987,reported,669.689384633508,1033.8865135122808,232.4618798769543,-48.443682021223,11.908890840553529,64.9351795153567,1294.7487817239223,5346.123191797129,4051.3744100732065,2067.8606017107127,24.218461402283648
CHN,pv,IND,2022,679.9035273566287,434.89590623013305,323.94382355338945,245.00762112649568,-0.7017656828234162,758.8397297835224,24174.719999999987,reported,679.9035273566287,1217.574111523817,274.32734147170873,-179.7979281332687,13.727325934258317,62.275473193958575,1388.1063239904738,5335.909049074008,3947.8027250835344,2146.946053773996,26.014429991668717
CHN,pv,IND,2023,728.321084784776,357.0288901868288,262.85957681794315,371.2921945979472,-0.7017656828234162,619.8884670047719,24174.719999999987,reported,728.321084784776,1149.1964096997476,223.3019592735968,-195.83533905697865,12.698303137605263,147.68444811388943,1337.0457811678605,5287.491491645861,3950.4457104780004,1956.9342481726324,25.286958537528964
CHN,pv,IND,2024,525.1674202758713,191.57837800557286,215.94456851054264,333.5890422702985,-0.7017656828234162,407.5229465161155,24174.719999999987,reported,525.1674202758713,1382.9262040955737,276.290567750548,-209.50200575711455,10.051998081492046,157.42708485014538,1617.1938490206444,5490.645156154766,3873.451307134121,2024.71679553676,29.45362162418824
CHN,pv,ITA,2010,6078.874297702453,2717.835002031279,2929.3311145239554,3361.039295671174,-0.5895247210083466,5647.166116555234,6085.75,reported,6078.874297702453,0.0,0.0,0.0,0.0,0.0,0.0,0.0,0.0,5647.166116555234,
CHN,pv,ITA,2011,5733.075804344135,2045.1935420745149,2093.107047821177,3687.88226226962,-0.5895247210083466,4138.300589895692,6085.75,reported,5733.075804344135,205.76493018822973,37.217169380606975,0.0,3.505059399657286,55.135025529378595,301.6221844978726,345.7984933583184,44.17630886044583,4439.922774393564,87.22484056208131
CHN,pv,ITA,2012,3045.068997250228,1374.6295010785539,1706.9305322940193,1670.4394961716744,-0.5895247210083466,3081.5600333725733,6085.75,reported,3045.068997250228,440.7412652718113,-2.666268065047321,0.0,5.137155026817538,35.61321387188849,478.82536610547,3033.805300452225,2554.979934346755,3560.3853994780434,15.782995897399722
CHN,pv,ITA,2013,2424.211548272102,1149.3520412138007,1427.8056267862733,1274.8595070583012,-0.5895247210083466,2577.157668000074,6085.75,reported,2424.211548272102,409.44071274435703,-103.75572579310118,-23.860154249976674,14.883961917849476,77.64353572870394,374.35233034783255,3654.662749430351,3280.310419082519,2951.5099983479067,10.243142965959922
CHN,pv,ITA,2014,2241.319524548638,1099.8973042530074,1232.070231031801,1141.4222202956307,-0.5895247210083466,2331.9675352848085,6085.75,reported,2241.319524548638,447.9969928801564,-82.05502010053182,-40.47986846933172,17.665284710369168,95.0283079967427,438.15569701740475,3837.554773153815,3399.3990761364103,2770.123232302213,11.417575068441709
CHN,pv,ITA,2015,,956.6572146746878,1068.4353178747895,1068.4353178747895,-0.5895247210083466,2025.0925325494773,6085.75,interpolate_country,1880.182631454855,468.04835612348495,-83.84372330777406,-38.70923627117886,19.976437734328712,116.57565673213684,482.04749101099765,4198.691666247598,3716.6441752366,2507.140023560475,11.48089760641574
CHN,pv,ITA,2016,,801.6455196616977,905.1213645652872,905.1213645652872,-0.5895247210083466,1706.766884226985,6085.75,interpolate_country,1519.045738361072,575.9069876760043,-44.13150523128393,-41.268245805429,24.254744353057653,150.69321883819126,665.4551998305403,4559.828559341381,3894.3733595108406,2372.2220840575255,14.593864465962692
CHN,pv,ITA,2017,1157.9088452672888,713.1596128949249,768.6759779050053,444.74923237236396,-0.5895247210083466,1481.8355907999303,6085.75,reported,1157.9088452672888,593.4784161146518,-49.62725023676,-73.97390969033081,29.789039208597092,93.4733828602801,593.1396782564383,4920.9654524351645,4327.8257741787265,2074.9752690563687,12.053319292516473
CHN,pv,ITA,2018,1036.4459520977036,616.2784775319706,675.540367130325,420.1674745657331,-0.5895247210083466,1291.8188446622955,6085.75,reported,1036.4459520977036,661.7381135605798,-31.748895931277726,-115.31895113805604,27.53083546452419,99.3969428305901,641.5980447863603,5042.42834560475,4400.830300818389,1933.4168894486559,12.723989332354352
CHN,pv,ITA,2019,988.655656329996,446.3330178184268,603.0431469997687,542.3226385115692,-0.5895247210083466,1049.3761648181955,6085.75,reported,988.655656329996,756.1695243580743,28.198257226801914,0.0,18.173751210625888,128.4715291157397,931.013061911242,5090.218641372458,4159.205579461215,1980.3892267294375,18.290237168677223
CHN,pv,ITA,2020,918.8087537918004,423.14375835790435,535.0423632020645,495.6649954338961,-0.5895247210083466,958.1861215599688,6085.75,reported,918.8087537918004,680.4601963335481,-13.76455154210381,0.0,16.764623927607115,117.32923995071734,800.7895086697687,5160.065543910652,4359.276035240883,1758.9756302297374,15.518979397747637
CHN,pv,ITA,2021,891.5029479724126,501.8744579783961,479.7983775629638,389.6284899940165,-0.5895247210083466,981.67283554136,6085.75,reported,891.5029479724126,551.456094684124,-63.60716473465925,0.0,19.679886297816434,86.86995036960761,594.3987666168888,5187.3713497300405,4592.972583113152,1576.0716021582489,11.458573650174907
CHN,pv,ITA,2022,818.4876080028004,450.6360829634915,426.0394598222403,367.85152503930885,-0.5895247210083466,876.6755427857317,6085.75,reported,818.4876080028004,620.9277751576521,-31.223019277541102,0.0,14.944392193514243,87.98726166172983,692.6364097353551,5260.386689699652,4567.750279964297,1569.3119525210868,13.167024604704526
CHN,pv,ITA,2023,840.9617751669034,308.42767998020594,357.4521365207164,532.5340951866974,-0.5895247210083466,665.8798165009223,6085.75,reported,840.9617751669034,725.4065477250003,-1.828781059420309,0.0,13.189418104804195,181.5728981981234,918.3400829685077,5237.912522535549,4319.572439567041,1584.21989946943,17.532558610275547
CHN,pv,ITA,2024,804.1602225425657,212.89001534158686,303.0347030331993,591.2702072009789,-0.5895247210083466,515.9247183747862,6085.75,reported,804.1602225425657,701.9233233403081,-23.182877134841135,0.0,10.558548786557498,243.94700397604225,933.2459989680667,5274.714075159887,4341.468076191821,1449.1707173428529,17.692826296746297
CHN,pv,JPN,2010,,4866.010182527956,2429.621996377581,1778.2663193369026,-0.1713694705319817,7295.632178905537,2533.3300000000017,carry_2011,6644.276501864859,0.0,0.0,0.0,0.0,0.0,0.0,0.0,0.0,7295.632178905537,
CHN,pv,JPN,2011,6644.276501864859,3597.0302141004568,2203.456688815622,3047.246287764402,-0.1713694705319817,5800.486902916078,2533.3300000000017,reported,6644.276501864859,107.06348222103574,-31.496251157489723,0.0,29.34899982014744,15.62273932227785,120.53897020597131,0.0,-120.53897020597131,5921.025873122049,
CHN,pv,JPN,2012,4666.397750554368,2561.70069908722,2076.6169746323494,2104.697051467148,-0.1713694705319817,4638.31767371957,2533.3300000000017,reported,4666.397750554368,300.20742477196984,181.39590225298488,0.0,47.92821299690478,18.95474759745631,548.4862876193158,1977.8787513104908,1429.392463691175,5186.8039613388855,27.731036963509677
CHN,pv,JPN,2013,3986.820627069335,1968.6390921824886,1971.5793603935224,2018.1815348868463,-0.1713694705319817,3940.2184525760113,2533.3300000000017,reported,3986.820627069335,417.1587717941851,330.3806647365024,0.0,106.07726853527882,43.312922152467635,896.9296272184339,2657.455874795524,1760.52624757709,4837.148079794445,33.751440079412326
CHN,pv,JPN,2014,3654.82914695912,1747.6219031195458,1888.8621809571275,1907.2072438395742,-0.1713694705319817,3636.4840840766733,2533.3300000000017,reported,3654.82914695912,457.3084187561617,429.81076684356816,0.0,124.52981528266614,53.6871587870544,1065.3361596694506,2989.447354905739,1924.1111952362883,4701.820243746124,35.63655864088772
CHN,pv,JPN,2015,2644.6984988513204,1496.4610969436908,1812.2170707048165,1148.2374019076296,-0.1713694705319817,3308.678167648507,2533.3300000000017,reported,2644.6984988513204,499.39386730070987,449.2124670960748,0.0,137.26283932907816,39.025285830897786,1124.8944595567605,3999.5780030135384,2874.683543456778,4433.572627205267,28.125328689906606
CHN,pv,JPN,2016,2901.8816159801127,1224.9778604925011,1726.9049412531112,1676.9037554876115,-0.1713694705319817,2951.8828017456126,2533.3300000000017,reported,2901.8816159801127,555.6313522702609,484.35940621327114,0.0,172.8775396402671,86.27976620801824,1299.1480643318173,3742.394885884746,2443.246821552929,4251.03086607743,34.714350140650204
CHN,pv,JPN,2017,2632.3006248899737,1063.9791124449703,1646.7966943648687,1568.3215124450035,-0.1713694705319817,2710.775806809839,2533.3300000000017,reported,2632.3006248899737,542.176841897571,376.6047997133619,0.0,212.299443168734,110.64813195100864,1241.7292167306757,4011.975876974885,2770.246660244209,3952.505023540515,30.95056537745102
CHN,pv,JPN,2018,2502.241154612059,951.1603439772703,1586.1145595484602,1551.0808106347886,-0.1713694705319817,2537.27490352573,2533.3300000000017,reported,2502.241154612059,552.6669527777715,368.87900032661014,0.0,208.86301939465224,120.75894010085447,1251.1679125998883,4142.0353472528,2890.8674346529124,3788.4428161256183,30.206596702022924
CHN,pv,JPN,2019,2465.1839596297914,783.5391603702972,1534.6263181598365,1681.6447992594942,-0.1713694705319817,2318.1654785301334,2533.3300000000017,reported,2465.1839596297914,620.4314314197491,454.70451407576684,0.0,164.49474521688975,125.06241147760926,1364.6931021900148,4179.092542235067,2814.399440045053,3682.858580720148,32.65524963608841
CHN,pv,JPN,2020,2156.084945202252,688.6836572393189,1482.1708912549786,1467.401287962933,-0.1713694705319817,2170.8545484942974,2533.3300000000017,reported,2156.084945202252,662.257812011777,522.2736897983842,0.0,144.60824448536994,110.29884012945001,1439.4385864249812,4488.191556662607,3048.7529702376255,3610.2931349192786,32.07168339970185
CHN,pv,JPN,2021,1923.3335172935465,751.9509647914616,1435.9524388423793,1171.3825525020848,-0.1713694705319817,2187.9034036338408,2533.3300000000017,reported,1923.3335172935465,555.7779756933237,336.4329677058358,0.0,143.5004595845431,87.79796466059211,1123.5093676442946,4720.942984571312,3597.4336169270173,3311.4127712781356,23.79841000656176
CHN,pv,JPN,2022,2022.7323093139555,667.9109845728742,1387.1959227338996,1354.8213247410813,-0.1713694705319817,2055.106907306774,2533.3300000000017,reported,2022.7323093139555,647.4760519262825,546.7602054629964,0.0,134.99667540975048,108.98147757735748,1438.2144103763867,4621.544192550903,3183.3297821745164,3493.3213176831605,31.11978054206491
CHN,pv,JPN,2023,1920.0374804638247,473.5717274876743,1318.189585120835,1446.4657529761505,-0.1713694705319817,1791.7613126085093,2533.3300000000017,reported,1920.0374804638247,759.342121344838,686.3130091911238,0.0,128.6961797811395,142.7859205523595,1717.1372308694608,4724.239021401034,3007.101790531573,3508.89854347797,36.34738257507178
CHN,pv,JPN,2024,1911.450682621868,315.6578779059118,1256.3999687750404,1595.7928047159562,-0.1713694705319817,1572.0578466809523,2533.3300000000017,reported,1911.450682621868,863.568118490911,800.0556994486501,0.0,111.44667218588924,181.81847654837944,1956.8889666738298,4732.825819242991,2775.9368525691616,3528.946813354782,41.34715794351442
CHN,pv,KOR,2010,,2777.7589810053937,3669.6101571957784,4234.825498610746,-0.4321698509914313,6447.369138201172,3152.029999999999,carry_2011,7012.58447961614,0.0,0.0,0.0,0.0,0.0,0.0,0.0,0.0,6447.369138201172,
CHN,pv,KOR,2011,7012.58447961614,2027.4340459964767,2868.182802656054,4985.150433619663,-0.4321698509914313,4895.61684865253,3152.029999999999,reported,7012.58447961614,113.29112713268574,12.871360522913115,0.0,14.182505892145308,56.38373742921993,196.7287309769641,0.0,-196.7287309769641,5092.345579629495,
CHN,pv,KOR,2012,3628.137387695874,1433.8467999047368,2469.867588676854,2194.290587791137,-0.4321698509914313,3903.7143885815913,3152.029999999999,reported,3628.137387695874,315.6547850423724,65.88523255572112,0.0,22.56010181603732,35.15778551959916,439.25790493373,3384.447091920266,2945.189186986536,4342.972293515321,12.978719802781852
CHN,pv,KOR,2013,3171.064023211654,1124.6915297812538,2166.8335602208945,2046.3724934304,-0.4321698509914313,3291.5250900021483,3152.029999999999,reported,3171.064023211654,402.0867238552683,76.51172070149791,0.0,50.875426370037886,97.44155811406554,626.9154290408696,3841.520456404486,3214.6050273636165,3918.440519043018,16.31946090500942
CHN,pv,KOR,2014,2633.44817638635,974.8838372448054,1944.8390574903697,1658.5643391415447,-0.4321698509914313,2919.722894735175,3152.029999999999,reported,2633.44817638635,431.1661869232739,80.80765642757858,0.0,58.185521446864364,103.55882111751112,673.718185915228,4379.13630322979,3705.4181173145626,3593.441080650403,15.384727472820005
CHN,pv,KOR,2015,2490.6956467529776,837.2135815269241,1751.9240145500821,1653.4820652260535,-0.4321698509914313,2589.1375960770065,3152.029999999999,reported,2490.6956467529776,449.96400793119244,70.39311719607015,0.0,63.552772104843186,135.60325005040994,719.5131472825158,4521.888832863162,3802.375685580646,3308.6507433595225,15.911783192311157
CHN,pv,KOR,2016,2457.944023668056,699.0730856661256,1551.3257865062353,1758.8709380019304,-0.4321698509914313,2250.398872172361,3152.029999999999,reported,2457.944023668056,485.99233816113104,71.87308215769447,0.0,82.19623786485181,223.0720668653655,863.1337250490428,4554.640455948083,3691.5067308990406,3113.5325972214036,18.950644587584137
CHN,pv,KOR,2017,1883.095475647461,600.8146595122562,1376.1981036958905,1282.2808161352048,-0.4321698509914313,1977.0127632081467,3152.029999999999,reported,1883.095475647461,496.08577019330966,64.73957950238075,0.0,100.84432672831717,223.82851304466658,885.4981894686741,5129.489003968679,4243.9908145000045,2862.510952676821,17.262892829745134
CHN,pv,KOR,2018,1579.1431074974807,553.4523933840258,1251.874887175669,1025.690714113455,-0.4321698509914313,1805.3272805596948,3152.029999999999,reported,1579.1431074974807,452.99010611661527,37.31021939738721,0.0,101.23758704942861,194.87856665784375,786.4164792212748,5433.441372118659,4647.024892897384,2591.7437597809694,14.473635130337806
CHN,pv,KOR,2019,1491.0871038765438,446.55991051804364,1151.9081585520148,1044.5271933585002,-0.4321698509914313,1598.4680690700584,3152.029999999999,reported,1491.0871038765438,535.107044762177,64.43216418736013,0.0,76.98958752297352,187.982765926106,864.5115623986168,5521.4973757395965,4656.98581334098,2462.979631468675,15.65719411906479
CHN,pv,KOR,2020,1116.603856846098,416.4126542630649,1055.180518348227,700.1912025830331,-0.4321698509914313,1471.593172611292,3152.029999999999,reported,1116.603856846098,490.21233158893625,40.900836813513365,0.0,71.52142291894602,119.46025871878712,722.0948500401828,5895.980622770042,5173.885772729859,2193.688022651475,12.247239199726696
CHN,pv,KOR,2021,1068.21464090682,439.2053136315501,974.1603429833808,629.0093272752699,-0.4321698509914313,1413.365656614931,3152.029999999999,reported,1068.21464090682,388.213812658179,1.6658966438165834,0.0,72.01266961290631,105.5660268711326,567.4584057860345,5944.36983870932,5376.911432923285,1980.8240624009654,9.546149065133617
CHN,pv,KOR,2022,1420.2340770009885,325.8282818133946,892.8877476544774,1094.4057951875939,-0.4321698509914313,1218.716029467872,3152.029999999999,reported,1420.2340770009885,677.7923859209018,75.98548371257348,0.0,53.44662820175544,219.09390019687586,1026.3183980321064,5592.350402615151,4566.032004583045,2245.0344274999784,18.352183324424182
CHN,pv,KOR,2023,1234.052546300519,225.32263256451955,785.0776674979808,1008.7299137359994,-0.4321698509914313,1010.4003000625003,3152.029999999999,reported,1234.052546300519,784.769742258587,97.94240900840991,0.0,49.81755238225779,252.4252747031455,1184.9549783524,5778.531933315621,4593.576954963221,2195.3552784149006,20.506159557943178
CHN,pv,KOR,2024,1262.2227758007118,143.30763666718263,695.5557434474163,1118.9151391335292,-0.4321698509914313,838.8633801145988,3152.029999999999,reported,1262.2227758007118,907.7310307664225,124.65136434412688,0.0,41.14586291518621,332.28646156203456,1405.81471958777,5750.361703815428,4344.546984227658,2244.678099702369,24.447413780162673
CHN,pv,USA,2010,5552.428538737875,2848.4060455608787,4405.044482607526,2704.0224931769962,-0.5214862563796543,7253.450528168405,37667.69999999998,reported,5552.428538737875,0.0,0.0,0.0,0.0,0.0,0.0,0.0,0.0,7253.450528168405,
CHN,pv,USA,2011,5343.332324829953,2069.7615020172807,3272.056791919226,3273.5708228126723,-0.5214862563796543,5341.818293936507,37667.69999999998,reported,5343.332324829953,206.0212757096269,62.361418243994244,0.0,8.225134492684202,45.36829604535893,321.9761244916643,209.096213907922,-112.87991058374229,5663.794418428171,153.98467455438973
CHN,pv,USA,2012,5205.807053591208,1462.218057528555,2731.9199006919366,3743.5889960626537,-0.5214862563796543,4194.137958220492,37667.69999999998,reported,5205.807053591208,457.2290449003252,-3.787127397503763,-85.80010443278603,11.865868033692532,107.51451029123143,487.0221913949594,346.6214851466666,-140.4007062482928,4681.160149615451,140.50548285801867
CHN,pv,USA,2013,4196.912593835998,1161.7984185173377,2332.765381665122,3035.1141753186607,-0.5214862563796543,3494.5638001824595,37667.69999999998,reported,4196.912593835998,615.3643618195381,1.7317395914593996,-163.56833830251935,25.39823657728399,203.27182341429727,682.1978231000594,1355.5159449018765,673.3181218018171,4176.7616232825185,50.32753953694308
CHN,pv,USA,2014,3436.432230506145,1070.405331558391,2047.5179203817836,2366.026898947754,-0.5214862563796543,3117.923251940175,37667.69999999998,reported,3436.432230506145,659.0705055653253,17.78734336172867,-169.1707883147555,31.76915121546369,205.71419934843877,745.1704111762009,2115.99630823173,1370.825897055529,3863.093663116376,35.216054407907535
CHN,pv,USA,2015,3062.1627290585498,929.4968620446946,1805.0242312872776,2132.665867013855,-0.5214862563796543,2734.521093331972,37667.69999999998,reported,3062.1627290585498,634.6212069080403,-11.583179630559549,-150.92158023141093,36.73559241503589,234.76000329389726,743.612042755003,2490.2658096793252,1746.653766924322,3478.1331360869754,29.8607497988642
CHN,pv,USA,2016,2651.787883404358,769.1770711604486,1558.6768686803014,1882.6108122439095,-0.5214862563796543,2327.85393984075,37667.69999999998,reported,2651.787883404358,607.0926690628997,-38.0902242849757,-133.14660633963922,47.36723437305677,306.74330412329937,789.966376934641,2900.640655333517,2110.6742783988757,3117.820316775391,27.234203433027808
CHN,pv,USA,2017,2230.025830283302,672.8519186677041,1348.908999425637,1557.1739116155982,-0.5214862563796543,2021.760918093341,37667.69999999998,reported,2230.025830283302,580.5030050775126,-54.05916563489751,-123.01140736111417,60.72035241234898,353.81034430670627,817.9631288005562,3322.402708454573,2504.4395796540166,2839.724046893897,24.619626233721515
CHN,pv,USA,2018,1844.1949390024656,762.3423197697114,1203.2735258230714,1081.8526192327543,-0.5214862563796543,1965.6158455927828,37667.69999999998,reported,1844.1949390024656,592.2327412295429,-70.98398071662287,-237.30666010015392,67.25704574569578,267.55922896306333,618.7583751215252,3708.2335997354094,3089.475224613884,2584.3742207143077,16.686067867074904
CHN,pv,USA,2019,1453.1489723057368,635.9096908691665,1088.3074718433973,817.2392814365703,-0.5214862563796543,1724.2171627125638,37667.69999999998,reported,1453.1489723057368,538.6808102067413,-72.84185888503289,-252.92922595220256,47.935826360204366,186.24940794181396,447.0949596715242,4099.279566432138,3652.1846067606143,2171.312122384088,10.906671585238065
CHN,pv,USA,2020,1317.4012030837664,546.1981998224437,979.0125238829222,771.2030032613227,-0.5214862563796543,1525.210723705366,37667.69999999998,reported,1317.4012030837664,544.407525011991,-66.3602928790561,-237.2231490856228,41.62001108575561,177.8293251295102,460.2734192625779,4235.027335654108,3774.7539163915303,1985.4841429679439,10.868251436952951
CHN,pv,USA,2021,1233.0080860825803,575.0955165437235,889.0398991502562,657.9125695388568,-0.5214862563796543,1464.1354156939797,37667.69999999998,reported,1233.0080860825803,471.5784048245499,-65.31508283561983,-215.2326926006633,44.156006982872505,149.95428098687316,385.1409173580124,4319.420452655295,3934.2795352972826,1849.276333051992,8.916495200675666
CHN,pv,USA,2022,1187.455420163696,511.8694161008983,800.329113130161,675.5860040627978,-0.5214862563796543,1312.1985292310592,37667.69999999998,reported,1187.455420163696,414.04674119504415,-60.25670754972615,-198.22778848050717,42.10377384943842,166.5244779768212,364.1904969910704,4364.973118574178,4000.7826215831083,1676.3890262221296,8.343476284913146
CHN,pv,USA,2023,1135.012086639563,386.5880013162117,685.2275206658758,748.4240853233513,-0.5214862563796543,1071.8155219820874,37667.69999999998,reported,1135.012086639563,437.73390794866026,-71.96511523172721,-192.30800591444842,35.80943239432975,236.04112821634521,445.3113474131596,4417.416452098312,3972.1051046851526,1517.126869395247,10.080809727632376
CHN,pv,USA,2024,1058.0371018079034,275.2245466799997,592.0893941961257,782.8125551279036,-0.5214862563796543,867.3139408761253,37667.69999999998,reported,1058.0371018079034,466.8249416520011,-67.76020198773658,-206.0381831908768,27.31647483887376,291.80959404199115,512.1526253542527,4494.391436929972,3982.2388115757194,1379.466566230378,11.395372044053506
CHN,wind,AUS,2010,4143.084429461239,1295.3389832043736,2863.911604315566,2847.7454462568653,-0.6608866327723203,4159.2505875199395,2655.0,reported,4143.084429461239,0.0,0.0,0.0,0.0,0.0,0.0,0.0,0.0,4159.2505875199395,
CHN,wind,AUS,2011,4377.598776191059,1542.688325579923,2515.536421018882,2834.910450611136,-0.6608866327723203,4058.224746598805,2655.0,reported,4377.598776191059,71.64305724049217,-315.6047231463561,0.0,12.376817536892307,0.0,-231.58484836897162,-234.51434672982032,-2.9294983608486973,3826.6398982298333,98.75082339238557
CHN,wind,AUS,2012,3732.398308548318,1557.2251050044906,2219.4447588538424,2175.173203543827,-0.6608866327723203,3776.669863858333,2655.0,reported,3732.398308548318,106.13075110035129,-435.1269175988379,0.0,24.088505882015347,0.0,-304.9076606164713,410.68612091292107,715.5937815293923,3471.7622032418617,-74.24347819173605
CHN,wind,AUS,2013,2770.434468668928,1002.6187317654744,2061.374527368672,1767.8157369034534,-0.6608866327723203,3063.9932591341462,2655.0,reported,2770.434468668928,244.88372677096694,-16.116240229120255,0.0,7.37617107504989,0.0,236.14365761689658,1372.649960792311,1136.5063031754144,3300.136916751043,17.20348700411512
CHN,wind,AUS,2014,3022.048049327942,830.2906161848023,1862.9731421970641,2191.7574331431397,-0.6608866327723203,2693.2637583818664,2655.0,reported,3022.048049327942,335.0451829498375,48.21919887488476,-24.502806502398403,0.3882897338278333,0.0,359.14986505615167,1121.036380133297,761.8865150771453,3052.413623438018,32.03730685470234
CHN,wind,AUS,2015,2819.857193002646,821.9607932530575,1663.6772430507474,1997.8963997495885,-0.6608866327723203,2485.638036303805,2655.0,reported,2819.857193002646,368.8115618076778,-19.198083204377493,-29.10501468675899,3.9332867192439,0.0,324.4417506357852,1323.2272364585929,998.7854858228077,2810.07978693959,24.518974647476416
CHN,wind,AUS,2016,2630.9450852533323,1006.2450290606712,1544.2296798740854,1624.7000561926611,-0.6608866327723203,2550.4747089347566,2655.0,reported,2630.9450852533323,312.0153139736735,-211.2174389016877,-17.885047226774297,28.69370548940753,0.0,111.60653333461906,1512.1393442079066,1400.5328108732874,2662.0812422693757,7.38070428245362
CHN,wind,AUS,2017,2043.253944563324,851.8864445264667,1453.9280294814719,1191.3675000368573,-0.6608866327723203,2305.8144740079388,2655.0,reported,2043.253944563324,371.1625226508042,-126.39264615304087,-16.716174705645734,14.788519050482003,0.0,242.8422208425996,2099.830484897915,1856.9882640553155,2548.6566948505383,11.564848809898365
CHN,wind,AUS,2018,1901.9960055896213,921.1592246762395,1374.8705575787012,980.8367809133817,-0.6608866327723203,2296.029782254941,2655.0,reported,1901.9960055896213,344.5231505573592,-223.99245105932843,-12.496431773795312,29.716158489936888,0.0,137.75042621417236,2241.0884238716176,2103.337997657445,2433.7802084691134,6.146585951133515
CHN,wind,AUS,2019,1851.141553609305,561.8440178601288,1289.701698677161,1289.2975357491762,-0.6608866327723203,1851.5457165372898,2655.0,reported,1851.141553609305,521.4536452434713,58.83837082744703,-8.134660057327645,1.5135133103957217,0.0,573.6708693239865,2291.942875851934,1718.2720065279473,2425.216585861276,25.029893867260906
CHN,wind,AUS,2020,2042.667395245112,489.91294960493855,1159.2120995182395,1552.7544456401733,-0.6608866327723203,1649.125049123178,2655.0,reported,2042.667395245112,570.1478354624223,67.19325165847279,-5.739463717650788,0.15085300003733343,0.0,631.7524764032818,2100.417034216127,1468.664557812845,2280.87752552646,30.077478239413107
CHN,wind,AUS,2021,1411.9064049900608,555.7724708528232,1087.4114323334004,856.1339341372376,-0.6608866327723203,1643.1839031862237,2655.0,reported,1411.9064049900608,533.2421676942635,-13.260345261693262,-5.148308624679048,12.368550254556991,0.0,527.2020640624481,2731.178024471178,2203.97596040873,2170.385967248672,19.303101421392228
CHN,wind,AUS,2022,1444.4693860474408,625.721733625624,1026.1783710767088,818.7476524218168,-0.6608866327723203,1651.9001047023328,2655.0,reported,1444.4693860474408,451.35317470660533,-142.93577477930975,-15.459572217563975,1.5106581879013823,0.0,294.468485897633,2698.615043413798,2404.146557516165,1946.3685905999657,10.91183741142734
CHN,wind,AUS,2023,1609.687604602354,406.28108891760814,950.4138592895771,1203.406515684746,-0.6608866327723203,1356.6949482071852,2655.0,reported,1609.687604602354,646.8460797823556,67.07828171721319,-19.68508375252037,0.2649094882599189,0.0,694.5041872353083,2533.396824858885,1838.8926376235765,2051.1991354424936,27.413951909172127
CHN,wind,AUS,2024,1380.5779985677066,364.3836903060438,885.7759428051778,1016.1943082616629,-0.6608866327723203,1250.1596331112216,2655.0,reported,1380.5779985677066,653.8197895305242,69.85557410226635,6.370106043105886,0.19077398932393824,0.0,730.2362436652204,2762.5064308935325,2032.2701872283121,1980.395876776442,26.433829637421894
CHN,wind,BRA,2010,3106.241515833783,1889.528704711342,1503.7814157625671,1216.712811122441,-0.4846771838084797,3393.310120473909,3807.310000000001,reported,3106.241515833783,0.0,0.0,0.0,0.0,0.0,0.0,0.0,0.0,3393.310120473909,
CHN,wind,BRA,2011,3076.062176733474,1827.9583399402063,1367.33358177497,1248.1038367932679,-0.4846771838084797,3195.2919217151766,3807.310000000001,reported,3076.062176733474,3.32662465925954,-26.3792783579791,0.0,17.067764988020272,0.0,-5.984888710699288,30.17933910030888,36.16422781100817,3189.3070330044775,-19.83107943751503
CHN,wind,BRA,2012,3123.635568353567,1524.7385634438037,1247.3519062997937,1598.8970049097634,-0.4846771838084797,2772.090469743597,3807.310000000001,reported,3123.635568353567,24.653368993778766,50.715325505639896,0.0,15.35954870051561,0.0,90.72824319993427,-17.394052519784054,-108.12229571971832,2862.8187129435314,-521.6049744401982
CHN,wind,BRA,2013,3115.4061913837786,1590.7092704466481,1181.563044618262,1524.6969209371305,-0.4846771838084797,2772.27231506491,3807.310000000001,reported,3115.4061913837786,7.691763706248318,-25.05973871612098,0.0,35.77249355776689,0.0,18.404518547894234,-9.164675549995536,-27.56919409788977,2790.6768336128043,-200.82018667756546
CHN,wind,BRA,2014,2646.2331709806363,1483.2508892377111,1097.0460961397416,1162.9822817429251,-0.4846771838084797,2580.296985377453,3807.310000000001,reported,2646.2331709806363,9.565793825281709,-24.580297736223653,0.0,39.528798836190674,0.0,24.51429492524873,460.0083448531468,435.49404992789806,2604.8112803027016,5.32909787388198
CHN,wind,BRA,2015,2296.044752105918,1272.7341614654624,1009.6914765789455,1023.3105906404558,-0.4846771838084797,2282.425638044408,3807.310000000001,reported,2296.044752105918,11.412683927209734,-22.821320385857508,0.0,17.44972089905615,0.0,6.041084440408376,810.1967637278649,804.1556792874566,2288.4667224848163,0.7456317663640412
CHN,wind,BRA,2016,2406.8480453672,1290.7025722228504,956.0019312776659,1116.1454731443496,-0.4846771838084797,2246.7045035005162,3807.310000000001,reported,2406.8480453672,15.234401412928806,-18.361485671074472,0.0,41.41474887365436,0.0,38.287664615508696,699.393470466583,661.1058058510744,2284.992168116025,5.4744097896661845
CHN,wind,BRA,2017,2065.9924280499176,1250.159762685251,914.6756363875422,815.8326653646666,-0.4846771838084797,2164.8353990727933,3807.310000000001,reported,2065.9924280499176,23.24108756858859,-5.399863914009305,0.0,45.570105552529476,0.0,63.411329207108764,1040.2490877838654,976.8377585767566,2228.246728279902,6.095783207289277
CHN,wind,BRA,2018,2097.030868371903,1236.991719887558,877.9301859443303,860.0391484843451,-0.4846771838084797,2114.9219058318886,3807.310000000001,reported,2097.030868371903,15.141365068571647,-21.91394403320048,0.0,50.22982167377181,0.0,43.457242709142974,1009.21064746188,965.753404752737,2158.3791485410316,4.306062645933831
CHN,wind,BRA,2019,1855.591229116072,1196.446220883766,837.7073353165757,659.145008232306,-0.4846771838084797,2034.1535562003419,3807.310000000001,reported,1855.591229116072,22.54735970663875,-10.909712229505962,0.0,55.07661853746415,0.0,66.71426601459694,1250.650286717711,1183.936020703114,2100.8678222149388,5.334366187184609
CHN,wind,BRA,2020,1704.893122200668,1057.7805470291376,774.6718199160423,647.1125751715304,-0.4846771838084797,1832.4523669451798,3807.310000000001,reported,1704.893122200668,32.661806460149634,1.9475446380561927,0.0,50.768173449473494,0.0,85.37752454767931,1401.3483936331152,1315.9708690854359,1917.8298914928591,6.092526664716888
CHN,wind,BRA,2021,1306.215139814895,612.8619567508699,739.1842126512051,693.3531830640252,-0.4846771838084797,1352.046169402075,3807.310000000001,reported,1306.215139814895,275.0162357652169,308.76316498162913,0.0,10.975820744814122,0.0,594.7552214916601,1800.026376018888,1205.2711545272277,1946.801390893735,33.041472581478395
CHN,wind,BRA,2022,1117.2097995602328,484.15917631864147,708.4233932123723,633.0506232415913,-0.4846771838084797,1192.5825695310136,3807.310000000001,reported,1117.2097995602328,377.66179011152445,400.1646042940597,0.0,12.013633205422146,0.0,789.8400276110062,1989.0317162735503,1199.191688662544,1982.4225971420199,39.70977542232313
CHN,wind,BRA,2023,1099.1746940025257,463.4157784034803,669.6750671617656,635.7589155990454,-0.4846771838084797,1133.090845565246,3807.310000000001,reported,1099.1746940025257,383.2648769150676,395.86085446237803,0.0,14.594229646354881,0.0,793.7199610238005,2007.0668218312574,1213.3468608074568,1926.8108065890465,39.546264847306205
CHN,wind,BRA,2024,1307.044736135391,398.9197531891879,635.9618084499955,908.1249829462032,-0.4846771838084797,1034.8815616391835,3807.310000000001,reported,1307.044736135391,408.0222024547836,390.39522540069544,7.464545924920046,12.702593643063999,0.0,818.584567423463,1799.196779698392,980.612212274929,1853.4661290626464,45.49722279742443
CHN,wind,CAN,2010,3207.7690771495986,1846.2542649873703,1723.101069912536,1361.5148121622283,-0.2643524831740681,3569.3553348999067,1260.0,reported,3207.7690771495986,0.0,0.0,0.0,0.0,0.0,0.0,0.0,0.0,3569.3553348999067,
CHN,wind,CAN,2011,2958.624826998695,1692.3445846877794,1635.9850746449745,1266.2802423109156,-0.2643524831740681,3328.329659332754,1260.0,reported,2958.624826998695,0.393614901273463,2.2140822375685074,0.0,34.92791462797912,0.0,37.53561176682109,249.14425015090364,211.60863838408255,3365.8652710995752,15.065814982318969
CHN,wind,CAN,2012,3223.160817655416,1488.2571783739918,1556.0552313175276,1734.9036392814241,-0.2643524831740681,3044.3124096915194,1260.0,reported,3223.160817655416,20.982124160364677,114.4308623122099,0.0,48.712288802155975,0.0,184.12527527473054,-15.391740505817324,-199.51701578054787,3228.43768496625,-1196.2602618277006
CHN,wind,CAN,2013,3108.906080752496,1527.4401840208948,1510.7414301507536,1581.4658967316013,-0.2643524831740681,3038.181614171648,1260.0,reported,3108.906080752496,0.37611947776759724,-0.039625736833003626,0.0,70.90953344506396,0.0,71.24602718599856,98.8629963971025,27.61696921110395,3109.4276413576467,72.06541353432682
CHN,wind,CAN,2014,2909.720813813772,1397.8075560211169,1450.8087264619446,1511.9132577926553,-0.2643524831740681,2848.6162824830617,1260.0,reported,2909.720813813772,0.6662288107801295,0.6448820266123095,0.0,78.21785318947786,0.0,79.5289640268703,298.0482633358265,218.5192993089562,2928.145246509932,26.683250268518044
CHN,wind,CAN,2015,3005.7168964844445,1304.2247681576082,1386.61314627567,1701.4921283268363,-0.2643524831740681,2690.8379144332785,1260.0,reported,3005.7168964844445,1.794333505564035,3.5367103935729634,0.0,101.80592855002072,0.0,107.13697244915772,202.05218066515408,94.91520821599636,2797.9748868824363,53.02440790119845
CHN,wind,CAN,2016,2815.1240756907487,1241.2274431972978,1345.8992381394785,1573.8966324934509,-0.2643524831740681,2587.1266813367765,1260.0,reported,2815.1240756907487,5.970176000694985,14.385257770348309,0.0,103.77728262314957,0.0,124.13271639419287,392.64500145884995,268.5122850646571,2711.2593977309693,31.61449042595344
CHN,wind,CAN,2017,2471.4182906315746,1123.8333629461483,1313.8477412429718,1347.5849276854262,-0.2643524831740681,2437.68110418912,1260.0,reported,2471.4182906315746,2.4813885469784362,4.095128374177073,0.0,76.30715003102182,0.0,82.88366695217732,736.350786518024,653.4671195658467,2520.5647711412976,11.256003044976516
CHN,wind,CAN,2018,2210.71492193368,1040.850679124377,1284.7915734422932,1169.8642428093033,-0.2643524831740681,2325.6422525666703,1260.0,reported,2210.71492193368,44.75779535122007,97.02335212437275,0.0,84.58270550677905,0.0,226.3638529823719,997.0541552159184,770.6903022335465,2552.0061055490423,22.703265594771167
CHN,wind,CAN,2019,2894.3307568325185,704.4428337885606,1252.3443326255353,2189.887923043958,-0.2643524831740681,1956.787166414096,1260.0,reported,2894.3307568325185,190.44131378924146,376.3783372349942,0.0,60.893779640407445,0.0,627.713430664643,313.43832031708007,-314.275110347563,2584.500597078739,200.26697119536516
CHN,wind,CAN,2020,1658.650703711003,544.3774990809422,1200.0334734639202,1114.2732046300607,-0.2643524831740681,1744.4109725448625,1260.0,reported,1658.650703711003,263.9746541830168,480.48524710999965,0.0,67.08214255812901,0.0,811.5420438511454,1549.1183734385957,737.5763295874502,2555.953016396008,52.387348685933944
CHN,wind,CAN,2021,1553.9705855540396,498.93225793840105,1169.7305891797607,1055.0383276156385,-0.2643524831740681,1668.6628471181618,1260.0,reported,1553.9705855540396,284.81286283013395,490.06820822304445,0.0,64.09133005755261,0.0,838.972401110731,1653.798491595559,814.826090484828,2507.635248228893,50.73002577849152
CHN,wind,CAN,2022,1819.9977599750696,478.91990944326767,1142.924426773737,1341.077850531802,-0.2643524831740681,1621.8443362170046,1260.0,reported,1819.9977599750696,288.64767750448647,478.4060680010248,0.0,64.16208904465647,0.0,831.2158345501676,1387.771317174529,556.5554826243614,2453.060170767172,59.89573528890223
CHN,wind,CAN,2023,1454.1580407027554,424.5368247624041,1108.3925182701926,1029.6212159403512,-0.2643524831740681,1532.9293430325965,1260.0,reported,1454.1580407027554,313.915741212284,478.2093494525315,0.0,66.77779690522618,0.0,858.9028875700417,1753.6110364468432,894.7081488768015,2391.8322306026384,48.97909911141674
CHN,wind,CAN,2024,1237.5279556276118,560.3421311843513,1077.6013681507616,677.1858244432606,-0.2643524831740681,1637.9434993351128,1260.0,reported,1237.5279556276118,195.75483737839164,297.920390174426,0.0,90.09293192675418,0.0,583.7681594795719,1970.2411215219868,1386.472962042415,2221.7116588146846,29.629274970599447
CHN,wind,DEU,2010,2704.819128610142,2111.7501893658196,730.8646030881091,593.0689392443223,0.2020092160890111,2842.6147924539287,2565.0,reported,2704.819128610142,0.0,0.0,0.0,0.0,0.0,0.0,0.0,0.0,2842.6147924539287,
CHN,wind,DEU,2011,2704.819128610142,1922.1958468953924,760.4220000748554,782.6232817147495,0.2020092160890111,2682.6178469702477,2565.0,reported,2704.819128610142,0.19340916279961792,-0.16686419583697834,0.018387337487150653,63.025691911842934,0.0,63.07062421629272,0.0,-63.07062421629272,2745.6884711865405,
CHN,wind,DEU,2012,2457.322731337371,1700.2150388587406,790.0936927671297,757.1076924786303,0.2020092160890111,2490.30873162587,2565.0,reported,2457.322731337371,1.1131612525052506,4.953246277734976,0.05245865805305098,80.81111536781901,0.0,86.9299815561123,247.496397272771,160.5664157166587,2577.2387131819823,35.12373614889631
CHN,wind,DEU,2013,2427.545592608569,1643.0450309872963,808.1399322123634,784.5005616212729,0.2020092160890111,2451.1849631996597,2565.0,reported,2427.545592608569,0.7188452195717809,1.3499730615550172,0.026627783523288706,112.60807064925592,0.0,114.70351671390601,277.27353600157267,162.57001928766664,2565.888479913566,41.36836077758803
CHN,wind,DEU,2014,2394.891197421886,1537.1861962341984,833.5287660599712,857.7050011876875,0.2020092160890111,2370.7149622941697,2565.0,reported,2394.891197421886,0.43261526562742625,-0.6671070913642713,0.0,133.24759142276204,0.0,133.0130995970252,309.927931188256,176.91483159123084,2503.728061891195,42.9174289284145
CHN,wind,DEU,2015,2350.285901628808,1421.515833372084,862.8596490621951,928.770068256724,0.2020092160890111,2284.375482434279,2565.0,reported,2350.285901628808,0.6787172964180767,-0.0867737068014469,0.0,168.8294824800059,0.0,169.42142606962253,354.5332269813339,185.11180091171136,2453.7969085039017,47.78717851417141
CHN,wind,DEU,2016,2305.478060177636,1348.1641399818948,882.7354819415536,957.3139201957413,0.2020092160890111,2230.8996219234486,2565.0,reported,2305.478060177636,0.5213408604138081,-0.7882211172571352,0.0,163.55527722880947,0.0,163.28839697196614,399.34106843250584,236.0526714605397,2394.1880188954146,40.88945762901522
CHN,wind,DEU,2017,2305.1190969879626,1274.9917666412082,899.1445146610314,1030.1273303467544,0.2020092160890111,2174.1362813022397,2565.0,reported,2305.1190969879626,0.5747964219094094,-0.7175790733745862,0.0,153.74743802051873,0.0,153.60465536905355,399.70003162217927,246.09537625312572,2327.740936671293,38.42998329163256
CHN,wind,DEU,2018,2267.184611637869,1240.4728193870562,914.6424529316199,1026.7117922508126,0.2020092160890111,2155.115272318676,2565.0,reported,2267.184611637869,0.4611820488960911,-1.1132092333411587,0.0,159.77605964671304,0.0,159.12403246226796,437.6345169722731,278.51048451000514,2314.239304780944,36.36002789797073
CHN,wind,DEU,2019,2098.5998414809087,1146.710868876521,932.6966552646912,951.8889726043876,0.2020092160890111,2079.4075241412124,2565.0,reported,2098.5998414809087,13.786959698680961,32.93577067497005,0.0,155.30861360380163,0.0,202.03134397745265,606.2192871292332,404.18794315178053,2281.438868118665,33.326446100746345
CHN,wind,DEU,2020,2089.1128870850494,1037.4798723154056,963.6087152789851,1051.6330147696438,0.2020092160890111,2001.0885875943907,2565.0,reported,2089.1128870850494,28.303588608249797,63.609975661871204,0.0,185.62345349410936,0.0,277.53701776423037,615.7062415250925,338.16922376086217,2278.625605358621,45.07620664633454
CHN,wind,DEU,2021,1944.2419851493808,870.7437759227737,982.6270260633049,1073.498209226607,0.2020092160890111,1853.3708019860787,2565.0,reported,1944.2419851493808,97.17591527344052,213.96772952649292,-0.10379148377698677,163.19468981356684,0.0,474.2345431297233,760.5771434607611,286.34260033103783,2327.6053451158023,62.35193197784933
CHN,wind,DEU,2022,2011.739426286796,925.1043294468158,1000.1901736345326,1086.6350968399802,0.2020092160890111,1925.2945030813485,2565.0,reported,2011.739426286796,46.515017270828736,92.12861020916733,-1.6083930367722972,171.8378629613781,0.0,308.8730974046019,693.0797023233458,384.20660491874395,2234.1676004859505,44.56530704465816
CHN,wind,DEU,2023,1791.825824693949,941.4309919416091,1023.9158807847729,850.3948327523399,0.2020092160890111,1965.3468727263821,2565.0,reported,1791.825824693949,1.095445845200884,-0.05659051921823969,-0.04332857279540741,197.14316905212826,0.0,198.1386958053155,912.9933039161929,714.8546081108774,2163.4855685316975,21.702097370859075
CHN,wind,DEU,2024,1669.527372030262,875.537730004671,1046.1987495440808,793.9896420255911,0.2020092160890111,1921.7364795487517,2565.0,reported,1669.527372030262,8.594821462017496,13.754141332085517,-0.18716347991167034,207.86717669094747,0.0,230.02897600513882,1035.2917565798798,805.262780574741,2151.7654555538907,22.218758581160454
CHN,wind,ESP,2010,2917.3316496399493,1778.0769246231569,1415.202627722767,1139.2547250167925,-0.5083763749600175,3193.2795523459235,1315.7700000000004,reported,2917.3316496399493,0.0,0.0,0.0,0.0,0.0,0.0,0.0,0.0,3193.2795523459235,
CHN,wind,ESP,2011,2838.1110057057613,1584.1913076390288,1280.821038411021,1253.9196980667325,-0.5083763749600175,2865.01234605005,1315.7700000000004,reported,2838.1110057057613,0.3837824566807165,-0.17357818881112677,0.03647607944542531,11.50741721301764,0.0,11.754097560332655,79.22064393418805,67.4665463738554,2876.766443610383,14.837164881034397
CHN,wind,ESP,2012,2489.7916665030607,1274.3521750855318,1163.1954442529536,1215.4394914175289,-0.5083763749600175,2437.5476193384857,1315.7700000000004,reported,2489.7916665030607,33.51200626492823,144.622714373039,1.5565195918601786,10.222707817444746,0.0,189.91394804727216,427.5399831368886,237.62603508961647,2627.461567385758,44.42016081253061
CHN,wind,ESP,2013,2478.4744316553188,1313.9247644918669,1098.9298018203383,1164.5496671634519,-0.5083763749600175,2412.854566312205,1315.7700000000004,reported,2478.4744316553188,8.417353281274686,26.45265894538714,0.30190000836641206,14.385175502395915,0.0,49.557087737424155,438.85721798463055,389.3001302472064,2462.4116540496293,11.292303215384216
CHN,wind,ESP,2014,2087.660762101033,1230.136489703782,1016.6275710217546,857.524272397251,-0.5083763749600175,2246.7640607255366,1315.7700000000004,reported,2087.660762101033,1.6373545272904015,1.3149117284533238,0.0,14.19009957815942,0.0,17.142365833903146,829.6708875389163,812.5285217050132,2263.9064265594398,2.066164558907591
CHN,wind,ESP,2015,1974.0001131302856,1130.4731365544953,931.8878323154838,843.5269765757903,-0.5083763749600175,2062.360968869979,1315.7700000000004,reported,1974.0001131302856,1.669090741306304,0.6504212456361663,0.0,17.439407941643488,0.0,19.758919928585957,943.3315365096637,923.5726165810777,2082.1198887985647,2.094589141129975
CHN,wind,ESP,2016,1944.6505362263824,1085.40331935218,879.9812165852829,859.2472168742024,-0.5083763749600175,1965.384535937463,1315.7700000000004,reported,1944.6505362263824,10.249813935762097,18.357963089189237,0.0,26.306458392472088,0.0,54.91423541742342,972.6811134135669,917.7668779961434,2020.2987713548864,5.645656593938085
CHN,wind,ESP,2017,2134.4262580278214,1055.3854099515836,840.1238848528548,1079.0408480762378,-0.5083763749600175,1895.5092948044385,1315.7700000000004,reported,2134.4262580278214,1.3359142912073536,-0.5392059085002596,0.0,25.94324361949252,0.0,26.739952002199615,782.9053916121279,756.1654396099283,1922.249246806638,3.415476798178355
CHN,wind,ESP,2018,2785.848293599864,1007.4696711386296,804.7583466317225,1778.3786224612345,-0.5083763749600175,1812.228017770352,1315.7700000000004,reported,2785.848293599864,9.548470351452865,14.47242360120824,0.0,28.145504510799242,0.0,52.16639846346035,131.48335604008525,79.3169575766249,1864.3944162338123,39.67528669374427
CHN,wind,ESP,2019,1848.056275124011,949.4835708386137,766.1290172852874,898.5727042853974,-0.5083763749600175,1715.612588123901,1315.7700000000004,reported,1848.056275124011,22.09236156205569,35.34833959673487,0.0,30.079900689634457,0.0,87.52060184842502,1069.2753745159382,981.7547726675132,1803.1331899723261,8.185038572317787
CHN,wind,ESP,2020,1450.2230865567224,875.8118270380786,705.7747260058753,574.4112595186438,-0.5083763749600175,1581.586553043954,1315.7700000000004,reported,1450.2230865567224,19.818440949013265,28.337534469632857,0.0,35.54528243735583,0.0,83.70125785600194,1467.108563083227,1383.407305227225,1665.287810899956,5.705185012355059
CHN,wind,ESP,2021,1330.7665242650544,731.3449845394781,671.9009244719164,599.4215397255763,-0.5083763749600175,1403.2459090113944,1315.7700000000004,reported,1330.7665242650544,86.56043333549474,121.95139876144351,-0.09267886350485945,21.986076904283212,0.0,230.4052301377166,1586.565125374895,1356.1598952371783,1633.651139149111,14.522267409809183
CHN,wind,ESP,2022,1230.4390450051137,725.430248636965,642.603111449174,505.00879636814875,-0.5083763749600175,1368.033360086139,1315.7700000000004,reported,1230.4390450051137,74.67723391978353,95.97954096530962,-2.58499181903144,23.429465727919464,0.0,191.50124879398118,1686.8926046348356,1495.3913558408544,1559.5346088801202,11.352308277825177
CHN,wind,ESP,2023,1185.8472461907195,780.8195342956693,605.7864714655723,405.0277118950502,-0.5083763749600175,1386.6060057612417,1315.7700000000004,reported,1185.8472461907195,3.5137402066973538,1.6784770628171526,-0.12875626553143366,35.08438210182027,0.0,40.14784310580334,1731.4844034492298,1691.3365603434265,1426.753848867045,2.318695047199167
CHN,wind,ESP,2024,1398.8328190572436,704.3477312453125,573.8383489698434,694.4850878119311,-0.5083763749600175,1278.186080215156,1315.7700000000004,reported,1398.8328190572436,35.37341494384624,40.594065380713836,-0.7578177594740783,31.940142069510014,0.0,107.14980463459602,1518.4988305827058,1411.3490259481098,1385.335884849752,7.056298133168701
CHN,wind,FRA,2010,2950.0624683907927,1968.843489066251,807.8512668513363,981.2189793245416,0.2520769073090383,2776.6947559175874,1137.119999999999,reported,2950.0624683907927,0.0,0.0,0.0,0.0,0.0,0.0,0.0,0.0,2776.6947559175874,
CHN,wind,FRA,2011,2644.948773343461,1803.593619802517,848.8218444253614,841.3551535409442,0.2520769073090383,2652.415464227878,1137.119999999999,reported,2644.948773343461,1.4359771484449466,8.88629698988525,0.13474194332251824,39.48362785239466,0.0,49.94064393404738,305.1136950473315,255.1730511132841,2702.3561081619255,16.367880152446194
CHN,wind,FRA,2012,2400.053077507022,1562.9963202819724,890.3498385030584,837.0567572250495,0.2520769073090383,2453.3461587850306,1137.119999999999,reported,2400.053077507022,6.203544640581052,28.99296446425481,0.29040936165003395,48.51192740098038,0.0,83.99884586746629,550.0093908837707,466.01054501630443,2537.3450046524968,15.272256666835187
CHN,wind,FRA,2013,2262.0084106773293,1424.5039292118086,915.7976987457749,837.5044814655207,0.2520769073090383,2340.3016279575836,1137.119999999999,reported,2262.0084106773293,19.612913981746377,83.15864892800447,0.7020316206207681,61.673267623552675,0.0,165.1468621539243,688.0540577134634,522.9071955595391,2505.448490111508,24.00201849004993
CHN,wind,FRA,2014,2137.2782742110044,1412.2357781286764,951.8383027926491,725.042496082328,0.2520769073090383,2364.0740809213257,1137.119999999999,reported,2137.2782742110044,1.756385448864088,-0.4153970140857408,0.0,79.20658883989634,0.0,80.5475772746747,812.7841941797883,732.2366169051136,2444.621658196,9.910081649158833
CHN,wind,FRA,2015,2131.6884264783607,1265.4926011811742,993.8144860809675,866.1958252971865,0.2520769073090383,2259.307087262142,1137.119999999999,reported,2131.6884264783607,18.604097408255605,49.078747557826794,0.0,98.60124031306344,0.0,166.28408527914584,818.374041912432,652.0899566332861,2425.591172541288,20.3188367131687
CHN,wind,FRA,2016,2109.213578229046,1240.429921415068,1022.4617579714765,868.783656813978,0.2520769073090383,2262.8916793865446,1137.119999999999,reported,2109.213578229046,2.738521108660846,0.7747041623973483,0.0,98.36750791391461,0.0,101.8807331849728,840.8488901617466,738.9681569767738,2364.7724125715176,12.116414064050785
CHN,wind,FRA,2017,2402.662458269312,1183.63001414796,1046.2332274474143,1219.032444121352,0.2520769073090383,2229.8632415953743,1137.119999999999,reported,2402.662458269312,2.1361599316143103,-1.1752058048440828,0.0,92.76307636456346,0.0,93.72403049133369,547.4000101214806,453.6759796301469,2323.5872720867083,17.121671311356785
CHN,wind,FRA,2018,2320.5563744430056,882.4999124519697,1068.7837965895824,1438.0564619910358,0.2520769073090383,1951.2837090415521,1137.119999999999,reported,2320.5563744430056,120.78379376572475,263.4934962009431,0.0,70.48718028759151,0.0,454.7644702542594,629.5060939477871,174.74162369352774,2406.0481792958117,72.2414722631706
CHN,wind,FRA,2019,2101.797854337148,713.5315060952424,1095.173502029492,1388.2663482419052,0.2520769073090383,1808.7050081247344,1137.119999999999,reported,2101.797854337148,190.50164713995645,380.5454010282051,0.0,59.787970366635015,0.0,630.8350185347966,848.2646140536449,217.42959551884826,2439.540026659531,74.36771593243687
CHN,wind,FRA,2020,1823.726881097778,752.03445933537,1140.6511354777597,1071.692421762408,0.2520769073090383,1892.6855948131297,1137.119999999999,reported,1823.726881097778,146.00248058812033,276.7307866947279,0.0,85.91126648287165,0.0,508.6445337657199,1126.3355872930147,617.6910535272948,2401.33012857885,45.15923491223195
CHN,wind,FRA,2021,2020.280869555222,826.878066227157,1168.81171933514,1193.402803328065,0.2520769073090383,1995.689785562297,1137.119999999999,reported,2020.280869555222,50.17602977962348,82.78679421889667,-0.05415287803616949,80.53418317333151,0.0,213.4428542938155,929.7815988355708,716.3387445417553,2209.1326398561123,22.95623558920983
CHN,wind,FRA,2022,2035.8130904453128,631.8088401589971,1194.9379468297584,1404.0042502863157,0.2520769073090383,1826.7467869887555,1137.119999999999,reported,2035.8130904453128,169.72658892934004,253.15233413846582,-5.865060216702484,58.73204279100591,0.0,475.7459056421093,914.2493779454799,438.5034723033706,2302.492692630865,52.03677652056109
CHN,wind,FRA,2023,1787.5143272747575,775.6782641617551,1230.4120246025077,1011.8360631130024,0.2520769073090383,2006.0902887642628,1137.119999999999,reported,1787.5143272747575,2.2237914838386974,-1.9573811732503863,-0.09735891997438181,68.18165128152805,0.0,68.35070267214198,1162.5481411160351,1094.1974384438931,2074.4409914364046,5.879386861908872
CHN,wind,FRA,2024,1860.4830152221043,685.4288185538267,1263.9149417494928,1175.0541966682777,0.2520769073090383,1949.3437603033194,1137.119999999999,reported,1860.4830152221043,64.72033005430357,86.18964609122976,-1.3841516684459285,75.01851907990276,0.0,224.54434355699016,1089.5794531686884,865.0351096116982,2173.8881038603095,20.608349662245907
CHN,wind,GBR,2010,2646.677480945218,1954.516173855146,1190.018202602728,692.1613070900721,-0.1000586056861678,3144.534376457874,812.0999999999985,reported,2646.677480945218,0.0,0.0,0.0,0.0,0.0,0.0,0.0,0.0,3144.534376457874,
CHN,wind,GBR,2011,2809.9113674102177,1723.3254157009228,1166.8777597037365,1086.585951709295,-0.1000586056861678,2890.2031754046593,812.0999999999985,reported,2809.9113674102177,0.7803267037880549,0.9903377432014003,0.07389121626006886,37.83593682078476,0.0,39.68049248403428,-163.2338864649996,-202.9143789490339,2929.8836678886937,-24.308979797857425
CHN,wind,GBR,2012,2747.880979690672,1517.4181726821043,1144.9624683001957,1230.4628070085678,-0.1000586056861678,2662.3806409823,812.0999999999985,reported,2747.880979690672,4.671210152417148,18.653722784748528,0.21943484396095683,46.953239814623984,0.0,70.49760759575062,-101.203498745454,-171.70110634120462,2732.8782485780507,-69.65925928417305
CHN,wind,GBR,2013,2761.2528998111115,1463.0944076748358,1132.226186602355,1298.1584921362758,-0.1000586056861678,2595.320594277191,812.0999999999985,reported,2761.2528998111115,3.197089605328246,7.138021462229607,0.11729425417598838,64.24804677374568,0.0,74.70045209547952,-114.57541886589343,-189.27587096137296,2670.0210463726708,-65.19762514061924
CHN,wind,GBR,2014,2697.606225405735,1340.7205583042546,1115.0108501497825,1356.8856671014805,-0.1000586056861678,2455.731408454037,812.0999999999985,reported,2697.606225405735,9.620830136259418,26.057109883555608,0.0,71.60671792206006,0.0,107.28465794187508,-50.92874446051701,-158.2134024023921,2563.0160663959123,-210.6563966544444
CHN,wind,GBR,2015,2657.2208697143733,1180.3641632569227,1096.0734192406476,1476.8567064574506,-0.1000586056861678,2276.4375824975705,812.0999999999985,reported,2657.2208697143733,24.354282878220072,60.56589774704455,0.0,79.62108361977727,0.0,164.54126424504187,-10.543388769155172,-175.08465301419704,2440.9788467426124,-1560.610804055804
CHN,wind,GBR,2016,2491.129940503493,1179.809185578973,1083.7790474103365,1311.3207549245199,-0.1000586056861678,2263.5882329893093,812.0999999999985,reported,2491.129940503493,18.89029932338842,42.26796615652158,0.0,90.91892697334305,0.0,152.07719245325305,155.54754044172523,3.4703479884721844,2415.6654254425625,97.76894705077493
CHN,wind,GBR,2017,2516.6323084024853,1186.0247128476276,1073.9368670007739,1330.6075955548577,-0.1000586056861678,2259.9615798484015,812.0999999999985,reported,2516.6323084024853,3.152135384886567,0.9850511517170862,0.0,93.27389732190258,0.0,97.41108385850623,130.04517254273287,32.63408868422664,2357.3726637069076,74.90557469674387
CHN,wind,GBR,2018,2198.396210530895,1130.4972461210928,1064.8846816000303,1067.8989644098024,-0.1000586056861678,2195.3819277211232,812.0999999999985,reported,2198.396210530895,3.5113834154399712,1.415658528575192,0.0,93.329421784865,0.0,98.25646372888016,448.281270414323,350.02480668544285,2293.6383914500034,21.918485159566636
CHN,wind,GBR,2019,2258.591645264536,1113.707343671958,1054.624367538633,1144.8843015925781,-0.1000586056861678,2168.3317112105906,812.0999999999985,reported,2258.591645264536,1.5677474733457373,-3.1233658903563053,0.0,98.32255898043506,0.0,96.7669405634245,388.08583568068207,291.31889511725757,2265.0986517740153,24.93441699403958
CHN,wind,GBR,2020,2047.40763272174,1021.4921087714956,1037.729024768961,1025.9155239502443,-0.1000586056861678,2059.2211335404563,812.0999999999985,reported,2047.40763272174,12.559147407014068,17.94017277093082,0.0,118.43026786805756,0.0,148.92958804600244,599.2698482234782,450.3402601774758,2208.1507215864585,24.851840700395787
CHN,wind,GBR,2021,2203.410301410913,974.7938065656937,1027.7316236555216,1228.6164948452192,-0.1000586056861678,2002.5254302212152,812.0999999999985,reported,2203.410301410913,7.243775869026705,7.296594809002895,0.09185028024677926,119.32231589815845,0.0,133.95453685643483,443.26717953430534,309.3126426778705,2136.47996707765,30.219818439336496
CHN,wind,GBR,2022,1573.6200074383676,804.8961903110105,1018.7527895143674,768.723817127357,-0.1000586056861678,1823.6489798253779,812.0999999999985,reported,1573.6200074383676,69.03821057022334,118.9070086093849,0.7666630510727758,101.43135342340011,0.0,290.14323565408114,1073.0574735068506,782.9142378527695,2113.792215479459,27.038927813052396
CHN,wind,GBR,2023,1303.0584580732284,745.0725657083644,1006.9911268489617,557.985892364864,-0.1000586056861678,1752.0636925573262,812.0999999999985,reported,1303.0584580732284,48.48196970805711,69.92416619111825,0.5047880643111882,82.90768074427328,0.0,201.81860470775982,1343.6190228719897,1141.80041816423,1953.882297265086,15.020523025669279
CHN,wind,GBR,2024,1925.620884875948,796.6747553890772,996.3099561546004,1128.9461294868706,-0.1000586056861678,1792.9847115436776,812.0999999999985,reported,1925.620884875948,5.178172520574777,2.3292730908035018,0.05831560984552967,127.67697158423944,0.0,135.24273280546325,721.0565960692702,585.813863263807,1928.2274443491408,18.756188285734897
CHN,wind,IND,2010,1607.2867942080602,1699.1182848786855,374.5547148992497,-91.83149067062527,0.177335392834262,2073.6729997779353,3426.920000000005,reported,1607.2867942080602,0.0,0.0,0.0,0.0,0.0,0.0,0.0,0.0,2073.6729997779353,
CHN,wind,IND,2011,1439.2246792330563,1572.987977357781,387.819821161163,-133.76329812472454,0.177335392834262,1960.8077985189439,3426.920000000005,reported,1439.2246792330563,9.850341646234963,-23.970182199672195,0.0,4.776281682874,0.0,-9.343558870563232,168.06211497500385,177.4056738455671,1951.4642396483807,-5.559586627808959
CHN,wind,IND,2012,1727.3567208366633,1380.1211221512224,401.07301554262176,347.2355986854409,0.177335392834262,1781.1941376938441,3426.920000000005,reported,1727.3567208366633,24.656034823275746,0.4506886896711813,0.0,3.527565832988309,0.0,28.634289345935237,-120.06992662860307,-148.7042159745383,1809.8284270397794,-23.84801102986097
CHN,wind,IND,2013,1775.4884766427886,1360.769366159615,409.10373957543004,414.7191104831736,0.177335392834262,1769.873105735045,3426.920000000005,reported,1775.4884766427886,16.255435492249173,-41.692493709199596,0.0,6.64477376517331,0.0,-18.792284451777114,-168.20168243472835,-149.40939798295125,1751.080821283268,11.172471154721993
CHN,wind,IND,2014,1697.2585891987796,1087.9527959758327,420.3650640677178,609.3057932229469,0.177335392834262,1508.3178600435506,3426.920000000005,reported,1697.2585891987796,87.65310821541557,112.46176448091609,0.0,4.768045554422584,0.0,204.88291825075422,-89.97179499071945,-294.85471324147363,1713.2007782943049,-227.71905158932066
CHN,wind,IND,2015,1517.2250364441445,1065.7810948732092,433.3229207964692,451.4439415709353,0.177335392834262,1499.1040156696783,3426.920000000005,reported,1517.2250364441445,66.01959814294055,39.25472448029367,0.0,5.361911275054594,0.0,110.63623389828881,90.0617577639157,-20.574476134373114,1609.740249567967,122.84485296001687
CHN,wind,IND,2016,1395.643984213105,999.9346642793234,442.0730588538096,395.70931993378167,0.177335392834262,1442.007723133133,3426.920000000005,reported,1395.643984213105,80.20205708677106,49.47979661522703,-2.720255421521701,5.175496709839838,0.0,132.13709499031623,211.6428099949551,79.50571500463886,1574.144818123449,62.434010866452766
CHN,wind,IND,2017,1379.8823534779967,918.8861832780237,449.2788351283991,460.996170199973,0.177335392834262,1368.1650184064229,3426.920000000005,reported,1379.8823534779967,101.78370446752757,76.74497959798903,0.0,4.967778888008647,0.0,183.49646295352522,227.40444073006347,43.907977776538246,1551.661481359948,80.69167970705618
CHN,wind,IND,2018,1381.2400608612577,927.3647271676462,456.06977918972444,453.87533369361154,0.177335392834262,1383.4345063573705,3426.920000000005,reported,1381.2400608612577,79.68307797433681,35.878913466085415,0.0,6.6165672984051875,0.0,122.1785587388274,226.0467333468025,103.8681746079751,1505.613065096198,54.05013243495105
CHN,wind,IND,2019,1255.719701089365,840.3959822085254,463.9631492060352,415.32371888083946,0.177335392834262,1304.3591314145606,3426.920000000005,reported,1255.719701089365,111.00574608451065,72.61669674469557,0.0,5.011093081286212,0.0,188.63353591049244,351.5670931186953,162.93355720820287,1492.992667325053,53.655060329211864
CHN,wind,IND,2020,1222.0443385764129,813.309349630865,477.434962572142,408.7349889455479,0.177335392834262,1290.744312203007,3426.920000000005,reported,1222.0443385764129,85.93318667251908,28.62157807943616,0.0,6.042962846273522,0.0,120.59772759822877,385.2424556316473,264.6447280334186,1411.3420398012358,31.304371009808758
CHN,wind,IND,2021,1051.781225948876,728.8980096987787,485.6970487874982,322.88321625009735,0.177335392834262,1214.595058486277,3426.920000000005,reported,1051.781225948876,132.7791162247987,80.89678566777995,0.0,7.481278790977265,0.0,221.15718068355594,555.5055682591842,334.3483875756283,1435.7522391698328,39.8118746814019
CHN,wind,IND,2022,1191.1010340630933,630.3557723174746,493.30963409655726,560.7452617456187,0.177335392834262,1123.6654064140318,3426.920000000005,reported,1191.1010340630933,197.49277924077123,148.01221346334592,0.0,6.4499811639102695,0.0,351.9549738680274,416.18576014496693,64.23078627693951,1475.6203802820592,84.56679866832387
CHN,wind,IND,2023,1236.9870705080064,583.7921118180958,503.56748374520157,653.1949586899105,0.177335392834262,1087.3595955632973,3426.920000000005,reported,1236.9870705080064,211.7778879328077,152.2393181251871,0.0,6.189707921313274,0.0,370.2069139793081,370.29972370005385,0.09280972074571991,1457.5665095426054,99.9749365946541
CHN,wind,IND,2024,1110.269638408882,546.3302395020477,513.1751035293131,563.9393989068343,0.177335392834262,1059.5053430313608,3426.920000000005,reported,1110.269638408882,223.21547776415255,155.02725304675343,0.0,6.653459936893951,0.0,384.89619074779995,497.0171557991782,112.12096505137828,1444.4015337791607,77.44122838756068
CHN,wind,ITA,2010,3042.576771339253,1727.315022243171,1747.8466409473228,1315.261749096082,-0.361943176041216,3475.1616631904935,652.8600000000006,reported,3042.576771339253,0.0,0.0,0.0,0.0,0.0,0.0,0.0,0.0,3475.1616631904935,
CHN,wind,ITA,2011,3732.377300030415,1683.0498644123682,1627.9985495569454,2049.327435618047,-0.361943176041216,3311.0484139693135,652.8600000000006,reported,3732.377300030415,1.1169055214762234,0.8474195292248052,0.10584119205659295,13.45753773639146,0.0,15.52770397914908,-689.8005286911621,-705.3282326703112,3326.5761179484625,-2.2510426323696184
CHN,wind,ITA,2012,3492.0935581917875,1474.180734817639,1520.0877684854202,2017.9128233741485,-0.361943176041216,2994.2685033030593,652.8600000000006,reported,3492.0935581917875,2.481130730618395,2.7280827501685074,0.11913034221490695,12.1593524304415,0.0,17.48769625344331,-449.51678685253455,-467.00448310597784,3011.7561995565025,-3.890332188902259
CHN,wind,ITA,2013,2409.1721620428693,1411.8517906055176,1459.8074058682682,997.3203714373517,-0.361943176041216,2871.659196473786,652.8600000000006,reported,2409.1721620428693,4.550845496338153,8.194640541018252,0.16717781150625777,19.9236948807043,0.0,32.83635872956696,633.4046092963836,600.5682505668166,2904.495555203353,5.184104796149679
CHN,wind,ITA,2014,2361.529671561993,1183.7825766289645,1381.1015158513724,1177.7470949330284,-0.361943176041216,2564.884092480337,652.8600000000006,reported,2361.529671561993,36.506463131065,91.34192462444189,0.0,13.473634299094087,0.0,141.32202205460095,681.04709977726,539.7250777226591,2706.206114534938,20.750697286695893
CHN,wind,ITA,2015,2527.535652399827,1142.5655518672847,1298.11987722526,1384.9701005325423,-0.361943176041216,2440.685429092545,652.8600000000006,reported,2527.535652399827,25.391936879487453,50.65054141383971,0.0,22.28665603357627,0.0,98.32913432690344,515.0411189394258,416.7119846125224,2539.014563419448,19.0915114757018
CHN,wind,ITA,2016,2129.873112690811,1062.1705855925134,1246.2178523781665,1067.7025270982977,-0.361943176041216,2308.3884379706797,652.8600000000006,reported,2129.873112690811,36.60580021667262,68.45806012848503,0.0,21.010614161567922,0.0,126.07447450672558,912.7036586484419,786.6291841417163,2434.462912477405,13.813297811627088
CHN,wind,ITA,2017,3047.6230662438456,892.9370388435955,1205.7636360913505,2154.68602740025,-0.361943176041216,2098.7006749349457,652.8600000000006,reported,3047.6230662438456,98.62566515680216,179.03123907784496,0.0,13.26299262805466,0.0,290.91989686270176,-5.046294904592742,-295.9661917672945,2389.6205717976472,-5765.019729582774
CHN,wind,ITA,2018,2093.797504944295,889.6410500716316,1169.4033206507336,1204.1564548726633,-0.361943176041216,2059.0443707223653,652.8600000000006,reported,2093.797504944295,90.96863445321382,159.33454980222683,0.0,19.035744790335677,0.0,269.33892904577635,948.7792663949581,679.4403373491817,2328.3832997681416,28.387944233770373
CHN,wind,ITA,2019,1988.9232899516264,930.5069133345536,1129.1569951832084,1058.4163766170727,-0.361943176041216,2059.663908517762,652.8600000000006,reported,1988.9232899516264,16.436046366240532,19.354837097418155,0.0,9.529623977144585,0.0,45.32050744080327,1053.6534813876265,1008.3329739468232,2104.9844159585655,4.30127250005549
CHN,wind,ITA,2020,2037.3177709416573,664.1411723675017,1065.0821129539997,1373.1765985741556,-0.361943176041216,1729.2232853215014,652.8600000000006,reported,2037.3177709416573,179.13874777305844,267.3785431503249,0.0,15.610581721648172,0.0,462.1278726450315,1005.2590003975956,543.1311277525641,2191.351157966533,45.97102562247667
CHN,wind,ITA,2021,1564.420272621896,600.6336517591353,1028.4306954369347,963.7866208627606,-0.361943176041216,1629.06434719607,652.8600000000006,reported,1564.420272621896,200.81111940995572,274.8210620238609,-0.2150911209247798,9.567757629397809,0.0,484.98484794228966,1478.156498717357,993.1716507750673,2114.0491951383597,32.81011505636421
CHN,wind,ITA,2022,1538.4390431300335,582.8697408439816,996.2992046644217,955.5693022860519,-0.361943176041216,1579.1689455084033,652.8600000000006,reported,1538.4390431300335,207.58896193261467,255.45956001042046,-7.181891830439522,7.572597586265508,0.0,463.4392276988611,1504.1377282092194,1040.6985005103584,2042.6081732072644,30.810956936145583
CHN,wind,ITA,2023,1401.7706099642528,531.899348021597,955.31605273251,869.8712619426558,-0.361943176041216,1487.2154007541071,652.8600000000006,reported,1401.7706099642528,230.6466692236726,270.9019673273209,-7.437406043604451,8.803898682125695,0.0,502.91512918951474,1640.806161375,1137.8910321854853,1990.130529943622,30.6504900474088
CHN,wind,ITA,2024,1408.131747785429,653.9514921438822,919.1675354713697,754.1802556415469,-0.361943176041216,1573.119027615252,652.8600000000006,reported,1408.131747785429,68.2100548859684,72.76882520802288,-1.4680959906707973,7.901695114418714,0.0,147.4124792177392,1634.4450235538238,1487.0325443360846,1720.5315068329912,9.01911517936625
CHN,wind,POL,2010,3129.841562382764,1928.7167263623674,1230.3370971992813,1201.1248360203967,-0.1006582916667672,3159.0538235616486,808.4300000000003,reported,3129.841562382764,0.0,0.0,0.0,0.0,0.0,0.0,0.0,0.0,3159.0538235616486,
CHN,wind,POL,2011,2691.817910915693,1589.0770337478511,1206.2706591218102,1102.740877167842,-0.1006582916667672,2795.3476928696614,808.4300000000003,reported,2691.817910915693,9.376603856321244,86.23629774833073,0.8727993316931599,32.15139117701194,0.0,128.63709211335706,438.023651467071,309.3865593537139,2923.9847849830185,29.367613297253087
CHN,wind,POL,2012,2684.699599991936,1422.8128243969231,1183.4810349250752,1261.8867755950128,-0.1006582916667672,2606.2938593219983,808.4300000000003,reported,2684.699599991936,31.830635611522684,170.9584005996077,1.4800867699640397,47.81696511270684,0.0,252.08608809380127,445.1419623908282,193.05587429702695,2858.3799474157995,56.63049305436483
CHN,wind,POL,2013,2759.507417153754,1471.7067237408344,1170.237824305925,1287.8006934129196,-0.1006582916667672,2641.9445480467593,808.4300000000003,reported,2759.507417153754,1.734435334765738,-0.486915093078063,0.0657741832135378,61.690575455027435,0.0,63.00386987992865,370.3341452290101,307.3302753490815,2704.948417926688,17.01270884459434
CHN,wind,POL,2014,2486.027904399791,1286.1611128039792,1152.3387046825167,1199.866791595812,-0.1006582916667672,2438.499817486496,808.4300000000003,reported,2486.027904399791,2.0005097858524303,-0.9833406602364559,0.0,53.96999661850378,0.0,54.98716574411975,643.8136579829729,588.8264922388532,2493.486983230616,8.540851077374008
CHN,wind,POL,2015,2310.548393337525,1160.154968730424,1132.6510040914347,1150.393424607101,-0.1006582916667672,2292.8059728218586,808.4300000000003,reported,2310.548393337525,10.188843817813483,19.45014596188857,0.0,64.92790564622804,0.0,94.56689542593008,819.2931690452392,724.7262736193092,2387.3728682477886,11.542497728393528
CHN,wind,POL,2016,2298.156521000269,1107.2738927546734,1119.87063876583,1190.8826282455957,-0.1006582916667672,2227.1445315205037,808.4300000000003,reported,2298.156521000269,6.743852040485566,8.864348952281707,0.0,63.79505703222183,0.0,79.4032580249891,831.685041382495,752.2817833575059,2306.547789545493,9.547274998838322
CHN,wind,POL,2017,1712.2026322546378,753.3605898161045,1109.6400251397438,958.8420424385333,-0.1006582916667672,1863.0006149558483,808.4300000000003,reported,1712.2026322546378,193.1656287590801,440.48891161435125,0.0,61.925488619583966,0.0,695.5800289930153,1417.6389301281263,722.058901135111,2558.5806439488633,49.066092515542636
CHN,wind,POL,2018,,656.8008193058552,1100.231080561621,1100.231080561621,-0.1006582916667672,1757.031899867476,808.4300000000003,interpolate_country,1721.4354199635654,217.30768268629015,426.81067169843095,0.0,51.46867793752162,0.0,695.5870323222427,1408.4061424191987,712.8191100969559,2452.618932189719,49.3882418836546
CHN,wind,POL,2019,,981.1818435176813,1089.5669731018615,1089.5669731018615,-0.1006582916667672,2070.7488166195426,808.4300000000003,interpolate_country,1730.6682076724933,32.6748977727915,59.76875801451701,0.0,78.17818082940522,0.0,170.62183661671372,1399.1733547102708,1228.5515180935572,2241.370653236256,12.194474404641925
CHN,wind,POL,2020,1739.900995381421,826.9842920799467,1072.0080740037379,912.9167033014742,-0.1006582916667672,1898.9923660836846,808.4300000000003,reported,1739.900995381421,111.71376325973276,214.35131876778038,0.0,103.72497224477733,0.0,429.7900542722905,1389.9405670013432,960.1505127290527,2328.782420355975,30.921469915761886
CHN,wind,POL,2021,1920.241670095832,684.5679529568312,1061.6188349371928,1235.673717139001,-0.1006582916667672,1746.1867878940238,808.4300000000003,reported,1920.241670095832,130.87549933634565,206.8481466960328,-0.1403270256383536,62.77930137830131,0.0,400.3626203850415,1209.5998922869321,809.2372719018906,2146.5494082790656,33.098764553301606
CHN,wind,POL,2022,1748.9163284507442,701.1644305214094,1052.28860064193,1047.751897929335,-0.1006582916667672,1753.4530311633393,808.4300000000003,reported,1748.9163284507442,111.56726115320362,162.7589595309022,-3.8697673444854934,65.33589029528335,0.0,335.79234363490366,1380.9252339320199,1045.1328902971163,2089.245374798243,24.3164753155227
CHN,wind,POL,2023,1719.2909543523535,775.4495503490182,1040.067373962239,943.8414040033354,-0.1006582916667672,1815.516924311257,808.4300000000003,reported,1719.2909543523535,10.268936982260785,8.460032864735608,-0.3614261140766714,74.45840606674929,0.0,92.82594979966902,1410.5506080304106,1317.7246582307416,1908.342874110926,6.58083086641495
CHN,wind,POL,2024,1838.4745885101927,709.5172117566439,1028.9695983304487,1128.957376753549,-0.1006582916667672,1738.4868100870926,808.4300000000003,reported,1838.4745885101927,17.707251663973985,18.23053606116351,-0.3963491672349576,73.17669183408535,0.0,108.71813039198788,1291.3669738725714,1182.6488434805835,1847.2049404790805,8.41884085559059
CHN,wind,SWE,2010,2773.275585814188,1929.9649366440403,1015.3709562824467,843.3106491701478,-0.1317579757291353,2945.335892926487,595.0,reported,2773.275585814188,0.0,0.0,0.0,0.0,0.0,0.0,0.0,0.0,2945.335892926487,
CHN,wind,SWE,2011,2551.407722896317,1754.892300599923,989.4518823696632,796.515422296394,-0.1317579757291353,2744.344182969586,595.0,reported,2551.407722896317,0.18849653480267348,-0.3296924124563374,0.017957383987404374,35.21863427664102,0.0,35.09539578297476,221.8678629178712,186.77246713489643,2779.439578752561,15.818151994354414
CHN,wind,SWE,2012,2775.2464224535406,1483.7827062790122,965.0547101622861,1291.4637161745284,-0.1317579757291353,2448.8374164412985,595.0,reported,2775.2464224535406,7.583968151499713,38.327186665152446,0.35275086449824894,42.37579837978679,0.0,88.63970406093719,-1.9708366393524557,-90.61054070028965,2537.4771205022357,-4497.567291526553
CHN,wind,SWE,2013,2391.992435219712,1284.2821034578556,950.9437055546368,1107.7103317618567,-0.1317579757291353,2235.2258090124924,595.0,reported,2391.992435219712,47.655294094317476,207.7043663717346,1.699032528436802,54.46807492687971,0.0,311.52676792136856,381.28315059447596,69.7563826731074,2546.752576933861,81.70483469716744
CHN,wind,SWE,2014,2555.275429867688,1305.9201039316015,931.9500448145765,1249.3553259360867,-0.1317579757291353,2237.870148746178,595.0,reported,2555.275429867688,1.967996222503648,4.364913333489739,0.0,57.35612148805114,0.0,63.689031044044526,218.00015594649994,154.31112490245542,2301.5591797902225,29.21513095599557
CHN,wind,SWE,2015,2284.897140482114,969.5189181706827,911.1634893922146,1315.3782223114313,-0.1317579757291353,1880.6824075628974,595.0,reported,2284.897140482114,118.03185708458312,325.3486475867227,0.0,71.79910813362322,0.0,515.179612804929,488.3784453320741,-26.8011674728549,2395.8620203678265,105.48778672134709
CHN,wind,SWE,2016,2101.631309145028,1219.7115995316785,897.7293094986333,881.9197096133494,-0.1317579757291353,2117.4409090303116,595.0,reported,2101.631309145028,0.7641427558029033,-0.14109125636171116,0.0,89.81672626560135,0.0,90.43977776504254,671.6442766691603,581.2044989041177,2207.880686795354,13.465428189689096
CHN,wind,SWE,2017,1903.388408996142,1165.513221584592,887.0093794510173,737.8751874115501,-0.1317579757291353,2052.522601035609,595.0,reported,1903.388408996142,1.9500107302948728,2.4973417990001465,0.0,85.39153033489406,0.0,89.83888286418907,869.8871768180461,780.0482939538571,2142.3614838997983,10.327647683324873
CHN,wind,SWE,2018,1520.082158545755,1032.4593071435766,877.1773312377977,487.6228514021784,-0.1317579757291353,1909.6366383813743,595.0,reported,1520.082158545755,58.490307030596675,127.62328563615945,0.0,85.28239945806186,0.0,271.395992124818,1253.1934272684332,981.7974351436152,2181.032630506192,21.656352979473866
CHN,wind,SWE,2019,1595.3412580470892,719.4423907154153,866.065052338245,875.898867331674,-0.1317579757291353,1585.5074430536602,595.0,reported,1595.3412580470892,194.20518585017413,392.30421539021194,0.0,64.36857032346596,0.0,650.877971563852,1177.934327767099,527.0563562032469,2236.385414617512,55.25587940014119
CHN,wind,SWE,2020,1598.381322702813,826.7762738656261,847.8414331764599,771.6050488371868,-0.1317579757291353,1674.6177070420858,595.0,reported,1598.381322702813,115.09600278976976,231.88526468769285,0.0,106.37167141369235,0.0,453.35293889115496,1174.8942631113753,721.5413242202203,2127.970645933241,38.586701214335484
CHN,wind,SWE,2021,1499.7076816824365,644.3761451682414,837.1021441102627,855.3315365141951,-0.1317579757291353,1481.478289278504,595.0,reported,1499.7076816824365,198.49787279357827,354.46160703346476,-0.21180476576621604,77.79891177092868,0.0,630.5465868322054,1273.5679041317517,643.0213172995462,2112.0248761107096,49.510244784480285
CHN,wind,SWE,2022,1313.1234013488263,606.7115497877692,827.485168602146,706.4118515610571,-0.1317579757291353,1434.196718389915,595.0,reported,1313.1234013488263,193.45330460408633,288.707186548356,-6.664732068415009,61.017529798566976,0.0,536.5132888825943,1460.1521844653619,923.6388955827675,1970.7100072725093,36.74365553060758
CHN,wind,SWE,2023,1571.2722957714248,783.1099613871887,814.9281792175508,788.162334384236,-0.1317579757291353,1598.0381406047395,595.0,reported,1571.2722957714248,1.6687830722091637,0.678608968490921,-0.06223439669117858,72.20357037303368,0.0,74.48872801704259,1202.0032900427634,1127.5145620257208,1672.5268686217821,6.197048596630091
CHN,wind,SWE,2024,1772.9311285129593,643.5506732109214,803.5649196241793,1129.3804553020377,-0.1317579757291353,1447.1155928351009,595.0,reported,1772.9311285129593,107.87004869313637,149.6822696385949,-2.2824688632392105,78.32564982835399,0.0,333.595499296846,1000.3444573012289,666.7489580043829,1780.7110921319468,33.34806294592104
CHN,wind,TUR,2010,2878.3500629421737,1933.2084222979263,943.3111156282979,945.1416406442474,-0.1004525561962087,2876.519537926224,1064.7200000000012,reported,2878.3500629421737,0.0,0.0,0.0,0.0,0.0,0.0,0.0,0.0,2876.519537926224,
CHN,wind,TUR,2011,2664.820862539856,1748.2753976317417,924.8964928500675,916.5454649081144,-0.1004525561962087,2673.171890481809,1064.7200000000012,reported,2664.820862539856,0.22189209027465176,1.3017473804224244,0.0,32.40522025830056,0.0,33.92885972899764,213.52920040231766,179.60034067332003,2707.100750210807,15.889564361722478
CHN,wind,TUR,2012,2109.273740267664,1502.5737129075135,907.4581421454756,606.7000273601504,-0.1004525561962087,2410.031855052989,1064.7200000000012,reported,2109.273740267664,20.268574221108715,114.97648938351303,-0.9366928739944627,45.27594726646717,0.0,179.58431799709444,769.0763226745098,589.4920046774154,2589.6161730500835,23.350649695283693
CHN,wind,TUR,2013,2326.015974915389,1487.7761064713409,897.3242796477101,838.2398684440482,-0.1004525561962087,2385.100386119051,1064.7200000000012,reported,2326.015974915389,12.026827925663188,55.14598492086918,0.0,64.1539362918816,0.0,131.32674913841396,552.3340880267847,421.0073388883707,2516.427135257465,23.776687332041952
CHN,wind,TUR,2014,2246.1887394604487,1314.3907807282733,883.6272871203925,931.7979587321754,-0.1004525561962087,2198.018067848666,1064.7200000000012,reported,2246.1887394604487,30.618360442507463,107.88756598115508,-0.821678583166483,69.37725010430633,0.0,207.0614979448024,632.161323481725,425.09982553692265,2405.079565793468,32.75453436543374
CHN,wind,TUR,2015,2313.6027895208003,1247.4286743621828,868.5611113738222,1066.1741151586175,-0.1004525561962087,2115.989785736005,1064.7200000000012,reported,2313.6027895208003,9.359894847717646,26.17594573270249,0.0,81.92471106142075,0.0,117.46055164184088,564.7472734213734,447.2867217795325,2233.450337377846,20.798781538197947
CHN,wind,TUR,2016,2332.5867473688395,1194.6434655762503,858.7805451375547,1137.9432817925892,-0.1004525561962087,2053.424010713805,1064.7200000000012,reported,2332.5867473688395,7.576962270070036,18.902418134213935,0.0,81.47881342897348,0.0,107.95819383325745,545.7633155733342,437.8051217400768,2161.3822045470624,19.781137858239045
CHN,wind,TUR,2017,2105.3982588589097,1133.6162828795823,850.9510902432982,971.7819759793274,-0.1004525561962087,1984.5673731228803,1064.7200000000012,reported,2105.3982588589097,17.079178512665486,40.73325553481271,-0.2857979903459456,81.18475293440456,0.0,138.7113889915368,772.951804083264,634.2404150917273,2123.278762114417,17.94567116070726
CHN,wind,TUR,2018,2232.7157620349126,1075.9785001425323,843.7503257513348,1156.7372618923803,-0.1004525561962087,1919.728825893867,1064.7200000000012,reported,2232.7157620349126,22.224726539590016,49.28119350259204,-0.34250528768021726,79.05287755804355,0.0,150.2162923125454,645.6343009072611,495.41800859471573,2069.945118206412,23.266467116362588
CHN,wind,TUR,2019,2003.9863465520727,1100.4192791342284,835.5888196430755,903.5670674178443,-0.1004525561962087,1936.008098777304,1064.7200000000012,reported,2003.9863465520727,0.28778946484799117,-0.3534033094960937,-0.00507776277949645,92.73250403843636,0.0,92.66181243100876,874.363716390101,781.7019039590922,2028.6699112083127,10.597627817125396
CHN,wind,TUR,2020,1585.462353574938,881.6404405499572,822.1502018756324,703.8219130249809,-0.1004525561962087,1703.7906424255898,1064.7200000000012,reported,1585.462353574938,77.82229122007882,155.49459811440167,-0.9671749132197188,100.14607262478378,0.0,332.4957870460446,1292.8877093672356,960.391922321191,2036.2864294716344,25.71729815644813
CHN,wind,TUR,2021,1455.22879287732,972.7986082901778,814.1986370517371,482.4301845871423,-0.1004525561962087,1786.997245341915,1064.7200000000012,reported,1455.22879287732,3.4446177771103246,5.695040674712885,-0.04107219232245454,114.79270460633256,0.0,123.89129086583331,1423.1212700648537,1299.2299791990204,1910.8885362077483,8.70560320275358
CHN,wind,TUR,2022,1757.8634063507664,765.752626776909,807.0574623967537,992.1107795738574,-0.1004525561962087,1572.8100891736626,1064.7200000000012,reported,1757.8634063507664,99.93336778848871,179.34667981050117,-1.0948082399375254,87.7139196925149,0.0,365.89915905156727,1120.4866565914074,754.5874975398401,1938.7092482252299,32.655378526742666
CHN,wind,TUR,2023,1468.1518868815974,732.4352615603152,797.7033840494174,735.7166253212822,-0.1004525561962087,1530.1386456097325,1064.7200000000012,reported,1468.1518868815974,99.73716098136725,171.34541171209818,-1.0185355553895639,99.36385716150389,0.0,369.42789429957975,1410.1981760605763,1040.7702817609966,1899.5665399093123,26.196877897799144
CHN,wind,TUR,2024,1423.6985915002006,661.6007440343776,789.2089961088717,762.097847465823,-0.1004525561962087,1450.8097401432492,1064.7200000000012,reported,1423.6985915002006,128.84560883258646,211.839077249595,-1.239721088591595,103.2688000673168,0.0,442.71376506090667,1454.6514714419732,1011.9377063810665,1893.5235052041558,30.434353090919537
CHN,wind,USA,2010,2849.9272631611007,1834.5826020432987,1201.045314316833,1015.3446611178019,-0.2631501440880454,3035.6279163601316,5002.399999999994,reported,2849.9272631611007,0.0,0.0,0.0,0.0,0.0,0.0,0.0,0.0,3035.6279163601316,
CHN,wind,USA,2011,2822.2310585314794,1677.2506484631722,1140.5923559284465,1144.9804100683073,-0.2631501440880454,2817.8430043916187,5002.399999999994,reported,2822.2310585314794,2.6794657107231084,14.404296057973914,0.0,33.28752203262586,0.0,50.37128380132288,27.696204629621207,-22.675079171701675,2868.2142881929417,181.8707092720227
CHN,wind,USA,2012,2583.03557060981,1454.3635358719682,1085.1132620891794,1128.6720347378416,-0.2631501440880454,2539.476797961148,5002.399999999994,reported,2583.03557060981,20.15555608659837,89.59557885716502,0.0,42.14607286239452,0.0,151.8972078061579,266.8916925512908,114.99448474513292,2691.374005767306,56.913426699096874
CHN,wind,USA,2013,2390.00327947562,1316.2018677098654,1053.655355349254,1073.8014117657544,-0.2631501440880454,2369.8572230591194,5002.399999999994,reported,2390.00327947562,41.091046275546,122.92574479862958,-13.528709491358585,45.857416487355096,0.0,196.34549807017208,459.92398368548083,263.57848561530875,2566.2027211292916,42.690858714696425
CHN,wind,USA,2014,2267.462988264707,1243.2188418769872,1012.0420476866141,1024.2441463877196,-0.2631501440880454,2255.2608895636013,5002.399999999994,reported,2267.462988264707,52.383158344740224,124.95858994550709,-14.638759137944069,58.9633695456576,0.0,221.66635869796085,582.4642748963938,360.797916198433,2476.927248261562,38.056644544833226
CHN,wind,USA,2015,2168.6170033307826,1204.8355128499122,967.4601957877685,963.7814904808704,-0.2631501440880454,2172.295708637681,5002.399999999994,reported,2168.6170033307826,48.16252790626065,97.0610448464031,-10.588052772052404,85.06079879998299,0.0,219.69631878059434,681.310259830318,461.61394104972373,2391.9920274182755,32.246148595400605
CHN,wind,USA,2016,2216.7739436486186,991.0888474488465,939.180802332528,1225.685096199772,-0.2631501440880454,1930.2696497813745,5002.399999999994,reported,2216.7739436486186,115.37087579020421,209.7334792458498,-22.062004990104548,63.92697756983592,0.0,366.9693276157854,633.1533195124821,266.1839918966967,2297.23897739716,57.95899923550047
CHN,wind,USA,2017,2007.2700635353704,940.5869487566197,916.9154842765071,1066.6831147787507,-0.2631501440880454,1857.5024330331266,5002.399999999994,reported,2007.2700635353704,111.71215306839848,185.61781777545568,-18.848689714031003,58.155451446431016,0.0,336.63673257625413,842.6571996257303,506.02046704947617,2194.1391656093806,39.94942815723556
CHN,wind,USA,2018,1957.1404259671533,1051.693966299303,896.7288076588887,905.4464596678504,-0.2631501440880454,1948.4227739581916,5002.399999999994,reported,1957.1404259671533,4.984735714708681,-0.4454273846172539,-1.5864689780971968,63.498502283463786,0.0,66.45134163545802,892.7868371939473,826.3354955584894,2014.8741155936495,7.44313635316537
CHN,wind,USA,2019,1849.7707511846468,981.9206422970823,874.1837376743579,867.8501088875645,-0.2631501440880454,1856.1043799714403,5002.399999999994,reported,1849.7707511846468,29.903172163433283,27.189429395337147,-10.316177722053418,62.086555504954035,0.0,108.86297934167104,1000.1565119764539,891.2935326347829,1964.9673593131113,10.884594364790171
CHN,wind,USA,2020,1635.2645679290024,870.0210571608391,837.8313550698535,765.2435107681633,-0.2631501440880454,1707.8524122306926,5002.399999999994,reported,1635.2645679290024,159.83223346062505,180.32415563174936,-46.95381982286564,94.35178044783694,0.0,387.55434971734576,1214.6626952320983,827.1083455147525,2095.4067619480384,31.906335086984104
CHN,wind,USA,2021,1569.4893134730623,875.427769577397,816.7696955969468,694.0615438956653,-0.2631501440880454,1692.197465174344,5002.399999999994,reported,1569.4893134730623,73.70948490239847,71.70690166803143,-20.48960889874341,87.76138183066298,0.0,212.68815950234946,1280.4379496880383,1067.7497901856889,1904.8856246766934,16.61057918145648
CHN,wind,USA,2022,1294.4512143826532,706.6567431686035,798.1363242398295,587.7944712140497,-0.2631501440880454,1504.793067408433,5002.399999999994,reported,1294.4512143826532,259.5690316478218,261.29713376723345,-67.0470675380048,76.64612650943,0.0,530.4652243864805,1555.4760487784474,1025.010824391967,2035.2582917949135,34.10307891291978
CHN,wind,USA,2023,1536.630662300211,609.1213994514696,774.1297324913508,927.5092628487414,-0.2631501440880454,1383.2511319428204,5002.399999999994,reported,1536.630662300211,334.07711912510024,308.8762584641952,-80.34579048461389,75.01438940489973,0.0,637.6219765095813,1313.2966008608896,675.6746243513084,2020.8731084524015,48.551254613132215
CHN,wind,USA,2024,1567.812822807036,771.5252250751016,752.7208506166098,796.2875977319343,-0.2631501440880454,1524.2460756917114,5002.399999999994,reported,1567.812822807036,4.390918866429691,-2.6079458452280146,-1.484122219746568,88.40630941404947,0.0,88.70516021550458,1282.1144403540648,1193.4092801385602,1612.951235907216,6.918661659485564
USA,pv,AUS,2010,8226.006707647639,2666.087536470219,6575.302935539268,5559.91917117742,-0.6311445523247294,9241.390472009487,5323.000000000004,reported,8226.006707647639,0.0,0.0,0.0,0.0,0.0,0.0,0.0,0.0,9241.390472009487,
USA,pv,AUS,2011,8070.627916404932,1951.7830260493906,4588.100431885518,6118.844890355542,-0.6311445523247294,6539.8834579349095,5323.000000000004,reported,8070.627916404932,4.243076540171699,0.0010753770924754092,0.0,5.71043008279061,86.49105759549929,96.44563959555407,155.37879124270694,58.93315164715287,6636.3290975304635,62.071302540192065
USA,pv,AUS,2012,5845.8413892502,1192.4342491942662,3688.110954154833,4653.407140055934,-0.6311445523247294,4880.545203349099,5323.000000000004,reported,5845.8413892502,9.356560064047006,-0.212427655970872,0.0,-1.3929349030819798,86.36501908586465,94.1162165908588,2380.1653183974386,2286.04910180658,4974.661419939958,3.95418821807836
USA,pv,AUS,2013,3431.1490001785755,860.2898660049309,3046.368948670667,2570.8591341736446,-0.6311445523247294,3906.658814675598,5323.000000000004,reported,3431.1490001785755,8.786208164848256,0.20924961345480309,0.0,-6.043735637535881,13.002696228517948,15.954418369285126,4794.857707469064,4778.903289099779,3922.613233044883,0.3327401842276268
USA,pv,AUS,2014,3581.3283583559555,857.4327133734384,2601.525984466303,2723.8956449825173,-0.6311445523247294,3458.958697839741,5323.000000000004,reported,3581.3283583559555,9.144009168007845,0.14552092614416745,0.0,-4.344259113988968,36.06570669867,41.010977678833044,4644.678349291684,4603.667371612851,3499.969675518574,0.8829670128844819
USA,pv,AUS,2015,2663.0217981108967,724.9704361883232,2233.4270165617786,1938.0513619225735,-0.6311445523247294,2958.397452750102,5323.000000000004,reported,2663.0217981108967,10.556274884649646,0.09345235211547363,0.0,-5.846300844607037,3.1944515472612522,7.997877939419335,5562.984909536743,5554.987031597323,2966.395330689521,0.1437695422417631
USA,pv,AUS,2016,2292.9292994915004,567.7810367104781,1870.0115835712204,1725.1482627810224,-0.6311445523247294,2437.7926202816984,5323.000000000004,reported,2292.9292994915004,12.076736092613936,0.04798850821010583,0.0,-7.094274573237456,11.007465124704709,16.037915152291294,5933.0774081561385,5917.039493003847,2453.8305354339896,0.2703136003289649
USA,pv,AUS,2017,2346.42868245442,507.80294671927766,1569.8958446438712,1838.6257357351424,-0.6311445523247294,2077.6987913631488,5323.000000000004,reported,2346.42868245442,9.532692794192364,0.2537543169130496,0.0,-10.6874909092601,13.621912623986276,12.72086882583159,5879.578025193219,5866.857156367388,2090.4196601889803,0.21635683328504765
USA,pv,AUS,2018,1809.828003777512,438.89349130200554,1367.1582874292396,1370.9345124755066,-0.6311445523247294,1806.0517787312451,5323.000000000004,reported,1809.828003777512,8.234389281832465,0.4437236106175588,0.0,-13.455802869310975,-22.489138969822392,-27.266828946683344,6416.178703870127,6443.445532816811,1778.7849497845618,-0.4249699112999529
USA,pv,AUS,2019,1489.0921446638883,336.0370827124785,1210.6961061267905,1153.05506195141,-0.6311445523247294,1546.733188839269,5323.000000000004,reported,1489.0921446638883,9.226744729260579,0.4561745900474036,0.0,-17.819297708252606,-39.04786088969733,-47.184239278641954,6736.91456298375,6784.098802262392,1499.5489495606269,-0.700383518857396
USA,pv,AUS,2020,1248.0457552893834,303.05931400195163,1065.1397478855254,944.9864412874317,-0.6311445523247294,1368.199061887477,5323.000000000004,reported,1248.0457552893834,8.837784745824047,0.47573287494670846,0.0,-18.826354220899837,-51.16060765429978,-60.673444254428865,6977.960952358256,7038.634396612684,1307.5256176330481,-0.8695010572382725
USA,pv,AUS,2021,1162.0471230412904,371.103902666107,947.8416555023391,790.9432203751835,-0.6311445523247294,1318.945558168446,5323.000000000004,reported,1162.0471230412904,8.950762606423822,0.3600293744201246,0.0,-14.801058274397375,-58.79173875987558,-64.282005053429,7063.9595846063485,7128.241589659778,1254.663553115017,-0.9099996154212316
USA,pv,AUS,2022,979.5214615557928,353.86640981108314,834.6094605210275,625.6550517447097,-0.6311445523247294,1188.4758703321106,5323.000000000004,reported,979.5214615557928,7.543990254910423,0.4235719553564416,0.0,-15.764958079449695,-72.15853442051831,-79.95593028970114,7246.485246091846,7326.441176381548,1108.5199400424094,-1.103375327132871
USA,pv,AUS,2023,1012.2454310798984,224.51838178014515,691.6230844303054,787.7270492997532,-0.6311445523247294,916.1414662104505,5323.000000000004,reported,1012.2454310798984,8.486017509560053,0.4763331458249905,0.0,-22.27851159145639,-65.02272470378541,-78.33888563985676,7213.76127656774,7292.100162207597,837.8025805705938,-1.0859644869913117
USA,pv,AUS,2024,943.9690385525072,129.51154301459258,579.5357096998207,814.4574955379146,-0.6311445523247294,709.0472527144133,5323.000000000004,reported,943.9690385525072,8.342908289889625,0.5469434655756439,0.0,-26.63379315531363,-65.37676569474715,-83.1207070945955,7282.037669095132,7365.158376189727,625.9265456198177,-1.1414484636265843
USA,pv,BRA,2010,,2841.5447425676575,10215.554287664529,4680.970811007896,-0.8431480181598846,13057.099030232186,15550.85,carry_2011,7522.515553575554,0.0,0.0,0.0,0.0,0.0,0.0,0.0,0.0,13057.099030232186,
USA,pv,BRA,2011,7522.515553575554,2145.8440335034957,6316.597124754594,5376.671520072058,-0.8431480181598846,8462.44115825809,15550.85,reported,7522.515553575554,38.33440149917326,-0.935098293519644,0.0,3.9564839778325247,108.16871778256333,149.52450496604948,0.0,-149.52450496604948,8611.96566322414,
USA,pv,BRA,2012,,1420.2575738767985,4718.466739838976,4718.466739838976,-0.8431480181598846,6138.724313715774,15550.85,interpolate_country,6319.899096442668,65.82354885391277,-1.6008339729374093,0.0,-0.1413480291402187,145.54385735742605,209.6252242092612,1202.6164571328854,992.9912329236242,6348.349537925035,17.430762980661445
USA,pv,BRA,2013,5117.282639309783,1076.9540102485794,3655.0409002931688,4040.3286290612036,-0.8431480181598846,4731.994910541748,15550.85,reported,5117.282639309783,67.5931914135602,-2.418193812788335,0.5873570427088901,-2.9629182754824113,143.68069173480504,206.4801281028034,2405.232914265771,2198.7527861629674,4938.475038644551,8.584620927068686
USA,pv,BRA,2014,6068.722799156141,1009.5977421492223,2960.126634866061,5059.125057006919,-0.8431480181598846,3969.7243770152836,15550.85,reported,6068.722799156141,70.56145440139579,-2.8065158060347106,0.0,-2.2906483993454922,251.97204104429815,317.43633124031373,1453.7927544194126,1136.3564231790988,4287.1607082555975,21.835047002080106
USA,pv,BRA,2015,2497.658976411624,821.9244308268568,2414.3384512008897,1675.7345455847671,-0.8431480181598846,3236.2628820277464,15550.85,reported,2497.658976411624,73.42026213570925,-1.4804004343715034,0.0,-3.92886383821045,8.230465908827426,76.24146377195473,5024.85657716393,4948.615113391975,3312.5043457997012,1.5172863663103007
USA,pv,BRA,2016,2460.5928028234507,568.3766487495783,1904.4225715651276,1892.2161540738725,-0.8431480181598846,2472.799220314706,15550.85,reported,2460.5928028234507,62.801902730846635,2.9222460703209854,0.0,-6.0051736669275675,57.99697400709783,117.71594914133789,5061.922750752103,4944.206801610765,2590.5151694560436,2.3255184825538397
USA,pv,BRA,2017,1975.0868857598143,482.78243735120384,1507.5444881806472,1492.3044484086104,-0.8431480181598846,1990.326925531851,15550.85,reported,1975.0868857598143,64.82332201884657,2.9033910243790793,0.0,-9.749225622064516,11.227898847341464,69.2053862685026,5547.42866781574,5478.223281547237,2059.5323118003535,1.2475218774782681
USA,pv,BRA,2018,1809.6190475909184,434.6277856666832,1253.2751396165838,1374.9912619242352,-0.8431480181598846,1687.902925283267,15550.85,reported,1809.6190475909184,66.98539247900126,2.897757674554471,0.0,-11.819431165513993,-3.859751224976378,54.203967763065364,5712.896505984636,5658.69253822157,1742.1068930463323,0.948800100024272
USA,pv,BRA,2019,1495.162848478625,339.1556423527974,1065.4487732773468,1156.0072061258275,-0.8431480181598846,1404.604415630144,15550.85,reported,1495.162848478625,69.88032298564903,3.8797480984579216,-1.5644517199989079,-15.789959147274079,-26.36440616352047,30.041254053313494,6027.352705096929,5997.311451043615,1434.6456696834575,0.49841539931634693
USA,pv,BRA,2020,1298.4074341474254,304.6098542145941,897.8798206178218,993.7975799328312,-0.8431480181598846,1202.4896748324159,15550.85,reported,1298.4074341474254,71.36243278562871,3.602400036117801,-1.5492441237153864,-16.65635130736271,-38.33721421835983,18.422023172308585,6224.108119428129,6205.68609625582,1220.9116980047245,0.2959785212407461
USA,pv,BRA,2021,915.5422974243716,376.4771235260486,768.2930901527423,539.0651738983229,-0.8431480181598846,1144.770213678791,15550.85,reported,915.5422974243716,69.83101867020332,2.703056692684031,-1.5526892475512486,-13.297527833981801,-78.51289292697491,-20.82903464562061,6606.973256151183,6627.802290796803,1123.9411790331703,-0.31525834656933854
USA,pv,BRA,2022,779.5200740754375,359.85205446189406,648.2088449663519,419.66801961354344,-0.8431480181598846,1008.0608994282459,15550.85,reported,779.5200740754375,70.56804338207301,2.426865365848935,-1.5397714250054746,-14.174444660555725,-91.50511322322794,-34.22442056086717,6742.995479500117,6777.2199000609835,973.8364788673787,-0.5075551461500365
USA,pv,BRA,2023,744.352528682658,228.57890185696598,504.2974670278212,515.773626825692,-0.8431480181598846,732.8763688847872,15550.85,reported,744.352528682658,74.27604841887799,3.063074948802797,-1.5063350593693694,-19.862427394295484,-86.21348857337817,-30.24312765936223,6778.163024892896,6808.406152552258,702.633241225425,-0.4461847191974276
USA,pv,BRA,2024,724.4366073748986,131.8617369588426,398.2022818459343,592.574870416056,-0.8431480181598846,530.0640188047769,15550.85,reported,724.4366073748986,77.47010565346844,3.3152033299004966,-1.479933747732105,-23.68801950493534,-81.42235779590663,-25.805002065205144,6798.078946200655,6823.88394826586,504.25901673957173,-0.3795925623903967
USA,pv,CHN,2010,4291.432902265811,2270.6250354815543,2797.886122193744,2020.807866784257,-0.5260812937466695,5068.511157675299,276760.0,reported,4291.432902265811,0.0,0.0,0.0,0.0,0.0,0.0,0.0,0.0,5068.511157675299,
USA,pv,CHN,2011,4031.162378781085,1732.0867985017794,2072.8255542525635,2299.0755802793055,-0.5260812937466695,3804.912352754343,276760.0,reported,4031.162378781085,0.0,0.0,0.0,7.806423761244176,28.177648502970314,35.98407226421449,260.27052348472625,224.28645122051176,3840.8964250185572,13.825642559298954
USA,pv,CHN,2012,3275.3966683631643,1009.547984993162,1727.9034923500594,2265.848683370002,-0.5260812937466695,2737.4514773432215,276760.0,reported,3275.3966683631643,0.0,0.0,0.0,-3.1034223854947314,46.91036757758323,43.8069451920885,1016.0362339026469,972.2292887105584,2781.25842253531,4.311553439765016
USA,pv,CHN,2013,2520.8503416008384,717.5643894655738,1473.3914518499791,1803.2859521352648,-0.5260812937466695,2190.955841315553,276760.0,reported,2520.8503416008384,0.0,0.0,0.0,-9.394005159292359,40.45013992933545,31.05613477004309,1770.5825606649728,1739.5264258949296,2222.011976085596,1.7540065885648068
USA,pv,CHN,2014,2100.065022292831,693.0711175800188,1291.7417216724655,1406.9939047128123,-0.5260812937466695,1984.8128392524843,276760.0,reported,2100.065022292831,0.0,0.0,0.0,-7.283271971997792,30.279402244409724,22.996130272411932,2191.36787997298,2168.371749700568,2007.8089695248962,1.0493961549119484
USA,pv,CHN,2015,1622.5553814943787,590.1313696901666,1137.492739425966,1032.4240118042121,-0.5260812937466695,1727.6241091161326,276760.0,reported,1622.5553814943787,0.0,0.0,0.0,-9.163685137057843,17.78627321393681,8.622588076878966,2668.8775207714325,2660.2549326945536,1736.2466971930114,0.32307919751921127
USA,pv,CHN,2016,1468.7692152533812,468.76741419462576,980.9800198753308,1000.0018010587554,-0.5260812937466695,1449.7474340699564,276760.0,reported,1468.7692152533812,0.0,0.0,0.0,-10.665475661758855,26.181617365058706,15.516141703299851,2822.6636870124303,2807.1475453091302,1465.2635757732562,0.5496985622018074
USA,pv,CHN,2017,1377.8666056804332,401.40400633342114,847.8784559352094,976.462599347012,-0.5260812937466695,1249.2824622686305,276760.0,reported,1377.8666056804332,0.0,0.0,0.0,-15.702309486255189,22.174266420026143,6.471956933770954,2913.566296585378,2907.0943396516072,1255.7544192024016,0.22213178884434226
USA,pv,CHN,2018,1047.2659983319315,367.78615155784,755.5759081129419,679.4798467740916,-0.5260812937466695,1123.362059670782,276760.0,reported,1047.2659983319315,0.0,0.0,0.0,-18.21361231807546,3.496009129467417,-14.717603188608042,3244.1669039338794,3258.8845071224873,1108.6444564821738,-0.4536635636952422
USA,pv,CHN,2019,946.188254693266,282.48497461032827,682.7804234158286,663.7032800829377,-0.5260812937466695,965.2653980261568,276760.0,reported,946.188254693266,0.0,0.0,0.0,-23.238829041983884,1.8976814112369809,-21.341147630746903,3345.244647572545,3366.585795203292,943.9242503954099,-0.6379547650194424
USA,pv,CHN,2020,765.8158251007976,253.59096118664755,613.6386339579409,512.2248639141501,-0.5260812937466695,867.2295951445884,276760.0,reported,765.8158251007976,0.0,0.0,0.0,-24.378325765721794,-5.7324423248185,-30.110768090540294,3525.6170771650136,3555.727845255554,837.1188270540481,-0.8540566780653527
USA,pv,CHN,2021,713.51431624731,327.2604837903864,556.7712366893907,386.25383245692365,-0.5260812937466695,884.031720479777,276760.0,reported,713.51431624731,0.0,0.0,0.0,-19.18262490206744,-11.781189305634733,-30.963814207702175,3577.918586018501,3608.8824002262036,853.0679062720749,-0.8654141636620812
USA,pv,CHN,2022,759.3280240727838,315.87717213559927,500.75107409611303,443.45085193718455,-0.5260812937466695,816.6282462317123,276760.0,reported,759.3280240727838,0.0,0.0,0.0,-20.301088278900746,-8.904419564859953,-29.2055078437607,3532.1048781930276,3561.3103860367883,787.4227383879515,-0.8268584555366261
USA,pv,CHN,2023,687.158676448271,195.68035971721693,428.14796416612097,491.47831673105406,-0.5260812937466695,623.8283238833379,276760.0,reported,687.158676448271,0.0,0.0,0.0,-28.196684971809688,-8.391032066001667,-36.58771703781136,3604.2742258175404,3640.8619428553516,587.2406068455266,-1.0151202362942386
USA,pv,CHN,2024,590.5861539927796,109.4301787373887,369.47691176254773,481.1559752553909,-0.5260812937466695,478.90709049993643,276760.0,reported,590.5861539927796,0.0,0.0,0.0,-33.034157436427506,-10.001403355133583,-43.03556079156109,3700.8467482730316,3743.882309064593,435.87152970837536,-1.1628571437507718
USA,pv,DEU,2010,4412.429498946073,2627.8484134454716,1682.3518379719396,1784.5810855006016,-0.384829060580243,4310.200251417411,15685.0,reported,4412.429498946073,0.0,0.0,0.0,0.0,0.0,0.0,0.0,0.0,4310.200251417411,
USA,pv,DEU,2011,3509.4585583491103,2010.878264542425,1350.909215976013,1498.5802938066852,-0.384829060580243,3361.7874805184383,15685.0,reported,3509.4585583491103,17.974785272588598,-0.38025347214768496,0.0,6.2357530375662105,7.3651933866224795,31.195478224629603,902.9709405969629,871.7754623723333,3392.982958743068,3.454759928819633
USA,pv,DEU,2012,2788.468001908775,1256.0313677696051,1182.512994802188,1532.4366341391699,-0.384829060580243,2438.544362571793,15685.0,reported,2788.468001908775,32.26953577196732,1.4444397701444618,0.0,-0.0785687273440645,17.690155298803248,51.32556211357097,1623.9614970372982,1572.6359349237273,2489.869924685364,3.1605159486359518
USA,pv,DEU,2013,2385.8489941203084,1013.1821674464204,1052.4102424059756,1372.666826673888,-0.384829060580243,2065.592409852396,15685.0,reported,2385.8489941203084,40.951088305026055,0.8561448308074361,0.0,-4.049423407020658,19.173351443387567,56.9311611722004,2026.5805048257648,1969.6493436535645,2122.5235710245965,2.809222778795805
USA,pv,DEU,2014,1905.6109817322056,1083.4459548018426,955.8402024343387,822.165026930363,-0.384829060580243,2039.2861572361812,15685.0,reported,1905.6109817322056,45.68037337418174,-0.8838162425383217,0.0,-1.6053232649909601,5.057156066967469,48.24838993361993,2506.8185172138674,2458.5701272802476,2087.534547169801,1.9246861949641347
USA,pv,DEU,2015,1524.0657237487353,953.8836222345835,870.9367987615078,570.1821015141518,-0.384829060580243,1824.8204209960913,15685.0,reported,1524.0657237487353,49.332453425633325,-1.125046154499483,0.0,-2.3750406796070562,-1.5066813373524042,44.32568525417438,2888.363775197338,2844.0380899431634,1869.1461062502658,1.5346295932251806
USA,pv,DEU,2016,1383.628851008505,804.9002929966445,781.555009957474,578.7285580118606,-0.384829060580243,1586.4553029541185,15685.0,reported,1383.628851008505,58.14133773283198,-0.625356740726995,0.0,-3.036940530083182,3.0143587717759672,57.49339923379777,3028.800647937568,2971.3072487037703,1643.9487021879163,1.8982232875890108
USA,pv,DEU,2017,1326.5973101999584,711.6537367109757,702.4834546982947,614.9435734889827,-0.384829060580243,1414.1371914092706,15685.0,reported,1326.5973101999584,52.83067194236006,-1.496946721820532,0.0,-6.8959111308752945,3.4776964265374133,47.91551051620164,3085.8321887461148,3037.916678229913,1462.0527019254723,1.5527581406061957
USA,pv,DEU,2018,1325.5787006452413,616.0057544065216,645.6846266953398,709.5729462387196,-0.384829060580243,1261.6903811018615,15685.0,reported,1325.5787006452413,49.68768811772031,-2.12792446196218,0.0,-9.626464350440301,6.689827640510774,44.6231269458286,3086.850798300832,3042.2276713550036,1306.31350804769,1.4455874242574844
USA,pv,DEU,2019,1070.350382721752,423.1180966761038,599.5653979502181,647.2322860456484,-0.384829060580243,1022.6834946263218,15685.0,reported,1070.350382721752,50.137768701006486,0.7510607308257451,0.0,-14.666515020236638,3.6035815416792722,39.825895953274866,3342.0791162243213,3302.2532202710463,1062.5093905795966,1.1916503041456348
USA,pv,DEU,2020,823.3332704010522,365.01031141811427,554.5210651142627,458.32295898293796,-0.384829060580243,919.531376532377,15685.0,reported,823.3332704010522,50.68975626713569,1.1396852712583354,0.0,-16.411553652348154,-3.543714816998328,31.874173069047547,3589.096228545021,3557.2220554759733,951.4055496014245,0.8880835463686906
USA,pv,DEU,2021,787.7903462895194,428.9600048879928,516.4430505354707,358.83034140152665,-0.384829060580243,945.4030554234635,15685.0,reported,787.7903462895194,49.46178040926158,0.7175903915123953,0.0,-12.62621919123623,-6.889110670091178,30.664040939446565,3624.639152656554,3593.975111717107,976.06709636291,0.8459887908282515
USA,pv,DEU,2022,1057.341173676759,374.06262760044456,477.8958126311356,683.2785460763143,-0.384829060580243,851.9584402315802,15685.0,reported,1057.341173676759,40.3727081765476,2.5703265379392213,0.0,-14.63721542681182,6.878626582583578,35.18444587025858,3355.0883252693143,3319.9038793990558,887.1428861018388,1.0486891091737296
USA,pv,DEU,2023,748.2274007844397,239.97871734341157,426.15801592538486,508.24868344102816,-0.384829060580243,666.1367332687964,15685.0,reported,748.2274007844397,42.5893511424561,3.001979862852816,0.0,-21.577467587701914,-2.5168045275260944,21.497058890080908,3664.2020981616333,3642.7050392715523,687.6337921588773,0.58667776269399
USA,pv,DEU,2024,592.9665484018221,139.32381848965485,382.60423905278026,453.6427299121673,-0.384829060580243,521.9280575424351,15685.0,reported,592.9665484018221,46.016489292644415,3.1466545509813177,0.0,-26.143761025007375,-5.41434515188304,17.605037666735317,3819.462950544251,3801.8579128775154,539.5330952091705,0.4609296619627297
USA,pv,ESP,2010,5563.901030792681,2790.4267182966028,2402.431447182071,2773.4743124960783,-0.4691205152601589,5192.858165478674,6243.260000000002,reported,5563.901030792681,0.0,0.0,0.0,0.0,0.0,0.0,0.0,0.0,5192.858165478674,
USA,pv,ESP,2011,3886.646798518194,2101.0534194644747,1838.6041960866414,1785.5933790537192,-0.4691205152601589,3939.657615551116,6243.260000000002,reported,3886.646798518194,16.61146506249488,-2.53918438278313,0.0,3.459298195184622,0.6104625035617772,18.14204137845815,1677.254232274487,1659.112190896029,3957.799656929574,1.0816512505594416
USA,pv,ESP,2012,3201.469600696212,1325.3592285047707,1563.1594637564535,1876.1103721914415,-0.4691205152601589,2888.5186922612243,6243.260000000002,reported,3201.469600696212,25.66365704630227,-1.1398340609867446,0.0,-0.40105619224934197,17.30561230845695,41.428379101523134,2362.431430096469,2321.0030509949456,2929.9470713627475,1.7536330821602482
USA,pv,ESP,2013,2750.859347123692,1081.6661395939698,1356.1091112973038,1669.193207529722,-0.4691205152601589,2437.7752508912736,6243.260000000002,reported,2750.859347123692,33.27761301324724,-1.7876111532230488,0.0,-2.9722223435774877,19.12950380422121,47.64728332066791,2813.041683668989,2765.394400348321,2485.4225342119416,1.693799405720949
USA,pv,ESP,2014,2758.289754469833,1106.9768064771733,1205.9774897867146,1651.3129479926597,-0.4691205152601589,2312.954296263888,6243.260000000002,reported,2758.289754469833,40.255791328044516,-2.659244991112055,0.0,-1.4161930475843776,25.259149439117706,61.43950272846579,2805.611276322848,2744.171773594382,2374.393798992354,2.1898793766252242
USA,pv,ESP,2015,1422.8034809078426,956.8978133331395,1076.6927441397936,465.9056675747031,-0.4691205152601589,2033.5905574729331,6243.260000000002,reported,1422.8034809078426,51.69572095916961,-1.2228958208232734,0.0,-2.0064794844172322,-22.051234094116488,26.415111559812615,4141.097549884838,4114.682438325026,2060.0056690327456,0.6378770662030699
USA,pv,ESP,2016,,824.514923717199,943.5481489553343,943.5481489553343,-0.4691205152601589,1768.0630726725335,6243.260000000002,interpolate_country,1295.26106453016,59.11074769912309,-0.8595911712910428,0.0,-2.294865909489457,8.30874463558299,64.26503525392557,4268.639966262521,4204.374931008595,1832.328107926459,1.505515474761248
USA,pv,ESP,2017,,710.9297858394584,828.5030425551782,828.5030425551782,-0.4691205152601589,1539.4328283946365,6243.260000000002,interpolate_country,1167.7186481524775,59.849184221451544,-1.0346360880475658,0.0,-5.711361929288202,0.07733673035035338,53.18052293446613,4396.182382640203,4343.001859705737,1592.6133513291027,1.2096978311106295
USA,pv,ESP,2018,,569.7935585156736,747.5810844572234,747.5810844572234,-0.4691205152601589,1317.374642972897,6243.260000000002,interpolate_country,1040.1762317747948,43.21686996407855,-2.5416414455032323,0.0,-8.75746697251073,-5.272193548506088,26.645567997558498,4523.724799017886,4497.079231020327,1344.0202109704555,0.5890183240886654
USA,pv,ESP,2019,912.6338153971122,381.7011014197696,683.0067351389529,530.9327139773427,-0.4691205152601589,1064.7078365587224,6243.260000000002,reported,912.6338153971122,39.008320814111116,0.2662074731357316,0.0,-12.112000222575471,-16.826791822027968,10.335736242643407,4651.267215395569,4640.931479152926,1075.0435728013658,0.22221334023623493
USA,pv,ESP,2020,897.0841215721103,328.85772496097593,620.9792602222468,568.2263966111344,-0.4691205152601589,949.8369851832227,6243.260000000002,reported,897.0841215721103,40.2546208123433,0.44054863550023327,0.0,-13.112138780351424,-14.058556203133396,13.524474464358715,4666.816909220571,4653.292434756212,963.3614596475815,0.28980083700385634
USA,pv,ESP,2021,926.730225640223,396.9248562650093,569.3957623619684,529.8053693752138,-0.4691205152601589,966.3206186269776,6243.260000000002,reported,926.730225640223,38.9481965981714,-0.12171540738926045,0.0,-10.004136216155162,-14.489067392618693,14.333277582008286,4637.170805152458,4622.83752757045,980.6538962089859,0.30909531229866016
USA,pv,ESP,2022,826.2275993024847,357.1843491678415,518.0192091762711,469.0432501346432,-0.4691205152601589,875.2035583441127,6243.260000000002,reported,826.2275993024847,39.01492628279413,0.5592236020041099,0.0,-11.475698416935082,-18.41114778372401,9.687303684139145,4737.673431490196,4727.986127806057,884.8908620282518,0.2044738588301576
USA,pv,ESP,2023,686.7911105133509,239.67897687838894,450.48828708988015,447.11213363496194,-0.4691205152601589,690.167263968269,6243.260000000002,reported,686.7911105133509,44.19718604071799,0.47290189911080777,0.0,-15.804751541776477,-21.493617219132563,7.371719178919758,4877.10992027933,4869.73820110041,697.5389831471888,0.1511493343274402
USA,pv,ESP,2024,822.1244412681233,145.39462230540977,395.0091498366218,676.7298189627136,-0.4691205152601589,540.4037721420316,6243.260000000002,reported,822.1244412681233,46.32889012725781,0.5503915242350786,0.0,-18.784851476316984,-11.515034918607647,16.579395256568258,4741.7765895245575,4725.197194267989,556.9831673985998,0.34964522143863
USA,pv,FRA,2010,6514.65732422562,2808.81709208976,4039.9891356469534,3705.84023213586,-0.5680182225907597,6848.8062277367135,5333.52,reported,6514.65732422562,0.0,0.0,0.0,0.0,0.0,0.0,0.0,0.0,6848.8062277367135,
USA,pv,FRA,2011,6650.285260692152,2105.9241984278633,2922.3253953946114,4544.361062264289,-0.5680182225907597,5028.249593822475,5333.52,reported,6650.285260692152,27.935203002067638,-3.5754055419027377,0.0,4.154761700206152,65.7134088564418,94.22796801681285,-135.62793646653245,-229.85590448334528,5122.477561839288,-69.47533854138122
USA,pv,FRA,2012,5890.383037251002,1406.740395318378,2400.95661350695,4483.6426419326235,-0.5680182225907597,3807.697008825328,5333.52,reported,5890.383037251002,66.70735635020432,0.04415522067901739,0.0,0.3193052234358029,105.99072920728476,173.06154600160392,624.274286974618,451.2127409730141,3980.7585548269317,27.72203654907868
USA,pv,FRA,2013,3864.823013780442,1117.4038156215279,2021.4664787841987,2747.4191981589142,-0.5680182225907597,3138.870294405727,5333.52,reported,3864.823013780442,90.0249368141678,0.9608338024186102,0.0,-2.1983482435731916,54.79427134081892,143.58169371383212,2649.834310445178,2506.252616731346,3282.451988119559,5.41851591051782
USA,pv,FRA,2014,2821.354842892848,1106.031154107372,1753.7550517203401,1715.323688785476,-0.5680182225907597,2859.7862058277124,5333.52,reported,2821.354842892848,89.20981179409806,0.2600257274790439,0.0,-0.8960599988457012,16.38241581509672,104.95619333782813,3693.302481332772,3588.346287994944,2964.7423991655405,2.8417979266066893
USA,pv,FRA,2015,1857.0719154645603,896.5633469186281,1528.7603808533122,960.5085685459322,-0.5680182225907597,2425.3237277719404,5333.52,reported,1857.0719154645603,114.91750113857533,2.053511662722356,0.0,-2.662633003898764,-16.740249048228613,97.56813074917031,4657.58540876106,4560.017278011889,2522.891858521111,2.09482214895387
USA,pv,FRA,2016,1571.8381732973864,817.2601261667812,1302.9451945974115,754.5780471306052,-0.5680182225907597,2120.205320764193,5333.52,reported,1571.8381732973864,138.29262493400614,5.478511925845638,0.0,-1.7841194195634935,-20.0068583890424,121.98015905124586,4942.819150928233,4820.838991876987,2242.1854798154386,2.467825654279475
USA,pv,FRA,2017,1476.3695280040931,723.5106941876463,1113.1442999079898,752.8588338164468,-0.5680182225907597,1836.654994095636,5333.52,reported,1476.3695280040931,192.11064663850195,14.795442738473026,0.0,-4.003822682801533,-22.25826120419135,180.64400548998208,5038.287796221527,4857.643790731545,2017.2989995856183,3.585424509204424
USA,pv,FRA,2018,1278.8838736497266,642.4103320988797,982.8919091717436,636.4735415508469,-0.5680182225907597,1625.3022412706232,5333.52,reported,1278.8838736497266,157.04602543729877,8.094869302797777,0.0,-5.170326285903934,-30.84643125913503,129.12413719505759,5235.773450575894,5106.649313380836,1754.4263784656807,2.4661903043351687
USA,pv,FRA,2019,1165.927553649501,491.50102736712597,881.0518446342522,674.4265262823751,-0.5680182225907597,1372.552872001378,5333.52,reported,1165.927553649501,136.06116279005136,1.957446817435673,0.0,-8.06671790540553,-29.249823498308686,100.70206820377281,5348.729770576119,5248.0277023723465,1473.254940205151,1.8827286575168678
USA,pv,FRA,2020,1112.9280483932464,407.7778421588375,785.1213958636927,705.1502062344089,-0.5680182225907597,1192.8992380225302,5333.52,reported,1112.9280483932464,160.65800555138236,2.7318824919256723,0.0,-9.842408828241604,-26.010901613591372,127.53657760147503,5401.729275832374,5274.192698230899,1320.4358156240053,2.361032385907982
USA,pv,FRA,2021,918.0257559627578,455.16658393205415,706.8610404377391,462.85917203070363,-0.5680182225907597,1162.0276243697933,5333.52,reported,918.0257559627578,166.68329221691516,3.467583506448523,0.0,-7.878370929348764,-39.60210109820412,122.67040369581082,5596.631568262862,5473.961164567051,1284.6980280656041,2.1918613401576206
USA,pv,FRA,2022,1228.3628006623424,381.9439113909419,630.3878675587093,846.4188892714005,-0.5680182225907597,1012.3317789496512,5333.52,reported,1228.3628006623424,90.76448719983236,-0.6942318066594071,0.0,-10.272244111434233,-15.398202883491678,64.39980839824705,5286.294523563278,5221.894715165031,1076.7315873478983,1.2182410214033579
USA,pv,FRA,2023,977.5888351031304,242.49264853920923,532.3005820349636,735.0961865639212,-0.5680182225907597,774.7932305741728,5333.52,reported,977.5888351031304,69.96878936128358,-0.02351987162211122,0.0,-16.150785575345363,-26.47963157056799,27.314852343748115,5537.06848912249,5509.753636778742,802.1080829179209,0.4933089124219403
USA,pv,FRA,2024,1103.958016240936,140.17118712993985,453.99182716551,963.7868291109962,-0.5680182225907597,594.1630142954499,5333.52,reported,1103.958016240936,66.20617579695855,0.937429627924825,0.0,-20.355214923601977,-15.071597241693453,31.716793259587945,5410.699307984683,5378.982514725096,625.8798075550378,0.5861865805919542
USA,pv,IND,2010,6015.812576430637,2805.9289271757975,3215.1952868175176,3209.8836492548394,-0.7017656828234162,6021.124213993315,24174.719999999987,reported,6015.812576430637,0.0,0.0,0.0,0.0,0.0,0.0,0.0,0.0,6021.124213993315,
USA,pv,IND,2011,3706.132789258691,2151.0087263441974,2154.9511612990696,1555.1240629144936,-0.7017656828234162,4305.9598876432665,24174.719999999987,reported,3706.132789258691,56.73653533429444,-7.218198656783561,0.0,3.281102725424321,-17.763102610535924,35.03633679239927,2309.679787171946,2274.6434503795467,4340.996224435666,1.5169348143839023
USA,pv,IND,2012,3251.3910782402595,1372.5155216779826,1690.4320908262664,1878.8755565622769,-0.7017656828234162,3062.9476125042493,24174.719999999987,reported,3251.3910782402595,135.16209676553,0.7370585698187195,0.0,-0.38814339240107854,16.229781834889252,151.7407937778369,2764.4214981903774,2612.6807044125403,3214.6884062820864,5.489061414012595
USA,pv,IND,2013,3346.7804933594625,898.9503190592804,1366.7423955983654,2447.830174300182,-0.7017656828234162,2265.692714657646,24174.719999999987,reported,3346.7804933594625,100.17510764339174,1.841249919592988,0.0,-4.179269967760813,63.03399394629464,160.87108154151855,2669.0320830711744,2508.161001529656,2426.5637961991642,6.027319137970386
USA,pv,IND,2014,2271.335541607726,873.4753967382785,1146.730946908842,1397.8601448694476,-0.7017656828234162,2020.2063436471205,24174.719999999987,reported,2271.335541607726,93.26439279763389,-0.9093565300224733,0.0,-2.9757614714286422,12.38248812028614,101.76176291646891,3744.477034822911,3642.715271906442,2121.9681065635896,2.7176495401121232
USA,pv,IND,2015,1547.763572844863,716.7522671039153,967.8130032399883,831.0113057409476,-0.7017656828234162,1684.5652703439036,24174.719999999987,reported,1547.763572844863,103.65808004709943,1.4679162116916142,0.0,-4.305100716503499,-17.775330410783987,83.04556513150357,4468.049003585774,4385.0034384542705,1767.6108354754072,1.8586538568591449
USA,pv,IND,2016,1332.2464239123133,562.2462710458713,794.3902454317467,770.000152866442,-0.7017656828234162,1356.636516477618,24174.719999999987,reported,1332.2464239123133,104.55512211199326,2.95429885145408,0.0,-5.276254340045736,-11.479202160487588,90.75396446291401,4683.566152518324,4592.81218805541,1447.390480940532,1.93771074236063
USA,pv,IND,2017,1328.4315129609276,476.4738536992924,653.9725069302505,851.9576592616352,-0.7017656828234162,1130.4463606295428,24174.719999999987,reported,1328.4315129609276,107.68587490574187,3.15914527117741,0.0,-8.354851160065841,-7.6951697347610235,94.7949992820924,4687.381063469709,4592.586064187617,1225.2413599116353,2.0223446312240494
USA,pv,IND,2018,943.7873225135758,482.37874974380975,560.7741715240533,461.408572769766,-0.7017656828234162,1043.152921267863,24174.719999999987,reported,943.7873225135758,116.192763840771,3.381215123580929,-11.381341825787134,-10.10405438178087,-39.82493917158965,58.263643585194274,5072.0252539170615,5013.761610331867,1101.4165648530573,1.1487254236401523
USA,pv,IND,2019,736.3417292664177,421.8675791955431,489.889563790573,314.4741500708746,-0.7017656828234162,911.7571429861162,24174.719999999987,reported,736.3417292664177,129.07857977351927,5.012940382619962,-24.411823802262518,-13.64868637812618,-51.63637395808742,44.39463601766312,5279.470847164219,5235.076211146556,956.1517790037792,0.8408917731122422
USA,pv,IND,2020,701.3016128884932,345.58693555550485,424.8593165644817,355.71467733298834,-0.7017656828234162,770.4462521199865,24174.719999999987,reported,701.3016128884932,127.31017870015015,4.940390419861465,-16.120218819363583,-14.636658465029958,-47.64263234075496,53.85105949486312,5314.510963542144,5260.659904047281,824.2973116148496,1.013283439704698
USA,pv,IND,2021,669.689384633508,399.94364399683883,373.16817598995164,269.74574063666915,-0.7017656828234162,773.1118199867905,24174.719999999987,reported,669.689384633508,120.27805922497275,2.20548237426306,-8.747525005083203,-10.989999875382242,-53.16256411964915,49.583452599121216,5346.123191797129,5296.539739198008,822.6952725859117,0.9274655824467349
USA,pv,IND,2022,679.9035273566287,434.89590623013305,323.94382355338945,245.00762112649568,-0.7017656828234162,758.8397297835224,24174.719999999987,reported,679.9035273566287,145.1862619679937,25.50754879699943,-72.44156187374458,-13.61296842730151,-55.69435189511228,28.944928568834754,5335.909049074008,5306.964120505173,787.7846583523572,0.5424554336033491
USA,pv,IND,2023,728.321084784776,357.0288901868288,262.85957681794315,371.2921945979472,-0.7017656828234162,619.8884670047719,24174.719999999987,reported,728.321084784776,157.34441692043768,19.24782807705915,-80.96688098747421,-17.199031491566252,-47.911873092095576,30.5144594263608,5287.491491645861,5256.9770322195,650.4029264311326,0.577106544276678
USA,pv,IND,2024,525.1674202758713,191.57837800557286,215.94456851054264,333.5890422702985,-0.7017656828234162,407.5229465161155,24174.719999999987,reported,525.1674202758713,163.88827315146793,22.975270898393603,-79.49470613203886,-23.119497428551384,-51.69415446602592,32.55518602324537,5490.645156154766,5458.08997013152,440.07813253936087,0.5929209609685389
USA,pv,ITA,2010,6078.874297702453,2717.835002031279,2929.3311145239554,3361.039295671174,-0.5895247210083466,5647.166116555234,6085.75,reported,6078.874297702453,0.0,0.0,0.0,0.0,0.0,0.0,0.0,0.0,5647.166116555234,
USA,pv,ITA,2011,5733.075804344135,2045.1935420745149,2093.107047821177,3687.88226226962,-0.5895247210083466,4138.300589895692,6085.75,reported,5733.075804344135,5.476271453402973,-0.3541246684022163,0.0,4.7358915484199375,48.41456627049244,58.27260460391314,345.7984933583184,287.5258887544053,4196.573194499605,16.85160743124775
USA,pv,ITA,2012,3045.068997250228,1374.6295010785539,1706.9305322940193,1670.4394961716744,-0.5895247210083466,3081.5600333725733,6085.75,reported,3045.068997250228,9.570526796411837,-0.19506357471754857,0.0,-0.015751390152136224,1.9576914236017586,11.31740325514391,3033.805300452225,3022.487897197081,3092.877436627717,0.37304316310136704
USA,pv,ITA,2013,2424.211548272102,1149.3520412138007,1427.8056267862733,1274.8595070583012,-0.5895247210083466,2577.157668000074,6085.75,reported,2424.211548272102,11.670898325615667,-0.46111164798768084,0.0,-2.121099802699824,-5.952707353329139,3.1359795215990243,3654.662749430351,3651.526769908752,2580.293647521673,0.08580763087066862
USA,pv,ITA,2014,2241.319524548638,1099.8973042530074,1232.070231031801,1141.4222202956307,-0.5895247210083466,2331.9675352848085,6085.75,reported,2241.319524548638,15.195609856232512,-0.25387805776993405,0.0,-1.1577916284302971,-6.303567037713314,7.480373132318965,3837.554773153815,3830.074400021496,2339.4479084171276,0.194925507895002
USA,pv,ITA,2015,,956.6572146746878,1068.4353178747895,1068.4353178747895,-0.5895247210083466,2025.0925325494773,6085.75,interpolate_country,1880.182631454855,22.686892583178075,0.4553932996922976,0.0,-1.8932123484273191,-4.275007824237633,16.97406571020542,4198.691666247598,4181.717600537392,2042.0665982596827,0.4042703551360147
USA,pv,ITA,2016,,801.6455196616977,905.1213645652872,905.1213645652872,-0.5895247210083466,1706.766884226985,6085.75,interpolate_country,1519.045738361072,19.130115311541584,-0.09523296412246157,0.0,-2.721105558527102,-3.474260398157874,12.839516390734143,4559.828559341381,4546.989042950647,1719.6064006177191,0.2815789283224428
USA,pv,ITA,2017,1157.9088452672888,713.1596128949249,768.6759779050053,444.74923237236396,-0.5895247210083466,1481.8355907999303,6085.75,reported,1157.9088452672888,25.236403914965805,0.39057930411026787,0.0,-5.763636845669796,-36.74332561787706,-16.879979244470785,4920.9654524351645,4937.845431679635,1464.9556115554594,-0.3430216978279667
USA,pv,ITA,2018,1036.4459520977036,616.2784775319706,675.540367130325,420.1674745657331,-0.5895247210083466,1291.8188446622955,6085.75,reported,1036.4459520977036,18.46516153852438,-0.38436687216215715,0.0,-7.760515570025565,-39.16275434220954,-28.84247524587288,5042.42834560475,5071.270820850623,1262.9763694164226,-0.571995738343283
USA,pv,ITA,2019,988.655656329996,446.3330178184268,603.0431469997687,542.3226385115692,-0.5895247210083466,1049.3761648181955,6085.75,reported,988.655656329996,16.391304071291948,-0.18008323443209492,0.0,-11.092082804630593,-31.910574859942834,-26.791436827713575,5090.218641372458,5117.010078200171,1022.584727990482,-0.5263317494843384
USA,pv,ITA,2020,918.8087537918004,423.14375835790435,535.0423632020645,495.6649954338961,-0.5895247210083466,958.1861215599688,6085.75,reported,918.8087537918004,24.053475757682936,0.022181950981070443,0.0,-10.706569017121472,-33.872145932748126,-20.50305724120559,5160.065543910652,5180.568601151857,937.6830643187632,-0.3973410234178336
USA,pv,ITA,2021,891.5029479724126,501.8744579783961,479.7983775629638,389.6284899940165,-0.5895247210083466,981.67283554136,6085.75,reported,891.5029479724126,18.707118107526277,-0.388430258925837,0.0,-6.98672480229417,-39.351717966414895,-28.019754920108625,5187.3713497300405,5215.391104650149,953.6530806212513,-0.5401532497103146
USA,pv,ITA,2022,818.4876080028004,450.6360829634915,426.0394598222403,367.85152503930885,-0.5895247210083466,876.6755427857317,6085.75,reported,818.4876080028004,11.832017540139406,-0.8533868764401126,0.0,-7.79219685872036,-41.45799362852267,-38.27155982354374,5260.386689699652,5298.658249523196,838.403982962188,-0.7275427089510961
USA,pv,ITA,2023,840.9617751669034,308.42767998020594,357.4521365207164,532.5340951866974,-0.5895247210083466,665.8798165009223,6085.75,reported,840.9617751669034,12.451272147760559,-0.5910670433247576,0.0,-12.492749412910646,-33.234063288521526,-33.866607596996374,5237.912522535549,5271.779130132546,632.0132089039259,-0.6465668804373684
USA,pv,ITA,2024,804.1602225425657,212.89001534158686,303.0347030331993,591.2702072009789,-0.5895247210083466,515.9247183747862,6085.75,reported,804.1602225425657,13.02609630202019,-0.6536311330659667,0.0,-14.481245262651822,-31.028465712600514,-33.13724580629811,5274.714075159887,5307.851320966185,482.78747256848806,-0.6282282856306984
USA,pv,JPN,2010,,4866.010182527956,2429.621996377581,1778.2663193369026,-0.1713694705319817,7295.632178905537,2533.3300000000017,carry_2011,6644.276501864859,0.0,0.0,0.0,0.0,0.0,0.0,0.0,0.0,7295.632178905537,
USA,pv,JPN,2011,6644.276501864859,3597.0302141004568,2203.456688815622,3047.246287764402,-0.1713694705319817,5800.486902916078,2533.3300000000017,reported,6644.276501864859,12.377954735323877,-18.822834856161837,0.0,11.682711234368792,17.128836726970228,22.36666784050106,0.0,-22.36666784050106,5822.853570756579,
USA,pv,JPN,2012,4666.397750554368,2561.70069908722,2076.6169746323494,2104.697051467148,-0.1713694705319817,4638.31767371957,2533.3300000000017,reported,4666.397750554368,24.138496856888942,-15.424655798828452,0.0,12.037443631556942,14.52001861701495,35.27130330663238,1977.8787513104908,1942.6074480038583,4673.588977026202,1.7832894601482796
USA,pv,JPN,2013,3986.820627069335,1968.6390921824886,1971.5793603935224,2018.1815348868463,-0.1713694705319817,3940.2184525760113,2533.3300000000017,reported,3986.820627069335,27.331835513831255,-19.746810984825597,0.0,6.376397642577931,17.190846035453447,31.152268207037036,2657.455874795524,2626.3036065884867,3971.3707207830485,1.172259095720038
USA,pv,JPN,2014,3654.82914695912,1747.6219031195458,1888.8621809571275,1907.2072438395742,-0.1713694705319817,3636.4840840766733,2533.3300000000017,reported,3654.82914695912,23.237514068386584,-29.294264516460782,0.0,4.5720055980139325,18.487936629491053,17.003191779430786,2989.447354905739,2972.444163126308,3653.487275856104,0.5687737484832516
USA,pv,JPN,2015,2644.6984988513204,1496.4610969436908,1812.2170707048165,1148.2374019076296,-0.1713694705319817,3308.678167648507,2533.3300000000017,reported,2644.6984988513204,24.082181156403657,-29.642587057589626,0.0,0.815271263144909,8.864444687758725,4.119310049717665,3999.5780030135384,3995.458692963821,3312.7974776982246,0.10299361699194048
USA,pv,JPN,2016,2901.8816159801127,1224.9778604925011,1726.9049412531112,1676.9037554876115,-0.1713694705319817,2951.8828017456126,2533.3300000000017,reported,2901.8816159801127,26.670575386262797,-27.230318229904857,0.0,0.8174031341496497,22.908145880678553,23.165806171186144,3742.394885884746,3719.22907971356,2975.0486079167986,0.6190102027597624
USA,pv,JPN,2017,2632.3006248899737,1063.9791124449703,1646.7966943648687,1568.3215124450035,-0.1713694705319817,2710.775806809839,2533.3300000000017,reported,2632.3006248899737,29.270370787085206,-25.126518367412675,0.0,-13.529634576440532,19.48438994969002,10.098607792922017,4011.975876974885,4001.877269181963,2720.874414602761,0.2517115780999307
USA,pv,JPN,2018,2502.241154612059,951.1603439772703,1586.1145595484602,1551.0808106347886,-0.1713694705319817,2537.27490352573,2533.3300000000017,reported,2502.241154612059,30.329418439928507,-24.38812961167113,0.0,-22.54545806713947,18.352844177278385,1.7486749383962916,4142.0353472528,4140.286672314404,2539.0235784641263,0.0422177695696416
USA,pv,JPN,2019,2465.1839596297914,783.5391603702972,1534.6263181598365,1681.6447992594942,-0.1713694705319817,2318.1654785301334,2533.3300000000017,reported,2465.1839596297914,30.037843300606166,-24.99855432061669,0.0,-30.477803128299595,20.199870202214527,-5.238643946095593,4179.092542235067,4184.331186181163,2312.926834584038,-0.12535362385858664
USA,pv,JPN,2020,2156.084945202252,688.6836572393189,1482.1708912549786,1467.401287962933,-0.1713694705319817,2170.8545484942974,2533.3300000000017,reported,2156.084945202252,30.597773267721365,-24.414136136731795,0.0,-34.35748452711859,17.157243169567437,-11.01660422656158,4488.191556662607,4499.2081608891685,2159.837944267736,-0.2454575320032343
USA,pv,JPN,2021,1923.3335172935465,751.9509647914616,1435.9524388423793,1171.3825525020848,-0.1713694705319817,2187.9034036338408,2533.3300000000017,reported,1923.3335172935465,30.02939639773417,-26.233944514485746,0.0,-34.42401701560068,12.869962774845495,-17.75860235750676,4720.942984571312,4738.701586928819,2170.144801276334,-0.37616642301218856
USA,pv,JPN,2022,2022.7323093139555,667.9109845728742,1387.1959227338996,1354.8213247410813,-0.1713694705319817,2055.106907306774,2533.3300000000017,reported,2022.7323093139555,27.111189552151778,-28.98632816092814,0.0,-40.359814380357086,15.858288800845541,-26.376664188287904,4621.544192550903,4647.920856739191,2028.730243118486,-0.5707327051162323
USA,pv,JPN,2023,1920.0374804638247,473.5717274876743,1318.189585120835,1446.4657529761505,-0.1713694705319817,1791.7613126085093,2533.3300000000017,reported,1920.0374804638247,28.748337498479827,-26.285522889803474,0.0,-49.95033326532773,15.42726343988368,-32.06025521676769,4724.239021401034,4756.299276617801,1759.7010573917416,-0.6786332163028409
USA,pv,JPN,2024,1911.450682621868,315.6578779059118,1256.3999687750404,1595.7928047159562,-0.1713694705319817,1572.0578466809523,2533.3300000000017,reported,1911.450682621868,30.81864035328308,-22.944503034601993,0.0,-54.47841059331312,16.980741761319265,-29.62353151331277,4732.825819242991,4762.449350756304,1542.4343151676394,-0.6259163688819424
USA,pv,KOR,2010,,2777.7589810053937,3669.6101571957784,4234.825498610746,-0.4321698509914313,6447.369138201172,3152.029999999999,carry_2011,7012.58447961614,0.0,0.0,0.0,0.0,0.0,0.0,0.0,0.0,6447.369138201172,
USA,pv,KOR,2011,7012.58447961614,2027.4340459964767,2868.182802656054,4985.150433619663,-0.4321698509914313,4895.61684865253,3152.029999999999,reported,7012.58447961614,6.865932155297521,-0.7638996738334285,0.0,6.249422103606626,52.13211124524529,64.48356583031601,0.0,-64.48356583031601,4960.100414482847,
USA,pv,KOR,2012,3628.137387695874,1433.8467999047368,2469.867588676854,2194.290587791137,-0.4321698509914313,3903.7143885815913,3152.029999999999,reported,3628.137387695874,11.276189947202864,-1.0151892697882798,0.0,3.9031190860270204,4.299141009957985,18.46326077339959,3384.447091920266,3365.983831146866,3922.177649354991,0.5455325573703654
USA,pv,KOR,2013,3171.064023211654,1124.6915297812538,2166.8335602208945,2046.3724934304,-0.4321698509914313,3291.5250900021483,3152.029999999999,reported,3171.064023211654,13.206138769493483,-1.081877682767419,0.0,-0.23063329395476195,9.4936000501554,21.387227842926706,3841.520456404486,3820.1332285615595,3312.912317845075,0.5567386165358161
USA,pv,KOR,2014,2633.44817638635,974.8838372448054,1944.8390574903697,1658.5643391415447,-0.4321698509914313,2919.722894735175,3152.029999999999,reported,2633.44817638635,14.440322637488084,-0.5610298968286651,0.0,-0.9106621740257763,2.391762758375883,15.360393325009525,4379.13630322979,4363.775909904781,2935.0832880601847,0.3507630788674153
USA,pv,KOR,2015,2490.6956467529776,837.2135815269241,1751.9240145500821,1653.4820652260535,-0.4321698509914313,2589.1375960770065,3152.029999999999,reported,2490.6956467529776,14.913114985286898,-0.5385587789306686,0.0,-3.114305234492931,8.756253842042405,20.0165048139057,4521.888832863162,4501.872328049256,2609.154100890912,0.4426580474166961
USA,pv,KOR,2016,2457.944023668056,699.0730856661256,1551.3257865062353,1758.8709380019304,-0.4321698509914313,2250.398872172361,3152.029999999999,reported,2457.944023668056,18.29173665550622,-0.5140576590393154,0.0,-3.6154274088835163,27.61486634542046,41.77711793300385,4554.640455948083,4512.8633380150795,2292.1759901053647,0.9172429379896601
USA,pv,KOR,2017,1883.095475647461,600.8146595122562,1376.1981036958905,1282.2808161352048,-0.4321698509914313,1977.0127632081467,3152.029999999999,reported,1883.095475647461,20.05314087760322,-0.49833252721890914,0.0,-11.369656506189445,0.8545032309438341,9.039655075138699,5129.489003968679,5120.44934889354,1986.0524182832853,0.17622915397897781
USA,pv,KOR,2018,1579.1431074974807,553.4523933840258,1251.874887175669,1025.690714113455,-0.4321698509914313,1805.3272805596948,3152.029999999999,reported,1579.1431074974807,20.467225268721165,-0.5942764023205144,-0.15755087775595786,-15.803404267697253,-12.921449819166504,-9.009456098219065,5433.441372118659,5442.450828216878,1796.3178244614758,-0.16581491326013906
USA,pv,KOR,2019,1491.0871038765438,446.55991051804364,1151.9081585520148,1044.5271933585002,-0.4321698509914313,1598.4680690700584,3152.029999999999,reported,1491.0871038765438,20.135911970109234,-0.5372016246656125,0.0,-20.732914650857104,-12.922947554140706,-14.057151859554189,5521.4973757395965,5535.554527599151,1584.4109172105043,-0.254589487288695
USA,pv,KOR,2020,1116.603856846098,416.4126542630649,1055.180518348227,700.1912025830331,-0.4321698509914313,1471.593172611292,3152.029999999999,reported,1116.603856846098,34.20537268224084,0.16856619092418934,-0.21112637378206078,-22.776919206990293,-27.782885146506317,-16.396991854113637,5895.980622770042,5912.377614624155,1455.1961807571784,-0.2781045750182609
USA,pv,KOR,2021,1068.21464090682,439.2053136315501,974.1603429833808,629.0093272752699,-0.4321698509914313,1413.365656614931,3152.029999999999,reported,1068.21464090682,33.31075404495706,0.18566570044110176,0.0,-21.5619292605393,-29.47216844791247,-17.537677963053614,5944.36983870932,5961.907516672373,1395.8279786518774,-0.29503006103101936
USA,pv,KOR,2022,1420.2340770009885,325.8282818133946,892.8877476544774,1094.4057951875939,-0.4321698509914313,1218.716029467872,3152.029999999999,reported,1420.2340770009885,16.331278073736733,0.7359217304317914,0.0,-23.360363324274584,-7.3711062073171405,-13.6642697274232,5592.350402615151,5606.014672342574,1205.0517597404487,-0.2443385829513361
USA,pv,KOR,2023,1234.052546300519,225.32263256451955,785.0776674979808,1008.7299137359994,-0.4321698509914313,1010.4003000625003,3152.029999999999,reported,1234.052546300519,23.783110935672116,0.4076973103737879,0.0,-29.80316686512569,-15.533496939676475,-21.14585555875626,5778.531933315621,5799.677788874377,989.254444503744,-0.3659381968081145
USA,pv,KOR,2024,1262.2227758007118,143.30763666718263,695.5557434474163,1118.9151391335292,-0.4321698509914313,838.8633801145988,3152.029999999999,reported,1262.2227758007118,20.169105789581028,0.5598461099068232,0.0,-33.88189481464937,-12.526931165703267,-25.67987408086479,5750.361703815428,5776.041577896292,813.183506033734,-0.4465784137339728
USA,wind,AUS,2010,4143.084429461239,1295.3389832043736,2863.911604315566,2847.7454462568653,-0.6608866327723203,4159.2505875199395,2655.0,reported,4143.084429461239,0.0,0.0,0.0,0.0,0.0,0.0,0.0,0.0,4159.2505875199395,
USA,wind,AUS,2011,4377.598776191059,1542.688325579923,2515.536421018882,2834.910450611136,-0.6608866327723203,4058.224746598805,2655.0,reported,4377.598776191059,0.15617588943074134,-0.607714118965028,0.0,12.2093579950051,0.0,11.757819765470813,-234.51434672982032,-246.27216649529112,4069.9825663642755,-5.013688897684704
USA,wind,AUS,2012,3732.398308548318,1557.2251050044906,2219.4447588538424,2175.173203543827,-0.6608866327723203,3776.669863858333,2655.0,reported,3732.398308548318,0.058364423649870385,0.025467953561900864,0.0,31.408955354007322,0.0,31.492787731219092,410.68612091292107,379.193333181702,3808.162651589552,7.668335044099675
USA,wind,AUS,2013,2770.434468668928,1002.6187317654744,2061.374527368672,1767.8157369034534,-0.6608866327723203,3063.9932591341462,2655.0,reported,2770.434468668928,0.31314172240252247,-0.7676360151201091,0.0,25.4822081781314,0.0,25.027713885413814,1372.649960792311,1347.6222469068973,3089.02097301956,1.8233136342325393
USA,wind,AUS,2014,3022.048049327942,830.2906161848023,1862.9731421970641,2191.7574331431397,-0.6608866327723203,2693.2637583818664,2655.0,reported,3022.048049327942,0.109068128303514,0.012849689721896382,0.0,20.505014602679353,0.0,20.62693242070476,1121.036380133297,1100.409447712592,2713.890690802571,1.8399877815073329
USA,wind,AUS,2015,2819.857193002646,821.9607932530575,1663.6772430507474,1997.8963997495885,-0.6608866327723203,2485.638036303805,2655.0,reported,2819.857193002646,9.565465162855661,-21.584676852800623,0.0,17.666426873287477,0.0,5.6472151833425155,1323.2272364585929,1317.5800212752504,2491.285251487148,0.42677591782771856
USA,wind,AUS,2016,2630.9450852533323,1006.2450290606712,1544.2296798740854,1624.7000561926611,-0.6608866327723203,2550.4747089347566,2655.0,reported,2630.9450852533323,0.103951491070007,0.07678074228460934,0.0,21.783310326744285,0.0,21.9640425600989,1512.1393442079066,1490.1753016478076,2572.4387514948553,1.4525144553793865
USA,wind,AUS,2017,2043.253944563324,851.8864445264667,1453.9280294814719,1191.3675000368573,-0.6608866327723203,2305.8144740079388,2655.0,reported,2043.253944563324,0.09113722416326407,0.12402781353235807,0.0,18.87856859731069,0.0,19.093733635006313,2099.830484897915,2080.736751262909,2324.908207642945,0.9092988111340126
USA,wind,AUS,2018,1901.9960055896213,921.1592246762395,1374.8705575787012,980.8367809133817,-0.6608866327723203,2296.029782254941,2655.0,reported,1901.9960055896213,0.2440102806515706,-0.08042606534735593,-0.015590110984917025,20.564690120051203,0.0,20.712684224370502,2241.0884238716176,2220.375739647247,2316.7424664793116,0.9242243190292362
USA,wind,AUS,2019,1851.141553609305,561.8440178601288,1289.701698677161,1289.2975357491762,-0.6608866327723203,1851.5457165372898,2655.0,reported,1851.141553609305,0.1079751555612322,0.15714714239992,-0.00684623129516845,17.536323700003265,0.0,17.79459976666925,2291.942875851934,2274.1482760852646,1869.340316303959,0.7763980487539356
USA,wind,AUS,2020,2042.667395245112,489.91294960493855,1159.2120995182395,1552.7544456401733,-0.6608866327723203,1649.125049123178,2655.0,reported,2042.667395245112,0.14926178987899122,0.1090442242215015,-0.008204850025717293,14.626197380732584,0.0,14.87629854480736,2100.417034216127,2085.5407356713195,1664.0013476679856,0.7082545181490196
USA,wind,AUS,2021,1411.9064049900608,555.7724708528232,1087.4114323334004,856.1339341372376,-0.6608866327723203,1643.1839031862237,2655.0,reported,1411.9064049900608,1.1329366515656865,-1.2656575746376921,-0.05240988650691519,15.789072339573174,0.0,15.603941529994254,2731.178024471178,2715.574082941184,1658.787844716218,0.5713264163003637
USA,wind,AUS,2022,1444.4693860474408,625.721733625624,1026.1783710767088,818.7476524218168,-0.6608866327723203,1651.9001047023328,2655.0,reported,1444.4693860474408,4.3483411878094085,-4.910049982792842,-0.18679804050455273,9.299916178919204,0.0,8.551409343431219,2698.615043413798,2690.063634070367,1660.451514045764,0.3168814079022374
USA,wind,AUS,2023,1609.687604602354,406.28108891760814,950.4138592895771,1203.406515684746,-0.6608866327723203,1356.6949482071852,2655.0,reported,1609.687604602354,0.17983831520169877,0.09751862530742521,-0.008195146413307782,8.247281385275734,0.0,8.51644317937155,2533.396824858885,2524.8803816795134,1365.211391386557,0.3361669634936063
USA,wind,AUS,2024,1380.5779985677066,364.3836903060438,885.7759428051778,1016.1943082616629,-0.6608866327723203,1250.1596331112216,2655.0,reported,1380.5779985677066,0.16648540097429754,0.12813463011403717,-0.0073000605117534536,4.468943032953124,0.0,4.756263003529705,2762.5064308935325,2757.750167890003,1254.9158961147514,0.17217201561378057
USA,wind,BRA,2010,3106.241515833783,1889.528704711342,1503.7814157625671,1216.712811122441,-0.4846771838084797,3393.310120473909,3807.310000000001,reported,3106.241515833783,0.0,0.0,0.0,0.0,0.0,0.0,0.0,0.0,3393.310120473909,
USA,wind,BRA,2011,3076.062176733474,1827.9583399402063,1367.33358177497,1248.1038367932679,-0.4846771838084797,3195.2919217151766,3807.310000000001,reported,3076.062176733474,12.643939389851642,-16.619068227523897,0.0,4.864639209994376,0.0,0.8895103723221212,30.17933910030888,29.28982872798676,3196.1814320874987,2.947415015834516
USA,wind,BRA,2012,3123.635568353567,1524.7385634438037,1247.3519062997937,1598.8970049097634,-0.4846771838084797,2772.090469743597,3807.310000000001,reported,3123.635568353567,38.494322794812035,-67.24070405686822,0.0,7.111223685952246,0.0,-21.635157576103943,-17.394052519784054,4.241105056319888,2750.455312167493,124.38250115374805
USA,wind,BRA,2013,3115.4061913837786,1590.7092704466481,1181.563044618262,1524.6969209371305,-0.4846771838084797,2772.27231506491,3807.310000000001,reported,3115.4061913837786,72.75506713325377,-75.28744036280884,0.0,7.071244336736264,0.0,4.538871107181201,-9.164675549995536,-13.703546657176737,2776.8111861720913,-49.5257151485675
USA,wind,BRA,2014,2646.2331709806363,1483.2508892377111,1097.0460961397416,1162.9822817429251,-0.4846771838084797,2580.296985377453,3807.310000000001,reported,2646.2331709806363,114.25727866174198,-118.0163791642898,0.0,3.7427479895210016,0.0,-0.01635251302682228,460.0083448531468,460.02469736617365,2580.280632864426,-0.0035548296481540263
USA,wind,BRA,2015,2296.044752105918,1272.7341614654624,1009.6914765789455,1023.3105906404558,-0.4846771838084797,2282.425638044408,3807.310000000001,reported,2296.044752105918,32.99448973263868,-21.979145595443395,0.0,2.6221790667745815,0.0,13.637523203969863,810.1967637278649,796.559240523895,2296.063161248378,1.683235951378169
USA,wind,BRA,2016,2406.8480453672,1290.7025722228504,956.0019312776659,1116.1454731443496,-0.4846771838084797,2246.7045035005162,3807.310000000001,reported,2406.8480453672,140.5874526458912,-116.79811596612649,0.0,2.9166279548426566,0.0,26.705964634607373,699.393470466583,672.6875058319756,2273.4104681351237,3.8184463770860124
USA,wind,BRA,2017,2065.9924280499176,1250.159762685251,914.6756363875422,815.8326653646666,-0.4846771838084797,2164.8353990727933,3807.310000000001,reported,2065.9924280499176,153.99449017421182,-119.37312313007726,0.0,4.447763469748987,0.0,39.06913051388354,1040.2490877838654,1001.1799572699819,2203.9045295866767,3.7557476351280408
USA,wind,BRA,2018,2097.030868371903,1236.991719887558,877.9301859443303,860.0391484843451,-0.4846771838084797,2114.9219058318886,3807.310000000001,reported,2097.030868371903,205.70961043790092,-164.2044545307699,0.0,2.737092595808676,0.0,44.24224850293969,1009.21064746188,964.9683989589403,2159.1641543348283,4.383846783048414
USA,wind,BRA,2019,1855.591229116072,1196.446220883766,837.7073353165757,659.145008232306,-0.4846771838084797,2034.1535562003419,3807.310000000001,reported,1855.591229116072,240.06054862601633,-201.51229235833446,0.0,2.9207021251039977,0.0,41.468958392785865,1250.650286717711,1209.181328324925,2075.6225145931276,3.3157916991823293
USA,wind,BRA,2020,1704.893122200668,1057.7805470291376,774.6718199160423,647.1125751715304,-0.4846771838084797,1832.4523669451798,3807.310000000001,reported,1704.893122200668,137.51482699000817,-78.80879006883254,0.0,5.373213903988997,0.0,64.07925082516464,1401.3483936331152,1337.2691428079506,1896.5316177703444,4.572685216346073
USA,wind,BRA,2021,1306.215139814895,612.8619567508699,739.1842126512051,693.3531830640252,-0.4846771838084797,1352.046169402075,3807.310000000001,reported,1306.215139814895,8.373170181711371,2.966465206014328,0.0,8.81651970718754,0.0,20.156155094913238,1800.026376018888,1779.8702209239748,1372.2023244969882,1.119769985787238
USA,wind,BRA,2022,1117.2097995602328,484.15917631864147,708.4233932123723,633.0506232415913,-0.4846771838084797,1192.5825695310136,3807.310000000001,reported,1117.2097995602328,14.1464822899378,-2.478125936006854,0.0,9.593357559241001,0.0,21.261713913171945,1989.0317162735503,1967.7700023603784,1213.8442834441855,1.068947957904148
USA,wind,BRA,2023,1099.1746940025257,463.4157784034803,669.6750671617656,635.7589155990454,-0.4846771838084797,1133.090845565246,3807.310000000001,reported,1099.1746940025257,23.4394249270455,-11.237290488682554,0.0,6.35640007572184,0.0,18.558534514084787,2007.0668218312574,1988.5082873171725,1151.6493800793307,0.924659523650134
USA,wind,BRA,2024,1307.044736135391,398.9197531891879,635.9618084499955,908.1249829462032,-0.4846771838084797,1034.8815616391835,3807.310000000001,reported,1307.044736135391,10.19906766029388,2.717894059966218,0.4364023939901656,3.909718012795545,0.0,17.26308212704581,1799.196779698392,1781.933697571346,1052.1446437662294,0.9594882739807762
USA,wind,CAN,2010,3207.7690771495986,1846.2542649873703,1723.101069912536,1361.5148121622283,-0.2643524831740681,3569.3553348999067,1260.0,reported,3207.7690771495986,0.0,0.0,0.0,0.0,0.0,0.0,0.0,0.0,3569.3553348999067,
USA,wind,CAN,2011,2958.624826998695,1692.3445846877794,1635.9850746449745,1266.2802423109156,-0.2643524831740681,3328.329659332754,1260.0,reported,2958.624826998695,17.264654038829374,4.187690004951262,0.0,10.359099871417978,0.0,31.811443915198613,249.14425015090364,217.33280623570502,3360.1411032479527,12.76828339242459
USA,wind,CAN,2012,3223.160817655416,1488.2571783739918,1556.0552313175276,1734.9036392814241,-0.2643524831740681,3044.3124096915194,1260.0,reported,3223.160817655416,35.52990889854918,1.1748015532877147,0.0,28.66984534258409,0.0,65.37455579442098,-15.391740505817324,-80.76629630023831,3109.68696548594,-424.7379025764669
USA,wind,CAN,2013,3108.906080752496,1527.4401840208948,1510.7414301507536,1581.4658967316013,-0.2643524831740681,3038.181614171648,1260.0,reported,3108.906080752496,54.62715827502878,13.430231302276448,0.0,22.484292696043383,0.0,90.54168227334861,98.8629963971025,8.321314123753893,3128.723296444997,91.58298410223203
USA,wind,CAN,2014,2909.720813813772,1397.8075560211169,1450.8087264619446,1511.9132577926553,-0.2643524831740681,2848.6162824830617,1260.0,reported,2909.720813813772,85.00080145750519,11.10811760632366,0.0,17.427261335947158,0.0,113.53618039977601,298.0482633358265,184.5120829360505,2962.152462882838,38.09321991312826
USA,wind,CAN,2015,3005.7168964844445,1304.2247681576082,1386.61314627567,1701.4921283268363,-0.2643524831740681,2690.8379144332785,1260.0,reported,3005.7168964844445,59.90224750909581,1.758227242158555,0.0,21.208929704592354,0.0,82.86940445584672,202.05218066515408,119.18277620930736,2773.707318889125,41.013862945226
USA,wind,CAN,2016,2815.1240756907487,1241.2274431972978,1345.8992381394785,1573.8966324934509,-0.2643524831740681,2587.1266813367765,1260.0,reported,2815.1240756907487,55.27318196363184,-0.29025194650691616,0.0,24.94398357233728,0.0,79.9269135894622,392.64500145884995,312.7180878693878,2667.053594926239,20.35602472780714
USA,wind,CAN,2017,2471.4182906315746,1123.8333629461483,1313.8477412429718,1347.5849276854262,-0.2643524831740681,2437.68110418912,1260.0,reported,2471.4182906315746,35.540175897009036,2.2896614448456227,0.0,19.643531617192178,0.0,57.47336895904684,736.350786518024,678.8774175589772,2495.1544731481667,7.805161617443323
USA,wind,CAN,2018,2210.71492193368,1040.850679124377,1284.7915734422932,1169.8642428093033,-0.2643524831740681,2325.6422525666703,1260.0,reported,2210.71492193368,56.77804599553516,1.6214353053475623,0.0,22.15579941368634,0.0,80.55528071456905,997.0541552159184,916.4988745013493,2406.1975332812394,8.079328519234172
USA,wind,CAN,2019,2894.3307568325185,704.4428337885606,1252.3443326255353,2189.887923043958,-0.2643524831740681,1956.787166414096,1260.0,reported,2894.3307568325185,74.9439822929668,-3.950649713119869,0.0,19.225046780063007,0.0,90.21837935990993,313.43832031708007,223.21994095717014,2047.005545774006,28.783455471763414
USA,wind,CAN,2020,1658.650703711003,544.3774990809422,1200.0334734639202,1114.2732046300607,-0.2643524831740681,1744.4109725448625,1260.0,reported,1658.650703711003,41.225384013870716,28.079519590278352,0.0,19.46041003968305,0.0,88.76531364383213,1549.1183734385957,1460.3530597947636,1833.1762861886946,5.730053633461124
USA,wind,CAN,2021,1553.9705855540396,498.93225793840105,1169.7305891797607,1055.0383276156385,-0.2643524831740681,1668.6628471181618,1260.0,reported,1553.9705855540396,46.331487482390955,27.142269629775736,0.0,19.864934346825255,0.0,93.33869145899195,1653.798491595559,1560.459800136567,1762.0015385771537,5.643897484084668
USA,wind,CAN,2022,1819.9977599750696,478.91990944326767,1142.924426773737,1341.077850531802,-0.2643524831740681,1621.8443362170046,1260.0,reported,1819.9977599750696,46.22306747306644,28.04760875818695,0.0,18.113974667865705,0.0,92.3846508991191,1387.771317174529,1295.3866662754099,1714.2289871161238,6.657051472083467
USA,wind,CAN,2023,1454.1580407027554,424.5368247624041,1108.3925182701926,1029.6212159403512,-0.2643524831740681,1532.9293430325965,1260.0,reported,1454.1580407027554,48.14252477570806,29.941478231713194,0.0,13.54091074442498,0.0,91.62491375184624,1753.6110364468432,1661.986122694997,1624.5542567844427,5.224927982746739
USA,wind,CAN,2024,1237.5279556276118,560.3421311843513,1077.6013681507616,677.1858244432606,-0.2643524831740681,1637.9434993351128,1260.0,reported,1237.5279556276118,75.84043106706058,8.499920771897289,0.0,10.485834758975086,0.0,94.82618659793296,1970.2411215219868,1875.4149349240538,1732.7696859330458,4.812922924107934
USA,wind,CHN,2010,1765.1775585802086,1119.112956086978,845.2578494862693,646.0646024932305,0.0009530959629259,1964.3708055732473,75360.0,reported,1765.1775585802086,0.0,0.0,0.0,0.0,0.0,0.0,0.0,0.0,1964.3708055732473,
USA,wind,CHN,2011,1717.2558524790718,971.467172218602,845.4159696369172,745.7886802604698,0.0009530959629259,1816.8831418555192,75360.0,reported,1717.2558524790718,0.0,0.0,0.0,16.112472569011892,0.0,16.112472569011892,47.921706101136806,31.809233532124914,1832.9956144245311,33.62249360447889
USA,wind,CHN,2012,1679.930392658511,847.4255199196986,845.5686644504459,832.5048727388124,0.0009530959629259,1692.9941843701445,75360.0,reported,1679.930392658511,0.0,0.0,0.0,40.59475104404009,0.0,40.59475104404009,85.24716592169761,44.65241487765753,1733.5889354141846,47.62005939449967
USA,wind,CHN,2013,1595.826062577922,781.8066424666732,845.6587660228251,814.0194201112487,0.0009530959629259,1627.4654084894983,75360.0,reported,1595.826062577922,0.0,0.0,0.0,31.086600888569208,0.0,31.086600888569208,169.3514960022867,138.2648951137175,1658.5520093780674,18.35625998139955
USA,wind,CHN,2014,1620.231001590525,700.0945572256124,845.7821941538037,920.1364443649126,0.0009530959629259,1545.8767513794162,75360.0,reported,1620.231001590525,0.0,0.0,0.0,25.503917033676743,0.0,25.503917033676743,144.9465569896836,119.44263995600684,1571.380668413093,17.595393476984732
USA,wind,CHN,2015,1573.0075398913566,618.8076105539675,845.9202111385854,954.1999293373891,0.0009530959629259,1464.7278216925529,75360.0,reported,1573.0075398913566,0.0,0.0,0.0,23.510455026691254,0.0,23.510455026691254,192.170018688852,168.65956366216074,1488.2382767192441,12.234195108633312
USA,wind,CHN,2016,1567.4215724643543,570.5046846470333,846.0111079732544,996.916887817321,0.0009530959629259,1416.5157926202878,75360.0,reported,1567.4215724643543,0.0,0.0,0.0,24.39799035364375,0.0,24.39799035364375,197.75598611585428,173.35799576221052,1440.9137829739316,12.337421907092267
USA,wind,CHN,2017,1485.129867089238,534.2113357494059,846.0846282584241,950.918531339832,0.0009530959629259,1380.29596400783,75360.0,reported,1485.129867089238,0.0,0.0,0.0,23.136118144822305,0.0,23.136118144822305,280.0476914909707,256.9115733461484,1403.4320821526524,8.261492184293996
USA,wind,CHN,2018,1538.8013700592198,502.6044898319903,846.1528503413272,1036.1968802272295,0.0009530959629259,1348.7573401733175,75360.0,reported,1538.8013700592198,0.0,0.0,0.0,22.253934901776162,0.0,22.253934901776162,226.37618852098876,204.1222536192126,1371.0112750750936,9.830510464537156
USA,wind,CHN,2019,1455.786865501193,468.73893763776726,846.2308890004625,987.0479278634257,0.0009530959629259,1314.9698266382297,75360.0,reported,1455.786865501193,0.0,0.0,0.0,21.367019454437397,0.0,21.367019454437397,309.3906930790156,288.0236736245782,1336.3368460926672,6.906161023072679
USA,wind,CHN,2020,1487.7151523770567,417.2501354431693,846.3610784728234,1070.4650169338875,0.0009530959629259,1263.6112139159927,75360.0,reported,1487.7151523770567,0.0,0.0,0.0,17.973189091628015,0.0,17.973189091628015,277.4624062031519,259.4892171115239,1281.5844030076207,6.4777024525868345
USA,wind,CHN,2021,1314.7834349389225,389.1392194036976,846.4391264172705,925.6442155352249,0.0009530959629259,1235.578345820968,75360.0,reported,1314.7834349389225,0.0,0.0,0.0,17.911017364222886,0.0,17.911017364222886,450.3941236412861,432.48310627706326,1253.489363185191,3.9767431287553863
USA,wind,CHN,2022,1170.7756516936995,365.2981622319275,846.5098786833668,805.4774894617719,0.0009530959629259,1211.8080409152942,75360.0,reported,1170.7756516936995,0.0,0.0,0.0,15.284254832274357,0.0,15.284254832274357,594.4019068865091,579.1176520542348,1227.0922957475686,2.5713670590886286
USA,wind,CHN,2023,1009.8615152494498,335.97857219698005,846.6035177950423,673.8829430524697,0.0009530959629259,1182.5820899920222,75360.0,reported,1009.8615152494498,0.0,0.0,0.0,9.940747938454813,0.0,9.940747938454813,755.3160433307588,745.375295392304,1192.522837930477,1.316104434194003
USA,wind,CHN,2024,855.9662826565387,311.13156825430923,846.6895163294066,544.8347144022296,0.0009530959629259,1157.821084583716,75360.0,reported,855.9662826565387,0.0,0.0,0.0,5.498389455140515,0.0,5.498389455140515,909.2112759236699,903.7128864685293,1163.3194740388565,0.6047427699964113
USA,wind,DEU,2010,2704.819128610142,2111.7501893658196,730.8646030881091,593.0689392443223,0.2020092160890111,2842.6147924539287,2565.0,reported,2704.819128610142,0.0,0.0,0.0,0.0,0.0,0.0,0.0,0.0,2842.6147924539287,
USA,wind,DEU,2011,2704.819128610142,1922.1958468953924,760.4220000748554,782.6232817147495,0.2020092160890111,2682.6178469702477,2565.0,reported,2704.819128610142,0.10752971209806987,0.03222411920775967,0.0,22.280548677222754,0.0,22.420302508528582,0.0,-22.420302508528582,2705.038149478776,
USA,wind,DEU,2012,2457.322731337371,1700.2150388587406,790.0936927671297,757.1076924786303,0.2020092160890111,2490.30873162587,2565.0,reported,2457.322731337371,0.285791193063608,0.18696809799915404,0.0,52.57232683675084,0.0,53.045086127813605,247.496397272771,194.4513111449574,2543.353817753684,21.432670015536225
USA,wind,DEU,2013,2427.545592608569,1643.0450309872963,808.1399322123634,784.5005616212729,0.2020092160890111,2451.1849631996597,2565.0,reported,2427.545592608569,0.6475829197813087,0.6380750090339469,0.0,45.09218652477301,0.0,46.37784445358827,277.27353600157267,230.8956915479844,2497.562807653248,16.72638691826876
USA,wind,DEU,2014,2394.891197421886,1537.1861962341984,833.5287660599712,857.7050011876875,0.2020092160890111,2370.7149622941697,2565.0,reported,2394.891197421886,0.15955587261314336,-0.17333418404475523,0.0,40.70445450947392,0.0,40.690676198042304,309.927931188256,269.2372549902137,2411.405638492212,13.129076828292067
USA,wind,DEU,2015,2350.285901628808,1421.515833372084,862.8596490621951,928.770068256724,0.2020092160890111,2284.375482434279,2565.0,reported,2350.285901628808,0.38276790692823115,0.0026890020248901293,0.0,40.965630319388666,0.0,41.35108722834179,354.5332269813339,313.1821397529921,2325.726569662621,11.663529418786725
USA,wind,DEU,2016,2305.478060177636,1348.1641399818948,882.7354819415536,957.3139201957413,0.2020092160890111,2230.8996219234486,2565.0,reported,2305.478060177636,0.4820699759828912,0.04294048445070606,0.0,44.20149196120506,0.0,44.726502421638656,399.34106843250584,354.6145660108672,2275.626124345087,11.200075814190408
USA,wind,DEU,2017,2305.1190969879626,1274.9917666412082,899.1445146610314,1030.1273303467544,0.2020092160890111,2174.1362813022397,2565.0,reported,2305.1190969879626,0.23042495300087373,-0.1420270230956286,0.0,42.57771332630464,0.0,42.66611125620989,399.70003162217927,357.0339203659694,2216.8023925584494,10.67453286982486
USA,wind,DEU,2018,2267.184611637869,1240.4728193870562,914.6424529316199,1026.7117922508126,0.2020092160890111,2155.115272318676,2565.0,reported,2267.184611637869,0.2447983723612218,-0.1433731610926258,0.0,43.86533231589411,0.0,43.966757527162706,437.6345169722731,393.6677594451104,2199.082029845839,10.046455620398032
USA,wind,DEU,2019,2098.5998414809087,1146.710868876521,932.6966552646912,951.8889726043876,0.2020092160890111,2079.4075241412124,2565.0,reported,2098.5998414809087,0.26185632349987115,-0.11954310118931648,0.0,42.92054356468832,0.0,43.06285678699888,606.2192871292332,563.1564303422343,2122.4703809282114,7.103511501741249
USA,wind,DEU,2020,2089.1128870850494,1037.4798723154056,963.6087152789851,1051.6330147696438,0.2020092160890111,2001.0885875943907,2565.0,reported,2089.1128870850494,0.3229102692381379,-0.08724751038881617,0.0,39.765193780760576,0.0,40.0008565396099,615.7062415250925,575.7053849854826,2041.0894441340006,6.49674371345149
USA,wind,DEU,2021,1944.2419851493808,870.7437759227737,982.6270260633049,1073.498209226607,0.2020092160890111,1853.3708019860787,2565.0,reported,1944.2419851493808,0.3089218865691293,-0.03340716274749596,0.0,39.260536972906834,0.0,39.53605169672847,760.5771434607611,721.0410917640327,1892.9068536828072,5.1981645828630105
USA,wind,DEU,2022,2011.739426286796,925.1043294468158,1000.1901736345326,1086.6350968399802,0.2020092160890111,1925.2945030813485,2565.0,reported,2011.739426286796,0.6883212305906936,0.010275058108855428,-0.01723796125442119,37.425283819804896,0.0,38.10664214725002,693.0797023233458,654.9730601760958,1963.4011452285986,5.498161613954169
USA,wind,DEU,2023,1791.825824693949,941.4309919416091,1023.9158807847729,850.3948327523399,0.2020092160890111,1965.3468727263821,2565.0,reported,1791.825824693949,0.3386821289128573,-0.1024599462439736,-0.008731474473744531,30.718549045686693,0.0,30.94603975388183,912.9933039161929,882.0472641623111,1996.292912480264,3.389514427010791
USA,wind,DEU,2024,1669.527372030262,875.537730004671,1046.1987495440808,793.9896420255911,0.2020092160890111,1921.7364795487517,2565.0,reported,1669.527372030262,0.35963052730300643,-0.08789029010201181,-0.008766988628485902,23.39967532570684,0.0,23.66264857427935,1035.2917565798798,1011.6291080056004,1945.399128123031,2.2856019497778752
USA,wind,ESP,2010,2917.3316496399493,1778.0769246231569,1415.202627722767,1139.2547250167925,-0.5083763749600175,3193.2795523459235,1315.7700000000004,reported,2917.3316496399493,0.0,0.0,0.0,0.0,0.0,0.0,0.0,0.0,3193.2795523459235,
USA,wind,ESP,2011,2838.1110057057613,1584.1913076390288,1280.821038411021,1253.9196980667325,-0.5083763749600175,2865.01234605005,1315.7700000000004,reported,2838.1110057057613,0.030654435974962202,0.027231970852211938,0.0,4.117634921973241,0.0,4.175521328800415,79.22064393418805,75.04512260538763,2869.1878673788506,5.270749038936364
USA,wind,ESP,2012,2489.7916665030607,1274.3521750855318,1163.1954442529536,1215.4394914175289,-0.5083763749600175,2437.5476193384857,1315.7700000000004,reported,2489.7916665030607,0.061779094288939095,0.06939905510583284,0.0,11.630177092837672,0.0,11.761355242232444,427.5399831368886,415.77862789465615,2449.3089745807183,2.7509369196159423
USA,wind,ESP,2013,2478.4744316553188,1313.9247644918669,1098.9298018203383,1164.5496671634519,-0.5083763749600175,2412.854566312205,1315.7700000000004,reported,2478.4744316553188,0.5839330054268095,-0.3570662617897464,0.0,6.479567909149901,0.0,6.706434652786965,438.85721798463055,432.15078333184357,2419.5610009649918,1.5281586762056707
USA,wind,ESP,2014,2087.660762101033,1230.136489703782,1016.6275710217546,857.524272397251,-0.5083763749600175,2246.7640607255366,1315.7700000000004,reported,2087.660762101033,0.22462051646689205,-0.030696195770646754,0.0,4.415176365528634,0.0,4.609100686224879,829.6708875389163,825.0617868526914,2251.3731614117614,0.55553361645568
USA,wind,ESP,2015,1974.0001131302856,1130.4731365544953,931.8878323154838,843.5269765757903,-0.5083763749600175,2062.360968869979,1315.7700000000004,reported,1974.0001131302856,0.43648743615555335,-0.1251399266101126,0.0,4.278268663999217,0.0,4.589616173544658,943.3315365096637,938.741920336119,2066.9505850435235,0.48653267657374044
USA,wind,ESP,2016,1944.6505362263824,1085.40331935218,879.9812165852829,859.2472168742024,-0.5083763749600175,1965.384535937463,1315.7700000000004,reported,1944.6505362263824,0.17203017598018858,0.0339437473846206,0.0,7.528316145947766,0.0,7.734290069312575,972.6811134135669,964.9468233442543,1973.1188260067754,0.7951516650888327
USA,wind,ESP,2017,2134.4262580278214,1055.3854099515836,840.1238848528548,1079.0408480762378,-0.5083763749600175,1895.5092948044385,1315.7700000000004,reported,2134.4262580278214,0.14140223347867273,0.05136604052474594,0.0,7.215128809328781,0.0,7.4078970833322,782.9053916121279,775.4974945287958,1902.9171918877707,0.946205909768759
USA,wind,ESP,2018,2785.848293599864,1007.4696711386296,804.7583466317225,1778.3786224612345,-0.5083763749600175,1812.228017770352,1315.7700000000004,reported,2785.848293599864,0.14633791451354436,0.05665768057350364,0.0,8.069240748897691,0.0,8.272236343984739,131.48335604008525,123.21111969610051,1820.5002541143367,6.291470337479663
USA,wind,ESP,2019,1848.056275124011,949.4835708386137,766.1290172852874,898.5727042853974,-0.5083763749600175,1715.612588123901,1315.7700000000004,reported,1848.056275124011,0.19046874768366448,0.046712386425035994,0.0,8.963671273907067,0.0,9.200852408015768,1069.2753745159382,1060.0745221079223,1724.813440531917,0.8604754796846417
USA,wind,ESP,2020,1450.2230865567224,875.8118270380786,705.7747260058753,574.4112595186438,-0.5083763749600175,1581.586553043954,1315.7700000000004,reported,1450.2230865567224,0.4931325140884824,-0.06270039990925595,0.0,7.907694972652608,0.0,8.338127086831834,1467.108563083227,1458.770435996395,1589.9246801307859,0.5683374289158739
USA,wind,ESP,2021,1330.7665242650544,731.3449845394781,671.9009244719164,599.4215397255763,-0.5083763749600175,1403.2459090113944,1315.7700000000004,reported,1330.7665242650544,0.17607797544117237,0.09721910747145897,0.0,7.084572823530941,0.0,7.357869906443572,1586.565125374895,1579.2072554684514,1410.6037789178379,0.4637609757560349
USA,wind,ESP,2022,1230.4390450051137,725.430248636965,642.603111449174,505.00879636814875,-0.5083763749600175,1368.033360086139,1315.7700000000004,reported,1230.4390450051137,0.3291610176769625,0.01988093155048456,-0.008380707191262386,6.467634437395213,0.0,6.808295679431398,1686.8926046348356,1680.0843089554041,1374.8416557655705,0.40359982969426794
USA,wind,ESP,2023,1185.8472461907195,780.8195342956693,605.7864714655723,405.0277118950502,-0.5083763749600175,1386.6060057612417,1315.7700000000004,reported,1185.8472461907195,0.197767827550049,0.06659566865579988,-0.005082035261559152,5.613817487465354,0.0,5.873098948409644,1731.4844034492298,1725.61130450082,1392.4791047096514,0.3391944470715444
USA,wind,ESP,2024,1398.8328190572436,704.3477312453125,573.8383489698434,694.4850878119311,-0.5083763749600175,1278.186080215156,1315.7700000000004,reported,1398.8328190572436,0.20966913552723812,0.07935740972274488,-0.005095423634614763,4.02882984094379,0.0,4.3127609625591585,1518.4988305827058,1514.1860696201466,1282.4988411777151,0.2840147700939742
USA,wind,FRA,2010,2950.0624683907927,1968.843489066251,807.8512668513363,981.2189793245416,0.2520769073090383,2776.6947559175874,1137.119999999999,reported,2950.0624683907927,0.0,0.0,0.0,0.0,0.0,0.0,0.0,0.0,2776.6947559175874,
USA,wind,FRA,2011,2644.948773343461,1803.593619802517,848.8218444253614,841.3551535409442,0.2520769073090383,2652.415464227878,1137.119999999999,reported,2644.948773343461,0.09673941072868018,-0.05458326020748346,0.0,14.07331167714141,0.0,14.115467827662608,305.1136950473315,290.9982272196689,2666.5309320555407,4.62629769059462
USA,wind,FRA,2012,2400.053077507022,1562.9963202819724,890.3498385030584,837.0567572250495,0.2520769073090383,2453.3461587850306,1137.119999999999,reported,2400.053077507022,0.1998438753334916,-0.01774459763926874,0.0,32.387972373780165,0.0,32.570071651474386,550.0093908837707,517.4393192322964,2485.916230436505,5.921730099760636
USA,wind,FRA,2013,2262.0084106773293,1424.5039292118086,915.7976987457749,837.5044814655207,0.2520769073090383,2340.3016279575836,1137.119999999999,reported,2262.0084106773293,8.273324471727898,1.9879049519047047,0.0,25.575414117584398,0.0,35.836643541217,688.0540577134634,652.2174141722464,2376.138271498801,5.208405232040792
USA,wind,FRA,2014,2137.2782742110044,1412.2357781286764,951.8383027926491,725.042496082328,0.2520769073090383,2364.0740809213257,1137.119999999999,reported,2137.2782742110044,0.43389276110358793,0.026643221981360547,0.0,24.271913582561552,0.0,24.7324495656465,812.7841941797883,788.0517446141419,2388.8065304869724,3.042929444587067
USA,wind,FRA,2015,2131.6884264783607,1265.4926011811742,993.8144860809675,866.1958252971865,0.2520769073090383,2259.307087262142,1137.119999999999,reported,2131.6884264783607,2.3841073945530162,0.33540200787771296,0.0,24.572666217890497,0.0,27.292175620321224,818.374041912432,791.0818662921107,2286.5992628824633,3.334926845497569
USA,wind,FRA,2016,2109.213578229046,1240.429921415068,1022.4617579714765,868.783656813978,0.2520769073090383,2262.8916793865446,1137.119999999999,reported,2109.213578229046,0.6499908253235648,0.031723557732038075,0.0,26.637164429573893,0.0,27.318878812629496,840.8488901617466,813.5300113491171,2290.210558199174,3.2489641280699564
USA,wind,FRA,2017,2402.662458269312,1183.63001414796,1046.2332274474143,1219.032444121352,0.2520769073090383,2229.8632415953743,1137.119999999999,reported,2402.662458269312,0.8480024858477421,0.043615342270978776,0.0,25.76261412161589,0.0,26.654231949734612,547.4000101214806,520.745778171746,2256.517473545109,4.869242136809502
USA,wind,FRA,2018,2320.5563744430056,882.4999124519697,1068.7837965895824,1438.0564619910358,0.2520769073090383,1951.2837090415521,1137.119999999999,reported,2320.5563744430056,0.35924824094410573,0.08909351956378052,0.0,23.755499507295376,0.0,24.203841267803263,629.5060939477871,605.3022526799839,1975.4875503093554,3.844893877994896
USA,wind,FRA,2019,2101.797854337148,713.5315060952424,1095.173502029492,1388.2663482419052,0.2520769073090383,1808.7050081247344,1137.119999999999,reported,2101.797854337148,0.6931096064292126,-0.04964195891351452,0.0,22.618635530043058,0.0,23.262103177558757,848.2646140536449,825.0025108760861,1831.9671113022932,2.7423168186157114
USA,wind,FRA,2020,1823.726881097778,752.03445933537,1140.6511354777597,1071.692421762408,0.2520769073090383,1892.6855948131297,1137.119999999999,reported,1823.726881097778,0.5242885709812722,0.0582858915065232,0.0,21.705858738416982,0.0,22.288433200904777,1126.3355872930147,1104.0471540921098,1914.9740280140345,1.9788448001072059
USA,wind,FRA,2021,2020.280869555222,826.878066227157,1168.81171933514,1193.402803328065,0.2520769073090383,1995.689785562297,1137.119999999999,reported,2020.280869555222,0.4756087594103617,0.04224741485018436,0.0,19.313635612452295,0.0,19.831491786712842,929.7815988355708,909.950107048858,2015.5212773490098,2.132919366391976
USA,wind,FRA,2022,2035.8130904453128,631.8088401589971,1194.9379468297584,1404.0042502863157,0.2520769073090383,1826.7467869887555,1137.119999999999,reported,2035.8130904453128,0.4741714387733683,0.13231922383426117,-0.012576823064040033,15.83244487340373,0.0,16.42635871294732,914.2493779454799,897.8230192325325,1843.1731457017029,1.7967043904214595
USA,wind,FRA,2023,1787.5143272747575,775.6782641617551,1230.4120246025077,1011.8360631130024,0.2520769073090383,2006.0902887642628,1137.119999999999,reported,1787.5143272747575,0.6859774315455591,0.01932463375775869,-0.016385478390929818,10.553318923817535,0.0,11.242235510729923,1162.5481411160351,1151.3059056053053,2017.3325242749927,0.9670339758951817
USA,wind,FRA,2024,1860.4830152221043,685.4288185538267,1263.9149417494928,1175.0541966682777,0.2520769073090383,1949.3437603033194,1137.119999999999,reported,1860.4830152221043,0.4383613742771936,0.10343739233386884,-0.010614064334017164,8.935099688095498,0.0,9.466284390372543,1089.5794531686884,1080.1131687783159,1958.810044693692,0.868801661305463
USA,wind,GBR,2010,2646.677480945218,1954.516173855146,1190.018202602728,692.1613070900721,-0.1000586056861678,3144.534376457874,812.0999999999985,reported,2646.677480945218,0.0,0.0,0.0,0.0,0.0,0.0,0.0,0.0,3144.534376457874,
USA,wind,GBR,2011,2809.9113674102177,1723.3254157009228,1166.8777597037365,1086.585951709295,-0.1000586056861678,2890.2031754046593,812.0999999999985,reported,2809.9113674102177,0.22110483788118113,0.13452076224595017,0.0,13.473415645620348,0.0,13.82904124574748,-163.2338864649996,-177.0629277107471,2904.032216650407,-8.471918144712363
USA,wind,GBR,2012,2747.880979690672,1517.4181726821043,1144.9624683001957,1230.4628070085678,-0.1000586056861678,2662.3806409823,812.0999999999985,reported,2747.880979690672,2.009354975330391,0.6250273262776221,0.0,30.76156496309061,0.0,33.39594726469862,-101.203498745454,-134.59944601015263,2695.7765882469985,-32.99880703600551
USA,wind,GBR,2013,2761.2528998111115,1463.0944076748358,1132.226186602355,1298.1584921362758,-0.1000586056861678,2595.320594277191,812.0999999999985,reported,2761.2528998111115,0.6299829025734611,0.07988327023764107,0.0,26.07619468911338,0.0,26.786060861924483,-114.57541886589343,-141.3614797278179,2622.1066551391154,-23.378540639049852
USA,wind,GBR,2014,2697.606225405735,1340.7205583042546,1115.0108501497825,1356.8856671014805,-0.1000586056861678,2455.731408454037,812.0999999999985,reported,2697.606225405735,3.1760287361623,0.1922649868224806,0.0,22.420641775444935,0.0,25.788935498429716,-50.92874446051701,-76.71767995894672,2481.5203439524666,-50.637288964433104
USA,wind,GBR,2015,2657.2208697143733,1180.3641632569227,1096.0734192406476,1476.8567064574506,-0.1000586056861678,2276.4375824975705,812.0999999999985,reported,2657.2208697143733,5.75858824515143,-0.6695740831474021,0.0,20.329216249416586,0.0,25.418230411420616,-10.543388769155172,-35.96161918057579,2301.855812908991,-241.0821697648293
USA,wind,GBR,2016,2491.129940503493,1179.809185578973,1083.7790474103365,1311.3207549245199,-0.1000586056861678,2263.5882329893093,812.0999999999985,reported,2491.129940503493,1.5545455345454047,0.01513085849303794,0.0,25.559624974282613,0.0,27.129301367321055,155.54754044172523,128.41823907440417,2290.7175343566305,17.441163833435766
USA,wind,GBR,2017,2516.6323084024853,1186.0247128476276,1073.9368670007739,1330.6075955548577,-0.1000586056861678,2259.9615798484015,812.0999999999985,reported,2516.6323084024853,0.445152920108847,-0.009137114133227122,0.0,26.41919805052376,0.0,26.855213856499383,130.04517254273287,103.1899586862335,2286.8167937049006,20.650681091352894
USA,wind,GBR,2018,2198.396210530895,1130.4972461210928,1064.8846816000303,1067.8989644098024,-0.1000586056861678,2195.3819277211232,812.0999999999985,reported,2198.396210530895,0.5935170115591908,-0.004672090120600079,0.0,26.026818790768694,0.0,26.615663712207283,448.281270414323,421.6656067021157,2221.9975914333304,5.937268734785152
USA,wind,GBR,2019,2258.591645264536,1113.707343671958,1054.624367538633,1144.8843015925781,-0.1000586056861678,2168.3317112105906,812.0999999999985,reported,2258.591645264536,0.590759589458777,-0.003876535778041347,0.0,27.55933780398108,0.0,28.146220857661817,388.08583568068207,359.93961482302024,2196.4779320682524,7.252576175137861
USA,wind,GBR,2020,2047.40763272174,1021.4921087714956,1037.729024768961,1025.9155239502443,-0.1000586056861678,2059.2211335404563,812.0999999999985,reported,2047.40763272174,0.43746703996131303,0.0032772933005841415,0.0,26.076673487303026,0.0,26.517417820564923,599.2698482234782,572.7524304029133,2085.738551361021,4.424954450682811
USA,wind,GBR,2021,2203.410301410913,974.7938065656937,1027.7316236555216,1228.6164948452192,-0.1000586056861678,2002.5254302212152,812.0999999999985,reported,2203.410301410913,0.5364900631593088,-0.014962384500996413,0.015133561895521863,27.73873609729122,0.0,28.275397337845053,443.26717953430534,414.9917821964603,2030.8008275590603,6.378861021822339
USA,wind,GBR,2022,1573.6200074383676,804.8961903110105,1018.7527895143674,768.723817127357,-0.1000586056861678,1823.6489798253779,812.0999999999985,reported,1573.6200074383676,1.6349780649086965,-0.08584481207823302,0.040085045243743136,23.00348874618028,0.0,24.59270704425449,1073.0574735068506,1048.4647664625961,1848.2416868696323,2.2918350276135033
USA,wind,GBR,2023,1303.0584580732284,745.0725657083644,1006.9911268489617,557.985892364864,-0.1000586056861678,1752.0636925573262,812.0999999999985,reported,1303.0584580732284,1.8946786034755767,-0.20294271633971472,0.04304971688318714,13.96686722069954,0.0,15.701652824718588,1343.6190228719897,1327.917370047271,1767.7653453820449,1.1686089998306408
USA,wind,GBR,2024,1925.620884875948,796.6747553890772,996.3099561546004,1128.9461294868706,-0.1000586056861678,1792.9847115436776,812.0999999999985,reported,1925.620884875948,0.7631424347180944,-0.003241131202109643,0.017605692701860305,14.467458595660544,0.0,15.244965591878389,721.0565960692702,705.8116304773918,1808.229677135556,2.1142536764775453
USA,wind,IND,2010,1607.2867942080602,1699.1182848786855,374.5547148992497,-91.83149067062527,0.177335392834262,2073.6729997779353,3426.920000000005,reported,1607.2867942080602,0.0,0.0,0.0,0.0,0.0,0.0,0.0,0.0,2073.6729997779353,
USA,wind,IND,2011,1439.2246792330563,1572.987977357781,387.819821161163,-133.76329812472454,0.177335392834262,1960.8077985189439,3426.920000000005,reported,1439.2246792330563,0.3402319314863121,0.3096362954870889,0.0,2.7174980690717065,0.0,3.3673662960451076,168.06211497500385,164.69474867895875,1964.1751648149889,2.003643888776445
USA,wind,IND,2012,1727.3567208366633,1380.1211221512224,401.07301554262176,347.2355986854409,0.177335392834262,1781.1941376938441,3426.920000000005,reported,1727.3567208366633,1.9855288512111016,-2.444443361825707,0.0,5.638081004817758,0.0,5.1791664942031534,-120.06992662860307,-125.24909312280623,1786.3733041880473,-4.313458531729769
USA,wind,IND,2013,1775.4884766427886,1360.769366159615,409.10373957543004,414.7191104831736,0.177335392834262,1769.873105735045,3426.920000000005,reported,1775.4884766427886,0.5740892325662459,0.7036247472200204,0.0,4.090278427949854,0.0,5.36799240773612,-168.20168243472835,-173.56967484246448,1775.2410981427813,-3.1914023272741043
USA,wind,IND,2014,1697.2585891987796,1087.9527959758327,420.3650640677178,609.3057932229469,0.177335392834262,1508.3178600435506,3426.920000000005,reported,1697.2585891987796,1.8255448189727377,-0.8385599106072682,0.0,6.641049583740012,0.0,7.628034492105481,-89.97179499071945,-97.59982948282493,1515.945894535656,-8.478250870611518
USA,wind,IND,2015,1517.2250364441445,1065.7810948732092,433.3229207964692,451.4439415709353,0.177335392834262,1499.1040156696783,3426.920000000005,reported,1517.2250364441445,0.8172118872816427,1.0099045673615412,0.0,4.338089775887816,0.0,6.165206230531,90.0617577639157,83.8965515333847,1505.2692219002095,6.84553175909827
USA,wind,IND,2016,1395.643984213105,999.9346642793234,442.0730588538096,395.70931993378167,0.177335392834262,1442.007723133133,3426.920000000005,reported,1395.643984213105,0.9761597032603838,1.0293462864115661,-0.07350033247895599,4.891156251651236,0.0,6.823161908844231,211.6428099949551,204.81964808611085,1448.8308850419771,3.2239044213251913
USA,wind,IND,2017,1379.8823534779967,918.8861832780237,449.2788351283991,460.996170199973,0.177335392834262,1368.1650184064229,3426.920000000005,reported,1379.8823534779967,1.0014362785896957,1.086883333953762,0.0,5.330392093128914,0.0,7.418711705672372,227.40444073006347,219.9857290243911,1375.5837301120953,3.2623424950960507
USA,wind,IND,2018,1381.2400608612577,927.3647271676462,456.06977918972444,453.87533369361154,0.177335392834262,1383.4345063573705,3426.920000000005,reported,1381.2400608612577,8.960035661638264,-6.739840060124249,0.0,4.174509153033186,0.0,6.394704754547201,226.0467333468025,219.6520285922553,1389.8292111119176,2.8289303985368366
USA,wind,IND,2019,1255.719701089365,840.3959822085254,463.9631492060352,415.32371888083946,0.177335392834262,1304.3591314145606,3426.920000000005,reported,1255.719701089365,1.1272312596167664,1.10104337948735,0.0,4.943126426517123,0.0,7.1714010656212395,351.5670931186953,344.3956920530741,1311.5305324801818,2.039838541771612
USA,wind,IND,2020,1222.0443385764129,813.309349630865,477.434962572142,408.7349889455479,0.177335392834262,1290.744312203007,3426.920000000005,reported,1222.0443385764129,1.2453093631866305,1.0271885390353057,0.0,3.394400271718371,0.0,5.666898173940307,385.2424556316473,379.575557457707,1296.4112103769473,1.4709952371809085
USA,wind,IND,2021,1051.781225948876,728.8980096987787,485.6970487874982,322.88321625009735,0.177335392834262,1214.595058486277,3426.920000000005,reported,1051.781225948876,1.3129883380476948,1.1127810533570603,0.0,4.8649859753580795,0.0,7.290755366762834,555.5055682591842,548.2148128924214,1221.8858138530397,1.3124540568711565
USA,wind,IND,2022,1191.1010340630933,630.3557723174746,493.30963409655726,560.7452617456187,0.177335392834262,1123.6654064140318,3426.920000000005,reported,1191.1010340630933,1.372406825287941,1.2435341423307713,0.0,5.293473012716282,0.0,7.909413980334994,416.18576014496693,408.27634616463195,1131.574820394367,1.9004528116435235
USA,wind,IND,2023,1236.9870705080064,583.7921118180958,503.56748374520157,653.1949586899105,0.177335392834262,1087.3595955632973,3426.920000000005,reported,1236.9870705080064,1.4483148975065283,1.2564857661621276,0.0,3.577927483662541,0.0,6.282728147331197,370.29972370005385,364.0169955527227,1093.6423237106285,1.6966602309485554
USA,wind,IND,2024,1110.269638408882,546.3302395020477,513.1751035293131,563.9393989068343,0.177335392834262,1059.5053430313608,3426.920000000005,reported,1110.269638408882,1.515385278684017,1.2598101416006515,0.0,2.1982965317741807,0.0,4.973491952058849,497.0171557991782,492.0436638471194,1064.4788349834196,1.0006680642767205
USA,wind,ITA,2010,3042.576771339253,1727.315022243171,1747.8466409473228,1315.261749096082,-0.361943176041216,3475.1616631904935,652.8600000000006,reported,3042.576771339253,0.0,0.0,0.0,0.0,0.0,0.0,0.0,0.0,3475.1616631904935,
USA,wind,ITA,2011,3732.377300030415,1683.0498644123682,1627.9985495569454,2049.327435618047,-0.361943176041216,3311.0484139693135,652.8600000000006,reported,3732.377300030415,1.0723069278069453,0.17550421681532472,0.0,4.736232002679116,0.0,5.984043147301386,-689.8005286911621,-695.7845718384634,3317.0324571166148,-0.8675034156114086
USA,wind,ITA,2012,3492.0935581917875,1474.180734817639,1520.0877684854202,2017.9128233741485,-0.361943176041216,2994.2685033030593,652.8600000000006,reported,3492.0935581917875,1.4091425612599686,0.9371662418782595,0.0,8.030742174519986,0.0,10.377050977658214,-449.51678685253455,-459.89383783019275,3004.6455542807175,-2.3084902012930697
USA,wind,ITA,2013,2409.1721620428693,1411.8517906055176,1459.8074058682682,997.3203714373517,-0.361943176041216,2871.659196473786,652.8600000000006,reported,2409.1721620428693,4.982542370157123,-0.8900154102564656,0.0,7.834249910445795,0.0,11.926776870346453,633.4046092963836,621.4778324260371,2883.5859733441325,1.8829633847463303
USA,wind,ITA,2014,2361.529671561993,1183.7825766289645,1381.1015158513724,1177.7470949330284,-0.361943176041216,2564.884092480337,652.8600000000006,reported,2361.529671561993,26.254546093982558,-22.128553108198755,0.0,4.277076789674525,0.0,8.403069775458327,681.04709977726,672.6440300018016,2573.2871622557955,1.2338456148196792
USA,wind,ITA,2015,2527.535652399827,1142.5655518672847,1298.11987722526,1384.9701005325423,-0.361943176041216,2440.685429092545,652.8600000000006,reported,2527.535652399827,10.321692931269967,-3.153423524055853,0.0,5.904949889181037,0.0,13.07321929639515,515.0411189394258,501.96789964303065,2453.75864838894,2.5382865203686187
USA,wind,ITA,2016,2129.873112690811,1062.1705855925134,1246.2178523781665,1067.7025270982977,-0.361943176041216,2308.3884379706797,652.8600000000006,reported,2129.873112690811,9.672099214791515,-2.298507777437018,0.0,6.648231571086606,0.0,14.021823008441103,912.7036586484419,898.6818356400008,2322.4102609791207,1.536295255921843
USA,wind,ITA,2017,3047.6230662438456,892.9370388435955,1205.7636360913505,2154.68602740025,-0.361943176041216,2098.7006749349457,652.8600000000006,reported,3047.6230662438456,8.539695758133924,-1.7616592864033522,0.0,7.042163902828577,0.0,13.820200374559148,-5.046294904592742,-18.86649527915189,2112.520875309505,-273.86826643803727
USA,wind,ITA,2018,2093.797504944295,889.6410500716316,1169.4033206507336,1204.1564548726633,-0.361943176041216,2059.0443707223653,652.8600000000006,reported,2093.797504944295,3.6010368593669626,2.335650412244344,0.0,8.253423604882203,0.0,14.19011087649351,948.7792663949581,934.5891555184646,2073.234481598859,1.4956177247012528
USA,wind,ITA,2019,1988.9232899516264,930.5069133345536,1129.1569951832084,1058.4163766170727,-0.361943176041216,2059.663908517762,652.8600000000006,reported,1988.9232899516264,4.197579851295881,1.7063283863207392,0.0,2.8974893414223306,0.0,8.801397579038952,1053.6534813876265,1044.8520838085876,2068.465306096801,0.8353218334596878
USA,wind,ITA,2020,2037.3177709416573,664.1411723675017,1065.0821129539997,1373.1765985741556,-0.361943176041216,1729.2232853215014,652.8600000000006,reported,2037.3177709416573,4.16200328177995,3.259493598681099,0.0,7.630133031127041,0.0,15.05162991158809,1005.2590003975956,990.2073704860076,1744.2749152330896,1.4972887490323326
USA,wind,ITA,2021,1564.420272621896,600.6336517591353,1028.4306954369347,963.7866208627606,-0.361943176041216,1629.06434719607,652.8600000000006,reported,1564.420272621896,4.349600924528068,3.528741519660226,0.0,6.863158871135787,0.0,14.741501315324081,1478.156498717357,1463.414997402033,1643.805848511394,0.997289619070494
USA,wind,ITA,2022,1538.4390431300335,582.8697408439816,996.2992046644217,955.5693022860519,-0.361943176041216,1579.1689455084033,652.8600000000006,reported,1538.4390431300335,4.568377291913797,3.561672922775782,-0.12523262375230118,5.605345273020458,0.0,13.610162863957735,1504.1377282092194,1490.5275653452616,1592.7791083723612,0.9048481803698641
USA,wind,ITA,2023,1401.7706099642528,531.899348021597,955.31605273251,869.8712619426558,-0.361943176041216,1487.2154007541071,652.8600000000006,reported,1401.7706099642528,4.7956936965409005,3.6709107145104998,-0.12356416177986719,4.114259865542026,0.0,12.457300114813558,1640.806161375,1628.3488612601866,1499.6727008689206,0.7592182677065465
USA,wind,ITA,2024,1408.131747785429,653.9514921438822,919.1675354713697,754.1802556415469,-0.361943176041216,1573.119027615252,652.8600000000006,reported,1408.131747785429,4.989985971114816,2.5613805686113014,-0.122022736707706,1.2001553287368563,0.0,8.629499131755269,1634.4450235538238,1625.8155244220686,1581.7485267470072,0.5279773260890651
USA,wind,POL,2010,3129.841562382764,1928.7167263623674,1230.3370971992813,1201.1248360203967,-0.1006582916667672,3159.0538235616486,808.4300000000003,reported,3129.841562382764,0.0,0.0,0.0,0.0,0.0,0.0,0.0,0.0,3159.0538235616486,
USA,wind,POL,2011,2691.817910915693,1589.0770337478511,1206.2706591218102,1102.740877167842,-0.1006582916667672,2795.3476928696614,808.4300000000003,reported,2691.817910915693,0.010516844918016095,0.0010243653991042195,0.0,12.444457987365748,0.0,12.455999197682868,438.023651467071,425.56765226938813,2807.8036920673444,2.8436818778995234
USA,wind,POL,2012,2684.699599991936,1422.8128243969231,1183.4810349250752,1261.8867755950128,-0.1006582916667672,2606.2938593219983,808.4300000000003,reported,2684.699599991936,0.00809499089954261,0.0005924468754055547,0.0,35.71536745271396,0.0,35.72405489048891,445.1419623908282,409.4179075003393,2642.017914212487,8.02531729397457
USA,wind,POL,2013,2759.507417153754,1471.7067237408344,1170.237824305925,1287.8006934129196,-0.1006582916667672,2641.9445480467593,808.4300000000003,reported,2759.507417153754,0.030366479545926427,0.004371221069256943,0.0,24.937469605866056,0.0,24.972207306481238,370.3341452290101,345.3619379225289,2666.9167553532407,6.743155506505815
USA,wind,POL,2014,2486.027904399791,1286.1611128039792,1152.3387046825167,1199.866791595812,-0.1006582916667672,2438.499817486496,808.4300000000003,reported,2486.027904399791,0.022720474199774913,-0.00015913973851352663,0.0,16.753302070635087,0.0,16.77586340509635,643.8136579829729,627.0377945778765,2455.2756808915924,2.6057016959929147
USA,wind,POL,2015,2310.548393337525,1160.154968730424,1132.6510040914347,1150.393424607101,-0.1006582916667672,2292.8059728218586,808.4300000000003,reported,2310.548393337525,0.01348304490193795,0.0023544898130315444,0.0,16.491864808339468,0.0,16.507702343054437,819.2931690452392,802.7854667021847,2309.313675164913,2.014871228853481
USA,wind,POL,2016,2298.156521000269,1107.2738927546734,1119.87063876583,1190.8826282455957,-0.1006582916667672,2227.1445315205037,808.4300000000003,reported,2298.156521000269,0.014382639818751947,0.002204972697898644,0.0,17.723790492912187,0.0,17.74037810542884,831.685041382495,813.9446632770662,2244.884909625933,2.1330644682438114
USA,wind,POL,2017,1712.2026322546378,753.3605898161045,1109.6400251397438,958.8420424385333,-0.1006582916667672,1863.0006149558483,808.4300000000003,reported,1712.2026322546378,1.9410512664586488,-1.522985694646685,0.0,24.91741590557994,0.0,25.335481477391905,1417.6389301281263,1392.3034486507345,1888.33609643324,1.787160393168808
USA,wind,POL,2018,,656.8008193058552,1100.231080561621,1100.231080561621,-0.1006582916667672,1757.031899867476,808.4300000000003,interpolate_country,1721.4354199635654,0.05591756014865475,-0.019525552773201296,0.0,22.15613327172805,0.0,22.192525279103503,1408.4061424191987,1386.2136171400953,1779.2244251465795,1.5757191488091442
USA,wind,POL,2019,,981.1818435176813,1089.5669731018615,1089.5669731018615,-0.1006582916667672,2070.7488166195426,808.4300000000003,interpolate_country,1730.6682076724933,0.017772126538218937,0.002326606800513285,0.0,22.717001687202842,0.0,22.737100420541573,1399.1733547102708,1376.4362542897293,2093.485917040084,1.6250381229743889
USA,wind,POL,2020,1739.900995381421,826.9842920799467,1072.0080740037379,912.9167033014742,-0.1006582916667672,1898.9923660836846,808.4300000000003,reported,1739.900995381421,0.13273305148275935,-0.0231027137926285,0.0,24.98657223817375,0.0,25.09620257586388,1389.9405670013432,1364.8443644254794,1924.0885686595484,1.8055594010042035
USA,wind,POL,2021,1920.241670095832,684.5679529568312,1061.6188349371928,1235.673717139001,-0.1006582916667672,1746.1867878940238,808.4300000000003,reported,1920.241670095832,0.020700805347540357,0.009372541962720827,0.0,17.777713401464894,0.0,17.807786748775154,1209.5998922869321,1191.7921055381569,1763.994574642799,1.4722047234236133
USA,wind,POL,2022,1748.9163284507442,701.1644305214094,1052.28860064193,1047.751897929335,-0.1006582916667672,1753.4530311633393,808.4300000000003,reported,1748.9163284507442,0.024866271724773924,0.007092117213343019,-0.0006687034117648997,16.562460485555484,0.0,16.593750171081837,1380.9252339320199,1364.331483760938,1770.0467813344212,1.2016400137633167
USA,wind,POL,2023,1719.2909543523535,775.4495503490182,1040.067373962239,943.8414040033354,-0.1006582916667672,1815.516924311257,808.4300000000003,reported,1719.2909543523535,0.02928281077511019,0.0032897395731306452,-0.0007265692641983736,12.325253356653253,0.0,12.357099337737296,1410.5506080304106,1398.1935086926733,1827.8740236489944,0.8760479253553223
USA,wind,POL,2024,1838.4745885101927,709.5172117566439,1028.9695983304487,1128.957376753549,-0.1006582916667672,1738.4868100870926,808.4300000000003,reported,1838.4745885101927,0.02716547994146726,0.004667836153888594,-0.0006500104010074306,8.904273141961953,0.0,8.935456447656302,1291.3669738725714,1282.431517424915,1747.422266534749,0.6919378169367701
USA,wind,SWE,2010,2773.275585814188,1929.9649366440403,1015.3709562824467,843.3106491701478,-0.1317579757291353,2945.335892926487,595.0,reported,2773.275585814188,0.0,0.0,0.0,0.0,0.0,0.0,0.0,0.0,2945.335892926487,
USA,wind,SWE,2011,2551.407722896317,1754.892300599923,989.4518823696632,796.515422296394,-0.1317579757291353,2744.344182969586,595.0,reported,2551.407722896317,0.004421145406276314,-0.004742785317550998,0.0,12.47182025684829,0.0,12.471498616937014,221.8678629178712,209.39636430093418,2756.815681586523,5.621137939005428
USA,wind,SWE,2012,2775.2464224535406,1483.7827062790122,965.0547101622861,1291.4637161745284,-0.1317579757291353,2448.8374164412985,595.0,reported,2775.2464224535406,0.0093075114562185,-0.0005396619974716492,0.0,28.564976178659848,0.0,28.573744028118593,-1.9708366393524557,-30.54458066747105,2477.411160469417,-1449.8281317474834
USA,wind,SWE,2013,2391.992435219712,1284.2821034578556,950.9437055546368,1107.7103317618567,-0.1317579757291353,2235.2258090124924,595.0,reported,2391.992435219712,0.010371504078789262,0.0024126392488527577,0.0,26.26700184397588,0.0,26.279785987303523,381.28315059447596,355.00336460717244,2261.505594999796,6.892459303887284
USA,wind,SWE,2014,2555.275429867688,1305.9201039316015,931.9500448145765,1249.3553259360867,-0.1317579757291353,2237.870148746178,595.0,reported,2555.275429867688,0.013685331305164918,0.00026587323844141095,0.0,17.774635778837165,0.0,17.78858698338077,218.00015594649994,200.21156896311916,2255.658735729559,8.159896448765073
USA,wind,SWE,2015,2284.897140482114,969.5189181706827,911.1634893922146,1315.3782223114313,-0.1317579757291353,1880.6824075628974,595.0,reported,2284.897140482114,0.013236523739491638,0.008606537986702398,0.0,23.2379904704412,0.0,23.259833532167395,488.3784453320741,465.11861179990666,1903.942241095065,4.762665869979544
USA,wind,SWE,2016,2101.631309145028,1219.7115995316785,897.7293094986333,881.9197096133494,-0.1317579757291353,2117.4409090303116,595.0,reported,2101.631309145028,0.014775816849946754,-0.00034635951638495744,0.0,24.78807032383311,0.0,24.802499781166674,671.6442766691603,646.8417768879935,2142.2434088114783,3.6928029676911747
USA,wind,SWE,2017,1903.388408996142,1165.513221584592,887.0093794510173,737.8751874115501,-0.1317579757291353,2052.522601035609,595.0,reported,1903.388408996142,0.046864985797248515,-0.0002584967460363824,0.0,24.24392223123041,0.0,24.29052872028162,869.8871768180461,845.5966480977645,2076.8131297558907,2.7923769159506144
USA,wind,SWE,2018,1520.082158545755,1032.4593071435766,877.1773312377977,487.6228514021784,-0.1317579757291353,1909.6366383813743,595.0,reported,1520.082158545755,0.0199713711749368,0.002865595968507571,0.0,26.058295174008283,0.0,26.081132141151727,1253.1934272684332,1227.1122951272814,1935.717770522526,2.0811737097919814
USA,wind,SWE,2019,1595.3412580470892,719.4423907154153,866.065052338245,875.898867331674,-0.1317579757291353,1585.5074430536602,595.0,reported,1595.3412580470892,0.019512400034241567,0.0111063304446503,0.0,24.326393561481567,0.0,24.35701229196046,1177.934327767099,1153.5773154751384,1609.8644553456206,2.067773365441501
USA,wind,SWE,2020,1598.381322702813,826.7762738656261,847.8414331764599,771.6050488371868,-0.1317579757291353,1674.6177070420858,595.0,reported,1598.381322702813,0.02026885226037066,0.004557243548578871,0.0,25.464240465115537,0.0,25.48906656092449,1174.8942631113753,1149.4051965504507,1700.1067736030104,2.169477489269877
USA,wind,SWE,2021,1499.7076816824365,644.3761451682414,837.1021441102627,855.3315365141951,-0.1317579757291353,1481.478289278504,595.0,reported,1499.7076816824365,0.021492507906329474,0.010659171423201386,0.0,22.80331600839434,0.0,22.83546768772387,1273.5679041317517,1250.7324364440278,1504.3137569662279,1.7930310283134714
USA,wind,SWE,2022,1313.1234013488263,606.7115497877692,827.485168602146,706.4118515610571,-0.1317579757291353,1434.196718389915,595.0,reported,1313.1234013488263,0.022891992889365376,0.011603574807471415,-0.0006261004189727171,17.230463400407007,0.0,17.26433286768487,1460.1521844653619,1442.887851597677,1451.4610512576,1.1823653076275913
USA,wind,SWE,2023,1571.2722957714248,783.1099613871887,814.9281792175508,788.162334384236,-0.1317579757291353,1598.0381406047395,595.0,reported,1571.2722957714248,0.05045483035866689,-0.0006125120686068176,-0.001179859347423133,11.790557618823254,0.0,11.83922007776589,1202.0032900427634,1190.1640699649975,1609.8773606825055,0.9849573770588173
USA,wind,SWE,2024,1772.9311285129593,643.5506732109214,803.5649196241793,1129.3804553020377,-0.1317579757291353,1447.1155928351009,595.0,reported,1772.9311285129593,0.029598662726393016,0.006609425746405911,-0.0007014978208217841,10.1713141395285,0.0,10.206820730180477,1000.3444573012289,990.1376365710485,1457.3224135652813,1.0203306126888396
USA,wind,TUR,2010,2878.3500629421737,1933.2084222979263,943.3111156282979,945.1416406442474,-0.1004525561962087,2876.519537926224,1064.7200000000012,reported,2878.3500629421737,0.0,0.0,0.0,0.0,0.0,0.0,0.0,0.0,2876.519537926224,
USA,wind,TUR,2011,2664.820862539856,1748.2753976317417,924.8964928500675,916.5454649081144,-0.1004525561962087,2673.171890481809,1064.7200000000012,reported,2664.820862539856,0.024278285002948773,0.03331435452514053,0.0,11.458001725813277,0.0,11.515594365341366,213.52920040231766,202.01360603697628,2684.6874848471502,5.392983415684807
USA,wind,TUR,2012,2109.273740267664,1502.5737129075135,907.4581421454756,606.7000273601504,-0.1004525561962087,2410.031855052989,1064.7200000000012,reported,2109.273740267664,0.021496632807399826,0.003164150587150009,0.0,32.40861159574159,0.0,32.43327237913614,769.0763226745098,736.6430502953737,2442.4651274321254,4.217172135315187
USA,wind,TUR,2013,2326.015974915389,1487.7761064713409,897.3242796477101,838.2398684440482,-0.1004525561962087,2385.100386119051,1064.7200000000012,reported,2326.015974915389,0.24326094010629531,0.08984377001737859,0.0,26.771184079150313,0.0,27.104288789273987,552.3340880267847,525.2297992375107,2412.204674908325,4.907227233811359
USA,wind,TUR,2014,2246.1887394604487,1314.3907807282733,883.6272871203925,931.7979587321754,-0.1004525561962087,2198.018067848666,1064.7200000000012,reported,2246.1887394604487,0.015491201461765086,1.1347417573587888e-05,0.0,23.113392776454724,0.0,23.128895325334064,632.161323481725,609.032428156391,2221.146963174,3.658701421015152
USA,wind,TUR,2015,2313.6027895208003,1247.4286743621828,868.5611113738222,1066.1741151586175,-0.1004525561962087,2115.989785736005,1064.7200000000012,reported,2313.6027895208003,0.010969754766576603,-0.0002934979040111585,0.0,20.347975634311712,0.0,20.35865189117428,564.7472734213734,544.3886215301991,2136.3484376271795,3.604913710842147
USA,wind,TUR,2016,2332.5867473688395,1194.6434655762503,858.7805451375547,1137.9432817925892,-0.1004525561962087,2053.424010713805,1064.7200000000012,reported,2332.5867473688395,0.016687881919165967,-0.00014269095357947594,0.0,22.403066866017795,0.0,22.419612056983382,545.7633155733342,523.3437035163508,2075.843622770788,4.107936795537673
USA,wind,TUR,2017,2105.3982588589097,1133.6162828795823,850.9510902432982,971.7819759793274,-0.1004525561962087,1984.5673731228803,1064.7200000000012,reported,2105.3982588589097,0.014934036046680012,-0.00010183055012884795,0.0,23.123296975149515,0.0,23.138129180646064,772.951804083264,749.813674902618,2007.7055023035264,2.9934763148768813
USA,wind,TUR,2018,2232.7157620349126,1075.9785001425323,843.7503257513348,1156.7372618923803,-0.1004525561962087,1919.728825893867,1064.7200000000012,reported,2232.7157620349126,0.012814387943757761,0.0007294932620753756,0.0,22.54261922849721,0.0,22.556163109703043,645.6343009072611,623.0781377975582,1942.28498900357,3.493643859690628
USA,wind,TUR,2019,2003.9863465520727,1100.4192791342284,835.5888196430755,903.5670674178443,-0.1004525561962087,1936.008098777304,1064.7200000000012,reported,2003.9863465520727,0.017021417862399607,-0.0008281061839329092,0.0,25.44100983907976,0.0,25.45720315075823,874.363716390101,848.9065132393428,1961.4653019280622,2.911511842675822
USA,wind,TUR,2020,1585.462353574938,881.6404405499572,822.1502018756324,703.8219130249809,-0.1004525561962087,1703.7906424255898,1064.7200000000012,reported,1585.462353574938,0.0156912117917951,0.0023362473205511586,0.0,22.93365229860899,0.0,22.951679757721337,1292.8877093672356,1269.9360296095142,1726.7423221833112,1.7752260765905443
USA,wind,TUR,2021,1455.22879287732,972.7986082901778,814.1986370517371,482.4301845871423,-0.1004525561962087,1786.997245341915,1064.7200000000012,reported,1455.22879287732,0.015975045843503254,-0.001283455673760121,0.0,25.930389583341857,0.0,25.9450811735116,1423.1212700648537,1397.176188891342,1812.9423265154267,1.823111053095935
USA,wind,TUR,2022,1757.8634063507664,765.752626776909,807.0574623967537,992.1107795738574,-0.1004525561962087,1572.8100891736626,1064.7200000000012,reported,1757.8634063507664,0.41277245074411223,-0.08415937335004138,0.0,20.48793321797357,0.0,20.81654629536764,1120.4866565914074,1099.6701102960396,1593.6266354690304,1.8578129576922329
USA,wind,TUR,2023,1468.1518868815974,732.4352615603152,797.7033840494174,735.7166253212822,-0.1004525561962087,1530.1386456097325,1064.7200000000012,reported,1468.1518868815974,0.018442988927507543,0.003293087661327745,0.0,16.531282036784877,0.0,16.55301811337371,1410.1981760605763,1393.6451579472025,1546.6916637231063,1.1738079366699352
USA,wind,TUR,2024,1423.6985915002006,661.6007440343776,789.2089961088717,762.097847465823,-0.1004525561962087,1450.8097401432492,1064.7200000000012,reported,1423.6985915002006,0.01843759658485843,0.00454627934307841,0.0,12.291444766599376,0.0,12.314428642527313,1454.6514714419732,1442.337042799446,1463.1241687857764,0.8465552666248096
DEU,pv,AUS,2010,8226.006707647639,2666.087536470219,6575.302935539268,5559.91917117742,-0.6311445523247294,9241.390472009487,5323.000000000004,reported,8226.006707647639,0.0,0.0,0.0,0.0,0.0,0.0,0.0,0.0,9241.390472009487,
DEU,pv,AUS,2011,8070.627916404932,1951.7830260493906,4588.100431885518,6118.844890355542,-0.6311445523247294,6539.8834579349095,5323.000000000004,reported,8070.627916404932,9.28080697958019,-0.5048333728522397,0.0,-17.30098788743075,252.55881829361033,244.03380401290752,155.37879124270694,-88.65501277020059,6783.917261947817,157.05734486743333
DEU,pv,AUS,2012,5845.8413892502,1192.4342491942662,3688.110954154833,4653.407140055934,-0.6311445523247294,4880.545203349099,5323.000000000004,reported,5845.8413892502,35.77331747289555,-4.307272102677818,0.0,-73.9237099227346,87.75711722883807,45.299452676321195,2380.1653183974386,2334.865865721117,4925.844656025421,1.9032061481687854
DEU,pv,AUS,2013,3431.1490001785755,860.2898660049309,3046.368948670667,2570.8591341736446,-0.6311445523247294,3906.658814675598,5323.000000000004,reported,3431.1490001785755,36.5252428406014,-2.563306862922747,0.0,-126.21431550103112,-401.3817245978326,-493.63410412118503,4794.857707469064,5288.491811590249,3413.024710554413,-10.29507306029623
DEU,pv,AUS,2014,3581.3283583559555,857.4327133734384,2601.525984466303,2723.8956449825173,-0.6311445523247294,3458.958697839741,5323.000000000004,reported,3581.3283583559555,27.23475663248621,-0.3160913615563318,0.0,-135.07280624688755,-464.29078976468816,-572.4449307406459,4644.678349291684,5217.12328003233,2886.5137670990953,-12.324748619631412
DEU,pv,AUS,2015,2663.0217981108967,724.9704361883232,2233.4270165617786,1938.0513619225735,-0.6311445523247294,2958.397452750102,5323.000000000004,reported,2663.0217981108967,22.020476356707647,1.0190133026273527,0.0,-152.95675620242804,-598.7276167262705,-728.6448832693636,5562.984909536743,6291.629792806107,2229.752569480738,-13.098092033653234
DEU,pv,AUS,2016,2292.9292994915004,567.7810367104781,1870.0115835712204,1725.1482627810224,-0.6311445523247294,2437.7926202816984,5323.000000000004,reported,2292.9292994915004,20.908387065621596,1.6342666791751388,0.0,-173.09934816617053,-654.3209760439831,-804.8776704653569,5933.0774081561385,6737.955078621495,1632.9149498163415,-13.565939142457507
DEU,pv,AUS,2017,2346.42868245442,507.80294671927766,1569.8958446438712,1838.6257357351424,-0.6311445523247294,2077.6987913631488,5323.000000000004,reported,2346.42868245442,18.870731817003275,1.8662832694147777,0.0,-172.3258929665815,-674.5677598639969,-826.1566377441604,5879.578025193219,6705.73466293738,1251.5421536189883,-14.051291337646813
DEU,pv,AUS,2018,1809.828003777512,438.89349130200554,1367.1582874292396,1370.9345124755066,-0.6311445523247294,1806.0517787312451,5323.000000000004,reported,1809.828003777512,17.08334383680772,2.5195461324401482,0.0,-184.65677521395142,-710.8211584015083,-875.8750436462119,6416.178703870127,7292.053747516338,930.1767350850332,-13.651038789145623
DEU,pv,AUS,2019,1489.0921446638883,336.0370827124785,1210.6961061267905,1153.05506195141,-0.6311445523247294,1546.733188839269,5323.000000000004,reported,1489.0921446638883,18.673609395449077,2.4241135568746595,0.0,-193.56671624049284,-726.450949429566,-898.919942717735,6736.91456298375,7635.834505701485,647.8132461215339,-13.343199387697254
DEU,pv,AUS,2020,1248.0457552893834,303.05931400195163,1065.1397478855254,944.9864412874317,-0.6311445523247294,1368.199061887477,5323.000000000004,reported,1248.0457552893834,19.69001995036234,2.268323158621448,0.0,-195.60750583085422,-739.2445681237347,-912.8937308456051,6977.960952358256,7890.854683203861,455.3053310418719,-13.082528507659326
DEU,pv,AUS,2021,1162.0471230412904,371.103902666107,947.8416555023391,790.9432203751835,-0.6311445523247294,1318.945558168446,5323.000000000004,reported,1162.0471230412904,17.942496465020806,2.617033897363374,0.0,-190.0620951896056,-746.9889090021759,-916.4914738293974,7063.9595846063485,7980.451058435746,402.4540843390487,-12.974189091152203
DEU,pv,AUS,2022,979.5214615557928,353.86640981108314,834.6094605210275,625.6550517447097,-0.6311445523247294,1188.4758703321106,5323.000000000004,reported,979.5214615557928,17.17063308498878,2.784533304836492,0.0,-191.08571018201735,-757.4104798926614,-928.5410236848535,7246.485246091846,8175.0262697767,259.93484664725713,-12.813674383531403
DEU,pv,AUS,2023,1012.2454310798984,224.51838178014515,691.6230844303054,787.7270492997532,-0.6311445523247294,916.1414662104505,5323.000000000004,reported,1012.2454310798984,18.4495437421647,2.546442234558951,0.0,-198.17597118085487,-753.4874574000237,-930.6674426041549,7213.76127656774,8144.428719171895,-14.525976393704354,-12.90127863847139
DEU,pv,AUS,2024,943.9690385525072,129.51154301459258,579.5357096998207,814.4574955379146,-0.6311445523247294,709.0472527144133,5323.000000000004,reported,943.9690385525072,20.05252012745343,2.194216556294764,0.0,-204.1815123935523,-754.2586680534456,-936.1934437632497,7282.037669095132,8218.23111285838,-227.14619104883639,-12.856201605993359
DEU,pv,BRA,2010,,2841.5447425676575,10215.554287664529,4680.970811007896,-0.8431480181598846,13057.099030232186,15550.85,carry_2011,7522.515553575554,0.0,0.0,0.0,0.0,0.0,0.0,0.0,0.0,13057.099030232186,
DEU,pv,BRA,2011,7522.515553575554,2145.8440335034957,6316.597124754594,5376.671520072058,-0.8431480181598846,8462.44115825809,15550.85,reported,7522.515553575554,12.686257175563894,0.15318496012845892,0.0,-15.17212496611156,347.7331272492929,345.4004444188737,0.0,-345.4004444188737,8807.841602676965,
DEU,pv,BRA,2012,,1420.2575738767985,4718.466739838976,4718.466739838976,-0.8431480181598846,6138.724313715774,15550.85,interpolate_country,6319.899096442668,24.70993304966504,-0.10805756749079587,0.0,-54.86387497548657,312.81116468018445,282.54916518687213,1202.6164571328854,920.0672919460133,6421.273478902646,23.494536725406817
DEU,pv,BRA,2013,5117.282639309783,1076.9540102485794,3655.0409002931688,4040.3286290612036,-0.8431480181598846,4731.994910541748,15550.85,reported,5117.282639309783,34.4564575606408,-0.010026946732438317,0.2844690227793617,-94.7399875724227,-86.12854516286711,-146.1376330986021,2405.232914265771,2551.370547364373,4585.857277443146,-6.075820442662308
DEU,pv,BRA,2014,6068.722799156141,1009.5977421492223,2960.126634866061,5059.125057006919,-0.8431480181598846,3969.7243770152836,15550.85,reported,6068.722799156141,31.67656935687805,0.013070279992401845,0.0,-109.42257169216656,-102.89029565869362,-180.6232277139897,1453.7927544194126,1634.4159821334024,3789.101149301294,-12.424276236410565
DEU,pv,BRA,2015,2497.658976411624,821.9244308268568,2414.3384512008897,1675.7345455847671,-0.8431480181598846,3236.2628820277464,15550.85,reported,2497.658976411624,28.54843659189194,0.4993278774250656,0.0,-130.17323735016586,-684.771279548474,-785.8967524293229,5024.85657716393,5810.753329593253,2450.3661295984234,-15.640182766627131
DEU,pv,BRA,2016,2460.5928028234507,568.3766487495783,1904.4225715651276,1892.2161540738725,-0.8431480181598846,2472.799220314706,15550.85,reported,2460.5928028234507,23.755905141101085,2.399778078386996,0.0,-159.43256031984296,-711.8409414324794,-845.1178185328343,5061.922750752103,5907.040569284937,1627.6814017818715,-16.695589011255976
DEU,pv,BRA,2017,1975.0868857598143,482.78243735120384,1507.5444881806472,1492.3044484086104,-0.8431480181598846,1990.326925531851,15550.85,reported,1975.0868857598143,23.36852913314388,2.6547330738248167,0.0,-165.75141753881542,-781.7457777999663,-921.473933131813,5547.42866781574,6468.902600947553,1068.852992400038,-16.61082977917113
DEU,pv,BRA,2018,1809.6190475909184,434.6277856666832,1253.2751396165838,1374.9912619242352,-0.8431480181598846,1687.902925283267,15550.85,reported,1809.6190475909184,24.15179692964204,2.7582008848732507,0.0,-170.4853242835754,-804.3752931877711,-947.9506196568312,5712.896505984636,6660.847125641467,739.9523056264358,-16.59316983361751
DEU,pv,BRA,2019,1495.162848478625,339.1556423527974,1065.4487732773468,1156.0072061258275,-0.8431480181598846,1404.604415630144,15550.85,reported,1495.162848478625,25.6870744052349,2.8275364472621765,-0.5891447922235673,-179.44674850137363,-825.5623047460176,-977.0835871871177,6027.352705096929,7004.436292284046,427.5208284430264,-16.21082480142341
DEU,pv,BRA,2020,1298.4074341474254,304.6098542145941,897.8798206178218,993.7975799328312,-0.8431480181598846,1202.4896748324159,15550.85,reported,1298.4074341474254,26.151301401060802,2.781261040129831,-0.5831304313358633,-180.57259707513848,-840.3416550758244,-992.5648201411082,6224.108119428129,7216.672939569236,209.9248546913077,-15.947101192585086
DEU,pv,BRA,2021,915.5422974243716,376.4771235260486,768.2930901527423,539.0651738983229,-0.8431480181598846,1144.770213678791,15550.85,reported,915.5422974243716,24.015911789543726,3.3391995207130027,-0.5790201799798792,-178.19286852098287,-866.396783225502,-1017.813560616208,6606.973256151183,7624.7868167673905,126.95665306258297,-15.405141222096058
DEU,pv,BRA,2022,779.5200740754375,359.85205446189406,648.2088449663519,419.66801961354344,-0.8431480181598846,1008.0608994282459,15550.85,reported,779.5200740754375,24.02401323892216,3.4179009375667615,-0.5737684567295553,-179.06385553626814,-876.2537472501948,-1028.4494570667036,6742.995479500117,7771.444936566821,-20.38855763845777,-15.252115475879666
DEU,pv,BRA,2023,744.352528682658,228.57890185696598,504.2974670278212,515.773626825692,-0.8431480181598846,732.8763688847872,15550.85,reported,744.352528682658,26.025682307033836,2.942803231634779,-0.5559565284000465,-184.3983721213846,-873.2372368328795,-1029.2230799439956,6778.163024892896,7807.386104836892,-296.34671105920836,-15.184395479485515
DEU,pv,BRA,2024,724.4366073748986,131.8617369588426,398.2022818459343,592.574870416056,-0.8431480181598846,530.0640188047769,15550.85,reported,724.4366073748986,27.72560288807919,2.456248582911081,-0.5418970996418218,-189.5969671435345,-871.6687993498016,-1031.6258121219876,6798.078946200655,7829.704758322643,-501.5617933172107,-15.175254954909693
DEU,pv,CHN,2010,4291.432902265811,2270.6250354815543,2797.886122193744,2020.807866784257,-0.5260812937466695,5068.511157675299,276760.0,reported,4291.432902265811,0.0,0.0,0.0,0.0,0.0,0.0,0.0,0.0,5068.511157675299,
DEU,pv,CHN,2011,4031.162378781085,1732.0867985017794,2072.8255542525635,2299.0755802793055,-0.5260812937466695,3804.912352754343,276760.0,reported,4031.162378781085,0.0,0.0,0.0,-21.227887954475136,85.4078118447739,64.17992389029877,260.27052348472625,196.0905995944275,3869.0922766446415,24.65892911383225
DEU,pv,CHN,2012,3275.3966683631643,1009.547984993162,1727.9034923500594,2265.848683370002,-0.5260812937466695,2737.4514773432215,276760.0,reported,3275.3966683631643,0.0,0.0,0.0,-103.99885822926433,113.13763719497183,9.138778965707502,1016.0362339026469,1006.8974549369394,2746.590256308929,0.8994540411816797
DEU,pv,CHN,2013,2520.8503416008384,717.5643894655738,1473.3914518499791,1803.2859521352648,-0.5260812937466695,2190.955841315553,276760.0,reported,2520.8503416008384,0.0,0.0,0.0,-169.38233640542342,-15.629208447791171,-185.0115448532146,1770.5825606649728,1955.5941055181875,2005.9442964623381,-10.449190507316999
DEU,pv,CHN,2014,2100.065022292831,693.0711175800188,1291.7417216724655,1406.9939047128123,-0.5260812937466695,1984.8128392524843,276760.0,reported,2100.065022292831,0.0,0.0,0.0,-189.33980525334206,-99.35300125886681,-288.6928065122089,2191.36787997298,2480.060686485189,1696.1200327402753,-13.174091358670848
DEU,pv,CHN,2015,1622.5553814943787,590.1313696901666,1137.492739425966,1032.4240118042121,-0.5260812937466695,1727.6241091161326,276760.0,reported,1622.5553814943787,0.0,0.0,0.0,-209.42783910733962,-154.1799099741528,-363.60774908149244,2668.8775207714325,3032.485269852925,1364.01636003464,-13.623995340797524
DEU,pv,CHN,2016,1468.7692152533812,468.76741419462576,980.9800198753308,1000.0018010587554,-0.5260812937466695,1449.7474340699564,276760.0,reported,1468.7692152533812,0.0,0.0,0.0,-226.14785472944513,-173.80798267154896,-399.9558374009941,2822.6636870124303,3222.619524413424,1049.7915966689623,-14.169447080828682
DEU,pv,CHN,2017,1377.8666056804332,401.40400633342114,847.8784559352094,976.462599347012,-0.5260812937466695,1249.2824622686305,276760.0,reported,1377.8666056804332,0.0,0.0,0.0,-234.93232212623707,-187.6147820479855,-422.54710417422257,2913.566296585378,3336.1134007596006,826.735358094408,-14.50274547277117
DEU,pv,CHN,2018,1047.2659983319315,367.78615155784,755.5759081129419,679.4798467740916,-0.5260812937466695,1123.362059670782,276760.0,reported,1047.2659983319315,0.0,0.0,0.0,-238.61007554321637,-205.52982181412932,-444.1398973573457,3244.1669039338794,3688.3068012912254,679.2221623134362,-13.690414535046926
DEU,pv,CHN,2019,946.188254693266,282.48497461032827,682.7804234158286,663.7032800829377,-0.5260812937466695,965.2653980261568,276760.0,reported,946.188254693266,0.0,0.0,0.0,-242.92624574473922,-208.57577881249262,-451.50202455723183,3345.244647572545,3796.746672129777,513.763373468925,-13.496831237286676
DEU,pv,CHN,2020,765.8158251007976,253.59096118664755,613.6386339579409,512.2248639141501,-0.5260812937466695,867.2295951445884,276760.0,reported,765.8158251007976,0.0,0.0,0.0,-244.72754244119466,-215.74754801695974,-460.4750904581544,3525.6170771650136,3986.092167623168,406.754504686434,-13.060836738073306
DEU,pv,CHN,2021,713.51431624731,327.2604837903864,556.7712366893907,386.25383245692365,-0.5260812937466695,884.031720479777,276760.0,reported,713.51431624731,0.0,0.0,0.0,-242.85152600353663,-220.5858458112918,-463.43737181482845,3577.918586018501,4041.3559578333297,420.5943486649486,-12.952708695659293
DEU,pv,CHN,2022,759.3280240727838,315.87717213559927,500.75107409611303,443.45085193718455,-0.5260812937466695,816.6282462317123,276760.0,reported,759.3280240727838,0.0,0.0,0.0,-244.85593444175302,-221.16318325407528,-466.0191176958283,3532.1048781930276,3998.123995888856,350.609128535884,-13.193807482133339
DEU,pv,CHN,2023,687.158676448271,195.68035971721693,428.14796416612097,491.47831673105406,-0.5260812937466695,623.8283238833379,276760.0,reported,687.158676448271,0.0,0.0,0.0,-248.17817568105013,-220.53077670614428,-468.7089523871944,3604.2742258175404,4072.983178204735,155.11937149614351,-13.004253367566099
DEU,pv,CHN,2024,590.5861539927796,109.4301787373887,369.47691176254773,481.1559752553909,-0.5260812937466695,478.90709049993643,276760.0,reported,590.5861539927796,0.0,0.0,0.0,-250.4479430366295,-221.56450641933094,-472.01244945596045,3700.8467482730316,4172.8591977289925,6.89464104397598,-12.754174424440055
DEU,pv,ESP,2010,5563.901030792681,2790.4267182966028,2402.431447182071,2773.4743124960783,-0.4691205152601589,5192.858165478674,6243.260000000002,reported,5563.901030792681,0.0,0.0,0.0,0.0,0.0,0.0,0.0,0.0,5192.858165478674,
DEU,pv,ESP,2011,3886.646798518194,2101.0534194644747,1838.6041960866414,1785.5933790537192,-0.4691205152601589,3939.657615551116,6243.260000000002,reported,3886.646798518194,45.81374489647838,-0.17460809357229468,0.0,-8.531915565910076,-64.44865846691923,-27.341437229923216,1677.254232274487,1704.5956695044104,3912.316178321193,-1.6301307639478186
DEU,pv,ESP,2012,3201.469600696212,1325.3592285047707,1563.1594637564535,1876.1103721914415,-0.4691205152601589,2888.5186922612243,6243.260000000002,reported,3201.469600696212,131.53864912212285,-0.6244454843315314,0.0,-42.41822755502085,-29.831580934174866,58.66439514859559,2362.431430096469,2303.767034947873,2947.18308740982,2.483221074746709
DEU,pv,ESP,2013,2750.859347123692,1081.6661395939698,1356.1091112973038,1669.193207529722,-0.4691205152601589,2437.7752508912736,6243.260000000002,reported,2750.859347123692,183.5969928335158,1.3564925085265624,0.0,-68.72315271298659,-105.10719044396888,11.123142185086905,2813.041683668989,2801.918541483902,2448.8983930763607,0.3954133438427842
DEU,pv,ESP,2014,2758.289754469833,1106.9768064771733,1205.9774897867146,1651.3129479926597,-0.4691205152601589,2312.954296263888,6243.260000000002,reported,2758.289754469833,175.90101640916703,2.7752809197998833,0.0,-66.21622946998932,-144.25538237309686,-31.79531451411927,2805.611276322848,2837.406590836967,2281.158981749769,-1.1332758312759401
DEU,pv,ESP,2015,1422.8034809078426,956.8978133331395,1076.6927441397936,465.9056675747031,-0.4691205152601589,2033.5905574729331,6243.260000000002,reported,1422.8034809078426,271.05706491347746,8.243708952977807,0.0,-76.40944266160665,-251.770706943447,-48.87937573859841,4141.097549884838,4189.976925623437,1984.7111817343348,-1.1803483291514762
DEU,pv,ESP,2016,,824.514923717199,943.5481489553343,943.5481489553343,-0.4691205152601589,1768.0630726725335,6243.260000000002,interpolate_country,1295.26106453016,272.04566487223263,7.606948193274914,0.0,-82.5278883480692,-233.762214246486,-36.637489529047684,4268.639966262521,4305.277455791568,1731.4255831434857,-0.8582942065532467
DEU,pv,ESP,2017,,710.9297858394584,828.5030425551782,828.5030425551782,-0.4691205152601589,1539.4328283946365,6243.260000000002,interpolate_country,1167.7186481524775,265.54610175147116,3.777332855678013,0.0,-94.97752356716462,-249.14636278073465,-74.80045174075008,4396.182382640203,4470.982834380953,1464.6323766538865,-1.701486545147096
DEU,pv,ESP,2018,,569.7935585156736,747.5810844572234,747.5810844572234,-0.4691205152601589,1317.374642972897,6243.260000000002,interpolate_country,1040.1762317747948,165.21205747288457,-0.2848108777487006,0.0,-116.79260557614106,-256.53186185603874,-208.39722083704393,4523.724799017886,4732.12201985493,1108.977422135853,-4.606761686349435
DEU,pv,ESP,2019,912.6338153971122,381.7011014197696,683.0067351389529,530.9327139773427,-0.4691205152601589,1064.7078365587224,6243.260000000002,reported,912.6338153971122,185.86144821377957,0.9735304206812873,0.0,-124.29669801324692,-266.00696536795726,-203.46868474674332,4651.267215395569,4854.735900142313,861.2391518119791,-4.374478509281674
DEU,pv,ESP,2020,897.0841215721103,328.85772496097593,620.9792602222468,568.2263966111344,-0.4691205152601589,949.8369851832227,6243.260000000002,reported,897.0841215721103,134.53479872781537,5.357544731552501,0.0,-131.00666378262997,-266.38998452950176,-257.5043048527639,4666.816909220571,4924.321214073335,692.3326803304589,-5.517771745962303
DEU,pv,ESP,2021,926.730225640223,396.9248562650093,569.3957623619684,529.8053693752138,-0.4691205152601589,966.3206186269776,6243.260000000002,reported,926.730225640223,130.4762906177823,6.262548291602492,0.0,-126.8668760840623,-268.2931848549725,-258.42122202965,4637.170805152458,4895.592027182109,707.8993965973277,-5.572820861860699
DEU,pv,ESP,2022,826.2275993024847,357.1843491678415,518.0192091762711,469.0432501346432,-0.4691205152601589,875.2035583441127,6243.260000000002,reported,826.2275993024847,108.00936068651367,10.681795853643512,0.0,-138.23886210522545,-272.2723532746954,-291.82005883976365,4737.673431490196,5029.49349032996,583.3834995043491,-6.159564669445232
DEU,pv,ESP,2023,686.7911105133509,239.67897687838894,450.48828708988015,447.11213363496194,-0.4691205152601589,690.167263968269,6243.260000000002,reported,686.7911105133509,126.25937763019282,7.225087704764383,0.0,-136.41608639337747,-273.30468072378284,-276.2363017822031,4877.10992027933,5153.346222061533,413.9309621860659,-5.663934303256015
DEU,pv,ESP,2024,822.1244412681233,145.39462230540977,395.0091498366218,676.7298189627136,-0.4691205152601589,540.4037721420316,6243.260000000002,reported,822.1244412681233,127.85770789675665,5.819421557308484,0.0,-138.94953869273556,-269.13088913141826,-274.4032983700887,4741.7765895245575,5016.1798878946465,266.0004737719429,-5.78693013450476
DEU,pv,FRA,2010,6514.65732422562,2808.81709208976,4039.9891356469534,3705.84023213586,-0.5680182225907597,6848.8062277367135,5333.52,reported,6514.65732422562,0.0,0.0,0.0,0.0,0.0,0.0,0.0,0.0,6848.8062277367135,
DEU,pv,FRA,2011,6650.285260692152,2105.9241984278633,2922.3253953946114,4544.361062264289,-0.5680182225907597,5028.249593822475,5333.52,reported,6650.285260692152,89.636210475981,-2.046155612253444,0.0,-8.455355449100562,219.72512511300266,298.85982452762966,-135.62793646653245,-434.4877609941621,5327.1094183501045,-220.35270336902627
DEU,pv,FRA,2012,5890.383037251002,1406.740395318378,2400.95661350695,4483.6426419326235,-0.5680182225907597,3807.697008825328,5333.52,reported,5890.383037251002,219.08434366799642,-1.6936846890506585,0.0,-37.91748695036074,280.42711001578954,459.90028204437453,624.274286974618,164.37400493024347,4267.597290869702,73.66958589199002
DEU,pv,FRA,2013,3864.823013780442,1117.4038156215279,2021.4664787841987,2747.4191981589142,-0.5680182225907597,3138.870294405727,5333.52,reported,3864.823013780442,303.5034356857994,-0.13183995130871304,0.0,-63.43407391990665,-104.12231293589588,135.8152088786881,2649.834310445178,2514.0191015664896,3274.685503284415,5.125422685612025
DEU,pv,FRA,2014,2821.354842892848,1106.031154107372,1753.7550517203401,1715.323688785476,-0.5680182225907597,2859.7862058277124,5333.52,reported,2821.354842892848,261.89896756285424,-5.752234655948148,0.0,-67.57815782552534,-286.75124981640397,-98.18267473502323,3693.302481332772,3791.4851560677953,2761.603531092689,-2.658397876460767
DEU,pv,FRA,2015,1857.0719154645603,896.5633469186281,1528.7603808533122,960.5085685459322,-0.5680182225907597,2425.3237277719404,5333.52,reported,1857.0719154645603,263.3773450708415,-1.3916725005826203,0.0,-97.80280417988429,-383.8763266024487,-219.69345821207412,4657.58540876106,4877.2788669731335,2205.630269559866,-4.716895964995597
DEU,pv,FRA,2016,1571.8381732973864,817.2601261667812,1302.9451945974115,754.5780471306052,-0.5680182225907597,2120.205320764193,5333.52,reported,1571.8381732973864,325.91390624610943,-3.6630109797818284,0.0,-83.04050241551896,-414.9288305135426,-175.71843766273395,4942.819150928233,5118.537588590967,1944.486883101459,-3.5550246184858905
DEU,pv,FRA,2017,1476.3695280040931,723.5106941876463,1113.1442999079898,752.8588338164468,-0.5680182225907597,1836.654994095636,5333.52,reported,1476.3695280040931,326.8344262406414,-6.081239165225798,0.0,-87.56405374871309,-425.41713430524635,-192.22800097854383,5038.287796221527,5230.515797200071,1644.4269931170923,-3.8153437983972562
DEU,pv,FRA,2018,1278.8838736497266,642.4103320988797,982.8919091717436,636.4735415508469,-0.5680182225907597,1625.3022412706232,5333.52,reported,1278.8838736497266,314.7786367830466,-8.623501947869386,0.0,-82.36450201933346,-435.46058354878664,-211.6699507329429,5235.773450575894,5447.443401308837,1413.6322905376803,-4.042763743142112
DEU,pv,FRA,2019,1165.927553649501,491.50102736712597,881.0518446342522,674.4265262823751,-0.5680182225907597,1372.552872001378,5333.52,reported,1165.927553649501,315.99280309411665,-4.576749870964571,0.0,-89.6010927730537,-436.46077204596435,-214.64581159586598,5348.729770576119,5563.375582171985,1157.907060405512,-4.013024041271507
DEU,pv,FRA,2020,1112.9280483932464,407.7778421588375,785.1213958636927,705.1502062344089,-0.5680182225907597,1192.8992380225302,5333.52,reported,1112.9280483932464,297.8359757190426,-0.4326184942550464,0.0,-105.19913752142567,-437.66190132747914,-245.45768162411724,5401.729275832374,5647.186957456491,947.441556398413,-4.544057450681731
DEU,pv,FRA,2021,918.0257559627578,455.16658393205415,706.8610404377391,462.85917203070363,-0.5680182225907597,1162.0276243697933,5333.52,reported,918.0257559627578,284.4840481657579,3.7432508854256845,0.0,-110.8493972235899,-447.23602822364376,-269.85812639605007,5596.631568262862,5866.489694658912,892.1694979737433,-4.821795451506044
DEU,pv,FRA,2022,1228.3628006623424,381.9439113909419,630.3878675587093,846.4188892714005,-0.5680182225907597,1012.3317789496512,5333.52,reported,1228.3628006623424,226.86213664126748,15.311819484905733,0.0,-125.11029811941577,-438.9829638762115,-321.9193058694541,5286.294523563278,5608.213829432732,690.4124730801971,-6.089696751373234
DEU,pv,FRA,2023,977.5888351031304,242.49264853920923,532.3005820349636,735.0961865639212,-0.5680182225907597,774.7932305741728,5333.52,reported,977.5888351031304,241.7401169592182,14.31498346514045,0.0,-135.20614035609412,-443.1968102493513,-322.34785018108676,5537.06848912249,5859.416339303577,452.445380393086,-5.8216337907745865
DEU,pv,FRA,2024,1103.958016240936,140.17118712993985,453.99182716551,963.7868291109962,-0.5680182225907597,594.1630142954499,5333.52,reported,1103.958016240936,259.7064920589489,12.533692782259552,0.0,-143.73049930732657,-438.65864776522056,-310.14896223133866,5410.699307984683,5720.848270216022,284.01405206411124,-5.732141902131676
DEU,pv,IND,2010,6015.812576430637,2805.9289271757975,3215.1952868175176,3209.8836492548394,-0.7017656828234162,6021.124213993315,24174.719999999987,reported,6015.812576430637,0.0,0.0,0.0,0.0,0.0,0.0,0.0,0.0,6021.124213993315,
DEU,pv,IND,2011,3706.132789258691,2151.0087263441974,2154.9511612990696,1555.1240629144936,-0.7017656828234162,4305.9598876432665,24174.719999999987,reported,3706.132789258691,27.7076154132132,-2.6756912815860203,0.0,-11.150944291508338,-209.08065828294588,-195.19967844282704,2309.679787171946,2504.879465614773,4110.760209200439,-8.451374061762754
DEU,pv,IND,2012,3251.3910782402595,1372.5155216779826,1690.4320908262664,1878.8755565622769,-0.7017656828234162,3062.9476125042493,24174.719999999987,reported,3251.3910782402595,73.56831846616971,-0.5149358742443497,0.0,-46.46716436907633,-110.52662027744339,-83.94040205459434,2764.4214981903774,2848.361900244972,2979.007210449655,-3.036454538844482
DEU,pv,IND,2013,3346.7804933594625,898.9503190592804,1366.7423955983654,2447.830174300182,-0.7017656828234162,2265.692714657646,24174.719999999987,reported,3346.7804933594625,76.78187579418429,3.3921928139056665,0.0,-94.72604940330672,-101.61152929411867,-116.16351008933543,2669.0320830711744,2785.19559316051,2149.5292045683104,-4.352271028367317
DEU,pv,IND,2014,2271.335541607726,873.4753967382785,1146.730946908842,1397.8601448694476,-0.7017656828234162,2020.2063436471205,24174.719999999987,reported,2271.335541607726,61.5388868098202,4.528513567530849,0.0,-102.83531753374979,-323.00388119445904,-359.7717983508578,3744.477034822911,4104.248833173769,1660.4345452962627,-9.608065292030096
DEU,pv,IND,2015,1547.763572844863,716.7522671039153,967.8130032399883,831.0113057409476,-0.7017656828234162,1684.5652703439036,24174.719999999987,reported,1547.763572844863,64.63960686687551,6.596839842939969,0.0,-121.91580922760149,-417.1566888135591,-467.83605133134506,4468.049003585774,4935.885054917118,1216.7292190125586,-10.470700991772683
DEU,pv,IND,2016,1332.2464239123133,562.2462710458713,794.3902454317467,770.000152866442,-0.7017656828234162,1356.636516477618,24174.719999999987,reported,1332.2464239123133,69.24499229873943,7.449575297121252,0.0,-135.988774920792,-441.45043844570495,-500.7446457706362,4683.566152518324,5184.3107982889605,855.8918707069818,-10.691524993223144
DEU,pv,IND,2017,1328.4315129609276,476.4738536992924,653.9725069302505,851.9576592616352,-0.7017656828234162,1130.4463606295428,24174.719999999987,reported,1328.4315129609276,74.90329935663344,7.648420202410025,0.0,-141.22911548371647,-449.6288936523245,-508.30628957699753,4687.381063469709,5195.687353046706,622.1400710525453,-10.84414266077905
DEU,pv,IND,2018,943.7873225135758,482.37874974380975,560.7741715240533,461.408572769766,-0.7017656828234162,1043.152921267863,24174.719999999987,reported,943.7873225135758,81.29600224157817,8.372551436211477,-8.287091637865064,-147.22912823953084,-477.7780077512871,-543.6256739508933,5072.0252539170615,5615.650927867955,499.5272473169696,-10.718118438607103
DEU,pv,IND,2019,736.3417292664177,421.8675791955431,489.889563790573,314.4741500708746,-0.7017656828234162,911.7571429861162,24174.719999999987,reported,736.3417292664177,88.37548434546413,8.882117510025251,-17.297949613922228,-156.64675685681024,-487.2660098377337,-563.9531144529768,5279.470847164219,5843.423961617195,347.80402853313933,-10.682000730355297
DEU,pv,IND,2020,701.3016128884932,345.58693555550485,424.8593165644817,355.71467733298834,-0.7017656828234162,770.4462521199865,24174.719999999987,reported,701.3016128884932,86.94340919555704,8.885450450457133,-11.424516620754472,-160.07372082615802,-486.75874084993274,-562.428118650831,5314.510963542144,5876.939082192976,208.0181334691555,-10.582876251627304
DEU,pv,IND,2021,669.689384633508,399.94364399683883,373.16817598995164,269.74574063666915,-0.7017656828234162,773.1118199867905,24174.719999999987,reported,669.689384633508,79.21858623216308,9.66055967142714,-6.2496712868084545,-151.81280027501134,-491.2040619302833,-560.3873875885129,5346.123191797129,5906.510579385642,212.7244323982776,-10.482126346215669
DEU,pv,IND,2022,679.9035273566287,434.89590623013305,323.94382355338945,245.00762112649568,-0.7017656828234162,758.8397297835224,24174.719999999987,reported,679.9035273566287,94.76072222131401,28.861026320087813,-51.746388473990805,-178.14194365314353,-494.0462695922038,-600.3128531779363,5335.909049074008,5936.221902251945,158.52687660558615,-11.250432637754843
DEU,pv,IND,2023,728.321084784776,357.0288901868288,262.85957681794315,371.2921945979472,-0.7017656828234162,619.8884670047719,24174.719999999987,reported,728.321084784776,105.55288349939543,21.54269098475031,-57.25088465741658,-164.0711251941605,-490.2199539731932,-584.4463893406245,5287.491491645861,5871.937880986486,35.442077664147405,-11.053377395765818
DEU,pv,IND,2024,525.1674202758713,191.57837800557286,215.94456851054264,333.5890422702985,-0.7017656828234162,407.5229465161155,24174.719999999987,reported,525.1674202758713,112.44452093712185,21.19228397949563,-55.80199909227769,-187.08580117023436,-492.2117469567088,-601.4627423026034,5490.645156154766,6092.107898457369,-193.93979578648788,-10.95431821210283
DEU,pv,ITA,2010,6078.874297702453,2717.835002031279,2929.3311145239554,3361.039295671174,-0.5895247210083466,5647.166116555234,6085.75,reported,6078.874297702453,0.0,0.0,0.0,0.0,0.0,0.0,0.0,0.0,5647.166116555234,
DEU,pv,ITA,2011,5733.075804344135,2045.1935420745149,2093.107047821177,3687.88226226962,-0.5895247210083466,4138.300589895692,6085.75,reported,5733.075804344135,82.62415591979341,0.990807320031577,0.0,-9.458845777820416,139.76138202192647,213.91749948393104,345.7984933583184,131.88099387438737,4352.218089379623,61.86189459832853
DEU,pv,ITA,2012,3045.068997250228,1374.6295010785539,1706.9305322940193,1670.4394961716744,-0.5895247210083466,3081.5600333725733,6085.75,reported,3045.068997250228,235.19458833328534,-1.1867307504763354,0.0,-38.55385680144421,-148.5922160438585,46.8617847375063,3033.805300452225,2986.9435157147186,3128.4218181100796,1.5446536641794708
DEU,pv,ITA,2013,2424.211548272102,1149.3520412138007,1427.8056267862733,1274.8595070583012,-0.5895247210083466,2577.157668000074,6085.75,reported,2424.211548272102,409.9241317914855,8.781312120295516,0.0,-49.87286090939281,-263.65137836576486,105.18120463662336,3654.662749430351,3549.4815447937276,2682.3388726366975,2.87800029299606
DEU,pv,ITA,2014,2241.319524548638,1099.8973042530074,1232.070231031801,1141.4222202956307,-0.5895247210083466,2331.9675352848085,6085.75,reported,2241.319524548638,352.76612980926876,3.973102204714833,0.0,-62.35429441069409,-314.9063338069472,-20.521396203657673,3837.554773153815,3858.0761693574727,2311.4461390811507,-0.5347518776075367
DEU,pv,ITA,2015,,956.6572146746878,1068.4353178747895,1068.4353178747895,-0.5895247210083466,2025.0925325494773,6085.75,interpolate_country,1880.182631454855,385.0753774773293,3.5360201731045215,0.0,-67.87845443017402,-345.2893117849889,-24.556368564729098,4198.691666247598,4223.248034812327,2000.536163984748,-0.5848576298691471
DEU,pv,ITA,2016,,801.6455196616977,905.1213645652872,905.1213645652872,-0.5895247210083466,1706.766884226985,6085.75,interpolate_country,1519.045738361072,396.27772260381283,0.7452444062611114,0.0,-83.1923618435742,-376.84343782190984,-63.01283265541008,4559.828559341381,4622.841391996792,1643.754051571575,-1.3819123205042518
DEU,pv,ITA,2017,1157.9088452672888,713.1596128949249,768.6759779050053,444.74923237236396,-0.5895247210083466,1481.8355907999303,6085.75,reported,1157.9088452672888,399.8100044346143,2.0025289368940666,0.0,-86.96082387528226,-413.80670149952846,-98.95499200330232,4920.9654524351645,5019.920444438467,1382.880598796628,-2.01088572882246
DEU,pv,ITA,2018,1036.4459520977036,616.2784775319706,675.540367130325,420.1674745657331,-0.5895247210083466,1291.8188446622955,6085.75,reported,1036.4459520977036,379.49596780306194,1.0732978531571724,0.0,-93.28420861452616,-417.9743299838469,-130.689272942154,5042.42834560475,5173.117618546904,1161.1295717201415,-2.591792366391676
DEU,pv,ITA,2019,988.655656329996,446.3330178184268,603.0431469997687,542.3226385115692,-0.5895247210083466,1049.3761648181955,6085.75,reported,988.655656329996,340.49399717621003,1.2857261873972272,0.0,-102.09448063945362,-414.6665438164147,-174.98130109226102,5090.218641372458,5265.199942464718,874.3948637259346,-3.437598920998046
DEU,pv,ITA,2020,918.8087537918004,423.14375835790435,535.0423632020645,495.6649954338961,-0.5895247210083466,958.1861215599688,6085.75,reported,918.8087537918004,338.57414395330665,0.6516199756778744,0.0,-93.66802439152885,-418.3527675793222,-172.7950280418665,5160.065543910652,5332.8605719525185,785.3910935181023,-3.348698317326228
DEU,pv,ITA,2021,891.5029479724126,501.8744579783961,479.7983775629638,389.6284899940165,-0.5895247210083466,981.67283554136,6085.75,reported,891.5029479724126,333.4791443004601,0.34661440036818925,0.0,-78.36109965082781,-423.04370944719363,-167.57905039719313,5187.3713497300405,5354.9504001272335,814.0937851441669,-3.230519642784283
DEU,pv,ITA,2022,818.4876080028004,450.6360829634915,426.0394598222403,367.85152503930885,-0.5895247210083466,876.6755427857317,6085.75,reported,818.4876080028004,256.2048394341323,3.625617921612099,0.0,-83.72045665350122,-426.06069432513465,-249.9506936228915,5260.386689699652,5510.337383322544,626.7248491628402,-4.751565015406932
DEU,pv,ITA,2023,840.9617751669034,308.42767998020594,357.4521365207164,532.5340951866974,-0.5895247210083466,665.8798165009223,6085.75,reported,840.9617751669034,283.22784813163673,2.717299870355589,0.0,-92.899147315914,-421.94938047970186,-228.90337979362354,5237.912522535549,5466.815902329173,436.9764367072987,-4.370126053247198
DEU,pv,ITA,2024,804.1602225425657,212.89001534158686,303.0347030331993,591.2702072009789,-0.5895247210083466,515.9247183747862,6085.75,reported,804.1602225425657,329.5569064166349,-0.565298072712999,0.0,-87.36681630027329,-421.3608189905088,-179.7360269468602,5274.714075159887,5454.450102106747,336.18869142792596,-3.4075027458509592
DEU,pv,JPN,2010,,4866.010182527956,2429.621996377581,1778.2663193369026,-0.1713694705319817,7295.632178905537,2533.3300000000017,carry_2011,6644.276501864859,0.0,0.0,0.0,0.0,0.0,0.0,0.0,0.0,7295.632178905537,
DEU,pv,JPN,2011,6644.276501864859,3597.0302141004568,2203.456688815622,3047.246287764402,-0.1713694705319817,5800.486902916078,2533.3300000000017,reported,6644.276501864859,3.239167241074375,-3.5852259320198567,0.0,-67.96794357114244,67.14643340109126,-1.167568860996667,0.0,1.167568860996667,5799.3193340550815,
DEU,pv,JPN,2012,4666.397750554368,2561.70069908722,2076.6169746323494,2104.697051467148,-0.1713694705319817,4638.31767371957,2533.3300000000017,reported,4666.397750554368,7.16173610291101,-4.861206623439363,0.0,-135.72626399621265,35.40837338712632,-98.0173611296147,1977.8787513104908,2075.8961124401053,4540.300312589955,-4.955680982197263
DEU,pv,JPN,2013,3986.820627069335,1968.6390921824886,1971.5793603935224,2018.1815348868463,-0.1713694705319817,3940.2184525760113,2533.3300000000017,reported,3986.820627069335,7.765522506240653,-6.974532627867366,0.0,-271.42238070581897,11.869874130037246,-258.7615166974084,2657.455874795524,2916.217391492932,3681.456935878603,-9.73718958616081
DEU,pv,JPN,2014,3654.82914695912,1747.6219031195458,1888.8621809571275,1907.2072438395742,-0.1713694705319817,3636.4840840766733,2533.3300000000017,reported,3654.82914695912,8.290699003501365,-5.906035334146296,0.0,-349.37432898900954,-7.14770776393587,-354.1373730835903,2989.447354905739,3343.584727989329,3282.346710993083,-11.84624885607851
DEU,pv,JPN,2015,2644.6984988513204,1496.4610969436908,1812.2170707048165,1148.2374019076296,-0.1713694705319817,3308.678167648507,2533.3300000000017,reported,2644.6984988513204,8.626197288663066,-6.106771525679137,0.0,-401.0992344448122,-36.5067075710177,-435.08651625284597,3999.5780030135384,4434.664519266385,2873.591651395661,-10.878310559889666
DEU,pv,JPN,2016,2901.8816159801127,1224.9778604925011,1726.9049412531112,1676.9037554876115,-0.1713694705319817,2951.8828017456126,2533.3300000000017,reported,2901.8816159801127,9.90256290926226,-5.0989279409312225,0.0,-439.4811993621311,-32.66829648938662,-467.3458608831867,3742.394885884746,4209.740746767933,2484.536940862426,-12.487882095122643
DEU,pv,JPN,2017,2632.3006248899737,1063.9791124449703,1646.7966943648687,1568.3215124450035,-0.1713694705319817,2710.775806809839,2533.3300000000017,reported,2632.3006248899737,9.07463179788981,-6.605080738218123,0.0,-465.82832926890524,-40.99256436217843,-504.351342571412,4011.975876974885,4516.327219546297,2206.4244642384274,-12.571145939982658
DEU,pv,JPN,2018,2502.241154612059,951.1603439772703,1586.1145595484602,1551.0808106347886,-0.1713694705319817,2537.27490352573,2533.3300000000017,reported,2502.241154612059,9.598193591457267,-6.075935177696754,0.0,-480.14198012787176,-44.24425189024741,-520.8639736043586,4142.0353472528,4662.899320857159,2016.4109299213715,-12.575073120750188
DEU,pv,JPN,2019,2465.1839596297914,783.5391603702972,1534.6263181598365,1681.6447992594942,-0.1713694705319817,2318.1654785301334,2533.3300000000017,reported,2465.1839596297914,9.336121985255634,-6.6891746487072625,0.0,-480.29758862849917,-44.49410532959881,-522.1447466215496,4179.092542235067,4701.237288856617,1796.020731908584,-12.49421354862593
DEU,pv,JPN,2020,2156.084945202252,688.6836572393189,1482.1708912549786,1467.401287962933,-0.1713694705319817,2170.8545484942974,2533.3300000000017,reported,2156.084945202252,10.639021402825186,-5.368327745136997,0.0,-485.4272482452218,-48.499114581983406,-528.6556691695171,4488.191556662607,5016.8472258321235,1642.1988793247804,-11.77881252382691
DEU,pv,JPN,2021,1923.3335172935465,751.9509647914616,1435.9524388423793,1171.3825525020848,-0.1713694705319817,2187.9034036338408,2533.3300000000017,reported,1923.3335172935465,10.253620497448287,-5.492120787080226,0.0,-506.17980073826607,-52.29219722296047,-553.7104982508584,4720.942984571312,5274.65348282217,1634.1929053829822,-11.728811384938563
DEU,pv,JPN,2022,2022.7323093139555,667.9109845728742,1387.1959227338996,1354.8213247410813,-0.1713694705319817,2055.106907306774,2533.3300000000017,reported,2022.7323093139555,8.051412246489654,-7.630377909139578,0.0,-519.0739462248885,-52.7508514140228,-571.4037633015612,4621.544192550903,5192.9479558524645,1483.7031440052126,-12.363914299955438
DEU,pv,JPN,2023,1920.0374804638247,473.5717274876743,1318.189585120835,1446.4657529761505,-0.1713694705319817,1791.7613126085093,2533.3300000000017,reported,1920.0374804638247,8.903179477315385,-6.9553444758399126,0.0,-504.6352626300753,-52.56926666081081,-555.2566942894107,4724.239021401034,5279.495715690445,1236.5046183190987,-11.753357350762116
DEU,pv,JPN,2024,1911.450682621868,315.6578779059118,1256.3999687750404,1595.7928047159562,-0.1713694705319817,1572.0578466809523,2533.3300000000017,reported,1911.450682621868,10.74699249148187,-5.396699687359096,0.0,-483.0730289268643,-52.179149888416475,-529.901886011158,4732.825819242991,5262.727705254149,1042.1559606697942,-11.196310750686258
DEU,pv,KOR,2010,,2777.7589810053937,3669.6101571957784,4234.825498610746,-0.4321698509914313,6447.369138201172,3152.029999999999,carry_2011,7012.58447961614,0.0,0.0,0.0,0.0,0.0,0.0,0.0,0.0,6447.369138201172,
DEU,pv,KOR,2011,7012.58447961614,2027.4340459964767,2868.182802656054,4985.150433619663,-0.4321698509914313,4895.61684865253,3152.029999999999,reported,7012.58447961614,10.155868300680943,0.19058648456673322,0.0,-37.66345605297888,163.34224203451112,136.02524076677992,0.0,-136.02524076677992,5031.642089419311,
DEU,pv,KOR,2012,3628.137387695874,1433.8467999047368,2469.867588676854,2194.290587791137,-0.4321698509914313,3903.7143885815913,3152.029999999999,reported,3628.137387695874,17.55877338821069,-1.0991490965003177,0.0,-89.12043821920783,-125.24042698071901,-197.90124090821647,3384.447091920266,3582.3483328284824,3705.8131476733747,-5.847372865738355
DEU,pv,KOR,2013,3171.064023211654,1124.6915297812538,2166.8335602208945,2046.3724934304,-0.4321698509914313,3291.5250900021483,3152.029999999999,reported,3171.064023211654,22.26656241844021,-1.3276843278985966,0.0,-167.00719855224128,-196.52158802765905,-342.5899084893587,3841.520456404486,4184.110364893845,2948.9351815127898,-8.918081066526705
DEU,pv,KOR,2014,2633.44817638635,974.8838372448054,1944.8390574903697,1658.5643391415447,-0.4321698509914313,2919.722894735175,3152.029999999999,reported,2633.44817638635,22.73954281963571,0.4705384287124863,0.0,-203.6472157779524,-268.7200199342001,-449.1571544638043,4379.13630322979,4828.293457693595,2470.5657402713705,-10.256752093615646
DEU,pv,KOR,2015,2490.6956467529776,837.2135815269241,1751.9240145500821,1653.4820652260535,-0.4321698509914313,2589.1375960770065,3152.029999999999,reported,2490.6956467529776,25.67468208687404,0.6698044492534336,0.0,-228.75280696196938,-294.10550439999326,-496.5138248258352,4521.888832863162,5018.402657688997,2092.623771251171,-10.980230677441343
DEU,pv,KOR,2016,2457.944023668056,699.0730856661256,1551.3257865062353,1758.8709380019304,-0.4321698509914313,2250.398872172361,3152.029999999999,reported,2457.944023668056,26.376638488769576,0.40396290876495994,0.0,-255.00865365354196,-312.0496581491104,-540.2777104051179,4554.640455948083,5094.918166353202,1710.121161767243,-11.86213743171644
DEU,pv,KOR,2017,1883.095475647461,600.8146595122562,1376.1981036958905,1282.2808161352048,-0.4321698509914313,1977.0127632081467,3152.029999999999,reported,1883.095475647461,29.105412926943515,0.5733816984425367,-0.26455519900444474,-270.1029533026516,-348.3336951626607,-589.0224090389307,5129.489003968679,5718.51141300761,1387.990354169216,-11.4830621253541
DEU,pv,KOR,2018,1579.1431074974807,553.4523933840258,1251.874887175669,1025.690714113455,-0.4321698509914313,1805.3272805596948,3152.029999999999,reported,1579.1431074974807,29.81118961261631,0.3467536139938095,-0.2620482811638797,-275.7702375966051,-363.1685717521704,-609.0429144033293,5433.441372118659,6042.484286521989,1196.2843661563656,-11.209155904922287
DEU,pv,KOR,2019,1491.0871038765438,446.55991051804364,1151.9081585520148,1044.5271933585002,-0.4321698509914313,1598.4680690700584,3152.029999999999,reported,1491.0871038765438,30.572365550837038,0.34250631196369374,0.0,-278.4511431850942,-365.6434183875293,-613.1796897098228,5521.4973757395965,6134.677065449419,985.2883793602356,-11.105315242999428
DEU,pv,KOR,2020,1116.603856846098,416.4126542630649,1055.180518348227,700.1912025830331,-0.4321698509914313,1471.593172611292,3152.029999999999,reported,1116.603856846098,31.59331227827186,-0.03571162527555042,-0.2505703643600709,-286.0309204068565,-377.78348842191065,-632.507378540131,5895.980622770042,6528.488001310173,839.085794071161,-10.727772342015724
DEU,pv,KOR,2021,1068.21464090682,439.2053136315501,974.1603429833808,629.0093272752699,-0.4321698509914313,1413.365656614931,3152.029999999999,reported,1068.21464090682,29.659690724217427,0.4768194405858326,0.0,-289.463329187222,-380.5625853261811,-639.8894043485998,5944.36983870932,6584.25924305792,773.4762522663311,-10.764629754052057
DEU,pv,KOR,2022,1420.2340770009885,325.8282818133946,892.8877476544774,1094.4057951875939,-0.4321698509914313,1218.716029467872,3152.029999999999,reported,1420.2340770009885,28.87791262618832,4.435581144215052,0.0,-277.71266303767635,-373.2573143217262,-617.6564835889992,5592.350402615151,6210.006886204151,601.0595458788728,-11.044667074154804
DEU,pv,KOR,2023,1234.052546300519,225.32263256451955,785.0776674979808,1008.7299137359994,-0.4321698509914313,1010.4003000625003,3152.029999999999,reported,1234.052546300519,31.304718558010304,3.506187400968043,0.0,-279.1573387726374,-376.18451891754023,-620.5309517311993,5778.531933315621,6399.06288504682,389.869348331301,-10.738557109178236
DEU,pv,KOR,2024,1262.2227758007118,143.30763666718263,695.5557434474163,1118.9151391335292,-0.4321698509914313,838.8633801145988,3152.029999999999,reported,1262.2227758007118,33.41180142441559,2.730499811417788,0.0,-277.92825888640687,-375.3858717438506,-617.1718293944241,5750.361703815428,6367.533533209852,221.69155072017475,-10.732747976269456
DEU,pv,USA,2010,5552.428538737875,2848.4060455608787,4405.044482607526,2704.0224931769962,-0.5214862563796543,7253.450528168405,37667.69999999998,reported,5552.428538737875,0.0,0.0,0.0,0.0,0.0,0.0,0.0,0.0,7253.450528168405,
DEU,pv,USA,2011,5343.332324829953,2069.7615020172807,3272.056791919226,3273.5708228126723,-0.5214862563796543,5341.818293936507,37667.69999999998,reported,5343.332324829953,15.981637177370038,-0.016450967196582074,0.0,-20.186268062856826,140.23836674210037,136.017284889417,209.096213907922,73.078929018505,5477.835578825924,65.0500945700116
DEU,pv,USA,2012,5205.807053591208,1462.218057528555,2731.9199006919366,3743.5889960626537,-0.5214862563796543,4194.137958220492,37667.69999999998,reported,5205.807053591208,33.633220321360206,-0.761831293932543,0.0,-68.39417251637943,257.59042626448786,222.0676427755361,346.6214851466666,124.55384237113051,4416.205600996028,64.06632372530865
DEU,pv,USA,2013,4196.912593835998,1161.7984185173377,2332.765381665122,3035.1141753186607,-0.5214862563796543,3494.5638001824595,37667.69999999998,reported,4196.912593835998,34.060996226082885,-2.3458723776174146,0.0,-126.7683806154115,53.53872217645892,-41.514534590487116,1355.5159449018765,1397.0304794923636,3453.0492655919725,-3.0626371269643964
DEU,pv,USA,2014,3436.432230506145,1070.405331558391,2047.5179203817836,2366.026898947754,-0.5214862563796543,3117.923251940175,37667.69999999998,reported,3436.432230506145,39.69358518535331,-1.1551287724543255,0.0,-154.36759874862761,-86.24853532501615,-202.07767766074477,2115.99630823173,2318.073985892475,2915.84557427943,-9.550001428386924
DEU,pv,USA,2015,3062.1627290585498,929.4968620446946,1805.0242312872776,2132.665867013855,-0.5214862563796543,2734.521093331972,37667.69999999998,reported,3062.1627290585498,57.76110655079096,0.33119326009819566,0.0,-167.80075769208946,-147.63784267659108,-257.3463005577914,2490.2658096793252,2747.6121102371167,2477.174792774181,-10.334089620373906
DEU,pv,USA,2016,2651.787883404358,769.1770711604486,1558.6768686803014,1882.6108122439095,-0.5214862563796543,2327.85393984075,37667.69999999998,reported,2651.787883404358,42.59352349234114,-1.402264781352322,0.0,-178.99096809309526,-198.52708117839836,-336.32679056050483,2900.640655333517,3236.9674458940217,1991.5271492802453,-11.594914038803397
DEU,pv,USA,2017,2230.025830283302,672.8519186677041,1348.908999425637,1557.1739116155982,-0.5214862563796543,2021.760918093341,37667.69999999998,reported,2230.025830283302,38.79539765298819,-1.9810400652459588,0.0,-187.76529442600201,-237.20009137418043,-388.1510282124402,3322.402708454573,3710.5537366670133,1633.6098898809007,-11.68284107235724
DEU,pv,USA,2018,1844.1949390024656,762.3423197697114,1203.2735258230714,1081.8526192327543,-0.5214862563796543,1965.6158455927828,37667.69999999998,reported,1844.1949390024656,47.93208610619811,-1.4668089576909071,-10.793294587549495,-204.48007310589918,-265.5817146087997,-434.3898051537412,3708.2335997354094,4142.62340488915,1531.2260404390415,-11.714197433104966
DEU,pv,USA,2019,1453.1489723057368,635.9096908691665,1088.3074718433973,817.2392814365703,-0.5214862563796543,1724.2171627125638,37667.69999999998,reported,1453.1489723057368,45.54698720566563,-2.421219219078148,-9.269830789857323,-185.98213805475308,-279.08340491020283,-431.20960576822574,4099.279566432138,4530.489172200364,1293.007556944338,-10.519155836534825
DEU,pv,USA,2020,1317.4012030837664,546.1981998224437,979.0125238829222,771.2030032613227,-0.5214862563796543,1525.210723705366,37667.69999999998,reported,1317.4012030837664,42.91055765706309,-2.4686364908386116,-7.090255816951238,-184.45134181169811,-283.1755655803639,-434.2752420427888,4235.027335654108,4669.302577696897,1090.9354816625773,-10.25436691722591
DEU,pv,USA,2021,1233.0080860825803,575.0955165437235,889.0398991502562,657.9125695388568,-0.5214862563796543,1464.1354156939797,37667.69999999998,reported,1233.0080860825803,40.976512947576,-2.083892862071265,-5.538795543907926,-179.91790351902475,-287.9840049043548,-434.5480838817827,4319.420452655295,4753.968536537078,1029.587331812197,-10.06033306191925
DEU,pv,USA,2022,1187.455420163696,511.8694161008983,800.329113130161,675.5860040627978,-0.5214862563796543,1312.1985292310592,37667.69999999998,reported,1187.455420163696,37.084898998380226,-1.3720633895310614,-4.905268188624393,-172.3544690126427,-291.0485813174186,-432.59548290983656,4364.973118574178,4797.568601484015,879.6030463212226,-9.910610470177287
DEU,pv,USA,2023,1135.012086639563,386.5880013162117,685.2275206658758,748.4240853233513,-0.5214862563796543,1071.8155219820874,37667.69999999998,reported,1135.012086639563,40.71872549743366,-2.5373529139868864,-4.702002304706744,-160.51435333231234,-290.1017853402029,-417.13676839377524,4417.416452098312,4834.553220492087,654.6787535883121,-9.443003006783107
DEU,pv,USA,2024,1058.0371018079034,275.2245466799997,592.0893941961257,782.8125551279036,-0.5214862563796543,867.3139408761253,37667.69999999998,reported,1058.0371018079034,41.82986757520074,-3.7674240482456534,-4.403667079397052,-153.1731356456892,-290.4928718116216,-410.0072310097528,4494.391436929972,4904.398667939725,457.30670986637256,-9.122641780614918
DEU,wind,AUS,2010,4143.084429461239,1295.3389832043736,2863.911604315566,2847.7454462568653,-0.6608866327723203,4159.2505875199395,2655.0,reported,4143.084429461239,0.0,0.0,0.0,0.0,0.0,0.0,0.0,0.0,4159.2505875199395,
DEU,wind,AUS,2011,4377.598776191059,1542.688325579923,2515.536421018882,2834.910450611136,-0.6608866327723203,4058.224746598805,2655.0,reported,4377.598776191059,5.956983794707948,-40.40354160334808,0.0,2.9517906709228123,0.0,-31.494767137717325,-234.51434672982032,-203.01957959210299,4026.7299794610876,13.429782687880444
DEU,wind,AUS,2012,3732.398308548318,1557.2251050044906,2219.4447588538424,2175.173203543827,-0.6608866327723203,3776.669863858333,2655.0,reported,3732.398308548318,13.600337627795442,-42.42203593232914,0.0,4.976815658738938,0.0,-23.84488264579476,410.68612091292107,434.53100355871584,3752.824981212538,-5.80610871212048
DEU,wind,AUS,2013,2770.434468668928,1002.6187317654744,2061.374527368672,1767.8157369034534,-0.6608866327723203,3063.9932591341462,2655.0,reported,2770.434468668928,28.11286425990613,-98.26969156485804,0.0,6.6911234484099396,0.0,-63.465703856541964,1372.649960792311,1436.115664648853,3000.5275552776043,-4.623589820372613
DEU,wind,AUS,2014,3022.048049327942,830.2906161848023,1862.9731421970641,2191.7574331431397,-0.6608866327723203,2693.2637583818664,2655.0,reported,3022.048049327942,0.21481451206309346,0.03344499112404131,0.0,10.505418899935934,0.0,10.75367840312307,1121.036380133297,1110.2827017301738,2704.0174367849895,0.9592622142953472
DEU,wind,AUS,2015,2819.857193002646,821.9607932530575,1663.6772430507474,1997.8963997495885,-0.6608866327723203,2485.638036303805,2655.0,reported,2819.857193002646,5.480191485339085,-10.822246942574921,0.0,9.660161134942992,0.0,4.318105677707156,1323.2272364585929,1318.9091307808858,2489.9561419815122,0.32633137821919983
DEU,wind,AUS,2016,2630.9450852533323,1006.2450290606712,1544.2296798740854,1624.7000561926611,-0.6608866327723203,2550.4747089347566,2655.0,reported,2630.9450852533323,46.38129400374755,-74.10639933625463,0.0,10.201444504518893,0.0,-17.523660827988184,1512.1393442079066,1529.6630050358947,2532.951048106768,-1.1588654772531881
DEU,wind,AUS,2017,2043.253944563324,851.8864445264667,1453.9280294814719,1191.3675000368573,-0.6608866327723203,2305.8144740079388,2655.0,reported,2043.253944563324,18.762272740520615,-28.85240493693173,0.0,11.137739130458607,0.0,1.0476069340474918,2099.830484897915,2098.7828779638676,2306.8620809419863,0.04989007167873468
DEU,wind,AUS,2018,1901.9960055896213,921.1592246762395,1374.8705575787012,980.8367809133817,-0.6608866327723203,2296.029782254941,2655.0,reported,1901.9960055896213,137.23543344587418,-199.9463899310464,0.0,8.357489816187298,0.0,-54.353466668984936,2241.0884238716176,2295.4418905406023,2241.676315585956,-2.4253155783601787
DEU,wind,AUS,2019,1851.141553609305,561.8440178601288,1289.701698677161,1289.2975357491762,-0.6608866327723203,1851.5457165372898,2655.0,reported,1851.141553609305,8.489005795933156,-12.61140362281637,0.0,8.944638534906504,0.0,4.8222407080232905,2291.942875851934,2287.1206351439105,1856.3679572453132,0.210399690098333
DEU,wind,AUS,2020,2042.667395245112,489.91294960493855,1159.2120995182395,1552.7544456401733,-0.6608866327723203,1649.125049123178,2655.0,reported,2042.667395245112,0.2066613013509788,0.27378222487893294,0.0,6.25175659167786,0.0,6.732200117907771,2100.417034216127,2093.684834098219,1655.8572492410858,0.3205173071937221
DEU,wind,AUS,2021,1411.9064049900608,555.7724708528232,1087.4114323334004,856.1339341372376,-0.6608866327723203,1643.1839031862237,2655.0,reported,1411.9064049900608,71.1295097126268,-90.72533157029515,0.0,4.599102099968264,0.0,-14.996719757700092,2731.178024471178,2746.1747442288784,1628.1871834285237,-0.5490934543017868
DEU,wind,AUS,2022,1444.4693860474408,625.721733625624,1026.1783710767088,818.7476524218168,-0.6608866327723203,1651.9001047023328,2655.0,reported,1444.4693860474408,1.7436373890941685,-1.3863073299542263,0.0,3.2815535984771027,0.0,3.638883657617045,2698.615043413798,2694.976159756181,1655.5389883599498,0.1348426359105221
DEU,wind,AUS,2023,1609.687604602354,406.28108891760814,950.4138592895771,1203.406515684746,-0.6608866327723203,1356.6949482071852,2655.0,reported,1609.687604602354,0.8650907606095527,-0.4712434530553062,0.0,3.492122177993385,0.0,3.8859694855476317,2533.396824858885,2529.510855373337,1360.5809176927328,0.15338968800373734
DEU,wind,AUS,2024,1380.5779985677066,364.3836903060438,885.7759428051778,1016.1943082616629,-0.6608866327723203,1250.1596331112216,2655.0,reported,1380.5779985677066,0.23879662611418614,0.2670658571709272,0.0,2.6028125648629157,0.0,3.108675048148029,2762.5064308935325,2759.3977558453844,1253.2683081593696,0.1125309614987042
DEU,wind,BRA,2010,3106.241515833783,1889.528704711342,1503.7814157625671,1216.712811122441,-0.4846771838084797,3393.310120473909,3807.310000000001,reported,3106.241515833783,0.0,0.0,0.0,0.0,0.0,0.0,0.0,0.0,3393.310120473909,
DEU,wind,BRA,2011,3076.062176733474,1827.9583399402063,1367.33358177497,1248.1038367932679,-0.4846771838084797,3195.2919217151766,3807.310000000001,reported,3076.062176733474,31.827747492665686,-60.33590177018183,0.0,0.6940857061582784,0.0,-27.81406857135786,30.17933910030888,57.993407671666745,3167.4778531438187,-92.16261654673939
DEU,wind,BRA,2012,3123.635568353567,1524.7385634438037,1247.3519062997937,1598.8970049097634,-0.4846771838084797,2772.090469743597,3807.310000000001,reported,3123.635568353567,18.746795898763907,50.282824357418605,0.0,1.824256401920767,0.0,70.85387665810327,-17.394052519784054,-88.24792917788733,2842.9443464017004,-407.34542210628507
DEU,wind,BRA,2013,3115.4061913837786,1590.7092704466481,1181.563044618262,1524.6969209371305,-0.4846771838084797,2772.27231506491,3807.310000000001,reported,3115.4061913837786,23.61043947357407,43.238448216839096,0.0,3.7441446625924923,0.0,70.59303235300565,-9.164675549995536,-79.75770790300119,2842.8653474179155,-770.2731206129828
DEU,wind,BRA,2014,2646.2331709806363,1483.2508892377111,1097.0460961397416,1162.9822817429251,-0.4846771838084797,2580.296985377453,3807.310000000001,reported,2646.2331709806363,29.5428803296711,42.13813697658634,0.0,5.164086696814075,0.0,76.84510400307153,460.0083448531468,383.1632408500753,2657.1420893805243,16.705154344015995
DEU,wind,BRA,2015,2296.044752105918,1272.7341614654624,1009.6914765789455,1023.3105906404558,-0.4846771838084797,2282.425638044408,3807.310000000001,reported,2296.044752105918,35.88045442964268,43.30583820028212,0.0,1.370552879981052,0.0,80.55684550990584,810.1967637278649,729.639918217959,2362.982483554314,9.942874264178608
DEU,wind,BRA,2016,2406.8480453672,1290.7025722228504,956.0019312776659,1116.1454731443496,-0.4846771838084797,2246.7045035005162,3807.310000000001,reported,2406.8480453672,39.77974803981597,39.889436782242974,0.0,4.931002392606455,0.0,84.60018721466541,699.393470466583,614.7932832519176,2331.3046907151816,12.096222053406716
DEU,wind,BRA,2017,2065.9924280499176,1250.159762685251,914.6756363875422,815.8326653646666,-0.4846771838084797,2164.8353990727933,3807.310000000001,reported,2065.9924280499176,42.51962741757664,39.05401288802937,0.0,6.578183298206408,0.0,88.15182360381242,1040.2490877838654,952.097264180053,2252.9872226766056,8.474107272865774
DEU,wind,BRA,2018,2097.030868371903,1236.991719887558,877.9301859443303,860.0391484843451,-0.4846771838084797,2114.9219058318886,3807.310000000001,reported,2097.030868371903,45.25123819407035,37.23313657541839,0.0,6.671987950994398,0.0,89.15636272048313,1009.21064746188,920.0542847413968,2204.078268552372,8.834266953554982
DEU,wind,BRA,2019,1855.591229116072,1196.446220883766,837.7073353165757,659.145008232306,-0.4846771838084797,2034.1535562003419,3807.310000000001,reported,1855.591229116072,47.93942183231356,36.5042126799385,0.0,6.487926559780317,0.0,90.93156107203238,1250.650286717711,1159.7187256456787,2125.085117272374,7.27074243197746
DEU,wind,BRA,2020,1704.893122200668,1057.7805470291376,774.6718199160423,647.1125751715304,-0.4846771838084797,1832.4523669451798,3807.310000000001,reported,1704.893122200668,52.36748558010152,36.896065204361,0.0,3.8190156054300726,0.0,93.08256638989259,1401.3483936331152,1308.2658272432225,1925.5349333350725,6.6423572334191725
DEU,wind,BRA,2021,1306.215139814895,612.8619567508699,739.1842126512051,693.3531830640252,-0.4846771838084797,1352.046169402075,3807.310000000001,reported,1306.215139814895,54.84985061486092,52.77572490197744,0.0,2.4897295024535016,0.0,110.11530501929185,1800.026376018888,1689.9110709995962,1462.1614744213668,6.117427304750582
DEU,wind,BRA,2022,1117.2097995602328,484.15917631864147,708.4233932123723,633.0506232415913,-0.4846771838084797,1192.5825695310136,3807.310000000001,reported,1117.2097995602328,58.14561567085605,55.669665042788154,0.0,2.868302499273841,0.0,116.68358321291804,1989.0317162735503,1872.3481330606323,1309.2661527439316,5.866351062089882
DEU,wind,BRA,2023,1099.1746940025257,463.4157784034803,669.6750671617656,635.7589155990454,-0.4846771838084797,1133.090845565246,3807.310000000001,reported,1099.1746940025257,59.689596876492594,55.17646205895078,0.0,2.3452293478882935,0.0,117.21128828333167,2007.0668218312574,1889.8555335479257,1250.3021338485776,5.839929543371532
DEU,wind,BRA,2024,1307.044736135391,398.9197531891879,635.9618084499955,908.1249829462032,-0.4846771838084797,1034.8815616391835,3807.310000000001,reported,1307.044736135391,61.51624318068019,54.60885997786725,2.0273654022348087,1.724551725457739,0.0,119.87702028623998,1799.196779698392,1679.319759412152,1154.7585819254234,6.66280762832043
DEU,wind,CAN,2010,3207.7690771495986,1846.2542649873703,1723.101069912536,1361.5148121622283,-0.2643524831740681,3569.3553348999067,1260.0,reported,3207.7690771495986,0.0,0.0,0.0,0.0,0.0,0.0,0.0,0.0,3569.3553348999067,
DEU,wind,CAN,2011,2958.624826998695,1692.3445846877794,1635.9850746449745,1266.2802423109156,-0.2643524831740681,3328.329659332754,1260.0,reported,2958.624826998695,30.429692698332154,-7.7072489363021965,0.0,2.2894118786857316,0.0,25.011855640715687,249.14425015090364,224.13239451018796,3353.3415149734697,10.03910611044257
DEU,wind,CAN,2012,3223.160817655416,1488.2571783739918,1556.0552313175276,1734.9036392814241,-0.2643524831740681,3044.3124096915194,1260.0,reported,3223.160817655416,94.88083781461766,-94.38953794421631,0.0,3.3736687495750415,0.0,3.8649686199763904,-15.391740505817324,-19.256709125793716,3048.177378311496,-25.110666454619746
DEU,wind,CAN,2013,3108.906080752496,1527.4401840208948,1510.7414301507536,1581.4658967316013,-0.2643524831740681,3038.181614171648,1260.0,reported,3108.906080752496,134.109084913296,-96.81499424383826,0.0,4.347356135475221,0.0,41.641446804932954,98.8629963971025,57.22154959216955,3079.823060976581,42.120356779064196
DEU,wind,CAN,2014,2909.720813813772,1397.8075560211169,1450.8087264619446,1511.9132577926553,-0.2643524831740681,2848.6162824830617,1260.0,reported,2909.720813813772,127.22305489498639,-45.86208546136961,0.0,7.227497758456802,0.0,88.5884671920736,298.0482633358265,209.4597961437529,2937.204749675135,29.7228597142525
DEU,wind,CAN,2015,3005.7168964844445,1304.2247681576082,1386.61314627567,1701.4921283268363,-0.2643524831740681,2690.8379144332785,1260.0,reported,3005.7168964844445,182.5932418497076,-66.27895804607842,0.0,7.135410314687506,0.0,123.44969411831669,202.05218066515408,78.6024865468374,2814.287608551595,61.09792713541687
DEU,wind,CAN,2016,2815.1240756907487,1241.2274431972978,1345.8992381394785,1573.8966324934509,-0.2643524831740681,2587.1266813367765,1260.0,reported,2815.1240756907487,287.4014268650624,-138.71655120295387,0.0,6.1173752042476,0.0,154.8022508663561,392.64500145884995,237.84275059249384,2741.9289322031327,39.42549893445663
DEU,wind,CAN,2017,2471.4182906315746,1123.8333629461483,1313.8477412429718,1347.5849276854262,-0.2643524831740681,2437.68110418912,1260.0,reported,2471.4182906315746,78.94260046554119,26.913810512052027,0.0,9.858872147309592,0.0,115.71528312490281,736.350786518024,620.6355033931212,2553.396387314023,15.714695392950516
DEU,wind,CAN,2018,2210.71492193368,1040.850679124377,1284.7915734422932,1169.8642428093033,-0.2643524831740681,2325.6422525666703,1260.0,reported,2210.71492193368,111.44280000822678,11.045429952272464,0.0,10.702638274119535,0.0,133.19086823461876,997.0541552159184,863.8632869812997,2458.833120801289,13.35843871046056
DEU,wind,CAN,2019,2894.3307568325185,704.4428337885606,1252.3443326255353,2189.887923043958,-0.2643524831740681,1956.787166414096,1260.0,reported,2894.3307568325185,86.69453353819915,44.60197114396772,0.0,9.262138275680337,0.0,140.5586429578472,313.43832031708007,172.87967735923286,2097.3458093719432,44.84411568300119
DEU,wind,CAN,2020,1658.650703711003,544.3774990809422,1200.0334734639202,1114.2732046300607,-0.2643524831740681,1744.4109725448625,1260.0,reported,1658.650703711003,110.38121763148219,34.81224546044902,0.0,6.799216053605059,0.0,151.99267914553627,1549.1183734385957,1397.1256942930595,1896.4036516903989,9.811560029990245
DEU,wind,CAN,2021,1553.9705855540396,498.93225793840105,1169.7305891797607,1055.0383276156385,-0.2643524831740681,1668.6628471181618,1260.0,reported,1553.9705855540396,106.29618337681121,42.40092365916431,0.0,5.978600581500496,0.0,154.67570761747604,1653.798491595559,1499.122783978083,1823.338554735638,9.352754183990537
DEU,wind,CAN,2022,1819.9977599750696,478.91990944326767,1142.924426773737,1341.077850531802,-0.2643524831740681,1621.8443362170046,1260.0,reported,1819.9977599750696,116.74876806767332,36.54614996842515,0.0,5.289874797384005,0.0,158.58479283348248,1387.771317174529,1229.1865243410466,1780.429129050487,11.427300079695948
DEU,wind,CAN,2023,1454.1580407027554,424.5368247624041,1108.3925182701926,1029.6212159403512,-0.2643524831740681,1532.9293430325965,1260.0,reported,1454.1580407027554,102.2412513284691,51.27564364662197,0.0,4.6154154098668085,0.0,158.1323103849579,1753.6110364468432,1595.4787260618853,1691.0616534175545,9.017524815843124
DEU,wind,CAN,2024,1237.5279556276118,560.3421311843513,1077.6013681507616,677.1858244432606,-0.2643524831740681,1637.9434993351128,1260.0,reported,1237.5279556276118,158.0029736191326,10.940158868820903,0.0,3.811383504738421,0.0,172.75451599269192,1970.2411215219868,1797.4866055292948,1810.6980153278048,8.768191573386774
DEU,wind,CHN,2010,1765.1775585802086,1119.112956086978,845.2578494862693,646.0646024932305,0.0009530959629259,1964.3708055732473,75360.0,reported,1765.1775585802086,0.0,0.0,0.0,0.0,0.0,0.0,0.0,0.0,1964.3708055732473,
DEU,wind,CHN,2011,1717.2558524790718,971.467172218602,845.4159696369172,745.7886802604698,0.0009530959629259,1816.8831418555192,75360.0,reported,1717.2558524790718,0.0,0.0,0.0,4.12000642111143,0.0,4.12000642111143,47.921706101136806,43.80169968002538,1821.0031482766306,8.597370077802164
DEU,wind,CHN,2012,1679.930392658511,847.4255199196986,845.5686644504459,832.5048727388124,0.0009530959629259,1692.9941843701445,75360.0,reported,1679.930392658511,0.0,0.0,0.0,6.777059865558229,0.0,6.777059865558229,85.24716592169761,78.47010605613939,1699.7712442357026,7.9498946296738895
DEU,wind,CHN,2013,1595.826062577922,781.8066424666732,845.6587660228251,814.0194201112487,0.0009530959629259,1627.4654084894983,75360.0,reported,1595.826062577922,0.0,0.0,0.0,9.19040470200797,0.0,9.19040470200797,169.3514960022867,160.1610913002787,1636.6558131915062,5.4268222714040135
DEU,wind,CHN,2014,1620.231001590525,700.0945572256124,845.7821941538037,920.1364443649126,0.0009530959629259,1545.8767513794162,75360.0,reported,1620.231001590525,0.0,0.0,0.0,13.07539351189057,0.0,13.07539351189057,144.9465569896836,131.871163477793,1558.9521448913067,9.020837599351323
DEU,wind,CHN,2015,1573.0075398913566,618.8076105539675,845.9202111385854,954.1999293373891,0.0009530959629259,1464.7278216925529,75360.0,reported,1573.0075398913566,0.0,0.0,0.0,12.668014327942114,0.0,12.668014327942114,192.170018688852,179.5020043609099,1477.395836020495,6.592086744006234
DEU,wind,CHN,2016,1567.4215724643543,570.5046846470333,846.0111079732544,996.916887817321,0.0009530959629259,1416.5157926202878,75360.0,reported,1567.4215724643543,0.0,0.0,0.0,13.352928109613988,0.0,13.352928109613988,197.75598611585428,184.4030580062403,1429.8687207299017,6.752224482242093
DEU,wind,CHN,2017,1485.129867089238,534.2113357494059,846.0846282584241,950.918531339832,0.0009530959629259,1380.29596400783,75360.0,reported,1485.129867089238,0.0,0.0,0.0,14.72361465052326,0.0,14.72361465052326,280.0476914909707,265.32407684044745,1395.0195786583533,5.257538304327704
DEU,wind,CHN,2018,1538.8013700592198,502.6044898319903,846.1528503413272,1036.1968802272295,0.0009530959629259,1348.7573401733175,75360.0,reported,1538.8013700592198,0.0,0.0,0.0,13.543394277087085,0.0,13.543394277087085,226.37618852098876,212.83279424390167,1362.3007344504047,5.982693836119337
DEU,wind,CHN,2019,1455.786865501193,468.73893763776726,846.2308890004625,987.0479278634257,0.0009530959629259,1314.9698266382297,75360.0,reported,1455.786865501193,0.0,0.0,0.0,11.142007044931688,0.0,11.142007044931688,309.3906930790156,298.2486860340839,1326.1118336831614,3.601274147598913
DEU,wind,CHN,2020,1487.7151523770567,417.2501354431693,846.3610784728234,1070.4650169338875,0.0009530959629259,1263.6112139159927,75360.0,reported,1487.7151523770567,0.0,0.0,0.0,7.684403164534235,0.0,7.684403164534235,277.4624062031519,269.77800303861767,1271.2956170805269,2.769529490387207
DEU,wind,CHN,2021,1314.7834349389225,389.1392194036976,846.4391264172705,925.6442155352249,0.0009530959629259,1235.578345820968,75360.0,reported,1314.7834349389225,0.0,0.0,0.0,6.261859235178939,0.0,6.261859235178939,450.3941236412861,444.1322644061072,1241.840205056147,1.3903066018166264
DEU,wind,CHN,2022,1170.7756516936995,365.2981622319275,846.5098786833668,805.4774894617719,0.0009530959629259,1211.8080409152942,75360.0,reported,1170.7756516936995,0.0,0.0,0.0,5.332761692693186,0.0,5.332761692693186,594.4019068865091,589.0691451938159,1217.1408026079873,0.897164297575409
DEU,wind,CHN,2023,1009.8615152494498,335.97857219698005,846.6035177950423,673.8829430524697,0.0009530959629259,1182.5820899920222,75360.0,reported,1009.8615152494498,0.0,0.0,0.0,4.219246393246301,0.0,4.219246393246301,755.3160433307588,751.0967969375125,1186.8013363852685,0.558606748857135
DEU,wind,CHN,2024,855.9662826565387,311.13156825430923,846.6895163294066,544.8347144022296,0.0009530959629259,1157.821084583716,75360.0,reported,855.9662826565387,0.0,0.0,0.0,3.20760346449665,0.0,3.20760346449665,909.2112759236699,906.0036724591732,1161.0286880482126,0.3527896705018356
DEU,wind,ESP,2010,2917.3316496399493,1778.0769246231569,1415.202627722767,1139.2547250167925,-0.5083763749600175,3193.2795523459235,1315.7700000000004,reported,2917.3316496399493,0.0,0.0,0.0,0.0,0.0,0.0,0.0,0.0,3193.2795523459235,
DEU,wind,ESP,2011,2838.1110057057613,1584.1913076390288,1280.821038411021,1253.9196980667325,-0.5083763749600175,2865.01234605005,1315.7700000000004,reported,2838.1110057057613,19.356576558282164,58.11339846226905,0.0,0.4787581186795653,0.0,77.94873313923078,79.22064393418805,1.2719107949572646,2942.9610791892806,98.39447051703607
DEU,wind,ESP,2012,2489.7916665030607,1274.3521750855318,1163.1954442529536,1215.4394914175289,-0.5083763749600175,2437.5476193384857,1315.7700000000004,reported,2489.7916665030607,33.745846341602636,71.83535405703127,0.0,1.0511627019829457,0.0,106.63236310061686,427.5399831368886,320.90762003627174,2544.1799824391023,24.94091016195685
DEU,wind,ESP,2013,2478.4744316553188,1313.9247644918669,1098.9298018203383,1164.5496671634519,-0.5083763749600175,2412.854566312205,1315.7700000000004,reported,2478.4744316553188,39.975772267041286,66.59977686333133,0.0,0.7190070235610795,0.0,107.2945561539337,438.85721798463055,331.56266183069687,2520.1491224661386,24.448625146616894
DEU,wind,ESP,2014,2087.660762101033,1230.136489703782,1016.6275710217546,857.524272397251,-0.5083763749600175,2246.7640607255366,1315.7700000000004,reported,2087.660762101033,48.444953752221224,65.65335496105834,0.0,0.4671845989608755,0.0,114.56549331224043,829.6708875389163,715.1053942266759,2361.329554037777,13.808546862730152
DEU,wind,ESP,2015,1974.0001131302856,1130.4731365544953,931.8878323154838,843.5269765757903,-0.5083763749600175,2062.360968869979,1315.7700000000004,reported,1974.0001131302856,57.966554888653185,63.80502193953393,0.0,0.46142570280194006,0.0,122.23300253098905,943.3315365096637,821.0985339786746,2184.593971400968,12.957586786852522
DEU,wind,ESP,2016,1944.6505362263824,1085.40331935218,879.9812165852829,859.2472168742024,-0.5083763749600175,1965.384535937463,1315.7700000000004,reported,1944.6505362263824,109.59161876444861,17.768658133838297,0.0,0.6993633463017136,0.0,128.05964024458862,972.6811134135669,844.6214731689782,2093.4441761820517,13.165634500208489
DEU,wind,ESP,2017,2134.4262580278214,1055.3854099515836,840.1238848528548,1079.0408480762378,-0.5083763749600175,1895.5092948044385,1315.7700000000004,reported,2134.4262580278214,116.12894025801177,18.38142990063705,0.0,0.6870224276640268,0.0,135.19739258631284,782.9053916121279,647.7079990258151,2030.7066873907513,17.268675632431105
DEU,wind,ESP,2018,2785.848293599864,1007.4696711386296,804.7583466317225,1778.3786224612345,-0.5083763749600175,1812.228017770352,1315.7700000000004,reported,2785.848293599864,121.51943706108034,19.64447493814964,0.0,1.1835552458051646,0.0,142.34746724503515,131.48335604008525,-10.864111204949893,1954.5754850153871,108.26272733838476
DEU,wind,ESP,2019,1848.056275124011,949.4835708386137,766.1290172852874,898.5727042853974,-0.5083763749600175,1715.612588123901,1315.7700000000004,reported,1848.056275124011,134.6018218033748,15.396501924668003,0.0,1.343752023408904,0.0,151.34207575145172,1069.2753745159382,917.9332987644865,1866.9546638753527,14.153704401914652
DEU,wind,ESP,2020,1450.2230865567224,875.8118270380786,705.7747260058753,574.4112595186438,-0.5083763749600175,1581.586553043954,1315.7700000000004,reported,1450.2230865567224,169.59026609886553,-0.9217887927362733,0.0,0.5604607278861028,0.0,169.22893803401536,1467.108563083227,1297.8796250492117,1750.8154910779692,11.534861311038183
DEU,wind,ESP,2021,1330.7665242650544,731.3449845394781,671.9009244719164,599.4215397255763,-0.5083763749600175,1403.2459090113944,1315.7700000000004,reported,1330.7665242650544,106.48977729594331,51.529643113381496,0.0,1.0448974705584255,0.0,159.06431787988325,1586.565125374895,1427.5008074950117,1562.3102268912776,10.025703662325075
DEU,wind,ESP,2022,1230.4390450051137,725.430248636965,642.603111449174,505.00879636814875,-0.5083763749600175,1368.033360086139,1315.7700000000004,reported,1230.4390450051137,120.46162681710973,44.0615461732203,-2.232729421052905,0.8261973473990908,0.0,163.11664091667623,1686.8926046348356,1523.7759637181593,1531.1500010028153,9.669651788649956
DEU,wind,ESP,2023,1185.8472461907195,780.8195342956693,605.7864714655723,405.0277118950502,-0.5083763749600175,1386.6060057612417,1315.7700000000004,reported,1185.8472461907195,138.56261103608597,30.62799670854856,-2.375752412978331,0.7280170979233792,0.0,167.54287242957957,1731.4844034492298,1563.9415310196503,1554.1488781908213,9.676256516999128
DEU,wind,ESP,2024,1398.8328190572436,704.3477312453125,573.8383489698434,694.4850878119311,-0.5083763749600175,1278.186080215156,1315.7700000000004,reported,1398.8328190572436,101.14156942866622,55.24752484451119,-1.780345313978036,0.838024807175934,0.0,155.44677376637532,1518.4988305827058,1363.0520568163304,1433.6328539815313,10.23687148357727
DEU,wind,FRA,2010,2950.0624683907927,1968.843489066251,807.8512668513363,981.2189793245416,0.2520769073090383,2776.6947559175874,1137.119999999999,reported,2950.0624683907927,0.0,0.0,0.0,0.0,0.0,0.0,0.0,0.0,2776.6947559175874,
DEU,wind,FRA,2011,2644.948773343461,1803.593619802517,848.8218444253614,841.3551535409442,0.2520769073090383,2652.415464227878,1137.119999999999,reported,2644.948773343461,112.20437446264384,-46.342241350673476,0.0,0.2620745272606971,0.0,66.12420763923106,305.1136950473315,238.98948740810042,2718.539671867109,21.671989396927394
DEU,wind,FRA,2012,2400.053077507022,1562.9963202819724,890.3498385030584,837.0567572250495,0.2520769073090383,2453.3461587850306,1137.119999999999,reported,2400.053077507022,175.51002534370298,37.92884497869455,0.0,0.7512279864178271,0.0,214.19009830881535,550.0093908837707,335.8192925749554,2667.536257093846,38.942989312354946
DEU,wind,FRA,2013,2262.0084106773293,1424.5039292118086,915.7976987457749,837.5044814655207,0.2520769073090383,2340.3016279575836,1137.119999999999,reported,2262.0084106773293,206.56786615666726,64.85711218896742,0.0,1.5615242565752698,0.0,272.98650260221,688.0540577134634,415.0675551112534,2613.2881305597934,39.675153360681705
DEU,wind,FRA,2014,2137.2782742110044,1412.2357781286764,951.8383027926491,725.042496082328,0.2520769073090383,2364.0740809213257,1137.119999999999,reported,2137.2782742110044,265.1749249283011,47.091582209768205,0.0,2.5611731607603376,0.0,314.82768029882965,812.7841941797883,497.95651388095865,2678.9017612201555,38.734473745092245
DEU,wind,FRA,2015,2131.6884264783607,1265.4926011811742,993.8144860809675,866.1958252971865,0.2520769073090383,2259.307087262142,1137.119999999999,reported,2131.6884264783607,346.1087721724815,22.86773560319818,0.0,2.2943435768464817,0.0,371.27085135252617,818.374041912432,447.1031905599058,2630.5779386146683,45.366889996280335
DEU,wind,FRA,2016,2109.213578229046,1240.429921415068,1022.4617579714765,868.783656813978,0.2520769073090383,2262.8916793865446,1137.119999999999,reported,2109.213578229046,382.5666568122901,20.643724854448607,0.0,2.5366307591873163,0.0,405.747012425926,840.8488901617466,435.10187773582055,2668.638691812471,48.254450612151736
DEU,wind,FRA,2017,2402.662458269312,1183.63001414796,1046.2332274474143,1219.032444121352,0.2520769073090383,2229.8632415953743,1137.119999999999,reported,2402.662458269312,378.265421761602,45.12269844792374,0.0,3.498322740855419,0.0,426.88644295038114,547.4000101214806,120.51356717109945,2656.7496845457554,77.98436884494126
DEU,wind,FRA,2018,2320.5563744430056,882.4999124519697,1068.7837965895824,1438.0564619910358,0.2520769073090383,1951.2837090415521,1137.119999999999,reported,2320.5563744430056,283.9583240200452,174.10922279507585,0.0,5.637332615842062,0.0,463.70487943096316,629.5060939477871,165.80121451682396,2414.9885884725154,73.66169825663738
DEU,wind,FRA,2019,2101.797854337148,713.5315060952424,1095.173502029492,1388.2663482419052,0.2520769073090383,1808.7050081247344,1137.119999999999,reported,2101.797854337148,266.0424201818385,226.2180510954869,0.0,5.214810565752291,0.0,497.47528184307777,848.2646140536449,350.7893322105671,2306.1802899678123,58.64623769530684
DEU,wind,FRA,2020,1823.726881097778,752.03445933537,1140.6511354777597,1071.692421762408,0.2520769073090383,1892.6855948131297,1137.119999999999,reported,1823.726881097778,395.2744213658381,123.49473083067943,0.0,2.6553810820913086,0.0,521.4245332786088,1126.3355872930147,604.9110540144059,2414.1101280917383,46.29388782181495
DEU,wind,FRA,2021,2020.280869555222,826.878066227157,1168.81171933514,1193.402803328065,0.2520769073090383,1995.689785562297,1137.119999999999,reported,2020.280869555222,420.7586258243936,95.86900869502217,0.0,1.1401836695700502,0.0,517.7678181889859,929.7815988355708,412.0137806465849,2513.457603751283,55.68703648657082
DEU,wind,FRA,2022,2035.8130904453128,631.8088401589971,1194.9379468297584,1404.0042502863157,0.2520769073090383,1826.7467869887555,1137.119999999999,reported,2035.8130904453128,314.75981837368556,205.1939197649732,-6.07370088191649,1.801969004693068,0.0,515.6820062614354,914.2493779454799,398.5673716840445,2342.428793250191,56.40496113000226
DEU,wind,FRA,2023,1787.5143272747575,775.6782641617551,1230.4120246025077,1011.8360631130024,0.2520769073090383,2006.0902887642628,1137.119999999999,reported,1787.5143272747575,343.24169885844407,145.7444009404119,-6.194511766559116,0.6738244639183036,0.0,483.4654124962152,1162.5481411160351,679.0827286198199,2489.555701260478,41.58670040382956
DEU,wind,FRA,2024,1860.4830152221043,685.4288185538267,1263.9149417494928,1175.0541966682777,0.2520769073090383,1949.3437603033194,1137.119999999999,reported,1860.4830152221043,330.1431416878995,170.22859727085427,-5.779729261672466,1.1333453038641663,0.0,495.7253550009455,1089.5794531686884,593.8540981677429,2445.069115304265,45.49694412456927
DEU,wind,GBR,2010,2646.677480945218,1954.516173855146,1190.018202602728,692.1613070900721,-0.1000586056861678,3144.534376457874,812.0999999999985,reported,2646.677480945218,0.0,0.0,0.0,0.0,0.0,0.0,0.0,0.0,3144.534376457874,
DEU,wind,GBR,2011,2809.9113674102177,1723.3254157009228,1166.8777597037365,1086.585951709295,-0.1000586056861678,2890.2031754046593,812.0999999999985,reported,2809.9113674102177,62.28935391592741,87.76697185936065,0.0,1.6016461342038864,0.0,151.65797190949195,-163.2338864649996,-314.89185837449156,3041.8611473141514,-92.90838758655069
DEU,wind,GBR,2012,2747.880979690672,1517.4181726821043,1144.9624683001957,1230.4628070085678,-0.1000586056861678,2662.3806409823,812.0999999999985,reported,2747.880979690672,94.33306581951108,129.67111440499687,0.0,2.7822182739175094,0.0,226.78639849842546,-101.203498745454,-327.98989724387945,2889.1670394807256,-224.0894843653936
DEU,wind,GBR,2013,2761.2528998111115,1463.0944076748358,1132.226186602355,1298.1584921362758,-0.1000586056861678,2595.320594277191,812.0999999999985,reported,2761.2528998111115,110.70645481719158,131.31928960018124,0.0,4.342232767732916,0.0,246.36797718510576,-114.57541886589343,-360.9433960509992,2841.6885714622967,-215.0269050933787
DEU,wind,GBR,2014,2697.606225405735,1340.7205583042546,1115.0108501497825,1356.8856671014805,-0.1000586056861678,2455.731408454037,812.0999999999985,reported,2697.606225405735,139.45469132671542,129.49660542386022,0.0,6.087265385901899,0.0,275.03856213647754,-50.92874446051701,-325.96730659699455,2730.7699705905147,-540.0458327609151
DEU,wind,GBR,2015,2657.2208697143733,1180.3641632569227,1096.0734192406476,1476.8567064574506,-0.1000586056861678,2276.4375824975705,812.0999999999985,reported,2657.2208697143733,173.37762335793474,129.78412757726764,0.0,5.246895951873809,0.0,308.40864688707615,-10.543388769155172,-318.9520356562313,2584.8462293846464,-2925.1377677481632
DEU,wind,GBR,2016,2491.129940503493,1179.809185578973,1083.7790474103365,1311.3207549245199,-0.1000586056861678,2263.5882329893093,812.0999999999985,reported,2491.129940503493,246.35708251667089,75.80507027178045,0.0,5.84529770535606,0.0,328.0074504938074,155.54754044172523,-172.4599100520822,2591.5956834831168,210.87279783552285
DEU,wind,GBR,2017,2516.6323084024853,1186.0247128476276,1073.9368670007739,1330.6075955548577,-0.1000586056861678,2259.9615798484015,812.0999999999985,reported,2516.6323084024853,194.62922767903882,110.67239363064827,0.0,9.110619455069314,0.0,314.4122407647564,130.04517254273287,-184.36706822202353,2574.373820613158,241.77155877234924
DEU,wind,GBR,2018,2198.396210530895,1130.4972461210928,1064.8846816000303,1067.8989644098024,-0.1000586056861678,2195.3819277211232,812.0999999999985,reported,2198.396210530895,283.6685268254533,64.88581097000808,0.0,6.498421458064651,0.0,355.052759253526,448.281270414323,93.22851116079698,2550.434686974649,79.20312149677127
DEU,wind,GBR,2019,2258.591645264536,1113.707343671958,1054.624367538633,1144.8843015925781,-0.1000586056861678,2168.3317112105906,812.0999999999985,reported,2258.591645264536,204.6517655840808,110.03196231983141,0.0,8.299054358077132,0.0,322.9827822619893,388.08583568068207,65.10305341869275,2491.3144934725797,83.2245736811019
DEU,wind,GBR,2020,2047.40763272174,1021.4921087714956,1037.729024768961,1025.9155239502443,-0.1000586056861678,2059.2211335404563,812.0999999999985,reported,2047.40763272174,252.34250720256586,96.02454933790227,0.0,6.133850301172117,0.0,354.50090684164024,599.2698482234782,244.76894138183798,2413.7220403820966,59.155471928472636
DEU,wind,GBR,2021,2203.410301410913,974.7938065656937,1027.7316236555216,1228.6164948452192,-0.1000586056861678,2002.5254302212152,812.0999999999985,reported,2203.410301410913,381.4027847073608,38.909217197688186,7.251208146258239,4.2502038454337345,0.0,431.813413896741,443.26717953430534,11.453765637564345,2434.3388441179563,97.41605826770264
DEU,wind,GBR,2022,1573.6200074383676,804.8961903110105,1018.7527895143674,768.723817127357,-0.1000586056861678,1823.6489798253779,812.0999999999985,reported,1573.6200074383676,469.762606047067,8.470741910221587,8.28804472886699,2.3664653547386956,0.0,488.88785804089423,1073.0574735068506,584.1696154659563,2312.536837866272,45.56026774998022
DEU,wind,GBR,2023,1303.0584580732284,745.0725657083644,1006.9911268489617,557.985892364864,-0.1000586056861678,1752.0636925573262,812.0999999999985,reported,1303.0584580732284,265.4491406224387,122.12666165976033,4.905906650912234,2.5374156069691978,0.0,395.01912454008044,1343.6190228719897,948.5998983319093,2147.082817097407,29.39963768120266
DEU,wind,GBR,2024,1925.620884875948,796.6747553890772,996.3099561546004,1128.9461294868706,-0.1000586056861678,1792.9847115436776,812.0999999999985,reported,1925.620884875948,567.5488183143719,-18.922942538903843,8.768199298190211,1.4655357105439784,0.0,558.8596107842023,721.0565960692702,162.19698528506785,2351.84432232788,77.50565126659129
DEU,wind,IND,2010,1607.2867942080602,1699.1182848786855,374.5547148992497,-91.83149067062527,0.177335392834262,2073.6729997779353,3426.920000000005,reported,1607.2867942080602,0.0,0.0,0.0,0.0,0.0,0.0,0.0,0.0,2073.6729997779353,
DEU,wind,IND,2011,1439.2246792330563,1572.987977357781,387.819821161163,-133.76329812472454,0.177335392834262,1960.8077985189439,3426.920000000005,reported,1439.2246792330563,14.109297507715992,-13.066332153502437,0.0,0.2855570200041345,0.0,1.3285223742176897,168.06211497500385,166.73359260078615,1962.1363208931616,0.7904948562710179
DEU,wind,IND,2012,1727.3567208366633,1380.1211221512224,401.07301554262176,347.2355986854409,0.177335392834262,1781.1941376938441,3426.920000000005,reported,1727.3567208366633,12.219056156782639,29.696357763212802,0.0,0.6735469351411202,0.0,42.58896085513656,-120.06992662860307,-162.65888748373965,1823.7830985489807,-35.470131490020435
DEU,wind,IND,2013,1775.4884766427886,1360.769366159615,409.10373957543004,414.7191104831736,0.177335392834262,1769.873105735045,3426.920000000005,reported,1775.4884766427886,25.269307272659713,5.778250856058503,0.0,0.46166620836492955,0.0,31.509224337083143,-168.20168243472835,-199.7109067718115,1801.3823300721283,-18.73300188261225
DEU,wind,IND,2014,1697.2585891987796,1087.9527959758327,420.3650640677178,609.3057932229469,0.177335392834262,1508.3178600435506,3426.920000000005,reported,1697.2585891987796,18.276097575089683,32.74260303899794,0.0,2.8049358577780166,0.0,53.82363647186564,-89.97179499071945,-143.7954314625851,1562.1414965154163,-59.822788327628146
DEU,wind,IND,2015,1517.2250364441445,1065.7810948732092,433.3229207964692,451.4439415709353,0.177335392834262,1499.1040156696783,3426.920000000005,reported,1517.2250364441445,21.255793601605184,30.935656669809664,0.0,1.6984422153756664,0.0,53.889892486790515,90.0617577639157,36.17186527712518,1552.993908156469,59.836598601656576
DEU,wind,IND,2016,1395.643984213105,999.9346642793234,442.0730588538096,395.70931993378167,0.177335392834262,1442.007723133133,3426.920000000005,reported,1395.643984213105,23.528512235725188,30.42053891924195,0.0,1.9837527034434184,0.0,55.93280385841056,211.6428099949551,155.71000613654454,1497.9405269915435,26.427925361482313
DEU,wind,IND,2017,1379.8823534779967,918.8861832780237,449.2788351283991,460.996170199973,0.177335392834262,1368.1650184064229,3426.920000000005,reported,1379.8823534779967,25.27206276426976,30.816190151786458,0.0,2.596341738938489,0.0,58.68459465499471,227.40444073006347,168.71984607506874,1426.8496130614176,25.80626590518311
DEU,wind,IND,2018,1381.2400608612577,927.3647271676462,456.06977918972444,453.87533369361154,0.177335392834262,1383.4345063573705,3426.920000000005,reported,1381.2400608612577,26.817904813088415,29.018981099473265,0.0,2.0265915181663696,0.0,57.863477430728054,226.0467333468025,168.18325591607447,1441.2979837880987,25.598015319227592
DEU,wind,IND,2019,1255.719701089365,840.3959822085254,463.9631492060352,415.32371888083946,0.177335392834262,1304.3591314145606,3426.920000000005,reported,1255.719701089365,28.505041429907216,29.62230671281641,0.0,1.9303671896076322,0.0,60.057715332331256,351.5670931186953,291.50937778636404,1364.416846746892,17.082860286942356
DEU,wind,IND,2020,1222.0443385764129,813.309349630865,477.434962572142,408.7349889455479,0.177335392834262,1290.744312203007,3426.920000000005,reported,1222.0443385764129,31.137992261614702,27.62904115600858,0.0,0.9636635746933098,0.0,59.73069699231659,385.2424556316473,325.5117586393307,1350.4750091953235,15.504702589018013
DEU,wind,IND,2021,1051.781225948876,728.8980096987787,485.6970487874982,322.88321625009735,0.177335392834262,1214.595058486277,3426.920000000005,reported,1051.781225948876,42.61206048869536,19.88509571562996,0.0,1.1594825714158854,0.0,63.65663877574121,555.5055682591842,491.848929483443,1278.251697262018,11.459226047944977
DEU,wind,IND,2022,1191.1010340630933,630.3557723174746,493.30963409655726,560.7452617456187,0.177335392834262,1123.6654064140318,3426.920000000005,reported,1191.1010340630933,38.71902945812481,25.822089311823913,0.0,1.4162076658632623,0.0,65.95732643581199,416.18576014496693,350.22843370915496,1189.622732849844,15.848049777781336
DEU,wind,IND,2023,1236.9870705080064,583.7921118180958,503.56748374520157,653.1949586899105,0.177335392834262,1087.3595955632973,3426.920000000005,reported,1236.9870705080064,35.608411430690325,29.606265222942408,0.0,1.1583049688694929,0.0,66.37298162250222,370.29972370005385,303.92674207755164,1153.7325771857995,17.924123993207445
DEU,wind,IND,2024,1110.269638408882,546.3302395020477,513.1751035293131,563.9393989068343,0.177335392834262,1059.5053430313608,3426.920000000005,reported,1110.269638408882,36.879401985858415,29.354300678436392,0.0,0.9017057542187628,0.0,67.13540841851358,497.0171557991782,429.88174738066465,1126.6407514498744,13.507664199350074
DEU,wind,ITA,2010,3042.576771339253,1727.315022243171,1747.8466409473228,1315.261749096082,-0.361943176041216,3475.1616631904935,652.8600000000006,reported,3042.576771339253,0.0,0.0,0.0,0.0,0.0,0.0,0.0,0.0,3475.1616631904935,
DEU,wind,ITA,2011,3732.377300030415,1683.0498644123682,1627.9985495569454,2049.327435618047,-0.361943176041216,3311.0484139693135,652.8600000000006,reported,3732.377300030415,39.584758724189285,-129.17050749972304,0.0,0.06640443133355332,0.0,-89.5193443442002,-689.8005286911621,-600.2811843469618,3221.529069625113,12.977569691640502
DEU,wind,ITA,2012,3492.0935581917875,1474.180734817639,1520.0877684854202,2017.9128233741485,-0.361943176041216,2994.2685033030593,652.8600000000006,reported,3492.0935581917875,47.85613269797513,-58.96597105411038,0.0,0.1046323867078896,0.0,-11.005205969427367,-449.51678685253455,-438.5115808831072,2983.263297333632,2.4482302533092413
DEU,wind,ITA,2013,2409.1721620428693,1411.8517906055176,1459.8074058682682,997.3203714373517,-0.361943176041216,2871.659196473786,652.8600000000006,reported,2409.1721620428693,72.10106525431702,-80.15164116148507,0.0,0.2923069396994031,0.0,-7.75826896746865,633.4046092963836,641.1628782638522,2863.900927506317,-1.2248519909078195
DEU,wind,ITA,2014,2361.529671561993,1183.7825766289645,1381.1015158513724,1177.7470949330284,-0.361943176041216,2564.884092480337,652.8600000000006,reported,2361.529671561993,27.460800354246878,14.594561033301318,0.0,2.1864025526468738,0.0,44.24176394019507,681.04709977726,636.805335837065,2609.1258564205323,6.496138659817298
DEU,wind,ITA,2015,2527.535652399827,1142.5655518672847,1298.11987722526,1384.9701005325423,-0.361943176041216,2440.685429092545,652.8600000000006,reported,2527.535652399827,74.66160126677649,-35.252388657828895,0.0,1.162424730667754,0.0,40.57163733961534,515.0411189394258,474.4694815998105,2481.25706643216,7.877358884114065
DEU,wind,ITA,2016,2129.873112690811,1062.1705855925134,1246.2178523781665,1067.7025270982977,-0.361943176041216,2308.3884379706797,652.8600000000006,reported,2129.873112690811,87.86706358433077,-40.98179691133956,0.0,1.2412945093804582,0.0,48.12656118237167,912.7036586484419,864.5770974660702,2356.514999153051,5.272966830618262
DEU,wind,ITA,2017,3047.6230662438456,892.9370388435955,1205.7636360913505,2154.68602740025,-0.361943176041216,2098.7006749349457,652.8600000000006,reported,3047.6230662438456,59.584034694086164,-6.870010667974107,0.0,2.8105300298637608,0.0,55.52455405597582,-5.046294904592742,-60.57084896056856,2154.2252289909216,-1100.3033929991236
DEU,wind,ITA,2018,2093.797504944295,889.6410500716316,1169.4033206507336,1204.1564548726633,-0.361943176041216,2059.0443707223653,652.8600000000006,reported,2093.797504944295,102.5392306038773,-46.616141477011205,0.0,2.112518299499953,0.0,58.03560742636605,948.7792663949581,890.7436589685921,2117.0799781487312,6.116871382200607
DEU,wind,ITA,2019,1988.9232899516264,930.5069133345536,1129.1569951832084,1058.4163766170727,-0.361943176041216,2059.663908517762,652.8600000000006,reported,1988.9232899516264,51.260103377239915,7.023189111965266,0.0,0.40031839301242406,0.0,58.68361088221761,1053.6534813876265,994.9698705054088,2118.34751939998,5.569536087417777
DEU,wind,ITA,2020,2037.3177709416573,664.1411723675017,1065.0821129539997,1373.1765985741556,-0.361943176041216,1729.2232853215014,652.8600000000006,reported,2037.3177709416573,78.99130396299338,-12.28729145247542,0.0,2.042873740665276,0.0,68.74688625118324,1005.2590003975956,936.5121141464124,1797.9701715726846,6.838723774071436
DEU,wind,ITA,2021,1564.420272621896,600.6336517591353,1028.4306954369347,963.7866208627606,-0.361943176041216,1629.06434719607,652.8600000000006,reported,1564.420272621896,51.170299473734296,15.398288984306788,0.0,1.7923814206584927,0.0,68.36096987869958,1478.156498717357,1409.7955288386574,1697.4253170747695,4.62474507523517
DEU,wind,ITA,2022,1538.4390431300335,582.8697408439816,996.2992046644217,955.5693022860519,-0.361943176041216,1579.1689455084033,652.8600000000006,reported,1538.4390431300335,41.43909783165202,24.93806390600358,-0.7872234017696912,1.5372089411577397,0.0,67.12714727704365,1504.1377282092194,1437.0105809321758,1646.296092785447,4.4628324932028125
DEU,wind,ITA,2023,1401.7706099642528,531.899348021597,955.31605273251,869.8712619426558,-0.361943176041216,1487.2154007541071,652.8600000000006,reported,1401.7706099642528,46.32923296720861,22.662131457750164,-0.8185555276545744,1.3097074932971682,0.0,69.48251639060136,1640.806161375,1571.3236449843987,1556.6979171447085,4.234657208525766
DEU,wind,ITA,2024,1408.131747785429,653.9514921438822,919.1675354713697,754.1802556415469,-0.361943176041216,1573.119027615252,652.8600000000006,reported,1408.131747785429,39.73802617708656,22.978095171859604,-0.6983781337341914,0.3234908160439126,0.0,62.34123403125589,1634.4450235538238,1572.103789522568,1635.460261646508,3.814214190924907
DEU,wind,POL,2010,3129.841562382764,1928.7167263623674,1230.3370971992813,1201.1248360203967,-0.1006582916667672,3159.0538235616486,808.4300000000003,reported,3129.841562382764,0.0,0.0,0.0,0.0,0.0,0.0,0.0,0.0,3159.0538235616486,
DEU,wind,POL,2011,2691.817910915693,1589.0770337478511,1206.2706591218102,1102.740877167842,-0.1006582916667672,2795.3476928696614,808.4300000000003,reported,2691.817910915693,37.81783826926481,120.13172663091552,0.0,2.0609203775006337,0.0,160.01048527768097,438.023651467071,278.01316618939,2955.358178147342,36.530101683267205
DEU,wind,POL,2012,2684.699599991936,1422.8128243969231,1183.4810349250752,1261.8867755950128,-0.1006582916667672,2606.2938593219983,808.4300000000003,reported,2684.699599991936,94.40321199394884,70.70904431232381,0.0,3.554630303916124,0.0,168.66688661018878,445.1419623908282,276.47507578063943,2774.960745932187,37.890583422935464
DEU,wind,POL,2013,2759.507417153754,1471.7067237408344,1170.237824305925,1287.8006934129196,-0.1006582916667672,2641.9445480467593,808.4300000000003,reported,2759.507417153754,138.59363382777033,28.15758860537142,0.0,3.148314008629114,0.0,169.89953644177086,370.3341452290101,200.43460878723926,2811.8440844885304,45.87736200687276
DEU,wind,POL,2014,2486.027904399791,1286.1611128039792,1152.3387046825167,1199.866791595812,-0.1006582916667672,2438.499817486496,808.4300000000003,reported,2486.027904399791,112.26644110980266,101.54801182289151,0.0,4.172625298861613,0.0,217.98707823155578,643.8136579829729,425.82657975141717,2656.4868957180515,33.858722244957555
DEU,wind,POL,2015,2310.548393337525,1160.154968730424,1132.6510040914347,1150.393424607101,-0.1006582916667672,2292.8059728218586,808.4300000000003,reported,2310.548393337525,122.19513187530556,111.80895412433478,0.0,4.6041678957697645,0.0,238.6082538954101,819.2931690452392,580.6849151498291,2531.414226717269,29.123671832083197
DEU,wind,POL,2016,2298.156521000269,1107.2738927546734,1119.87063876583,1190.8826282455957,-0.1006582916667672,2227.1445315205037,808.4300000000003,reported,2298.156521000269,169.70474333908254,81.00295314545717,0.0,4.034227662631812,0.0,254.74192414717155,831.685041382495,576.9431172353235,2481.8864556676754,30.62961475460935
DEU,wind,POL,2017,1712.2026322546378,753.3605898161045,1109.6400251397438,958.8420424385333,-0.1006582916667672,1863.0006149558483,808.4300000000003,reported,1712.2026322546378,162.02278780783283,139.4921801417599,0.0,9.875004161036724,0.0,311.3899721106294,1417.6389301281263,1106.248958017497,2174.3905870664776,21.965393690372622
DEU,wind,POL,2018,,656.8008193058552,1100.231080561621,1100.231080561621,-0.1006582916667672,1757.031899867476,808.4300000000003,interpolate_country,1721.4354199635654,151.13685325242741,163.9310418352922,0.0,8.456747705908432,0.0,323.52464279362806,1408.4061424191987,1084.8814996255705,2080.5565426611042,22.970976414368266
DEU,wind,POL,2019,,981.1818435176813,1089.5669731018615,1089.5669731018615,-0.1006582916667672,2070.7488166195426,808.4300000000003,interpolate_country,1730.6682076724933,265.87796242132663,37.826848603764276,0.0,4.894056915602403,0.0,308.5988679406933,1399.1733547102708,1090.5744867695776,2379.347684560236,22.055799369092146
DEU,wind,POL,2020,1739.900995381421,826.9842920799467,1072.0080740037379,912.9167033014742,-0.1006582916667672,1898.9923660836846,808.4300000000003,reported,1739.900995381421,354.3124291213158,-2.534962415220611,0.0,4.406395408123176,0.0,356.18386211421836,1389.9405670013432,1033.756704887125,2255.176228197903,25.62583397955275
DEU,wind,POL,2021,1920.241670095832,684.5679529568312,1061.6188349371928,1235.673717139001,-0.1006582916667672,1746.1867878940238,808.4300000000003,reported,1920.241670095832,183.80184412828334,125.62121102720687,0.0,3.5446962472496217,0.0,312.96775140273985,1209.5998922869321,896.6321408841923,2059.1545392967637,25.873659000665654
DEU,wind,POL,2022,1748.9163284507442,701.1644305214094,1052.28860064193,1047.751897929335,-0.1006582916667672,1753.4530311633393,808.4300000000003,reported,1748.9163284507442,198.21368892669742,114.64559742141215,-3.8554667813428205,3.1856384265536084,0.0,312.18945799332033,1380.9252339320199,1068.7357759386996,2065.64248915666,22.60726723809645
DEU,wind,POL,2023,1719.2909543523535,775.4495503490182,1040.067373962239,943.8414040033354,-0.1006582916667672,1815.516924311257,808.4300000000003,reported,1719.2909543523535,200.91924375104728,94.79426515652904,-3.7192900978916414,2.4621036011598667,0.0,294.4563224108445,1410.5506080304106,1116.094285619566,2109.9732467221015,20.875275281473364
DEU,wind,POL,2024,1838.4745885101927,709.5172117566439,1028.9695983304487,1128.957376753549,-0.1006582916667672,1738.4868100870926,808.4300000000003,reported,1838.4745885101927,210.54072004143933,96.09865447466917,-3.707750690386206,1.8427331975113341,0.0,304.7743570232336,1291.3669738725714,986.5926168493378,2043.2611671103264,23.60090998062863
DEU,wind,SWE,2010,2773.275585814188,1929.9649366440403,1015.3709562824467,843.3106491701478,-0.1317579757291353,2945.335892926487,595.0,reported,2773.275585814188,0.0,0.0,0.0,0.0,0.0,0.0,0.0,0.0,2945.335892926487,
DEU,wind,SWE,2011,2551.407722896317,1754.892300599923,989.4518823696632,796.515422296394,-0.1317579757291353,2744.344182969586,595.0,reported,2551.407722896317,81.54581764140201,-51.26601616564551,0.0,0.7635802785909194,0.0,31.04338175434742,221.8678629178712,190.82448116352379,2775.387564723934,13.99183340303717
DEU,wind,SWE,2012,2775.2464224535406,1483.7827062790122,965.0547101622861,1291.4637161745284,-0.1317579757291353,2448.8374164412985,595.0,reported,2775.2464224535406,79.63053839049623,103.1903957738797,0.0,2.747097511669665,0.0,185.5680316760456,-1.9708366393524557,-187.53886831539805,2634.405448117344,-9415.69828623728
DEU,wind,SWE,2013,2391.992435219712,1284.2821034578556,950.9437055546368,1107.7103317618567,-0.1317579757291353,2235.2258090124924,595.0,reported,2391.992435219712,125.13267614950924,74.16755976820924,0.0,3.952127223858359,0.0,203.25236314157684,381.28315059447596,178.03078745289912,2438.4781721540694,53.30746003978324
DEU,wind,SWE,2014,2555.275429867688,1305.9201039316015,931.9500448145765,1249.3553259360867,-0.1317579757291353,2237.870148746178,595.0,reported,2555.275429867688,129.28109630531424,91.08348268655868,0.0,4.079375017406052,0.0,224.44395400927897,218.00015594649994,-6.443798062779024,2462.314102755457,102.95586855651626
DEU,wind,SWE,2015,2284.897140482114,969.5189181706827,911.1634893922146,1315.3782223114313,-0.1317579757291353,1880.6824075628974,595.0,reported,2284.897140482114,140.83641834670098,136.15959475787906,0.0,7.624860149958196,0.0,284.6208732545382,488.3784453320741,203.75757207753588,2165.3032808174357,58.27875410451613
DEU,wind,SWE,2016,2101.631309145028,1219.7115995316785,897.7293094986333,881.9197096133494,-0.1317579757291353,2117.4409090303116,595.0,reported,2101.631309145028,151.97514401470318,89.60315032806301,0.0,7.982782176514578,0.0,249.56107651928076,671.6442766691603,422.08320014987953,2367.0019855495925,37.156733882541516
DEU,wind,SWE,2017,1903.388408996142,1165.513221584592,887.0093794510173,737.8751874115501,-0.1317579757291353,2052.522601035609,595.0,reported,1903.388408996142,148.37665947366767,97.24332195345595,0.0,9.210670244115406,0.0,254.83065167123902,869.8871768180461,615.0565251468071,2307.3532527068483,29.29467848961542
DEU,wind,SWE,2018,1520.082158545755,1032.4593071435766,877.1773312377977,487.6228514021784,-0.1317579757291353,1909.6366383813743,595.0,reported,1520.082158545755,157.2847687559318,110.91111041554562,0.0,9.880155421120648,0.0,278.0760345925981,1253.1934272684332,975.1173926758352,2187.7126729739725,22.189394593196695
DEU,wind,SWE,2019,1595.3412580470892,719.4423907154153,866.065052338245,875.898867331674,-0.1317579757291353,1585.5074430536602,595.0,reported,1595.3412580470892,167.68459640199862,152.5278213947137,0.0,8.009655439916651,0.0,328.22207323662894,1177.934327767099,849.71225453047,1913.7295162902892,27.864208173541314
DEU,wind,SWE,2020,1598.381322702813,826.7762738656261,847.8414331764599,771.6050488371868,-0.1317579757291353,1674.6177070420858,595.0,reported,1598.381322702813,417.2072298555276,-43.1081821338938,0.0,3.68898142725525,0.0,377.78802914888905,1174.8942631113753,797.1062339624862,2052.405736190975,32.155066290682555
DEU,wind,SWE,2021,1499.7076816824365,644.3761451682414,837.1021441102627,855.3315365141951,-0.1317579757291353,1481.478289278504,595.0,reported,1499.7076816824365,265.53784328589836,92.45721725844106,0.0,4.21481910672379,0.0,362.2098796510632,1273.5679041317517,911.3580244806885,1843.6881689295672,28.44056280595403
DEU,wind,SWE,2022,1313.1234013488263,606.7115497877692,827.485168602146,706.4118515610571,-0.1317579757291353,1434.196718389915,595.0,reported,1313.1234013488263,199.61765774777479,141.90210651439824,-3.911418573371921,3.441616092753163,0.0,341.04996178155426,1460.1521844653619,1119.1022226838077,1775.2466801714693,23.357151768836374
DEU,wind,SWE,2023,1571.2722957714248,783.1099613871887,814.9281792175508,788.162334384236,-0.1317579757291353,1598.0381406047395,595.0,reported,1571.2722957714248,209.10928753878883,98.67380018279357,-3.870533755473557,2.2046616816963467,0.0,306.1172156478052,1202.0032900427634,895.8860743949582,1904.1553562525446,25.467252725815296
DEU,wind,SWE,2024,1772.9311285129593,643.5506732109214,803.5649196241793,1129.3804553020377,-0.1317579757291353,1447.1155928351009,595.0,reported,1772.9311285129593,217.23533125658707,116.45540075510871,-3.8336503119499654,2.392212280536135,0.0,332.24929398028195,1000.3444573012289,668.095163320947,1779.3648868153828,33.21348876932232
DEU,wind,TUR,2010,2878.3500629421737,1933.2084222979263,943.3111156282979,945.1416406442474,-0.1004525561962087,2876.519537926224,1064.7200000000012,reported,2878.3500629421737,0.0,0.0,0.0,0.0,0.0,0.0,0.0,0.0,2876.519537926224,
DEU,wind,TUR,2011,2664.820862539856,1748.2753976317417,924.8964928500675,916.5454649081144,-0.1004525561962087,2673.171890481809,1064.7200000000012,reported,2664.820862539856,88.54029794756487,-11.895072618186456,0.0,0.29564689984680026,0.0,76.9408722292252,213.52920040231766,136.58832817309246,2750.112762711034,36.03295103632584
DEU,wind,TUR,2012,2109.273740267664,1502.5737129075135,907.4581421454756,606.7000273601504,-0.1004525561962087,2410.031855052989,1064.7200000000012,reported,2109.273740267664,154.1399464460717,17.31654420154302,0.0,1.3293995301287136,0.0,172.78589017774343,769.0763226745098,596.2904324967664,2582.8177452307327,22.46667659418638
DEU,wind,TUR,2013,2326.015974915389,1487.7761064713409,897.3242796477101,838.2398684440482,-0.1004525561962087,2385.100386119051,1064.7200000000012,reported,2326.015974915389,206.99709355216305,-9.21619533238626,0.0,1.6357131820493191,0.0,199.41661140182612,552.3340880267847,352.91747662495857,2584.5169975208773,36.10434621448816
DEU,wind,TUR,2014,2246.1887394604487,1314.3907807282733,883.6272871203925,931.7979587321754,-0.1004525561962087,2198.018067848666,1064.7200000000012,reported,2246.1887394604487,206.41676558382616,66.77797588443632,0.0,4.058454304549669,0.0,277.25319577281215,632.161323481725,354.9081277089129,2475.271263621478,43.857981416167284
DEU,wind,TUR,2015,2313.6027895208003,1247.4286743621828,868.5611113738222,1066.1741151586175,-0.1004525561962087,2115.989785736005,1064.7200000000012,reported,2313.6027895208003,257.65107579109065,52.21624951733558,0.0,2.642001494865756,0.0,312.509326803292,564.7472734213734,252.23794661808137,2428.499112539297,55.3361373327287
DEU,wind,TUR,2016,2332.5867473688395,1194.6434655762503,858.7805451375547,1137.9432817925892,-0.1004525561962087,2053.424010713805,1064.7200000000012,reported,2332.5867473688395,290.02464158836136,45.56056820057015,0.0,3.0073258516981674,0.0,338.5925356406297,545.7633155733342,207.17077993270453,2392.0165463544345,62.04017858637716
DEU,wind,TUR,2017,2105.3982588589097,1133.6162828795823,850.9510902432982,971.7819759793274,-0.1004525561962087,1984.5673731228803,1064.7200000000012,reported,2105.3982588589097,359.9533712405416,5.626551841520708,0.0,2.578068670763602,0.0,368.157991752826,772.951804083264,404.7938123304381,2352.7253648757064,47.63013551530144
DEU,wind,TUR,2018,2232.7157620349126,1075.9785001425323,843.7503257513348,1156.7372618923803,-0.1004525561962087,1919.728825893867,1064.7200000000012,reported,2232.7157620349126,332.768346041138,44.02637505957767,0.0,3.4520310050677616,0.0,380.2467521057834,645.6343009072611,265.38754880147775,2299.9755779996503,58.89506669200371
DEU,wind,TUR,2019,2003.9863465520727,1100.4192791342284,835.5888196430755,903.5670674178443,-0.1004525561962087,1936.008098777304,1064.7200000000012,reported,2003.9863465520727,413.56846013383233,-0.18776965976150528,0.0,3.0109653520909414,0.0,416.39165582616175,874.363716390101,457.97206056393924,2352.3997546034657,47.62224781527724
DEU,wind,TUR,2020,1585.462353574938,881.6404405499572,822.1502018756324,703.8219130249809,-0.1004525561962087,1703.7906424255898,1064.7200000000012,reported,1585.462353574938,470.4656184311035,-15.31249383864172,0.0,1.9334354007004242,0.0,457.0865599931622,1292.8877093672356,835.8011493740735,2160.877202418752,35.35392568755018
DEU,wind,TUR,2021,1455.22879287732,972.7986082901778,814.1986370517371,482.4301845871423,-0.1004525561962087,1786.997245341915,1064.7200000000012,reported,1455.22879287732,587.3179614926989,-66.59592266838587,0.0,1.2021829438123635,0.0,521.9242217681254,1423.1212700648537,901.1970482967282,2308.9214671100403,36.67461324250607
DEU,wind,TUR,2022,1757.8634063507664,765.752626776909,807.0574623967537,992.1107795738574,-0.1004525561962087,1572.8100891736626,1064.7200000000012,reported,1757.8634063507664,487.5885647905795,2.7988785505143743,0.0,1.4057994830502125,0.0,491.79324282414404,1120.4866565914074,628.6934137672633,2064.603331997807,43.89103965951819
DEU,wind,TUR,2023,1468.1518868815974,732.4352615603152,797.7033840494174,735.7166253212822,-0.1004525561962087,1530.1386456097325,1064.7200000000012,reported,1468.1518868815974,527.94358237614,-9.296346150154063,0.0,1.2331964185242599,0.0,519.8804326445102,1410.1981760605763,890.3177434160662,2050.0190782542427,36.865771171028534
DEU,wind,TUR,2024,1423.6985915002006,661.6007440343776,789.2089961088717,762.097847465823,-0.1004525561962087,1450.8097401432492,1064.7200000000012,reported,1423.6985915002006,522.1047863094859,8.602163508733037,0.0,1.1611369175025557,0.0,531.8680867357215,1454.6514714419732,922.7833847062517,1982.6778268789708,36.56326599033987
DEU,wind,USA,2010,2849.9272631611007,1834.5826020432987,1201.045314316833,1015.3446611178019,-0.2631501440880454,3035.6279163601316,5002.399999999994,reported,2849.9272631611007,0.0,0.0,0.0,0.0,0.0,0.0,0.0,0.0,3035.6279163601316,
DEU,wind,USA,2011,2822.2310585314794,1677.2506484631722,1140.5923559284465,1144.9804100683073,-0.2631501440880454,2817.8430043916187,5002.399999999994,reported,2822.2310585314794,8.324464734038315,-9.697554624636133,0.0,2.8724228212678615,0.0,1.4993329306700436,27.696204629621207,26.196871698951163,2819.3423373222886,5.413496003226741
DEU,wind,USA,2012,2583.03557060981,1454.3635358719682,1085.1132620891794,1128.6720347378416,-0.2631501440880454,2539.476797961148,5002.399999999994,reported,2583.03557060981,18.290461705024793,-15.779907159879834,0.0,4.7341137541007345,0.0,7.244668299245694,266.8916925512908,259.6470242520451,2546.7214662603938,2.71446002308724
DEU,wind,USA,2013,2390.00327947562,1316.2018677098654,1053.655355349254,1073.8014117657544,-0.2631501440880454,2369.8572230591194,5002.399999999994,reported,2390.00327947562,22.55200439848661,-15.825987762069525,0.0,5.883589378818812,0.0,12.609606015235896,459.92398368548083,447.31437767024494,2382.4668290743552,2.741671768058736
DEU,wind,USA,2014,2267.462988264707,1243.2188418769872,1012.0420476866141,1024.2441463877196,-0.2631501440880454,2255.2608895636013,5002.399999999994,reported,2267.462988264707,14.732544806754243,2.928199427096459,0.0,9.91840204352227,0.0,27.57914627737297,582.4642748963938,554.8851286190209,2282.8400358409745,4.734907781645257
DEU,wind,USA,2015,2168.6170033307826,1204.8355128499122,967.4601957877685,963.7814904808704,-0.2631501440880454,2172.295708637681,5002.399999999994,reported,2168.6170033307826,35.0607918930774,-13.489755455081161,0.0,10.646251195833198,0.0,32.21728763382944,681.310259830318,649.0929721964886,2204.5129962715105,4.728724860514097
DEU,wind,USA,2016,2216.7739436486186,991.0888474488465,939.180802332528,1225.685096199772,-0.2631501440880454,1930.2696497813745,5002.399999999994,reported,2216.7739436486186,12.117630584811126,10.493222103497674,0.0,11.264045472825046,0.0,33.87489816113384,633.1533195124821,599.2784213513482,1964.1445479425083,5.350188827441823
DEU,wind,USA,2017,2007.2700635353704,940.5869487566197,916.9154842765071,1066.6831147787507,-0.2631501440880454,1857.5024330331266,5002.399999999994,reported,2007.2700635353704,12.607552316538651,10.506778900150819,0.12849271501216503,11.706656508858833,0.0,34.94948044056047,842.6571996257303,807.7077191851698,1892.451913473687,4.147532407731569
DEU,wind,USA,2018,1957.1404259671533,1051.693966299303,896.7288076588887,905.4464596678504,-0.2631501440880454,1948.4227739581916,5002.399999999994,reported,1957.1404259671533,24.360549936017097,1.1021597532284984,0.0,8.996958867951047,0.0,34.45966855719664,892.7868371939473,858.3271686367507,1982.8824425153882,3.8597868070618393
DEU,wind,USA,2019,1849.7707511846468,981.9206422970823,874.1837376743579,867.8501088875645,-0.2631501440880454,1856.1043799714403,5002.399999999994,reported,1849.7707511846468,14.878123241125177,7.946404710942402,0.0,8.232463911197478,0.0,31.056991863265058,1000.1565119764539,969.0995201131889,1887.1613718347053,3.105213183273881
DEU,wind,USA,2020,1635.2645679290024,870.0210571608391,837.8313550698535,765.2435107681633,-0.2631501440880454,1707.8524122306926,5002.399999999994,reported,1635.2645679290024,121.34080239470062,-60.205590271058874,0.0,7.7901875345335885,0.0,68.92539965817534,1214.6626952320983,1145.737295573923,1776.777811888868,5.674447723530774
DEU,wind,USA,2021,1569.4893134730623,875.427769577397,816.7696955969468,694.0615438956653,-0.2631501440880454,1692.197465174344,5002.399999999994,reported,1569.4893134730623,101.50359260698043,-37.67415521219576,0.0,6.061789189020021,0.0,69.8912265838047,1280.4379496880383,1210.5467231042337,1762.0886917581486,5.4583845004619524
DEU,wind,USA,2022,1294.4512143826532,706.6567431686035,798.1363242398295,587.7944712140497,-0.2631501440880454,1504.793067408433,5002.399999999994,reported,1294.4512143826532,59.764179448680224,-17.06736900656856,0.0,6.640026352532745,0.0,49.33683679464441,1555.4760487784474,1506.139211983803,1554.1299042030773,3.171815910208956
DEU,wind,USA,2023,1536.630662300211,609.1213994514696,774.1297324913508,927.5092628487414,-0.2631501440880454,1383.2511319428204,5002.399999999994,reported,1536.630662300211,18.283857862793667,10.096492017417852,0.0,6.041048818542466,0.0,34.42139869875398,1313.2966008608896,1278.8752021621356,1417.6725306415744,2.620991988876704
DEU,wind,USA,2024,1567.812822807036,771.5252250751016,752.7208506166098,796.2875977319343,-0.2631501440880454,1524.2460756917114,5002.399999999994,reported,1567.812822807036,23.233310868588468,5.056281125811373,0.0,4.107304191183756,0.0,32.3968961855836,1282.1144403540648,1249.7175441684813,1556.642971877295,2.5268334218774555
