technology,iso3,country_name,year,cost_scope,tic,procurement_cost,other_cost,eligible,exclusion_reason,Q_global_gw,lnQ,lnB,procurement_pretax,procurement_duties,procurement_policy_rent,old_equipment_share,old_equipment_cost,old_proportional_balance,old_calibration,balance_change_vs_old,implied_procurement_share,other_price_proxy_quantity_share,supplier_count,tic_source_sheet,tic_source_cell,same_capacity_basis_assumption
pv,AUS,Australia,2010,非组件成本余额,8226.006707647639,2666.0875364702156,5559.919171177424,True,,39.73239,3.682166724070565,8.62333884958094,2666.0875364702156,0.0,0.0,0.2657343530048061,2185.93257026994,6040.074137377698,0.8199027752719692,-480.15496620027443,0.3241047121918318,0.2961365920801675,52,Figure 3.3,C5,USD/kW numerical units aligned; source-native PV capacity basis and equipment delivery scope not fully harmonized
pv,AUS,Australia,2011,非组件成本余额,8070.627916404932,1951.783026049387,6118.844890355545,True,,70.26885,4.252328599622632,8.719128614286136,1951.783026049387,0.0,0.0,0.2657343530048061,2144.643087708391,5925.984828696541,1.098812244539993,192.8600616590047,0.24183781562795803,0.28777619709800234,55,Figure 3.3,D5,USD/kW numerical units aligned; source-native PV capacity basis and equipment delivery scope not fully harmonized
pv,AUS,Australia,2012,非组件成本余额,5845.8413892502,1192.4342491942643,4653.407140055936,True,,99.31435,4.598290072191402,8.445354948566008,1192.4342491942643,0.0,0.0,0.2657343530048061,1553.4408793411187,4292.400509909082,1.3027476193264216,361.00663014685415,0.20397991833767634,0.24860062673527542,50,Figure 3.3,E5,USD/kW numerical units aligned; source-native PV capacity basis and equipment delivery scope not fully harmonized
pv,AUS,Australia,2013,非组件成本余额,3431.1490001785755,860.2898660049292,2570.8591341736465,True,,134.44763,4.90117475518874,7.85199541547844,860.2898660049292,0.0,0.0,0.2657343530048057,911.7741596255396,2519.374840553036,1.0598452866354162,51.484293620610515,0.25072938131225286,0.21928880601467846,47,Figure 3.3,F5,USD/kW numerical units aligned; source-native PV capacity basis and equipment delivery scope not fully harmonized
pv,AUS,Australia,2014,非组件成本余额,3581.3283583559555,857.4327133734367,2723.8956449825187,True,,172.65223999999998,5.151279397977148,7.909818357057793,857.4327133734367,0.0,0.0,0.2657343530048057,951.6819742054828,2629.646384150473,1.1099202997063582,94.24926083204582,0.23941750869419015,0.3159886152681844,52,Figure 3.3,G5,USD/kW numerical units aligned; source-native PV capacity basis and equipment delivery scope not fully harmonized
pv,AUS,Australia,2015,非组件成本余额,2663.0217981108967,724.9704361883221,1938.0513619225746,True,,219.86211,5.39300057712095,7.5694382946395535,724.9704361883221,0.0,0.0,0.2657343530048057,707.6563745586934,1955.3654235522035,0.9761175618130556,-17.314061629628895,0.27223601275160575,0.29659435091542635,55,Figure 3.3,H5,USD/kW numerical units aligned; source-native PV capacity basis and equipment delivery scope not fully harmonized
pv,AUS,Australia,2016,非组件成本余额,2292.9292994915004,567.7810367104769,1725.1482627810235,True,,291.30835,5.674382328161501,7.453068275210294,567.7810367104769,0.0,0.0,0.2850064717378388,653.4996895923867,1639.4296098991135,1.1509713205261876,85.71865288190997,0.2476225659624101,0.2374903219615565,60,Figure 3.3,I5,USD/kW numerical units aligned; source-native PV capacity basis and equipment delivery scope not fully harmonized
pv,AUS,Australia,2017,非组件成本余额,2346.42868245442,507.80294671927663,1838.6257357351435,True,,384.35013,5.951553934028465,7.516773688794512,507.80294671927663,0.0,0.0,0.2657343530048061,623.5267078039449,1722.9019746504753,1.2278910782860055,115.72376108466824,0.21641524863568523,0.3076255654335866,59,Figure 3.3,J5,USD/kW numerical units aligned; source-native PV capacity basis and equipment delivery scope not fully harmonized
pv,AUS,Australia,2018,非组件成本余额,1809.828003777512,438.89349130200463,1370.9345124755075,True,,478.49221,6.17063993071869,7.2232479121745765,438.89349130200463,0.0,0.0,0.2177232384704535,394.04161405695606,1415.786389720556,0.8978069209639142,-44.8518772450484,0.24250563610792664,0.23072617800256306,56,Figure 3.3,K5,USD/kW numerical units aligned; source-native PV capacity basis and equipment delivery scope not fully harmonized
pv,AUS,Australia,2019,非组件成本余额,1489.0921446638883,336.03708271247785,1153.0550619514106,True,,580.10487,6.363208897541072,7.050170274507307,336.03708271247785,0.0,0.0,0.2419668939779636,360.3110010913055,1128.7811435725828,1.0722358323756678,24.27391837882783,0.2256657413153749,0.1829492323169531,58,Figure 3.3,L5,USD/kW numerical units aligned; source-native PV capacity basis and equipment delivery scope not fully harmonized
pv,AUS,Australia,2020,非组件成本余额,1248.0457552893834,303.05931400195107,944.9864412874323,True,,710.6335,6.566156825734936,6.8511705795468245,303.05931400195107,0.0,0.0,0.2650322336825456,330.77235426236496,917.2734010270184,1.0914442783310558,27.71304026041389,0.2428270860403519,0.18193191751949453,51,Figure 3.3,M5,USD/kW numerical units aligned; source-native PV capacity basis and equipment delivery scope not fully harmonized
pv,AUS,Australia,2021,非组件成本余额,1162.0471230412904,371.1039026661066,790.9432203751838,True,,854.92824,6.751017535589894,6.673226183111783,371.1039026661066,0.0,0.0,0.3542550834026737,411.66110049082937,750.3860225504611,1.1092879852067006,40.55719782472272,0.31935357465957115,0.21027970527080284,54,Figure 3.3,N5,USD/kW numerical units aligned; source-native PV capacity basis and equipment delivery scope not fully harmonized
pv,AUS,Australia,2022,非组件成本余额,979.5214615557928,353.86640981108286,625.6550517447099,True,,1045.85862,6.952593472965691,6.438799183672632,353.86640981108286,0.0,0.0,0.3711805654061427,363.5793299277304,615.9421316280624,1.027447985588213,9.712920116647524,0.3612645804095298,0.21330702999960457,34,Figure 3.3,O5,USD/kW numerical units aligned; source-native PV capacity basis and equipment delivery scope not fully harmonized
pv,AUS,Australia,2023,非组件成本余额,1012.2454310798984,224.51838178014498,787.7270492997534,True,,1408.5874199999998,7.2503426514181,6.669151645715668,224.51838178014498,0.0,0.0,0.3145434673186922,318.3951876693755,693.8502434105228,1.4181252561367437,93.87680588923058,0.22180231679645224,0.17403064745414662,34,Figure 3.3,P5,USD/kW numerical units aligned; source-native PV capacity basis and equipment delivery scope not fully harmonized
pv,AUS,Australia,2024,非组件成本余额,943.9690385525072,129.51154301459246,814.4574955379147,True,,1864.01976,7.530490596047716,6.702522241951043,129.51154301459246,0.0,0.0,0.3120250671229604,294.5420026163425,649.4270359361647,2.274252902562942,165.03045960175007,0.13719893102975805,0.13977031436899906,36,Figure 3.3,Q5,USD/kW numerical units aligned; source-native PV capacity basis and equipment delivery scope not fully harmonized
pv,BRA,Brazil,2011,非组件成本余额,7522.515553575554,2145.844033503492,5376.671520072062,True,,70.26885,4.252328599622632,8.58982478512998,2115.869220388756,29.97481311473643,0.0,0.264221717177781,1987.6119770622984,5534.903576513256,0.926261156929074,-158.2320564411939,0.28525617770023,0.46975246294866935,63,Figure 3.3,D6,USD/kW numerical units aligned; source-native PV capacity basis and equipment delivery scope not fully harmonized
pv,BRA,Brazil,2013,非组件成本余额,5117.282639309783,1076.9540102485773,4040.328629061206,True,,134.44763,4.90117475518874,8.304081311473997,1067.1716039847315,9.782406263846093,0.0,0.264221717177781,1352.097206242478,3765.185433067305,1.2554827721291375,275.1431959939009,0.21045427547340564,0.4563962169166918,63,Figure 3.3,F6,USD/kW numerical units aligned; source-native PV capacity basis and equipment delivery scope not fully harmonized
pv,BRA,Brazil,2014,非组件成本余额,6068.722799156141,1009.59774214922,5059.125057006921,True,,172.65223999999998,5.151279397977148,8.52894883369523,995.4948981542752,14.102843994944742,0.0,0.264221717177781,1603.4883590689851,4465.234440087156,1.5882447950561915,593.8906169197653,0.1663608267442377,0.4760152311757019,65,Figure 3.3,G6,USD/kW numerical units aligned; source-native PV capacity basis and equipment delivery scope not fully harmonized
pv,BRA,Brazil,2015,非组件成本余额,2497.658976411624,821.9244308268553,1675.7345455847685,True,,219.86211,5.39300057712095,7.424006882808412,810.4431531459948,11.481277680860398,0.0,0.264221717177781,659.935743671978,1837.723232739646,0.8029153519722999,-161.98868715487743,0.3290779240037448,0.398183490359981,57,Figure 3.3,H6,USD/kW numerical units aligned; source-native PV capacity basis and equipment delivery scope not fully harmonized
pv,BRA,Brazil,2016,非组件成本余额,2460.5928028234507,568.3766487495775,1892.2161540738732,True,,291.30835,5.674382328161501,7.545503989425464,560.437123062227,7.939525687350497,0.0,0.264221717177781,650.1420556373012,1810.4507471861496,1.143857787028383,81.76540688772366,0.23099175454686516,0.21339144269621044,59,Figure 3.3,I6,USD/kW numerical units aligned; source-native PV capacity basis and equipment delivery scope not fully harmonized
pv,BRA,Brazil,2017,非组件成本余额,1975.0868857598143,482.7824373512031,1492.3044484086113,True,,384.35013,5.951553934028465,7.308076813840714,476.0385579691344,6.743879382068664,0.0,0.264221717177781,521.8608485307739,1453.2260372290405,1.0809441441034486,39.07841117957082,0.24443605029835286,0.21252187283538443,58,Figure 3.3,J6,USD/kW numerical units aligned; source-native PV capacity basis and equipment delivery scope not fully harmonized
pv,BRA,Brazil,2018,非组件成本余额,1809.6190475909184,434.6277856666826,1374.991261924236,True,,478.49221,6.17063993071869,7.226202655116286,428.5565677932381,6.07121787344445,0.0,0.264221717177781,478.140652192093,1331.4783953988251,1.100115243342449,43.5128665254108,0.24017639858802722,0.19561524998464097,57,Figure 3.3,K6,USD/kW numerical units aligned; source-native PV capacity basis and equipment delivery scope not fully harmonized
pv,BRA,Brazil,2019,非组件成本余额,1495.162848478625,339.155642352797,1156.007206125828,True,,580.10487,6.363208897541072,7.052727282885755,328.2151372559159,10.940505096881106,0.0,0.25114726858044,375.50606547835696,1119.656783000268,1.1071791784839218,36.35042312555993,0.226835252559879,0.16327324914051305,57,Figure 3.3,L6,USD/kW numerical units aligned; source-native PV capacity basis and equipment delivery scope not fully harmonized
pv,BRA,Brazil,2020,非组件成本余额,1298.4074341474254,304.6098542145938,993.7975799328317,True,,710.6335,6.566156825734936,6.9015335440000625,294.783729431659,9.82612478293475,0.0,0.2026508622096256,263.1233860293635,1035.284048118062,0.8638045762104468,-41.48646818523025,0.2346026726307294,0.1651376622764783,56,Figure 3.3,M6,USD/kW numerical units aligned; source-native PV capacity basis and equipment delivery scope not fully harmonized
pv,BRA,Brazil,2021,非组件成本余额,915.5422974243716,376.47712352604833,539.0651738983232,True,,854.92824,6.751017535589894,6.289836479922627,364.3326996260875,12.144423899960813,0.0,0.3326752663705024,304.5782776691145,610.964019755257,0.8090220059494282,-71.8988458569338,0.4112066963865722,0.17674988867494193,56,Figure 3.3,N6,USD/kW numerical units aligned; source-native PV capacity basis and equipment delivery scope not fully harmonized
pv,BRA,Brazil,2022,非组件成本余额,779.5200740754375,359.8520544618939,419.6680196135436,True,,1045.85862,6.952593472965691,6.039463969231749,348.2439231371372,11.608131324756714,0.0,0.2633205879207032,205.2636842015343,574.2563898739032,0.5704113166964574,-154.58837026035962,0.46163282566995123,0.17999499935169894,19,Figure 3.3,O6,USD/kW numerical units aligned; source-native PV capacity basis and equipment delivery scope not fully harmonized
pv,BRA,Brazil,2023,非组件成本余额,744.352528682658,228.57890185696593,515.7736268256921,True,,1408.5874199999998,7.2503426514181,6.245667961519037,221.20538855358336,7.373513303382609,0.0,0.2604575663295391,193.87224811192357,550.4802805707344,0.8481633542593522,-34.70665374504233,0.30708420143544196,0.15471922449278466,19,Figure 3.3,P6,USD/kW numerical units aligned; source-native PV capacity basis and equipment delivery scope not fully harmonized
pv,BRA,Brazil,2024,非组件成本余额,724.4366073748986,131.86173695884258,592.574870416056,True,,1864.01976,7.530490596047716,6.384477228597485,127.60813234453059,4.2536046143120165,0.0,0.2731851683219029,197.90533652426,526.5312708506386,1.500854918861195,66.04359956541737,0.18201970416247015,0.12722898426583304,22,Figure 3.3,Q6,USD/kW numerical units aligned; source-native PV capacity basis and equipment delivery scope not fully harmonized
pv,CHN,China,2010,非组件成本余额,4291.432902265811,2270.6250354815543,2020.807866784257,True,,39.73239,3.682166724070565,7.611252644494557,2270.6250354815543,0.0,0.0,0.5502007019584122,2361.149395234076,1930.283507031736,1.0398675951942558,90.52435975252092,0.5291064982707055,0.0,1,Figure 3.3,C7,USD/kW numerical units aligned; source-native PV capacity basis and equipment delivery scope not fully harmonized
pv,CHN,China,2011,非组件成本余额,4031.162378781085,1732.0867985017794,2299.0755802793055,True,,70.26885,4.252328599622632,7.740262399507405,1732.0867985017794,0.0,0.0,0.4116029724496321,1659.2384175334244,2371.9239612476604,0.957941841580129,-72.84838096835483,0.42967428144770387,0.0,1,Figure 3.3,D7,USD/kW numerical units aligned; source-native PV capacity basis and equipment delivery scope not fully harmonized
pv,CHN,China,2012,非组件成本余额,3275.3966683631643,1009.547984993162,2265.848683370002,True,,99.31435,4.598290072191402,7.725704662381219,1009.547984993162,0.0,0.0,0.2545730014349626,833.8275607552875,2441.5691076078765,0.8259414838621417,-175.72042423787434,0.3082215948817186,0.0,1,Figure 3.3,E7,USD/kW numerical units aligned; source-native PV capacity basis and equipment delivery scope not fully harmonized
pv,CHN,China,2013,非组件成本余额,2520.8503416008384,717.5643894655738,1803.2859521352648,True,,134.44763,4.90117475518874,7.497365808595413,717.5643894655738,0.0,0.0,0.2971435819478989,749.0545000578577,1771.7958415429807,1.0438847176010742,31.490110592284054,0.28465172153373147,0.0,1,Figure 3.3,F7,USD/kW numerical units aligned; source-native PV capacity basis and equipment delivery scope not fully harmonized
pv,CHN,China,2014,非组件成本余额,2100.065022292831,693.0711175800188,1406.9939047128123,True,,172.65223999999998,5.151279397977148,7.249210724989022,693.0711175800188,0.0,0.0,0.3328576020226201,699.022607411972,1401.0424148808593,1.008587127180734,5.95148983195304,0.33002364699323944,0.0,1,Figure 3.3,G7,USD/kW numerical units aligned; source-native PV capacity basis and equipment delivery scope not fully harmonized
pv,CHN,China,2015,非组件成本余额,1622.5553814943787,590.1313696901666,1032.4240118042121,True,,219.86211,5.39300057712095,6.939664725811313,590.1313696901666,0.0,0.0,0.3881711375637355,629.8291681948339,992.7262132995448,1.0672694260017217,39.697798504667276,0.36370491659067666,0.0,1,Figure 3.3,H7,USD/kW numerical units aligned; source-native PV capacity basis and equipment delivery scope not fully harmonized
pv,CHN,China,2016,非组件成本余额,1468.7692152533812,468.76741419462576,1000.0018010587554,True,,291.30835,5.674382328161501,6.9077570800392705,468.76741419462576,0.0,0.0,0.3550504550815921,521.487178285546,947.2820369678352,1.1124646519671089,52.719764090920194,0.3191566172046692,0.0,1,Figure 3.3,I7,USD/kW numerical units aligned; source-native PV capacity basis and equipment delivery scope not fully harmonized
pv,CHN,China,2017,非组件成本余额,1377.8666056804332,401.40400633342114,976.462599347012,True,,384.35013,5.951553934028465,6.883936448863336,401.40400633342114,0.0,0.0,0.2941798069355446,405.34053204200393,972.5260736384292,1.0098068919255203,3.936525708582735,0.2913228353735995,0.0,1,Figure 3.3,J7,USD/kW numerical units aligned; source-native PV capacity basis and equipment delivery scope not fully harmonized
pv,CHN,China,2018,非组件成本余额,1047.2659983319315,367.78615155784,679.4798467740916,True,,478.49221,6.17063993071869,6.521327574246422,367.78615155784,0.0,0.0,0.3265214238564544,341.9547849317935,705.3112134001381,0.9297652548454256,-25.831366626046474,0.3511869497755526,0.0,1,Figure 3.3,K7,USD/kW numerical units aligned; source-native PV capacity basis and equipment delivery scope not fully harmonized
pv,CHN,China,2019,非组件成本余额,946.188254693266,282.48497461032827,663.7032800829377,True,,580.10487,6.363208897541072,6.497835182256494,282.48497461032827,0.0,0.0,0.3154145899980835,298.4415804150787,647.7466742781874,1.056486564734148,15.956605804750325,0.29855049796819116,0.0,1,Figure 3.3,L7,USD/kW numerical units aligned; source-native PV capacity basis and equipment delivery scope not fully harmonized
pv,CHN,China,2020,非组件成本余额,765.8158251007976,253.59096118664755,512.2248639141501,True,,710.6335,6.566156825734936,6.238763715957304,253.59096118664755,0.0,0.0,0.3601210881449155,275.7864282538955,490.0293968469021,1.0875246773914458,22.19546706724799,0.3311383140368895,0.0,1,Figure 3.3,M7,USD/kW numerical units aligned; source-native PV capacity basis and equipment delivery scope not fully harmonized
pv,CHN,China,2021,非组件成本余额,713.51431624731,327.2604837903864,386.25383245692365,True,,854.92824,6.751017535589894,5.956494750381303,327.2604837903864,0.0,0.0,0.4854899854051701,346.40405498128644,367.1102612660236,1.0584964336945786,19.143571190900047,0.45866001051190564,0.0,1,Figure 3.3,N7,USD/kW numerical units aligned; source-native PV capacity basis and equipment delivery scope not fully harmonized
pv,CHN,China,2022,非组件成本余额,759.3280240727838,315.87717213559927,443.45085193718455,True,,1045.85862,6.952593472965691,6.094586976977871,315.87717213559927,0.0,0.0,0.3984851298033768,302.58092623598486,456.74709783679896,0.957906911063815,-13.296245899614405,0.4159956726492706,0.0,1,Figure 3.3,O7,USD/kW numerical units aligned; source-native PV capacity basis and equipment delivery scope not fully harmonized
pv,CHN,China,2023,非组件成本余额,687.158676448271,195.68035971721693,491.47831673105406,True,,1408.5874199999998,7.2503426514181,6.197417822095349,195.68035971721693,0.0,0.0,0.3112730802839357,213.8939978618856,473.2646785863853,1.093078519331167,18.213638144668778,0.28476735639668177,0.0,1,Figure 3.3,P7,USD/kW numerical units aligned; source-native PV capacity basis and equipment delivery scope not fully harmonized
pv,CHN,China,2024,非组件成本余额,590.5861539927796,109.4301787373887,481.1559752553909,True,,1864.01976,7.530490596047716,6.176191490420905,109.4301787373887,0.0,0.0,0.1647152020124611,97.27851766068316,493.3076363320964,0.8889551199046546,-12.151661076705523,0.18529079626666387,0.0,1,Figure 3.3,Q7,USD/kW numerical units aligned; source-native PV capacity basis and equipment delivery scope not fully harmonized
pv,DEU,Germany,2010,非组件成本余额,4412.429498946073,2627.848413445465,1784.581085500608,True,,39.73239,3.682166724070565,7.486938980676615,2627.848413445465,0.0,0.0,0.4074399684905556,1797.800136017386,2614.6293629286874,0.6841338818551645,-830.0482774280795,0.5955558981901325,0.23866197216595242,71,Figure 3.3,C9,USD/kW numerical units aligned; source-native PV capacity basis and equipment delivery scope not fully harmonized
pv,DEU,Germany,2011,非组件成本余额,3509.4585583491103,2010.878264542421,1498.5802938066893,True,,70.26885,4.252328599622632,7.312273468108458,2010.878264542421,0.0,0.0,0.4074399684905554,1429.8936844326715,2079.564873916439,0.7110791884550224,-580.9845801097497,0.5729881778368573,0.2325918795967423,62,Figure 3.3,D9,USD/kW numerical units aligned; source-native PV capacity basis and equipment delivery scope not fully harmonized
pv,DEU,Germany,2012,非组件成本余额,2788.468001908775,1256.0313677696013,1532.4366341391737,True,,99.31435,4.598290072191402,7.334614318922347,1256.0313677696013,0.0,0.0,0.4074399684905546,1136.133314834631,1652.334687074144,0.9045421507681908,-119.89805293497034,0.45043779125663874,0.1970803085664878,72,Figure 3.3,E9,USD/kW numerical units aligned; source-native PV capacity basis and equipment delivery scope not fully harmonized
pv,DEU,Germany,2013,非组件成本余额,2385.8489941203084,1013.182167446418,1372.6668266738902,True,,134.44763,4.90117475518874,7.224510715486319,975.1750699606641,20.959534403335127,17.047563082418787,0.4074399684905549,972.0902389876006,1413.7587551327078,0.9594427046003128,-41.09192845881762,0.4246631576194916,0.24573295930494668,84,Figure 3.3,F9,USD/kW numerical units aligned; source-native PV capacity basis and equipment delivery scope not fully harmonized
pv,DEU,Germany,2014,非组件成本余额,1905.6109817322056,1083.4459548018406,822.165026930365,True,,172.65223999999998,5.151279397977148,6.711941137595057,1040.5802125037483,17.7731818684667,25.092560429625642,0.4074399684905543,776.422078352224,1129.1889033799816,0.7166228042212112,-307.02387644961664,0.5685556838137998,0.44228149520321686,83,Figure 3.3,G9,USD/kW numerical units aligned; source-native PV capacity basis and equipment delivery scope not fully harmonized
pv,DEU,Germany,2015,非组件成本余额,1524.0657237487353,953.8836222345814,570.1821015141539,True,,219.86211,5.39300057712095,6.345955786147517,927.0006080023626,12.149781171515821,14.73323306070291,0.407439968490554,620.9652904617182,903.1004332870172,0.6509864264227901,-332.9183317728632,0.6258808969788517,0.49794598558389036,78,Figure 3.3,H9,USD/kW numerical units aligned; source-native PV capacity basis and equipment delivery scope not fully harmonized
pv,DEU,Germany,2016,非组件成本余额,1383.628851008505,804.9002929966426,578.7285580118624,True,,291.30835,5.674382328161501,6.360833555922522,754.1783983119238,11.223751304151996,39.49814338056679,0.4628623458767413,640.4296958005368,743.1991552079683,0.7956633900780636,-164.4705971961058,0.5817313598295986,0.44565680917927303,73,Figure 3.3,I9,USD/kW numerical units aligned; source-native PV capacity basis and equipment delivery scope not fully harmonized
pv,DEU,Germany,2017,非组件成本余额,1326.5973101999584,711.6537367109745,614.9435734889839,True,,384.35013,5.951553934028465,6.421530513172774,657.624513866391,17.01362036500717,37.01560247957637,0.4074399684905547,540.5087662675256,786.0885439324328,0.7595108946741085,-171.14497044344887,0.5364504595623721,0.47017424125015606,71,Figure 3.3,J9,USD/kW numerical units aligned; source-native PV capacity basis and equipment delivery scope not fully harmonized
pv,DEU,Germany,2018,非组件成本余额,1325.5787006452413,616.0057544065205,709.5729462387208,True,,478.49221,6.17063993071869,6.564663304900373,590.9013967100911,25.104357696429336,0.0,0.443556249423685,587.9687167741249,737.6099838711164,0.95448575369331,-28.037037632395595,0.464707040107594,0.43159777896020796,75,Figure 3.3,K9,USD/kW numerical units aligned; source-native PV capacity basis and equipment delivery scope not fully harmonized
pv,DEU,Germany,2019,非组件成本余额,1070.350382721752,423.1180966761029,647.2322860456493,True,,580.10487,6.363208897541072,6.472705250231874,423.1180966761029,0.0,0.0,0.4297547119455742,459.98812040742166,610.3622623143305,1.0871388485176086,36.87002373131884,0.3953080257701898,0.24160931934155416,82,Figure 3.3,L9,USD/kW numerical units aligned; source-native PV capacity basis and equipment delivery scope not fully harmonized
pv,DEU,Germany,2020,非组件成本余额,823.3332704010522,365.0103114181135,458.32295898293876,True,,710.6335,6.566156825734936,6.127574086230072,365.0103114181135,0.0,0.0,0.3444201752204915,283.5725892563907,539.7606811446615,0.7768892559628602,-81.43772216172272,0.4433323959328329,0.18451981087371624,74,Figure 3.3,M9,USD/kW numerical units aligned; source-native PV capacity basis and equipment delivery scope not fully harmonized
pv,DEU,Germany,2021,非组件成本余额,787.7903462895194,428.96000488799183,358.8303414015276,True,,854.92824,6.751017535589894,5.8828496901587535,428.96000488799183,0.0,0.0,0.4987458118722619,392.9071358452968,394.8832104442227,0.9159528426149894,-36.05286904269508,0.5445103597783179,0.18272875987735684,73,Figure 3.3,N9,USD/kW numerical units aligned; source-native PV capacity basis and equipment delivery scope not fully harmonized
pv,DEU,Germany,2022,非组件成本余额,1057.341173676759,374.06262760044416,683.2785460763148,True,,1045.85862,6.952593472965691,6.526902603776353,374.06262760044416,0.0,0.0,0.2966214262639975,313.6300469836493,743.7111266931096,0.8384426131943168,-60.43258061679478,0.35377665876728576,0.07518839192006034,51,Figure 3.3,O9,USD/kW numerical units aligned; source-native PV capacity basis and equipment delivery scope not fully harmonized
pv,DEU,Germany,2023,非组件成本余额,748.2274007844397,239.97871734341118,508.24868344102856,True,,1408.5874199999998,7.2503426514181,6.230970862128374,239.97871734341118,0.0,0.0,0.3806707579521633,284.82829177718975,463.39910900725,1.186889799771694,44.84957443377857,0.3207296566415746,0.06979860381372818,54,Figure 3.3,P9,USD/kW numerical units aligned; source-native PV capacity basis and equipment delivery scope not fully harmonized
pv,DEU,Germany,2024,非组件成本余额,592.9665484018221,139.3238184896545,453.6427299121676,True,,1864.01976,7.530490596047716,6.1173099497232375,139.3238184896545,0.0,0.0,0.3453833392980639,204.8007665790684,388.1657818227537,1.4699623423993031,65.47694808941395,0.2349606716688546,0.057672015335598556,55,Figure 3.3,Q9,USD/kW numerical units aligned; source-native PV capacity basis and equipment delivery scope not fully harmonized
pv,ESP,Spain,2010,非组件成本余额,5563.901030792681,2790.4267182965964,2773.4743124960846,True,,39.73239,3.682166724070565,7.9278560776878715,2790.4267182965964,0.0,0.0,0.4150361822787431,2309.220242396958,3254.680788395723,0.827550935939506,-481.20647589963846,0.5015234280504534,0.5690435011395107,69,Figure 3.3,C17,USD/kW numerical units aligned; source-native PV capacity basis and equipment delivery scope not fully harmonized
pv,ESP,Spain,2011,非组件成本余额,3886.646798518194,2101.053419464471,1785.5933790537229,True,,70.26885,4.252328599622632,7.4875060642128926,2101.053419464471,0.0,0.0,0.4150361822787436,1613.0990491228924,2273.5477493953013,0.7677572755546814,-487.9543703415784,0.5405825454130562,0.535810700444626,66,Figure 3.3,D17,USD/kW numerical units aligned; source-native PV capacity basis and equipment delivery scope not fully harmonized
pv,ESP,Spain,2012,非组件成本余额,3201.469600696212,1325.3592285047669,1876.1103721914453,True,,99.31435,4.598290072191402,7.53695596162628,1325.3592285047669,0.0,0.0,0.4150361822787436,1328.7257207544096,1872.7438799418023,1.002540060217061,3.366492249642988,0.41398463637341604,0.38832235390259384,61,Figure 3.3,E17,USD/kW numerical units aligned; source-native PV capacity basis and equipment delivery scope not fully harmonized
pv,ESP,Spain,2013,非组件成本余额,2750.859347123692,1081.6661395939673,1669.1932075297245,True,,134.44763,4.90117475518874,7.420095679412284,1051.1611840937671,16.822375466011398,13.682580034188655,0.4150361822787436,1141.7061614160143,1609.1531857076775,1.055506980966033,60.04002182204704,0.3932102674478654,0.4221822447674614,64,Figure 3.3,F17,USD/kW numerical units aligned; source-native PV capacity basis and equipment delivery scope not fully harmonized
pv,ESP,Spain,2014,非组件成本余额,2758.289754469833,1106.9768064771708,1651.3129479926622,True,,172.65223999999998,5.151279397977148,7.4093259765286525,1067.8577469089682,16.219715860606684,22.899343707595914,0.4150361822787438,1144.790049313733,1613.4997051561,1.0341590199679938,37.81324283656227,0.40132723717053476,0.5792034754999025,63,Figure 3.3,G17,USD/kW numerical units aligned; source-native PV capacity basis and equipment delivery scope not fully harmonized
pv,ESP,Spain,2015,非组件成本余额,1422.8034809078426,956.8978133331377,465.9056675747049,True,,219.86211,5.39300057712095,6.143983183536709,925.718388112223,14.091544579615775,17.087880641298977,0.4150361822787441,590.514924848899,832.2885560589436,0.6171138826119503,-366.3828884842387,0.6725439079770691,0.46599623137616275,63,Figure 3.3,H17,USD/kW numerical units aligned; source-native PV capacity basis and equipment delivery scope not fully harmonized
pv,ESP,Spain,2019,非组件成本余额,912.6338153971122,381.7011014197688,530.9327139773434,True,,580.10487,6.363208897541072,6.274635297539277,381.7011014197688,0.0,0.0,0.3928473888175437,358.5258113253478,554.1080040717645,0.9392841938149528,-23.175290094421143,0.4182412430703985,0.2605924534596919,63,Figure 3.3,L17,USD/kW numerical units aligned; source-native PV capacity basis and equipment delivery scope not fully harmonized
pv,ESP,Spain,2020,非组件成本余额,897.0841215721103,328.8577249609751,568.2263966111352,True,,710.6335,6.566156825734936,6.342519924890004,328.8577249609751,0.0,0.0,0.3386403627812441,303.7888923744731,593.2952291976372,0.9237699750265024,-25.068832586502026,0.36658515857427365,0.26243389591866856,61,Figure 3.3,M17,USD/kW numerical units aligned; source-native PV capacity basis and equipment delivery scope not fully harmonized
pv,ESP,Spain,2021,非组件成本余额,926.730225640223,396.92485626500866,529.8053693752144,True,,854.92824,6.751017535589894,6.272509711507667,396.92485626500866,0.0,0.0,0.386246214222587,357.94604125917994,568.7841843810431,0.9017979993175208,-38.97881500582878,0.42830679876745875,0.2839138003986937,75,Figure 3.3,N17,USD/kW numerical units aligned; source-native PV capacity basis and equipment delivery scope not fully harmonized
pv,ESP,Spain,2022,非组件成本余额,826.2275993024847,357.1843491678411,469.0432501346436,True,,1045.85862,6.952593472965691,6.150694981965577,357.1843491678411,0.0,0.0,0.3689548599437761,304.8406881823306,521.3869111201541,0.8534547745234086,-52.343660985510496,0.43230745313928287,0.21590532206015725,42,Figure 3.3,O17,USD/kW numerical units aligned; source-native PV capacity basis and equipment delivery scope not fully harmonized
pv,ESP,Spain,2023,非组件成本余额,686.7911105133509,239.67897687838865,447.1121336349622,True,,1408.5874199999998,7.2503426514181,6.102809421397664,239.67897687838865,0.0,0.0,0.3271669753690326,224.69537033699203,462.0957401763589,0.9374846858220716,-14.983606541396682,0.34898380775376886,0.23751206836084976,42,Figure 3.3,P17,USD/kW numerical units aligned; source-native PV capacity basis and equipment delivery scope not fully harmonized
pv,ESP,Spain,2024,非组件成本余额,822.1244412681233,145.3946223054095,676.7298189627138,True,,1864.01976,7.530490596047716,6.517272107529214,145.3946223054095,0.0,0.0,0.347727399579527,285.87519409293606,536.2492471751873,1.966201978863006,140.48057178752651,0.1768523291694612,0.23267368499745744,47,Figure 3.3,Q17,USD/kW numerical units aligned; source-native PV capacity basis and equipment delivery scope not fully harmonized
pv,FRA,France,2010,非组件成本余额,6514.65732422562,2808.8170920897546,3705.8402321358653,True,,39.73239,3.682166724070565,8.21766529532127,2808.8170920897546,0.0,0.0,0.4226323960669311,2753.305234492456,3761.352089733164,0.9802365708491172,-55.511857597298786,0.43115346706645563,0.4825605496688588,59,Figure 3.3,C8,USD/kW numerical units aligned; source-native PV capacity basis and equipment delivery scope not fully harmonized
pv,FRA,France,2011,非组件成本余额,6650.285260692152,2105.924198427859,4544.361062264294,True,,70.26885,4.252328599622632,8.421642416369343,2105.924198427859,0.0,0.0,0.4226323960669312,2810.6259942549204,3839.659266437232,1.334628281660441,704.7017958270617,0.316666746744737,0.4708097881024561,79,Figure 3.3,D8,USD/kW numerical units aligned; source-native PV capacity basis and equipment delivery scope not fully harmonized
pv,FRA,France,2012,非组件成本余额,5890.383037251002,1406.7403953183737,4483.642641932628,True,,99.31435,4.598290072191402,8.408191084747765,1406.7403953183737,0.0,0.0,0.4226323960669312,2489.4666967853987,3400.9163404656038,1.7696702995594125,1082.7263014670243,0.23881985032587777,0.41928178250768694,84,Figure 3.3,E8,USD/kW numerical units aligned; source-native PV capacity basis and equipment delivery scope not fully harmonized
pv,FRA,France,2013,非组件成本余额,3864.823013780442,1117.4038156215254,2747.4191981589165,True,,134.44763,4.90117475518874,7.918417276621993,1094.43295796545,12.667594032853668,10.303263623221612,0.4226323960669313,1633.3994106886469,2231.4236030917955,1.4617807706161352,515.995595067121,0.28912160055901703,0.4165450418135302,74,Figure 3.3,F8,USD/kW numerical units aligned; source-native PV capacity basis and equipment delivery scope not fully harmonized
pv,FRA,France,2014,非组件成本余额,2821.354842892848,1106.0311541073695,1715.3236887854785,True,,172.65223999999998,5.151279397977148,7.447357081607527,1073.3412705998676,13.554022715796537,19.135860791705515,0.4226323960669308,1192.3959574068435,1628.9588854860044,1.0780853260586252,86.36480329947403,0.3920212861184492,0.5524634296274817,78,Figure 3.3,G8,USD/kW numerical units aligned; source-native PV capacity basis and equipment delivery scope not fully harmonized
pv,FRA,France,2015,非组件成本余额,1857.0719154645603,896.5633469186265,960.5085685459338,True,,219.86211,5.39300057712095,6.867462903091187,844.3121904971383,23.614915760409104,28.636240661079015,0.4226323960669311,784.8587533013924,1072.213162163168,0.8754080300057436,-111.70459361723408,0.48278332112644357,0.37006673818479907,82,Figure 3.3,H8,USD/kW numerical units aligned; source-native PV capacity basis and equipment delivery scope not fully harmonized
pv,FRA,France,2016,非组件成本余额,1571.8381732973864,817.2601261667793,754.5780471306072,True,,291.30835,5.674382328161501,6.626158715045813,778.029349051263,8.680994441357681,30.549782674158717,0.4074399684905544,640.4296958005377,931.4084774968488,0.783630175136971,-176.83043036624167,0.5199391006342206,0.5279598681401695,76,Figure 3.3,I8,USD/kW numerical units aligned; source-native PV capacity basis and equipment delivery scope not fully harmonized
pv,FRA,France,2017,非组件成本余额,1476.3695280040931,723.5106941876445,752.8588338164486,True,,384.35013,5.951553934028465,6.623877738533576,691.8290851826491,9.976432008176111,21.70517699681923,0.422632396066932,623.9615911005753,852.4079369035178,0.862408249267353,-99.54910308706917,0.4900607066618071,0.5566679123171964,80,Figure 3.3,J8,USD/kW numerical units aligned; source-native PV capacity basis and equipment delivery scope not fully harmonized
pv,FRA,France,2018,非组件成本余额,1278.8838736497266,642.4103320988781,636.4735415508485,True,,478.49221,6.17063993071869,6.455942848478077,630.7042987238391,11.706033375038974,0.0,0.2624361663947052,335.6253810646448,943.258492585082,0.5224470471514542,-306.7849510342335,0.5023210827309469,0.6355520159954495,72,Figure 3.3,K8,USD/kW numerical units aligned; source-native PV capacity basis and equipment delivery scope not fully harmonized
pv,FRA,France,2019,非组件成本余额,1165.927553649501,491.501027367125,674.426526282376,True,,580.10487,6.363208897541072,6.513862739073038,491.501027367125,0.0,0.0,0.2494115429344348,290.79579010549304,875.131763544008,0.5916483871116786,-200.70523726163196,0.4215536598553353,0.5555269762042261,79,Figure 3.3,L8,USD/kW numerical units aligned; source-native PV capacity basis and equipment delivery scope not fully harmonized
pv,FRA,France,2020,非组件成本余额,1112.9280483932464,407.7778421588363,705.1502062344101,True,,710.6335,6.566156825734936,6.558410838607057,407.7778421588363,0.0,0.0,0.2570167775381725,286.0411806298795,826.8868677633669,0.7014632749919276,-121.7366615289568,0.3664009032277983,0.4443833139427571,80,Figure 3.3,M8,USD/kW numerical units aligned; source-native PV capacity basis and equipment delivery scope not fully harmonized
pv,FRA,France,2021,非组件成本余额,918.0257559627578,455.1665839320531,462.8591720307047,True,,854.92824,6.751017535589894,6.137422843738406,455.1665839320531,0.0,0.0,0.3533388111744419,324.3741292393991,593.6516267233587,0.7126492600516137,-130.79245469265402,0.4958102547511947,0.39834670128921873,82,Figure 3.3,N8,USD/kW numerical units aligned; source-native PV capacity basis and equipment delivery scope not fully harmonized
pv,FRA,France,2022,非组件成本余额,1228.3628006623424,381.9439113909412,846.4188892714012,True,,1045.85862,6.952593472965691,6.74101437804712,381.9439113909412,0.0,0.0,0.2194596462293085,269.5760656746003,958.786734987742,0.7058001388027716,-112.36784571634075,0.3109373803773561,0.31659464535303955,52,Figure 3.3,O8,USD/kW numerical units aligned; source-native PV capacity basis and equipment delivery scope not fully harmonized
pv,FRA,France,2023,非组件成本余额,977.5888351031304,242.4926485392087,735.0961865639217,True,,1408.5874199999998,7.2503426514181,6.600001356723982,242.4926485392087,0.0,0.0,0.2852041148773917,278.8123584296088,698.7764766735215,1.1497765400691184,36.31970989040019,0.24805177783523583,0.2518283694365407,59,Figure 3.3,P8,USD/kW numerical units aligned; source-native PV capacity basis and equipment delivery scope not fully harmonized
pv,FRA,France,2024,非组件成本余额,1103.958016240936,140.1711871299395,963.7868291109966,True,,1864.01976,7.530490596047716,6.870870138529745,140.1711871299395,0.0,0.0,0.3465553694387942,382.582578163296,721.3754380776401,2.729395291549032,242.4113910333565,0.12697148357800184,0.1902503694254475,53,Figure 3.3,Q8,USD/kW numerical units aligned; source-native PV capacity basis and equipment delivery scope not fully harmonized
pv,IND,India,2010,非组件成本余额,6015.812576430637,2805.928927175792,3209.883649254845,True,,39.73239,3.682166724070565,8.073989969129093,2805.928927175792,0.0,0.0,0.2657343530048059,1598.6080627959698,4417.204513634667,0.569725072974314,-1207.320864379822,0.4664255894821501,0.5342081295300664,54,Figure 3.3,C11,USD/kW numerical units aligned; source-native PV capacity basis and equipment delivery scope not fully harmonized
pv,IND,India,2011,非组件成本余额,3706.132789258691,2151.008726344194,1555.1240629144968,True,,70.26885,4.252328599622632,7.349310604655579,2151.008726344194,0.0,0.0,0.2657343530048061,984.8467989035556,2721.2859903551357,0.4578534651402263,-1166.161927440639,0.580391704414467,0.5120701006299745,66,Figure 3.3,D11,USD/kW numerical units aligned; source-native PV capacity basis and equipment delivery scope not fully harmonized
pv,IND,India,2012,非组件成本余额,3251.3910782402595,1372.5155216779795,1878.87555656228,True,,99.31435,4.598290072191402,7.538428768674372,1372.5155216779795,0.0,0.0,0.265734353004806,864.0063045417739,2387.3847736984853,0.6295056710801165,-508.5092171362053,0.42213178564198495,0.4128304353956467,63,Figure 3.3,E11,USD/kW numerical units aligned; source-native PV capacity basis and equipment delivery scope not fully harmonized
pv,IND,India,2013,非组件成本余额,3346.7804933594625,898.950319059279,2447.8301743001834,True,,134.44763,4.90117475518874,7.802957267982393,898.950319059279,0.0,0.0,0.2657343530048063,889.3545490519832,2457.4259443074798,0.9893255836236436,-9.595770007296323,0.2686015174412954,0.25931217733046086,56,Figure 3.3,F11,USD/kW numerical units aligned; source-native PV capacity basis and equipment delivery scope not fully harmonized
pv,IND,India,2014,非组件成本余额,2271.335541607726,873.4753967382773,1397.860144869449,True,,172.65223999999998,5.151279397977148,7.242697878354177,873.4753967382773,0.0,0.0,0.2657343530048056,603.5718806059488,1667.763661001777,0.691000436714989,-269.90351613232815,0.3845646672353846,0.3364009629735559,54,Figure 3.3,G11,USD/kW numerical units aligned; source-native PV capacity basis and equipment delivery scope not fully harmonized
pv,IND,India,2015,非组件成本余额,1547.763572844863,716.7522671039144,831.0113057409485,True,,219.86211,5.39300057712095,6.7226433997459925,716.7522671039144,0.0,0.0,0.2657343530048066,411.2939516343375,1136.4696212105257,0.5738299974915988,-305.4583154695772,0.46308898831782797,0.2640008816434451,54,Figure 3.3,H11,USD/kW numerical units aligned; source-native PV capacity basis and equipment delivery scope not fully harmonized
pv,IND,India,2016,非组件成本余额,1332.2464239123133,562.2462710458705,770.0001528664428,True,,291.30835,5.674382328161501,6.646390713375558,562.2462710458705,0.0,0.0,0.4316616779893513,575.0797268413017,757.1666970710115,1.0228253284304725,12.833455795431291,0.42202873353922155,0.22856339145989096,59,Figure 3.3,I11,USD/kW numerical units aligned; source-native PV capacity basis and equipment delivery scope not fully harmonized
pv,IND,India,2017,非组件成本余额,1328.4315129609276,476.4738536992916,851.9576592616361,True,,384.35013,5.951553934028465,6.747536829892138,476.4738536992916,0.0,0.0,0.2657343530048057,353.00988860786725,975.4216243530605,0.7408798738212725,-123.46396509142437,0.3586740069401725,0.2226178477367605,57,Figure 3.3,J11,USD/kW numerical units aligned; source-native PV capacity basis and equipment delivery scope not fully harmonized
pv,IND,India,2018,非组件成本余额,943.7873225135758,482.3787497438093,461.40857276976647,True,,478.49221,6.17063993071869,6.134283925475516,446.80283877935705,35.57591096445217,0.0,0.4094435069347053,386.42759113047424,557.3597313831015,0.8010875092149168,-95.951158613335,0.5111095881846522,0.2601056167964711,59,Figure 3.3,K11,USD/kW numerical units aligned; source-native PV capacity basis and equipment delivery scope not fully harmonized
pv,IND,India,2019,非组件成本余额,736.3417292664177,421.8675791955424,314.4741500708753,True,,580.10487,6.363208897541072,5.750901879029099,360.0857443002,61.78183489534244,0.0,0.463057696490081,340.96870498363023,395.3730242827874,0.808236332438301,-80.89887421191213,0.5729236337261899,0.2795566207162563,56,Figure 3.3,L11,USD/kW numerical units aligned; source-native PV capacity basis and equipment delivery scope not fully harmonized
pv,IND,India,2020,非组件成本余额,701.3016128884932,345.5869355555042,355.71467733298897,True,,710.6335,6.566156825734936,5.874128941338948,309.90072409905656,35.686211456447644,0.0,0.3866481694159781,271.1569848318088,430.1446280566844,0.7846274176885317,-74.42995072369541,0.4927793251923584,0.222758821920493,60,Figure 3.3,M11,USD/kW numerical units aligned; source-native PV capacity basis and equipment delivery scope not fully harmonized
pv,IND,India,2021,非组件成本余额,669.689384633508,399.9436439968381,269.7457406366699,True,,854.92824,6.751017535589894,5.597479813973432,376.3088695322052,23.634774464632926,0.0,0.4943911599025059,331.0885116433554,338.6008729901526,0.8278379131985214,-68.8551323534827,0.5972076804169592,0.23577237729233572,63,Figure 3.3,N11,USD/kW numerical units aligned; source-native PV capacity basis and equipment delivery scope not fully harmonized
pv,IND,India,2022,非组件成本余额,679.9035273566287,434.8959062301328,245.0076211264959,True,,1045.85862,6.952593472965691,5.501289316699684,351.235142777474,83.66076345265884,0.0,0.310256680167227,210.94461123165505,468.9589161249737,0.4850462103913893,-223.9512949984778,0.6396435504915648,0.1997969601191152,18,Figure 3.3,O11,USD/kW numerical units aligned; source-native PV capacity basis and equipment delivery scope not fully harmonized
pv,IND,India,2023,非组件成本余额,728.321084784776,357.0288901868286,371.29219459794734,True,,1408.5874199999998,7.2503426514181,5.916989339141301,254.59292605154553,102.43596413528309,0.0,0.3951501034391904,287.7961519896476,440.5249327951284,0.8060864537854273,-69.23273819718105,0.49020809316859637,0.3569893324497977,23,Figure 3.3,P11,USD/kW numerical units aligned; source-native PV capacity basis and equipment delivery scope not fully harmonized
pv,IND,India,2024,非组件成本余额,525.1674202758713,191.5783780055728,333.58904227029853,True,,1864.01976,7.530490596047716,5.809909823033545,141.04099982619252,50.537378179380305,0.0,0.3243324607329846,170.32884171486683,354.8385785610045,0.8890817611469293,-21.249536290705976,0.3647948646641796,0.22124407049120925,21,Figure 3.3,Q11,USD/kW numerical units aligned; source-native PV capacity basis and equipment delivery scope not fully harmonized
pv,ITA,Italy,2010,非组件成本余额,6078.874297702453,2717.8350020312737,3361.0392956711794,True,,39.73239,3.682166724070565,8.12000551931733,2717.8350020312737,0.0,0.0,0.4074399684905555,2476.776352313935,3602.097945388518,0.911304899106392,-241.05864971733854,0.44709511480743985,0.44072752618429917,59,Figure 3.3,C12,USD/kW numerical units aligned; source-native PV capacity basis and equipment delivery scope not fully harmonized
pv,ITA,Italy,2011,非组件成本余额,5733.075804344135,2045.1935420745099,3687.882262269625,True,,70.26885,4.252328599622632,8.212807659619603,2045.1935420745099,0.0,0.0,0.4074399684905558,2335.884225075942,3397.1915792681925,1.1421335815027898,290.69068300143226,0.3567358276555146,0.40841837163064454,68,Figure 3.3,D12,USD/kW numerical units aligned; source-native PV capacity basis and equipment delivery scope not fully harmonized
pv,ITA,Italy,2012,非组件成本余额,3045.068997250228,1374.6295010785507,1670.4394961716775,True,,99.31435,4.598290072191402,7.420842042147579,1374.6295010785507,0.0,0.0,0.407439968490555,1240.6828162911988,1804.386180959029,0.9025579731249346,-133.9466847873514,0.4514280307999177,0.4239387034091036,59,Figure 3.3,E12,USD/kW numerical units aligned; source-native PV capacity basis and equipment delivery scope not fully harmonized
pv,ITA,Italy,2013,非组件成本余额,2424.211548272102,1149.3520412137977,1274.8595070583042,True,,134.44763,4.90117475518874,7.150591260978596,1137.0064611824873,6.808139176962078,5.537440854348352,0.4074399684905556,987.7206768424262,1436.4908714296755,0.8593717515821525,-161.63136437137132,0.47411375547361695,0.4562782665527221,58,Figure 3.3,F12,USD/kW numerical units aligned; source-native PV capacity basis and equipment delivery scope not fully harmonized
pv,ITA,Italy,2014,非组件成本余额,2241.319524548638,1099.8973042530051,1141.422220295633,True,,172.65223999999998,5.151279397977148,7.04003032549296,1069.140758631184,12.752413691591336,18.004131930229708,0.4074399684905549,913.2031564593626,1328.1163680892755,0.8302622007784284,-186.69414779364251,0.4907365024067708,0.5020051823570537,60,Figure 3.3,G12,USD/kW numerical units aligned; source-native PV capacity basis and equipment delivery scope not fully harmonized
pv,ITA,Italy,2017,非组件成本余额,1157.9088452672888,713.1596128949234,444.74923237236544,True,,384.35013,5.951553934028465,6.097510600568885,659.2806132244647,16.966315593255423,36.912684077203224,0.4074399684905549,471.778343430639,686.1305018366498,0.6615326147193779,-241.3812694642844,0.6159030702717357,0.49500710566700196,63,Figure 3.3,J12,USD/kW numerical units aligned; source-native PV capacity basis and equipment delivery scope not fully harmonized
pv,ITA,Italy,2018,非组件成本余额,1036.4459520977036,616.2784775319691,420.16747456573455,True,,478.49221,6.17063993071869,6.0406533807642075,589.6577670190205,26.620710512948648,0.0,0.4419423653396556,458.0493756167705,578.3965764809332,0.7432506444994396,-158.2291019151986,0.594607443142268,0.5072896911579101,59,Figure 3.3,K12,USD/kW numerical units aligned; source-native PV capacity basis and equipment delivery scope not fully harmonized
pv,ITA,Italy,2019,非组件成本余额,988.655656329996,446.3330178184256,542.3226385115704,True,,580.10487,6.363208897541072,6.295861098340943,446.3330178184256,0.0,0.0,0.4432657992878159,438.2372397235359,550.4184166064601,0.9818615747173238,-8.095778094889738,0.4514544725058929,0.426651690794823,59,Figure 3.3,L12,USD/kW numerical units aligned; source-native PV capacity basis and equipment delivery scope not fully harmonized
pv,ITA,Italy,2020,非组件成本余额,918.8087537918004,423.1437583579033,495.6649954338971,True,,710.6335,6.566156825734936,6.205900286099537,423.1437583579033,0.0,0.0,0.3695990755886368,339.59086604419684,579.2178877476035,0.8025425386446641,-83.55289231370642,0.4605351838580617,0.5130314365156002,57,Figure 3.3,M12,USD/kW numerical units aligned; source-native PV capacity basis and equipment delivery scope not fully harmonized
pv,ITA,Italy,2021,非组件成本余额,891.5029479724126,501.87445797839507,389.6284899940175,True,,854.92824,6.751017535589894,5.965193695362797,501.87445797839507,0.0,0.0,0.4466977216268722,398.2323356829167,493.2706122894959,0.7934899442522719,-103.64212229547837,0.5629532231158988,0.6180813654339201,63,Figure 3.3,N12,USD/kW numerical units aligned; source-native PV capacity basis and equipment delivery scope not fully harmonized
pv,ITA,Italy,2022,非组件成本余额,818.4876080028004,450.636082963491,367.85152503930937,True,,1045.85862,6.952593472965691,5.9076793921881094,450.636082963491,0.0,0.0,0.3937899796296134,322.31221848251374,496.1753895202866,0.7152383723090058,-128.32386448097725,0.5505716623652892,0.6438472964921973,44,Figure 3.3,O12,USD/kW numerical units aligned; source-native PV capacity basis and equipment delivery scope not fully harmonized
pv,ITA,Italy,2023,非组件成本余额,840.9617751669034,308.42767998020554,532.5340951866979,True,,1408.5874199999998,7.2503426514181,6.277646924053462,308.42767998020554,0.0,0.0,0.3121927592076953,262.54217697755706,578.4195981893463,0.8512276751373493,-45.88550300264842,0.36675588485456756,0.5745086883235212,50,Figure 3.3,P12,USD/kW numerical units aligned; source-native PV capacity basis and equipment delivery scope not fully harmonized
pv,ITA,Italy,2024,非组件成本余额,804.1602225425657,212.89001534158666,591.270207200979,True,,1864.01976,7.530490596047716,6.382273116306227,212.89001534158666,0.0,0.0,0.4315494531767302,347.0349043047219,457.1253182378438,1.6301135764770205,134.1448889631352,0.264735819273028,0.601822906311059,45,Figure 3.3,Q12,USD/kW numerical units aligned; source-native PV capacity basis and equipment delivery scope not fully harmonized
pv,JPN,Japan,2011,非组件成本余额,6644.276501864859,3597.0302141004536,3047.246287764405,True,,70.26885,4.252328599622632,8.02199360531038,3597.0302141004536,0.0,0.0,0.2850064717378387,1893.6618030471327,4750.614698817726,0.5264514586571797,-1703.3684110533209,0.5413727458649366,0.19633936916119302,43,Figure 3.3,D13,USD/kW numerical units aligned; source-native PV capacity basis and equipment delivery scope not fully harmonized
pv,JPN,Japan,2012,非组件成本余额,4666.397750554368,2561.700699087217,2104.697051467151,True,,99.31435,4.598290072191402,7.651926817216293,2561.700699087217,0.0,0.0,0.2850064717378386,1329.953558610887,3336.444191943481,0.5191682069200254,-1231.74714047633,0.5489674982769925,0.18165875657158637,46,Figure 3.3,E13,USD/kW numerical units aligned; source-native PV capacity basis and equipment delivery scope not fully harmonized
pv,JPN,Japan,2013,非组件成本余额,3986.820627069335,1968.6390921824875,2018.1815348868474,True,,134.44763,4.90117475518874,7.609952154690609,1968.6390921824875,0.0,0.0,0.2850064717378391,1136.2696803726703,2850.5509466966646,0.5771853687579523,-832.3694118098172,0.49378672288790953,0.15346242393601417,44,Figure 3.3,F13,USD/kW numerical units aligned; source-native PV capacity basis and equipment delivery scope not fully harmonized
pv,JPN,Japan,2014,非组件成本余额,3654.82914695912,1747.6219031195446,1907.2072438395753,True,,172.65223999999998,5.151279397977148,7.553395275017958,1747.6219031195446,0.0,0.0,0.2850064717378388,1041.6499599794338,2613.179186979686,0.5960385127469874,-705.9719431401109,0.478167879495433,0.12335216631807494,43,Figure 3.3,G13,USD/kW numerical units aligned; source-native PV capacity basis and equipment delivery scope not fully harmonized
pv,JPN,Japan,2015,非组件成本余额,2644.6984988513204,1496.4610969436899,1148.2374019076306,True,,219.86211,5.39300057712095,7.045983351586934,1496.4610969436899,0.0,0.0,0.2850064717378388,753.7561879679735,1890.942310883347,0.5036924711958188,-742.7049089757165,0.5658342898419809,0.11273364566120792,49,Figure 3.3,H13,USD/kW numerical units aligned; source-native PV capacity basis and equipment delivery scope not fully harmonized
pv,JPN,Japan,2016,非组件成本余额,2901.8816159801127,1224.9778604925,1676.9037554876127,True,,291.30835,5.674382328161501,7.424704369292337,1224.9778604925,0.0,0.0,0.2657343530048063,771.129633719017,2130.751982261096,0.6295049556315939,-453.8482267734835,0.42213226540558335,0.10639945482472822,51,Figure 3.3,I13,USD/kW numerical units aligned; source-native PV capacity basis and equipment delivery scope not fully harmonized
pv,JPN,Japan,2017,非组件成本余额,2632.3006248899737,1063.9791124449694,1568.3215124450044,True,,384.35013,5.951553934028465,7.357761226093425,1063.9791124449694,0.0,0.0,0.2850064717378392,750.2227136532008,1882.077911236773,0.7051103775235088,-313.75639879176856,0.40420121561512073,0.12128338621531556,41,Figure 3.3,J13,USD/kW numerical units aligned; source-native PV capacity basis and equipment delivery scope not fully harmonized
pv,JPN,Japan,2018,非组件成本余额,2502.241154612059,951.1603439772697,1551.080810634789,True,,478.49221,6.17063993071869,7.346707264098301,951.1603439772697,0.0,0.0,0.262975840479964,658.0289707176617,1844.2121838943967,0.6918170788808522,-293.1313732596077,0.38012337149203956,0.11207673499478414,41,Figure 3.3,K13,USD/kW numerical units aligned; source-native PV capacity basis and equipment delivery scope not fully harmonized
pv,JPN,Japan,2019,非组件成本余额,2465.1839596297914,783.5391603702968,1681.6447992594944,True,,580.10487,6.363208897541072,7.427527640621474,783.5391603702968,0.0,0.0,0.2243823537110399,553.1437791924337,1912.0401804373575,0.7059554993154655,-230.3953811778631,0.31784206501488216,0.10754698517830817,43,Figure 3.3,L13,USD/kW numerical units aligned; source-native PV capacity basis and equipment delivery scope not fully harmonized
pv,JPN,Japan,2020,非组件成本余额,2156.084945202252,688.6836572393186,1467.4012879629336,True,,710.6335,6.566156825734936,7.291248283997195,688.6836572393186,0.0,0.0,0.2062296590292273,444.64866308711066,1711.4362821151417,0.6456500868185905,-244.03499415220813,0.31941397242802805,0.09434411654281792,48,Figure 3.3,M13,USD/kW numerical units aligned; source-native PV capacity basis and equipment delivery scope not fully harmonized
pv,JPN,Japan,2021,非组件成本余额,1923.3335172935465,751.9509647914613,1171.3825525020852,True,,854.92824,6.751017535589894,7.065939998975938,751.9509647914613,0.0,0.0,0.17376818394342,334.21417241761,1589.1193448759366,0.4444627217285338,-417.73679237385136,0.3909623359809081,0.11351975097906641,47,Figure 3.3,N13,USD/kW numerical units aligned; source-native PV capacity basis and equipment delivery scope not fully harmonized
pv,JPN,Japan,2022,非组件成本余额,2022.7323093139555,667.9109845728738,1354.8213247410818,True,,1045.85862,6.952593472965691,7.211424860959307,667.9109845728738,0.0,0.0,0.2003072781379221,405.168003280312,1617.5643060336436,0.60661976317011,-262.7429812925618,0.33020236118115265,0.04416761392954327,26,Figure 3.3,O13,USD/kW numerical units aligned; source-native PV capacity basis and equipment delivery scope not fully harmonized
pv,JPN,Japan,2023,非组件成本余额,1920.0374804638247,473.571727487674,1446.4657529761507,True,,1408.5874199999998,7.2503426514181,7.276878448350328,473.571727487674,0.0,0.0,0.3414001467423783,655.501077581216,1264.5364028826089,1.384164297684508,181.92935009354187,0.24664712658279617,0.04057749915375662,29,Figure 3.3,P13,USD/kW numerical units aligned; source-native PV capacity basis and equipment delivery scope not fully harmonized
pv,JPN,Japan,2024,非组件成本余额,1911.450682621868,315.6578779059117,1595.7928047159564,True,,1864.01976,7.530490596047716,7.375125947975656,315.6578779059117,0.0,0.0,0.1273584905660374,243.4394737301429,1668.0112088917251,0.7712130466856429,-72.21840417576868,0.1651404772175106,0.05181995978571459,31,Figure 3.3,Q13,USD/kW numerical units aligned; source-native PV capacity basis and equipment delivery scope not fully harmonized
pv,KOR,South Korea,2011,非组件成本余额,7012.58447961614,2027.4340459964747,4985.150433619665,True,,70.26885,4.252328599622632,8.514218859196314,2027.4340459964747,0.0,0.0,0.2753704123713225,1931.058279940632,5081.526199675508,0.9524641670854076,-96.37576605584309,0.2891136715557192,0.13702368894332917,60,Figure 3.3,D16,USD/kW numerical units aligned; source-native PV capacity basis and equipment delivery scope not fully harmonized
pv,KOR,South Korea,2012,非组件成本余额,3628.137387695874,1433.8467999047348,2194.2905877911394,True,,99.31435,4.598290072191402,7.693614078642449,1433.8467999047348,0.0,0.0,0.2753704123713228,999.0816885896268,2629.055699106248,0.6967841255118781,-434.7651113151087,0.3952019029839798,0.10586386882841502,70,Figure 3.3,E16,USD/kW numerical units aligned; source-native PV capacity basis and equipment delivery scope not fully harmonized
pv,KOR,South Korea,2013,非组件成本余额,3171.064023211654,1124.691529781253,2046.372493430401,True,,134.44763,4.90117475518874,7.623823989290926,1124.691529781253,0.0,0.0,0.2753704123713228,873.2172077276591,2297.8468154839948,0.7764059607504068,-251.47432205359382,0.35467323319513594,0.10057650122214484,61,Figure 3.3,F16,USD/kW numerical units aligned; source-native PV capacity basis and equipment delivery scope not fully harmonized
pv,KOR,South Korea,2014,非组件成本余额,2633.44817638635,974.8838372448045,1658.5643391415456,True,,172.65223999999998,5.151279397977148,7.413707651208093,974.8838372448045,0.0,0.0,0.2753704123713225,725.1737102900164,1908.2744660963333,0.74385653201461,-249.7101269547877,0.3701929075295311,0.08970868420208657,62,Figure 3.3,G16,USD/kW numerical units aligned; source-native PV capacity basis and equipment delivery scope not fully harmonized
pv,KOR,South Korea,2015,非组件成本余额,2490.6956467529776,837.2135815269232,1653.4820652260544,True,,219.86211,5.39300057712095,7.410638685810894,837.2135815269232,0.0,0.0,0.2753704123713222,685.8638873378245,1804.831759415153,0.819222122611693,-151.34969418909873,0.33613644550202904,0.10353139670576626,63,Figure 3.3,H16,USD/kW numerical units aligned; source-native PV capacity basis and equipment delivery scope not fully harmonized
pv,KOR,South Korea,2016,非组件成本余额,2457.944023668056,699.0730856661247,1758.8709380019313,True,,291.30835,5.674382328161501,7.472427369676107,699.0730856661247,0.0,0.0,0.275370412371322,676.845059383099,1781.0989642849572,0.9682035730758448,-22.228026283025883,0.28441375350073234,0.08693295876631862,67,Figure 3.3,I16,USD/kW numerical units aligned; source-native PV capacity basis and equipment delivery scope not fully harmonized
pv,KOR,South Korea,2017,非组件成本余额,1883.095475647461,600.8146595122556,1282.2808161352054,True,,384.35013,5.951553934028465,7.15639565884096,599.4463070550812,1.3683524571744048,0.0,0.2753704123713226,518.5487776636132,1364.5466979838477,0.8630761075047224,-82.26588184864227,0.31905692902038263,0.08152083926699791,64,Figure 3.3,J16,USD/kW numerical units aligned; source-native PV capacity basis and equipment delivery scope not fully harmonized
pv,KOR,South Korea,2018,非组件成本余额,1579.1431074974807,553.4523933840254,1025.6907141134552,True,,478.49221,6.17063993071869,6.933121532053564,551.9095512568291,1.5428421271962864,0.0,0.3214416469529517,507.6023612483922,1071.5407462490884,0.9171563215125182,-45.85003213563323,0.350476401256058,0.10641552043616388,68,Figure 3.3,K16,USD/kW numerical units aligned; source-native PV capacity basis and equipment delivery scope not fully harmonized
pv,KOR,South Korea,2019,非组件成本余额,1491.0871038765438,446.5599105180431,1044.5271933585007,True,,580.10487,6.363208897541072,6.9513196154672,446.5599105180431,0.0,0.0,0.2793287768633288,416.5035369225183,1074.5835669540256,0.9326935246814752,-30.056373595524974,0.2994861328738422,0.08975491336040152,63,Figure 3.3,L16,USD/kW numerical units aligned; source-native PV capacity basis and equipment delivery scope not fully harmonized
pv,KOR,South Korea,2020,非组件成本余额,1116.603856846098,416.4126542630645,700.1912025830336,True,,710.6335,6.566156825734936,6.551353444292869,415.2171905335497,1.1954637295148123,0.0,0.306027462717526,341.711445171215,774.8924116748831,0.8206077353147436,-74.70120909184948,0.3729278308595873,0.09079562897311506,65,Figure 3.3,M16,USD/kW numerical units aligned; source-native PV capacity basis and equipment delivery scope not fully harmonized
pv,KOR,South Korea,2021,非组件成本余额,1068.21464090682,439.20531363154964,629.0093272752704,True,,854.92824,6.751017535589894,6.444146085327015,439.20531363154964,0.0,0.0,0.3472258579949585,370.91174521164703,697.302895695173,0.844506506865273,-68.29356841990261,0.41115829797904946,0.10906335566596835,67,Figure 3.3,N16,USD/kW numerical units aligned; source-native PV capacity basis and equipment delivery scope not fully harmonized
pv,KOR,South Korea,2022,非组件成本余额,1420.2340770009885,325.8282818133945,1094.4057951875939,True,,1045.85862,6.952593472965691,6.997966842164567,325.8282818133945,0.0,0.0,0.3360672992418841,477.2942305490122,942.9398464519762,1.464864338640695,151.46594873561764,0.22941871842803818,0.011952236498304084,26,Figure 3.3,O16,USD/kW numerical units aligned; source-native PV capacity basis and equipment delivery scope not fully harmonized
pv,KOR,South Korea,2023,非组件成本余额,1234.052546300519,225.3226325645194,1008.7299137359996,True,,1408.5874199999998,7.2503426514181,6.916447307352206,225.3226325645194,0.0,0.0,0.3232742549516144,398.9374174764429,835.1151288240761,1.7705164054578937,173.6147849119235,0.18258755126756845,0.0029519966797880853,27,Figure 3.3,P16,USD/kW numerical units aligned; source-native PV capacity basis and equipment delivery scope not fully harmonized
pv,KOR,South Korea,2024,非组件成本余额,1262.2227758007118,143.30763666718258,1118.9151391335292,True,,1864.01976,7.530490596047716,7.0201148690944075,143.30763666718258,0.0,0.0,0.3297900183205496,416.26847235593175,845.9543034447801,2.904719399725172,272.96083568874917,0.11353592995996528,0.00280558374364505,28,Figure 3.3,Q16,USD/kW numerical units aligned; source-native PV capacity basis and equipment delivery scope not fully harmonized
pv,USA,United States,2010,非组件成本余额,5552.428538737875,2848.4060455608724,2704.0224931770026,True,,39.73239,3.682166724070565,7.902495755610875,2848.4060455608724,0.0,0.0,0.285006471737839,1582.4780674021667,3969.950471335708,0.5555661805550485,-1265.9279781587052,0.5130018379684261,0.2922928628022039,73,Figure 3.3,C19,USD/kW numerical units aligned; source-native PV capacity basis and equipment delivery scope not fully harmonized
pv,USA,United States,2011,非组件成本余额,5343.332324829953,2069.7615020172757,3273.5708228126773,True,,70.26885,4.252328599622632,8.093636662842671,2069.7615020172757,0.0,0.0,0.2850064717378389,1522.8842932225289,3820.448031607424,0.7357776689431411,-546.8772087947468,0.38735406600096584,0.22823061325413063,68,Figure 3.3,D19,USD/kW numerical units aligned; source-native PV capacity basis and equipment delivery scope not fully harmonized
pv,USA,United States,2012,非组件成本余额,5205.807053591208,1462.2180575285508,3743.5889960626573,True,,99.31435,4.598290072191402,8.227800054878914,1409.9515005981928,52.26655693035794,0.0,0.2850064717378388,1483.6887008919846,3722.118352699224,1.0146836125110643,21.470643363433283,0.28088210770697786,0.33088070168502276,84,Figure 3.3,E19,USD/kW numerical units aligned; source-native PV capacity basis and equipment delivery scope not fully harmonized
pv,USA,United States,2013,非组件成本余额,4196.912593835998,1161.7984185173354,3035.114175318663,True,,134.44763,4.90117475518874,8.018004322330865,1082.774662712548,79.02375580478747,0.0,0.2850064717378386,1196.1472505612985,3000.7653432747,1.029565225340723,34.34883204396283,0.2768221621350103,0.3508877015619093,75,Figure 3.3,F19,USD/kW numerical units aligned; source-native PV capacity basis and equipment delivery scope not fully harmonized
pv,USA,United States,2014,非组件成本余额,3436.432230506145,1070.405331558389,2366.0268989477563,True,,172.65223999999998,5.151279397977148,7.768967413428801,986.1793697504228,84.22596180796612,0.0,0.2850064717378384,979.4054253827466,2457.0268051233984,0.9149855634190848,-90.99990617564208,0.311487397323337,0.30304183794426465,72,Figure 3.3,G19,USD/kW numerical units aligned; source-native PV capacity basis and equipment delivery scope not fully harmonized
pv,USA,United States,2015,非组件成本余额,3062.1627290585498,929.4968620446931,2132.6658670138568,True,,219.86211,5.39300057712095,7.665128056886855,870.307675970212,59.18918607448112,0.0,0.2850064717378387,872.7361952960887,2189.426533762461,0.9389339877665164,-56.76066674860431,0.3035426083742007,0.3285006217229568,78,Figure 3.3,H19,USD/kW numerical units aligned; source-native PV capacity basis and equipment delivery scope not fully harmonized
pv,USA,United States,2016,非组件成本余额,2651.787883404358,769.1770711604472,1882.610812243911,True,,291.30835,5.674382328161501,7.540414822347404,732.2533618858478,36.9237092745994,0.0,0.2587592613897521,686.1746740720057,1965.6132093323524,0.8920893508133074,-83.00239708844151,0.2900598030386125,0.37891988125137327,77,Figure 3.3,I19,USD/kW numerical units aligned; source-native PV capacity basis and equipment delivery scope not fully harmonized
pv,USA,United States,2017,非组件成本余额,2230.025830283302,672.8519186677028,1557.1739116155995,True,,384.35013,5.951553934028465,7.350627862202434,646.8313565062831,26.020562161419708,0.0,0.285006471737839,635.571793773289,1594.454036510013,0.9445938640284588,-37.280124894413575,0.3017238228950127,0.3966518213456732,70,Figure 3.3,J19,USD/kW numerical units aligned; source-native PV capacity basis and equipment delivery scope not fully harmonized
pv,USA,United States,2018,非组件成本余额,1844.1949390024656,762.3423197697095,1081.852619232756,True,,478.49221,6.17063993071869,6.986430238698822,616.3331358274917,146.00918394221804,0.0,0.2729849411999049,503.4374469847503,1340.757492017715,0.6603823950595171,-258.904872784959,0.4133740439511586,0.4429131655109033,82,Figure 3.3,K19,USD/kW numerical units aligned; source-native PV capacity basis and equipment delivery scope not fully harmonized
pv,USA,United States,2019,非组件成本余额,1453.1489723057368,635.9096908691655,817.2392814365713,True,,580.10487,6.363208897541072,6.705931930114913,524.2980581979973,111.61163267116814,0.0,0.3023654362293277,439.3820229174234,1013.7669493883134,0.6909503491240595,-196.52766795174205,0.43760805188483637,0.5571034685555813,80,Figure 3.3,L19,USD/kW numerical units aligned; source-native PV capacity basis and equipment delivery scope not fully harmonized
pv,USA,United States,2020,非组件成本余额,1317.4012030837664,546.1981998224428,771.2030032613236,True,,710.6335,6.566156825734936,6.647951637559141,464.1031772931966,82.09502252924617,0.0,0.3275847429377276,431.5605344580487,885.8406686257176,0.7901170941213995,-114.63766536439402,0.41460277897416875,0.5572152004430354,77,Figure 3.3,M19,USD/kW numerical units aligned; source-native PV capacity basis and equipment delivery scope not fully harmonized
pv,USA,United States,2021,非组件成本余额,1233.0080860825803,575.0955165437224,657.912569538858,True,,854.92824,6.751017535589894,6.489072049455664,508.01596577023514,67.07955077348726,0.0,0.3199718260508891,394.5278488393551,838.4802372432252,0.6860214303363636,-180.5676677043673,0.46641666266023624,0.5781757722653738,79,Figure 3.3,N19,USD/kW numerical units aligned; source-native PV capacity basis and equipment delivery scope not fully harmonized
pv,USA,United States,2022,非组件成本余额,1187.455420163696,511.8694161008976,675.5860040627986,True,,1045.85862,6.952593472965691,6.515580468411775,460.51484099401296,51.35457510688472,0.0,0.3618779183165407,429.71389554253153,757.7415246211646,0.839499063678826,-82.15552055836599,0.4310641118892144,0.602316622769113,46,Figure 3.3,O19,USD/kW numerical units aligned; source-native PV capacity basis and equipment delivery scope not fully harmonized
pv,USA,United States,2023,非组件成本余额,1135.012086639563,386.5880013162113,748.4240853233516,True,,1408.5874199999998,7.2503426514181,6.617969776302391,348.5271570599644,38.060844256246945,0.0,0.359526038533141,408.0663991967563,726.9456874428067,1.0555588838955616,21.47839788054489,0.3406025414767033,0.6763245201981024,56,Figure 3.3,P19,USD/kW numerical units aligned; source-native PV capacity basis and equipment delivery scope not fully harmonized
pv,USA,United States,2024,非组件成本余额,1058.0371018079034,275.2245466799994,782.812555127904,True,,1864.01976,7.530490596047716,6.662893274136153,248.4351195989314,26.789427081068,0.0,0.2997176735129371,317.1124186442354,740.924683163668,1.152195261903504,41.88787196423607,0.2601275004531637,0.730375297651551,50,Figure 3.3,Q19,USD/kW numerical units aligned; source-native PV capacity basis and equipment delivery scope not fully harmonized
wind,AUS,Australia,2010,非风机采购成本余额,4143.084429461239,1295.3389832043724,2847.7454462568667,True,,177.71164000000002,5.180162236673185,7.954282888711713,1276.368978911398,18.970004292974394,0.0,0.7664,3175.2599067390934,967.8245227221456,2.4512964929722294,1879.9209235347212,0.31265087768747607,0.2738463703998739,17,Fig 2.6,C8,USD/kW numerical units aligned; source-native PV capacity basis and equipment delivery scope not fully harmonized
wind,AUS,Australia,2011,非风机采购成本余额,4377.598776191059,1542.6883255799223,2834.910450611137,True,,216.24613,5.376417249698097,7.949765628576952,1515.475825132287,27.212500447635268,0.0,0.7664,3354.991702072828,1022.6070741182316,2.174769619010132,1812.3033764929055,0.3524051436532547,0.2711376032033563,16,Fig 2.6,D8,USD/kW numerical units aligned; source-native PV capacity basis and equipment delivery scope not fully harmonized
wind,AUS,Australia,2012,非风机采购成本余额,3732.398308548318,1557.2251050044902,2175.1732035438276,True,,261.36127,5.56590362647905,7.684863574165435,1528.7449113083728,28.480193696117283,0.0,0.7664,2860.5100636714305,871.8882448768873,1.83692778550676,1303.2849586669404,0.4172183610302188,0.2750391466235427,12,Fig 2.6,E8,USD/kW numerical units aligned; source-native PV capacity basis and equipment delivery scope not fully harmonized
wind,AUS,Australia,2013,非风机采购成本余额,2770.434468668928,1002.6187317654737,1767.815736903454,True,,292.27612,5.677698971893068,7.477500016557728,986.91798982503,15.700741940443837,0.0,0.7664,2123.260976787866,647.1734918810616,2.117715248596138,1120.6422450223924,0.361899457685851,0.18923344711556195,11,Fig 2.6,F8,USD/kW numerical units aligned; source-native PV capacity basis and equipment delivery scope not fully harmonized
wind,AUS,Australia,2014,非风机采购成本余额,3022.048049327942,830.2906161848017,2191.75743314314,True,,340.63979000000006,5.830825584658366,7.692458981882194,798.1193191038778,32.17129708092387,0.0,0.7663999999999999,2316.0976250049343,705.9504243230076,2.7895023499692644,1485.8070088201325,0.2747443464273991,0.1781907317558096,9,Fig 2.6,G8,USD/kW numerical units aligned; source-native PV capacity basis and equipment delivery scope not fully harmonized
wind,AUS,Australia,2015,非风机采购成本余额,2819.857193002646,821.9607932530571,1997.896399749589,True,,404.24651,6.002024865148459,7.599850105886956,790.6075559920462,31.353237261011,0.0,0.7664,2161.138552717228,658.7186402854181,2.629247733537428,1339.1777594641708,0.2914902198922404,0.2546599382690874,9,Fig 2.6,H8,USD/kW numerical units aligned; source-native PV capacity basis and equipment delivery scope not fully harmonized
wind,AUS,Australia,2016,非风机采购成本余额,2630.9450852533323,1006.245029060671,1624.7000561926613,True,,452.48745,6.114760027948734,7.393078496922189,980.9872020065633,25.257827054107747,0.0,0.7664,2016.3563133381535,614.5887719151785,2.003842260190265,1010.1112842774828,0.3824652345276071,0.23226362033587122,12,Fig 2.6,I8,USD/kW numerical units aligned; source-native PV capacity basis and equipment delivery scope not fully harmonized
wind,AUS,Australia,2017,非风机采购成本余额,2043.253944563324,851.8864445264664,1191.3675000368576,True,,495.6822,6.2059349955659755,7.082857086021823,829.0303721277962,22.856072398670225,0.0,0.7664,1565.9498231133311,477.3041214499924,1.8382142751241768,714.0633785868652,0.41692636727468946,0.28402607454278644,13,Fig 2.6,J8,USD/kW numerical units aligned; source-native PV capacity basis and equipment delivery scope not fully harmonized
wind,AUS,Australia,2018,非风机采购成本余额,1901.9960055896213,921.1592246762392,980.8367809133821,True,,539.4404499999999,6.290532398624406,6.8884060654100665,900.2634712444368,20.895753431802575,0.0,0.7664,1457.6897386838857,444.3062669057356,1.5824514368796785,536.5305140076465,0.4843118607868362,0.28511095727366204,12,Fig 2.6,K8,USD/kW numerical units aligned; source-native PV capacity basis and equipment delivery scope not fully harmonized
wind,AUS,Australia,2019,非风机采购成本余额,1851.141553609305,561.8440178601288,1289.2975357491762,True,,594.24654,6.38729428375806,7.161852803105864,548.3244590345514,13.519558825577402,0.0,0.7663999999999997,1418.714886686171,432.426666923134,2.5251045514190387,856.8708688260422,0.30351218509716926,0.14693613127872723,10,Fig 2.6,L8,USD/kW numerical units aligned; source-native PV capacity basis and equipment delivery scope not fully harmonized
wind,AUS,Australia,2020,非风机采购成本余额,2042.667395245112,489.9129496049385,1552.7544456401733,True,,698.33524,6.5486992739946635,7.347785694510614,479.29164629366744,10.62130331127107,0.0,0.7664,1565.5002917158538,477.16710352925816,3.195466241458323,1075.5873421109152,0.23983980492631835,0.13918487574371158,9,Fig 2.6,M8,USD/kW numerical units aligned; source-native PV capacity basis and equipment delivery scope not fully harmonized
wind,AUS,Australia,2021,非风机采购成本余额,1411.9064049900608,555.7724708528226,856.1339341372382,True,,769.27527,6.645448863841342,6.752426829015949,544.324394831571,11.448076021251584,0.0,0.7664,1082.0850687843824,329.82133620567834,1.9469929252234133,526.3125979315598,0.39363265786497725,0.17777534125414698,10,Fig 2.6,N8,USD/kW numerical units aligned; source-native PV capacity basis and equipment delivery scope not fully harmonized
wind,AUS,Australia,2022,非风机采购成本余额,1444.4693860474408,625.7217336256236,818.7476524218172,True,,839.7858299999999,6.733146895042726,6.707775919674288,609.6318185778994,16.089915047724322,0.0,0.7663999999999999,1107.0413374667585,337.42804858068234,1.7692230874772734,481.31960384113484,0.43318448952235045,0.5506475723818802,7,Fig 2.6,O8,USD/kW numerical units aligned; source-native PV capacity basis and equipment delivery scope not fully harmonized
wind,AUS,Australia,2023,非风机采购成本余额,1609.687604602354,406.281088917608,1203.406515684746,True,,943.12808,6.849202095255681,7.092911577168092,390.3509616660346,15.930127251573323,0.0,0.7664,1233.664580167244,376.02302443510985,3.036480441297196,827.3834912496361,0.2523974762282976,0.13160194760762275,10,Fig 2.6,P8,USD/kW numerical units aligned; source-native PV capacity basis and equipment delivery scope not fully harmonized
wind,AUS,Australia,2024,非风机采购成本余额,1380.5779985677066,364.3836903060437,1016.1943082616629,True,,1049.19276,6.955776347473294,6.923819858141843,362.030946206546,2.352744099497743,0.0,0.7663999999999999,1058.07497810229,322.5030204654165,2.903738576261793,693.6912877962463,0.2639356057275119,0.1283470379693345,8,Fig 2.6,Q8,USD/kW numerical units aligned; source-native PV capacity basis and equipment delivery scope not fully harmonized
wind,BRA,Brazil,2010,非风机采购成本余额,3106.241515833783,1889.5287047113413,1216.7128111224417,True,,177.71164000000002,5.180162236673185,7.103908084139171,1709.9807282455577,179.54797646578356,0.0,0.7487648380000008,2325.84442539216,780.3970904416237,1.2309124595953,436.315720680818,0.6083006408483181,0.8646367236567222,9,Fig 2.6,C9,USD/kW numerical units aligned; source-native PV capacity basis and equipment delivery scope not fully harmonized
wind,BRA,Brazil,2011,非风机采购成本余额,3076.062176733474,1827.9583399402059,1248.1038367932683,True,,216.24613,5.376417249698097,7.129380748026941,1654.260941122358,173.6973988178476,0.0,0.761400000000001,2342.1137413648703,733.9484353686039,1.2812730411796378,514.1554014246644,0.5942527279735769,0.5569555419340101,11,Fig 2.6,D9,USD/kW numerical units aligned; source-native PV capacity basis and equipment delivery scope not fully harmonized
wind,BRA,Brazil,2012,非风机采购成本余额,3123.635568353567,1524.7385634438033,1598.8970049097638,True,,261.36127,5.56590362647905,7.377069298570384,1379.8554168812407,144.88314656256267,0.0,0.7500837239999992,2342.9881995294977,780.6473688240694,1.5366491382218206,818.2496360856944,0.48812946647533395,0.5713549088270271,15,Fig 2.6,E9,USD/kW numerical units aligned; source-native PV capacity basis and equipment delivery scope not fully harmonized
wind,BRA,Brazil,2013,非风机采购成本余额,3115.4061913837786,1590.7092704466477,1524.696920937131,True,,292.27612,5.677698971893068,7.329550928920933,1439.556569561617,151.15270088503058,0.0,0.7499999999999996,2336.5546435378324,778.8515478459462,1.4688759831529503,745.8453730911847,0.5105945012390496,0.3604631678124134,10,Fig 2.6,F9,USD/kW numerical units aligned; source-native PV capacity basis and equipment delivery scope not fully harmonized
wind,BRA,Brazil,2014,非风机采购成本余额,2646.2331709806363,1483.250889237711,1162.9822817429254,True,,340.63979000000006,5.830825584658366,7.058742917443819,1342.308497047702,140.94239219000872,0.0,0.737199999999999,1950.8030936469224,695.430077333714,1.3152212533980012,467.5522044092113,0.5605140565478024,0.3951875093846649,10,Fig 2.6,G9,USD/kW numerical units aligned; source-native PV capacity basis and equipment delivery scope not fully harmonized
wind,BRA,Brazil,2015,非风机采购成本余额,2296.044752105918,1272.7341614654622,1023.310590640456,True,,404.24651,6.002024865148459,6.930798327536326,1151.7956212357124,120.93854022974979,0.0,0.7517999999999994,1726.166444633228,569.8783074726903,1.356266294169138,453.4322831677657,0.554315921019448,0.8811989413732855,7,Fig 2.6,H9,USD/kW numerical units aligned; source-native PV capacity basis and equipment delivery scope not fully harmonized
wind,BRA,Brazil,2016,非风机采购成本余额,2406.8480453672,1290.7025722228504,1116.1454731443496,True,,452.48745,6.114760027948734,7.017636486726019,1168.0566264460183,122.64594577683192,0.0,0.7664,1844.608341969422,562.2397033977779,1.4291505895061742,553.9057697465717,0.5362625923590182,0.5010896691988188,6,Fig 2.6,I9,USD/kW numerical units aligned; source-native PV capacity basis and equipment delivery scope not fully harmonized
wind,BRA,Brazil,2017,非风机采购成本余额,2065.9924280499176,1250.1597626852506,815.832665364667,True,,495.6822,6.2059349955659755,6.704209266979939,1131.366301072625,118.79346161262563,0.0,0.7663999999999992,1583.3765968574553,482.6158311924624,1.266539400897433,333.21683417220464,0.6051134291258132,0.4087795402459003,9,Fig 2.6,J9,USD/kW numerical units aligned; source-native PV capacity basis and equipment delivery scope not fully harmonized
wind,BRA,Brazil,2018,非风机采购成本余额,2097.030868371903,1236.9917198875578,860.0391484843453,True,,539.4404499999999,6.290532398624406,6.756977909704906,1119.4495202602332,117.5421996273245,0.0,0.7664000000000012,1607.164457520229,489.8664108516741,1.2992523973129906,370.1727376326712,0.5898776878033921,0.3723750175626745,6,Fig 2.6,K9,USD/kW numerical units aligned; source-native PV capacity basis and equipment delivery scope not fully harmonized
wind,BRA,Brazil,2019,非风机采购成本余额,1855.591229116072,1196.4462208837658,659.1450082323063,True,,594.24654,6.38729428375806,6.490943553137765,1082.7567609807834,113.68945990298228,0.0,0.7664000000000006,1422.1251179945584,433.4661111215132,1.1886243553380047,225.67889711079306,0.6447789804728189,0.29730010505927135,7,Fig 2.6,L9,USD/kW numerical units aligned; source-native PV capacity basis and equipment delivery scope not fully harmonized
wind,BRA,Brazil,2020,非风机采购成本余额,1704.893122200668,1057.7805470291376,647.1125751715304,True,,698.33524,6.5486992739946635,6.472520274993748,957.267463374785,100.51308365435244,0.0,0.7663999999999991,1306.6300888545902,398.2630333460777,1.2352563038943822,248.84954182545266,0.6204380399304793,0.4865415322881259,5,Fig 2.6,M9,USD/kW numerical units aligned; source-native PV capacity basis and equipment delivery scope not fully harmonized
wind,BRA,Brazil,2021,非风机采购成本余额,1306.215139814895,612.8619567508699,693.3531830640252,True,,769.27527,6.645448863841342,6.541539513036707,554.626205204407,58.235751546462744,0.0,0.7663999999999971,1001.0832831541318,305.13185666076333,1.633456396056045,388.22132640326186,0.46918913896352415,0.37154233447226226,6,Fig 2.6,N9,USD/kW numerical units aligned; source-native PV capacity basis and equipment delivery scope not fully harmonized
wind,BRA,Brazil,2022,非风机采购成本余额,1117.2097995602328,484.1591763186413,633.0506232415914,True,,839.7858299999999,6.733146895042726,6.450550392471885,438.1531007408518,46.006075577789446,0.0,0.7664000000000017,856.2295903829644,260.9802091772684,1.7684877872054434,372.070414064323,0.4333645985823082,0.13906810907812173,6,Fig 2.6,O9,USD/kW numerical units aligned; source-native PV capacity basis and equipment delivery scope not fully harmonized
wind,BRA,Brazil,2023,非风机采购成本余额,1099.1746940025257,463.41577840348015,635.7589155990456,True,,943.12808,6.849202095255681,6.45481942795387,419.3807949352761,44.034983468204,0.0,0.766399999999997,842.4074854835324,256.76720851899336,1.8178221906593712,378.99170708005227,0.4216033911006464,0.14189530994891025,7,Fig 2.6,P9,USD/kW numerical units aligned; source-native PV capacity basis and equipment delivery scope not fully harmonized
wind,BRA,Brazil,2024,非风机采购成本余额,1307.044736135391,398.9197531891877,908.1249829462033,True,,1049.19276,6.955776347473294,6.811382015545418,368.0071523885495,30.912600800638163,0.0,0.7664000000000005,1001.7190857741645,305.3256503612266,2.5110791776187096,602.7993325849767,0.3052074211083968,0.13073331482904335,8,Fig 2.6,Q9,USD/kW numerical units aligned; source-native PV capacity basis and equipment delivery scope not fully harmonized
wind,CAN,Canada,2010,非风机采购成本余额,3207.7690771495986,1846.25426498737,1361.5148121622285,True,,177.71164000000002,5.180162236673185,7.216353191351168,1846.25426498737,0.0,0.0,0.7487648379999997,2401.864693393328,805.9043837562708,1.30093927956871,555.6104284059577,0.5755570992123719,0.2746476765827766,14,Fig 2.6,C10,USD/kW numerical units aligned; source-native PV capacity basis and equipment delivery scope not fully harmonized
wind,CAN,Canada,2011,非风机采购成本余额,2958.624826998695,1692.3445846877787,1266.2802423109163,True,,216.24613,5.376417249698097,7.143838938642678,1692.3445846877787,0.0,0.0,0.7614000000000013,2252.69694327681,705.9278837218849,1.3311100845886006,560.3523585890314,0.5720037800144253,0.29991251678473596,17,Fig 2.6,D10,USD/kW numerical units aligned; source-native PV capacity basis and equipment delivery scope not fully harmonized
wind,CAN,Canada,2012,非风机采购成本余额,3223.160817655416,1488.257178373991,1734.9036392814248,True,,261.36127,5.56590362647905,7.458707151519531,1488.257178373991,0.0,0.0,0.7500837239999992,2417.640469157857,805.5203484975591,1.6244776133378176,929.3832907838657,0.4617384184561339,0.28432210242804407,13,Fig 2.6,E10,USD/kW numerical units aligned; source-native PV capacity basis and equipment delivery scope not fully harmonized
wind,CAN,Canada,2013,非风机采购成本余额,3108.906080752496,1527.4401840208943,1581.4658967316018,True,,292.27612,5.677698971893068,7.3661074786381455,1527.4401840208943,0.0,0.0,0.749999999999999,2331.679560564369,777.2265201881273,1.5265275753230232,804.2393765434745,0.4913111378556616,0.30195586853213674,15,Fig 2.6,F10,USD/kW numerical units aligned; source-native PV capacity basis and equipment delivery scope not fully harmonized
wind,CAN,Canada,2014,非风机采购成本余额,2909.720813813772,1397.8075560211164,1511.9132577926557,True,,340.63979000000006,5.830825584658366,7.321131185909052,1397.8075560211164,0.0,0.0,0.7372000000000006,2145.0461839435147,764.6746298702574,1.534579044664364,747.2386279223983,0.48039232815227023,0.32449619841377403,14,Fig 2.6,G10,USD/kW numerical units aligned; source-native PV capacity basis and equipment delivery scope not fully harmonized
wind,CAN,Canada,2015,非风机采购成本余额,3005.7168964844445,1304.2247681576077,1701.4921283268368,True,,404.24651,6.002024865148459,7.439260867616323,1304.2247681576077,0.0,0.0,0.7518000000000012,2259.6979627770093,746.0189337074353,1.7325985657894956,955.4731946194015,0.43391470756379585,0.3254029255528968,16,Fig 2.6,H10,USD/kW numerical units aligned; source-native PV capacity basis and equipment delivery scope not fully harmonized
wind,CAN,Canada,2016,非风机采购成本余额,2815.1240756907487,1241.227443197297,1573.8966324934518,True,,452.48745,6.114760027948734,7.361309754961551,1241.227443197297,0.0,0.0,0.7663999999999994,2157.511091609388,657.6129840813605,1.7382076938710125,916.2836484120912,0.44091393836441695,0.3229259057639244,17,Fig 2.6,I10,USD/kW numerical units aligned; source-native PV capacity basis and equipment delivery scope not fully harmonized
wind,CAN,Canada,2017,非风机采购成本余额,2471.4182906315746,1123.8333629461479,1347.5849276854267,True,,495.6822,6.2059349955659755,7.206069326908724,1123.8333629461479,0.0,0.0,0.7664000000000014,1894.0949779400423,577.3233126915322,1.6853877455414208,770.2616149938945,0.45473215408588347,0.5472161748067732,18,Fig 2.6,J10,USD/kW numerical units aligned; source-native PV capacity basis and equipment delivery scope not fully harmonized
wind,CAN,Canada,2018,非风机采购成本余额,2210.71492193368,1040.8506791243767,1169.8642428093035,True,,539.4404499999999,6.290532398624406,7.064642989272673,1040.8506791243767,0.0,0.0,0.7663999999999999,1694.291916169972,516.4230057637078,1.6277953698366294,653.4412370455957,0.47082085021345027,0.3157757164370075,12,Fig 2.6,K10,USD/kW numerical units aligned; source-native PV capacity basis and equipment delivery scope not fully harmonized
wind,CAN,Canada,2019,非风机采购成本余额,2894.3307568325185,704.4428337885602,2189.8879230439584,True,,594.24654,6.38729428375806,7.6916056448087184,704.4428337885602,0.0,0.0,0.7663999999999995,2218.2150920364406,676.1156647960779,3.148892977030753,1513.7722582478805,0.24338712226500483,0.2359709434874247,14,Fig 2.6,L10,USD/kW numerical units aligned; source-native PV capacity basis and equipment delivery scope not fully harmonized
wind,CAN,Canada,2020,非风机采购成本余额,1658.650703711003,544.3774990809419,1114.2732046300612,True,,698.33524,6.5486992739946635,7.015957636945303,544.3774990809419,0.0,0.0,0.7664000000000014,1271.189899324115,387.460804386888,2.335125719689426,726.8124002431732,0.328205027051791,0.17692360891682057,12,Fig 2.6,M10,USD/kW numerical units aligned; source-native PV capacity basis and equipment delivery scope not fully harmonized
wind,CAN,Canada,2021,非风机采购成本余额,1553.9705855540396,498.9322579384007,1055.038327615639,True,,769.27527,6.645448863841342,6.961332374743764,498.9322579384007,0.0,0.0,0.7663999999999996,1190.9630567686154,363.00752878542426,2.387023564460836,692.0307988302147,0.3210693063154188,0.15656619535895963,17,Fig 2.6,N10,USD/kW numerical units aligned; source-native PV capacity basis and equipment delivery scope not fully harmonized
wind,CAN,Canada,2022,非风机采购成本余额,1819.9977599750696,478.91990944326756,1341.0778505318021,True,,839.7858299999999,6.733146895042726,7.201228935684452,478.91990944326756,0.0,0.0,0.7663999999999999,1394.8462832448931,425.15147673017646,2.912483393865097,915.9263738016257,0.26314313125848454,0.16672157598594048,14,Fig 2.6,O10,USD/kW numerical units aligned; source-native PV capacity basis and equipment delivery scope not fully harmonized
wind,CAN,Canada,2023,非风机采购成本余额,1454.1580407027554,424.53682476240397,1029.6212159403515,True,,943.12808,6.849202095255681,6.936946262072288,424.53682476240397,0.0,0.0,0.7663999999999975,1114.4667223945885,339.6913183081672,2.6251355769156417,689.9298976321843,0.29194682619038903,0.16387699747462822,14,Fig 2.6,P10,USD/kW numerical units aligned; source-native PV capacity basis and equipment delivery scope not fully harmonized
wind,CAN,Canada,2024,非风机采购成本余额,1237.5279556276118,560.342131184351,677.1858244432608,True,,1049.19276,6.955776347473294,6.517945717439862,560.342131184351,0.0,0.0,0.766400000000001,948.4414251930028,289.0865304346089,1.6926113037196695,388.0992940086519,0.45279149342543434,0.3034595045766448,12,Fig 2.6,Q10,USD/kW numerical units aligned; source-native PV capacity basis and equipment delivery scope not fully harmonized
wind,CHN,China,2010,非风机采购成本余额,1765.1775585802086,1119.112956086978,646.0646024932305,True,,177.71164000000002,5.180162236673185,6.470899502642039,1119.112956086978,0.0,0.0,0.5149018457628377,908.893183012089,856.2843755681196,0.8121550001441048,-210.21977307488908,0.6339945523594341,0.0,1,Fig 2.6,C11,USD/kW numerical units aligned; source-native PV capacity basis and equipment delivery scope not fully harmonized
wind,CHN,China,2011,非风机采购成本余额,1717.2558524790718,971.467172218602,745.7886802604698,True,,216.24613,5.376417249698097,6.6144422896467905,971.467172218602,0.0,0.0,0.4776347028835866,820.2209888739417,897.0348636051301,0.8443115859496829,-151.24618334466027,0.5657090472664097,0.0,1,Fig 2.6,D11,USD/kW numerical units aligned; source-native PV capacity basis and equipment delivery scope not fully harmonized
wind,CHN,China,2012,非风机采购成本余额,1679.930392658511,847.4255199196986,832.5048727388124,True,,261.36127,5.56590362647905,6.724439074977184,847.4255199196986,0.0,0.0,0.4685653335275929,787.1571447391752,892.7732479193357,0.928880622823072,-60.26837518052332,0.5044408528014289,0.0,1,Fig 2.6,E11,USD/kW numerical units aligned; source-native PV capacity basis and equipment delivery scope not fully harmonized
wind,CHN,China,2013,非风机采购成本余额,1595.826062577922,781.8066424666732,814.0194201112487,True,,292.27612,5.677698971893068,6.701984223348478,781.8066424666732,0.0,0.0,0.5132821393621037,819.1090154497981,776.7170471281238,1.0477130417636673,37.30237298312488,0.48990717773071757,0.0,1,Fig 2.6,F11,USD/kW numerical units aligned; source-native PV capacity basis and equipment delivery scope not fully harmonized
wind,CHN,China,2014,非风机采购成本余额,1620.231001590525,700.0945572256124,920.1364443649126,True,,340.63979000000006,5.830825584658366,6.824521968138676,700.0945572256124,0.0,0.0,0.4281345602524523,693.6768873733497,926.5541142171752,0.9908331384867564,-6.417669852262634,0.4320955200451996,0.0,1,Fig 2.6,G11,USD/kW numerical units aligned; source-native PV capacity basis and equipment delivery scope not fully harmonized
wind,CHN,China,2015,非风机采购成本余额,1573.0075398913566,618.8076105539675,954.1999293373891,True,,404.24651,6.002024865148459,6.860873219027706,618.8076105539675,0.0,0.0,0.3971056874861195,624.6502405494067,948.35729934195,1.009441755233438,5.842629995439097,0.3933913823430922,0.0,1,Fig 2.6,H11,USD/kW numerical units aligned; source-native PV capacity basis and equipment delivery scope not fully harmonized
wind,CHN,China,2016,非风机采购成本余额,1567.4215724643543,570.5046846470333,996.916887817321,True,,452.48745,6.114760027948734,6.904667404217524,570.5046846470333,0.0,0.0,0.4060448560793077,636.4434668068909,930.9781056574634,1.1155797383165282,65.93878215985762,0.36397654253926476,0.0,1,Fig 2.6,I11,USD/kW numerical units aligned; source-native PV capacity basis and equipment delivery scope not fully harmonized
wind,CHN,China,2017,非风机采购成本余额,1485.129867089238,534.2113357494059,950.918531339832,True,,495.6822,6.2059349955659755,6.857428392566497,534.2113357494059,0.0,0.0,0.4345694689156776,645.392097611781,839.7377694774569,1.208121307846094,111.1807618623751,0.35970681594090276,0.0,1,Fig 2.6,J11,USD/kW numerical units aligned; source-native PV capacity basis and equipment delivery scope not fully harmonized
wind,CHN,China,2018,非风机采购成本余额,1538.8013700592198,502.6044898319903,1036.1968802272295,True,,539.4404499999999,6.290532398624406,6.94331244359371,502.6044898319903,0.0,0.0,0.4155456657450716,639.4422397706868,899.359130288533,1.2722573170495122,136.83774993869645,0.32662077095281494,0.0,1,Fig 2.6,K11,USD/kW numerical units aligned; source-native PV capacity basis and equipment delivery scope not fully harmonized
wind,CHN,China,2019,非风机采购成本余额,1455.786865501193,468.73893763776726,987.0479278634257,True,,594.24654,6.38729428375806,6.894718597386668,468.73893763776726,0.0,0.0,0.4129049271521994,601.1015696488988,854.6852958522942,1.2823802790486736,132.3626320111315,0.32198321659976753,0.0,1,Fig 2.6,L11,USD/kW numerical units aligned; source-native PV capacity basis and equipment delivery scope not fully harmonized
wind,CHN,China,2020,非风机采购成本余额,1487.7151523770567,417.2501354431693,1070.4650169338875,True,,698.33524,6.5486992739946635,6.975848428312097,417.2501354431693,0.0,0.0,0.4068295513862575,605.2464880320957,882.468664344961,1.4505603153112268,187.99635258892647,0.2804637263904257,0.0,1,Fig 2.6,M11,USD/kW numerical units aligned; source-native PV capacity basis and equipment delivery scope not fully harmonized
wind,CHN,China,2021,非风机采购成本余额,1314.7834349389225,389.1392194036976,925.6442155352249,True,,769.27527,6.645448863841342,6.830489944331476,389.1392194036976,0.0,0.0,0.3597189382710309,472.9525012725682,841.8309336663542,1.2153812252522451,83.81328186887072,0.29597210389388184,0.0,1,Fig 2.6,N11,USD/kW numerical units aligned; source-native PV capacity basis and equipment delivery scope not fully harmonized
wind,CHN,China,2022,非风机采购成本余额,1170.7756516936995,365.2981622319275,805.4774894617719,True,,839.7858299999999,6.733146895042726,6.691435256182797,365.2981622319275,0.0,0.0,0.2747435314613647,321.6630370953077,849.1126145983918,0.8805492891888246,-43.63512513661988,0.31201380187866895,0.0,1,Fig 2.6,O11,USD/kW numerical units aligned; source-native PV capacity basis and equipment delivery scope not fully harmonized
wind,CHN,China,2023,非风机采购成本余额,1009.8615152494498,335.97857219698005,673.8829430524697,True,,943.12808,6.849202095255681,6.513056420832723,335.97857219698005,0.0,0.0,0.2331992292703278,235.49892702593704,774.3625882235127,0.7009343646114043,-100.47964517104299,0.33269766906008763,0.0,1,Fig 2.6,P11,USD/kW numerical units aligned; source-native PV capacity basis and equipment delivery scope not fully harmonized
wind,CHN,China,2024,非风机采购成本余额,855.9662826565387,311.13156825430923,544.8347144022296,True,,1049.19276,6.955776347473294,6.300482472339494,311.13156825430923,0.0,0.0,0.2276037530676512,194.82113843199417,661.1451442245445,0.6261696282543514,-116.31042982231497,0.36348577573487495,0.0,1,Fig 2.6,Q11,USD/kW numerical units aligned; source-native PV capacity basis and equipment delivery scope not fully harmonized
wind,DEU,Germany,2010,非风机采购成本余额,2704.819128610142,2111.7501893658186,593.0689392443232,True,,177.71164000000002,5.180162236673185,6.38531064729008,2104.695854577481,7.054334788337724,0.0,0.7481296760000006,2023.5554583257092,681.2636702844325,0.958236191248267,-88.19473104010922,0.780736193052188,0.008179952743827658,16,Fig 2.6,C14,USD/kW numerical units aligned; source-native PV capacity basis and equipment delivery scope not fully harmonized
wind,DEU,Germany,2011,非风机采购成本余额,2704.819128610142,1922.195846895392,782.62328171475,True,,216.24613,5.376417249698097,6.662651458522096,1915.7463331160318,6.449513779360157,0.0,0.7481296760000006,2023.5554583257092,681.2636702844325,1.0527311572304283,101.3596114303175,0.71065596459424,0.008179880566682207,16,Fig 2.6,D14,USD/kW numerical units aligned; source-native PV capacity basis and equipment delivery scope not fully harmonized
wind,DEU,Germany,2012,非风机采购成本余额,2457.322731337371,1700.2150388587393,757.1076924786316,True,,261.36127,5.56590362647905,6.629505505510202,1694.576661834382,5.638377024357195,0.0,0.7501674480000001,1843.4035222797452,613.9192090576255,1.0842178666512203,143.18848342100614,0.6918973308538174,0.22974797259174468,23,Fig 2.6,E14,USD/kW numerical units aligned; source-native PV capacity basis and equipment delivery scope not fully harmonized
wind,DEU,Germany,2013,非风机采购成本余额,2427.545592608569,1643.045030987295,784.5005616212743,True,,292.27612,5.677698971893068,6.66504728806993,1637.559048633846,5.485982353448654,0.0,0.7501674479999997,1821.0656821108173,606.4799104977519,1.1083480049335896,178.02065112352238,0.6768338506144088,0.08823859509721621,21,Fig 2.6,F14,USD/kW numerical units aligned; source-native PV capacity basis and equipment delivery scope not fully harmonized
wind,DEU,Germany,2014,非风机采购成本余额,2394.891197421886,1537.1861962341982,857.7050011876877,True,,340.63979000000006,5.830825584658366,6.754260218908241,1532.0193820291938,5.166814205004225,0.0,0.7501674479999987,1796.5694178076371,598.3217796142487,1.1687389739830325,259.38322157343896,0.641860556291237,0.04284958542868988,15,Fig 2.6,G14,USD/kW numerical units aligned; source-native PV capacity basis and equipment delivery scope not fully harmonized
wind,DEU,Germany,2015,非风机采购成本余额,2350.285901628808,1421.5158333720835,928.7700682567245,True,,404.24651,6.002024865148459,6.833861203611955,1416.7354609229494,4.780372449134047,0.0,0.7501674479999995,1763.107976895261,587.1779247335473,1.2403013286970292,341.5921435231771,0.6048267712395913,0.01247692609626088,14,Fig 2.6,H14,USD/kW numerical units aligned; source-native PV capacity basis and equipment delivery scope not fully harmonized
wind,DEU,Germany,2016,非风机采购成本余额,2305.478060177636,1348.1641399818943,957.3139201957417,True,,452.48745,6.114760027948734,6.86413136294733,1343.6298096857865,4.534330296107708,0.0,0.7501674479999987,1729.4945928234447,575.9834673541914,1.2828516510212704,381.33045284155037,0.5847655474448622,0.006926448072845841,12,Fig 2.6,I14,USD/kW numerical units aligned; source-native PV capacity basis and equipment delivery scope not fully harmonized
wind,DEU,Germany,2017,非风机采购成本余额,2305.1190969879626,1274.991766641208,1030.1273303467547,True,,495.6822,6.2059349955659755,6.937437695279027,1270.7037614263083,4.288005214899555,0.0,0.7501674480000009,1729.2253103235264,575.8937866644362,1.3562639034751844,454.23354368231844,0.5531131854780109,0.06896455042197085,11,Fig 2.6,J14,USD/kW numerical units aligned; source-native PV capacity basis and equipment delivery scope not fully harmonized
wind,DEU,Germany,2018,非风机采购成本余额,2267.184611637869,1240.472819387056,1026.7117922508128,True,,539.4404499999999,6.290532398624406,6.934116539824635,1236.3003057813546,4.172513605701288,0.0,0.7501674479999996,1700.76809425725,566.4165173806186,1.3710643777730138,460.29527487019413,0.547142395471231,5.6818082076750226e-05,7,Fig 2.6,K14,USD/kW numerical units aligned; source-native PV capacity basis and equipment delivery scope not fully harmonized
wind,DEU,Germany,2019,非风机采购成本余额,2098.5998414809087,1146.7108688765206,951.8889726043881,True,,594.24654,6.38729428375806,6.858448402574534,1142.853737444526,3.857131431994641,0.0,0.7501674479999997,1574.3012874569372,524.2985540239715,1.372884246749439,427.59041858041655,0.5464171140255718,0.03501149191518096,7,Fig 2.6,L14,USD/kW numerical units aligned; source-native PV capacity basis and equipment delivery scope not fully harmonized
wind,DEU,Germany,2020,非风机采购成本余额,2089.1128870850494,1037.4798723154054,1051.633014769644,True,,698.33524,6.5486992739946635,6.958099487160983,1033.990155479033,3.4897168363723305,0.0,0.7501674479999998,1567.1844830885032,521.9284039965462,1.5105685661071422,529.7046107730978,0.4966126429687611,0.0184390714462228,6,Fig 2.6,M14,USD/kW numerical units aligned; source-native PV capacity basis and equipment delivery scope not fully harmonized
wind,DEU,Germany,2021,非风机采购成本余额,1944.2419851493808,870.7437759227735,1073.4982092266073,True,,769.27527,6.645448863841342,6.9786779491540605,867.6885393112897,3.0552366114837297,0.0,0.7501674480000003,1458.5070482939657,485.7349368554153,1.675012889696866,587.763272371192,0.4478577165670415,0.005924686094761039,11,Fig 2.6,N14,USD/kW numerical units aligned; source-native PV capacity basis and equipment delivery scope not fully harmonized
wind,DEU,Germany,2022,非风机采购成本余额,2011.739426286796,925.1043294468157,1086.6350968399804,True,,839.7858299999999,6.733146895042726,6.990841133282879,917.6128064501092,7.491522996706497,0.0,0.7501674479999983,1509.1414314585463,502.5979948282493,1.631320255912073,584.0371020117311,0.45985295976146545,0.022996438593388232,9,Fig 2.6,O14,USD/kW numerical units aligned; source-native PV capacity basis and equipment delivery scope not fully harmonized
wind,DEU,Germany,2023,非风机采购成本余额,1791.825824693949,941.4309919416088,850.3948327523402,True,,943.12808,6.849202095255681,6.745700750753798,935.1056132440629,6.325378697545991,0.0,0.7501674479999996,1344.1694061711544,447.6564185227946,1.4277938772749947,402.73841422954564,0.5254031831483448,0.03411478691568526,11,Fig 2.6,P14,USD/kW numerical units aligned; source-native PV capacity basis and equipment delivery scope not fully harmonized
wind,DEU,Germany,2024,非风机采购成本余额,1669.527372030262,875.5377300046706,793.9896420255915,True,,1049.19276,6.955776347473294,6.677070415854225,869.5673688331611,5.970361171509522,0.0,0.750167448000001,1252.42508804209,417.1022839881721,1.4304638682280526,376.8873580374194,0.5244225070356022,0.06680420232967117,11,Fig 2.6,Q14,USD/kW numerical units aligned; source-native PV capacity basis and equipment delivery scope not fully harmonized
wind,ESP,Spain,2010,非风机采购成本余额,2917.3316496399493,1778.076924623156,1139.2547250167934,True,,177.71164000000002,5.180162236673185,7.038129577615569,1772.2857201736683,5.791204449487496,0.0,0.7487648379999999,2184.395360034929,732.9362896050202,1.228515667564769,406.3184354117732,0.6094874145840095,0.7987150606155617,17,Fig 2.6,C18,USD/kW numerical units aligned; source-native PV capacity basis and equipment delivery scope not fully harmonized
wind,ESP,Spain,2011,非风机采购成本余额,2838.1110057057613,1584.1913076390276,1253.9196980667336,True,,216.24613,5.376417249698097,7.1340296825130345,1579.0251325287156,5.166175110312032,0.0,0.7614000000000003,2160.9377197443678,677.173285961394,1.3640636136079312,576.7464121053397,0.5581851113131786,0.7938648523844625,21,Fig 2.6,D18,USD/kW numerical units aligned; source-native PV capacity basis and equipment delivery scope not fully harmonized
wind,ESP,Spain,2012,非风机采购成本余额,2489.7916665030607,1274.352175085531,1215.4394914175298,True,,261.36127,5.56590362647905,7.10286101170056,1272.8347141235158,1.5174609620151343,0.0,0.7500837240000003,1867.5522051947823,622.2394613082781,1.4654914408330149,593.2000301092517,0.5118308460222989,0.7310592302906954,19,Fig 2.6,E18,USD/kW numerical units aligned; source-native PV capacity basis and equipment delivery scope not fully harmonized
wind,ESP,Spain,2013,非风机采购成本余额,2478.4744316553188,1313.9247644918662,1164.5496671634526,True,,292.27612,5.677698971893068,7.060089739478371,1309.9990845646441,3.9256799272220135,0.0,0.7499999999999996,1858.855823741488,619.6186079138308,1.4147353592656895,544.9310592496217,0.5301344842255744,0.8996907130022063,15,Fig 2.6,F18,USD/kW numerical units aligned; source-native PV capacity basis and equipment delivery scope not fully harmonized
wind,ESP,Spain,2014,非风机采购成本余额,2087.660762101033,1230.1364897037813,857.5242723972517,True,,340.63979000000006,5.830825584658366,6.754049484642113,1226.0747874651338,4.061702238647455,0.0,0.7372000000000011,1539.023513820884,548.6372482801492,1.25109979803256,308.88702411710256,0.5892415626309733,0.9880780990548911,14,Fig 2.6,G18,USD/kW numerical units aligned; source-native PV capacity basis and equipment delivery scope not fully harmonized
wind,ESP,Spain,2015,非风机采购成本余额,1974.0001131302856,1130.4731365544947,843.526976575791,True,,404.24651,6.002024865148459,6.7375918831886565,1126.6843302971815,3.7888062573131376,0.0,0.7517999999999985,1484.0532850513457,489.9468280789399,1.3127718271789344,353.58014849685105,0.5726813940055142,0.993053315606587,22,Fig 2.6,H18,USD/kW numerical units aligned; source-native PV capacity basis and equipment delivery scope not fully harmonized
wind,ESP,Spain,2016,非风机采购成本余额,1944.6505362263824,1085.403319352179,859.2472168742033,True,,452.48745,6.114760027948734,6.756056676707186,1081.7743235318567,3.6289958203224475,0.0,0.766400000000001,1490.3801709639015,454.27036526248094,1.3731118602561772,404.9768516117224,0.5581482632136143,0.8582244010767708,21,Fig 2.6,I18,USD/kW numerical units aligned; source-native PV capacity basis and equipment delivery scope not fully harmonized
wind,ESP,Spain,2017,非风机采购成本余额,2134.4262580278214,1055.3854099515834,1079.040848076238,True,,495.6822,6.2059349955659755,6.983827821887474,1051.8359564750067,3.5494534765767036,0.0,0.7664000000000005,1635.8242841525234,498.601973875298,1.5499781110557211,580.4388742009401,0.49445859559783717,0.8798596092568868,19,Fig 2.6,J18,USD/kW numerical units aligned; source-native PV capacity basis and equipment delivery scope not fully harmonized
wind,ESP,Spain,2018,非风机采购成本余额,2785.848293599864,1007.4696711386291,1778.378622461235,True,,539.4404499999999,6.290532398624406,7.483457341919413,1004.0808980478698,3.3887730907594222,0.0,0.7664000000000012,2135.0741322149397,650.7741613849248,2.1192440759054367,1127.6044610763101,0.36163838262591824,0.8216534900705329,16,Fig 2.6,K18,USD/kW numerical units aligned; source-native PV capacity basis and equipment delivery scope not fully harmonized
wind,ESP,Spain,2019,非风机采购成本余额,1848.056275124011,949.4835708386133,898.5727042853978,True,,594.24654,6.38729428375806,6.8008076203516445,946.2898425635581,3.1937282750552547,0.0,0.7664000000000004,1416.3503292550429,431.7059458689682,1.4917059891874462,466.8667584164296,0.5137741656567788,0.7617772815889171,12,Fig 2.6,L18,USD/kW numerical units aligned; source-native PV capacity basis and equipment delivery scope not fully harmonized
wind,ESP,Spain,2020,非风机采购成本余额,1450.2230865567224,875.8118270380781,574.4112595186442,True,,698.33524,6.5486992739946635,6.353345619767945,872.8659045581675,2.9459224799106556,0.0,0.7664000000000012,1111.4509735370737,338.7721130196487,1.269052254404815,235.6391464989955,0.6039152425283244,0.7954646261725509,18,Fig 2.6,M18,USD/kW numerical units aligned; source-native PV capacity basis and equipment delivery scope not fully harmonized
wind,ESP,Spain,2021,非风机采购成本余额,1330.7665242650544,731.3449845394777,599.4215397255767,True,,769.27527,6.645448863841342,6.395965089715005,728.7731579688937,2.5718265705840704,0.0,0.7664000000000024,1019.8994641967408,310.86706006831355,1.3945531667780058,288.5544796572632,0.5495667130215642,0.7380254546259685,16,Fig 2.6,N18,USD/kW numerical units aligned; source-native PV capacity basis and equipment delivery scope not fully harmonized
wind,ESP,Spain,2022,非风机采购成本余额,1230.4390450051137,725.4302486369644,505.0087963681493,True,,839.7858299999999,6.733146895042726,6.2245758476744495,718.5024613276237,6.9277873093405145,0.0,0.7664000000000023,943.008484091922,287.4305609131917,1.2999299186431392,217.57823545495762,0.589570244525156,0.7637703641882471,20,Fig 2.6,O18,USD/kW numerical units aligned; source-native PV capacity basis and equipment delivery scope not fully harmonized
wind,ESP,Spain,2023,非风机采购成本余额,1185.8472461907195,780.8195342956689,405.02771189505063,True,,943.12808,6.849202095255681,6.003955489197918,775.5243086272519,5.295225668417008,0.0,0.7663999999999996,908.8333294805668,277.01391671015256,1.1639479925414151,128.01379518489807,0.6584486634377948,0.8388696337668508,18,Fig 2.6,P18,USD/kW numerical units aligned; source-native PV capacity basis and equipment delivery scope not fully harmonized
wind,ESP,Spain,2024,非风机采购成本余额,1398.8328190572436,704.3477312453122,694.4850878119314,True,,1049.19276,6.955776347473294,6.543170690130803,699.1990870015154,5.148644243796733,0.0,0.7664000000000022,1072.0654725254744,326.76734653176914,1.5220684684112258,367.7177412801623,0.503525311709525,0.8113663848005842,27,Fig 2.6,Q18,USD/kW numerical units aligned; source-native PV capacity basis and equipment delivery scope not fully harmonized
wind,FRA,France,2010,非风机采购成本余额,2950.0624683907927,1968.84348906625,981.2189793245427,True,,177.71164000000002,5.180162236673185,6.888795655169686,1949.115927423472,19.72756164277782,0.0,0.7487648380000007,2208.903046234514,741.1594221562787,1.1219292231715758,240.05955716826406,0.6673904400879415,0.417214693057992,20,Fig 2.6,C13,USD/kW numerical units aligned; source-native PV capacity basis and equipment delivery scope not fully harmonized
wind,FRA,France,2011,非风机采购成本余额,2644.948773343461,1803.5936198025158,841.3551535409454,True,,216.24613,5.376417249698097,6.735013869927218,1785.7325391124627,17.861080690053107,0.0,0.7614000000000006,2013.863996023713,631.0847773197481,1.11658412067582,210.27037622119724,0.6819011536176581,0.4184033555406308,16,Fig 2.6,D13,USD/kW numerical units aligned; source-native PV capacity basis and equipment delivery scope not fully harmonized
wind,FRA,France,2012,非风机采购成本余额,2400.053077507022,1562.9963202819722,837.0567572250498,True,,261.36127,5.56590362647905,6.729891878495179,1547.8052524073928,15.191067874579502,0.0,0.7500837240000006,1800.240750174129,599.8123273328929,1.1517882203646876,237.24442989215686,0.6512340643338956,0.509526311667652,19,Fig 2.6,E13,USD/kW numerical units aligned; source-native PV capacity basis and equipment delivery scope not fully harmonized
wind,FRA,France,2013,非风机采购成本余额,2262.0084106773293,1424.5039292118074,837.5044814655218,True,,292.27612,5.677698971893068,6.730426614688513,1411.5246852619437,12.979243949863788,0.0,0.7499999999999997,1696.5063080079965,565.502102669333,1.1909453341744654,272.00237879618885,0.629751826955081,0.44977802353931023,18,Fig 2.6,F13,USD/kW numerical units aligned; source-native PV capacity basis and equipment delivery scope not fully harmonized
wind,FRA,France,2014,非风机采购成本余额,2137.2782742110044,1412.2357781286755,725.0424960823289,True,,340.63979000000006,5.830825584658366,6.586230268422836,1398.1240562086969,14.111721919978654,0.0,0.7372000000000015,1575.6015437483557,561.6767304626487,1.1156788180484647,163.36576561968013,0.6607636427923805,0.4205482375962426,17,Fig 2.6,G13,USD/kW numerical units aligned; source-native PV capacity basis and equipment delivery scope not fully harmonized
wind,FRA,France,2015,非风机采购成本余额,2131.6884264783607,1265.4926011811738,866.195825297187,True,,404.24651,6.002024865148459,6.76411100920898,1252.8079207594649,12.684680421709018,0.0,0.7518000000000004,1602.6033590264324,529.0850674519284,1.2663869844285212,337.1107578452586,0.5936573963915641,0.3894913531914071,17,Fig 2.6,H13,USD/kW numerical units aligned; source-native PV capacity basis and equipment delivery scope not fully harmonized
wind,FRA,France,2016,非风机采购成本余额,2109.213578229046,1240.4299214150672,868.783656813979,True,,452.48745,6.114760027948734,6.767094137784942,1227.99845442331,12.431466991757205,0.0,0.7663999999999984,1616.5012863547377,492.7122918743085,1.3031782436452772,376.07136493967045,0.5881006713680301,0.40298997079359133,15,Fig 2.6,I13,USD/kW numerical units aligned; source-native PV capacity basis and equipment delivery scope not fully harmonized
wind,FRA,France,2017,非风机采购成本余额,2402.662458269312,1183.6300141479592,1219.032444121353,True,,495.6822,6.2059349955659755,7.105812744485049,1171.7661136352835,11.863900512675649,0.0,0.7664000000000007,1841.4005080176023,561.2619502517095,1.5557230604220025,657.7704938696434,0.4926326667627514,0.41275710315494707,17,Fig 2.6,J13,USD/kW numerical units aligned; source-native PV capacity basis and equipment delivery scope not fully harmonized
wind,FRA,France,2018,非风机采购成本余额,2320.5563744430056,882.4999124519691,1438.0564619910365,True,,539.4404499999999,6.290532398624406,7.271047801759849,873.6541638863979,8.845748565571263,0.0,0.7663999999999986,1778.4744053731165,542.0819690698893,2.0152686479387163,895.9744929211472,0.38029669184994147,0.3074549467196213,19,Fig 2.6,K13,USD/kW numerical units aligned; source-native PV capacity basis and equipment delivery scope not fully harmonized
wind,FRA,France,2019,非风机采购成本余额,2101.797854337148,713.531506095242,1388.2663482419057,True,,594.24654,6.38729428375806,7.23581101620358,706.3794143981503,7.152091697091711,0.0,0.7663999999999991,1610.817875563988,490.9799787731597,2.2575287311125063,897.286369468746,0.3394862663042689,0.263391969770379,25,Fig 2.6,L13,USD/kW numerical units aligned; source-native PV capacity basis and equipment delivery scope not fully harmonized
wind,FRA,France,2020,非风机采购成本余额,1823.726881097778,752.0344593353695,1071.6924217624085,True,,698.33524,6.5486992739946635,6.976994380463577,744.4964328199414,7.538026515428197,0.0,0.7663999999999991,1397.7042816733351,426.02259942444266,1.8585641446651169,645.6698223379658,0.412361339370448,0.31826653116218606,18,Fig 2.6,M13,USD/kW numerical units aligned; source-native PV capacity basis and equipment delivery scope not fully harmonized
wind,FRA,France,2021,非风机采购成本余额,2020.280869555222,826.8780662271564,1193.4028033280656,True,,769.27527,6.645448863841342,7.084564004111589,818.5268078525086,8.351258374647838,0.0,0.7664000000000006,1548.3432584271234,471.9376111280985,1.8725170271982616,721.4651921999671,0.40928866806980113,0.6207791135757481,14,Fig 2.6,N13,USD/kW numerical units aligned; source-native PV capacity basis and equipment delivery scope not fully harmonized
wind,FRA,France,2022,非风机采购成本余额,2035.8130904453128,631.8088401589966,1404.0042502863162,True,,839.7858299999999,6.733146895042726,7.2470836118506305,614.6207184716619,17.18812168733464,0.0,0.7664000000000011,1560.24715251729,475.5659379280228,2.4694924371818665,928.4383123582934,0.3103471743669725,0.5356970405337127,23,Fig 2.6,O13,USD/kW numerical units aligned; source-native PV capacity basis and equipment delivery scope not fully harmonized
wind,FRA,France,2023,非风机采购成本余额,1787.5143272747575,775.6782641617546,1011.836063113003,True,,943.12808,6.849202095255681,6.919521843753792,760.2715335883485,15.406730573406046,0.0,0.766399999999999,1369.9509804233724,417.5633468513852,1.7661330009083396,594.2727162616178,0.4339424038879469,0.9174670322810571,22,Fig 2.6,P13,USD/kW numerical units aligned; source-native PV capacity basis and equipment delivery scope not fully harmonized
wind,FRA,France,2024,非风机采购成本余额,1860.4830152221043,685.4288185538263,1175.054196668278,True,,1049.19276,6.955776347473294,7.069069550338609,671.0497795286875,14.379039025138766,0.0,0.7664000000000017,1425.874182866224,434.6088323558804,2.080265877753213,740.4453643123977,0.36841444557450037,0.7433927953978198,17,Fig 2.6,Q13,USD/kW numerical units aligned; source-native PV capacity basis and equipment delivery scope not fully harmonized
wind,GBR,United Kingdom,2010,非风机采购成本余额,2646.677480945218,1954.516173855145,692.161307090073,True,,177.71164000000002,5.180162236673185,6.539819031184768,1934.925057303951,19.591116551193952,0.0,0.7487648379999995,1981.7390352581929,664.9384456870253,1.0139281842571564,27.222861403047773,0.7384791641318992,0.3338881521527735,17,Fig 2.6,C21,USD/kW numerical units aligned; source-native PV capacity basis and equipment delivery scope not fully harmonized
wind,GBR,United Kingdom,2011,非风机采购成本余额,2809.9113674102177,1723.3254157009217,1086.585951709296,True,,216.24613,5.376417249698097,6.990795905365796,1706.1279965382143,17.19741916270725,0.0,0.7613999999999993,2139.4665151461377,670.44485226408,1.2414756352188765,416.141099445216,0.6133024107764798,0.32580605688997394,14,Fig 2.6,D21,USD/kW numerical units aligned; source-native PV capacity basis and equipment delivery scope not fully harmonized
wind,GBR,United Kingdom,2012,非风机采购成本余额,2747.880979690672,1517.4181726821034,1230.4628070085687,True,,261.36127,5.56590362647905,7.115145643456841,1502.5434439660255,14.874728716077918,0.0,0.7500837240000008,2061.14079835515,686.7401813355223,1.3583208870577788,543.7226256730464,0.5522139364467374,0.44774529457028206,19,Fig 2.6,E21,USD/kW numerical units aligned; source-native PV capacity basis and equipment delivery scope not fully harmonized
wind,GBR,United Kingdom,2013,非风机采购成本余额,2761.2528998111115,1463.0944076748347,1298.158492136277,True,,292.27612,5.677698971893068,7.168701994691411,1448.5777434592403,14.5166642155944,0.0,0.7500000000000001,2070.939674858334,690.3132249527775,1.4154518423383848,607.8452671834993,0.5298661371346755,0.39394219472755976,17,Fig 2.6,F21,USD/kW numerical units aligned; source-native PV capacity basis and equipment delivery scope not fully harmonized
wind,GBR,United Kingdom,2014,非风机采购成本余额,2697.606225405735,1340.7205583042532,1356.8856671014819,True,,340.63979000000006,5.830825584658366,7.212947402122784,1327.281829542796,13.438728761457215,0.0,0.7371999999999986,1988.6753093691043,708.9309160366308,1.4832884429581537,647.954751064851,0.4970038049577089,0.4341917454006561,14,Fig 2.6,G21,USD/kW numerical units aligned; source-native PV capacity basis and equipment delivery scope not fully harmonized
wind,GBR,United Kingdom,2015,非风机采购成本余额,2657.2208697143733,1180.3641632569222,1476.856706457451,True,,404.24651,6.002024865148459,7.297671261208478,1168.5327687642346,11.831394492687746,0.0,0.7518000000000008,1997.698649851268,659.5222198631054,1.692442647817359,817.3344865943457,0.4442100303780169,0.5475559510598436,18,Fig 2.6,H21,USD/kW numerical units aligned; source-native PV capacity basis and equipment delivery scope not fully harmonized
wind,GBR,United Kingdom,2016,非风机采购成本余额,2491.129940503493,1179.8091855789721,1311.3207549245208,True,,452.48745,6.114760027948734,7.1787901181590295,1167.983353911764,11.825831667208238,0.0,0.7664000000000009,1909.2019864018791,581.9279541016138,1.6182294643391577,729.392800822907,0.47360403261040485,0.4179629434795641,15,Fig 2.6,I21,USD/kW numerical units aligned; source-native PV capacity basis and equipment delivery scope not fully harmonized
wind,GBR,United Kingdom,2017,非风机采购成本余额,2516.6323084024853,1186.0247128476274,1330.6075955548579,True,,495.6822,6.2059349955659755,7.193390955659793,1174.1365797675292,11.888133080098143,0.0,0.7663999999999986,1928.7470011596613,587.885307242824,1.62622834100039,742.7222883120339,0.471274531797017,0.33806317615910464,17,Fig 2.6,J21,USD/kW numerical units aligned; source-native PV capacity basis and equipment delivery scope not fully harmonized
wind,GBR,United Kingdom,2018,非风机采购成本余额,2198.396210530895,1130.4972461210923,1067.8989644098028,True,,539.4404499999999,6.290532398624406,6.973448412432487,1119.165693276545,11.331552844547373,0.0,0.7663999999999983,1684.8508557508744,513.5453547800207,1.490362636027512,554.3536096297821,0.5142372611023043,0.41233130646378063,13,Fig 2.6,K21,USD/kW numerical units aligned; source-native PV capacity basis and equipment delivery scope not fully harmonized
wind,GBR,United Kingdom,2019,非风机采购成本余额,2258.591645264536,1113.7073436719577,1144.8843015925784,True,,594.24654,6.38729428375806,7.0430588642387475,1102.5440846180497,11.16325905390793,0.0,0.7663999999999986,1730.9846369307377,527.6070083337986,1.554254487739643,617.2772932587798,0.49309814193592993,0.29612238438777466,13,Fig 2.6,L21,USD/kW numerical units aligned; source-native PV capacity basis and equipment delivery scope not fully harmonized
wind,GBR,United Kingdom,2020,非风机采购成本余额,2047.40763272174,1021.4921087714954,1025.9155239502445,True,,698.33524,6.5486992739946635,6.93334068700983,1011.2531702419693,10.238938529526038,0.0,0.7663999999999999,1569.133209717941,478.2744230037988,1.536118777858274,547.6411009464457,0.4989197522007699,0.293257843500798,10,Fig 2.6,M21,USD/kW numerical units aligned; source-native PV capacity basis and equipment delivery scope not fully harmonized
wind,GBR,United Kingdom,2021,非风机采购成本余额,2203.410301410913,974.7938065656936,1228.6164948452192,True,,769.27527,6.645448863841342,7.113644014364283,974.7938065656936,0.0,0.0,0.766400000000001,1688.6936550013256,514.7166464095872,1.732359852542334,713.8998484356321,0.44240230970214783,0.29642910964084757,9,Fig 2.6,N21,USD/kW numerical units aligned; source-native PV capacity basis and equipment delivery scope not fully harmonized
wind,GBR,United Kingdom,2022,非风机采购成本余额,1573.6200074383676,804.8961903110101,768.7238171273575,True,,839.7858299999999,6.733146895042726,6.644731759519383,804.8961903110101,0.0,0.0,0.7663999999999987,1206.022373700763,367.5976337376046,1.4983576617933272,401.1261833897529,0.5114933633954414,0.37757346181396356,19,Fig 2.6,O21,USD/kW numerical units aligned; source-native PV capacity basis and equipment delivery scope not fully harmonized
wind,GBR,United Kingdom,2023,非风机采购成本余额,1303.0584580732284,745.0725657083638,557.9858923648646,True,,943.12808,6.849202095255681,6.324333679561461,745.0725657083638,0.0,0.0,0.766399999999999,998.6640022673208,304.39445580590746,1.3403580379017968,253.59143655895718,0.5717875211907743,0.6722921721205797,22,Fig 2.6,P21,USD/kW numerical units aligned; source-native PV capacity basis and equipment delivery scope not fully harmonized
wind,GBR,United Kingdom,2024,非风机采购成本余额,1925.620884875948,796.6747553890768,1128.946129486871,True,,1049.19276,6.955776347473294,7.029039847764904,796.6747553890768,0.0,0.0,0.7663999999999991,1475.7958461689248,449.8250387070232,1.852444596977572,679.1210907798479,0.4137235743786608,0.4771539478837282,20,Fig 2.6,Q21,USD/kW numerical units aligned; source-native PV capacity basis and equipment delivery scope not fully harmonized
wind,IND,India,2010,非风机采购成本余额,1607.2867942080602,1699.1182848786843,-91.83149067062413,False,nonpositive_balance: procurement_proxy_exceeds_TIC; no log; no clipping,177.71164000000002,5.180162236673185,,1667.8461692060705,31.27211567261377,0.0,0.7494000000000002,1204.5007235795206,402.7860706285396,0.7088975113145346,-494.61756129916375,1.057134477183253,0.8608149913062262,13,Fig 2.6,C15,USD/kW numerical units aligned; source-native PV capacity basis and equipment delivery scope not fully harmonized
wind,IND,India,2011,非风机采购成本余额,1439.2246792330563,1572.9879773577802,-133.76329812472386,False,nonpositive_balance: procurement_proxy_exceeds_TIC; no log; no clipping,216.24613,5.376417249698097,,1544.0372783880052,28.950698969775065,0.0,0.781599999999998,1124.898009288554,314.3266699445023,0.7151345245359702,-448.0899680692262,1.0929412204048672,0.88644075887965,11,Fig 2.6,D15,USD/kW numerical units aligned; source-native PV capacity basis and equipment delivery scope not fully harmonized
wind,IND,India,2012,非风机采购成本余额,1727.3567208366633,1380.1211221512212,347.235598685442,True,,261.36127,5.56590362647905,5.850003508306317,1354.7201199030394,25.401002248181936,0.0,0.7744000000000014,1337.6650446159144,389.6916762207488,0.9692374264447668,-42.45607753530675,0.7989786391561005,0.8967496436207685,13,Fig 2.6,E15,USD/kW numerical units aligned; source-native PV capacity basis and equipment delivery scope not fully harmonized
wind,IND,India,2013,非风机采购成本余额,1775.4884766427886,1360.7693661596145,414.71911048317406,True,,292.27612,5.677698971893068,6.0276014488603815,1335.7245311996214,25.04483495999287,0.0,0.7690999999999995,1365.5281873859676,409.96028925682094,1.0034971548777465,4.75882122635312,0.7664197115672908,0.9518587358505192,12,Fig 2.6,F15,USD/kW numerical units aligned; source-native PV capacity basis and equipment delivery scope not fully harmonized
wind,IND,India,2014,非风机采购成本余额,1697.2585891987796,1087.9527959758325,609.3057932229472,True,,340.63979000000006,5.830825584658366,6.412320265206864,1067.9291248842526,20.02367109157972,0.0,0.7944999999999998,1348.47194911843,348.7866400803496,1.2394581401934135,260.51915314259753,0.6410059155979405,0.6866049905454219,7,Fig 2.6,G15,USD/kW numerical units aligned; source-native PV capacity basis and equipment delivery scope not fully harmonized
wind,IND,India,2015,非风机采购成本余额,1517.2250364441445,1065.7810948732088,451.44394157093575,True,,404.24651,6.002024865148459,6.112451204729751,1045.6427420635289,20.138352809679873,0.0,0.7738000000000024,1174.0287332004823,343.196303243662,1.1015664838192227,108.24763832727376,0.7024541971512903,0.8384867649317014,11,Fig 2.6,H15,USD/kW numerical units aligned; source-native PV capacity basis and equipment delivery scope not fully harmonized
wind,IND,India,2016,非风机采购成本余额,1395.643984213105,999.9346642793232,395.7093199337819,True,,452.48745,6.114760027948734,5.9806799011435325,975.5538179745957,24.380846304727562,0.0,0.7663999999999972,1069.62154950092,326.02243471218526,1.0696914385619598,69.68688522159664,0.7164682939131561,0.8153052014523536,9,Fig 2.6,I15,USD/kW numerical units aligned; source-native PV capacity basis and equipment delivery scope not fully harmonized
wind,IND,India,2017,非风机采购成本余额,1379.8823534779967,918.8861832780236,460.9961701999731,True,,495.6822,6.2059349955659755,6.133389735369891,903.8456642826444,15.040518995379221,0.0,0.7663999999999982,1057.541835705534,322.3405177724626,1.1508953502085228,138.65565242751052,0.6659163232010097,0.7601831684438718,7,Fig 2.6,J15,USD/kW numerical units aligned; source-native PV capacity basis and equipment delivery scope not fully harmonized
wind,IND,India,2018,非风机采购成本余额,1381.2400608612577,927.3647271676457,453.875333693612,True,,539.4404499999999,6.290532398624406,6.117822564944611,910.2966647044375,17.068062463208175,0.0,0.7663999999999986,1058.582382644066,322.6576782171917,1.141495197770983,131.2176554764203,0.6714001088191702,0.8175393304964879,14,Fig 2.6,K15,USD/kW numerical units aligned; source-native PV capacity basis and equipment delivery scope not fully harmonized
wind,IND,India,2019,非风机采购成本余额,1255.719701089365,840.3959822085252,415.3237188808397,True,,594.24654,6.38729428375806,6.029058261649329,824.928571493031,15.46741071549431,0.0,0.766400000000003,962.383578914893,293.33612217447194,1.1451549023185348,121.98759670636775,0.6692544374986416,0.7664472316330875,10,Fig 2.6,L15,USD/kW numerical units aligned; source-native PV capacity basis and equipment delivery scope not fully harmonized
wind,IND,India,2020,非风机采购成本余额,1222.0443385764129,813.3093496308647,408.73498894554814,True,,698.33524,6.5486992739946635,6.013066997244873,798.3404658953274,14.968883735537375,0.0,0.7664000000000017,936.574781084965,285.46955749144786,1.1515603275802084,123.26543145410028,0.6655317846963779,0.8562034868903613,7,Fig 2.6,M15,USD/kW numerical units aligned; source-native PV capacity basis and equipment delivery scope not fully harmonized
wind,IND,India,2021,非风机采购成本余额,1051.781225948876,728.8980096987785,322.88321625009746,True,,769.27527,6.645448863841342,5.777290698247005,715.4827089067766,13.415300792002052,0.0,0.7663999999999971,806.0851315672155,245.6960943816605,1.1058956408734533,77.18712186843698,0.6930129495715187,0.7297216621551781,7,Fig 2.6,N15,USD/kW numerical units aligned; source-native PV capacity basis and equipment delivery scope not fully harmonized
wind,IND,India,2022,非风机采购成本余额,1191.1010340630933,630.3557723174745,560.7452617456188,True,,839.7858299999999,6.733146895042726,6.329266723512846,618.7541323361712,11.601639981303205,0.0,0.766400000000002,912.859832505957,278.24120155713626,1.4481660557336835,282.5040601884825,0.5292210772139118,0.5891937542154267,4,Fig 2.6,O15,USD/kW numerical units aligned; source-native PV capacity basis and equipment delivery scope not fully harmonized
wind,IND,India,2023,非风机采购成本余额,1236.9870705080064,583.7921118180957,653.1949586899107,True,,943.12808,6.849202095255681,6.4818756432005,573.0474717232842,10.74464009481157,0.0,0.7663999999999977,948.0268908373332,288.960179670673,1.6239117857980403,364.23477901923764,0.4719468179876316,0.5807067705402871,5,Fig 2.6,P15,USD/kW numerical units aligned; source-native PV capacity basis and equipment delivery scope not fully harmonized
wind,IND,India,2024,非风机采购成本余额,1110.269638408882,546.3302395020477,563.9393989068343,True,,1049.19276,6.955776347473294,6.334946796978281,536.2750817198014,10.05515778224627,0.0,0.7664000000000014,850.9106508765688,259.3589875323132,1.5575023847336926,304.5804113745211,0.4920698725806723,0.5700132156245437,7,Fig 2.6,Q15,USD/kW numerical units aligned; source-native PV capacity basis and equipment delivery scope not fully harmonized
wind,ITA,Italy,2010,非风机采购成本余额,3042.576771339253,1727.31502224317,1315.261749096083,True,,177.71164000000002,5.180162236673185,7.181790973546561,1715.7346524488871,11.58036979428305,0.0,0.7487648380000008,2278.1745032944013,764.4022680448516,1.3189108378944443,550.8594810512313,0.5677145235953591,0.9228702167224705,14,Fig 2.6,C16,USD/kW numerical units aligned; source-native PV capacity basis and equipment delivery scope not fully harmonized
wind,ITA,Italy,2011,非风机采购成本余额,3732.377300030415,1683.049864412367,2049.327435618048,True,,216.24613,5.376417249698097,7.625266938116058,1671.886284265245,11.163580147122302,0.0,0.761400000000001,2841.8320762431617,890.5452237872532,1.6885014142081756,1158.782211830795,0.4509324028947052,0.6766079335077282,17,Fig 2.6,D16,USD/kW numerical units aligned; source-native PV capacity basis and equipment delivery scope not fully harmonized
wind,ITA,Italy,2012,非风机采购成本余额,3492.0935581917875,1474.1807348176385,2017.912823374149,True,,261.36127,5.56590362647905,7.609819000463158,1464.4347885992509,9.7459462183878,0.0,0.7500837239999995,2619.3625406849046,872.7310175068828,1.776825920200977,1145.1818058672661,0.4221481212493551,0.8095938440238343,17,Fig 2.6,E16,USD/kW numerical units aligned; source-native PV capacity basis and equipment delivery scope not fully harmonized
wind,ITA,Italy,2013,非风机采购成本余额,2409.1721620428693,1411.8517906055165,997.3203714373528,True,,292.27612,5.677698971893068,6.905072053788346,1402.631538725432,9.220251880084557,0.0,0.7499999999999999,1806.879121532152,602.2930405107177,1.2797937669910904,395.02733092663516,0.5860319211925186,0.7301473990817771,21,Fig 2.6,F16,USD/kW numerical units aligned; source-native PV capacity basis and equipment delivery scope not fully harmonized
wind,ITA,Italy,2014,非风机采购成本余额,2361.529671561993,1183.7825766289636,1177.7470949330293,True,,340.63979000000006,5.830825584658366,7.071358650952638,1175.9044439468053,7.878132682158306,0.0,0.7372000000000009,1740.9196738755031,620.6099976864898,1.4706414068308789,557.1370972465395,0.5012778754738115,0.668737359245459,18,Fig 2.6,G16,USD/kW numerical units aligned; source-native PV capacity basis and equipment delivery scope not fully harmonized
wind,ITA,Italy,2015,非风机采购成本余额,2527.535652399827,1142.5655518672838,1384.9701005325433,True,,404.24651,6.002024865148459,7.233433830325268,1135.0121653387298,7.553386528554081,0.0,0.7517999999999991,1900.201303474188,627.3343489256392,1.6631004675125254,757.635751606904,0.45204725432159526,0.7154707279971946,22,Fig 2.6,H16,USD/kW numerical units aligned; source-native PV capacity basis and equipment delivery scope not fully harmonized
wind,ITA,Italy,2016,非风机采购成本余额,2129.873112690811,1062.1705855925125,1067.7025270982986,True,,452.48745,6.114760027948734,6.9732644480432135,1055.0513655224438,7.119220070068757,0.0,0.7664000000000003,1632.3347535662383,497.5383591245727,1.5367915245512742,570.1641679737259,0.49870134481889455,0.6974997594771027,22,Fig 2.6,I16,USD/kW numerical units aligned; source-native PV capacity basis and equipment delivery scope not fully harmonized
wind,ITA,Italy,2017,非风机采购成本余额,3047.6230662438456,892.9370388435947,2154.686027400251,True,,495.6822,6.2059349955659755,7.67540029698143,887.0126647980516,5.924374045543126,0.0,0.7663999999999989,2335.69831796928,711.9247482745659,2.615748049822351,1442.7612791256852,0.2929945795246023,0.579605580160446,22,Fig 2.6,J16,USD/kW numerical units aligned; source-native PV capacity basis and equipment delivery scope not fully harmonized
wind,ITA,Italy,2018,非风机采购成本余额,2093.797504944295,889.6410500716313,1204.1564548726635,True,,539.4404499999999,6.290532398624406,7.093534563334056,883.6762353774909,5.964814694140444,0.0,0.7664000000000017,1604.6864077893113,489.1110971549836,1.8037459126465736,715.04535771768,0.4248935477145389,0.5632698280933457,12,Fig 2.6,K16,USD/kW numerical units aligned; source-native PV capacity basis and equipment delivery scope not fully harmonized
wind,ITA,Italy,2019,非风机采购成本余额,1988.9232899516264,930.5069133345531,1058.4163766170732,True,,594.24654,6.38729428375806,6.9645290856752515,924.2681035255741,6.238809808978931,0.0,0.7663999999999986,1524.3108094189238,464.61248053270265,1.6381509772521965,593.8038960843705,0.46784454585836965,0.9134978623688957,14,Fig 2.6,L16,USD/kW numerical units aligned; source-native PV capacity basis and equipment delivery scope not fully harmonized
wind,ITA,Italy,2020,非风机采购成本余额,2037.3177709416573,664.1411723675014,1373.1765985741558,True,,698.33524,6.5486992739946635,7.224882019910623,659.6882764230053,4.452895944496229,0.0,0.7663999999999989,1561.4003396496837,475.9174312919736,2.35100669046563,897.2591672821823,0.3259880131809445,0.4212036222784379,10,Fig 2.6,M16,USD/kW numerical units aligned; source-native PV capacity basis and equipment delivery scope not fully harmonized
wind,ITA,Italy,2021,非风机采购成本余额,1564.420272621896,600.633651759135,963.786620862761,True,,769.27527,6.645448863841342,6.870869922456801,596.3482434101853,4.285408348949581,0.0,0.766399999999998,1198.9716969374178,365.4485756844781,1.996178025366828,598.3380451782829,0.3839336924166169,0.436133292110776,15,Fig 2.6,N16,USD/kW numerical units aligned; source-native PV capacity basis and equipment delivery scope not fully harmonized
wind,ITA,Italy,2022,非风机采购成本余额,1538.4390431300335,582.8697408439812,955.5693022860523,True,,839.7858299999999,6.733146895042726,6.862307290915211,569.3991840183218,13.470556825659326,0.0,0.7664000000000016,1179.05968265486,359.37936047517337,2.0228527920279573,596.189941810879,0.3788708713853899,0.4689900531829553,18,Fig 2.6,O16,USD/kW numerical units aligned; source-native PV capacity basis and equipment delivery scope not fully harmonized
wind,ITA,Italy,2023,非风机采购成本余额,1401.7706099642528,531.8993480215966,869.8712619426562,True,,943.12808,6.849202095255681,6.768345225920726,519.1963560291399,12.70299199245661,0.0,0.7664000000000013,1074.3169954766051,327.45361448764766,2.019774980872855,542.4176474550086,0.3794482094578661,0.4268620417089626,20,Fig 2.6,P16,USD/kW numerical units aligned; source-native PV capacity basis and equipment delivery scope not fully harmonized
wind,ITA,Italy,2024,非风机采购成本余额,1408.131747785429,653.9514921438818,754.1802556415473,True,,1049.19276,6.955776347473294,6.625631405273868,644.4570524238334,9.494439720048415,0.0,0.7663999999999995,1079.1921715027522,328.93957628267685,1.65026333675726,425.24067935887047,0.4644107294451334,0.8425115180679532,16,Fig 2.6,Q16,USD/kW numerical units aligned; source-native PV capacity basis and equipment delivery scope not fully harmonized
wind,POL,Poland,2010,非风机采购成本余额,3129.841562382764,1928.7167263623667,1201.1248360203974,True,,177.71164000000002,5.180162236673185,7.091013760075743,1909.385655270936,19.331071091430648,0.0,0.7664000000000001,2398.7105734101506,731.1309889726135,1.2436821543691434,469.9938470477839,0.6162346201620587,0.30578479819362997,14,Fig 2.6,C17,USD/kW numerical units aligned; source-native PV capacity basis and equipment delivery scope not fully harmonized
wind,POL,Poland,2011,非风机采购成本余额,2691.817910915693,1589.0770337478502,1102.7408771678429,True,,216.24613,5.376417249698097,7.005554066149054,1574.720500833655,14.3565329141952,0.0,0.7664,2063.009246925787,628.8086639899061,1.29824369940088,473.9322131779368,0.5903360057542985,0.3605295509661188,17,Fig 2.6,D17,USD/kW numerical units aligned; source-native PV capacity basis and equipment delivery scope not fully harmonized
wind,POL,Poland,2012,非风机采购成本余额,2684.699599991936,1422.8128243969222,1261.8867755950137,True,,261.36127,5.56590362647905,7.140363320847246,1411.131332421372,11.681491975550285,0.0,0.7664,2057.5537734338195,627.1458265581164,1.4461169720661882,634.7409490368973,0.5299709600288971,0.25294106336167277,12,Fig 2.6,E17,USD/kW numerical units aligned; source-native PV capacity basis and equipment delivery scope not fully harmonized
wind,POL,Poland,2013,非风机采购成本余额,2759.507417153754,1471.7067237408337,1287.8006934129203,True,,292.27612,5.677698971893068,7.160691153551617,1457.005003819129,14.701719921704806,0.0,0.7664,2114.886484506637,644.6209326471171,1.437029844594952,643.1797607658032,0.5333222569333769,0.5427650191069047,13,Fig 2.6,F17,USD/kW numerical units aligned; source-native PV capacity basis and equipment delivery scope not fully harmonized
wind,POL,Poland,2014,非风机采购成本余额,2486.027904399791,1286.1611128039785,1199.8667915958126,True,,340.63979000000006,5.830825584658366,7.089965822610869,1273.2692613055815,12.891851498397223,0.0,0.7664,1905.291785932,580.7361184677914,1.481378784480775,619.1306731280213,0.5173558633544382,0.8019439253097093,13,Fig 2.6,G17,USD/kW numerical units aligned; source-native PV capacity basis and equipment delivery scope not fully harmonized
wind,POL,Poland,2015,非风机采购成本余额,2310.548393337525,1160.1549687304237,1150.3934246071012,True,,404.24651,6.002024865148459,7.047859271205577,1148.526141343944,11.62882738647984,0.0,0.7664,1770.804288653879,539.7441046836459,1.526351510257029,610.6493199234553,0.5021123868583471,0.8013050996193773,9,Fig 2.6,H17,USD/kW numerical units aligned; source-native PV capacity basis and equipment delivery scope not fully harmonized
wind,POL,Poland,2016,非风机采购成本余额,2298.156521000269,1107.2738927546727,1190.8826282455964,True,,452.48745,6.114760027948734,7.0824500155868595,1096.1767996360215,11.097093118651404,0.0,0.7664,1761.307157694606,536.849363305663,1.590669814595583,654.0332649399334,0.48180960810829954,0.8393679087216819,11,Fig 2.6,I17,USD/kW numerical units aligned; source-native PV capacity basis and equipment delivery scope not fully harmonized
wind,POL,Poland,2017,非风机采购成本余额,1712.2026322546378,753.3605898161043,958.8420424385336,True,,495.6822,6.2059349955659755,6.865726350616968,745.8092708157338,7.551319000370351,0.0,0.7663999999999999,1312.2320973599542,399.9705348946836,1.7418379924549416,558.8715075438499,0.4399949956998226,0.19349464963281449,7,Fig 2.6,J17,USD/kW numerical units aligned; source-native PV capacity basis and equipment delivery scope not fully harmonized
wind,POL,Poland,2020,非风机采购成本余额,1739.900995381421,826.9842920799464,912.9167033014745,True,,698.33524,6.5486992739946635,6.816644642370976,818.695005007848,8.289287072098487,0.0,0.7664000000000001,1333.460122860321,406.4408725210999,1.612437062748239,506.4758307803746,0.47530537327996353,0.28177775695548135,8,Fig 2.6,M17,USD/kW numerical units aligned; source-native PV capacity basis and equipment delivery scope not fully harmonized
wind,POL,Poland,2021,非风机采购成本余额,1920.241670095832,684.5679529568307,1235.6737171390014,True,,769.27527,6.645448863841342,7.11937162027077,677.5388458665277,7.029107090303022,0.0,0.7664,1471.6732159614455,448.56845413438646,2.1497839763092874,787.1052630046149,0.356500936115331,0.6271617830573392,11,Fig 2.6,N17,USD/kW numerical units aligned; source-native PV capacity basis and equipment delivery scope not fully harmonized
wind,POL,Poland,2022,非风机采购成本余额,1748.9163284507442,701.1644305214091,1047.751897929335,True,,839.7858299999999,6.733146895042726,6.954402098236931,684.2196012832992,16.94482923810998,0.0,0.7664,1340.3694741246504,408.5468543260938,1.9116335851890076,639.2050436032412,0.40091365099354237,0.6610789776526073,13,Fig 2.6,O17,USD/kW numerical units aligned; source-native PV capacity basis and equipment delivery scope not fully harmonized
wind,POL,Poland,2023,非风机采购成本余额,1719.2909543523535,775.449550349018,943.8414040033356,True,,943.12808,6.849202095255681,6.849958147797454,759.8604446196657,15.589105729352157,0.0,0.7664,1317.6645874156436,401.6263669367099,1.6992267089749198,542.2150370666257,0.45102869202329116,0.8810708194337512,12,Fig 2.6,P17,USD/kW numerical units aligned; source-native PV capacity basis and equipment delivery scope not fully harmonized
wind,POL,Poland,2024,非风机采购成本余额,1838.4745885101927,709.5172117566436,1128.957376753549,True,,1049.19276,6.955776347473294,7.029049810340051,695.8535037280506,13.663708028592993,0.0,0.7664,1409.006924634212,429.4676638759811,1.9858671520395548,699.4897128775679,0.38592712468851725,0.9440743284244534,11,Fig 2.6,Q17,USD/kW numerical units aligned; source-native PV capacity basis and equipment delivery scope not fully harmonized
wind,SWE,Sweden,2010,非风机采购成本余额,2773.275585814188,1929.9649366440399,843.3106491701483,True,,177.71164000000002,5.180162236673185,6.737335394474477,1910.6200686825496,19.344867961490294,0.0,0.7487648379999996,2076.5312447415145,696.7443410726733,1.0759424719665291,146.56630809747503,0.6959153091442349,0.34200497368041227,13,Fig 2.6,C19,USD/kW numerical units aligned; source-native PV capacity basis and equipment delivery scope not fully harmonized
wind,SWE,Sweden,2011,非风机采购成本余额,2551.407722896317,1754.892300599922,796.515422296395,True,,216.24613,5.376417249698097,6.68024649174444,1737.5158534845386,17.376447115383463,0.0,0.7613999999999992,1942.6418402132535,608.7658826830632,1.1069863601026384,187.74953961333176,0.6878133529390578,0.5390719326730498,13,Fig 2.6,D19,USD/kW numerical units aligned; source-native PV capacity basis and equipment delivery scope not fully harmonized
wind,SWE,Sweden,2012,非风机采购成本余额,2775.2464224535406,1483.7827062790116,1291.463716174529,True,,261.36127,5.56590362647905,7.163531517812577,1469.522668627899,14.26003765111245,0.0,0.7500837240000001,2081.6671715716293,693.5792508819113,1.402946107110235,597.8844652926177,0.5346489934278443,0.5218479626521302,11,Fig 2.6,E19,USD/kW numerical units aligned; source-native PV capacity basis and equipment delivery scope not fully harmonized
wind,SWE,Sweden,2013,非风机采购成本余额,2391.992435219712,1284.282103457855,1107.710331761857,True,,292.27612,5.677698971893068,7.010050399699627,1274.3377204751896,9.944382982665488,0.0,0.7500000000000006,1793.994326414785,597.9981088049267,1.396884937962274,509.7122229569304,0.5369089318795817,0.3743783387162694,13,Fig 2.6,F19,USD/kW numerical units aligned; source-native PV capacity basis and equipment delivery scope not fully harmonized
wind,SWE,Sweden,2014,非风机采购成本余额,2555.275429867688,1305.920103931601,1249.3553259360872,True,,340.63979000000006,5.830825584658366,7.130382958005985,1292.8301979462196,13.089905985381451,0.0,0.7371999999999995,1883.749046898458,671.5263829692296,1.4424688319195371,577.8289429668575,0.5110682350196672,0.7245870169911725,12,Fig 2.6,G19,USD/kW numerical units aligned; source-native PV capacity basis and equipment delivery scope not fully harmonized
wind,SWE,Sweden,2015,非风机采购成本余额,2284.897140482114,969.5189181706822,1315.3782223114317,True,,404.24651,6.002024865148459,7.1818795247863285,959.8009555007002,9.717962669982056,0.0,0.7518000000000014,1717.7856702144566,567.1114702676575,1.7717918010879312,748.2667520437742,0.42431622018928755,0.25574137002138914,11,Fig 2.6,H19,USD/kW numerical units aligned; source-native PV capacity basis and equipment delivery scope not fully harmonized
wind,SWE,Sweden,2016,非风机采购成本余额,2101.631309145028,1219.7115995316783,881.9197096133496,True,,452.48745,6.114760027948734,6.7821010196786995,1207.487397893231,12.224201638447408,0.0,0.7663999999999992,1610.6902353287476,490.9410738162803,1.3205500676940267,390.9786357970693,0.5803642124211946,0.40602300589083995,12,Fig 2.6,I19,USD/kW numerical units aligned; source-native PV capacity basis and equipment delivery scope not fully harmonized
wind,SWE,Sweden,2017,非风机采购成本余额,1903.388408996142,1165.5132215845917,737.8751874115503,True,,495.6822,6.2059349955659755,6.603774687549031,1153.8310162811722,11.682205303419535,0.0,0.7664000000000009,1458.7568766546449,444.6315323414972,1.2516004534649283,293.24365507005314,0.6123359877973041,0.42165404967257314,12,Fig 2.6,J19,USD/kW numerical units aligned; source-native PV capacity basis and equipment delivery scope not fully harmonized
wind,SWE,Sweden,2018,非风机采购成本余额,1520.082158545755,1032.4593071435763,487.62285140217864,True,,539.4404499999999,6.290532398624406,6.189542261566775,1022.11043876828,10.348868375296366,0.0,0.7664000000000025,1164.9909663094704,355.09119223628454,1.128365019569206,132.5316591658941,0.6792128315822864,0.26289366633224087,12,Fig 2.6,K19,USD/kW numerical units aligned; source-native PV capacity basis and equipment delivery scope not fully harmonized
wind,SWE,Sweden,2019,非风机采购成本余额,1595.3412580470892,719.442390715415,875.8988673316743,True,,594.24654,6.38729428375806,6.775250636020216,712.2310511947118,7.211339520703252,0.0,0.7663999999999996,1222.6695401672887,372.67171787980055,1.699468304823494,503.22714945187374,0.45096457393455025,0.19622881678365386,11,Fig 2.6,L19,USD/kW numerical units aligned; source-native PV capacity basis and equipment delivery scope not fully harmonized
wind,SWE,Sweden,2020,非风机采购成本余额,1598.381322702813,826.7762738656259,771.605048837187,True,,698.33524,6.5486992739946635,6.648472824345038,818.4890718666192,8.287201999006722,0.0,0.7664000000000013,1224.999445719438,373.3818769833749,1.4816577161701838,398.2231718538121,0.5172584677525968,0.23756588610470278,12,Fig 2.6,M19,USD/kW numerical units aligned; source-native PV capacity basis and equipment delivery scope not fully harmonized
wind,SWE,Sweden,2021,非风机采购成本余额,1499.7076816824365,644.376145168241,855.3315365141955,True,,769.27527,6.645448863841342,6.75148915578141,637.6601911802719,6.7159539879691055,0.0,0.7663999999999982,1149.375967241417,350.3317144410198,1.7837034717374958,504.99982207317566,0.42966782996360475,0.25574035063915707,11,Fig 2.6,N19,USD/kW numerical units aligned; source-native PV capacity basis and equipment delivery scope not fully harmonized
wind,SWE,Sweden,2022,非风机采购成本余额,1313.1234013488263,606.7115497877691,706.4118515610572,True,,839.7858299999999,6.733146895042726,6.5601984265570765,589.3337740133801,17.377775774388947,0.0,0.7663999999999979,1006.3777747937376,306.7456265550886,1.6587417449787691,399.6662250059686,0.4620369640542248,0.47220243117827887,12,Fig 2.6,O19,USD/kW numerical units aligned; source-native PV capacity basis and equipment delivery scope not fully harmonized
wind,SWE,Sweden,2023,非风机采购成本余额,1571.2722957714248,783.1099613871885,788.1623343842363,True,,943.12808,6.849202095255681,6.6697040767429465,767.5404101310455,15.569551256143036,0.0,0.7664000000000024,1204.2230874792238,367.049208292201,1.537744565713456,421.11312609203526,0.4983922668875902,0.8953954290764463,9,Fig 2.6,P19,USD/kW numerical units aligned; source-native PV capacity basis and equipment delivery scope not fully harmonized
wind,SWE,Sweden,2024,非风机采购成本余额,1772.9311285129593,643.5506732109213,1129.380455302038,True,,1049.19276,6.955776347473294,7.029424491707411,629.4903261131535,14.06034709776777,0.0,0.7663999999999996,1358.7744168923314,414.1567116206279,2.1113712928197,715.22374368141,0.36298684300878487,0.6396710360802201,11,Fig 2.6,Q19,USD/kW numerical units aligned; source-native PV capacity basis and equipment delivery scope not fully harmonized
wind,TUR,Turkey,2010,非风机采购成本余额,2878.3500629421737,1933.2084222979252,945.1416406442486,True,,177.71164000000002,5.180162236673185,6.851334800541845,1913.8411556536817,19.367266644243536,0.0,0.748764838000001,2155.2073185861896,723.1427443559842,1.114834434677448,221.9988962882644,0.671637702163944,0.485769314968277,15,Fig 2.6,C20,USD/kW numerical units aligned; source-native PV capacity basis and equipment delivery scope not fully harmonized
wind,TUR,Turkey,2011,非风机采购成本余额,2664.820862539856,1748.2753976317408,916.5454649081153,True,,216.24613,5.376417249698097,6.820611673150421,1730.7816462345038,17.49375139723713,0.0,0.7613999999999989,2028.9946047378437,635.8262578020126,1.1605692143734168,280.71920710610266,0.6560573816453273,0.5533512790294199,14,Fig 2.6,D20,USD/kW numerical units aligned; source-native PV capacity basis and equipment delivery scope not fully harmonized
wind,TUR,Turkey,2012,非风机采购成本余额,2109.273740267664,1502.5737129075126,606.7000273601514,True,,261.36127,5.56590362647905,6.408034480044924,1487.5126470897412,15.061065817771528,0.0,0.7500837240000015,1582.1319020353812,527.1418382322827,1.0529479442136125,79.55818912786867,0.7123654385024667,0.3832722367459079,16,Fig 2.6,E20,USD/kW numerical units aligned; source-native PV capacity basis and equipment delivery scope not fully harmonized
wind,TUR,Turkey,2013,非风机采购成本余额,2326.015974915389,1487.7761064713402,838.2398684440489,True,,292.27612,5.677698971893068,6.731304298716837,1473.6100005461528,14.166105925187317,0.0,0.7499999999999997,1744.511981186541,581.503993728848,1.172563515167694,256.7358747152009,0.6396241997114657,0.37615699142193915,17,Fig 2.6,F20,USD/kW numerical units aligned; source-native PV capacity basis and equipment delivery scope not fully harmonized
wind,TUR,Turkey,2014,非风机采购成本余额,2246.1887394604487,1314.3907807282726,931.7979587321761,True,,340.63979000000006,5.830825584658366,6.8371160087086675,1301.2387098290862,13.152070899186318,0.0,0.7371999999999995,1655.8903387302416,590.298400730207,1.2598158500569758,341.49955800196904,0.5851648873656089,0.32229651430322426,13,Fig 2.6,G20,USD/kW numerical units aligned; source-native PV capacity basis and equipment delivery scope not fully harmonized
wind,TUR,Turkey,2015,非风机采购成本余额,2313.6027895208003,1247.4286743621822,1066.1741151586182,True,,404.24651,6.002024865148459,6.971831926433682,1235.2458508700886,12.182823492093778,0.0,0.7518,1739.3665771617375,574.2362123590626,1.3943615478063989,491.93790279955556,0.5391714947839222,0.5143847039191487,13,Fig 2.6,H20,USD/kW numerical units aligned; source-native PV capacity basis and equipment delivery scope not fully harmonized
wind,TUR,Turkey,2016,非风机采购成本余额,2332.5867473688395,1194.6434655762494,1137.9432817925901,True,,452.48745,6.114760027948734,7.036977773191652,1182.8768016241409,11.766663952108502,0.0,0.7663999999999999,1787.6944831834785,544.8922641853612,1.4964251131789876,593.0510176072289,0.5121539282188792,0.49307084647371446,19,Fig 2.6,I20,USD/kW numerical units aligned; source-native PV capacity basis and equipment delivery scope not fully harmonized
wind,TUR,Turkey,2017,非风机采购成本余额,2105.3982588589097,1133.6162828795816,971.7819759793281,True,,495.6822,6.2059349955659755,6.879131474752395,1122.2536744009828,11.362608478598982,0.0,0.7663999999999997,1613.5772255894678,491.8210332694418,1.4233892455132184,479.9609427098863,0.5384331815178676,0.462000873572044,13,Fig 2.6,J20,USD/kW numerical units aligned; source-native PV capacity basis and equipment delivery scope not fully harmonized
wind,TUR,Turkey,2018,非风机采购成本余额,2232.7157620349126,1075.9785001425319,1156.7372618923807,True,,539.4404499999999,6.290532398624406,7.053358615746689,1065.1934166088956,10.78508353363643,0.0,0.7664000000000009,1711.153360023559,521.5624020113537,1.5903230034771945,635.174859881027,0.48191467917164593,0.4563716683152913,12,Fig 2.6,K20,USD/kW numerical units aligned; source-native PV capacity basis and equipment delivery scope not fully harmonized
wind,TUR,Turkey,2019,非风机采购成本余额,2003.9863465520727,1100.419279134228,903.5670674178448,True,,594.24654,6.38729428375806,6.806350337955624,1089.3892131562231,11.030065978004668,0.0,0.7664000000000011,1535.8551359975106,468.1312105545621,1.3956999528451264,435.4358568632827,0.5491151579089034,0.3643440454689352,13,Fig 2.6,L20,USD/kW numerical units aligned; source-native PV capacity basis and equipment delivery scope not fully harmonized
wind,TUR,Turkey,2020,非风机采购成本余额,1585.462353574938,881.6404405499568,703.8219130249813,True,,698.33524,6.5486992739946635,6.556525359703986,872.8033069114094,8.83713363854736,0.0,0.7663999999999991,1215.098347779831,370.364005795107,1.3782243779809675,333.4579072298743,0.5560778145012482,0.3043869726438386,16,Fig 2.6,M20,USD/kW numerical units aligned; source-native PV capacity basis and equipment delivery scope not fully harmonized
wind,TUR,Turkey,2021,非风机采购成本余额,1455.22879287732,972.7986082901774,482.43018458714266,True,,769.27527,6.645448863841342,6.178836215153505,963.0477496527371,9.750858637440263,0.0,0.7664,1115.287346861178,339.941446016142,1.146473008243138,142.48873857100068,0.668484992223616,0.3209972961768627,22,Fig 2.6,N20,USD/kW numerical units aligned; source-native PV capacity basis and equipment delivery scope not fully harmonized
wind,TUR,Turkey,2022,非风机采购成本余额,1757.8634063507664,765.7526267769083,992.110779573858,True,,839.7858299999999,6.733146895042726,6.899834774007431,758.0770960439091,7.675530732999281,0.0,0.7663999999999984,1347.2265146272246,410.6368917235418,1.7593495177388658,581.4738878503163,0.4356155455596924,0.33598288969937956,22,Fig 2.6,O20,USD/kW numerical units aligned; source-native PV capacity basis and equipment delivery scope not fully harmonized
wind,TUR,Turkey,2023,非风机采购成本余额,1468.1518868815974,732.4352615603149,735.7166253212825,True,,943.12808,6.849202095255681,6.600845024645757,725.0936878412651,7.341573719049621,0.0,0.7663999999999989,1125.191606106055,342.96028077554274,1.536233528283505,392.7563445457398,0.49888248491512094,0.3064229868717795,17,Fig 2.6,P20,USD/kW numerical units aligned; source-native PV capacity basis and equipment delivery scope not fully harmonized
wind,TUR,Turkey,2024,非风机采购成本余额,1423.6985915002006,661.6007440343773,762.0978474658233,True,,1049.19276,6.955776347473294,6.636074956190749,654.9691809600394,6.631563074337976,0.0,0.7664000000000002,1091.122600525754,332.57599097444654,1.6492161025578562,429.52185649137675,0.4647056251823819,0.27557272621523415,14,Fig 2.6,Q20,USD/kW numerical units aligned; source-native PV capacity basis and equipment delivery scope not fully harmonized
wind,USA,United States,2010,非风机采购成本余额,2849.9272631611007,1834.5826020432971,1015.3446611178035,True,,177.71164000000002,5.180162236673185,6.922983401439605,1801.0179089448616,33.5646930984357,0.0,0.7487648380000002,2133.925325512605,716.0019376484952,1.1631666642515353,299.34272346930834,0.643729622772338,0.2256076957966188,24,Fig 2.6,C22,USD/kW numerical units aligned; source-native PV capacity basis and equipment delivery scope not fully harmonized
wind,USA,United States,2011,非风机采购成本余额,2822.2310585314794,1677.250648463171,1144.9804100683084,True,,216.24613,5.376417249698097,7.04314280673133,1646.6401821889099,30.61046627426126,0.0,0.7613999999999999,2148.846727965868,673.3843305656114,1.2811720954973598,471.59607950269697,0.5942995501353147,0.275668974328618,26,Fig 2.6,D22,USD/kW numerical units aligned; source-native PV capacity basis and equipment delivery scope not fully harmonized
wind,USA,United States,2012,非风机采购成本余额,2583.03557060981,1454.3635358719673,1128.6720347378425,True,,261.36127,5.56590362647905,7.028797030131064,1427.7740144632753,26.58952140869213,0.0,0.750083724,1937.4929400274711,645.5426305823387,1.3321930124340209,483.12940415550383,0.5630443314137626,0.35251506866886895,28,Fig 2.6,E22,USD/kW numerical units aligned; source-native PV capacity basis and equipment delivery scope not fully harmonized
wind,USA,United States,2013,非风机采购成本余额,2390.00327947562,1316.201867709864,1073.8014117657558,True,,292.27612,5.677698971893068,6.97896035272569,1270.6089338513116,45.592933858552556,0.0,0.75,1792.5024596067149,597.500819868905,1.361875031164932,476.30059189685085,0.5507113228725972,0.5034874999816763,21,Fig 2.6,F22,USD/kW numerical units aligned; source-native PV capacity basis and equipment delivery scope not fully harmonized
wind,USA,United States,2014,非风机采购成本余额,2267.462988264707,1243.2188418769863,1024.2441463877205,True,,340.63979000000006,5.830825584658366,6.931710201387677,1197.5412150108573,45.67762686612905,0.0,0.737199999999999,1671.5737149487395,595.8892733159673,1.344553073556246,428.3548730717532,0.5482862777965005,0.3888901728645584,21,Fig 2.6,G22,USD/kW numerical units aligned; source-native PV capacity basis and equipment delivery scope not fully harmonized
wind,USA,United States,2015,非风机采购成本余额,2168.6170033307826,1204.8355128499113,963.7814904808713,True,,404.24651,6.002024865148459,6.870864599291451,1167.2454559470902,37.590056902821225,0.0,0.751800000000001,1630.3662631040845,538.2507402266981,1.353185763297783,425.5307502541732,0.5555778226396835,0.3050358176869213,22,Fig 2.6,H22,USD/kW numerical units aligned; source-native PV capacity basis and equipment delivery scope not fully harmonized
wind,USA,United States,2016,非风机采购成本余额,2216.7739436486186,991.0888474488455,1225.685096199773,True,,452.48745,6.114760027948734,7.1112552288539,941.2706357846121,49.81821166423354,0.0,0.7663999999999995,1698.9355504123002,517.8383932363183,1.714211147452134,707.8467029634546,0.44708611371423773,0.3832396948605371,22,Fig 2.6,I22,USD/kW numerical units aligned; source-native PV capacity basis and equipment delivery scope not fully harmonized
wind,USA,United States,2017,非风机采购成本余额,2007.2700635353704,940.5869487566191,1066.6831147787511,True,,495.6822,6.2059349955659755,6.972309220105899,899.4222162267479,41.164732529871245,0.0,0.7664000000000003,1538.3717766935083,468.8982868418618,1.635544463727795,597.7848279368893,0.4685901343539092,0.48593471895813967,23,Fig 2.6,J22,USD/kW numerical units aligned; source-native PV capacity basis and equipment delivery scope not fully harmonized
wind,USA,United States,2018,非风机采购成本余额,1957.1404259671533,1051.6939662993022,905.4464596678511,True,,539.4404499999999,6.290532398624406,6.808428147654693,1031.4378599594431,20.256106339859066,0.0,0.7664000000000013,1499.952422461229,457.1880035059244,1.426225185772679,448.25845616192663,0.5373625481061689,0.7533929065458439,26,Fig 2.6,K22,USD/kW numerical units aligned; source-native PV capacity basis and equipment delivery scope not fully harmonized
wind,USA,United States,2019,非风机采购成本余额,1849.7707511846468,981.9206422970815,867.8501088875653,True,,594.24654,6.38729428375806,6.766019014135069,951.8173385350834,30.10330376199816,0.0,0.7663999999999986,1417.664303707911,432.1064474767361,1.4437666779175349,435.7436614108292,0.5308336947528396,0.7295295316465227,25,Fig 2.6,L22,USD/kW numerical units aligned; source-native PV capacity basis and equipment delivery scope not fully harmonized
wind,USA,United States,2020,非风机采购成本余额,1635.2645679290024,870.0210571608382,765.2435107681642,True,,698.33524,6.5486992739946635,6.640194097904777,796.6159182797368,73.40513888110137,0.0,0.7664000000000011,1253.2667648607892,381.9978030682132,1.440501645960852,383.245707699951,0.5320368790615241,0.27922698258015183,23,Fig 2.6,M22,USD/kW numerical units aligned; source-native PV capacity basis and equipment delivery scope not fully harmonized
wind,USA,United States,2021,非风机采购成本余额,1569.4893134730623,875.4277695773965,694.0615438956659,True,,769.27527,6.645448863841342,6.542560636539905,836.1529244160864,39.2748451613101,0.0,0.7664000000000011,1202.8566098457566,366.6327036273058,1.3740215374095597,327.4288402683601,0.5577787386396382,0.5114829271596744,24,Fig 2.6,N22,USD/kW numerical units aligned; source-native PV capacity basis and equipment delivery scope not fully harmonized
wind,USA,United States,2022,非风机采购成本余额,1294.4512143826532,706.656743168603,587.7944712140502,True,,839.7858299999999,6.733146895042726,6.3763773480441035,617.1805264273415,89.47621674126148,0.0,0.7664000000000017,992.0674107028676,302.3838036797855,1.4038886917777096,285.4106675342647,0.5459122254411266,0.2555664699197514,23,Fig 2.6,O22,USD/kW numerical units aligned; source-native PV capacity basis and equipment delivery scope not fully harmonized
wind,USA,United States,2023,非风机采购成本余额,1536.630662300211,609.121399451469,927.5092628487421,True,,943.12808,6.849202095255681,6.832502781330635,510.56671301369954,98.5546864377695,0.0,0.7664000000000006,1177.673739586883,358.9569227133284,1.933397415765412,568.5523401354137,0.3964006539734563,0.2183334707957589,23,Fig 2.6,P22,USD/kW numerical units aligned; source-native PV capacity basis and equipment delivery scope not fully harmonized
wind,USA,United States,2024,非风机采购成本余额,1567.812822807036,771.525225075101,796.2875977319349,True,,1049.19276,6.955776347473294,6.6799604242732595,757.1049474167148,14.420277658386262,0.0,0.766399999999998,1201.571747399309,366.2410754077269,1.557397876760732,430.04652232420796,0.4921028925466693,0.7911509367214244,21,Fig 2.6,Q22,USD/kW numerical units aligned; source-native PV capacity basis and equipment delivery scope not fully harmonized
