panel_index,iso3,year,date_from,date_to,month,days,weight,pc,pa,pc_raw,pa_raw,price_status,regular_cn,regular_alt,common_rate,cn_extra,eu_ad_cap,eu_floor,eu_branch,eu_compliant_share,coverage,policy_source_ids,policy_group,within_year_quantity_weights,assumption_ids,tariff_scenario_id,updated_tariff_source,updated_tariff_source_year,updated_tariff_rule
0.0,AUS,2010,2010-01-01,2010-01-31,1.0,31.0,0.084931506849315,3.091776789316316,3.9295485644858976,3.091776789316316,3.9295485644858976,observed_quote_tax_basis_assumed,0.0,0.0,0.0,0.0,0.0,0.0,none,0.8,1.0,,AUS,calendar_days_fixed,A_POLICY_COVER;A_EU_MIX;A_EU_FLOOR;A_FX;A_POLICY_UNKNOWN;A_TARIFF_FILL;A_PRICE_TAX;PV_AD_OFFSET_BOUND;POLICY_FIRM_YEAR_UNKNOWN,main,LOCAL_EXPORT_AHS,2010.0,UPDATED_CHINA_ORDINARY
0.0,AUS,2010,2010-02-01,2010-02-28,2.0,28.0,0.0767123287671232,2.90442343279186,3.630529290989825,2.90442343279186,3.630529290989825,observed_quote_tax_basis_assumed,0.0,0.0,0.0,0.0,0.0,0.0,none,0.8,1.0,,AUS,calendar_days_fixed,A_POLICY_COVER;A_EU_MIX;A_EU_FLOOR;A_FX;A_POLICY_UNKNOWN;A_TARIFF_FILL;A_PRICE_TAX;PV_AD_OFFSET_BOUND;POLICY_FIRM_YEAR_UNKNOWN,main,LOCAL_EXPORT_AHS,2010.0,UPDATED_CHINA_ORDINARY
0.0,AUS,2010,2010-03-01,2010-03-31,3.0,31.0,0.084931506849315,2.84487870626562,3.631961814999107,2.84487870626562,3.631961814999107,observed_quote_tax_basis_assumed,0.0,0.0,0.0,0.0,0.0,0.0,none,0.8,1.0,,AUS,calendar_days_fixed,A_POLICY_COVER;A_EU_MIX;A_EU_FLOOR;A_FX;A_POLICY_UNKNOWN;A_TARIFF_FILL;A_PRICE_TAX;PV_AD_OFFSET_BOUND;POLICY_FIRM_YEAR_UNKNOWN,main,LOCAL_EXPORT_AHS,2010.0,UPDATED_CHINA_ORDINARY
0.0,AUS,2010,2010-04-01,2010-04-30,4.0,30.0,0.0821917808219178,2.853745381783292,3.642280289907622,2.853745381783292,3.642280289907622,observed_quote_tax_basis_assumed,0.0,0.0,0.0,0.0,0.0,0.0,none,0.8,1.0,,AUS,calendar_days_fixed,A_POLICY_COVER;A_EU_MIX;A_EU_FLOOR;A_FX;A_POLICY_UNKNOWN;A_TARIFF_FILL;A_PRICE_TAX;PV_AD_OFFSET_BOUND;POLICY_FIRM_YEAR_UNKNOWN,main,LOCAL_EXPORT_AHS,2010.0,UPDATED_CHINA_ORDINARY
0.0,AUS,2010,2010-05-01,2010-05-31,5.0,31.0,0.084931506849315,2.763961213182792,3.3977357588807564,2.763961213182792,3.3977357588807564,observed_quote_tax_basis_assumed,0.0,0.0,0.0,0.0,0.0,0.0,none,0.8,1.0,,AUS,calendar_days_fixed,A_POLICY_COVER;A_EU_MIX;A_EU_FLOOR;A_FX;A_POLICY_UNKNOWN;A_TARIFF_FILL;A_PRICE_TAX;PV_AD_OFFSET_BOUND;POLICY_FIRM_YEAR_UNKNOWN,main,LOCAL_EXPORT_AHS,2010.0,UPDATED_CHINA_ORDINARY
0.0,AUS,2010,2010-06-01,2010-06-30,6.0,30.0,0.0821917808219178,2.7123575248293017,3.258240800266645,2.7123575248293017,3.258240800266645,observed_quote_tax_basis_assumed,0.0,0.0,0.0,0.0,0.0,0.0,none,0.8,1.0,,AUS,calendar_days_fixed,A_POLICY_COVER;A_EU_MIX;A_EU_FLOOR;A_FX;A_POLICY_UNKNOWN;A_TARIFF_FILL;A_PRICE_TAX;PV_AD_OFFSET_BOUND;POLICY_FIRM_YEAR_UNKNOWN,main,LOCAL_EXPORT_AHS,2010.0,UPDATED_CHINA_ORDINARY
0.0,AUS,2010,2010-07-01,2010-07-31,7.0,31.0,0.084931506849315,2.886311557959211,3.305004901243417,2.886311557959211,3.305004901243417,observed_quote_tax_basis_assumed,0.0,0.0,0.0,0.0,0.0,0.0,none,0.8,1.0,,AUS,calendar_days_fixed,A_POLICY_COVER;A_EU_MIX;A_EU_FLOOR;A_FX;A_POLICY_UNKNOWN;A_TARIFF_FILL;A_PRICE_TAX;PV_AD_OFFSET_BOUND;POLICY_FIRM_YEAR_UNKNOWN,main,LOCAL_EXPORT_AHS,2010.0,UPDATED_CHINA_ORDINARY
0.0,AUS,2010,2010-08-01,2010-08-31,8.0,31.0,0.084931506849315,2.9036209902769103,3.318423988887897,2.9036209902769103,3.318423988887897,observed_quote_tax_basis_assumed,0.0,0.0,0.0,0.0,0.0,0.0,none,0.8,1.0,,AUS,calendar_days_fixed,A_POLICY_COVER;A_EU_MIX;A_EU_FLOOR;A_FX;A_POLICY_UNKNOWN;A_TARIFF_FILL;A_PRICE_TAX;PV_AD_OFFSET_BOUND;POLICY_FIRM_YEAR_UNKNOWN,main,LOCAL_EXPORT_AHS,2010.0,UPDATED_CHINA_ORDINARY
0.0,AUS,2010,2010-09-01,2010-09-30,9.0,30.0,0.0821917808219178,2.930089301722598,3.3213745190333803,2.930089301722598,3.3213745190333803,observed_quote_tax_basis_assumed,0.0,0.0,0.0,0.0,0.0,0.0,none,0.8,1.0,,AUS,calendar_days_fixed,A_POLICY_COVER;A_EU_MIX;A_EU_FLOOR;A_FX;A_POLICY_UNKNOWN;A_TARIFF_FILL;A_PRICE_TAX;PV_AD_OFFSET_BOUND;POLICY_FIRM_YEAR_UNKNOWN,main,LOCAL_EXPORT_AHS,2010.0,UPDATED_CHINA_ORDINARY
0.0,AUS,2010,2010-10-01,2010-10-31,10.0,31.0,0.084931506849315,3.085350824069529,3.483147628430694,3.085350824069529,3.483147628430694,observed_quote_tax_basis_assumed,0.0,0.0,0.0,0.0,0.0,0.0,none,0.8,1.0,,AUS,calendar_days_fixed,A_POLICY_COVER;A_EU_MIX;A_EU_FLOOR;A_FX;A_POLICY_UNKNOWN;A_TARIFF_FILL;A_PRICE_TAX;PV_AD_OFFSET_BOUND;POLICY_FIRM_YEAR_UNKNOWN,main,LOCAL_EXPORT_AHS,2010.0,UPDATED_CHINA_ORDINARY
0.0,AUS,2010,2010-11-01,2010-11-30,11.0,30.0,0.0821917808219178,3.003318850773162,3.395471949122523,3.003318850773162,3.395471949122523,observed_quote_tax_basis_assumed,0.0,0.0,0.0,0.0,0.0,0.0,none,0.8,1.0,,AUS,calendar_days_fixed,A_POLICY_COVER;A_EU_MIX;A_EU_FLOOR;A_FX;A_POLICY_UNKNOWN;A_TARIFF_FILL;A_PRICE_TAX;PV_AD_OFFSET_BOUND;POLICY_FIRM_YEAR_UNKNOWN,main,LOCAL_EXPORT_AHS,2010.0,UPDATED_CHINA_ORDINARY
0.0,AUS,2010,2010-12-01,2010-12-31,12.0,31.0,0.084931506849315,2.8975979922460726,3.2759467746731072,2.8975979922460726,3.2759467746731072,observed_quote_tax_basis_assumed,0.0,0.0,0.0,0.0,0.0,0.0,none,0.8,1.0,,AUS,calendar_days_fixed,A_POLICY_COVER;A_EU_MIX;A_EU_FLOOR;A_FX;A_POLICY_UNKNOWN;A_TARIFF_FILL;A_PRICE_TAX;PV_AD_OFFSET_BOUND;POLICY_FIRM_YEAR_UNKNOWN,main,LOCAL_EXPORT_AHS,2010.0,UPDATED_CHINA_ORDINARY
1.0,AUS,2011,2011-01-01,2011-01-31,1.0,31.0,0.084931506849315,2.686326335282736,3.05181291151168,2.686326335282736,3.05181291151168,observed_quote_tax_basis_assumed,0.0,0.0,0.0,0.0,0.0,0.0,none,0.8,1.0,,AUS,calendar_days_fixed,A_POLICY_COVER;A_EU_MIX;A_EU_FLOOR;A_FX;A_POLICY_UNKNOWN;A_TARIFF_FILL;A_PRICE_TAX;PV_AD_OFFSET_BOUND;POLICY_FIRM_YEAR_UNKNOWN,main,LOCAL_EXPORT_AHS,2011.0,UPDATED_CHINA_ORDINARY
1.0,AUS,2011,2011-02-01,2011-02-28,2.0,28.0,0.0767123287671232,2.633064300488626,3.062571243121522,2.633064300488626,3.062571243121522,observed_quote_tax_basis_assumed,0.0,0.0,0.0,0.0,0.0,0.0,none,0.8,1.0,,AUS,calendar_days_fixed,A_POLICY_COVER;A_EU_MIX;A_EU_FLOOR;A_FX;A_POLICY_UNKNOWN;A_TARIFF_FILL;A_PRICE_TAX;PV_AD_OFFSET_BOUND;POLICY_FIRM_YEAR_UNKNOWN,main,LOCAL_EXPORT_AHS,2011.0,UPDATED_CHINA_ORDINARY
1.0,AUS,2011,2011-03-01,2011-03-31,3.0,31.0,0.084931506849315,2.624982413840032,3.046512436500475,2.624982413840032,3.046512436500475,observed_quote_tax_basis_assumed,0.0,0.0,0.0,0.0,0.0,0.0,none,0.8,1.0,,AUS,calendar_days_fixed,A_POLICY_COVER;A_EU_MIX;A_EU_FLOOR;A_FX;A_POLICY_UNKNOWN;A_TARIFF_FILL;A_PRICE_TAX;PV_AD_OFFSET_BOUND;POLICY_FIRM_YEAR_UNKNOWN,main,LOCAL_EXPORT_AHS,2011.0,UPDATED_CHINA_ORDINARY
1.0,AUS,2011,2011-04-01,2011-04-30,4.0,30.0,0.0821917808219178,2.607707252828456,3.111468881215772,2.607707252828456,3.111468881215772,observed_quote_tax_basis_assumed,0.0,0.0,0.0,0.0,0.0,0.0,none,0.8,1.0,,AUS,calendar_days_fixed,A_POLICY_COVER;A_EU_MIX;A_EU_FLOOR;A_FX;A_POLICY_UNKNOWN;A_TARIFF_FILL;A_PRICE_TAX;PV_AD_OFFSET_BOUND;POLICY_FIRM_YEAR_UNKNOWN,main,LOCAL_EXPORT_AHS,2011.0,UPDATED_CHINA_ORDINARY
1.0,AUS,2011,2011-05-01,2011-05-31,5.0,31.0,0.084931506849315,2.453185494118997,3.002699044801653,2.453185494118997,3.002699044801653,observed_quote_tax_basis_assumed,0.0,0.0,0.0,0.0,0.0,0.0,none,0.8,1.0,,AUS,calendar_days_fixed,A_POLICY_COVER;A_EU_MIX;A_EU_FLOOR;A_FX;A_POLICY_UNKNOWN;A_TARIFF_FILL;A_PRICE_TAX;PV_AD_OFFSET_BOUND;POLICY_FIRM_YEAR_UNKNOWN,main,LOCAL_EXPORT_AHS,2011.0,UPDATED_CHINA_ORDINARY
1.0,AUS,2011,2011-06-01,2011-06-30,6.0,30.0,0.0821917808219178,2.3421748176069346,2.9031158453531334,2.3421748176069346,2.9031158453531334,observed_quote_tax_basis_assumed,0.0,0.0,0.0,0.0,0.0,0.0,none,0.8,1.0,,AUS,calendar_days_fixed,A_POLICY_COVER;A_EU_MIX;A_EU_FLOOR;A_FX;A_POLICY_UNKNOWN;A_TARIFF_FILL;A_PRICE_TAX;PV_AD_OFFSET_BOUND;POLICY_FIRM_YEAR_UNKNOWN,main,LOCAL_EXPORT_AHS,2011.0,UPDATED_CHINA_ORDINARY
1.0,AUS,2011,2011-07-01,2011-07-31,7.0,31.0,0.084931506849315,2.192781508990938,2.780133698899225,2.192781508990938,2.780133698899225,observed_quote_tax_basis_assumed,0.0,0.0,0.0,0.0,0.0,0.0,none,0.8,1.0,,AUS,calendar_days_fixed,A_POLICY_COVER;A_EU_MIX;A_EU_FLOOR;A_FX;A_POLICY_UNKNOWN;A_TARIFF_FILL;A_PRICE_TAX;PV_AD_OFFSET_BOUND;POLICY_FIRM_YEAR_UNKNOWN,main,LOCAL_EXPORT_AHS,2011.0,UPDATED_CHINA_ORDINARY
1.0,AUS,2011,2011-08-01,2011-08-31,8.0,31.0,0.084931506849315,2.0412922881909905,2.6693822230189874,2.0412922881909905,2.6693822230189874,observed_quote_tax_basis_assumed,0.0,0.0,0.0,0.0,0.0,0.0,none,0.8,1.0,,AUS,calendar_days_fixed,A_POLICY_COVER;A_EU_MIX;A_EU_FLOOR;A_FX;A_POLICY_UNKNOWN;A_TARIFF_FILL;A_PRICE_TAX;PV_AD_OFFSET_BOUND;POLICY_FIRM_YEAR_UNKNOWN,main,LOCAL_EXPORT_AHS,2011.0,UPDATED_CHINA_ORDINARY
1.0,AUS,2011,2011-09-01,2011-09-30,9.0,30.0,0.0821917808219178,1.851384169095222,2.4559177753303967,1.851384169095222,2.4559177753303967,observed_quote_tax_basis_assumed,0.0,0.0,0.0,0.0,0.0,0.0,none,0.8,1.0,,AUS,calendar_days_fixed,A_POLICY_COVER;A_EU_MIX;A_EU_FLOOR;A_FX;A_POLICY_UNKNOWN;A_TARIFF_FILL;A_PRICE_TAX;PV_AD_OFFSET_BOUND;POLICY_FIRM_YEAR_UNKNOWN,main,LOCAL_EXPORT_AHS,2011.0,UPDATED_CHINA_ORDINARY
1.0,AUS,2011,2011-10-01,2011-10-31,10.0,31.0,0.084931506849315,1.7249525603786575,2.3530602861687124,1.7249525603786575,2.3530602861687124,observed_quote_tax_basis_assumed,0.0,0.0,0.0,0.0,0.0,0.0,none,0.8,1.0,,AUS,calendar_days_fixed,A_POLICY_COVER;A_EU_MIX;A_EU_FLOOR;A_FX;A_POLICY_UNKNOWN;A_TARIFF_FILL;A_PRICE_TAX;PV_AD_OFFSET_BOUND;POLICY_FIRM_YEAR_UNKNOWN,main,LOCAL_EXPORT_AHS,2011.0,UPDATED_CHINA_ORDINARY
1.0,AUS,2011,2011-11-01,2011-11-30,11.0,30.0,0.0821917808219178,1.5805148558170548,2.156937920879745,1.5805148558170548,2.156937920879745,observed_quote_tax_basis_assumed,0.0,0.0,0.0,0.0,0.0,0.0,none,0.8,1.0,,AUS,calendar_days_fixed,A_POLICY_COVER;A_EU_MIX;A_EU_FLOOR;A_FX;A_POLICY_UNKNOWN;A_TARIFF_FILL;A_PRICE_TAX;PV_AD_OFFSET_BOUND;POLICY_FIRM_YEAR_UNKNOWN,main,LOCAL_EXPORT_AHS,2011.0,UPDATED_CHINA_ORDINARY
1.0,AUS,2011,2011-12-01,2011-12-31,12.0,31.0,0.084931506849315,1.4614867506804692,2.0027781398213835,1.4614867506804692,2.0027781398213835,observed_quote_tax_basis_assumed,0.0,0.0,0.0,0.0,0.0,0.0,none,0.8,1.0,,AUS,calendar_days_fixed,A_POLICY_COVER;A_EU_MIX;A_EU_FLOOR;A_FX;A_POLICY_UNKNOWN;A_TARIFF_FILL;A_PRICE_TAX;PV_AD_OFFSET_BOUND;POLICY_FIRM_YEAR_UNKNOWN,main,LOCAL_EXPORT_AHS,2011.0,UPDATED_CHINA_ORDINARY
2.0,AUS,2012,2012-01-01,2012-01-31,1.0,31.0,0.0846994535519125,1.3684642185997595,1.8361671793870191,1.3684642185997595,1.8361671793870191,observed_quote_tax_basis_assumed,0.0,0.0,0.0,0.0,0.0,0.0,none,0.8,1.0,,AUS,calendar_days_fixed,A_POLICY_COVER;A_EU_MIX;A_EU_FLOOR;A_FX;A_POLICY_UNKNOWN;A_TARIFF_FILL;A_PRICE_TAX;PV_AD_OFFSET_BOUND;POLICY_FIRM_YEAR_UNKNOWN,main,LOCAL_EXPORT_AHS,2012.0,UPDATED_CHINA_ORDINARY
2.0,AUS,2012,2012-02-01,2012-02-29,2.0,29.0,0.0792349726775956,1.3781815830003006,1.83459236698092,1.3781815830003006,1.83459236698092,observed_quote_tax_basis_assumed,0.0,0.0,0.0,0.0,0.0,0.0,none,0.8,1.0,,AUS,calendar_days_fixed,A_POLICY_COVER;A_EU_MIX;A_EU_FLOOR;A_FX;A_POLICY_UNKNOWN;A_TARIFF_FILL;A_PRICE_TAX;PV_AD_OFFSET_BOUND;POLICY_FIRM_YEAR_UNKNOWN,main,LOCAL_EXPORT_AHS,2012.0,UPDATED_CHINA_ORDINARY
2.0,AUS,2012,2012-03-01,2012-03-31,3.0,31.0,0.0846994535519125,1.3135081493389422,1.792761122746394,1.3135081493389422,1.792761122746394,observed_quote_tax_basis_assumed,0.0,0.0,0.0,0.0,0.0,0.0,none,0.8,1.0,,AUS,calendar_days_fixed,A_POLICY_COVER;A_EU_MIX;A_EU_FLOOR;A_FX;A_POLICY_UNKNOWN;A_TARIFF_FILL;A_PRICE_TAX;PV_AD_OFFSET_BOUND;POLICY_FIRM_YEAR_UNKNOWN,main,LOCAL_EXPORT_AHS,2012.0,UPDATED_CHINA_ORDINARY
2.0,AUS,2012,2012-04-01,2012-04-30,4.0,30.0,0.081967213114754,1.2578921407752404,1.7451038854417067,1.2578921407752404,1.7451038854417067,observed_quote_tax_basis_assumed,0.0,0.0,0.0,0.0,0.0,0.0,none,0.8,1.0,,AUS,calendar_days_fixed,A_POLICY_COVER;A_EU_MIX;A_EU_FLOOR;A_FX;A_POLICY_UNKNOWN;A_TARIFF_FILL;A_PRICE_TAX;PV_AD_OFFSET_BOUND;POLICY_FIRM_YEAR_UNKNOWN,main,LOCAL_EXPORT_AHS,2012.0,UPDATED_CHINA_ORDINARY
2.0,AUS,2012,2012-05-01,2012-05-31,5.0,31.0,0.0846994535519125,1.190262737943209,1.656017722355769,1.190262737943209,1.656017722355769,observed_quote_tax_basis_assumed,0.0,0.0,0.0,0.0,0.0,0.0,none,0.8,1.0,,AUS,calendar_days_fixed,A_POLICY_COVER;A_EU_MIX;A_EU_FLOOR;A_FX;A_POLICY_UNKNOWN;A_TARIFF_FILL;A_PRICE_TAX;PV_AD_OFFSET_BOUND;POLICY_FIRM_YEAR_UNKNOWN,main,LOCAL_EXPORT_AHS,2012.0,UPDATED_CHINA_ORDINARY
2.0,AUS,2012,2012-06-01,2012-06-30,6.0,30.0,0.081967213114754,1.1113960950270434,1.5744778012883114,1.1113960950270434,1.5744778012883114,observed_quote_tax_basis_assumed,0.0,0.0,0.0,0.0,0.0,0.0,none,0.8,1.0,,AUS,calendar_days_fixed,A_POLICY_COVER;A_EU_MIX;A_EU_FLOOR;A_FX;A_POLICY_UNKNOWN;A_TARIFF_FILL;A_PRICE_TAX;PV_AD_OFFSET_BOUND;POLICY_FIRM_YEAR_UNKNOWN,main,LOCAL_EXPORT_AHS,2012.0,UPDATED_CHINA_ORDINARY
2.0,AUS,2012,2012-07-01,2012-07-31,7.0,31.0,0.0846994535519125,1.0583620721153846,1.5213954786658657,1.0583620721153846,1.5213954786658657,observed_quote_tax_basis_assumed,0.0,0.0,0.0,0.0,0.0,0.0,none,0.8,1.0,,AUS,calendar_days_fixed,A_POLICY_COVER;A_EU_MIX;A_EU_FLOOR;A_FX;A_POLICY_UNKNOWN;A_TARIFF_FILL;A_PRICE_TAX;PV_AD_OFFSET_BOUND;POLICY_FIRM_YEAR_UNKNOWN,main,LOCAL_EXPORT_AHS,2012.0,UPDATED_CHINA_ORDINARY
2.0,AUS,2012,2012-08-01,2012-08-31,8.0,31.0,0.0846994535519125,1.0149143662109374,1.4890956684570311,1.0149143662109374,1.4890956684570311,observed_quote_tax_basis_assumed,0.0,0.0,0.0,0.0,0.0,0.0,none,0.8,1.0,,AUS,calendar_days_fixed,A_POLICY_COVER;A_EU_MIX;A_EU_FLOOR;A_FX;A_POLICY_UNKNOWN;A_TARIFF_FILL;A_PRICE_TAX;PV_AD_OFFSET_BOUND;POLICY_FIRM_YEAR_UNKNOWN,main,LOCAL_EXPORT_AHS,2012.0,UPDATED_CHINA_ORDINARY
2.0,AUS,2012,2012-09-01,2012-09-30,9.0,30.0,0.081967213114754,1.0016094417067307,1.5110487267127404,1.0016094417067307,1.5110487267127404,observed_quote_tax_basis_assumed,0.0,0.0,0.0,0.0,0.0,0.0,none,0.8,1.0,,AUS,calendar_days_fixed,A_POLICY_COVER;A_EU_MIX;A_EU_FLOOR;A_FX;A_POLICY_UNKNOWN;A_TARIFF_FILL;A_PRICE_TAX;PV_AD_OFFSET_BOUND;POLICY_FIRM_YEAR_UNKNOWN,main,LOCAL_EXPORT_AHS,2012.0,UPDATED_CHINA_ORDINARY
2.0,AUS,2012,2012-10-01,2012-10-31,10.0,31.0,0.0846994535519125,0.994557200611888,1.4831116149475525,0.994557200611888,1.4831116149475525,observed_quote_tax_basis_assumed,0.0,0.0,0.0,0.0,0.0,0.0,none,0.8,1.0,,AUS,calendar_days_fixed,A_POLICY_COVER;A_EU_MIX;A_EU_FLOOR;A_FX;A_POLICY_UNKNOWN;A_TARIFF_FILL;A_PRICE_TAX;PV_AD_OFFSET_BOUND;POLICY_FIRM_YEAR_UNKNOWN,main,LOCAL_EXPORT_AHS,2012.0,UPDATED_CHINA_ORDINARY
2.0,AUS,2012,2012-11-01,2012-11-30,11.0,30.0,0.081967213114754,0.9771088286713286,1.4482148710664335,0.9771088286713286,1.4482148710664335,observed_quote_tax_basis_assumed,0.0,0.0,0.0,0.0,0.0,0.0,none,0.8,1.0,,AUS,calendar_days_fixed,A_POLICY_COVER;A_EU_MIX;A_EU_FLOOR;A_FX;A_POLICY_UNKNOWN;A_TARIFF_FILL;A_PRICE_TAX;PV_AD_OFFSET_BOUND;POLICY_FIRM_YEAR_UNKNOWN,main,LOCAL_EXPORT_AHS,2012.0,UPDATED_CHINA_ORDINARY
2.0,AUS,2012,2012-12-01,2012-12-31,12.0,31.0,0.0846994535519125,0.95460961222166,1.4407533962234311,0.95460961222166,1.4407533962234311,observed_quote_tax_basis_assumed,0.0,0.0,0.0,0.0,0.0,0.0,none,0.8,1.0,,AUS,calendar_days_fixed,A_POLICY_COVER;A_EU_MIX;A_EU_FLOOR;A_FX;A_POLICY_UNKNOWN;A_TARIFF_FILL;A_PRICE_TAX;PV_AD_OFFSET_BOUND;POLICY_FIRM_YEAR_UNKNOWN,main,LOCAL_EXPORT_AHS,2012.0,UPDATED_CHINA_ORDINARY
3.0,AUS,2013,2013-01-01,2013-01-31,1.0,31.0,0.084931506849315,0.946150566520937,1.4370777472629324,0.946150566520937,1.4370777472629324,observed_quote_tax_basis_assumed,0.0,0.0,0.0,0.0,0.0,0.0,none,0.8,1.0,,AUS,calendar_days_fixed,A_POLICY_COVER;A_EU_MIX;A_EU_FLOOR;A_FX;A_POLICY_UNKNOWN;A_TARIFF_FILL;A_PRICE_TAX;PV_AD_OFFSET_BOUND;POLICY_FIRM_YEAR_UNKNOWN,main,LOCAL_EXPORT_AHS,2013.0,UPDATED_CHINA_ORDINARY
3.0,AUS,2013,2013-02-01,2013-02-28,2.0,28.0,0.0767123287671232,0.921251867401965,1.390568856455796,0.921251867401965,1.390568856455796,observed_quote_tax_basis_assumed,0.0,0.0,0.0,0.0,0.0,0.0,none,0.8,1.0,,AUS,calendar_days_fixed,A_POLICY_COVER;A_EU_MIX;A_EU_FLOOR;A_FX;A_POLICY_UNKNOWN;A_TARIFF_FILL;A_PRICE_TAX;PV_AD_OFFSET_BOUND;POLICY_FIRM_YEAR_UNKNOWN,main,LOCAL_EXPORT_AHS,2013.0,UPDATED_CHINA_ORDINARY
3.0,AUS,2013,2013-03-01,2013-03-31,3.0,31.0,0.084931506849315,0.9315028557668634,1.3549132447518013,0.9315028557668634,1.3549132447518013,observed_quote_tax_basis_assumed,0.0,0.0,0.0,0.0,0.0,0.0,none,0.8,1.0,,AUS,calendar_days_fixed,A_POLICY_COVER;A_EU_MIX;A_EU_FLOOR;A_FX;A_POLICY_UNKNOWN;A_TARIFF_FILL;A_PRICE_TAX;PV_AD_OFFSET_BOUND;POLICY_FIRM_YEAR_UNKNOWN,main,LOCAL_EXPORT_AHS,2013.0,UPDATED_CHINA_ORDINARY
3.0,AUS,2013,2013-04-01,2013-04-30,4.0,30.0,0.0821917808219178,0.95601608881336,1.3818778011029471,0.95601608881336,1.3818778011029471,observed_quote_tax_basis_assumed,0.0,0.0,0.0,0.0,0.0,0.0,none,0.8,1.0,,AUS,calendar_days_fixed,A_POLICY_COVER;A_EU_MIX;A_EU_FLOOR;A_FX;A_POLICY_UNKNOWN;A_TARIFF_FILL;A_PRICE_TAX;PV_AD_OFFSET_BOUND;POLICY_FIRM_YEAR_UNKNOWN,main,LOCAL_EXPORT_AHS,2013.0,UPDATED_CHINA_ORDINARY
3.0,AUS,2013,2013-05-01,2013-05-31,5.0,31.0,0.084931506849315,0.9260895616420616,1.3634096324174796,0.9260895616420616,1.3634096324174796,observed_quote_tax_basis_assumed,0.0,0.0,0.0,0.0,0.0,0.0,none,0.8,1.0,,AUS,calendar_days_fixed,A_POLICY_COVER;A_EU_MIX;A_EU_FLOOR;A_FX;A_POLICY_UNKNOWN;A_TARIFF_FILL;A_PRICE_TAX;PV_AD_OFFSET_BOUND;POLICY_FIRM_YEAR_UNKNOWN,main,LOCAL_EXPORT_AHS,2013.0,UPDATED_CHINA_ORDINARY
3.0,AUS,2013,2013-06-01,2013-06-30,6.0,30.0,0.0821917808219178,0.9756808182969297,1.3589839969135804,0.9756808182969297,1.3589839969135804,observed_quote_tax_basis_assumed,0.0,0.0,0.0,0.0,0.0,0.0,none,0.8,1.0,,AUS,calendar_days_fixed,A_POLICY_COVER;A_EU_MIX;A_EU_FLOOR;A_FX;A_POLICY_UNKNOWN;A_TARIFF_FILL;A_PRICE_TAX;PV_AD_OFFSET_BOUND;POLICY_FIRM_YEAR_UNKNOWN,main,LOCAL_EXPORT_AHS,2013.0,UPDATED_CHINA_ORDINARY
3.0,AUS,2013,2013-07-01,2013-07-31,7.0,31.0,0.084931506849315,0.967645331516578,1.339152021295264,0.967645331516578,1.339152021295264,observed_quote_tax_basis_assumed,0.0,0.0,0.0,0.0,0.0,0.0,none,0.8,1.0,,AUS,calendar_days_fixed,A_POLICY_COVER;A_EU_MIX;A_EU_FLOOR;A_FX;A_POLICY_UNKNOWN;A_TARIFF_FILL;A_PRICE_TAX;PV_AD_OFFSET_BOUND;POLICY_FIRM_YEAR_UNKNOWN,main,LOCAL_EXPORT_AHS,2013.0,UPDATED_CHINA_ORDINARY
3.0,AUS,2013,2013-08-01,2013-08-31,8.0,31.0,0.084931506849315,1.002196080959164,1.3362614412788856,1.002196080959164,1.3362614412788856,observed_quote_tax_basis_assumed,0.0,0.0,0.0,0.0,0.0,0.0,none,0.8,1.0,,AUS,calendar_days_fixed,A_POLICY_COVER;A_EU_MIX;A_EU_FLOOR;A_FX;A_POLICY_UNKNOWN;A_TARIFF_FILL;A_PRICE_TAX;PV_AD_OFFSET_BOUND;POLICY_FIRM_YEAR_UNKNOWN,main,LOCAL_EXPORT_AHS,2013.0,UPDATED_CHINA_ORDINARY
3.0,AUS,2013,2013-09-01,2013-09-30,9.0,30.0,0.0821917808219178,1.022721054412437,1.3313006828989482,1.022721054412437,1.3313006828989482,observed_quote_tax_basis_assumed,0.0,0.0,0.0,0.0,0.0,0.0,none,0.8,1.0,,AUS,calendar_days_fixed,A_POLICY_COVER;A_EU_MIX;A_EU_FLOOR;A_FX;A_POLICY_UNKNOWN;A_TARIFF_FILL;A_PRICE_TAX;PV_AD_OFFSET_BOUND;POLICY_FIRM_YEAR_UNKNOWN,main,LOCAL_EXPORT_AHS,2013.0,UPDATED_CHINA_ORDINARY
3.0,AUS,2013,2013-10-01,2013-10-31,10.0,31.0,0.084931506849315,1.0447150589940866,1.341918480949301,1.0447150589940866,1.341918480949301,observed_quote_tax_basis_assumed,0.0,0.0,0.0,0.0,0.0,0.0,none,0.8,1.0,,AUS,calendar_days_fixed,A_POLICY_COVER;A_EU_MIX;A_EU_FLOOR;A_FX;A_POLICY_UNKNOWN;A_TARIFF_FILL;A_PRICE_TAX;PV_AD_OFFSET_BOUND;POLICY_FIRM_YEAR_UNKNOWN,main,LOCAL_EXPORT_AHS,2013.0,UPDATED_CHINA_ORDINARY
3.0,AUS,2013,2013-11-01,2013-11-30,11.0,30.0,0.0821917808219178,1.0160063318033132,1.2566394103883085,1.0160063318033132,1.2566394103883085,observed_quote_tax_basis_assumed,0.0,0.0,0.0,0.0,0.0,0.0,none,0.8,1.0,,AUS,calendar_days_fixed,A_POLICY_COVER;A_EU_MIX;A_EU_FLOOR;A_FX;A_POLICY_UNKNOWN;A_TARIFF_FILL;A_PRICE_TAX;PV_AD_OFFSET_BOUND;POLICY_FIRM_YEAR_UNKNOWN,main,LOCAL_EXPORT_AHS,2013.0,UPDATED_CHINA_ORDINARY
3.0,AUS,2013,2013-12-01,2013-12-31,12.0,31.0,0.084931506849315,1.031871536498892,1.2581591541521575,1.031871536498892,1.2581591541521575,observed_quote_tax_basis_assumed,0.0,0.0,0.0,0.0,0.0,0.0,none,0.8,1.0,,AUS,calendar_days_fixed,A_POLICY_COVER;A_EU_MIX;A_EU_FLOOR;A_FX;A_POLICY_UNKNOWN;A_TARIFF_FILL;A_PRICE_TAX;PV_AD_OFFSET_BOUND;POLICY_FIRM_YEAR_UNKNOWN,main,LOCAL_EXPORT_AHS,2013.0,UPDATED_CHINA_ORDINARY
4.0,AUS,2014,2014-01-01,2014-01-31,1.0,31.0,0.084931506849315,1.0072924673496249,1.2193540394232298,1.0072924673496249,1.2193540394232298,observed_quote_tax_basis_assumed,0.0,0.0,0.0,0.0,0.0,0.0,none,0.8,1.0,,AUS,calendar_days_fixed,A_POLICY_COVER;A_EU_MIX;A_EU_FLOOR;A_FX;A_POLICY_UNKNOWN;A_TARIFF_FILL;A_PRICE_TAX;PV_AD_OFFSET_BOUND;POLICY_FIRM_YEAR_UNKNOWN,main,LOCAL_EXPORT_AHS,2014.0,UPDATED_CHINA_ORDINARY
4.0,AUS,2014,2014-02-01,2014-02-28,2.0,28.0,0.0767123287671232,1.0463340822279374,1.2325460799125705,1.0463340822279374,1.2325460799125705,observed_quote_tax_basis_assumed,0.0,0.0,0.0,0.0,0.0,0.0,none,0.8,1.0,,AUS,calendar_days_fixed,A_POLICY_COVER;A_EU_MIX;A_EU_FLOOR;A_FX;A_POLICY_UNKNOWN;A_TARIFF_FILL;A_PRICE_TAX;PV_AD_OFFSET_BOUND;POLICY_FIRM_YEAR_UNKNOWN,main,LOCAL_EXPORT_AHS,2014.0,UPDATED_CHINA_ORDINARY
4.0,AUS,2014,2014-03-01,2014-03-31,3.0,31.0,0.084931506849315,1.023935290408728,1.2305187261929451,1.023935290408728,1.2305187261929451,observed_quote_tax_basis_assumed,0.0,0.0,0.0,0.0,0.0,0.0,none,0.8,1.0,,AUS,calendar_days_fixed,A_POLICY_COVER;A_EU_MIX;A_EU_FLOOR;A_FX;A_POLICY_UNKNOWN;A_TARIFF_FILL;A_PRICE_TAX;PV_AD_OFFSET_BOUND;POLICY_FIRM_YEAR_UNKNOWN,main,LOCAL_EXPORT_AHS,2014.0,UPDATED_CHINA_ORDINARY
4.0,AUS,2014,2014-04-01,2014-04-30,4.0,30.0,0.0821917808219178,1.0043282324389915,1.201606992382365,1.0043282324389915,1.201606992382365,observed_quote_tax_basis_assumed,0.0,0.0,0.0,0.0,0.0,0.0,none,0.8,1.0,,AUS,calendar_days_fixed,A_POLICY_COVER;A_EU_MIX;A_EU_FLOOR;A_FX;A_POLICY_UNKNOWN;A_TARIFF_FILL;A_PRICE_TAX;PV_AD_OFFSET_BOUND;POLICY_FIRM_YEAR_UNKNOWN,main,LOCAL_EXPORT_AHS,2014.0,UPDATED_CHINA_ORDINARY
4.0,AUS,2014,2014-05-01,2014-05-31,5.0,31.0,0.084931506849315,0.998485340330426,1.1678712462793372,0.998485340330426,1.1678712462793372,observed_quote_tax_basis_assumed,0.0,0.0,0.0,0.0,0.0,0.0,none,0.8,1.0,,AUS,calendar_days_fixed,A_POLICY_COVER;A_EU_MIX;A_EU_FLOOR;A_FX;A_POLICY_UNKNOWN;A_TARIFF_FILL;A_PRICE_TAX;PV_AD_OFFSET_BOUND;POLICY_FIRM_YEAR_UNKNOWN,main,LOCAL_EXPORT_AHS,2014.0,UPDATED_CHINA_ORDINARY
4.0,AUS,2014,2014-06-01,2014-06-30,6.0,30.0,0.0821917808219178,0.9706744104845764,1.1471606669363172,0.9706744104845764,1.1471606669363172,observed_quote_tax_basis_assumed,0.0,0.0,0.0,0.0,0.0,0.0,none,0.8,1.0,,AUS,calendar_days_fixed,A_POLICY_COVER;A_EU_MIX;A_EU_FLOOR;A_FX;A_POLICY_UNKNOWN;A_TARIFF_FILL;A_PRICE_TAX;PV_AD_OFFSET_BOUND;POLICY_FIRM_YEAR_UNKNOWN,main,LOCAL_EXPORT_AHS,2014.0,UPDATED_CHINA_ORDINARY
4.0,AUS,2014,2014-07-01,2014-07-31,7.0,31.0,0.084931506849315,0.9668747294924476,1.1338803645865974,0.9668747294924476,1.1338803645865974,observed_quote_tax_basis_assumed,0.0,0.0,0.0,0.0,0.0,0.0,none,0.8,1.0,,AUS,calendar_days_fixed,A_POLICY_COVER;A_EU_MIX;A_EU_FLOOR;A_FX;A_POLICY_UNKNOWN;A_TARIFF_FILL;A_PRICE_TAX;PV_AD_OFFSET_BOUND;POLICY_FIRM_YEAR_UNKNOWN,main,LOCAL_EXPORT_AHS,2014.0,UPDATED_CHINA_ORDINARY
4.0,AUS,2014,2014-08-01,2014-08-31,8.0,31.0,0.084931506849315,0.9336540934028892,1.1065529995886094,0.9336540934028892,1.1065529995886094,observed_quote_tax_basis_assumed,0.0,0.0,0.0,0.0,0.0,0.0,none,0.8,1.0,,AUS,calendar_days_fixed,A_POLICY_COVER;A_EU_MIX;A_EU_FLOOR;A_FX;A_POLICY_UNKNOWN;A_TARIFF_FILL;A_PRICE_TAX;PV_AD_OFFSET_BOUND;POLICY_FIRM_YEAR_UNKNOWN,main,LOCAL_EXPORT_AHS,2014.0,UPDATED_CHINA_ORDINARY
4.0,AUS,2014,2014-09-01,2014-09-30,9.0,30.0,0.0821917808219178,0.9045753093677252,1.0553378609290127,0.9045753093677252,1.0553378609290127,observed_quote_tax_basis_assumed,0.0,0.0,0.0,0.0,0.0,0.0,none,0.8,1.0,,AUS,calendar_days_fixed,A_POLICY_COVER;A_EU_MIX;A_EU_FLOOR;A_FX;A_POLICY_UNKNOWN;A_TARIFF_FILL;A_PRICE_TAX;PV_AD_OFFSET_BOUND;POLICY_FIRM_YEAR_UNKNOWN,main,LOCAL_EXPORT_AHS,2014.0,UPDATED_CHINA_ORDINARY
4.0,AUS,2014,2014-10-01,2014-10-31,10.0,31.0,0.084931506849315,0.8885453695095287,1.0119544486080745,0.8885453695095287,1.0119544486080745,observed_quote_tax_basis_assumed,0.0,0.0,0.0,0.0,0.0,0.0,none,0.8,1.0,,AUS,calendar_days_fixed,A_POLICY_COVER;A_EU_MIX;A_EU_FLOOR;A_FX;A_POLICY_UNKNOWN;A_TARIFF_FILL;A_PRICE_TAX;PV_AD_OFFSET_BOUND;POLICY_FIRM_YEAR_UNKNOWN,main,LOCAL_EXPORT_AHS,2014.0,UPDATED_CHINA_ORDINARY
4.0,AUS,2014,2014-11-01,2014-11-30,11.0,30.0,0.0821917808219178,0.8582904677093165,0.9878437458541188,0.8582904677093165,0.9878437458541188,observed_quote_tax_basis_assumed,0.0,0.0,0.0,0.0,0.0,0.0,none,0.8,1.0,,AUS,calendar_days_fixed,A_POLICY_COVER;A_EU_MIX;A_EU_FLOOR;A_FX;A_POLICY_UNKNOWN;A_TARIFF_FILL;A_PRICE_TAX;PV_AD_OFFSET_BOUND;POLICY_FIRM_YEAR_UNKNOWN,main,LOCAL_EXPORT_AHS,2014.0,UPDATED_CHINA_ORDINARY
4.0,AUS,2014,2014-12-01,2014-12-31,12.0,31.0,0.084931506849315,0.8627497629665737,0.984836993575051,0.8627497629665737,0.984836993575051,observed_quote_tax_basis_assumed,0.0,0.0,0.0,0.0,0.0,0.0,none,0.8,1.0,,AUS,calendar_days_fixed,A_POLICY_COVER;A_EU_MIX;A_EU_FLOOR;A_FX;A_POLICY_UNKNOWN;A_TARIFF_FILL;A_PRICE_TAX;PV_AD_OFFSET_BOUND;POLICY_FIRM_YEAR_UNKNOWN,main,LOCAL_EXPORT_AHS,2014.0,UPDATED_CHINA_ORDINARY
5.0,AUS,2015,2015-01-01,2015-01-31,1.0,31.0,0.084931506849315,0.7836468068108556,0.8779746631862364,0.7836468068108556,0.8779746631862364,observed_quote_tax_basis_assumed,0.0,0.0,0.0,0.0,0.0,0.0,none,0.8,1.0,,AUS,calendar_days_fixed,A_POLICY_COVER;A_EU_MIX;A_EU_FLOOR;A_FX;A_POLICY_UNKNOWN;A_TARIFF_FILL;A_PRICE_TAX;PV_AD_OFFSET_BOUND;POLICY_FIRM_YEAR_UNKNOWN,main,LOCAL_EXPORT_AHS,2015.0,UPDATED_CHINA_ORDINARY
5.0,AUS,2015,2015-02-01,2015-02-28,2.0,28.0,0.0767123287671232,0.7653267250677627,0.8503630278530696,0.7653267250677627,0.8503630278530696,observed_quote_tax_basis_assumed,0.0,0.0,0.0,0.0,0.0,0.0,none,0.8,1.0,,AUS,calendar_days_fixed,A_POLICY_COVER;A_EU_MIX;A_EU_FLOOR;A_FX;A_POLICY_UNKNOWN;A_TARIFF_FILL;A_PRICE_TAX;PV_AD_OFFSET_BOUND;POLICY_FIRM_YEAR_UNKNOWN,main,LOCAL_EXPORT_AHS,2015.0,UPDATED_CHINA_ORDINARY
5.0,AUS,2015,2015-03-01,2015-03-31,3.0,31.0,0.084931506849315,0.7308038162617816,0.8323043462981401,0.7308038162617816,0.8323043462981401,observed_quote_tax_basis_assumed,0.0,0.0,0.0,0.0,0.0,0.0,none,0.8,1.0,,AUS,calendar_days_fixed,A_POLICY_COVER;A_EU_MIX;A_EU_FLOOR;A_FX;A_POLICY_UNKNOWN;A_TARIFF_FILL;A_PRICE_TAX;PV_AD_OFFSET_BOUND;POLICY_FIRM_YEAR_UNKNOWN,main,LOCAL_EXPORT_AHS,2015.0,UPDATED_CHINA_ORDINARY
5.0,AUS,2015,2015-04-01,2015-04-30,4.0,30.0,0.0821917808219178,0.7403275288041375,0.8345510324701185,0.7403275288041375,0.8345510324701185,observed_quote_tax_basis_assumed,0.0,0.0,0.0,0.0,0.0,0.0,none,0.8,1.0,,AUS,calendar_days_fixed,A_POLICY_COVER;A_EU_MIX;A_EU_FLOOR;A_FX;A_POLICY_UNKNOWN;A_TARIFF_FILL;A_PRICE_TAX;PV_AD_OFFSET_BOUND;POLICY_FIRM_YEAR_UNKNOWN,main,LOCAL_EXPORT_AHS,2015.0,UPDATED_CHINA_ORDINARY
5.0,AUS,2015,2015-05-01,2015-05-31,5.0,31.0,0.084931506849315,0.7796793226269166,0.8701778154318265,0.7796793226269166,0.8701778154318265,observed_quote_tax_basis_assumed,0.0,0.0,0.0,0.0,0.0,0.0,none,0.8,1.0,,AUS,calendar_days_fixed,A_POLICY_COVER;A_EU_MIX;A_EU_FLOOR;A_FX;A_POLICY_UNKNOWN;A_TARIFF_FILL;A_PRICE_TAX;PV_AD_OFFSET_BOUND;POLICY_FIRM_YEAR_UNKNOWN,main,LOCAL_EXPORT_AHS,2015.0,UPDATED_CHINA_ORDINARY
5.0,AUS,2015,2015-06-01,2015-06-30,6.0,30.0,0.0821917808219178,0.7841322245706475,0.8681463914889309,0.7841322245706475,0.8681463914889309,observed_quote_tax_basis_assumed,0.0,0.0,0.0,0.0,0.0,0.0,none,0.8,1.0,,AUS,calendar_days_fixed,A_POLICY_COVER;A_EU_MIX;A_EU_FLOOR;A_FX;A_POLICY_UNKNOWN;A_TARIFF_FILL;A_PRICE_TAX;PV_AD_OFFSET_BOUND;POLICY_FIRM_YEAR_UNKNOWN,main,LOCAL_EXPORT_AHS,2015.0,UPDATED_CHINA_ORDINARY
5.0,AUS,2015,2015-07-01,2015-07-31,7.0,31.0,0.084931506849315,0.7826573192219436,0.8444460549499919,0.7826573192219436,0.8444460549499919,observed_quote_tax_basis_assumed,0.0,0.0,0.0,0.0,0.0,0.0,none,0.8,1.0,,AUS,calendar_days_fixed,A_POLICY_COVER;A_EU_MIX;A_EU_FLOOR;A_FX;A_POLICY_UNKNOWN;A_TARIFF_FILL;A_PRICE_TAX;PV_AD_OFFSET_BOUND;POLICY_FIRM_YEAR_UNKNOWN,main,LOCAL_EXPORT_AHS,2015.0,UPDATED_CHINA_ORDINARY
5.0,AUS,2015,2015-08-01,2015-08-31,8.0,31.0,0.084931506849315,0.7928546296754717,0.8484935510562066,0.7928546296754717,0.8484935510562066,observed_quote_tax_basis_assumed,0.0,0.0,0.0,0.0,0.0,0.0,none,0.8,1.0,,AUS,calendar_days_fixed,A_POLICY_COVER;A_EU_MIX;A_EU_FLOOR;A_FX;A_POLICY_UNKNOWN;A_TARIFF_FILL;A_PRICE_TAX;PV_AD_OFFSET_BOUND;POLICY_FIRM_YEAR_UNKNOWN,main,LOCAL_EXPORT_AHS,2015.0,UPDATED_CHINA_ORDINARY
5.0,AUS,2015,2015-09-01,2015-09-30,9.0,30.0,0.0821917808219178,0.8238181179610751,0.8816299157127296,0.8238181179610751,0.8816299157127296,observed_quote_tax_basis_assumed,0.0,0.0,0.0,0.0,0.0,0.0,none,0.8,1.0,,AUS,calendar_days_fixed,A_POLICY_COVER;A_EU_MIX;A_EU_FLOOR;A_FX;A_POLICY_UNKNOWN;A_TARIFF_FILL;A_PRICE_TAX;PV_AD_OFFSET_BOUND;POLICY_FIRM_YEAR_UNKNOWN,main,LOCAL_EXPORT_AHS,2015.0,UPDATED_CHINA_ORDINARY
5.0,AUS,2015,2015-10-01,2015-10-31,10.0,31.0,0.084931506849315,0.8090265672243003,0.8884845336481153,0.8090265672243003,0.8884845336481153,observed_quote_tax_basis_assumed,0.0,0.0,0.0,0.0,0.0,0.0,none,0.8,1.0,,AUS,calendar_days_fixed,A_POLICY_COVER;A_EU_MIX;A_EU_FLOOR;A_FX;A_POLICY_UNKNOWN;A_TARIFF_FILL;A_PRICE_TAX;PV_AD_OFFSET_BOUND;POLICY_FIRM_YEAR_UNKNOWN,main,LOCAL_EXPORT_AHS,2015.0,UPDATED_CHINA_ORDINARY
5.0,AUS,2015,2015-11-01,2015-11-30,11.0,30.0,0.0821917808219178,0.7603831200676149,0.8571591535307657,0.7603831200676149,0.8571591535307657,observed_quote_tax_basis_assumed,0.0,0.0,0.0,0.0,0.0,0.0,none,0.8,1.0,,AUS,calendar_days_fixed,A_POLICY_COVER;A_EU_MIX;A_EU_FLOOR;A_FX;A_POLICY_UNKNOWN;A_TARIFF_FILL;A_PRICE_TAX;PV_AD_OFFSET_BOUND;POLICY_FIRM_YEAR_UNKNOWN,main,LOCAL_EXPORT_AHS,2015.0,UPDATED_CHINA_ORDINARY
5.0,AUS,2015,2015-12-01,2015-12-31,12.0,31.0,0.084931506849315,0.770105042618891,0.861117456746578,0.770105042618891,0.861117456746578,observed_quote_tax_basis_assumed,0.0,0.0,0.0,0.0,0.0,0.0,none,0.8,1.0,,AUS,calendar_days_fixed,A_POLICY_COVER;A_EU_MIX;A_EU_FLOOR;A_FX;A_POLICY_UNKNOWN;A_TARIFF_FILL;A_PRICE_TAX;PV_AD_OFFSET_BOUND;POLICY_FIRM_YEAR_UNKNOWN,main,LOCAL_EXPORT_AHS,2015.0,UPDATED_CHINA_ORDINARY
6.0,AUS,2016,2016-01-01,2016-01-31,1.0,31.0,0.0846994535519125,0.7754609470994799,0.8654698070306694,0.7754609470994799,0.8654698070306694,observed_quote_tax_basis_assumed,0.0,0.0,0.0,0.0,0.0,0.0,none,0.8,1.0,,AUS,calendar_days_fixed,A_POLICY_COVER;A_EU_MIX;A_EU_FLOOR;A_FX;A_POLICY_UNKNOWN;A_TARIFF_FILL;A_PRICE_TAX;PV_AD_OFFSET_BOUND;POLICY_FIRM_YEAR_UNKNOWN,main,LOCAL_EXPORT_AHS,2016.0,UPDATED_CHINA_ORDINARY
6.0,AUS,2016,2016-02-01,2016-02-29,2.0,29.0,0.0792349726775956,0.7780005038629495,0.8699460179558434,0.7780005038629495,0.8699460179558434,observed_quote_tax_basis_assumed,0.0,0.0,0.0,0.0,0.0,0.0,none,0.8,1.0,,AUS,calendar_days_fixed,A_POLICY_COVER;A_EU_MIX;A_EU_FLOOR;A_FX;A_POLICY_UNKNOWN;A_TARIFF_FILL;A_PRICE_TAX;PV_AD_OFFSET_BOUND;POLICY_FIRM_YEAR_UNKNOWN,main,LOCAL_EXPORT_AHS,2016.0,UPDATED_CHINA_ORDINARY
6.0,AUS,2016,2016-03-01,2016-03-31,3.0,31.0,0.0846994535519125,0.7787644863397156,0.8495612578251441,0.7787644863397156,0.8495612578251441,observed_quote_tax_basis_assumed,0.0,0.0,0.0,0.0,0.0,0.0,none,0.8,1.0,,AUS,calendar_days_fixed,A_POLICY_COVER;A_EU_MIX;A_EU_FLOOR;A_FX;A_POLICY_UNKNOWN;A_TARIFF_FILL;A_PRICE_TAX;PV_AD_OFFSET_BOUND;POLICY_FIRM_YEAR_UNKNOWN,main,LOCAL_EXPORT_AHS,2016.0,UPDATED_CHINA_ORDINARY
6.0,AUS,2016,2016-04-01,2016-04-30,4.0,30.0,0.081967213114754,0.7944156135931028,0.8738571749524129,0.7944156135931028,0.8738571749524129,observed_quote_tax_basis_assumed,0.0,0.0,0.0,0.0,0.0,0.0,none,0.8,1.0,,AUS,calendar_days_fixed,A_POLICY_COVER;A_EU_MIX;A_EU_FLOOR;A_FX;A_POLICY_UNKNOWN;A_TARIFF_FILL;A_PRICE_TAX;PV_AD_OFFSET_BOUND;POLICY_FIRM_YEAR_UNKNOWN,main,LOCAL_EXPORT_AHS,2016.0,UPDATED_CHINA_ORDINARY
6.0,AUS,2016,2016-05-01,2016-05-31,5.0,31.0,0.0846994535519125,0.7782994701499374,0.8575707124800236,0.7782994701499374,0.8575707124800236,observed_quote_tax_basis_assumed,0.0,0.0,0.0,0.0,0.0,0.0,none,0.8,1.0,,AUS,calendar_days_fixed,A_POLICY_COVER;A_EU_MIX;A_EU_FLOOR;A_FX;A_POLICY_UNKNOWN;A_TARIFF_FILL;A_PRICE_TAX;PV_AD_OFFSET_BOUND;POLICY_FIRM_YEAR_UNKNOWN,main,LOCAL_EXPORT_AHS,2016.0,UPDATED_CHINA_ORDINARY
6.0,AUS,2016,2016-06-01,2016-06-30,6.0,30.0,0.081967213114754,0.7591586187691494,0.8379392301508536,0.7591586187691494,0.8379392301508536,observed_quote_tax_basis_assumed,0.0,0.0,0.0,0.0,0.0,0.0,none,0.8,1.0,,AUS,calendar_days_fixed,A_POLICY_COVER;A_EU_MIX;A_EU_FLOOR;A_FX;A_POLICY_UNKNOWN;A_TARIFF_FILL;A_PRICE_TAX;PV_AD_OFFSET_BOUND;POLICY_FIRM_YEAR_UNKNOWN,main,LOCAL_EXPORT_AHS,2016.0,UPDATED_CHINA_ORDINARY
6.0,AUS,2016,2016-07-01,2016-07-31,7.0,31.0,0.0846994535519125,0.7330790988487496,0.8035674737380523,0.7330790988487496,0.8035674737380523,observed_quote_tax_basis_assumed,0.0,0.0,0.0,0.0,0.0,0.0,none,0.8,1.0,,AUS,calendar_days_fixed,A_POLICY_COVER;A_EU_MIX;A_EU_FLOOR;A_FX;A_POLICY_UNKNOWN;A_TARIFF_FILL;A_PRICE_TAX;PV_AD_OFFSET_BOUND;POLICY_FIRM_YEAR_UNKNOWN,main,LOCAL_EXPORT_AHS,2016.0,UPDATED_CHINA_ORDINARY
6.0,AUS,2016,2016-08-01,2016-08-31,8.0,31.0,0.0846994535519125,0.7280738985555929,0.8280056101220468,0.7280738985555929,0.8280056101220468,observed_quote_tax_basis_assumed,0.0,0.0,0.0,0.0,0.0,0.0,none,0.8,1.0,,AUS,calendar_days_fixed,A_POLICY_COVER;A_EU_MIX;A_EU_FLOOR;A_FX;A_POLICY_UNKNOWN;A_TARIFF_FILL;A_PRICE_TAX;PV_AD_OFFSET_BOUND;POLICY_FIRM_YEAR_UNKNOWN,main,LOCAL_EXPORT_AHS,2016.0,UPDATED_CHINA_ORDINARY
6.0,AUS,2016,2016-09-01,2016-09-30,9.0,30.0,0.081967213114754,0.7423697374619559,0.7923369313295875,0.7423697374619559,0.7923369313295875,observed_quote_tax_basis_assumed,0.0,0.0,0.0,0.0,0.0,0.0,none,0.8,1.0,,AUS,calendar_days_fixed,A_POLICY_COVER;A_EU_MIX;A_EU_FLOOR;A_FX;A_POLICY_UNKNOWN;A_TARIFF_FILL;A_PRICE_TAX;PV_AD_OFFSET_BOUND;POLICY_FIRM_YEAR_UNKNOWN,main,LOCAL_EXPORT_AHS,2016.0,UPDATED_CHINA_ORDINARY
6.0,AUS,2016,2016-10-01,2016-10-31,10.0,31.0,0.0846994535519125,0.7036858447593164,0.774054429235248,0.7036858447593164,0.774054429235248,observed_quote_tax_basis_assumed,0.0,0.0,0.0,0.0,0.0,0.0,none,0.8,1.0,,AUS,calendar_days_fixed,A_POLICY_COVER;A_EU_MIX;A_EU_FLOOR;A_FX;A_POLICY_UNKNOWN;A_TARIFF_FILL;A_PRICE_TAX;PV_AD_OFFSET_BOUND;POLICY_FIRM_YEAR_UNKNOWN,main,LOCAL_EXPORT_AHS,2016.0,UPDATED_CHINA_ORDINARY
6.0,AUS,2016,2016-11-01,2016-11-30,11.0,30.0,0.081967213114754,0.6749440466200466,0.7438158881118881,0.6749440466200466,0.7438158881118881,observed_quote_tax_basis_assumed,0.0,0.0,0.0,0.0,0.0,0.0,none,0.8,1.0,,AUS,calendar_days_fixed,A_POLICY_COVER;A_EU_MIX;A_EU_FLOOR;A_FX;A_POLICY_UNKNOWN;A_TARIFF_FILL;A_PRICE_TAX;PV_AD_OFFSET_BOUND;POLICY_FIRM_YEAR_UNKNOWN,main,LOCAL_EXPORT_AHS,2016.0,UPDATED_CHINA_ORDINARY
6.0,AUS,2016,2016-12-01,2016-12-31,12.0,31.0,0.0846994535519125,0.6716546528435174,0.7186704785425637,0.6716546528435174,0.7186704785425637,observed_quote_tax_basis_assumed,0.0,0.0,0.0,0.0,0.0,0.0,none,0.8,1.0,,AUS,calendar_days_fixed,A_POLICY_COVER;A_EU_MIX;A_EU_FLOOR;A_FX;A_POLICY_UNKNOWN;A_TARIFF_FILL;A_PRICE_TAX;PV_AD_OFFSET_BOUND;POLICY_FIRM_YEAR_UNKNOWN,main,LOCAL_EXPORT_AHS,2016.0,UPDATED_CHINA_ORDINARY
7.0,AUS,2017,2017-01-01,2017-01-31,1.0,31.0,0.084931506849315,0.65131797346,0.6978406858499999,0.65131797346,0.6978406858499999,observed_quote_tax_basis_assumed,0.0,0.0,0.0,0.0,0.0,0.0,none,0.8,1.0,,AUS,calendar_days_fixed,A_POLICY_COVER;A_EU_MIX;A_EU_FLOOR;A_FX;A_POLICY_UNKNOWN;A_TARIFF_FILL;A_PRICE_TAX;PV_AD_OFFSET_BOUND;POLICY_FIRM_YEAR_UNKNOWN,main,LOCAL_EXPORT_AHS,2017.0,UPDATED_CHINA_ORDINARY
7.0,AUS,2017,2017-02-01,2017-02-28,2.0,28.0,0.0767123287671232,0.653336242055,0.680003027445,0.653336242055,0.680003027445,observed_quote_tax_basis_assumed,0.0,0.0,0.0,0.0,0.0,0.0,none,0.8,1.0,,AUS,calendar_days_fixed,A_POLICY_COVER;A_EU_MIX;A_EU_FLOOR;A_FX;A_POLICY_UNKNOWN;A_TARIFF_FILL;A_PRICE_TAX;PV_AD_OFFSET_BOUND;POLICY_FIRM_YEAR_UNKNOWN,main,LOCAL_EXPORT_AHS,2017.0,UPDATED_CHINA_ORDINARY
7.0,AUS,2017,2017-03-01,2017-03-31,3.0,31.0,0.084931506849315,0.6288995552,0.66904208,0.6288995552,0.66904208,observed_quote_tax_basis_assumed,0.0,0.0,0.0,0.0,0.0,0.0,none,0.8,1.0,,AUS,calendar_days_fixed,A_POLICY_COVER;A_EU_MIX;A_EU_FLOOR;A_FX;A_POLICY_UNKNOWN;A_TARIFF_FILL;A_PRICE_TAX;PV_AD_OFFSET_BOUND;POLICY_FIRM_YEAR_UNKNOWN,main,LOCAL_EXPORT_AHS,2017.0,UPDATED_CHINA_ORDINARY
7.0,AUS,2017,2017-04-01,2017-04-30,4.0,30.0,0.0821917808219178,0.6161349233900001,0.6630147545175,0.6161349233900001,0.6630147545175,observed_quote_tax_basis_assumed,0.0,0.0,0.0,0.0,0.0,0.0,none,0.8,1.0,,AUS,calendar_days_fixed,A_POLICY_COVER;A_EU_MIX;A_EU_FLOOR;A_FX;A_POLICY_UNKNOWN;A_TARIFF_FILL;A_PRICE_TAX;PV_AD_OFFSET_BOUND;POLICY_FIRM_YEAR_UNKNOWN,main,LOCAL_EXPORT_AHS,2017.0,UPDATED_CHINA_ORDINARY
7.0,AUS,2017,2017-05-01,2017-05-31,5.0,31.0,0.084931506849315,0.6360321647399999,0.67751252331,0.6360321647399999,0.67751252331,observed_quote_tax_basis_assumed,0.0,0.0,0.0,0.0,0.0,0.0,none,0.8,1.0,,AUS,calendar_days_fixed,A_POLICY_COVER;A_EU_MIX;A_EU_FLOOR;A_FX;A_POLICY_UNKNOWN;A_TARIFF_FILL;A_PRICE_TAX;PV_AD_OFFSET_BOUND;POLICY_FIRM_YEAR_UNKNOWN,main,LOCAL_EXPORT_AHS,2017.0,UPDATED_CHINA_ORDINARY
7.0,AUS,2017,2017-06-01,2017-06-30,6.0,30.0,0.0821917808219178,0.6834862197535653,0.7587457241032978,,,index_bridge,0.0,0.0,0.0,0.0,0.0,0.0,none,0.8,1.0,,AUS,calendar_days_fixed,A_POLICY_COVER;A_EU_MIX;A_EU_FLOOR;A_FX;A_POLICY_UNKNOWN;A_TARIFF_FILL;A_PRICE_TAX;PV_AD_OFFSET_BOUND;POLICY_FIRM_YEAR_UNKNOWN,main,LOCAL_EXPORT_AHS,2017.0,UPDATED_CHINA_ORDINARY
7.0,AUS,2017,2017-07-01,2017-07-31,7.0,31.0,0.084931506849315,0.7190854065307387,0.7982647809154071,,,index_bridge,0.0,0.0,0.0,0.0,0.0,0.0,none,0.8,1.0,,AUS,calendar_days_fixed,A_POLICY_COVER;A_EU_MIX;A_EU_FLOOR;A_FX;A_POLICY_UNKNOWN;A_TARIFF_FILL;A_PRICE_TAX;PV_AD_OFFSET_BOUND;POLICY_FIRM_YEAR_UNKNOWN,main,LOCAL_EXPORT_AHS,2017.0,UPDATED_CHINA_ORDINARY
7.0,AUS,2017,2017-08-01,2017-08-31,8.0,31.0,0.084931506849315,0.7376777050824325,0.8189043002204721,,,index_bridge,0.0,0.0,0.0,0.0,0.0,0.0,none,0.8,1.0,,AUS,calendar_days_fixed,A_POLICY_COVER;A_EU_MIX;A_EU_FLOOR;A_FX;A_POLICY_UNKNOWN;A_TARIFF_FILL;A_PRICE_TAX;PV_AD_OFFSET_BOUND;POLICY_FIRM_YEAR_UNKNOWN,main,LOCAL_EXPORT_AHS,2017.0,UPDATED_CHINA_ORDINARY
7.0,AUS,2017,2017-09-01,2017-09-30,9.0,30.0,0.0821917808219178,0.7443664359352588,0.8263295354155424,,,index_bridge,0.0,0.0,0.0,0.0,0.0,0.0,none,0.8,1.0,,AUS,calendar_days_fixed,A_POLICY_COVER;A_EU_MIX;A_EU_FLOOR;A_FX;A_POLICY_UNKNOWN;A_TARIFF_FILL;A_PRICE_TAX;PV_AD_OFFSET_BOUND;POLICY_FIRM_YEAR_UNKNOWN,main,LOCAL_EXPORT_AHS,2017.0,UPDATED_CHINA_ORDINARY
7.0,AUS,2017,2017-10-01,2017-10-31,10.0,31.0,0.084931506849315,0.7152718333710166,0.7940312905466657,,,index_bridge,0.0,0.0,0.0,0.0,0.0,0.0,none,0.8,1.0,,AUS,calendar_days_fixed,A_POLICY_COVER;A_EU_MIX;A_EU_FLOOR;A_FX;A_POLICY_UNKNOWN;A_TARIFF_FILL;A_PRICE_TAX;PV_AD_OFFSET_BOUND;POLICY_FIRM_YEAR_UNKNOWN,main,LOCAL_EXPORT_AHS,2017.0,UPDATED_CHINA_ORDINARY
7.0,AUS,2017,2017-11-01,2017-11-30,11.0,30.0,0.0821917808219178,0.6803818599439665,0.7552995394348484,,,index_bridge,0.0,0.0,0.0,0.0,0.0,0.0,none,0.8,1.0,,AUS,calendar_days_fixed,A_POLICY_COVER;A_EU_MIX;A_EU_FLOOR;A_FX;A_POLICY_UNKNOWN;A_TARIFF_FILL;A_PRICE_TAX;PV_AD_OFFSET_BOUND;POLICY_FIRM_YEAR_UNKNOWN,main,LOCAL_EXPORT_AHS,2017.0,UPDATED_CHINA_ORDINARY
7.0,AUS,2017,2017-12-01,2017-12-31,12.0,31.0,0.084931506849315,0.6512233829889086,0.722930386887791,,,index_bridge,0.0,0.0,0.0,0.0,0.0,0.0,none,0.8,1.0,,AUS,calendar_days_fixed,A_POLICY_COVER;A_EU_MIX;A_EU_FLOOR;A_FX;A_POLICY_UNKNOWN;A_TARIFF_FILL;A_PRICE_TAX;PV_AD_OFFSET_BOUND;POLICY_FIRM_YEAR_UNKNOWN,main,LOCAL_EXPORT_AHS,2017.0,UPDATED_CHINA_ORDINARY
8.0,AUS,2018,2018-01-01,2018-01-31,1.0,31.0,0.084931506849315,0.655027440164083,0.7271533134552772,,,index_bridge,0.0,0.0,0.0,0.0,0.0,0.0,none,0.8,1.0,,AUS,calendar_days_fixed,A_POLICY_COVER;A_EU_MIX;A_EU_FLOOR;A_FX;A_POLICY_UNKNOWN;A_TARIFF_FILL;A_PRICE_TAX;PV_AD_OFFSET_BOUND;POLICY_FIRM_YEAR_UNKNOWN,main,LOCAL_EXPORT_AHS,2018.0,UPDATED_CHINA_ORDINARY
8.0,AUS,2018,2018-02-01,2018-02-28,2.0,28.0,0.0767123287671232,0.6647304348272245,0.7379247167387408,,,index_bridge,0.0,0.0,0.0,0.0,0.0,0.0,none,0.8,1.0,,AUS,calendar_days_fixed,A_POLICY_COVER;A_EU_MIX;A_EU_FLOOR;A_FX;A_POLICY_UNKNOWN;A_TARIFF_FILL;A_PRICE_TAX;PV_AD_OFFSET_BOUND;POLICY_FIRM_YEAR_UNKNOWN,main,LOCAL_EXPORT_AHS,2018.0,UPDATED_CHINA_ORDINARY
8.0,AUS,2018,2018-03-01,2018-03-31,3.0,31.0,0.084931506849315,0.6450430138824986,0.7160694897733482,,,index_bridge,0.0,0.0,0.0,0.0,0.0,0.0,none,0.8,1.0,,AUS,calendar_days_fixed,A_POLICY_COVER;A_EU_MIX;A_EU_FLOOR;A_FX;A_POLICY_UNKNOWN;A_TARIFF_FILL;A_PRICE_TAX;PV_AD_OFFSET_BOUND;POLICY_FIRM_YEAR_UNKNOWN,main,LOCAL_EXPORT_AHS,2018.0,UPDATED_CHINA_ORDINARY
8.0,AUS,2018,2018-04-01,2018-04-30,4.0,30.0,0.0821917808219178,0.6248356131344818,0.6936370273919885,,,index_bridge,0.0,0.0,0.0,0.0,0.0,0.0,none,0.8,1.0,,AUS,calendar_days_fixed,A_POLICY_COVER;A_EU_MIX;A_EU_FLOOR;A_FX;A_POLICY_UNKNOWN;A_TARIFF_FILL;A_PRICE_TAX;PV_AD_OFFSET_BOUND;POLICY_FIRM_YEAR_UNKNOWN,main,LOCAL_EXPORT_AHS,2018.0,UPDATED_CHINA_ORDINARY
8.0,AUS,2018,2018-05-01,2018-05-31,5.0,31.0,0.084931506849315,0.5850384784497941,0.6494577814893321,,,index_bridge,0.0,0.0,0.0,0.0,0.0,0.0,none,0.8,1.0,,AUS,calendar_days_fixed,A_POLICY_COVER;A_EU_MIX;A_EU_FLOOR;A_FX;A_POLICY_UNKNOWN;A_TARIFF_FILL;A_PRICE_TAX;PV_AD_OFFSET_BOUND;POLICY_FIRM_YEAR_UNKNOWN,main,LOCAL_EXPORT_AHS,2018.0,UPDATED_CHINA_ORDINARY
8.0,AUS,2018,2018-06-01,2018-06-30,6.0,30.0,0.0821917808219178,0.5600553168749636,0.6217236934102497,,,index_bridge,0.0,0.0,0.0,0.0,0.0,0.0,none,0.8,1.0,,AUS,calendar_days_fixed,A_POLICY_COVER;A_EU_MIX;A_EU_FLOOR;A_FX;A_POLICY_UNKNOWN;A_TARIFF_FILL;A_PRICE_TAX;PV_AD_OFFSET_BOUND;POLICY_FIRM_YEAR_UNKNOWN,main,LOCAL_EXPORT_AHS,2018.0,UPDATED_CHINA_ORDINARY
8.0,AUS,2018,2018-07-01,2018-07-31,7.0,31.0,0.084931506849315,0.5436607621600794,0.6035239142062432,,,index_bridge,0.0,0.0,0.0,0.0,0.0,0.0,none,0.8,1.0,,AUS,calendar_days_fixed,A_POLICY_COVER;A_EU_MIX;A_EU_FLOOR;A_FX;A_POLICY_UNKNOWN;A_TARIFF_FILL;A_PRICE_TAX;PV_AD_OFFSET_BOUND;POLICY_FIRM_YEAR_UNKNOWN,main,LOCAL_EXPORT_AHS,2018.0,UPDATED_CHINA_ORDINARY
8.0,AUS,2018,2018-08-01,2018-08-31,8.0,31.0,0.084931506849315,0.5200018991617037,0.577259944841015,,,index_bridge,0.0,0.0,0.0,0.0,0.0,0.0,none,0.8,1.0,,AUS,calendar_days_fixed,A_POLICY_COVER;A_EU_MIX;A_EU_FLOOR;A_FX;A_POLICY_UNKNOWN;A_TARIFF_FILL;A_PRICE_TAX;PV_AD_OFFSET_BOUND;POLICY_FIRM_YEAR_UNKNOWN,main,LOCAL_EXPORT_AHS,2018.0,UPDATED_CHINA_ORDINARY
8.0,AUS,2018,2018-09-01,2018-09-30,9.0,30.0,0.0821917808219178,0.491111693367402,0.54518860312063,,,index_bridge,0.0,0.0,0.0,0.0,0.0,0.0,none,0.8,1.0,,AUS,calendar_days_fixed,A_POLICY_COVER;A_EU_MIX;A_EU_FLOOR;A_FX;A_POLICY_UNKNOWN;A_TARIFF_FILL;A_PRICE_TAX;PV_AD_OFFSET_BOUND;POLICY_FIRM_YEAR_UNKNOWN,main,LOCAL_EXPORT_AHS,2018.0,UPDATED_CHINA_ORDINARY
8.0,AUS,2018,2018-10-01,2018-10-31,10.0,31.0,0.084931506849315,0.4860318235809892,0.5395493826534903,,,index_bridge,0.0,0.0,0.0,0.0,0.0,0.0,none,0.8,1.0,,AUS,calendar_days_fixed,A_POLICY_COVER;A_EU_MIX;A_EU_FLOOR;A_FX;A_POLICY_UNKNOWN;A_TARIFF_FILL;A_PRICE_TAX;PV_AD_OFFSET_BOUND;POLICY_FIRM_YEAR_UNKNOWN,main,LOCAL_EXPORT_AHS,2018.0,UPDATED_CHINA_ORDINARY
8.0,AUS,2018,2018-11-01,2018-11-30,11.0,30.0,0.0821917808219178,0.4461069108009444,0.4952282888529768,,,index_bridge,0.0,0.0,0.0,0.0,0.0,0.0,none,0.8,1.0,,AUS,calendar_days_fixed,A_POLICY_COVER;A_EU_MIX;A_EU_FLOOR;A_FX;A_POLICY_UNKNOWN;A_TARIFF_FILL;A_PRICE_TAX;PV_AD_OFFSET_BOUND;POLICY_FIRM_YEAR_UNKNOWN,main,LOCAL_EXPORT_AHS,2018.0,UPDATED_CHINA_ORDINARY
8.0,AUS,2018,2018-12-01,2018-12-31,12.0,31.0,0.084931506849315,0.445321925914791,0.4943568683200664,,,index_bridge,0.0,0.0,0.0,0.0,0.0,0.0,none,0.8,1.0,,AUS,calendar_days_fixed,A_POLICY_COVER;A_EU_MIX;A_EU_FLOOR;A_FX;A_POLICY_UNKNOWN;A_TARIFF_FILL;A_PRICE_TAX;PV_AD_OFFSET_BOUND;POLICY_FIRM_YEAR_UNKNOWN,main,LOCAL_EXPORT_AHS,2018.0,UPDATED_CHINA_ORDINARY
9.0,AUS,2019,2019-01-01,2019-01-31,1.0,31.0,0.084931506849315,0.4407953936392269,0.4893319140344654,,,index_bridge,0.0,0.0,0.0,0.0,0.0,0.0,none,0.8,1.0,,AUS,calendar_days_fixed,A_POLICY_COVER;A_EU_MIX;A_EU_FLOOR;A_FX;A_POLICY_UNKNOWN;A_TARIFF_FILL;A_PRICE_TAX;PV_AD_OFFSET_BOUND;POLICY_FIRM_YEAR_UNKNOWN,main,LOCAL_EXPORT_AHS,2019.0,UPDATED_CHINA_ORDINARY
9.0,AUS,2019,2019-02-01,2019-02-28,2.0,28.0,0.0767123287671232,0.4220528087387762,0.4685255601668083,,,index_bridge,0.0,0.0,0.0,0.0,0.0,0.0,none,0.8,1.0,,AUS,calendar_days_fixed,A_POLICY_COVER;A_EU_MIX;A_EU_FLOOR;A_FX;A_POLICY_UNKNOWN;A_TARIFF_FILL;A_PRICE_TAX;PV_AD_OFFSET_BOUND;POLICY_FIRM_YEAR_UNKNOWN,main,LOCAL_EXPORT_AHS,2019.0,UPDATED_CHINA_ORDINARY
9.0,AUS,2019,2019-03-01,2019-03-31,3.0,31.0,0.084931506849315,0.43639361763407,0.4844454530849272,,,index_bridge,0.0,0.0,0.0,0.0,0.0,0.0,none,0.8,1.0,,AUS,calendar_days_fixed,A_POLICY_COVER;A_EU_MIX;A_EU_FLOOR;A_FX;A_POLICY_UNKNOWN;A_TARIFF_FILL;A_PRICE_TAX;PV_AD_OFFSET_BOUND;POLICY_FIRM_YEAR_UNKNOWN,main,LOCAL_EXPORT_AHS,2019.0,UPDATED_CHINA_ORDINARY
9.0,AUS,2019,2019-04-01,2019-04-30,4.0,30.0,0.0821917808219178,0.4178512434680968,0.4638613554008097,,,index_bridge,0.0,0.0,0.0,0.0,0.0,0.0,none,0.8,1.0,,AUS,calendar_days_fixed,A_POLICY_COVER;A_EU_MIX;A_EU_FLOOR;A_FX;A_POLICY_UNKNOWN;A_TARIFF_FILL;A_PRICE_TAX;PV_AD_OFFSET_BOUND;POLICY_FIRM_YEAR_UNKNOWN,main,LOCAL_EXPORT_AHS,2019.0,UPDATED_CHINA_ORDINARY
9.0,AUS,2019,2019-05-01,2019-05-31,5.0,31.0,0.084931506849315,0.4318373933480303,0.4793875373652296,,,index_bridge,0.0,0.0,0.0,0.0,0.0,0.0,none,0.8,1.0,,AUS,calendar_days_fixed,A_POLICY_COVER;A_EU_MIX;A_EU_FLOOR;A_FX;A_POLICY_UNKNOWN;A_TARIFF_FILL;A_PRICE_TAX;PV_AD_OFFSET_BOUND;POLICY_FIRM_YEAR_UNKNOWN,main,LOCAL_EXPORT_AHS,2019.0,UPDATED_CHINA_ORDINARY
9.0,AUS,2019,2019-06-01,2019-06-30,6.0,30.0,0.0821917808219178,0.4198962531131177,0.4661315435612515,,,index_bridge,0.0,0.0,0.0,0.0,0.0,0.0,none,0.8,1.0,,AUS,calendar_days_fixed,A_POLICY_COVER;A_EU_MIX;A_EU_FLOOR;A_FX;A_POLICY_UNKNOWN;A_TARIFF_FILL;A_PRICE_TAX;PV_AD_OFFSET_BOUND;POLICY_FIRM_YEAR_UNKNOWN,main,LOCAL_EXPORT_AHS,2019.0,UPDATED_CHINA_ORDINARY
9.0,AUS,2019,2019-07-01,2019-07-31,7.0,31.0,0.084931506849315,0.4331502037355332,0.4808449029115831,,,index_bridge,0.0,0.0,0.0,0.0,0.0,0.0,none,0.8,1.0,,AUS,calendar_days_fixed,A_POLICY_COVER;A_EU_MIX;A_EU_FLOOR;A_FX;A_POLICY_UNKNOWN;A_TARIFF_FILL;A_PRICE_TAX;PV_AD_OFFSET_BOUND;POLICY_FIRM_YEAR_UNKNOWN,main,LOCAL_EXPORT_AHS,2019.0,UPDATED_CHINA_ORDINARY
9.0,AUS,2019,2019-08-01,2019-08-31,8.0,31.0,0.084931506849315,0.4136868601909633,0.459238426783183,,,index_bridge,0.0,0.0,0.0,0.0,0.0,0.0,none,0.8,1.0,,AUS,calendar_days_fixed,A_POLICY_COVER;A_EU_MIX;A_EU_FLOOR;A_FX;A_POLICY_UNKNOWN;A_TARIFF_FILL;A_PRICE_TAX;PV_AD_OFFSET_BOUND;POLICY_FIRM_YEAR_UNKNOWN,main,LOCAL_EXPORT_AHS,2019.0,UPDATED_CHINA_ORDINARY
9.0,AUS,2019,2019-09-01,2019-09-30,9.0,30.0,0.0821917808219178,0.3933783413315631,0.4366937120514113,,,index_bridge,0.0,0.0,0.0,0.0,0.0,0.0,none,0.8,1.0,,AUS,calendar_days_fixed,A_POLICY_COVER;A_EU_MIX;A_EU_FLOOR;A_FX;A_POLICY_UNKNOWN;A_TARIFF_FILL;A_PRICE_TAX;PV_AD_OFFSET_BOUND;POLICY_FIRM_YEAR_UNKNOWN,main,LOCAL_EXPORT_AHS,2019.0,UPDATED_CHINA_ORDINARY
9.0,AUS,2019,2019-10-01,2019-10-31,10.0,31.0,0.084931506849315,0.3951301852582417,0.438638453657384,,,index_bridge,0.0,0.0,0.0,0.0,0.0,0.0,none,0.8,1.0,,AUS,calendar_days_fixed,A_POLICY_COVER;A_EU_MIX;A_EU_FLOOR;A_FX;A_POLICY_UNKNOWN;A_TARIFF_FILL;A_PRICE_TAX;PV_AD_OFFSET_BOUND;POLICY_FIRM_YEAR_UNKNOWN,main,LOCAL_EXPORT_AHS,2019.0,UPDATED_CHINA_ORDINARY
9.0,AUS,2019,2019-11-01,2019-11-30,11.0,30.0,0.0821917808219178,0.3950586814244998,0.438559076448977,,,index_bridge,0.0,0.0,0.0,0.0,0.0,0.0,none,0.8,1.0,,AUS,calendar_days_fixed,A_POLICY_COVER;A_EU_MIX;A_EU_FLOOR;A_FX;A_POLICY_UNKNOWN;A_TARIFF_FILL;A_PRICE_TAX;PV_AD_OFFSET_BOUND;POLICY_FIRM_YEAR_UNKNOWN,main,LOCAL_EXPORT_AHS,2019.0,UPDATED_CHINA_ORDINARY
9.0,AUS,2019,2019-12-01,2019-12-31,12.0,31.0,0.084931506849315,0.3814186100998776,0.4234170801732473,,,index_bridge,0.0,0.0,0.0,0.0,0.0,0.0,none,0.8,1.0,,AUS,calendar_days_fixed,A_POLICY_COVER;A_EU_MIX;A_EU_FLOOR;A_FX;A_POLICY_UNKNOWN;A_TARIFF_FILL;A_PRICE_TAX;PV_AD_OFFSET_BOUND;POLICY_FIRM_YEAR_UNKNOWN,main,LOCAL_EXPORT_AHS,2019.0,UPDATED_CHINA_ORDINARY
10.0,AUS,2020,2020-01-01,2020-01-31,1.0,31.0,0.0846994535519125,0.3916536227402709,0.4347790825847101,,,index_bridge,0.0,0.0,0.0,0.0,0.0,0.0,none,0.8,1.0,,AUS,calendar_days_fixed,A_POLICY_COVER;A_EU_MIX;A_EU_FLOOR;A_FX;A_POLICY_UNKNOWN;A_TARIFF_FILL;A_PRICE_TAX;PV_AD_OFFSET_BOUND;POLICY_FIRM_YEAR_UNKNOWN,main,LOCAL_EXPORT_AHS,2020.0,UPDATED_CHINA_ORDINARY
10.0,AUS,2020,2020-02-01,2020-02-29,2.0,29.0,0.0792349726775956,0.4001511722342303,0.444212307655762,,,index_bridge,0.0,0.0,0.0,0.0,0.0,0.0,none,0.8,1.0,,AUS,calendar_days_fixed,A_POLICY_COVER;A_EU_MIX;A_EU_FLOOR;A_FX;A_POLICY_UNKNOWN;A_TARIFF_FILL;A_PRICE_TAX;PV_AD_OFFSET_BOUND;POLICY_FIRM_YEAR_UNKNOWN,main,LOCAL_EXPORT_AHS,2020.0,UPDATED_CHINA_ORDINARY
10.0,AUS,2020,2020-03-01,2020-03-31,3.0,31.0,0.0846994535519125,0.4059639138384141,0.4506650973536757,,,index_bridge,0.0,0.0,0.0,0.0,0.0,0.0,none,0.8,1.0,,AUS,calendar_days_fixed,A_POLICY_COVER;A_EU_MIX;A_EU_FLOOR;A_FX;A_POLICY_UNKNOWN;A_TARIFF_FILL;A_PRICE_TAX;PV_AD_OFFSET_BOUND;POLICY_FIRM_YEAR_UNKNOWN,main,LOCAL_EXPORT_AHS,2020.0,UPDATED_CHINA_ORDINARY
10.0,AUS,2020,2020-04-01,2020-04-30,4.0,30.0,0.081967213114754,0.398569648573222,0.4424566404884109,,,index_bridge,0.0,0.0,0.0,0.0,0.0,0.0,none,0.8,1.0,,AUS,calendar_days_fixed,A_POLICY_COVER;A_EU_MIX;A_EU_FLOOR;A_FX;A_POLICY_UNKNOWN;A_TARIFF_FILL;A_PRICE_TAX;PV_AD_OFFSET_BOUND;POLICY_FIRM_YEAR_UNKNOWN,main,LOCAL_EXPORT_AHS,2020.0,UPDATED_CHINA_ORDINARY
10.0,AUS,2020,2020-05-01,2020-05-31,5.0,31.0,0.0846994535519125,0.3846496011905039,0.4270038396480944,,,index_bridge,0.0,0.0,0.0,0.0,0.0,0.0,none,0.8,1.0,,AUS,calendar_days_fixed,A_POLICY_COVER;A_EU_MIX;A_EU_FLOOR;A_FX;A_POLICY_UNKNOWN;A_TARIFF_FILL;A_PRICE_TAX;PV_AD_OFFSET_BOUND;POLICY_FIRM_YEAR_UNKNOWN,main,LOCAL_EXPORT_AHS,2020.0,UPDATED_CHINA_ORDINARY
10.0,AUS,2020,2020-06-01,2020-06-30,6.0,30.0,0.081967213114754,0.3812115019799509,0.4231871671247031,,,index_bridge,0.0,0.0,0.0,0.0,0.0,0.0,none,0.8,1.0,,AUS,calendar_days_fixed,A_POLICY_COVER;A_EU_MIX;A_EU_FLOOR;A_FX;A_POLICY_UNKNOWN;A_TARIFF_FILL;A_PRICE_TAX;PV_AD_OFFSET_BOUND;POLICY_FIRM_YEAR_UNKNOWN,main,LOCAL_EXPORT_AHS,2020.0,UPDATED_CHINA_ORDINARY
10.0,AUS,2020,2020-07-01,2020-07-31,7.0,31.0,0.0846994535519125,0.355926910091064,0.3951184578706863,,,index_bridge,0.0,0.0,0.0,0.0,0.0,0.0,none,0.8,1.0,,AUS,calendar_days_fixed,A_POLICY_COVER;A_EU_MIX;A_EU_FLOOR;A_FX;A_POLICY_UNKNOWN;A_TARIFF_FILL;A_PRICE_TAX;PV_AD_OFFSET_BOUND;POLICY_FIRM_YEAR_UNKNOWN,main,LOCAL_EXPORT_AHS,2020.0,UPDATED_CHINA_ORDINARY
10.0,AUS,2020,2020-08-01,2020-08-31,8.0,31.0,0.0846994535519125,0.3505575765752396,0.3891579004685412,,,index_bridge,0.0,0.0,0.0,0.0,0.0,0.0,none,0.8,1.0,,AUS,calendar_days_fixed,A_POLICY_COVER;A_EU_MIX;A_EU_FLOOR;A_FX;A_POLICY_UNKNOWN;A_TARIFF_FILL;A_PRICE_TAX;PV_AD_OFFSET_BOUND;POLICY_FIRM_YEAR_UNKNOWN,main,LOCAL_EXPORT_AHS,2020.0,UPDATED_CHINA_ORDINARY
10.0,AUS,2020,2020-09-01,2020-09-30,9.0,30.0,0.081967213114754,0.3494998073724115,0.3879836590039169,,,index_bridge,0.0,0.0,0.0,0.0,0.0,0.0,none,0.8,1.0,,AUS,calendar_days_fixed,A_POLICY_COVER;A_EU_MIX;A_EU_FLOOR;A_FX;A_POLICY_UNKNOWN;A_TARIFF_FILL;A_PRICE_TAX;PV_AD_OFFSET_BOUND;POLICY_FIRM_YEAR_UNKNOWN,main,LOCAL_EXPORT_AHS,2020.0,UPDATED_CHINA_ORDINARY
10.0,AUS,2020,2020-10-01,2020-10-31,10.0,31.0,0.0846994535519125,0.3489891499511527,0.3874167724688798,,,index_bridge,0.0,0.0,0.0,0.0,0.0,0.0,none,0.8,1.0,,AUS,calendar_days_fixed,A_POLICY_COVER;A_EU_MIX;A_EU_FLOOR;A_FX;A_POLICY_UNKNOWN;A_TARIFF_FILL;A_PRICE_TAX;PV_AD_OFFSET_BOUND;POLICY_FIRM_YEAR_UNKNOWN,main,LOCAL_EXPORT_AHS,2020.0,UPDATED_CHINA_ORDINARY
10.0,AUS,2020,2020-11-01,2020-11-30,11.0,30.0,0.081967213114754,0.3675550748048358,0.4080270140357605,,,index_bridge,0.0,0.0,0.0,0.0,0.0,0.0,none,0.8,1.0,,AUS,calendar_days_fixed,A_POLICY_COVER;A_EU_MIX;A_EU_FLOOR;A_FX;A_POLICY_UNKNOWN;A_TARIFF_FILL;A_PRICE_TAX;PV_AD_OFFSET_BOUND;POLICY_FIRM_YEAR_UNKNOWN,main,LOCAL_EXPORT_AHS,2020.0,UPDATED_CHINA_ORDINARY
10.0,AUS,2020,2020-12-01,2020-12-31,12.0,31.0,0.0846994535519125,0.3778580677742381,0.4194644821734781,,,index_bridge,0.0,0.0,0.0,0.0,0.0,0.0,none,0.8,1.0,,AUS,calendar_days_fixed,A_POLICY_COVER;A_EU_MIX;A_EU_FLOOR;A_FX;A_POLICY_UNKNOWN;A_TARIFF_FILL;A_PRICE_TAX;PV_AD_OFFSET_BOUND;POLICY_FIRM_YEAR_UNKNOWN,main,LOCAL_EXPORT_AHS,2020.0,UPDATED_CHINA_ORDINARY
11.0,AUS,2021,2021-01-01,2021-01-31,1.0,31.0,0.084931506849315,0.3778178498205821,0.4194198357717119,,,index_bridge,0.0,0.0,0.0,0.0,0.0,0.0,none,0.8,1.0,,AUS,calendar_days_fixed,A_POLICY_COVER;A_EU_MIX;A_EU_FLOOR;A_FX;A_POLICY_UNKNOWN;A_TARIFF_FILL;A_PRICE_TAX;PV_AD_OFFSET_BOUND;POLICY_FIRM_YEAR_UNKNOWN,main,LOCAL_EXPORT_AHS,2021.0,UPDATED_CHINA_ORDINARY
11.0,AUS,2021,2021-02-01,2021-02-28,2.0,28.0,0.0767123287671232,0.3918816772586748,0.4350322484653094,,,index_bridge,0.0,0.0,0.0,0.0,0.0,0.0,none,0.8,1.0,,AUS,calendar_days_fixed,A_POLICY_COVER;A_EU_MIX;A_EU_FLOOR;A_FX;A_POLICY_UNKNOWN;A_TARIFF_FILL;A_PRICE_TAX;PV_AD_OFFSET_BOUND;POLICY_FIRM_YEAR_UNKNOWN,main,LOCAL_EXPORT_AHS,2021.0,UPDATED_CHINA_ORDINARY
11.0,AUS,2021,2021-03-01,2021-03-31,3.0,31.0,0.084931506849315,0.3693816453757618,0.4100547105282556,,,index_bridge,0.0,0.0,0.0,0.0,0.0,0.0,none,0.8,1.0,,AUS,calendar_days_fixed,A_POLICY_COVER;A_EU_MIX;A_EU_FLOOR;A_FX;A_POLICY_UNKNOWN;A_TARIFF_FILL;A_PRICE_TAX;PV_AD_OFFSET_BOUND;POLICY_FIRM_YEAR_UNKNOWN,main,LOCAL_EXPORT_AHS,2021.0,UPDATED_CHINA_ORDINARY
11.0,AUS,2021,2021-04-01,2021-04-30,4.0,30.0,0.0821917808219178,0.3880052095859815,0.4307289381917809,,,index_bridge,0.0,0.0,0.0,0.0,0.0,0.0,none,0.8,1.0,,AUS,calendar_days_fixed,A_POLICY_COVER;A_EU_MIX;A_EU_FLOOR;A_FX;A_POLICY_UNKNOWN;A_TARIFF_FILL;A_PRICE_TAX;PV_AD_OFFSET_BOUND;POLICY_FIRM_YEAR_UNKNOWN,main,LOCAL_EXPORT_AHS,2021.0,UPDATED_CHINA_ORDINARY
11.0,AUS,2021,2021-05-01,2021-05-31,5.0,31.0,0.084931506849315,0.4098148227588359,0.4549400345694323,,,index_bridge,0.0,0.0,0.0,0.0,0.0,0.0,none,0.8,1.0,,AUS,calendar_days_fixed,A_POLICY_COVER;A_EU_MIX;A_EU_FLOOR;A_FX;A_POLICY_UNKNOWN;A_TARIFF_FILL;A_PRICE_TAX;PV_AD_OFFSET_BOUND;POLICY_FIRM_YEAR_UNKNOWN,main,LOCAL_EXPORT_AHS,2021.0,UPDATED_CHINA_ORDINARY
11.0,AUS,2021,2021-06-01,2021-06-30,6.0,30.0,0.0821917808219178,0.406451067993495,0.4512058926491245,,,index_bridge,0.0,0.0,0.0,0.0,0.0,0.0,none,0.8,1.0,,AUS,calendar_days_fixed,A_POLICY_COVER;A_EU_MIX;A_EU_FLOOR;A_FX;A_POLICY_UNKNOWN;A_TARIFF_FILL;A_PRICE_TAX;PV_AD_OFFSET_BOUND;POLICY_FIRM_YEAR_UNKNOWN,main,LOCAL_EXPORT_AHS,2021.0,UPDATED_CHINA_ORDINARY
11.0,AUS,2021,2021-07-01,2021-07-31,7.0,31.0,0.084931506849315,0.3829348709572001,0.425100298369707,,,index_bridge,0.0,0.0,0.0,0.0,0.0,0.0,none,0.8,1.0,,AUS,calendar_days_fixed,A_POLICY_COVER;A_EU_MIX;A_EU_FLOOR;A_FX;A_POLICY_UNKNOWN;A_TARIFF_FILL;A_PRICE_TAX;PV_AD_OFFSET_BOUND;POLICY_FIRM_YEAR_UNKNOWN,main,LOCAL_EXPORT_AHS,2021.0,UPDATED_CHINA_ORDINARY
11.0,AUS,2021,2021-08-01,2021-08-31,8.0,31.0,0.084931506849315,0.3971972762622079,0.4409331545822355,,,index_bridge,0.0,0.0,0.0,0.0,0.0,0.0,none,0.8,1.0,,AUS,calendar_days_fixed,A_POLICY_COVER;A_EU_MIX;A_EU_FLOOR;A_FX;A_POLICY_UNKNOWN;A_TARIFF_FILL;A_PRICE_TAX;PV_AD_OFFSET_BOUND;POLICY_FIRM_YEAR_UNKNOWN,main,LOCAL_EXPORT_AHS,2021.0,UPDATED_CHINA_ORDINARY
11.0,AUS,2021,2021-09-01,2021-09-30,9.0,30.0,0.0821917808219178,0.3971397745173561,0.440869321249867,,,index_bridge,0.0,0.0,0.0,0.0,0.0,0.0,none,0.8,1.0,,AUS,calendar_days_fixed,A_POLICY_COVER;A_EU_MIX;A_EU_FLOOR;A_FX;A_POLICY_UNKNOWN;A_TARIFF_FILL;A_PRICE_TAX;PV_AD_OFFSET_BOUND;POLICY_FIRM_YEAR_UNKNOWN,main,LOCAL_EXPORT_AHS,2021.0,UPDATED_CHINA_ORDINARY
11.0,AUS,2021,2021-10-01,2021-10-31,10.0,31.0,0.084931506849315,0.4069765051028449,0.4517891862818011,,,index_bridge,0.0,0.0,0.0,0.0,0.0,0.0,none,0.8,1.0,,AUS,calendar_days_fixed,A_POLICY_COVER;A_EU_MIX;A_EU_FLOOR;A_FX;A_POLICY_UNKNOWN;A_TARIFF_FILL;A_PRICE_TAX;PV_AD_OFFSET_BOUND;POLICY_FIRM_YEAR_UNKNOWN,main,LOCAL_EXPORT_AHS,2021.0,UPDATED_CHINA_ORDINARY
11.0,AUS,2021,2021-11-01,2021-11-30,11.0,30.0,0.0821917808219178,0.4313515422681925,0.4788481886282343,,,index_bridge,0.0,0.0,0.0,0.0,0.0,0.0,none,0.8,1.0,,AUS,calendar_days_fixed,A_POLICY_COVER;A_EU_MIX;A_EU_FLOOR;A_FX;A_POLICY_UNKNOWN;A_TARIFF_FILL;A_PRICE_TAX;PV_AD_OFFSET_BOUND;POLICY_FIRM_YEAR_UNKNOWN,main,LOCAL_EXPORT_AHS,2021.0,UPDATED_CHINA_ORDINARY
11.0,AUS,2021,2021-12-01,2021-12-31,12.0,31.0,0.084931506849315,0.4271845666939666,0.4742223822725088,,,index_bridge,0.0,0.0,0.0,0.0,0.0,0.0,none,0.8,1.0,,AUS,calendar_days_fixed,A_POLICY_COVER;A_EU_MIX;A_EU_FLOOR;A_FX;A_POLICY_UNKNOWN;A_TARIFF_FILL;A_PRICE_TAX;PV_AD_OFFSET_BOUND;POLICY_FIRM_YEAR_UNKNOWN,main,LOCAL_EXPORT_AHS,2021.0,UPDATED_CHINA_ORDINARY
12.0,AUS,2022,2022-01-01,2022-01-31,1.0,31.0,0.084931506849315,0.3991349470699152,0.4430841846945877,,,index_bridge,0.0,0.0,0.0,0.0,0.0,0.0,none,0.8,1.0,,AUS,calendar_days_fixed,A_POLICY_COVER;A_EU_MIX;A_EU_FLOOR;A_FX;A_POLICY_UNKNOWN;A_TARIFF_FILL;A_PRICE_TAX;PV_AD_OFFSET_BOUND;POLICY_FIRM_YEAR_UNKNOWN,main,WITS_SAME_YEAR_MFN_FALLBACK,2022.0,UPDATED_CHINA_ORDINARY
12.0,AUS,2022,2022-02-01,2022-02-28,2.0,28.0,0.0767123287671232,0.4143917327643764,0.4600209137385274,,,index_bridge,0.0,0.0,0.0,0.0,0.0,0.0,none,0.8,1.0,,AUS,calendar_days_fixed,A_POLICY_COVER;A_EU_MIX;A_EU_FLOOR;A_FX;A_POLICY_UNKNOWN;A_TARIFF_FILL;A_PRICE_TAX;PV_AD_OFFSET_BOUND;POLICY_FIRM_YEAR_UNKNOWN,main,WITS_SAME_YEAR_MFN_FALLBACK,2022.0,UPDATED_CHINA_ORDINARY
12.0,AUS,2022,2022-03-01,2022-03-31,3.0,31.0,0.084931506849315,0.4161543193617464,0.4619775809038119,,,index_bridge,0.0,0.0,0.0,0.0,0.0,0.0,none,0.8,1.0,,AUS,calendar_days_fixed,A_POLICY_COVER;A_EU_MIX;A_EU_FLOOR;A_FX;A_POLICY_UNKNOWN;A_TARIFF_FILL;A_PRICE_TAX;PV_AD_OFFSET_BOUND;POLICY_FIRM_YEAR_UNKNOWN,main,WITS_SAME_YEAR_MFN_FALLBACK,2022.0,UPDATED_CHINA_ORDINARY
12.0,AUS,2022,2022-04-01,2022-04-30,4.0,30.0,0.0821917808219178,0.422537756083487,0.4690639056572956,,,index_bridge,0.0,0.0,0.0,0.0,0.0,0.0,none,0.8,1.0,,AUS,calendar_days_fixed,A_POLICY_COVER;A_EU_MIX;A_EU_FLOOR;A_FX;A_POLICY_UNKNOWN;A_TARIFF_FILL;A_PRICE_TAX;PV_AD_OFFSET_BOUND;POLICY_FIRM_YEAR_UNKNOWN,main,WITS_SAME_YEAR_MFN_FALLBACK,2022.0,UPDATED_CHINA_ORDINARY
12.0,AUS,2022,2022-05-01,2022-05-31,5.0,31.0,0.084931506849315,0.4264826219335463,0.4734431455152299,,,index_bridge,0.0,0.0,0.0,0.0,0.0,0.0,none,0.8,1.0,,AUS,calendar_days_fixed,A_POLICY_COVER;A_EU_MIX;A_EU_FLOOR;A_FX;A_POLICY_UNKNOWN;A_TARIFF_FILL;A_PRICE_TAX;PV_AD_OFFSET_BOUND;POLICY_FIRM_YEAR_UNKNOWN,main,WITS_SAME_YEAR_MFN_FALLBACK,2022.0,UPDATED_CHINA_ORDINARY
12.0,AUS,2022,2022-06-01,2022-06-30,6.0,30.0,0.0821917808219178,0.4392829464090298,0.4876529293882825,,,index_bridge,0.0,0.0,0.0,0.0,0.0,0.0,none,0.8,1.0,,AUS,calendar_days_fixed,A_POLICY_COVER;A_EU_MIX;A_EU_FLOOR;A_FX;A_POLICY_UNKNOWN;A_TARIFF_FILL;A_PRICE_TAX;PV_AD_OFFSET_BOUND;POLICY_FIRM_YEAR_UNKNOWN,main,WITS_SAME_YEAR_MFN_FALLBACK,2022.0,UPDATED_CHINA_ORDINARY
12.0,AUS,2022,2022-07-01,2022-07-31,7.0,31.0,0.084931506849315,0.436020831471694,0.4840316189818643,,,index_bridge,0.0,0.0,0.0,0.0,0.0,0.0,none,0.8,1.0,,AUS,calendar_days_fixed,A_POLICY_COVER;A_EU_MIX;A_EU_FLOOR;A_FX;A_POLICY_UNKNOWN;A_TARIFF_FILL;A_PRICE_TAX;PV_AD_OFFSET_BOUND;POLICY_FIRM_YEAR_UNKNOWN,main,WITS_SAME_YEAR_MFN_FALLBACK,2022.0,UPDATED_CHINA_ORDINARY
12.0,AUS,2022,2022-08-01,2022-08-31,8.0,31.0,0.084931506849315,0.433858912989129,0.481631649008662,,,index_bridge,0.0,0.0,0.0,0.0,0.0,0.0,none,0.8,1.0,,AUS,calendar_days_fixed,A_POLICY_COVER;A_EU_MIX;A_EU_FLOOR;A_FX;A_POLICY_UNKNOWN;A_TARIFF_FILL;A_PRICE_TAX;PV_AD_OFFSET_BOUND;POLICY_FIRM_YEAR_UNKNOWN,main,WITS_SAME_YEAR_MFN_FALLBACK,2022.0,UPDATED_CHINA_ORDINARY
12.0,AUS,2022,2022-09-01,2022-09-30,9.0,30.0,0.0821917808219178,0.4242352326810014,0.4709482934809358,,,index_bridge,0.0,0.0,0.0,0.0,0.0,0.0,none,0.8,1.0,,AUS,calendar_days_fixed,A_POLICY_COVER;A_EU_MIX;A_EU_FLOOR;A_FX;A_POLICY_UNKNOWN;A_TARIFF_FILL;A_PRICE_TAX;PV_AD_OFFSET_BOUND;POLICY_FIRM_YEAR_UNKNOWN,main,WITS_SAME_YEAR_MFN_FALLBACK,2022.0,UPDATED_CHINA_ORDINARY
12.0,AUS,2022,2022-10-01,2022-10-31,10.0,31.0,0.084931506849315,0.4332688726984054,0.4809766386592263,,,index_bridge,0.0,0.0,0.0,0.0,0.0,0.0,none,0.8,1.0,,AUS,calendar_days_fixed,A_POLICY_COVER;A_EU_MIX;A_EU_FLOOR;A_FX;A_POLICY_UNKNOWN;A_TARIFF_FILL;A_PRICE_TAX;PV_AD_OFFSET_BOUND;POLICY_FIRM_YEAR_UNKNOWN,main,WITS_SAME_YEAR_MFN_FALLBACK,2022.0,UPDATED_CHINA_ORDINARY
12.0,AUS,2022,2022-11-01,2022-11-30,11.0,30.0,0.0821917808219178,0.4369788628059536,0.4850951403191175,,,index_bridge,0.0,0.0,0.0,0.0,0.0,0.0,none,0.8,1.0,,AUS,calendar_days_fixed,A_POLICY_COVER;A_EU_MIX;A_EU_FLOOR;A_FX;A_POLICY_UNKNOWN;A_TARIFF_FILL;A_PRICE_TAX;PV_AD_OFFSET_BOUND;POLICY_FIRM_YEAR_UNKNOWN,main,WITS_SAME_YEAR_MFN_FALLBACK,2022.0,UPDATED_CHINA_ORDINARY
12.0,AUS,2022,2022-12-01,2022-12-31,12.0,31.0,0.084931506849315,0.4135577084730845,0.4590950540115469,,,index_bridge,0.0,0.0,0.0,0.0,0.0,0.0,none,0.8,1.0,,AUS,calendar_days_fixed,A_POLICY_COVER;A_EU_MIX;A_EU_FLOOR;A_FX;A_POLICY_UNKNOWN;A_TARIFF_FILL;A_PRICE_TAX;PV_AD_OFFSET_BOUND;POLICY_FIRM_YEAR_UNKNOWN,main,WITS_SAME_YEAR_MFN_FALLBACK,2022.0,UPDATED_CHINA_ORDINARY
13.0,AUS,2023,2023-01-01,2023-01-31,1.0,31.0,0.084931506849315,0.392886830455484,0.436148080311082,,,index_bridge,0.0,0.0,0.0,0.0,0.0,0.0,none,0.8,1.0,,AUS,calendar_days_fixed,A_POLICY_COVER;A_EU_MIX;A_EU_FLOOR;A_FX;A_POLICY_UNKNOWN;A_TARIFF_FILL;A_PRICE_TAX;PV_AD_OFFSET_BOUND;POLICY_FIRM_YEAR_UNKNOWN,main,WITS_SAME_YEAR_MFN_FALLBACK,2023.0,UPDATED_CHINA_ORDINARY
13.0,AUS,2023,2023-02-01,2023-02-28,2.0,28.0,0.0767123287671232,0.3778897100733375,0.4194996086448663,,,index_bridge,0.0,0.0,0.0,0.0,0.0,0.0,none,0.8,1.0,,AUS,calendar_days_fixed,A_POLICY_COVER;A_EU_MIX;A_EU_FLOOR;A_FX;A_POLICY_UNKNOWN;A_TARIFF_FILL;A_PRICE_TAX;PV_AD_OFFSET_BOUND;POLICY_FIRM_YEAR_UNKNOWN,main,WITS_SAME_YEAR_MFN_FALLBACK,2023.0,UPDATED_CHINA_ORDINARY
13.0,AUS,2023,2023-03-01,2023-03-31,3.0,31.0,0.084931506849315,0.3905821911129385,0.4335896743092943,,,index_bridge,0.0,0.0,0.0,0.0,0.0,0.0,none,0.8,1.0,,AUS,calendar_days_fixed,A_POLICY_COVER;A_EU_MIX;A_EU_FLOOR;A_FX;A_POLICY_UNKNOWN;A_TARIFF_FILL;A_PRICE_TAX;PV_AD_OFFSET_BOUND;POLICY_FIRM_YEAR_UNKNOWN,main,WITS_SAME_YEAR_MFN_FALLBACK,2023.0,UPDATED_CHINA_ORDINARY
13.0,AUS,2023,2023-04-01,2023-04-30,4.0,30.0,0.0821917808219178,0.386613008949376,0.4291834406388101,,,index_bridge,0.0,0.0,0.0,0.0,0.0,0.0,none,0.8,1.0,,AUS,calendar_days_fixed,A_POLICY_COVER;A_EU_MIX;A_EU_FLOOR;A_FX;A_POLICY_UNKNOWN;A_TARIFF_FILL;A_PRICE_TAX;PV_AD_OFFSET_BOUND;POLICY_FIRM_YEAR_UNKNOWN,main,WITS_SAME_YEAR_MFN_FALLBACK,2023.0,UPDATED_CHINA_ORDINARY
13.0,AUS,2023,2023-05-01,2023-05-31,5.0,31.0,0.084931506849315,0.3702162619165361,0.4109812277180341,,,index_bridge,0.0,0.0,0.0,0.0,0.0,0.0,none,0.8,1.0,,AUS,calendar_days_fixed,A_POLICY_COVER;A_EU_MIX;A_EU_FLOOR;A_FX;A_POLICY_UNKNOWN;A_TARIFF_FILL;A_PRICE_TAX;PV_AD_OFFSET_BOUND;POLICY_FIRM_YEAR_UNKNOWN,main,WITS_SAME_YEAR_MFN_FALLBACK,2023.0,UPDATED_CHINA_ORDINARY
13.0,AUS,2023,2023-06-01,2023-06-30,6.0,30.0,0.0821917808219178,0.3427424217275228,0.380482209353586,,,index_bridge,0.0,0.0,0.0,0.0,0.0,0.0,none,0.8,1.0,,AUS,calendar_days_fixed,A_POLICY_COVER;A_EU_MIX;A_EU_FLOOR;A_FX;A_POLICY_UNKNOWN;A_TARIFF_FILL;A_PRICE_TAX;PV_AD_OFFSET_BOUND;POLICY_FIRM_YEAR_UNKNOWN,main,WITS_SAME_YEAR_MFN_FALLBACK,2023.0,UPDATED_CHINA_ORDINARY
13.0,AUS,2023,2023-07-01,2023-07-31,7.0,31.0,0.084931506849315,0.3227484502058135,0.358286677151913,,,index_bridge,0.0,0.0,0.0,0.0,0.0,0.0,none,0.8,1.0,,AUS,calendar_days_fixed,A_POLICY_COVER;A_EU_MIX;A_EU_FLOOR;A_FX;A_POLICY_UNKNOWN;A_TARIFF_FILL;A_PRICE_TAX;PV_AD_OFFSET_BOUND;POLICY_FIRM_YEAR_UNKNOWN,main,WITS_SAME_YEAR_MFN_FALLBACK,2023.0,UPDATED_CHINA_ORDINARY
13.0,AUS,2023,2023-08-01,2023-08-31,8.0,31.0,0.084931506849315,0.2918591323221597,0.3239960986627956,,,index_bridge,0.0,0.0,0.0,0.0,0.0,0.0,none,0.8,1.0,,AUS,calendar_days_fixed,A_POLICY_COVER;A_EU_MIX;A_EU_FLOOR;A_FX;A_POLICY_UNKNOWN;A_TARIFF_FILL;A_PRICE_TAX;PV_AD_OFFSET_BOUND;POLICY_FIRM_YEAR_UNKNOWN,main,WITS_SAME_YEAR_MFN_FALLBACK,2023.0,UPDATED_CHINA_ORDINARY
13.0,AUS,2023,2023-09-01,2023-09-30,9.0,30.0,0.0821917808219178,0.2598525550554744,0.2884652379922829,,,index_bridge,0.0,0.0,0.0,0.0,0.0,0.0,none,0.8,1.0,,AUS,calendar_days_fixed,A_POLICY_COVER;A_EU_MIX;A_EU_FLOOR;A_FX;A_POLICY_UNKNOWN;A_TARIFF_FILL;A_PRICE_TAX;PV_AD_OFFSET_BOUND;POLICY_FIRM_YEAR_UNKNOWN,main,WITS_SAME_YEAR_MFN_FALLBACK,2023.0,UPDATED_CHINA_ORDINARY
13.0,AUS,2023,2023-10-01,2023-10-31,10.0,31.0,0.084931506849315,0.2440580958601042,0.2709316315600537,,,index_bridge,0.0,0.0,0.0,0.0,0.0,0.0,none,0.8,1.0,,AUS,calendar_days_fixed,A_POLICY_COVER;A_EU_MIX;A_EU_FLOOR;A_FX;A_POLICY_UNKNOWN;A_TARIFF_FILL;A_PRICE_TAX;PV_AD_OFFSET_BOUND;POLICY_FIRM_YEAR_UNKNOWN,main,WITS_SAME_YEAR_MFN_FALLBACK,2023.0,UPDATED_CHINA_ORDINARY
13.0,AUS,2023,2023-11-01,2023-11-30,11.0,30.0,0.0821917808219178,0.2234469027395794,0.248050914733745,,,index_bridge,0.0,0.0,0.0,0.0,0.0,0.0,none,0.8,1.0,,AUS,calendar_days_fixed,A_POLICY_COVER;A_EU_MIX;A_EU_FLOOR;A_FX;A_POLICY_UNKNOWN;A_TARIFF_FILL;A_PRICE_TAX;PV_AD_OFFSET_BOUND;POLICY_FIRM_YEAR_UNKNOWN,main,WITS_SAME_YEAR_MFN_FALLBACK,2023.0,UPDATED_CHINA_ORDINARY
13.0,AUS,2023,2023-12-01,2023-12-31,12.0,31.0,0.084931506849315,0.1990971981274849,0.2210200343390146,,,index_bridge,0.0,0.0,0.0,0.0,0.0,0.0,none,0.8,1.0,,AUS,calendar_days_fixed,A_POLICY_COVER;A_EU_MIX;A_EU_FLOOR;A_FX;A_POLICY_UNKNOWN;A_TARIFF_FILL;A_PRICE_TAX;PV_AD_OFFSET_BOUND;POLICY_FIRM_YEAR_UNKNOWN,main,WITS_SAME_YEAR_MFN_FALLBACK,2023.0,UPDATED_CHINA_ORDINARY
14.0,AUS,2024,2024-01-01,2024-01-31,1.0,31.0,0.0846994535519125,0.1814377625419244,0.2014160966832521,,,index_bridge,0.0,0.0,0.0,0.0,0.0,0.0,none,0.8,1.0,,AUS,calendar_days_fixed,A_POLICY_COVER;A_EU_MIX;A_EU_FLOOR;A_FX;A_POLICY_UNKNOWN;A_TARIFF_FILL;A_PRICE_TAX;PV_AD_OFFSET_BOUND;POLICY_FIRM_YEAR_UNKNOWN,main,CARRY_2021_USER_RULE,2021.0,UPDATED_CHINA_ORDINARY
14.0,AUS,2024,2024-02-01,2024-02-29,2.0,29.0,0.0792349726775956,0.1794709755531008,0.1992327443714383,,,index_bridge,0.0,0.0,0.0,0.0,0.0,0.0,none,0.8,1.0,,AUS,calendar_days_fixed,A_POLICY_COVER;A_EU_MIX;A_EU_FLOOR;A_FX;A_POLICY_UNKNOWN;A_TARIFF_FILL;A_PRICE_TAX;PV_AD_OFFSET_BOUND;POLICY_FIRM_YEAR_UNKNOWN,main,CARRY_2021_USER_RULE,2021.0,UPDATED_CHINA_ORDINARY
14.0,AUS,2024,2024-03-01,2024-03-31,3.0,31.0,0.0846994535519125,0.1678272597388444,0.1863069247551681,,,index_bridge,0.0,0.0,0.0,0.0,0.0,0.0,none,0.8,1.0,,AUS,calendar_days_fixed,A_POLICY_COVER;A_EU_MIX;A_EU_FLOOR;A_FX;A_POLICY_UNKNOWN;A_TARIFF_FILL;A_PRICE_TAX;PV_AD_OFFSET_BOUND;POLICY_FIRM_YEAR_UNKNOWN,main,CARRY_2021_USER_RULE,2021.0,UPDATED_CHINA_ORDINARY
14.0,AUS,2024,2024-04-01,2024-04-30,4.0,30.0,0.081967213114754,0.1656419659366882,0.1838810055773193,,,index_bridge,0.0,0.0,0.0,0.0,0.0,0.0,none,0.8,1.0,,AUS,calendar_days_fixed,A_POLICY_COVER;A_EU_MIX;A_EU_FLOOR;A_FX;A_POLICY_UNKNOWN;A_TARIFF_FILL;A_PRICE_TAX;PV_AD_OFFSET_BOUND;POLICY_FIRM_YEAR_UNKNOWN,main,CARRY_2021_USER_RULE,2021.0,UPDATED_CHINA_ORDINARY
14.0,AUS,2024,2024-05-01,2024-05-31,5.0,31.0,0.0846994535519125,0.1669462248744974,0.1853288780633851,,,index_bridge,0.0,0.0,0.0,0.0,0.0,0.0,none,0.8,1.0,,AUS,calendar_days_fixed,A_POLICY_COVER;A_EU_MIX;A_EU_FLOOR;A_FX;A_POLICY_UNKNOWN;A_TARIFF_FILL;A_PRICE_TAX;PV_AD_OFFSET_BOUND;POLICY_FIRM_YEAR_UNKNOWN,main,CARRY_2021_USER_RULE,2021.0,UPDATED_CHINA_ORDINARY
14.0,AUS,2024,2024-06-01,2024-06-30,6.0,30.0,0.081967213114754,0.1533676245175017,0.1702551213987771,,,index_bridge,0.0,0.0,0.0,0.0,0.0,0.0,none,0.8,1.0,,AUS,calendar_days_fixed,A_POLICY_COVER;A_EU_MIX;A_EU_FLOOR;A_FX;A_POLICY_UNKNOWN;A_TARIFF_FILL;A_PRICE_TAX;PV_AD_OFFSET_BOUND;POLICY_FIRM_YEAR_UNKNOWN,main,CARRY_2021_USER_RULE,2021.0,UPDATED_CHINA_ORDINARY
14.0,AUS,2024,2024-07-01,2024-07-31,7.0,31.0,0.0846994535519125,0.1545583007703133,0.1715769044713574,,,index_bridge,0.0,0.0,0.0,0.0,0.0,0.0,none,0.8,1.0,,AUS,calendar_days_fixed,A_POLICY_COVER;A_EU_MIX;A_EU_FLOOR;A_FX;A_POLICY_UNKNOWN;A_TARIFF_FILL;A_PRICE_TAX;PV_AD_OFFSET_BOUND;POLICY_FIRM_YEAR_UNKNOWN,main,CARRY_2021_USER_RULE,2021.0,UPDATED_CHINA_ORDINARY
14.0,AUS,2024,2024-08-01,2024-08-31,8.0,31.0,0.0846994535519125,0.1504142965479625,0.1669765988711825,,,index_bridge,0.0,0.0,0.0,0.0,0.0,0.0,none,0.8,1.0,,AUS,calendar_days_fixed,A_POLICY_COVER;A_EU_MIX;A_EU_FLOOR;A_FX;A_POLICY_UNKNOWN;A_TARIFF_FILL;A_PRICE_TAX;PV_AD_OFFSET_BOUND;POLICY_FIRM_YEAR_UNKNOWN,main,CARRY_2021_USER_RULE,2021.0,UPDATED_CHINA_ORDINARY
14.0,AUS,2024,2024-09-01,2024-09-30,9.0,30.0,0.081967213114754,0.1451003063412582,0.1610774786976735,,,index_bridge,0.0,0.0,0.0,0.0,0.0,0.0,none,0.8,1.0,,AUS,calendar_days_fixed,A_POLICY_COVER;A_EU_MIX;A_EU_FLOOR;A_FX;A_POLICY_UNKNOWN;A_TARIFF_FILL;A_PRICE_TAX;PV_AD_OFFSET_BOUND;POLICY_FIRM_YEAR_UNKNOWN,main,CARRY_2021_USER_RULE,2021.0,UPDATED_CHINA_ORDINARY
14.0,AUS,2024,2024-10-01,2024-10-31,10.0,31.0,0.0846994535519125,0.1424657415318115,0.1581528187319445,,,index_bridge,0.0,0.0,0.0,0.0,0.0,0.0,none,0.8,1.0,,AUS,calendar_days_fixed,A_POLICY_COVER;A_EU_MIX;A_EU_FLOOR;A_FX;A_POLICY_UNKNOWN;A_TARIFF_FILL;A_PRICE_TAX;PV_AD_OFFSET_BOUND;POLICY_FIRM_YEAR_UNKNOWN,main,CARRY_2021_USER_RULE,2021.0,UPDATED_CHINA_ORDINARY
14.0,AUS,2024,2024-11-01,2024-11-30,11.0,30.0,0.081967213114754,0.1262574341838533,0.1401597948204317,,,index_bridge,0.0,0.0,0.0,0.0,0.0,0.0,none,0.8,1.0,,AUS,calendar_days_fixed,A_POLICY_COVER;A_EU_MIX;A_EU_FLOOR;A_FX;A_POLICY_UNKNOWN;A_TARIFF_FILL;A_PRICE_TAX;PV_AD_OFFSET_BOUND;POLICY_FIRM_YEAR_UNKNOWN,main,CARRY_2021_USER_RULE,2021.0,UPDATED_CHINA_ORDINARY
14.0,AUS,2024,2024-12-01,2024-12-31,12.0,31.0,0.0846994535519125,0.1182363622709908,0.1312555128602134,,,index_bridge,0.0,0.0,0.0,0.0,0.0,0.0,none,0.8,1.0,,AUS,calendar_days_fixed,A_POLICY_COVER;A_EU_MIX;A_EU_FLOOR;A_FX;A_POLICY_UNKNOWN;A_TARIFF_FILL;A_PRICE_TAX;PV_AD_OFFSET_BOUND;POLICY_FIRM_YEAR_UNKNOWN,main,CARRY_2021_USER_RULE,2021.0,UPDATED_CHINA_ORDINARY
15.0,DEU,2010,2010-01-01,2010-01-31,1.0,31.0,0.084931506849315,3.091776789316316,3.9295485644858976,3.091776789316316,3.9295485644858976,observed_quote_tax_basis_assumed,0.0,0.0,0.0,0.0,0.0,0.0,none,0.8,1.0,,EU_SHARED,calendar_days_fixed,A_POLICY_COVER;A_EU_MIX;A_EU_FLOOR;A_FX;A_POLICY_UNKNOWN;A_TARIFF_FILL;A_PRICE_TAX;PV_AD_OFFSET_BOUND;POLICY_FIRM_YEAR_UNKNOWN,main,LOCAL_EXPORT_AHS,2010.0,UPDATED_CHINA_ORDINARY;EU_REPLACEMENT_ORIGIN_UNCHANGED
15.0,DEU,2010,2010-02-01,2010-02-28,2.0,28.0,0.0767123287671232,2.90442343279186,3.630529290989825,2.90442343279186,3.630529290989825,observed_quote_tax_basis_assumed,0.0,0.0,0.0,0.0,0.0,0.0,none,0.8,1.0,,EU_SHARED,calendar_days_fixed,A_POLICY_COVER;A_EU_MIX;A_EU_FLOOR;A_FX;A_POLICY_UNKNOWN;A_TARIFF_FILL;A_PRICE_TAX;PV_AD_OFFSET_BOUND;POLICY_FIRM_YEAR_UNKNOWN,main,LOCAL_EXPORT_AHS,2010.0,UPDATED_CHINA_ORDINARY;EU_REPLACEMENT_ORIGIN_UNCHANGED
15.0,DEU,2010,2010-03-01,2010-03-31,3.0,31.0,0.084931506849315,2.84487870626562,3.631961814999107,2.84487870626562,3.631961814999107,observed_quote_tax_basis_assumed,0.0,0.0,0.0,0.0,0.0,0.0,none,0.8,1.0,,EU_SHARED,calendar_days_fixed,A_POLICY_COVER;A_EU_MIX;A_EU_FLOOR;A_FX;A_POLICY_UNKNOWN;A_TARIFF_FILL;A_PRICE_TAX;PV_AD_OFFSET_BOUND;POLICY_FIRM_YEAR_UNKNOWN,main,LOCAL_EXPORT_AHS,2010.0,UPDATED_CHINA_ORDINARY;EU_REPLACEMENT_ORIGIN_UNCHANGED
15.0,DEU,2010,2010-04-01,2010-04-30,4.0,30.0,0.0821917808219178,2.853745381783292,3.642280289907622,2.853745381783292,3.642280289907622,observed_quote_tax_basis_assumed,0.0,0.0,0.0,0.0,0.0,0.0,none,0.8,1.0,,EU_SHARED,calendar_days_fixed,A_POLICY_COVER;A_EU_MIX;A_EU_FLOOR;A_FX;A_POLICY_UNKNOWN;A_TARIFF_FILL;A_PRICE_TAX;PV_AD_OFFSET_BOUND;POLICY_FIRM_YEAR_UNKNOWN,main,LOCAL_EXPORT_AHS,2010.0,UPDATED_CHINA_ORDINARY;EU_REPLACEMENT_ORIGIN_UNCHANGED
15.0,DEU,2010,2010-05-01,2010-05-31,5.0,31.0,0.084931506849315,2.763961213182792,3.3977357588807564,2.763961213182792,3.3977357588807564,observed_quote_tax_basis_assumed,0.0,0.0,0.0,0.0,0.0,0.0,none,0.8,1.0,,EU_SHARED,calendar_days_fixed,A_POLICY_COVER;A_EU_MIX;A_EU_FLOOR;A_FX;A_POLICY_UNKNOWN;A_TARIFF_FILL;A_PRICE_TAX;PV_AD_OFFSET_BOUND;POLICY_FIRM_YEAR_UNKNOWN,main,LOCAL_EXPORT_AHS,2010.0,UPDATED_CHINA_ORDINARY;EU_REPLACEMENT_ORIGIN_UNCHANGED
15.0,DEU,2010,2010-06-01,2010-06-30,6.0,30.0,0.0821917808219178,2.7123575248293017,3.258240800266645,2.7123575248293017,3.258240800266645,observed_quote_tax_basis_assumed,0.0,0.0,0.0,0.0,0.0,0.0,none,0.8,1.0,,EU_SHARED,calendar_days_fixed,A_POLICY_COVER;A_EU_MIX;A_EU_FLOOR;A_FX;A_POLICY_UNKNOWN;A_TARIFF_FILL;A_PRICE_TAX;PV_AD_OFFSET_BOUND;POLICY_FIRM_YEAR_UNKNOWN,main,LOCAL_EXPORT_AHS,2010.0,UPDATED_CHINA_ORDINARY;EU_REPLACEMENT_ORIGIN_UNCHANGED
15.0,DEU,2010,2010-07-01,2010-07-31,7.0,31.0,0.084931506849315,2.886311557959211,3.305004901243417,2.886311557959211,3.305004901243417,observed_quote_tax_basis_assumed,0.0,0.0,0.0,0.0,0.0,0.0,none,0.8,1.0,,EU_SHARED,calendar_days_fixed,A_POLICY_COVER;A_EU_MIX;A_EU_FLOOR;A_FX;A_POLICY_UNKNOWN;A_TARIFF_FILL;A_PRICE_TAX;PV_AD_OFFSET_BOUND;POLICY_FIRM_YEAR_UNKNOWN,main,LOCAL_EXPORT_AHS,2010.0,UPDATED_CHINA_ORDINARY;EU_REPLACEMENT_ORIGIN_UNCHANGED
15.0,DEU,2010,2010-08-01,2010-08-31,8.0,31.0,0.084931506849315,2.9036209902769103,3.318423988887897,2.9036209902769103,3.318423988887897,observed_quote_tax_basis_assumed,0.0,0.0,0.0,0.0,0.0,0.0,none,0.8,1.0,,EU_SHARED,calendar_days_fixed,A_POLICY_COVER;A_EU_MIX;A_EU_FLOOR;A_FX;A_POLICY_UNKNOWN;A_TARIFF_FILL;A_PRICE_TAX;PV_AD_OFFSET_BOUND;POLICY_FIRM_YEAR_UNKNOWN,main,LOCAL_EXPORT_AHS,2010.0,UPDATED_CHINA_ORDINARY;EU_REPLACEMENT_ORIGIN_UNCHANGED
15.0,DEU,2010,2010-09-01,2010-09-30,9.0,30.0,0.0821917808219178,2.930089301722598,3.3213745190333803,2.930089301722598,3.3213745190333803,observed_quote_tax_basis_assumed,0.0,0.0,0.0,0.0,0.0,0.0,none,0.8,1.0,,EU_SHARED,calendar_days_fixed,A_POLICY_COVER;A_EU_MIX;A_EU_FLOOR;A_FX;A_POLICY_UNKNOWN;A_TARIFF_FILL;A_PRICE_TAX;PV_AD_OFFSET_BOUND;POLICY_FIRM_YEAR_UNKNOWN,main,LOCAL_EXPORT_AHS,2010.0,UPDATED_CHINA_ORDINARY;EU_REPLACEMENT_ORIGIN_UNCHANGED
15.0,DEU,2010,2010-10-01,2010-10-31,10.0,31.0,0.084931506849315,3.085350824069529,3.483147628430694,3.085350824069529,3.483147628430694,observed_quote_tax_basis_assumed,0.0,0.0,0.0,0.0,0.0,0.0,none,0.8,1.0,,EU_SHARED,calendar_days_fixed,A_POLICY_COVER;A_EU_MIX;A_EU_FLOOR;A_FX;A_POLICY_UNKNOWN;A_TARIFF_FILL;A_PRICE_TAX;PV_AD_OFFSET_BOUND;POLICY_FIRM_YEAR_UNKNOWN,main,LOCAL_EXPORT_AHS,2010.0,UPDATED_CHINA_ORDINARY;EU_REPLACEMENT_ORIGIN_UNCHANGED
15.0,DEU,2010,2010-11-01,2010-11-30,11.0,30.0,0.0821917808219178,3.003318850773162,3.395471949122523,3.003318850773162,3.395471949122523,observed_quote_tax_basis_assumed,0.0,0.0,0.0,0.0,0.0,0.0,none,0.8,1.0,,EU_SHARED,calendar_days_fixed,A_POLICY_COVER;A_EU_MIX;A_EU_FLOOR;A_FX;A_POLICY_UNKNOWN;A_TARIFF_FILL;A_PRICE_TAX;PV_AD_OFFSET_BOUND;POLICY_FIRM_YEAR_UNKNOWN,main,LOCAL_EXPORT_AHS,2010.0,UPDATED_CHINA_ORDINARY;EU_REPLACEMENT_ORIGIN_UNCHANGED
15.0,DEU,2010,2010-12-01,2010-12-31,12.0,31.0,0.084931506849315,2.8975979922460726,3.2759467746731072,2.8975979922460726,3.2759467746731072,observed_quote_tax_basis_assumed,0.0,0.0,0.0,0.0,0.0,0.0,none,0.8,1.0,,EU_SHARED,calendar_days_fixed,A_POLICY_COVER;A_EU_MIX;A_EU_FLOOR;A_FX;A_POLICY_UNKNOWN;A_TARIFF_FILL;A_PRICE_TAX;PV_AD_OFFSET_BOUND;POLICY_FIRM_YEAR_UNKNOWN,main,LOCAL_EXPORT_AHS,2010.0,UPDATED_CHINA_ORDINARY;EU_REPLACEMENT_ORIGIN_UNCHANGED
16.0,DEU,2011,2011-01-01,2011-01-31,1.0,31.0,0.084931506849315,2.686326335282736,3.05181291151168,2.686326335282736,3.05181291151168,observed_quote_tax_basis_assumed,0.0,0.0,0.0,0.0,0.0,0.0,none,0.8,1.0,,EU_SHARED,calendar_days_fixed,A_POLICY_COVER;A_EU_MIX;A_EU_FLOOR;A_FX;A_POLICY_UNKNOWN;A_TARIFF_FILL;A_PRICE_TAX;PV_AD_OFFSET_BOUND;POLICY_FIRM_YEAR_UNKNOWN,main,LOCAL_EXPORT_AHS,2011.0,UPDATED_CHINA_ORDINARY;EU_REPLACEMENT_ORIGIN_UNCHANGED
16.0,DEU,2011,2011-02-01,2011-02-28,2.0,28.0,0.0767123287671232,2.633064300488626,3.062571243121522,2.633064300488626,3.062571243121522,observed_quote_tax_basis_assumed,0.0,0.0,0.0,0.0,0.0,0.0,none,0.8,1.0,,EU_SHARED,calendar_days_fixed,A_POLICY_COVER;A_EU_MIX;A_EU_FLOOR;A_FX;A_POLICY_UNKNOWN;A_TARIFF_FILL;A_PRICE_TAX;PV_AD_OFFSET_BOUND;POLICY_FIRM_YEAR_UNKNOWN,main,LOCAL_EXPORT_AHS,2011.0,UPDATED_CHINA_ORDINARY;EU_REPLACEMENT_ORIGIN_UNCHANGED
16.0,DEU,2011,2011-03-01,2011-03-31,3.0,31.0,0.084931506849315,2.624982413840032,3.046512436500475,2.624982413840032,3.046512436500475,observed_quote_tax_basis_assumed,0.0,0.0,0.0,0.0,0.0,0.0,none,0.8,1.0,,EU_SHARED,calendar_days_fixed,A_POLICY_COVER;A_EU_MIX;A_EU_FLOOR;A_FX;A_POLICY_UNKNOWN;A_TARIFF_FILL;A_PRICE_TAX;PV_AD_OFFSET_BOUND;POLICY_FIRM_YEAR_UNKNOWN,main,LOCAL_EXPORT_AHS,2011.0,UPDATED_CHINA_ORDINARY;EU_REPLACEMENT_ORIGIN_UNCHANGED
16.0,DEU,2011,2011-04-01,2011-04-30,4.0,30.0,0.0821917808219178,2.607707252828456,3.111468881215772,2.607707252828456,3.111468881215772,observed_quote_tax_basis_assumed,0.0,0.0,0.0,0.0,0.0,0.0,none,0.8,1.0,,EU_SHARED,calendar_days_fixed,A_POLICY_COVER;A_EU_MIX;A_EU_FLOOR;A_FX;A_POLICY_UNKNOWN;A_TARIFF_FILL;A_PRICE_TAX;PV_AD_OFFSET_BOUND;POLICY_FIRM_YEAR_UNKNOWN,main,LOCAL_EXPORT_AHS,2011.0,UPDATED_CHINA_ORDINARY;EU_REPLACEMENT_ORIGIN_UNCHANGED
16.0,DEU,2011,2011-05-01,2011-05-31,5.0,31.0,0.084931506849315,2.453185494118997,3.002699044801653,2.453185494118997,3.002699044801653,observed_quote_tax_basis_assumed,0.0,0.0,0.0,0.0,0.0,0.0,none,0.8,1.0,,EU_SHARED,calendar_days_fixed,A_POLICY_COVER;A_EU_MIX;A_EU_FLOOR;A_FX;A_POLICY_UNKNOWN;A_TARIFF_FILL;A_PRICE_TAX;PV_AD_OFFSET_BOUND;POLICY_FIRM_YEAR_UNKNOWN,main,LOCAL_EXPORT_AHS,2011.0,UPDATED_CHINA_ORDINARY;EU_REPLACEMENT_ORIGIN_UNCHANGED
16.0,DEU,2011,2011-06-01,2011-06-30,6.0,30.0,0.0821917808219178,2.3421748176069346,2.9031158453531334,2.3421748176069346,2.9031158453531334,observed_quote_tax_basis_assumed,0.0,0.0,0.0,0.0,0.0,0.0,none,0.8,1.0,,EU_SHARED,calendar_days_fixed,A_POLICY_COVER;A_EU_MIX;A_EU_FLOOR;A_FX;A_POLICY_UNKNOWN;A_TARIFF_FILL;A_PRICE_TAX;PV_AD_OFFSET_BOUND;POLICY_FIRM_YEAR_UNKNOWN,main,LOCAL_EXPORT_AHS,2011.0,UPDATED_CHINA_ORDINARY;EU_REPLACEMENT_ORIGIN_UNCHANGED
16.0,DEU,2011,2011-07-01,2011-07-31,7.0,31.0,0.084931506849315,2.192781508990938,2.780133698899225,2.192781508990938,2.780133698899225,observed_quote_tax_basis_assumed,0.0,0.0,0.0,0.0,0.0,0.0,none,0.8,1.0,,EU_SHARED,calendar_days_fixed,A_POLICY_COVER;A_EU_MIX;A_EU_FLOOR;A_FX;A_POLICY_UNKNOWN;A_TARIFF_FILL;A_PRICE_TAX;PV_AD_OFFSET_BOUND;POLICY_FIRM_YEAR_UNKNOWN,main,LOCAL_EXPORT_AHS,2011.0,UPDATED_CHINA_ORDINARY;EU_REPLACEMENT_ORIGIN_UNCHANGED
16.0,DEU,2011,2011-08-01,2011-08-31,8.0,31.0,0.084931506849315,2.0412922881909905,2.6693822230189874,2.0412922881909905,2.6693822230189874,observed_quote_tax_basis_assumed,0.0,0.0,0.0,0.0,0.0,0.0,none,0.8,1.0,,EU_SHARED,calendar_days_fixed,A_POLICY_COVER;A_EU_MIX;A_EU_FLOOR;A_FX;A_POLICY_UNKNOWN;A_TARIFF_FILL;A_PRICE_TAX;PV_AD_OFFSET_BOUND;POLICY_FIRM_YEAR_UNKNOWN,main,LOCAL_EXPORT_AHS,2011.0,UPDATED_CHINA_ORDINARY;EU_REPLACEMENT_ORIGIN_UNCHANGED
16.0,DEU,2011,2011-09-01,2011-09-30,9.0,30.0,0.0821917808219178,1.851384169095222,2.4559177753303967,1.851384169095222,2.4559177753303967,observed_quote_tax_basis_assumed,0.0,0.0,0.0,0.0,0.0,0.0,none,0.8,1.0,,EU_SHARED,calendar_days_fixed,A_POLICY_COVER;A_EU_MIX;A_EU_FLOOR;A_FX;A_POLICY_UNKNOWN;A_TARIFF_FILL;A_PRICE_TAX;PV_AD_OFFSET_BOUND;POLICY_FIRM_YEAR_UNKNOWN,main,LOCAL_EXPORT_AHS,2011.0,UPDATED_CHINA_ORDINARY;EU_REPLACEMENT_ORIGIN_UNCHANGED
16.0,DEU,2011,2011-10-01,2011-10-31,10.0,31.0,0.084931506849315,1.7249525603786575,2.3530602861687124,1.7249525603786575,2.3530602861687124,observed_quote_tax_basis_assumed,0.0,0.0,0.0,0.0,0.0,0.0,none,0.8,1.0,,EU_SHARED,calendar_days_fixed,A_POLICY_COVER;A_EU_MIX;A_EU_FLOOR;A_FX;A_POLICY_UNKNOWN;A_TARIFF_FILL;A_PRICE_TAX;PV_AD_OFFSET_BOUND;POLICY_FIRM_YEAR_UNKNOWN,main,LOCAL_EXPORT_AHS,2011.0,UPDATED_CHINA_ORDINARY;EU_REPLACEMENT_ORIGIN_UNCHANGED
16.0,DEU,2011,2011-11-01,2011-11-30,11.0,30.0,0.0821917808219178,1.5805148558170548,2.156937920879745,1.5805148558170548,2.156937920879745,observed_quote_tax_basis_assumed,0.0,0.0,0.0,0.0,0.0,0.0,none,0.8,1.0,,EU_SHARED,calendar_days_fixed,A_POLICY_COVER;A_EU_MIX;A_EU_FLOOR;A_FX;A_POLICY_UNKNOWN;A_TARIFF_FILL;A_PRICE_TAX;PV_AD_OFFSET_BOUND;POLICY_FIRM_YEAR_UNKNOWN,main,LOCAL_EXPORT_AHS,2011.0,UPDATED_CHINA_ORDINARY;EU_REPLACEMENT_ORIGIN_UNCHANGED
16.0,DEU,2011,2011-12-01,2011-12-31,12.0,31.0,0.084931506849315,1.4614867506804692,2.0027781398213835,1.4614867506804692,2.0027781398213835,observed_quote_tax_basis_assumed,0.0,0.0,0.0,0.0,0.0,0.0,none,0.8,1.0,,EU_SHARED,calendar_days_fixed,A_POLICY_COVER;A_EU_MIX;A_EU_FLOOR;A_FX;A_POLICY_UNKNOWN;A_TARIFF_FILL;A_PRICE_TAX;PV_AD_OFFSET_BOUND;POLICY_FIRM_YEAR_UNKNOWN,main,LOCAL_EXPORT_AHS,2011.0,UPDATED_CHINA_ORDINARY;EU_REPLACEMENT_ORIGIN_UNCHANGED
17.0,DEU,2012,2012-01-01,2012-01-31,1.0,31.0,0.0846994535519125,1.3684642185997595,1.8361671793870191,1.3684642185997595,1.8361671793870191,observed_quote_tax_basis_assumed,0.0,0.0,0.0,0.0,0.0,0.0,none,0.8,1.0,,EU_SHARED,calendar_days_fixed,A_POLICY_COVER;A_EU_MIX;A_EU_FLOOR;A_FX;A_POLICY_UNKNOWN;A_TARIFF_FILL;A_PRICE_TAX;PV_AD_OFFSET_BOUND;POLICY_FIRM_YEAR_UNKNOWN,main,LOCAL_EXPORT_AHS,2012.0,UPDATED_CHINA_ORDINARY;EU_REPLACEMENT_ORIGIN_UNCHANGED
17.0,DEU,2012,2012-02-01,2012-02-29,2.0,29.0,0.0792349726775956,1.3781815830003006,1.83459236698092,1.3781815830003006,1.83459236698092,observed_quote_tax_basis_assumed,0.0,0.0,0.0,0.0,0.0,0.0,none,0.8,1.0,,EU_SHARED,calendar_days_fixed,A_POLICY_COVER;A_EU_MIX;A_EU_FLOOR;A_FX;A_POLICY_UNKNOWN;A_TARIFF_FILL;A_PRICE_TAX;PV_AD_OFFSET_BOUND;POLICY_FIRM_YEAR_UNKNOWN,main,LOCAL_EXPORT_AHS,2012.0,UPDATED_CHINA_ORDINARY;EU_REPLACEMENT_ORIGIN_UNCHANGED
17.0,DEU,2012,2012-03-01,2012-03-31,3.0,31.0,0.0846994535519125,1.3135081493389422,1.792761122746394,1.3135081493389422,1.792761122746394,observed_quote_tax_basis_assumed,0.0,0.0,0.0,0.0,0.0,0.0,none,0.8,1.0,,EU_SHARED,calendar_days_fixed,A_POLICY_COVER;A_EU_MIX;A_EU_FLOOR;A_FX;A_POLICY_UNKNOWN;A_TARIFF_FILL;A_PRICE_TAX;PV_AD_OFFSET_BOUND;POLICY_FIRM_YEAR_UNKNOWN,main,LOCAL_EXPORT_AHS,2012.0,UPDATED_CHINA_ORDINARY;EU_REPLACEMENT_ORIGIN_UNCHANGED
17.0,DEU,2012,2012-04-01,2012-04-30,4.0,30.0,0.081967213114754,1.2578921407752404,1.7451038854417067,1.2578921407752404,1.7451038854417067,observed_quote_tax_basis_assumed,0.0,0.0,0.0,0.0,0.0,0.0,none,0.8,1.0,,EU_SHARED,calendar_days_fixed,A_POLICY_COVER;A_EU_MIX;A_EU_FLOOR;A_FX;A_POLICY_UNKNOWN;A_TARIFF_FILL;A_PRICE_TAX;PV_AD_OFFSET_BOUND;POLICY_FIRM_YEAR_UNKNOWN,main,LOCAL_EXPORT_AHS,2012.0,UPDATED_CHINA_ORDINARY;EU_REPLACEMENT_ORIGIN_UNCHANGED
17.0,DEU,2012,2012-05-01,2012-05-31,5.0,31.0,0.0846994535519125,1.190262737943209,1.656017722355769,1.190262737943209,1.656017722355769,observed_quote_tax_basis_assumed,0.0,0.0,0.0,0.0,0.0,0.0,none,0.8,1.0,,EU_SHARED,calendar_days_fixed,A_POLICY_COVER;A_EU_MIX;A_EU_FLOOR;A_FX;A_POLICY_UNKNOWN;A_TARIFF_FILL;A_PRICE_TAX;PV_AD_OFFSET_BOUND;POLICY_FIRM_YEAR_UNKNOWN,main,LOCAL_EXPORT_AHS,2012.0,UPDATED_CHINA_ORDINARY;EU_REPLACEMENT_ORIGIN_UNCHANGED
17.0,DEU,2012,2012-06-01,2012-06-30,6.0,30.0,0.081967213114754,1.1113960950270434,1.5744778012883114,1.1113960950270434,1.5744778012883114,observed_quote_tax_basis_assumed,0.0,0.0,0.0,0.0,0.0,0.0,none,0.8,1.0,,EU_SHARED,calendar_days_fixed,A_POLICY_COVER;A_EU_MIX;A_EU_FLOOR;A_FX;A_POLICY_UNKNOWN;A_TARIFF_FILL;A_PRICE_TAX;PV_AD_OFFSET_BOUND;POLICY_FIRM_YEAR_UNKNOWN,main,LOCAL_EXPORT_AHS,2012.0,UPDATED_CHINA_ORDINARY;EU_REPLACEMENT_ORIGIN_UNCHANGED
17.0,DEU,2012,2012-07-01,2012-07-31,7.0,31.0,0.0846994535519125,1.0583620721153846,1.5213954786658657,1.0583620721153846,1.5213954786658657,observed_quote_tax_basis_assumed,0.0,0.0,0.0,0.0,0.0,0.0,none,0.8,1.0,,EU_SHARED,calendar_days_fixed,A_POLICY_COVER;A_EU_MIX;A_EU_FLOOR;A_FX;A_POLICY_UNKNOWN;A_TARIFF_FILL;A_PRICE_TAX;PV_AD_OFFSET_BOUND;POLICY_FIRM_YEAR_UNKNOWN,main,LOCAL_EXPORT_AHS,2012.0,UPDATED_CHINA_ORDINARY;EU_REPLACEMENT_ORIGIN_UNCHANGED
17.0,DEU,2012,2012-08-01,2012-08-31,8.0,31.0,0.0846994535519125,1.0149143662109374,1.4890956684570311,1.0149143662109374,1.4890956684570311,observed_quote_tax_basis_assumed,0.0,0.0,0.0,0.0,0.0,0.0,none,0.8,1.0,,EU_SHARED,calendar_days_fixed,A_POLICY_COVER;A_EU_MIX;A_EU_FLOOR;A_FX;A_POLICY_UNKNOWN;A_TARIFF_FILL;A_PRICE_TAX;PV_AD_OFFSET_BOUND;POLICY_FIRM_YEAR_UNKNOWN,main,LOCAL_EXPORT_AHS,2012.0,UPDATED_CHINA_ORDINARY;EU_REPLACEMENT_ORIGIN_UNCHANGED
17.0,DEU,2012,2012-09-01,2012-09-30,9.0,30.0,0.081967213114754,1.0016094417067307,1.5110487267127404,1.0016094417067307,1.5110487267127404,observed_quote_tax_basis_assumed,0.0,0.0,0.0,0.0,0.0,0.0,none,0.8,1.0,,EU_SHARED,calendar_days_fixed,A_POLICY_COVER;A_EU_MIX;A_EU_FLOOR;A_FX;A_POLICY_UNKNOWN;A_TARIFF_FILL;A_PRICE_TAX;PV_AD_OFFSET_BOUND;POLICY_FIRM_YEAR_UNKNOWN,main,LOCAL_EXPORT_AHS,2012.0,UPDATED_CHINA_ORDINARY;EU_REPLACEMENT_ORIGIN_UNCHANGED
17.0,DEU,2012,2012-10-01,2012-10-31,10.0,31.0,0.0846994535519125,0.994557200611888,1.4831116149475525,0.994557200611888,1.4831116149475525,observed_quote_tax_basis_assumed,0.0,0.0,0.0,0.0,0.0,0.0,none,0.8,1.0,,EU_SHARED,calendar_days_fixed,A_POLICY_COVER;A_EU_MIX;A_EU_FLOOR;A_FX;A_POLICY_UNKNOWN;A_TARIFF_FILL;A_PRICE_TAX;PV_AD_OFFSET_BOUND;POLICY_FIRM_YEAR_UNKNOWN,main,LOCAL_EXPORT_AHS,2012.0,UPDATED_CHINA_ORDINARY;EU_REPLACEMENT_ORIGIN_UNCHANGED
17.0,DEU,2012,2012-11-01,2012-11-30,11.0,30.0,0.081967213114754,0.9771088286713286,1.4482148710664335,0.9771088286713286,1.4482148710664335,observed_quote_tax_basis_assumed,0.0,0.0,0.0,0.0,0.0,0.0,none,0.8,1.0,,EU_SHARED,calendar_days_fixed,A_POLICY_COVER;A_EU_MIX;A_EU_FLOOR;A_FX;A_POLICY_UNKNOWN;A_TARIFF_FILL;A_PRICE_TAX;PV_AD_OFFSET_BOUND;POLICY_FIRM_YEAR_UNKNOWN,main,LOCAL_EXPORT_AHS,2012.0,UPDATED_CHINA_ORDINARY;EU_REPLACEMENT_ORIGIN_UNCHANGED
17.0,DEU,2012,2012-12-01,2012-12-31,12.0,31.0,0.0846994535519125,0.95460961222166,1.4407533962234311,0.95460961222166,1.4407533962234311,observed_quote_tax_basis_assumed,0.0,0.0,0.0,0.0,0.0,0.0,none,0.8,1.0,,EU_SHARED,calendar_days_fixed,A_POLICY_COVER;A_EU_MIX;A_EU_FLOOR;A_FX;A_POLICY_UNKNOWN;A_TARIFF_FILL;A_PRICE_TAX;PV_AD_OFFSET_BOUND;POLICY_FIRM_YEAR_UNKNOWN,main,LOCAL_EXPORT_AHS,2012.0,UPDATED_CHINA_ORDINARY;EU_REPLACEMENT_ORIGIN_UNCHANGED
18.0,DEU,2013,2013-01-01,2013-01-31,1.0,31.0,0.084931506849315,0.946150566520937,1.4370777472629324,0.946150566520937,1.4370777472629324,observed_quote_tax_basis_assumed,0.0,0.0,0.0,0.0,0.0,0.0,none,0.8,1.0,,EU_SHARED,calendar_days_fixed,A_POLICY_COVER;A_EU_MIX;A_EU_FLOOR;A_FX;A_POLICY_UNKNOWN;A_TARIFF_FILL;A_PRICE_TAX;PV_AD_OFFSET_BOUND;POLICY_FIRM_YEAR_UNKNOWN,main,LOCAL_EXPORT_AHS,2013.0,UPDATED_CHINA_ORDINARY;EU_REPLACEMENT_ORIGIN_UNCHANGED
18.0,DEU,2013,2013-02-01,2013-02-28,2.0,28.0,0.0767123287671232,0.921251867401965,1.390568856455796,0.921251867401965,1.390568856455796,observed_quote_tax_basis_assumed,0.0,0.0,0.0,0.0,0.0,0.0,none,0.8,1.0,,EU_SHARED,calendar_days_fixed,A_POLICY_COVER;A_EU_MIX;A_EU_FLOOR;A_FX;A_POLICY_UNKNOWN;A_TARIFF_FILL;A_PRICE_TAX;PV_AD_OFFSET_BOUND;POLICY_FIRM_YEAR_UNKNOWN,main,LOCAL_EXPORT_AHS,2013.0,UPDATED_CHINA_ORDINARY;EU_REPLACEMENT_ORIGIN_UNCHANGED
18.0,DEU,2013,2013-03-01,2013-03-31,3.0,31.0,0.084931506849315,0.9315028557668634,1.3549132447518013,0.9315028557668634,1.3549132447518013,observed_quote_tax_basis_assumed,0.0,0.0,0.0,0.0,0.0,0.0,none,0.8,1.0,,EU_SHARED,calendar_days_fixed,A_POLICY_COVER;A_EU_MIX;A_EU_FLOOR;A_FX;A_POLICY_UNKNOWN;A_TARIFF_FILL;A_PRICE_TAX;PV_AD_OFFSET_BOUND;POLICY_FIRM_YEAR_UNKNOWN,main,LOCAL_EXPORT_AHS,2013.0,UPDATED_CHINA_ORDINARY;EU_REPLACEMENT_ORIGIN_UNCHANGED
18.0,DEU,2013,2013-04-01,2013-04-30,4.0,30.0,0.0821917808219178,0.95601608881336,1.3818778011029471,0.95601608881336,1.3818778011029471,observed_quote_tax_basis_assumed,0.0,0.0,0.0,0.0,0.0,0.0,none,0.8,1.0,,EU_SHARED,calendar_days_fixed,A_POLICY_COVER;A_EU_MIX;A_EU_FLOOR;A_FX;A_POLICY_UNKNOWN;A_TARIFF_FILL;A_PRICE_TAX;PV_AD_OFFSET_BOUND;POLICY_FIRM_YEAR_UNKNOWN,main,LOCAL_EXPORT_AHS,2013.0,UPDATED_CHINA_ORDINARY;EU_REPLACEMENT_ORIGIN_UNCHANGED
18.0,DEU,2013,2013-05-01,2013-05-31,5.0,31.0,0.084931506849315,0.9260895616420616,1.3634096324174796,0.9260895616420616,1.3634096324174796,observed_quote_tax_basis_assumed,0.0,0.0,0.0,0.0,0.0,0.0,none,0.8,1.0,,EU_SHARED,calendar_days_fixed,A_POLICY_COVER;A_EU_MIX;A_EU_FLOOR;A_FX;A_POLICY_UNKNOWN;A_TARIFF_FILL;A_PRICE_TAX;PV_AD_OFFSET_BOUND;POLICY_FIRM_YEAR_UNKNOWN,main,LOCAL_EXPORT_AHS,2013.0,UPDATED_CHINA_ORDINARY;EU_REPLACEMENT_ORIGIN_UNCHANGED
18.0,DEU,2013,2013-06-01,2013-06-05,6.0,5.0,0.0136986301369863,0.9756808182969297,1.3589839969135804,0.9756808182969297,1.3589839969135804,observed_quote_tax_basis_assumed,0.0,0.0,0.0,0.0,0.0,0.0,none,0.8,1.0,,EU_SHARED,calendar_days_fixed,A_POLICY_COVER;A_EU_MIX;A_EU_FLOOR;A_FX;A_POLICY_UNKNOWN;A_TARIFF_FILL;A_PRICE_TAX;PV_AD_OFFSET_BOUND;POLICY_FIRM_YEAR_UNKNOWN,main,LOCAL_EXPORT_AHS,2013.0,UPDATED_CHINA_ORDINARY;EU_REPLACEMENT_ORIGIN_UNCHANGED
18.0,DEU,2013,2013-06-06,2013-06-30,6.0,25.0,0.0684931506849315,0.9756808182969297,1.3589839969135804,0.9756808182969297,1.3589839969135804,observed_quote_tax_basis_assumed,0.0,0.0,0.0,0.118,0.0,0.0,none,0.8,1.0,EU_AD,EU_SHARED,calendar_days_fixed,A_POLICY_COVER;A_EU_MIX;A_EU_FLOOR;A_FX;A_POLICY_UNKNOWN;A_TARIFF_FILL;A_PRICE_TAX;PV_AD_OFFSET_BOUND;POLICY_FIRM_YEAR_UNKNOWN,main,LOCAL_EXPORT_AHS,2013.0,UPDATED_CHINA_ORDINARY;EU_REPLACEMENT_ORIGIN_UNCHANGED
18.0,DEU,2013,2013-07-01,2013-07-31,7.0,31.0,0.084931506849315,0.967645331516578,1.339152021295264,0.967645331516578,1.339152021295264,observed_quote_tax_basis_assumed,0.0,0.0,0.0,0.118,0.0,0.0,none,0.8,1.0,EU_AD,EU_SHARED,calendar_days_fixed,A_POLICY_COVER;A_EU_MIX;A_EU_FLOOR;A_FX;A_POLICY_UNKNOWN;A_TARIFF_FILL;A_PRICE_TAX;PV_AD_OFFSET_BOUND;POLICY_FIRM_YEAR_UNKNOWN,main,LOCAL_EXPORT_AHS,2013.0,UPDATED_CHINA_ORDINARY;EU_REPLACEMENT_ORIGIN_UNCHANGED
18.0,DEU,2013,2013-08-01,2013-08-05,8.0,5.0,0.0136986301369863,1.002196080959164,1.3362614412788856,1.002196080959164,1.3362614412788856,observed_quote_tax_basis_assumed,0.0,0.0,0.0,0.118,0.0,0.0,none,0.8,1.0,EU_AD,EU_SHARED,calendar_days_fixed,A_POLICY_COVER;A_EU_MIX;A_EU_FLOOR;A_FX;A_POLICY_UNKNOWN;A_TARIFF_FILL;A_PRICE_TAX;PV_AD_OFFSET_BOUND;POLICY_FIRM_YEAR_UNKNOWN,main,LOCAL_EXPORT_AHS,2013.0,UPDATED_CHINA_ORDINARY;EU_REPLACEMENT_ORIGIN_UNCHANGED
18.0,DEU,2013,2013-08-06,2013-08-31,8.0,26.0,0.0712328767123287,1.002196080959164,1.3362614412788856,1.002196080959164,1.3362614412788856,observed_quote_tax_basis_assumed,0.0,0.0,0.0,0.0,0.477,0.822644376490082,undertaking,0.8,1.0,EU_MIP,EU_SHARED,calendar_days_fixed,A_POLICY_COVER;A_EU_MIX;A_EU_FLOOR;A_FX;A_POLICY_UNKNOWN;A_TARIFF_FILL;A_PRICE_TAX;PV_AD_OFFSET_BOUND;POLICY_FIRM_YEAR_UNKNOWN,main,LOCAL_EXPORT_AHS,2013.0,UPDATED_CHINA_ORDINARY;EU_REPLACEMENT_ORIGIN_UNCHANGED
18.0,DEU,2013,2013-09-01,2013-09-30,9.0,30.0,0.0821917808219178,1.022721054412437,1.3313006828989482,1.022721054412437,1.3313006828989482,observed_quote_tax_basis_assumed,0.0,0.0,0.0,0.0,0.477,0.822644376490082,undertaking,0.8,1.0,EU_MIP,EU_SHARED,calendar_days_fixed,A_POLICY_COVER;A_EU_MIX;A_EU_FLOOR;A_FX;A_POLICY_UNKNOWN;A_TARIFF_FILL;A_PRICE_TAX;PV_AD_OFFSET_BOUND;POLICY_FIRM_YEAR_UNKNOWN,main,LOCAL_EXPORT_AHS,2013.0,UPDATED_CHINA_ORDINARY;EU_REPLACEMENT_ORIGIN_UNCHANGED
18.0,DEU,2013,2013-10-01,2013-10-31,10.0,31.0,0.084931506849315,1.0447150589940866,1.341918480949301,1.0447150589940866,1.341918480949301,observed_quote_tax_basis_assumed,0.0,0.0,0.0,0.0,0.477,0.822644376490082,undertaking,0.8,1.0,EU_MIP,EU_SHARED,calendar_days_fixed,A_POLICY_COVER;A_EU_MIX;A_EU_FLOOR;A_FX;A_POLICY_UNKNOWN;A_TARIFF_FILL;A_PRICE_TAX;PV_AD_OFFSET_BOUND;POLICY_FIRM_YEAR_UNKNOWN,main,LOCAL_EXPORT_AHS,2013.0,UPDATED_CHINA_ORDINARY;EU_REPLACEMENT_ORIGIN_UNCHANGED
18.0,DEU,2013,2013-11-01,2013-11-30,11.0,30.0,0.0821917808219178,1.0160063318033132,1.2566394103883085,1.0160063318033132,1.2566394103883085,observed_quote_tax_basis_assumed,0.0,0.0,0.0,0.0,0.477,0.822644376490082,undertaking,0.8,1.0,EU_MIP,EU_SHARED,calendar_days_fixed,A_POLICY_COVER;A_EU_MIX;A_EU_FLOOR;A_FX;A_POLICY_UNKNOWN;A_TARIFF_FILL;A_PRICE_TAX;PV_AD_OFFSET_BOUND;POLICY_FIRM_YEAR_UNKNOWN,main,LOCAL_EXPORT_AHS,2013.0,UPDATED_CHINA_ORDINARY;EU_REPLACEMENT_ORIGIN_UNCHANGED
18.0,DEU,2013,2013-12-01,2013-12-31,12.0,31.0,0.084931506849315,1.031871536498892,1.2581591541521575,1.031871536498892,1.2581591541521575,observed_quote_tax_basis_assumed,0.0,0.0,0.0,0.0,0.477,0.822644376490082,undertaking,0.8,1.0,EU_MIP,EU_SHARED,calendar_days_fixed,A_POLICY_COVER;A_EU_MIX;A_EU_FLOOR;A_FX;A_POLICY_UNKNOWN;A_TARIFF_FILL;A_PRICE_TAX;PV_AD_OFFSET_BOUND;POLICY_FIRM_YEAR_UNKNOWN,main,LOCAL_EXPORT_AHS,2013.0,UPDATED_CHINA_ORDINARY;EU_REPLACEMENT_ORIGIN_UNCHANGED
19.0,DEU,2014,2014-01-01,2014-01-31,1.0,31.0,0.084931506849315,1.0072924673496249,1.2193540394232298,1.0072924673496249,1.2193540394232298,observed_quote_tax_basis_assumed,0.0,0.0,0.0,0.0,0.477,0.8097563733019061,undertaking,0.8,1.0,EU_MIP,EU_SHARED,calendar_days_fixed,A_POLICY_COVER;A_EU_MIX;A_EU_FLOOR;A_FX;A_POLICY_UNKNOWN;A_TARIFF_FILL;A_PRICE_TAX;PV_AD_OFFSET_BOUND;POLICY_FIRM_YEAR_UNKNOWN,main,LOCAL_EXPORT_AHS,2014.0,UPDATED_CHINA_ORDINARY;EU_REPLACEMENT_ORIGIN_UNCHANGED
19.0,DEU,2014,2014-02-01,2014-02-28,2.0,28.0,0.0767123287671232,1.0463340822279374,1.2325460799125705,1.0463340822279374,1.2325460799125705,observed_quote_tax_basis_assumed,0.0,0.0,0.0,0.0,0.477,0.8097563733019061,undertaking,0.8,1.0,EU_MIP,EU_SHARED,calendar_days_fixed,A_POLICY_COVER;A_EU_MIX;A_EU_FLOOR;A_FX;A_POLICY_UNKNOWN;A_TARIFF_FILL;A_PRICE_TAX;PV_AD_OFFSET_BOUND;POLICY_FIRM_YEAR_UNKNOWN,main,LOCAL_EXPORT_AHS,2014.0,UPDATED_CHINA_ORDINARY;EU_REPLACEMENT_ORIGIN_UNCHANGED
19.0,DEU,2014,2014-03-01,2014-03-31,3.0,31.0,0.084931506849315,1.023935290408728,1.2305187261929451,1.023935290408728,1.2305187261929451,observed_quote_tax_basis_assumed,0.0,0.0,0.0,0.0,0.477,0.8097563733019061,undertaking,0.8,1.0,EU_MIP,EU_SHARED,calendar_days_fixed,A_POLICY_COVER;A_EU_MIX;A_EU_FLOOR;A_FX;A_POLICY_UNKNOWN;A_TARIFF_FILL;A_PRICE_TAX;PV_AD_OFFSET_BOUND;POLICY_FIRM_YEAR_UNKNOWN,main,LOCAL_EXPORT_AHS,2014.0,UPDATED_CHINA_ORDINARY;EU_REPLACEMENT_ORIGIN_UNCHANGED
19.0,DEU,2014,2014-04-01,2014-04-30,4.0,30.0,0.0821917808219178,1.0043282324389915,1.201606992382365,1.0043282324389915,1.201606992382365,observed_quote_tax_basis_assumed,0.0,0.0,0.0,0.0,0.477,0.8097563733019061,undertaking,0.8,1.0,EU_MIP,EU_SHARED,calendar_days_fixed,A_POLICY_COVER;A_EU_MIX;A_EU_FLOOR;A_FX;A_POLICY_UNKNOWN;A_TARIFF_FILL;A_PRICE_TAX;PV_AD_OFFSET_BOUND;POLICY_FIRM_YEAR_UNKNOWN,main,LOCAL_EXPORT_AHS,2014.0,UPDATED_CHINA_ORDINARY;EU_REPLACEMENT_ORIGIN_UNCHANGED
19.0,DEU,2014,2014-05-01,2014-05-31,5.0,31.0,0.084931506849315,0.998485340330426,1.1678712462793372,0.998485340330426,1.1678712462793372,observed_quote_tax_basis_assumed,0.0,0.0,0.0,0.0,0.477,0.8097563733019061,undertaking,0.8,1.0,EU_MIP,EU_SHARED,calendar_days_fixed,A_POLICY_COVER;A_EU_MIX;A_EU_FLOOR;A_FX;A_POLICY_UNKNOWN;A_TARIFF_FILL;A_PRICE_TAX;PV_AD_OFFSET_BOUND;POLICY_FIRM_YEAR_UNKNOWN,main,LOCAL_EXPORT_AHS,2014.0,UPDATED_CHINA_ORDINARY;EU_REPLACEMENT_ORIGIN_UNCHANGED
19.0,DEU,2014,2014-06-01,2014-06-30,6.0,30.0,0.0821917808219178,0.9706744104845764,1.1471606669363172,0.9706744104845764,1.1471606669363172,observed_quote_tax_basis_assumed,0.0,0.0,0.0,0.0,0.477,0.8097563733019061,undertaking,0.8,1.0,EU_MIP,EU_SHARED,calendar_days_fixed,A_POLICY_COVER;A_EU_MIX;A_EU_FLOOR;A_FX;A_POLICY_UNKNOWN;A_TARIFF_FILL;A_PRICE_TAX;PV_AD_OFFSET_BOUND;POLICY_FIRM_YEAR_UNKNOWN,main,LOCAL_EXPORT_AHS,2014.0,UPDATED_CHINA_ORDINARY;EU_REPLACEMENT_ORIGIN_UNCHANGED
19.0,DEU,2014,2014-07-01,2014-07-31,7.0,31.0,0.084931506849315,0.9668747294924476,1.1338803645865974,0.9668747294924476,1.1338803645865974,observed_quote_tax_basis_assumed,0.0,0.0,0.0,0.0,0.477,0.8097563733019061,undertaking,0.8,1.0,EU_MIP,EU_SHARED,calendar_days_fixed,A_POLICY_COVER;A_EU_MIX;A_EU_FLOOR;A_FX;A_POLICY_UNKNOWN;A_TARIFF_FILL;A_PRICE_TAX;PV_AD_OFFSET_BOUND;POLICY_FIRM_YEAR_UNKNOWN,main,LOCAL_EXPORT_AHS,2014.0,UPDATED_CHINA_ORDINARY;EU_REPLACEMENT_ORIGIN_UNCHANGED
19.0,DEU,2014,2014-08-01,2014-08-31,8.0,31.0,0.084931506849315,0.9336540934028892,1.1065529995886094,0.9336540934028892,1.1065529995886094,observed_quote_tax_basis_assumed,0.0,0.0,0.0,0.0,0.477,0.8097563733019061,undertaking,0.8,1.0,EU_MIP,EU_SHARED,calendar_days_fixed,A_POLICY_COVER;A_EU_MIX;A_EU_FLOOR;A_FX;A_POLICY_UNKNOWN;A_TARIFF_FILL;A_PRICE_TAX;PV_AD_OFFSET_BOUND;POLICY_FIRM_YEAR_UNKNOWN,main,LOCAL_EXPORT_AHS,2014.0,UPDATED_CHINA_ORDINARY;EU_REPLACEMENT_ORIGIN_UNCHANGED
19.0,DEU,2014,2014-09-01,2014-09-30,9.0,30.0,0.0821917808219178,0.9045753093677252,1.0553378609290127,0.9045753093677252,1.0553378609290127,observed_quote_tax_basis_assumed,0.0,0.0,0.0,0.0,0.477,0.8097563733019061,undertaking,0.8,1.0,EU_MIP,EU_SHARED,calendar_days_fixed,A_POLICY_COVER;A_EU_MIX;A_EU_FLOOR;A_FX;A_POLICY_UNKNOWN;A_TARIFF_FILL;A_PRICE_TAX;PV_AD_OFFSET_BOUND;POLICY_FIRM_YEAR_UNKNOWN,main,LOCAL_EXPORT_AHS,2014.0,UPDATED_CHINA_ORDINARY;EU_REPLACEMENT_ORIGIN_UNCHANGED
19.0,DEU,2014,2014-10-01,2014-10-31,10.0,31.0,0.084931506849315,0.8885453695095287,1.0119544486080745,0.8885453695095287,1.0119544486080745,observed_quote_tax_basis_assumed,0.0,0.0,0.0,0.0,0.477,0.8097563733019061,undertaking,0.8,1.0,EU_MIP,EU_SHARED,calendar_days_fixed,A_POLICY_COVER;A_EU_MIX;A_EU_FLOOR;A_FX;A_POLICY_UNKNOWN;A_TARIFF_FILL;A_PRICE_TAX;PV_AD_OFFSET_BOUND;POLICY_FIRM_YEAR_UNKNOWN,main,LOCAL_EXPORT_AHS,2014.0,UPDATED_CHINA_ORDINARY;EU_REPLACEMENT_ORIGIN_UNCHANGED
19.0,DEU,2014,2014-11-01,2014-11-30,11.0,30.0,0.0821917808219178,0.8582904677093165,0.9878437458541188,0.8582904677093165,0.9878437458541188,observed_quote_tax_basis_assumed,0.0,0.0,0.0,0.0,0.477,0.8097563733019061,undertaking,0.8,1.0,EU_MIP,EU_SHARED,calendar_days_fixed,A_POLICY_COVER;A_EU_MIX;A_EU_FLOOR;A_FX;A_POLICY_UNKNOWN;A_TARIFF_FILL;A_PRICE_TAX;PV_AD_OFFSET_BOUND;POLICY_FIRM_YEAR_UNKNOWN,main,LOCAL_EXPORT_AHS,2014.0,UPDATED_CHINA_ORDINARY;EU_REPLACEMENT_ORIGIN_UNCHANGED
19.0,DEU,2014,2014-12-01,2014-12-31,12.0,31.0,0.084931506849315,0.8627497629665737,0.984836993575051,0.8627497629665737,0.984836993575051,observed_quote_tax_basis_assumed,0.0,0.0,0.0,0.0,0.477,0.8097563733019061,undertaking,0.8,1.0,EU_MIP,EU_SHARED,calendar_days_fixed,A_POLICY_COVER;A_EU_MIX;A_EU_FLOOR;A_FX;A_POLICY_UNKNOWN;A_TARIFF_FILL;A_PRICE_TAX;PV_AD_OFFSET_BOUND;POLICY_FIRM_YEAR_UNKNOWN,main,LOCAL_EXPORT_AHS,2014.0,UPDATED_CHINA_ORDINARY;EU_REPLACEMENT_ORIGIN_UNCHANGED
20.0,DEU,2015,2015-01-01,2015-01-31,1.0,31.0,0.084931506849315,0.7836468068108556,0.8779746631862364,0.7836468068108556,0.8779746631862364,observed_quote_tax_basis_assumed,0.0,0.0,0.0,0.0,0.477,0.6754682361602754,undertaking,0.8,1.0,EU_MIP,EU_SHARED,calendar_days_fixed,A_POLICY_COVER;A_EU_MIX;A_EU_FLOOR;A_FX;A_POLICY_UNKNOWN;A_TARIFF_FILL;A_PRICE_TAX;PV_AD_OFFSET_BOUND;POLICY_FIRM_YEAR_UNKNOWN,main,LOCAL_EXPORT_AHS,2015.0,UPDATED_CHINA_ORDINARY;EU_REPLACEMENT_ORIGIN_UNCHANGED
20.0,DEU,2015,2015-02-01,2015-02-28,2.0,28.0,0.0767123287671232,0.7653267250677627,0.8503630278530696,0.7653267250677627,0.8503630278530696,observed_quote_tax_basis_assumed,0.0,0.0,0.0,0.0,0.477,0.6754682361602754,undertaking,0.8,1.0,EU_MIP,EU_SHARED,calendar_days_fixed,A_POLICY_COVER;A_EU_MIX;A_EU_FLOOR;A_FX;A_POLICY_UNKNOWN;A_TARIFF_FILL;A_PRICE_TAX;PV_AD_OFFSET_BOUND;POLICY_FIRM_YEAR_UNKNOWN,main,LOCAL_EXPORT_AHS,2015.0,UPDATED_CHINA_ORDINARY;EU_REPLACEMENT_ORIGIN_UNCHANGED
20.0,DEU,2015,2015-03-01,2015-03-31,3.0,31.0,0.084931506849315,0.7308038162617816,0.8323043462981401,0.7308038162617816,0.8323043462981401,observed_quote_tax_basis_assumed,0.0,0.0,0.0,0.0,0.477,0.6754682361602754,undertaking,0.8,1.0,EU_MIP,EU_SHARED,calendar_days_fixed,A_POLICY_COVER;A_EU_MIX;A_EU_FLOOR;A_FX;A_POLICY_UNKNOWN;A_TARIFF_FILL;A_PRICE_TAX;PV_AD_OFFSET_BOUND;POLICY_FIRM_YEAR_UNKNOWN,main,LOCAL_EXPORT_AHS,2015.0,UPDATED_CHINA_ORDINARY;EU_REPLACEMENT_ORIGIN_UNCHANGED
20.0,DEU,2015,2015-04-01,2015-04-30,4.0,30.0,0.0821917808219178,0.7403275288041375,0.8345510324701185,0.7403275288041375,0.8345510324701185,observed_quote_tax_basis_assumed,0.0,0.0,0.0,0.0,0.477,0.6754682361602754,undertaking,0.8,1.0,EU_MIP,EU_SHARED,calendar_days_fixed,A_POLICY_COVER;A_EU_MIX;A_EU_FLOOR;A_FX;A_POLICY_UNKNOWN;A_TARIFF_FILL;A_PRICE_TAX;PV_AD_OFFSET_BOUND;POLICY_FIRM_YEAR_UNKNOWN,main,LOCAL_EXPORT_AHS,2015.0,UPDATED_CHINA_ORDINARY;EU_REPLACEMENT_ORIGIN_UNCHANGED
20.0,DEU,2015,2015-05-01,2015-05-31,5.0,31.0,0.084931506849315,0.7796793226269166,0.8701778154318265,0.7796793226269166,0.8701778154318265,observed_quote_tax_basis_assumed,0.0,0.0,0.0,0.0,0.477,0.6754682361602754,undertaking,0.8,1.0,EU_MIP,EU_SHARED,calendar_days_fixed,A_POLICY_COVER;A_EU_MIX;A_EU_FLOOR;A_FX;A_POLICY_UNKNOWN;A_TARIFF_FILL;A_PRICE_TAX;PV_AD_OFFSET_BOUND;POLICY_FIRM_YEAR_UNKNOWN,main,LOCAL_EXPORT_AHS,2015.0,UPDATED_CHINA_ORDINARY;EU_REPLACEMENT_ORIGIN_UNCHANGED
20.0,DEU,2015,2015-06-01,2015-06-30,6.0,30.0,0.0821917808219178,0.7841322245706475,0.8681463914889309,0.7841322245706475,0.8681463914889309,observed_quote_tax_basis_assumed,0.0,0.0,0.0,0.0,0.477,0.6754682361602754,undertaking,0.8,1.0,EU_MIP,EU_SHARED,calendar_days_fixed,A_POLICY_COVER;A_EU_MIX;A_EU_FLOOR;A_FX;A_POLICY_UNKNOWN;A_TARIFF_FILL;A_PRICE_TAX;PV_AD_OFFSET_BOUND;POLICY_FIRM_YEAR_UNKNOWN,main,LOCAL_EXPORT_AHS,2015.0,UPDATED_CHINA_ORDINARY;EU_REPLACEMENT_ORIGIN_UNCHANGED
20.0,DEU,2015,2015-07-01,2015-07-31,7.0,31.0,0.084931506849315,0.7826573192219436,0.8444460549499919,0.7826573192219436,0.8444460549499919,observed_quote_tax_basis_assumed,0.0,0.0,0.0,0.0,0.477,0.6754682361602754,undertaking,0.8,1.0,EU_MIP,EU_SHARED,calendar_days_fixed,A_POLICY_COVER;A_EU_MIX;A_EU_FLOOR;A_FX;A_POLICY_UNKNOWN;A_TARIFF_FILL;A_PRICE_TAX;PV_AD_OFFSET_BOUND;POLICY_FIRM_YEAR_UNKNOWN,main,LOCAL_EXPORT_AHS,2015.0,UPDATED_CHINA_ORDINARY;EU_REPLACEMENT_ORIGIN_UNCHANGED
20.0,DEU,2015,2015-08-01,2015-08-31,8.0,31.0,0.084931506849315,0.7928546296754717,0.8484935510562066,0.7928546296754717,0.8484935510562066,observed_quote_tax_basis_assumed,0.0,0.0,0.0,0.0,0.477,0.6754682361602754,undertaking,0.8,1.0,EU_MIP,EU_SHARED,calendar_days_fixed,A_POLICY_COVER;A_EU_MIX;A_EU_FLOOR;A_FX;A_POLICY_UNKNOWN;A_TARIFF_FILL;A_PRICE_TAX;PV_AD_OFFSET_BOUND;POLICY_FIRM_YEAR_UNKNOWN,main,LOCAL_EXPORT_AHS,2015.0,UPDATED_CHINA_ORDINARY;EU_REPLACEMENT_ORIGIN_UNCHANGED
20.0,DEU,2015,2015-09-01,2015-09-30,9.0,30.0,0.0821917808219178,0.8238181179610751,0.8816299157127296,0.8238181179610751,0.8816299157127296,observed_quote_tax_basis_assumed,0.0,0.0,0.0,0.0,0.477,0.6754682361602754,undertaking,0.8,1.0,EU_MIP,EU_SHARED,calendar_days_fixed,A_POLICY_COVER;A_EU_MIX;A_EU_FLOOR;A_FX;A_POLICY_UNKNOWN;A_TARIFF_FILL;A_PRICE_TAX;PV_AD_OFFSET_BOUND;POLICY_FIRM_YEAR_UNKNOWN,main,LOCAL_EXPORT_AHS,2015.0,UPDATED_CHINA_ORDINARY;EU_REPLACEMENT_ORIGIN_UNCHANGED
20.0,DEU,2015,2015-10-01,2015-10-31,10.0,31.0,0.084931506849315,0.8090265672243003,0.8884845336481153,0.8090265672243003,0.8884845336481153,observed_quote_tax_basis_assumed,0.0,0.0,0.0,0.0,0.477,0.6754682361602754,undertaking,0.8,1.0,EU_MIP,EU_SHARED,calendar_days_fixed,A_POLICY_COVER;A_EU_MIX;A_EU_FLOOR;A_FX;A_POLICY_UNKNOWN;A_TARIFF_FILL;A_PRICE_TAX;PV_AD_OFFSET_BOUND;POLICY_FIRM_YEAR_UNKNOWN,main,LOCAL_EXPORT_AHS,2015.0,UPDATED_CHINA_ORDINARY;EU_REPLACEMENT_ORIGIN_UNCHANGED
20.0,DEU,2015,2015-11-01,2015-11-30,11.0,30.0,0.0821917808219178,0.7603831200676149,0.8571591535307657,0.7603831200676149,0.8571591535307657,observed_quote_tax_basis_assumed,0.0,0.0,0.0,0.0,0.477,0.6754682361602754,undertaking,0.8,1.0,EU_MIP,EU_SHARED,calendar_days_fixed,A_POLICY_COVER;A_EU_MIX;A_EU_FLOOR;A_FX;A_POLICY_UNKNOWN;A_TARIFF_FILL;A_PRICE_TAX;PV_AD_OFFSET_BOUND;POLICY_FIRM_YEAR_UNKNOWN,main,LOCAL_EXPORT_AHS,2015.0,UPDATED_CHINA_ORDINARY;EU_REPLACEMENT_ORIGIN_UNCHANGED
20.0,DEU,2015,2015-12-01,2015-12-31,12.0,31.0,0.084931506849315,0.770105042618891,0.861117456746578,0.770105042618891,0.861117456746578,observed_quote_tax_basis_assumed,0.0,0.0,0.0,0.0,0.477,0.6754682361602754,undertaking,0.8,1.0,EU_MIP,EU_SHARED,calendar_days_fixed,A_POLICY_COVER;A_EU_MIX;A_EU_FLOOR;A_FX;A_POLICY_UNKNOWN;A_TARIFF_FILL;A_PRICE_TAX;PV_AD_OFFSET_BOUND;POLICY_FIRM_YEAR_UNKNOWN,main,LOCAL_EXPORT_AHS,2015.0,UPDATED_CHINA_ORDINARY;EU_REPLACEMENT_ORIGIN_UNCHANGED
21.0,DEU,2016,2016-01-01,2016-01-31,1.0,31.0,0.0846994535519125,0.7754609470994799,0.8654698070306694,0.7754609470994799,0.8654698070306694,observed_quote_tax_basis_assumed,0.0,0.0,0.0,0.0,0.477,0.6654901018970281,undertaking,0.8,1.0,EU_MIP,EU_SHARED,calendar_days_fixed,A_POLICY_COVER;A_EU_MIX;A_EU_FLOOR;A_FX;A_POLICY_UNKNOWN;A_TARIFF_FILL;A_PRICE_TAX;PV_AD_OFFSET_BOUND;POLICY_FIRM_YEAR_UNKNOWN,main,LOCAL_EXPORT_AHS,2016.0,UPDATED_CHINA_ORDINARY;EU_REPLACEMENT_ORIGIN_UNCHANGED
21.0,DEU,2016,2016-02-01,2016-02-29,2.0,29.0,0.0792349726775956,0.7780005038629495,0.8699460179558434,0.7780005038629495,0.8699460179558434,observed_quote_tax_basis_assumed,0.0,0.0,0.0,0.0,0.477,0.6654901018970281,undertaking,0.8,1.0,EU_MIP,EU_SHARED,calendar_days_fixed,A_POLICY_COVER;A_EU_MIX;A_EU_FLOOR;A_FX;A_POLICY_UNKNOWN;A_TARIFF_FILL;A_PRICE_TAX;PV_AD_OFFSET_BOUND;POLICY_FIRM_YEAR_UNKNOWN,main,LOCAL_EXPORT_AHS,2016.0,UPDATED_CHINA_ORDINARY;EU_REPLACEMENT_ORIGIN_UNCHANGED
21.0,DEU,2016,2016-03-01,2016-03-31,3.0,31.0,0.0846994535519125,0.7787644863397156,0.8495612578251441,0.7787644863397156,0.8495612578251441,observed_quote_tax_basis_assumed,0.0,0.0,0.0,0.0,0.477,0.6654901018970281,undertaking,0.8,1.0,EU_MIP,EU_SHARED,calendar_days_fixed,A_POLICY_COVER;A_EU_MIX;A_EU_FLOOR;A_FX;A_POLICY_UNKNOWN;A_TARIFF_FILL;A_PRICE_TAX;PV_AD_OFFSET_BOUND;POLICY_FIRM_YEAR_UNKNOWN,main,LOCAL_EXPORT_AHS,2016.0,UPDATED_CHINA_ORDINARY;EU_REPLACEMENT_ORIGIN_UNCHANGED
21.0,DEU,2016,2016-04-01,2016-04-30,4.0,30.0,0.081967213114754,0.7944156135931028,0.8738571749524129,0.7944156135931028,0.8738571749524129,observed_quote_tax_basis_assumed,0.0,0.0,0.0,0.0,0.477,0.6654901018970281,undertaking,0.8,1.0,EU_MIP,EU_SHARED,calendar_days_fixed,A_POLICY_COVER;A_EU_MIX;A_EU_FLOOR;A_FX;A_POLICY_UNKNOWN;A_TARIFF_FILL;A_PRICE_TAX;PV_AD_OFFSET_BOUND;POLICY_FIRM_YEAR_UNKNOWN,main,LOCAL_EXPORT_AHS,2016.0,UPDATED_CHINA_ORDINARY;EU_REPLACEMENT_ORIGIN_UNCHANGED
21.0,DEU,2016,2016-05-01,2016-05-31,5.0,31.0,0.0846994535519125,0.7782994701499374,0.8575707124800236,0.7782994701499374,0.8575707124800236,observed_quote_tax_basis_assumed,0.0,0.0,0.0,0.0,0.477,0.6654901018970281,undertaking,0.8,1.0,EU_MIP,EU_SHARED,calendar_days_fixed,A_POLICY_COVER;A_EU_MIX;A_EU_FLOOR;A_FX;A_POLICY_UNKNOWN;A_TARIFF_FILL;A_PRICE_TAX;PV_AD_OFFSET_BOUND;POLICY_FIRM_YEAR_UNKNOWN,main,LOCAL_EXPORT_AHS,2016.0,UPDATED_CHINA_ORDINARY;EU_REPLACEMENT_ORIGIN_UNCHANGED
21.0,DEU,2016,2016-06-01,2016-06-30,6.0,30.0,0.081967213114754,0.7591586187691494,0.8379392301508536,0.7591586187691494,0.8379392301508536,observed_quote_tax_basis_assumed,0.0,0.0,0.0,0.0,0.477,0.6654901018970281,undertaking,0.8,1.0,EU_MIP,EU_SHARED,calendar_days_fixed,A_POLICY_COVER;A_EU_MIX;A_EU_FLOOR;A_FX;A_POLICY_UNKNOWN;A_TARIFF_FILL;A_PRICE_TAX;PV_AD_OFFSET_BOUND;POLICY_FIRM_YEAR_UNKNOWN,main,LOCAL_EXPORT_AHS,2016.0,UPDATED_CHINA_ORDINARY;EU_REPLACEMENT_ORIGIN_UNCHANGED
21.0,DEU,2016,2016-07-01,2016-07-31,7.0,31.0,0.0846994535519125,0.7330790988487496,0.8035674737380523,0.7330790988487496,0.8035674737380523,observed_quote_tax_basis_assumed,0.0,0.0,0.0,0.0,0.477,0.6654901018970281,undertaking,0.8,1.0,EU_MIP,EU_SHARED,calendar_days_fixed,A_POLICY_COVER;A_EU_MIX;A_EU_FLOOR;A_FX;A_POLICY_UNKNOWN;A_TARIFF_FILL;A_PRICE_TAX;PV_AD_OFFSET_BOUND;POLICY_FIRM_YEAR_UNKNOWN,main,LOCAL_EXPORT_AHS,2016.0,UPDATED_CHINA_ORDINARY;EU_REPLACEMENT_ORIGIN_UNCHANGED
21.0,DEU,2016,2016-08-01,2016-08-31,8.0,31.0,0.0846994535519125,0.7280738985555929,0.8280056101220468,0.7280738985555929,0.8280056101220468,observed_quote_tax_basis_assumed,0.0,0.0,0.0,0.0,0.477,0.6654901018970281,undertaking,0.8,1.0,EU_MIP,EU_SHARED,calendar_days_fixed,A_POLICY_COVER;A_EU_MIX;A_EU_FLOOR;A_FX;A_POLICY_UNKNOWN;A_TARIFF_FILL;A_PRICE_TAX;PV_AD_OFFSET_BOUND;POLICY_FIRM_YEAR_UNKNOWN,main,LOCAL_EXPORT_AHS,2016.0,UPDATED_CHINA_ORDINARY;EU_REPLACEMENT_ORIGIN_UNCHANGED
21.0,DEU,2016,2016-09-01,2016-09-30,9.0,30.0,0.081967213114754,0.7423697374619559,0.7923369313295875,0.7423697374619559,0.7923369313295875,observed_quote_tax_basis_assumed,0.0,0.0,0.0,0.0,0.477,0.6654901018970281,undertaking,0.8,1.0,EU_MIP,EU_SHARED,calendar_days_fixed,A_POLICY_COVER;A_EU_MIX;A_EU_FLOOR;A_FX;A_POLICY_UNKNOWN;A_TARIFF_FILL;A_PRICE_TAX;PV_AD_OFFSET_BOUND;POLICY_FIRM_YEAR_UNKNOWN,main,LOCAL_EXPORT_AHS,2016.0,UPDATED_CHINA_ORDINARY;EU_REPLACEMENT_ORIGIN_UNCHANGED
21.0,DEU,2016,2016-10-01,2016-10-31,10.0,31.0,0.0846994535519125,0.7036858447593164,0.774054429235248,0.7036858447593164,0.774054429235248,observed_quote_tax_basis_assumed,0.0,0.0,0.0,0.0,0.477,0.6654901018970281,undertaking,0.8,1.0,EU_MIP,EU_SHARED,calendar_days_fixed,A_POLICY_COVER;A_EU_MIX;A_EU_FLOOR;A_FX;A_POLICY_UNKNOWN;A_TARIFF_FILL;A_PRICE_TAX;PV_AD_OFFSET_BOUND;POLICY_FIRM_YEAR_UNKNOWN,main,LOCAL_EXPORT_AHS,2016.0,UPDATED_CHINA_ORDINARY;EU_REPLACEMENT_ORIGIN_UNCHANGED
21.0,DEU,2016,2016-11-01,2016-11-30,11.0,30.0,0.081967213114754,0.6749440466200466,0.7438158881118881,0.6749440466200466,0.7438158881118881,observed_quote_tax_basis_assumed,0.0,0.0,0.0,0.0,0.477,0.6654901018970281,undertaking,0.8,1.0,EU_MIP,EU_SHARED,calendar_days_fixed,A_POLICY_COVER;A_EU_MIX;A_EU_FLOOR;A_FX;A_POLICY_UNKNOWN;A_TARIFF_FILL;A_PRICE_TAX;PV_AD_OFFSET_BOUND;POLICY_FIRM_YEAR_UNKNOWN,main,LOCAL_EXPORT_AHS,2016.0,UPDATED_CHINA_ORDINARY;EU_REPLACEMENT_ORIGIN_UNCHANGED
21.0,DEU,2016,2016-12-01,2016-12-31,12.0,31.0,0.0846994535519125,0.6716546528435174,0.7186704785425637,0.6716546528435174,0.7186704785425637,observed_quote_tax_basis_assumed,0.0,0.0,0.0,0.0,0.477,0.6654901018970281,undertaking,0.8,1.0,EU_MIP,EU_SHARED,calendar_days_fixed,A_POLICY_COVER;A_EU_MIX;A_EU_FLOOR;A_FX;A_POLICY_UNKNOWN;A_TARIFF_FILL;A_PRICE_TAX;PV_AD_OFFSET_BOUND;POLICY_FIRM_YEAR_UNKNOWN,main,LOCAL_EXPORT_AHS,2016.0,UPDATED_CHINA_ORDINARY;EU_REPLACEMENT_ORIGIN_UNCHANGED
22.0,DEU,2017,2017-01-01,2017-01-31,1.0,31.0,0.084931506849315,0.65131797346,0.6978406858499999,0.65131797346,0.6978406858499999,observed_quote_tax_basis_assumed,0.0,0.0,0.0,0.0,0.477,0.6650304059970626,undertaking,0.8,1.0,EU_MIP,EU_SHARED,calendar_days_fixed,A_POLICY_COVER;A_EU_MIX;A_EU_FLOOR;A_FX;A_POLICY_UNKNOWN;A_TARIFF_FILL;A_PRICE_TAX;PV_AD_OFFSET_BOUND;POLICY_FIRM_YEAR_UNKNOWN,main,LOCAL_EXPORT_AHS,2017.0,UPDATED_CHINA_ORDINARY;EU_REPLACEMENT_ORIGIN_UNCHANGED
22.0,DEU,2017,2017-02-01,2017-02-28,2.0,28.0,0.0767123287671232,0.653336242055,0.680003027445,0.653336242055,0.680003027445,observed_quote_tax_basis_assumed,0.0,0.0,0.0,0.0,0.477,0.6650304059970626,undertaking,0.8,1.0,EU_MIP,EU_SHARED,calendar_days_fixed,A_POLICY_COVER;A_EU_MIX;A_EU_FLOOR;A_FX;A_POLICY_UNKNOWN;A_TARIFF_FILL;A_PRICE_TAX;PV_AD_OFFSET_BOUND;POLICY_FIRM_YEAR_UNKNOWN,main,LOCAL_EXPORT_AHS,2017.0,UPDATED_CHINA_ORDINARY;EU_REPLACEMENT_ORIGIN_UNCHANGED
22.0,DEU,2017,2017-03-01,2017-03-31,3.0,31.0,0.084931506849315,0.6288995552,0.66904208,0.6288995552,0.66904208,observed_quote_tax_basis_assumed,0.0,0.0,0.0,0.0,0.477,0.6650304059970626,undertaking,0.8,1.0,EU_MIP,EU_SHARED,calendar_days_fixed,A_POLICY_COVER;A_EU_MIX;A_EU_FLOOR;A_FX;A_POLICY_UNKNOWN;A_TARIFF_FILL;A_PRICE_TAX;PV_AD_OFFSET_BOUND;POLICY_FIRM_YEAR_UNKNOWN,main,LOCAL_EXPORT_AHS,2017.0,UPDATED_CHINA_ORDINARY;EU_REPLACEMENT_ORIGIN_UNCHANGED
22.0,DEU,2017,2017-04-01,2017-04-30,4.0,30.0,0.0821917808219178,0.6161349233900001,0.6630147545175,0.6161349233900001,0.6630147545175,observed_quote_tax_basis_assumed,0.0,0.0,0.0,0.0,0.477,0.6650304059970626,undertaking,0.8,1.0,EU_MIP,EU_SHARED,calendar_days_fixed,A_POLICY_COVER;A_EU_MIX;A_EU_FLOOR;A_FX;A_POLICY_UNKNOWN;A_TARIFF_FILL;A_PRICE_TAX;PV_AD_OFFSET_BOUND;POLICY_FIRM_YEAR_UNKNOWN,main,LOCAL_EXPORT_AHS,2017.0,UPDATED_CHINA_ORDINARY;EU_REPLACEMENT_ORIGIN_UNCHANGED
22.0,DEU,2017,2017-05-01,2017-05-31,5.0,31.0,0.084931506849315,0.6360321647399999,0.67751252331,0.6360321647399999,0.67751252331,observed_quote_tax_basis_assumed,0.0,0.0,0.0,0.0,0.477,0.6650304059970626,undertaking,0.8,1.0,EU_MIP,EU_SHARED,calendar_days_fixed,A_POLICY_COVER;A_EU_MIX;A_EU_FLOOR;A_FX;A_POLICY_UNKNOWN;A_TARIFF_FILL;A_PRICE_TAX;PV_AD_OFFSET_BOUND;POLICY_FIRM_YEAR_UNKNOWN,main,LOCAL_EXPORT_AHS,2017.0,UPDATED_CHINA_ORDINARY;EU_REPLACEMENT_ORIGIN_UNCHANGED
22.0,DEU,2017,2017-06-01,2017-06-30,6.0,30.0,0.0821917808219178,0.6834862197535653,0.7587457241032978,,,index_bridge,0.0,0.0,0.0,0.0,0.477,0.6650304059970626,undertaking,0.8,1.0,EU_MIP,EU_SHARED,calendar_days_fixed,A_POLICY_COVER;A_EU_MIX;A_EU_FLOOR;A_FX;A_POLICY_UNKNOWN;A_TARIFF_FILL;A_PRICE_TAX;PV_AD_OFFSET_BOUND;POLICY_FIRM_YEAR_UNKNOWN,main,LOCAL_EXPORT_AHS,2017.0,UPDATED_CHINA_ORDINARY;EU_REPLACEMENT_ORIGIN_UNCHANGED
22.0,DEU,2017,2017-07-01,2017-07-31,7.0,31.0,0.084931506849315,0.7190854065307387,0.7982647809154071,,,index_bridge,0.0,0.0,0.0,0.0,0.477,0.6650304059970626,undertaking,0.8,1.0,EU_MIP,EU_SHARED,calendar_days_fixed,A_POLICY_COVER;A_EU_MIX;A_EU_FLOOR;A_FX;A_POLICY_UNKNOWN;A_TARIFF_FILL;A_PRICE_TAX;PV_AD_OFFSET_BOUND;POLICY_FIRM_YEAR_UNKNOWN,main,LOCAL_EXPORT_AHS,2017.0,UPDATED_CHINA_ORDINARY;EU_REPLACEMENT_ORIGIN_UNCHANGED
22.0,DEU,2017,2017-08-01,2017-08-31,8.0,31.0,0.084931506849315,0.7376777050824325,0.8189043002204721,,,index_bridge,0.0,0.0,0.0,0.0,0.477,0.6650304059970626,undertaking,0.8,1.0,EU_MIP,EU_SHARED,calendar_days_fixed,A_POLICY_COVER;A_EU_MIX;A_EU_FLOOR;A_FX;A_POLICY_UNKNOWN;A_TARIFF_FILL;A_PRICE_TAX;PV_AD_OFFSET_BOUND;POLICY_FIRM_YEAR_UNKNOWN,main,LOCAL_EXPORT_AHS,2017.0,UPDATED_CHINA_ORDINARY;EU_REPLACEMENT_ORIGIN_UNCHANGED
22.0,DEU,2017,2017-09-01,2017-09-30,9.0,30.0,0.0821917808219178,0.7443664359352588,0.8263295354155424,,,index_bridge,0.0,0.0,0.0,0.0,0.477,0.6650304059970626,undertaking,0.8,1.0,EU_MIP,EU_SHARED,calendar_days_fixed,A_POLICY_COVER;A_EU_MIX;A_EU_FLOOR;A_FX;A_POLICY_UNKNOWN;A_TARIFF_FILL;A_PRICE_TAX;PV_AD_OFFSET_BOUND;POLICY_FIRM_YEAR_UNKNOWN,main,LOCAL_EXPORT_AHS,2017.0,UPDATED_CHINA_ORDINARY;EU_REPLACEMENT_ORIGIN_UNCHANGED
22.0,DEU,2017,2017-10-01,2017-10-31,10.0,31.0,0.084931506849315,0.7152718333710166,0.7940312905466657,,,index_bridge,0.0,0.0,0.0,0.0,0.477,0.5710587181931299,variable_MIP_duty,0.8,1.0,EU_MIP,EU_SHARED,calendar_days_fixed,A_POLICY_COVER;A_EU_MIX;A_EU_FLOOR;A_FX;A_POLICY_UNKNOWN;A_TARIFF_FILL;A_PRICE_TAX;PV_AD_OFFSET_BOUND;POLICY_FIRM_YEAR_UNKNOWN,main,LOCAL_EXPORT_AHS,2017.0,UPDATED_CHINA_ORDINARY;EU_REPLACEMENT_ORIGIN_UNCHANGED
22.0,DEU,2017,2017-11-01,2017-11-30,11.0,30.0,0.0821917808219178,0.6803818599439665,0.7552995394348484,,,index_bridge,0.0,0.0,0.0,0.0,0.477,0.5710587181931299,variable_MIP_duty,0.8,1.0,EU_MIP,EU_SHARED,calendar_days_fixed,A_POLICY_COVER;A_EU_MIX;A_EU_FLOOR;A_FX;A_POLICY_UNKNOWN;A_TARIFF_FILL;A_PRICE_TAX;PV_AD_OFFSET_BOUND;POLICY_FIRM_YEAR_UNKNOWN,main,LOCAL_EXPORT_AHS,2017.0,UPDATED_CHINA_ORDINARY;EU_REPLACEMENT_ORIGIN_UNCHANGED
22.0,DEU,2017,2017-12-01,2017-12-31,12.0,31.0,0.084931506849315,0.6512233829889086,0.722930386887791,,,index_bridge,0.0,0.0,0.0,0.0,0.477,0.5710587181931299,variable_MIP_duty,0.8,1.0,EU_MIP,EU_SHARED,calendar_days_fixed,A_POLICY_COVER;A_EU_MIX;A_EU_FLOOR;A_FX;A_POLICY_UNKNOWN;A_TARIFF_FILL;A_PRICE_TAX;PV_AD_OFFSET_BOUND;POLICY_FIRM_YEAR_UNKNOWN,main,LOCAL_EXPORT_AHS,2017.0,UPDATED_CHINA_ORDINARY;EU_REPLACEMENT_ORIGIN_UNCHANGED
23.0,DEU,2018,2018-01-01,2018-01-31,1.0,31.0,0.084931506849315,0.655027440164083,0.7271533134552772,,,index_bridge,0.0,0.0,0.0,0.0,0.477,0.5384969307307245,variable_MIP_duty,0.8,1.0,EU_MIP,EU_SHARED,calendar_days_fixed,A_POLICY_COVER;A_EU_MIX;A_EU_FLOOR;A_FX;A_POLICY_UNKNOWN;A_TARIFF_FILL;A_PRICE_TAX;PV_AD_OFFSET_BOUND;POLICY_FIRM_YEAR_UNKNOWN,main,LOCAL_EXPORT_AHS,2018.0,UPDATED_CHINA_ORDINARY;EU_REPLACEMENT_ORIGIN_UNCHANGED
23.0,DEU,2018,2018-02-01,2018-02-28,2.0,28.0,0.0767123287671232,0.6647304348272245,0.7379247167387408,,,index_bridge,0.0,0.0,0.0,0.0,0.477,0.5384969307307245,variable_MIP_duty,0.8,1.0,EU_MIP,EU_SHARED,calendar_days_fixed,A_POLICY_COVER;A_EU_MIX;A_EU_FLOOR;A_FX;A_POLICY_UNKNOWN;A_TARIFF_FILL;A_PRICE_TAX;PV_AD_OFFSET_BOUND;POLICY_FIRM_YEAR_UNKNOWN,main,LOCAL_EXPORT_AHS,2018.0,UPDATED_CHINA_ORDINARY;EU_REPLACEMENT_ORIGIN_UNCHANGED
23.0,DEU,2018,2018-03-01,2018-03-31,3.0,31.0,0.084931506849315,0.6450430138824986,0.7160694897733482,,,index_bridge,0.0,0.0,0.0,0.0,0.477,0.5384969307307245,variable_MIP_duty,0.8,1.0,EU_MIP,EU_SHARED,calendar_days_fixed,A_POLICY_COVER;A_EU_MIX;A_EU_FLOOR;A_FX;A_POLICY_UNKNOWN;A_TARIFF_FILL;A_PRICE_TAX;PV_AD_OFFSET_BOUND;POLICY_FIRM_YEAR_UNKNOWN,main,LOCAL_EXPORT_AHS,2018.0,UPDATED_CHINA_ORDINARY;EU_REPLACEMENT_ORIGIN_UNCHANGED
23.0,DEU,2018,2018-04-01,2018-04-30,4.0,30.0,0.0821917808219178,0.6248356131344818,0.6936370273919885,,,index_bridge,0.0,0.0,0.0,0.0,0.477,0.5089902495947943,variable_MIP_duty,0.8,1.0,EU_MIP,EU_SHARED,calendar_days_fixed,A_POLICY_COVER;A_EU_MIX;A_EU_FLOOR;A_FX;A_POLICY_UNKNOWN;A_TARIFF_FILL;A_PRICE_TAX;PV_AD_OFFSET_BOUND;POLICY_FIRM_YEAR_UNKNOWN,main,LOCAL_EXPORT_AHS,2018.0,UPDATED_CHINA_ORDINARY;EU_REPLACEMENT_ORIGIN_UNCHANGED
23.0,DEU,2018,2018-05-01,2018-05-31,5.0,31.0,0.084931506849315,0.5850384784497941,0.6494577814893321,,,index_bridge,0.0,0.0,0.0,0.0,0.477,0.5089902495947943,variable_MIP_duty,0.8,1.0,EU_MIP,EU_SHARED,calendar_days_fixed,A_POLICY_COVER;A_EU_MIX;A_EU_FLOOR;A_FX;A_POLICY_UNKNOWN;A_TARIFF_FILL;A_PRICE_TAX;PV_AD_OFFSET_BOUND;POLICY_FIRM_YEAR_UNKNOWN,main,LOCAL_EXPORT_AHS,2018.0,UPDATED_CHINA_ORDINARY;EU_REPLACEMENT_ORIGIN_UNCHANGED
23.0,DEU,2018,2018-06-01,2018-06-30,6.0,30.0,0.0821917808219178,0.5600553168749636,0.6217236934102497,,,index_bridge,0.0,0.0,0.0,0.0,0.477,0.5089902495947943,variable_MIP_duty,0.8,1.0,EU_MIP,EU_SHARED,calendar_days_fixed,A_POLICY_COVER;A_EU_MIX;A_EU_FLOOR;A_FX;A_POLICY_UNKNOWN;A_TARIFF_FILL;A_PRICE_TAX;PV_AD_OFFSET_BOUND;POLICY_FIRM_YEAR_UNKNOWN,main,LOCAL_EXPORT_AHS,2018.0,UPDATED_CHINA_ORDINARY;EU_REPLACEMENT_ORIGIN_UNCHANGED
23.0,DEU,2018,2018-07-01,2018-07-31,7.0,31.0,0.084931506849315,0.5436607621600794,0.6035239142062432,,,index_bridge,0.0,0.0,0.0,0.0,0.477,0.4794835684588642,variable_MIP_duty,0.8,1.0,EU_MIP,EU_SHARED,calendar_days_fixed,A_POLICY_COVER;A_EU_MIX;A_EU_FLOOR;A_FX;A_POLICY_UNKNOWN;A_TARIFF_FILL;A_PRICE_TAX;PV_AD_OFFSET_BOUND;POLICY_FIRM_YEAR_UNKNOWN,main,LOCAL_EXPORT_AHS,2018.0,UPDATED_CHINA_ORDINARY;EU_REPLACEMENT_ORIGIN_UNCHANGED
23.0,DEU,2018,2018-08-01,2018-08-31,8.0,31.0,0.084931506849315,0.5200018991617037,0.577259944841015,,,index_bridge,0.0,0.0,0.0,0.0,0.477,0.4794835684588642,variable_MIP_duty,0.8,1.0,EU_MIP,EU_SHARED,calendar_days_fixed,A_POLICY_COVER;A_EU_MIX;A_EU_FLOOR;A_FX;A_POLICY_UNKNOWN;A_TARIFF_FILL;A_PRICE_TAX;PV_AD_OFFSET_BOUND;POLICY_FIRM_YEAR_UNKNOWN,main,LOCAL_EXPORT_AHS,2018.0,UPDATED_CHINA_ORDINARY;EU_REPLACEMENT_ORIGIN_UNCHANGED
23.0,DEU,2018,2018-09-01,2018-09-02,9.0,2.0,0.0054794520547945,0.491111693367402,0.54518860312063,,,index_bridge,0.0,0.0,0.0,0.0,0.477,0.4794835684588642,variable_MIP_duty,0.8,1.0,EU_MIP,EU_SHARED,calendar_days_fixed,A_POLICY_COVER;A_EU_MIX;A_EU_FLOOR;A_FX;A_POLICY_UNKNOWN;A_TARIFF_FILL;A_PRICE_TAX;PV_AD_OFFSET_BOUND;POLICY_FIRM_YEAR_UNKNOWN,main,LOCAL_EXPORT_AHS,2018.0,UPDATED_CHINA_ORDINARY;EU_REPLACEMENT_ORIGIN_UNCHANGED
23.0,DEU,2018,2018-09-03,2018-09-30,9.0,28.0,0.0767123287671232,0.491111693367402,0.54518860312063,,,index_bridge,0.0,0.0,0.0,0.0,0.0,0.0,none,0.8,1.0,,EU_SHARED,calendar_days_fixed,A_POLICY_COVER;A_EU_MIX;A_EU_FLOOR;A_FX;A_POLICY_UNKNOWN;A_TARIFF_FILL;A_PRICE_TAX;PV_AD_OFFSET_BOUND;POLICY_FIRM_YEAR_UNKNOWN,main,LOCAL_EXPORT_AHS,2018.0,UPDATED_CHINA_ORDINARY;EU_REPLACEMENT_ORIGIN_UNCHANGED
23.0,DEU,2018,2018-10-01,2018-10-31,10.0,31.0,0.084931506849315,0.4860318235809892,0.5395493826534903,,,index_bridge,0.0,0.0,0.0,0.0,0.0,0.0,none,0.8,1.0,,EU_SHARED,calendar_days_fixed,A_POLICY_COVER;A_EU_MIX;A_EU_FLOOR;A_FX;A_POLICY_UNKNOWN;A_TARIFF_FILL;A_PRICE_TAX;PV_AD_OFFSET_BOUND;POLICY_FIRM_YEAR_UNKNOWN,main,LOCAL_EXPORT_AHS,2018.0,UPDATED_CHINA_ORDINARY;EU_REPLACEMENT_ORIGIN_UNCHANGED
23.0,DEU,2018,2018-11-01,2018-11-30,11.0,30.0,0.0821917808219178,0.4461069108009444,0.4952282888529768,,,index_bridge,0.0,0.0,0.0,0.0,0.0,0.0,none,0.8,1.0,,EU_SHARED,calendar_days_fixed,A_POLICY_COVER;A_EU_MIX;A_EU_FLOOR;A_FX;A_POLICY_UNKNOWN;A_TARIFF_FILL;A_PRICE_TAX;PV_AD_OFFSET_BOUND;POLICY_FIRM_YEAR_UNKNOWN,main,LOCAL_EXPORT_AHS,2018.0,UPDATED_CHINA_ORDINARY;EU_REPLACEMENT_ORIGIN_UNCHANGED
23.0,DEU,2018,2018-12-01,2018-12-31,12.0,31.0,0.084931506849315,0.445321925914791,0.4943568683200664,,,index_bridge,0.0,0.0,0.0,0.0,0.0,0.0,none,0.8,1.0,,EU_SHARED,calendar_days_fixed,A_POLICY_COVER;A_EU_MIX;A_EU_FLOOR;A_FX;A_POLICY_UNKNOWN;A_TARIFF_FILL;A_PRICE_TAX;PV_AD_OFFSET_BOUND;POLICY_FIRM_YEAR_UNKNOWN,main,LOCAL_EXPORT_AHS,2018.0,UPDATED_CHINA_ORDINARY;EU_REPLACEMENT_ORIGIN_UNCHANGED
24.0,DEU,2019,2019-01-01,2019-01-31,1.0,31.0,0.084931506849315,0.4407953936392269,0.4893319140344654,,,index_bridge,0.0,0.0,0.0,0.0,0.0,0.0,none,0.8,1.0,,EU_SHARED,calendar_days_fixed,A_POLICY_COVER;A_EU_MIX;A_EU_FLOOR;A_FX;A_POLICY_UNKNOWN;A_TARIFF_FILL;A_PRICE_TAX;PV_AD_OFFSET_BOUND;POLICY_FIRM_YEAR_UNKNOWN,main,LOCAL_EXPORT_AHS,2019.0,UPDATED_CHINA_ORDINARY;EU_REPLACEMENT_ORIGIN_UNCHANGED
24.0,DEU,2019,2019-02-01,2019-02-28,2.0,28.0,0.0767123287671232,0.4220528087387762,0.4685255601668083,,,index_bridge,0.0,0.0,0.0,0.0,0.0,0.0,none,0.8,1.0,,EU_SHARED,calendar_days_fixed,A_POLICY_COVER;A_EU_MIX;A_EU_FLOOR;A_FX;A_POLICY_UNKNOWN;A_TARIFF_FILL;A_PRICE_TAX;PV_AD_OFFSET_BOUND;POLICY_FIRM_YEAR_UNKNOWN,main,LOCAL_EXPORT_AHS,2019.0,UPDATED_CHINA_ORDINARY;EU_REPLACEMENT_ORIGIN_UNCHANGED
24.0,DEU,2019,2019-03-01,2019-03-31,3.0,31.0,0.084931506849315,0.43639361763407,0.4844454530849272,,,index_bridge,0.0,0.0,0.0,0.0,0.0,0.0,none,0.8,1.0,,EU_SHARED,calendar_days_fixed,A_POLICY_COVER;A_EU_MIX;A_EU_FLOOR;A_FX;A_POLICY_UNKNOWN;A_TARIFF_FILL;A_PRICE_TAX;PV_AD_OFFSET_BOUND;POLICY_FIRM_YEAR_UNKNOWN,main,LOCAL_EXPORT_AHS,2019.0,UPDATED_CHINA_ORDINARY;EU_REPLACEMENT_ORIGIN_UNCHANGED
24.0,DEU,2019,2019-04-01,2019-04-30,4.0,30.0,0.0821917808219178,0.4178512434680968,0.4638613554008097,,,index_bridge,0.0,0.0,0.0,0.0,0.0,0.0,none,0.8,1.0,,EU_SHARED,calendar_days_fixed,A_POLICY_COVER;A_EU_MIX;A_EU_FLOOR;A_FX;A_POLICY_UNKNOWN;A_TARIFF_FILL;A_PRICE_TAX;PV_AD_OFFSET_BOUND;POLICY_FIRM_YEAR_UNKNOWN,main,LOCAL_EXPORT_AHS,2019.0,UPDATED_CHINA_ORDINARY;EU_REPLACEMENT_ORIGIN_UNCHANGED
24.0,DEU,2019,2019-05-01,2019-05-31,5.0,31.0,0.084931506849315,0.4318373933480303,0.4793875373652296,,,index_bridge,0.0,0.0,0.0,0.0,0.0,0.0,none,0.8,1.0,,EU_SHARED,calendar_days_fixed,A_POLICY_COVER;A_EU_MIX;A_EU_FLOOR;A_FX;A_POLICY_UNKNOWN;A_TARIFF_FILL;A_PRICE_TAX;PV_AD_OFFSET_BOUND;POLICY_FIRM_YEAR_UNKNOWN,main,LOCAL_EXPORT_AHS,2019.0,UPDATED_CHINA_ORDINARY;EU_REPLACEMENT_ORIGIN_UNCHANGED
24.0,DEU,2019,2019-06-01,2019-06-30,6.0,30.0,0.0821917808219178,0.4198962531131177,0.4661315435612515,,,index_bridge,0.0,0.0,0.0,0.0,0.0,0.0,none,0.8,1.0,,EU_SHARED,calendar_days_fixed,A_POLICY_COVER;A_EU_MIX;A_EU_FLOOR;A_FX;A_POLICY_UNKNOWN;A_TARIFF_FILL;A_PRICE_TAX;PV_AD_OFFSET_BOUND;POLICY_FIRM_YEAR_UNKNOWN,main,LOCAL_EXPORT_AHS,2019.0,UPDATED_CHINA_ORDINARY;EU_REPLACEMENT_ORIGIN_UNCHANGED
24.0,DEU,2019,2019-07-01,2019-07-31,7.0,31.0,0.084931506849315,0.4331502037355332,0.4808449029115831,,,index_bridge,0.0,0.0,0.0,0.0,0.0,0.0,none,0.8,1.0,,EU_SHARED,calendar_days_fixed,A_POLICY_COVER;A_EU_MIX;A_EU_FLOOR;A_FX;A_POLICY_UNKNOWN;A_TARIFF_FILL;A_PRICE_TAX;PV_AD_OFFSET_BOUND;POLICY_FIRM_YEAR_UNKNOWN,main,LOCAL_EXPORT_AHS,2019.0,UPDATED_CHINA_ORDINARY;EU_REPLACEMENT_ORIGIN_UNCHANGED
24.0,DEU,2019,2019-08-01,2019-08-31,8.0,31.0,0.084931506849315,0.4136868601909633,0.459238426783183,,,index_bridge,0.0,0.0,0.0,0.0,0.0,0.0,none,0.8,1.0,,EU_SHARED,calendar_days_fixed,A_POLICY_COVER;A_EU_MIX;A_EU_FLOOR;A_FX;A_POLICY_UNKNOWN;A_TARIFF_FILL;A_PRICE_TAX;PV_AD_OFFSET_BOUND;POLICY_FIRM_YEAR_UNKNOWN,main,LOCAL_EXPORT_AHS,2019.0,UPDATED_CHINA_ORDINARY;EU_REPLACEMENT_ORIGIN_UNCHANGED
24.0,DEU,2019,2019-09-01,2019-09-30,9.0,30.0,0.0821917808219178,0.3933783413315631,0.4366937120514113,,,index_bridge,0.0,0.0,0.0,0.0,0.0,0.0,none,0.8,1.0,,EU_SHARED,calendar_days_fixed,A_POLICY_COVER;A_EU_MIX;A_EU_FLOOR;A_FX;A_POLICY_UNKNOWN;A_TARIFF_FILL;A_PRICE_TAX;PV_AD_OFFSET_BOUND;POLICY_FIRM_YEAR_UNKNOWN,main,LOCAL_EXPORT_AHS,2019.0,UPDATED_CHINA_ORDINARY;EU_REPLACEMENT_ORIGIN_UNCHANGED
24.0,DEU,2019,2019-10-01,2019-10-31,10.0,31.0,0.084931506849315,0.3951301852582417,0.438638453657384,,,index_bridge,0.0,0.0,0.0,0.0,0.0,0.0,none,0.8,1.0,,EU_SHARED,calendar_days_fixed,A_POLICY_COVER;A_EU_MIX;A_EU_FLOOR;A_FX;A_POLICY_UNKNOWN;A_TARIFF_FILL;A_PRICE_TAX;PV_AD_OFFSET_BOUND;POLICY_FIRM_YEAR_UNKNOWN,main,LOCAL_EXPORT_AHS,2019.0,UPDATED_CHINA_ORDINARY;EU_REPLACEMENT_ORIGIN_UNCHANGED
24.0,DEU,2019,2019-11-01,2019-11-30,11.0,30.0,0.0821917808219178,0.3950586814244998,0.438559076448977,,,index_bridge,0.0,0.0,0.0,0.0,0.0,0.0,none,0.8,1.0,,EU_SHARED,calendar_days_fixed,A_POLICY_COVER;A_EU_MIX;A_EU_FLOOR;A_FX;A_POLICY_UNKNOWN;A_TARIFF_FILL;A_PRICE_TAX;PV_AD_OFFSET_BOUND;POLICY_FIRM_YEAR_UNKNOWN,main,LOCAL_EXPORT_AHS,2019.0,UPDATED_CHINA_ORDINARY;EU_REPLACEMENT_ORIGIN_UNCHANGED
24.0,DEU,2019,2019-12-01,2019-12-31,12.0,31.0,0.084931506849315,0.3814186100998776,0.4234170801732473,,,index_bridge,0.0,0.0,0.0,0.0,0.0,0.0,none,0.8,1.0,,EU_SHARED,calendar_days_fixed,A_POLICY_COVER;A_EU_MIX;A_EU_FLOOR;A_FX;A_POLICY_UNKNOWN;A_TARIFF_FILL;A_PRICE_TAX;PV_AD_OFFSET_BOUND;POLICY_FIRM_YEAR_UNKNOWN,main,LOCAL_EXPORT_AHS,2019.0,UPDATED_CHINA_ORDINARY;EU_REPLACEMENT_ORIGIN_UNCHANGED
25.0,DEU,2020,2020-01-01,2020-01-31,1.0,31.0,0.0846994535519125,0.3916536227402709,0.4347790825847101,,,index_bridge,0.0,0.0,0.0,0.0,0.0,0.0,none,0.8,1.0,,EU_SHARED,calendar_days_fixed,A_POLICY_COVER;A_EU_MIX;A_EU_FLOOR;A_FX;A_POLICY_UNKNOWN;A_TARIFF_FILL;A_PRICE_TAX;PV_AD_OFFSET_BOUND;POLICY_FIRM_YEAR_UNKNOWN,main,LOCAL_EXPORT_AHS,2020.0,UPDATED_CHINA_ORDINARY;EU_REPLACEMENT_ORIGIN_UNCHANGED
25.0,DEU,2020,2020-02-01,2020-02-29,2.0,29.0,0.0792349726775956,0.4001511722342303,0.444212307655762,,,index_bridge,0.0,0.0,0.0,0.0,0.0,0.0,none,0.8,1.0,,EU_SHARED,calendar_days_fixed,A_POLICY_COVER;A_EU_MIX;A_EU_FLOOR;A_FX;A_POLICY_UNKNOWN;A_TARIFF_FILL;A_PRICE_TAX;PV_AD_OFFSET_BOUND;POLICY_FIRM_YEAR_UNKNOWN,main,LOCAL_EXPORT_AHS,2020.0,UPDATED_CHINA_ORDINARY;EU_REPLACEMENT_ORIGIN_UNCHANGED
25.0,DEU,2020,2020-03-01,2020-03-31,3.0,31.0,0.0846994535519125,0.4059639138384141,0.4506650973536757,,,index_bridge,0.0,0.0,0.0,0.0,0.0,0.0,none,0.8,1.0,,EU_SHARED,calendar_days_fixed,A_POLICY_COVER;A_EU_MIX;A_EU_FLOOR;A_FX;A_POLICY_UNKNOWN;A_TARIFF_FILL;A_PRICE_TAX;PV_AD_OFFSET_BOUND;POLICY_FIRM_YEAR_UNKNOWN,main,LOCAL_EXPORT_AHS,2020.0,UPDATED_CHINA_ORDINARY;EU_REPLACEMENT_ORIGIN_UNCHANGED
25.0,DEU,2020,2020-04-01,2020-04-30,4.0,30.0,0.081967213114754,0.398569648573222,0.4424566404884109,,,index_bridge,0.0,0.0,0.0,0.0,0.0,0.0,none,0.8,1.0,,EU_SHARED,calendar_days_fixed,A_POLICY_COVER;A_EU_MIX;A_EU_FLOOR;A_FX;A_POLICY_UNKNOWN;A_TARIFF_FILL;A_PRICE_TAX;PV_AD_OFFSET_BOUND;POLICY_FIRM_YEAR_UNKNOWN,main,LOCAL_EXPORT_AHS,2020.0,UPDATED_CHINA_ORDINARY;EU_REPLACEMENT_ORIGIN_UNCHANGED
25.0,DEU,2020,2020-05-01,2020-05-31,5.0,31.0,0.0846994535519125,0.3846496011905039,0.4270038396480944,,,index_bridge,0.0,0.0,0.0,0.0,0.0,0.0,none,0.8,1.0,,EU_SHARED,calendar_days_fixed,A_POLICY_COVER;A_EU_MIX;A_EU_FLOOR;A_FX;A_POLICY_UNKNOWN;A_TARIFF_FILL;A_PRICE_TAX;PV_AD_OFFSET_BOUND;POLICY_FIRM_YEAR_UNKNOWN,main,LOCAL_EXPORT_AHS,2020.0,UPDATED_CHINA_ORDINARY;EU_REPLACEMENT_ORIGIN_UNCHANGED
25.0,DEU,2020,2020-06-01,2020-06-30,6.0,30.0,0.081967213114754,0.3812115019799509,0.4231871671247031,,,index_bridge,0.0,0.0,0.0,0.0,0.0,0.0,none,0.8,1.0,,EU_SHARED,calendar_days_fixed,A_POLICY_COVER;A_EU_MIX;A_EU_FLOOR;A_FX;A_POLICY_UNKNOWN;A_TARIFF_FILL;A_PRICE_TAX;PV_AD_OFFSET_BOUND;POLICY_FIRM_YEAR_UNKNOWN,main,LOCAL_EXPORT_AHS,2020.0,UPDATED_CHINA_ORDINARY;EU_REPLACEMENT_ORIGIN_UNCHANGED
25.0,DEU,2020,2020-07-01,2020-07-31,7.0,31.0,0.0846994535519125,0.355926910091064,0.3951184578706863,,,index_bridge,0.0,0.0,0.0,0.0,0.0,0.0,none,0.8,1.0,,EU_SHARED,calendar_days_fixed,A_POLICY_COVER;A_EU_MIX;A_EU_FLOOR;A_FX;A_POLICY_UNKNOWN;A_TARIFF_FILL;A_PRICE_TAX;PV_AD_OFFSET_BOUND;POLICY_FIRM_YEAR_UNKNOWN,main,LOCAL_EXPORT_AHS,2020.0,UPDATED_CHINA_ORDINARY;EU_REPLACEMENT_ORIGIN_UNCHANGED
25.0,DEU,2020,2020-08-01,2020-08-31,8.0,31.0,0.0846994535519125,0.3505575765752396,0.3891579004685412,,,index_bridge,0.0,0.0,0.0,0.0,0.0,0.0,none,0.8,1.0,,EU_SHARED,calendar_days_fixed,A_POLICY_COVER;A_EU_MIX;A_EU_FLOOR;A_FX;A_POLICY_UNKNOWN;A_TARIFF_FILL;A_PRICE_TAX;PV_AD_OFFSET_BOUND;POLICY_FIRM_YEAR_UNKNOWN,main,LOCAL_EXPORT_AHS,2020.0,UPDATED_CHINA_ORDINARY;EU_REPLACEMENT_ORIGIN_UNCHANGED
25.0,DEU,2020,2020-09-01,2020-09-30,9.0,30.0,0.081967213114754,0.3494998073724115,0.3879836590039169,,,index_bridge,0.0,0.0,0.0,0.0,0.0,0.0,none,0.8,1.0,,EU_SHARED,calendar_days_fixed,A_POLICY_COVER;A_EU_MIX;A_EU_FLOOR;A_FX;A_POLICY_UNKNOWN;A_TARIFF_FILL;A_PRICE_TAX;PV_AD_OFFSET_BOUND;POLICY_FIRM_YEAR_UNKNOWN,main,LOCAL_EXPORT_AHS,2020.0,UPDATED_CHINA_ORDINARY;EU_REPLACEMENT_ORIGIN_UNCHANGED
25.0,DEU,2020,2020-10-01,2020-10-31,10.0,31.0,0.0846994535519125,0.3489891499511527,0.3874167724688798,,,index_bridge,0.0,0.0,0.0,0.0,0.0,0.0,none,0.8,1.0,,EU_SHARED,calendar_days_fixed,A_POLICY_COVER;A_EU_MIX;A_EU_FLOOR;A_FX;A_POLICY_UNKNOWN;A_TARIFF_FILL;A_PRICE_TAX;PV_AD_OFFSET_BOUND;POLICY_FIRM_YEAR_UNKNOWN,main,LOCAL_EXPORT_AHS,2020.0,UPDATED_CHINA_ORDINARY;EU_REPLACEMENT_ORIGIN_UNCHANGED
25.0,DEU,2020,2020-11-01,2020-11-30,11.0,30.0,0.081967213114754,0.3675550748048358,0.4080270140357605,,,index_bridge,0.0,0.0,0.0,0.0,0.0,0.0,none,0.8,1.0,,EU_SHARED,calendar_days_fixed,A_POLICY_COVER;A_EU_MIX;A_EU_FLOOR;A_FX;A_POLICY_UNKNOWN;A_TARIFF_FILL;A_PRICE_TAX;PV_AD_OFFSET_BOUND;POLICY_FIRM_YEAR_UNKNOWN,main,LOCAL_EXPORT_AHS,2020.0,UPDATED_CHINA_ORDINARY;EU_REPLACEMENT_ORIGIN_UNCHANGED
25.0,DEU,2020,2020-12-01,2020-12-31,12.0,31.0,0.0846994535519125,0.3778580677742381,0.4194644821734781,,,index_bridge,0.0,0.0,0.0,0.0,0.0,0.0,none,0.8,1.0,,EU_SHARED,calendar_days_fixed,A_POLICY_COVER;A_EU_MIX;A_EU_FLOOR;A_FX;A_POLICY_UNKNOWN;A_TARIFF_FILL;A_PRICE_TAX;PV_AD_OFFSET_BOUND;POLICY_FIRM_YEAR_UNKNOWN,main,LOCAL_EXPORT_AHS,2020.0,UPDATED_CHINA_ORDINARY;EU_REPLACEMENT_ORIGIN_UNCHANGED
26.0,DEU,2021,2021-01-01,2021-01-31,1.0,31.0,0.084931506849315,0.3778178498205821,0.4194198357717119,,,index_bridge,0.0,0.0,0.0,0.0,0.0,0.0,none,0.8,1.0,,EU_SHARED,calendar_days_fixed,A_POLICY_COVER;A_EU_MIX;A_EU_FLOOR;A_FX;A_POLICY_UNKNOWN;A_TARIFF_FILL;A_PRICE_TAX;PV_AD_OFFSET_BOUND;POLICY_FIRM_YEAR_UNKNOWN,main,LOCAL_EXPORT_AHS,2021.0,UPDATED_CHINA_ORDINARY;EU_REPLACEMENT_ORIGIN_UNCHANGED
26.0,DEU,2021,2021-02-01,2021-02-28,2.0,28.0,0.0767123287671232,0.3918816772586748,0.4350322484653094,,,index_bridge,0.0,0.0,0.0,0.0,0.0,0.0,none,0.8,1.0,,EU_SHARED,calendar_days_fixed,A_POLICY_COVER;A_EU_MIX;A_EU_FLOOR;A_FX;A_POLICY_UNKNOWN;A_TARIFF_FILL;A_PRICE_TAX;PV_AD_OFFSET_BOUND;POLICY_FIRM_YEAR_UNKNOWN,main,LOCAL_EXPORT_AHS,2021.0,UPDATED_CHINA_ORDINARY;EU_REPLACEMENT_ORIGIN_UNCHANGED
26.0,DEU,2021,2021-03-01,2021-03-31,3.0,31.0,0.084931506849315,0.3693816453757618,0.4100547105282556,,,index_bridge,0.0,0.0,0.0,0.0,0.0,0.0,none,0.8,1.0,,EU_SHARED,calendar_days_fixed,A_POLICY_COVER;A_EU_MIX;A_EU_FLOOR;A_FX;A_POLICY_UNKNOWN;A_TARIFF_FILL;A_PRICE_TAX;PV_AD_OFFSET_BOUND;POLICY_FIRM_YEAR_UNKNOWN,main,LOCAL_EXPORT_AHS,2021.0,UPDATED_CHINA_ORDINARY;EU_REPLACEMENT_ORIGIN_UNCHANGED
26.0,DEU,2021,2021-04-01,2021-04-30,4.0,30.0,0.0821917808219178,0.3880052095859815,0.4307289381917809,,,index_bridge,0.0,0.0,0.0,0.0,0.0,0.0,none,0.8,1.0,,EU_SHARED,calendar_days_fixed,A_POLICY_COVER;A_EU_MIX;A_EU_FLOOR;A_FX;A_POLICY_UNKNOWN;A_TARIFF_FILL;A_PRICE_TAX;PV_AD_OFFSET_BOUND;POLICY_FIRM_YEAR_UNKNOWN,main,LOCAL_EXPORT_AHS,2021.0,UPDATED_CHINA_ORDINARY;EU_REPLACEMENT_ORIGIN_UNCHANGED
26.0,DEU,2021,2021-05-01,2021-05-31,5.0,31.0,0.084931506849315,0.4098148227588359,0.4549400345694323,,,index_bridge,0.0,0.0,0.0,0.0,0.0,0.0,none,0.8,1.0,,EU_SHARED,calendar_days_fixed,A_POLICY_COVER;A_EU_MIX;A_EU_FLOOR;A_FX;A_POLICY_UNKNOWN;A_TARIFF_FILL;A_PRICE_TAX;PV_AD_OFFSET_BOUND;POLICY_FIRM_YEAR_UNKNOWN,main,LOCAL_EXPORT_AHS,2021.0,UPDATED_CHINA_ORDINARY;EU_REPLACEMENT_ORIGIN_UNCHANGED
26.0,DEU,2021,2021-06-01,2021-06-30,6.0,30.0,0.0821917808219178,0.406451067993495,0.4512058926491245,,,index_bridge,0.0,0.0,0.0,0.0,0.0,0.0,none,0.8,1.0,,EU_SHARED,calendar_days_fixed,A_POLICY_COVER;A_EU_MIX;A_EU_FLOOR;A_FX;A_POLICY_UNKNOWN;A_TARIFF_FILL;A_PRICE_TAX;PV_AD_OFFSET_BOUND;POLICY_FIRM_YEAR_UNKNOWN,main,LOCAL_EXPORT_AHS,2021.0,UPDATED_CHINA_ORDINARY;EU_REPLACEMENT_ORIGIN_UNCHANGED
26.0,DEU,2021,2021-07-01,2021-07-31,7.0,31.0,0.084931506849315,0.3829348709572001,0.425100298369707,,,index_bridge,0.0,0.0,0.0,0.0,0.0,0.0,none,0.8,1.0,,EU_SHARED,calendar_days_fixed,A_POLICY_COVER;A_EU_MIX;A_EU_FLOOR;A_FX;A_POLICY_UNKNOWN;A_TARIFF_FILL;A_PRICE_TAX;PV_AD_OFFSET_BOUND;POLICY_FIRM_YEAR_UNKNOWN,main,LOCAL_EXPORT_AHS,2021.0,UPDATED_CHINA_ORDINARY;EU_REPLACEMENT_ORIGIN_UNCHANGED
26.0,DEU,2021,2021-08-01,2021-08-31,8.0,31.0,0.084931506849315,0.3971972762622079,0.4409331545822355,,,index_bridge,0.0,0.0,0.0,0.0,0.0,0.0,none,0.8,1.0,,EU_SHARED,calendar_days_fixed,A_POLICY_COVER;A_EU_MIX;A_EU_FLOOR;A_FX;A_POLICY_UNKNOWN;A_TARIFF_FILL;A_PRICE_TAX;PV_AD_OFFSET_BOUND;POLICY_FIRM_YEAR_UNKNOWN,main,LOCAL_EXPORT_AHS,2021.0,UPDATED_CHINA_ORDINARY;EU_REPLACEMENT_ORIGIN_UNCHANGED
26.0,DEU,2021,2021-09-01,2021-09-30,9.0,30.0,0.0821917808219178,0.3971397745173561,0.440869321249867,,,index_bridge,0.0,0.0,0.0,0.0,0.0,0.0,none,0.8,1.0,,EU_SHARED,calendar_days_fixed,A_POLICY_COVER;A_EU_MIX;A_EU_FLOOR;A_FX;A_POLICY_UNKNOWN;A_TARIFF_FILL;A_PRICE_TAX;PV_AD_OFFSET_BOUND;POLICY_FIRM_YEAR_UNKNOWN,main,LOCAL_EXPORT_AHS,2021.0,UPDATED_CHINA_ORDINARY;EU_REPLACEMENT_ORIGIN_UNCHANGED
26.0,DEU,2021,2021-10-01,2021-10-31,10.0,31.0,0.084931506849315,0.4069765051028449,0.4517891862818011,,,index_bridge,0.0,0.0,0.0,0.0,0.0,0.0,none,0.8,1.0,,EU_SHARED,calendar_days_fixed,A_POLICY_COVER;A_EU_MIX;A_EU_FLOOR;A_FX;A_POLICY_UNKNOWN;A_TARIFF_FILL;A_PRICE_TAX;PV_AD_OFFSET_BOUND;POLICY_FIRM_YEAR_UNKNOWN,main,LOCAL_EXPORT_AHS,2021.0,UPDATED_CHINA_ORDINARY;EU_REPLACEMENT_ORIGIN_UNCHANGED
26.0,DEU,2021,2021-11-01,2021-11-30,11.0,30.0,0.0821917808219178,0.4313515422681925,0.4788481886282343,,,index_bridge,0.0,0.0,0.0,0.0,0.0,0.0,none,0.8,1.0,,EU_SHARED,calendar_days_fixed,A_POLICY_COVER;A_EU_MIX;A_EU_FLOOR;A_FX;A_POLICY_UNKNOWN;A_TARIFF_FILL;A_PRICE_TAX;PV_AD_OFFSET_BOUND;POLICY_FIRM_YEAR_UNKNOWN,main,LOCAL_EXPORT_AHS,2021.0,UPDATED_CHINA_ORDINARY;EU_REPLACEMENT_ORIGIN_UNCHANGED
26.0,DEU,2021,2021-12-01,2021-12-31,12.0,31.0,0.084931506849315,0.4271845666939666,0.4742223822725088,,,index_bridge,0.0,0.0,0.0,0.0,0.0,0.0,none,0.8,1.0,,EU_SHARED,calendar_days_fixed,A_POLICY_COVER;A_EU_MIX;A_EU_FLOOR;A_FX;A_POLICY_UNKNOWN;A_TARIFF_FILL;A_PRICE_TAX;PV_AD_OFFSET_BOUND;POLICY_FIRM_YEAR_UNKNOWN,main,LOCAL_EXPORT_AHS,2021.0,UPDATED_CHINA_ORDINARY;EU_REPLACEMENT_ORIGIN_UNCHANGED
27.0,DEU,2022,2022-01-01,2022-01-31,1.0,31.0,0.084931506849315,0.3991349470699152,0.4430841846945877,,,index_bridge,0.0,0.0,0.0,0.0,0.0,0.0,none,0.8,1.0,,EU_SHARED,calendar_days_fixed,A_POLICY_COVER;A_EU_MIX;A_EU_FLOOR;A_FX;A_POLICY_UNKNOWN;A_TARIFF_FILL;A_PRICE_TAX;PV_AD_OFFSET_BOUND;POLICY_FIRM_YEAR_UNKNOWN,main,WITS_SAME_YEAR_MFN_FALLBACK,2022.0,UPDATED_CHINA_ORDINARY;EU_REPLACEMENT_ORIGIN_UNCHANGED
27.0,DEU,2022,2022-02-01,2022-02-28,2.0,28.0,0.0767123287671232,0.4143917327643764,0.4600209137385274,,,index_bridge,0.0,0.0,0.0,0.0,0.0,0.0,none,0.8,1.0,,EU_SHARED,calendar_days_fixed,A_POLICY_COVER;A_EU_MIX;A_EU_FLOOR;A_FX;A_POLICY_UNKNOWN;A_TARIFF_FILL;A_PRICE_TAX;PV_AD_OFFSET_BOUND;POLICY_FIRM_YEAR_UNKNOWN,main,WITS_SAME_YEAR_MFN_FALLBACK,2022.0,UPDATED_CHINA_ORDINARY;EU_REPLACEMENT_ORIGIN_UNCHANGED
27.0,DEU,2022,2022-03-01,2022-03-31,3.0,31.0,0.084931506849315,0.4161543193617464,0.4619775809038119,,,index_bridge,0.0,0.0,0.0,0.0,0.0,0.0,none,0.8,1.0,,EU_SHARED,calendar_days_fixed,A_POLICY_COVER;A_EU_MIX;A_EU_FLOOR;A_FX;A_POLICY_UNKNOWN;A_TARIFF_FILL;A_PRICE_TAX;PV_AD_OFFSET_BOUND;POLICY_FIRM_YEAR_UNKNOWN,main,WITS_SAME_YEAR_MFN_FALLBACK,2022.0,UPDATED_CHINA_ORDINARY;EU_REPLACEMENT_ORIGIN_UNCHANGED
27.0,DEU,2022,2022-04-01,2022-04-30,4.0,30.0,0.0821917808219178,0.422537756083487,0.4690639056572956,,,index_bridge,0.0,0.0,0.0,0.0,0.0,0.0,none,0.8,1.0,,EU_SHARED,calendar_days_fixed,A_POLICY_COVER;A_EU_MIX;A_EU_FLOOR;A_FX;A_POLICY_UNKNOWN;A_TARIFF_FILL;A_PRICE_TAX;PV_AD_OFFSET_BOUND;POLICY_FIRM_YEAR_UNKNOWN,main,WITS_SAME_YEAR_MFN_FALLBACK,2022.0,UPDATED_CHINA_ORDINARY;EU_REPLACEMENT_ORIGIN_UNCHANGED
27.0,DEU,2022,2022-05-01,2022-05-31,5.0,31.0,0.084931506849315,0.4264826219335463,0.4734431455152299,,,index_bridge,0.0,0.0,0.0,0.0,0.0,0.0,none,0.8,1.0,,EU_SHARED,calendar_days_fixed,A_POLICY_COVER;A_EU_MIX;A_EU_FLOOR;A_FX;A_POLICY_UNKNOWN;A_TARIFF_FILL;A_PRICE_TAX;PV_AD_OFFSET_BOUND;POLICY_FIRM_YEAR_UNKNOWN,main,WITS_SAME_YEAR_MFN_FALLBACK,2022.0,UPDATED_CHINA_ORDINARY;EU_REPLACEMENT_ORIGIN_UNCHANGED
27.0,DEU,2022,2022-06-01,2022-06-30,6.0,30.0,0.0821917808219178,0.4392829464090298,0.4876529293882825,,,index_bridge,0.0,0.0,0.0,0.0,0.0,0.0,none,0.8,1.0,,EU_SHARED,calendar_days_fixed,A_POLICY_COVER;A_EU_MIX;A_EU_FLOOR;A_FX;A_POLICY_UNKNOWN;A_TARIFF_FILL;A_PRICE_TAX;PV_AD_OFFSET_BOUND;POLICY_FIRM_YEAR_UNKNOWN,main,WITS_SAME_YEAR_MFN_FALLBACK,2022.0,UPDATED_CHINA_ORDINARY;EU_REPLACEMENT_ORIGIN_UNCHANGED
27.0,DEU,2022,2022-07-01,2022-07-31,7.0,31.0,0.084931506849315,0.436020831471694,0.4840316189818643,,,index_bridge,0.0,0.0,0.0,0.0,0.0,0.0,none,0.8,1.0,,EU_SHARED,calendar_days_fixed,A_POLICY_COVER;A_EU_MIX;A_EU_FLOOR;A_FX;A_POLICY_UNKNOWN;A_TARIFF_FILL;A_PRICE_TAX;PV_AD_OFFSET_BOUND;POLICY_FIRM_YEAR_UNKNOWN,main,WITS_SAME_YEAR_MFN_FALLBACK,2022.0,UPDATED_CHINA_ORDINARY;EU_REPLACEMENT_ORIGIN_UNCHANGED
27.0,DEU,2022,2022-08-01,2022-08-31,8.0,31.0,0.084931506849315,0.433858912989129,0.481631649008662,,,index_bridge,0.0,0.0,0.0,0.0,0.0,0.0,none,0.8,1.0,,EU_SHARED,calendar_days_fixed,A_POLICY_COVER;A_EU_MIX;A_EU_FLOOR;A_FX;A_POLICY_UNKNOWN;A_TARIFF_FILL;A_PRICE_TAX;PV_AD_OFFSET_BOUND;POLICY_FIRM_YEAR_UNKNOWN,main,WITS_SAME_YEAR_MFN_FALLBACK,2022.0,UPDATED_CHINA_ORDINARY;EU_REPLACEMENT_ORIGIN_UNCHANGED
27.0,DEU,2022,2022-09-01,2022-09-30,9.0,30.0,0.0821917808219178,0.4242352326810014,0.4709482934809358,,,index_bridge,0.0,0.0,0.0,0.0,0.0,0.0,none,0.8,1.0,,EU_SHARED,calendar_days_fixed,A_POLICY_COVER;A_EU_MIX;A_EU_FLOOR;A_FX;A_POLICY_UNKNOWN;A_TARIFF_FILL;A_PRICE_TAX;PV_AD_OFFSET_BOUND;POLICY_FIRM_YEAR_UNKNOWN,main,WITS_SAME_YEAR_MFN_FALLBACK,2022.0,UPDATED_CHINA_ORDINARY;EU_REPLACEMENT_ORIGIN_UNCHANGED
27.0,DEU,2022,2022-10-01,2022-10-31,10.0,31.0,0.084931506849315,0.4332688726984054,0.4809766386592263,,,index_bridge,0.0,0.0,0.0,0.0,0.0,0.0,none,0.8,1.0,,EU_SHARED,calendar_days_fixed,A_POLICY_COVER;A_EU_MIX;A_EU_FLOOR;A_FX;A_POLICY_UNKNOWN;A_TARIFF_FILL;A_PRICE_TAX;PV_AD_OFFSET_BOUND;POLICY_FIRM_YEAR_UNKNOWN,main,WITS_SAME_YEAR_MFN_FALLBACK,2022.0,UPDATED_CHINA_ORDINARY;EU_REPLACEMENT_ORIGIN_UNCHANGED
27.0,DEU,2022,2022-11-01,2022-11-30,11.0,30.0,0.0821917808219178,0.4369788628059536,0.4850951403191175,,,index_bridge,0.0,0.0,0.0,0.0,0.0,0.0,none,0.8,1.0,,EU_SHARED,calendar_days_fixed,A_POLICY_COVER;A_EU_MIX;A_EU_FLOOR;A_FX;A_POLICY_UNKNOWN;A_TARIFF_FILL;A_PRICE_TAX;PV_AD_OFFSET_BOUND;POLICY_FIRM_YEAR_UNKNOWN,main,WITS_SAME_YEAR_MFN_FALLBACK,2022.0,UPDATED_CHINA_ORDINARY;EU_REPLACEMENT_ORIGIN_UNCHANGED
27.0,DEU,2022,2022-12-01,2022-12-31,12.0,31.0,0.084931506849315,0.4135577084730845,0.4590950540115469,,,index_bridge,0.0,0.0,0.0,0.0,0.0,0.0,none,0.8,1.0,,EU_SHARED,calendar_days_fixed,A_POLICY_COVER;A_EU_MIX;A_EU_FLOOR;A_FX;A_POLICY_UNKNOWN;A_TARIFF_FILL;A_PRICE_TAX;PV_AD_OFFSET_BOUND;POLICY_FIRM_YEAR_UNKNOWN,main,WITS_SAME_YEAR_MFN_FALLBACK,2022.0,UPDATED_CHINA_ORDINARY;EU_REPLACEMENT_ORIGIN_UNCHANGED
28.0,DEU,2023,2023-01-01,2023-01-31,1.0,31.0,0.084931506849315,0.392886830455484,0.436148080311082,,,index_bridge,0.0,0.0,0.0,0.0,0.0,0.0,none,0.8,1.0,,EU_SHARED,calendar_days_fixed,A_POLICY_COVER;A_EU_MIX;A_EU_FLOOR;A_FX;A_POLICY_UNKNOWN;A_TARIFF_FILL;A_PRICE_TAX;PV_AD_OFFSET_BOUND;POLICY_FIRM_YEAR_UNKNOWN,main,WITS_SAME_YEAR_MFN_FALLBACK,2023.0,UPDATED_CHINA_ORDINARY;EU_REPLACEMENT_ORIGIN_UNCHANGED
28.0,DEU,2023,2023-02-01,2023-02-28,2.0,28.0,0.0767123287671232,0.3778897100733375,0.4194996086448663,,,index_bridge,0.0,0.0,0.0,0.0,0.0,0.0,none,0.8,1.0,,EU_SHARED,calendar_days_fixed,A_POLICY_COVER;A_EU_MIX;A_EU_FLOOR;A_FX;A_POLICY_UNKNOWN;A_TARIFF_FILL;A_PRICE_TAX;PV_AD_OFFSET_BOUND;POLICY_FIRM_YEAR_UNKNOWN,main,WITS_SAME_YEAR_MFN_FALLBACK,2023.0,UPDATED_CHINA_ORDINARY;EU_REPLACEMENT_ORIGIN_UNCHANGED
28.0,DEU,2023,2023-03-01,2023-03-31,3.0,31.0,0.084931506849315,0.3905821911129385,0.4335896743092943,,,index_bridge,0.0,0.0,0.0,0.0,0.0,0.0,none,0.8,1.0,,EU_SHARED,calendar_days_fixed,A_POLICY_COVER;A_EU_MIX;A_EU_FLOOR;A_FX;A_POLICY_UNKNOWN;A_TARIFF_FILL;A_PRICE_TAX;PV_AD_OFFSET_BOUND;POLICY_FIRM_YEAR_UNKNOWN,main,WITS_SAME_YEAR_MFN_FALLBACK,2023.0,UPDATED_CHINA_ORDINARY;EU_REPLACEMENT_ORIGIN_UNCHANGED
28.0,DEU,2023,2023-04-01,2023-04-30,4.0,30.0,0.0821917808219178,0.386613008949376,0.4291834406388101,,,index_bridge,0.0,0.0,0.0,0.0,0.0,0.0,none,0.8,1.0,,EU_SHARED,calendar_days_fixed,A_POLICY_COVER;A_EU_MIX;A_EU_FLOOR;A_FX;A_POLICY_UNKNOWN;A_TARIFF_FILL;A_PRICE_TAX;PV_AD_OFFSET_BOUND;POLICY_FIRM_YEAR_UNKNOWN,main,WITS_SAME_YEAR_MFN_FALLBACK,2023.0,UPDATED_CHINA_ORDINARY;EU_REPLACEMENT_ORIGIN_UNCHANGED
28.0,DEU,2023,2023-05-01,2023-05-31,5.0,31.0,0.084931506849315,0.3702162619165361,0.4109812277180341,,,index_bridge,0.0,0.0,0.0,0.0,0.0,0.0,none,0.8,1.0,,EU_SHARED,calendar_days_fixed,A_POLICY_COVER;A_EU_MIX;A_EU_FLOOR;A_FX;A_POLICY_UNKNOWN;A_TARIFF_FILL;A_PRICE_TAX;PV_AD_OFFSET_BOUND;POLICY_FIRM_YEAR_UNKNOWN,main,WITS_SAME_YEAR_MFN_FALLBACK,2023.0,UPDATED_CHINA_ORDINARY;EU_REPLACEMENT_ORIGIN_UNCHANGED
28.0,DEU,2023,2023-06-01,2023-06-30,6.0,30.0,0.0821917808219178,0.3427424217275228,0.380482209353586,,,index_bridge,0.0,0.0,0.0,0.0,0.0,0.0,none,0.8,1.0,,EU_SHARED,calendar_days_fixed,A_POLICY_COVER;A_EU_MIX;A_EU_FLOOR;A_FX;A_POLICY_UNKNOWN;A_TARIFF_FILL;A_PRICE_TAX;PV_AD_OFFSET_BOUND;POLICY_FIRM_YEAR_UNKNOWN,main,WITS_SAME_YEAR_MFN_FALLBACK,2023.0,UPDATED_CHINA_ORDINARY;EU_REPLACEMENT_ORIGIN_UNCHANGED
28.0,DEU,2023,2023-07-01,2023-07-31,7.0,31.0,0.084931506849315,0.3227484502058135,0.358286677151913,,,index_bridge,0.0,0.0,0.0,0.0,0.0,0.0,none,0.8,1.0,,EU_SHARED,calendar_days_fixed,A_POLICY_COVER;A_EU_MIX;A_EU_FLOOR;A_FX;A_POLICY_UNKNOWN;A_TARIFF_FILL;A_PRICE_TAX;PV_AD_OFFSET_BOUND;POLICY_FIRM_YEAR_UNKNOWN,main,WITS_SAME_YEAR_MFN_FALLBACK,2023.0,UPDATED_CHINA_ORDINARY;EU_REPLACEMENT_ORIGIN_UNCHANGED
28.0,DEU,2023,2023-08-01,2023-08-31,8.0,31.0,0.084931506849315,0.2918591323221597,0.3239960986627956,,,index_bridge,0.0,0.0,0.0,0.0,0.0,0.0,none,0.8,1.0,,EU_SHARED,calendar_days_fixed,A_POLICY_COVER;A_EU_MIX;A_EU_FLOOR;A_FX;A_POLICY_UNKNOWN;A_TARIFF_FILL;A_PRICE_TAX;PV_AD_OFFSET_BOUND;POLICY_FIRM_YEAR_UNKNOWN,main,WITS_SAME_YEAR_MFN_FALLBACK,2023.0,UPDATED_CHINA_ORDINARY;EU_REPLACEMENT_ORIGIN_UNCHANGED
28.0,DEU,2023,2023-09-01,2023-09-30,9.0,30.0,0.0821917808219178,0.2598525550554744,0.2884652379922829,,,index_bridge,0.0,0.0,0.0,0.0,0.0,0.0,none,0.8,1.0,,EU_SHARED,calendar_days_fixed,A_POLICY_COVER;A_EU_MIX;A_EU_FLOOR;A_FX;A_POLICY_UNKNOWN;A_TARIFF_FILL;A_PRICE_TAX;PV_AD_OFFSET_BOUND;POLICY_FIRM_YEAR_UNKNOWN,main,WITS_SAME_YEAR_MFN_FALLBACK,2023.0,UPDATED_CHINA_ORDINARY;EU_REPLACEMENT_ORIGIN_UNCHANGED
28.0,DEU,2023,2023-10-01,2023-10-31,10.0,31.0,0.084931506849315,0.2440580958601042,0.2709316315600537,,,index_bridge,0.0,0.0,0.0,0.0,0.0,0.0,none,0.8,1.0,,EU_SHARED,calendar_days_fixed,A_POLICY_COVER;A_EU_MIX;A_EU_FLOOR;A_FX;A_POLICY_UNKNOWN;A_TARIFF_FILL;A_PRICE_TAX;PV_AD_OFFSET_BOUND;POLICY_FIRM_YEAR_UNKNOWN,main,WITS_SAME_YEAR_MFN_FALLBACK,2023.0,UPDATED_CHINA_ORDINARY;EU_REPLACEMENT_ORIGIN_UNCHANGED
28.0,DEU,2023,2023-11-01,2023-11-30,11.0,30.0,0.0821917808219178,0.2234469027395794,0.248050914733745,,,index_bridge,0.0,0.0,0.0,0.0,0.0,0.0,none,0.8,1.0,,EU_SHARED,calendar_days_fixed,A_POLICY_COVER;A_EU_MIX;A_EU_FLOOR;A_FX;A_POLICY_UNKNOWN;A_TARIFF_FILL;A_PRICE_TAX;PV_AD_OFFSET_BOUND;POLICY_FIRM_YEAR_UNKNOWN,main,WITS_SAME_YEAR_MFN_FALLBACK,2023.0,UPDATED_CHINA_ORDINARY;EU_REPLACEMENT_ORIGIN_UNCHANGED
28.0,DEU,2023,2023-12-01,2023-12-31,12.0,31.0,0.084931506849315,0.1990971981274849,0.2210200343390146,,,index_bridge,0.0,0.0,0.0,0.0,0.0,0.0,none,0.8,1.0,,EU_SHARED,calendar_days_fixed,A_POLICY_COVER;A_EU_MIX;A_EU_FLOOR;A_FX;A_POLICY_UNKNOWN;A_TARIFF_FILL;A_PRICE_TAX;PV_AD_OFFSET_BOUND;POLICY_FIRM_YEAR_UNKNOWN,main,WITS_SAME_YEAR_MFN_FALLBACK,2023.0,UPDATED_CHINA_ORDINARY;EU_REPLACEMENT_ORIGIN_UNCHANGED
29.0,DEU,2024,2024-01-01,2024-01-31,1.0,31.0,0.0846994535519125,0.1814377625419244,0.2014160966832521,,,index_bridge,0.0,0.0,0.0,0.0,0.0,0.0,none,0.8,1.0,,EU_SHARED,calendar_days_fixed,A_POLICY_COVER;A_EU_MIX;A_EU_FLOOR;A_FX;A_POLICY_UNKNOWN;A_TARIFF_FILL;A_PRICE_TAX;PV_AD_OFFSET_BOUND;POLICY_FIRM_YEAR_UNKNOWN,main,CARRY_2021_USER_RULE,2021.0,UPDATED_CHINA_ORDINARY;EU_REPLACEMENT_ORIGIN_UNCHANGED
29.0,DEU,2024,2024-02-01,2024-02-29,2.0,29.0,0.0792349726775956,0.1794709755531008,0.1992327443714383,,,index_bridge,0.0,0.0,0.0,0.0,0.0,0.0,none,0.8,1.0,,EU_SHARED,calendar_days_fixed,A_POLICY_COVER;A_EU_MIX;A_EU_FLOOR;A_FX;A_POLICY_UNKNOWN;A_TARIFF_FILL;A_PRICE_TAX;PV_AD_OFFSET_BOUND;POLICY_FIRM_YEAR_UNKNOWN,main,CARRY_2021_USER_RULE,2021.0,UPDATED_CHINA_ORDINARY;EU_REPLACEMENT_ORIGIN_UNCHANGED
29.0,DEU,2024,2024-03-01,2024-03-31,3.0,31.0,0.0846994535519125,0.1678272597388444,0.1863069247551681,,,index_bridge,0.0,0.0,0.0,0.0,0.0,0.0,none,0.8,1.0,,EU_SHARED,calendar_days_fixed,A_POLICY_COVER;A_EU_MIX;A_EU_FLOOR;A_FX;A_POLICY_UNKNOWN;A_TARIFF_FILL;A_PRICE_TAX;PV_AD_OFFSET_BOUND;POLICY_FIRM_YEAR_UNKNOWN,main,CARRY_2021_USER_RULE,2021.0,UPDATED_CHINA_ORDINARY;EU_REPLACEMENT_ORIGIN_UNCHANGED
29.0,DEU,2024,2024-04-01,2024-04-30,4.0,30.0,0.081967213114754,0.1656419659366882,0.1838810055773193,,,index_bridge,0.0,0.0,0.0,0.0,0.0,0.0,none,0.8,1.0,,EU_SHARED,calendar_days_fixed,A_POLICY_COVER;A_EU_MIX;A_EU_FLOOR;A_FX;A_POLICY_UNKNOWN;A_TARIFF_FILL;A_PRICE_TAX;PV_AD_OFFSET_BOUND;POLICY_FIRM_YEAR_UNKNOWN,main,CARRY_2021_USER_RULE,2021.0,UPDATED_CHINA_ORDINARY;EU_REPLACEMENT_ORIGIN_UNCHANGED
29.0,DEU,2024,2024-05-01,2024-05-31,5.0,31.0,0.0846994535519125,0.1669462248744974,0.1853288780633851,,,index_bridge,0.0,0.0,0.0,0.0,0.0,0.0,none,0.8,1.0,,EU_SHARED,calendar_days_fixed,A_POLICY_COVER;A_EU_MIX;A_EU_FLOOR;A_FX;A_POLICY_UNKNOWN;A_TARIFF_FILL;A_PRICE_TAX;PV_AD_OFFSET_BOUND;POLICY_FIRM_YEAR_UNKNOWN,main,CARRY_2021_USER_RULE,2021.0,UPDATED_CHINA_ORDINARY;EU_REPLACEMENT_ORIGIN_UNCHANGED
29.0,DEU,2024,2024-06-01,2024-06-30,6.0,30.0,0.081967213114754,0.1533676245175017,0.1702551213987771,,,index_bridge,0.0,0.0,0.0,0.0,0.0,0.0,none,0.8,1.0,,EU_SHARED,calendar_days_fixed,A_POLICY_COVER;A_EU_MIX;A_EU_FLOOR;A_FX;A_POLICY_UNKNOWN;A_TARIFF_FILL;A_PRICE_TAX;PV_AD_OFFSET_BOUND;POLICY_FIRM_YEAR_UNKNOWN,main,CARRY_2021_USER_RULE,2021.0,UPDATED_CHINA_ORDINARY;EU_REPLACEMENT_ORIGIN_UNCHANGED
29.0,DEU,2024,2024-07-01,2024-07-31,7.0,31.0,0.0846994535519125,0.1545583007703133,0.1715769044713574,,,index_bridge,0.0,0.0,0.0,0.0,0.0,0.0,none,0.8,1.0,,EU_SHARED,calendar_days_fixed,A_POLICY_COVER;A_EU_MIX;A_EU_FLOOR;A_FX;A_POLICY_UNKNOWN;A_TARIFF_FILL;A_PRICE_TAX;PV_AD_OFFSET_BOUND;POLICY_FIRM_YEAR_UNKNOWN,main,CARRY_2021_USER_RULE,2021.0,UPDATED_CHINA_ORDINARY;EU_REPLACEMENT_ORIGIN_UNCHANGED
29.0,DEU,2024,2024-08-01,2024-08-31,8.0,31.0,0.0846994535519125,0.1504142965479625,0.1669765988711825,,,index_bridge,0.0,0.0,0.0,0.0,0.0,0.0,none,0.8,1.0,,EU_SHARED,calendar_days_fixed,A_POLICY_COVER;A_EU_MIX;A_EU_FLOOR;A_FX;A_POLICY_UNKNOWN;A_TARIFF_FILL;A_PRICE_TAX;PV_AD_OFFSET_BOUND;POLICY_FIRM_YEAR_UNKNOWN,main,CARRY_2021_USER_RULE,2021.0,UPDATED_CHINA_ORDINARY;EU_REPLACEMENT_ORIGIN_UNCHANGED
29.0,DEU,2024,2024-09-01,2024-09-30,9.0,30.0,0.081967213114754,0.1451003063412582,0.1610774786976735,,,index_bridge,0.0,0.0,0.0,0.0,0.0,0.0,none,0.8,1.0,,EU_SHARED,calendar_days_fixed,A_POLICY_COVER;A_EU_MIX;A_EU_FLOOR;A_FX;A_POLICY_UNKNOWN;A_TARIFF_FILL;A_PRICE_TAX;PV_AD_OFFSET_BOUND;POLICY_FIRM_YEAR_UNKNOWN,main,CARRY_2021_USER_RULE,2021.0,UPDATED_CHINA_ORDINARY;EU_REPLACEMENT_ORIGIN_UNCHANGED
29.0,DEU,2024,2024-10-01,2024-10-31,10.0,31.0,0.0846994535519125,0.1424657415318115,0.1581528187319445,,,index_bridge,0.0,0.0,0.0,0.0,0.0,0.0,none,0.8,1.0,,EU_SHARED,calendar_days_fixed,A_POLICY_COVER;A_EU_MIX;A_EU_FLOOR;A_FX;A_POLICY_UNKNOWN;A_TARIFF_FILL;A_PRICE_TAX;PV_AD_OFFSET_BOUND;POLICY_FIRM_YEAR_UNKNOWN,main,CARRY_2021_USER_RULE,2021.0,UPDATED_CHINA_ORDINARY;EU_REPLACEMENT_ORIGIN_UNCHANGED
29.0,DEU,2024,2024-11-01,2024-11-30,11.0,30.0,0.081967213114754,0.1262574341838533,0.1401597948204317,,,index_bridge,0.0,0.0,0.0,0.0,0.0,0.0,none,0.8,1.0,,EU_SHARED,calendar_days_fixed,A_POLICY_COVER;A_EU_MIX;A_EU_FLOOR;A_FX;A_POLICY_UNKNOWN;A_TARIFF_FILL;A_PRICE_TAX;PV_AD_OFFSET_BOUND;POLICY_FIRM_YEAR_UNKNOWN,main,CARRY_2021_USER_RULE,2021.0,UPDATED_CHINA_ORDINARY;EU_REPLACEMENT_ORIGIN_UNCHANGED
29.0,DEU,2024,2024-12-01,2024-12-31,12.0,31.0,0.0846994535519125,0.1182363622709908,0.1312555128602134,,,index_bridge,0.0,0.0,0.0,0.0,0.0,0.0,none,0.8,1.0,,EU_SHARED,calendar_days_fixed,A_POLICY_COVER;A_EU_MIX;A_EU_FLOOR;A_FX;A_POLICY_UNKNOWN;A_TARIFF_FILL;A_PRICE_TAX;PV_AD_OFFSET_BOUND;POLICY_FIRM_YEAR_UNKNOWN,main,CARRY_2021_USER_RULE,2021.0,UPDATED_CHINA_ORDINARY;EU_REPLACEMENT_ORIGIN_UNCHANGED
30.0,ESP,2010,2010-01-01,2010-01-31,1.0,31.0,0.084931506849315,3.091776789316316,3.9295485644858976,3.091776789316316,3.9295485644858976,observed_quote_tax_basis_assumed,0.0,0.0,0.0,0.0,0.0,0.0,none,0.8,1.0,,EU_SHARED,calendar_days_fixed,A_POLICY_COVER;A_EU_MIX;A_EU_FLOOR;A_FX;A_POLICY_UNKNOWN;A_TARIFF_FILL;A_PRICE_TAX;PV_AD_OFFSET_BOUND;POLICY_FIRM_YEAR_UNKNOWN,main,LOCAL_EXPORT_AHS,2010.0,UPDATED_CHINA_ORDINARY;EU_REPLACEMENT_ORIGIN_UNCHANGED
30.0,ESP,2010,2010-02-01,2010-02-28,2.0,28.0,0.0767123287671232,2.90442343279186,3.630529290989825,2.90442343279186,3.630529290989825,observed_quote_tax_basis_assumed,0.0,0.0,0.0,0.0,0.0,0.0,none,0.8,1.0,,EU_SHARED,calendar_days_fixed,A_POLICY_COVER;A_EU_MIX;A_EU_FLOOR;A_FX;A_POLICY_UNKNOWN;A_TARIFF_FILL;A_PRICE_TAX;PV_AD_OFFSET_BOUND;POLICY_FIRM_YEAR_UNKNOWN,main,LOCAL_EXPORT_AHS,2010.0,UPDATED_CHINA_ORDINARY;EU_REPLACEMENT_ORIGIN_UNCHANGED
30.0,ESP,2010,2010-03-01,2010-03-31,3.0,31.0,0.084931506849315,2.84487870626562,3.631961814999107,2.84487870626562,3.631961814999107,observed_quote_tax_basis_assumed,0.0,0.0,0.0,0.0,0.0,0.0,none,0.8,1.0,,EU_SHARED,calendar_days_fixed,A_POLICY_COVER;A_EU_MIX;A_EU_FLOOR;A_FX;A_POLICY_UNKNOWN;A_TARIFF_FILL;A_PRICE_TAX;PV_AD_OFFSET_BOUND;POLICY_FIRM_YEAR_UNKNOWN,main,LOCAL_EXPORT_AHS,2010.0,UPDATED_CHINA_ORDINARY;EU_REPLACEMENT_ORIGIN_UNCHANGED
30.0,ESP,2010,2010-04-01,2010-04-30,4.0,30.0,0.0821917808219178,2.853745381783292,3.642280289907622,2.853745381783292,3.642280289907622,observed_quote_tax_basis_assumed,0.0,0.0,0.0,0.0,0.0,0.0,none,0.8,1.0,,EU_SHARED,calendar_days_fixed,A_POLICY_COVER;A_EU_MIX;A_EU_FLOOR;A_FX;A_POLICY_UNKNOWN;A_TARIFF_FILL;A_PRICE_TAX;PV_AD_OFFSET_BOUND;POLICY_FIRM_YEAR_UNKNOWN,main,LOCAL_EXPORT_AHS,2010.0,UPDATED_CHINA_ORDINARY;EU_REPLACEMENT_ORIGIN_UNCHANGED
30.0,ESP,2010,2010-05-01,2010-05-31,5.0,31.0,0.084931506849315,2.763961213182792,3.3977357588807564,2.763961213182792,3.3977357588807564,observed_quote_tax_basis_assumed,0.0,0.0,0.0,0.0,0.0,0.0,none,0.8,1.0,,EU_SHARED,calendar_days_fixed,A_POLICY_COVER;A_EU_MIX;A_EU_FLOOR;A_FX;A_POLICY_UNKNOWN;A_TARIFF_FILL;A_PRICE_TAX;PV_AD_OFFSET_BOUND;POLICY_FIRM_YEAR_UNKNOWN,main,LOCAL_EXPORT_AHS,2010.0,UPDATED_CHINA_ORDINARY;EU_REPLACEMENT_ORIGIN_UNCHANGED
30.0,ESP,2010,2010-06-01,2010-06-30,6.0,30.0,0.0821917808219178,2.7123575248293017,3.258240800266645,2.7123575248293017,3.258240800266645,observed_quote_tax_basis_assumed,0.0,0.0,0.0,0.0,0.0,0.0,none,0.8,1.0,,EU_SHARED,calendar_days_fixed,A_POLICY_COVER;A_EU_MIX;A_EU_FLOOR;A_FX;A_POLICY_UNKNOWN;A_TARIFF_FILL;A_PRICE_TAX;PV_AD_OFFSET_BOUND;POLICY_FIRM_YEAR_UNKNOWN,main,LOCAL_EXPORT_AHS,2010.0,UPDATED_CHINA_ORDINARY;EU_REPLACEMENT_ORIGIN_UNCHANGED
30.0,ESP,2010,2010-07-01,2010-07-31,7.0,31.0,0.084931506849315,2.886311557959211,3.305004901243417,2.886311557959211,3.305004901243417,observed_quote_tax_basis_assumed,0.0,0.0,0.0,0.0,0.0,0.0,none,0.8,1.0,,EU_SHARED,calendar_days_fixed,A_POLICY_COVER;A_EU_MIX;A_EU_FLOOR;A_FX;A_POLICY_UNKNOWN;A_TARIFF_FILL;A_PRICE_TAX;PV_AD_OFFSET_BOUND;POLICY_FIRM_YEAR_UNKNOWN,main,LOCAL_EXPORT_AHS,2010.0,UPDATED_CHINA_ORDINARY;EU_REPLACEMENT_ORIGIN_UNCHANGED
30.0,ESP,2010,2010-08-01,2010-08-31,8.0,31.0,0.084931506849315,2.9036209902769103,3.318423988887897,2.9036209902769103,3.318423988887897,observed_quote_tax_basis_assumed,0.0,0.0,0.0,0.0,0.0,0.0,none,0.8,1.0,,EU_SHARED,calendar_days_fixed,A_POLICY_COVER;A_EU_MIX;A_EU_FLOOR;A_FX;A_POLICY_UNKNOWN;A_TARIFF_FILL;A_PRICE_TAX;PV_AD_OFFSET_BOUND;POLICY_FIRM_YEAR_UNKNOWN,main,LOCAL_EXPORT_AHS,2010.0,UPDATED_CHINA_ORDINARY;EU_REPLACEMENT_ORIGIN_UNCHANGED
30.0,ESP,2010,2010-09-01,2010-09-30,9.0,30.0,0.0821917808219178,2.930089301722598,3.3213745190333803,2.930089301722598,3.3213745190333803,observed_quote_tax_basis_assumed,0.0,0.0,0.0,0.0,0.0,0.0,none,0.8,1.0,,EU_SHARED,calendar_days_fixed,A_POLICY_COVER;A_EU_MIX;A_EU_FLOOR;A_FX;A_POLICY_UNKNOWN;A_TARIFF_FILL;A_PRICE_TAX;PV_AD_OFFSET_BOUND;POLICY_FIRM_YEAR_UNKNOWN,main,LOCAL_EXPORT_AHS,2010.0,UPDATED_CHINA_ORDINARY;EU_REPLACEMENT_ORIGIN_UNCHANGED
30.0,ESP,2010,2010-10-01,2010-10-31,10.0,31.0,0.084931506849315,3.085350824069529,3.483147628430694,3.085350824069529,3.483147628430694,observed_quote_tax_basis_assumed,0.0,0.0,0.0,0.0,0.0,0.0,none,0.8,1.0,,EU_SHARED,calendar_days_fixed,A_POLICY_COVER;A_EU_MIX;A_EU_FLOOR;A_FX;A_POLICY_UNKNOWN;A_TARIFF_FILL;A_PRICE_TAX;PV_AD_OFFSET_BOUND;POLICY_FIRM_YEAR_UNKNOWN,main,LOCAL_EXPORT_AHS,2010.0,UPDATED_CHINA_ORDINARY;EU_REPLACEMENT_ORIGIN_UNCHANGED
30.0,ESP,2010,2010-11-01,2010-11-30,11.0,30.0,0.0821917808219178,3.003318850773162,3.395471949122523,3.003318850773162,3.395471949122523,observed_quote_tax_basis_assumed,0.0,0.0,0.0,0.0,0.0,0.0,none,0.8,1.0,,EU_SHARED,calendar_days_fixed,A_POLICY_COVER;A_EU_MIX;A_EU_FLOOR;A_FX;A_POLICY_UNKNOWN;A_TARIFF_FILL;A_PRICE_TAX;PV_AD_OFFSET_BOUND;POLICY_FIRM_YEAR_UNKNOWN,main,LOCAL_EXPORT_AHS,2010.0,UPDATED_CHINA_ORDINARY;EU_REPLACEMENT_ORIGIN_UNCHANGED
30.0,ESP,2010,2010-12-01,2010-12-31,12.0,31.0,0.084931506849315,2.8975979922460726,3.2759467746731072,2.8975979922460726,3.2759467746731072,observed_quote_tax_basis_assumed,0.0,0.0,0.0,0.0,0.0,0.0,none,0.8,1.0,,EU_SHARED,calendar_days_fixed,A_POLICY_COVER;A_EU_MIX;A_EU_FLOOR;A_FX;A_POLICY_UNKNOWN;A_TARIFF_FILL;A_PRICE_TAX;PV_AD_OFFSET_BOUND;POLICY_FIRM_YEAR_UNKNOWN,main,LOCAL_EXPORT_AHS,2010.0,UPDATED_CHINA_ORDINARY;EU_REPLACEMENT_ORIGIN_UNCHANGED
31.0,ESP,2011,2011-01-01,2011-01-31,1.0,31.0,0.084931506849315,2.686326335282736,3.05181291151168,2.686326335282736,3.05181291151168,observed_quote_tax_basis_assumed,0.0,0.0,0.0,0.0,0.0,0.0,none,0.8,1.0,,EU_SHARED,calendar_days_fixed,A_POLICY_COVER;A_EU_MIX;A_EU_FLOOR;A_FX;A_POLICY_UNKNOWN;A_TARIFF_FILL;A_PRICE_TAX;PV_AD_OFFSET_BOUND;POLICY_FIRM_YEAR_UNKNOWN,main,LOCAL_EXPORT_AHS,2011.0,UPDATED_CHINA_ORDINARY;EU_REPLACEMENT_ORIGIN_UNCHANGED
31.0,ESP,2011,2011-02-01,2011-02-28,2.0,28.0,0.0767123287671232,2.633064300488626,3.062571243121522,2.633064300488626,3.062571243121522,observed_quote_tax_basis_assumed,0.0,0.0,0.0,0.0,0.0,0.0,none,0.8,1.0,,EU_SHARED,calendar_days_fixed,A_POLICY_COVER;A_EU_MIX;A_EU_FLOOR;A_FX;A_POLICY_UNKNOWN;A_TARIFF_FILL;A_PRICE_TAX;PV_AD_OFFSET_BOUND;POLICY_FIRM_YEAR_UNKNOWN,main,LOCAL_EXPORT_AHS,2011.0,UPDATED_CHINA_ORDINARY;EU_REPLACEMENT_ORIGIN_UNCHANGED
31.0,ESP,2011,2011-03-01,2011-03-31,3.0,31.0,0.084931506849315,2.624982413840032,3.046512436500475,2.624982413840032,3.046512436500475,observed_quote_tax_basis_assumed,0.0,0.0,0.0,0.0,0.0,0.0,none,0.8,1.0,,EU_SHARED,calendar_days_fixed,A_POLICY_COVER;A_EU_MIX;A_EU_FLOOR;A_FX;A_POLICY_UNKNOWN;A_TARIFF_FILL;A_PRICE_TAX;PV_AD_OFFSET_BOUND;POLICY_FIRM_YEAR_UNKNOWN,main,LOCAL_EXPORT_AHS,2011.0,UPDATED_CHINA_ORDINARY;EU_REPLACEMENT_ORIGIN_UNCHANGED
31.0,ESP,2011,2011-04-01,2011-04-30,4.0,30.0,0.0821917808219178,2.607707252828456,3.111468881215772,2.607707252828456,3.111468881215772,observed_quote_tax_basis_assumed,0.0,0.0,0.0,0.0,0.0,0.0,none,0.8,1.0,,EU_SHARED,calendar_days_fixed,A_POLICY_COVER;A_EU_MIX;A_EU_FLOOR;A_FX;A_POLICY_UNKNOWN;A_TARIFF_FILL;A_PRICE_TAX;PV_AD_OFFSET_BOUND;POLICY_FIRM_YEAR_UNKNOWN,main,LOCAL_EXPORT_AHS,2011.0,UPDATED_CHINA_ORDINARY;EU_REPLACEMENT_ORIGIN_UNCHANGED
31.0,ESP,2011,2011-05-01,2011-05-31,5.0,31.0,0.084931506849315,2.453185494118997,3.002699044801653,2.453185494118997,3.002699044801653,observed_quote_tax_basis_assumed,0.0,0.0,0.0,0.0,0.0,0.0,none,0.8,1.0,,EU_SHARED,calendar_days_fixed,A_POLICY_COVER;A_EU_MIX;A_EU_FLOOR;A_FX;A_POLICY_UNKNOWN;A_TARIFF_FILL;A_PRICE_TAX;PV_AD_OFFSET_BOUND;POLICY_FIRM_YEAR_UNKNOWN,main,LOCAL_EXPORT_AHS,2011.0,UPDATED_CHINA_ORDINARY;EU_REPLACEMENT_ORIGIN_UNCHANGED
31.0,ESP,2011,2011-06-01,2011-06-30,6.0,30.0,0.0821917808219178,2.3421748176069346,2.9031158453531334,2.3421748176069346,2.9031158453531334,observed_quote_tax_basis_assumed,0.0,0.0,0.0,0.0,0.0,0.0,none,0.8,1.0,,EU_SHARED,calendar_days_fixed,A_POLICY_COVER;A_EU_MIX;A_EU_FLOOR;A_FX;A_POLICY_UNKNOWN;A_TARIFF_FILL;A_PRICE_TAX;PV_AD_OFFSET_BOUND;POLICY_FIRM_YEAR_UNKNOWN,main,LOCAL_EXPORT_AHS,2011.0,UPDATED_CHINA_ORDINARY;EU_REPLACEMENT_ORIGIN_UNCHANGED
31.0,ESP,2011,2011-07-01,2011-07-31,7.0,31.0,0.084931506849315,2.192781508990938,2.780133698899225,2.192781508990938,2.780133698899225,observed_quote_tax_basis_assumed,0.0,0.0,0.0,0.0,0.0,0.0,none,0.8,1.0,,EU_SHARED,calendar_days_fixed,A_POLICY_COVER;A_EU_MIX;A_EU_FLOOR;A_FX;A_POLICY_UNKNOWN;A_TARIFF_FILL;A_PRICE_TAX;PV_AD_OFFSET_BOUND;POLICY_FIRM_YEAR_UNKNOWN,main,LOCAL_EXPORT_AHS,2011.0,UPDATED_CHINA_ORDINARY;EU_REPLACEMENT_ORIGIN_UNCHANGED
31.0,ESP,2011,2011-08-01,2011-08-31,8.0,31.0,0.084931506849315,2.0412922881909905,2.6693822230189874,2.0412922881909905,2.6693822230189874,observed_quote_tax_basis_assumed,0.0,0.0,0.0,0.0,0.0,0.0,none,0.8,1.0,,EU_SHARED,calendar_days_fixed,A_POLICY_COVER;A_EU_MIX;A_EU_FLOOR;A_FX;A_POLICY_UNKNOWN;A_TARIFF_FILL;A_PRICE_TAX;PV_AD_OFFSET_BOUND;POLICY_FIRM_YEAR_UNKNOWN,main,LOCAL_EXPORT_AHS,2011.0,UPDATED_CHINA_ORDINARY;EU_REPLACEMENT_ORIGIN_UNCHANGED
31.0,ESP,2011,2011-09-01,2011-09-30,9.0,30.0,0.0821917808219178,1.851384169095222,2.4559177753303967,1.851384169095222,2.4559177753303967,observed_quote_tax_basis_assumed,0.0,0.0,0.0,0.0,0.0,0.0,none,0.8,1.0,,EU_SHARED,calendar_days_fixed,A_POLICY_COVER;A_EU_MIX;A_EU_FLOOR;A_FX;A_POLICY_UNKNOWN;A_TARIFF_FILL;A_PRICE_TAX;PV_AD_OFFSET_BOUND;POLICY_FIRM_YEAR_UNKNOWN,main,LOCAL_EXPORT_AHS,2011.0,UPDATED_CHINA_ORDINARY;EU_REPLACEMENT_ORIGIN_UNCHANGED
31.0,ESP,2011,2011-10-01,2011-10-31,10.0,31.0,0.084931506849315,1.7249525603786575,2.3530602861687124,1.7249525603786575,2.3530602861687124,observed_quote_tax_basis_assumed,0.0,0.0,0.0,0.0,0.0,0.0,none,0.8,1.0,,EU_SHARED,calendar_days_fixed,A_POLICY_COVER;A_EU_MIX;A_EU_FLOOR;A_FX;A_POLICY_UNKNOWN;A_TARIFF_FILL;A_PRICE_TAX;PV_AD_OFFSET_BOUND;POLICY_FIRM_YEAR_UNKNOWN,main,LOCAL_EXPORT_AHS,2011.0,UPDATED_CHINA_ORDINARY;EU_REPLACEMENT_ORIGIN_UNCHANGED
31.0,ESP,2011,2011-11-01,2011-11-30,11.0,30.0,0.0821917808219178,1.5805148558170548,2.156937920879745,1.5805148558170548,2.156937920879745,observed_quote_tax_basis_assumed,0.0,0.0,0.0,0.0,0.0,0.0,none,0.8,1.0,,EU_SHARED,calendar_days_fixed,A_POLICY_COVER;A_EU_MIX;A_EU_FLOOR;A_FX;A_POLICY_UNKNOWN;A_TARIFF_FILL;A_PRICE_TAX;PV_AD_OFFSET_BOUND;POLICY_FIRM_YEAR_UNKNOWN,main,LOCAL_EXPORT_AHS,2011.0,UPDATED_CHINA_ORDINARY;EU_REPLACEMENT_ORIGIN_UNCHANGED
31.0,ESP,2011,2011-12-01,2011-12-31,12.0,31.0,0.084931506849315,1.4614867506804692,2.0027781398213835,1.4614867506804692,2.0027781398213835,observed_quote_tax_basis_assumed,0.0,0.0,0.0,0.0,0.0,0.0,none,0.8,1.0,,EU_SHARED,calendar_days_fixed,A_POLICY_COVER;A_EU_MIX;A_EU_FLOOR;A_FX;A_POLICY_UNKNOWN;A_TARIFF_FILL;A_PRICE_TAX;PV_AD_OFFSET_BOUND;POLICY_FIRM_YEAR_UNKNOWN,main,LOCAL_EXPORT_AHS,2011.0,UPDATED_CHINA_ORDINARY;EU_REPLACEMENT_ORIGIN_UNCHANGED
32.0,ESP,2012,2012-01-01,2012-01-31,1.0,31.0,0.0846994535519125,1.3684642185997595,1.8361671793870191,1.3684642185997595,1.8361671793870191,observed_quote_tax_basis_assumed,0.0,0.0,0.0,0.0,0.0,0.0,none,0.8,1.0,,EU_SHARED,calendar_days_fixed,A_POLICY_COVER;A_EU_MIX;A_EU_FLOOR;A_FX;A_POLICY_UNKNOWN;A_TARIFF_FILL;A_PRICE_TAX;PV_AD_OFFSET_BOUND;POLICY_FIRM_YEAR_UNKNOWN,main,LOCAL_EXPORT_AHS,2012.0,UPDATED_CHINA_ORDINARY;EU_REPLACEMENT_ORIGIN_UNCHANGED
32.0,ESP,2012,2012-02-01,2012-02-29,2.0,29.0,0.0792349726775956,1.3781815830003006,1.83459236698092,1.3781815830003006,1.83459236698092,observed_quote_tax_basis_assumed,0.0,0.0,0.0,0.0,0.0,0.0,none,0.8,1.0,,EU_SHARED,calendar_days_fixed,A_POLICY_COVER;A_EU_MIX;A_EU_FLOOR;A_FX;A_POLICY_UNKNOWN;A_TARIFF_FILL;A_PRICE_TAX;PV_AD_OFFSET_BOUND;POLICY_FIRM_YEAR_UNKNOWN,main,LOCAL_EXPORT_AHS,2012.0,UPDATED_CHINA_ORDINARY;EU_REPLACEMENT_ORIGIN_UNCHANGED
32.0,ESP,2012,2012-03-01,2012-03-31,3.0,31.0,0.0846994535519125,1.3135081493389422,1.792761122746394,1.3135081493389422,1.792761122746394,observed_quote_tax_basis_assumed,0.0,0.0,0.0,0.0,0.0,0.0,none,0.8,1.0,,EU_SHARED,calendar_days_fixed,A_POLICY_COVER;A_EU_MIX;A_EU_FLOOR;A_FX;A_POLICY_UNKNOWN;A_TARIFF_FILL;A_PRICE_TAX;PV_AD_OFFSET_BOUND;POLICY_FIRM_YEAR_UNKNOWN,main,LOCAL_EXPORT_AHS,2012.0,UPDATED_CHINA_ORDINARY;EU_REPLACEMENT_ORIGIN_UNCHANGED
32.0,ESP,2012,2012-04-01,2012-04-30,4.0,30.0,0.081967213114754,1.2578921407752404,1.7451038854417067,1.2578921407752404,1.7451038854417067,observed_quote_tax_basis_assumed,0.0,0.0,0.0,0.0,0.0,0.0,none,0.8,1.0,,EU_SHARED,calendar_days_fixed,A_POLICY_COVER;A_EU_MIX;A_EU_FLOOR;A_FX;A_POLICY_UNKNOWN;A_TARIFF_FILL;A_PRICE_TAX;PV_AD_OFFSET_BOUND;POLICY_FIRM_YEAR_UNKNOWN,main,LOCAL_EXPORT_AHS,2012.0,UPDATED_CHINA_ORDINARY;EU_REPLACEMENT_ORIGIN_UNCHANGED
32.0,ESP,2012,2012-05-01,2012-05-31,5.0,31.0,0.0846994535519125,1.190262737943209,1.656017722355769,1.190262737943209,1.656017722355769,observed_quote_tax_basis_assumed,0.0,0.0,0.0,0.0,0.0,0.0,none,0.8,1.0,,EU_SHARED,calendar_days_fixed,A_POLICY_COVER;A_EU_MIX;A_EU_FLOOR;A_FX;A_POLICY_UNKNOWN;A_TARIFF_FILL;A_PRICE_TAX;PV_AD_OFFSET_BOUND;POLICY_FIRM_YEAR_UNKNOWN,main,LOCAL_EXPORT_AHS,2012.0,UPDATED_CHINA_ORDINARY;EU_REPLACEMENT_ORIGIN_UNCHANGED
32.0,ESP,2012,2012-06-01,2012-06-30,6.0,30.0,0.081967213114754,1.1113960950270434,1.5744778012883114,1.1113960950270434,1.5744778012883114,observed_quote_tax_basis_assumed,0.0,0.0,0.0,0.0,0.0,0.0,none,0.8,1.0,,EU_SHARED,calendar_days_fixed,A_POLICY_COVER;A_EU_MIX;A_EU_FLOOR;A_FX;A_POLICY_UNKNOWN;A_TARIFF_FILL;A_PRICE_TAX;PV_AD_OFFSET_BOUND;POLICY_FIRM_YEAR_UNKNOWN,main,LOCAL_EXPORT_AHS,2012.0,UPDATED_CHINA_ORDINARY;EU_REPLACEMENT_ORIGIN_UNCHANGED
32.0,ESP,2012,2012-07-01,2012-07-31,7.0,31.0,0.0846994535519125,1.0583620721153846,1.5213954786658657,1.0583620721153846,1.5213954786658657,observed_quote_tax_basis_assumed,0.0,0.0,0.0,0.0,0.0,0.0,none,0.8,1.0,,EU_SHARED,calendar_days_fixed,A_POLICY_COVER;A_EU_MIX;A_EU_FLOOR;A_FX;A_POLICY_UNKNOWN;A_TARIFF_FILL;A_PRICE_TAX;PV_AD_OFFSET_BOUND;POLICY_FIRM_YEAR_UNKNOWN,main,LOCAL_EXPORT_AHS,2012.0,UPDATED_CHINA_ORDINARY;EU_REPLACEMENT_ORIGIN_UNCHANGED
32.0,ESP,2012,2012-08-01,2012-08-31,8.0,31.0,0.0846994535519125,1.0149143662109374,1.4890956684570311,1.0149143662109374,1.4890956684570311,observed_quote_tax_basis_assumed,0.0,0.0,0.0,0.0,0.0,0.0,none,0.8,1.0,,EU_SHARED,calendar_days_fixed,A_POLICY_COVER;A_EU_MIX;A_EU_FLOOR;A_FX;A_POLICY_UNKNOWN;A_TARIFF_FILL;A_PRICE_TAX;PV_AD_OFFSET_BOUND;POLICY_FIRM_YEAR_UNKNOWN,main,LOCAL_EXPORT_AHS,2012.0,UPDATED_CHINA_ORDINARY;EU_REPLACEMENT_ORIGIN_UNCHANGED
32.0,ESP,2012,2012-09-01,2012-09-30,9.0,30.0,0.081967213114754,1.0016094417067307,1.5110487267127404,1.0016094417067307,1.5110487267127404,observed_quote_tax_basis_assumed,0.0,0.0,0.0,0.0,0.0,0.0,none,0.8,1.0,,EU_SHARED,calendar_days_fixed,A_POLICY_COVER;A_EU_MIX;A_EU_FLOOR;A_FX;A_POLICY_UNKNOWN;A_TARIFF_FILL;A_PRICE_TAX;PV_AD_OFFSET_BOUND;POLICY_FIRM_YEAR_UNKNOWN,main,LOCAL_EXPORT_AHS,2012.0,UPDATED_CHINA_ORDINARY;EU_REPLACEMENT_ORIGIN_UNCHANGED
32.0,ESP,2012,2012-10-01,2012-10-31,10.0,31.0,0.0846994535519125,0.994557200611888,1.4831116149475525,0.994557200611888,1.4831116149475525,observed_quote_tax_basis_assumed,0.0,0.0,0.0,0.0,0.0,0.0,none,0.8,1.0,,EU_SHARED,calendar_days_fixed,A_POLICY_COVER;A_EU_MIX;A_EU_FLOOR;A_FX;A_POLICY_UNKNOWN;A_TARIFF_FILL;A_PRICE_TAX;PV_AD_OFFSET_BOUND;POLICY_FIRM_YEAR_UNKNOWN,main,LOCAL_EXPORT_AHS,2012.0,UPDATED_CHINA_ORDINARY;EU_REPLACEMENT_ORIGIN_UNCHANGED
32.0,ESP,2012,2012-11-01,2012-11-30,11.0,30.0,0.081967213114754,0.9771088286713286,1.4482148710664335,0.9771088286713286,1.4482148710664335,observed_quote_tax_basis_assumed,0.0,0.0,0.0,0.0,0.0,0.0,none,0.8,1.0,,EU_SHARED,calendar_days_fixed,A_POLICY_COVER;A_EU_MIX;A_EU_FLOOR;A_FX;A_POLICY_UNKNOWN;A_TARIFF_FILL;A_PRICE_TAX;PV_AD_OFFSET_BOUND;POLICY_FIRM_YEAR_UNKNOWN,main,LOCAL_EXPORT_AHS,2012.0,UPDATED_CHINA_ORDINARY;EU_REPLACEMENT_ORIGIN_UNCHANGED
32.0,ESP,2012,2012-12-01,2012-12-31,12.0,31.0,0.0846994535519125,0.95460961222166,1.4407533962234311,0.95460961222166,1.4407533962234311,observed_quote_tax_basis_assumed,0.0,0.0,0.0,0.0,0.0,0.0,none,0.8,1.0,,EU_SHARED,calendar_days_fixed,A_POLICY_COVER;A_EU_MIX;A_EU_FLOOR;A_FX;A_POLICY_UNKNOWN;A_TARIFF_FILL;A_PRICE_TAX;PV_AD_OFFSET_BOUND;POLICY_FIRM_YEAR_UNKNOWN,main,LOCAL_EXPORT_AHS,2012.0,UPDATED_CHINA_ORDINARY;EU_REPLACEMENT_ORIGIN_UNCHANGED
33.0,ESP,2013,2013-01-01,2013-01-31,1.0,31.0,0.084931506849315,0.946150566520937,1.4370777472629324,0.946150566520937,1.4370777472629324,observed_quote_tax_basis_assumed,0.0,0.0,0.0,0.0,0.0,0.0,none,0.8,1.0,,EU_SHARED,calendar_days_fixed,A_POLICY_COVER;A_EU_MIX;A_EU_FLOOR;A_FX;A_POLICY_UNKNOWN;A_TARIFF_FILL;A_PRICE_TAX;PV_AD_OFFSET_BOUND;POLICY_FIRM_YEAR_UNKNOWN,main,LOCAL_EXPORT_AHS,2013.0,UPDATED_CHINA_ORDINARY;EU_REPLACEMENT_ORIGIN_UNCHANGED
33.0,ESP,2013,2013-02-01,2013-02-28,2.0,28.0,0.0767123287671232,0.921251867401965,1.390568856455796,0.921251867401965,1.390568856455796,observed_quote_tax_basis_assumed,0.0,0.0,0.0,0.0,0.0,0.0,none,0.8,1.0,,EU_SHARED,calendar_days_fixed,A_POLICY_COVER;A_EU_MIX;A_EU_FLOOR;A_FX;A_POLICY_UNKNOWN;A_TARIFF_FILL;A_PRICE_TAX;PV_AD_OFFSET_BOUND;POLICY_FIRM_YEAR_UNKNOWN,main,LOCAL_EXPORT_AHS,2013.0,UPDATED_CHINA_ORDINARY;EU_REPLACEMENT_ORIGIN_UNCHANGED
33.0,ESP,2013,2013-03-01,2013-03-31,3.0,31.0,0.084931506849315,0.9315028557668634,1.3549132447518013,0.9315028557668634,1.3549132447518013,observed_quote_tax_basis_assumed,0.0,0.0,0.0,0.0,0.0,0.0,none,0.8,1.0,,EU_SHARED,calendar_days_fixed,A_POLICY_COVER;A_EU_MIX;A_EU_FLOOR;A_FX;A_POLICY_UNKNOWN;A_TARIFF_FILL;A_PRICE_TAX;PV_AD_OFFSET_BOUND;POLICY_FIRM_YEAR_UNKNOWN,main,LOCAL_EXPORT_AHS,2013.0,UPDATED_CHINA_ORDINARY;EU_REPLACEMENT_ORIGIN_UNCHANGED
33.0,ESP,2013,2013-04-01,2013-04-30,4.0,30.0,0.0821917808219178,0.95601608881336,1.3818778011029471,0.95601608881336,1.3818778011029471,observed_quote_tax_basis_assumed,0.0,0.0,0.0,0.0,0.0,0.0,none,0.8,1.0,,EU_SHARED,calendar_days_fixed,A_POLICY_COVER;A_EU_MIX;A_EU_FLOOR;A_FX;A_POLICY_UNKNOWN;A_TARIFF_FILL;A_PRICE_TAX;PV_AD_OFFSET_BOUND;POLICY_FIRM_YEAR_UNKNOWN,main,LOCAL_EXPORT_AHS,2013.0,UPDATED_CHINA_ORDINARY;EU_REPLACEMENT_ORIGIN_UNCHANGED
33.0,ESP,2013,2013-05-01,2013-05-31,5.0,31.0,0.084931506849315,0.9260895616420616,1.3634096324174796,0.9260895616420616,1.3634096324174796,observed_quote_tax_basis_assumed,0.0,0.0,0.0,0.0,0.0,0.0,none,0.8,1.0,,EU_SHARED,calendar_days_fixed,A_POLICY_COVER;A_EU_MIX;A_EU_FLOOR;A_FX;A_POLICY_UNKNOWN;A_TARIFF_FILL;A_PRICE_TAX;PV_AD_OFFSET_BOUND;POLICY_FIRM_YEAR_UNKNOWN,main,LOCAL_EXPORT_AHS,2013.0,UPDATED_CHINA_ORDINARY;EU_REPLACEMENT_ORIGIN_UNCHANGED
33.0,ESP,2013,2013-06-01,2013-06-05,6.0,5.0,0.0136986301369863,0.9756808182969297,1.3589839969135804,0.9756808182969297,1.3589839969135804,observed_quote_tax_basis_assumed,0.0,0.0,0.0,0.0,0.0,0.0,none,0.8,1.0,,EU_SHARED,calendar_days_fixed,A_POLICY_COVER;A_EU_MIX;A_EU_FLOOR;A_FX;A_POLICY_UNKNOWN;A_TARIFF_FILL;A_PRICE_TAX;PV_AD_OFFSET_BOUND;POLICY_FIRM_YEAR_UNKNOWN,main,LOCAL_EXPORT_AHS,2013.0,UPDATED_CHINA_ORDINARY;EU_REPLACEMENT_ORIGIN_UNCHANGED
33.0,ESP,2013,2013-06-06,2013-06-30,6.0,25.0,0.0684931506849315,0.9756808182969297,1.3589839969135804,0.9756808182969297,1.3589839969135804,observed_quote_tax_basis_assumed,0.0,0.0,0.0,0.118,0.0,0.0,none,0.8,1.0,EU_AD,EU_SHARED,calendar_days_fixed,A_POLICY_COVER;A_EU_MIX;A_EU_FLOOR;A_FX;A_POLICY_UNKNOWN;A_TARIFF_FILL;A_PRICE_TAX;PV_AD_OFFSET_BOUND;POLICY_FIRM_YEAR_UNKNOWN,main,LOCAL_EXPORT_AHS,2013.0,UPDATED_CHINA_ORDINARY;EU_REPLACEMENT_ORIGIN_UNCHANGED
33.0,ESP,2013,2013-07-01,2013-07-31,7.0,31.0,0.084931506849315,0.967645331516578,1.339152021295264,0.967645331516578,1.339152021295264,observed_quote_tax_basis_assumed,0.0,0.0,0.0,0.118,0.0,0.0,none,0.8,1.0,EU_AD,EU_SHARED,calendar_days_fixed,A_POLICY_COVER;A_EU_MIX;A_EU_FLOOR;A_FX;A_POLICY_UNKNOWN;A_TARIFF_FILL;A_PRICE_TAX;PV_AD_OFFSET_BOUND;POLICY_FIRM_YEAR_UNKNOWN,main,LOCAL_EXPORT_AHS,2013.0,UPDATED_CHINA_ORDINARY;EU_REPLACEMENT_ORIGIN_UNCHANGED
33.0,ESP,2013,2013-08-01,2013-08-05,8.0,5.0,0.0136986301369863,1.002196080959164,1.3362614412788856,1.002196080959164,1.3362614412788856,observed_quote_tax_basis_assumed,0.0,0.0,0.0,0.118,0.0,0.0,none,0.8,1.0,EU_AD,EU_SHARED,calendar_days_fixed,A_POLICY_COVER;A_EU_MIX;A_EU_FLOOR;A_FX;A_POLICY_UNKNOWN;A_TARIFF_FILL;A_PRICE_TAX;PV_AD_OFFSET_BOUND;POLICY_FIRM_YEAR_UNKNOWN,main,LOCAL_EXPORT_AHS,2013.0,UPDATED_CHINA_ORDINARY;EU_REPLACEMENT_ORIGIN_UNCHANGED
33.0,ESP,2013,2013-08-06,2013-08-31,8.0,26.0,0.0712328767123287,1.002196080959164,1.3362614412788856,1.002196080959164,1.3362614412788856,observed_quote_tax_basis_assumed,0.0,0.0,0.0,0.0,0.477,0.822644376490082,undertaking,0.8,1.0,EU_MIP,EU_SHARED,calendar_days_fixed,A_POLICY_COVER;A_EU_MIX;A_EU_FLOOR;A_FX;A_POLICY_UNKNOWN;A_TARIFF_FILL;A_PRICE_TAX;PV_AD_OFFSET_BOUND;POLICY_FIRM_YEAR_UNKNOWN,main,LOCAL_EXPORT_AHS,2013.0,UPDATED_CHINA_ORDINARY;EU_REPLACEMENT_ORIGIN_UNCHANGED
33.0,ESP,2013,2013-09-01,2013-09-30,9.0,30.0,0.0821917808219178,1.022721054412437,1.3313006828989482,1.022721054412437,1.3313006828989482,observed_quote_tax_basis_assumed,0.0,0.0,0.0,0.0,0.477,0.822644376490082,undertaking,0.8,1.0,EU_MIP,EU_SHARED,calendar_days_fixed,A_POLICY_COVER;A_EU_MIX;A_EU_FLOOR;A_FX;A_POLICY_UNKNOWN;A_TARIFF_FILL;A_PRICE_TAX;PV_AD_OFFSET_BOUND;POLICY_FIRM_YEAR_UNKNOWN,main,LOCAL_EXPORT_AHS,2013.0,UPDATED_CHINA_ORDINARY;EU_REPLACEMENT_ORIGIN_UNCHANGED
33.0,ESP,2013,2013-10-01,2013-10-31,10.0,31.0,0.084931506849315,1.0447150589940866,1.341918480949301,1.0447150589940866,1.341918480949301,observed_quote_tax_basis_assumed,0.0,0.0,0.0,0.0,0.477,0.822644376490082,undertaking,0.8,1.0,EU_MIP,EU_SHARED,calendar_days_fixed,A_POLICY_COVER;A_EU_MIX;A_EU_FLOOR;A_FX;A_POLICY_UNKNOWN;A_TARIFF_FILL;A_PRICE_TAX;PV_AD_OFFSET_BOUND;POLICY_FIRM_YEAR_UNKNOWN,main,LOCAL_EXPORT_AHS,2013.0,UPDATED_CHINA_ORDINARY;EU_REPLACEMENT_ORIGIN_UNCHANGED
33.0,ESP,2013,2013-11-01,2013-11-30,11.0,30.0,0.0821917808219178,1.0160063318033132,1.2566394103883085,1.0160063318033132,1.2566394103883085,observed_quote_tax_basis_assumed,0.0,0.0,0.0,0.0,0.477,0.822644376490082,undertaking,0.8,1.0,EU_MIP,EU_SHARED,calendar_days_fixed,A_POLICY_COVER;A_EU_MIX;A_EU_FLOOR;A_FX;A_POLICY_UNKNOWN;A_TARIFF_FILL;A_PRICE_TAX;PV_AD_OFFSET_BOUND;POLICY_FIRM_YEAR_UNKNOWN,main,LOCAL_EXPORT_AHS,2013.0,UPDATED_CHINA_ORDINARY;EU_REPLACEMENT_ORIGIN_UNCHANGED
33.0,ESP,2013,2013-12-01,2013-12-31,12.0,31.0,0.084931506849315,1.031871536498892,1.2581591541521575,1.031871536498892,1.2581591541521575,observed_quote_tax_basis_assumed,0.0,0.0,0.0,0.0,0.477,0.822644376490082,undertaking,0.8,1.0,EU_MIP,EU_SHARED,calendar_days_fixed,A_POLICY_COVER;A_EU_MIX;A_EU_FLOOR;A_FX;A_POLICY_UNKNOWN;A_TARIFF_FILL;A_PRICE_TAX;PV_AD_OFFSET_BOUND;POLICY_FIRM_YEAR_UNKNOWN,main,LOCAL_EXPORT_AHS,2013.0,UPDATED_CHINA_ORDINARY;EU_REPLACEMENT_ORIGIN_UNCHANGED
34.0,ESP,2014,2014-01-01,2014-01-31,1.0,31.0,0.084931506849315,1.0072924673496249,1.2193540394232298,1.0072924673496249,1.2193540394232298,observed_quote_tax_basis_assumed,0.0,0.0,0.0,0.0,0.477,0.8097563733019061,undertaking,0.8,1.0,EU_MIP,EU_SHARED,calendar_days_fixed,A_POLICY_COVER;A_EU_MIX;A_EU_FLOOR;A_FX;A_POLICY_UNKNOWN;A_TARIFF_FILL;A_PRICE_TAX;PV_AD_OFFSET_BOUND;POLICY_FIRM_YEAR_UNKNOWN,main,LOCAL_EXPORT_AHS,2014.0,UPDATED_CHINA_ORDINARY;EU_REPLACEMENT_ORIGIN_UNCHANGED
34.0,ESP,2014,2014-02-01,2014-02-28,2.0,28.0,0.0767123287671232,1.0463340822279374,1.2325460799125705,1.0463340822279374,1.2325460799125705,observed_quote_tax_basis_assumed,0.0,0.0,0.0,0.0,0.477,0.8097563733019061,undertaking,0.8,1.0,EU_MIP,EU_SHARED,calendar_days_fixed,A_POLICY_COVER;A_EU_MIX;A_EU_FLOOR;A_FX;A_POLICY_UNKNOWN;A_TARIFF_FILL;A_PRICE_TAX;PV_AD_OFFSET_BOUND;POLICY_FIRM_YEAR_UNKNOWN,main,LOCAL_EXPORT_AHS,2014.0,UPDATED_CHINA_ORDINARY;EU_REPLACEMENT_ORIGIN_UNCHANGED
34.0,ESP,2014,2014-03-01,2014-03-31,3.0,31.0,0.084931506849315,1.023935290408728,1.2305187261929451,1.023935290408728,1.2305187261929451,observed_quote_tax_basis_assumed,0.0,0.0,0.0,0.0,0.477,0.8097563733019061,undertaking,0.8,1.0,EU_MIP,EU_SHARED,calendar_days_fixed,A_POLICY_COVER;A_EU_MIX;A_EU_FLOOR;A_FX;A_POLICY_UNKNOWN;A_TARIFF_FILL;A_PRICE_TAX;PV_AD_OFFSET_BOUND;POLICY_FIRM_YEAR_UNKNOWN,main,LOCAL_EXPORT_AHS,2014.0,UPDATED_CHINA_ORDINARY;EU_REPLACEMENT_ORIGIN_UNCHANGED
34.0,ESP,2014,2014-04-01,2014-04-30,4.0,30.0,0.0821917808219178,1.0043282324389915,1.201606992382365,1.0043282324389915,1.201606992382365,observed_quote_tax_basis_assumed,0.0,0.0,0.0,0.0,0.477,0.8097563733019061,undertaking,0.8,1.0,EU_MIP,EU_SHARED,calendar_days_fixed,A_POLICY_COVER;A_EU_MIX;A_EU_FLOOR;A_FX;A_POLICY_UNKNOWN;A_TARIFF_FILL;A_PRICE_TAX;PV_AD_OFFSET_BOUND;POLICY_FIRM_YEAR_UNKNOWN,main,LOCAL_EXPORT_AHS,2014.0,UPDATED_CHINA_ORDINARY;EU_REPLACEMENT_ORIGIN_UNCHANGED
34.0,ESP,2014,2014-05-01,2014-05-31,5.0,31.0,0.084931506849315,0.998485340330426,1.1678712462793372,0.998485340330426,1.1678712462793372,observed_quote_tax_basis_assumed,0.0,0.0,0.0,0.0,0.477,0.8097563733019061,undertaking,0.8,1.0,EU_MIP,EU_SHARED,calendar_days_fixed,A_POLICY_COVER;A_EU_MIX;A_EU_FLOOR;A_FX;A_POLICY_UNKNOWN;A_TARIFF_FILL;A_PRICE_TAX;PV_AD_OFFSET_BOUND;POLICY_FIRM_YEAR_UNKNOWN,main,LOCAL_EXPORT_AHS,2014.0,UPDATED_CHINA_ORDINARY;EU_REPLACEMENT_ORIGIN_UNCHANGED
34.0,ESP,2014,2014-06-01,2014-06-30,6.0,30.0,0.0821917808219178,0.9706744104845764,1.1471606669363172,0.9706744104845764,1.1471606669363172,observed_quote_tax_basis_assumed,0.0,0.0,0.0,0.0,0.477,0.8097563733019061,undertaking,0.8,1.0,EU_MIP,EU_SHARED,calendar_days_fixed,A_POLICY_COVER;A_EU_MIX;A_EU_FLOOR;A_FX;A_POLICY_UNKNOWN;A_TARIFF_FILL;A_PRICE_TAX;PV_AD_OFFSET_BOUND;POLICY_FIRM_YEAR_UNKNOWN,main,LOCAL_EXPORT_AHS,2014.0,UPDATED_CHINA_ORDINARY;EU_REPLACEMENT_ORIGIN_UNCHANGED
34.0,ESP,2014,2014-07-01,2014-07-31,7.0,31.0,0.084931506849315,0.9668747294924476,1.1338803645865974,0.9668747294924476,1.1338803645865974,observed_quote_tax_basis_assumed,0.0,0.0,0.0,0.0,0.477,0.8097563733019061,undertaking,0.8,1.0,EU_MIP,EU_SHARED,calendar_days_fixed,A_POLICY_COVER;A_EU_MIX;A_EU_FLOOR;A_FX;A_POLICY_UNKNOWN;A_TARIFF_FILL;A_PRICE_TAX;PV_AD_OFFSET_BOUND;POLICY_FIRM_YEAR_UNKNOWN,main,LOCAL_EXPORT_AHS,2014.0,UPDATED_CHINA_ORDINARY;EU_REPLACEMENT_ORIGIN_UNCHANGED
34.0,ESP,2014,2014-08-01,2014-08-31,8.0,31.0,0.084931506849315,0.9336540934028892,1.1065529995886094,0.9336540934028892,1.1065529995886094,observed_quote_tax_basis_assumed,0.0,0.0,0.0,0.0,0.477,0.8097563733019061,undertaking,0.8,1.0,EU_MIP,EU_SHARED,calendar_days_fixed,A_POLICY_COVER;A_EU_MIX;A_EU_FLOOR;A_FX;A_POLICY_UNKNOWN;A_TARIFF_FILL;A_PRICE_TAX;PV_AD_OFFSET_BOUND;POLICY_FIRM_YEAR_UNKNOWN,main,LOCAL_EXPORT_AHS,2014.0,UPDATED_CHINA_ORDINARY;EU_REPLACEMENT_ORIGIN_UNCHANGED
34.0,ESP,2014,2014-09-01,2014-09-30,9.0,30.0,0.0821917808219178,0.9045753093677252,1.0553378609290127,0.9045753093677252,1.0553378609290127,observed_quote_tax_basis_assumed,0.0,0.0,0.0,0.0,0.477,0.8097563733019061,undertaking,0.8,1.0,EU_MIP,EU_SHARED,calendar_days_fixed,A_POLICY_COVER;A_EU_MIX;A_EU_FLOOR;A_FX;A_POLICY_UNKNOWN;A_TARIFF_FILL;A_PRICE_TAX;PV_AD_OFFSET_BOUND;POLICY_FIRM_YEAR_UNKNOWN,main,LOCAL_EXPORT_AHS,2014.0,UPDATED_CHINA_ORDINARY;EU_REPLACEMENT_ORIGIN_UNCHANGED
34.0,ESP,2014,2014-10-01,2014-10-31,10.0,31.0,0.084931506849315,0.8885453695095287,1.0119544486080745,0.8885453695095287,1.0119544486080745,observed_quote_tax_basis_assumed,0.0,0.0,0.0,0.0,0.477,0.8097563733019061,undertaking,0.8,1.0,EU_MIP,EU_SHARED,calendar_days_fixed,A_POLICY_COVER;A_EU_MIX;A_EU_FLOOR;A_FX;A_POLICY_UNKNOWN;A_TARIFF_FILL;A_PRICE_TAX;PV_AD_OFFSET_BOUND;POLICY_FIRM_YEAR_UNKNOWN,main,LOCAL_EXPORT_AHS,2014.0,UPDATED_CHINA_ORDINARY;EU_REPLACEMENT_ORIGIN_UNCHANGED
34.0,ESP,2014,2014-11-01,2014-11-30,11.0,30.0,0.0821917808219178,0.8582904677093165,0.9878437458541188,0.8582904677093165,0.9878437458541188,observed_quote_tax_basis_assumed,0.0,0.0,0.0,0.0,0.477,0.8097563733019061,undertaking,0.8,1.0,EU_MIP,EU_SHARED,calendar_days_fixed,A_POLICY_COVER;A_EU_MIX;A_EU_FLOOR;A_FX;A_POLICY_UNKNOWN;A_TARIFF_FILL;A_PRICE_TAX;PV_AD_OFFSET_BOUND;POLICY_FIRM_YEAR_UNKNOWN,main,LOCAL_EXPORT_AHS,2014.0,UPDATED_CHINA_ORDINARY;EU_REPLACEMENT_ORIGIN_UNCHANGED
34.0,ESP,2014,2014-12-01,2014-12-31,12.0,31.0,0.084931506849315,0.8627497629665737,0.984836993575051,0.8627497629665737,0.984836993575051,observed_quote_tax_basis_assumed,0.0,0.0,0.0,0.0,0.477,0.8097563733019061,undertaking,0.8,1.0,EU_MIP,EU_SHARED,calendar_days_fixed,A_POLICY_COVER;A_EU_MIX;A_EU_FLOOR;A_FX;A_POLICY_UNKNOWN;A_TARIFF_FILL;A_PRICE_TAX;PV_AD_OFFSET_BOUND;POLICY_FIRM_YEAR_UNKNOWN,main,LOCAL_EXPORT_AHS,2014.0,UPDATED_CHINA_ORDINARY;EU_REPLACEMENT_ORIGIN_UNCHANGED
35.0,ESP,2015,2015-01-01,2015-01-31,1.0,31.0,0.084931506849315,0.7836468068108556,0.8779746631862364,0.7836468068108556,0.8779746631862364,observed_quote_tax_basis_assumed,0.0,0.0,0.0,0.0,0.477,0.6754682361602754,undertaking,0.8,1.0,EU_MIP,EU_SHARED,calendar_days_fixed,A_POLICY_COVER;A_EU_MIX;A_EU_FLOOR;A_FX;A_POLICY_UNKNOWN;A_TARIFF_FILL;A_PRICE_TAX;PV_AD_OFFSET_BOUND;POLICY_FIRM_YEAR_UNKNOWN,main,LOCAL_EXPORT_AHS,2015.0,UPDATED_CHINA_ORDINARY;EU_REPLACEMENT_ORIGIN_UNCHANGED
35.0,ESP,2015,2015-02-01,2015-02-28,2.0,28.0,0.0767123287671232,0.7653267250677627,0.8503630278530696,0.7653267250677627,0.8503630278530696,observed_quote_tax_basis_assumed,0.0,0.0,0.0,0.0,0.477,0.6754682361602754,undertaking,0.8,1.0,EU_MIP,EU_SHARED,calendar_days_fixed,A_POLICY_COVER;A_EU_MIX;A_EU_FLOOR;A_FX;A_POLICY_UNKNOWN;A_TARIFF_FILL;A_PRICE_TAX;PV_AD_OFFSET_BOUND;POLICY_FIRM_YEAR_UNKNOWN,main,LOCAL_EXPORT_AHS,2015.0,UPDATED_CHINA_ORDINARY;EU_REPLACEMENT_ORIGIN_UNCHANGED
35.0,ESP,2015,2015-03-01,2015-03-31,3.0,31.0,0.084931506849315,0.7308038162617816,0.8323043462981401,0.7308038162617816,0.8323043462981401,observed_quote_tax_basis_assumed,0.0,0.0,0.0,0.0,0.477,0.6754682361602754,undertaking,0.8,1.0,EU_MIP,EU_SHARED,calendar_days_fixed,A_POLICY_COVER;A_EU_MIX;A_EU_FLOOR;A_FX;A_POLICY_UNKNOWN;A_TARIFF_FILL;A_PRICE_TAX;PV_AD_OFFSET_BOUND;POLICY_FIRM_YEAR_UNKNOWN,main,LOCAL_EXPORT_AHS,2015.0,UPDATED_CHINA_ORDINARY;EU_REPLACEMENT_ORIGIN_UNCHANGED
35.0,ESP,2015,2015-04-01,2015-04-30,4.0,30.0,0.0821917808219178,0.7403275288041375,0.8345510324701185,0.7403275288041375,0.8345510324701185,observed_quote_tax_basis_assumed,0.0,0.0,0.0,0.0,0.477,0.6754682361602754,undertaking,0.8,1.0,EU_MIP,EU_SHARED,calendar_days_fixed,A_POLICY_COVER;A_EU_MIX;A_EU_FLOOR;A_FX;A_POLICY_UNKNOWN;A_TARIFF_FILL;A_PRICE_TAX;PV_AD_OFFSET_BOUND;POLICY_FIRM_YEAR_UNKNOWN,main,LOCAL_EXPORT_AHS,2015.0,UPDATED_CHINA_ORDINARY;EU_REPLACEMENT_ORIGIN_UNCHANGED
35.0,ESP,2015,2015-05-01,2015-05-31,5.0,31.0,0.084931506849315,0.7796793226269166,0.8701778154318265,0.7796793226269166,0.8701778154318265,observed_quote_tax_basis_assumed,0.0,0.0,0.0,0.0,0.477,0.6754682361602754,undertaking,0.8,1.0,EU_MIP,EU_SHARED,calendar_days_fixed,A_POLICY_COVER;A_EU_MIX;A_EU_FLOOR;A_FX;A_POLICY_UNKNOWN;A_TARIFF_FILL;A_PRICE_TAX;PV_AD_OFFSET_BOUND;POLICY_FIRM_YEAR_UNKNOWN,main,LOCAL_EXPORT_AHS,2015.0,UPDATED_CHINA_ORDINARY;EU_REPLACEMENT_ORIGIN_UNCHANGED
35.0,ESP,2015,2015-06-01,2015-06-30,6.0,30.0,0.0821917808219178,0.7841322245706475,0.8681463914889309,0.7841322245706475,0.8681463914889309,observed_quote_tax_basis_assumed,0.0,0.0,0.0,0.0,0.477,0.6754682361602754,undertaking,0.8,1.0,EU_MIP,EU_SHARED,calendar_days_fixed,A_POLICY_COVER;A_EU_MIX;A_EU_FLOOR;A_FX;A_POLICY_UNKNOWN;A_TARIFF_FILL;A_PRICE_TAX;PV_AD_OFFSET_BOUND;POLICY_FIRM_YEAR_UNKNOWN,main,LOCAL_EXPORT_AHS,2015.0,UPDATED_CHINA_ORDINARY;EU_REPLACEMENT_ORIGIN_UNCHANGED
35.0,ESP,2015,2015-07-01,2015-07-31,7.0,31.0,0.084931506849315,0.7826573192219436,0.8444460549499919,0.7826573192219436,0.8444460549499919,observed_quote_tax_basis_assumed,0.0,0.0,0.0,0.0,0.477,0.6754682361602754,undertaking,0.8,1.0,EU_MIP,EU_SHARED,calendar_days_fixed,A_POLICY_COVER;A_EU_MIX;A_EU_FLOOR;A_FX;A_POLICY_UNKNOWN;A_TARIFF_FILL;A_PRICE_TAX;PV_AD_OFFSET_BOUND;POLICY_FIRM_YEAR_UNKNOWN,main,LOCAL_EXPORT_AHS,2015.0,UPDATED_CHINA_ORDINARY;EU_REPLACEMENT_ORIGIN_UNCHANGED
35.0,ESP,2015,2015-08-01,2015-08-31,8.0,31.0,0.084931506849315,0.7928546296754717,0.8484935510562066,0.7928546296754717,0.8484935510562066,observed_quote_tax_basis_assumed,0.0,0.0,0.0,0.0,0.477,0.6754682361602754,undertaking,0.8,1.0,EU_MIP,EU_SHARED,calendar_days_fixed,A_POLICY_COVER;A_EU_MIX;A_EU_FLOOR;A_FX;A_POLICY_UNKNOWN;A_TARIFF_FILL;A_PRICE_TAX;PV_AD_OFFSET_BOUND;POLICY_FIRM_YEAR_UNKNOWN,main,LOCAL_EXPORT_AHS,2015.0,UPDATED_CHINA_ORDINARY;EU_REPLACEMENT_ORIGIN_UNCHANGED
35.0,ESP,2015,2015-09-01,2015-09-30,9.0,30.0,0.0821917808219178,0.8238181179610751,0.8816299157127296,0.8238181179610751,0.8816299157127296,observed_quote_tax_basis_assumed,0.0,0.0,0.0,0.0,0.477,0.6754682361602754,undertaking,0.8,1.0,EU_MIP,EU_SHARED,calendar_days_fixed,A_POLICY_COVER;A_EU_MIX;A_EU_FLOOR;A_FX;A_POLICY_UNKNOWN;A_TARIFF_FILL;A_PRICE_TAX;PV_AD_OFFSET_BOUND;POLICY_FIRM_YEAR_UNKNOWN,main,LOCAL_EXPORT_AHS,2015.0,UPDATED_CHINA_ORDINARY;EU_REPLACEMENT_ORIGIN_UNCHANGED
35.0,ESP,2015,2015-10-01,2015-10-31,10.0,31.0,0.084931506849315,0.8090265672243003,0.8884845336481153,0.8090265672243003,0.8884845336481153,observed_quote_tax_basis_assumed,0.0,0.0,0.0,0.0,0.477,0.6754682361602754,undertaking,0.8,1.0,EU_MIP,EU_SHARED,calendar_days_fixed,A_POLICY_COVER;A_EU_MIX;A_EU_FLOOR;A_FX;A_POLICY_UNKNOWN;A_TARIFF_FILL;A_PRICE_TAX;PV_AD_OFFSET_BOUND;POLICY_FIRM_YEAR_UNKNOWN,main,LOCAL_EXPORT_AHS,2015.0,UPDATED_CHINA_ORDINARY;EU_REPLACEMENT_ORIGIN_UNCHANGED
35.0,ESP,2015,2015-11-01,2015-11-30,11.0,30.0,0.0821917808219178,0.7603831200676149,0.8571591535307657,0.7603831200676149,0.8571591535307657,observed_quote_tax_basis_assumed,0.0,0.0,0.0,0.0,0.477,0.6754682361602754,undertaking,0.8,1.0,EU_MIP,EU_SHARED,calendar_days_fixed,A_POLICY_COVER;A_EU_MIX;A_EU_FLOOR;A_FX;A_POLICY_UNKNOWN;A_TARIFF_FILL;A_PRICE_TAX;PV_AD_OFFSET_BOUND;POLICY_FIRM_YEAR_UNKNOWN,main,LOCAL_EXPORT_AHS,2015.0,UPDATED_CHINA_ORDINARY;EU_REPLACEMENT_ORIGIN_UNCHANGED
35.0,ESP,2015,2015-12-01,2015-12-31,12.0,31.0,0.084931506849315,0.770105042618891,0.861117456746578,0.770105042618891,0.861117456746578,observed_quote_tax_basis_assumed,0.0,0.0,0.0,0.0,0.477,0.6754682361602754,undertaking,0.8,1.0,EU_MIP,EU_SHARED,calendar_days_fixed,A_POLICY_COVER;A_EU_MIX;A_EU_FLOOR;A_FX;A_POLICY_UNKNOWN;A_TARIFF_FILL;A_PRICE_TAX;PV_AD_OFFSET_BOUND;POLICY_FIRM_YEAR_UNKNOWN,main,LOCAL_EXPORT_AHS,2015.0,UPDATED_CHINA_ORDINARY;EU_REPLACEMENT_ORIGIN_UNCHANGED
36.0,ESP,2016,2016-01-01,2016-01-31,1.0,31.0,0.0846994535519125,0.7754609470994799,0.8654698070306694,0.7754609470994799,0.8654698070306694,observed_quote_tax_basis_assumed,0.0,0.0,0.0,0.0,0.477,0.6654901018970281,undertaking,0.8,1.0,EU_MIP,EU_SHARED,calendar_days_fixed,A_POLICY_COVER;A_EU_MIX;A_EU_FLOOR;A_FX;A_POLICY_UNKNOWN;A_TARIFF_FILL;A_PRICE_TAX;PV_AD_OFFSET_BOUND;POLICY_FIRM_YEAR_UNKNOWN,main,LOCAL_EXPORT_AHS,2016.0,UPDATED_CHINA_ORDINARY;EU_REPLACEMENT_ORIGIN_UNCHANGED
36.0,ESP,2016,2016-02-01,2016-02-29,2.0,29.0,0.0792349726775956,0.7780005038629495,0.8699460179558434,0.7780005038629495,0.8699460179558434,observed_quote_tax_basis_assumed,0.0,0.0,0.0,0.0,0.477,0.6654901018970281,undertaking,0.8,1.0,EU_MIP,EU_SHARED,calendar_days_fixed,A_POLICY_COVER;A_EU_MIX;A_EU_FLOOR;A_FX;A_POLICY_UNKNOWN;A_TARIFF_FILL;A_PRICE_TAX;PV_AD_OFFSET_BOUND;POLICY_FIRM_YEAR_UNKNOWN,main,LOCAL_EXPORT_AHS,2016.0,UPDATED_CHINA_ORDINARY;EU_REPLACEMENT_ORIGIN_UNCHANGED
36.0,ESP,2016,2016-03-01,2016-03-31,3.0,31.0,0.0846994535519125,0.7787644863397156,0.8495612578251441,0.7787644863397156,0.8495612578251441,observed_quote_tax_basis_assumed,0.0,0.0,0.0,0.0,0.477,0.6654901018970281,undertaking,0.8,1.0,EU_MIP,EU_SHARED,calendar_days_fixed,A_POLICY_COVER;A_EU_MIX;A_EU_FLOOR;A_FX;A_POLICY_UNKNOWN;A_TARIFF_FILL;A_PRICE_TAX;PV_AD_OFFSET_BOUND;POLICY_FIRM_YEAR_UNKNOWN,main,LOCAL_EXPORT_AHS,2016.0,UPDATED_CHINA_ORDINARY;EU_REPLACEMENT_ORIGIN_UNCHANGED
36.0,ESP,2016,2016-04-01,2016-04-30,4.0,30.0,0.081967213114754,0.7944156135931028,0.8738571749524129,0.7944156135931028,0.8738571749524129,observed_quote_tax_basis_assumed,0.0,0.0,0.0,0.0,0.477,0.6654901018970281,undertaking,0.8,1.0,EU_MIP,EU_SHARED,calendar_days_fixed,A_POLICY_COVER;A_EU_MIX;A_EU_FLOOR;A_FX;A_POLICY_UNKNOWN;A_TARIFF_FILL;A_PRICE_TAX;PV_AD_OFFSET_BOUND;POLICY_FIRM_YEAR_UNKNOWN,main,LOCAL_EXPORT_AHS,2016.0,UPDATED_CHINA_ORDINARY;EU_REPLACEMENT_ORIGIN_UNCHANGED
36.0,ESP,2016,2016-05-01,2016-05-31,5.0,31.0,0.0846994535519125,0.7782994701499374,0.8575707124800236,0.7782994701499374,0.8575707124800236,observed_quote_tax_basis_assumed,0.0,0.0,0.0,0.0,0.477,0.6654901018970281,undertaking,0.8,1.0,EU_MIP,EU_SHARED,calendar_days_fixed,A_POLICY_COVER;A_EU_MIX;A_EU_FLOOR;A_FX;A_POLICY_UNKNOWN;A_TARIFF_FILL;A_PRICE_TAX;PV_AD_OFFSET_BOUND;POLICY_FIRM_YEAR_UNKNOWN,main,LOCAL_EXPORT_AHS,2016.0,UPDATED_CHINA_ORDINARY;EU_REPLACEMENT_ORIGIN_UNCHANGED
36.0,ESP,2016,2016-06-01,2016-06-30,6.0,30.0,0.081967213114754,0.7591586187691494,0.8379392301508536,0.7591586187691494,0.8379392301508536,observed_quote_tax_basis_assumed,0.0,0.0,0.0,0.0,0.477,0.6654901018970281,undertaking,0.8,1.0,EU_MIP,EU_SHARED,calendar_days_fixed,A_POLICY_COVER;A_EU_MIX;A_EU_FLOOR;A_FX;A_POLICY_UNKNOWN;A_TARIFF_FILL;A_PRICE_TAX;PV_AD_OFFSET_BOUND;POLICY_FIRM_YEAR_UNKNOWN,main,LOCAL_EXPORT_AHS,2016.0,UPDATED_CHINA_ORDINARY;EU_REPLACEMENT_ORIGIN_UNCHANGED
36.0,ESP,2016,2016-07-01,2016-07-31,7.0,31.0,0.0846994535519125,0.7330790988487496,0.8035674737380523,0.7330790988487496,0.8035674737380523,observed_quote_tax_basis_assumed,0.0,0.0,0.0,0.0,0.477,0.6654901018970281,undertaking,0.8,1.0,EU_MIP,EU_SHARED,calendar_days_fixed,A_POLICY_COVER;A_EU_MIX;A_EU_FLOOR;A_FX;A_POLICY_UNKNOWN;A_TARIFF_FILL;A_PRICE_TAX;PV_AD_OFFSET_BOUND;POLICY_FIRM_YEAR_UNKNOWN,main,LOCAL_EXPORT_AHS,2016.0,UPDATED_CHINA_ORDINARY;EU_REPLACEMENT_ORIGIN_UNCHANGED
36.0,ESP,2016,2016-08-01,2016-08-31,8.0,31.0,0.0846994535519125,0.7280738985555929,0.8280056101220468,0.7280738985555929,0.8280056101220468,observed_quote_tax_basis_assumed,0.0,0.0,0.0,0.0,0.477,0.6654901018970281,undertaking,0.8,1.0,EU_MIP,EU_SHARED,calendar_days_fixed,A_POLICY_COVER;A_EU_MIX;A_EU_FLOOR;A_FX;A_POLICY_UNKNOWN;A_TARIFF_FILL;A_PRICE_TAX;PV_AD_OFFSET_BOUND;POLICY_FIRM_YEAR_UNKNOWN,main,LOCAL_EXPORT_AHS,2016.0,UPDATED_CHINA_ORDINARY;EU_REPLACEMENT_ORIGIN_UNCHANGED
36.0,ESP,2016,2016-09-01,2016-09-30,9.0,30.0,0.081967213114754,0.7423697374619559,0.7923369313295875,0.7423697374619559,0.7923369313295875,observed_quote_tax_basis_assumed,0.0,0.0,0.0,0.0,0.477,0.6654901018970281,undertaking,0.8,1.0,EU_MIP,EU_SHARED,calendar_days_fixed,A_POLICY_COVER;A_EU_MIX;A_EU_FLOOR;A_FX;A_POLICY_UNKNOWN;A_TARIFF_FILL;A_PRICE_TAX;PV_AD_OFFSET_BOUND;POLICY_FIRM_YEAR_UNKNOWN,main,LOCAL_EXPORT_AHS,2016.0,UPDATED_CHINA_ORDINARY;EU_REPLACEMENT_ORIGIN_UNCHANGED
36.0,ESP,2016,2016-10-01,2016-10-31,10.0,31.0,0.0846994535519125,0.7036858447593164,0.774054429235248,0.7036858447593164,0.774054429235248,observed_quote_tax_basis_assumed,0.0,0.0,0.0,0.0,0.477,0.6654901018970281,undertaking,0.8,1.0,EU_MIP,EU_SHARED,calendar_days_fixed,A_POLICY_COVER;A_EU_MIX;A_EU_FLOOR;A_FX;A_POLICY_UNKNOWN;A_TARIFF_FILL;A_PRICE_TAX;PV_AD_OFFSET_BOUND;POLICY_FIRM_YEAR_UNKNOWN,main,LOCAL_EXPORT_AHS,2016.0,UPDATED_CHINA_ORDINARY;EU_REPLACEMENT_ORIGIN_UNCHANGED
36.0,ESP,2016,2016-11-01,2016-11-30,11.0,30.0,0.081967213114754,0.6749440466200466,0.7438158881118881,0.6749440466200466,0.7438158881118881,observed_quote_tax_basis_assumed,0.0,0.0,0.0,0.0,0.477,0.6654901018970281,undertaking,0.8,1.0,EU_MIP,EU_SHARED,calendar_days_fixed,A_POLICY_COVER;A_EU_MIX;A_EU_FLOOR;A_FX;A_POLICY_UNKNOWN;A_TARIFF_FILL;A_PRICE_TAX;PV_AD_OFFSET_BOUND;POLICY_FIRM_YEAR_UNKNOWN,main,LOCAL_EXPORT_AHS,2016.0,UPDATED_CHINA_ORDINARY;EU_REPLACEMENT_ORIGIN_UNCHANGED
36.0,ESP,2016,2016-12-01,2016-12-31,12.0,31.0,0.0846994535519125,0.6716546528435174,0.7186704785425637,0.6716546528435174,0.7186704785425637,observed_quote_tax_basis_assumed,0.0,0.0,0.0,0.0,0.477,0.6654901018970281,undertaking,0.8,1.0,EU_MIP,EU_SHARED,calendar_days_fixed,A_POLICY_COVER;A_EU_MIX;A_EU_FLOOR;A_FX;A_POLICY_UNKNOWN;A_TARIFF_FILL;A_PRICE_TAX;PV_AD_OFFSET_BOUND;POLICY_FIRM_YEAR_UNKNOWN,main,LOCAL_EXPORT_AHS,2016.0,UPDATED_CHINA_ORDINARY;EU_REPLACEMENT_ORIGIN_UNCHANGED
37.0,ESP,2017,2017-01-01,2017-01-31,1.0,31.0,0.084931506849315,0.65131797346,0.6978406858499999,0.65131797346,0.6978406858499999,observed_quote_tax_basis_assumed,0.0,0.0,0.0,0.0,0.477,0.6650304059970626,undertaking,0.8,1.0,EU_MIP,EU_SHARED,calendar_days_fixed,A_POLICY_COVER;A_EU_MIX;A_EU_FLOOR;A_FX;A_POLICY_UNKNOWN;A_TARIFF_FILL;A_PRICE_TAX;PV_AD_OFFSET_BOUND;POLICY_FIRM_YEAR_UNKNOWN,main,LOCAL_EXPORT_AHS,2017.0,UPDATED_CHINA_ORDINARY;EU_REPLACEMENT_ORIGIN_UNCHANGED
37.0,ESP,2017,2017-02-01,2017-02-28,2.0,28.0,0.0767123287671232,0.653336242055,0.680003027445,0.653336242055,0.680003027445,observed_quote_tax_basis_assumed,0.0,0.0,0.0,0.0,0.477,0.6650304059970626,undertaking,0.8,1.0,EU_MIP,EU_SHARED,calendar_days_fixed,A_POLICY_COVER;A_EU_MIX;A_EU_FLOOR;A_FX;A_POLICY_UNKNOWN;A_TARIFF_FILL;A_PRICE_TAX;PV_AD_OFFSET_BOUND;POLICY_FIRM_YEAR_UNKNOWN,main,LOCAL_EXPORT_AHS,2017.0,UPDATED_CHINA_ORDINARY;EU_REPLACEMENT_ORIGIN_UNCHANGED
37.0,ESP,2017,2017-03-01,2017-03-31,3.0,31.0,0.084931506849315,0.6288995552,0.66904208,0.6288995552,0.66904208,observed_quote_tax_basis_assumed,0.0,0.0,0.0,0.0,0.477,0.6650304059970626,undertaking,0.8,1.0,EU_MIP,EU_SHARED,calendar_days_fixed,A_POLICY_COVER;A_EU_MIX;A_EU_FLOOR;A_FX;A_POLICY_UNKNOWN;A_TARIFF_FILL;A_PRICE_TAX;PV_AD_OFFSET_BOUND;POLICY_FIRM_YEAR_UNKNOWN,main,LOCAL_EXPORT_AHS,2017.0,UPDATED_CHINA_ORDINARY;EU_REPLACEMENT_ORIGIN_UNCHANGED
37.0,ESP,2017,2017-04-01,2017-04-30,4.0,30.0,0.0821917808219178,0.6161349233900001,0.6630147545175,0.6161349233900001,0.6630147545175,observed_quote_tax_basis_assumed,0.0,0.0,0.0,0.0,0.477,0.6650304059970626,undertaking,0.8,1.0,EU_MIP,EU_SHARED,calendar_days_fixed,A_POLICY_COVER;A_EU_MIX;A_EU_FLOOR;A_FX;A_POLICY_UNKNOWN;A_TARIFF_FILL;A_PRICE_TAX;PV_AD_OFFSET_BOUND;POLICY_FIRM_YEAR_UNKNOWN,main,LOCAL_EXPORT_AHS,2017.0,UPDATED_CHINA_ORDINARY;EU_REPLACEMENT_ORIGIN_UNCHANGED
37.0,ESP,2017,2017-05-01,2017-05-31,5.0,31.0,0.084931506849315,0.6360321647399999,0.67751252331,0.6360321647399999,0.67751252331,observed_quote_tax_basis_assumed,0.0,0.0,0.0,0.0,0.477,0.6650304059970626,undertaking,0.8,1.0,EU_MIP,EU_SHARED,calendar_days_fixed,A_POLICY_COVER;A_EU_MIX;A_EU_FLOOR;A_FX;A_POLICY_UNKNOWN;A_TARIFF_FILL;A_PRICE_TAX;PV_AD_OFFSET_BOUND;POLICY_FIRM_YEAR_UNKNOWN,main,LOCAL_EXPORT_AHS,2017.0,UPDATED_CHINA_ORDINARY;EU_REPLACEMENT_ORIGIN_UNCHANGED
37.0,ESP,2017,2017-06-01,2017-06-30,6.0,30.0,0.0821917808219178,0.6834862197535653,0.7587457241032978,,,index_bridge,0.0,0.0,0.0,0.0,0.477,0.6650304059970626,undertaking,0.8,1.0,EU_MIP,EU_SHARED,calendar_days_fixed,A_POLICY_COVER;A_EU_MIX;A_EU_FLOOR;A_FX;A_POLICY_UNKNOWN;A_TARIFF_FILL;A_PRICE_TAX;PV_AD_OFFSET_BOUND;POLICY_FIRM_YEAR_UNKNOWN,main,LOCAL_EXPORT_AHS,2017.0,UPDATED_CHINA_ORDINARY;EU_REPLACEMENT_ORIGIN_UNCHANGED
37.0,ESP,2017,2017-07-01,2017-07-31,7.0,31.0,0.084931506849315,0.7190854065307387,0.7982647809154071,,,index_bridge,0.0,0.0,0.0,0.0,0.477,0.6650304059970626,undertaking,0.8,1.0,EU_MIP,EU_SHARED,calendar_days_fixed,A_POLICY_COVER;A_EU_MIX;A_EU_FLOOR;A_FX;A_POLICY_UNKNOWN;A_TARIFF_FILL;A_PRICE_TAX;PV_AD_OFFSET_BOUND;POLICY_FIRM_YEAR_UNKNOWN,main,LOCAL_EXPORT_AHS,2017.0,UPDATED_CHINA_ORDINARY;EU_REPLACEMENT_ORIGIN_UNCHANGED
37.0,ESP,2017,2017-08-01,2017-08-31,8.0,31.0,0.084931506849315,0.7376777050824325,0.8189043002204721,,,index_bridge,0.0,0.0,0.0,0.0,0.477,0.6650304059970626,undertaking,0.8,1.0,EU_MIP,EU_SHARED,calendar_days_fixed,A_POLICY_COVER;A_EU_MIX;A_EU_FLOOR;A_FX;A_POLICY_UNKNOWN;A_TARIFF_FILL;A_PRICE_TAX;PV_AD_OFFSET_BOUND;POLICY_FIRM_YEAR_UNKNOWN,main,LOCAL_EXPORT_AHS,2017.0,UPDATED_CHINA_ORDINARY;EU_REPLACEMENT_ORIGIN_UNCHANGED
37.0,ESP,2017,2017-09-01,2017-09-30,9.0,30.0,0.0821917808219178,0.7443664359352588,0.8263295354155424,,,index_bridge,0.0,0.0,0.0,0.0,0.477,0.6650304059970626,undertaking,0.8,1.0,EU_MIP,EU_SHARED,calendar_days_fixed,A_POLICY_COVER;A_EU_MIX;A_EU_FLOOR;A_FX;A_POLICY_UNKNOWN;A_TARIFF_FILL;A_PRICE_TAX;PV_AD_OFFSET_BOUND;POLICY_FIRM_YEAR_UNKNOWN,main,LOCAL_EXPORT_AHS,2017.0,UPDATED_CHINA_ORDINARY;EU_REPLACEMENT_ORIGIN_UNCHANGED
37.0,ESP,2017,2017-10-01,2017-10-31,10.0,31.0,0.084931506849315,0.7152718333710166,0.7940312905466657,,,index_bridge,0.0,0.0,0.0,0.0,0.477,0.5710587181931299,variable_MIP_duty,0.8,1.0,EU_MIP,EU_SHARED,calendar_days_fixed,A_POLICY_COVER;A_EU_MIX;A_EU_FLOOR;A_FX;A_POLICY_UNKNOWN;A_TARIFF_FILL;A_PRICE_TAX;PV_AD_OFFSET_BOUND;POLICY_FIRM_YEAR_UNKNOWN,main,LOCAL_EXPORT_AHS,2017.0,UPDATED_CHINA_ORDINARY;EU_REPLACEMENT_ORIGIN_UNCHANGED
37.0,ESP,2017,2017-11-01,2017-11-30,11.0,30.0,0.0821917808219178,0.6803818599439665,0.7552995394348484,,,index_bridge,0.0,0.0,0.0,0.0,0.477,0.5710587181931299,variable_MIP_duty,0.8,1.0,EU_MIP,EU_SHARED,calendar_days_fixed,A_POLICY_COVER;A_EU_MIX;A_EU_FLOOR;A_FX;A_POLICY_UNKNOWN;A_TARIFF_FILL;A_PRICE_TAX;PV_AD_OFFSET_BOUND;POLICY_FIRM_YEAR_UNKNOWN,main,LOCAL_EXPORT_AHS,2017.0,UPDATED_CHINA_ORDINARY;EU_REPLACEMENT_ORIGIN_UNCHANGED
37.0,ESP,2017,2017-12-01,2017-12-31,12.0,31.0,0.084931506849315,0.6512233829889086,0.722930386887791,,,index_bridge,0.0,0.0,0.0,0.0,0.477,0.5710587181931299,variable_MIP_duty,0.8,1.0,EU_MIP,EU_SHARED,calendar_days_fixed,A_POLICY_COVER;A_EU_MIX;A_EU_FLOOR;A_FX;A_POLICY_UNKNOWN;A_TARIFF_FILL;A_PRICE_TAX;PV_AD_OFFSET_BOUND;POLICY_FIRM_YEAR_UNKNOWN,main,LOCAL_EXPORT_AHS,2017.0,UPDATED_CHINA_ORDINARY;EU_REPLACEMENT_ORIGIN_UNCHANGED
38.0,ESP,2018,2018-01-01,2018-01-31,1.0,31.0,0.084931506849315,0.655027440164083,0.7271533134552772,,,index_bridge,0.0,0.0,0.0,0.0,0.477,0.5384969307307245,variable_MIP_duty,0.8,1.0,EU_MIP,EU_SHARED,calendar_days_fixed,A_POLICY_COVER;A_EU_MIX;A_EU_FLOOR;A_FX;A_POLICY_UNKNOWN;A_TARIFF_FILL;A_PRICE_TAX;PV_AD_OFFSET_BOUND;POLICY_FIRM_YEAR_UNKNOWN,main,LOCAL_EXPORT_AHS,2018.0,UPDATED_CHINA_ORDINARY;EU_REPLACEMENT_ORIGIN_UNCHANGED
38.0,ESP,2018,2018-02-01,2018-02-28,2.0,28.0,0.0767123287671232,0.6647304348272245,0.7379247167387408,,,index_bridge,0.0,0.0,0.0,0.0,0.477,0.5384969307307245,variable_MIP_duty,0.8,1.0,EU_MIP,EU_SHARED,calendar_days_fixed,A_POLICY_COVER;A_EU_MIX;A_EU_FLOOR;A_FX;A_POLICY_UNKNOWN;A_TARIFF_FILL;A_PRICE_TAX;PV_AD_OFFSET_BOUND;POLICY_FIRM_YEAR_UNKNOWN,main,LOCAL_EXPORT_AHS,2018.0,UPDATED_CHINA_ORDINARY;EU_REPLACEMENT_ORIGIN_UNCHANGED
38.0,ESP,2018,2018-03-01,2018-03-31,3.0,31.0,0.084931506849315,0.6450430138824986,0.7160694897733482,,,index_bridge,0.0,0.0,0.0,0.0,0.477,0.5384969307307245,variable_MIP_duty,0.8,1.0,EU_MIP,EU_SHARED,calendar_days_fixed,A_POLICY_COVER;A_EU_MIX;A_EU_FLOOR;A_FX;A_POLICY_UNKNOWN;A_TARIFF_FILL;A_PRICE_TAX;PV_AD_OFFSET_BOUND;POLICY_FIRM_YEAR_UNKNOWN,main,LOCAL_EXPORT_AHS,2018.0,UPDATED_CHINA_ORDINARY;EU_REPLACEMENT_ORIGIN_UNCHANGED
38.0,ESP,2018,2018-04-01,2018-04-30,4.0,30.0,0.0821917808219178,0.6248356131344818,0.6936370273919885,,,index_bridge,0.0,0.0,0.0,0.0,0.477,0.5089902495947943,variable_MIP_duty,0.8,1.0,EU_MIP,EU_SHARED,calendar_days_fixed,A_POLICY_COVER;A_EU_MIX;A_EU_FLOOR;A_FX;A_POLICY_UNKNOWN;A_TARIFF_FILL;A_PRICE_TAX;PV_AD_OFFSET_BOUND;POLICY_FIRM_YEAR_UNKNOWN,main,LOCAL_EXPORT_AHS,2018.0,UPDATED_CHINA_ORDINARY;EU_REPLACEMENT_ORIGIN_UNCHANGED
38.0,ESP,2018,2018-05-01,2018-05-31,5.0,31.0,0.084931506849315,0.5850384784497941,0.6494577814893321,,,index_bridge,0.0,0.0,0.0,0.0,0.477,0.5089902495947943,variable_MIP_duty,0.8,1.0,EU_MIP,EU_SHARED,calendar_days_fixed,A_POLICY_COVER;A_EU_MIX;A_EU_FLOOR;A_FX;A_POLICY_UNKNOWN;A_TARIFF_FILL;A_PRICE_TAX;PV_AD_OFFSET_BOUND;POLICY_FIRM_YEAR_UNKNOWN,main,LOCAL_EXPORT_AHS,2018.0,UPDATED_CHINA_ORDINARY;EU_REPLACEMENT_ORIGIN_UNCHANGED
38.0,ESP,2018,2018-06-01,2018-06-30,6.0,30.0,0.0821917808219178,0.5600553168749636,0.6217236934102497,,,index_bridge,0.0,0.0,0.0,0.0,0.477,0.5089902495947943,variable_MIP_duty,0.8,1.0,EU_MIP,EU_SHARED,calendar_days_fixed,A_POLICY_COVER;A_EU_MIX;A_EU_FLOOR;A_FX;A_POLICY_UNKNOWN;A_TARIFF_FILL;A_PRICE_TAX;PV_AD_OFFSET_BOUND;POLICY_FIRM_YEAR_UNKNOWN,main,LOCAL_EXPORT_AHS,2018.0,UPDATED_CHINA_ORDINARY;EU_REPLACEMENT_ORIGIN_UNCHANGED
38.0,ESP,2018,2018-07-01,2018-07-31,7.0,31.0,0.084931506849315,0.5436607621600794,0.6035239142062432,,,index_bridge,0.0,0.0,0.0,0.0,0.477,0.4794835684588642,variable_MIP_duty,0.8,1.0,EU_MIP,EU_SHARED,calendar_days_fixed,A_POLICY_COVER;A_EU_MIX;A_EU_FLOOR;A_FX;A_POLICY_UNKNOWN;A_TARIFF_FILL;A_PRICE_TAX;PV_AD_OFFSET_BOUND;POLICY_FIRM_YEAR_UNKNOWN,main,LOCAL_EXPORT_AHS,2018.0,UPDATED_CHINA_ORDINARY;EU_REPLACEMENT_ORIGIN_UNCHANGED
38.0,ESP,2018,2018-08-01,2018-08-31,8.0,31.0,0.084931506849315,0.5200018991617037,0.577259944841015,,,index_bridge,0.0,0.0,0.0,0.0,0.477,0.4794835684588642,variable_MIP_duty,0.8,1.0,EU_MIP,EU_SHARED,calendar_days_fixed,A_POLICY_COVER;A_EU_MIX;A_EU_FLOOR;A_FX;A_POLICY_UNKNOWN;A_TARIFF_FILL;A_PRICE_TAX;PV_AD_OFFSET_BOUND;POLICY_FIRM_YEAR_UNKNOWN,main,LOCAL_EXPORT_AHS,2018.0,UPDATED_CHINA_ORDINARY;EU_REPLACEMENT_ORIGIN_UNCHANGED
38.0,ESP,2018,2018-09-01,2018-09-02,9.0,2.0,0.0054794520547945,0.491111693367402,0.54518860312063,,,index_bridge,0.0,0.0,0.0,0.0,0.477,0.4794835684588642,variable_MIP_duty,0.8,1.0,EU_MIP,EU_SHARED,calendar_days_fixed,A_POLICY_COVER;A_EU_MIX;A_EU_FLOOR;A_FX;A_POLICY_UNKNOWN;A_TARIFF_FILL;A_PRICE_TAX;PV_AD_OFFSET_BOUND;POLICY_FIRM_YEAR_UNKNOWN,main,LOCAL_EXPORT_AHS,2018.0,UPDATED_CHINA_ORDINARY;EU_REPLACEMENT_ORIGIN_UNCHANGED
38.0,ESP,2018,2018-09-03,2018-09-30,9.0,28.0,0.0767123287671232,0.491111693367402,0.54518860312063,,,index_bridge,0.0,0.0,0.0,0.0,0.0,0.0,none,0.8,1.0,,EU_SHARED,calendar_days_fixed,A_POLICY_COVER;A_EU_MIX;A_EU_FLOOR;A_FX;A_POLICY_UNKNOWN;A_TARIFF_FILL;A_PRICE_TAX;PV_AD_OFFSET_BOUND;POLICY_FIRM_YEAR_UNKNOWN,main,LOCAL_EXPORT_AHS,2018.0,UPDATED_CHINA_ORDINARY;EU_REPLACEMENT_ORIGIN_UNCHANGED
38.0,ESP,2018,2018-10-01,2018-10-31,10.0,31.0,0.084931506849315,0.4860318235809892,0.5395493826534903,,,index_bridge,0.0,0.0,0.0,0.0,0.0,0.0,none,0.8,1.0,,EU_SHARED,calendar_days_fixed,A_POLICY_COVER;A_EU_MIX;A_EU_FLOOR;A_FX;A_POLICY_UNKNOWN;A_TARIFF_FILL;A_PRICE_TAX;PV_AD_OFFSET_BOUND;POLICY_FIRM_YEAR_UNKNOWN,main,LOCAL_EXPORT_AHS,2018.0,UPDATED_CHINA_ORDINARY;EU_REPLACEMENT_ORIGIN_UNCHANGED
38.0,ESP,2018,2018-11-01,2018-11-30,11.0,30.0,0.0821917808219178,0.4461069108009444,0.4952282888529768,,,index_bridge,0.0,0.0,0.0,0.0,0.0,0.0,none,0.8,1.0,,EU_SHARED,calendar_days_fixed,A_POLICY_COVER;A_EU_MIX;A_EU_FLOOR;A_FX;A_POLICY_UNKNOWN;A_TARIFF_FILL;A_PRICE_TAX;PV_AD_OFFSET_BOUND;POLICY_FIRM_YEAR_UNKNOWN,main,LOCAL_EXPORT_AHS,2018.0,UPDATED_CHINA_ORDINARY;EU_REPLACEMENT_ORIGIN_UNCHANGED
38.0,ESP,2018,2018-12-01,2018-12-31,12.0,31.0,0.084931506849315,0.445321925914791,0.4943568683200664,,,index_bridge,0.0,0.0,0.0,0.0,0.0,0.0,none,0.8,1.0,,EU_SHARED,calendar_days_fixed,A_POLICY_COVER;A_EU_MIX;A_EU_FLOOR;A_FX;A_POLICY_UNKNOWN;A_TARIFF_FILL;A_PRICE_TAX;PV_AD_OFFSET_BOUND;POLICY_FIRM_YEAR_UNKNOWN,main,LOCAL_EXPORT_AHS,2018.0,UPDATED_CHINA_ORDINARY;EU_REPLACEMENT_ORIGIN_UNCHANGED
39.0,ESP,2019,2019-01-01,2019-01-31,1.0,31.0,0.084931506849315,0.4407953936392269,0.4893319140344654,,,index_bridge,0.0,0.0,0.0,0.0,0.0,0.0,none,0.8,1.0,,EU_SHARED,calendar_days_fixed,A_POLICY_COVER;A_EU_MIX;A_EU_FLOOR;A_FX;A_POLICY_UNKNOWN;A_TARIFF_FILL;A_PRICE_TAX;PV_AD_OFFSET_BOUND;POLICY_FIRM_YEAR_UNKNOWN,main,LOCAL_EXPORT_AHS,2019.0,UPDATED_CHINA_ORDINARY;EU_REPLACEMENT_ORIGIN_UNCHANGED
39.0,ESP,2019,2019-02-01,2019-02-28,2.0,28.0,0.0767123287671232,0.4220528087387762,0.4685255601668083,,,index_bridge,0.0,0.0,0.0,0.0,0.0,0.0,none,0.8,1.0,,EU_SHARED,calendar_days_fixed,A_POLICY_COVER;A_EU_MIX;A_EU_FLOOR;A_FX;A_POLICY_UNKNOWN;A_TARIFF_FILL;A_PRICE_TAX;PV_AD_OFFSET_BOUND;POLICY_FIRM_YEAR_UNKNOWN,main,LOCAL_EXPORT_AHS,2019.0,UPDATED_CHINA_ORDINARY;EU_REPLACEMENT_ORIGIN_UNCHANGED
39.0,ESP,2019,2019-03-01,2019-03-31,3.0,31.0,0.084931506849315,0.43639361763407,0.4844454530849272,,,index_bridge,0.0,0.0,0.0,0.0,0.0,0.0,none,0.8,1.0,,EU_SHARED,calendar_days_fixed,A_POLICY_COVER;A_EU_MIX;A_EU_FLOOR;A_FX;A_POLICY_UNKNOWN;A_TARIFF_FILL;A_PRICE_TAX;PV_AD_OFFSET_BOUND;POLICY_FIRM_YEAR_UNKNOWN,main,LOCAL_EXPORT_AHS,2019.0,UPDATED_CHINA_ORDINARY;EU_REPLACEMENT_ORIGIN_UNCHANGED
39.0,ESP,2019,2019-04-01,2019-04-30,4.0,30.0,0.0821917808219178,0.4178512434680968,0.4638613554008097,,,index_bridge,0.0,0.0,0.0,0.0,0.0,0.0,none,0.8,1.0,,EU_SHARED,calendar_days_fixed,A_POLICY_COVER;A_EU_MIX;A_EU_FLOOR;A_FX;A_POLICY_UNKNOWN;A_TARIFF_FILL;A_PRICE_TAX;PV_AD_OFFSET_BOUND;POLICY_FIRM_YEAR_UNKNOWN,main,LOCAL_EXPORT_AHS,2019.0,UPDATED_CHINA_ORDINARY;EU_REPLACEMENT_ORIGIN_UNCHANGED
39.0,ESP,2019,2019-05-01,2019-05-31,5.0,31.0,0.084931506849315,0.4318373933480303,0.4793875373652296,,,index_bridge,0.0,0.0,0.0,0.0,0.0,0.0,none,0.8,1.0,,EU_SHARED,calendar_days_fixed,A_POLICY_COVER;A_EU_MIX;A_EU_FLOOR;A_FX;A_POLICY_UNKNOWN;A_TARIFF_FILL;A_PRICE_TAX;PV_AD_OFFSET_BOUND;POLICY_FIRM_YEAR_UNKNOWN,main,LOCAL_EXPORT_AHS,2019.0,UPDATED_CHINA_ORDINARY;EU_REPLACEMENT_ORIGIN_UNCHANGED
39.0,ESP,2019,2019-06-01,2019-06-30,6.0,30.0,0.0821917808219178,0.4198962531131177,0.4661315435612515,,,index_bridge,0.0,0.0,0.0,0.0,0.0,0.0,none,0.8,1.0,,EU_SHARED,calendar_days_fixed,A_POLICY_COVER;A_EU_MIX;A_EU_FLOOR;A_FX;A_POLICY_UNKNOWN;A_TARIFF_FILL;A_PRICE_TAX;PV_AD_OFFSET_BOUND;POLICY_FIRM_YEAR_UNKNOWN,main,LOCAL_EXPORT_AHS,2019.0,UPDATED_CHINA_ORDINARY;EU_REPLACEMENT_ORIGIN_UNCHANGED
39.0,ESP,2019,2019-07-01,2019-07-31,7.0,31.0,0.084931506849315,0.4331502037355332,0.4808449029115831,,,index_bridge,0.0,0.0,0.0,0.0,0.0,0.0,none,0.8,1.0,,EU_SHARED,calendar_days_fixed,A_POLICY_COVER;A_EU_MIX;A_EU_FLOOR;A_FX;A_POLICY_UNKNOWN;A_TARIFF_FILL;A_PRICE_TAX;PV_AD_OFFSET_BOUND;POLICY_FIRM_YEAR_UNKNOWN,main,LOCAL_EXPORT_AHS,2019.0,UPDATED_CHINA_ORDINARY;EU_REPLACEMENT_ORIGIN_UNCHANGED
39.0,ESP,2019,2019-08-01,2019-08-31,8.0,31.0,0.084931506849315,0.4136868601909633,0.459238426783183,,,index_bridge,0.0,0.0,0.0,0.0,0.0,0.0,none,0.8,1.0,,EU_SHARED,calendar_days_fixed,A_POLICY_COVER;A_EU_MIX;A_EU_FLOOR;A_FX;A_POLICY_UNKNOWN;A_TARIFF_FILL;A_PRICE_TAX;PV_AD_OFFSET_BOUND;POLICY_FIRM_YEAR_UNKNOWN,main,LOCAL_EXPORT_AHS,2019.0,UPDATED_CHINA_ORDINARY;EU_REPLACEMENT_ORIGIN_UNCHANGED
39.0,ESP,2019,2019-09-01,2019-09-30,9.0,30.0,0.0821917808219178,0.3933783413315631,0.4366937120514113,,,index_bridge,0.0,0.0,0.0,0.0,0.0,0.0,none,0.8,1.0,,EU_SHARED,calendar_days_fixed,A_POLICY_COVER;A_EU_MIX;A_EU_FLOOR;A_FX;A_POLICY_UNKNOWN;A_TARIFF_FILL;A_PRICE_TAX;PV_AD_OFFSET_BOUND;POLICY_FIRM_YEAR_UNKNOWN,main,LOCAL_EXPORT_AHS,2019.0,UPDATED_CHINA_ORDINARY;EU_REPLACEMENT_ORIGIN_UNCHANGED
39.0,ESP,2019,2019-10-01,2019-10-31,10.0,31.0,0.084931506849315,0.3951301852582417,0.438638453657384,,,index_bridge,0.0,0.0,0.0,0.0,0.0,0.0,none,0.8,1.0,,EU_SHARED,calendar_days_fixed,A_POLICY_COVER;A_EU_MIX;A_EU_FLOOR;A_FX;A_POLICY_UNKNOWN;A_TARIFF_FILL;A_PRICE_TAX;PV_AD_OFFSET_BOUND;POLICY_FIRM_YEAR_UNKNOWN,main,LOCAL_EXPORT_AHS,2019.0,UPDATED_CHINA_ORDINARY;EU_REPLACEMENT_ORIGIN_UNCHANGED
39.0,ESP,2019,2019-11-01,2019-11-30,11.0,30.0,0.0821917808219178,0.3950586814244998,0.438559076448977,,,index_bridge,0.0,0.0,0.0,0.0,0.0,0.0,none,0.8,1.0,,EU_SHARED,calendar_days_fixed,A_POLICY_COVER;A_EU_MIX;A_EU_FLOOR;A_FX;A_POLICY_UNKNOWN;A_TARIFF_FILL;A_PRICE_TAX;PV_AD_OFFSET_BOUND;POLICY_FIRM_YEAR_UNKNOWN,main,LOCAL_EXPORT_AHS,2019.0,UPDATED_CHINA_ORDINARY;EU_REPLACEMENT_ORIGIN_UNCHANGED
39.0,ESP,2019,2019-12-01,2019-12-31,12.0,31.0,0.084931506849315,0.3814186100998776,0.4234170801732473,,,index_bridge,0.0,0.0,0.0,0.0,0.0,0.0,none,0.8,1.0,,EU_SHARED,calendar_days_fixed,A_POLICY_COVER;A_EU_MIX;A_EU_FLOOR;A_FX;A_POLICY_UNKNOWN;A_TARIFF_FILL;A_PRICE_TAX;PV_AD_OFFSET_BOUND;POLICY_FIRM_YEAR_UNKNOWN,main,LOCAL_EXPORT_AHS,2019.0,UPDATED_CHINA_ORDINARY;EU_REPLACEMENT_ORIGIN_UNCHANGED
40.0,ESP,2020,2020-01-01,2020-01-31,1.0,31.0,0.0846994535519125,0.3916536227402709,0.4347790825847101,,,index_bridge,0.0,0.0,0.0,0.0,0.0,0.0,none,0.8,1.0,,EU_SHARED,calendar_days_fixed,A_POLICY_COVER;A_EU_MIX;A_EU_FLOOR;A_FX;A_POLICY_UNKNOWN;A_TARIFF_FILL;A_PRICE_TAX;PV_AD_OFFSET_BOUND;POLICY_FIRM_YEAR_UNKNOWN,main,LOCAL_EXPORT_AHS,2020.0,UPDATED_CHINA_ORDINARY;EU_REPLACEMENT_ORIGIN_UNCHANGED
40.0,ESP,2020,2020-02-01,2020-02-29,2.0,29.0,0.0792349726775956,0.4001511722342303,0.444212307655762,,,index_bridge,0.0,0.0,0.0,0.0,0.0,0.0,none,0.8,1.0,,EU_SHARED,calendar_days_fixed,A_POLICY_COVER;A_EU_MIX;A_EU_FLOOR;A_FX;A_POLICY_UNKNOWN;A_TARIFF_FILL;A_PRICE_TAX;PV_AD_OFFSET_BOUND;POLICY_FIRM_YEAR_UNKNOWN,main,LOCAL_EXPORT_AHS,2020.0,UPDATED_CHINA_ORDINARY;EU_REPLACEMENT_ORIGIN_UNCHANGED
40.0,ESP,2020,2020-03-01,2020-03-31,3.0,31.0,0.0846994535519125,0.4059639138384141,0.4506650973536757,,,index_bridge,0.0,0.0,0.0,0.0,0.0,0.0,none,0.8,1.0,,EU_SHARED,calendar_days_fixed,A_POLICY_COVER;A_EU_MIX;A_EU_FLOOR;A_FX;A_POLICY_UNKNOWN;A_TARIFF_FILL;A_PRICE_TAX;PV_AD_OFFSET_BOUND;POLICY_FIRM_YEAR_UNKNOWN,main,LOCAL_EXPORT_AHS,2020.0,UPDATED_CHINA_ORDINARY;EU_REPLACEMENT_ORIGIN_UNCHANGED
40.0,ESP,2020,2020-04-01,2020-04-30,4.0,30.0,0.081967213114754,0.398569648573222,0.4424566404884109,,,index_bridge,0.0,0.0,0.0,0.0,0.0,0.0,none,0.8,1.0,,EU_SHARED,calendar_days_fixed,A_POLICY_COVER;A_EU_MIX;A_EU_FLOOR;A_FX;A_POLICY_UNKNOWN;A_TARIFF_FILL;A_PRICE_TAX;PV_AD_OFFSET_BOUND;POLICY_FIRM_YEAR_UNKNOWN,main,LOCAL_EXPORT_AHS,2020.0,UPDATED_CHINA_ORDINARY;EU_REPLACEMENT_ORIGIN_UNCHANGED
40.0,ESP,2020,2020-05-01,2020-05-31,5.0,31.0,0.0846994535519125,0.3846496011905039,0.4270038396480944,,,index_bridge,0.0,0.0,0.0,0.0,0.0,0.0,none,0.8,1.0,,EU_SHARED,calendar_days_fixed,A_POLICY_COVER;A_EU_MIX;A_EU_FLOOR;A_FX;A_POLICY_UNKNOWN;A_TARIFF_FILL;A_PRICE_TAX;PV_AD_OFFSET_BOUND;POLICY_FIRM_YEAR_UNKNOWN,main,LOCAL_EXPORT_AHS,2020.0,UPDATED_CHINA_ORDINARY;EU_REPLACEMENT_ORIGIN_UNCHANGED
40.0,ESP,2020,2020-06-01,2020-06-30,6.0,30.0,0.081967213114754,0.3812115019799509,0.4231871671247031,,,index_bridge,0.0,0.0,0.0,0.0,0.0,0.0,none,0.8,1.0,,EU_SHARED,calendar_days_fixed,A_POLICY_COVER;A_EU_MIX;A_EU_FLOOR;A_FX;A_POLICY_UNKNOWN;A_TARIFF_FILL;A_PRICE_TAX;PV_AD_OFFSET_BOUND;POLICY_FIRM_YEAR_UNKNOWN,main,LOCAL_EXPORT_AHS,2020.0,UPDATED_CHINA_ORDINARY;EU_REPLACEMENT_ORIGIN_UNCHANGED
40.0,ESP,2020,2020-07-01,2020-07-31,7.0,31.0,0.0846994535519125,0.355926910091064,0.3951184578706863,,,index_bridge,0.0,0.0,0.0,0.0,0.0,0.0,none,0.8,1.0,,EU_SHARED,calendar_days_fixed,A_POLICY_COVER;A_EU_MIX;A_EU_FLOOR;A_FX;A_POLICY_UNKNOWN;A_TARIFF_FILL;A_PRICE_TAX;PV_AD_OFFSET_BOUND;POLICY_FIRM_YEAR_UNKNOWN,main,LOCAL_EXPORT_AHS,2020.0,UPDATED_CHINA_ORDINARY;EU_REPLACEMENT_ORIGIN_UNCHANGED
40.0,ESP,2020,2020-08-01,2020-08-31,8.0,31.0,0.0846994535519125,0.3505575765752396,0.3891579004685412,,,index_bridge,0.0,0.0,0.0,0.0,0.0,0.0,none,0.8,1.0,,EU_SHARED,calendar_days_fixed,A_POLICY_COVER;A_EU_MIX;A_EU_FLOOR;A_FX;A_POLICY_UNKNOWN;A_TARIFF_FILL;A_PRICE_TAX;PV_AD_OFFSET_BOUND;POLICY_FIRM_YEAR_UNKNOWN,main,LOCAL_EXPORT_AHS,2020.0,UPDATED_CHINA_ORDINARY;EU_REPLACEMENT_ORIGIN_UNCHANGED
40.0,ESP,2020,2020-09-01,2020-09-30,9.0,30.0,0.081967213114754,0.3494998073724115,0.3879836590039169,,,index_bridge,0.0,0.0,0.0,0.0,0.0,0.0,none,0.8,1.0,,EU_SHARED,calendar_days_fixed,A_POLICY_COVER;A_EU_MIX;A_EU_FLOOR;A_FX;A_POLICY_UNKNOWN;A_TARIFF_FILL;A_PRICE_TAX;PV_AD_OFFSET_BOUND;POLICY_FIRM_YEAR_UNKNOWN,main,LOCAL_EXPORT_AHS,2020.0,UPDATED_CHINA_ORDINARY;EU_REPLACEMENT_ORIGIN_UNCHANGED
40.0,ESP,2020,2020-10-01,2020-10-31,10.0,31.0,0.0846994535519125,0.3489891499511527,0.3874167724688798,,,index_bridge,0.0,0.0,0.0,0.0,0.0,0.0,none,0.8,1.0,,EU_SHARED,calendar_days_fixed,A_POLICY_COVER;A_EU_MIX;A_EU_FLOOR;A_FX;A_POLICY_UNKNOWN;A_TARIFF_FILL;A_PRICE_TAX;PV_AD_OFFSET_BOUND;POLICY_FIRM_YEAR_UNKNOWN,main,LOCAL_EXPORT_AHS,2020.0,UPDATED_CHINA_ORDINARY;EU_REPLACEMENT_ORIGIN_UNCHANGED
40.0,ESP,2020,2020-11-01,2020-11-30,11.0,30.0,0.081967213114754,0.3675550748048358,0.4080270140357605,,,index_bridge,0.0,0.0,0.0,0.0,0.0,0.0,none,0.8,1.0,,EU_SHARED,calendar_days_fixed,A_POLICY_COVER;A_EU_MIX;A_EU_FLOOR;A_FX;A_POLICY_UNKNOWN;A_TARIFF_FILL;A_PRICE_TAX;PV_AD_OFFSET_BOUND;POLICY_FIRM_YEAR_UNKNOWN,main,LOCAL_EXPORT_AHS,2020.0,UPDATED_CHINA_ORDINARY;EU_REPLACEMENT_ORIGIN_UNCHANGED
40.0,ESP,2020,2020-12-01,2020-12-31,12.0,31.0,0.0846994535519125,0.3778580677742381,0.4194644821734781,,,index_bridge,0.0,0.0,0.0,0.0,0.0,0.0,none,0.8,1.0,,EU_SHARED,calendar_days_fixed,A_POLICY_COVER;A_EU_MIX;A_EU_FLOOR;A_FX;A_POLICY_UNKNOWN;A_TARIFF_FILL;A_PRICE_TAX;PV_AD_OFFSET_BOUND;POLICY_FIRM_YEAR_UNKNOWN,main,LOCAL_EXPORT_AHS,2020.0,UPDATED_CHINA_ORDINARY;EU_REPLACEMENT_ORIGIN_UNCHANGED
41.0,ESP,2021,2021-01-01,2021-01-31,1.0,31.0,0.084931506849315,0.3778178498205821,0.4194198357717119,,,index_bridge,0.0,0.0,0.0,0.0,0.0,0.0,none,0.8,1.0,,EU_SHARED,calendar_days_fixed,A_POLICY_COVER;A_EU_MIX;A_EU_FLOOR;A_FX;A_POLICY_UNKNOWN;A_TARIFF_FILL;A_PRICE_TAX;PV_AD_OFFSET_BOUND;POLICY_FIRM_YEAR_UNKNOWN,main,LOCAL_EXPORT_AHS,2021.0,UPDATED_CHINA_ORDINARY;EU_REPLACEMENT_ORIGIN_UNCHANGED
41.0,ESP,2021,2021-02-01,2021-02-28,2.0,28.0,0.0767123287671232,0.3918816772586748,0.4350322484653094,,,index_bridge,0.0,0.0,0.0,0.0,0.0,0.0,none,0.8,1.0,,EU_SHARED,calendar_days_fixed,A_POLICY_COVER;A_EU_MIX;A_EU_FLOOR;A_FX;A_POLICY_UNKNOWN;A_TARIFF_FILL;A_PRICE_TAX;PV_AD_OFFSET_BOUND;POLICY_FIRM_YEAR_UNKNOWN,main,LOCAL_EXPORT_AHS,2021.0,UPDATED_CHINA_ORDINARY;EU_REPLACEMENT_ORIGIN_UNCHANGED
41.0,ESP,2021,2021-03-01,2021-03-31,3.0,31.0,0.084931506849315,0.3693816453757618,0.4100547105282556,,,index_bridge,0.0,0.0,0.0,0.0,0.0,0.0,none,0.8,1.0,,EU_SHARED,calendar_days_fixed,A_POLICY_COVER;A_EU_MIX;A_EU_FLOOR;A_FX;A_POLICY_UNKNOWN;A_TARIFF_FILL;A_PRICE_TAX;PV_AD_OFFSET_BOUND;POLICY_FIRM_YEAR_UNKNOWN,main,LOCAL_EXPORT_AHS,2021.0,UPDATED_CHINA_ORDINARY;EU_REPLACEMENT_ORIGIN_UNCHANGED
41.0,ESP,2021,2021-04-01,2021-04-30,4.0,30.0,0.0821917808219178,0.3880052095859815,0.4307289381917809,,,index_bridge,0.0,0.0,0.0,0.0,0.0,0.0,none,0.8,1.0,,EU_SHARED,calendar_days_fixed,A_POLICY_COVER;A_EU_MIX;A_EU_FLOOR;A_FX;A_POLICY_UNKNOWN;A_TARIFF_FILL;A_PRICE_TAX;PV_AD_OFFSET_BOUND;POLICY_FIRM_YEAR_UNKNOWN,main,LOCAL_EXPORT_AHS,2021.0,UPDATED_CHINA_ORDINARY;EU_REPLACEMENT_ORIGIN_UNCHANGED
41.0,ESP,2021,2021-05-01,2021-05-31,5.0,31.0,0.084931506849315,0.4098148227588359,0.4549400345694323,,,index_bridge,0.0,0.0,0.0,0.0,0.0,0.0,none,0.8,1.0,,EU_SHARED,calendar_days_fixed,A_POLICY_COVER;A_EU_MIX;A_EU_FLOOR;A_FX;A_POLICY_UNKNOWN;A_TARIFF_FILL;A_PRICE_TAX;PV_AD_OFFSET_BOUND;POLICY_FIRM_YEAR_UNKNOWN,main,LOCAL_EXPORT_AHS,2021.0,UPDATED_CHINA_ORDINARY;EU_REPLACEMENT_ORIGIN_UNCHANGED
41.0,ESP,2021,2021-06-01,2021-06-30,6.0,30.0,0.0821917808219178,0.406451067993495,0.4512058926491245,,,index_bridge,0.0,0.0,0.0,0.0,0.0,0.0,none,0.8,1.0,,EU_SHARED,calendar_days_fixed,A_POLICY_COVER;A_EU_MIX;A_EU_FLOOR;A_FX;A_POLICY_UNKNOWN;A_TARIFF_FILL;A_PRICE_TAX;PV_AD_OFFSET_BOUND;POLICY_FIRM_YEAR_UNKNOWN,main,LOCAL_EXPORT_AHS,2021.0,UPDATED_CHINA_ORDINARY;EU_REPLACEMENT_ORIGIN_UNCHANGED
41.0,ESP,2021,2021-07-01,2021-07-31,7.0,31.0,0.084931506849315,0.3829348709572001,0.425100298369707,,,index_bridge,0.0,0.0,0.0,0.0,0.0,0.0,none,0.8,1.0,,EU_SHARED,calendar_days_fixed,A_POLICY_COVER;A_EU_MIX;A_EU_FLOOR;A_FX;A_POLICY_UNKNOWN;A_TARIFF_FILL;A_PRICE_TAX;PV_AD_OFFSET_BOUND;POLICY_FIRM_YEAR_UNKNOWN,main,LOCAL_EXPORT_AHS,2021.0,UPDATED_CHINA_ORDINARY;EU_REPLACEMENT_ORIGIN_UNCHANGED
41.0,ESP,2021,2021-08-01,2021-08-31,8.0,31.0,0.084931506849315,0.3971972762622079,0.4409331545822355,,,index_bridge,0.0,0.0,0.0,0.0,0.0,0.0,none,0.8,1.0,,EU_SHARED,calendar_days_fixed,A_POLICY_COVER;A_EU_MIX;A_EU_FLOOR;A_FX;A_POLICY_UNKNOWN;A_TARIFF_FILL;A_PRICE_TAX;PV_AD_OFFSET_BOUND;POLICY_FIRM_YEAR_UNKNOWN,main,LOCAL_EXPORT_AHS,2021.0,UPDATED_CHINA_ORDINARY;EU_REPLACEMENT_ORIGIN_UNCHANGED
41.0,ESP,2021,2021-09-01,2021-09-30,9.0,30.0,0.0821917808219178,0.3971397745173561,0.440869321249867,,,index_bridge,0.0,0.0,0.0,0.0,0.0,0.0,none,0.8,1.0,,EU_SHARED,calendar_days_fixed,A_POLICY_COVER;A_EU_MIX;A_EU_FLOOR;A_FX;A_POLICY_UNKNOWN;A_TARIFF_FILL;A_PRICE_TAX;PV_AD_OFFSET_BOUND;POLICY_FIRM_YEAR_UNKNOWN,main,LOCAL_EXPORT_AHS,2021.0,UPDATED_CHINA_ORDINARY;EU_REPLACEMENT_ORIGIN_UNCHANGED
41.0,ESP,2021,2021-10-01,2021-10-31,10.0,31.0,0.084931506849315,0.4069765051028449,0.4517891862818011,,,index_bridge,0.0,0.0,0.0,0.0,0.0,0.0,none,0.8,1.0,,EU_SHARED,calendar_days_fixed,A_POLICY_COVER;A_EU_MIX;A_EU_FLOOR;A_FX;A_POLICY_UNKNOWN;A_TARIFF_FILL;A_PRICE_TAX;PV_AD_OFFSET_BOUND;POLICY_FIRM_YEAR_UNKNOWN,main,LOCAL_EXPORT_AHS,2021.0,UPDATED_CHINA_ORDINARY;EU_REPLACEMENT_ORIGIN_UNCHANGED
41.0,ESP,2021,2021-11-01,2021-11-30,11.0,30.0,0.0821917808219178,0.4313515422681925,0.4788481886282343,,,index_bridge,0.0,0.0,0.0,0.0,0.0,0.0,none,0.8,1.0,,EU_SHARED,calendar_days_fixed,A_POLICY_COVER;A_EU_MIX;A_EU_FLOOR;A_FX;A_POLICY_UNKNOWN;A_TARIFF_FILL;A_PRICE_TAX;PV_AD_OFFSET_BOUND;POLICY_FIRM_YEAR_UNKNOWN,main,LOCAL_EXPORT_AHS,2021.0,UPDATED_CHINA_ORDINARY;EU_REPLACEMENT_ORIGIN_UNCHANGED
41.0,ESP,2021,2021-12-01,2021-12-31,12.0,31.0,0.084931506849315,0.4271845666939666,0.4742223822725088,,,index_bridge,0.0,0.0,0.0,0.0,0.0,0.0,none,0.8,1.0,,EU_SHARED,calendar_days_fixed,A_POLICY_COVER;A_EU_MIX;A_EU_FLOOR;A_FX;A_POLICY_UNKNOWN;A_TARIFF_FILL;A_PRICE_TAX;PV_AD_OFFSET_BOUND;POLICY_FIRM_YEAR_UNKNOWN,main,LOCAL_EXPORT_AHS,2021.0,UPDATED_CHINA_ORDINARY;EU_REPLACEMENT_ORIGIN_UNCHANGED
42.0,ESP,2022,2022-01-01,2022-01-31,1.0,31.0,0.084931506849315,0.3991349470699152,0.4430841846945877,,,index_bridge,0.0,0.0,0.0,0.0,0.0,0.0,none,0.8,1.0,,EU_SHARED,calendar_days_fixed,A_POLICY_COVER;A_EU_MIX;A_EU_FLOOR;A_FX;A_POLICY_UNKNOWN;A_TARIFF_FILL;A_PRICE_TAX;PV_AD_OFFSET_BOUND;POLICY_FIRM_YEAR_UNKNOWN,main,WITS_SAME_YEAR_MFN_FALLBACK,2022.0,UPDATED_CHINA_ORDINARY;EU_REPLACEMENT_ORIGIN_UNCHANGED
42.0,ESP,2022,2022-02-01,2022-02-28,2.0,28.0,0.0767123287671232,0.4143917327643764,0.4600209137385274,,,index_bridge,0.0,0.0,0.0,0.0,0.0,0.0,none,0.8,1.0,,EU_SHARED,calendar_days_fixed,A_POLICY_COVER;A_EU_MIX;A_EU_FLOOR;A_FX;A_POLICY_UNKNOWN;A_TARIFF_FILL;A_PRICE_TAX;PV_AD_OFFSET_BOUND;POLICY_FIRM_YEAR_UNKNOWN,main,WITS_SAME_YEAR_MFN_FALLBACK,2022.0,UPDATED_CHINA_ORDINARY;EU_REPLACEMENT_ORIGIN_UNCHANGED
42.0,ESP,2022,2022-03-01,2022-03-31,3.0,31.0,0.084931506849315,0.4161543193617464,0.4619775809038119,,,index_bridge,0.0,0.0,0.0,0.0,0.0,0.0,none,0.8,1.0,,EU_SHARED,calendar_days_fixed,A_POLICY_COVER;A_EU_MIX;A_EU_FLOOR;A_FX;A_POLICY_UNKNOWN;A_TARIFF_FILL;A_PRICE_TAX;PV_AD_OFFSET_BOUND;POLICY_FIRM_YEAR_UNKNOWN,main,WITS_SAME_YEAR_MFN_FALLBACK,2022.0,UPDATED_CHINA_ORDINARY;EU_REPLACEMENT_ORIGIN_UNCHANGED
42.0,ESP,2022,2022-04-01,2022-04-30,4.0,30.0,0.0821917808219178,0.422537756083487,0.4690639056572956,,,index_bridge,0.0,0.0,0.0,0.0,0.0,0.0,none,0.8,1.0,,EU_SHARED,calendar_days_fixed,A_POLICY_COVER;A_EU_MIX;A_EU_FLOOR;A_FX;A_POLICY_UNKNOWN;A_TARIFF_FILL;A_PRICE_TAX;PV_AD_OFFSET_BOUND;POLICY_FIRM_YEAR_UNKNOWN,main,WITS_SAME_YEAR_MFN_FALLBACK,2022.0,UPDATED_CHINA_ORDINARY;EU_REPLACEMENT_ORIGIN_UNCHANGED
42.0,ESP,2022,2022-05-01,2022-05-31,5.0,31.0,0.084931506849315,0.4264826219335463,0.4734431455152299,,,index_bridge,0.0,0.0,0.0,0.0,0.0,0.0,none,0.8,1.0,,EU_SHARED,calendar_days_fixed,A_POLICY_COVER;A_EU_MIX;A_EU_FLOOR;A_FX;A_POLICY_UNKNOWN;A_TARIFF_FILL;A_PRICE_TAX;PV_AD_OFFSET_BOUND;POLICY_FIRM_YEAR_UNKNOWN,main,WITS_SAME_YEAR_MFN_FALLBACK,2022.0,UPDATED_CHINA_ORDINARY;EU_REPLACEMENT_ORIGIN_UNCHANGED
42.0,ESP,2022,2022-06-01,2022-06-30,6.0,30.0,0.0821917808219178,0.4392829464090298,0.4876529293882825,,,index_bridge,0.0,0.0,0.0,0.0,0.0,0.0,none,0.8,1.0,,EU_SHARED,calendar_days_fixed,A_POLICY_COVER;A_EU_MIX;A_EU_FLOOR;A_FX;A_POLICY_UNKNOWN;A_TARIFF_FILL;A_PRICE_TAX;PV_AD_OFFSET_BOUND;POLICY_FIRM_YEAR_UNKNOWN,main,WITS_SAME_YEAR_MFN_FALLBACK,2022.0,UPDATED_CHINA_ORDINARY;EU_REPLACEMENT_ORIGIN_UNCHANGED
42.0,ESP,2022,2022-07-01,2022-07-31,7.0,31.0,0.084931506849315,0.436020831471694,0.4840316189818643,,,index_bridge,0.0,0.0,0.0,0.0,0.0,0.0,none,0.8,1.0,,EU_SHARED,calendar_days_fixed,A_POLICY_COVER;A_EU_MIX;A_EU_FLOOR;A_FX;A_POLICY_UNKNOWN;A_TARIFF_FILL;A_PRICE_TAX;PV_AD_OFFSET_BOUND;POLICY_FIRM_YEAR_UNKNOWN,main,WITS_SAME_YEAR_MFN_FALLBACK,2022.0,UPDATED_CHINA_ORDINARY;EU_REPLACEMENT_ORIGIN_UNCHANGED
42.0,ESP,2022,2022-08-01,2022-08-31,8.0,31.0,0.084931506849315,0.433858912989129,0.481631649008662,,,index_bridge,0.0,0.0,0.0,0.0,0.0,0.0,none,0.8,1.0,,EU_SHARED,calendar_days_fixed,A_POLICY_COVER;A_EU_MIX;A_EU_FLOOR;A_FX;A_POLICY_UNKNOWN;A_TARIFF_FILL;A_PRICE_TAX;PV_AD_OFFSET_BOUND;POLICY_FIRM_YEAR_UNKNOWN,main,WITS_SAME_YEAR_MFN_FALLBACK,2022.0,UPDATED_CHINA_ORDINARY;EU_REPLACEMENT_ORIGIN_UNCHANGED
42.0,ESP,2022,2022-09-01,2022-09-30,9.0,30.0,0.0821917808219178,0.4242352326810014,0.4709482934809358,,,index_bridge,0.0,0.0,0.0,0.0,0.0,0.0,none,0.8,1.0,,EU_SHARED,calendar_days_fixed,A_POLICY_COVER;A_EU_MIX;A_EU_FLOOR;A_FX;A_POLICY_UNKNOWN;A_TARIFF_FILL;A_PRICE_TAX;PV_AD_OFFSET_BOUND;POLICY_FIRM_YEAR_UNKNOWN,main,WITS_SAME_YEAR_MFN_FALLBACK,2022.0,UPDATED_CHINA_ORDINARY;EU_REPLACEMENT_ORIGIN_UNCHANGED
42.0,ESP,2022,2022-10-01,2022-10-31,10.0,31.0,0.084931506849315,0.4332688726984054,0.4809766386592263,,,index_bridge,0.0,0.0,0.0,0.0,0.0,0.0,none,0.8,1.0,,EU_SHARED,calendar_days_fixed,A_POLICY_COVER;A_EU_MIX;A_EU_FLOOR;A_FX;A_POLICY_UNKNOWN;A_TARIFF_FILL;A_PRICE_TAX;PV_AD_OFFSET_BOUND;POLICY_FIRM_YEAR_UNKNOWN,main,WITS_SAME_YEAR_MFN_FALLBACK,2022.0,UPDATED_CHINA_ORDINARY;EU_REPLACEMENT_ORIGIN_UNCHANGED
42.0,ESP,2022,2022-11-01,2022-11-30,11.0,30.0,0.0821917808219178,0.4369788628059536,0.4850951403191175,,,index_bridge,0.0,0.0,0.0,0.0,0.0,0.0,none,0.8,1.0,,EU_SHARED,calendar_days_fixed,A_POLICY_COVER;A_EU_MIX;A_EU_FLOOR;A_FX;A_POLICY_UNKNOWN;A_TARIFF_FILL;A_PRICE_TAX;PV_AD_OFFSET_BOUND;POLICY_FIRM_YEAR_UNKNOWN,main,WITS_SAME_YEAR_MFN_FALLBACK,2022.0,UPDATED_CHINA_ORDINARY;EU_REPLACEMENT_ORIGIN_UNCHANGED
42.0,ESP,2022,2022-12-01,2022-12-31,12.0,31.0,0.084931506849315,0.4135577084730845,0.4590950540115469,,,index_bridge,0.0,0.0,0.0,0.0,0.0,0.0,none,0.8,1.0,,EU_SHARED,calendar_days_fixed,A_POLICY_COVER;A_EU_MIX;A_EU_FLOOR;A_FX;A_POLICY_UNKNOWN;A_TARIFF_FILL;A_PRICE_TAX;PV_AD_OFFSET_BOUND;POLICY_FIRM_YEAR_UNKNOWN,main,WITS_SAME_YEAR_MFN_FALLBACK,2022.0,UPDATED_CHINA_ORDINARY;EU_REPLACEMENT_ORIGIN_UNCHANGED
43.0,ESP,2023,2023-01-01,2023-01-31,1.0,31.0,0.084931506849315,0.392886830455484,0.436148080311082,,,index_bridge,0.0,0.0,0.0,0.0,0.0,0.0,none,0.8,1.0,,EU_SHARED,calendar_days_fixed,A_POLICY_COVER;A_EU_MIX;A_EU_FLOOR;A_FX;A_POLICY_UNKNOWN;A_TARIFF_FILL;A_PRICE_TAX;PV_AD_OFFSET_BOUND;POLICY_FIRM_YEAR_UNKNOWN,main,WITS_SAME_YEAR_MFN_FALLBACK,2023.0,UPDATED_CHINA_ORDINARY;EU_REPLACEMENT_ORIGIN_UNCHANGED
43.0,ESP,2023,2023-02-01,2023-02-28,2.0,28.0,0.0767123287671232,0.3778897100733375,0.4194996086448663,,,index_bridge,0.0,0.0,0.0,0.0,0.0,0.0,none,0.8,1.0,,EU_SHARED,calendar_days_fixed,A_POLICY_COVER;A_EU_MIX;A_EU_FLOOR;A_FX;A_POLICY_UNKNOWN;A_TARIFF_FILL;A_PRICE_TAX;PV_AD_OFFSET_BOUND;POLICY_FIRM_YEAR_UNKNOWN,main,WITS_SAME_YEAR_MFN_FALLBACK,2023.0,UPDATED_CHINA_ORDINARY;EU_REPLACEMENT_ORIGIN_UNCHANGED
43.0,ESP,2023,2023-03-01,2023-03-31,3.0,31.0,0.084931506849315,0.3905821911129385,0.4335896743092943,,,index_bridge,0.0,0.0,0.0,0.0,0.0,0.0,none,0.8,1.0,,EU_SHARED,calendar_days_fixed,A_POLICY_COVER;A_EU_MIX;A_EU_FLOOR;A_FX;A_POLICY_UNKNOWN;A_TARIFF_FILL;A_PRICE_TAX;PV_AD_OFFSET_BOUND;POLICY_FIRM_YEAR_UNKNOWN,main,WITS_SAME_YEAR_MFN_FALLBACK,2023.0,UPDATED_CHINA_ORDINARY;EU_REPLACEMENT_ORIGIN_UNCHANGED
43.0,ESP,2023,2023-04-01,2023-04-30,4.0,30.0,0.0821917808219178,0.386613008949376,0.4291834406388101,,,index_bridge,0.0,0.0,0.0,0.0,0.0,0.0,none,0.8,1.0,,EU_SHARED,calendar_days_fixed,A_POLICY_COVER;A_EU_MIX;A_EU_FLOOR;A_FX;A_POLICY_UNKNOWN;A_TARIFF_FILL;A_PRICE_TAX;PV_AD_OFFSET_BOUND;POLICY_FIRM_YEAR_UNKNOWN,main,WITS_SAME_YEAR_MFN_FALLBACK,2023.0,UPDATED_CHINA_ORDINARY;EU_REPLACEMENT_ORIGIN_UNCHANGED
43.0,ESP,2023,2023-05-01,2023-05-31,5.0,31.0,0.084931506849315,0.3702162619165361,0.4109812277180341,,,index_bridge,0.0,0.0,0.0,0.0,0.0,0.0,none,0.8,1.0,,EU_SHARED,calendar_days_fixed,A_POLICY_COVER;A_EU_MIX;A_EU_FLOOR;A_FX;A_POLICY_UNKNOWN;A_TARIFF_FILL;A_PRICE_TAX;PV_AD_OFFSET_BOUND;POLICY_FIRM_YEAR_UNKNOWN,main,WITS_SAME_YEAR_MFN_FALLBACK,2023.0,UPDATED_CHINA_ORDINARY;EU_REPLACEMENT_ORIGIN_UNCHANGED
43.0,ESP,2023,2023-06-01,2023-06-30,6.0,30.0,0.0821917808219178,0.3427424217275228,0.380482209353586,,,index_bridge,0.0,0.0,0.0,0.0,0.0,0.0,none,0.8,1.0,,EU_SHARED,calendar_days_fixed,A_POLICY_COVER;A_EU_MIX;A_EU_FLOOR;A_FX;A_POLICY_UNKNOWN;A_TARIFF_FILL;A_PRICE_TAX;PV_AD_OFFSET_BOUND;POLICY_FIRM_YEAR_UNKNOWN,main,WITS_SAME_YEAR_MFN_FALLBACK,2023.0,UPDATED_CHINA_ORDINARY;EU_REPLACEMENT_ORIGIN_UNCHANGED
43.0,ESP,2023,2023-07-01,2023-07-31,7.0,31.0,0.084931506849315,0.3227484502058135,0.358286677151913,,,index_bridge,0.0,0.0,0.0,0.0,0.0,0.0,none,0.8,1.0,,EU_SHARED,calendar_days_fixed,A_POLICY_COVER;A_EU_MIX;A_EU_FLOOR;A_FX;A_POLICY_UNKNOWN;A_TARIFF_FILL;A_PRICE_TAX;PV_AD_OFFSET_BOUND;POLICY_FIRM_YEAR_UNKNOWN,main,WITS_SAME_YEAR_MFN_FALLBACK,2023.0,UPDATED_CHINA_ORDINARY;EU_REPLACEMENT_ORIGIN_UNCHANGED
43.0,ESP,2023,2023-08-01,2023-08-31,8.0,31.0,0.084931506849315,0.2918591323221597,0.3239960986627956,,,index_bridge,0.0,0.0,0.0,0.0,0.0,0.0,none,0.8,1.0,,EU_SHARED,calendar_days_fixed,A_POLICY_COVER;A_EU_MIX;A_EU_FLOOR;A_FX;A_POLICY_UNKNOWN;A_TARIFF_FILL;A_PRICE_TAX;PV_AD_OFFSET_BOUND;POLICY_FIRM_YEAR_UNKNOWN,main,WITS_SAME_YEAR_MFN_FALLBACK,2023.0,UPDATED_CHINA_ORDINARY;EU_REPLACEMENT_ORIGIN_UNCHANGED
43.0,ESP,2023,2023-09-01,2023-09-30,9.0,30.0,0.0821917808219178,0.2598525550554744,0.2884652379922829,,,index_bridge,0.0,0.0,0.0,0.0,0.0,0.0,none,0.8,1.0,,EU_SHARED,calendar_days_fixed,A_POLICY_COVER;A_EU_MIX;A_EU_FLOOR;A_FX;A_POLICY_UNKNOWN;A_TARIFF_FILL;A_PRICE_TAX;PV_AD_OFFSET_BOUND;POLICY_FIRM_YEAR_UNKNOWN,main,WITS_SAME_YEAR_MFN_FALLBACK,2023.0,UPDATED_CHINA_ORDINARY;EU_REPLACEMENT_ORIGIN_UNCHANGED
43.0,ESP,2023,2023-10-01,2023-10-31,10.0,31.0,0.084931506849315,0.2440580958601042,0.2709316315600537,,,index_bridge,0.0,0.0,0.0,0.0,0.0,0.0,none,0.8,1.0,,EU_SHARED,calendar_days_fixed,A_POLICY_COVER;A_EU_MIX;A_EU_FLOOR;A_FX;A_POLICY_UNKNOWN;A_TARIFF_FILL;A_PRICE_TAX;PV_AD_OFFSET_BOUND;POLICY_FIRM_YEAR_UNKNOWN,main,WITS_SAME_YEAR_MFN_FALLBACK,2023.0,UPDATED_CHINA_ORDINARY;EU_REPLACEMENT_ORIGIN_UNCHANGED
43.0,ESP,2023,2023-11-01,2023-11-30,11.0,30.0,0.0821917808219178,0.2234469027395794,0.248050914733745,,,index_bridge,0.0,0.0,0.0,0.0,0.0,0.0,none,0.8,1.0,,EU_SHARED,calendar_days_fixed,A_POLICY_COVER;A_EU_MIX;A_EU_FLOOR;A_FX;A_POLICY_UNKNOWN;A_TARIFF_FILL;A_PRICE_TAX;PV_AD_OFFSET_BOUND;POLICY_FIRM_YEAR_UNKNOWN,main,WITS_SAME_YEAR_MFN_FALLBACK,2023.0,UPDATED_CHINA_ORDINARY;EU_REPLACEMENT_ORIGIN_UNCHANGED
43.0,ESP,2023,2023-12-01,2023-12-31,12.0,31.0,0.084931506849315,0.1990971981274849,0.2210200343390146,,,index_bridge,0.0,0.0,0.0,0.0,0.0,0.0,none,0.8,1.0,,EU_SHARED,calendar_days_fixed,A_POLICY_COVER;A_EU_MIX;A_EU_FLOOR;A_FX;A_POLICY_UNKNOWN;A_TARIFF_FILL;A_PRICE_TAX;PV_AD_OFFSET_BOUND;POLICY_FIRM_YEAR_UNKNOWN,main,WITS_SAME_YEAR_MFN_FALLBACK,2023.0,UPDATED_CHINA_ORDINARY;EU_REPLACEMENT_ORIGIN_UNCHANGED
44.0,ESP,2024,2024-01-01,2024-01-31,1.0,31.0,0.0846994535519125,0.1814377625419244,0.2014160966832521,,,index_bridge,0.0,0.0,0.0,0.0,0.0,0.0,none,0.8,1.0,,EU_SHARED,calendar_days_fixed,A_POLICY_COVER;A_EU_MIX;A_EU_FLOOR;A_FX;A_POLICY_UNKNOWN;A_TARIFF_FILL;A_PRICE_TAX;PV_AD_OFFSET_BOUND;POLICY_FIRM_YEAR_UNKNOWN,main,CARRY_2021_USER_RULE,2021.0,UPDATED_CHINA_ORDINARY;EU_REPLACEMENT_ORIGIN_UNCHANGED
44.0,ESP,2024,2024-02-01,2024-02-29,2.0,29.0,0.0792349726775956,0.1794709755531008,0.1992327443714383,,,index_bridge,0.0,0.0,0.0,0.0,0.0,0.0,none,0.8,1.0,,EU_SHARED,calendar_days_fixed,A_POLICY_COVER;A_EU_MIX;A_EU_FLOOR;A_FX;A_POLICY_UNKNOWN;A_TARIFF_FILL;A_PRICE_TAX;PV_AD_OFFSET_BOUND;POLICY_FIRM_YEAR_UNKNOWN,main,CARRY_2021_USER_RULE,2021.0,UPDATED_CHINA_ORDINARY;EU_REPLACEMENT_ORIGIN_UNCHANGED
44.0,ESP,2024,2024-03-01,2024-03-31,3.0,31.0,0.0846994535519125,0.1678272597388444,0.1863069247551681,,,index_bridge,0.0,0.0,0.0,0.0,0.0,0.0,none,0.8,1.0,,EU_SHARED,calendar_days_fixed,A_POLICY_COVER;A_EU_MIX;A_EU_FLOOR;A_FX;A_POLICY_UNKNOWN;A_TARIFF_FILL;A_PRICE_TAX;PV_AD_OFFSET_BOUND;POLICY_FIRM_YEAR_UNKNOWN,main,CARRY_2021_USER_RULE,2021.0,UPDATED_CHINA_ORDINARY;EU_REPLACEMENT_ORIGIN_UNCHANGED
44.0,ESP,2024,2024-04-01,2024-04-30,4.0,30.0,0.081967213114754,0.1656419659366882,0.1838810055773193,,,index_bridge,0.0,0.0,0.0,0.0,0.0,0.0,none,0.8,1.0,,EU_SHARED,calendar_days_fixed,A_POLICY_COVER;A_EU_MIX;A_EU_FLOOR;A_FX;A_POLICY_UNKNOWN;A_TARIFF_FILL;A_PRICE_TAX;PV_AD_OFFSET_BOUND;POLICY_FIRM_YEAR_UNKNOWN,main,CARRY_2021_USER_RULE,2021.0,UPDATED_CHINA_ORDINARY;EU_REPLACEMENT_ORIGIN_UNCHANGED
44.0,ESP,2024,2024-05-01,2024-05-31,5.0,31.0,0.0846994535519125,0.1669462248744974,0.1853288780633851,,,index_bridge,0.0,0.0,0.0,0.0,0.0,0.0,none,0.8,1.0,,EU_SHARED,calendar_days_fixed,A_POLICY_COVER;A_EU_MIX;A_EU_FLOOR;A_FX;A_POLICY_UNKNOWN;A_TARIFF_FILL;A_PRICE_TAX;PV_AD_OFFSET_BOUND;POLICY_FIRM_YEAR_UNKNOWN,main,CARRY_2021_USER_RULE,2021.0,UPDATED_CHINA_ORDINARY;EU_REPLACEMENT_ORIGIN_UNCHANGED
44.0,ESP,2024,2024-06-01,2024-06-30,6.0,30.0,0.081967213114754,0.1533676245175017,0.1702551213987771,,,index_bridge,0.0,0.0,0.0,0.0,0.0,0.0,none,0.8,1.0,,EU_SHARED,calendar_days_fixed,A_POLICY_COVER;A_EU_MIX;A_EU_FLOOR;A_FX;A_POLICY_UNKNOWN;A_TARIFF_FILL;A_PRICE_TAX;PV_AD_OFFSET_BOUND;POLICY_FIRM_YEAR_UNKNOWN,main,CARRY_2021_USER_RULE,2021.0,UPDATED_CHINA_ORDINARY;EU_REPLACEMENT_ORIGIN_UNCHANGED
44.0,ESP,2024,2024-07-01,2024-07-31,7.0,31.0,0.0846994535519125,0.1545583007703133,0.1715769044713574,,,index_bridge,0.0,0.0,0.0,0.0,0.0,0.0,none,0.8,1.0,,EU_SHARED,calendar_days_fixed,A_POLICY_COVER;A_EU_MIX;A_EU_FLOOR;A_FX;A_POLICY_UNKNOWN;A_TARIFF_FILL;A_PRICE_TAX;PV_AD_OFFSET_BOUND;POLICY_FIRM_YEAR_UNKNOWN,main,CARRY_2021_USER_RULE,2021.0,UPDATED_CHINA_ORDINARY;EU_REPLACEMENT_ORIGIN_UNCHANGED
44.0,ESP,2024,2024-08-01,2024-08-31,8.0,31.0,0.0846994535519125,0.1504142965479625,0.1669765988711825,,,index_bridge,0.0,0.0,0.0,0.0,0.0,0.0,none,0.8,1.0,,EU_SHARED,calendar_days_fixed,A_POLICY_COVER;A_EU_MIX;A_EU_FLOOR;A_FX;A_POLICY_UNKNOWN;A_TARIFF_FILL;A_PRICE_TAX;PV_AD_OFFSET_BOUND;POLICY_FIRM_YEAR_UNKNOWN,main,CARRY_2021_USER_RULE,2021.0,UPDATED_CHINA_ORDINARY;EU_REPLACEMENT_ORIGIN_UNCHANGED
44.0,ESP,2024,2024-09-01,2024-09-30,9.0,30.0,0.081967213114754,0.1451003063412582,0.1610774786976735,,,index_bridge,0.0,0.0,0.0,0.0,0.0,0.0,none,0.8,1.0,,EU_SHARED,calendar_days_fixed,A_POLICY_COVER;A_EU_MIX;A_EU_FLOOR;A_FX;A_POLICY_UNKNOWN;A_TARIFF_FILL;A_PRICE_TAX;PV_AD_OFFSET_BOUND;POLICY_FIRM_YEAR_UNKNOWN,main,CARRY_2021_USER_RULE,2021.0,UPDATED_CHINA_ORDINARY;EU_REPLACEMENT_ORIGIN_UNCHANGED
44.0,ESP,2024,2024-10-01,2024-10-31,10.0,31.0,0.0846994535519125,0.1424657415318115,0.1581528187319445,,,index_bridge,0.0,0.0,0.0,0.0,0.0,0.0,none,0.8,1.0,,EU_SHARED,calendar_days_fixed,A_POLICY_COVER;A_EU_MIX;A_EU_FLOOR;A_FX;A_POLICY_UNKNOWN;A_TARIFF_FILL;A_PRICE_TAX;PV_AD_OFFSET_BOUND;POLICY_FIRM_YEAR_UNKNOWN,main,CARRY_2021_USER_RULE,2021.0,UPDATED_CHINA_ORDINARY;EU_REPLACEMENT_ORIGIN_UNCHANGED
44.0,ESP,2024,2024-11-01,2024-11-30,11.0,30.0,0.081967213114754,0.1262574341838533,0.1401597948204317,,,index_bridge,0.0,0.0,0.0,0.0,0.0,0.0,none,0.8,1.0,,EU_SHARED,calendar_days_fixed,A_POLICY_COVER;A_EU_MIX;A_EU_FLOOR;A_FX;A_POLICY_UNKNOWN;A_TARIFF_FILL;A_PRICE_TAX;PV_AD_OFFSET_BOUND;POLICY_FIRM_YEAR_UNKNOWN,main,CARRY_2021_USER_RULE,2021.0,UPDATED_CHINA_ORDINARY;EU_REPLACEMENT_ORIGIN_UNCHANGED
44.0,ESP,2024,2024-12-01,2024-12-31,12.0,31.0,0.0846994535519125,0.1182363622709908,0.1312555128602134,,,index_bridge,0.0,0.0,0.0,0.0,0.0,0.0,none,0.8,1.0,,EU_SHARED,calendar_days_fixed,A_POLICY_COVER;A_EU_MIX;A_EU_FLOOR;A_FX;A_POLICY_UNKNOWN;A_TARIFF_FILL;A_PRICE_TAX;PV_AD_OFFSET_BOUND;POLICY_FIRM_YEAR_UNKNOWN,main,CARRY_2021_USER_RULE,2021.0,UPDATED_CHINA_ORDINARY;EU_REPLACEMENT_ORIGIN_UNCHANGED
45.0,FRA,2010,2010-01-01,2010-01-31,1.0,31.0,0.084931506849315,3.091776789316316,3.9295485644858976,3.091776789316316,3.9295485644858976,observed_quote_tax_basis_assumed,0.0,0.0,0.0,0.0,0.0,0.0,none,0.8,1.0,,EU_SHARED,calendar_days_fixed,A_POLICY_COVER;A_EU_MIX;A_EU_FLOOR;A_FX;A_POLICY_UNKNOWN;A_TARIFF_FILL;A_PRICE_TAX;PV_AD_OFFSET_BOUND;POLICY_FIRM_YEAR_UNKNOWN,main,LOCAL_EXPORT_AHS,2010.0,UPDATED_CHINA_ORDINARY;EU_REPLACEMENT_ORIGIN_UNCHANGED
45.0,FRA,2010,2010-02-01,2010-02-28,2.0,28.0,0.0767123287671232,2.90442343279186,3.630529290989825,2.90442343279186,3.630529290989825,observed_quote_tax_basis_assumed,0.0,0.0,0.0,0.0,0.0,0.0,none,0.8,1.0,,EU_SHARED,calendar_days_fixed,A_POLICY_COVER;A_EU_MIX;A_EU_FLOOR;A_FX;A_POLICY_UNKNOWN;A_TARIFF_FILL;A_PRICE_TAX;PV_AD_OFFSET_BOUND;POLICY_FIRM_YEAR_UNKNOWN,main,LOCAL_EXPORT_AHS,2010.0,UPDATED_CHINA_ORDINARY;EU_REPLACEMENT_ORIGIN_UNCHANGED
45.0,FRA,2010,2010-03-01,2010-03-31,3.0,31.0,0.084931506849315,2.84487870626562,3.631961814999107,2.84487870626562,3.631961814999107,observed_quote_tax_basis_assumed,0.0,0.0,0.0,0.0,0.0,0.0,none,0.8,1.0,,EU_SHARED,calendar_days_fixed,A_POLICY_COVER;A_EU_MIX;A_EU_FLOOR;A_FX;A_POLICY_UNKNOWN;A_TARIFF_FILL;A_PRICE_TAX;PV_AD_OFFSET_BOUND;POLICY_FIRM_YEAR_UNKNOWN,main,LOCAL_EXPORT_AHS,2010.0,UPDATED_CHINA_ORDINARY;EU_REPLACEMENT_ORIGIN_UNCHANGED
45.0,FRA,2010,2010-04-01,2010-04-30,4.0,30.0,0.0821917808219178,2.853745381783292,3.642280289907622,2.853745381783292,3.642280289907622,observed_quote_tax_basis_assumed,0.0,0.0,0.0,0.0,0.0,0.0,none,0.8,1.0,,EU_SHARED,calendar_days_fixed,A_POLICY_COVER;A_EU_MIX;A_EU_FLOOR;A_FX;A_POLICY_UNKNOWN;A_TARIFF_FILL;A_PRICE_TAX;PV_AD_OFFSET_BOUND;POLICY_FIRM_YEAR_UNKNOWN,main,LOCAL_EXPORT_AHS,2010.0,UPDATED_CHINA_ORDINARY;EU_REPLACEMENT_ORIGIN_UNCHANGED
45.0,FRA,2010,2010-05-01,2010-05-31,5.0,31.0,0.084931506849315,2.763961213182792,3.3977357588807564,2.763961213182792,3.3977357588807564,observed_quote_tax_basis_assumed,0.0,0.0,0.0,0.0,0.0,0.0,none,0.8,1.0,,EU_SHARED,calendar_days_fixed,A_POLICY_COVER;A_EU_MIX;A_EU_FLOOR;A_FX;A_POLICY_UNKNOWN;A_TARIFF_FILL;A_PRICE_TAX;PV_AD_OFFSET_BOUND;POLICY_FIRM_YEAR_UNKNOWN,main,LOCAL_EXPORT_AHS,2010.0,UPDATED_CHINA_ORDINARY;EU_REPLACEMENT_ORIGIN_UNCHANGED
45.0,FRA,2010,2010-06-01,2010-06-30,6.0,30.0,0.0821917808219178,2.7123575248293017,3.258240800266645,2.7123575248293017,3.258240800266645,observed_quote_tax_basis_assumed,0.0,0.0,0.0,0.0,0.0,0.0,none,0.8,1.0,,EU_SHARED,calendar_days_fixed,A_POLICY_COVER;A_EU_MIX;A_EU_FLOOR;A_FX;A_POLICY_UNKNOWN;A_TARIFF_FILL;A_PRICE_TAX;PV_AD_OFFSET_BOUND;POLICY_FIRM_YEAR_UNKNOWN,main,LOCAL_EXPORT_AHS,2010.0,UPDATED_CHINA_ORDINARY;EU_REPLACEMENT_ORIGIN_UNCHANGED
45.0,FRA,2010,2010-07-01,2010-07-31,7.0,31.0,0.084931506849315,2.886311557959211,3.305004901243417,2.886311557959211,3.305004901243417,observed_quote_tax_basis_assumed,0.0,0.0,0.0,0.0,0.0,0.0,none,0.8,1.0,,EU_SHARED,calendar_days_fixed,A_POLICY_COVER;A_EU_MIX;A_EU_FLOOR;A_FX;A_POLICY_UNKNOWN;A_TARIFF_FILL;A_PRICE_TAX;PV_AD_OFFSET_BOUND;POLICY_FIRM_YEAR_UNKNOWN,main,LOCAL_EXPORT_AHS,2010.0,UPDATED_CHINA_ORDINARY;EU_REPLACEMENT_ORIGIN_UNCHANGED
45.0,FRA,2010,2010-08-01,2010-08-31,8.0,31.0,0.084931506849315,2.9036209902769103,3.318423988887897,2.9036209902769103,3.318423988887897,observed_quote_tax_basis_assumed,0.0,0.0,0.0,0.0,0.0,0.0,none,0.8,1.0,,EU_SHARED,calendar_days_fixed,A_POLICY_COVER;A_EU_MIX;A_EU_FLOOR;A_FX;A_POLICY_UNKNOWN;A_TARIFF_FILL;A_PRICE_TAX;PV_AD_OFFSET_BOUND;POLICY_FIRM_YEAR_UNKNOWN,main,LOCAL_EXPORT_AHS,2010.0,UPDATED_CHINA_ORDINARY;EU_REPLACEMENT_ORIGIN_UNCHANGED
45.0,FRA,2010,2010-09-01,2010-09-30,9.0,30.0,0.0821917808219178,2.930089301722598,3.3213745190333803,2.930089301722598,3.3213745190333803,observed_quote_tax_basis_assumed,0.0,0.0,0.0,0.0,0.0,0.0,none,0.8,1.0,,EU_SHARED,calendar_days_fixed,A_POLICY_COVER;A_EU_MIX;A_EU_FLOOR;A_FX;A_POLICY_UNKNOWN;A_TARIFF_FILL;A_PRICE_TAX;PV_AD_OFFSET_BOUND;POLICY_FIRM_YEAR_UNKNOWN,main,LOCAL_EXPORT_AHS,2010.0,UPDATED_CHINA_ORDINARY;EU_REPLACEMENT_ORIGIN_UNCHANGED
45.0,FRA,2010,2010-10-01,2010-10-31,10.0,31.0,0.084931506849315,3.085350824069529,3.483147628430694,3.085350824069529,3.483147628430694,observed_quote_tax_basis_assumed,0.0,0.0,0.0,0.0,0.0,0.0,none,0.8,1.0,,EU_SHARED,calendar_days_fixed,A_POLICY_COVER;A_EU_MIX;A_EU_FLOOR;A_FX;A_POLICY_UNKNOWN;A_TARIFF_FILL;A_PRICE_TAX;PV_AD_OFFSET_BOUND;POLICY_FIRM_YEAR_UNKNOWN,main,LOCAL_EXPORT_AHS,2010.0,UPDATED_CHINA_ORDINARY;EU_REPLACEMENT_ORIGIN_UNCHANGED
45.0,FRA,2010,2010-11-01,2010-11-30,11.0,30.0,0.0821917808219178,3.003318850773162,3.395471949122523,3.003318850773162,3.395471949122523,observed_quote_tax_basis_assumed,0.0,0.0,0.0,0.0,0.0,0.0,none,0.8,1.0,,EU_SHARED,calendar_days_fixed,A_POLICY_COVER;A_EU_MIX;A_EU_FLOOR;A_FX;A_POLICY_UNKNOWN;A_TARIFF_FILL;A_PRICE_TAX;PV_AD_OFFSET_BOUND;POLICY_FIRM_YEAR_UNKNOWN,main,LOCAL_EXPORT_AHS,2010.0,UPDATED_CHINA_ORDINARY;EU_REPLACEMENT_ORIGIN_UNCHANGED
45.0,FRA,2010,2010-12-01,2010-12-31,12.0,31.0,0.084931506849315,2.8975979922460726,3.2759467746731072,2.8975979922460726,3.2759467746731072,observed_quote_tax_basis_assumed,0.0,0.0,0.0,0.0,0.0,0.0,none,0.8,1.0,,EU_SHARED,calendar_days_fixed,A_POLICY_COVER;A_EU_MIX;A_EU_FLOOR;A_FX;A_POLICY_UNKNOWN;A_TARIFF_FILL;A_PRICE_TAX;PV_AD_OFFSET_BOUND;POLICY_FIRM_YEAR_UNKNOWN,main,LOCAL_EXPORT_AHS,2010.0,UPDATED_CHINA_ORDINARY;EU_REPLACEMENT_ORIGIN_UNCHANGED
46.0,FRA,2011,2011-01-01,2011-01-31,1.0,31.0,0.084931506849315,2.686326335282736,3.05181291151168,2.686326335282736,3.05181291151168,observed_quote_tax_basis_assumed,0.0,0.0,0.0,0.0,0.0,0.0,none,0.8,1.0,,EU_SHARED,calendar_days_fixed,A_POLICY_COVER;A_EU_MIX;A_EU_FLOOR;A_FX;A_POLICY_UNKNOWN;A_TARIFF_FILL;A_PRICE_TAX;PV_AD_OFFSET_BOUND;POLICY_FIRM_YEAR_UNKNOWN,main,LOCAL_EXPORT_AHS,2011.0,UPDATED_CHINA_ORDINARY;EU_REPLACEMENT_ORIGIN_UNCHANGED
46.0,FRA,2011,2011-02-01,2011-02-28,2.0,28.0,0.0767123287671232,2.633064300488626,3.062571243121522,2.633064300488626,3.062571243121522,observed_quote_tax_basis_assumed,0.0,0.0,0.0,0.0,0.0,0.0,none,0.8,1.0,,EU_SHARED,calendar_days_fixed,A_POLICY_COVER;A_EU_MIX;A_EU_FLOOR;A_FX;A_POLICY_UNKNOWN;A_TARIFF_FILL;A_PRICE_TAX;PV_AD_OFFSET_BOUND;POLICY_FIRM_YEAR_UNKNOWN,main,LOCAL_EXPORT_AHS,2011.0,UPDATED_CHINA_ORDINARY;EU_REPLACEMENT_ORIGIN_UNCHANGED
46.0,FRA,2011,2011-03-01,2011-03-31,3.0,31.0,0.084931506849315,2.624982413840032,3.046512436500475,2.624982413840032,3.046512436500475,observed_quote_tax_basis_assumed,0.0,0.0,0.0,0.0,0.0,0.0,none,0.8,1.0,,EU_SHARED,calendar_days_fixed,A_POLICY_COVER;A_EU_MIX;A_EU_FLOOR;A_FX;A_POLICY_UNKNOWN;A_TARIFF_FILL;A_PRICE_TAX;PV_AD_OFFSET_BOUND;POLICY_FIRM_YEAR_UNKNOWN,main,LOCAL_EXPORT_AHS,2011.0,UPDATED_CHINA_ORDINARY;EU_REPLACEMENT_ORIGIN_UNCHANGED
46.0,FRA,2011,2011-04-01,2011-04-30,4.0,30.0,0.0821917808219178,2.607707252828456,3.111468881215772,2.607707252828456,3.111468881215772,observed_quote_tax_basis_assumed,0.0,0.0,0.0,0.0,0.0,0.0,none,0.8,1.0,,EU_SHARED,calendar_days_fixed,A_POLICY_COVER;A_EU_MIX;A_EU_FLOOR;A_FX;A_POLICY_UNKNOWN;A_TARIFF_FILL;A_PRICE_TAX;PV_AD_OFFSET_BOUND;POLICY_FIRM_YEAR_UNKNOWN,main,LOCAL_EXPORT_AHS,2011.0,UPDATED_CHINA_ORDINARY;EU_REPLACEMENT_ORIGIN_UNCHANGED
46.0,FRA,2011,2011-05-01,2011-05-31,5.0,31.0,0.084931506849315,2.453185494118997,3.002699044801653,2.453185494118997,3.002699044801653,observed_quote_tax_basis_assumed,0.0,0.0,0.0,0.0,0.0,0.0,none,0.8,1.0,,EU_SHARED,calendar_days_fixed,A_POLICY_COVER;A_EU_MIX;A_EU_FLOOR;A_FX;A_POLICY_UNKNOWN;A_TARIFF_FILL;A_PRICE_TAX;PV_AD_OFFSET_BOUND;POLICY_FIRM_YEAR_UNKNOWN,main,LOCAL_EXPORT_AHS,2011.0,UPDATED_CHINA_ORDINARY;EU_REPLACEMENT_ORIGIN_UNCHANGED
46.0,FRA,2011,2011-06-01,2011-06-30,6.0,30.0,0.0821917808219178,2.3421748176069346,2.9031158453531334,2.3421748176069346,2.9031158453531334,observed_quote_tax_basis_assumed,0.0,0.0,0.0,0.0,0.0,0.0,none,0.8,1.0,,EU_SHARED,calendar_days_fixed,A_POLICY_COVER;A_EU_MIX;A_EU_FLOOR;A_FX;A_POLICY_UNKNOWN;A_TARIFF_FILL;A_PRICE_TAX;PV_AD_OFFSET_BOUND;POLICY_FIRM_YEAR_UNKNOWN,main,LOCAL_EXPORT_AHS,2011.0,UPDATED_CHINA_ORDINARY;EU_REPLACEMENT_ORIGIN_UNCHANGED
46.0,FRA,2011,2011-07-01,2011-07-31,7.0,31.0,0.084931506849315,2.192781508990938,2.780133698899225,2.192781508990938,2.780133698899225,observed_quote_tax_basis_assumed,0.0,0.0,0.0,0.0,0.0,0.0,none,0.8,1.0,,EU_SHARED,calendar_days_fixed,A_POLICY_COVER;A_EU_MIX;A_EU_FLOOR;A_FX;A_POLICY_UNKNOWN;A_TARIFF_FILL;A_PRICE_TAX;PV_AD_OFFSET_BOUND;POLICY_FIRM_YEAR_UNKNOWN,main,LOCAL_EXPORT_AHS,2011.0,UPDATED_CHINA_ORDINARY;EU_REPLACEMENT_ORIGIN_UNCHANGED
46.0,FRA,2011,2011-08-01,2011-08-31,8.0,31.0,0.084931506849315,2.0412922881909905,2.6693822230189874,2.0412922881909905,2.6693822230189874,observed_quote_tax_basis_assumed,0.0,0.0,0.0,0.0,0.0,0.0,none,0.8,1.0,,EU_SHARED,calendar_days_fixed,A_POLICY_COVER;A_EU_MIX;A_EU_FLOOR;A_FX;A_POLICY_UNKNOWN;A_TARIFF_FILL;A_PRICE_TAX;PV_AD_OFFSET_BOUND;POLICY_FIRM_YEAR_UNKNOWN,main,LOCAL_EXPORT_AHS,2011.0,UPDATED_CHINA_ORDINARY;EU_REPLACEMENT_ORIGIN_UNCHANGED
46.0,FRA,2011,2011-09-01,2011-09-30,9.0,30.0,0.0821917808219178,1.851384169095222,2.4559177753303967,1.851384169095222,2.4559177753303967,observed_quote_tax_basis_assumed,0.0,0.0,0.0,0.0,0.0,0.0,none,0.8,1.0,,EU_SHARED,calendar_days_fixed,A_POLICY_COVER;A_EU_MIX;A_EU_FLOOR;A_FX;A_POLICY_UNKNOWN;A_TARIFF_FILL;A_PRICE_TAX;PV_AD_OFFSET_BOUND;POLICY_FIRM_YEAR_UNKNOWN,main,LOCAL_EXPORT_AHS,2011.0,UPDATED_CHINA_ORDINARY;EU_REPLACEMENT_ORIGIN_UNCHANGED
46.0,FRA,2011,2011-10-01,2011-10-31,10.0,31.0,0.084931506849315,1.7249525603786575,2.3530602861687124,1.7249525603786575,2.3530602861687124,observed_quote_tax_basis_assumed,0.0,0.0,0.0,0.0,0.0,0.0,none,0.8,1.0,,EU_SHARED,calendar_days_fixed,A_POLICY_COVER;A_EU_MIX;A_EU_FLOOR;A_FX;A_POLICY_UNKNOWN;A_TARIFF_FILL;A_PRICE_TAX;PV_AD_OFFSET_BOUND;POLICY_FIRM_YEAR_UNKNOWN,main,LOCAL_EXPORT_AHS,2011.0,UPDATED_CHINA_ORDINARY;EU_REPLACEMENT_ORIGIN_UNCHANGED
46.0,FRA,2011,2011-11-01,2011-11-30,11.0,30.0,0.0821917808219178,1.5805148558170548,2.156937920879745,1.5805148558170548,2.156937920879745,observed_quote_tax_basis_assumed,0.0,0.0,0.0,0.0,0.0,0.0,none,0.8,1.0,,EU_SHARED,calendar_days_fixed,A_POLICY_COVER;A_EU_MIX;A_EU_FLOOR;A_FX;A_POLICY_UNKNOWN;A_TARIFF_FILL;A_PRICE_TAX;PV_AD_OFFSET_BOUND;POLICY_FIRM_YEAR_UNKNOWN,main,LOCAL_EXPORT_AHS,2011.0,UPDATED_CHINA_ORDINARY;EU_REPLACEMENT_ORIGIN_UNCHANGED
46.0,FRA,2011,2011-12-01,2011-12-31,12.0,31.0,0.084931506849315,1.4614867506804692,2.0027781398213835,1.4614867506804692,2.0027781398213835,observed_quote_tax_basis_assumed,0.0,0.0,0.0,0.0,0.0,0.0,none,0.8,1.0,,EU_SHARED,calendar_days_fixed,A_POLICY_COVER;A_EU_MIX;A_EU_FLOOR;A_FX;A_POLICY_UNKNOWN;A_TARIFF_FILL;A_PRICE_TAX;PV_AD_OFFSET_BOUND;POLICY_FIRM_YEAR_UNKNOWN,main,LOCAL_EXPORT_AHS,2011.0,UPDATED_CHINA_ORDINARY;EU_REPLACEMENT_ORIGIN_UNCHANGED
47.0,FRA,2012,2012-01-01,2012-01-31,1.0,31.0,0.0846994535519125,1.3684642185997595,1.8361671793870191,1.3684642185997595,1.8361671793870191,observed_quote_tax_basis_assumed,0.0,0.0,0.0,0.0,0.0,0.0,none,0.8,1.0,,EU_SHARED,calendar_days_fixed,A_POLICY_COVER;A_EU_MIX;A_EU_FLOOR;A_FX;A_POLICY_UNKNOWN;A_TARIFF_FILL;A_PRICE_TAX;PV_AD_OFFSET_BOUND;POLICY_FIRM_YEAR_UNKNOWN,main,LOCAL_EXPORT_AHS,2012.0,UPDATED_CHINA_ORDINARY;EU_REPLACEMENT_ORIGIN_UNCHANGED
47.0,FRA,2012,2012-02-01,2012-02-29,2.0,29.0,0.0792349726775956,1.3781815830003006,1.83459236698092,1.3781815830003006,1.83459236698092,observed_quote_tax_basis_assumed,0.0,0.0,0.0,0.0,0.0,0.0,none,0.8,1.0,,EU_SHARED,calendar_days_fixed,A_POLICY_COVER;A_EU_MIX;A_EU_FLOOR;A_FX;A_POLICY_UNKNOWN;A_TARIFF_FILL;A_PRICE_TAX;PV_AD_OFFSET_BOUND;POLICY_FIRM_YEAR_UNKNOWN,main,LOCAL_EXPORT_AHS,2012.0,UPDATED_CHINA_ORDINARY;EU_REPLACEMENT_ORIGIN_UNCHANGED
47.0,FRA,2012,2012-03-01,2012-03-31,3.0,31.0,0.0846994535519125,1.3135081493389422,1.792761122746394,1.3135081493389422,1.792761122746394,observed_quote_tax_basis_assumed,0.0,0.0,0.0,0.0,0.0,0.0,none,0.8,1.0,,EU_SHARED,calendar_days_fixed,A_POLICY_COVER;A_EU_MIX;A_EU_FLOOR;A_FX;A_POLICY_UNKNOWN;A_TARIFF_FILL;A_PRICE_TAX;PV_AD_OFFSET_BOUND;POLICY_FIRM_YEAR_UNKNOWN,main,LOCAL_EXPORT_AHS,2012.0,UPDATED_CHINA_ORDINARY;EU_REPLACEMENT_ORIGIN_UNCHANGED
47.0,FRA,2012,2012-04-01,2012-04-30,4.0,30.0,0.081967213114754,1.2578921407752404,1.7451038854417067,1.2578921407752404,1.7451038854417067,observed_quote_tax_basis_assumed,0.0,0.0,0.0,0.0,0.0,0.0,none,0.8,1.0,,EU_SHARED,calendar_days_fixed,A_POLICY_COVER;A_EU_MIX;A_EU_FLOOR;A_FX;A_POLICY_UNKNOWN;A_TARIFF_FILL;A_PRICE_TAX;PV_AD_OFFSET_BOUND;POLICY_FIRM_YEAR_UNKNOWN,main,LOCAL_EXPORT_AHS,2012.0,UPDATED_CHINA_ORDINARY;EU_REPLACEMENT_ORIGIN_UNCHANGED
47.0,FRA,2012,2012-05-01,2012-05-31,5.0,31.0,0.0846994535519125,1.190262737943209,1.656017722355769,1.190262737943209,1.656017722355769,observed_quote_tax_basis_assumed,0.0,0.0,0.0,0.0,0.0,0.0,none,0.8,1.0,,EU_SHARED,calendar_days_fixed,A_POLICY_COVER;A_EU_MIX;A_EU_FLOOR;A_FX;A_POLICY_UNKNOWN;A_TARIFF_FILL;A_PRICE_TAX;PV_AD_OFFSET_BOUND;POLICY_FIRM_YEAR_UNKNOWN,main,LOCAL_EXPORT_AHS,2012.0,UPDATED_CHINA_ORDINARY;EU_REPLACEMENT_ORIGIN_UNCHANGED
47.0,FRA,2012,2012-06-01,2012-06-30,6.0,30.0,0.081967213114754,1.1113960950270434,1.5744778012883114,1.1113960950270434,1.5744778012883114,observed_quote_tax_basis_assumed,0.0,0.0,0.0,0.0,0.0,0.0,none,0.8,1.0,,EU_SHARED,calendar_days_fixed,A_POLICY_COVER;A_EU_MIX;A_EU_FLOOR;A_FX;A_POLICY_UNKNOWN;A_TARIFF_FILL;A_PRICE_TAX;PV_AD_OFFSET_BOUND;POLICY_FIRM_YEAR_UNKNOWN,main,LOCAL_EXPORT_AHS,2012.0,UPDATED_CHINA_ORDINARY;EU_REPLACEMENT_ORIGIN_UNCHANGED
47.0,FRA,2012,2012-07-01,2012-07-31,7.0,31.0,0.0846994535519125,1.0583620721153846,1.5213954786658657,1.0583620721153846,1.5213954786658657,observed_quote_tax_basis_assumed,0.0,0.0,0.0,0.0,0.0,0.0,none,0.8,1.0,,EU_SHARED,calendar_days_fixed,A_POLICY_COVER;A_EU_MIX;A_EU_FLOOR;A_FX;A_POLICY_UNKNOWN;A_TARIFF_FILL;A_PRICE_TAX;PV_AD_OFFSET_BOUND;POLICY_FIRM_YEAR_UNKNOWN,main,LOCAL_EXPORT_AHS,2012.0,UPDATED_CHINA_ORDINARY;EU_REPLACEMENT_ORIGIN_UNCHANGED
47.0,FRA,2012,2012-08-01,2012-08-31,8.0,31.0,0.0846994535519125,1.0149143662109374,1.4890956684570311,1.0149143662109374,1.4890956684570311,observed_quote_tax_basis_assumed,0.0,0.0,0.0,0.0,0.0,0.0,none,0.8,1.0,,EU_SHARED,calendar_days_fixed,A_POLICY_COVER;A_EU_MIX;A_EU_FLOOR;A_FX;A_POLICY_UNKNOWN;A_TARIFF_FILL;A_PRICE_TAX;PV_AD_OFFSET_BOUND;POLICY_FIRM_YEAR_UNKNOWN,main,LOCAL_EXPORT_AHS,2012.0,UPDATED_CHINA_ORDINARY;EU_REPLACEMENT_ORIGIN_UNCHANGED
47.0,FRA,2012,2012-09-01,2012-09-30,9.0,30.0,0.081967213114754,1.0016094417067307,1.5110487267127404,1.0016094417067307,1.5110487267127404,observed_quote_tax_basis_assumed,0.0,0.0,0.0,0.0,0.0,0.0,none,0.8,1.0,,EU_SHARED,calendar_days_fixed,A_POLICY_COVER;A_EU_MIX;A_EU_FLOOR;A_FX;A_POLICY_UNKNOWN;A_TARIFF_FILL;A_PRICE_TAX;PV_AD_OFFSET_BOUND;POLICY_FIRM_YEAR_UNKNOWN,main,LOCAL_EXPORT_AHS,2012.0,UPDATED_CHINA_ORDINARY;EU_REPLACEMENT_ORIGIN_UNCHANGED
47.0,FRA,2012,2012-10-01,2012-10-31,10.0,31.0,0.0846994535519125,0.994557200611888,1.4831116149475525,0.994557200611888,1.4831116149475525,observed_quote_tax_basis_assumed,0.0,0.0,0.0,0.0,0.0,0.0,none,0.8,1.0,,EU_SHARED,calendar_days_fixed,A_POLICY_COVER;A_EU_MIX;A_EU_FLOOR;A_FX;A_POLICY_UNKNOWN;A_TARIFF_FILL;A_PRICE_TAX;PV_AD_OFFSET_BOUND;POLICY_FIRM_YEAR_UNKNOWN,main,LOCAL_EXPORT_AHS,2012.0,UPDATED_CHINA_ORDINARY;EU_REPLACEMENT_ORIGIN_UNCHANGED
47.0,FRA,2012,2012-11-01,2012-11-30,11.0,30.0,0.081967213114754,0.9771088286713286,1.4482148710664335,0.9771088286713286,1.4482148710664335,observed_quote_tax_basis_assumed,0.0,0.0,0.0,0.0,0.0,0.0,none,0.8,1.0,,EU_SHARED,calendar_days_fixed,A_POLICY_COVER;A_EU_MIX;A_EU_FLOOR;A_FX;A_POLICY_UNKNOWN;A_TARIFF_FILL;A_PRICE_TAX;PV_AD_OFFSET_BOUND;POLICY_FIRM_YEAR_UNKNOWN,main,LOCAL_EXPORT_AHS,2012.0,UPDATED_CHINA_ORDINARY;EU_REPLACEMENT_ORIGIN_UNCHANGED
47.0,FRA,2012,2012-12-01,2012-12-31,12.0,31.0,0.0846994535519125,0.95460961222166,1.4407533962234311,0.95460961222166,1.4407533962234311,observed_quote_tax_basis_assumed,0.0,0.0,0.0,0.0,0.0,0.0,none,0.8,1.0,,EU_SHARED,calendar_days_fixed,A_POLICY_COVER;A_EU_MIX;A_EU_FLOOR;A_FX;A_POLICY_UNKNOWN;A_TARIFF_FILL;A_PRICE_TAX;PV_AD_OFFSET_BOUND;POLICY_FIRM_YEAR_UNKNOWN,main,LOCAL_EXPORT_AHS,2012.0,UPDATED_CHINA_ORDINARY;EU_REPLACEMENT_ORIGIN_UNCHANGED
48.0,FRA,2013,2013-01-01,2013-01-31,1.0,31.0,0.084931506849315,0.946150566520937,1.4370777472629324,0.946150566520937,1.4370777472629324,observed_quote_tax_basis_assumed,0.0,0.0,0.0,0.0,0.0,0.0,none,0.8,1.0,,EU_SHARED,calendar_days_fixed,A_POLICY_COVER;A_EU_MIX;A_EU_FLOOR;A_FX;A_POLICY_UNKNOWN;A_TARIFF_FILL;A_PRICE_TAX;PV_AD_OFFSET_BOUND;POLICY_FIRM_YEAR_UNKNOWN,main,LOCAL_EXPORT_AHS,2013.0,UPDATED_CHINA_ORDINARY;EU_REPLACEMENT_ORIGIN_UNCHANGED
48.0,FRA,2013,2013-02-01,2013-02-28,2.0,28.0,0.0767123287671232,0.921251867401965,1.390568856455796,0.921251867401965,1.390568856455796,observed_quote_tax_basis_assumed,0.0,0.0,0.0,0.0,0.0,0.0,none,0.8,1.0,,EU_SHARED,calendar_days_fixed,A_POLICY_COVER;A_EU_MIX;A_EU_FLOOR;A_FX;A_POLICY_UNKNOWN;A_TARIFF_FILL;A_PRICE_TAX;PV_AD_OFFSET_BOUND;POLICY_FIRM_YEAR_UNKNOWN,main,LOCAL_EXPORT_AHS,2013.0,UPDATED_CHINA_ORDINARY;EU_REPLACEMENT_ORIGIN_UNCHANGED
48.0,FRA,2013,2013-03-01,2013-03-31,3.0,31.0,0.084931506849315,0.9315028557668634,1.3549132447518013,0.9315028557668634,1.3549132447518013,observed_quote_tax_basis_assumed,0.0,0.0,0.0,0.0,0.0,0.0,none,0.8,1.0,,EU_SHARED,calendar_days_fixed,A_POLICY_COVER;A_EU_MIX;A_EU_FLOOR;A_FX;A_POLICY_UNKNOWN;A_TARIFF_FILL;A_PRICE_TAX;PV_AD_OFFSET_BOUND;POLICY_FIRM_YEAR_UNKNOWN,main,LOCAL_EXPORT_AHS,2013.0,UPDATED_CHINA_ORDINARY;EU_REPLACEMENT_ORIGIN_UNCHANGED
48.0,FRA,2013,2013-04-01,2013-04-30,4.0,30.0,0.0821917808219178,0.95601608881336,1.3818778011029471,0.95601608881336,1.3818778011029471,observed_quote_tax_basis_assumed,0.0,0.0,0.0,0.0,0.0,0.0,none,0.8,1.0,,EU_SHARED,calendar_days_fixed,A_POLICY_COVER;A_EU_MIX;A_EU_FLOOR;A_FX;A_POLICY_UNKNOWN;A_TARIFF_FILL;A_PRICE_TAX;PV_AD_OFFSET_BOUND;POLICY_FIRM_YEAR_UNKNOWN,main,LOCAL_EXPORT_AHS,2013.0,UPDATED_CHINA_ORDINARY;EU_REPLACEMENT_ORIGIN_UNCHANGED
48.0,FRA,2013,2013-05-01,2013-05-31,5.0,31.0,0.084931506849315,0.9260895616420616,1.3634096324174796,0.9260895616420616,1.3634096324174796,observed_quote_tax_basis_assumed,0.0,0.0,0.0,0.0,0.0,0.0,none,0.8,1.0,,EU_SHARED,calendar_days_fixed,A_POLICY_COVER;A_EU_MIX;A_EU_FLOOR;A_FX;A_POLICY_UNKNOWN;A_TARIFF_FILL;A_PRICE_TAX;PV_AD_OFFSET_BOUND;POLICY_FIRM_YEAR_UNKNOWN,main,LOCAL_EXPORT_AHS,2013.0,UPDATED_CHINA_ORDINARY;EU_REPLACEMENT_ORIGIN_UNCHANGED
48.0,FRA,2013,2013-06-01,2013-06-05,6.0,5.0,0.0136986301369863,0.9756808182969297,1.3589839969135804,0.9756808182969297,1.3589839969135804,observed_quote_tax_basis_assumed,0.0,0.0,0.0,0.0,0.0,0.0,none,0.8,1.0,,EU_SHARED,calendar_days_fixed,A_POLICY_COVER;A_EU_MIX;A_EU_FLOOR;A_FX;A_POLICY_UNKNOWN;A_TARIFF_FILL;A_PRICE_TAX;PV_AD_OFFSET_BOUND;POLICY_FIRM_YEAR_UNKNOWN,main,LOCAL_EXPORT_AHS,2013.0,UPDATED_CHINA_ORDINARY;EU_REPLACEMENT_ORIGIN_UNCHANGED
48.0,FRA,2013,2013-06-06,2013-06-30,6.0,25.0,0.0684931506849315,0.9756808182969297,1.3589839969135804,0.9756808182969297,1.3589839969135804,observed_quote_tax_basis_assumed,0.0,0.0,0.0,0.118,0.0,0.0,none,0.8,1.0,EU_AD,EU_SHARED,calendar_days_fixed,A_POLICY_COVER;A_EU_MIX;A_EU_FLOOR;A_FX;A_POLICY_UNKNOWN;A_TARIFF_FILL;A_PRICE_TAX;PV_AD_OFFSET_BOUND;POLICY_FIRM_YEAR_UNKNOWN,main,LOCAL_EXPORT_AHS,2013.0,UPDATED_CHINA_ORDINARY;EU_REPLACEMENT_ORIGIN_UNCHANGED
48.0,FRA,2013,2013-07-01,2013-07-31,7.0,31.0,0.084931506849315,0.967645331516578,1.339152021295264,0.967645331516578,1.339152021295264,observed_quote_tax_basis_assumed,0.0,0.0,0.0,0.118,0.0,0.0,none,0.8,1.0,EU_AD,EU_SHARED,calendar_days_fixed,A_POLICY_COVER;A_EU_MIX;A_EU_FLOOR;A_FX;A_POLICY_UNKNOWN;A_TARIFF_FILL;A_PRICE_TAX;PV_AD_OFFSET_BOUND;POLICY_FIRM_YEAR_UNKNOWN,main,LOCAL_EXPORT_AHS,2013.0,UPDATED_CHINA_ORDINARY;EU_REPLACEMENT_ORIGIN_UNCHANGED
48.0,FRA,2013,2013-08-01,2013-08-05,8.0,5.0,0.0136986301369863,1.002196080959164,1.3362614412788856,1.002196080959164,1.3362614412788856,observed_quote_tax_basis_assumed,0.0,0.0,0.0,0.118,0.0,0.0,none,0.8,1.0,EU_AD,EU_SHARED,calendar_days_fixed,A_POLICY_COVER;A_EU_MIX;A_EU_FLOOR;A_FX;A_POLICY_UNKNOWN;A_TARIFF_FILL;A_PRICE_TAX;PV_AD_OFFSET_BOUND;POLICY_FIRM_YEAR_UNKNOWN,main,LOCAL_EXPORT_AHS,2013.0,UPDATED_CHINA_ORDINARY;EU_REPLACEMENT_ORIGIN_UNCHANGED
48.0,FRA,2013,2013-08-06,2013-08-31,8.0,26.0,0.0712328767123287,1.002196080959164,1.3362614412788856,1.002196080959164,1.3362614412788856,observed_quote_tax_basis_assumed,0.0,0.0,0.0,0.0,0.477,0.822644376490082,undertaking,0.8,1.0,EU_MIP,EU_SHARED,calendar_days_fixed,A_POLICY_COVER;A_EU_MIX;A_EU_FLOOR;A_FX;A_POLICY_UNKNOWN;A_TARIFF_FILL;A_PRICE_TAX;PV_AD_OFFSET_BOUND;POLICY_FIRM_YEAR_UNKNOWN,main,LOCAL_EXPORT_AHS,2013.0,UPDATED_CHINA_ORDINARY;EU_REPLACEMENT_ORIGIN_UNCHANGED
48.0,FRA,2013,2013-09-01,2013-09-30,9.0,30.0,0.0821917808219178,1.022721054412437,1.3313006828989482,1.022721054412437,1.3313006828989482,observed_quote_tax_basis_assumed,0.0,0.0,0.0,0.0,0.477,0.822644376490082,undertaking,0.8,1.0,EU_MIP,EU_SHARED,calendar_days_fixed,A_POLICY_COVER;A_EU_MIX;A_EU_FLOOR;A_FX;A_POLICY_UNKNOWN;A_TARIFF_FILL;A_PRICE_TAX;PV_AD_OFFSET_BOUND;POLICY_FIRM_YEAR_UNKNOWN,main,LOCAL_EXPORT_AHS,2013.0,UPDATED_CHINA_ORDINARY;EU_REPLACEMENT_ORIGIN_UNCHANGED
48.0,FRA,2013,2013-10-01,2013-10-31,10.0,31.0,0.084931506849315,1.0447150589940866,1.341918480949301,1.0447150589940866,1.341918480949301,observed_quote_tax_basis_assumed,0.0,0.0,0.0,0.0,0.477,0.822644376490082,undertaking,0.8,1.0,EU_MIP,EU_SHARED,calendar_days_fixed,A_POLICY_COVER;A_EU_MIX;A_EU_FLOOR;A_FX;A_POLICY_UNKNOWN;A_TARIFF_FILL;A_PRICE_TAX;PV_AD_OFFSET_BOUND;POLICY_FIRM_YEAR_UNKNOWN,main,LOCAL_EXPORT_AHS,2013.0,UPDATED_CHINA_ORDINARY;EU_REPLACEMENT_ORIGIN_UNCHANGED
48.0,FRA,2013,2013-11-01,2013-11-30,11.0,30.0,0.0821917808219178,1.0160063318033132,1.2566394103883085,1.0160063318033132,1.2566394103883085,observed_quote_tax_basis_assumed,0.0,0.0,0.0,0.0,0.477,0.822644376490082,undertaking,0.8,1.0,EU_MIP,EU_SHARED,calendar_days_fixed,A_POLICY_COVER;A_EU_MIX;A_EU_FLOOR;A_FX;A_POLICY_UNKNOWN;A_TARIFF_FILL;A_PRICE_TAX;PV_AD_OFFSET_BOUND;POLICY_FIRM_YEAR_UNKNOWN,main,LOCAL_EXPORT_AHS,2013.0,UPDATED_CHINA_ORDINARY;EU_REPLACEMENT_ORIGIN_UNCHANGED
48.0,FRA,2013,2013-12-01,2013-12-31,12.0,31.0,0.084931506849315,1.031871536498892,1.2581591541521575,1.031871536498892,1.2581591541521575,observed_quote_tax_basis_assumed,0.0,0.0,0.0,0.0,0.477,0.822644376490082,undertaking,0.8,1.0,EU_MIP,EU_SHARED,calendar_days_fixed,A_POLICY_COVER;A_EU_MIX;A_EU_FLOOR;A_FX;A_POLICY_UNKNOWN;A_TARIFF_FILL;A_PRICE_TAX;PV_AD_OFFSET_BOUND;POLICY_FIRM_YEAR_UNKNOWN,main,LOCAL_EXPORT_AHS,2013.0,UPDATED_CHINA_ORDINARY;EU_REPLACEMENT_ORIGIN_UNCHANGED
49.0,FRA,2014,2014-01-01,2014-01-31,1.0,31.0,0.084931506849315,1.0072924673496249,1.2193540394232298,1.0072924673496249,1.2193540394232298,observed_quote_tax_basis_assumed,0.0,0.0,0.0,0.0,0.477,0.8097563733019061,undertaking,0.8,1.0,EU_MIP,EU_SHARED,calendar_days_fixed,A_POLICY_COVER;A_EU_MIX;A_EU_FLOOR;A_FX;A_POLICY_UNKNOWN;A_TARIFF_FILL;A_PRICE_TAX;PV_AD_OFFSET_BOUND;POLICY_FIRM_YEAR_UNKNOWN,main,LOCAL_EXPORT_AHS,2014.0,UPDATED_CHINA_ORDINARY;EU_REPLACEMENT_ORIGIN_UNCHANGED
49.0,FRA,2014,2014-02-01,2014-02-28,2.0,28.0,0.0767123287671232,1.0463340822279374,1.2325460799125705,1.0463340822279374,1.2325460799125705,observed_quote_tax_basis_assumed,0.0,0.0,0.0,0.0,0.477,0.8097563733019061,undertaking,0.8,1.0,EU_MIP,EU_SHARED,calendar_days_fixed,A_POLICY_COVER;A_EU_MIX;A_EU_FLOOR;A_FX;A_POLICY_UNKNOWN;A_TARIFF_FILL;A_PRICE_TAX;PV_AD_OFFSET_BOUND;POLICY_FIRM_YEAR_UNKNOWN,main,LOCAL_EXPORT_AHS,2014.0,UPDATED_CHINA_ORDINARY;EU_REPLACEMENT_ORIGIN_UNCHANGED
49.0,FRA,2014,2014-03-01,2014-03-31,3.0,31.0,0.084931506849315,1.023935290408728,1.2305187261929451,1.023935290408728,1.2305187261929451,observed_quote_tax_basis_assumed,0.0,0.0,0.0,0.0,0.477,0.8097563733019061,undertaking,0.8,1.0,EU_MIP,EU_SHARED,calendar_days_fixed,A_POLICY_COVER;A_EU_MIX;A_EU_FLOOR;A_FX;A_POLICY_UNKNOWN;A_TARIFF_FILL;A_PRICE_TAX;PV_AD_OFFSET_BOUND;POLICY_FIRM_YEAR_UNKNOWN,main,LOCAL_EXPORT_AHS,2014.0,UPDATED_CHINA_ORDINARY;EU_REPLACEMENT_ORIGIN_UNCHANGED
49.0,FRA,2014,2014-04-01,2014-04-30,4.0,30.0,0.0821917808219178,1.0043282324389915,1.201606992382365,1.0043282324389915,1.201606992382365,observed_quote_tax_basis_assumed,0.0,0.0,0.0,0.0,0.477,0.8097563733019061,undertaking,0.8,1.0,EU_MIP,EU_SHARED,calendar_days_fixed,A_POLICY_COVER;A_EU_MIX;A_EU_FLOOR;A_FX;A_POLICY_UNKNOWN;A_TARIFF_FILL;A_PRICE_TAX;PV_AD_OFFSET_BOUND;POLICY_FIRM_YEAR_UNKNOWN,main,LOCAL_EXPORT_AHS,2014.0,UPDATED_CHINA_ORDINARY;EU_REPLACEMENT_ORIGIN_UNCHANGED
49.0,FRA,2014,2014-05-01,2014-05-31,5.0,31.0,0.084931506849315,0.998485340330426,1.1678712462793372,0.998485340330426,1.1678712462793372,observed_quote_tax_basis_assumed,0.0,0.0,0.0,0.0,0.477,0.8097563733019061,undertaking,0.8,1.0,EU_MIP,EU_SHARED,calendar_days_fixed,A_POLICY_COVER;A_EU_MIX;A_EU_FLOOR;A_FX;A_POLICY_UNKNOWN;A_TARIFF_FILL;A_PRICE_TAX;PV_AD_OFFSET_BOUND;POLICY_FIRM_YEAR_UNKNOWN,main,LOCAL_EXPORT_AHS,2014.0,UPDATED_CHINA_ORDINARY;EU_REPLACEMENT_ORIGIN_UNCHANGED
49.0,FRA,2014,2014-06-01,2014-06-30,6.0,30.0,0.0821917808219178,0.9706744104845764,1.1471606669363172,0.9706744104845764,1.1471606669363172,observed_quote_tax_basis_assumed,0.0,0.0,0.0,0.0,0.477,0.8097563733019061,undertaking,0.8,1.0,EU_MIP,EU_SHARED,calendar_days_fixed,A_POLICY_COVER;A_EU_MIX;A_EU_FLOOR;A_FX;A_POLICY_UNKNOWN;A_TARIFF_FILL;A_PRICE_TAX;PV_AD_OFFSET_BOUND;POLICY_FIRM_YEAR_UNKNOWN,main,LOCAL_EXPORT_AHS,2014.0,UPDATED_CHINA_ORDINARY;EU_REPLACEMENT_ORIGIN_UNCHANGED
49.0,FRA,2014,2014-07-01,2014-07-31,7.0,31.0,0.084931506849315,0.9668747294924476,1.1338803645865974,0.9668747294924476,1.1338803645865974,observed_quote_tax_basis_assumed,0.0,0.0,0.0,0.0,0.477,0.8097563733019061,undertaking,0.8,1.0,EU_MIP,EU_SHARED,calendar_days_fixed,A_POLICY_COVER;A_EU_MIX;A_EU_FLOOR;A_FX;A_POLICY_UNKNOWN;A_TARIFF_FILL;A_PRICE_TAX;PV_AD_OFFSET_BOUND;POLICY_FIRM_YEAR_UNKNOWN,main,LOCAL_EXPORT_AHS,2014.0,UPDATED_CHINA_ORDINARY;EU_REPLACEMENT_ORIGIN_UNCHANGED
49.0,FRA,2014,2014-08-01,2014-08-31,8.0,31.0,0.084931506849315,0.9336540934028892,1.1065529995886094,0.9336540934028892,1.1065529995886094,observed_quote_tax_basis_assumed,0.0,0.0,0.0,0.0,0.477,0.8097563733019061,undertaking,0.8,1.0,EU_MIP,EU_SHARED,calendar_days_fixed,A_POLICY_COVER;A_EU_MIX;A_EU_FLOOR;A_FX;A_POLICY_UNKNOWN;A_TARIFF_FILL;A_PRICE_TAX;PV_AD_OFFSET_BOUND;POLICY_FIRM_YEAR_UNKNOWN,main,LOCAL_EXPORT_AHS,2014.0,UPDATED_CHINA_ORDINARY;EU_REPLACEMENT_ORIGIN_UNCHANGED
49.0,FRA,2014,2014-09-01,2014-09-30,9.0,30.0,0.0821917808219178,0.9045753093677252,1.0553378609290127,0.9045753093677252,1.0553378609290127,observed_quote_tax_basis_assumed,0.0,0.0,0.0,0.0,0.477,0.8097563733019061,undertaking,0.8,1.0,EU_MIP,EU_SHARED,calendar_days_fixed,A_POLICY_COVER;A_EU_MIX;A_EU_FLOOR;A_FX;A_POLICY_UNKNOWN;A_TARIFF_FILL;A_PRICE_TAX;PV_AD_OFFSET_BOUND;POLICY_FIRM_YEAR_UNKNOWN,main,LOCAL_EXPORT_AHS,2014.0,UPDATED_CHINA_ORDINARY;EU_REPLACEMENT_ORIGIN_UNCHANGED
49.0,FRA,2014,2014-10-01,2014-10-31,10.0,31.0,0.084931506849315,0.8885453695095287,1.0119544486080745,0.8885453695095287,1.0119544486080745,observed_quote_tax_basis_assumed,0.0,0.0,0.0,0.0,0.477,0.8097563733019061,undertaking,0.8,1.0,EU_MIP,EU_SHARED,calendar_days_fixed,A_POLICY_COVER;A_EU_MIX;A_EU_FLOOR;A_FX;A_POLICY_UNKNOWN;A_TARIFF_FILL;A_PRICE_TAX;PV_AD_OFFSET_BOUND;POLICY_FIRM_YEAR_UNKNOWN,main,LOCAL_EXPORT_AHS,2014.0,UPDATED_CHINA_ORDINARY;EU_REPLACEMENT_ORIGIN_UNCHANGED
49.0,FRA,2014,2014-11-01,2014-11-30,11.0,30.0,0.0821917808219178,0.8582904677093165,0.9878437458541188,0.8582904677093165,0.9878437458541188,observed_quote_tax_basis_assumed,0.0,0.0,0.0,0.0,0.477,0.8097563733019061,undertaking,0.8,1.0,EU_MIP,EU_SHARED,calendar_days_fixed,A_POLICY_COVER;A_EU_MIX;A_EU_FLOOR;A_FX;A_POLICY_UNKNOWN;A_TARIFF_FILL;A_PRICE_TAX;PV_AD_OFFSET_BOUND;POLICY_FIRM_YEAR_UNKNOWN,main,LOCAL_EXPORT_AHS,2014.0,UPDATED_CHINA_ORDINARY;EU_REPLACEMENT_ORIGIN_UNCHANGED
49.0,FRA,2014,2014-12-01,2014-12-31,12.0,31.0,0.084931506849315,0.8627497629665737,0.984836993575051,0.8627497629665737,0.984836993575051,observed_quote_tax_basis_assumed,0.0,0.0,0.0,0.0,0.477,0.8097563733019061,undertaking,0.8,1.0,EU_MIP,EU_SHARED,calendar_days_fixed,A_POLICY_COVER;A_EU_MIX;A_EU_FLOOR;A_FX;A_POLICY_UNKNOWN;A_TARIFF_FILL;A_PRICE_TAX;PV_AD_OFFSET_BOUND;POLICY_FIRM_YEAR_UNKNOWN,main,LOCAL_EXPORT_AHS,2014.0,UPDATED_CHINA_ORDINARY;EU_REPLACEMENT_ORIGIN_UNCHANGED
50.0,FRA,2015,2015-01-01,2015-01-31,1.0,31.0,0.084931506849315,0.7836468068108556,0.8779746631862364,0.7836468068108556,0.8779746631862364,observed_quote_tax_basis_assumed,0.0,0.0,0.0,0.0,0.477,0.6754682361602754,undertaking,0.8,1.0,EU_MIP,EU_SHARED,calendar_days_fixed,A_POLICY_COVER;A_EU_MIX;A_EU_FLOOR;A_FX;A_POLICY_UNKNOWN;A_TARIFF_FILL;A_PRICE_TAX;PV_AD_OFFSET_BOUND;POLICY_FIRM_YEAR_UNKNOWN,main,LOCAL_EXPORT_AHS,2015.0,UPDATED_CHINA_ORDINARY;EU_REPLACEMENT_ORIGIN_UNCHANGED
50.0,FRA,2015,2015-02-01,2015-02-28,2.0,28.0,0.0767123287671232,0.7653267250677627,0.8503630278530696,0.7653267250677627,0.8503630278530696,observed_quote_tax_basis_assumed,0.0,0.0,0.0,0.0,0.477,0.6754682361602754,undertaking,0.8,1.0,EU_MIP,EU_SHARED,calendar_days_fixed,A_POLICY_COVER;A_EU_MIX;A_EU_FLOOR;A_FX;A_POLICY_UNKNOWN;A_TARIFF_FILL;A_PRICE_TAX;PV_AD_OFFSET_BOUND;POLICY_FIRM_YEAR_UNKNOWN,main,LOCAL_EXPORT_AHS,2015.0,UPDATED_CHINA_ORDINARY;EU_REPLACEMENT_ORIGIN_UNCHANGED
50.0,FRA,2015,2015-03-01,2015-03-31,3.0,31.0,0.084931506849315,0.7308038162617816,0.8323043462981401,0.7308038162617816,0.8323043462981401,observed_quote_tax_basis_assumed,0.0,0.0,0.0,0.0,0.477,0.6754682361602754,undertaking,0.8,1.0,EU_MIP,EU_SHARED,calendar_days_fixed,A_POLICY_COVER;A_EU_MIX;A_EU_FLOOR;A_FX;A_POLICY_UNKNOWN;A_TARIFF_FILL;A_PRICE_TAX;PV_AD_OFFSET_BOUND;POLICY_FIRM_YEAR_UNKNOWN,main,LOCAL_EXPORT_AHS,2015.0,UPDATED_CHINA_ORDINARY;EU_REPLACEMENT_ORIGIN_UNCHANGED
50.0,FRA,2015,2015-04-01,2015-04-30,4.0,30.0,0.0821917808219178,0.7403275288041375,0.8345510324701185,0.7403275288041375,0.8345510324701185,observed_quote_tax_basis_assumed,0.0,0.0,0.0,0.0,0.477,0.6754682361602754,undertaking,0.8,1.0,EU_MIP,EU_SHARED,calendar_days_fixed,A_POLICY_COVER;A_EU_MIX;A_EU_FLOOR;A_FX;A_POLICY_UNKNOWN;A_TARIFF_FILL;A_PRICE_TAX;PV_AD_OFFSET_BOUND;POLICY_FIRM_YEAR_UNKNOWN,main,LOCAL_EXPORT_AHS,2015.0,UPDATED_CHINA_ORDINARY;EU_REPLACEMENT_ORIGIN_UNCHANGED
50.0,FRA,2015,2015-05-01,2015-05-31,5.0,31.0,0.084931506849315,0.7796793226269166,0.8701778154318265,0.7796793226269166,0.8701778154318265,observed_quote_tax_basis_assumed,0.0,0.0,0.0,0.0,0.477,0.6754682361602754,undertaking,0.8,1.0,EU_MIP,EU_SHARED,calendar_days_fixed,A_POLICY_COVER;A_EU_MIX;A_EU_FLOOR;A_FX;A_POLICY_UNKNOWN;A_TARIFF_FILL;A_PRICE_TAX;PV_AD_OFFSET_BOUND;POLICY_FIRM_YEAR_UNKNOWN,main,LOCAL_EXPORT_AHS,2015.0,UPDATED_CHINA_ORDINARY;EU_REPLACEMENT_ORIGIN_UNCHANGED
50.0,FRA,2015,2015-06-01,2015-06-30,6.0,30.0,0.0821917808219178,0.7841322245706475,0.8681463914889309,0.7841322245706475,0.8681463914889309,observed_quote_tax_basis_assumed,0.0,0.0,0.0,0.0,0.477,0.6754682361602754,undertaking,0.8,1.0,EU_MIP,EU_SHARED,calendar_days_fixed,A_POLICY_COVER;A_EU_MIX;A_EU_FLOOR;A_FX;A_POLICY_UNKNOWN;A_TARIFF_FILL;A_PRICE_TAX;PV_AD_OFFSET_BOUND;POLICY_FIRM_YEAR_UNKNOWN,main,LOCAL_EXPORT_AHS,2015.0,UPDATED_CHINA_ORDINARY;EU_REPLACEMENT_ORIGIN_UNCHANGED
50.0,FRA,2015,2015-07-01,2015-07-31,7.0,31.0,0.084931506849315,0.7826573192219436,0.8444460549499919,0.7826573192219436,0.8444460549499919,observed_quote_tax_basis_assumed,0.0,0.0,0.0,0.0,0.477,0.6754682361602754,undertaking,0.8,1.0,EU_MIP,EU_SHARED,calendar_days_fixed,A_POLICY_COVER;A_EU_MIX;A_EU_FLOOR;A_FX;A_POLICY_UNKNOWN;A_TARIFF_FILL;A_PRICE_TAX;PV_AD_OFFSET_BOUND;POLICY_FIRM_YEAR_UNKNOWN,main,LOCAL_EXPORT_AHS,2015.0,UPDATED_CHINA_ORDINARY;EU_REPLACEMENT_ORIGIN_UNCHANGED
50.0,FRA,2015,2015-08-01,2015-08-31,8.0,31.0,0.084931506849315,0.7928546296754717,0.8484935510562066,0.7928546296754717,0.8484935510562066,observed_quote_tax_basis_assumed,0.0,0.0,0.0,0.0,0.477,0.6754682361602754,undertaking,0.8,1.0,EU_MIP,EU_SHARED,calendar_days_fixed,A_POLICY_COVER;A_EU_MIX;A_EU_FLOOR;A_FX;A_POLICY_UNKNOWN;A_TARIFF_FILL;A_PRICE_TAX;PV_AD_OFFSET_BOUND;POLICY_FIRM_YEAR_UNKNOWN,main,LOCAL_EXPORT_AHS,2015.0,UPDATED_CHINA_ORDINARY;EU_REPLACEMENT_ORIGIN_UNCHANGED
50.0,FRA,2015,2015-09-01,2015-09-30,9.0,30.0,0.0821917808219178,0.8238181179610751,0.8816299157127296,0.8238181179610751,0.8816299157127296,observed_quote_tax_basis_assumed,0.0,0.0,0.0,0.0,0.477,0.6754682361602754,undertaking,0.8,1.0,EU_MIP,EU_SHARED,calendar_days_fixed,A_POLICY_COVER;A_EU_MIX;A_EU_FLOOR;A_FX;A_POLICY_UNKNOWN;A_TARIFF_FILL;A_PRICE_TAX;PV_AD_OFFSET_BOUND;POLICY_FIRM_YEAR_UNKNOWN,main,LOCAL_EXPORT_AHS,2015.0,UPDATED_CHINA_ORDINARY;EU_REPLACEMENT_ORIGIN_UNCHANGED
50.0,FRA,2015,2015-10-01,2015-10-31,10.0,31.0,0.084931506849315,0.8090265672243003,0.8884845336481153,0.8090265672243003,0.8884845336481153,observed_quote_tax_basis_assumed,0.0,0.0,0.0,0.0,0.477,0.6754682361602754,undertaking,0.8,1.0,EU_MIP,EU_SHARED,calendar_days_fixed,A_POLICY_COVER;A_EU_MIX;A_EU_FLOOR;A_FX;A_POLICY_UNKNOWN;A_TARIFF_FILL;A_PRICE_TAX;PV_AD_OFFSET_BOUND;POLICY_FIRM_YEAR_UNKNOWN,main,LOCAL_EXPORT_AHS,2015.0,UPDATED_CHINA_ORDINARY;EU_REPLACEMENT_ORIGIN_UNCHANGED
50.0,FRA,2015,2015-11-01,2015-11-30,11.0,30.0,0.0821917808219178,0.7603831200676149,0.8571591535307657,0.7603831200676149,0.8571591535307657,observed_quote_tax_basis_assumed,0.0,0.0,0.0,0.0,0.477,0.6754682361602754,undertaking,0.8,1.0,EU_MIP,EU_SHARED,calendar_days_fixed,A_POLICY_COVER;A_EU_MIX;A_EU_FLOOR;A_FX;A_POLICY_UNKNOWN;A_TARIFF_FILL;A_PRICE_TAX;PV_AD_OFFSET_BOUND;POLICY_FIRM_YEAR_UNKNOWN,main,LOCAL_EXPORT_AHS,2015.0,UPDATED_CHINA_ORDINARY;EU_REPLACEMENT_ORIGIN_UNCHANGED
50.0,FRA,2015,2015-12-01,2015-12-31,12.0,31.0,0.084931506849315,0.770105042618891,0.861117456746578,0.770105042618891,0.861117456746578,observed_quote_tax_basis_assumed,0.0,0.0,0.0,0.0,0.477,0.6754682361602754,undertaking,0.8,1.0,EU_MIP,EU_SHARED,calendar_days_fixed,A_POLICY_COVER;A_EU_MIX;A_EU_FLOOR;A_FX;A_POLICY_UNKNOWN;A_TARIFF_FILL;A_PRICE_TAX;PV_AD_OFFSET_BOUND;POLICY_FIRM_YEAR_UNKNOWN,main,LOCAL_EXPORT_AHS,2015.0,UPDATED_CHINA_ORDINARY;EU_REPLACEMENT_ORIGIN_UNCHANGED
51.0,FRA,2016,2016-01-01,2016-01-31,1.0,31.0,0.0846994535519125,0.7754609470994799,0.8654698070306694,0.7754609470994799,0.8654698070306694,observed_quote_tax_basis_assumed,0.0,0.0,0.0,0.0,0.477,0.6654901018970281,undertaking,0.8,1.0,EU_MIP,EU_SHARED,calendar_days_fixed,A_POLICY_COVER;A_EU_MIX;A_EU_FLOOR;A_FX;A_POLICY_UNKNOWN;A_TARIFF_FILL;A_PRICE_TAX;PV_AD_OFFSET_BOUND;POLICY_FIRM_YEAR_UNKNOWN,main,LOCAL_EXPORT_AHS,2016.0,UPDATED_CHINA_ORDINARY;EU_REPLACEMENT_ORIGIN_UNCHANGED
51.0,FRA,2016,2016-02-01,2016-02-29,2.0,29.0,0.0792349726775956,0.7780005038629495,0.8699460179558434,0.7780005038629495,0.8699460179558434,observed_quote_tax_basis_assumed,0.0,0.0,0.0,0.0,0.477,0.6654901018970281,undertaking,0.8,1.0,EU_MIP,EU_SHARED,calendar_days_fixed,A_POLICY_COVER;A_EU_MIX;A_EU_FLOOR;A_FX;A_POLICY_UNKNOWN;A_TARIFF_FILL;A_PRICE_TAX;PV_AD_OFFSET_BOUND;POLICY_FIRM_YEAR_UNKNOWN,main,LOCAL_EXPORT_AHS,2016.0,UPDATED_CHINA_ORDINARY;EU_REPLACEMENT_ORIGIN_UNCHANGED
51.0,FRA,2016,2016-03-01,2016-03-31,3.0,31.0,0.0846994535519125,0.7787644863397156,0.8495612578251441,0.7787644863397156,0.8495612578251441,observed_quote_tax_basis_assumed,0.0,0.0,0.0,0.0,0.477,0.6654901018970281,undertaking,0.8,1.0,EU_MIP,EU_SHARED,calendar_days_fixed,A_POLICY_COVER;A_EU_MIX;A_EU_FLOOR;A_FX;A_POLICY_UNKNOWN;A_TARIFF_FILL;A_PRICE_TAX;PV_AD_OFFSET_BOUND;POLICY_FIRM_YEAR_UNKNOWN,main,LOCAL_EXPORT_AHS,2016.0,UPDATED_CHINA_ORDINARY;EU_REPLACEMENT_ORIGIN_UNCHANGED
51.0,FRA,2016,2016-04-01,2016-04-30,4.0,30.0,0.081967213114754,0.7944156135931028,0.8738571749524129,0.7944156135931028,0.8738571749524129,observed_quote_tax_basis_assumed,0.0,0.0,0.0,0.0,0.477,0.6654901018970281,undertaking,0.8,1.0,EU_MIP,EU_SHARED,calendar_days_fixed,A_POLICY_COVER;A_EU_MIX;A_EU_FLOOR;A_FX;A_POLICY_UNKNOWN;A_TARIFF_FILL;A_PRICE_TAX;PV_AD_OFFSET_BOUND;POLICY_FIRM_YEAR_UNKNOWN,main,LOCAL_EXPORT_AHS,2016.0,UPDATED_CHINA_ORDINARY;EU_REPLACEMENT_ORIGIN_UNCHANGED
51.0,FRA,2016,2016-05-01,2016-05-31,5.0,31.0,0.0846994535519125,0.7782994701499374,0.8575707124800236,0.7782994701499374,0.8575707124800236,observed_quote_tax_basis_assumed,0.0,0.0,0.0,0.0,0.477,0.6654901018970281,undertaking,0.8,1.0,EU_MIP,EU_SHARED,calendar_days_fixed,A_POLICY_COVER;A_EU_MIX;A_EU_FLOOR;A_FX;A_POLICY_UNKNOWN;A_TARIFF_FILL;A_PRICE_TAX;PV_AD_OFFSET_BOUND;POLICY_FIRM_YEAR_UNKNOWN,main,LOCAL_EXPORT_AHS,2016.0,UPDATED_CHINA_ORDINARY;EU_REPLACEMENT_ORIGIN_UNCHANGED
51.0,FRA,2016,2016-06-01,2016-06-30,6.0,30.0,0.081967213114754,0.7591586187691494,0.8379392301508536,0.7591586187691494,0.8379392301508536,observed_quote_tax_basis_assumed,0.0,0.0,0.0,0.0,0.477,0.6654901018970281,undertaking,0.8,1.0,EU_MIP,EU_SHARED,calendar_days_fixed,A_POLICY_COVER;A_EU_MIX;A_EU_FLOOR;A_FX;A_POLICY_UNKNOWN;A_TARIFF_FILL;A_PRICE_TAX;PV_AD_OFFSET_BOUND;POLICY_FIRM_YEAR_UNKNOWN,main,LOCAL_EXPORT_AHS,2016.0,UPDATED_CHINA_ORDINARY;EU_REPLACEMENT_ORIGIN_UNCHANGED
51.0,FRA,2016,2016-07-01,2016-07-31,7.0,31.0,0.0846994535519125,0.7330790988487496,0.8035674737380523,0.7330790988487496,0.8035674737380523,observed_quote_tax_basis_assumed,0.0,0.0,0.0,0.0,0.477,0.6654901018970281,undertaking,0.8,1.0,EU_MIP,EU_SHARED,calendar_days_fixed,A_POLICY_COVER;A_EU_MIX;A_EU_FLOOR;A_FX;A_POLICY_UNKNOWN;A_TARIFF_FILL;A_PRICE_TAX;PV_AD_OFFSET_BOUND;POLICY_FIRM_YEAR_UNKNOWN,main,LOCAL_EXPORT_AHS,2016.0,UPDATED_CHINA_ORDINARY;EU_REPLACEMENT_ORIGIN_UNCHANGED
51.0,FRA,2016,2016-08-01,2016-08-31,8.0,31.0,0.0846994535519125,0.7280738985555929,0.8280056101220468,0.7280738985555929,0.8280056101220468,observed_quote_tax_basis_assumed,0.0,0.0,0.0,0.0,0.477,0.6654901018970281,undertaking,0.8,1.0,EU_MIP,EU_SHARED,calendar_days_fixed,A_POLICY_COVER;A_EU_MIX;A_EU_FLOOR;A_FX;A_POLICY_UNKNOWN;A_TARIFF_FILL;A_PRICE_TAX;PV_AD_OFFSET_BOUND;POLICY_FIRM_YEAR_UNKNOWN,main,LOCAL_EXPORT_AHS,2016.0,UPDATED_CHINA_ORDINARY;EU_REPLACEMENT_ORIGIN_UNCHANGED
51.0,FRA,2016,2016-09-01,2016-09-30,9.0,30.0,0.081967213114754,0.7423697374619559,0.7923369313295875,0.7423697374619559,0.7923369313295875,observed_quote_tax_basis_assumed,0.0,0.0,0.0,0.0,0.477,0.6654901018970281,undertaking,0.8,1.0,EU_MIP,EU_SHARED,calendar_days_fixed,A_POLICY_COVER;A_EU_MIX;A_EU_FLOOR;A_FX;A_POLICY_UNKNOWN;A_TARIFF_FILL;A_PRICE_TAX;PV_AD_OFFSET_BOUND;POLICY_FIRM_YEAR_UNKNOWN,main,LOCAL_EXPORT_AHS,2016.0,UPDATED_CHINA_ORDINARY;EU_REPLACEMENT_ORIGIN_UNCHANGED
51.0,FRA,2016,2016-10-01,2016-10-31,10.0,31.0,0.0846994535519125,0.7036858447593164,0.774054429235248,0.7036858447593164,0.774054429235248,observed_quote_tax_basis_assumed,0.0,0.0,0.0,0.0,0.477,0.6654901018970281,undertaking,0.8,1.0,EU_MIP,EU_SHARED,calendar_days_fixed,A_POLICY_COVER;A_EU_MIX;A_EU_FLOOR;A_FX;A_POLICY_UNKNOWN;A_TARIFF_FILL;A_PRICE_TAX;PV_AD_OFFSET_BOUND;POLICY_FIRM_YEAR_UNKNOWN,main,LOCAL_EXPORT_AHS,2016.0,UPDATED_CHINA_ORDINARY;EU_REPLACEMENT_ORIGIN_UNCHANGED
51.0,FRA,2016,2016-11-01,2016-11-30,11.0,30.0,0.081967213114754,0.6749440466200466,0.7438158881118881,0.6749440466200466,0.7438158881118881,observed_quote_tax_basis_assumed,0.0,0.0,0.0,0.0,0.477,0.6654901018970281,undertaking,0.8,1.0,EU_MIP,EU_SHARED,calendar_days_fixed,A_POLICY_COVER;A_EU_MIX;A_EU_FLOOR;A_FX;A_POLICY_UNKNOWN;A_TARIFF_FILL;A_PRICE_TAX;PV_AD_OFFSET_BOUND;POLICY_FIRM_YEAR_UNKNOWN,main,LOCAL_EXPORT_AHS,2016.0,UPDATED_CHINA_ORDINARY;EU_REPLACEMENT_ORIGIN_UNCHANGED
51.0,FRA,2016,2016-12-01,2016-12-31,12.0,31.0,0.0846994535519125,0.6716546528435174,0.7186704785425637,0.6716546528435174,0.7186704785425637,observed_quote_tax_basis_assumed,0.0,0.0,0.0,0.0,0.477,0.6654901018970281,undertaking,0.8,1.0,EU_MIP,EU_SHARED,calendar_days_fixed,A_POLICY_COVER;A_EU_MIX;A_EU_FLOOR;A_FX;A_POLICY_UNKNOWN;A_TARIFF_FILL;A_PRICE_TAX;PV_AD_OFFSET_BOUND;POLICY_FIRM_YEAR_UNKNOWN,main,LOCAL_EXPORT_AHS,2016.0,UPDATED_CHINA_ORDINARY;EU_REPLACEMENT_ORIGIN_UNCHANGED
52.0,FRA,2017,2017-01-01,2017-01-31,1.0,31.0,0.084931506849315,0.65131797346,0.6978406858499999,0.65131797346,0.6978406858499999,observed_quote_tax_basis_assumed,0.0,0.0,0.0,0.0,0.477,0.6650304059970626,undertaking,0.8,1.0,EU_MIP,EU_SHARED,calendar_days_fixed,A_POLICY_COVER;A_EU_MIX;A_EU_FLOOR;A_FX;A_POLICY_UNKNOWN;A_TARIFF_FILL;A_PRICE_TAX;PV_AD_OFFSET_BOUND;POLICY_FIRM_YEAR_UNKNOWN,main,LOCAL_EXPORT_AHS,2017.0,UPDATED_CHINA_ORDINARY;EU_REPLACEMENT_ORIGIN_UNCHANGED
52.0,FRA,2017,2017-02-01,2017-02-28,2.0,28.0,0.0767123287671232,0.653336242055,0.680003027445,0.653336242055,0.680003027445,observed_quote_tax_basis_assumed,0.0,0.0,0.0,0.0,0.477,0.6650304059970626,undertaking,0.8,1.0,EU_MIP,EU_SHARED,calendar_days_fixed,A_POLICY_COVER;A_EU_MIX;A_EU_FLOOR;A_FX;A_POLICY_UNKNOWN;A_TARIFF_FILL;A_PRICE_TAX;PV_AD_OFFSET_BOUND;POLICY_FIRM_YEAR_UNKNOWN,main,LOCAL_EXPORT_AHS,2017.0,UPDATED_CHINA_ORDINARY;EU_REPLACEMENT_ORIGIN_UNCHANGED
52.0,FRA,2017,2017-03-01,2017-03-31,3.0,31.0,0.084931506849315,0.6288995552,0.66904208,0.6288995552,0.66904208,observed_quote_tax_basis_assumed,0.0,0.0,0.0,0.0,0.477,0.6650304059970626,undertaking,0.8,1.0,EU_MIP,EU_SHARED,calendar_days_fixed,A_POLICY_COVER;A_EU_MIX;A_EU_FLOOR;A_FX;A_POLICY_UNKNOWN;A_TARIFF_FILL;A_PRICE_TAX;PV_AD_OFFSET_BOUND;POLICY_FIRM_YEAR_UNKNOWN,main,LOCAL_EXPORT_AHS,2017.0,UPDATED_CHINA_ORDINARY;EU_REPLACEMENT_ORIGIN_UNCHANGED
52.0,FRA,2017,2017-04-01,2017-04-30,4.0,30.0,0.0821917808219178,0.6161349233900001,0.6630147545175,0.6161349233900001,0.6630147545175,observed_quote_tax_basis_assumed,0.0,0.0,0.0,0.0,0.477,0.6650304059970626,undertaking,0.8,1.0,EU_MIP,EU_SHARED,calendar_days_fixed,A_POLICY_COVER;A_EU_MIX;A_EU_FLOOR;A_FX;A_POLICY_UNKNOWN;A_TARIFF_FILL;A_PRICE_TAX;PV_AD_OFFSET_BOUND;POLICY_FIRM_YEAR_UNKNOWN,main,LOCAL_EXPORT_AHS,2017.0,UPDATED_CHINA_ORDINARY;EU_REPLACEMENT_ORIGIN_UNCHANGED
52.0,FRA,2017,2017-05-01,2017-05-31,5.0,31.0,0.084931506849315,0.6360321647399999,0.67751252331,0.6360321647399999,0.67751252331,observed_quote_tax_basis_assumed,0.0,0.0,0.0,0.0,0.477,0.6650304059970626,undertaking,0.8,1.0,EU_MIP,EU_SHARED,calendar_days_fixed,A_POLICY_COVER;A_EU_MIX;A_EU_FLOOR;A_FX;A_POLICY_UNKNOWN;A_TARIFF_FILL;A_PRICE_TAX;PV_AD_OFFSET_BOUND;POLICY_FIRM_YEAR_UNKNOWN,main,LOCAL_EXPORT_AHS,2017.0,UPDATED_CHINA_ORDINARY;EU_REPLACEMENT_ORIGIN_UNCHANGED
52.0,FRA,2017,2017-06-01,2017-06-30,6.0,30.0,0.0821917808219178,0.6834862197535653,0.7587457241032978,,,index_bridge,0.0,0.0,0.0,0.0,0.477,0.6650304059970626,undertaking,0.8,1.0,EU_MIP,EU_SHARED,calendar_days_fixed,A_POLICY_COVER;A_EU_MIX;A_EU_FLOOR;A_FX;A_POLICY_UNKNOWN;A_TARIFF_FILL;A_PRICE_TAX;PV_AD_OFFSET_BOUND;POLICY_FIRM_YEAR_UNKNOWN,main,LOCAL_EXPORT_AHS,2017.0,UPDATED_CHINA_ORDINARY;EU_REPLACEMENT_ORIGIN_UNCHANGED
52.0,FRA,2017,2017-07-01,2017-07-31,7.0,31.0,0.084931506849315,0.7190854065307387,0.7982647809154071,,,index_bridge,0.0,0.0,0.0,0.0,0.477,0.6650304059970626,undertaking,0.8,1.0,EU_MIP,EU_SHARED,calendar_days_fixed,A_POLICY_COVER;A_EU_MIX;A_EU_FLOOR;A_FX;A_POLICY_UNKNOWN;A_TARIFF_FILL;A_PRICE_TAX;PV_AD_OFFSET_BOUND;POLICY_FIRM_YEAR_UNKNOWN,main,LOCAL_EXPORT_AHS,2017.0,UPDATED_CHINA_ORDINARY;EU_REPLACEMENT_ORIGIN_UNCHANGED
52.0,FRA,2017,2017-08-01,2017-08-31,8.0,31.0,0.084931506849315,0.7376777050824325,0.8189043002204721,,,index_bridge,0.0,0.0,0.0,0.0,0.477,0.6650304059970626,undertaking,0.8,1.0,EU_MIP,EU_SHARED,calendar_days_fixed,A_POLICY_COVER;A_EU_MIX;A_EU_FLOOR;A_FX;A_POLICY_UNKNOWN;A_TARIFF_FILL;A_PRICE_TAX;PV_AD_OFFSET_BOUND;POLICY_FIRM_YEAR_UNKNOWN,main,LOCAL_EXPORT_AHS,2017.0,UPDATED_CHINA_ORDINARY;EU_REPLACEMENT_ORIGIN_UNCHANGED
52.0,FRA,2017,2017-09-01,2017-09-30,9.0,30.0,0.0821917808219178,0.7443664359352588,0.8263295354155424,,,index_bridge,0.0,0.0,0.0,0.0,0.477,0.6650304059970626,undertaking,0.8,1.0,EU_MIP,EU_SHARED,calendar_days_fixed,A_POLICY_COVER;A_EU_MIX;A_EU_FLOOR;A_FX;A_POLICY_UNKNOWN;A_TARIFF_FILL;A_PRICE_TAX;PV_AD_OFFSET_BOUND;POLICY_FIRM_YEAR_UNKNOWN,main,LOCAL_EXPORT_AHS,2017.0,UPDATED_CHINA_ORDINARY;EU_REPLACEMENT_ORIGIN_UNCHANGED
52.0,FRA,2017,2017-10-01,2017-10-31,10.0,31.0,0.084931506849315,0.7152718333710166,0.7940312905466657,,,index_bridge,0.0,0.0,0.0,0.0,0.477,0.5710587181931299,variable_MIP_duty,0.8,1.0,EU_MIP,EU_SHARED,calendar_days_fixed,A_POLICY_COVER;A_EU_MIX;A_EU_FLOOR;A_FX;A_POLICY_UNKNOWN;A_TARIFF_FILL;A_PRICE_TAX;PV_AD_OFFSET_BOUND;POLICY_FIRM_YEAR_UNKNOWN,main,LOCAL_EXPORT_AHS,2017.0,UPDATED_CHINA_ORDINARY;EU_REPLACEMENT_ORIGIN_UNCHANGED
52.0,FRA,2017,2017-11-01,2017-11-30,11.0,30.0,0.0821917808219178,0.6803818599439665,0.7552995394348484,,,index_bridge,0.0,0.0,0.0,0.0,0.477,0.5710587181931299,variable_MIP_duty,0.8,1.0,EU_MIP,EU_SHARED,calendar_days_fixed,A_POLICY_COVER;A_EU_MIX;A_EU_FLOOR;A_FX;A_POLICY_UNKNOWN;A_TARIFF_FILL;A_PRICE_TAX;PV_AD_OFFSET_BOUND;POLICY_FIRM_YEAR_UNKNOWN,main,LOCAL_EXPORT_AHS,2017.0,UPDATED_CHINA_ORDINARY;EU_REPLACEMENT_ORIGIN_UNCHANGED
52.0,FRA,2017,2017-12-01,2017-12-31,12.0,31.0,0.084931506849315,0.6512233829889086,0.722930386887791,,,index_bridge,0.0,0.0,0.0,0.0,0.477,0.5710587181931299,variable_MIP_duty,0.8,1.0,EU_MIP,EU_SHARED,calendar_days_fixed,A_POLICY_COVER;A_EU_MIX;A_EU_FLOOR;A_FX;A_POLICY_UNKNOWN;A_TARIFF_FILL;A_PRICE_TAX;PV_AD_OFFSET_BOUND;POLICY_FIRM_YEAR_UNKNOWN,main,LOCAL_EXPORT_AHS,2017.0,UPDATED_CHINA_ORDINARY;EU_REPLACEMENT_ORIGIN_UNCHANGED
53.0,FRA,2018,2018-01-01,2018-01-31,1.0,31.0,0.084931506849315,0.655027440164083,0.7271533134552772,,,index_bridge,0.0,0.0,0.0,0.0,0.477,0.5384969307307245,variable_MIP_duty,0.8,1.0,EU_MIP,EU_SHARED,calendar_days_fixed,A_POLICY_COVER;A_EU_MIX;A_EU_FLOOR;A_FX;A_POLICY_UNKNOWN;A_TARIFF_FILL;A_PRICE_TAX;PV_AD_OFFSET_BOUND;POLICY_FIRM_YEAR_UNKNOWN,main,LOCAL_EXPORT_AHS,2018.0,UPDATED_CHINA_ORDINARY;EU_REPLACEMENT_ORIGIN_UNCHANGED
53.0,FRA,2018,2018-02-01,2018-02-28,2.0,28.0,0.0767123287671232,0.6647304348272245,0.7379247167387408,,,index_bridge,0.0,0.0,0.0,0.0,0.477,0.5384969307307245,variable_MIP_duty,0.8,1.0,EU_MIP,EU_SHARED,calendar_days_fixed,A_POLICY_COVER;A_EU_MIX;A_EU_FLOOR;A_FX;A_POLICY_UNKNOWN;A_TARIFF_FILL;A_PRICE_TAX;PV_AD_OFFSET_BOUND;POLICY_FIRM_YEAR_UNKNOWN,main,LOCAL_EXPORT_AHS,2018.0,UPDATED_CHINA_ORDINARY;EU_REPLACEMENT_ORIGIN_UNCHANGED
53.0,FRA,2018,2018-03-01,2018-03-31,3.0,31.0,0.084931506849315,0.6450430138824986,0.7160694897733482,,,index_bridge,0.0,0.0,0.0,0.0,0.477,0.5384969307307245,variable_MIP_duty,0.8,1.0,EU_MIP,EU_SHARED,calendar_days_fixed,A_POLICY_COVER;A_EU_MIX;A_EU_FLOOR;A_FX;A_POLICY_UNKNOWN;A_TARIFF_FILL;A_PRICE_TAX;PV_AD_OFFSET_BOUND;POLICY_FIRM_YEAR_UNKNOWN,main,LOCAL_EXPORT_AHS,2018.0,UPDATED_CHINA_ORDINARY;EU_REPLACEMENT_ORIGIN_UNCHANGED
53.0,FRA,2018,2018-04-01,2018-04-30,4.0,30.0,0.0821917808219178,0.6248356131344818,0.6936370273919885,,,index_bridge,0.0,0.0,0.0,0.0,0.477,0.5089902495947943,variable_MIP_duty,0.8,1.0,EU_MIP,EU_SHARED,calendar_days_fixed,A_POLICY_COVER;A_EU_MIX;A_EU_FLOOR;A_FX;A_POLICY_UNKNOWN;A_TARIFF_FILL;A_PRICE_TAX;PV_AD_OFFSET_BOUND;POLICY_FIRM_YEAR_UNKNOWN,main,LOCAL_EXPORT_AHS,2018.0,UPDATED_CHINA_ORDINARY;EU_REPLACEMENT_ORIGIN_UNCHANGED
53.0,FRA,2018,2018-05-01,2018-05-31,5.0,31.0,0.084931506849315,0.5850384784497941,0.6494577814893321,,,index_bridge,0.0,0.0,0.0,0.0,0.477,0.5089902495947943,variable_MIP_duty,0.8,1.0,EU_MIP,EU_SHARED,calendar_days_fixed,A_POLICY_COVER;A_EU_MIX;A_EU_FLOOR;A_FX;A_POLICY_UNKNOWN;A_TARIFF_FILL;A_PRICE_TAX;PV_AD_OFFSET_BOUND;POLICY_FIRM_YEAR_UNKNOWN,main,LOCAL_EXPORT_AHS,2018.0,UPDATED_CHINA_ORDINARY;EU_REPLACEMENT_ORIGIN_UNCHANGED
53.0,FRA,2018,2018-06-01,2018-06-30,6.0,30.0,0.0821917808219178,0.5600553168749636,0.6217236934102497,,,index_bridge,0.0,0.0,0.0,0.0,0.477,0.5089902495947943,variable_MIP_duty,0.8,1.0,EU_MIP,EU_SHARED,calendar_days_fixed,A_POLICY_COVER;A_EU_MIX;A_EU_FLOOR;A_FX;A_POLICY_UNKNOWN;A_TARIFF_FILL;A_PRICE_TAX;PV_AD_OFFSET_BOUND;POLICY_FIRM_YEAR_UNKNOWN,main,LOCAL_EXPORT_AHS,2018.0,UPDATED_CHINA_ORDINARY;EU_REPLACEMENT_ORIGIN_UNCHANGED
53.0,FRA,2018,2018-07-01,2018-07-31,7.0,31.0,0.084931506849315,0.5436607621600794,0.6035239142062432,,,index_bridge,0.0,0.0,0.0,0.0,0.477,0.4794835684588642,variable_MIP_duty,0.8,1.0,EU_MIP,EU_SHARED,calendar_days_fixed,A_POLICY_COVER;A_EU_MIX;A_EU_FLOOR;A_FX;A_POLICY_UNKNOWN;A_TARIFF_FILL;A_PRICE_TAX;PV_AD_OFFSET_BOUND;POLICY_FIRM_YEAR_UNKNOWN,main,LOCAL_EXPORT_AHS,2018.0,UPDATED_CHINA_ORDINARY;EU_REPLACEMENT_ORIGIN_UNCHANGED
53.0,FRA,2018,2018-08-01,2018-08-31,8.0,31.0,0.084931506849315,0.5200018991617037,0.577259944841015,,,index_bridge,0.0,0.0,0.0,0.0,0.477,0.4794835684588642,variable_MIP_duty,0.8,1.0,EU_MIP,EU_SHARED,calendar_days_fixed,A_POLICY_COVER;A_EU_MIX;A_EU_FLOOR;A_FX;A_POLICY_UNKNOWN;A_TARIFF_FILL;A_PRICE_TAX;PV_AD_OFFSET_BOUND;POLICY_FIRM_YEAR_UNKNOWN,main,LOCAL_EXPORT_AHS,2018.0,UPDATED_CHINA_ORDINARY;EU_REPLACEMENT_ORIGIN_UNCHANGED
53.0,FRA,2018,2018-09-01,2018-09-02,9.0,2.0,0.0054794520547945,0.491111693367402,0.54518860312063,,,index_bridge,0.0,0.0,0.0,0.0,0.477,0.4794835684588642,variable_MIP_duty,0.8,1.0,EU_MIP,EU_SHARED,calendar_days_fixed,A_POLICY_COVER;A_EU_MIX;A_EU_FLOOR;A_FX;A_POLICY_UNKNOWN;A_TARIFF_FILL;A_PRICE_TAX;PV_AD_OFFSET_BOUND;POLICY_FIRM_YEAR_UNKNOWN,main,LOCAL_EXPORT_AHS,2018.0,UPDATED_CHINA_ORDINARY;EU_REPLACEMENT_ORIGIN_UNCHANGED
53.0,FRA,2018,2018-09-03,2018-09-30,9.0,28.0,0.0767123287671232,0.491111693367402,0.54518860312063,,,index_bridge,0.0,0.0,0.0,0.0,0.0,0.0,none,0.8,1.0,,EU_SHARED,calendar_days_fixed,A_POLICY_COVER;A_EU_MIX;A_EU_FLOOR;A_FX;A_POLICY_UNKNOWN;A_TARIFF_FILL;A_PRICE_TAX;PV_AD_OFFSET_BOUND;POLICY_FIRM_YEAR_UNKNOWN,main,LOCAL_EXPORT_AHS,2018.0,UPDATED_CHINA_ORDINARY;EU_REPLACEMENT_ORIGIN_UNCHANGED
53.0,FRA,2018,2018-10-01,2018-10-31,10.0,31.0,0.084931506849315,0.4860318235809892,0.5395493826534903,,,index_bridge,0.0,0.0,0.0,0.0,0.0,0.0,none,0.8,1.0,,EU_SHARED,calendar_days_fixed,A_POLICY_COVER;A_EU_MIX;A_EU_FLOOR;A_FX;A_POLICY_UNKNOWN;A_TARIFF_FILL;A_PRICE_TAX;PV_AD_OFFSET_BOUND;POLICY_FIRM_YEAR_UNKNOWN,main,LOCAL_EXPORT_AHS,2018.0,UPDATED_CHINA_ORDINARY;EU_REPLACEMENT_ORIGIN_UNCHANGED
53.0,FRA,2018,2018-11-01,2018-11-30,11.0,30.0,0.0821917808219178,0.4461069108009444,0.4952282888529768,,,index_bridge,0.0,0.0,0.0,0.0,0.0,0.0,none,0.8,1.0,,EU_SHARED,calendar_days_fixed,A_POLICY_COVER;A_EU_MIX;A_EU_FLOOR;A_FX;A_POLICY_UNKNOWN;A_TARIFF_FILL;A_PRICE_TAX;PV_AD_OFFSET_BOUND;POLICY_FIRM_YEAR_UNKNOWN,main,LOCAL_EXPORT_AHS,2018.0,UPDATED_CHINA_ORDINARY;EU_REPLACEMENT_ORIGIN_UNCHANGED
53.0,FRA,2018,2018-12-01,2018-12-31,12.0,31.0,0.084931506849315,0.445321925914791,0.4943568683200664,,,index_bridge,0.0,0.0,0.0,0.0,0.0,0.0,none,0.8,1.0,,EU_SHARED,calendar_days_fixed,A_POLICY_COVER;A_EU_MIX;A_EU_FLOOR;A_FX;A_POLICY_UNKNOWN;A_TARIFF_FILL;A_PRICE_TAX;PV_AD_OFFSET_BOUND;POLICY_FIRM_YEAR_UNKNOWN,main,LOCAL_EXPORT_AHS,2018.0,UPDATED_CHINA_ORDINARY;EU_REPLACEMENT_ORIGIN_UNCHANGED
54.0,FRA,2019,2019-01-01,2019-01-31,1.0,31.0,0.084931506849315,0.4407953936392269,0.4893319140344654,,,index_bridge,0.0,0.0,0.0,0.0,0.0,0.0,none,0.8,1.0,,EU_SHARED,calendar_days_fixed,A_POLICY_COVER;A_EU_MIX;A_EU_FLOOR;A_FX;A_POLICY_UNKNOWN;A_TARIFF_FILL;A_PRICE_TAX;PV_AD_OFFSET_BOUND;POLICY_FIRM_YEAR_UNKNOWN,main,LOCAL_EXPORT_AHS,2019.0,UPDATED_CHINA_ORDINARY;EU_REPLACEMENT_ORIGIN_UNCHANGED
54.0,FRA,2019,2019-02-01,2019-02-28,2.0,28.0,0.0767123287671232,0.4220528087387762,0.4685255601668083,,,index_bridge,0.0,0.0,0.0,0.0,0.0,0.0,none,0.8,1.0,,EU_SHARED,calendar_days_fixed,A_POLICY_COVER;A_EU_MIX;A_EU_FLOOR;A_FX;A_POLICY_UNKNOWN;A_TARIFF_FILL;A_PRICE_TAX;PV_AD_OFFSET_BOUND;POLICY_FIRM_YEAR_UNKNOWN,main,LOCAL_EXPORT_AHS,2019.0,UPDATED_CHINA_ORDINARY;EU_REPLACEMENT_ORIGIN_UNCHANGED
54.0,FRA,2019,2019-03-01,2019-03-31,3.0,31.0,0.084931506849315,0.43639361763407,0.4844454530849272,,,index_bridge,0.0,0.0,0.0,0.0,0.0,0.0,none,0.8,1.0,,EU_SHARED,calendar_days_fixed,A_POLICY_COVER;A_EU_MIX;A_EU_FLOOR;A_FX;A_POLICY_UNKNOWN;A_TARIFF_FILL;A_PRICE_TAX;PV_AD_OFFSET_BOUND;POLICY_FIRM_YEAR_UNKNOWN,main,LOCAL_EXPORT_AHS,2019.0,UPDATED_CHINA_ORDINARY;EU_REPLACEMENT_ORIGIN_UNCHANGED
54.0,FRA,2019,2019-04-01,2019-04-30,4.0,30.0,0.0821917808219178,0.4178512434680968,0.4638613554008097,,,index_bridge,0.0,0.0,0.0,0.0,0.0,0.0,none,0.8,1.0,,EU_SHARED,calendar_days_fixed,A_POLICY_COVER;A_EU_MIX;A_EU_FLOOR;A_FX;A_POLICY_UNKNOWN;A_TARIFF_FILL;A_PRICE_TAX;PV_AD_OFFSET_BOUND;POLICY_FIRM_YEAR_UNKNOWN,main,LOCAL_EXPORT_AHS,2019.0,UPDATED_CHINA_ORDINARY;EU_REPLACEMENT_ORIGIN_UNCHANGED
54.0,FRA,2019,2019-05-01,2019-05-31,5.0,31.0,0.084931506849315,0.4318373933480303,0.4793875373652296,,,index_bridge,0.0,0.0,0.0,0.0,0.0,0.0,none,0.8,1.0,,EU_SHARED,calendar_days_fixed,A_POLICY_COVER;A_EU_MIX;A_EU_FLOOR;A_FX;A_POLICY_UNKNOWN;A_TARIFF_FILL;A_PRICE_TAX;PV_AD_OFFSET_BOUND;POLICY_FIRM_YEAR_UNKNOWN,main,LOCAL_EXPORT_AHS,2019.0,UPDATED_CHINA_ORDINARY;EU_REPLACEMENT_ORIGIN_UNCHANGED
54.0,FRA,2019,2019-06-01,2019-06-30,6.0,30.0,0.0821917808219178,0.4198962531131177,0.4661315435612515,,,index_bridge,0.0,0.0,0.0,0.0,0.0,0.0,none,0.8,1.0,,EU_SHARED,calendar_days_fixed,A_POLICY_COVER;A_EU_MIX;A_EU_FLOOR;A_FX;A_POLICY_UNKNOWN;A_TARIFF_FILL;A_PRICE_TAX;PV_AD_OFFSET_BOUND;POLICY_FIRM_YEAR_UNKNOWN,main,LOCAL_EXPORT_AHS,2019.0,UPDATED_CHINA_ORDINARY;EU_REPLACEMENT_ORIGIN_UNCHANGED
54.0,FRA,2019,2019-07-01,2019-07-31,7.0,31.0,0.084931506849315,0.4331502037355332,0.4808449029115831,,,index_bridge,0.0,0.0,0.0,0.0,0.0,0.0,none,0.8,1.0,,EU_SHARED,calendar_days_fixed,A_POLICY_COVER;A_EU_MIX;A_EU_FLOOR;A_FX;A_POLICY_UNKNOWN;A_TARIFF_FILL;A_PRICE_TAX;PV_AD_OFFSET_BOUND;POLICY_FIRM_YEAR_UNKNOWN,main,LOCAL_EXPORT_AHS,2019.0,UPDATED_CHINA_ORDINARY;EU_REPLACEMENT_ORIGIN_UNCHANGED
54.0,FRA,2019,2019-08-01,2019-08-31,8.0,31.0,0.084931506849315,0.4136868601909633,0.459238426783183,,,index_bridge,0.0,0.0,0.0,0.0,0.0,0.0,none,0.8,1.0,,EU_SHARED,calendar_days_fixed,A_POLICY_COVER;A_EU_MIX;A_EU_FLOOR;A_FX;A_POLICY_UNKNOWN;A_TARIFF_FILL;A_PRICE_TAX;PV_AD_OFFSET_BOUND;POLICY_FIRM_YEAR_UNKNOWN,main,LOCAL_EXPORT_AHS,2019.0,UPDATED_CHINA_ORDINARY;EU_REPLACEMENT_ORIGIN_UNCHANGED
54.0,FRA,2019,2019-09-01,2019-09-30,9.0,30.0,0.0821917808219178,0.3933783413315631,0.4366937120514113,,,index_bridge,0.0,0.0,0.0,0.0,0.0,0.0,none,0.8,1.0,,EU_SHARED,calendar_days_fixed,A_POLICY_COVER;A_EU_MIX;A_EU_FLOOR;A_FX;A_POLICY_UNKNOWN;A_TARIFF_FILL;A_PRICE_TAX;PV_AD_OFFSET_BOUND;POLICY_FIRM_YEAR_UNKNOWN,main,LOCAL_EXPORT_AHS,2019.0,UPDATED_CHINA_ORDINARY;EU_REPLACEMENT_ORIGIN_UNCHANGED
54.0,FRA,2019,2019-10-01,2019-10-31,10.0,31.0,0.084931506849315,0.3951301852582417,0.438638453657384,,,index_bridge,0.0,0.0,0.0,0.0,0.0,0.0,none,0.8,1.0,,EU_SHARED,calendar_days_fixed,A_POLICY_COVER;A_EU_MIX;A_EU_FLOOR;A_FX;A_POLICY_UNKNOWN;A_TARIFF_FILL;A_PRICE_TAX;PV_AD_OFFSET_BOUND;POLICY_FIRM_YEAR_UNKNOWN,main,LOCAL_EXPORT_AHS,2019.0,UPDATED_CHINA_ORDINARY;EU_REPLACEMENT_ORIGIN_UNCHANGED
54.0,FRA,2019,2019-11-01,2019-11-30,11.0,30.0,0.0821917808219178,0.3950586814244998,0.438559076448977,,,index_bridge,0.0,0.0,0.0,0.0,0.0,0.0,none,0.8,1.0,,EU_SHARED,calendar_days_fixed,A_POLICY_COVER;A_EU_MIX;A_EU_FLOOR;A_FX;A_POLICY_UNKNOWN;A_TARIFF_FILL;A_PRICE_TAX;PV_AD_OFFSET_BOUND;POLICY_FIRM_YEAR_UNKNOWN,main,LOCAL_EXPORT_AHS,2019.0,UPDATED_CHINA_ORDINARY;EU_REPLACEMENT_ORIGIN_UNCHANGED
54.0,FRA,2019,2019-12-01,2019-12-31,12.0,31.0,0.084931506849315,0.3814186100998776,0.4234170801732473,,,index_bridge,0.0,0.0,0.0,0.0,0.0,0.0,none,0.8,1.0,,EU_SHARED,calendar_days_fixed,A_POLICY_COVER;A_EU_MIX;A_EU_FLOOR;A_FX;A_POLICY_UNKNOWN;A_TARIFF_FILL;A_PRICE_TAX;PV_AD_OFFSET_BOUND;POLICY_FIRM_YEAR_UNKNOWN,main,LOCAL_EXPORT_AHS,2019.0,UPDATED_CHINA_ORDINARY;EU_REPLACEMENT_ORIGIN_UNCHANGED
55.0,FRA,2020,2020-01-01,2020-01-31,1.0,31.0,0.0846994535519125,0.3916536227402709,0.4347790825847101,,,index_bridge,0.0,0.0,0.0,0.0,0.0,0.0,none,0.8,1.0,,EU_SHARED,calendar_days_fixed,A_POLICY_COVER;A_EU_MIX;A_EU_FLOOR;A_FX;A_POLICY_UNKNOWN;A_TARIFF_FILL;A_PRICE_TAX;PV_AD_OFFSET_BOUND;POLICY_FIRM_YEAR_UNKNOWN,main,LOCAL_EXPORT_AHS,2020.0,UPDATED_CHINA_ORDINARY;EU_REPLACEMENT_ORIGIN_UNCHANGED
55.0,FRA,2020,2020-02-01,2020-02-29,2.0,29.0,0.0792349726775956,0.4001511722342303,0.444212307655762,,,index_bridge,0.0,0.0,0.0,0.0,0.0,0.0,none,0.8,1.0,,EU_SHARED,calendar_days_fixed,A_POLICY_COVER;A_EU_MIX;A_EU_FLOOR;A_FX;A_POLICY_UNKNOWN;A_TARIFF_FILL;A_PRICE_TAX;PV_AD_OFFSET_BOUND;POLICY_FIRM_YEAR_UNKNOWN,main,LOCAL_EXPORT_AHS,2020.0,UPDATED_CHINA_ORDINARY;EU_REPLACEMENT_ORIGIN_UNCHANGED
55.0,FRA,2020,2020-03-01,2020-03-31,3.0,31.0,0.0846994535519125,0.4059639138384141,0.4506650973536757,,,index_bridge,0.0,0.0,0.0,0.0,0.0,0.0,none,0.8,1.0,,EU_SHARED,calendar_days_fixed,A_POLICY_COVER;A_EU_MIX;A_EU_FLOOR;A_FX;A_POLICY_UNKNOWN;A_TARIFF_FILL;A_PRICE_TAX;PV_AD_OFFSET_BOUND;POLICY_FIRM_YEAR_UNKNOWN,main,LOCAL_EXPORT_AHS,2020.0,UPDATED_CHINA_ORDINARY;EU_REPLACEMENT_ORIGIN_UNCHANGED
55.0,FRA,2020,2020-04-01,2020-04-30,4.0,30.0,0.081967213114754,0.398569648573222,0.4424566404884109,,,index_bridge,0.0,0.0,0.0,0.0,0.0,0.0,none,0.8,1.0,,EU_SHARED,calendar_days_fixed,A_POLICY_COVER;A_EU_MIX;A_EU_FLOOR;A_FX;A_POLICY_UNKNOWN;A_TARIFF_FILL;A_PRICE_TAX;PV_AD_OFFSET_BOUND;POLICY_FIRM_YEAR_UNKNOWN,main,LOCAL_EXPORT_AHS,2020.0,UPDATED_CHINA_ORDINARY;EU_REPLACEMENT_ORIGIN_UNCHANGED
55.0,FRA,2020,2020-05-01,2020-05-31,5.0,31.0,0.0846994535519125,0.3846496011905039,0.4270038396480944,,,index_bridge,0.0,0.0,0.0,0.0,0.0,0.0,none,0.8,1.0,,EU_SHARED,calendar_days_fixed,A_POLICY_COVER;A_EU_MIX;A_EU_FLOOR;A_FX;A_POLICY_UNKNOWN;A_TARIFF_FILL;A_PRICE_TAX;PV_AD_OFFSET_BOUND;POLICY_FIRM_YEAR_UNKNOWN,main,LOCAL_EXPORT_AHS,2020.0,UPDATED_CHINA_ORDINARY;EU_REPLACEMENT_ORIGIN_UNCHANGED
55.0,FRA,2020,2020-06-01,2020-06-30,6.0,30.0,0.081967213114754,0.3812115019799509,0.4231871671247031,,,index_bridge,0.0,0.0,0.0,0.0,0.0,0.0,none,0.8,1.0,,EU_SHARED,calendar_days_fixed,A_POLICY_COVER;A_EU_MIX;A_EU_FLOOR;A_FX;A_POLICY_UNKNOWN;A_TARIFF_FILL;A_PRICE_TAX;PV_AD_OFFSET_BOUND;POLICY_FIRM_YEAR_UNKNOWN,main,LOCAL_EXPORT_AHS,2020.0,UPDATED_CHINA_ORDINARY;EU_REPLACEMENT_ORIGIN_UNCHANGED
55.0,FRA,2020,2020-07-01,2020-07-31,7.0,31.0,0.0846994535519125,0.355926910091064,0.3951184578706863,,,index_bridge,0.0,0.0,0.0,0.0,0.0,0.0,none,0.8,1.0,,EU_SHARED,calendar_days_fixed,A_POLICY_COVER;A_EU_MIX;A_EU_FLOOR;A_FX;A_POLICY_UNKNOWN;A_TARIFF_FILL;A_PRICE_TAX;PV_AD_OFFSET_BOUND;POLICY_FIRM_YEAR_UNKNOWN,main,LOCAL_EXPORT_AHS,2020.0,UPDATED_CHINA_ORDINARY;EU_REPLACEMENT_ORIGIN_UNCHANGED
55.0,FRA,2020,2020-08-01,2020-08-31,8.0,31.0,0.0846994535519125,0.3505575765752396,0.3891579004685412,,,index_bridge,0.0,0.0,0.0,0.0,0.0,0.0,none,0.8,1.0,,EU_SHARED,calendar_days_fixed,A_POLICY_COVER;A_EU_MIX;A_EU_FLOOR;A_FX;A_POLICY_UNKNOWN;A_TARIFF_FILL;A_PRICE_TAX;PV_AD_OFFSET_BOUND;POLICY_FIRM_YEAR_UNKNOWN,main,LOCAL_EXPORT_AHS,2020.0,UPDATED_CHINA_ORDINARY;EU_REPLACEMENT_ORIGIN_UNCHANGED
55.0,FRA,2020,2020-09-01,2020-09-30,9.0,30.0,0.081967213114754,0.3494998073724115,0.3879836590039169,,,index_bridge,0.0,0.0,0.0,0.0,0.0,0.0,none,0.8,1.0,,EU_SHARED,calendar_days_fixed,A_POLICY_COVER;A_EU_MIX;A_EU_FLOOR;A_FX;A_POLICY_UNKNOWN;A_TARIFF_FILL;A_PRICE_TAX;PV_AD_OFFSET_BOUND;POLICY_FIRM_YEAR_UNKNOWN,main,LOCAL_EXPORT_AHS,2020.0,UPDATED_CHINA_ORDINARY;EU_REPLACEMENT_ORIGIN_UNCHANGED
55.0,FRA,2020,2020-10-01,2020-10-31,10.0,31.0,0.0846994535519125,0.3489891499511527,0.3874167724688798,,,index_bridge,0.0,0.0,0.0,0.0,0.0,0.0,none,0.8,1.0,,EU_SHARED,calendar_days_fixed,A_POLICY_COVER;A_EU_MIX;A_EU_FLOOR;A_FX;A_POLICY_UNKNOWN;A_TARIFF_FILL;A_PRICE_TAX;PV_AD_OFFSET_BOUND;POLICY_FIRM_YEAR_UNKNOWN,main,LOCAL_EXPORT_AHS,2020.0,UPDATED_CHINA_ORDINARY;EU_REPLACEMENT_ORIGIN_UNCHANGED
55.0,FRA,2020,2020-11-01,2020-11-30,11.0,30.0,0.081967213114754,0.3675550748048358,0.4080270140357605,,,index_bridge,0.0,0.0,0.0,0.0,0.0,0.0,none,0.8,1.0,,EU_SHARED,calendar_days_fixed,A_POLICY_COVER;A_EU_MIX;A_EU_FLOOR;A_FX;A_POLICY_UNKNOWN;A_TARIFF_FILL;A_PRICE_TAX;PV_AD_OFFSET_BOUND;POLICY_FIRM_YEAR_UNKNOWN,main,LOCAL_EXPORT_AHS,2020.0,UPDATED_CHINA_ORDINARY;EU_REPLACEMENT_ORIGIN_UNCHANGED
55.0,FRA,2020,2020-12-01,2020-12-31,12.0,31.0,0.0846994535519125,0.3778580677742381,0.4194644821734781,,,index_bridge,0.0,0.0,0.0,0.0,0.0,0.0,none,0.8,1.0,,EU_SHARED,calendar_days_fixed,A_POLICY_COVER;A_EU_MIX;A_EU_FLOOR;A_FX;A_POLICY_UNKNOWN;A_TARIFF_FILL;A_PRICE_TAX;PV_AD_OFFSET_BOUND;POLICY_FIRM_YEAR_UNKNOWN,main,LOCAL_EXPORT_AHS,2020.0,UPDATED_CHINA_ORDINARY;EU_REPLACEMENT_ORIGIN_UNCHANGED
56.0,FRA,2021,2021-01-01,2021-01-31,1.0,31.0,0.084931506849315,0.3778178498205821,0.4194198357717119,,,index_bridge,0.0,0.0,0.0,0.0,0.0,0.0,none,0.8,1.0,,EU_SHARED,calendar_days_fixed,A_POLICY_COVER;A_EU_MIX;A_EU_FLOOR;A_FX;A_POLICY_UNKNOWN;A_TARIFF_FILL;A_PRICE_TAX;PV_AD_OFFSET_BOUND;POLICY_FIRM_YEAR_UNKNOWN,main,LOCAL_EXPORT_AHS,2021.0,UPDATED_CHINA_ORDINARY;EU_REPLACEMENT_ORIGIN_UNCHANGED
56.0,FRA,2021,2021-02-01,2021-02-28,2.0,28.0,0.0767123287671232,0.3918816772586748,0.4350322484653094,,,index_bridge,0.0,0.0,0.0,0.0,0.0,0.0,none,0.8,1.0,,EU_SHARED,calendar_days_fixed,A_POLICY_COVER;A_EU_MIX;A_EU_FLOOR;A_FX;A_POLICY_UNKNOWN;A_TARIFF_FILL;A_PRICE_TAX;PV_AD_OFFSET_BOUND;POLICY_FIRM_YEAR_UNKNOWN,main,LOCAL_EXPORT_AHS,2021.0,UPDATED_CHINA_ORDINARY;EU_REPLACEMENT_ORIGIN_UNCHANGED
56.0,FRA,2021,2021-03-01,2021-03-31,3.0,31.0,0.084931506849315,0.3693816453757618,0.4100547105282556,,,index_bridge,0.0,0.0,0.0,0.0,0.0,0.0,none,0.8,1.0,,EU_SHARED,calendar_days_fixed,A_POLICY_COVER;A_EU_MIX;A_EU_FLOOR;A_FX;A_POLICY_UNKNOWN;A_TARIFF_FILL;A_PRICE_TAX;PV_AD_OFFSET_BOUND;POLICY_FIRM_YEAR_UNKNOWN,main,LOCAL_EXPORT_AHS,2021.0,UPDATED_CHINA_ORDINARY;EU_REPLACEMENT_ORIGIN_UNCHANGED
56.0,FRA,2021,2021-04-01,2021-04-30,4.0,30.0,0.0821917808219178,0.3880052095859815,0.4307289381917809,,,index_bridge,0.0,0.0,0.0,0.0,0.0,0.0,none,0.8,1.0,,EU_SHARED,calendar_days_fixed,A_POLICY_COVER;A_EU_MIX;A_EU_FLOOR;A_FX;A_POLICY_UNKNOWN;A_TARIFF_FILL;A_PRICE_TAX;PV_AD_OFFSET_BOUND;POLICY_FIRM_YEAR_UNKNOWN,main,LOCAL_EXPORT_AHS,2021.0,UPDATED_CHINA_ORDINARY;EU_REPLACEMENT_ORIGIN_UNCHANGED
56.0,FRA,2021,2021-05-01,2021-05-31,5.0,31.0,0.084931506849315,0.4098148227588359,0.4549400345694323,,,index_bridge,0.0,0.0,0.0,0.0,0.0,0.0,none,0.8,1.0,,EU_SHARED,calendar_days_fixed,A_POLICY_COVER;A_EU_MIX;A_EU_FLOOR;A_FX;A_POLICY_UNKNOWN;A_TARIFF_FILL;A_PRICE_TAX;PV_AD_OFFSET_BOUND;POLICY_FIRM_YEAR_UNKNOWN,main,LOCAL_EXPORT_AHS,2021.0,UPDATED_CHINA_ORDINARY;EU_REPLACEMENT_ORIGIN_UNCHANGED
56.0,FRA,2021,2021-06-01,2021-06-30,6.0,30.0,0.0821917808219178,0.406451067993495,0.4512058926491245,,,index_bridge,0.0,0.0,0.0,0.0,0.0,0.0,none,0.8,1.0,,EU_SHARED,calendar_days_fixed,A_POLICY_COVER;A_EU_MIX;A_EU_FLOOR;A_FX;A_POLICY_UNKNOWN;A_TARIFF_FILL;A_PRICE_TAX;PV_AD_OFFSET_BOUND;POLICY_FIRM_YEAR_UNKNOWN,main,LOCAL_EXPORT_AHS,2021.0,UPDATED_CHINA_ORDINARY;EU_REPLACEMENT_ORIGIN_UNCHANGED
56.0,FRA,2021,2021-07-01,2021-07-31,7.0,31.0,0.084931506849315,0.3829348709572001,0.425100298369707,,,index_bridge,0.0,0.0,0.0,0.0,0.0,0.0,none,0.8,1.0,,EU_SHARED,calendar_days_fixed,A_POLICY_COVER;A_EU_MIX;A_EU_FLOOR;A_FX;A_POLICY_UNKNOWN;A_TARIFF_FILL;A_PRICE_TAX;PV_AD_OFFSET_BOUND;POLICY_FIRM_YEAR_UNKNOWN,main,LOCAL_EXPORT_AHS,2021.0,UPDATED_CHINA_ORDINARY;EU_REPLACEMENT_ORIGIN_UNCHANGED
56.0,FRA,2021,2021-08-01,2021-08-31,8.0,31.0,0.084931506849315,0.3971972762622079,0.4409331545822355,,,index_bridge,0.0,0.0,0.0,0.0,0.0,0.0,none,0.8,1.0,,EU_SHARED,calendar_days_fixed,A_POLICY_COVER;A_EU_MIX;A_EU_FLOOR;A_FX;A_POLICY_UNKNOWN;A_TARIFF_FILL;A_PRICE_TAX;PV_AD_OFFSET_BOUND;POLICY_FIRM_YEAR_UNKNOWN,main,LOCAL_EXPORT_AHS,2021.0,UPDATED_CHINA_ORDINARY;EU_REPLACEMENT_ORIGIN_UNCHANGED
56.0,FRA,2021,2021-09-01,2021-09-30,9.0,30.0,0.0821917808219178,0.3971397745173561,0.440869321249867,,,index_bridge,0.0,0.0,0.0,0.0,0.0,0.0,none,0.8,1.0,,EU_SHARED,calendar_days_fixed,A_POLICY_COVER;A_EU_MIX;A_EU_FLOOR;A_FX;A_POLICY_UNKNOWN;A_TARIFF_FILL;A_PRICE_TAX;PV_AD_OFFSET_BOUND;POLICY_FIRM_YEAR_UNKNOWN,main,LOCAL_EXPORT_AHS,2021.0,UPDATED_CHINA_ORDINARY;EU_REPLACEMENT_ORIGIN_UNCHANGED
56.0,FRA,2021,2021-10-01,2021-10-31,10.0,31.0,0.084931506849315,0.4069765051028449,0.4517891862818011,,,index_bridge,0.0,0.0,0.0,0.0,0.0,0.0,none,0.8,1.0,,EU_SHARED,calendar_days_fixed,A_POLICY_COVER;A_EU_MIX;A_EU_FLOOR;A_FX;A_POLICY_UNKNOWN;A_TARIFF_FILL;A_PRICE_TAX;PV_AD_OFFSET_BOUND;POLICY_FIRM_YEAR_UNKNOWN,main,LOCAL_EXPORT_AHS,2021.0,UPDATED_CHINA_ORDINARY;EU_REPLACEMENT_ORIGIN_UNCHANGED
56.0,FRA,2021,2021-11-01,2021-11-30,11.0,30.0,0.0821917808219178,0.4313515422681925,0.4788481886282343,,,index_bridge,0.0,0.0,0.0,0.0,0.0,0.0,none,0.8,1.0,,EU_SHARED,calendar_days_fixed,A_POLICY_COVER;A_EU_MIX;A_EU_FLOOR;A_FX;A_POLICY_UNKNOWN;A_TARIFF_FILL;A_PRICE_TAX;PV_AD_OFFSET_BOUND;POLICY_FIRM_YEAR_UNKNOWN,main,LOCAL_EXPORT_AHS,2021.0,UPDATED_CHINA_ORDINARY;EU_REPLACEMENT_ORIGIN_UNCHANGED
56.0,FRA,2021,2021-12-01,2021-12-31,12.0,31.0,0.084931506849315,0.4271845666939666,0.4742223822725088,,,index_bridge,0.0,0.0,0.0,0.0,0.0,0.0,none,0.8,1.0,,EU_SHARED,calendar_days_fixed,A_POLICY_COVER;A_EU_MIX;A_EU_FLOOR;A_FX;A_POLICY_UNKNOWN;A_TARIFF_FILL;A_PRICE_TAX;PV_AD_OFFSET_BOUND;POLICY_FIRM_YEAR_UNKNOWN,main,LOCAL_EXPORT_AHS,2021.0,UPDATED_CHINA_ORDINARY;EU_REPLACEMENT_ORIGIN_UNCHANGED
57.0,FRA,2022,2022-01-01,2022-01-31,1.0,31.0,0.084931506849315,0.3991349470699152,0.4430841846945877,,,index_bridge,0.0,0.0,0.0,0.0,0.0,0.0,none,0.8,1.0,,EU_SHARED,calendar_days_fixed,A_POLICY_COVER;A_EU_MIX;A_EU_FLOOR;A_FX;A_POLICY_UNKNOWN;A_TARIFF_FILL;A_PRICE_TAX;PV_AD_OFFSET_BOUND;POLICY_FIRM_YEAR_UNKNOWN,main,WITS_SAME_YEAR_MFN_FALLBACK,2022.0,UPDATED_CHINA_ORDINARY;EU_REPLACEMENT_ORIGIN_UNCHANGED
57.0,FRA,2022,2022-02-01,2022-02-28,2.0,28.0,0.0767123287671232,0.4143917327643764,0.4600209137385274,,,index_bridge,0.0,0.0,0.0,0.0,0.0,0.0,none,0.8,1.0,,EU_SHARED,calendar_days_fixed,A_POLICY_COVER;A_EU_MIX;A_EU_FLOOR;A_FX;A_POLICY_UNKNOWN;A_TARIFF_FILL;A_PRICE_TAX;PV_AD_OFFSET_BOUND;POLICY_FIRM_YEAR_UNKNOWN,main,WITS_SAME_YEAR_MFN_FALLBACK,2022.0,UPDATED_CHINA_ORDINARY;EU_REPLACEMENT_ORIGIN_UNCHANGED
57.0,FRA,2022,2022-03-01,2022-03-31,3.0,31.0,0.084931506849315,0.4161543193617464,0.4619775809038119,,,index_bridge,0.0,0.0,0.0,0.0,0.0,0.0,none,0.8,1.0,,EU_SHARED,calendar_days_fixed,A_POLICY_COVER;A_EU_MIX;A_EU_FLOOR;A_FX;A_POLICY_UNKNOWN;A_TARIFF_FILL;A_PRICE_TAX;PV_AD_OFFSET_BOUND;POLICY_FIRM_YEAR_UNKNOWN,main,WITS_SAME_YEAR_MFN_FALLBACK,2022.0,UPDATED_CHINA_ORDINARY;EU_REPLACEMENT_ORIGIN_UNCHANGED
57.0,FRA,2022,2022-04-01,2022-04-30,4.0,30.0,0.0821917808219178,0.422537756083487,0.4690639056572956,,,index_bridge,0.0,0.0,0.0,0.0,0.0,0.0,none,0.8,1.0,,EU_SHARED,calendar_days_fixed,A_POLICY_COVER;A_EU_MIX;A_EU_FLOOR;A_FX;A_POLICY_UNKNOWN;A_TARIFF_FILL;A_PRICE_TAX;PV_AD_OFFSET_BOUND;POLICY_FIRM_YEAR_UNKNOWN,main,WITS_SAME_YEAR_MFN_FALLBACK,2022.0,UPDATED_CHINA_ORDINARY;EU_REPLACEMENT_ORIGIN_UNCHANGED
57.0,FRA,2022,2022-05-01,2022-05-31,5.0,31.0,0.084931506849315,0.4264826219335463,0.4734431455152299,,,index_bridge,0.0,0.0,0.0,0.0,0.0,0.0,none,0.8,1.0,,EU_SHARED,calendar_days_fixed,A_POLICY_COVER;A_EU_MIX;A_EU_FLOOR;A_FX;A_POLICY_UNKNOWN;A_TARIFF_FILL;A_PRICE_TAX;PV_AD_OFFSET_BOUND;POLICY_FIRM_YEAR_UNKNOWN,main,WITS_SAME_YEAR_MFN_FALLBACK,2022.0,UPDATED_CHINA_ORDINARY;EU_REPLACEMENT_ORIGIN_UNCHANGED
57.0,FRA,2022,2022-06-01,2022-06-30,6.0,30.0,0.0821917808219178,0.4392829464090298,0.4876529293882825,,,index_bridge,0.0,0.0,0.0,0.0,0.0,0.0,none,0.8,1.0,,EU_SHARED,calendar_days_fixed,A_POLICY_COVER;A_EU_MIX;A_EU_FLOOR;A_FX;A_POLICY_UNKNOWN;A_TARIFF_FILL;A_PRICE_TAX;PV_AD_OFFSET_BOUND;POLICY_FIRM_YEAR_UNKNOWN,main,WITS_SAME_YEAR_MFN_FALLBACK,2022.0,UPDATED_CHINA_ORDINARY;EU_REPLACEMENT_ORIGIN_UNCHANGED
57.0,FRA,2022,2022-07-01,2022-07-31,7.0,31.0,0.084931506849315,0.436020831471694,0.4840316189818643,,,index_bridge,0.0,0.0,0.0,0.0,0.0,0.0,none,0.8,1.0,,EU_SHARED,calendar_days_fixed,A_POLICY_COVER;A_EU_MIX;A_EU_FLOOR;A_FX;A_POLICY_UNKNOWN;A_TARIFF_FILL;A_PRICE_TAX;PV_AD_OFFSET_BOUND;POLICY_FIRM_YEAR_UNKNOWN,main,WITS_SAME_YEAR_MFN_FALLBACK,2022.0,UPDATED_CHINA_ORDINARY;EU_REPLACEMENT_ORIGIN_UNCHANGED
57.0,FRA,2022,2022-08-01,2022-08-31,8.0,31.0,0.084931506849315,0.433858912989129,0.481631649008662,,,index_bridge,0.0,0.0,0.0,0.0,0.0,0.0,none,0.8,1.0,,EU_SHARED,calendar_days_fixed,A_POLICY_COVER;A_EU_MIX;A_EU_FLOOR;A_FX;A_POLICY_UNKNOWN;A_TARIFF_FILL;A_PRICE_TAX;PV_AD_OFFSET_BOUND;POLICY_FIRM_YEAR_UNKNOWN,main,WITS_SAME_YEAR_MFN_FALLBACK,2022.0,UPDATED_CHINA_ORDINARY;EU_REPLACEMENT_ORIGIN_UNCHANGED
57.0,FRA,2022,2022-09-01,2022-09-30,9.0,30.0,0.0821917808219178,0.4242352326810014,0.4709482934809358,,,index_bridge,0.0,0.0,0.0,0.0,0.0,0.0,none,0.8,1.0,,EU_SHARED,calendar_days_fixed,A_POLICY_COVER;A_EU_MIX;A_EU_FLOOR;A_FX;A_POLICY_UNKNOWN;A_TARIFF_FILL;A_PRICE_TAX;PV_AD_OFFSET_BOUND;POLICY_FIRM_YEAR_UNKNOWN,main,WITS_SAME_YEAR_MFN_FALLBACK,2022.0,UPDATED_CHINA_ORDINARY;EU_REPLACEMENT_ORIGIN_UNCHANGED
57.0,FRA,2022,2022-10-01,2022-10-31,10.0,31.0,0.084931506849315,0.4332688726984054,0.4809766386592263,,,index_bridge,0.0,0.0,0.0,0.0,0.0,0.0,none,0.8,1.0,,EU_SHARED,calendar_days_fixed,A_POLICY_COVER;A_EU_MIX;A_EU_FLOOR;A_FX;A_POLICY_UNKNOWN;A_TARIFF_FILL;A_PRICE_TAX;PV_AD_OFFSET_BOUND;POLICY_FIRM_YEAR_UNKNOWN,main,WITS_SAME_YEAR_MFN_FALLBACK,2022.0,UPDATED_CHINA_ORDINARY;EU_REPLACEMENT_ORIGIN_UNCHANGED
57.0,FRA,2022,2022-11-01,2022-11-30,11.0,30.0,0.0821917808219178,0.4369788628059536,0.4850951403191175,,,index_bridge,0.0,0.0,0.0,0.0,0.0,0.0,none,0.8,1.0,,EU_SHARED,calendar_days_fixed,A_POLICY_COVER;A_EU_MIX;A_EU_FLOOR;A_FX;A_POLICY_UNKNOWN;A_TARIFF_FILL;A_PRICE_TAX;PV_AD_OFFSET_BOUND;POLICY_FIRM_YEAR_UNKNOWN,main,WITS_SAME_YEAR_MFN_FALLBACK,2022.0,UPDATED_CHINA_ORDINARY;EU_REPLACEMENT_ORIGIN_UNCHANGED
57.0,FRA,2022,2022-12-01,2022-12-31,12.0,31.0,0.084931506849315,0.4135577084730845,0.4590950540115469,,,index_bridge,0.0,0.0,0.0,0.0,0.0,0.0,none,0.8,1.0,,EU_SHARED,calendar_days_fixed,A_POLICY_COVER;A_EU_MIX;A_EU_FLOOR;A_FX;A_POLICY_UNKNOWN;A_TARIFF_FILL;A_PRICE_TAX;PV_AD_OFFSET_BOUND;POLICY_FIRM_YEAR_UNKNOWN,main,WITS_SAME_YEAR_MFN_FALLBACK,2022.0,UPDATED_CHINA_ORDINARY;EU_REPLACEMENT_ORIGIN_UNCHANGED
58.0,FRA,2023,2023-01-01,2023-01-31,1.0,31.0,0.084931506849315,0.392886830455484,0.436148080311082,,,index_bridge,0.0,0.0,0.0,0.0,0.0,0.0,none,0.8,1.0,,EU_SHARED,calendar_days_fixed,A_POLICY_COVER;A_EU_MIX;A_EU_FLOOR;A_FX;A_POLICY_UNKNOWN;A_TARIFF_FILL;A_PRICE_TAX;PV_AD_OFFSET_BOUND;POLICY_FIRM_YEAR_UNKNOWN,main,WITS_SAME_YEAR_MFN_FALLBACK,2023.0,UPDATED_CHINA_ORDINARY;EU_REPLACEMENT_ORIGIN_UNCHANGED
58.0,FRA,2023,2023-02-01,2023-02-28,2.0,28.0,0.0767123287671232,0.3778897100733375,0.4194996086448663,,,index_bridge,0.0,0.0,0.0,0.0,0.0,0.0,none,0.8,1.0,,EU_SHARED,calendar_days_fixed,A_POLICY_COVER;A_EU_MIX;A_EU_FLOOR;A_FX;A_POLICY_UNKNOWN;A_TARIFF_FILL;A_PRICE_TAX;PV_AD_OFFSET_BOUND;POLICY_FIRM_YEAR_UNKNOWN,main,WITS_SAME_YEAR_MFN_FALLBACK,2023.0,UPDATED_CHINA_ORDINARY;EU_REPLACEMENT_ORIGIN_UNCHANGED
58.0,FRA,2023,2023-03-01,2023-03-31,3.0,31.0,0.084931506849315,0.3905821911129385,0.4335896743092943,,,index_bridge,0.0,0.0,0.0,0.0,0.0,0.0,none,0.8,1.0,,EU_SHARED,calendar_days_fixed,A_POLICY_COVER;A_EU_MIX;A_EU_FLOOR;A_FX;A_POLICY_UNKNOWN;A_TARIFF_FILL;A_PRICE_TAX;PV_AD_OFFSET_BOUND;POLICY_FIRM_YEAR_UNKNOWN,main,WITS_SAME_YEAR_MFN_FALLBACK,2023.0,UPDATED_CHINA_ORDINARY;EU_REPLACEMENT_ORIGIN_UNCHANGED
58.0,FRA,2023,2023-04-01,2023-04-30,4.0,30.0,0.0821917808219178,0.386613008949376,0.4291834406388101,,,index_bridge,0.0,0.0,0.0,0.0,0.0,0.0,none,0.8,1.0,,EU_SHARED,calendar_days_fixed,A_POLICY_COVER;A_EU_MIX;A_EU_FLOOR;A_FX;A_POLICY_UNKNOWN;A_TARIFF_FILL;A_PRICE_TAX;PV_AD_OFFSET_BOUND;POLICY_FIRM_YEAR_UNKNOWN,main,WITS_SAME_YEAR_MFN_FALLBACK,2023.0,UPDATED_CHINA_ORDINARY;EU_REPLACEMENT_ORIGIN_UNCHANGED
58.0,FRA,2023,2023-05-01,2023-05-31,5.0,31.0,0.084931506849315,0.3702162619165361,0.4109812277180341,,,index_bridge,0.0,0.0,0.0,0.0,0.0,0.0,none,0.8,1.0,,EU_SHARED,calendar_days_fixed,A_POLICY_COVER;A_EU_MIX;A_EU_FLOOR;A_FX;A_POLICY_UNKNOWN;A_TARIFF_FILL;A_PRICE_TAX;PV_AD_OFFSET_BOUND;POLICY_FIRM_YEAR_UNKNOWN,main,WITS_SAME_YEAR_MFN_FALLBACK,2023.0,UPDATED_CHINA_ORDINARY;EU_REPLACEMENT_ORIGIN_UNCHANGED
58.0,FRA,2023,2023-06-01,2023-06-30,6.0,30.0,0.0821917808219178,0.3427424217275228,0.380482209353586,,,index_bridge,0.0,0.0,0.0,0.0,0.0,0.0,none,0.8,1.0,,EU_SHARED,calendar_days_fixed,A_POLICY_COVER;A_EU_MIX;A_EU_FLOOR;A_FX;A_POLICY_UNKNOWN;A_TARIFF_FILL;A_PRICE_TAX;PV_AD_OFFSET_BOUND;POLICY_FIRM_YEAR_UNKNOWN,main,WITS_SAME_YEAR_MFN_FALLBACK,2023.0,UPDATED_CHINA_ORDINARY;EU_REPLACEMENT_ORIGIN_UNCHANGED
58.0,FRA,2023,2023-07-01,2023-07-31,7.0,31.0,0.084931506849315,0.3227484502058135,0.358286677151913,,,index_bridge,0.0,0.0,0.0,0.0,0.0,0.0,none,0.8,1.0,,EU_SHARED,calendar_days_fixed,A_POLICY_COVER;A_EU_MIX;A_EU_FLOOR;A_FX;A_POLICY_UNKNOWN;A_TARIFF_FILL;A_PRICE_TAX;PV_AD_OFFSET_BOUND;POLICY_FIRM_YEAR_UNKNOWN,main,WITS_SAME_YEAR_MFN_FALLBACK,2023.0,UPDATED_CHINA_ORDINARY;EU_REPLACEMENT_ORIGIN_UNCHANGED
58.0,FRA,2023,2023-08-01,2023-08-31,8.0,31.0,0.084931506849315,0.2918591323221597,0.3239960986627956,,,index_bridge,0.0,0.0,0.0,0.0,0.0,0.0,none,0.8,1.0,,EU_SHARED,calendar_days_fixed,A_POLICY_COVER;A_EU_MIX;A_EU_FLOOR;A_FX;A_POLICY_UNKNOWN;A_TARIFF_FILL;A_PRICE_TAX;PV_AD_OFFSET_BOUND;POLICY_FIRM_YEAR_UNKNOWN,main,WITS_SAME_YEAR_MFN_FALLBACK,2023.0,UPDATED_CHINA_ORDINARY;EU_REPLACEMENT_ORIGIN_UNCHANGED
58.0,FRA,2023,2023-09-01,2023-09-30,9.0,30.0,0.0821917808219178,0.2598525550554744,0.2884652379922829,,,index_bridge,0.0,0.0,0.0,0.0,0.0,0.0,none,0.8,1.0,,EU_SHARED,calendar_days_fixed,A_POLICY_COVER;A_EU_MIX;A_EU_FLOOR;A_FX;A_POLICY_UNKNOWN;A_TARIFF_FILL;A_PRICE_TAX;PV_AD_OFFSET_BOUND;POLICY_FIRM_YEAR_UNKNOWN,main,WITS_SAME_YEAR_MFN_FALLBACK,2023.0,UPDATED_CHINA_ORDINARY;EU_REPLACEMENT_ORIGIN_UNCHANGED
58.0,FRA,2023,2023-10-01,2023-10-31,10.0,31.0,0.084931506849315,0.2440580958601042,0.2709316315600537,,,index_bridge,0.0,0.0,0.0,0.0,0.0,0.0,none,0.8,1.0,,EU_SHARED,calendar_days_fixed,A_POLICY_COVER;A_EU_MIX;A_EU_FLOOR;A_FX;A_POLICY_UNKNOWN;A_TARIFF_FILL;A_PRICE_TAX;PV_AD_OFFSET_BOUND;POLICY_FIRM_YEAR_UNKNOWN,main,WITS_SAME_YEAR_MFN_FALLBACK,2023.0,UPDATED_CHINA_ORDINARY;EU_REPLACEMENT_ORIGIN_UNCHANGED
58.0,FRA,2023,2023-11-01,2023-11-30,11.0,30.0,0.0821917808219178,0.2234469027395794,0.248050914733745,,,index_bridge,0.0,0.0,0.0,0.0,0.0,0.0,none,0.8,1.0,,EU_SHARED,calendar_days_fixed,A_POLICY_COVER;A_EU_MIX;A_EU_FLOOR;A_FX;A_POLICY_UNKNOWN;A_TARIFF_FILL;A_PRICE_TAX;PV_AD_OFFSET_BOUND;POLICY_FIRM_YEAR_UNKNOWN,main,WITS_SAME_YEAR_MFN_FALLBACK,2023.0,UPDATED_CHINA_ORDINARY;EU_REPLACEMENT_ORIGIN_UNCHANGED
58.0,FRA,2023,2023-12-01,2023-12-31,12.0,31.0,0.084931506849315,0.1990971981274849,0.2210200343390146,,,index_bridge,0.0,0.0,0.0,0.0,0.0,0.0,none,0.8,1.0,,EU_SHARED,calendar_days_fixed,A_POLICY_COVER;A_EU_MIX;A_EU_FLOOR;A_FX;A_POLICY_UNKNOWN;A_TARIFF_FILL;A_PRICE_TAX;PV_AD_OFFSET_BOUND;POLICY_FIRM_YEAR_UNKNOWN,main,WITS_SAME_YEAR_MFN_FALLBACK,2023.0,UPDATED_CHINA_ORDINARY;EU_REPLACEMENT_ORIGIN_UNCHANGED
59.0,FRA,2024,2024-01-01,2024-01-31,1.0,31.0,0.0846994535519125,0.1814377625419244,0.2014160966832521,,,index_bridge,0.0,0.0,0.0,0.0,0.0,0.0,none,0.8,1.0,,EU_SHARED,calendar_days_fixed,A_POLICY_COVER;A_EU_MIX;A_EU_FLOOR;A_FX;A_POLICY_UNKNOWN;A_TARIFF_FILL;A_PRICE_TAX;PV_AD_OFFSET_BOUND;POLICY_FIRM_YEAR_UNKNOWN,main,CARRY_2021_USER_RULE,2021.0,UPDATED_CHINA_ORDINARY;EU_REPLACEMENT_ORIGIN_UNCHANGED
59.0,FRA,2024,2024-02-01,2024-02-29,2.0,29.0,0.0792349726775956,0.1794709755531008,0.1992327443714383,,,index_bridge,0.0,0.0,0.0,0.0,0.0,0.0,none,0.8,1.0,,EU_SHARED,calendar_days_fixed,A_POLICY_COVER;A_EU_MIX;A_EU_FLOOR;A_FX;A_POLICY_UNKNOWN;A_TARIFF_FILL;A_PRICE_TAX;PV_AD_OFFSET_BOUND;POLICY_FIRM_YEAR_UNKNOWN,main,CARRY_2021_USER_RULE,2021.0,UPDATED_CHINA_ORDINARY;EU_REPLACEMENT_ORIGIN_UNCHANGED
59.0,FRA,2024,2024-03-01,2024-03-31,3.0,31.0,0.0846994535519125,0.1678272597388444,0.1863069247551681,,,index_bridge,0.0,0.0,0.0,0.0,0.0,0.0,none,0.8,1.0,,EU_SHARED,calendar_days_fixed,A_POLICY_COVER;A_EU_MIX;A_EU_FLOOR;A_FX;A_POLICY_UNKNOWN;A_TARIFF_FILL;A_PRICE_TAX;PV_AD_OFFSET_BOUND;POLICY_FIRM_YEAR_UNKNOWN,main,CARRY_2021_USER_RULE,2021.0,UPDATED_CHINA_ORDINARY;EU_REPLACEMENT_ORIGIN_UNCHANGED
59.0,FRA,2024,2024-04-01,2024-04-30,4.0,30.0,0.081967213114754,0.1656419659366882,0.1838810055773193,,,index_bridge,0.0,0.0,0.0,0.0,0.0,0.0,none,0.8,1.0,,EU_SHARED,calendar_days_fixed,A_POLICY_COVER;A_EU_MIX;A_EU_FLOOR;A_FX;A_POLICY_UNKNOWN;A_TARIFF_FILL;A_PRICE_TAX;PV_AD_OFFSET_BOUND;POLICY_FIRM_YEAR_UNKNOWN,main,CARRY_2021_USER_RULE,2021.0,UPDATED_CHINA_ORDINARY;EU_REPLACEMENT_ORIGIN_UNCHANGED
59.0,FRA,2024,2024-05-01,2024-05-31,5.0,31.0,0.0846994535519125,0.1669462248744974,0.1853288780633851,,,index_bridge,0.0,0.0,0.0,0.0,0.0,0.0,none,0.8,1.0,,EU_SHARED,calendar_days_fixed,A_POLICY_COVER;A_EU_MIX;A_EU_FLOOR;A_FX;A_POLICY_UNKNOWN;A_TARIFF_FILL;A_PRICE_TAX;PV_AD_OFFSET_BOUND;POLICY_FIRM_YEAR_UNKNOWN,main,CARRY_2021_USER_RULE,2021.0,UPDATED_CHINA_ORDINARY;EU_REPLACEMENT_ORIGIN_UNCHANGED
59.0,FRA,2024,2024-06-01,2024-06-30,6.0,30.0,0.081967213114754,0.1533676245175017,0.1702551213987771,,,index_bridge,0.0,0.0,0.0,0.0,0.0,0.0,none,0.8,1.0,,EU_SHARED,calendar_days_fixed,A_POLICY_COVER;A_EU_MIX;A_EU_FLOOR;A_FX;A_POLICY_UNKNOWN;A_TARIFF_FILL;A_PRICE_TAX;PV_AD_OFFSET_BOUND;POLICY_FIRM_YEAR_UNKNOWN,main,CARRY_2021_USER_RULE,2021.0,UPDATED_CHINA_ORDINARY;EU_REPLACEMENT_ORIGIN_UNCHANGED
59.0,FRA,2024,2024-07-01,2024-07-31,7.0,31.0,0.0846994535519125,0.1545583007703133,0.1715769044713574,,,index_bridge,0.0,0.0,0.0,0.0,0.0,0.0,none,0.8,1.0,,EU_SHARED,calendar_days_fixed,A_POLICY_COVER;A_EU_MIX;A_EU_FLOOR;A_FX;A_POLICY_UNKNOWN;A_TARIFF_FILL;A_PRICE_TAX;PV_AD_OFFSET_BOUND;POLICY_FIRM_YEAR_UNKNOWN,main,CARRY_2021_USER_RULE,2021.0,UPDATED_CHINA_ORDINARY;EU_REPLACEMENT_ORIGIN_UNCHANGED
59.0,FRA,2024,2024-08-01,2024-08-31,8.0,31.0,0.0846994535519125,0.1504142965479625,0.1669765988711825,,,index_bridge,0.0,0.0,0.0,0.0,0.0,0.0,none,0.8,1.0,,EU_SHARED,calendar_days_fixed,A_POLICY_COVER;A_EU_MIX;A_EU_FLOOR;A_FX;A_POLICY_UNKNOWN;A_TARIFF_FILL;A_PRICE_TAX;PV_AD_OFFSET_BOUND;POLICY_FIRM_YEAR_UNKNOWN,main,CARRY_2021_USER_RULE,2021.0,UPDATED_CHINA_ORDINARY;EU_REPLACEMENT_ORIGIN_UNCHANGED
59.0,FRA,2024,2024-09-01,2024-09-30,9.0,30.0,0.081967213114754,0.1451003063412582,0.1610774786976735,,,index_bridge,0.0,0.0,0.0,0.0,0.0,0.0,none,0.8,1.0,,EU_SHARED,calendar_days_fixed,A_POLICY_COVER;A_EU_MIX;A_EU_FLOOR;A_FX;A_POLICY_UNKNOWN;A_TARIFF_FILL;A_PRICE_TAX;PV_AD_OFFSET_BOUND;POLICY_FIRM_YEAR_UNKNOWN,main,CARRY_2021_USER_RULE,2021.0,UPDATED_CHINA_ORDINARY;EU_REPLACEMENT_ORIGIN_UNCHANGED
59.0,FRA,2024,2024-10-01,2024-10-31,10.0,31.0,0.0846994535519125,0.1424657415318115,0.1581528187319445,,,index_bridge,0.0,0.0,0.0,0.0,0.0,0.0,none,0.8,1.0,,EU_SHARED,calendar_days_fixed,A_POLICY_COVER;A_EU_MIX;A_EU_FLOOR;A_FX;A_POLICY_UNKNOWN;A_TARIFF_FILL;A_PRICE_TAX;PV_AD_OFFSET_BOUND;POLICY_FIRM_YEAR_UNKNOWN,main,CARRY_2021_USER_RULE,2021.0,UPDATED_CHINA_ORDINARY;EU_REPLACEMENT_ORIGIN_UNCHANGED
59.0,FRA,2024,2024-11-01,2024-11-30,11.0,30.0,0.081967213114754,0.1262574341838533,0.1401597948204317,,,index_bridge,0.0,0.0,0.0,0.0,0.0,0.0,none,0.8,1.0,,EU_SHARED,calendar_days_fixed,A_POLICY_COVER;A_EU_MIX;A_EU_FLOOR;A_FX;A_POLICY_UNKNOWN;A_TARIFF_FILL;A_PRICE_TAX;PV_AD_OFFSET_BOUND;POLICY_FIRM_YEAR_UNKNOWN,main,CARRY_2021_USER_RULE,2021.0,UPDATED_CHINA_ORDINARY;EU_REPLACEMENT_ORIGIN_UNCHANGED
59.0,FRA,2024,2024-12-01,2024-12-31,12.0,31.0,0.0846994535519125,0.1182363622709908,0.1312555128602134,,,index_bridge,0.0,0.0,0.0,0.0,0.0,0.0,none,0.8,1.0,,EU_SHARED,calendar_days_fixed,A_POLICY_COVER;A_EU_MIX;A_EU_FLOOR;A_FX;A_POLICY_UNKNOWN;A_TARIFF_FILL;A_PRICE_TAX;PV_AD_OFFSET_BOUND;POLICY_FIRM_YEAR_UNKNOWN,main,CARRY_2021_USER_RULE,2021.0,UPDATED_CHINA_ORDINARY;EU_REPLACEMENT_ORIGIN_UNCHANGED
75.0,IND,2010,2010-01-01,2010-01-31,1.0,31.0,0.084931506849315,3.091776789316316,3.9295485644858976,3.091776789316316,3.9295485644858976,observed_quote_tax_basis_assumed,0.0,0.0,0.0,0.0,0.0,0.0,none,0.8,1.0,,IND,calendar_days_fixed,A_POLICY_COVER;A_EU_MIX;A_EU_FLOOR;A_FX;A_POLICY_UNKNOWN;A_TARIFF_FILL;A_PRICE_TAX;PV_AD_OFFSET_BOUND;POLICY_FIRM_YEAR_UNKNOWN,main,LOCAL_EXPORT_AHS,2010.0,UPDATED_CHINA_ORDINARY
75.0,IND,2010,2010-02-01,2010-02-28,2.0,28.0,0.0767123287671232,2.90442343279186,3.630529290989825,2.90442343279186,3.630529290989825,observed_quote_tax_basis_assumed,0.0,0.0,0.0,0.0,0.0,0.0,none,0.8,1.0,,IND,calendar_days_fixed,A_POLICY_COVER;A_EU_MIX;A_EU_FLOOR;A_FX;A_POLICY_UNKNOWN;A_TARIFF_FILL;A_PRICE_TAX;PV_AD_OFFSET_BOUND;POLICY_FIRM_YEAR_UNKNOWN,main,LOCAL_EXPORT_AHS,2010.0,UPDATED_CHINA_ORDINARY
75.0,IND,2010,2010-03-01,2010-03-31,3.0,31.0,0.084931506849315,2.84487870626562,3.631961814999107,2.84487870626562,3.631961814999107,observed_quote_tax_basis_assumed,0.0,0.0,0.0,0.0,0.0,0.0,none,0.8,1.0,,IND,calendar_days_fixed,A_POLICY_COVER;A_EU_MIX;A_EU_FLOOR;A_FX;A_POLICY_UNKNOWN;A_TARIFF_FILL;A_PRICE_TAX;PV_AD_OFFSET_BOUND;POLICY_FIRM_YEAR_UNKNOWN,main,LOCAL_EXPORT_AHS,2010.0,UPDATED_CHINA_ORDINARY
75.0,IND,2010,2010-04-01,2010-04-30,4.0,30.0,0.0821917808219178,2.853745381783292,3.642280289907622,2.853745381783292,3.642280289907622,observed_quote_tax_basis_assumed,0.0,0.0,0.0,0.0,0.0,0.0,none,0.8,1.0,,IND,calendar_days_fixed,A_POLICY_COVER;A_EU_MIX;A_EU_FLOOR;A_FX;A_POLICY_UNKNOWN;A_TARIFF_FILL;A_PRICE_TAX;PV_AD_OFFSET_BOUND;POLICY_FIRM_YEAR_UNKNOWN,main,LOCAL_EXPORT_AHS,2010.0,UPDATED_CHINA_ORDINARY
75.0,IND,2010,2010-05-01,2010-05-31,5.0,31.0,0.084931506849315,2.763961213182792,3.3977357588807564,2.763961213182792,3.3977357588807564,observed_quote_tax_basis_assumed,0.0,0.0,0.0,0.0,0.0,0.0,none,0.8,1.0,,IND,calendar_days_fixed,A_POLICY_COVER;A_EU_MIX;A_EU_FLOOR;A_FX;A_POLICY_UNKNOWN;A_TARIFF_FILL;A_PRICE_TAX;PV_AD_OFFSET_BOUND;POLICY_FIRM_YEAR_UNKNOWN,main,LOCAL_EXPORT_AHS,2010.0,UPDATED_CHINA_ORDINARY
75.0,IND,2010,2010-06-01,2010-06-30,6.0,30.0,0.0821917808219178,2.7123575248293017,3.258240800266645,2.7123575248293017,3.258240800266645,observed_quote_tax_basis_assumed,0.0,0.0,0.0,0.0,0.0,0.0,none,0.8,1.0,,IND,calendar_days_fixed,A_POLICY_COVER;A_EU_MIX;A_EU_FLOOR;A_FX;A_POLICY_UNKNOWN;A_TARIFF_FILL;A_PRICE_TAX;PV_AD_OFFSET_BOUND;POLICY_FIRM_YEAR_UNKNOWN,main,LOCAL_EXPORT_AHS,2010.0,UPDATED_CHINA_ORDINARY
75.0,IND,2010,2010-07-01,2010-07-31,7.0,31.0,0.084931506849315,2.886311557959211,3.305004901243417,2.886311557959211,3.305004901243417,observed_quote_tax_basis_assumed,0.0,0.0,0.0,0.0,0.0,0.0,none,0.8,1.0,,IND,calendar_days_fixed,A_POLICY_COVER;A_EU_MIX;A_EU_FLOOR;A_FX;A_POLICY_UNKNOWN;A_TARIFF_FILL;A_PRICE_TAX;PV_AD_OFFSET_BOUND;POLICY_FIRM_YEAR_UNKNOWN,main,LOCAL_EXPORT_AHS,2010.0,UPDATED_CHINA_ORDINARY
75.0,IND,2010,2010-08-01,2010-08-31,8.0,31.0,0.084931506849315,2.9036209902769103,3.318423988887897,2.9036209902769103,3.318423988887897,observed_quote_tax_basis_assumed,0.0,0.0,0.0,0.0,0.0,0.0,none,0.8,1.0,,IND,calendar_days_fixed,A_POLICY_COVER;A_EU_MIX;A_EU_FLOOR;A_FX;A_POLICY_UNKNOWN;A_TARIFF_FILL;A_PRICE_TAX;PV_AD_OFFSET_BOUND;POLICY_FIRM_YEAR_UNKNOWN,main,LOCAL_EXPORT_AHS,2010.0,UPDATED_CHINA_ORDINARY
75.0,IND,2010,2010-09-01,2010-09-30,9.0,30.0,0.0821917808219178,2.930089301722598,3.3213745190333803,2.930089301722598,3.3213745190333803,observed_quote_tax_basis_assumed,0.0,0.0,0.0,0.0,0.0,0.0,none,0.8,1.0,,IND,calendar_days_fixed,A_POLICY_COVER;A_EU_MIX;A_EU_FLOOR;A_FX;A_POLICY_UNKNOWN;A_TARIFF_FILL;A_PRICE_TAX;PV_AD_OFFSET_BOUND;POLICY_FIRM_YEAR_UNKNOWN,main,LOCAL_EXPORT_AHS,2010.0,UPDATED_CHINA_ORDINARY
75.0,IND,2010,2010-10-01,2010-10-31,10.0,31.0,0.084931506849315,3.085350824069529,3.483147628430694,3.085350824069529,3.483147628430694,observed_quote_tax_basis_assumed,0.0,0.0,0.0,0.0,0.0,0.0,none,0.8,1.0,,IND,calendar_days_fixed,A_POLICY_COVER;A_EU_MIX;A_EU_FLOOR;A_FX;A_POLICY_UNKNOWN;A_TARIFF_FILL;A_PRICE_TAX;PV_AD_OFFSET_BOUND;POLICY_FIRM_YEAR_UNKNOWN,main,LOCAL_EXPORT_AHS,2010.0,UPDATED_CHINA_ORDINARY
75.0,IND,2010,2010-11-01,2010-11-30,11.0,30.0,0.0821917808219178,3.003318850773162,3.395471949122523,3.003318850773162,3.395471949122523,observed_quote_tax_basis_assumed,0.0,0.0,0.0,0.0,0.0,0.0,none,0.8,1.0,,IND,calendar_days_fixed,A_POLICY_COVER;A_EU_MIX;A_EU_FLOOR;A_FX;A_POLICY_UNKNOWN;A_TARIFF_FILL;A_PRICE_TAX;PV_AD_OFFSET_BOUND;POLICY_FIRM_YEAR_UNKNOWN,main,LOCAL_EXPORT_AHS,2010.0,UPDATED_CHINA_ORDINARY
75.0,IND,2010,2010-12-01,2010-12-31,12.0,31.0,0.084931506849315,2.8975979922460726,3.2759467746731072,2.8975979922460726,3.2759467746731072,observed_quote_tax_basis_assumed,0.0,0.0,0.0,0.0,0.0,0.0,none,0.8,1.0,,IND,calendar_days_fixed,A_POLICY_COVER;A_EU_MIX;A_EU_FLOOR;A_FX;A_POLICY_UNKNOWN;A_TARIFF_FILL;A_PRICE_TAX;PV_AD_OFFSET_BOUND;POLICY_FIRM_YEAR_UNKNOWN,main,LOCAL_EXPORT_AHS,2010.0,UPDATED_CHINA_ORDINARY
76.0,IND,2011,2011-01-01,2011-01-31,1.0,31.0,0.084931506849315,2.686326335282736,3.05181291151168,2.686326335282736,3.05181291151168,observed_quote_tax_basis_assumed,0.0,0.0,0.0,0.0,0.0,0.0,none,0.8,1.0,,IND,calendar_days_fixed,A_POLICY_COVER;A_EU_MIX;A_EU_FLOOR;A_FX;A_POLICY_UNKNOWN;A_TARIFF_FILL;A_PRICE_TAX;PV_AD_OFFSET_BOUND;POLICY_FIRM_YEAR_UNKNOWN,main,LOCAL_EXPORT_AHS,2011.0,UPDATED_CHINA_ORDINARY
76.0,IND,2011,2011-02-01,2011-02-28,2.0,28.0,0.0767123287671232,2.633064300488626,3.062571243121522,2.633064300488626,3.062571243121522,observed_quote_tax_basis_assumed,0.0,0.0,0.0,0.0,0.0,0.0,none,0.8,1.0,,IND,calendar_days_fixed,A_POLICY_COVER;A_EU_MIX;A_EU_FLOOR;A_FX;A_POLICY_UNKNOWN;A_TARIFF_FILL;A_PRICE_TAX;PV_AD_OFFSET_BOUND;POLICY_FIRM_YEAR_UNKNOWN,main,LOCAL_EXPORT_AHS,2011.0,UPDATED_CHINA_ORDINARY
76.0,IND,2011,2011-03-01,2011-03-31,3.0,31.0,0.084931506849315,2.624982413840032,3.046512436500475,2.624982413840032,3.046512436500475,observed_quote_tax_basis_assumed,0.0,0.0,0.0,0.0,0.0,0.0,none,0.8,1.0,,IND,calendar_days_fixed,A_POLICY_COVER;A_EU_MIX;A_EU_FLOOR;A_FX;A_POLICY_UNKNOWN;A_TARIFF_FILL;A_PRICE_TAX;PV_AD_OFFSET_BOUND;POLICY_FIRM_YEAR_UNKNOWN,main,LOCAL_EXPORT_AHS,2011.0,UPDATED_CHINA_ORDINARY
76.0,IND,2011,2011-04-01,2011-04-30,4.0,30.0,0.0821917808219178,2.607707252828456,3.111468881215772,2.607707252828456,3.111468881215772,observed_quote_tax_basis_assumed,0.0,0.0,0.0,0.0,0.0,0.0,none,0.8,1.0,,IND,calendar_days_fixed,A_POLICY_COVER;A_EU_MIX;A_EU_FLOOR;A_FX;A_POLICY_UNKNOWN;A_TARIFF_FILL;A_PRICE_TAX;PV_AD_OFFSET_BOUND;POLICY_FIRM_YEAR_UNKNOWN,main,LOCAL_EXPORT_AHS,2011.0,UPDATED_CHINA_ORDINARY
76.0,IND,2011,2011-05-01,2011-05-31,5.0,31.0,0.084931506849315,2.453185494118997,3.002699044801653,2.453185494118997,3.002699044801653,observed_quote_tax_basis_assumed,0.0,0.0,0.0,0.0,0.0,0.0,none,0.8,1.0,,IND,calendar_days_fixed,A_POLICY_COVER;A_EU_MIX;A_EU_FLOOR;A_FX;A_POLICY_UNKNOWN;A_TARIFF_FILL;A_PRICE_TAX;PV_AD_OFFSET_BOUND;POLICY_FIRM_YEAR_UNKNOWN,main,LOCAL_EXPORT_AHS,2011.0,UPDATED_CHINA_ORDINARY
76.0,IND,2011,2011-06-01,2011-06-30,6.0,30.0,0.0821917808219178,2.3421748176069346,2.9031158453531334,2.3421748176069346,2.9031158453531334,observed_quote_tax_basis_assumed,0.0,0.0,0.0,0.0,0.0,0.0,none,0.8,1.0,,IND,calendar_days_fixed,A_POLICY_COVER;A_EU_MIX;A_EU_FLOOR;A_FX;A_POLICY_UNKNOWN;A_TARIFF_FILL;A_PRICE_TAX;PV_AD_OFFSET_BOUND;POLICY_FIRM_YEAR_UNKNOWN,main,LOCAL_EXPORT_AHS,2011.0,UPDATED_CHINA_ORDINARY
76.0,IND,2011,2011-07-01,2011-07-31,7.0,31.0,0.084931506849315,2.192781508990938,2.780133698899225,2.192781508990938,2.780133698899225,observed_quote_tax_basis_assumed,0.0,0.0,0.0,0.0,0.0,0.0,none,0.8,1.0,,IND,calendar_days_fixed,A_POLICY_COVER;A_EU_MIX;A_EU_FLOOR;A_FX;A_POLICY_UNKNOWN;A_TARIFF_FILL;A_PRICE_TAX;PV_AD_OFFSET_BOUND;POLICY_FIRM_YEAR_UNKNOWN,main,LOCAL_EXPORT_AHS,2011.0,UPDATED_CHINA_ORDINARY
76.0,IND,2011,2011-08-01,2011-08-31,8.0,31.0,0.084931506849315,2.0412922881909905,2.6693822230189874,2.0412922881909905,2.6693822230189874,observed_quote_tax_basis_assumed,0.0,0.0,0.0,0.0,0.0,0.0,none,0.8,1.0,,IND,calendar_days_fixed,A_POLICY_COVER;A_EU_MIX;A_EU_FLOOR;A_FX;A_POLICY_UNKNOWN;A_TARIFF_FILL;A_PRICE_TAX;PV_AD_OFFSET_BOUND;POLICY_FIRM_YEAR_UNKNOWN,main,LOCAL_EXPORT_AHS,2011.0,UPDATED_CHINA_ORDINARY
76.0,IND,2011,2011-09-01,2011-09-30,9.0,30.0,0.0821917808219178,1.851384169095222,2.4559177753303967,1.851384169095222,2.4559177753303967,observed_quote_tax_basis_assumed,0.0,0.0,0.0,0.0,0.0,0.0,none,0.8,1.0,,IND,calendar_days_fixed,A_POLICY_COVER;A_EU_MIX;A_EU_FLOOR;A_FX;A_POLICY_UNKNOWN;A_TARIFF_FILL;A_PRICE_TAX;PV_AD_OFFSET_BOUND;POLICY_FIRM_YEAR_UNKNOWN,main,LOCAL_EXPORT_AHS,2011.0,UPDATED_CHINA_ORDINARY
76.0,IND,2011,2011-10-01,2011-10-31,10.0,31.0,0.084931506849315,1.7249525603786575,2.3530602861687124,1.7249525603786575,2.3530602861687124,observed_quote_tax_basis_assumed,0.0,0.0,0.0,0.0,0.0,0.0,none,0.8,1.0,,IND,calendar_days_fixed,A_POLICY_COVER;A_EU_MIX;A_EU_FLOOR;A_FX;A_POLICY_UNKNOWN;A_TARIFF_FILL;A_PRICE_TAX;PV_AD_OFFSET_BOUND;POLICY_FIRM_YEAR_UNKNOWN,main,LOCAL_EXPORT_AHS,2011.0,UPDATED_CHINA_ORDINARY
76.0,IND,2011,2011-11-01,2011-11-30,11.0,30.0,0.0821917808219178,1.5805148558170548,2.156937920879745,1.5805148558170548,2.156937920879745,observed_quote_tax_basis_assumed,0.0,0.0,0.0,0.0,0.0,0.0,none,0.8,1.0,,IND,calendar_days_fixed,A_POLICY_COVER;A_EU_MIX;A_EU_FLOOR;A_FX;A_POLICY_UNKNOWN;A_TARIFF_FILL;A_PRICE_TAX;PV_AD_OFFSET_BOUND;POLICY_FIRM_YEAR_UNKNOWN,main,LOCAL_EXPORT_AHS,2011.0,UPDATED_CHINA_ORDINARY
76.0,IND,2011,2011-12-01,2011-12-31,12.0,31.0,0.084931506849315,1.4614867506804692,2.0027781398213835,1.4614867506804692,2.0027781398213835,observed_quote_tax_basis_assumed,0.0,0.0,0.0,0.0,0.0,0.0,none,0.8,1.0,,IND,calendar_days_fixed,A_POLICY_COVER;A_EU_MIX;A_EU_FLOOR;A_FX;A_POLICY_UNKNOWN;A_TARIFF_FILL;A_PRICE_TAX;PV_AD_OFFSET_BOUND;POLICY_FIRM_YEAR_UNKNOWN,main,LOCAL_EXPORT_AHS,2011.0,UPDATED_CHINA_ORDINARY
77.0,IND,2012,2012-01-01,2012-01-31,1.0,31.0,0.0846994535519125,1.3684642185997595,1.8361671793870191,1.3684642185997595,1.8361671793870191,observed_quote_tax_basis_assumed,0.0,0.0,0.0,0.0,0.0,0.0,none,0.8,1.0,,IND,calendar_days_fixed,A_POLICY_COVER;A_EU_MIX;A_EU_FLOOR;A_FX;A_POLICY_UNKNOWN;A_TARIFF_FILL;A_PRICE_TAX;PV_AD_OFFSET_BOUND;POLICY_FIRM_YEAR_UNKNOWN,main,LOCAL_EXPORT_AHS,2012.0,UPDATED_CHINA_ORDINARY
77.0,IND,2012,2012-02-01,2012-02-29,2.0,29.0,0.0792349726775956,1.3781815830003006,1.83459236698092,1.3781815830003006,1.83459236698092,observed_quote_tax_basis_assumed,0.0,0.0,0.0,0.0,0.0,0.0,none,0.8,1.0,,IND,calendar_days_fixed,A_POLICY_COVER;A_EU_MIX;A_EU_FLOOR;A_FX;A_POLICY_UNKNOWN;A_TARIFF_FILL;A_PRICE_TAX;PV_AD_OFFSET_BOUND;POLICY_FIRM_YEAR_UNKNOWN,main,LOCAL_EXPORT_AHS,2012.0,UPDATED_CHINA_ORDINARY
77.0,IND,2012,2012-03-01,2012-03-31,3.0,31.0,0.0846994535519125,1.3135081493389422,1.792761122746394,1.3135081493389422,1.792761122746394,observed_quote_tax_basis_assumed,0.0,0.0,0.0,0.0,0.0,0.0,none,0.8,1.0,,IND,calendar_days_fixed,A_POLICY_COVER;A_EU_MIX;A_EU_FLOOR;A_FX;A_POLICY_UNKNOWN;A_TARIFF_FILL;A_PRICE_TAX;PV_AD_OFFSET_BOUND;POLICY_FIRM_YEAR_UNKNOWN,main,LOCAL_EXPORT_AHS,2012.0,UPDATED_CHINA_ORDINARY
77.0,IND,2012,2012-04-01,2012-04-30,4.0,30.0,0.081967213114754,1.2578921407752404,1.7451038854417067,1.2578921407752404,1.7451038854417067,observed_quote_tax_basis_assumed,0.0,0.0,0.0,0.0,0.0,0.0,none,0.8,1.0,,IND,calendar_days_fixed,A_POLICY_COVER;A_EU_MIX;A_EU_FLOOR;A_FX;A_POLICY_UNKNOWN;A_TARIFF_FILL;A_PRICE_TAX;PV_AD_OFFSET_BOUND;POLICY_FIRM_YEAR_UNKNOWN,main,LOCAL_EXPORT_AHS,2012.0,UPDATED_CHINA_ORDINARY
77.0,IND,2012,2012-05-01,2012-05-31,5.0,31.0,0.0846994535519125,1.190262737943209,1.656017722355769,1.190262737943209,1.656017722355769,observed_quote_tax_basis_assumed,0.0,0.0,0.0,0.0,0.0,0.0,none,0.8,1.0,,IND,calendar_days_fixed,A_POLICY_COVER;A_EU_MIX;A_EU_FLOOR;A_FX;A_POLICY_UNKNOWN;A_TARIFF_FILL;A_PRICE_TAX;PV_AD_OFFSET_BOUND;POLICY_FIRM_YEAR_UNKNOWN,main,LOCAL_EXPORT_AHS,2012.0,UPDATED_CHINA_ORDINARY
77.0,IND,2012,2012-06-01,2012-06-30,6.0,30.0,0.081967213114754,1.1113960950270434,1.5744778012883114,1.1113960950270434,1.5744778012883114,observed_quote_tax_basis_assumed,0.0,0.0,0.0,0.0,0.0,0.0,none,0.8,1.0,,IND,calendar_days_fixed,A_POLICY_COVER;A_EU_MIX;A_EU_FLOOR;A_FX;A_POLICY_UNKNOWN;A_TARIFF_FILL;A_PRICE_TAX;PV_AD_OFFSET_BOUND;POLICY_FIRM_YEAR_UNKNOWN,main,LOCAL_EXPORT_AHS,2012.0,UPDATED_CHINA_ORDINARY
77.0,IND,2012,2012-07-01,2012-07-31,7.0,31.0,0.0846994535519125,1.0583620721153846,1.5213954786658657,1.0583620721153846,1.5213954786658657,observed_quote_tax_basis_assumed,0.0,0.0,0.0,0.0,0.0,0.0,none,0.8,1.0,,IND,calendar_days_fixed,A_POLICY_COVER;A_EU_MIX;A_EU_FLOOR;A_FX;A_POLICY_UNKNOWN;A_TARIFF_FILL;A_PRICE_TAX;PV_AD_OFFSET_BOUND;POLICY_FIRM_YEAR_UNKNOWN,main,LOCAL_EXPORT_AHS,2012.0,UPDATED_CHINA_ORDINARY
77.0,IND,2012,2012-08-01,2012-08-31,8.0,31.0,0.0846994535519125,1.0149143662109374,1.4890956684570311,1.0149143662109374,1.4890956684570311,observed_quote_tax_basis_assumed,0.0,0.0,0.0,0.0,0.0,0.0,none,0.8,1.0,,IND,calendar_days_fixed,A_POLICY_COVER;A_EU_MIX;A_EU_FLOOR;A_FX;A_POLICY_UNKNOWN;A_TARIFF_FILL;A_PRICE_TAX;PV_AD_OFFSET_BOUND;POLICY_FIRM_YEAR_UNKNOWN,main,LOCAL_EXPORT_AHS,2012.0,UPDATED_CHINA_ORDINARY
77.0,IND,2012,2012-09-01,2012-09-30,9.0,30.0,0.081967213114754,1.0016094417067307,1.5110487267127404,1.0016094417067307,1.5110487267127404,observed_quote_tax_basis_assumed,0.0,0.0,0.0,0.0,0.0,0.0,none,0.8,1.0,,IND,calendar_days_fixed,A_POLICY_COVER;A_EU_MIX;A_EU_FLOOR;A_FX;A_POLICY_UNKNOWN;A_TARIFF_FILL;A_PRICE_TAX;PV_AD_OFFSET_BOUND;POLICY_FIRM_YEAR_UNKNOWN,main,LOCAL_EXPORT_AHS,2012.0,UPDATED_CHINA_ORDINARY
77.0,IND,2012,2012-10-01,2012-10-31,10.0,31.0,0.0846994535519125,0.994557200611888,1.4831116149475525,0.994557200611888,1.4831116149475525,observed_quote_tax_basis_assumed,0.0,0.0,0.0,0.0,0.0,0.0,none,0.8,1.0,,IND,calendar_days_fixed,A_POLICY_COVER;A_EU_MIX;A_EU_FLOOR;A_FX;A_POLICY_UNKNOWN;A_TARIFF_FILL;A_PRICE_TAX;PV_AD_OFFSET_BOUND;POLICY_FIRM_YEAR_UNKNOWN,main,LOCAL_EXPORT_AHS,2012.0,UPDATED_CHINA_ORDINARY
77.0,IND,2012,2012-11-01,2012-11-30,11.0,30.0,0.081967213114754,0.9771088286713286,1.4482148710664335,0.9771088286713286,1.4482148710664335,observed_quote_tax_basis_assumed,0.0,0.0,0.0,0.0,0.0,0.0,none,0.8,1.0,,IND,calendar_days_fixed,A_POLICY_COVER;A_EU_MIX;A_EU_FLOOR;A_FX;A_POLICY_UNKNOWN;A_TARIFF_FILL;A_PRICE_TAX;PV_AD_OFFSET_BOUND;POLICY_FIRM_YEAR_UNKNOWN,main,LOCAL_EXPORT_AHS,2012.0,UPDATED_CHINA_ORDINARY
77.0,IND,2012,2012-12-01,2012-12-31,12.0,31.0,0.0846994535519125,0.95460961222166,1.4407533962234311,0.95460961222166,1.4407533962234311,observed_quote_tax_basis_assumed,0.0,0.0,0.0,0.0,0.0,0.0,none,0.8,1.0,,IND,calendar_days_fixed,A_POLICY_COVER;A_EU_MIX;A_EU_FLOOR;A_FX;A_POLICY_UNKNOWN;A_TARIFF_FILL;A_PRICE_TAX;PV_AD_OFFSET_BOUND;POLICY_FIRM_YEAR_UNKNOWN,main,LOCAL_EXPORT_AHS,2012.0,UPDATED_CHINA_ORDINARY
78.0,IND,2013,2013-01-01,2013-01-31,1.0,31.0,0.084931506849315,0.946150566520937,1.4370777472629324,0.946150566520937,1.4370777472629324,observed_quote_tax_basis_assumed,0.0,0.0,0.0,0.0,0.0,0.0,none,0.8,1.0,,IND,calendar_days_fixed,A_POLICY_COVER;A_EU_MIX;A_EU_FLOOR;A_FX;A_POLICY_UNKNOWN;A_TARIFF_FILL;A_PRICE_TAX;PV_AD_OFFSET_BOUND;POLICY_FIRM_YEAR_UNKNOWN,main,LOCAL_EXPORT_AHS,2013.0,UPDATED_CHINA_ORDINARY
78.0,IND,2013,2013-02-01,2013-02-28,2.0,28.0,0.0767123287671232,0.921251867401965,1.390568856455796,0.921251867401965,1.390568856455796,observed_quote_tax_basis_assumed,0.0,0.0,0.0,0.0,0.0,0.0,none,0.8,1.0,,IND,calendar_days_fixed,A_POLICY_COVER;A_EU_MIX;A_EU_FLOOR;A_FX;A_POLICY_UNKNOWN;A_TARIFF_FILL;A_PRICE_TAX;PV_AD_OFFSET_BOUND;POLICY_FIRM_YEAR_UNKNOWN,main,LOCAL_EXPORT_AHS,2013.0,UPDATED_CHINA_ORDINARY
78.0,IND,2013,2013-03-01,2013-03-31,3.0,31.0,0.084931506849315,0.9315028557668634,1.3549132447518013,0.9315028557668634,1.3549132447518013,observed_quote_tax_basis_assumed,0.0,0.0,0.0,0.0,0.0,0.0,none,0.8,1.0,,IND,calendar_days_fixed,A_POLICY_COVER;A_EU_MIX;A_EU_FLOOR;A_FX;A_POLICY_UNKNOWN;A_TARIFF_FILL;A_PRICE_TAX;PV_AD_OFFSET_BOUND;POLICY_FIRM_YEAR_UNKNOWN,main,LOCAL_EXPORT_AHS,2013.0,UPDATED_CHINA_ORDINARY
78.0,IND,2013,2013-04-01,2013-04-30,4.0,30.0,0.0821917808219178,0.95601608881336,1.3818778011029471,0.95601608881336,1.3818778011029471,observed_quote_tax_basis_assumed,0.0,0.0,0.0,0.0,0.0,0.0,none,0.8,1.0,,IND,calendar_days_fixed,A_POLICY_COVER;A_EU_MIX;A_EU_FLOOR;A_FX;A_POLICY_UNKNOWN;A_TARIFF_FILL;A_PRICE_TAX;PV_AD_OFFSET_BOUND;POLICY_FIRM_YEAR_UNKNOWN,main,LOCAL_EXPORT_AHS,2013.0,UPDATED_CHINA_ORDINARY
78.0,IND,2013,2013-05-01,2013-05-31,5.0,31.0,0.084931506849315,0.9260895616420616,1.3634096324174796,0.9260895616420616,1.3634096324174796,observed_quote_tax_basis_assumed,0.0,0.0,0.0,0.0,0.0,0.0,none,0.8,1.0,,IND,calendar_days_fixed,A_POLICY_COVER;A_EU_MIX;A_EU_FLOOR;A_FX;A_POLICY_UNKNOWN;A_TARIFF_FILL;A_PRICE_TAX;PV_AD_OFFSET_BOUND;POLICY_FIRM_YEAR_UNKNOWN,main,LOCAL_EXPORT_AHS,2013.0,UPDATED_CHINA_ORDINARY
78.0,IND,2013,2013-06-01,2013-06-30,6.0,30.0,0.0821917808219178,0.9756808182969297,1.3589839969135804,0.9756808182969297,1.3589839969135804,observed_quote_tax_basis_assumed,0.0,0.0,0.0,0.0,0.0,0.0,none,0.8,1.0,,IND,calendar_days_fixed,A_POLICY_COVER;A_EU_MIX;A_EU_FLOOR;A_FX;A_POLICY_UNKNOWN;A_TARIFF_FILL;A_PRICE_TAX;PV_AD_OFFSET_BOUND;POLICY_FIRM_YEAR_UNKNOWN,main,LOCAL_EXPORT_AHS,2013.0,UPDATED_CHINA_ORDINARY
78.0,IND,2013,2013-07-01,2013-07-31,7.0,31.0,0.084931506849315,0.967645331516578,1.339152021295264,0.967645331516578,1.339152021295264,observed_quote_tax_basis_assumed,0.0,0.0,0.0,0.0,0.0,0.0,none,0.8,1.0,,IND,calendar_days_fixed,A_POLICY_COVER;A_EU_MIX;A_EU_FLOOR;A_FX;A_POLICY_UNKNOWN;A_TARIFF_FILL;A_PRICE_TAX;PV_AD_OFFSET_BOUND;POLICY_FIRM_YEAR_UNKNOWN,main,LOCAL_EXPORT_AHS,2013.0,UPDATED_CHINA_ORDINARY
78.0,IND,2013,2013-08-01,2013-08-31,8.0,31.0,0.084931506849315,1.002196080959164,1.3362614412788856,1.002196080959164,1.3362614412788856,observed_quote_tax_basis_assumed,0.0,0.0,0.0,0.0,0.0,0.0,none,0.8,1.0,,IND,calendar_days_fixed,A_POLICY_COVER;A_EU_MIX;A_EU_FLOOR;A_FX;A_POLICY_UNKNOWN;A_TARIFF_FILL;A_PRICE_TAX;PV_AD_OFFSET_BOUND;POLICY_FIRM_YEAR_UNKNOWN,main,LOCAL_EXPORT_AHS,2013.0,UPDATED_CHINA_ORDINARY
78.0,IND,2013,2013-09-01,2013-09-30,9.0,30.0,0.0821917808219178,1.022721054412437,1.3313006828989482,1.022721054412437,1.3313006828989482,observed_quote_tax_basis_assumed,0.0,0.0,0.0,0.0,0.0,0.0,none,0.8,1.0,,IND,calendar_days_fixed,A_POLICY_COVER;A_EU_MIX;A_EU_FLOOR;A_FX;A_POLICY_UNKNOWN;A_TARIFF_FILL;A_PRICE_TAX;PV_AD_OFFSET_BOUND;POLICY_FIRM_YEAR_UNKNOWN,main,LOCAL_EXPORT_AHS,2013.0,UPDATED_CHINA_ORDINARY
78.0,IND,2013,2013-10-01,2013-10-31,10.0,31.0,0.084931506849315,1.0447150589940866,1.341918480949301,1.0447150589940866,1.341918480949301,observed_quote_tax_basis_assumed,0.0,0.0,0.0,0.0,0.0,0.0,none,0.8,1.0,,IND,calendar_days_fixed,A_POLICY_COVER;A_EU_MIX;A_EU_FLOOR;A_FX;A_POLICY_UNKNOWN;A_TARIFF_FILL;A_PRICE_TAX;PV_AD_OFFSET_BOUND;POLICY_FIRM_YEAR_UNKNOWN,main,LOCAL_EXPORT_AHS,2013.0,UPDATED_CHINA_ORDINARY
78.0,IND,2013,2013-11-01,2013-11-30,11.0,30.0,0.0821917808219178,1.0160063318033132,1.2566394103883085,1.0160063318033132,1.2566394103883085,observed_quote_tax_basis_assumed,0.0,0.0,0.0,0.0,0.0,0.0,none,0.8,1.0,,IND,calendar_days_fixed,A_POLICY_COVER;A_EU_MIX;A_EU_FLOOR;A_FX;A_POLICY_UNKNOWN;A_TARIFF_FILL;A_PRICE_TAX;PV_AD_OFFSET_BOUND;POLICY_FIRM_YEAR_UNKNOWN,main,LOCAL_EXPORT_AHS,2013.0,UPDATED_CHINA_ORDINARY
78.0,IND,2013,2013-12-01,2013-12-31,12.0,31.0,0.084931506849315,1.031871536498892,1.2581591541521575,1.031871536498892,1.2581591541521575,observed_quote_tax_basis_assumed,0.0,0.0,0.0,0.0,0.0,0.0,none,0.8,1.0,,IND,calendar_days_fixed,A_POLICY_COVER;A_EU_MIX;A_EU_FLOOR;A_FX;A_POLICY_UNKNOWN;A_TARIFF_FILL;A_PRICE_TAX;PV_AD_OFFSET_BOUND;POLICY_FIRM_YEAR_UNKNOWN,main,LOCAL_EXPORT_AHS,2013.0,UPDATED_CHINA_ORDINARY
79.0,IND,2014,2014-01-01,2014-01-31,1.0,31.0,0.084931506849315,1.0072924673496249,1.2193540394232298,1.0072924673496249,1.2193540394232298,observed_quote_tax_basis_assumed,0.0,0.0,0.0,0.0,0.0,0.0,none,0.8,1.0,,IND,calendar_days_fixed,A_POLICY_COVER;A_EU_MIX;A_EU_FLOOR;A_FX;A_POLICY_UNKNOWN;A_TARIFF_FILL;A_PRICE_TAX;PV_AD_OFFSET_BOUND;POLICY_FIRM_YEAR_UNKNOWN,main,WITS_SAME_YEAR_MFN_FALLBACK,2014.0,UPDATED_CHINA_ORDINARY
79.0,IND,2014,2014-02-01,2014-02-28,2.0,28.0,0.0767123287671232,1.0463340822279374,1.2325460799125705,1.0463340822279374,1.2325460799125705,observed_quote_tax_basis_assumed,0.0,0.0,0.0,0.0,0.0,0.0,none,0.8,1.0,,IND,calendar_days_fixed,A_POLICY_COVER;A_EU_MIX;A_EU_FLOOR;A_FX;A_POLICY_UNKNOWN;A_TARIFF_FILL;A_PRICE_TAX;PV_AD_OFFSET_BOUND;POLICY_FIRM_YEAR_UNKNOWN,main,WITS_SAME_YEAR_MFN_FALLBACK,2014.0,UPDATED_CHINA_ORDINARY
79.0,IND,2014,2014-03-01,2014-03-31,3.0,31.0,0.084931506849315,1.023935290408728,1.2305187261929451,1.023935290408728,1.2305187261929451,observed_quote_tax_basis_assumed,0.0,0.0,0.0,0.0,0.0,0.0,none,0.8,1.0,,IND,calendar_days_fixed,A_POLICY_COVER;A_EU_MIX;A_EU_FLOOR;A_FX;A_POLICY_UNKNOWN;A_TARIFF_FILL;A_PRICE_TAX;PV_AD_OFFSET_BOUND;POLICY_FIRM_YEAR_UNKNOWN,main,WITS_SAME_YEAR_MFN_FALLBACK,2014.0,UPDATED_CHINA_ORDINARY
79.0,IND,2014,2014-04-01,2014-04-30,4.0,30.0,0.0821917808219178,1.0043282324389915,1.201606992382365,1.0043282324389915,1.201606992382365,observed_quote_tax_basis_assumed,0.0,0.0,0.0,0.0,0.0,0.0,none,0.8,1.0,,IND,calendar_days_fixed,A_POLICY_COVER;A_EU_MIX;A_EU_FLOOR;A_FX;A_POLICY_UNKNOWN;A_TARIFF_FILL;A_PRICE_TAX;PV_AD_OFFSET_BOUND;POLICY_FIRM_YEAR_UNKNOWN,main,WITS_SAME_YEAR_MFN_FALLBACK,2014.0,UPDATED_CHINA_ORDINARY
79.0,IND,2014,2014-05-01,2014-05-31,5.0,31.0,0.084931506849315,0.998485340330426,1.1678712462793372,0.998485340330426,1.1678712462793372,observed_quote_tax_basis_assumed,0.0,0.0,0.0,0.0,0.0,0.0,none,0.8,1.0,,IND,calendar_days_fixed,A_POLICY_COVER;A_EU_MIX;A_EU_FLOOR;A_FX;A_POLICY_UNKNOWN;A_TARIFF_FILL;A_PRICE_TAX;PV_AD_OFFSET_BOUND;POLICY_FIRM_YEAR_UNKNOWN,main,WITS_SAME_YEAR_MFN_FALLBACK,2014.0,UPDATED_CHINA_ORDINARY
79.0,IND,2014,2014-06-01,2014-06-30,6.0,30.0,0.0821917808219178,0.9706744104845764,1.1471606669363172,0.9706744104845764,1.1471606669363172,observed_quote_tax_basis_assumed,0.0,0.0,0.0,0.0,0.0,0.0,none,0.8,1.0,,IND,calendar_days_fixed,A_POLICY_COVER;A_EU_MIX;A_EU_FLOOR;A_FX;A_POLICY_UNKNOWN;A_TARIFF_FILL;A_PRICE_TAX;PV_AD_OFFSET_BOUND;POLICY_FIRM_YEAR_UNKNOWN,main,WITS_SAME_YEAR_MFN_FALLBACK,2014.0,UPDATED_CHINA_ORDINARY
79.0,IND,2014,2014-07-01,2014-07-31,7.0,31.0,0.084931506849315,0.9668747294924476,1.1338803645865974,0.9668747294924476,1.1338803645865974,observed_quote_tax_basis_assumed,0.0,0.0,0.0,0.0,0.0,0.0,none,0.8,1.0,,IND,calendar_days_fixed,A_POLICY_COVER;A_EU_MIX;A_EU_FLOOR;A_FX;A_POLICY_UNKNOWN;A_TARIFF_FILL;A_PRICE_TAX;PV_AD_OFFSET_BOUND;POLICY_FIRM_YEAR_UNKNOWN,main,WITS_SAME_YEAR_MFN_FALLBACK,2014.0,UPDATED_CHINA_ORDINARY
79.0,IND,2014,2014-08-01,2014-08-31,8.0,31.0,0.084931506849315,0.9336540934028892,1.1065529995886094,0.9336540934028892,1.1065529995886094,observed_quote_tax_basis_assumed,0.0,0.0,0.0,0.0,0.0,0.0,none,0.8,1.0,,IND,calendar_days_fixed,A_POLICY_COVER;A_EU_MIX;A_EU_FLOOR;A_FX;A_POLICY_UNKNOWN;A_TARIFF_FILL;A_PRICE_TAX;PV_AD_OFFSET_BOUND;POLICY_FIRM_YEAR_UNKNOWN,main,WITS_SAME_YEAR_MFN_FALLBACK,2014.0,UPDATED_CHINA_ORDINARY
79.0,IND,2014,2014-09-01,2014-09-30,9.0,30.0,0.0821917808219178,0.9045753093677252,1.0553378609290127,0.9045753093677252,1.0553378609290127,observed_quote_tax_basis_assumed,0.0,0.0,0.0,0.0,0.0,0.0,none,0.8,1.0,,IND,calendar_days_fixed,A_POLICY_COVER;A_EU_MIX;A_EU_FLOOR;A_FX;A_POLICY_UNKNOWN;A_TARIFF_FILL;A_PRICE_TAX;PV_AD_OFFSET_BOUND;POLICY_FIRM_YEAR_UNKNOWN,main,WITS_SAME_YEAR_MFN_FALLBACK,2014.0,UPDATED_CHINA_ORDINARY
79.0,IND,2014,2014-10-01,2014-10-31,10.0,31.0,0.084931506849315,0.8885453695095287,1.0119544486080745,0.8885453695095287,1.0119544486080745,observed_quote_tax_basis_assumed,0.0,0.0,0.0,0.0,0.0,0.0,none,0.8,1.0,,IND,calendar_days_fixed,A_POLICY_COVER;A_EU_MIX;A_EU_FLOOR;A_FX;A_POLICY_UNKNOWN;A_TARIFF_FILL;A_PRICE_TAX;PV_AD_OFFSET_BOUND;POLICY_FIRM_YEAR_UNKNOWN,main,WITS_SAME_YEAR_MFN_FALLBACK,2014.0,UPDATED_CHINA_ORDINARY
79.0,IND,2014,2014-11-01,2014-11-30,11.0,30.0,0.0821917808219178,0.8582904677093165,0.9878437458541188,0.8582904677093165,0.9878437458541188,observed_quote_tax_basis_assumed,0.0,0.0,0.0,0.0,0.0,0.0,none,0.8,1.0,,IND,calendar_days_fixed,A_POLICY_COVER;A_EU_MIX;A_EU_FLOOR;A_FX;A_POLICY_UNKNOWN;A_TARIFF_FILL;A_PRICE_TAX;PV_AD_OFFSET_BOUND;POLICY_FIRM_YEAR_UNKNOWN,main,WITS_SAME_YEAR_MFN_FALLBACK,2014.0,UPDATED_CHINA_ORDINARY
79.0,IND,2014,2014-12-01,2014-12-31,12.0,31.0,0.084931506849315,0.8627497629665737,0.984836993575051,0.8627497629665737,0.984836993575051,observed_quote_tax_basis_assumed,0.0,0.0,0.0,0.0,0.0,0.0,none,0.8,1.0,,IND,calendar_days_fixed,A_POLICY_COVER;A_EU_MIX;A_EU_FLOOR;A_FX;A_POLICY_UNKNOWN;A_TARIFF_FILL;A_PRICE_TAX;PV_AD_OFFSET_BOUND;POLICY_FIRM_YEAR_UNKNOWN,main,WITS_SAME_YEAR_MFN_FALLBACK,2014.0,UPDATED_CHINA_ORDINARY
80.0,IND,2015,2015-01-01,2015-01-31,1.0,31.0,0.084931506849315,0.7836468068108556,0.8779746631862364,0.7836468068108556,0.8779746631862364,observed_quote_tax_basis_assumed,0.0,0.0,0.0,0.0,0.0,0.0,none,0.8,1.0,,IND,calendar_days_fixed,A_POLICY_COVER;A_EU_MIX;A_EU_FLOOR;A_FX;A_POLICY_UNKNOWN;A_TARIFF_FILL;A_PRICE_TAX;PV_AD_OFFSET_BOUND;POLICY_FIRM_YEAR_UNKNOWN,main,LOCAL_EXPORT_AHS,2015.0,UPDATED_CHINA_ORDINARY
80.0,IND,2015,2015-02-01,2015-02-28,2.0,28.0,0.0767123287671232,0.7653267250677627,0.8503630278530696,0.7653267250677627,0.8503630278530696,observed_quote_tax_basis_assumed,0.0,0.0,0.0,0.0,0.0,0.0,none,0.8,1.0,,IND,calendar_days_fixed,A_POLICY_COVER;A_EU_MIX;A_EU_FLOOR;A_FX;A_POLICY_UNKNOWN;A_TARIFF_FILL;A_PRICE_TAX;PV_AD_OFFSET_BOUND;POLICY_FIRM_YEAR_UNKNOWN,main,LOCAL_EXPORT_AHS,2015.0,UPDATED_CHINA_ORDINARY
80.0,IND,2015,2015-03-01,2015-03-31,3.0,31.0,0.084931506849315,0.7308038162617816,0.8323043462981401,0.7308038162617816,0.8323043462981401,observed_quote_tax_basis_assumed,0.0,0.0,0.0,0.0,0.0,0.0,none,0.8,1.0,,IND,calendar_days_fixed,A_POLICY_COVER;A_EU_MIX;A_EU_FLOOR;A_FX;A_POLICY_UNKNOWN;A_TARIFF_FILL;A_PRICE_TAX;PV_AD_OFFSET_BOUND;POLICY_FIRM_YEAR_UNKNOWN,main,LOCAL_EXPORT_AHS,2015.0,UPDATED_CHINA_ORDINARY
80.0,IND,2015,2015-04-01,2015-04-30,4.0,30.0,0.0821917808219178,0.7403275288041375,0.8345510324701185,0.7403275288041375,0.8345510324701185,observed_quote_tax_basis_assumed,0.0,0.0,0.0,0.0,0.0,0.0,none,0.8,1.0,,IND,calendar_days_fixed,A_POLICY_COVER;A_EU_MIX;A_EU_FLOOR;A_FX;A_POLICY_UNKNOWN;A_TARIFF_FILL;A_PRICE_TAX;PV_AD_OFFSET_BOUND;POLICY_FIRM_YEAR_UNKNOWN,main,LOCAL_EXPORT_AHS,2015.0,UPDATED_CHINA_ORDINARY
80.0,IND,2015,2015-05-01,2015-05-31,5.0,31.0,0.084931506849315,0.7796793226269166,0.8701778154318265,0.7796793226269166,0.8701778154318265,observed_quote_tax_basis_assumed,0.0,0.0,0.0,0.0,0.0,0.0,none,0.8,1.0,,IND,calendar_days_fixed,A_POLICY_COVER;A_EU_MIX;A_EU_FLOOR;A_FX;A_POLICY_UNKNOWN;A_TARIFF_FILL;A_PRICE_TAX;PV_AD_OFFSET_BOUND;POLICY_FIRM_YEAR_UNKNOWN,main,LOCAL_EXPORT_AHS,2015.0,UPDATED_CHINA_ORDINARY
80.0,IND,2015,2015-06-01,2015-06-30,6.0,30.0,0.0821917808219178,0.7841322245706475,0.8681463914889309,0.7841322245706475,0.8681463914889309,observed_quote_tax_basis_assumed,0.0,0.0,0.0,0.0,0.0,0.0,none,0.8,1.0,,IND,calendar_days_fixed,A_POLICY_COVER;A_EU_MIX;A_EU_FLOOR;A_FX;A_POLICY_UNKNOWN;A_TARIFF_FILL;A_PRICE_TAX;PV_AD_OFFSET_BOUND;POLICY_FIRM_YEAR_UNKNOWN,main,LOCAL_EXPORT_AHS,2015.0,UPDATED_CHINA_ORDINARY
80.0,IND,2015,2015-07-01,2015-07-31,7.0,31.0,0.084931506849315,0.7826573192219436,0.8444460549499919,0.7826573192219436,0.8444460549499919,observed_quote_tax_basis_assumed,0.0,0.0,0.0,0.0,0.0,0.0,none,0.8,1.0,,IND,calendar_days_fixed,A_POLICY_COVER;A_EU_MIX;A_EU_FLOOR;A_FX;A_POLICY_UNKNOWN;A_TARIFF_FILL;A_PRICE_TAX;PV_AD_OFFSET_BOUND;POLICY_FIRM_YEAR_UNKNOWN,main,LOCAL_EXPORT_AHS,2015.0,UPDATED_CHINA_ORDINARY
80.0,IND,2015,2015-08-01,2015-08-31,8.0,31.0,0.084931506849315,0.7928546296754717,0.8484935510562066,0.7928546296754717,0.8484935510562066,observed_quote_tax_basis_assumed,0.0,0.0,0.0,0.0,0.0,0.0,none,0.8,1.0,,IND,calendar_days_fixed,A_POLICY_COVER;A_EU_MIX;A_EU_FLOOR;A_FX;A_POLICY_UNKNOWN;A_TARIFF_FILL;A_PRICE_TAX;PV_AD_OFFSET_BOUND;POLICY_FIRM_YEAR_UNKNOWN,main,LOCAL_EXPORT_AHS,2015.0,UPDATED_CHINA_ORDINARY
80.0,IND,2015,2015-09-01,2015-09-30,9.0,30.0,0.0821917808219178,0.8238181179610751,0.8816299157127296,0.8238181179610751,0.8816299157127296,observed_quote_tax_basis_assumed,0.0,0.0,0.0,0.0,0.0,0.0,none,0.8,1.0,,IND,calendar_days_fixed,A_POLICY_COVER;A_EU_MIX;A_EU_FLOOR;A_FX;A_POLICY_UNKNOWN;A_TARIFF_FILL;A_PRICE_TAX;PV_AD_OFFSET_BOUND;POLICY_FIRM_YEAR_UNKNOWN,main,LOCAL_EXPORT_AHS,2015.0,UPDATED_CHINA_ORDINARY
80.0,IND,2015,2015-10-01,2015-10-31,10.0,31.0,0.084931506849315,0.8090265672243003,0.8884845336481153,0.8090265672243003,0.8884845336481153,observed_quote_tax_basis_assumed,0.0,0.0,0.0,0.0,0.0,0.0,none,0.8,1.0,,IND,calendar_days_fixed,A_POLICY_COVER;A_EU_MIX;A_EU_FLOOR;A_FX;A_POLICY_UNKNOWN;A_TARIFF_FILL;A_PRICE_TAX;PV_AD_OFFSET_BOUND;POLICY_FIRM_YEAR_UNKNOWN,main,LOCAL_EXPORT_AHS,2015.0,UPDATED_CHINA_ORDINARY
80.0,IND,2015,2015-11-01,2015-11-30,11.0,30.0,0.0821917808219178,0.7603831200676149,0.8571591535307657,0.7603831200676149,0.8571591535307657,observed_quote_tax_basis_assumed,0.0,0.0,0.0,0.0,0.0,0.0,none,0.8,1.0,,IND,calendar_days_fixed,A_POLICY_COVER;A_EU_MIX;A_EU_FLOOR;A_FX;A_POLICY_UNKNOWN;A_TARIFF_FILL;A_PRICE_TAX;PV_AD_OFFSET_BOUND;POLICY_FIRM_YEAR_UNKNOWN,main,LOCAL_EXPORT_AHS,2015.0,UPDATED_CHINA_ORDINARY
80.0,IND,2015,2015-12-01,2015-12-31,12.0,31.0,0.084931506849315,0.770105042618891,0.861117456746578,0.770105042618891,0.861117456746578,observed_quote_tax_basis_assumed,0.0,0.0,0.0,0.0,0.0,0.0,none,0.8,1.0,,IND,calendar_days_fixed,A_POLICY_COVER;A_EU_MIX;A_EU_FLOOR;A_FX;A_POLICY_UNKNOWN;A_TARIFF_FILL;A_PRICE_TAX;PV_AD_OFFSET_BOUND;POLICY_FIRM_YEAR_UNKNOWN,main,LOCAL_EXPORT_AHS,2015.0,UPDATED_CHINA_ORDINARY
81.0,IND,2016,2016-01-01,2016-01-31,1.0,31.0,0.0846994535519125,0.7754609470994799,0.8654698070306694,0.7754609470994799,0.8654698070306694,observed_quote_tax_basis_assumed,0.0,0.0,0.0,0.0,0.0,0.0,none,0.8,1.0,,IND,calendar_days_fixed,A_POLICY_COVER;A_EU_MIX;A_EU_FLOOR;A_FX;A_POLICY_UNKNOWN;A_TARIFF_FILL;A_PRICE_TAX;PV_AD_OFFSET_BOUND;POLICY_FIRM_YEAR_UNKNOWN,main,LOCAL_EXPORT_AHS,2016.0,UPDATED_CHINA_ORDINARY
81.0,IND,2016,2016-02-01,2016-02-29,2.0,29.0,0.0792349726775956,0.7780005038629495,0.8699460179558434,0.7780005038629495,0.8699460179558434,observed_quote_tax_basis_assumed,0.0,0.0,0.0,0.0,0.0,0.0,none,0.8,1.0,,IND,calendar_days_fixed,A_POLICY_COVER;A_EU_MIX;A_EU_FLOOR;A_FX;A_POLICY_UNKNOWN;A_TARIFF_FILL;A_PRICE_TAX;PV_AD_OFFSET_BOUND;POLICY_FIRM_YEAR_UNKNOWN,main,LOCAL_EXPORT_AHS,2016.0,UPDATED_CHINA_ORDINARY
81.0,IND,2016,2016-03-01,2016-03-31,3.0,31.0,0.0846994535519125,0.7787644863397156,0.8495612578251441,0.7787644863397156,0.8495612578251441,observed_quote_tax_basis_assumed,0.0,0.0,0.0,0.0,0.0,0.0,none,0.8,1.0,,IND,calendar_days_fixed,A_POLICY_COVER;A_EU_MIX;A_EU_FLOOR;A_FX;A_POLICY_UNKNOWN;A_TARIFF_FILL;A_PRICE_TAX;PV_AD_OFFSET_BOUND;POLICY_FIRM_YEAR_UNKNOWN,main,LOCAL_EXPORT_AHS,2016.0,UPDATED_CHINA_ORDINARY
81.0,IND,2016,2016-04-01,2016-04-30,4.0,30.0,0.081967213114754,0.7944156135931028,0.8738571749524129,0.7944156135931028,0.8738571749524129,observed_quote_tax_basis_assumed,0.0,0.0,0.0,0.0,0.0,0.0,none,0.8,1.0,,IND,calendar_days_fixed,A_POLICY_COVER;A_EU_MIX;A_EU_FLOOR;A_FX;A_POLICY_UNKNOWN;A_TARIFF_FILL;A_PRICE_TAX;PV_AD_OFFSET_BOUND;POLICY_FIRM_YEAR_UNKNOWN,main,LOCAL_EXPORT_AHS,2016.0,UPDATED_CHINA_ORDINARY
81.0,IND,2016,2016-05-01,2016-05-31,5.0,31.0,0.0846994535519125,0.7782994701499374,0.8575707124800236,0.7782994701499374,0.8575707124800236,observed_quote_tax_basis_assumed,0.0,0.0,0.0,0.0,0.0,0.0,none,0.8,1.0,,IND,calendar_days_fixed,A_POLICY_COVER;A_EU_MIX;A_EU_FLOOR;A_FX;A_POLICY_UNKNOWN;A_TARIFF_FILL;A_PRICE_TAX;PV_AD_OFFSET_BOUND;POLICY_FIRM_YEAR_UNKNOWN,main,LOCAL_EXPORT_AHS,2016.0,UPDATED_CHINA_ORDINARY
81.0,IND,2016,2016-06-01,2016-06-30,6.0,30.0,0.081967213114754,0.7591586187691494,0.8379392301508536,0.7591586187691494,0.8379392301508536,observed_quote_tax_basis_assumed,0.0,0.0,0.0,0.0,0.0,0.0,none,0.8,1.0,,IND,calendar_days_fixed,A_POLICY_COVER;A_EU_MIX;A_EU_FLOOR;A_FX;A_POLICY_UNKNOWN;A_TARIFF_FILL;A_PRICE_TAX;PV_AD_OFFSET_BOUND;POLICY_FIRM_YEAR_UNKNOWN,main,LOCAL_EXPORT_AHS,2016.0,UPDATED_CHINA_ORDINARY
81.0,IND,2016,2016-07-01,2016-07-31,7.0,31.0,0.0846994535519125,0.7330790988487496,0.8035674737380523,0.7330790988487496,0.8035674737380523,observed_quote_tax_basis_assumed,0.0,0.0,0.0,0.0,0.0,0.0,none,0.8,1.0,,IND,calendar_days_fixed,A_POLICY_COVER;A_EU_MIX;A_EU_FLOOR;A_FX;A_POLICY_UNKNOWN;A_TARIFF_FILL;A_PRICE_TAX;PV_AD_OFFSET_BOUND;POLICY_FIRM_YEAR_UNKNOWN,main,LOCAL_EXPORT_AHS,2016.0,UPDATED_CHINA_ORDINARY
81.0,IND,2016,2016-08-01,2016-08-31,8.0,31.0,0.0846994535519125,0.7280738985555929,0.8280056101220468,0.7280738985555929,0.8280056101220468,observed_quote_tax_basis_assumed,0.0,0.0,0.0,0.0,0.0,0.0,none,0.8,1.0,,IND,calendar_days_fixed,A_POLICY_COVER;A_EU_MIX;A_EU_FLOOR;A_FX;A_POLICY_UNKNOWN;A_TARIFF_FILL;A_PRICE_TAX;PV_AD_OFFSET_BOUND;POLICY_FIRM_YEAR_UNKNOWN,main,LOCAL_EXPORT_AHS,2016.0,UPDATED_CHINA_ORDINARY
81.0,IND,2016,2016-09-01,2016-09-30,9.0,30.0,0.081967213114754,0.7423697374619559,0.7923369313295875,0.7423697374619559,0.7923369313295875,observed_quote_tax_basis_assumed,0.0,0.0,0.0,0.0,0.0,0.0,none,0.8,1.0,,IND,calendar_days_fixed,A_POLICY_COVER;A_EU_MIX;A_EU_FLOOR;A_FX;A_POLICY_UNKNOWN;A_TARIFF_FILL;A_PRICE_TAX;PV_AD_OFFSET_BOUND;POLICY_FIRM_YEAR_UNKNOWN,main,LOCAL_EXPORT_AHS,2016.0,UPDATED_CHINA_ORDINARY
81.0,IND,2016,2016-10-01,2016-10-31,10.0,31.0,0.0846994535519125,0.7036858447593164,0.774054429235248,0.7036858447593164,0.774054429235248,observed_quote_tax_basis_assumed,0.0,0.0,0.0,0.0,0.0,0.0,none,0.8,1.0,,IND,calendar_days_fixed,A_POLICY_COVER;A_EU_MIX;A_EU_FLOOR;A_FX;A_POLICY_UNKNOWN;A_TARIFF_FILL;A_PRICE_TAX;PV_AD_OFFSET_BOUND;POLICY_FIRM_YEAR_UNKNOWN,main,LOCAL_EXPORT_AHS,2016.0,UPDATED_CHINA_ORDINARY
81.0,IND,2016,2016-11-01,2016-11-30,11.0,30.0,0.081967213114754,0.6749440466200466,0.7438158881118881,0.6749440466200466,0.7438158881118881,observed_quote_tax_basis_assumed,0.0,0.0,0.0,0.0,0.0,0.0,none,0.8,1.0,,IND,calendar_days_fixed,A_POLICY_COVER;A_EU_MIX;A_EU_FLOOR;A_FX;A_POLICY_UNKNOWN;A_TARIFF_FILL;A_PRICE_TAX;PV_AD_OFFSET_BOUND;POLICY_FIRM_YEAR_UNKNOWN,main,LOCAL_EXPORT_AHS,2016.0,UPDATED_CHINA_ORDINARY
81.0,IND,2016,2016-12-01,2016-12-31,12.0,31.0,0.0846994535519125,0.6716546528435174,0.7186704785425637,0.6716546528435174,0.7186704785425637,observed_quote_tax_basis_assumed,0.0,0.0,0.0,0.0,0.0,0.0,none,0.8,1.0,,IND,calendar_days_fixed,A_POLICY_COVER;A_EU_MIX;A_EU_FLOOR;A_FX;A_POLICY_UNKNOWN;A_TARIFF_FILL;A_PRICE_TAX;PV_AD_OFFSET_BOUND;POLICY_FIRM_YEAR_UNKNOWN,main,LOCAL_EXPORT_AHS,2016.0,UPDATED_CHINA_ORDINARY
82.0,IND,2017,2017-01-01,2017-01-31,1.0,31.0,0.084931506849315,0.65131797346,0.6978406858499999,0.65131797346,0.6978406858499999,observed_quote_tax_basis_assumed,0.0,0.0,0.0,0.0,0.0,0.0,none,0.8,1.0,,IND,calendar_days_fixed,A_POLICY_COVER;A_EU_MIX;A_EU_FLOOR;A_FX;A_POLICY_UNKNOWN;A_TARIFF_FILL;A_PRICE_TAX;PV_AD_OFFSET_BOUND;POLICY_FIRM_YEAR_UNKNOWN,main,LOCAL_EXPORT_AHS,2017.0,UPDATED_CHINA_ORDINARY
82.0,IND,2017,2017-02-01,2017-02-28,2.0,28.0,0.0767123287671232,0.653336242055,0.680003027445,0.653336242055,0.680003027445,observed_quote_tax_basis_assumed,0.0,0.0,0.0,0.0,0.0,0.0,none,0.8,1.0,,IND,calendar_days_fixed,A_POLICY_COVER;A_EU_MIX;A_EU_FLOOR;A_FX;A_POLICY_UNKNOWN;A_TARIFF_FILL;A_PRICE_TAX;PV_AD_OFFSET_BOUND;POLICY_FIRM_YEAR_UNKNOWN,main,LOCAL_EXPORT_AHS,2017.0,UPDATED_CHINA_ORDINARY
82.0,IND,2017,2017-03-01,2017-03-31,3.0,31.0,0.084931506849315,0.6288995552,0.66904208,0.6288995552,0.66904208,observed_quote_tax_basis_assumed,0.0,0.0,0.0,0.0,0.0,0.0,none,0.8,1.0,,IND,calendar_days_fixed,A_POLICY_COVER;A_EU_MIX;A_EU_FLOOR;A_FX;A_POLICY_UNKNOWN;A_TARIFF_FILL;A_PRICE_TAX;PV_AD_OFFSET_BOUND;POLICY_FIRM_YEAR_UNKNOWN,main,LOCAL_EXPORT_AHS,2017.0,UPDATED_CHINA_ORDINARY
82.0,IND,2017,2017-04-01,2017-04-30,4.0,30.0,0.0821917808219178,0.6161349233900001,0.6630147545175,0.6161349233900001,0.6630147545175,observed_quote_tax_basis_assumed,0.0,0.0,0.0,0.0,0.0,0.0,none,0.8,1.0,,IND,calendar_days_fixed,A_POLICY_COVER;A_EU_MIX;A_EU_FLOOR;A_FX;A_POLICY_UNKNOWN;A_TARIFF_FILL;A_PRICE_TAX;PV_AD_OFFSET_BOUND;POLICY_FIRM_YEAR_UNKNOWN,main,LOCAL_EXPORT_AHS,2017.0,UPDATED_CHINA_ORDINARY
82.0,IND,2017,2017-05-01,2017-05-31,5.0,31.0,0.084931506849315,0.6360321647399999,0.67751252331,0.6360321647399999,0.67751252331,observed_quote_tax_basis_assumed,0.0,0.0,0.0,0.0,0.0,0.0,none,0.8,1.0,,IND,calendar_days_fixed,A_POLICY_COVER;A_EU_MIX;A_EU_FLOOR;A_FX;A_POLICY_UNKNOWN;A_TARIFF_FILL;A_PRICE_TAX;PV_AD_OFFSET_BOUND;POLICY_FIRM_YEAR_UNKNOWN,main,LOCAL_EXPORT_AHS,2017.0,UPDATED_CHINA_ORDINARY
82.0,IND,2017,2017-06-01,2017-06-30,6.0,30.0,0.0821917808219178,0.6834862197535653,0.7587457241032978,,,index_bridge,0.0,0.0,0.0,0.0,0.0,0.0,none,0.8,1.0,,IND,calendar_days_fixed,A_POLICY_COVER;A_EU_MIX;A_EU_FLOOR;A_FX;A_POLICY_UNKNOWN;A_TARIFF_FILL;A_PRICE_TAX;PV_AD_OFFSET_BOUND;POLICY_FIRM_YEAR_UNKNOWN,main,LOCAL_EXPORT_AHS,2017.0,UPDATED_CHINA_ORDINARY
82.0,IND,2017,2017-07-01,2017-07-31,7.0,31.0,0.084931506849315,0.7190854065307387,0.7982647809154071,,,index_bridge,0.0,0.0,0.0,0.0,0.0,0.0,none,0.8,1.0,,IND,calendar_days_fixed,A_POLICY_COVER;A_EU_MIX;A_EU_FLOOR;A_FX;A_POLICY_UNKNOWN;A_TARIFF_FILL;A_PRICE_TAX;PV_AD_OFFSET_BOUND;POLICY_FIRM_YEAR_UNKNOWN,main,LOCAL_EXPORT_AHS,2017.0,UPDATED_CHINA_ORDINARY
82.0,IND,2017,2017-08-01,2017-08-31,8.0,31.0,0.084931506849315,0.7376777050824325,0.8189043002204721,,,index_bridge,0.0,0.0,0.0,0.0,0.0,0.0,none,0.8,1.0,,IND,calendar_days_fixed,A_POLICY_COVER;A_EU_MIX;A_EU_FLOOR;A_FX;A_POLICY_UNKNOWN;A_TARIFF_FILL;A_PRICE_TAX;PV_AD_OFFSET_BOUND;POLICY_FIRM_YEAR_UNKNOWN,main,LOCAL_EXPORT_AHS,2017.0,UPDATED_CHINA_ORDINARY
82.0,IND,2017,2017-09-01,2017-09-30,9.0,30.0,0.0821917808219178,0.7443664359352588,0.8263295354155424,,,index_bridge,0.0,0.0,0.0,0.0,0.0,0.0,none,0.8,1.0,,IND,calendar_days_fixed,A_POLICY_COVER;A_EU_MIX;A_EU_FLOOR;A_FX;A_POLICY_UNKNOWN;A_TARIFF_FILL;A_PRICE_TAX;PV_AD_OFFSET_BOUND;POLICY_FIRM_YEAR_UNKNOWN,main,LOCAL_EXPORT_AHS,2017.0,UPDATED_CHINA_ORDINARY
82.0,IND,2017,2017-10-01,2017-10-31,10.0,31.0,0.084931506849315,0.7152718333710166,0.7940312905466657,,,index_bridge,0.0,0.0,0.0,0.0,0.0,0.0,none,0.8,1.0,,IND,calendar_days_fixed,A_POLICY_COVER;A_EU_MIX;A_EU_FLOOR;A_FX;A_POLICY_UNKNOWN;A_TARIFF_FILL;A_PRICE_TAX;PV_AD_OFFSET_BOUND;POLICY_FIRM_YEAR_UNKNOWN,main,LOCAL_EXPORT_AHS,2017.0,UPDATED_CHINA_ORDINARY
82.0,IND,2017,2017-11-01,2017-11-30,11.0,30.0,0.0821917808219178,0.6803818599439665,0.7552995394348484,,,index_bridge,0.0,0.0,0.0,0.0,0.0,0.0,none,0.8,1.0,,IND,calendar_days_fixed,A_POLICY_COVER;A_EU_MIX;A_EU_FLOOR;A_FX;A_POLICY_UNKNOWN;A_TARIFF_FILL;A_PRICE_TAX;PV_AD_OFFSET_BOUND;POLICY_FIRM_YEAR_UNKNOWN,main,LOCAL_EXPORT_AHS,2017.0,UPDATED_CHINA_ORDINARY
82.0,IND,2017,2017-12-01,2017-12-31,12.0,31.0,0.084931506849315,0.6512233829889086,0.722930386887791,,,index_bridge,0.0,0.0,0.0,0.0,0.0,0.0,none,0.8,1.0,,IND,calendar_days_fixed,A_POLICY_COVER;A_EU_MIX;A_EU_FLOOR;A_FX;A_POLICY_UNKNOWN;A_TARIFF_FILL;A_PRICE_TAX;PV_AD_OFFSET_BOUND;POLICY_FIRM_YEAR_UNKNOWN,main,LOCAL_EXPORT_AHS,2017.0,UPDATED_CHINA_ORDINARY
83.0,IND,2018,2018-01-01,2018-01-31,1.0,31.0,0.084931506849315,0.655027440164083,0.7271533134552772,,,index_bridge,0.0,0.0,0.0,0.0,0.0,0.0,none,0.8,1.0,,IND,calendar_days_fixed,A_POLICY_COVER;A_EU_MIX;A_EU_FLOOR;A_FX;A_POLICY_UNKNOWN;A_TARIFF_FILL;A_PRICE_TAX;PV_AD_OFFSET_BOUND;POLICY_FIRM_YEAR_UNKNOWN,main,LOCAL_EXPORT_AHS,2018.0,UPDATED_CHINA_ORDINARY
83.0,IND,2018,2018-02-01,2018-02-28,2.0,28.0,0.0767123287671232,0.6647304348272245,0.7379247167387408,,,index_bridge,0.0,0.0,0.0,0.0,0.0,0.0,none,0.8,1.0,,IND,calendar_days_fixed,A_POLICY_COVER;A_EU_MIX;A_EU_FLOOR;A_FX;A_POLICY_UNKNOWN;A_TARIFF_FILL;A_PRICE_TAX;PV_AD_OFFSET_BOUND;POLICY_FIRM_YEAR_UNKNOWN,main,LOCAL_EXPORT_AHS,2018.0,UPDATED_CHINA_ORDINARY
83.0,IND,2018,2018-03-01,2018-03-31,3.0,31.0,0.084931506849315,0.6450430138824986,0.7160694897733482,,,index_bridge,0.0,0.0,0.0,0.0,0.0,0.0,none,0.8,1.0,,IND,calendar_days_fixed,A_POLICY_COVER;A_EU_MIX;A_EU_FLOOR;A_FX;A_POLICY_UNKNOWN;A_TARIFF_FILL;A_PRICE_TAX;PV_AD_OFFSET_BOUND;POLICY_FIRM_YEAR_UNKNOWN,main,LOCAL_EXPORT_AHS,2018.0,UPDATED_CHINA_ORDINARY
83.0,IND,2018,2018-04-01,2018-04-30,4.0,30.0,0.0821917808219178,0.6248356131344818,0.6936370273919885,,,index_bridge,0.0,0.0,0.0,0.0,0.0,0.0,none,0.8,1.0,,IND,calendar_days_fixed,A_POLICY_COVER;A_EU_MIX;A_EU_FLOOR;A_FX;A_POLICY_UNKNOWN;A_TARIFF_FILL;A_PRICE_TAX;PV_AD_OFFSET_BOUND;POLICY_FIRM_YEAR_UNKNOWN,main,LOCAL_EXPORT_AHS,2018.0,UPDATED_CHINA_ORDINARY
83.0,IND,2018,2018-05-01,2018-05-31,5.0,31.0,0.084931506849315,0.5850384784497941,0.6494577814893321,,,index_bridge,0.0,0.0,0.0,0.0,0.0,0.0,none,0.8,1.0,,IND,calendar_days_fixed,A_POLICY_COVER;A_EU_MIX;A_EU_FLOOR;A_FX;A_POLICY_UNKNOWN;A_TARIFF_FILL;A_PRICE_TAX;PV_AD_OFFSET_BOUND;POLICY_FIRM_YEAR_UNKNOWN,main,LOCAL_EXPORT_AHS,2018.0,UPDATED_CHINA_ORDINARY
83.0,IND,2018,2018-06-01,2018-06-30,6.0,30.0,0.0821917808219178,0.5600553168749636,0.6217236934102497,,,index_bridge,0.0,0.0,0.0,0.0,0.0,0.0,none,0.8,1.0,,IND,calendar_days_fixed,A_POLICY_COVER;A_EU_MIX;A_EU_FLOOR;A_FX;A_POLICY_UNKNOWN;A_TARIFF_FILL;A_PRICE_TAX;PV_AD_OFFSET_BOUND;POLICY_FIRM_YEAR_UNKNOWN,main,LOCAL_EXPORT_AHS,2018.0,UPDATED_CHINA_ORDINARY
83.0,IND,2018,2018-07-01,2018-07-29,7.0,29.0,0.0794520547945205,0.5436607621600794,0.6035239142062432,,,index_bridge,0.0,0.0,0.0,0.0,0.0,0.0,none,0.8,1.0,,IND,calendar_days_fixed,A_POLICY_COVER;A_EU_MIX;A_EU_FLOOR;A_FX;A_POLICY_UNKNOWN;A_TARIFF_FILL;A_PRICE_TAX;PV_AD_OFFSET_BOUND;POLICY_FIRM_YEAR_UNKNOWN,main,LOCAL_EXPORT_AHS,2018.0,UPDATED_CHINA_ORDINARY
83.0,IND,2018,2018-07-30,2018-07-31,7.0,2.0,0.0054794520547945,0.5436607621600794,0.6035239142062432,,,index_bridge,0.0,0.0,0.25,0.0,0.0,0.0,none,0.8,1.0,IND_SG,IND,calendar_days_fixed,A_POLICY_COVER;A_EU_MIX;A_EU_FLOOR;A_FX;A_POLICY_UNKNOWN;A_TARIFF_FILL;A_PRICE_TAX;PV_AD_OFFSET_BOUND;POLICY_FIRM_YEAR_UNKNOWN,main,LOCAL_EXPORT_AHS,2018.0,UPDATED_CHINA_ORDINARY
83.0,IND,2018,2018-08-01,2018-08-31,8.0,31.0,0.084931506849315,0.5200018991617037,0.577259944841015,,,index_bridge,0.0,0.0,0.25,0.0,0.0,0.0,none,0.8,1.0,IND_SG,IND,calendar_days_fixed,A_POLICY_COVER;A_EU_MIX;A_EU_FLOOR;A_FX;A_POLICY_UNKNOWN;A_TARIFF_FILL;A_PRICE_TAX;PV_AD_OFFSET_BOUND;POLICY_FIRM_YEAR_UNKNOWN,main,LOCAL_EXPORT_AHS,2018.0,UPDATED_CHINA_ORDINARY
83.0,IND,2018,2018-09-01,2018-09-30,9.0,30.0,0.0821917808219178,0.491111693367402,0.54518860312063,,,index_bridge,0.0,0.0,0.25,0.0,0.0,0.0,none,0.8,1.0,IND_SG,IND,calendar_days_fixed,A_POLICY_COVER;A_EU_MIX;A_EU_FLOOR;A_FX;A_POLICY_UNKNOWN;A_TARIFF_FILL;A_PRICE_TAX;PV_AD_OFFSET_BOUND;POLICY_FIRM_YEAR_UNKNOWN,main,LOCAL_EXPORT_AHS,2018.0,UPDATED_CHINA_ORDINARY
83.0,IND,2018,2018-10-01,2018-10-31,10.0,31.0,0.084931506849315,0.4860318235809892,0.5395493826534903,,,index_bridge,0.0,0.0,0.25,0.0,0.0,0.0,none,0.8,1.0,IND_SG,IND,calendar_days_fixed,A_POLICY_COVER;A_EU_MIX;A_EU_FLOOR;A_FX;A_POLICY_UNKNOWN;A_TARIFF_FILL;A_PRICE_TAX;PV_AD_OFFSET_BOUND;POLICY_FIRM_YEAR_UNKNOWN,main,LOCAL_EXPORT_AHS,2018.0,UPDATED_CHINA_ORDINARY
83.0,IND,2018,2018-11-01,2018-11-30,11.0,30.0,0.0821917808219178,0.4461069108009444,0.4952282888529768,,,index_bridge,0.0,0.0,0.25,0.0,0.0,0.0,none,0.8,1.0,IND_SG,IND,calendar_days_fixed,A_POLICY_COVER;A_EU_MIX;A_EU_FLOOR;A_FX;A_POLICY_UNKNOWN;A_TARIFF_FILL;A_PRICE_TAX;PV_AD_OFFSET_BOUND;POLICY_FIRM_YEAR_UNKNOWN,main,LOCAL_EXPORT_AHS,2018.0,UPDATED_CHINA_ORDINARY
83.0,IND,2018,2018-12-01,2018-12-31,12.0,31.0,0.084931506849315,0.445321925914791,0.4943568683200664,,,index_bridge,0.0,0.0,0.25,0.0,0.0,0.0,none,0.8,1.0,IND_SG,IND,calendar_days_fixed,A_POLICY_COVER;A_EU_MIX;A_EU_FLOOR;A_FX;A_POLICY_UNKNOWN;A_TARIFF_FILL;A_PRICE_TAX;PV_AD_OFFSET_BOUND;POLICY_FIRM_YEAR_UNKNOWN,main,LOCAL_EXPORT_AHS,2018.0,UPDATED_CHINA_ORDINARY
84.0,IND,2019,2019-01-01,2019-01-31,1.0,31.0,0.084931506849315,0.4407953936392269,0.4893319140344654,,,index_bridge,0.0,0.0,0.25,0.0,0.0,0.0,none,0.8,1.0,IND_SG,IND,calendar_days_fixed,A_POLICY_COVER;A_EU_MIX;A_EU_FLOOR;A_FX;A_POLICY_UNKNOWN;A_TARIFF_FILL;A_PRICE_TAX;PV_AD_OFFSET_BOUND;POLICY_FIRM_YEAR_UNKNOWN,main,LOCAL_EXPORT_AHS,2019.0,UPDATED_CHINA_ORDINARY
84.0,IND,2019,2019-02-01,2019-02-28,2.0,28.0,0.0767123287671232,0.4220528087387762,0.4685255601668083,,,index_bridge,0.0,0.0,0.25,0.0,0.0,0.0,none,0.8,1.0,IND_SG,IND,calendar_days_fixed,A_POLICY_COVER;A_EU_MIX;A_EU_FLOOR;A_FX;A_POLICY_UNKNOWN;A_TARIFF_FILL;A_PRICE_TAX;PV_AD_OFFSET_BOUND;POLICY_FIRM_YEAR_UNKNOWN,main,LOCAL_EXPORT_AHS,2019.0,UPDATED_CHINA_ORDINARY
84.0,IND,2019,2019-03-01,2019-03-31,3.0,31.0,0.084931506849315,0.43639361763407,0.4844454530849272,,,index_bridge,0.0,0.0,0.25,0.0,0.0,0.0,none,0.8,1.0,IND_SG,IND,calendar_days_fixed,A_POLICY_COVER;A_EU_MIX;A_EU_FLOOR;A_FX;A_POLICY_UNKNOWN;A_TARIFF_FILL;A_PRICE_TAX;PV_AD_OFFSET_BOUND;POLICY_FIRM_YEAR_UNKNOWN,main,LOCAL_EXPORT_AHS,2019.0,UPDATED_CHINA_ORDINARY
84.0,IND,2019,2019-04-01,2019-04-30,4.0,30.0,0.0821917808219178,0.4178512434680968,0.4638613554008097,,,index_bridge,0.0,0.0,0.25,0.0,0.0,0.0,none,0.8,1.0,IND_SG,IND,calendar_days_fixed,A_POLICY_COVER;A_EU_MIX;A_EU_FLOOR;A_FX;A_POLICY_UNKNOWN;A_TARIFF_FILL;A_PRICE_TAX;PV_AD_OFFSET_BOUND;POLICY_FIRM_YEAR_UNKNOWN,main,LOCAL_EXPORT_AHS,2019.0,UPDATED_CHINA_ORDINARY
84.0,IND,2019,2019-05-01,2019-05-31,5.0,31.0,0.084931506849315,0.4318373933480303,0.4793875373652296,,,index_bridge,0.0,0.0,0.25,0.0,0.0,0.0,none,0.8,1.0,IND_SG,IND,calendar_days_fixed,A_POLICY_COVER;A_EU_MIX;A_EU_FLOOR;A_FX;A_POLICY_UNKNOWN;A_TARIFF_FILL;A_PRICE_TAX;PV_AD_OFFSET_BOUND;POLICY_FIRM_YEAR_UNKNOWN,main,LOCAL_EXPORT_AHS,2019.0,UPDATED_CHINA_ORDINARY
84.0,IND,2019,2019-06-01,2019-06-30,6.0,30.0,0.0821917808219178,0.4198962531131177,0.4661315435612515,,,index_bridge,0.0,0.0,0.25,0.0,0.0,0.0,none,0.8,1.0,IND_SG,IND,calendar_days_fixed,A_POLICY_COVER;A_EU_MIX;A_EU_FLOOR;A_FX;A_POLICY_UNKNOWN;A_TARIFF_FILL;A_PRICE_TAX;PV_AD_OFFSET_BOUND;POLICY_FIRM_YEAR_UNKNOWN,main,LOCAL_EXPORT_AHS,2019.0,UPDATED_CHINA_ORDINARY
84.0,IND,2019,2019-07-01,2019-07-29,7.0,29.0,0.0794520547945205,0.4331502037355332,0.4808449029115831,,,index_bridge,0.0,0.0,0.25,0.0,0.0,0.0,none,0.8,1.0,IND_SG,IND,calendar_days_fixed,A_POLICY_COVER;A_EU_MIX;A_EU_FLOOR;A_FX;A_POLICY_UNKNOWN;A_TARIFF_FILL;A_PRICE_TAX;PV_AD_OFFSET_BOUND;POLICY_FIRM_YEAR_UNKNOWN,main,LOCAL_EXPORT_AHS,2019.0,UPDATED_CHINA_ORDINARY
84.0,IND,2019,2019-07-30,2019-07-31,7.0,2.0,0.0054794520547945,0.4331502037355332,0.4808449029115831,,,index_bridge,0.0,0.0,0.2,0.0,0.0,0.0,none,0.8,1.0,IND_SG,IND,calendar_days_fixed,A_POLICY_COVER;A_EU_MIX;A_EU_FLOOR;A_FX;A_POLICY_UNKNOWN;A_TARIFF_FILL;A_PRICE_TAX;PV_AD_OFFSET_BOUND;POLICY_FIRM_YEAR_UNKNOWN,main,LOCAL_EXPORT_AHS,2019.0,UPDATED_CHINA_ORDINARY
84.0,IND,2019,2019-08-01,2019-08-31,8.0,31.0,0.084931506849315,0.4136868601909633,0.459238426783183,,,index_bridge,0.0,0.0,0.2,0.0,0.0,0.0,none,0.8,1.0,IND_SG,IND,calendar_days_fixed,A_POLICY_COVER;A_EU_MIX;A_EU_FLOOR;A_FX;A_POLICY_UNKNOWN;A_TARIFF_FILL;A_PRICE_TAX;PV_AD_OFFSET_BOUND;POLICY_FIRM_YEAR_UNKNOWN,main,LOCAL_EXPORT_AHS,2019.0,UPDATED_CHINA_ORDINARY
84.0,IND,2019,2019-09-01,2019-09-30,9.0,30.0,0.0821917808219178,0.3933783413315631,0.4366937120514113,,,index_bridge,0.0,0.0,0.2,0.0,0.0,0.0,none,0.8,1.0,IND_SG,IND,calendar_days_fixed,A_POLICY_COVER;A_EU_MIX;A_EU_FLOOR;A_FX;A_POLICY_UNKNOWN;A_TARIFF_FILL;A_PRICE_TAX;PV_AD_OFFSET_BOUND;POLICY_FIRM_YEAR_UNKNOWN,main,LOCAL_EXPORT_AHS,2019.0,UPDATED_CHINA_ORDINARY
84.0,IND,2019,2019-10-01,2019-10-31,10.0,31.0,0.084931506849315,0.3951301852582417,0.438638453657384,,,index_bridge,0.0,0.0,0.2,0.0,0.0,0.0,none,0.8,1.0,IND_SG,IND,calendar_days_fixed,A_POLICY_COVER;A_EU_MIX;A_EU_FLOOR;A_FX;A_POLICY_UNKNOWN;A_TARIFF_FILL;A_PRICE_TAX;PV_AD_OFFSET_BOUND;POLICY_FIRM_YEAR_UNKNOWN,main,LOCAL_EXPORT_AHS,2019.0,UPDATED_CHINA_ORDINARY
84.0,IND,2019,2019-11-01,2019-11-30,11.0,30.0,0.0821917808219178,0.3950586814244998,0.438559076448977,,,index_bridge,0.0,0.0,0.2,0.0,0.0,0.0,none,0.8,1.0,IND_SG,IND,calendar_days_fixed,A_POLICY_COVER;A_EU_MIX;A_EU_FLOOR;A_FX;A_POLICY_UNKNOWN;A_TARIFF_FILL;A_PRICE_TAX;PV_AD_OFFSET_BOUND;POLICY_FIRM_YEAR_UNKNOWN,main,LOCAL_EXPORT_AHS,2019.0,UPDATED_CHINA_ORDINARY
84.0,IND,2019,2019-12-01,2019-12-31,12.0,31.0,0.084931506849315,0.3814186100998776,0.4234170801732473,,,index_bridge,0.0,0.0,0.2,0.0,0.0,0.0,none,0.8,1.0,IND_SG,IND,calendar_days_fixed,A_POLICY_COVER;A_EU_MIX;A_EU_FLOOR;A_FX;A_POLICY_UNKNOWN;A_TARIFF_FILL;A_PRICE_TAX;PV_AD_OFFSET_BOUND;POLICY_FIRM_YEAR_UNKNOWN,main,LOCAL_EXPORT_AHS,2019.0,UPDATED_CHINA_ORDINARY
85.0,IND,2020,2020-01-01,2020-01-29,1.0,29.0,0.0792349726775956,0.3916536227402709,0.4347790825847101,,,index_bridge,0.0,0.0,0.2,0.0,0.0,0.0,none,0.8,1.0,IND_SG,IND,calendar_days_fixed,A_POLICY_COVER;A_EU_MIX;A_EU_FLOOR;A_FX;A_POLICY_UNKNOWN;A_TARIFF_FILL;A_PRICE_TAX;PV_AD_OFFSET_BOUND;POLICY_FIRM_YEAR_UNKNOWN,main,LOCAL_EXPORT_AHS,2020.0,UPDATED_CHINA_ORDINARY
85.0,IND,2020,2020-01-30,2020-01-31,1.0,2.0,0.0054644808743169,0.3916536227402709,0.4347790825847101,,,index_bridge,0.0,0.0,0.15,0.0,0.0,0.0,none,0.8,1.0,IND_SG,IND,calendar_days_fixed,A_POLICY_COVER;A_EU_MIX;A_EU_FLOOR;A_FX;A_POLICY_UNKNOWN;A_TARIFF_FILL;A_PRICE_TAX;PV_AD_OFFSET_BOUND;POLICY_FIRM_YEAR_UNKNOWN,main,LOCAL_EXPORT_AHS,2020.0,UPDATED_CHINA_ORDINARY
85.0,IND,2020,2020-02-01,2020-02-29,2.0,29.0,0.0792349726775956,0.4001511722342303,0.444212307655762,,,index_bridge,0.0,0.0,0.15,0.0,0.0,0.0,none,0.8,1.0,IND_SG,IND,calendar_days_fixed,A_POLICY_COVER;A_EU_MIX;A_EU_FLOOR;A_FX;A_POLICY_UNKNOWN;A_TARIFF_FILL;A_PRICE_TAX;PV_AD_OFFSET_BOUND;POLICY_FIRM_YEAR_UNKNOWN,main,LOCAL_EXPORT_AHS,2020.0,UPDATED_CHINA_ORDINARY
85.0,IND,2020,2020-03-01,2020-03-31,3.0,31.0,0.0846994535519125,0.4059639138384141,0.4506650973536757,,,index_bridge,0.0,0.0,0.15,0.0,0.0,0.0,none,0.8,1.0,IND_SG,IND,calendar_days_fixed,A_POLICY_COVER;A_EU_MIX;A_EU_FLOOR;A_FX;A_POLICY_UNKNOWN;A_TARIFF_FILL;A_PRICE_TAX;PV_AD_OFFSET_BOUND;POLICY_FIRM_YEAR_UNKNOWN,main,LOCAL_EXPORT_AHS,2020.0,UPDATED_CHINA_ORDINARY
85.0,IND,2020,2020-04-01,2020-04-30,4.0,30.0,0.081967213114754,0.398569648573222,0.4424566404884109,,,index_bridge,0.0,0.0,0.15,0.0,0.0,0.0,none,0.8,1.0,IND_SG,IND,calendar_days_fixed,A_POLICY_COVER;A_EU_MIX;A_EU_FLOOR;A_FX;A_POLICY_UNKNOWN;A_TARIFF_FILL;A_PRICE_TAX;PV_AD_OFFSET_BOUND;POLICY_FIRM_YEAR_UNKNOWN,main,LOCAL_EXPORT_AHS,2020.0,UPDATED_CHINA_ORDINARY
85.0,IND,2020,2020-05-01,2020-05-31,5.0,31.0,0.0846994535519125,0.3846496011905039,0.4270038396480944,,,index_bridge,0.0,0.0,0.15,0.0,0.0,0.0,none,0.8,1.0,IND_SG,IND,calendar_days_fixed,A_POLICY_COVER;A_EU_MIX;A_EU_FLOOR;A_FX;A_POLICY_UNKNOWN;A_TARIFF_FILL;A_PRICE_TAX;PV_AD_OFFSET_BOUND;POLICY_FIRM_YEAR_UNKNOWN,main,LOCAL_EXPORT_AHS,2020.0,UPDATED_CHINA_ORDINARY
85.0,IND,2020,2020-06-01,2020-06-30,6.0,30.0,0.081967213114754,0.3812115019799509,0.4231871671247031,,,index_bridge,0.0,0.0,0.15,0.0,0.0,0.0,none,0.8,1.0,IND_SG,IND,calendar_days_fixed,A_POLICY_COVER;A_EU_MIX;A_EU_FLOOR;A_FX;A_POLICY_UNKNOWN;A_TARIFF_FILL;A_PRICE_TAX;PV_AD_OFFSET_BOUND;POLICY_FIRM_YEAR_UNKNOWN,main,LOCAL_EXPORT_AHS,2020.0,UPDATED_CHINA_ORDINARY
85.0,IND,2020,2020-07-01,2020-07-29,7.0,29.0,0.0792349726775956,0.355926910091064,0.3951184578706863,,,index_bridge,0.0,0.0,0.15,0.0,0.0,0.0,none,0.8,1.0,IND_SG,IND,calendar_days_fixed,A_POLICY_COVER;A_EU_MIX;A_EU_FLOOR;A_FX;A_POLICY_UNKNOWN;A_TARIFF_FILL;A_PRICE_TAX;PV_AD_OFFSET_BOUND;POLICY_FIRM_YEAR_UNKNOWN,main,LOCAL_EXPORT_AHS,2020.0,UPDATED_CHINA_ORDINARY
85.0,IND,2020,2020-07-30,2020-07-31,7.0,2.0,0.0054644808743169,0.355926910091064,0.3951184578706863,,,index_bridge,0.0,0.0,0.149,0.0,0.0,0.0,none,0.8,1.0,IND_EXTENSION,IND,calendar_days_fixed,A_POLICY_COVER;A_EU_MIX;A_EU_FLOOR;A_FX;A_POLICY_UNKNOWN;A_TARIFF_FILL;A_PRICE_TAX;PV_AD_OFFSET_BOUND;POLICY_FIRM_YEAR_UNKNOWN,main,LOCAL_EXPORT_AHS,2020.0,UPDATED_CHINA_ORDINARY
85.0,IND,2020,2020-08-01,2020-08-31,8.0,31.0,0.0846994535519125,0.3505575765752396,0.3891579004685412,,,index_bridge,0.0,0.0,0.149,0.0,0.0,0.0,none,0.8,1.0,IND_EXTENSION,IND,calendar_days_fixed,A_POLICY_COVER;A_EU_MIX;A_EU_FLOOR;A_FX;A_POLICY_UNKNOWN;A_TARIFF_FILL;A_PRICE_TAX;PV_AD_OFFSET_BOUND;POLICY_FIRM_YEAR_UNKNOWN,main,LOCAL_EXPORT_AHS,2020.0,UPDATED_CHINA_ORDINARY
85.0,IND,2020,2020-09-01,2020-09-30,9.0,30.0,0.081967213114754,0.3494998073724115,0.3879836590039169,,,index_bridge,0.0,0.0,0.149,0.0,0.0,0.0,none,0.8,1.0,IND_EXTENSION,IND,calendar_days_fixed,A_POLICY_COVER;A_EU_MIX;A_EU_FLOOR;A_FX;A_POLICY_UNKNOWN;A_TARIFF_FILL;A_PRICE_TAX;PV_AD_OFFSET_BOUND;POLICY_FIRM_YEAR_UNKNOWN,main,LOCAL_EXPORT_AHS,2020.0,UPDATED_CHINA_ORDINARY
85.0,IND,2020,2020-10-01,2020-10-31,10.0,31.0,0.0846994535519125,0.3489891499511527,0.3874167724688798,,,index_bridge,0.0,0.0,0.149,0.0,0.0,0.0,none,0.8,1.0,IND_EXTENSION,IND,calendar_days_fixed,A_POLICY_COVER;A_EU_MIX;A_EU_FLOOR;A_FX;A_POLICY_UNKNOWN;A_TARIFF_FILL;A_PRICE_TAX;PV_AD_OFFSET_BOUND;POLICY_FIRM_YEAR_UNKNOWN,main,LOCAL_EXPORT_AHS,2020.0,UPDATED_CHINA_ORDINARY
85.0,IND,2020,2020-11-01,2020-11-30,11.0,30.0,0.081967213114754,0.3675550748048358,0.4080270140357605,,,index_bridge,0.0,0.0,0.149,0.0,0.0,0.0,none,0.8,1.0,IND_EXTENSION,IND,calendar_days_fixed,A_POLICY_COVER;A_EU_MIX;A_EU_FLOOR;A_FX;A_POLICY_UNKNOWN;A_TARIFF_FILL;A_PRICE_TAX;PV_AD_OFFSET_BOUND;POLICY_FIRM_YEAR_UNKNOWN,main,LOCAL_EXPORT_AHS,2020.0,UPDATED_CHINA_ORDINARY
85.0,IND,2020,2020-12-01,2020-12-31,12.0,31.0,0.0846994535519125,0.3778580677742381,0.4194644821734781,,,index_bridge,0.0,0.0,0.149,0.0,0.0,0.0,none,0.8,1.0,IND_EXTENSION,IND,calendar_days_fixed,A_POLICY_COVER;A_EU_MIX;A_EU_FLOOR;A_FX;A_POLICY_UNKNOWN;A_TARIFF_FILL;A_PRICE_TAX;PV_AD_OFFSET_BOUND;POLICY_FIRM_YEAR_UNKNOWN,main,LOCAL_EXPORT_AHS,2020.0,UPDATED_CHINA_ORDINARY
86.0,IND,2021,2021-01-01,2021-01-29,1.0,29.0,0.0794520547945205,0.3778178498205821,0.4194198357717119,,,index_bridge,0.0,0.0,0.149,0.0,0.0,0.0,none,0.8,1.0,IND_EXTENSION,IND,calendar_days_fixed,A_POLICY_COVER;A_EU_MIX;A_EU_FLOOR;A_FX;A_POLICY_UNKNOWN;A_TARIFF_FILL;A_PRICE_TAX;PV_AD_OFFSET_BOUND;POLICY_FIRM_YEAR_UNKNOWN,main,LOCAL_EXPORT_AHS,2021.0,UPDATED_CHINA_ORDINARY
86.0,IND,2021,2021-01-30,2021-01-31,1.0,2.0,0.0054794520547945,0.3778178498205821,0.4194198357717119,,,index_bridge,0.0,0.0,0.145,0.0,0.0,0.0,none,0.8,1.0,IND_EXTENSION,IND,calendar_days_fixed,A_POLICY_COVER;A_EU_MIX;A_EU_FLOOR;A_FX;A_POLICY_UNKNOWN;A_TARIFF_FILL;A_PRICE_TAX;PV_AD_OFFSET_BOUND;POLICY_FIRM_YEAR_UNKNOWN,main,LOCAL_EXPORT_AHS,2021.0,UPDATED_CHINA_ORDINARY
86.0,IND,2021,2021-02-01,2021-02-28,2.0,28.0,0.0767123287671232,0.3918816772586748,0.4350322484653094,,,index_bridge,0.0,0.0,0.145,0.0,0.0,0.0,none,0.8,1.0,IND_EXTENSION,IND,calendar_days_fixed,A_POLICY_COVER;A_EU_MIX;A_EU_FLOOR;A_FX;A_POLICY_UNKNOWN;A_TARIFF_FILL;A_PRICE_TAX;PV_AD_OFFSET_BOUND;POLICY_FIRM_YEAR_UNKNOWN,main,LOCAL_EXPORT_AHS,2021.0,UPDATED_CHINA_ORDINARY
86.0,IND,2021,2021-03-01,2021-03-31,3.0,31.0,0.084931506849315,0.3693816453757618,0.4100547105282556,,,index_bridge,0.0,0.0,0.145,0.0,0.0,0.0,none,0.8,1.0,IND_EXTENSION,IND,calendar_days_fixed,A_POLICY_COVER;A_EU_MIX;A_EU_FLOOR;A_FX;A_POLICY_UNKNOWN;A_TARIFF_FILL;A_PRICE_TAX;PV_AD_OFFSET_BOUND;POLICY_FIRM_YEAR_UNKNOWN,main,LOCAL_EXPORT_AHS,2021.0,UPDATED_CHINA_ORDINARY
86.0,IND,2021,2021-04-01,2021-04-30,4.0,30.0,0.0821917808219178,0.3880052095859815,0.4307289381917809,,,index_bridge,0.0,0.0,0.145,0.0,0.0,0.0,none,0.8,1.0,IND_EXTENSION,IND,calendar_days_fixed,A_POLICY_COVER;A_EU_MIX;A_EU_FLOOR;A_FX;A_POLICY_UNKNOWN;A_TARIFF_FILL;A_PRICE_TAX;PV_AD_OFFSET_BOUND;POLICY_FIRM_YEAR_UNKNOWN,main,LOCAL_EXPORT_AHS,2021.0,UPDATED_CHINA_ORDINARY
86.0,IND,2021,2021-05-01,2021-05-31,5.0,31.0,0.084931506849315,0.4098148227588359,0.4549400345694323,,,index_bridge,0.0,0.0,0.145,0.0,0.0,0.0,none,0.8,1.0,IND_EXTENSION,IND,calendar_days_fixed,A_POLICY_COVER;A_EU_MIX;A_EU_FLOOR;A_FX;A_POLICY_UNKNOWN;A_TARIFF_FILL;A_PRICE_TAX;PV_AD_OFFSET_BOUND;POLICY_FIRM_YEAR_UNKNOWN,main,LOCAL_EXPORT_AHS,2021.0,UPDATED_CHINA_ORDINARY
86.0,IND,2021,2021-06-01,2021-06-30,6.0,30.0,0.0821917808219178,0.406451067993495,0.4512058926491245,,,index_bridge,0.0,0.0,0.145,0.0,0.0,0.0,none,0.8,1.0,IND_EXTENSION,IND,calendar_days_fixed,A_POLICY_COVER;A_EU_MIX;A_EU_FLOOR;A_FX;A_POLICY_UNKNOWN;A_TARIFF_FILL;A_PRICE_TAX;PV_AD_OFFSET_BOUND;POLICY_FIRM_YEAR_UNKNOWN,main,LOCAL_EXPORT_AHS,2021.0,UPDATED_CHINA_ORDINARY
86.0,IND,2021,2021-07-01,2021-07-29,7.0,29.0,0.0794520547945205,0.3829348709572001,0.425100298369707,,,index_bridge,0.0,0.0,0.145,0.0,0.0,0.0,none,0.8,1.0,IND_EXTENSION,IND,calendar_days_fixed,A_POLICY_COVER;A_EU_MIX;A_EU_FLOOR;A_FX;A_POLICY_UNKNOWN;A_TARIFF_FILL;A_PRICE_TAX;PV_AD_OFFSET_BOUND;POLICY_FIRM_YEAR_UNKNOWN,main,LOCAL_EXPORT_AHS,2021.0,UPDATED_CHINA_ORDINARY
86.0,IND,2021,2021-07-30,2021-07-31,7.0,2.0,0.0054794520547945,0.3829348709572001,0.425100298369707,,,index_bridge,0.0,0.0,0.0,0.0,0.0,0.0,none,0.8,1.0,,IND,calendar_days_fixed,A_POLICY_COVER;A_EU_MIX;A_EU_FLOOR;A_FX;A_POLICY_UNKNOWN;A_TARIFF_FILL;A_PRICE_TAX;PV_AD_OFFSET_BOUND;POLICY_FIRM_YEAR_UNKNOWN,main,LOCAL_EXPORT_AHS,2021.0,UPDATED_CHINA_ORDINARY
86.0,IND,2021,2021-08-01,2021-08-31,8.0,31.0,0.084931506849315,0.3971972762622079,0.4409331545822355,,,index_bridge,0.0,0.0,0.0,0.0,0.0,0.0,none,0.8,1.0,,IND,calendar_days_fixed,A_POLICY_COVER;A_EU_MIX;A_EU_FLOOR;A_FX;A_POLICY_UNKNOWN;A_TARIFF_FILL;A_PRICE_TAX;PV_AD_OFFSET_BOUND;POLICY_FIRM_YEAR_UNKNOWN,main,LOCAL_EXPORT_AHS,2021.0,UPDATED_CHINA_ORDINARY
86.0,IND,2021,2021-09-01,2021-09-30,9.0,30.0,0.0821917808219178,0.3971397745173561,0.440869321249867,,,index_bridge,0.0,0.0,0.0,0.0,0.0,0.0,none,0.8,1.0,,IND,calendar_days_fixed,A_POLICY_COVER;A_EU_MIX;A_EU_FLOOR;A_FX;A_POLICY_UNKNOWN;A_TARIFF_FILL;A_PRICE_TAX;PV_AD_OFFSET_BOUND;POLICY_FIRM_YEAR_UNKNOWN,main,LOCAL_EXPORT_AHS,2021.0,UPDATED_CHINA_ORDINARY
86.0,IND,2021,2021-10-01,2021-10-31,10.0,31.0,0.084931506849315,0.4069765051028449,0.4517891862818011,,,index_bridge,0.0,0.0,0.0,0.0,0.0,0.0,none,0.8,1.0,,IND,calendar_days_fixed,A_POLICY_COVER;A_EU_MIX;A_EU_FLOOR;A_FX;A_POLICY_UNKNOWN;A_TARIFF_FILL;A_PRICE_TAX;PV_AD_OFFSET_BOUND;POLICY_FIRM_YEAR_UNKNOWN,main,LOCAL_EXPORT_AHS,2021.0,UPDATED_CHINA_ORDINARY
86.0,IND,2021,2021-11-01,2021-11-30,11.0,30.0,0.0821917808219178,0.4313515422681925,0.4788481886282343,,,index_bridge,0.0,0.0,0.0,0.0,0.0,0.0,none,0.8,1.0,,IND,calendar_days_fixed,A_POLICY_COVER;A_EU_MIX;A_EU_FLOOR;A_FX;A_POLICY_UNKNOWN;A_TARIFF_FILL;A_PRICE_TAX;PV_AD_OFFSET_BOUND;POLICY_FIRM_YEAR_UNKNOWN,main,LOCAL_EXPORT_AHS,2021.0,UPDATED_CHINA_ORDINARY
86.0,IND,2021,2021-12-01,2021-12-31,12.0,31.0,0.084931506849315,0.4271845666939666,0.4742223822725088,,,index_bridge,0.0,0.0,0.0,0.0,0.0,0.0,none,0.8,1.0,,IND,calendar_days_fixed,A_POLICY_COVER;A_EU_MIX;A_EU_FLOOR;A_FX;A_POLICY_UNKNOWN;A_TARIFF_FILL;A_PRICE_TAX;PV_AD_OFFSET_BOUND;POLICY_FIRM_YEAR_UNKNOWN,main,LOCAL_EXPORT_AHS,2021.0,UPDATED_CHINA_ORDINARY
87.0,IND,2022,2022-01-01,2022-01-31,1.0,31.0,0.084931506849315,0.3991349470699152,0.4430841846945877,,,index_bridge,0.0,0.0,0.0,0.0,0.0,0.0,none,0.8,1.0,,IND,calendar_days_fixed,A_POLICY_COVER;A_EU_MIX;A_EU_FLOOR;A_FX;A_POLICY_UNKNOWN;A_TARIFF_FILL;A_PRICE_TAX;PV_AD_OFFSET_BOUND;POLICY_FIRM_YEAR_UNKNOWN,main,WITS_SAME_YEAR_MFN_FALLBACK,2022.0,BCD_REPLACEMENT_NO_DOUBLE_COUNT;EXISTING_EFFECTIVE_DATES;documented_policy
87.0,IND,2022,2022-02-01,2022-02-28,2.0,28.0,0.0767123287671232,0.4143917327643764,0.4600209137385274,,,index_bridge,0.0,0.0,0.0,0.0,0.0,0.0,none,0.8,1.0,,IND,calendar_days_fixed,A_POLICY_COVER;A_EU_MIX;A_EU_FLOOR;A_FX;A_POLICY_UNKNOWN;A_TARIFF_FILL;A_PRICE_TAX;PV_AD_OFFSET_BOUND;POLICY_FIRM_YEAR_UNKNOWN,main,WITS_SAME_YEAR_MFN_FALLBACK,2022.0,BCD_REPLACEMENT_NO_DOUBLE_COUNT;EXISTING_EFFECTIVE_DATES;documented_policy
87.0,IND,2022,2022-03-01,2022-03-31,3.0,31.0,0.084931506849315,0.4161543193617464,0.4619775809038119,,,index_bridge,0.0,0.0,0.0,0.0,0.0,0.0,none,0.8,1.0,,IND,calendar_days_fixed,A_POLICY_COVER;A_EU_MIX;A_EU_FLOOR;A_FX;A_POLICY_UNKNOWN;A_TARIFF_FILL;A_PRICE_TAX;PV_AD_OFFSET_BOUND;POLICY_FIRM_YEAR_UNKNOWN,main,WITS_SAME_YEAR_MFN_FALLBACK,2022.0,BCD_REPLACEMENT_NO_DOUBLE_COUNT;EXISTING_EFFECTIVE_DATES;documented_policy
87.0,IND,2022,2022-04-01,2022-04-30,4.0,30.0,0.0821917808219178,0.422537756083487,0.4690639056572956,,,index_bridge,0.0,0.0,0.4,0.0,0.0,0.0,none,0.8,1.0,IND_BCD,IND,calendar_days_fixed,A_POLICY_COVER;A_EU_MIX;A_EU_FLOOR;A_FX;A_POLICY_UNKNOWN;A_TARIFF_FILL;A_PRICE_TAX;PV_AD_OFFSET_BOUND;POLICY_FIRM_YEAR_UNKNOWN,main,WITS_SAME_YEAR_MFN_FALLBACK,2022.0,BCD_REPLACEMENT_NO_DOUBLE_COUNT;EXISTING_EFFECTIVE_DATES;documented_policy
87.0,IND,2022,2022-05-01,2022-05-31,5.0,31.0,0.084931506849315,0.4264826219335463,0.4734431455152299,,,index_bridge,0.0,0.0,0.4,0.0,0.0,0.0,none,0.8,1.0,IND_BCD,IND,calendar_days_fixed,A_POLICY_COVER;A_EU_MIX;A_EU_FLOOR;A_FX;A_POLICY_UNKNOWN;A_TARIFF_FILL;A_PRICE_TAX;PV_AD_OFFSET_BOUND;POLICY_FIRM_YEAR_UNKNOWN,main,WITS_SAME_YEAR_MFN_FALLBACK,2022.0,BCD_REPLACEMENT_NO_DOUBLE_COUNT;EXISTING_EFFECTIVE_DATES;documented_policy
87.0,IND,2022,2022-06-01,2022-06-30,6.0,30.0,0.0821917808219178,0.4392829464090298,0.4876529293882825,,,index_bridge,0.0,0.0,0.4,0.0,0.0,0.0,none,0.8,1.0,IND_BCD,IND,calendar_days_fixed,A_POLICY_COVER;A_EU_MIX;A_EU_FLOOR;A_FX;A_POLICY_UNKNOWN;A_TARIFF_FILL;A_PRICE_TAX;PV_AD_OFFSET_BOUND;POLICY_FIRM_YEAR_UNKNOWN,main,WITS_SAME_YEAR_MFN_FALLBACK,2022.0,BCD_REPLACEMENT_NO_DOUBLE_COUNT;EXISTING_EFFECTIVE_DATES;documented_policy
87.0,IND,2022,2022-07-01,2022-07-31,7.0,31.0,0.084931506849315,0.436020831471694,0.4840316189818643,,,index_bridge,0.0,0.0,0.4,0.0,0.0,0.0,none,0.8,1.0,IND_BCD,IND,calendar_days_fixed,A_POLICY_COVER;A_EU_MIX;A_EU_FLOOR;A_FX;A_POLICY_UNKNOWN;A_TARIFF_FILL;A_PRICE_TAX;PV_AD_OFFSET_BOUND;POLICY_FIRM_YEAR_UNKNOWN,main,WITS_SAME_YEAR_MFN_FALLBACK,2022.0,BCD_REPLACEMENT_NO_DOUBLE_COUNT;EXISTING_EFFECTIVE_DATES;documented_policy
87.0,IND,2022,2022-08-01,2022-08-31,8.0,31.0,0.084931506849315,0.433858912989129,0.481631649008662,,,index_bridge,0.0,0.0,0.4,0.0,0.0,0.0,none,0.8,1.0,IND_BCD,IND,calendar_days_fixed,A_POLICY_COVER;A_EU_MIX;A_EU_FLOOR;A_FX;A_POLICY_UNKNOWN;A_TARIFF_FILL;A_PRICE_TAX;PV_AD_OFFSET_BOUND;POLICY_FIRM_YEAR_UNKNOWN,main,WITS_SAME_YEAR_MFN_FALLBACK,2022.0,BCD_REPLACEMENT_NO_DOUBLE_COUNT;EXISTING_EFFECTIVE_DATES;documented_policy
87.0,IND,2022,2022-09-01,2022-09-30,9.0,30.0,0.0821917808219178,0.4242352326810014,0.4709482934809358,,,index_bridge,0.0,0.0,0.4,0.0,0.0,0.0,none,0.8,1.0,IND_BCD,IND,calendar_days_fixed,A_POLICY_COVER;A_EU_MIX;A_EU_FLOOR;A_FX;A_POLICY_UNKNOWN;A_TARIFF_FILL;A_PRICE_TAX;PV_AD_OFFSET_BOUND;POLICY_FIRM_YEAR_UNKNOWN,main,WITS_SAME_YEAR_MFN_FALLBACK,2022.0,BCD_REPLACEMENT_NO_DOUBLE_COUNT;EXISTING_EFFECTIVE_DATES;documented_policy
87.0,IND,2022,2022-10-01,2022-10-31,10.0,31.0,0.084931506849315,0.4332688726984054,0.4809766386592263,,,index_bridge,0.0,0.0,0.4,0.0,0.0,0.0,none,0.8,1.0,IND_BCD,IND,calendar_days_fixed,A_POLICY_COVER;A_EU_MIX;A_EU_FLOOR;A_FX;A_POLICY_UNKNOWN;A_TARIFF_FILL;A_PRICE_TAX;PV_AD_OFFSET_BOUND;POLICY_FIRM_YEAR_UNKNOWN,main,WITS_SAME_YEAR_MFN_FALLBACK,2022.0,BCD_REPLACEMENT_NO_DOUBLE_COUNT;EXISTING_EFFECTIVE_DATES;documented_policy
87.0,IND,2022,2022-11-01,2022-11-30,11.0,30.0,0.0821917808219178,0.4369788628059536,0.4850951403191175,,,index_bridge,0.0,0.0,0.4,0.0,0.0,0.0,none,0.8,1.0,IND_BCD,IND,calendar_days_fixed,A_POLICY_COVER;A_EU_MIX;A_EU_FLOOR;A_FX;A_POLICY_UNKNOWN;A_TARIFF_FILL;A_PRICE_TAX;PV_AD_OFFSET_BOUND;POLICY_FIRM_YEAR_UNKNOWN,main,WITS_SAME_YEAR_MFN_FALLBACK,2022.0,BCD_REPLACEMENT_NO_DOUBLE_COUNT;EXISTING_EFFECTIVE_DATES;documented_policy
87.0,IND,2022,2022-12-01,2022-12-31,12.0,31.0,0.084931506849315,0.4135577084730845,0.4590950540115469,,,index_bridge,0.0,0.0,0.4,0.0,0.0,0.0,none,0.8,1.0,IND_BCD,IND,calendar_days_fixed,A_POLICY_COVER;A_EU_MIX;A_EU_FLOOR;A_FX;A_POLICY_UNKNOWN;A_TARIFF_FILL;A_PRICE_TAX;PV_AD_OFFSET_BOUND;POLICY_FIRM_YEAR_UNKNOWN,main,WITS_SAME_YEAR_MFN_FALLBACK,2022.0,BCD_REPLACEMENT_NO_DOUBLE_COUNT;EXISTING_EFFECTIVE_DATES;documented_policy
88.0,IND,2023,2023-01-01,2023-01-31,1.0,31.0,0.084931506849315,0.392886830455484,0.436148080311082,,,index_bridge,0.0,0.0,0.4,0.0,0.0,0.0,none,0.8,1.0,IND_BCD,IND,calendar_days_fixed,A_POLICY_COVER;A_EU_MIX;A_EU_FLOOR;A_FX;A_POLICY_UNKNOWN;A_TARIFF_FILL;A_PRICE_TAX;PV_AD_OFFSET_BOUND;POLICY_FIRM_YEAR_UNKNOWN,main,WITS_SAME_YEAR_MFN_FALLBACK,2023.0,BCD_REPLACEMENT_NO_DOUBLE_COUNT;EXISTING_EFFECTIVE_DATES;documented_policy
88.0,IND,2023,2023-02-01,2023-02-28,2.0,28.0,0.0767123287671232,0.3778897100733375,0.4194996086448663,,,index_bridge,0.0,0.0,0.4,0.0,0.0,0.0,none,0.8,1.0,IND_BCD,IND,calendar_days_fixed,A_POLICY_COVER;A_EU_MIX;A_EU_FLOOR;A_FX;A_POLICY_UNKNOWN;A_TARIFF_FILL;A_PRICE_TAX;PV_AD_OFFSET_BOUND;POLICY_FIRM_YEAR_UNKNOWN,main,WITS_SAME_YEAR_MFN_FALLBACK,2023.0,BCD_REPLACEMENT_NO_DOUBLE_COUNT;EXISTING_EFFECTIVE_DATES;documented_policy
88.0,IND,2023,2023-03-01,2023-03-31,3.0,31.0,0.084931506849315,0.3905821911129385,0.4335896743092943,,,index_bridge,0.0,0.0,0.4,0.0,0.0,0.0,none,0.8,1.0,IND_BCD,IND,calendar_days_fixed,A_POLICY_COVER;A_EU_MIX;A_EU_FLOOR;A_FX;A_POLICY_UNKNOWN;A_TARIFF_FILL;A_PRICE_TAX;PV_AD_OFFSET_BOUND;POLICY_FIRM_YEAR_UNKNOWN,main,WITS_SAME_YEAR_MFN_FALLBACK,2023.0,BCD_REPLACEMENT_NO_DOUBLE_COUNT;EXISTING_EFFECTIVE_DATES;documented_policy
88.0,IND,2023,2023-04-01,2023-04-30,4.0,30.0,0.0821917808219178,0.386613008949376,0.4291834406388101,,,index_bridge,0.0,0.0,0.4,0.0,0.0,0.0,none,0.8,1.0,IND_BCD,IND,calendar_days_fixed,A_POLICY_COVER;A_EU_MIX;A_EU_FLOOR;A_FX;A_POLICY_UNKNOWN;A_TARIFF_FILL;A_PRICE_TAX;PV_AD_OFFSET_BOUND;POLICY_FIRM_YEAR_UNKNOWN,main,WITS_SAME_YEAR_MFN_FALLBACK,2023.0,BCD_REPLACEMENT_NO_DOUBLE_COUNT;EXISTING_EFFECTIVE_DATES;documented_policy
88.0,IND,2023,2023-05-01,2023-05-31,5.0,31.0,0.084931506849315,0.3702162619165361,0.4109812277180341,,,index_bridge,0.0,0.0,0.4,0.0,0.0,0.0,none,0.8,1.0,IND_BCD,IND,calendar_days_fixed,A_POLICY_COVER;A_EU_MIX;A_EU_FLOOR;A_FX;A_POLICY_UNKNOWN;A_TARIFF_FILL;A_PRICE_TAX;PV_AD_OFFSET_BOUND;POLICY_FIRM_YEAR_UNKNOWN,main,WITS_SAME_YEAR_MFN_FALLBACK,2023.0,BCD_REPLACEMENT_NO_DOUBLE_COUNT;EXISTING_EFFECTIVE_DATES;documented_policy
88.0,IND,2023,2023-06-01,2023-06-30,6.0,30.0,0.0821917808219178,0.3427424217275228,0.380482209353586,,,index_bridge,0.0,0.0,0.4,0.0,0.0,0.0,none,0.8,1.0,IND_BCD,IND,calendar_days_fixed,A_POLICY_COVER;A_EU_MIX;A_EU_FLOOR;A_FX;A_POLICY_UNKNOWN;A_TARIFF_FILL;A_PRICE_TAX;PV_AD_OFFSET_BOUND;POLICY_FIRM_YEAR_UNKNOWN,main,WITS_SAME_YEAR_MFN_FALLBACK,2023.0,BCD_REPLACEMENT_NO_DOUBLE_COUNT;EXISTING_EFFECTIVE_DATES;documented_policy
88.0,IND,2023,2023-07-01,2023-07-31,7.0,31.0,0.084931506849315,0.3227484502058135,0.358286677151913,,,index_bridge,0.0,0.0,0.4,0.0,0.0,0.0,none,0.8,1.0,IND_BCD,IND,calendar_days_fixed,A_POLICY_COVER;A_EU_MIX;A_EU_FLOOR;A_FX;A_POLICY_UNKNOWN;A_TARIFF_FILL;A_PRICE_TAX;PV_AD_OFFSET_BOUND;POLICY_FIRM_YEAR_UNKNOWN,main,WITS_SAME_YEAR_MFN_FALLBACK,2023.0,BCD_REPLACEMENT_NO_DOUBLE_COUNT;EXISTING_EFFECTIVE_DATES;documented_policy
88.0,IND,2023,2023-08-01,2023-08-31,8.0,31.0,0.084931506849315,0.2918591323221597,0.3239960986627956,,,index_bridge,0.0,0.0,0.4,0.0,0.0,0.0,none,0.8,1.0,IND_BCD,IND,calendar_days_fixed,A_POLICY_COVER;A_EU_MIX;A_EU_FLOOR;A_FX;A_POLICY_UNKNOWN;A_TARIFF_FILL;A_PRICE_TAX;PV_AD_OFFSET_BOUND;POLICY_FIRM_YEAR_UNKNOWN,main,WITS_SAME_YEAR_MFN_FALLBACK,2023.0,BCD_REPLACEMENT_NO_DOUBLE_COUNT;EXISTING_EFFECTIVE_DATES;documented_policy
88.0,IND,2023,2023-09-01,2023-09-30,9.0,30.0,0.0821917808219178,0.2598525550554744,0.2884652379922829,,,index_bridge,0.0,0.0,0.4,0.0,0.0,0.0,none,0.8,1.0,IND_BCD,IND,calendar_days_fixed,A_POLICY_COVER;A_EU_MIX;A_EU_FLOOR;A_FX;A_POLICY_UNKNOWN;A_TARIFF_FILL;A_PRICE_TAX;PV_AD_OFFSET_BOUND;POLICY_FIRM_YEAR_UNKNOWN,main,WITS_SAME_YEAR_MFN_FALLBACK,2023.0,BCD_REPLACEMENT_NO_DOUBLE_COUNT;EXISTING_EFFECTIVE_DATES;documented_policy
88.0,IND,2023,2023-10-01,2023-10-31,10.0,31.0,0.084931506849315,0.2440580958601042,0.2709316315600537,,,index_bridge,0.0,0.0,0.4,0.0,0.0,0.0,none,0.8,1.0,IND_BCD,IND,calendar_days_fixed,A_POLICY_COVER;A_EU_MIX;A_EU_FLOOR;A_FX;A_POLICY_UNKNOWN;A_TARIFF_FILL;A_PRICE_TAX;PV_AD_OFFSET_BOUND;POLICY_FIRM_YEAR_UNKNOWN,main,WITS_SAME_YEAR_MFN_FALLBACK,2023.0,BCD_REPLACEMENT_NO_DOUBLE_COUNT;EXISTING_EFFECTIVE_DATES;documented_policy
88.0,IND,2023,2023-11-01,2023-11-30,11.0,30.0,0.0821917808219178,0.2234469027395794,0.248050914733745,,,index_bridge,0.0,0.0,0.4,0.0,0.0,0.0,none,0.8,1.0,IND_BCD,IND,calendar_days_fixed,A_POLICY_COVER;A_EU_MIX;A_EU_FLOOR;A_FX;A_POLICY_UNKNOWN;A_TARIFF_FILL;A_PRICE_TAX;PV_AD_OFFSET_BOUND;POLICY_FIRM_YEAR_UNKNOWN,main,WITS_SAME_YEAR_MFN_FALLBACK,2023.0,BCD_REPLACEMENT_NO_DOUBLE_COUNT;EXISTING_EFFECTIVE_DATES;documented_policy
88.0,IND,2023,2023-12-01,2023-12-31,12.0,31.0,0.084931506849315,0.1990971981274849,0.2210200343390146,,,index_bridge,0.0,0.0,0.4,0.0,0.0,0.0,none,0.8,1.0,IND_BCD,IND,calendar_days_fixed,A_POLICY_COVER;A_EU_MIX;A_EU_FLOOR;A_FX;A_POLICY_UNKNOWN;A_TARIFF_FILL;A_PRICE_TAX;PV_AD_OFFSET_BOUND;POLICY_FIRM_YEAR_UNKNOWN,main,WITS_SAME_YEAR_MFN_FALLBACK,2023.0,BCD_REPLACEMENT_NO_DOUBLE_COUNT;EXISTING_EFFECTIVE_DATES;documented_policy
89.0,IND,2024,2024-01-01,2024-01-31,1.0,31.0,0.0846994535519125,0.1814377625419244,0.2014160966832521,,,index_bridge,0.0,0.0,0.4,0.0,0.0,0.0,none,0.8,1.0,IND_BCD,IND,calendar_days_fixed,A_POLICY_COVER;A_EU_MIX;A_EU_FLOOR;A_FX;A_POLICY_UNKNOWN;A_TARIFF_FILL;A_PRICE_TAX;PV_AD_OFFSET_BOUND;POLICY_FIRM_YEAR_UNKNOWN,main,CARRY_2021_USER_RULE,2021.0,BCD_REPLACEMENT_NO_DOUBLE_COUNT;EXISTING_EFFECTIVE_DATES;documented_policy
89.0,IND,2024,2024-02-01,2024-02-29,2.0,29.0,0.0792349726775956,0.1794709755531008,0.1992327443714383,,,index_bridge,0.0,0.0,0.4,0.0,0.0,0.0,none,0.8,1.0,IND_BCD,IND,calendar_days_fixed,A_POLICY_COVER;A_EU_MIX;A_EU_FLOOR;A_FX;A_POLICY_UNKNOWN;A_TARIFF_FILL;A_PRICE_TAX;PV_AD_OFFSET_BOUND;POLICY_FIRM_YEAR_UNKNOWN,main,CARRY_2021_USER_RULE,2021.0,BCD_REPLACEMENT_NO_DOUBLE_COUNT;EXISTING_EFFECTIVE_DATES;documented_policy
89.0,IND,2024,2024-03-01,2024-03-31,3.0,31.0,0.0846994535519125,0.1678272597388444,0.1863069247551681,,,index_bridge,0.0,0.0,0.4,0.0,0.0,0.0,none,0.8,1.0,IND_BCD,IND,calendar_days_fixed,A_POLICY_COVER;A_EU_MIX;A_EU_FLOOR;A_FX;A_POLICY_UNKNOWN;A_TARIFF_FILL;A_PRICE_TAX;PV_AD_OFFSET_BOUND;POLICY_FIRM_YEAR_UNKNOWN,main,CARRY_2021_USER_RULE,2021.0,BCD_REPLACEMENT_NO_DOUBLE_COUNT;EXISTING_EFFECTIVE_DATES;documented_policy
89.0,IND,2024,2024-04-01,2024-04-30,4.0,30.0,0.081967213114754,0.1656419659366882,0.1838810055773193,,,index_bridge,0.0,0.0,0.4,0.0,0.0,0.0,none,0.8,1.0,IND_BCD,IND,calendar_days_fixed,A_POLICY_COVER;A_EU_MIX;A_EU_FLOOR;A_FX;A_POLICY_UNKNOWN;A_TARIFF_FILL;A_PRICE_TAX;PV_AD_OFFSET_BOUND;POLICY_FIRM_YEAR_UNKNOWN,main,CARRY_2021_USER_RULE,2021.0,BCD_REPLACEMENT_NO_DOUBLE_COUNT;EXISTING_EFFECTIVE_DATES;documented_policy
89.0,IND,2024,2024-05-01,2024-05-31,5.0,31.0,0.0846994535519125,0.1669462248744974,0.1853288780633851,,,index_bridge,0.0,0.0,0.4,0.0,0.0,0.0,none,0.8,1.0,IND_BCD,IND,calendar_days_fixed,A_POLICY_COVER;A_EU_MIX;A_EU_FLOOR;A_FX;A_POLICY_UNKNOWN;A_TARIFF_FILL;A_PRICE_TAX;PV_AD_OFFSET_BOUND;POLICY_FIRM_YEAR_UNKNOWN,main,CARRY_2021_USER_RULE,2021.0,BCD_REPLACEMENT_NO_DOUBLE_COUNT;EXISTING_EFFECTIVE_DATES;documented_policy
89.0,IND,2024,2024-06-01,2024-06-30,6.0,30.0,0.081967213114754,0.1533676245175017,0.1702551213987771,,,index_bridge,0.0,0.0,0.4,0.0,0.0,0.0,none,0.8,1.0,IND_BCD,IND,calendar_days_fixed,A_POLICY_COVER;A_EU_MIX;A_EU_FLOOR;A_FX;A_POLICY_UNKNOWN;A_TARIFF_FILL;A_PRICE_TAX;PV_AD_OFFSET_BOUND;POLICY_FIRM_YEAR_UNKNOWN,main,CARRY_2021_USER_RULE,2021.0,BCD_REPLACEMENT_NO_DOUBLE_COUNT;EXISTING_EFFECTIVE_DATES;documented_policy
89.0,IND,2024,2024-07-01,2024-07-31,7.0,31.0,0.0846994535519125,0.1545583007703133,0.1715769044713574,,,index_bridge,0.0,0.0,0.4,0.0,0.0,0.0,none,0.8,1.0,IND_BCD,IND,calendar_days_fixed,A_POLICY_COVER;A_EU_MIX;A_EU_FLOOR;A_FX;A_POLICY_UNKNOWN;A_TARIFF_FILL;A_PRICE_TAX;PV_AD_OFFSET_BOUND;POLICY_FIRM_YEAR_UNKNOWN,main,CARRY_2021_USER_RULE,2021.0,BCD_REPLACEMENT_NO_DOUBLE_COUNT;EXISTING_EFFECTIVE_DATES;documented_policy
89.0,IND,2024,2024-08-01,2024-08-31,8.0,31.0,0.0846994535519125,0.1504142965479625,0.1669765988711825,,,index_bridge,0.0,0.0,0.4,0.0,0.0,0.0,none,0.8,1.0,IND_BCD,IND,calendar_days_fixed,A_POLICY_COVER;A_EU_MIX;A_EU_FLOOR;A_FX;A_POLICY_UNKNOWN;A_TARIFF_FILL;A_PRICE_TAX;PV_AD_OFFSET_BOUND;POLICY_FIRM_YEAR_UNKNOWN,main,CARRY_2021_USER_RULE,2021.0,BCD_REPLACEMENT_NO_DOUBLE_COUNT;EXISTING_EFFECTIVE_DATES;documented_policy
89.0,IND,2024,2024-09-01,2024-09-30,9.0,30.0,0.081967213114754,0.1451003063412582,0.1610774786976735,,,index_bridge,0.0,0.0,0.4,0.0,0.0,0.0,none,0.8,1.0,IND_BCD,IND,calendar_days_fixed,A_POLICY_COVER;A_EU_MIX;A_EU_FLOOR;A_FX;A_POLICY_UNKNOWN;A_TARIFF_FILL;A_PRICE_TAX;PV_AD_OFFSET_BOUND;POLICY_FIRM_YEAR_UNKNOWN,main,CARRY_2021_USER_RULE,2021.0,BCD_REPLACEMENT_NO_DOUBLE_COUNT;EXISTING_EFFECTIVE_DATES;documented_policy
89.0,IND,2024,2024-10-01,2024-10-31,10.0,31.0,0.0846994535519125,0.1424657415318115,0.1581528187319445,,,index_bridge,0.0,0.0,0.4,0.0,0.0,0.0,none,0.8,1.0,IND_BCD,IND,calendar_days_fixed,A_POLICY_COVER;A_EU_MIX;A_EU_FLOOR;A_FX;A_POLICY_UNKNOWN;A_TARIFF_FILL;A_PRICE_TAX;PV_AD_OFFSET_BOUND;POLICY_FIRM_YEAR_UNKNOWN,main,CARRY_2021_USER_RULE,2021.0,BCD_REPLACEMENT_NO_DOUBLE_COUNT;EXISTING_EFFECTIVE_DATES;documented_policy
89.0,IND,2024,2024-11-01,2024-11-30,11.0,30.0,0.081967213114754,0.1262574341838533,0.1401597948204317,,,index_bridge,0.0,0.0,0.4,0.0,0.0,0.0,none,0.8,1.0,IND_BCD,IND,calendar_days_fixed,A_POLICY_COVER;A_EU_MIX;A_EU_FLOOR;A_FX;A_POLICY_UNKNOWN;A_TARIFF_FILL;A_PRICE_TAX;PV_AD_OFFSET_BOUND;POLICY_FIRM_YEAR_UNKNOWN,main,CARRY_2021_USER_RULE,2021.0,BCD_REPLACEMENT_NO_DOUBLE_COUNT;EXISTING_EFFECTIVE_DATES;documented_policy
89.0,IND,2024,2024-12-01,2024-12-31,12.0,31.0,0.0846994535519125,0.1182363622709908,0.1312555128602134,,,index_bridge,0.0,0.0,0.4,0.0,0.0,0.0,none,0.8,1.0,IND_BCD,IND,calendar_days_fixed,A_POLICY_COVER;A_EU_MIX;A_EU_FLOOR;A_FX;A_POLICY_UNKNOWN;A_TARIFF_FILL;A_PRICE_TAX;PV_AD_OFFSET_BOUND;POLICY_FIRM_YEAR_UNKNOWN,main,CARRY_2021_USER_RULE,2021.0,BCD_REPLACEMENT_NO_DOUBLE_COUNT;EXISTING_EFFECTIVE_DATES;documented_policy
90.0,ITA,2010,2010-01-01,2010-01-31,1.0,31.0,0.084931506849315,3.091776789316316,3.9295485644858976,3.091776789316316,3.9295485644858976,observed_quote_tax_basis_assumed,0.0,0.0,0.0,0.0,0.0,0.0,none,0.8,1.0,,EU_SHARED,calendar_days_fixed,A_POLICY_COVER;A_EU_MIX;A_EU_FLOOR;A_FX;A_POLICY_UNKNOWN;A_TARIFF_FILL;A_PRICE_TAX;PV_AD_OFFSET_BOUND;POLICY_FIRM_YEAR_UNKNOWN,main,LOCAL_EXPORT_AHS,2010.0,UPDATED_CHINA_ORDINARY;EU_REPLACEMENT_ORIGIN_UNCHANGED
90.0,ITA,2010,2010-02-01,2010-02-28,2.0,28.0,0.0767123287671232,2.90442343279186,3.630529290989825,2.90442343279186,3.630529290989825,observed_quote_tax_basis_assumed,0.0,0.0,0.0,0.0,0.0,0.0,none,0.8,1.0,,EU_SHARED,calendar_days_fixed,A_POLICY_COVER;A_EU_MIX;A_EU_FLOOR;A_FX;A_POLICY_UNKNOWN;A_TARIFF_FILL;A_PRICE_TAX;PV_AD_OFFSET_BOUND;POLICY_FIRM_YEAR_UNKNOWN,main,LOCAL_EXPORT_AHS,2010.0,UPDATED_CHINA_ORDINARY;EU_REPLACEMENT_ORIGIN_UNCHANGED
90.0,ITA,2010,2010-03-01,2010-03-31,3.0,31.0,0.084931506849315,2.84487870626562,3.631961814999107,2.84487870626562,3.631961814999107,observed_quote_tax_basis_assumed,0.0,0.0,0.0,0.0,0.0,0.0,none,0.8,1.0,,EU_SHARED,calendar_days_fixed,A_POLICY_COVER;A_EU_MIX;A_EU_FLOOR;A_FX;A_POLICY_UNKNOWN;A_TARIFF_FILL;A_PRICE_TAX;PV_AD_OFFSET_BOUND;POLICY_FIRM_YEAR_UNKNOWN,main,LOCAL_EXPORT_AHS,2010.0,UPDATED_CHINA_ORDINARY;EU_REPLACEMENT_ORIGIN_UNCHANGED
90.0,ITA,2010,2010-04-01,2010-04-30,4.0,30.0,0.0821917808219178,2.853745381783292,3.642280289907622,2.853745381783292,3.642280289907622,observed_quote_tax_basis_assumed,0.0,0.0,0.0,0.0,0.0,0.0,none,0.8,1.0,,EU_SHARED,calendar_days_fixed,A_POLICY_COVER;A_EU_MIX;A_EU_FLOOR;A_FX;A_POLICY_UNKNOWN;A_TARIFF_FILL;A_PRICE_TAX;PV_AD_OFFSET_BOUND;POLICY_FIRM_YEAR_UNKNOWN,main,LOCAL_EXPORT_AHS,2010.0,UPDATED_CHINA_ORDINARY;EU_REPLACEMENT_ORIGIN_UNCHANGED
90.0,ITA,2010,2010-05-01,2010-05-31,5.0,31.0,0.084931506849315,2.763961213182792,3.3977357588807564,2.763961213182792,3.3977357588807564,observed_quote_tax_basis_assumed,0.0,0.0,0.0,0.0,0.0,0.0,none,0.8,1.0,,EU_SHARED,calendar_days_fixed,A_POLICY_COVER;A_EU_MIX;A_EU_FLOOR;A_FX;A_POLICY_UNKNOWN;A_TARIFF_FILL;A_PRICE_TAX;PV_AD_OFFSET_BOUND;POLICY_FIRM_YEAR_UNKNOWN,main,LOCAL_EXPORT_AHS,2010.0,UPDATED_CHINA_ORDINARY;EU_REPLACEMENT_ORIGIN_UNCHANGED
90.0,ITA,2010,2010-06-01,2010-06-30,6.0,30.0,0.0821917808219178,2.7123575248293017,3.258240800266645,2.7123575248293017,3.258240800266645,observed_quote_tax_basis_assumed,0.0,0.0,0.0,0.0,0.0,0.0,none,0.8,1.0,,EU_SHARED,calendar_days_fixed,A_POLICY_COVER;A_EU_MIX;A_EU_FLOOR;A_FX;A_POLICY_UNKNOWN;A_TARIFF_FILL;A_PRICE_TAX;PV_AD_OFFSET_BOUND;POLICY_FIRM_YEAR_UNKNOWN,main,LOCAL_EXPORT_AHS,2010.0,UPDATED_CHINA_ORDINARY;EU_REPLACEMENT_ORIGIN_UNCHANGED
90.0,ITA,2010,2010-07-01,2010-07-31,7.0,31.0,0.084931506849315,2.886311557959211,3.305004901243417,2.886311557959211,3.305004901243417,observed_quote_tax_basis_assumed,0.0,0.0,0.0,0.0,0.0,0.0,none,0.8,1.0,,EU_SHARED,calendar_days_fixed,A_POLICY_COVER;A_EU_MIX;A_EU_FLOOR;A_FX;A_POLICY_UNKNOWN;A_TARIFF_FILL;A_PRICE_TAX;PV_AD_OFFSET_BOUND;POLICY_FIRM_YEAR_UNKNOWN,main,LOCAL_EXPORT_AHS,2010.0,UPDATED_CHINA_ORDINARY;EU_REPLACEMENT_ORIGIN_UNCHANGED
90.0,ITA,2010,2010-08-01,2010-08-31,8.0,31.0,0.084931506849315,2.9036209902769103,3.318423988887897,2.9036209902769103,3.318423988887897,observed_quote_tax_basis_assumed,0.0,0.0,0.0,0.0,0.0,0.0,none,0.8,1.0,,EU_SHARED,calendar_days_fixed,A_POLICY_COVER;A_EU_MIX;A_EU_FLOOR;A_FX;A_POLICY_UNKNOWN;A_TARIFF_FILL;A_PRICE_TAX;PV_AD_OFFSET_BOUND;POLICY_FIRM_YEAR_UNKNOWN,main,LOCAL_EXPORT_AHS,2010.0,UPDATED_CHINA_ORDINARY;EU_REPLACEMENT_ORIGIN_UNCHANGED
90.0,ITA,2010,2010-09-01,2010-09-30,9.0,30.0,0.0821917808219178,2.930089301722598,3.3213745190333803,2.930089301722598,3.3213745190333803,observed_quote_tax_basis_assumed,0.0,0.0,0.0,0.0,0.0,0.0,none,0.8,1.0,,EU_SHARED,calendar_days_fixed,A_POLICY_COVER;A_EU_MIX;A_EU_FLOOR;A_FX;A_POLICY_UNKNOWN;A_TARIFF_FILL;A_PRICE_TAX;PV_AD_OFFSET_BOUND;POLICY_FIRM_YEAR_UNKNOWN,main,LOCAL_EXPORT_AHS,2010.0,UPDATED_CHINA_ORDINARY;EU_REPLACEMENT_ORIGIN_UNCHANGED
90.0,ITA,2010,2010-10-01,2010-10-31,10.0,31.0,0.084931506849315,3.085350824069529,3.483147628430694,3.085350824069529,3.483147628430694,observed_quote_tax_basis_assumed,0.0,0.0,0.0,0.0,0.0,0.0,none,0.8,1.0,,EU_SHARED,calendar_days_fixed,A_POLICY_COVER;A_EU_MIX;A_EU_FLOOR;A_FX;A_POLICY_UNKNOWN;A_TARIFF_FILL;A_PRICE_TAX;PV_AD_OFFSET_BOUND;POLICY_FIRM_YEAR_UNKNOWN,main,LOCAL_EXPORT_AHS,2010.0,UPDATED_CHINA_ORDINARY;EU_REPLACEMENT_ORIGIN_UNCHANGED
90.0,ITA,2010,2010-11-01,2010-11-30,11.0,30.0,0.0821917808219178,3.003318850773162,3.395471949122523,3.003318850773162,3.395471949122523,observed_quote_tax_basis_assumed,0.0,0.0,0.0,0.0,0.0,0.0,none,0.8,1.0,,EU_SHARED,calendar_days_fixed,A_POLICY_COVER;A_EU_MIX;A_EU_FLOOR;A_FX;A_POLICY_UNKNOWN;A_TARIFF_FILL;A_PRICE_TAX;PV_AD_OFFSET_BOUND;POLICY_FIRM_YEAR_UNKNOWN,main,LOCAL_EXPORT_AHS,2010.0,UPDATED_CHINA_ORDINARY;EU_REPLACEMENT_ORIGIN_UNCHANGED
90.0,ITA,2010,2010-12-01,2010-12-31,12.0,31.0,0.084931506849315,2.8975979922460726,3.2759467746731072,2.8975979922460726,3.2759467746731072,observed_quote_tax_basis_assumed,0.0,0.0,0.0,0.0,0.0,0.0,none,0.8,1.0,,EU_SHARED,calendar_days_fixed,A_POLICY_COVER;A_EU_MIX;A_EU_FLOOR;A_FX;A_POLICY_UNKNOWN;A_TARIFF_FILL;A_PRICE_TAX;PV_AD_OFFSET_BOUND;POLICY_FIRM_YEAR_UNKNOWN,main,LOCAL_EXPORT_AHS,2010.0,UPDATED_CHINA_ORDINARY;EU_REPLACEMENT_ORIGIN_UNCHANGED
91.0,ITA,2011,2011-01-01,2011-01-31,1.0,31.0,0.084931506849315,2.686326335282736,3.05181291151168,2.686326335282736,3.05181291151168,observed_quote_tax_basis_assumed,0.0,0.0,0.0,0.0,0.0,0.0,none,0.8,1.0,,EU_SHARED,calendar_days_fixed,A_POLICY_COVER;A_EU_MIX;A_EU_FLOOR;A_FX;A_POLICY_UNKNOWN;A_TARIFF_FILL;A_PRICE_TAX;PV_AD_OFFSET_BOUND;POLICY_FIRM_YEAR_UNKNOWN,main,LOCAL_EXPORT_AHS,2011.0,UPDATED_CHINA_ORDINARY;EU_REPLACEMENT_ORIGIN_UNCHANGED
91.0,ITA,2011,2011-02-01,2011-02-28,2.0,28.0,0.0767123287671232,2.633064300488626,3.062571243121522,2.633064300488626,3.062571243121522,observed_quote_tax_basis_assumed,0.0,0.0,0.0,0.0,0.0,0.0,none,0.8,1.0,,EU_SHARED,calendar_days_fixed,A_POLICY_COVER;A_EU_MIX;A_EU_FLOOR;A_FX;A_POLICY_UNKNOWN;A_TARIFF_FILL;A_PRICE_TAX;PV_AD_OFFSET_BOUND;POLICY_FIRM_YEAR_UNKNOWN,main,LOCAL_EXPORT_AHS,2011.0,UPDATED_CHINA_ORDINARY;EU_REPLACEMENT_ORIGIN_UNCHANGED
91.0,ITA,2011,2011-03-01,2011-03-31,3.0,31.0,0.084931506849315,2.624982413840032,3.046512436500475,2.624982413840032,3.046512436500475,observed_quote_tax_basis_assumed,0.0,0.0,0.0,0.0,0.0,0.0,none,0.8,1.0,,EU_SHARED,calendar_days_fixed,A_POLICY_COVER;A_EU_MIX;A_EU_FLOOR;A_FX;A_POLICY_UNKNOWN;A_TARIFF_FILL;A_PRICE_TAX;PV_AD_OFFSET_BOUND;POLICY_FIRM_YEAR_UNKNOWN,main,LOCAL_EXPORT_AHS,2011.0,UPDATED_CHINA_ORDINARY;EU_REPLACEMENT_ORIGIN_UNCHANGED
91.0,ITA,2011,2011-04-01,2011-04-30,4.0,30.0,0.0821917808219178,2.607707252828456,3.111468881215772,2.607707252828456,3.111468881215772,observed_quote_tax_basis_assumed,0.0,0.0,0.0,0.0,0.0,0.0,none,0.8,1.0,,EU_SHARED,calendar_days_fixed,A_POLICY_COVER;A_EU_MIX;A_EU_FLOOR;A_FX;A_POLICY_UNKNOWN;A_TARIFF_FILL;A_PRICE_TAX;PV_AD_OFFSET_BOUND;POLICY_FIRM_YEAR_UNKNOWN,main,LOCAL_EXPORT_AHS,2011.0,UPDATED_CHINA_ORDINARY;EU_REPLACEMENT_ORIGIN_UNCHANGED
91.0,ITA,2011,2011-05-01,2011-05-31,5.0,31.0,0.084931506849315,2.453185494118997,3.002699044801653,2.453185494118997,3.002699044801653,observed_quote_tax_basis_assumed,0.0,0.0,0.0,0.0,0.0,0.0,none,0.8,1.0,,EU_SHARED,calendar_days_fixed,A_POLICY_COVER;A_EU_MIX;A_EU_FLOOR;A_FX;A_POLICY_UNKNOWN;A_TARIFF_FILL;A_PRICE_TAX;PV_AD_OFFSET_BOUND;POLICY_FIRM_YEAR_UNKNOWN,main,LOCAL_EXPORT_AHS,2011.0,UPDATED_CHINA_ORDINARY;EU_REPLACEMENT_ORIGIN_UNCHANGED
91.0,ITA,2011,2011-06-01,2011-06-30,6.0,30.0,0.0821917808219178,2.3421748176069346,2.9031158453531334,2.3421748176069346,2.9031158453531334,observed_quote_tax_basis_assumed,0.0,0.0,0.0,0.0,0.0,0.0,none,0.8,1.0,,EU_SHARED,calendar_days_fixed,A_POLICY_COVER;A_EU_MIX;A_EU_FLOOR;A_FX;A_POLICY_UNKNOWN;A_TARIFF_FILL;A_PRICE_TAX;PV_AD_OFFSET_BOUND;POLICY_FIRM_YEAR_UNKNOWN,main,LOCAL_EXPORT_AHS,2011.0,UPDATED_CHINA_ORDINARY;EU_REPLACEMENT_ORIGIN_UNCHANGED
91.0,ITA,2011,2011-07-01,2011-07-31,7.0,31.0,0.084931506849315,2.192781508990938,2.780133698899225,2.192781508990938,2.780133698899225,observed_quote_tax_basis_assumed,0.0,0.0,0.0,0.0,0.0,0.0,none,0.8,1.0,,EU_SHARED,calendar_days_fixed,A_POLICY_COVER;A_EU_MIX;A_EU_FLOOR;A_FX;A_POLICY_UNKNOWN;A_TARIFF_FILL;A_PRICE_TAX;PV_AD_OFFSET_BOUND;POLICY_FIRM_YEAR_UNKNOWN,main,LOCAL_EXPORT_AHS,2011.0,UPDATED_CHINA_ORDINARY;EU_REPLACEMENT_ORIGIN_UNCHANGED
91.0,ITA,2011,2011-08-01,2011-08-31,8.0,31.0,0.084931506849315,2.0412922881909905,2.6693822230189874,2.0412922881909905,2.6693822230189874,observed_quote_tax_basis_assumed,0.0,0.0,0.0,0.0,0.0,0.0,none,0.8,1.0,,EU_SHARED,calendar_days_fixed,A_POLICY_COVER;A_EU_MIX;A_EU_FLOOR;A_FX;A_POLICY_UNKNOWN;A_TARIFF_FILL;A_PRICE_TAX;PV_AD_OFFSET_BOUND;POLICY_FIRM_YEAR_UNKNOWN,main,LOCAL_EXPORT_AHS,2011.0,UPDATED_CHINA_ORDINARY;EU_REPLACEMENT_ORIGIN_UNCHANGED
91.0,ITA,2011,2011-09-01,2011-09-30,9.0,30.0,0.0821917808219178,1.851384169095222,2.4559177753303967,1.851384169095222,2.4559177753303967,observed_quote_tax_basis_assumed,0.0,0.0,0.0,0.0,0.0,0.0,none,0.8,1.0,,EU_SHARED,calendar_days_fixed,A_POLICY_COVER;A_EU_MIX;A_EU_FLOOR;A_FX;A_POLICY_UNKNOWN;A_TARIFF_FILL;A_PRICE_TAX;PV_AD_OFFSET_BOUND;POLICY_FIRM_YEAR_UNKNOWN,main,LOCAL_EXPORT_AHS,2011.0,UPDATED_CHINA_ORDINARY;EU_REPLACEMENT_ORIGIN_UNCHANGED
91.0,ITA,2011,2011-10-01,2011-10-31,10.0,31.0,0.084931506849315,1.7249525603786575,2.3530602861687124,1.7249525603786575,2.3530602861687124,observed_quote_tax_basis_assumed,0.0,0.0,0.0,0.0,0.0,0.0,none,0.8,1.0,,EU_SHARED,calendar_days_fixed,A_POLICY_COVER;A_EU_MIX;A_EU_FLOOR;A_FX;A_POLICY_UNKNOWN;A_TARIFF_FILL;A_PRICE_TAX;PV_AD_OFFSET_BOUND;POLICY_FIRM_YEAR_UNKNOWN,main,LOCAL_EXPORT_AHS,2011.0,UPDATED_CHINA_ORDINARY;EU_REPLACEMENT_ORIGIN_UNCHANGED
91.0,ITA,2011,2011-11-01,2011-11-30,11.0,30.0,0.0821917808219178,1.5805148558170548,2.156937920879745,1.5805148558170548,2.156937920879745,observed_quote_tax_basis_assumed,0.0,0.0,0.0,0.0,0.0,0.0,none,0.8,1.0,,EU_SHARED,calendar_days_fixed,A_POLICY_COVER;A_EU_MIX;A_EU_FLOOR;A_FX;A_POLICY_UNKNOWN;A_TARIFF_FILL;A_PRICE_TAX;PV_AD_OFFSET_BOUND;POLICY_FIRM_YEAR_UNKNOWN,main,LOCAL_EXPORT_AHS,2011.0,UPDATED_CHINA_ORDINARY;EU_REPLACEMENT_ORIGIN_UNCHANGED
91.0,ITA,2011,2011-12-01,2011-12-31,12.0,31.0,0.084931506849315,1.4614867506804692,2.0027781398213835,1.4614867506804692,2.0027781398213835,observed_quote_tax_basis_assumed,0.0,0.0,0.0,0.0,0.0,0.0,none,0.8,1.0,,EU_SHARED,calendar_days_fixed,A_POLICY_COVER;A_EU_MIX;A_EU_FLOOR;A_FX;A_POLICY_UNKNOWN;A_TARIFF_FILL;A_PRICE_TAX;PV_AD_OFFSET_BOUND;POLICY_FIRM_YEAR_UNKNOWN,main,LOCAL_EXPORT_AHS,2011.0,UPDATED_CHINA_ORDINARY;EU_REPLACEMENT_ORIGIN_UNCHANGED
92.0,ITA,2012,2012-01-01,2012-01-31,1.0,31.0,0.0846994535519125,1.3684642185997595,1.8361671793870191,1.3684642185997595,1.8361671793870191,observed_quote_tax_basis_assumed,0.0,0.0,0.0,0.0,0.0,0.0,none,0.8,1.0,,EU_SHARED,calendar_days_fixed,A_POLICY_COVER;A_EU_MIX;A_EU_FLOOR;A_FX;A_POLICY_UNKNOWN;A_TARIFF_FILL;A_PRICE_TAX;PV_AD_OFFSET_BOUND;POLICY_FIRM_YEAR_UNKNOWN,main,LOCAL_EXPORT_AHS,2012.0,UPDATED_CHINA_ORDINARY;EU_REPLACEMENT_ORIGIN_UNCHANGED
92.0,ITA,2012,2012-02-01,2012-02-29,2.0,29.0,0.0792349726775956,1.3781815830003006,1.83459236698092,1.3781815830003006,1.83459236698092,observed_quote_tax_basis_assumed,0.0,0.0,0.0,0.0,0.0,0.0,none,0.8,1.0,,EU_SHARED,calendar_days_fixed,A_POLICY_COVER;A_EU_MIX;A_EU_FLOOR;A_FX;A_POLICY_UNKNOWN;A_TARIFF_FILL;A_PRICE_TAX;PV_AD_OFFSET_BOUND;POLICY_FIRM_YEAR_UNKNOWN,main,LOCAL_EXPORT_AHS,2012.0,UPDATED_CHINA_ORDINARY;EU_REPLACEMENT_ORIGIN_UNCHANGED
92.0,ITA,2012,2012-03-01,2012-03-31,3.0,31.0,0.0846994535519125,1.3135081493389422,1.792761122746394,1.3135081493389422,1.792761122746394,observed_quote_tax_basis_assumed,0.0,0.0,0.0,0.0,0.0,0.0,none,0.8,1.0,,EU_SHARED,calendar_days_fixed,A_POLICY_COVER;A_EU_MIX;A_EU_FLOOR;A_FX;A_POLICY_UNKNOWN;A_TARIFF_FILL;A_PRICE_TAX;PV_AD_OFFSET_BOUND;POLICY_FIRM_YEAR_UNKNOWN,main,LOCAL_EXPORT_AHS,2012.0,UPDATED_CHINA_ORDINARY;EU_REPLACEMENT_ORIGIN_UNCHANGED
92.0,ITA,2012,2012-04-01,2012-04-30,4.0,30.0,0.081967213114754,1.2578921407752404,1.7451038854417067,1.2578921407752404,1.7451038854417067,observed_quote_tax_basis_assumed,0.0,0.0,0.0,0.0,0.0,0.0,none,0.8,1.0,,EU_SHARED,calendar_days_fixed,A_POLICY_COVER;A_EU_MIX;A_EU_FLOOR;A_FX;A_POLICY_UNKNOWN;A_TARIFF_FILL;A_PRICE_TAX;PV_AD_OFFSET_BOUND;POLICY_FIRM_YEAR_UNKNOWN,main,LOCAL_EXPORT_AHS,2012.0,UPDATED_CHINA_ORDINARY;EU_REPLACEMENT_ORIGIN_UNCHANGED
92.0,ITA,2012,2012-05-01,2012-05-31,5.0,31.0,0.0846994535519125,1.190262737943209,1.656017722355769,1.190262737943209,1.656017722355769,observed_quote_tax_basis_assumed,0.0,0.0,0.0,0.0,0.0,0.0,none,0.8,1.0,,EU_SHARED,calendar_days_fixed,A_POLICY_COVER;A_EU_MIX;A_EU_FLOOR;A_FX;A_POLICY_UNKNOWN;A_TARIFF_FILL;A_PRICE_TAX;PV_AD_OFFSET_BOUND;POLICY_FIRM_YEAR_UNKNOWN,main,LOCAL_EXPORT_AHS,2012.0,UPDATED_CHINA_ORDINARY;EU_REPLACEMENT_ORIGIN_UNCHANGED
92.0,ITA,2012,2012-06-01,2012-06-30,6.0,30.0,0.081967213114754,1.1113960950270434,1.5744778012883114,1.1113960950270434,1.5744778012883114,observed_quote_tax_basis_assumed,0.0,0.0,0.0,0.0,0.0,0.0,none,0.8,1.0,,EU_SHARED,calendar_days_fixed,A_POLICY_COVER;A_EU_MIX;A_EU_FLOOR;A_FX;A_POLICY_UNKNOWN;A_TARIFF_FILL;A_PRICE_TAX;PV_AD_OFFSET_BOUND;POLICY_FIRM_YEAR_UNKNOWN,main,LOCAL_EXPORT_AHS,2012.0,UPDATED_CHINA_ORDINARY;EU_REPLACEMENT_ORIGIN_UNCHANGED
92.0,ITA,2012,2012-07-01,2012-07-31,7.0,31.0,0.0846994535519125,1.0583620721153846,1.5213954786658657,1.0583620721153846,1.5213954786658657,observed_quote_tax_basis_assumed,0.0,0.0,0.0,0.0,0.0,0.0,none,0.8,1.0,,EU_SHARED,calendar_days_fixed,A_POLICY_COVER;A_EU_MIX;A_EU_FLOOR;A_FX;A_POLICY_UNKNOWN;A_TARIFF_FILL;A_PRICE_TAX;PV_AD_OFFSET_BOUND;POLICY_FIRM_YEAR_UNKNOWN,main,LOCAL_EXPORT_AHS,2012.0,UPDATED_CHINA_ORDINARY;EU_REPLACEMENT_ORIGIN_UNCHANGED
92.0,ITA,2012,2012-08-01,2012-08-31,8.0,31.0,0.0846994535519125,1.0149143662109374,1.4890956684570311,1.0149143662109374,1.4890956684570311,observed_quote_tax_basis_assumed,0.0,0.0,0.0,0.0,0.0,0.0,none,0.8,1.0,,EU_SHARED,calendar_days_fixed,A_POLICY_COVER;A_EU_MIX;A_EU_FLOOR;A_FX;A_POLICY_UNKNOWN;A_TARIFF_FILL;A_PRICE_TAX;PV_AD_OFFSET_BOUND;POLICY_FIRM_YEAR_UNKNOWN,main,LOCAL_EXPORT_AHS,2012.0,UPDATED_CHINA_ORDINARY;EU_REPLACEMENT_ORIGIN_UNCHANGED
92.0,ITA,2012,2012-09-01,2012-09-30,9.0,30.0,0.081967213114754,1.0016094417067307,1.5110487267127404,1.0016094417067307,1.5110487267127404,observed_quote_tax_basis_assumed,0.0,0.0,0.0,0.0,0.0,0.0,none,0.8,1.0,,EU_SHARED,calendar_days_fixed,A_POLICY_COVER;A_EU_MIX;A_EU_FLOOR;A_FX;A_POLICY_UNKNOWN;A_TARIFF_FILL;A_PRICE_TAX;PV_AD_OFFSET_BOUND;POLICY_FIRM_YEAR_UNKNOWN,main,LOCAL_EXPORT_AHS,2012.0,UPDATED_CHINA_ORDINARY;EU_REPLACEMENT_ORIGIN_UNCHANGED
92.0,ITA,2012,2012-10-01,2012-10-31,10.0,31.0,0.0846994535519125,0.994557200611888,1.4831116149475525,0.994557200611888,1.4831116149475525,observed_quote_tax_basis_assumed,0.0,0.0,0.0,0.0,0.0,0.0,none,0.8,1.0,,EU_SHARED,calendar_days_fixed,A_POLICY_COVER;A_EU_MIX;A_EU_FLOOR;A_FX;A_POLICY_UNKNOWN;A_TARIFF_FILL;A_PRICE_TAX;PV_AD_OFFSET_BOUND;POLICY_FIRM_YEAR_UNKNOWN,main,LOCAL_EXPORT_AHS,2012.0,UPDATED_CHINA_ORDINARY;EU_REPLACEMENT_ORIGIN_UNCHANGED
92.0,ITA,2012,2012-11-01,2012-11-30,11.0,30.0,0.081967213114754,0.9771088286713286,1.4482148710664335,0.9771088286713286,1.4482148710664335,observed_quote_tax_basis_assumed,0.0,0.0,0.0,0.0,0.0,0.0,none,0.8,1.0,,EU_SHARED,calendar_days_fixed,A_POLICY_COVER;A_EU_MIX;A_EU_FLOOR;A_FX;A_POLICY_UNKNOWN;A_TARIFF_FILL;A_PRICE_TAX;PV_AD_OFFSET_BOUND;POLICY_FIRM_YEAR_UNKNOWN,main,LOCAL_EXPORT_AHS,2012.0,UPDATED_CHINA_ORDINARY;EU_REPLACEMENT_ORIGIN_UNCHANGED
92.0,ITA,2012,2012-12-01,2012-12-31,12.0,31.0,0.0846994535519125,0.95460961222166,1.4407533962234311,0.95460961222166,1.4407533962234311,observed_quote_tax_basis_assumed,0.0,0.0,0.0,0.0,0.0,0.0,none,0.8,1.0,,EU_SHARED,calendar_days_fixed,A_POLICY_COVER;A_EU_MIX;A_EU_FLOOR;A_FX;A_POLICY_UNKNOWN;A_TARIFF_FILL;A_PRICE_TAX;PV_AD_OFFSET_BOUND;POLICY_FIRM_YEAR_UNKNOWN,main,LOCAL_EXPORT_AHS,2012.0,UPDATED_CHINA_ORDINARY;EU_REPLACEMENT_ORIGIN_UNCHANGED
93.0,ITA,2013,2013-01-01,2013-01-31,1.0,31.0,0.084931506849315,0.946150566520937,1.4370777472629324,0.946150566520937,1.4370777472629324,observed_quote_tax_basis_assumed,0.0,0.0,0.0,0.0,0.0,0.0,none,0.8,1.0,,EU_SHARED,calendar_days_fixed,A_POLICY_COVER;A_EU_MIX;A_EU_FLOOR;A_FX;A_POLICY_UNKNOWN;A_TARIFF_FILL;A_PRICE_TAX;PV_AD_OFFSET_BOUND;POLICY_FIRM_YEAR_UNKNOWN,main,LOCAL_EXPORT_AHS,2013.0,UPDATED_CHINA_ORDINARY;EU_REPLACEMENT_ORIGIN_UNCHANGED
93.0,ITA,2013,2013-02-01,2013-02-28,2.0,28.0,0.0767123287671232,0.921251867401965,1.390568856455796,0.921251867401965,1.390568856455796,observed_quote_tax_basis_assumed,0.0,0.0,0.0,0.0,0.0,0.0,none,0.8,1.0,,EU_SHARED,calendar_days_fixed,A_POLICY_COVER;A_EU_MIX;A_EU_FLOOR;A_FX;A_POLICY_UNKNOWN;A_TARIFF_FILL;A_PRICE_TAX;PV_AD_OFFSET_BOUND;POLICY_FIRM_YEAR_UNKNOWN,main,LOCAL_EXPORT_AHS,2013.0,UPDATED_CHINA_ORDINARY;EU_REPLACEMENT_ORIGIN_UNCHANGED
93.0,ITA,2013,2013-03-01,2013-03-31,3.0,31.0,0.084931506849315,0.9315028557668634,1.3549132447518013,0.9315028557668634,1.3549132447518013,observed_quote_tax_basis_assumed,0.0,0.0,0.0,0.0,0.0,0.0,none,0.8,1.0,,EU_SHARED,calendar_days_fixed,A_POLICY_COVER;A_EU_MIX;A_EU_FLOOR;A_FX;A_POLICY_UNKNOWN;A_TARIFF_FILL;A_PRICE_TAX;PV_AD_OFFSET_BOUND;POLICY_FIRM_YEAR_UNKNOWN,main,LOCAL_EXPORT_AHS,2013.0,UPDATED_CHINA_ORDINARY;EU_REPLACEMENT_ORIGIN_UNCHANGED
93.0,ITA,2013,2013-04-01,2013-04-30,4.0,30.0,0.0821917808219178,0.95601608881336,1.3818778011029471,0.95601608881336,1.3818778011029471,observed_quote_tax_basis_assumed,0.0,0.0,0.0,0.0,0.0,0.0,none,0.8,1.0,,EU_SHARED,calendar_days_fixed,A_POLICY_COVER;A_EU_MIX;A_EU_FLOOR;A_FX;A_POLICY_UNKNOWN;A_TARIFF_FILL;A_PRICE_TAX;PV_AD_OFFSET_BOUND;POLICY_FIRM_YEAR_UNKNOWN,main,LOCAL_EXPORT_AHS,2013.0,UPDATED_CHINA_ORDINARY;EU_REPLACEMENT_ORIGIN_UNCHANGED
93.0,ITA,2013,2013-05-01,2013-05-31,5.0,31.0,0.084931506849315,0.9260895616420616,1.3634096324174796,0.9260895616420616,1.3634096324174796,observed_quote_tax_basis_assumed,0.0,0.0,0.0,0.0,0.0,0.0,none,0.8,1.0,,EU_SHARED,calendar_days_fixed,A_POLICY_COVER;A_EU_MIX;A_EU_FLOOR;A_FX;A_POLICY_UNKNOWN;A_TARIFF_FILL;A_PRICE_TAX;PV_AD_OFFSET_BOUND;POLICY_FIRM_YEAR_UNKNOWN,main,LOCAL_EXPORT_AHS,2013.0,UPDATED_CHINA_ORDINARY;EU_REPLACEMENT_ORIGIN_UNCHANGED
93.0,ITA,2013,2013-06-01,2013-06-05,6.0,5.0,0.0136986301369863,0.9756808182969297,1.3589839969135804,0.9756808182969297,1.3589839969135804,observed_quote_tax_basis_assumed,0.0,0.0,0.0,0.0,0.0,0.0,none,0.8,1.0,,EU_SHARED,calendar_days_fixed,A_POLICY_COVER;A_EU_MIX;A_EU_FLOOR;A_FX;A_POLICY_UNKNOWN;A_TARIFF_FILL;A_PRICE_TAX;PV_AD_OFFSET_BOUND;POLICY_FIRM_YEAR_UNKNOWN,main,LOCAL_EXPORT_AHS,2013.0,UPDATED_CHINA_ORDINARY;EU_REPLACEMENT_ORIGIN_UNCHANGED
93.0,ITA,2013,2013-06-06,2013-06-30,6.0,25.0,0.0684931506849315,0.9756808182969297,1.3589839969135804,0.9756808182969297,1.3589839969135804,observed_quote_tax_basis_assumed,0.0,0.0,0.0,0.118,0.0,0.0,none,0.8,1.0,EU_AD,EU_SHARED,calendar_days_fixed,A_POLICY_COVER;A_EU_MIX;A_EU_FLOOR;A_FX;A_POLICY_UNKNOWN;A_TARIFF_FILL;A_PRICE_TAX;PV_AD_OFFSET_BOUND;POLICY_FIRM_YEAR_UNKNOWN,main,LOCAL_EXPORT_AHS,2013.0,UPDATED_CHINA_ORDINARY;EU_REPLACEMENT_ORIGIN_UNCHANGED
93.0,ITA,2013,2013-07-01,2013-07-31,7.0,31.0,0.084931506849315,0.967645331516578,1.339152021295264,0.967645331516578,1.339152021295264,observed_quote_tax_basis_assumed,0.0,0.0,0.0,0.118,0.0,0.0,none,0.8,1.0,EU_AD,EU_SHARED,calendar_days_fixed,A_POLICY_COVER;A_EU_MIX;A_EU_FLOOR;A_FX;A_POLICY_UNKNOWN;A_TARIFF_FILL;A_PRICE_TAX;PV_AD_OFFSET_BOUND;POLICY_FIRM_YEAR_UNKNOWN,main,LOCAL_EXPORT_AHS,2013.0,UPDATED_CHINA_ORDINARY;EU_REPLACEMENT_ORIGIN_UNCHANGED
93.0,ITA,2013,2013-08-01,2013-08-05,8.0,5.0,0.0136986301369863,1.002196080959164,1.3362614412788856,1.002196080959164,1.3362614412788856,observed_quote_tax_basis_assumed,0.0,0.0,0.0,0.118,0.0,0.0,none,0.8,1.0,EU_AD,EU_SHARED,calendar_days_fixed,A_POLICY_COVER;A_EU_MIX;A_EU_FLOOR;A_FX;A_POLICY_UNKNOWN;A_TARIFF_FILL;A_PRICE_TAX;PV_AD_OFFSET_BOUND;POLICY_FIRM_YEAR_UNKNOWN,main,LOCAL_EXPORT_AHS,2013.0,UPDATED_CHINA_ORDINARY;EU_REPLACEMENT_ORIGIN_UNCHANGED
93.0,ITA,2013,2013-08-06,2013-08-31,8.0,26.0,0.0712328767123287,1.002196080959164,1.3362614412788856,1.002196080959164,1.3362614412788856,observed_quote_tax_basis_assumed,0.0,0.0,0.0,0.0,0.477,0.822644376490082,undertaking,0.8,1.0,EU_MIP,EU_SHARED,calendar_days_fixed,A_POLICY_COVER;A_EU_MIX;A_EU_FLOOR;A_FX;A_POLICY_UNKNOWN;A_TARIFF_FILL;A_PRICE_TAX;PV_AD_OFFSET_BOUND;POLICY_FIRM_YEAR_UNKNOWN,main,LOCAL_EXPORT_AHS,2013.0,UPDATED_CHINA_ORDINARY;EU_REPLACEMENT_ORIGIN_UNCHANGED
93.0,ITA,2013,2013-09-01,2013-09-30,9.0,30.0,0.0821917808219178,1.022721054412437,1.3313006828989482,1.022721054412437,1.3313006828989482,observed_quote_tax_basis_assumed,0.0,0.0,0.0,0.0,0.477,0.822644376490082,undertaking,0.8,1.0,EU_MIP,EU_SHARED,calendar_days_fixed,A_POLICY_COVER;A_EU_MIX;A_EU_FLOOR;A_FX;A_POLICY_UNKNOWN;A_TARIFF_FILL;A_PRICE_TAX;PV_AD_OFFSET_BOUND;POLICY_FIRM_YEAR_UNKNOWN,main,LOCAL_EXPORT_AHS,2013.0,UPDATED_CHINA_ORDINARY;EU_REPLACEMENT_ORIGIN_UNCHANGED
93.0,ITA,2013,2013-10-01,2013-10-31,10.0,31.0,0.084931506849315,1.0447150589940866,1.341918480949301,1.0447150589940866,1.341918480949301,observed_quote_tax_basis_assumed,0.0,0.0,0.0,0.0,0.477,0.822644376490082,undertaking,0.8,1.0,EU_MIP,EU_SHARED,calendar_days_fixed,A_POLICY_COVER;A_EU_MIX;A_EU_FLOOR;A_FX;A_POLICY_UNKNOWN;A_TARIFF_FILL;A_PRICE_TAX;PV_AD_OFFSET_BOUND;POLICY_FIRM_YEAR_UNKNOWN,main,LOCAL_EXPORT_AHS,2013.0,UPDATED_CHINA_ORDINARY;EU_REPLACEMENT_ORIGIN_UNCHANGED
93.0,ITA,2013,2013-11-01,2013-11-30,11.0,30.0,0.0821917808219178,1.0160063318033132,1.2566394103883085,1.0160063318033132,1.2566394103883085,observed_quote_tax_basis_assumed,0.0,0.0,0.0,0.0,0.477,0.822644376490082,undertaking,0.8,1.0,EU_MIP,EU_SHARED,calendar_days_fixed,A_POLICY_COVER;A_EU_MIX;A_EU_FLOOR;A_FX;A_POLICY_UNKNOWN;A_TARIFF_FILL;A_PRICE_TAX;PV_AD_OFFSET_BOUND;POLICY_FIRM_YEAR_UNKNOWN,main,LOCAL_EXPORT_AHS,2013.0,UPDATED_CHINA_ORDINARY;EU_REPLACEMENT_ORIGIN_UNCHANGED
93.0,ITA,2013,2013-12-01,2013-12-31,12.0,31.0,0.084931506849315,1.031871536498892,1.2581591541521575,1.031871536498892,1.2581591541521575,observed_quote_tax_basis_assumed,0.0,0.0,0.0,0.0,0.477,0.822644376490082,undertaking,0.8,1.0,EU_MIP,EU_SHARED,calendar_days_fixed,A_POLICY_COVER;A_EU_MIX;A_EU_FLOOR;A_FX;A_POLICY_UNKNOWN;A_TARIFF_FILL;A_PRICE_TAX;PV_AD_OFFSET_BOUND;POLICY_FIRM_YEAR_UNKNOWN,main,LOCAL_EXPORT_AHS,2013.0,UPDATED_CHINA_ORDINARY;EU_REPLACEMENT_ORIGIN_UNCHANGED
94.0,ITA,2014,2014-01-01,2014-01-31,1.0,31.0,0.084931506849315,1.0072924673496249,1.2193540394232298,1.0072924673496249,1.2193540394232298,observed_quote_tax_basis_assumed,0.0,0.0,0.0,0.0,0.477,0.8097563733019061,undertaking,0.8,1.0,EU_MIP,EU_SHARED,calendar_days_fixed,A_POLICY_COVER;A_EU_MIX;A_EU_FLOOR;A_FX;A_POLICY_UNKNOWN;A_TARIFF_FILL;A_PRICE_TAX;PV_AD_OFFSET_BOUND;POLICY_FIRM_YEAR_UNKNOWN,main,LOCAL_EXPORT_AHS,2014.0,UPDATED_CHINA_ORDINARY;EU_REPLACEMENT_ORIGIN_UNCHANGED
94.0,ITA,2014,2014-02-01,2014-02-28,2.0,28.0,0.0767123287671232,1.0463340822279374,1.2325460799125705,1.0463340822279374,1.2325460799125705,observed_quote_tax_basis_assumed,0.0,0.0,0.0,0.0,0.477,0.8097563733019061,undertaking,0.8,1.0,EU_MIP,EU_SHARED,calendar_days_fixed,A_POLICY_COVER;A_EU_MIX;A_EU_FLOOR;A_FX;A_POLICY_UNKNOWN;A_TARIFF_FILL;A_PRICE_TAX;PV_AD_OFFSET_BOUND;POLICY_FIRM_YEAR_UNKNOWN,main,LOCAL_EXPORT_AHS,2014.0,UPDATED_CHINA_ORDINARY;EU_REPLACEMENT_ORIGIN_UNCHANGED
94.0,ITA,2014,2014-03-01,2014-03-31,3.0,31.0,0.084931506849315,1.023935290408728,1.2305187261929451,1.023935290408728,1.2305187261929451,observed_quote_tax_basis_assumed,0.0,0.0,0.0,0.0,0.477,0.8097563733019061,undertaking,0.8,1.0,EU_MIP,EU_SHARED,calendar_days_fixed,A_POLICY_COVER;A_EU_MIX;A_EU_FLOOR;A_FX;A_POLICY_UNKNOWN;A_TARIFF_FILL;A_PRICE_TAX;PV_AD_OFFSET_BOUND;POLICY_FIRM_YEAR_UNKNOWN,main,LOCAL_EXPORT_AHS,2014.0,UPDATED_CHINA_ORDINARY;EU_REPLACEMENT_ORIGIN_UNCHANGED
94.0,ITA,2014,2014-04-01,2014-04-30,4.0,30.0,0.0821917808219178,1.0043282324389915,1.201606992382365,1.0043282324389915,1.201606992382365,observed_quote_tax_basis_assumed,0.0,0.0,0.0,0.0,0.477,0.8097563733019061,undertaking,0.8,1.0,EU_MIP,EU_SHARED,calendar_days_fixed,A_POLICY_COVER;A_EU_MIX;A_EU_FLOOR;A_FX;A_POLICY_UNKNOWN;A_TARIFF_FILL;A_PRICE_TAX;PV_AD_OFFSET_BOUND;POLICY_FIRM_YEAR_UNKNOWN,main,LOCAL_EXPORT_AHS,2014.0,UPDATED_CHINA_ORDINARY;EU_REPLACEMENT_ORIGIN_UNCHANGED
94.0,ITA,2014,2014-05-01,2014-05-31,5.0,31.0,0.084931506849315,0.998485340330426,1.1678712462793372,0.998485340330426,1.1678712462793372,observed_quote_tax_basis_assumed,0.0,0.0,0.0,0.0,0.477,0.8097563733019061,undertaking,0.8,1.0,EU_MIP,EU_SHARED,calendar_days_fixed,A_POLICY_COVER;A_EU_MIX;A_EU_FLOOR;A_FX;A_POLICY_UNKNOWN;A_TARIFF_FILL;A_PRICE_TAX;PV_AD_OFFSET_BOUND;POLICY_FIRM_YEAR_UNKNOWN,main,LOCAL_EXPORT_AHS,2014.0,UPDATED_CHINA_ORDINARY;EU_REPLACEMENT_ORIGIN_UNCHANGED
94.0,ITA,2014,2014-06-01,2014-06-30,6.0,30.0,0.0821917808219178,0.9706744104845764,1.1471606669363172,0.9706744104845764,1.1471606669363172,observed_quote_tax_basis_assumed,0.0,0.0,0.0,0.0,0.477,0.8097563733019061,undertaking,0.8,1.0,EU_MIP,EU_SHARED,calendar_days_fixed,A_POLICY_COVER;A_EU_MIX;A_EU_FLOOR;A_FX;A_POLICY_UNKNOWN;A_TARIFF_FILL;A_PRICE_TAX;PV_AD_OFFSET_BOUND;POLICY_FIRM_YEAR_UNKNOWN,main,LOCAL_EXPORT_AHS,2014.0,UPDATED_CHINA_ORDINARY;EU_REPLACEMENT_ORIGIN_UNCHANGED
94.0,ITA,2014,2014-07-01,2014-07-31,7.0,31.0,0.084931506849315,0.9668747294924476,1.1338803645865974,0.9668747294924476,1.1338803645865974,observed_quote_tax_basis_assumed,0.0,0.0,0.0,0.0,0.477,0.8097563733019061,undertaking,0.8,1.0,EU_MIP,EU_SHARED,calendar_days_fixed,A_POLICY_COVER;A_EU_MIX;A_EU_FLOOR;A_FX;A_POLICY_UNKNOWN;A_TARIFF_FILL;A_PRICE_TAX;PV_AD_OFFSET_BOUND;POLICY_FIRM_YEAR_UNKNOWN,main,LOCAL_EXPORT_AHS,2014.0,UPDATED_CHINA_ORDINARY;EU_REPLACEMENT_ORIGIN_UNCHANGED
94.0,ITA,2014,2014-08-01,2014-08-31,8.0,31.0,0.084931506849315,0.9336540934028892,1.1065529995886094,0.9336540934028892,1.1065529995886094,observed_quote_tax_basis_assumed,0.0,0.0,0.0,0.0,0.477,0.8097563733019061,undertaking,0.8,1.0,EU_MIP,EU_SHARED,calendar_days_fixed,A_POLICY_COVER;A_EU_MIX;A_EU_FLOOR;A_FX;A_POLICY_UNKNOWN;A_TARIFF_FILL;A_PRICE_TAX;PV_AD_OFFSET_BOUND;POLICY_FIRM_YEAR_UNKNOWN,main,LOCAL_EXPORT_AHS,2014.0,UPDATED_CHINA_ORDINARY;EU_REPLACEMENT_ORIGIN_UNCHANGED
94.0,ITA,2014,2014-09-01,2014-09-30,9.0,30.0,0.0821917808219178,0.9045753093677252,1.0553378609290127,0.9045753093677252,1.0553378609290127,observed_quote_tax_basis_assumed,0.0,0.0,0.0,0.0,0.477,0.8097563733019061,undertaking,0.8,1.0,EU_MIP,EU_SHARED,calendar_days_fixed,A_POLICY_COVER;A_EU_MIX;A_EU_FLOOR;A_FX;A_POLICY_UNKNOWN;A_TARIFF_FILL;A_PRICE_TAX;PV_AD_OFFSET_BOUND;POLICY_FIRM_YEAR_UNKNOWN,main,LOCAL_EXPORT_AHS,2014.0,UPDATED_CHINA_ORDINARY;EU_REPLACEMENT_ORIGIN_UNCHANGED
94.0,ITA,2014,2014-10-01,2014-10-31,10.0,31.0,0.084931506849315,0.8885453695095287,1.0119544486080745,0.8885453695095287,1.0119544486080745,observed_quote_tax_basis_assumed,0.0,0.0,0.0,0.0,0.477,0.8097563733019061,undertaking,0.8,1.0,EU_MIP,EU_SHARED,calendar_days_fixed,A_POLICY_COVER;A_EU_MIX;A_EU_FLOOR;A_FX;A_POLICY_UNKNOWN;A_TARIFF_FILL;A_PRICE_TAX;PV_AD_OFFSET_BOUND;POLICY_FIRM_YEAR_UNKNOWN,main,LOCAL_EXPORT_AHS,2014.0,UPDATED_CHINA_ORDINARY;EU_REPLACEMENT_ORIGIN_UNCHANGED
94.0,ITA,2014,2014-11-01,2014-11-30,11.0,30.0,0.0821917808219178,0.8582904677093165,0.9878437458541188,0.8582904677093165,0.9878437458541188,observed_quote_tax_basis_assumed,0.0,0.0,0.0,0.0,0.477,0.8097563733019061,undertaking,0.8,1.0,EU_MIP,EU_SHARED,calendar_days_fixed,A_POLICY_COVER;A_EU_MIX;A_EU_FLOOR;A_FX;A_POLICY_UNKNOWN;A_TARIFF_FILL;A_PRICE_TAX;PV_AD_OFFSET_BOUND;POLICY_FIRM_YEAR_UNKNOWN,main,LOCAL_EXPORT_AHS,2014.0,UPDATED_CHINA_ORDINARY;EU_REPLACEMENT_ORIGIN_UNCHANGED
94.0,ITA,2014,2014-12-01,2014-12-31,12.0,31.0,0.084931506849315,0.8627497629665737,0.984836993575051,0.8627497629665737,0.984836993575051,observed_quote_tax_basis_assumed,0.0,0.0,0.0,0.0,0.477,0.8097563733019061,undertaking,0.8,1.0,EU_MIP,EU_SHARED,calendar_days_fixed,A_POLICY_COVER;A_EU_MIX;A_EU_FLOOR;A_FX;A_POLICY_UNKNOWN;A_TARIFF_FILL;A_PRICE_TAX;PV_AD_OFFSET_BOUND;POLICY_FIRM_YEAR_UNKNOWN,main,LOCAL_EXPORT_AHS,2014.0,UPDATED_CHINA_ORDINARY;EU_REPLACEMENT_ORIGIN_UNCHANGED
95.0,ITA,2015,2015-01-01,2015-01-31,1.0,31.0,0.084931506849315,0.7836468068108556,0.8779746631862364,0.7836468068108556,0.8779746631862364,observed_quote_tax_basis_assumed,0.0,0.0,0.0,0.0,0.477,0.6754682361602754,undertaking,0.8,1.0,EU_MIP,EU_SHARED,calendar_days_fixed,A_POLICY_COVER;A_EU_MIX;A_EU_FLOOR;A_FX;A_POLICY_UNKNOWN;A_TARIFF_FILL;A_PRICE_TAX;PV_AD_OFFSET_BOUND;POLICY_FIRM_YEAR_UNKNOWN,main,LOCAL_EXPORT_AHS,2015.0,UPDATED_CHINA_ORDINARY;EU_REPLACEMENT_ORIGIN_UNCHANGED
95.0,ITA,2015,2015-02-01,2015-02-28,2.0,28.0,0.0767123287671232,0.7653267250677627,0.8503630278530696,0.7653267250677627,0.8503630278530696,observed_quote_tax_basis_assumed,0.0,0.0,0.0,0.0,0.477,0.6754682361602754,undertaking,0.8,1.0,EU_MIP,EU_SHARED,calendar_days_fixed,A_POLICY_COVER;A_EU_MIX;A_EU_FLOOR;A_FX;A_POLICY_UNKNOWN;A_TARIFF_FILL;A_PRICE_TAX;PV_AD_OFFSET_BOUND;POLICY_FIRM_YEAR_UNKNOWN,main,LOCAL_EXPORT_AHS,2015.0,UPDATED_CHINA_ORDINARY;EU_REPLACEMENT_ORIGIN_UNCHANGED
95.0,ITA,2015,2015-03-01,2015-03-31,3.0,31.0,0.084931506849315,0.7308038162617816,0.8323043462981401,0.7308038162617816,0.8323043462981401,observed_quote_tax_basis_assumed,0.0,0.0,0.0,0.0,0.477,0.6754682361602754,undertaking,0.8,1.0,EU_MIP,EU_SHARED,calendar_days_fixed,A_POLICY_COVER;A_EU_MIX;A_EU_FLOOR;A_FX;A_POLICY_UNKNOWN;A_TARIFF_FILL;A_PRICE_TAX;PV_AD_OFFSET_BOUND;POLICY_FIRM_YEAR_UNKNOWN,main,LOCAL_EXPORT_AHS,2015.0,UPDATED_CHINA_ORDINARY;EU_REPLACEMENT_ORIGIN_UNCHANGED
95.0,ITA,2015,2015-04-01,2015-04-30,4.0,30.0,0.0821917808219178,0.7403275288041375,0.8345510324701185,0.7403275288041375,0.8345510324701185,observed_quote_tax_basis_assumed,0.0,0.0,0.0,0.0,0.477,0.6754682361602754,undertaking,0.8,1.0,EU_MIP,EU_SHARED,calendar_days_fixed,A_POLICY_COVER;A_EU_MIX;A_EU_FLOOR;A_FX;A_POLICY_UNKNOWN;A_TARIFF_FILL;A_PRICE_TAX;PV_AD_OFFSET_BOUND;POLICY_FIRM_YEAR_UNKNOWN,main,LOCAL_EXPORT_AHS,2015.0,UPDATED_CHINA_ORDINARY;EU_REPLACEMENT_ORIGIN_UNCHANGED
95.0,ITA,2015,2015-05-01,2015-05-31,5.0,31.0,0.084931506849315,0.7796793226269166,0.8701778154318265,0.7796793226269166,0.8701778154318265,observed_quote_tax_basis_assumed,0.0,0.0,0.0,0.0,0.477,0.6754682361602754,undertaking,0.8,1.0,EU_MIP,EU_SHARED,calendar_days_fixed,A_POLICY_COVER;A_EU_MIX;A_EU_FLOOR;A_FX;A_POLICY_UNKNOWN;A_TARIFF_FILL;A_PRICE_TAX;PV_AD_OFFSET_BOUND;POLICY_FIRM_YEAR_UNKNOWN,main,LOCAL_EXPORT_AHS,2015.0,UPDATED_CHINA_ORDINARY;EU_REPLACEMENT_ORIGIN_UNCHANGED
95.0,ITA,2015,2015-06-01,2015-06-30,6.0,30.0,0.0821917808219178,0.7841322245706475,0.8681463914889309,0.7841322245706475,0.8681463914889309,observed_quote_tax_basis_assumed,0.0,0.0,0.0,0.0,0.477,0.6754682361602754,undertaking,0.8,1.0,EU_MIP,EU_SHARED,calendar_days_fixed,A_POLICY_COVER;A_EU_MIX;A_EU_FLOOR;A_FX;A_POLICY_UNKNOWN;A_TARIFF_FILL;A_PRICE_TAX;PV_AD_OFFSET_BOUND;POLICY_FIRM_YEAR_UNKNOWN,main,LOCAL_EXPORT_AHS,2015.0,UPDATED_CHINA_ORDINARY;EU_REPLACEMENT_ORIGIN_UNCHANGED
95.0,ITA,2015,2015-07-01,2015-07-31,7.0,31.0,0.084931506849315,0.7826573192219436,0.8444460549499919,0.7826573192219436,0.8444460549499919,observed_quote_tax_basis_assumed,0.0,0.0,0.0,0.0,0.477,0.6754682361602754,undertaking,0.8,1.0,EU_MIP,EU_SHARED,calendar_days_fixed,A_POLICY_COVER;A_EU_MIX;A_EU_FLOOR;A_FX;A_POLICY_UNKNOWN;A_TARIFF_FILL;A_PRICE_TAX;PV_AD_OFFSET_BOUND;POLICY_FIRM_YEAR_UNKNOWN,main,LOCAL_EXPORT_AHS,2015.0,UPDATED_CHINA_ORDINARY;EU_REPLACEMENT_ORIGIN_UNCHANGED
95.0,ITA,2015,2015-08-01,2015-08-31,8.0,31.0,0.084931506849315,0.7928546296754717,0.8484935510562066,0.7928546296754717,0.8484935510562066,observed_quote_tax_basis_assumed,0.0,0.0,0.0,0.0,0.477,0.6754682361602754,undertaking,0.8,1.0,EU_MIP,EU_SHARED,calendar_days_fixed,A_POLICY_COVER;A_EU_MIX;A_EU_FLOOR;A_FX;A_POLICY_UNKNOWN;A_TARIFF_FILL;A_PRICE_TAX;PV_AD_OFFSET_BOUND;POLICY_FIRM_YEAR_UNKNOWN,main,LOCAL_EXPORT_AHS,2015.0,UPDATED_CHINA_ORDINARY;EU_REPLACEMENT_ORIGIN_UNCHANGED
95.0,ITA,2015,2015-09-01,2015-09-30,9.0,30.0,0.0821917808219178,0.8238181179610751,0.8816299157127296,0.8238181179610751,0.8816299157127296,observed_quote_tax_basis_assumed,0.0,0.0,0.0,0.0,0.477,0.6754682361602754,undertaking,0.8,1.0,EU_MIP,EU_SHARED,calendar_days_fixed,A_POLICY_COVER;A_EU_MIX;A_EU_FLOOR;A_FX;A_POLICY_UNKNOWN;A_TARIFF_FILL;A_PRICE_TAX;PV_AD_OFFSET_BOUND;POLICY_FIRM_YEAR_UNKNOWN,main,LOCAL_EXPORT_AHS,2015.0,UPDATED_CHINA_ORDINARY;EU_REPLACEMENT_ORIGIN_UNCHANGED
95.0,ITA,2015,2015-10-01,2015-10-31,10.0,31.0,0.084931506849315,0.8090265672243003,0.8884845336481153,0.8090265672243003,0.8884845336481153,observed_quote_tax_basis_assumed,0.0,0.0,0.0,0.0,0.477,0.6754682361602754,undertaking,0.8,1.0,EU_MIP,EU_SHARED,calendar_days_fixed,A_POLICY_COVER;A_EU_MIX;A_EU_FLOOR;A_FX;A_POLICY_UNKNOWN;A_TARIFF_FILL;A_PRICE_TAX;PV_AD_OFFSET_BOUND;POLICY_FIRM_YEAR_UNKNOWN,main,LOCAL_EXPORT_AHS,2015.0,UPDATED_CHINA_ORDINARY;EU_REPLACEMENT_ORIGIN_UNCHANGED
95.0,ITA,2015,2015-11-01,2015-11-30,11.0,30.0,0.0821917808219178,0.7603831200676149,0.8571591535307657,0.7603831200676149,0.8571591535307657,observed_quote_tax_basis_assumed,0.0,0.0,0.0,0.0,0.477,0.6754682361602754,undertaking,0.8,1.0,EU_MIP,EU_SHARED,calendar_days_fixed,A_POLICY_COVER;A_EU_MIX;A_EU_FLOOR;A_FX;A_POLICY_UNKNOWN;A_TARIFF_FILL;A_PRICE_TAX;PV_AD_OFFSET_BOUND;POLICY_FIRM_YEAR_UNKNOWN,main,LOCAL_EXPORT_AHS,2015.0,UPDATED_CHINA_ORDINARY;EU_REPLACEMENT_ORIGIN_UNCHANGED
95.0,ITA,2015,2015-12-01,2015-12-31,12.0,31.0,0.084931506849315,0.770105042618891,0.861117456746578,0.770105042618891,0.861117456746578,observed_quote_tax_basis_assumed,0.0,0.0,0.0,0.0,0.477,0.6754682361602754,undertaking,0.8,1.0,EU_MIP,EU_SHARED,calendar_days_fixed,A_POLICY_COVER;A_EU_MIX;A_EU_FLOOR;A_FX;A_POLICY_UNKNOWN;A_TARIFF_FILL;A_PRICE_TAX;PV_AD_OFFSET_BOUND;POLICY_FIRM_YEAR_UNKNOWN,main,LOCAL_EXPORT_AHS,2015.0,UPDATED_CHINA_ORDINARY;EU_REPLACEMENT_ORIGIN_UNCHANGED
96.0,ITA,2016,2016-01-01,2016-01-31,1.0,31.0,0.0846994535519125,0.7754609470994799,0.8654698070306694,0.7754609470994799,0.8654698070306694,observed_quote_tax_basis_assumed,0.0,0.0,0.0,0.0,0.477,0.6654901018970281,undertaking,0.8,1.0,EU_MIP,EU_SHARED,calendar_days_fixed,A_POLICY_COVER;A_EU_MIX;A_EU_FLOOR;A_FX;A_POLICY_UNKNOWN;A_TARIFF_FILL;A_PRICE_TAX;PV_AD_OFFSET_BOUND;POLICY_FIRM_YEAR_UNKNOWN,main,LOCAL_EXPORT_AHS,2016.0,UPDATED_CHINA_ORDINARY;EU_REPLACEMENT_ORIGIN_UNCHANGED
96.0,ITA,2016,2016-02-01,2016-02-29,2.0,29.0,0.0792349726775956,0.7780005038629495,0.8699460179558434,0.7780005038629495,0.8699460179558434,observed_quote_tax_basis_assumed,0.0,0.0,0.0,0.0,0.477,0.6654901018970281,undertaking,0.8,1.0,EU_MIP,EU_SHARED,calendar_days_fixed,A_POLICY_COVER;A_EU_MIX;A_EU_FLOOR;A_FX;A_POLICY_UNKNOWN;A_TARIFF_FILL;A_PRICE_TAX;PV_AD_OFFSET_BOUND;POLICY_FIRM_YEAR_UNKNOWN,main,LOCAL_EXPORT_AHS,2016.0,UPDATED_CHINA_ORDINARY;EU_REPLACEMENT_ORIGIN_UNCHANGED
96.0,ITA,2016,2016-03-01,2016-03-31,3.0,31.0,0.0846994535519125,0.7787644863397156,0.8495612578251441,0.7787644863397156,0.8495612578251441,observed_quote_tax_basis_assumed,0.0,0.0,0.0,0.0,0.477,0.6654901018970281,undertaking,0.8,1.0,EU_MIP,EU_SHARED,calendar_days_fixed,A_POLICY_COVER;A_EU_MIX;A_EU_FLOOR;A_FX;A_POLICY_UNKNOWN;A_TARIFF_FILL;A_PRICE_TAX;PV_AD_OFFSET_BOUND;POLICY_FIRM_YEAR_UNKNOWN,main,LOCAL_EXPORT_AHS,2016.0,UPDATED_CHINA_ORDINARY;EU_REPLACEMENT_ORIGIN_UNCHANGED
96.0,ITA,2016,2016-04-01,2016-04-30,4.0,30.0,0.081967213114754,0.7944156135931028,0.8738571749524129,0.7944156135931028,0.8738571749524129,observed_quote_tax_basis_assumed,0.0,0.0,0.0,0.0,0.477,0.6654901018970281,undertaking,0.8,1.0,EU_MIP,EU_SHARED,calendar_days_fixed,A_POLICY_COVER;A_EU_MIX;A_EU_FLOOR;A_FX;A_POLICY_UNKNOWN;A_TARIFF_FILL;A_PRICE_TAX;PV_AD_OFFSET_BOUND;POLICY_FIRM_YEAR_UNKNOWN,main,LOCAL_EXPORT_AHS,2016.0,UPDATED_CHINA_ORDINARY;EU_REPLACEMENT_ORIGIN_UNCHANGED
96.0,ITA,2016,2016-05-01,2016-05-31,5.0,31.0,0.0846994535519125,0.7782994701499374,0.8575707124800236,0.7782994701499374,0.8575707124800236,observed_quote_tax_basis_assumed,0.0,0.0,0.0,0.0,0.477,0.6654901018970281,undertaking,0.8,1.0,EU_MIP,EU_SHARED,calendar_days_fixed,A_POLICY_COVER;A_EU_MIX;A_EU_FLOOR;A_FX;A_POLICY_UNKNOWN;A_TARIFF_FILL;A_PRICE_TAX;PV_AD_OFFSET_BOUND;POLICY_FIRM_YEAR_UNKNOWN,main,LOCAL_EXPORT_AHS,2016.0,UPDATED_CHINA_ORDINARY;EU_REPLACEMENT_ORIGIN_UNCHANGED
96.0,ITA,2016,2016-06-01,2016-06-30,6.0,30.0,0.081967213114754,0.7591586187691494,0.8379392301508536,0.7591586187691494,0.8379392301508536,observed_quote_tax_basis_assumed,0.0,0.0,0.0,0.0,0.477,0.6654901018970281,undertaking,0.8,1.0,EU_MIP,EU_SHARED,calendar_days_fixed,A_POLICY_COVER;A_EU_MIX;A_EU_FLOOR;A_FX;A_POLICY_UNKNOWN;A_TARIFF_FILL;A_PRICE_TAX;PV_AD_OFFSET_BOUND;POLICY_FIRM_YEAR_UNKNOWN,main,LOCAL_EXPORT_AHS,2016.0,UPDATED_CHINA_ORDINARY;EU_REPLACEMENT_ORIGIN_UNCHANGED
96.0,ITA,2016,2016-07-01,2016-07-31,7.0,31.0,0.0846994535519125,0.7330790988487496,0.8035674737380523,0.7330790988487496,0.8035674737380523,observed_quote_tax_basis_assumed,0.0,0.0,0.0,0.0,0.477,0.6654901018970281,undertaking,0.8,1.0,EU_MIP,EU_SHARED,calendar_days_fixed,A_POLICY_COVER;A_EU_MIX;A_EU_FLOOR;A_FX;A_POLICY_UNKNOWN;A_TARIFF_FILL;A_PRICE_TAX;PV_AD_OFFSET_BOUND;POLICY_FIRM_YEAR_UNKNOWN,main,LOCAL_EXPORT_AHS,2016.0,UPDATED_CHINA_ORDINARY;EU_REPLACEMENT_ORIGIN_UNCHANGED
96.0,ITA,2016,2016-08-01,2016-08-31,8.0,31.0,0.0846994535519125,0.7280738985555929,0.8280056101220468,0.7280738985555929,0.8280056101220468,observed_quote_tax_basis_assumed,0.0,0.0,0.0,0.0,0.477,0.6654901018970281,undertaking,0.8,1.0,EU_MIP,EU_SHARED,calendar_days_fixed,A_POLICY_COVER;A_EU_MIX;A_EU_FLOOR;A_FX;A_POLICY_UNKNOWN;A_TARIFF_FILL;A_PRICE_TAX;PV_AD_OFFSET_BOUND;POLICY_FIRM_YEAR_UNKNOWN,main,LOCAL_EXPORT_AHS,2016.0,UPDATED_CHINA_ORDINARY;EU_REPLACEMENT_ORIGIN_UNCHANGED
96.0,ITA,2016,2016-09-01,2016-09-30,9.0,30.0,0.081967213114754,0.7423697374619559,0.7923369313295875,0.7423697374619559,0.7923369313295875,observed_quote_tax_basis_assumed,0.0,0.0,0.0,0.0,0.477,0.6654901018970281,undertaking,0.8,1.0,EU_MIP,EU_SHARED,calendar_days_fixed,A_POLICY_COVER;A_EU_MIX;A_EU_FLOOR;A_FX;A_POLICY_UNKNOWN;A_TARIFF_FILL;A_PRICE_TAX;PV_AD_OFFSET_BOUND;POLICY_FIRM_YEAR_UNKNOWN,main,LOCAL_EXPORT_AHS,2016.0,UPDATED_CHINA_ORDINARY;EU_REPLACEMENT_ORIGIN_UNCHANGED
96.0,ITA,2016,2016-10-01,2016-10-31,10.0,31.0,0.0846994535519125,0.7036858447593164,0.774054429235248,0.7036858447593164,0.774054429235248,observed_quote_tax_basis_assumed,0.0,0.0,0.0,0.0,0.477,0.6654901018970281,undertaking,0.8,1.0,EU_MIP,EU_SHARED,calendar_days_fixed,A_POLICY_COVER;A_EU_MIX;A_EU_FLOOR;A_FX;A_POLICY_UNKNOWN;A_TARIFF_FILL;A_PRICE_TAX;PV_AD_OFFSET_BOUND;POLICY_FIRM_YEAR_UNKNOWN,main,LOCAL_EXPORT_AHS,2016.0,UPDATED_CHINA_ORDINARY;EU_REPLACEMENT_ORIGIN_UNCHANGED
96.0,ITA,2016,2016-11-01,2016-11-30,11.0,30.0,0.081967213114754,0.6749440466200466,0.7438158881118881,0.6749440466200466,0.7438158881118881,observed_quote_tax_basis_assumed,0.0,0.0,0.0,0.0,0.477,0.6654901018970281,undertaking,0.8,1.0,EU_MIP,EU_SHARED,calendar_days_fixed,A_POLICY_COVER;A_EU_MIX;A_EU_FLOOR;A_FX;A_POLICY_UNKNOWN;A_TARIFF_FILL;A_PRICE_TAX;PV_AD_OFFSET_BOUND;POLICY_FIRM_YEAR_UNKNOWN,main,LOCAL_EXPORT_AHS,2016.0,UPDATED_CHINA_ORDINARY;EU_REPLACEMENT_ORIGIN_UNCHANGED
96.0,ITA,2016,2016-12-01,2016-12-31,12.0,31.0,0.0846994535519125,0.6716546528435174,0.7186704785425637,0.6716546528435174,0.7186704785425637,observed_quote_tax_basis_assumed,0.0,0.0,0.0,0.0,0.477,0.6654901018970281,undertaking,0.8,1.0,EU_MIP,EU_SHARED,calendar_days_fixed,A_POLICY_COVER;A_EU_MIX;A_EU_FLOOR;A_FX;A_POLICY_UNKNOWN;A_TARIFF_FILL;A_PRICE_TAX;PV_AD_OFFSET_BOUND;POLICY_FIRM_YEAR_UNKNOWN,main,LOCAL_EXPORT_AHS,2016.0,UPDATED_CHINA_ORDINARY;EU_REPLACEMENT_ORIGIN_UNCHANGED
97.0,ITA,2017,2017-01-01,2017-01-31,1.0,31.0,0.084931506849315,0.65131797346,0.6978406858499999,0.65131797346,0.6978406858499999,observed_quote_tax_basis_assumed,0.0,0.0,0.0,0.0,0.477,0.6650304059970626,undertaking,0.8,1.0,EU_MIP,EU_SHARED,calendar_days_fixed,A_POLICY_COVER;A_EU_MIX;A_EU_FLOOR;A_FX;A_POLICY_UNKNOWN;A_TARIFF_FILL;A_PRICE_TAX;PV_AD_OFFSET_BOUND;POLICY_FIRM_YEAR_UNKNOWN,main,LOCAL_EXPORT_AHS,2017.0,UPDATED_CHINA_ORDINARY;EU_REPLACEMENT_ORIGIN_UNCHANGED
97.0,ITA,2017,2017-02-01,2017-02-28,2.0,28.0,0.0767123287671232,0.653336242055,0.680003027445,0.653336242055,0.680003027445,observed_quote_tax_basis_assumed,0.0,0.0,0.0,0.0,0.477,0.6650304059970626,undertaking,0.8,1.0,EU_MIP,EU_SHARED,calendar_days_fixed,A_POLICY_COVER;A_EU_MIX;A_EU_FLOOR;A_FX;A_POLICY_UNKNOWN;A_TARIFF_FILL;A_PRICE_TAX;PV_AD_OFFSET_BOUND;POLICY_FIRM_YEAR_UNKNOWN,main,LOCAL_EXPORT_AHS,2017.0,UPDATED_CHINA_ORDINARY;EU_REPLACEMENT_ORIGIN_UNCHANGED
97.0,ITA,2017,2017-03-01,2017-03-31,3.0,31.0,0.084931506849315,0.6288995552,0.66904208,0.6288995552,0.66904208,observed_quote_tax_basis_assumed,0.0,0.0,0.0,0.0,0.477,0.6650304059970626,undertaking,0.8,1.0,EU_MIP,EU_SHARED,calendar_days_fixed,A_POLICY_COVER;A_EU_MIX;A_EU_FLOOR;A_FX;A_POLICY_UNKNOWN;A_TARIFF_FILL;A_PRICE_TAX;PV_AD_OFFSET_BOUND;POLICY_FIRM_YEAR_UNKNOWN,main,LOCAL_EXPORT_AHS,2017.0,UPDATED_CHINA_ORDINARY;EU_REPLACEMENT_ORIGIN_UNCHANGED
97.0,ITA,2017,2017-04-01,2017-04-30,4.0,30.0,0.0821917808219178,0.6161349233900001,0.6630147545175,0.6161349233900001,0.6630147545175,observed_quote_tax_basis_assumed,0.0,0.0,0.0,0.0,0.477,0.6650304059970626,undertaking,0.8,1.0,EU_MIP,EU_SHARED,calendar_days_fixed,A_POLICY_COVER;A_EU_MIX;A_EU_FLOOR;A_FX;A_POLICY_UNKNOWN;A_TARIFF_FILL;A_PRICE_TAX;PV_AD_OFFSET_BOUND;POLICY_FIRM_YEAR_UNKNOWN,main,LOCAL_EXPORT_AHS,2017.0,UPDATED_CHINA_ORDINARY;EU_REPLACEMENT_ORIGIN_UNCHANGED
97.0,ITA,2017,2017-05-01,2017-05-31,5.0,31.0,0.084931506849315,0.6360321647399999,0.67751252331,0.6360321647399999,0.67751252331,observed_quote_tax_basis_assumed,0.0,0.0,0.0,0.0,0.477,0.6650304059970626,undertaking,0.8,1.0,EU_MIP,EU_SHARED,calendar_days_fixed,A_POLICY_COVER;A_EU_MIX;A_EU_FLOOR;A_FX;A_POLICY_UNKNOWN;A_TARIFF_FILL;A_PRICE_TAX;PV_AD_OFFSET_BOUND;POLICY_FIRM_YEAR_UNKNOWN,main,LOCAL_EXPORT_AHS,2017.0,UPDATED_CHINA_ORDINARY;EU_REPLACEMENT_ORIGIN_UNCHANGED
97.0,ITA,2017,2017-06-01,2017-06-30,6.0,30.0,0.0821917808219178,0.6834862197535653,0.7587457241032978,,,index_bridge,0.0,0.0,0.0,0.0,0.477,0.6650304059970626,undertaking,0.8,1.0,EU_MIP,EU_SHARED,calendar_days_fixed,A_POLICY_COVER;A_EU_MIX;A_EU_FLOOR;A_FX;A_POLICY_UNKNOWN;A_TARIFF_FILL;A_PRICE_TAX;PV_AD_OFFSET_BOUND;POLICY_FIRM_YEAR_UNKNOWN,main,LOCAL_EXPORT_AHS,2017.0,UPDATED_CHINA_ORDINARY;EU_REPLACEMENT_ORIGIN_UNCHANGED
97.0,ITA,2017,2017-07-01,2017-07-31,7.0,31.0,0.084931506849315,0.7190854065307387,0.7982647809154071,,,index_bridge,0.0,0.0,0.0,0.0,0.477,0.6650304059970626,undertaking,0.8,1.0,EU_MIP,EU_SHARED,calendar_days_fixed,A_POLICY_COVER;A_EU_MIX;A_EU_FLOOR;A_FX;A_POLICY_UNKNOWN;A_TARIFF_FILL;A_PRICE_TAX;PV_AD_OFFSET_BOUND;POLICY_FIRM_YEAR_UNKNOWN,main,LOCAL_EXPORT_AHS,2017.0,UPDATED_CHINA_ORDINARY;EU_REPLACEMENT_ORIGIN_UNCHANGED
97.0,ITA,2017,2017-08-01,2017-08-31,8.0,31.0,0.084931506849315,0.7376777050824325,0.8189043002204721,,,index_bridge,0.0,0.0,0.0,0.0,0.477,0.6650304059970626,undertaking,0.8,1.0,EU_MIP,EU_SHARED,calendar_days_fixed,A_POLICY_COVER;A_EU_MIX;A_EU_FLOOR;A_FX;A_POLICY_UNKNOWN;A_TARIFF_FILL;A_PRICE_TAX;PV_AD_OFFSET_BOUND;POLICY_FIRM_YEAR_UNKNOWN,main,LOCAL_EXPORT_AHS,2017.0,UPDATED_CHINA_ORDINARY;EU_REPLACEMENT_ORIGIN_UNCHANGED
97.0,ITA,2017,2017-09-01,2017-09-30,9.0,30.0,0.0821917808219178,0.7443664359352588,0.8263295354155424,,,index_bridge,0.0,0.0,0.0,0.0,0.477,0.6650304059970626,undertaking,0.8,1.0,EU_MIP,EU_SHARED,calendar_days_fixed,A_POLICY_COVER;A_EU_MIX;A_EU_FLOOR;A_FX;A_POLICY_UNKNOWN;A_TARIFF_FILL;A_PRICE_TAX;PV_AD_OFFSET_BOUND;POLICY_FIRM_YEAR_UNKNOWN,main,LOCAL_EXPORT_AHS,2017.0,UPDATED_CHINA_ORDINARY;EU_REPLACEMENT_ORIGIN_UNCHANGED
97.0,ITA,2017,2017-10-01,2017-10-31,10.0,31.0,0.084931506849315,0.7152718333710166,0.7940312905466657,,,index_bridge,0.0,0.0,0.0,0.0,0.477,0.5710587181931299,variable_MIP_duty,0.8,1.0,EU_MIP,EU_SHARED,calendar_days_fixed,A_POLICY_COVER;A_EU_MIX;A_EU_FLOOR;A_FX;A_POLICY_UNKNOWN;A_TARIFF_FILL;A_PRICE_TAX;PV_AD_OFFSET_BOUND;POLICY_FIRM_YEAR_UNKNOWN,main,LOCAL_EXPORT_AHS,2017.0,UPDATED_CHINA_ORDINARY;EU_REPLACEMENT_ORIGIN_UNCHANGED
97.0,ITA,2017,2017-11-01,2017-11-30,11.0,30.0,0.0821917808219178,0.6803818599439665,0.7552995394348484,,,index_bridge,0.0,0.0,0.0,0.0,0.477,0.5710587181931299,variable_MIP_duty,0.8,1.0,EU_MIP,EU_SHARED,calendar_days_fixed,A_POLICY_COVER;A_EU_MIX;A_EU_FLOOR;A_FX;A_POLICY_UNKNOWN;A_TARIFF_FILL;A_PRICE_TAX;PV_AD_OFFSET_BOUND;POLICY_FIRM_YEAR_UNKNOWN,main,LOCAL_EXPORT_AHS,2017.0,UPDATED_CHINA_ORDINARY;EU_REPLACEMENT_ORIGIN_UNCHANGED
97.0,ITA,2017,2017-12-01,2017-12-31,12.0,31.0,0.084931506849315,0.6512233829889086,0.722930386887791,,,index_bridge,0.0,0.0,0.0,0.0,0.477,0.5710587181931299,variable_MIP_duty,0.8,1.0,EU_MIP,EU_SHARED,calendar_days_fixed,A_POLICY_COVER;A_EU_MIX;A_EU_FLOOR;A_FX;A_POLICY_UNKNOWN;A_TARIFF_FILL;A_PRICE_TAX;PV_AD_OFFSET_BOUND;POLICY_FIRM_YEAR_UNKNOWN,main,LOCAL_EXPORT_AHS,2017.0,UPDATED_CHINA_ORDINARY;EU_REPLACEMENT_ORIGIN_UNCHANGED
98.0,ITA,2018,2018-01-01,2018-01-31,1.0,31.0,0.084931506849315,0.655027440164083,0.7271533134552772,,,index_bridge,0.0,0.0,0.0,0.0,0.477,0.5384969307307245,variable_MIP_duty,0.8,1.0,EU_MIP,EU_SHARED,calendar_days_fixed,A_POLICY_COVER;A_EU_MIX;A_EU_FLOOR;A_FX;A_POLICY_UNKNOWN;A_TARIFF_FILL;A_PRICE_TAX;PV_AD_OFFSET_BOUND;POLICY_FIRM_YEAR_UNKNOWN,main,LOCAL_EXPORT_AHS,2018.0,UPDATED_CHINA_ORDINARY;EU_REPLACEMENT_ORIGIN_UNCHANGED
98.0,ITA,2018,2018-02-01,2018-02-28,2.0,28.0,0.0767123287671232,0.6647304348272245,0.7379247167387408,,,index_bridge,0.0,0.0,0.0,0.0,0.477,0.5384969307307245,variable_MIP_duty,0.8,1.0,EU_MIP,EU_SHARED,calendar_days_fixed,A_POLICY_COVER;A_EU_MIX;A_EU_FLOOR;A_FX;A_POLICY_UNKNOWN;A_TARIFF_FILL;A_PRICE_TAX;PV_AD_OFFSET_BOUND;POLICY_FIRM_YEAR_UNKNOWN,main,LOCAL_EXPORT_AHS,2018.0,UPDATED_CHINA_ORDINARY;EU_REPLACEMENT_ORIGIN_UNCHANGED
98.0,ITA,2018,2018-03-01,2018-03-31,3.0,31.0,0.084931506849315,0.6450430138824986,0.7160694897733482,,,index_bridge,0.0,0.0,0.0,0.0,0.477,0.5384969307307245,variable_MIP_duty,0.8,1.0,EU_MIP,EU_SHARED,calendar_days_fixed,A_POLICY_COVER;A_EU_MIX;A_EU_FLOOR;A_FX;A_POLICY_UNKNOWN;A_TARIFF_FILL;A_PRICE_TAX;PV_AD_OFFSET_BOUND;POLICY_FIRM_YEAR_UNKNOWN,main,LOCAL_EXPORT_AHS,2018.0,UPDATED_CHINA_ORDINARY;EU_REPLACEMENT_ORIGIN_UNCHANGED
98.0,ITA,2018,2018-04-01,2018-04-30,4.0,30.0,0.0821917808219178,0.6248356131344818,0.6936370273919885,,,index_bridge,0.0,0.0,0.0,0.0,0.477,0.5089902495947943,variable_MIP_duty,0.8,1.0,EU_MIP,EU_SHARED,calendar_days_fixed,A_POLICY_COVER;A_EU_MIX;A_EU_FLOOR;A_FX;A_POLICY_UNKNOWN;A_TARIFF_FILL;A_PRICE_TAX;PV_AD_OFFSET_BOUND;POLICY_FIRM_YEAR_UNKNOWN,main,LOCAL_EXPORT_AHS,2018.0,UPDATED_CHINA_ORDINARY;EU_REPLACEMENT_ORIGIN_UNCHANGED
98.0,ITA,2018,2018-05-01,2018-05-31,5.0,31.0,0.084931506849315,0.5850384784497941,0.6494577814893321,,,index_bridge,0.0,0.0,0.0,0.0,0.477,0.5089902495947943,variable_MIP_duty,0.8,1.0,EU_MIP,EU_SHARED,calendar_days_fixed,A_POLICY_COVER;A_EU_MIX;A_EU_FLOOR;A_FX;A_POLICY_UNKNOWN;A_TARIFF_FILL;A_PRICE_TAX;PV_AD_OFFSET_BOUND;POLICY_FIRM_YEAR_UNKNOWN,main,LOCAL_EXPORT_AHS,2018.0,UPDATED_CHINA_ORDINARY;EU_REPLACEMENT_ORIGIN_UNCHANGED
98.0,ITA,2018,2018-06-01,2018-06-30,6.0,30.0,0.0821917808219178,0.5600553168749636,0.6217236934102497,,,index_bridge,0.0,0.0,0.0,0.0,0.477,0.5089902495947943,variable_MIP_duty,0.8,1.0,EU_MIP,EU_SHARED,calendar_days_fixed,A_POLICY_COVER;A_EU_MIX;A_EU_FLOOR;A_FX;A_POLICY_UNKNOWN;A_TARIFF_FILL;A_PRICE_TAX;PV_AD_OFFSET_BOUND;POLICY_FIRM_YEAR_UNKNOWN,main,LOCAL_EXPORT_AHS,2018.0,UPDATED_CHINA_ORDINARY;EU_REPLACEMENT_ORIGIN_UNCHANGED
98.0,ITA,2018,2018-07-01,2018-07-31,7.0,31.0,0.084931506849315,0.5436607621600794,0.6035239142062432,,,index_bridge,0.0,0.0,0.0,0.0,0.477,0.4794835684588642,variable_MIP_duty,0.8,1.0,EU_MIP,EU_SHARED,calendar_days_fixed,A_POLICY_COVER;A_EU_MIX;A_EU_FLOOR;A_FX;A_POLICY_UNKNOWN;A_TARIFF_FILL;A_PRICE_TAX;PV_AD_OFFSET_BOUND;POLICY_FIRM_YEAR_UNKNOWN,main,LOCAL_EXPORT_AHS,2018.0,UPDATED_CHINA_ORDINARY;EU_REPLACEMENT_ORIGIN_UNCHANGED
98.0,ITA,2018,2018-08-01,2018-08-31,8.0,31.0,0.084931506849315,0.5200018991617037,0.577259944841015,,,index_bridge,0.0,0.0,0.0,0.0,0.477,0.4794835684588642,variable_MIP_duty,0.8,1.0,EU_MIP,EU_SHARED,calendar_days_fixed,A_POLICY_COVER;A_EU_MIX;A_EU_FLOOR;A_FX;A_POLICY_UNKNOWN;A_TARIFF_FILL;A_PRICE_TAX;PV_AD_OFFSET_BOUND;POLICY_FIRM_YEAR_UNKNOWN,main,LOCAL_EXPORT_AHS,2018.0,UPDATED_CHINA_ORDINARY;EU_REPLACEMENT_ORIGIN_UNCHANGED
98.0,ITA,2018,2018-09-01,2018-09-02,9.0,2.0,0.0054794520547945,0.491111693367402,0.54518860312063,,,index_bridge,0.0,0.0,0.0,0.0,0.477,0.4794835684588642,variable_MIP_duty,0.8,1.0,EU_MIP,EU_SHARED,calendar_days_fixed,A_POLICY_COVER;A_EU_MIX;A_EU_FLOOR;A_FX;A_POLICY_UNKNOWN;A_TARIFF_FILL;A_PRICE_TAX;PV_AD_OFFSET_BOUND;POLICY_FIRM_YEAR_UNKNOWN,main,LOCAL_EXPORT_AHS,2018.0,UPDATED_CHINA_ORDINARY;EU_REPLACEMENT_ORIGIN_UNCHANGED
98.0,ITA,2018,2018-09-03,2018-09-30,9.0,28.0,0.0767123287671232,0.491111693367402,0.54518860312063,,,index_bridge,0.0,0.0,0.0,0.0,0.0,0.0,none,0.8,1.0,,EU_SHARED,calendar_days_fixed,A_POLICY_COVER;A_EU_MIX;A_EU_FLOOR;A_FX;A_POLICY_UNKNOWN;A_TARIFF_FILL;A_PRICE_TAX;PV_AD_OFFSET_BOUND;POLICY_FIRM_YEAR_UNKNOWN,main,LOCAL_EXPORT_AHS,2018.0,UPDATED_CHINA_ORDINARY;EU_REPLACEMENT_ORIGIN_UNCHANGED
98.0,ITA,2018,2018-10-01,2018-10-31,10.0,31.0,0.084931506849315,0.4860318235809892,0.5395493826534903,,,index_bridge,0.0,0.0,0.0,0.0,0.0,0.0,none,0.8,1.0,,EU_SHARED,calendar_days_fixed,A_POLICY_COVER;A_EU_MIX;A_EU_FLOOR;A_FX;A_POLICY_UNKNOWN;A_TARIFF_FILL;A_PRICE_TAX;PV_AD_OFFSET_BOUND;POLICY_FIRM_YEAR_UNKNOWN,main,LOCAL_EXPORT_AHS,2018.0,UPDATED_CHINA_ORDINARY;EU_REPLACEMENT_ORIGIN_UNCHANGED
98.0,ITA,2018,2018-11-01,2018-11-30,11.0,30.0,0.0821917808219178,0.4461069108009444,0.4952282888529768,,,index_bridge,0.0,0.0,0.0,0.0,0.0,0.0,none,0.8,1.0,,EU_SHARED,calendar_days_fixed,A_POLICY_COVER;A_EU_MIX;A_EU_FLOOR;A_FX;A_POLICY_UNKNOWN;A_TARIFF_FILL;A_PRICE_TAX;PV_AD_OFFSET_BOUND;POLICY_FIRM_YEAR_UNKNOWN,main,LOCAL_EXPORT_AHS,2018.0,UPDATED_CHINA_ORDINARY;EU_REPLACEMENT_ORIGIN_UNCHANGED
98.0,ITA,2018,2018-12-01,2018-12-31,12.0,31.0,0.084931506849315,0.445321925914791,0.4943568683200664,,,index_bridge,0.0,0.0,0.0,0.0,0.0,0.0,none,0.8,1.0,,EU_SHARED,calendar_days_fixed,A_POLICY_COVER;A_EU_MIX;A_EU_FLOOR;A_FX;A_POLICY_UNKNOWN;A_TARIFF_FILL;A_PRICE_TAX;PV_AD_OFFSET_BOUND;POLICY_FIRM_YEAR_UNKNOWN,main,LOCAL_EXPORT_AHS,2018.0,UPDATED_CHINA_ORDINARY;EU_REPLACEMENT_ORIGIN_UNCHANGED
99.0,ITA,2019,2019-01-01,2019-01-31,1.0,31.0,0.084931506849315,0.4407953936392269,0.4893319140344654,,,index_bridge,0.0,0.0,0.0,0.0,0.0,0.0,none,0.8,1.0,,EU_SHARED,calendar_days_fixed,A_POLICY_COVER;A_EU_MIX;A_EU_FLOOR;A_FX;A_POLICY_UNKNOWN;A_TARIFF_FILL;A_PRICE_TAX;PV_AD_OFFSET_BOUND;POLICY_FIRM_YEAR_UNKNOWN,main,LOCAL_EXPORT_AHS,2019.0,UPDATED_CHINA_ORDINARY;EU_REPLACEMENT_ORIGIN_UNCHANGED
99.0,ITA,2019,2019-02-01,2019-02-28,2.0,28.0,0.0767123287671232,0.4220528087387762,0.4685255601668083,,,index_bridge,0.0,0.0,0.0,0.0,0.0,0.0,none,0.8,1.0,,EU_SHARED,calendar_days_fixed,A_POLICY_COVER;A_EU_MIX;A_EU_FLOOR;A_FX;A_POLICY_UNKNOWN;A_TARIFF_FILL;A_PRICE_TAX;PV_AD_OFFSET_BOUND;POLICY_FIRM_YEAR_UNKNOWN,main,LOCAL_EXPORT_AHS,2019.0,UPDATED_CHINA_ORDINARY;EU_REPLACEMENT_ORIGIN_UNCHANGED
99.0,ITA,2019,2019-03-01,2019-03-31,3.0,31.0,0.084931506849315,0.43639361763407,0.4844454530849272,,,index_bridge,0.0,0.0,0.0,0.0,0.0,0.0,none,0.8,1.0,,EU_SHARED,calendar_days_fixed,A_POLICY_COVER;A_EU_MIX;A_EU_FLOOR;A_FX;A_POLICY_UNKNOWN;A_TARIFF_FILL;A_PRICE_TAX;PV_AD_OFFSET_BOUND;POLICY_FIRM_YEAR_UNKNOWN,main,LOCAL_EXPORT_AHS,2019.0,UPDATED_CHINA_ORDINARY;EU_REPLACEMENT_ORIGIN_UNCHANGED
99.0,ITA,2019,2019-04-01,2019-04-30,4.0,30.0,0.0821917808219178,0.4178512434680968,0.4638613554008097,,,index_bridge,0.0,0.0,0.0,0.0,0.0,0.0,none,0.8,1.0,,EU_SHARED,calendar_days_fixed,A_POLICY_COVER;A_EU_MIX;A_EU_FLOOR;A_FX;A_POLICY_UNKNOWN;A_TARIFF_FILL;A_PRICE_TAX;PV_AD_OFFSET_BOUND;POLICY_FIRM_YEAR_UNKNOWN,main,LOCAL_EXPORT_AHS,2019.0,UPDATED_CHINA_ORDINARY;EU_REPLACEMENT_ORIGIN_UNCHANGED
99.0,ITA,2019,2019-05-01,2019-05-31,5.0,31.0,0.084931506849315,0.4318373933480303,0.4793875373652296,,,index_bridge,0.0,0.0,0.0,0.0,0.0,0.0,none,0.8,1.0,,EU_SHARED,calendar_days_fixed,A_POLICY_COVER;A_EU_MIX;A_EU_FLOOR;A_FX;A_POLICY_UNKNOWN;A_TARIFF_FILL;A_PRICE_TAX;PV_AD_OFFSET_BOUND;POLICY_FIRM_YEAR_UNKNOWN,main,LOCAL_EXPORT_AHS,2019.0,UPDATED_CHINA_ORDINARY;EU_REPLACEMENT_ORIGIN_UNCHANGED
99.0,ITA,2019,2019-06-01,2019-06-30,6.0,30.0,0.0821917808219178,0.4198962531131177,0.4661315435612515,,,index_bridge,0.0,0.0,0.0,0.0,0.0,0.0,none,0.8,1.0,,EU_SHARED,calendar_days_fixed,A_POLICY_COVER;A_EU_MIX;A_EU_FLOOR;A_FX;A_POLICY_UNKNOWN;A_TARIFF_FILL;A_PRICE_TAX;PV_AD_OFFSET_BOUND;POLICY_FIRM_YEAR_UNKNOWN,main,LOCAL_EXPORT_AHS,2019.0,UPDATED_CHINA_ORDINARY;EU_REPLACEMENT_ORIGIN_UNCHANGED
99.0,ITA,2019,2019-07-01,2019-07-31,7.0,31.0,0.084931506849315,0.4331502037355332,0.4808449029115831,,,index_bridge,0.0,0.0,0.0,0.0,0.0,0.0,none,0.8,1.0,,EU_SHARED,calendar_days_fixed,A_POLICY_COVER;A_EU_MIX;A_EU_FLOOR;A_FX;A_POLICY_UNKNOWN;A_TARIFF_FILL;A_PRICE_TAX;PV_AD_OFFSET_BOUND;POLICY_FIRM_YEAR_UNKNOWN,main,LOCAL_EXPORT_AHS,2019.0,UPDATED_CHINA_ORDINARY;EU_REPLACEMENT_ORIGIN_UNCHANGED
99.0,ITA,2019,2019-08-01,2019-08-31,8.0,31.0,0.084931506849315,0.4136868601909633,0.459238426783183,,,index_bridge,0.0,0.0,0.0,0.0,0.0,0.0,none,0.8,1.0,,EU_SHARED,calendar_days_fixed,A_POLICY_COVER;A_EU_MIX;A_EU_FLOOR;A_FX;A_POLICY_UNKNOWN;A_TARIFF_FILL;A_PRICE_TAX;PV_AD_OFFSET_BOUND;POLICY_FIRM_YEAR_UNKNOWN,main,LOCAL_EXPORT_AHS,2019.0,UPDATED_CHINA_ORDINARY;EU_REPLACEMENT_ORIGIN_UNCHANGED
99.0,ITA,2019,2019-09-01,2019-09-30,9.0,30.0,0.0821917808219178,0.3933783413315631,0.4366937120514113,,,index_bridge,0.0,0.0,0.0,0.0,0.0,0.0,none,0.8,1.0,,EU_SHARED,calendar_days_fixed,A_POLICY_COVER;A_EU_MIX;A_EU_FLOOR;A_FX;A_POLICY_UNKNOWN;A_TARIFF_FILL;A_PRICE_TAX;PV_AD_OFFSET_BOUND;POLICY_FIRM_YEAR_UNKNOWN,main,LOCAL_EXPORT_AHS,2019.0,UPDATED_CHINA_ORDINARY;EU_REPLACEMENT_ORIGIN_UNCHANGED
99.0,ITA,2019,2019-10-01,2019-10-31,10.0,31.0,0.084931506849315,0.3951301852582417,0.438638453657384,,,index_bridge,0.0,0.0,0.0,0.0,0.0,0.0,none,0.8,1.0,,EU_SHARED,calendar_days_fixed,A_POLICY_COVER;A_EU_MIX;A_EU_FLOOR;A_FX;A_POLICY_UNKNOWN;A_TARIFF_FILL;A_PRICE_TAX;PV_AD_OFFSET_BOUND;POLICY_FIRM_YEAR_UNKNOWN,main,LOCAL_EXPORT_AHS,2019.0,UPDATED_CHINA_ORDINARY;EU_REPLACEMENT_ORIGIN_UNCHANGED
99.0,ITA,2019,2019-11-01,2019-11-30,11.0,30.0,0.0821917808219178,0.3950586814244998,0.438559076448977,,,index_bridge,0.0,0.0,0.0,0.0,0.0,0.0,none,0.8,1.0,,EU_SHARED,calendar_days_fixed,A_POLICY_COVER;A_EU_MIX;A_EU_FLOOR;A_FX;A_POLICY_UNKNOWN;A_TARIFF_FILL;A_PRICE_TAX;PV_AD_OFFSET_BOUND;POLICY_FIRM_YEAR_UNKNOWN,main,LOCAL_EXPORT_AHS,2019.0,UPDATED_CHINA_ORDINARY;EU_REPLACEMENT_ORIGIN_UNCHANGED
99.0,ITA,2019,2019-12-01,2019-12-31,12.0,31.0,0.084931506849315,0.3814186100998776,0.4234170801732473,,,index_bridge,0.0,0.0,0.0,0.0,0.0,0.0,none,0.8,1.0,,EU_SHARED,calendar_days_fixed,A_POLICY_COVER;A_EU_MIX;A_EU_FLOOR;A_FX;A_POLICY_UNKNOWN;A_TARIFF_FILL;A_PRICE_TAX;PV_AD_OFFSET_BOUND;POLICY_FIRM_YEAR_UNKNOWN,main,LOCAL_EXPORT_AHS,2019.0,UPDATED_CHINA_ORDINARY;EU_REPLACEMENT_ORIGIN_UNCHANGED
100.0,ITA,2020,2020-01-01,2020-01-31,1.0,31.0,0.0846994535519125,0.3916536227402709,0.4347790825847101,,,index_bridge,0.0,0.0,0.0,0.0,0.0,0.0,none,0.8,1.0,,EU_SHARED,calendar_days_fixed,A_POLICY_COVER;A_EU_MIX;A_EU_FLOOR;A_FX;A_POLICY_UNKNOWN;A_TARIFF_FILL;A_PRICE_TAX;PV_AD_OFFSET_BOUND;POLICY_FIRM_YEAR_UNKNOWN,main,LOCAL_EXPORT_AHS,2020.0,UPDATED_CHINA_ORDINARY;EU_REPLACEMENT_ORIGIN_UNCHANGED
100.0,ITA,2020,2020-02-01,2020-02-29,2.0,29.0,0.0792349726775956,0.4001511722342303,0.444212307655762,,,index_bridge,0.0,0.0,0.0,0.0,0.0,0.0,none,0.8,1.0,,EU_SHARED,calendar_days_fixed,A_POLICY_COVER;A_EU_MIX;A_EU_FLOOR;A_FX;A_POLICY_UNKNOWN;A_TARIFF_FILL;A_PRICE_TAX;PV_AD_OFFSET_BOUND;POLICY_FIRM_YEAR_UNKNOWN,main,LOCAL_EXPORT_AHS,2020.0,UPDATED_CHINA_ORDINARY;EU_REPLACEMENT_ORIGIN_UNCHANGED
100.0,ITA,2020,2020-03-01,2020-03-31,3.0,31.0,0.0846994535519125,0.4059639138384141,0.4506650973536757,,,index_bridge,0.0,0.0,0.0,0.0,0.0,0.0,none,0.8,1.0,,EU_SHARED,calendar_days_fixed,A_POLICY_COVER;A_EU_MIX;A_EU_FLOOR;A_FX;A_POLICY_UNKNOWN;A_TARIFF_FILL;A_PRICE_TAX;PV_AD_OFFSET_BOUND;POLICY_FIRM_YEAR_UNKNOWN,main,LOCAL_EXPORT_AHS,2020.0,UPDATED_CHINA_ORDINARY;EU_REPLACEMENT_ORIGIN_UNCHANGED
100.0,ITA,2020,2020-04-01,2020-04-30,4.0,30.0,0.081967213114754,0.398569648573222,0.4424566404884109,,,index_bridge,0.0,0.0,0.0,0.0,0.0,0.0,none,0.8,1.0,,EU_SHARED,calendar_days_fixed,A_POLICY_COVER;A_EU_MIX;A_EU_FLOOR;A_FX;A_POLICY_UNKNOWN;A_TARIFF_FILL;A_PRICE_TAX;PV_AD_OFFSET_BOUND;POLICY_FIRM_YEAR_UNKNOWN,main,LOCAL_EXPORT_AHS,2020.0,UPDATED_CHINA_ORDINARY;EU_REPLACEMENT_ORIGIN_UNCHANGED
100.0,ITA,2020,2020-05-01,2020-05-31,5.0,31.0,0.0846994535519125,0.3846496011905039,0.4270038396480944,,,index_bridge,0.0,0.0,0.0,0.0,0.0,0.0,none,0.8,1.0,,EU_SHARED,calendar_days_fixed,A_POLICY_COVER;A_EU_MIX;A_EU_FLOOR;A_FX;A_POLICY_UNKNOWN;A_TARIFF_FILL;A_PRICE_TAX;PV_AD_OFFSET_BOUND;POLICY_FIRM_YEAR_UNKNOWN,main,LOCAL_EXPORT_AHS,2020.0,UPDATED_CHINA_ORDINARY;EU_REPLACEMENT_ORIGIN_UNCHANGED
100.0,ITA,2020,2020-06-01,2020-06-30,6.0,30.0,0.081967213114754,0.3812115019799509,0.4231871671247031,,,index_bridge,0.0,0.0,0.0,0.0,0.0,0.0,none,0.8,1.0,,EU_SHARED,calendar_days_fixed,A_POLICY_COVER;A_EU_MIX;A_EU_FLOOR;A_FX;A_POLICY_UNKNOWN;A_TARIFF_FILL;A_PRICE_TAX;PV_AD_OFFSET_BOUND;POLICY_FIRM_YEAR_UNKNOWN,main,LOCAL_EXPORT_AHS,2020.0,UPDATED_CHINA_ORDINARY;EU_REPLACEMENT_ORIGIN_UNCHANGED
100.0,ITA,2020,2020-07-01,2020-07-31,7.0,31.0,0.0846994535519125,0.355926910091064,0.3951184578706863,,,index_bridge,0.0,0.0,0.0,0.0,0.0,0.0,none,0.8,1.0,,EU_SHARED,calendar_days_fixed,A_POLICY_COVER;A_EU_MIX;A_EU_FLOOR;A_FX;A_POLICY_UNKNOWN;A_TARIFF_FILL;A_PRICE_TAX;PV_AD_OFFSET_BOUND;POLICY_FIRM_YEAR_UNKNOWN,main,LOCAL_EXPORT_AHS,2020.0,UPDATED_CHINA_ORDINARY;EU_REPLACEMENT_ORIGIN_UNCHANGED
100.0,ITA,2020,2020-08-01,2020-08-31,8.0,31.0,0.0846994535519125,0.3505575765752396,0.3891579004685412,,,index_bridge,0.0,0.0,0.0,0.0,0.0,0.0,none,0.8,1.0,,EU_SHARED,calendar_days_fixed,A_POLICY_COVER;A_EU_MIX;A_EU_FLOOR;A_FX;A_POLICY_UNKNOWN;A_TARIFF_FILL;A_PRICE_TAX;PV_AD_OFFSET_BOUND;POLICY_FIRM_YEAR_UNKNOWN,main,LOCAL_EXPORT_AHS,2020.0,UPDATED_CHINA_ORDINARY;EU_REPLACEMENT_ORIGIN_UNCHANGED
100.0,ITA,2020,2020-09-01,2020-09-30,9.0,30.0,0.081967213114754,0.3494998073724115,0.3879836590039169,,,index_bridge,0.0,0.0,0.0,0.0,0.0,0.0,none,0.8,1.0,,EU_SHARED,calendar_days_fixed,A_POLICY_COVER;A_EU_MIX;A_EU_FLOOR;A_FX;A_POLICY_UNKNOWN;A_TARIFF_FILL;A_PRICE_TAX;PV_AD_OFFSET_BOUND;POLICY_FIRM_YEAR_UNKNOWN,main,LOCAL_EXPORT_AHS,2020.0,UPDATED_CHINA_ORDINARY;EU_REPLACEMENT_ORIGIN_UNCHANGED
100.0,ITA,2020,2020-10-01,2020-10-31,10.0,31.0,0.0846994535519125,0.3489891499511527,0.3874167724688798,,,index_bridge,0.0,0.0,0.0,0.0,0.0,0.0,none,0.8,1.0,,EU_SHARED,calendar_days_fixed,A_POLICY_COVER;A_EU_MIX;A_EU_FLOOR;A_FX;A_POLICY_UNKNOWN;A_TARIFF_FILL;A_PRICE_TAX;PV_AD_OFFSET_BOUND;POLICY_FIRM_YEAR_UNKNOWN,main,LOCAL_EXPORT_AHS,2020.0,UPDATED_CHINA_ORDINARY;EU_REPLACEMENT_ORIGIN_UNCHANGED
100.0,ITA,2020,2020-11-01,2020-11-30,11.0,30.0,0.081967213114754,0.3675550748048358,0.4080270140357605,,,index_bridge,0.0,0.0,0.0,0.0,0.0,0.0,none,0.8,1.0,,EU_SHARED,calendar_days_fixed,A_POLICY_COVER;A_EU_MIX;A_EU_FLOOR;A_FX;A_POLICY_UNKNOWN;A_TARIFF_FILL;A_PRICE_TAX;PV_AD_OFFSET_BOUND;POLICY_FIRM_YEAR_UNKNOWN,main,LOCAL_EXPORT_AHS,2020.0,UPDATED_CHINA_ORDINARY;EU_REPLACEMENT_ORIGIN_UNCHANGED
100.0,ITA,2020,2020-12-01,2020-12-31,12.0,31.0,0.0846994535519125,0.3778580677742381,0.4194644821734781,,,index_bridge,0.0,0.0,0.0,0.0,0.0,0.0,none,0.8,1.0,,EU_SHARED,calendar_days_fixed,A_POLICY_COVER;A_EU_MIX;A_EU_FLOOR;A_FX;A_POLICY_UNKNOWN;A_TARIFF_FILL;A_PRICE_TAX;PV_AD_OFFSET_BOUND;POLICY_FIRM_YEAR_UNKNOWN,main,LOCAL_EXPORT_AHS,2020.0,UPDATED_CHINA_ORDINARY;EU_REPLACEMENT_ORIGIN_UNCHANGED
101.0,ITA,2021,2021-01-01,2021-01-31,1.0,31.0,0.084931506849315,0.3778178498205821,0.4194198357717119,,,index_bridge,0.0,0.0,0.0,0.0,0.0,0.0,none,0.8,1.0,,EU_SHARED,calendar_days_fixed,A_POLICY_COVER;A_EU_MIX;A_EU_FLOOR;A_FX;A_POLICY_UNKNOWN;A_TARIFF_FILL;A_PRICE_TAX;PV_AD_OFFSET_BOUND;POLICY_FIRM_YEAR_UNKNOWN,main,LOCAL_EXPORT_AHS,2021.0,UPDATED_CHINA_ORDINARY;EU_REPLACEMENT_ORIGIN_UNCHANGED
101.0,ITA,2021,2021-02-01,2021-02-28,2.0,28.0,0.0767123287671232,0.3918816772586748,0.4350322484653094,,,index_bridge,0.0,0.0,0.0,0.0,0.0,0.0,none,0.8,1.0,,EU_SHARED,calendar_days_fixed,A_POLICY_COVER;A_EU_MIX;A_EU_FLOOR;A_FX;A_POLICY_UNKNOWN;A_TARIFF_FILL;A_PRICE_TAX;PV_AD_OFFSET_BOUND;POLICY_FIRM_YEAR_UNKNOWN,main,LOCAL_EXPORT_AHS,2021.0,UPDATED_CHINA_ORDINARY;EU_REPLACEMENT_ORIGIN_UNCHANGED
101.0,ITA,2021,2021-03-01,2021-03-31,3.0,31.0,0.084931506849315,0.3693816453757618,0.4100547105282556,,,index_bridge,0.0,0.0,0.0,0.0,0.0,0.0,none,0.8,1.0,,EU_SHARED,calendar_days_fixed,A_POLICY_COVER;A_EU_MIX;A_EU_FLOOR;A_FX;A_POLICY_UNKNOWN;A_TARIFF_FILL;A_PRICE_TAX;PV_AD_OFFSET_BOUND;POLICY_FIRM_YEAR_UNKNOWN,main,LOCAL_EXPORT_AHS,2021.0,UPDATED_CHINA_ORDINARY;EU_REPLACEMENT_ORIGIN_UNCHANGED
101.0,ITA,2021,2021-04-01,2021-04-30,4.0,30.0,0.0821917808219178,0.3880052095859815,0.4307289381917809,,,index_bridge,0.0,0.0,0.0,0.0,0.0,0.0,none,0.8,1.0,,EU_SHARED,calendar_days_fixed,A_POLICY_COVER;A_EU_MIX;A_EU_FLOOR;A_FX;A_POLICY_UNKNOWN;A_TARIFF_FILL;A_PRICE_TAX;PV_AD_OFFSET_BOUND;POLICY_FIRM_YEAR_UNKNOWN,main,LOCAL_EXPORT_AHS,2021.0,UPDATED_CHINA_ORDINARY;EU_REPLACEMENT_ORIGIN_UNCHANGED
101.0,ITA,2021,2021-05-01,2021-05-31,5.0,31.0,0.084931506849315,0.4098148227588359,0.4549400345694323,,,index_bridge,0.0,0.0,0.0,0.0,0.0,0.0,none,0.8,1.0,,EU_SHARED,calendar_days_fixed,A_POLICY_COVER;A_EU_MIX;A_EU_FLOOR;A_FX;A_POLICY_UNKNOWN;A_TARIFF_FILL;A_PRICE_TAX;PV_AD_OFFSET_BOUND;POLICY_FIRM_YEAR_UNKNOWN,main,LOCAL_EXPORT_AHS,2021.0,UPDATED_CHINA_ORDINARY;EU_REPLACEMENT_ORIGIN_UNCHANGED
101.0,ITA,2021,2021-06-01,2021-06-30,6.0,30.0,0.0821917808219178,0.406451067993495,0.4512058926491245,,,index_bridge,0.0,0.0,0.0,0.0,0.0,0.0,none,0.8,1.0,,EU_SHARED,calendar_days_fixed,A_POLICY_COVER;A_EU_MIX;A_EU_FLOOR;A_FX;A_POLICY_UNKNOWN;A_TARIFF_FILL;A_PRICE_TAX;PV_AD_OFFSET_BOUND;POLICY_FIRM_YEAR_UNKNOWN,main,LOCAL_EXPORT_AHS,2021.0,UPDATED_CHINA_ORDINARY;EU_REPLACEMENT_ORIGIN_UNCHANGED
101.0,ITA,2021,2021-07-01,2021-07-31,7.0,31.0,0.084931506849315,0.3829348709572001,0.425100298369707,,,index_bridge,0.0,0.0,0.0,0.0,0.0,0.0,none,0.8,1.0,,EU_SHARED,calendar_days_fixed,A_POLICY_COVER;A_EU_MIX;A_EU_FLOOR;A_FX;A_POLICY_UNKNOWN;A_TARIFF_FILL;A_PRICE_TAX;PV_AD_OFFSET_BOUND;POLICY_FIRM_YEAR_UNKNOWN,main,LOCAL_EXPORT_AHS,2021.0,UPDATED_CHINA_ORDINARY;EU_REPLACEMENT_ORIGIN_UNCHANGED
101.0,ITA,2021,2021-08-01,2021-08-31,8.0,31.0,0.084931506849315,0.3971972762622079,0.4409331545822355,,,index_bridge,0.0,0.0,0.0,0.0,0.0,0.0,none,0.8,1.0,,EU_SHARED,calendar_days_fixed,A_POLICY_COVER;A_EU_MIX;A_EU_FLOOR;A_FX;A_POLICY_UNKNOWN;A_TARIFF_FILL;A_PRICE_TAX;PV_AD_OFFSET_BOUND;POLICY_FIRM_YEAR_UNKNOWN,main,LOCAL_EXPORT_AHS,2021.0,UPDATED_CHINA_ORDINARY;EU_REPLACEMENT_ORIGIN_UNCHANGED
101.0,ITA,2021,2021-09-01,2021-09-30,9.0,30.0,0.0821917808219178,0.3971397745173561,0.440869321249867,,,index_bridge,0.0,0.0,0.0,0.0,0.0,0.0,none,0.8,1.0,,EU_SHARED,calendar_days_fixed,A_POLICY_COVER;A_EU_MIX;A_EU_FLOOR;A_FX;A_POLICY_UNKNOWN;A_TARIFF_FILL;A_PRICE_TAX;PV_AD_OFFSET_BOUND;POLICY_FIRM_YEAR_UNKNOWN,main,LOCAL_EXPORT_AHS,2021.0,UPDATED_CHINA_ORDINARY;EU_REPLACEMENT_ORIGIN_UNCHANGED
101.0,ITA,2021,2021-10-01,2021-10-31,10.0,31.0,0.084931506849315,0.4069765051028449,0.4517891862818011,,,index_bridge,0.0,0.0,0.0,0.0,0.0,0.0,none,0.8,1.0,,EU_SHARED,calendar_days_fixed,A_POLICY_COVER;A_EU_MIX;A_EU_FLOOR;A_FX;A_POLICY_UNKNOWN;A_TARIFF_FILL;A_PRICE_TAX;PV_AD_OFFSET_BOUND;POLICY_FIRM_YEAR_UNKNOWN,main,LOCAL_EXPORT_AHS,2021.0,UPDATED_CHINA_ORDINARY;EU_REPLACEMENT_ORIGIN_UNCHANGED
101.0,ITA,2021,2021-11-01,2021-11-30,11.0,30.0,0.0821917808219178,0.4313515422681925,0.4788481886282343,,,index_bridge,0.0,0.0,0.0,0.0,0.0,0.0,none,0.8,1.0,,EU_SHARED,calendar_days_fixed,A_POLICY_COVER;A_EU_MIX;A_EU_FLOOR;A_FX;A_POLICY_UNKNOWN;A_TARIFF_FILL;A_PRICE_TAX;PV_AD_OFFSET_BOUND;POLICY_FIRM_YEAR_UNKNOWN,main,LOCAL_EXPORT_AHS,2021.0,UPDATED_CHINA_ORDINARY;EU_REPLACEMENT_ORIGIN_UNCHANGED
101.0,ITA,2021,2021-12-01,2021-12-31,12.0,31.0,0.084931506849315,0.4271845666939666,0.4742223822725088,,,index_bridge,0.0,0.0,0.0,0.0,0.0,0.0,none,0.8,1.0,,EU_SHARED,calendar_days_fixed,A_POLICY_COVER;A_EU_MIX;A_EU_FLOOR;A_FX;A_POLICY_UNKNOWN;A_TARIFF_FILL;A_PRICE_TAX;PV_AD_OFFSET_BOUND;POLICY_FIRM_YEAR_UNKNOWN,main,LOCAL_EXPORT_AHS,2021.0,UPDATED_CHINA_ORDINARY;EU_REPLACEMENT_ORIGIN_UNCHANGED
102.0,ITA,2022,2022-01-01,2022-01-31,1.0,31.0,0.084931506849315,0.3991349470699152,0.4430841846945877,,,index_bridge,0.0,0.0,0.0,0.0,0.0,0.0,none,0.8,1.0,,EU_SHARED,calendar_days_fixed,A_POLICY_COVER;A_EU_MIX;A_EU_FLOOR;A_FX;A_POLICY_UNKNOWN;A_TARIFF_FILL;A_PRICE_TAX;PV_AD_OFFSET_BOUND;POLICY_FIRM_YEAR_UNKNOWN,main,WITS_SAME_YEAR_MFN_FALLBACK,2022.0,UPDATED_CHINA_ORDINARY;EU_REPLACEMENT_ORIGIN_UNCHANGED
102.0,ITA,2022,2022-02-01,2022-02-28,2.0,28.0,0.0767123287671232,0.4143917327643764,0.4600209137385274,,,index_bridge,0.0,0.0,0.0,0.0,0.0,0.0,none,0.8,1.0,,EU_SHARED,calendar_days_fixed,A_POLICY_COVER;A_EU_MIX;A_EU_FLOOR;A_FX;A_POLICY_UNKNOWN;A_TARIFF_FILL;A_PRICE_TAX;PV_AD_OFFSET_BOUND;POLICY_FIRM_YEAR_UNKNOWN,main,WITS_SAME_YEAR_MFN_FALLBACK,2022.0,UPDATED_CHINA_ORDINARY;EU_REPLACEMENT_ORIGIN_UNCHANGED
102.0,ITA,2022,2022-03-01,2022-03-31,3.0,31.0,0.084931506849315,0.4161543193617464,0.4619775809038119,,,index_bridge,0.0,0.0,0.0,0.0,0.0,0.0,none,0.8,1.0,,EU_SHARED,calendar_days_fixed,A_POLICY_COVER;A_EU_MIX;A_EU_FLOOR;A_FX;A_POLICY_UNKNOWN;A_TARIFF_FILL;A_PRICE_TAX;PV_AD_OFFSET_BOUND;POLICY_FIRM_YEAR_UNKNOWN,main,WITS_SAME_YEAR_MFN_FALLBACK,2022.0,UPDATED_CHINA_ORDINARY;EU_REPLACEMENT_ORIGIN_UNCHANGED
102.0,ITA,2022,2022-04-01,2022-04-30,4.0,30.0,0.0821917808219178,0.422537756083487,0.4690639056572956,,,index_bridge,0.0,0.0,0.0,0.0,0.0,0.0,none,0.8,1.0,,EU_SHARED,calendar_days_fixed,A_POLICY_COVER;A_EU_MIX;A_EU_FLOOR;A_FX;A_POLICY_UNKNOWN;A_TARIFF_FILL;A_PRICE_TAX;PV_AD_OFFSET_BOUND;POLICY_FIRM_YEAR_UNKNOWN,main,WITS_SAME_YEAR_MFN_FALLBACK,2022.0,UPDATED_CHINA_ORDINARY;EU_REPLACEMENT_ORIGIN_UNCHANGED
102.0,ITA,2022,2022-05-01,2022-05-31,5.0,31.0,0.084931506849315,0.4264826219335463,0.4734431455152299,,,index_bridge,0.0,0.0,0.0,0.0,0.0,0.0,none,0.8,1.0,,EU_SHARED,calendar_days_fixed,A_POLICY_COVER;A_EU_MIX;A_EU_FLOOR;A_FX;A_POLICY_UNKNOWN;A_TARIFF_FILL;A_PRICE_TAX;PV_AD_OFFSET_BOUND;POLICY_FIRM_YEAR_UNKNOWN,main,WITS_SAME_YEAR_MFN_FALLBACK,2022.0,UPDATED_CHINA_ORDINARY;EU_REPLACEMENT_ORIGIN_UNCHANGED
102.0,ITA,2022,2022-06-01,2022-06-30,6.0,30.0,0.0821917808219178,0.4392829464090298,0.4876529293882825,,,index_bridge,0.0,0.0,0.0,0.0,0.0,0.0,none,0.8,1.0,,EU_SHARED,calendar_days_fixed,A_POLICY_COVER;A_EU_MIX;A_EU_FLOOR;A_FX;A_POLICY_UNKNOWN;A_TARIFF_FILL;A_PRICE_TAX;PV_AD_OFFSET_BOUND;POLICY_FIRM_YEAR_UNKNOWN,main,WITS_SAME_YEAR_MFN_FALLBACK,2022.0,UPDATED_CHINA_ORDINARY;EU_REPLACEMENT_ORIGIN_UNCHANGED
102.0,ITA,2022,2022-07-01,2022-07-31,7.0,31.0,0.084931506849315,0.436020831471694,0.4840316189818643,,,index_bridge,0.0,0.0,0.0,0.0,0.0,0.0,none,0.8,1.0,,EU_SHARED,calendar_days_fixed,A_POLICY_COVER;A_EU_MIX;A_EU_FLOOR;A_FX;A_POLICY_UNKNOWN;A_TARIFF_FILL;A_PRICE_TAX;PV_AD_OFFSET_BOUND;POLICY_FIRM_YEAR_UNKNOWN,main,WITS_SAME_YEAR_MFN_FALLBACK,2022.0,UPDATED_CHINA_ORDINARY;EU_REPLACEMENT_ORIGIN_UNCHANGED
102.0,ITA,2022,2022-08-01,2022-08-31,8.0,31.0,0.084931506849315,0.433858912989129,0.481631649008662,,,index_bridge,0.0,0.0,0.0,0.0,0.0,0.0,none,0.8,1.0,,EU_SHARED,calendar_days_fixed,A_POLICY_COVER;A_EU_MIX;A_EU_FLOOR;A_FX;A_POLICY_UNKNOWN;A_TARIFF_FILL;A_PRICE_TAX;PV_AD_OFFSET_BOUND;POLICY_FIRM_YEAR_UNKNOWN,main,WITS_SAME_YEAR_MFN_FALLBACK,2022.0,UPDATED_CHINA_ORDINARY;EU_REPLACEMENT_ORIGIN_UNCHANGED
102.0,ITA,2022,2022-09-01,2022-09-30,9.0,30.0,0.0821917808219178,0.4242352326810014,0.4709482934809358,,,index_bridge,0.0,0.0,0.0,0.0,0.0,0.0,none,0.8,1.0,,EU_SHARED,calendar_days_fixed,A_POLICY_COVER;A_EU_MIX;A_EU_FLOOR;A_FX;A_POLICY_UNKNOWN;A_TARIFF_FILL;A_PRICE_TAX;PV_AD_OFFSET_BOUND;POLICY_FIRM_YEAR_UNKNOWN,main,WITS_SAME_YEAR_MFN_FALLBACK,2022.0,UPDATED_CHINA_ORDINARY;EU_REPLACEMENT_ORIGIN_UNCHANGED
102.0,ITA,2022,2022-10-01,2022-10-31,10.0,31.0,0.084931506849315,0.4332688726984054,0.4809766386592263,,,index_bridge,0.0,0.0,0.0,0.0,0.0,0.0,none,0.8,1.0,,EU_SHARED,calendar_days_fixed,A_POLICY_COVER;A_EU_MIX;A_EU_FLOOR;A_FX;A_POLICY_UNKNOWN;A_TARIFF_FILL;A_PRICE_TAX;PV_AD_OFFSET_BOUND;POLICY_FIRM_YEAR_UNKNOWN,main,WITS_SAME_YEAR_MFN_FALLBACK,2022.0,UPDATED_CHINA_ORDINARY;EU_REPLACEMENT_ORIGIN_UNCHANGED
102.0,ITA,2022,2022-11-01,2022-11-30,11.0,30.0,0.0821917808219178,0.4369788628059536,0.4850951403191175,,,index_bridge,0.0,0.0,0.0,0.0,0.0,0.0,none,0.8,1.0,,EU_SHARED,calendar_days_fixed,A_POLICY_COVER;A_EU_MIX;A_EU_FLOOR;A_FX;A_POLICY_UNKNOWN;A_TARIFF_FILL;A_PRICE_TAX;PV_AD_OFFSET_BOUND;POLICY_FIRM_YEAR_UNKNOWN,main,WITS_SAME_YEAR_MFN_FALLBACK,2022.0,UPDATED_CHINA_ORDINARY;EU_REPLACEMENT_ORIGIN_UNCHANGED
102.0,ITA,2022,2022-12-01,2022-12-31,12.0,31.0,0.084931506849315,0.4135577084730845,0.4590950540115469,,,index_bridge,0.0,0.0,0.0,0.0,0.0,0.0,none,0.8,1.0,,EU_SHARED,calendar_days_fixed,A_POLICY_COVER;A_EU_MIX;A_EU_FLOOR;A_FX;A_POLICY_UNKNOWN;A_TARIFF_FILL;A_PRICE_TAX;PV_AD_OFFSET_BOUND;POLICY_FIRM_YEAR_UNKNOWN,main,WITS_SAME_YEAR_MFN_FALLBACK,2022.0,UPDATED_CHINA_ORDINARY;EU_REPLACEMENT_ORIGIN_UNCHANGED
103.0,ITA,2023,2023-01-01,2023-01-31,1.0,31.0,0.084931506849315,0.392886830455484,0.436148080311082,,,index_bridge,0.0,0.0,0.0,0.0,0.0,0.0,none,0.8,1.0,,EU_SHARED,calendar_days_fixed,A_POLICY_COVER;A_EU_MIX;A_EU_FLOOR;A_FX;A_POLICY_UNKNOWN;A_TARIFF_FILL;A_PRICE_TAX;PV_AD_OFFSET_BOUND;POLICY_FIRM_YEAR_UNKNOWN,main,WITS_SAME_YEAR_MFN_FALLBACK,2023.0,UPDATED_CHINA_ORDINARY;EU_REPLACEMENT_ORIGIN_UNCHANGED
103.0,ITA,2023,2023-02-01,2023-02-28,2.0,28.0,0.0767123287671232,0.3778897100733375,0.4194996086448663,,,index_bridge,0.0,0.0,0.0,0.0,0.0,0.0,none,0.8,1.0,,EU_SHARED,calendar_days_fixed,A_POLICY_COVER;A_EU_MIX;A_EU_FLOOR;A_FX;A_POLICY_UNKNOWN;A_TARIFF_FILL;A_PRICE_TAX;PV_AD_OFFSET_BOUND;POLICY_FIRM_YEAR_UNKNOWN,main,WITS_SAME_YEAR_MFN_FALLBACK,2023.0,UPDATED_CHINA_ORDINARY;EU_REPLACEMENT_ORIGIN_UNCHANGED
103.0,ITA,2023,2023-03-01,2023-03-31,3.0,31.0,0.084931506849315,0.3905821911129385,0.4335896743092943,,,index_bridge,0.0,0.0,0.0,0.0,0.0,0.0,none,0.8,1.0,,EU_SHARED,calendar_days_fixed,A_POLICY_COVER;A_EU_MIX;A_EU_FLOOR;A_FX;A_POLICY_UNKNOWN;A_TARIFF_FILL;A_PRICE_TAX;PV_AD_OFFSET_BOUND;POLICY_FIRM_YEAR_UNKNOWN,main,WITS_SAME_YEAR_MFN_FALLBACK,2023.0,UPDATED_CHINA_ORDINARY;EU_REPLACEMENT_ORIGIN_UNCHANGED
103.0,ITA,2023,2023-04-01,2023-04-30,4.0,30.0,0.0821917808219178,0.386613008949376,0.4291834406388101,,,index_bridge,0.0,0.0,0.0,0.0,0.0,0.0,none,0.8,1.0,,EU_SHARED,calendar_days_fixed,A_POLICY_COVER;A_EU_MIX;A_EU_FLOOR;A_FX;A_POLICY_UNKNOWN;A_TARIFF_FILL;A_PRICE_TAX;PV_AD_OFFSET_BOUND;POLICY_FIRM_YEAR_UNKNOWN,main,WITS_SAME_YEAR_MFN_FALLBACK,2023.0,UPDATED_CHINA_ORDINARY;EU_REPLACEMENT_ORIGIN_UNCHANGED
103.0,ITA,2023,2023-05-01,2023-05-31,5.0,31.0,0.084931506849315,0.3702162619165361,0.4109812277180341,,,index_bridge,0.0,0.0,0.0,0.0,0.0,0.0,none,0.8,1.0,,EU_SHARED,calendar_days_fixed,A_POLICY_COVER;A_EU_MIX;A_EU_FLOOR;A_FX;A_POLICY_UNKNOWN;A_TARIFF_FILL;A_PRICE_TAX;PV_AD_OFFSET_BOUND;POLICY_FIRM_YEAR_UNKNOWN,main,WITS_SAME_YEAR_MFN_FALLBACK,2023.0,UPDATED_CHINA_ORDINARY;EU_REPLACEMENT_ORIGIN_UNCHANGED
103.0,ITA,2023,2023-06-01,2023-06-30,6.0,30.0,0.0821917808219178,0.3427424217275228,0.380482209353586,,,index_bridge,0.0,0.0,0.0,0.0,0.0,0.0,none,0.8,1.0,,EU_SHARED,calendar_days_fixed,A_POLICY_COVER;A_EU_MIX;A_EU_FLOOR;A_FX;A_POLICY_UNKNOWN;A_TARIFF_FILL;A_PRICE_TAX;PV_AD_OFFSET_BOUND;POLICY_FIRM_YEAR_UNKNOWN,main,WITS_SAME_YEAR_MFN_FALLBACK,2023.0,UPDATED_CHINA_ORDINARY;EU_REPLACEMENT_ORIGIN_UNCHANGED
103.0,ITA,2023,2023-07-01,2023-07-31,7.0,31.0,0.084931506849315,0.3227484502058135,0.358286677151913,,,index_bridge,0.0,0.0,0.0,0.0,0.0,0.0,none,0.8,1.0,,EU_SHARED,calendar_days_fixed,A_POLICY_COVER;A_EU_MIX;A_EU_FLOOR;A_FX;A_POLICY_UNKNOWN;A_TARIFF_FILL;A_PRICE_TAX;PV_AD_OFFSET_BOUND;POLICY_FIRM_YEAR_UNKNOWN,main,WITS_SAME_YEAR_MFN_FALLBACK,2023.0,UPDATED_CHINA_ORDINARY;EU_REPLACEMENT_ORIGIN_UNCHANGED
103.0,ITA,2023,2023-08-01,2023-08-31,8.0,31.0,0.084931506849315,0.2918591323221597,0.3239960986627956,,,index_bridge,0.0,0.0,0.0,0.0,0.0,0.0,none,0.8,1.0,,EU_SHARED,calendar_days_fixed,A_POLICY_COVER;A_EU_MIX;A_EU_FLOOR;A_FX;A_POLICY_UNKNOWN;A_TARIFF_FILL;A_PRICE_TAX;PV_AD_OFFSET_BOUND;POLICY_FIRM_YEAR_UNKNOWN,main,WITS_SAME_YEAR_MFN_FALLBACK,2023.0,UPDATED_CHINA_ORDINARY;EU_REPLACEMENT_ORIGIN_UNCHANGED
103.0,ITA,2023,2023-09-01,2023-09-30,9.0,30.0,0.0821917808219178,0.2598525550554744,0.2884652379922829,,,index_bridge,0.0,0.0,0.0,0.0,0.0,0.0,none,0.8,1.0,,EU_SHARED,calendar_days_fixed,A_POLICY_COVER;A_EU_MIX;A_EU_FLOOR;A_FX;A_POLICY_UNKNOWN;A_TARIFF_FILL;A_PRICE_TAX;PV_AD_OFFSET_BOUND;POLICY_FIRM_YEAR_UNKNOWN,main,WITS_SAME_YEAR_MFN_FALLBACK,2023.0,UPDATED_CHINA_ORDINARY;EU_REPLACEMENT_ORIGIN_UNCHANGED
103.0,ITA,2023,2023-10-01,2023-10-31,10.0,31.0,0.084931506849315,0.2440580958601042,0.2709316315600537,,,index_bridge,0.0,0.0,0.0,0.0,0.0,0.0,none,0.8,1.0,,EU_SHARED,calendar_days_fixed,A_POLICY_COVER;A_EU_MIX;A_EU_FLOOR;A_FX;A_POLICY_UNKNOWN;A_TARIFF_FILL;A_PRICE_TAX;PV_AD_OFFSET_BOUND;POLICY_FIRM_YEAR_UNKNOWN,main,WITS_SAME_YEAR_MFN_FALLBACK,2023.0,UPDATED_CHINA_ORDINARY;EU_REPLACEMENT_ORIGIN_UNCHANGED
103.0,ITA,2023,2023-11-01,2023-11-30,11.0,30.0,0.0821917808219178,0.2234469027395794,0.248050914733745,,,index_bridge,0.0,0.0,0.0,0.0,0.0,0.0,none,0.8,1.0,,EU_SHARED,calendar_days_fixed,A_POLICY_COVER;A_EU_MIX;A_EU_FLOOR;A_FX;A_POLICY_UNKNOWN;A_TARIFF_FILL;A_PRICE_TAX;PV_AD_OFFSET_BOUND;POLICY_FIRM_YEAR_UNKNOWN,main,WITS_SAME_YEAR_MFN_FALLBACK,2023.0,UPDATED_CHINA_ORDINARY;EU_REPLACEMENT_ORIGIN_UNCHANGED
103.0,ITA,2023,2023-12-01,2023-12-31,12.0,31.0,0.084931506849315,0.1990971981274849,0.2210200343390146,,,index_bridge,0.0,0.0,0.0,0.0,0.0,0.0,none,0.8,1.0,,EU_SHARED,calendar_days_fixed,A_POLICY_COVER;A_EU_MIX;A_EU_FLOOR;A_FX;A_POLICY_UNKNOWN;A_TARIFF_FILL;A_PRICE_TAX;PV_AD_OFFSET_BOUND;POLICY_FIRM_YEAR_UNKNOWN,main,WITS_SAME_YEAR_MFN_FALLBACK,2023.0,UPDATED_CHINA_ORDINARY;EU_REPLACEMENT_ORIGIN_UNCHANGED
104.0,ITA,2024,2024-01-01,2024-01-31,1.0,31.0,0.0846994535519125,0.1814377625419244,0.2014160966832521,,,index_bridge,0.0,0.0,0.0,0.0,0.0,0.0,none,0.8,1.0,,EU_SHARED,calendar_days_fixed,A_POLICY_COVER;A_EU_MIX;A_EU_FLOOR;A_FX;A_POLICY_UNKNOWN;A_TARIFF_FILL;A_PRICE_TAX;PV_AD_OFFSET_BOUND;POLICY_FIRM_YEAR_UNKNOWN,main,CARRY_2021_USER_RULE,2021.0,UPDATED_CHINA_ORDINARY;EU_REPLACEMENT_ORIGIN_UNCHANGED
104.0,ITA,2024,2024-02-01,2024-02-29,2.0,29.0,0.0792349726775956,0.1794709755531008,0.1992327443714383,,,index_bridge,0.0,0.0,0.0,0.0,0.0,0.0,none,0.8,1.0,,EU_SHARED,calendar_days_fixed,A_POLICY_COVER;A_EU_MIX;A_EU_FLOOR;A_FX;A_POLICY_UNKNOWN;A_TARIFF_FILL;A_PRICE_TAX;PV_AD_OFFSET_BOUND;POLICY_FIRM_YEAR_UNKNOWN,main,CARRY_2021_USER_RULE,2021.0,UPDATED_CHINA_ORDINARY;EU_REPLACEMENT_ORIGIN_UNCHANGED
104.0,ITA,2024,2024-03-01,2024-03-31,3.0,31.0,0.0846994535519125,0.1678272597388444,0.1863069247551681,,,index_bridge,0.0,0.0,0.0,0.0,0.0,0.0,none,0.8,1.0,,EU_SHARED,calendar_days_fixed,A_POLICY_COVER;A_EU_MIX;A_EU_FLOOR;A_FX;A_POLICY_UNKNOWN;A_TARIFF_FILL;A_PRICE_TAX;PV_AD_OFFSET_BOUND;POLICY_FIRM_YEAR_UNKNOWN,main,CARRY_2021_USER_RULE,2021.0,UPDATED_CHINA_ORDINARY;EU_REPLACEMENT_ORIGIN_UNCHANGED
104.0,ITA,2024,2024-04-01,2024-04-30,4.0,30.0,0.081967213114754,0.1656419659366882,0.1838810055773193,,,index_bridge,0.0,0.0,0.0,0.0,0.0,0.0,none,0.8,1.0,,EU_SHARED,calendar_days_fixed,A_POLICY_COVER;A_EU_MIX;A_EU_FLOOR;A_FX;A_POLICY_UNKNOWN;A_TARIFF_FILL;A_PRICE_TAX;PV_AD_OFFSET_BOUND;POLICY_FIRM_YEAR_UNKNOWN,main,CARRY_2021_USER_RULE,2021.0,UPDATED_CHINA_ORDINARY;EU_REPLACEMENT_ORIGIN_UNCHANGED
104.0,ITA,2024,2024-05-01,2024-05-31,5.0,31.0,0.0846994535519125,0.1669462248744974,0.1853288780633851,,,index_bridge,0.0,0.0,0.0,0.0,0.0,0.0,none,0.8,1.0,,EU_SHARED,calendar_days_fixed,A_POLICY_COVER;A_EU_MIX;A_EU_FLOOR;A_FX;A_POLICY_UNKNOWN;A_TARIFF_FILL;A_PRICE_TAX;PV_AD_OFFSET_BOUND;POLICY_FIRM_YEAR_UNKNOWN,main,CARRY_2021_USER_RULE,2021.0,UPDATED_CHINA_ORDINARY;EU_REPLACEMENT_ORIGIN_UNCHANGED
104.0,ITA,2024,2024-06-01,2024-06-30,6.0,30.0,0.081967213114754,0.1533676245175017,0.1702551213987771,,,index_bridge,0.0,0.0,0.0,0.0,0.0,0.0,none,0.8,1.0,,EU_SHARED,calendar_days_fixed,A_POLICY_COVER;A_EU_MIX;A_EU_FLOOR;A_FX;A_POLICY_UNKNOWN;A_TARIFF_FILL;A_PRICE_TAX;PV_AD_OFFSET_BOUND;POLICY_FIRM_YEAR_UNKNOWN,main,CARRY_2021_USER_RULE,2021.0,UPDATED_CHINA_ORDINARY;EU_REPLACEMENT_ORIGIN_UNCHANGED
104.0,ITA,2024,2024-07-01,2024-07-31,7.0,31.0,0.0846994535519125,0.1545583007703133,0.1715769044713574,,,index_bridge,0.0,0.0,0.0,0.0,0.0,0.0,none,0.8,1.0,,EU_SHARED,calendar_days_fixed,A_POLICY_COVER;A_EU_MIX;A_EU_FLOOR;A_FX;A_POLICY_UNKNOWN;A_TARIFF_FILL;A_PRICE_TAX;PV_AD_OFFSET_BOUND;POLICY_FIRM_YEAR_UNKNOWN,main,CARRY_2021_USER_RULE,2021.0,UPDATED_CHINA_ORDINARY;EU_REPLACEMENT_ORIGIN_UNCHANGED
104.0,ITA,2024,2024-08-01,2024-08-31,8.0,31.0,0.0846994535519125,0.1504142965479625,0.1669765988711825,,,index_bridge,0.0,0.0,0.0,0.0,0.0,0.0,none,0.8,1.0,,EU_SHARED,calendar_days_fixed,A_POLICY_COVER;A_EU_MIX;A_EU_FLOOR;A_FX;A_POLICY_UNKNOWN;A_TARIFF_FILL;A_PRICE_TAX;PV_AD_OFFSET_BOUND;POLICY_FIRM_YEAR_UNKNOWN,main,CARRY_2021_USER_RULE,2021.0,UPDATED_CHINA_ORDINARY;EU_REPLACEMENT_ORIGIN_UNCHANGED
104.0,ITA,2024,2024-09-01,2024-09-30,9.0,30.0,0.081967213114754,0.1451003063412582,0.1610774786976735,,,index_bridge,0.0,0.0,0.0,0.0,0.0,0.0,none,0.8,1.0,,EU_SHARED,calendar_days_fixed,A_POLICY_COVER;A_EU_MIX;A_EU_FLOOR;A_FX;A_POLICY_UNKNOWN;A_TARIFF_FILL;A_PRICE_TAX;PV_AD_OFFSET_BOUND;POLICY_FIRM_YEAR_UNKNOWN,main,CARRY_2021_USER_RULE,2021.0,UPDATED_CHINA_ORDINARY;EU_REPLACEMENT_ORIGIN_UNCHANGED
104.0,ITA,2024,2024-10-01,2024-10-31,10.0,31.0,0.0846994535519125,0.1424657415318115,0.1581528187319445,,,index_bridge,0.0,0.0,0.0,0.0,0.0,0.0,none,0.8,1.0,,EU_SHARED,calendar_days_fixed,A_POLICY_COVER;A_EU_MIX;A_EU_FLOOR;A_FX;A_POLICY_UNKNOWN;A_TARIFF_FILL;A_PRICE_TAX;PV_AD_OFFSET_BOUND;POLICY_FIRM_YEAR_UNKNOWN,main,CARRY_2021_USER_RULE,2021.0,UPDATED_CHINA_ORDINARY;EU_REPLACEMENT_ORIGIN_UNCHANGED
104.0,ITA,2024,2024-11-01,2024-11-30,11.0,30.0,0.081967213114754,0.1262574341838533,0.1401597948204317,,,index_bridge,0.0,0.0,0.0,0.0,0.0,0.0,none,0.8,1.0,,EU_SHARED,calendar_days_fixed,A_POLICY_COVER;A_EU_MIX;A_EU_FLOOR;A_FX;A_POLICY_UNKNOWN;A_TARIFF_FILL;A_PRICE_TAX;PV_AD_OFFSET_BOUND;POLICY_FIRM_YEAR_UNKNOWN,main,CARRY_2021_USER_RULE,2021.0,UPDATED_CHINA_ORDINARY;EU_REPLACEMENT_ORIGIN_UNCHANGED
104.0,ITA,2024,2024-12-01,2024-12-31,12.0,31.0,0.0846994535519125,0.1182363622709908,0.1312555128602134,,,index_bridge,0.0,0.0,0.0,0.0,0.0,0.0,none,0.8,1.0,,EU_SHARED,calendar_days_fixed,A_POLICY_COVER;A_EU_MIX;A_EU_FLOOR;A_FX;A_POLICY_UNKNOWN;A_TARIFF_FILL;A_PRICE_TAX;PV_AD_OFFSET_BOUND;POLICY_FIRM_YEAR_UNKNOWN,main,CARRY_2021_USER_RULE,2021.0,UPDATED_CHINA_ORDINARY;EU_REPLACEMENT_ORIGIN_UNCHANGED
105.0,JPN,2010,2010-01-01,2010-01-31,1.0,31.0,0.084931506849315,3.091776789316316,3.9295485644858976,3.091776789316316,3.9295485644858976,observed_quote_tax_basis_assumed,0.0,0.0,0.0,0.0,0.0,0.0,none,0.8,1.0,,JPN,calendar_days_fixed,A_POLICY_COVER;A_EU_MIX;A_EU_FLOOR;A_FX;A_POLICY_UNKNOWN;A_TARIFF_FILL;A_PRICE_TAX;PV_AD_OFFSET_BOUND;POLICY_FIRM_YEAR_UNKNOWN,main,LOCAL_EXPORT_AHS,2010.0,UPDATED_CHINA_ORDINARY
105.0,JPN,2010,2010-02-01,2010-02-28,2.0,28.0,0.0767123287671232,2.90442343279186,3.630529290989825,2.90442343279186,3.630529290989825,observed_quote_tax_basis_assumed,0.0,0.0,0.0,0.0,0.0,0.0,none,0.8,1.0,,JPN,calendar_days_fixed,A_POLICY_COVER;A_EU_MIX;A_EU_FLOOR;A_FX;A_POLICY_UNKNOWN;A_TARIFF_FILL;A_PRICE_TAX;PV_AD_OFFSET_BOUND;POLICY_FIRM_YEAR_UNKNOWN,main,LOCAL_EXPORT_AHS,2010.0,UPDATED_CHINA_ORDINARY
105.0,JPN,2010,2010-03-01,2010-03-31,3.0,31.0,0.084931506849315,2.84487870626562,3.631961814999107,2.84487870626562,3.631961814999107,observed_quote_tax_basis_assumed,0.0,0.0,0.0,0.0,0.0,0.0,none,0.8,1.0,,JPN,calendar_days_fixed,A_POLICY_COVER;A_EU_MIX;A_EU_FLOOR;A_FX;A_POLICY_UNKNOWN;A_TARIFF_FILL;A_PRICE_TAX;PV_AD_OFFSET_BOUND;POLICY_FIRM_YEAR_UNKNOWN,main,LOCAL_EXPORT_AHS,2010.0,UPDATED_CHINA_ORDINARY
105.0,JPN,2010,2010-04-01,2010-04-30,4.0,30.0,0.0821917808219178,2.853745381783292,3.642280289907622,2.853745381783292,3.642280289907622,observed_quote_tax_basis_assumed,0.0,0.0,0.0,0.0,0.0,0.0,none,0.8,1.0,,JPN,calendar_days_fixed,A_POLICY_COVER;A_EU_MIX;A_EU_FLOOR;A_FX;A_POLICY_UNKNOWN;A_TARIFF_FILL;A_PRICE_TAX;PV_AD_OFFSET_BOUND;POLICY_FIRM_YEAR_UNKNOWN,main,LOCAL_EXPORT_AHS,2010.0,UPDATED_CHINA_ORDINARY
105.0,JPN,2010,2010-05-01,2010-05-31,5.0,31.0,0.084931506849315,2.763961213182792,3.3977357588807564,2.763961213182792,3.3977357588807564,observed_quote_tax_basis_assumed,0.0,0.0,0.0,0.0,0.0,0.0,none,0.8,1.0,,JPN,calendar_days_fixed,A_POLICY_COVER;A_EU_MIX;A_EU_FLOOR;A_FX;A_POLICY_UNKNOWN;A_TARIFF_FILL;A_PRICE_TAX;PV_AD_OFFSET_BOUND;POLICY_FIRM_YEAR_UNKNOWN,main,LOCAL_EXPORT_AHS,2010.0,UPDATED_CHINA_ORDINARY
105.0,JPN,2010,2010-06-01,2010-06-30,6.0,30.0,0.0821917808219178,2.7123575248293017,3.258240800266645,2.7123575248293017,3.258240800266645,observed_quote_tax_basis_assumed,0.0,0.0,0.0,0.0,0.0,0.0,none,0.8,1.0,,JPN,calendar_days_fixed,A_POLICY_COVER;A_EU_MIX;A_EU_FLOOR;A_FX;A_POLICY_UNKNOWN;A_TARIFF_FILL;A_PRICE_TAX;PV_AD_OFFSET_BOUND;POLICY_FIRM_YEAR_UNKNOWN,main,LOCAL_EXPORT_AHS,2010.0,UPDATED_CHINA_ORDINARY
105.0,JPN,2010,2010-07-01,2010-07-31,7.0,31.0,0.084931506849315,2.886311557959211,3.305004901243417,2.886311557959211,3.305004901243417,observed_quote_tax_basis_assumed,0.0,0.0,0.0,0.0,0.0,0.0,none,0.8,1.0,,JPN,calendar_days_fixed,A_POLICY_COVER;A_EU_MIX;A_EU_FLOOR;A_FX;A_POLICY_UNKNOWN;A_TARIFF_FILL;A_PRICE_TAX;PV_AD_OFFSET_BOUND;POLICY_FIRM_YEAR_UNKNOWN,main,LOCAL_EXPORT_AHS,2010.0,UPDATED_CHINA_ORDINARY
105.0,JPN,2010,2010-08-01,2010-08-31,8.0,31.0,0.084931506849315,2.9036209902769103,3.318423988887897,2.9036209902769103,3.318423988887897,observed_quote_tax_basis_assumed,0.0,0.0,0.0,0.0,0.0,0.0,none,0.8,1.0,,JPN,calendar_days_fixed,A_POLICY_COVER;A_EU_MIX;A_EU_FLOOR;A_FX;A_POLICY_UNKNOWN;A_TARIFF_FILL;A_PRICE_TAX;PV_AD_OFFSET_BOUND;POLICY_FIRM_YEAR_UNKNOWN,main,LOCAL_EXPORT_AHS,2010.0,UPDATED_CHINA_ORDINARY
105.0,JPN,2010,2010-09-01,2010-09-30,9.0,30.0,0.0821917808219178,2.930089301722598,3.3213745190333803,2.930089301722598,3.3213745190333803,observed_quote_tax_basis_assumed,0.0,0.0,0.0,0.0,0.0,0.0,none,0.8,1.0,,JPN,calendar_days_fixed,A_POLICY_COVER;A_EU_MIX;A_EU_FLOOR;A_FX;A_POLICY_UNKNOWN;A_TARIFF_FILL;A_PRICE_TAX;PV_AD_OFFSET_BOUND;POLICY_FIRM_YEAR_UNKNOWN,main,LOCAL_EXPORT_AHS,2010.0,UPDATED_CHINA_ORDINARY
105.0,JPN,2010,2010-10-01,2010-10-31,10.0,31.0,0.084931506849315,3.085350824069529,3.483147628430694,3.085350824069529,3.483147628430694,observed_quote_tax_basis_assumed,0.0,0.0,0.0,0.0,0.0,0.0,none,0.8,1.0,,JPN,calendar_days_fixed,A_POLICY_COVER;A_EU_MIX;A_EU_FLOOR;A_FX;A_POLICY_UNKNOWN;A_TARIFF_FILL;A_PRICE_TAX;PV_AD_OFFSET_BOUND;POLICY_FIRM_YEAR_UNKNOWN,main,LOCAL_EXPORT_AHS,2010.0,UPDATED_CHINA_ORDINARY
105.0,JPN,2010,2010-11-01,2010-11-30,11.0,30.0,0.0821917808219178,3.003318850773162,3.395471949122523,3.003318850773162,3.395471949122523,observed_quote_tax_basis_assumed,0.0,0.0,0.0,0.0,0.0,0.0,none,0.8,1.0,,JPN,calendar_days_fixed,A_POLICY_COVER;A_EU_MIX;A_EU_FLOOR;A_FX;A_POLICY_UNKNOWN;A_TARIFF_FILL;A_PRICE_TAX;PV_AD_OFFSET_BOUND;POLICY_FIRM_YEAR_UNKNOWN,main,LOCAL_EXPORT_AHS,2010.0,UPDATED_CHINA_ORDINARY
105.0,JPN,2010,2010-12-01,2010-12-31,12.0,31.0,0.084931506849315,2.8975979922460726,3.2759467746731072,2.8975979922460726,3.2759467746731072,observed_quote_tax_basis_assumed,0.0,0.0,0.0,0.0,0.0,0.0,none,0.8,1.0,,JPN,calendar_days_fixed,A_POLICY_COVER;A_EU_MIX;A_EU_FLOOR;A_FX;A_POLICY_UNKNOWN;A_TARIFF_FILL;A_PRICE_TAX;PV_AD_OFFSET_BOUND;POLICY_FIRM_YEAR_UNKNOWN,main,LOCAL_EXPORT_AHS,2010.0,UPDATED_CHINA_ORDINARY
106.0,JPN,2011,2011-01-01,2011-01-31,1.0,31.0,0.084931506849315,2.686326335282736,3.05181291151168,2.686326335282736,3.05181291151168,observed_quote_tax_basis_assumed,0.0,0.0,0.0,0.0,0.0,0.0,none,0.8,1.0,,JPN,calendar_days_fixed,A_POLICY_COVER;A_EU_MIX;A_EU_FLOOR;A_FX;A_POLICY_UNKNOWN;A_TARIFF_FILL;A_PRICE_TAX;PV_AD_OFFSET_BOUND;POLICY_FIRM_YEAR_UNKNOWN,main,LOCAL_EXPORT_AHS,2011.0,UPDATED_CHINA_ORDINARY
106.0,JPN,2011,2011-02-01,2011-02-28,2.0,28.0,0.0767123287671232,2.633064300488626,3.062571243121522,2.633064300488626,3.062571243121522,observed_quote_tax_basis_assumed,0.0,0.0,0.0,0.0,0.0,0.0,none,0.8,1.0,,JPN,calendar_days_fixed,A_POLICY_COVER;A_EU_MIX;A_EU_FLOOR;A_FX;A_POLICY_UNKNOWN;A_TARIFF_FILL;A_PRICE_TAX;PV_AD_OFFSET_BOUND;POLICY_FIRM_YEAR_UNKNOWN,main,LOCAL_EXPORT_AHS,2011.0,UPDATED_CHINA_ORDINARY
106.0,JPN,2011,2011-03-01,2011-03-31,3.0,31.0,0.084931506849315,2.624982413840032,3.046512436500475,2.624982413840032,3.046512436500475,observed_quote_tax_basis_assumed,0.0,0.0,0.0,0.0,0.0,0.0,none,0.8,1.0,,JPN,calendar_days_fixed,A_POLICY_COVER;A_EU_MIX;A_EU_FLOOR;A_FX;A_POLICY_UNKNOWN;A_TARIFF_FILL;A_PRICE_TAX;PV_AD_OFFSET_BOUND;POLICY_FIRM_YEAR_UNKNOWN,main,LOCAL_EXPORT_AHS,2011.0,UPDATED_CHINA_ORDINARY
106.0,JPN,2011,2011-04-01,2011-04-30,4.0,30.0,0.0821917808219178,2.607707252828456,3.111468881215772,2.607707252828456,3.111468881215772,observed_quote_tax_basis_assumed,0.0,0.0,0.0,0.0,0.0,0.0,none,0.8,1.0,,JPN,calendar_days_fixed,A_POLICY_COVER;A_EU_MIX;A_EU_FLOOR;A_FX;A_POLICY_UNKNOWN;A_TARIFF_FILL;A_PRICE_TAX;PV_AD_OFFSET_BOUND;POLICY_FIRM_YEAR_UNKNOWN,main,LOCAL_EXPORT_AHS,2011.0,UPDATED_CHINA_ORDINARY
106.0,JPN,2011,2011-05-01,2011-05-31,5.0,31.0,0.084931506849315,2.453185494118997,3.002699044801653,2.453185494118997,3.002699044801653,observed_quote_tax_basis_assumed,0.0,0.0,0.0,0.0,0.0,0.0,none,0.8,1.0,,JPN,calendar_days_fixed,A_POLICY_COVER;A_EU_MIX;A_EU_FLOOR;A_FX;A_POLICY_UNKNOWN;A_TARIFF_FILL;A_PRICE_TAX;PV_AD_OFFSET_BOUND;POLICY_FIRM_YEAR_UNKNOWN,main,LOCAL_EXPORT_AHS,2011.0,UPDATED_CHINA_ORDINARY
106.0,JPN,2011,2011-06-01,2011-06-30,6.0,30.0,0.0821917808219178,2.3421748176069346,2.9031158453531334,2.3421748176069346,2.9031158453531334,observed_quote_tax_basis_assumed,0.0,0.0,0.0,0.0,0.0,0.0,none,0.8,1.0,,JPN,calendar_days_fixed,A_POLICY_COVER;A_EU_MIX;A_EU_FLOOR;A_FX;A_POLICY_UNKNOWN;A_TARIFF_FILL;A_PRICE_TAX;PV_AD_OFFSET_BOUND;POLICY_FIRM_YEAR_UNKNOWN,main,LOCAL_EXPORT_AHS,2011.0,UPDATED_CHINA_ORDINARY
106.0,JPN,2011,2011-07-01,2011-07-31,7.0,31.0,0.084931506849315,2.192781508990938,2.780133698899225,2.192781508990938,2.780133698899225,observed_quote_tax_basis_assumed,0.0,0.0,0.0,0.0,0.0,0.0,none,0.8,1.0,,JPN,calendar_days_fixed,A_POLICY_COVER;A_EU_MIX;A_EU_FLOOR;A_FX;A_POLICY_UNKNOWN;A_TARIFF_FILL;A_PRICE_TAX;PV_AD_OFFSET_BOUND;POLICY_FIRM_YEAR_UNKNOWN,main,LOCAL_EXPORT_AHS,2011.0,UPDATED_CHINA_ORDINARY
106.0,JPN,2011,2011-08-01,2011-08-31,8.0,31.0,0.084931506849315,2.0412922881909905,2.6693822230189874,2.0412922881909905,2.6693822230189874,observed_quote_tax_basis_assumed,0.0,0.0,0.0,0.0,0.0,0.0,none,0.8,1.0,,JPN,calendar_days_fixed,A_POLICY_COVER;A_EU_MIX;A_EU_FLOOR;A_FX;A_POLICY_UNKNOWN;A_TARIFF_FILL;A_PRICE_TAX;PV_AD_OFFSET_BOUND;POLICY_FIRM_YEAR_UNKNOWN,main,LOCAL_EXPORT_AHS,2011.0,UPDATED_CHINA_ORDINARY
106.0,JPN,2011,2011-09-01,2011-09-30,9.0,30.0,0.0821917808219178,1.851384169095222,2.4559177753303967,1.851384169095222,2.4559177753303967,observed_quote_tax_basis_assumed,0.0,0.0,0.0,0.0,0.0,0.0,none,0.8,1.0,,JPN,calendar_days_fixed,A_POLICY_COVER;A_EU_MIX;A_EU_FLOOR;A_FX;A_POLICY_UNKNOWN;A_TARIFF_FILL;A_PRICE_TAX;PV_AD_OFFSET_BOUND;POLICY_FIRM_YEAR_UNKNOWN,main,LOCAL_EXPORT_AHS,2011.0,UPDATED_CHINA_ORDINARY
106.0,JPN,2011,2011-10-01,2011-10-31,10.0,31.0,0.084931506849315,1.7249525603786575,2.3530602861687124,1.7249525603786575,2.3530602861687124,observed_quote_tax_basis_assumed,0.0,0.0,0.0,0.0,0.0,0.0,none,0.8,1.0,,JPN,calendar_days_fixed,A_POLICY_COVER;A_EU_MIX;A_EU_FLOOR;A_FX;A_POLICY_UNKNOWN;A_TARIFF_FILL;A_PRICE_TAX;PV_AD_OFFSET_BOUND;POLICY_FIRM_YEAR_UNKNOWN,main,LOCAL_EXPORT_AHS,2011.0,UPDATED_CHINA_ORDINARY
106.0,JPN,2011,2011-11-01,2011-11-30,11.0,30.0,0.0821917808219178,1.5805148558170548,2.156937920879745,1.5805148558170548,2.156937920879745,observed_quote_tax_basis_assumed,0.0,0.0,0.0,0.0,0.0,0.0,none,0.8,1.0,,JPN,calendar_days_fixed,A_POLICY_COVER;A_EU_MIX;A_EU_FLOOR;A_FX;A_POLICY_UNKNOWN;A_TARIFF_FILL;A_PRICE_TAX;PV_AD_OFFSET_BOUND;POLICY_FIRM_YEAR_UNKNOWN,main,LOCAL_EXPORT_AHS,2011.0,UPDATED_CHINA_ORDINARY
106.0,JPN,2011,2011-12-01,2011-12-31,12.0,31.0,0.084931506849315,1.4614867506804692,2.0027781398213835,1.4614867506804692,2.0027781398213835,observed_quote_tax_basis_assumed,0.0,0.0,0.0,0.0,0.0,0.0,none,0.8,1.0,,JPN,calendar_days_fixed,A_POLICY_COVER;A_EU_MIX;A_EU_FLOOR;A_FX;A_POLICY_UNKNOWN;A_TARIFF_FILL;A_PRICE_TAX;PV_AD_OFFSET_BOUND;POLICY_FIRM_YEAR_UNKNOWN,main,LOCAL_EXPORT_AHS,2011.0,UPDATED_CHINA_ORDINARY
107.0,JPN,2012,2012-01-01,2012-01-31,1.0,31.0,0.0846994535519125,1.3684642185997595,1.8361671793870191,1.3684642185997595,1.8361671793870191,observed_quote_tax_basis_assumed,0.0,0.0,0.0,0.0,0.0,0.0,none,0.8,1.0,,JPN,calendar_days_fixed,A_POLICY_COVER;A_EU_MIX;A_EU_FLOOR;A_FX;A_POLICY_UNKNOWN;A_TARIFF_FILL;A_PRICE_TAX;PV_AD_OFFSET_BOUND;POLICY_FIRM_YEAR_UNKNOWN,main,LOCAL_EXPORT_AHS,2012.0,UPDATED_CHINA_ORDINARY
107.0,JPN,2012,2012-02-01,2012-02-29,2.0,29.0,0.0792349726775956,1.3781815830003006,1.83459236698092,1.3781815830003006,1.83459236698092,observed_quote_tax_basis_assumed,0.0,0.0,0.0,0.0,0.0,0.0,none,0.8,1.0,,JPN,calendar_days_fixed,A_POLICY_COVER;A_EU_MIX;A_EU_FLOOR;A_FX;A_POLICY_UNKNOWN;A_TARIFF_FILL;A_PRICE_TAX;PV_AD_OFFSET_BOUND;POLICY_FIRM_YEAR_UNKNOWN,main,LOCAL_EXPORT_AHS,2012.0,UPDATED_CHINA_ORDINARY
107.0,JPN,2012,2012-03-01,2012-03-31,3.0,31.0,0.0846994535519125,1.3135081493389422,1.792761122746394,1.3135081493389422,1.792761122746394,observed_quote_tax_basis_assumed,0.0,0.0,0.0,0.0,0.0,0.0,none,0.8,1.0,,JPN,calendar_days_fixed,A_POLICY_COVER;A_EU_MIX;A_EU_FLOOR;A_FX;A_POLICY_UNKNOWN;A_TARIFF_FILL;A_PRICE_TAX;PV_AD_OFFSET_BOUND;POLICY_FIRM_YEAR_UNKNOWN,main,LOCAL_EXPORT_AHS,2012.0,UPDATED_CHINA_ORDINARY
107.0,JPN,2012,2012-04-01,2012-04-30,4.0,30.0,0.081967213114754,1.2578921407752404,1.7451038854417067,1.2578921407752404,1.7451038854417067,observed_quote_tax_basis_assumed,0.0,0.0,0.0,0.0,0.0,0.0,none,0.8,1.0,,JPN,calendar_days_fixed,A_POLICY_COVER;A_EU_MIX;A_EU_FLOOR;A_FX;A_POLICY_UNKNOWN;A_TARIFF_FILL;A_PRICE_TAX;PV_AD_OFFSET_BOUND;POLICY_FIRM_YEAR_UNKNOWN,main,LOCAL_EXPORT_AHS,2012.0,UPDATED_CHINA_ORDINARY
107.0,JPN,2012,2012-05-01,2012-05-31,5.0,31.0,0.0846994535519125,1.190262737943209,1.656017722355769,1.190262737943209,1.656017722355769,observed_quote_tax_basis_assumed,0.0,0.0,0.0,0.0,0.0,0.0,none,0.8,1.0,,JPN,calendar_days_fixed,A_POLICY_COVER;A_EU_MIX;A_EU_FLOOR;A_FX;A_POLICY_UNKNOWN;A_TARIFF_FILL;A_PRICE_TAX;PV_AD_OFFSET_BOUND;POLICY_FIRM_YEAR_UNKNOWN,main,LOCAL_EXPORT_AHS,2012.0,UPDATED_CHINA_ORDINARY
107.0,JPN,2012,2012-06-01,2012-06-30,6.0,30.0,0.081967213114754,1.1113960950270434,1.5744778012883114,1.1113960950270434,1.5744778012883114,observed_quote_tax_basis_assumed,0.0,0.0,0.0,0.0,0.0,0.0,none,0.8,1.0,,JPN,calendar_days_fixed,A_POLICY_COVER;A_EU_MIX;A_EU_FLOOR;A_FX;A_POLICY_UNKNOWN;A_TARIFF_FILL;A_PRICE_TAX;PV_AD_OFFSET_BOUND;POLICY_FIRM_YEAR_UNKNOWN,main,LOCAL_EXPORT_AHS,2012.0,UPDATED_CHINA_ORDINARY
107.0,JPN,2012,2012-07-01,2012-07-31,7.0,31.0,0.0846994535519125,1.0583620721153846,1.5213954786658657,1.0583620721153846,1.5213954786658657,observed_quote_tax_basis_assumed,0.0,0.0,0.0,0.0,0.0,0.0,none,0.8,1.0,,JPN,calendar_days_fixed,A_POLICY_COVER;A_EU_MIX;A_EU_FLOOR;A_FX;A_POLICY_UNKNOWN;A_TARIFF_FILL;A_PRICE_TAX;PV_AD_OFFSET_BOUND;POLICY_FIRM_YEAR_UNKNOWN,main,LOCAL_EXPORT_AHS,2012.0,UPDATED_CHINA_ORDINARY
107.0,JPN,2012,2012-08-01,2012-08-31,8.0,31.0,0.0846994535519125,1.0149143662109374,1.4890956684570311,1.0149143662109374,1.4890956684570311,observed_quote_tax_basis_assumed,0.0,0.0,0.0,0.0,0.0,0.0,none,0.8,1.0,,JPN,calendar_days_fixed,A_POLICY_COVER;A_EU_MIX;A_EU_FLOOR;A_FX;A_POLICY_UNKNOWN;A_TARIFF_FILL;A_PRICE_TAX;PV_AD_OFFSET_BOUND;POLICY_FIRM_YEAR_UNKNOWN,main,LOCAL_EXPORT_AHS,2012.0,UPDATED_CHINA_ORDINARY
107.0,JPN,2012,2012-09-01,2012-09-30,9.0,30.0,0.081967213114754,1.0016094417067307,1.5110487267127404,1.0016094417067307,1.5110487267127404,observed_quote_tax_basis_assumed,0.0,0.0,0.0,0.0,0.0,0.0,none,0.8,1.0,,JPN,calendar_days_fixed,A_POLICY_COVER;A_EU_MIX;A_EU_FLOOR;A_FX;A_POLICY_UNKNOWN;A_TARIFF_FILL;A_PRICE_TAX;PV_AD_OFFSET_BOUND;POLICY_FIRM_YEAR_UNKNOWN,main,LOCAL_EXPORT_AHS,2012.0,UPDATED_CHINA_ORDINARY
107.0,JPN,2012,2012-10-01,2012-10-31,10.0,31.0,0.0846994535519125,0.994557200611888,1.4831116149475525,0.994557200611888,1.4831116149475525,observed_quote_tax_basis_assumed,0.0,0.0,0.0,0.0,0.0,0.0,none,0.8,1.0,,JPN,calendar_days_fixed,A_POLICY_COVER;A_EU_MIX;A_EU_FLOOR;A_FX;A_POLICY_UNKNOWN;A_TARIFF_FILL;A_PRICE_TAX;PV_AD_OFFSET_BOUND;POLICY_FIRM_YEAR_UNKNOWN,main,LOCAL_EXPORT_AHS,2012.0,UPDATED_CHINA_ORDINARY
107.0,JPN,2012,2012-11-01,2012-11-30,11.0,30.0,0.081967213114754,0.9771088286713286,1.4482148710664335,0.9771088286713286,1.4482148710664335,observed_quote_tax_basis_assumed,0.0,0.0,0.0,0.0,0.0,0.0,none,0.8,1.0,,JPN,calendar_days_fixed,A_POLICY_COVER;A_EU_MIX;A_EU_FLOOR;A_FX;A_POLICY_UNKNOWN;A_TARIFF_FILL;A_PRICE_TAX;PV_AD_OFFSET_BOUND;POLICY_FIRM_YEAR_UNKNOWN,main,LOCAL_EXPORT_AHS,2012.0,UPDATED_CHINA_ORDINARY
107.0,JPN,2012,2012-12-01,2012-12-31,12.0,31.0,0.0846994535519125,0.95460961222166,1.4407533962234311,0.95460961222166,1.4407533962234311,observed_quote_tax_basis_assumed,0.0,0.0,0.0,0.0,0.0,0.0,none,0.8,1.0,,JPN,calendar_days_fixed,A_POLICY_COVER;A_EU_MIX;A_EU_FLOOR;A_FX;A_POLICY_UNKNOWN;A_TARIFF_FILL;A_PRICE_TAX;PV_AD_OFFSET_BOUND;POLICY_FIRM_YEAR_UNKNOWN,main,LOCAL_EXPORT_AHS,2012.0,UPDATED_CHINA_ORDINARY
108.0,JPN,2013,2013-01-01,2013-01-31,1.0,31.0,0.084931506849315,0.946150566520937,1.4370777472629324,0.946150566520937,1.4370777472629324,observed_quote_tax_basis_assumed,0.0,0.0,0.0,0.0,0.0,0.0,none,0.8,1.0,,JPN,calendar_days_fixed,A_POLICY_COVER;A_EU_MIX;A_EU_FLOOR;A_FX;A_POLICY_UNKNOWN;A_TARIFF_FILL;A_PRICE_TAX;PV_AD_OFFSET_BOUND;POLICY_FIRM_YEAR_UNKNOWN,main,LOCAL_EXPORT_AHS,2013.0,UPDATED_CHINA_ORDINARY
108.0,JPN,2013,2013-02-01,2013-02-28,2.0,28.0,0.0767123287671232,0.921251867401965,1.390568856455796,0.921251867401965,1.390568856455796,observed_quote_tax_basis_assumed,0.0,0.0,0.0,0.0,0.0,0.0,none,0.8,1.0,,JPN,calendar_days_fixed,A_POLICY_COVER;A_EU_MIX;A_EU_FLOOR;A_FX;A_POLICY_UNKNOWN;A_TARIFF_FILL;A_PRICE_TAX;PV_AD_OFFSET_BOUND;POLICY_FIRM_YEAR_UNKNOWN,main,LOCAL_EXPORT_AHS,2013.0,UPDATED_CHINA_ORDINARY
108.0,JPN,2013,2013-03-01,2013-03-31,3.0,31.0,0.084931506849315,0.9315028557668634,1.3549132447518013,0.9315028557668634,1.3549132447518013,observed_quote_tax_basis_assumed,0.0,0.0,0.0,0.0,0.0,0.0,none,0.8,1.0,,JPN,calendar_days_fixed,A_POLICY_COVER;A_EU_MIX;A_EU_FLOOR;A_FX;A_POLICY_UNKNOWN;A_TARIFF_FILL;A_PRICE_TAX;PV_AD_OFFSET_BOUND;POLICY_FIRM_YEAR_UNKNOWN,main,LOCAL_EXPORT_AHS,2013.0,UPDATED_CHINA_ORDINARY
108.0,JPN,2013,2013-04-01,2013-04-30,4.0,30.0,0.0821917808219178,0.95601608881336,1.3818778011029471,0.95601608881336,1.3818778011029471,observed_quote_tax_basis_assumed,0.0,0.0,0.0,0.0,0.0,0.0,none,0.8,1.0,,JPN,calendar_days_fixed,A_POLICY_COVER;A_EU_MIX;A_EU_FLOOR;A_FX;A_POLICY_UNKNOWN;A_TARIFF_FILL;A_PRICE_TAX;PV_AD_OFFSET_BOUND;POLICY_FIRM_YEAR_UNKNOWN,main,LOCAL_EXPORT_AHS,2013.0,UPDATED_CHINA_ORDINARY
108.0,JPN,2013,2013-05-01,2013-05-31,5.0,31.0,0.084931506849315,0.9260895616420616,1.3634096324174796,0.9260895616420616,1.3634096324174796,observed_quote_tax_basis_assumed,0.0,0.0,0.0,0.0,0.0,0.0,none,0.8,1.0,,JPN,calendar_days_fixed,A_POLICY_COVER;A_EU_MIX;A_EU_FLOOR;A_FX;A_POLICY_UNKNOWN;A_TARIFF_FILL;A_PRICE_TAX;PV_AD_OFFSET_BOUND;POLICY_FIRM_YEAR_UNKNOWN,main,LOCAL_EXPORT_AHS,2013.0,UPDATED_CHINA_ORDINARY
108.0,JPN,2013,2013-06-01,2013-06-30,6.0,30.0,0.0821917808219178,0.9756808182969297,1.3589839969135804,0.9756808182969297,1.3589839969135804,observed_quote_tax_basis_assumed,0.0,0.0,0.0,0.0,0.0,0.0,none,0.8,1.0,,JPN,calendar_days_fixed,A_POLICY_COVER;A_EU_MIX;A_EU_FLOOR;A_FX;A_POLICY_UNKNOWN;A_TARIFF_FILL;A_PRICE_TAX;PV_AD_OFFSET_BOUND;POLICY_FIRM_YEAR_UNKNOWN,main,LOCAL_EXPORT_AHS,2013.0,UPDATED_CHINA_ORDINARY
108.0,JPN,2013,2013-07-01,2013-07-31,7.0,31.0,0.084931506849315,0.967645331516578,1.339152021295264,0.967645331516578,1.339152021295264,observed_quote_tax_basis_assumed,0.0,0.0,0.0,0.0,0.0,0.0,none,0.8,1.0,,JPN,calendar_days_fixed,A_POLICY_COVER;A_EU_MIX;A_EU_FLOOR;A_FX;A_POLICY_UNKNOWN;A_TARIFF_FILL;A_PRICE_TAX;PV_AD_OFFSET_BOUND;POLICY_FIRM_YEAR_UNKNOWN,main,LOCAL_EXPORT_AHS,2013.0,UPDATED_CHINA_ORDINARY
108.0,JPN,2013,2013-08-01,2013-08-31,8.0,31.0,0.084931506849315,1.002196080959164,1.3362614412788856,1.002196080959164,1.3362614412788856,observed_quote_tax_basis_assumed,0.0,0.0,0.0,0.0,0.0,0.0,none,0.8,1.0,,JPN,calendar_days_fixed,A_POLICY_COVER;A_EU_MIX;A_EU_FLOOR;A_FX;A_POLICY_UNKNOWN;A_TARIFF_FILL;A_PRICE_TAX;PV_AD_OFFSET_BOUND;POLICY_FIRM_YEAR_UNKNOWN,main,LOCAL_EXPORT_AHS,2013.0,UPDATED_CHINA_ORDINARY
108.0,JPN,2013,2013-09-01,2013-09-30,9.0,30.0,0.0821917808219178,1.022721054412437,1.3313006828989482,1.022721054412437,1.3313006828989482,observed_quote_tax_basis_assumed,0.0,0.0,0.0,0.0,0.0,0.0,none,0.8,1.0,,JPN,calendar_days_fixed,A_POLICY_COVER;A_EU_MIX;A_EU_FLOOR;A_FX;A_POLICY_UNKNOWN;A_TARIFF_FILL;A_PRICE_TAX;PV_AD_OFFSET_BOUND;POLICY_FIRM_YEAR_UNKNOWN,main,LOCAL_EXPORT_AHS,2013.0,UPDATED_CHINA_ORDINARY
108.0,JPN,2013,2013-10-01,2013-10-31,10.0,31.0,0.084931506849315,1.0447150589940866,1.341918480949301,1.0447150589940866,1.341918480949301,observed_quote_tax_basis_assumed,0.0,0.0,0.0,0.0,0.0,0.0,none,0.8,1.0,,JPN,calendar_days_fixed,A_POLICY_COVER;A_EU_MIX;A_EU_FLOOR;A_FX;A_POLICY_UNKNOWN;A_TARIFF_FILL;A_PRICE_TAX;PV_AD_OFFSET_BOUND;POLICY_FIRM_YEAR_UNKNOWN,main,LOCAL_EXPORT_AHS,2013.0,UPDATED_CHINA_ORDINARY
108.0,JPN,2013,2013-11-01,2013-11-30,11.0,30.0,0.0821917808219178,1.0160063318033132,1.2566394103883085,1.0160063318033132,1.2566394103883085,observed_quote_tax_basis_assumed,0.0,0.0,0.0,0.0,0.0,0.0,none,0.8,1.0,,JPN,calendar_days_fixed,A_POLICY_COVER;A_EU_MIX;A_EU_FLOOR;A_FX;A_POLICY_UNKNOWN;A_TARIFF_FILL;A_PRICE_TAX;PV_AD_OFFSET_BOUND;POLICY_FIRM_YEAR_UNKNOWN,main,LOCAL_EXPORT_AHS,2013.0,UPDATED_CHINA_ORDINARY
108.0,JPN,2013,2013-12-01,2013-12-31,12.0,31.0,0.084931506849315,1.031871536498892,1.2581591541521575,1.031871536498892,1.2581591541521575,observed_quote_tax_basis_assumed,0.0,0.0,0.0,0.0,0.0,0.0,none,0.8,1.0,,JPN,calendar_days_fixed,A_POLICY_COVER;A_EU_MIX;A_EU_FLOOR;A_FX;A_POLICY_UNKNOWN;A_TARIFF_FILL;A_PRICE_TAX;PV_AD_OFFSET_BOUND;POLICY_FIRM_YEAR_UNKNOWN,main,LOCAL_EXPORT_AHS,2013.0,UPDATED_CHINA_ORDINARY
109.0,JPN,2014,2014-01-01,2014-01-31,1.0,31.0,0.084931506849315,1.0072924673496249,1.2193540394232298,1.0072924673496249,1.2193540394232298,observed_quote_tax_basis_assumed,0.0,0.0,0.0,0.0,0.0,0.0,none,0.8,1.0,,JPN,calendar_days_fixed,A_POLICY_COVER;A_EU_MIX;A_EU_FLOOR;A_FX;A_POLICY_UNKNOWN;A_TARIFF_FILL;A_PRICE_TAX;PV_AD_OFFSET_BOUND;POLICY_FIRM_YEAR_UNKNOWN,main,LOCAL_EXPORT_AHS,2014.0,UPDATED_CHINA_ORDINARY
109.0,JPN,2014,2014-02-01,2014-02-28,2.0,28.0,0.0767123287671232,1.0463340822279374,1.2325460799125705,1.0463340822279374,1.2325460799125705,observed_quote_tax_basis_assumed,0.0,0.0,0.0,0.0,0.0,0.0,none,0.8,1.0,,JPN,calendar_days_fixed,A_POLICY_COVER;A_EU_MIX;A_EU_FLOOR;A_FX;A_POLICY_UNKNOWN;A_TARIFF_FILL;A_PRICE_TAX;PV_AD_OFFSET_BOUND;POLICY_FIRM_YEAR_UNKNOWN,main,LOCAL_EXPORT_AHS,2014.0,UPDATED_CHINA_ORDINARY
109.0,JPN,2014,2014-03-01,2014-03-31,3.0,31.0,0.084931506849315,1.023935290408728,1.2305187261929451,1.023935290408728,1.2305187261929451,observed_quote_tax_basis_assumed,0.0,0.0,0.0,0.0,0.0,0.0,none,0.8,1.0,,JPN,calendar_days_fixed,A_POLICY_COVER;A_EU_MIX;A_EU_FLOOR;A_FX;A_POLICY_UNKNOWN;A_TARIFF_FILL;A_PRICE_TAX;PV_AD_OFFSET_BOUND;POLICY_FIRM_YEAR_UNKNOWN,main,LOCAL_EXPORT_AHS,2014.0,UPDATED_CHINA_ORDINARY
109.0,JPN,2014,2014-04-01,2014-04-30,4.0,30.0,0.0821917808219178,1.0043282324389915,1.201606992382365,1.0043282324389915,1.201606992382365,observed_quote_tax_basis_assumed,0.0,0.0,0.0,0.0,0.0,0.0,none,0.8,1.0,,JPN,calendar_days_fixed,A_POLICY_COVER;A_EU_MIX;A_EU_FLOOR;A_FX;A_POLICY_UNKNOWN;A_TARIFF_FILL;A_PRICE_TAX;PV_AD_OFFSET_BOUND;POLICY_FIRM_YEAR_UNKNOWN,main,LOCAL_EXPORT_AHS,2014.0,UPDATED_CHINA_ORDINARY
109.0,JPN,2014,2014-05-01,2014-05-31,5.0,31.0,0.084931506849315,0.998485340330426,1.1678712462793372,0.998485340330426,1.1678712462793372,observed_quote_tax_basis_assumed,0.0,0.0,0.0,0.0,0.0,0.0,none,0.8,1.0,,JPN,calendar_days_fixed,A_POLICY_COVER;A_EU_MIX;A_EU_FLOOR;A_FX;A_POLICY_UNKNOWN;A_TARIFF_FILL;A_PRICE_TAX;PV_AD_OFFSET_BOUND;POLICY_FIRM_YEAR_UNKNOWN,main,LOCAL_EXPORT_AHS,2014.0,UPDATED_CHINA_ORDINARY
109.0,JPN,2014,2014-06-01,2014-06-30,6.0,30.0,0.0821917808219178,0.9706744104845764,1.1471606669363172,0.9706744104845764,1.1471606669363172,observed_quote_tax_basis_assumed,0.0,0.0,0.0,0.0,0.0,0.0,none,0.8,1.0,,JPN,calendar_days_fixed,A_POLICY_COVER;A_EU_MIX;A_EU_FLOOR;A_FX;A_POLICY_UNKNOWN;A_TARIFF_FILL;A_PRICE_TAX;PV_AD_OFFSET_BOUND;POLICY_FIRM_YEAR_UNKNOWN,main,LOCAL_EXPORT_AHS,2014.0,UPDATED_CHINA_ORDINARY
109.0,JPN,2014,2014-07-01,2014-07-31,7.0,31.0,0.084931506849315,0.9668747294924476,1.1338803645865974,0.9668747294924476,1.1338803645865974,observed_quote_tax_basis_assumed,0.0,0.0,0.0,0.0,0.0,0.0,none,0.8,1.0,,JPN,calendar_days_fixed,A_POLICY_COVER;A_EU_MIX;A_EU_FLOOR;A_FX;A_POLICY_UNKNOWN;A_TARIFF_FILL;A_PRICE_TAX;PV_AD_OFFSET_BOUND;POLICY_FIRM_YEAR_UNKNOWN,main,LOCAL_EXPORT_AHS,2014.0,UPDATED_CHINA_ORDINARY
109.0,JPN,2014,2014-08-01,2014-08-31,8.0,31.0,0.084931506849315,0.9336540934028892,1.1065529995886094,0.9336540934028892,1.1065529995886094,observed_quote_tax_basis_assumed,0.0,0.0,0.0,0.0,0.0,0.0,none,0.8,1.0,,JPN,calendar_days_fixed,A_POLICY_COVER;A_EU_MIX;A_EU_FLOOR;A_FX;A_POLICY_UNKNOWN;A_TARIFF_FILL;A_PRICE_TAX;PV_AD_OFFSET_BOUND;POLICY_FIRM_YEAR_UNKNOWN,main,LOCAL_EXPORT_AHS,2014.0,UPDATED_CHINA_ORDINARY
109.0,JPN,2014,2014-09-01,2014-09-30,9.0,30.0,0.0821917808219178,0.9045753093677252,1.0553378609290127,0.9045753093677252,1.0553378609290127,observed_quote_tax_basis_assumed,0.0,0.0,0.0,0.0,0.0,0.0,none,0.8,1.0,,JPN,calendar_days_fixed,A_POLICY_COVER;A_EU_MIX;A_EU_FLOOR;A_FX;A_POLICY_UNKNOWN;A_TARIFF_FILL;A_PRICE_TAX;PV_AD_OFFSET_BOUND;POLICY_FIRM_YEAR_UNKNOWN,main,LOCAL_EXPORT_AHS,2014.0,UPDATED_CHINA_ORDINARY
109.0,JPN,2014,2014-10-01,2014-10-31,10.0,31.0,0.084931506849315,0.8885453695095287,1.0119544486080745,0.8885453695095287,1.0119544486080745,observed_quote_tax_basis_assumed,0.0,0.0,0.0,0.0,0.0,0.0,none,0.8,1.0,,JPN,calendar_days_fixed,A_POLICY_COVER;A_EU_MIX;A_EU_FLOOR;A_FX;A_POLICY_UNKNOWN;A_TARIFF_FILL;A_PRICE_TAX;PV_AD_OFFSET_BOUND;POLICY_FIRM_YEAR_UNKNOWN,main,LOCAL_EXPORT_AHS,2014.0,UPDATED_CHINA_ORDINARY
109.0,JPN,2014,2014-11-01,2014-11-30,11.0,30.0,0.0821917808219178,0.8582904677093165,0.9878437458541188,0.8582904677093165,0.9878437458541188,observed_quote_tax_basis_assumed,0.0,0.0,0.0,0.0,0.0,0.0,none,0.8,1.0,,JPN,calendar_days_fixed,A_POLICY_COVER;A_EU_MIX;A_EU_FLOOR;A_FX;A_POLICY_UNKNOWN;A_TARIFF_FILL;A_PRICE_TAX;PV_AD_OFFSET_BOUND;POLICY_FIRM_YEAR_UNKNOWN,main,LOCAL_EXPORT_AHS,2014.0,UPDATED_CHINA_ORDINARY
109.0,JPN,2014,2014-12-01,2014-12-31,12.0,31.0,0.084931506849315,0.8627497629665737,0.984836993575051,0.8627497629665737,0.984836993575051,observed_quote_tax_basis_assumed,0.0,0.0,0.0,0.0,0.0,0.0,none,0.8,1.0,,JPN,calendar_days_fixed,A_POLICY_COVER;A_EU_MIX;A_EU_FLOOR;A_FX;A_POLICY_UNKNOWN;A_TARIFF_FILL;A_PRICE_TAX;PV_AD_OFFSET_BOUND;POLICY_FIRM_YEAR_UNKNOWN,main,LOCAL_EXPORT_AHS,2014.0,UPDATED_CHINA_ORDINARY
110.0,JPN,2015,2015-01-01,2015-01-31,1.0,31.0,0.084931506849315,0.7836468068108556,0.8779746631862364,0.7836468068108556,0.8779746631862364,observed_quote_tax_basis_assumed,0.0,0.0,0.0,0.0,0.0,0.0,none,0.8,1.0,,JPN,calendar_days_fixed,A_POLICY_COVER;A_EU_MIX;A_EU_FLOOR;A_FX;A_POLICY_UNKNOWN;A_TARIFF_FILL;A_PRICE_TAX;PV_AD_OFFSET_BOUND;POLICY_FIRM_YEAR_UNKNOWN,main,LOCAL_EXPORT_AHS,2015.0,UPDATED_CHINA_ORDINARY
110.0,JPN,2015,2015-02-01,2015-02-28,2.0,28.0,0.0767123287671232,0.7653267250677627,0.8503630278530696,0.7653267250677627,0.8503630278530696,observed_quote_tax_basis_assumed,0.0,0.0,0.0,0.0,0.0,0.0,none,0.8,1.0,,JPN,calendar_days_fixed,A_POLICY_COVER;A_EU_MIX;A_EU_FLOOR;A_FX;A_POLICY_UNKNOWN;A_TARIFF_FILL;A_PRICE_TAX;PV_AD_OFFSET_BOUND;POLICY_FIRM_YEAR_UNKNOWN,main,LOCAL_EXPORT_AHS,2015.0,UPDATED_CHINA_ORDINARY
110.0,JPN,2015,2015-03-01,2015-03-31,3.0,31.0,0.084931506849315,0.7308038162617816,0.8323043462981401,0.7308038162617816,0.8323043462981401,observed_quote_tax_basis_assumed,0.0,0.0,0.0,0.0,0.0,0.0,none,0.8,1.0,,JPN,calendar_days_fixed,A_POLICY_COVER;A_EU_MIX;A_EU_FLOOR;A_FX;A_POLICY_UNKNOWN;A_TARIFF_FILL;A_PRICE_TAX;PV_AD_OFFSET_BOUND;POLICY_FIRM_YEAR_UNKNOWN,main,LOCAL_EXPORT_AHS,2015.0,UPDATED_CHINA_ORDINARY
110.0,JPN,2015,2015-04-01,2015-04-30,4.0,30.0,0.0821917808219178,0.7403275288041375,0.8345510324701185,0.7403275288041375,0.8345510324701185,observed_quote_tax_basis_assumed,0.0,0.0,0.0,0.0,0.0,0.0,none,0.8,1.0,,JPN,calendar_days_fixed,A_POLICY_COVER;A_EU_MIX;A_EU_FLOOR;A_FX;A_POLICY_UNKNOWN;A_TARIFF_FILL;A_PRICE_TAX;PV_AD_OFFSET_BOUND;POLICY_FIRM_YEAR_UNKNOWN,main,LOCAL_EXPORT_AHS,2015.0,UPDATED_CHINA_ORDINARY
110.0,JPN,2015,2015-05-01,2015-05-31,5.0,31.0,0.084931506849315,0.7796793226269166,0.8701778154318265,0.7796793226269166,0.8701778154318265,observed_quote_tax_basis_assumed,0.0,0.0,0.0,0.0,0.0,0.0,none,0.8,1.0,,JPN,calendar_days_fixed,A_POLICY_COVER;A_EU_MIX;A_EU_FLOOR;A_FX;A_POLICY_UNKNOWN;A_TARIFF_FILL;A_PRICE_TAX;PV_AD_OFFSET_BOUND;POLICY_FIRM_YEAR_UNKNOWN,main,LOCAL_EXPORT_AHS,2015.0,UPDATED_CHINA_ORDINARY
110.0,JPN,2015,2015-06-01,2015-06-30,6.0,30.0,0.0821917808219178,0.7841322245706475,0.8681463914889309,0.7841322245706475,0.8681463914889309,observed_quote_tax_basis_assumed,0.0,0.0,0.0,0.0,0.0,0.0,none,0.8,1.0,,JPN,calendar_days_fixed,A_POLICY_COVER;A_EU_MIX;A_EU_FLOOR;A_FX;A_POLICY_UNKNOWN;A_TARIFF_FILL;A_PRICE_TAX;PV_AD_OFFSET_BOUND;POLICY_FIRM_YEAR_UNKNOWN,main,LOCAL_EXPORT_AHS,2015.0,UPDATED_CHINA_ORDINARY
110.0,JPN,2015,2015-07-01,2015-07-31,7.0,31.0,0.084931506849315,0.7826573192219436,0.8444460549499919,0.7826573192219436,0.8444460549499919,observed_quote_tax_basis_assumed,0.0,0.0,0.0,0.0,0.0,0.0,none,0.8,1.0,,JPN,calendar_days_fixed,A_POLICY_COVER;A_EU_MIX;A_EU_FLOOR;A_FX;A_POLICY_UNKNOWN;A_TARIFF_FILL;A_PRICE_TAX;PV_AD_OFFSET_BOUND;POLICY_FIRM_YEAR_UNKNOWN,main,LOCAL_EXPORT_AHS,2015.0,UPDATED_CHINA_ORDINARY
110.0,JPN,2015,2015-08-01,2015-08-31,8.0,31.0,0.084931506849315,0.7928546296754717,0.8484935510562066,0.7928546296754717,0.8484935510562066,observed_quote_tax_basis_assumed,0.0,0.0,0.0,0.0,0.0,0.0,none,0.8,1.0,,JPN,calendar_days_fixed,A_POLICY_COVER;A_EU_MIX;A_EU_FLOOR;A_FX;A_POLICY_UNKNOWN;A_TARIFF_FILL;A_PRICE_TAX;PV_AD_OFFSET_BOUND;POLICY_FIRM_YEAR_UNKNOWN,main,LOCAL_EXPORT_AHS,2015.0,UPDATED_CHINA_ORDINARY
110.0,JPN,2015,2015-09-01,2015-09-30,9.0,30.0,0.0821917808219178,0.8238181179610751,0.8816299157127296,0.8238181179610751,0.8816299157127296,observed_quote_tax_basis_assumed,0.0,0.0,0.0,0.0,0.0,0.0,none,0.8,1.0,,JPN,calendar_days_fixed,A_POLICY_COVER;A_EU_MIX;A_EU_FLOOR;A_FX;A_POLICY_UNKNOWN;A_TARIFF_FILL;A_PRICE_TAX;PV_AD_OFFSET_BOUND;POLICY_FIRM_YEAR_UNKNOWN,main,LOCAL_EXPORT_AHS,2015.0,UPDATED_CHINA_ORDINARY
110.0,JPN,2015,2015-10-01,2015-10-31,10.0,31.0,0.084931506849315,0.8090265672243003,0.8884845336481153,0.8090265672243003,0.8884845336481153,observed_quote_tax_basis_assumed,0.0,0.0,0.0,0.0,0.0,0.0,none,0.8,1.0,,JPN,calendar_days_fixed,A_POLICY_COVER;A_EU_MIX;A_EU_FLOOR;A_FX;A_POLICY_UNKNOWN;A_TARIFF_FILL;A_PRICE_TAX;PV_AD_OFFSET_BOUND;POLICY_FIRM_YEAR_UNKNOWN,main,LOCAL_EXPORT_AHS,2015.0,UPDATED_CHINA_ORDINARY
110.0,JPN,2015,2015-11-01,2015-11-30,11.0,30.0,0.0821917808219178,0.7603831200676149,0.8571591535307657,0.7603831200676149,0.8571591535307657,observed_quote_tax_basis_assumed,0.0,0.0,0.0,0.0,0.0,0.0,none,0.8,1.0,,JPN,calendar_days_fixed,A_POLICY_COVER;A_EU_MIX;A_EU_FLOOR;A_FX;A_POLICY_UNKNOWN;A_TARIFF_FILL;A_PRICE_TAX;PV_AD_OFFSET_BOUND;POLICY_FIRM_YEAR_UNKNOWN,main,LOCAL_EXPORT_AHS,2015.0,UPDATED_CHINA_ORDINARY
110.0,JPN,2015,2015-12-01,2015-12-31,12.0,31.0,0.084931506849315,0.770105042618891,0.861117456746578,0.770105042618891,0.861117456746578,observed_quote_tax_basis_assumed,0.0,0.0,0.0,0.0,0.0,0.0,none,0.8,1.0,,JPN,calendar_days_fixed,A_POLICY_COVER;A_EU_MIX;A_EU_FLOOR;A_FX;A_POLICY_UNKNOWN;A_TARIFF_FILL;A_PRICE_TAX;PV_AD_OFFSET_BOUND;POLICY_FIRM_YEAR_UNKNOWN,main,LOCAL_EXPORT_AHS,2015.0,UPDATED_CHINA_ORDINARY
111.0,JPN,2016,2016-01-01,2016-01-31,1.0,31.0,0.0846994535519125,0.7754609470994799,0.8654698070306694,0.7754609470994799,0.8654698070306694,observed_quote_tax_basis_assumed,0.0,0.0,0.0,0.0,0.0,0.0,none,0.8,1.0,,JPN,calendar_days_fixed,A_POLICY_COVER;A_EU_MIX;A_EU_FLOOR;A_FX;A_POLICY_UNKNOWN;A_TARIFF_FILL;A_PRICE_TAX;PV_AD_OFFSET_BOUND;POLICY_FIRM_YEAR_UNKNOWN,main,LOCAL_EXPORT_AHS,2016.0,UPDATED_CHINA_ORDINARY
111.0,JPN,2016,2016-02-01,2016-02-29,2.0,29.0,0.0792349726775956,0.7780005038629495,0.8699460179558434,0.7780005038629495,0.8699460179558434,observed_quote_tax_basis_assumed,0.0,0.0,0.0,0.0,0.0,0.0,none,0.8,1.0,,JPN,calendar_days_fixed,A_POLICY_COVER;A_EU_MIX;A_EU_FLOOR;A_FX;A_POLICY_UNKNOWN;A_TARIFF_FILL;A_PRICE_TAX;PV_AD_OFFSET_BOUND;POLICY_FIRM_YEAR_UNKNOWN,main,LOCAL_EXPORT_AHS,2016.0,UPDATED_CHINA_ORDINARY
111.0,JPN,2016,2016-03-01,2016-03-31,3.0,31.0,0.0846994535519125,0.7787644863397156,0.8495612578251441,0.7787644863397156,0.8495612578251441,observed_quote_tax_basis_assumed,0.0,0.0,0.0,0.0,0.0,0.0,none,0.8,1.0,,JPN,calendar_days_fixed,A_POLICY_COVER;A_EU_MIX;A_EU_FLOOR;A_FX;A_POLICY_UNKNOWN;A_TARIFF_FILL;A_PRICE_TAX;PV_AD_OFFSET_BOUND;POLICY_FIRM_YEAR_UNKNOWN,main,LOCAL_EXPORT_AHS,2016.0,UPDATED_CHINA_ORDINARY
111.0,JPN,2016,2016-04-01,2016-04-30,4.0,30.0,0.081967213114754,0.7944156135931028,0.8738571749524129,0.7944156135931028,0.8738571749524129,observed_quote_tax_basis_assumed,0.0,0.0,0.0,0.0,0.0,0.0,none,0.8,1.0,,JPN,calendar_days_fixed,A_POLICY_COVER;A_EU_MIX;A_EU_FLOOR;A_FX;A_POLICY_UNKNOWN;A_TARIFF_FILL;A_PRICE_TAX;PV_AD_OFFSET_BOUND;POLICY_FIRM_YEAR_UNKNOWN,main,LOCAL_EXPORT_AHS,2016.0,UPDATED_CHINA_ORDINARY
111.0,JPN,2016,2016-05-01,2016-05-31,5.0,31.0,0.0846994535519125,0.7782994701499374,0.8575707124800236,0.7782994701499374,0.8575707124800236,observed_quote_tax_basis_assumed,0.0,0.0,0.0,0.0,0.0,0.0,none,0.8,1.0,,JPN,calendar_days_fixed,A_POLICY_COVER;A_EU_MIX;A_EU_FLOOR;A_FX;A_POLICY_UNKNOWN;A_TARIFF_FILL;A_PRICE_TAX;PV_AD_OFFSET_BOUND;POLICY_FIRM_YEAR_UNKNOWN,main,LOCAL_EXPORT_AHS,2016.0,UPDATED_CHINA_ORDINARY
111.0,JPN,2016,2016-06-01,2016-06-30,6.0,30.0,0.081967213114754,0.7591586187691494,0.8379392301508536,0.7591586187691494,0.8379392301508536,observed_quote_tax_basis_assumed,0.0,0.0,0.0,0.0,0.0,0.0,none,0.8,1.0,,JPN,calendar_days_fixed,A_POLICY_COVER;A_EU_MIX;A_EU_FLOOR;A_FX;A_POLICY_UNKNOWN;A_TARIFF_FILL;A_PRICE_TAX;PV_AD_OFFSET_BOUND;POLICY_FIRM_YEAR_UNKNOWN,main,LOCAL_EXPORT_AHS,2016.0,UPDATED_CHINA_ORDINARY
111.0,JPN,2016,2016-07-01,2016-07-31,7.0,31.0,0.0846994535519125,0.7330790988487496,0.8035674737380523,0.7330790988487496,0.8035674737380523,observed_quote_tax_basis_assumed,0.0,0.0,0.0,0.0,0.0,0.0,none,0.8,1.0,,JPN,calendar_days_fixed,A_POLICY_COVER;A_EU_MIX;A_EU_FLOOR;A_FX;A_POLICY_UNKNOWN;A_TARIFF_FILL;A_PRICE_TAX;PV_AD_OFFSET_BOUND;POLICY_FIRM_YEAR_UNKNOWN,main,LOCAL_EXPORT_AHS,2016.0,UPDATED_CHINA_ORDINARY
111.0,JPN,2016,2016-08-01,2016-08-31,8.0,31.0,0.0846994535519125,0.7280738985555929,0.8280056101220468,0.7280738985555929,0.8280056101220468,observed_quote_tax_basis_assumed,0.0,0.0,0.0,0.0,0.0,0.0,none,0.8,1.0,,JPN,calendar_days_fixed,A_POLICY_COVER;A_EU_MIX;A_EU_FLOOR;A_FX;A_POLICY_UNKNOWN;A_TARIFF_FILL;A_PRICE_TAX;PV_AD_OFFSET_BOUND;POLICY_FIRM_YEAR_UNKNOWN,main,LOCAL_EXPORT_AHS,2016.0,UPDATED_CHINA_ORDINARY
111.0,JPN,2016,2016-09-01,2016-09-30,9.0,30.0,0.081967213114754,0.7423697374619559,0.7923369313295875,0.7423697374619559,0.7923369313295875,observed_quote_tax_basis_assumed,0.0,0.0,0.0,0.0,0.0,0.0,none,0.8,1.0,,JPN,calendar_days_fixed,A_POLICY_COVER;A_EU_MIX;A_EU_FLOOR;A_FX;A_POLICY_UNKNOWN;A_TARIFF_FILL;A_PRICE_TAX;PV_AD_OFFSET_BOUND;POLICY_FIRM_YEAR_UNKNOWN,main,LOCAL_EXPORT_AHS,2016.0,UPDATED_CHINA_ORDINARY
111.0,JPN,2016,2016-10-01,2016-10-31,10.0,31.0,0.0846994535519125,0.7036858447593164,0.774054429235248,0.7036858447593164,0.774054429235248,observed_quote_tax_basis_assumed,0.0,0.0,0.0,0.0,0.0,0.0,none,0.8,1.0,,JPN,calendar_days_fixed,A_POLICY_COVER;A_EU_MIX;A_EU_FLOOR;A_FX;A_POLICY_UNKNOWN;A_TARIFF_FILL;A_PRICE_TAX;PV_AD_OFFSET_BOUND;POLICY_FIRM_YEAR_UNKNOWN,main,LOCAL_EXPORT_AHS,2016.0,UPDATED_CHINA_ORDINARY
111.0,JPN,2016,2016-11-01,2016-11-30,11.0,30.0,0.081967213114754,0.6749440466200466,0.7438158881118881,0.6749440466200466,0.7438158881118881,observed_quote_tax_basis_assumed,0.0,0.0,0.0,0.0,0.0,0.0,none,0.8,1.0,,JPN,calendar_days_fixed,A_POLICY_COVER;A_EU_MIX;A_EU_FLOOR;A_FX;A_POLICY_UNKNOWN;A_TARIFF_FILL;A_PRICE_TAX;PV_AD_OFFSET_BOUND;POLICY_FIRM_YEAR_UNKNOWN,main,LOCAL_EXPORT_AHS,2016.0,UPDATED_CHINA_ORDINARY
111.0,JPN,2016,2016-12-01,2016-12-31,12.0,31.0,0.0846994535519125,0.6716546528435174,0.7186704785425637,0.6716546528435174,0.7186704785425637,observed_quote_tax_basis_assumed,0.0,0.0,0.0,0.0,0.0,0.0,none,0.8,1.0,,JPN,calendar_days_fixed,A_POLICY_COVER;A_EU_MIX;A_EU_FLOOR;A_FX;A_POLICY_UNKNOWN;A_TARIFF_FILL;A_PRICE_TAX;PV_AD_OFFSET_BOUND;POLICY_FIRM_YEAR_UNKNOWN,main,LOCAL_EXPORT_AHS,2016.0,UPDATED_CHINA_ORDINARY
112.0,JPN,2017,2017-01-01,2017-01-31,1.0,31.0,0.084931506849315,0.65131797346,0.6978406858499999,0.65131797346,0.6978406858499999,observed_quote_tax_basis_assumed,0.0,0.0,0.0,0.0,0.0,0.0,none,0.8,1.0,,JPN,calendar_days_fixed,A_POLICY_COVER;A_EU_MIX;A_EU_FLOOR;A_FX;A_POLICY_UNKNOWN;A_TARIFF_FILL;A_PRICE_TAX;PV_AD_OFFSET_BOUND;POLICY_FIRM_YEAR_UNKNOWN,main,LOCAL_EXPORT_AHS,2017.0,UPDATED_CHINA_ORDINARY
112.0,JPN,2017,2017-02-01,2017-02-28,2.0,28.0,0.0767123287671232,0.653336242055,0.680003027445,0.653336242055,0.680003027445,observed_quote_tax_basis_assumed,0.0,0.0,0.0,0.0,0.0,0.0,none,0.8,1.0,,JPN,calendar_days_fixed,A_POLICY_COVER;A_EU_MIX;A_EU_FLOOR;A_FX;A_POLICY_UNKNOWN;A_TARIFF_FILL;A_PRICE_TAX;PV_AD_OFFSET_BOUND;POLICY_FIRM_YEAR_UNKNOWN,main,LOCAL_EXPORT_AHS,2017.0,UPDATED_CHINA_ORDINARY
112.0,JPN,2017,2017-03-01,2017-03-31,3.0,31.0,0.084931506849315,0.6288995552,0.66904208,0.6288995552,0.66904208,observed_quote_tax_basis_assumed,0.0,0.0,0.0,0.0,0.0,0.0,none,0.8,1.0,,JPN,calendar_days_fixed,A_POLICY_COVER;A_EU_MIX;A_EU_FLOOR;A_FX;A_POLICY_UNKNOWN;A_TARIFF_FILL;A_PRICE_TAX;PV_AD_OFFSET_BOUND;POLICY_FIRM_YEAR_UNKNOWN,main,LOCAL_EXPORT_AHS,2017.0,UPDATED_CHINA_ORDINARY
112.0,JPN,2017,2017-04-01,2017-04-30,4.0,30.0,0.0821917808219178,0.6161349233900001,0.6630147545175,0.6161349233900001,0.6630147545175,observed_quote_tax_basis_assumed,0.0,0.0,0.0,0.0,0.0,0.0,none,0.8,1.0,,JPN,calendar_days_fixed,A_POLICY_COVER;A_EU_MIX;A_EU_FLOOR;A_FX;A_POLICY_UNKNOWN;A_TARIFF_FILL;A_PRICE_TAX;PV_AD_OFFSET_BOUND;POLICY_FIRM_YEAR_UNKNOWN,main,LOCAL_EXPORT_AHS,2017.0,UPDATED_CHINA_ORDINARY
112.0,JPN,2017,2017-05-01,2017-05-31,5.0,31.0,0.084931506849315,0.6360321647399999,0.67751252331,0.6360321647399999,0.67751252331,observed_quote_tax_basis_assumed,0.0,0.0,0.0,0.0,0.0,0.0,none,0.8,1.0,,JPN,calendar_days_fixed,A_POLICY_COVER;A_EU_MIX;A_EU_FLOOR;A_FX;A_POLICY_UNKNOWN;A_TARIFF_FILL;A_PRICE_TAX;PV_AD_OFFSET_BOUND;POLICY_FIRM_YEAR_UNKNOWN,main,LOCAL_EXPORT_AHS,2017.0,UPDATED_CHINA_ORDINARY
112.0,JPN,2017,2017-06-01,2017-06-30,6.0,30.0,0.0821917808219178,0.6834862197535653,0.7587457241032978,,,index_bridge,0.0,0.0,0.0,0.0,0.0,0.0,none,0.8,1.0,,JPN,calendar_days_fixed,A_POLICY_COVER;A_EU_MIX;A_EU_FLOOR;A_FX;A_POLICY_UNKNOWN;A_TARIFF_FILL;A_PRICE_TAX;PV_AD_OFFSET_BOUND;POLICY_FIRM_YEAR_UNKNOWN,main,LOCAL_EXPORT_AHS,2017.0,UPDATED_CHINA_ORDINARY
112.0,JPN,2017,2017-07-01,2017-07-31,7.0,31.0,0.084931506849315,0.7190854065307387,0.7982647809154071,,,index_bridge,0.0,0.0,0.0,0.0,0.0,0.0,none,0.8,1.0,,JPN,calendar_days_fixed,A_POLICY_COVER;A_EU_MIX;A_EU_FLOOR;A_FX;A_POLICY_UNKNOWN;A_TARIFF_FILL;A_PRICE_TAX;PV_AD_OFFSET_BOUND;POLICY_FIRM_YEAR_UNKNOWN,main,LOCAL_EXPORT_AHS,2017.0,UPDATED_CHINA_ORDINARY
112.0,JPN,2017,2017-08-01,2017-08-31,8.0,31.0,0.084931506849315,0.7376777050824325,0.8189043002204721,,,index_bridge,0.0,0.0,0.0,0.0,0.0,0.0,none,0.8,1.0,,JPN,calendar_days_fixed,A_POLICY_COVER;A_EU_MIX;A_EU_FLOOR;A_FX;A_POLICY_UNKNOWN;A_TARIFF_FILL;A_PRICE_TAX;PV_AD_OFFSET_BOUND;POLICY_FIRM_YEAR_UNKNOWN,main,LOCAL_EXPORT_AHS,2017.0,UPDATED_CHINA_ORDINARY
112.0,JPN,2017,2017-09-01,2017-09-30,9.0,30.0,0.0821917808219178,0.7443664359352588,0.8263295354155424,,,index_bridge,0.0,0.0,0.0,0.0,0.0,0.0,none,0.8,1.0,,JPN,calendar_days_fixed,A_POLICY_COVER;A_EU_MIX;A_EU_FLOOR;A_FX;A_POLICY_UNKNOWN;A_TARIFF_FILL;A_PRICE_TAX;PV_AD_OFFSET_BOUND;POLICY_FIRM_YEAR_UNKNOWN,main,LOCAL_EXPORT_AHS,2017.0,UPDATED_CHINA_ORDINARY
112.0,JPN,2017,2017-10-01,2017-10-31,10.0,31.0,0.084931506849315,0.7152718333710166,0.7940312905466657,,,index_bridge,0.0,0.0,0.0,0.0,0.0,0.0,none,0.8,1.0,,JPN,calendar_days_fixed,A_POLICY_COVER;A_EU_MIX;A_EU_FLOOR;A_FX;A_POLICY_UNKNOWN;A_TARIFF_FILL;A_PRICE_TAX;PV_AD_OFFSET_BOUND;POLICY_FIRM_YEAR_UNKNOWN,main,LOCAL_EXPORT_AHS,2017.0,UPDATED_CHINA_ORDINARY
112.0,JPN,2017,2017-11-01,2017-11-30,11.0,30.0,0.0821917808219178,0.6803818599439665,0.7552995394348484,,,index_bridge,0.0,0.0,0.0,0.0,0.0,0.0,none,0.8,1.0,,JPN,calendar_days_fixed,A_POLICY_COVER;A_EU_MIX;A_EU_FLOOR;A_FX;A_POLICY_UNKNOWN;A_TARIFF_FILL;A_PRICE_TAX;PV_AD_OFFSET_BOUND;POLICY_FIRM_YEAR_UNKNOWN,main,LOCAL_EXPORT_AHS,2017.0,UPDATED_CHINA_ORDINARY
112.0,JPN,2017,2017-12-01,2017-12-31,12.0,31.0,0.084931506849315,0.6512233829889086,0.722930386887791,,,index_bridge,0.0,0.0,0.0,0.0,0.0,0.0,none,0.8,1.0,,JPN,calendar_days_fixed,A_POLICY_COVER;A_EU_MIX;A_EU_FLOOR;A_FX;A_POLICY_UNKNOWN;A_TARIFF_FILL;A_PRICE_TAX;PV_AD_OFFSET_BOUND;POLICY_FIRM_YEAR_UNKNOWN,main,LOCAL_EXPORT_AHS,2017.0,UPDATED_CHINA_ORDINARY
113.0,JPN,2018,2018-01-01,2018-01-31,1.0,31.0,0.084931506849315,0.655027440164083,0.7271533134552772,,,index_bridge,0.0,0.0,0.0,0.0,0.0,0.0,none,0.8,1.0,,JPN,calendar_days_fixed,A_POLICY_COVER;A_EU_MIX;A_EU_FLOOR;A_FX;A_POLICY_UNKNOWN;A_TARIFF_FILL;A_PRICE_TAX;PV_AD_OFFSET_BOUND;POLICY_FIRM_YEAR_UNKNOWN,main,LOCAL_EXPORT_AHS,2018.0,UPDATED_CHINA_ORDINARY
113.0,JPN,2018,2018-02-01,2018-02-28,2.0,28.0,0.0767123287671232,0.6647304348272245,0.7379247167387408,,,index_bridge,0.0,0.0,0.0,0.0,0.0,0.0,none,0.8,1.0,,JPN,calendar_days_fixed,A_POLICY_COVER;A_EU_MIX;A_EU_FLOOR;A_FX;A_POLICY_UNKNOWN;A_TARIFF_FILL;A_PRICE_TAX;PV_AD_OFFSET_BOUND;POLICY_FIRM_YEAR_UNKNOWN,main,LOCAL_EXPORT_AHS,2018.0,UPDATED_CHINA_ORDINARY
113.0,JPN,2018,2018-03-01,2018-03-31,3.0,31.0,0.084931506849315,0.6450430138824986,0.7160694897733482,,,index_bridge,0.0,0.0,0.0,0.0,0.0,0.0,none,0.8,1.0,,JPN,calendar_days_fixed,A_POLICY_COVER;A_EU_MIX;A_EU_FLOOR;A_FX;A_POLICY_UNKNOWN;A_TARIFF_FILL;A_PRICE_TAX;PV_AD_OFFSET_BOUND;POLICY_FIRM_YEAR_UNKNOWN,main,LOCAL_EXPORT_AHS,2018.0,UPDATED_CHINA_ORDINARY
113.0,JPN,2018,2018-04-01,2018-04-30,4.0,30.0,0.0821917808219178,0.6248356131344818,0.6936370273919885,,,index_bridge,0.0,0.0,0.0,0.0,0.0,0.0,none,0.8,1.0,,JPN,calendar_days_fixed,A_POLICY_COVER;A_EU_MIX;A_EU_FLOOR;A_FX;A_POLICY_UNKNOWN;A_TARIFF_FILL;A_PRICE_TAX;PV_AD_OFFSET_BOUND;POLICY_FIRM_YEAR_UNKNOWN,main,LOCAL_EXPORT_AHS,2018.0,UPDATED_CHINA_ORDINARY
113.0,JPN,2018,2018-05-01,2018-05-31,5.0,31.0,0.084931506849315,0.5850384784497941,0.6494577814893321,,,index_bridge,0.0,0.0,0.0,0.0,0.0,0.0,none,0.8,1.0,,JPN,calendar_days_fixed,A_POLICY_COVER;A_EU_MIX;A_EU_FLOOR;A_FX;A_POLICY_UNKNOWN;A_TARIFF_FILL;A_PRICE_TAX;PV_AD_OFFSET_BOUND;POLICY_FIRM_YEAR_UNKNOWN,main,LOCAL_EXPORT_AHS,2018.0,UPDATED_CHINA_ORDINARY
113.0,JPN,2018,2018-06-01,2018-06-30,6.0,30.0,0.0821917808219178,0.5600553168749636,0.6217236934102497,,,index_bridge,0.0,0.0,0.0,0.0,0.0,0.0,none,0.8,1.0,,JPN,calendar_days_fixed,A_POLICY_COVER;A_EU_MIX;A_EU_FLOOR;A_FX;A_POLICY_UNKNOWN;A_TARIFF_FILL;A_PRICE_TAX;PV_AD_OFFSET_BOUND;POLICY_FIRM_YEAR_UNKNOWN,main,LOCAL_EXPORT_AHS,2018.0,UPDATED_CHINA_ORDINARY
113.0,JPN,2018,2018-07-01,2018-07-31,7.0,31.0,0.084931506849315,0.5436607621600794,0.6035239142062432,,,index_bridge,0.0,0.0,0.0,0.0,0.0,0.0,none,0.8,1.0,,JPN,calendar_days_fixed,A_POLICY_COVER;A_EU_MIX;A_EU_FLOOR;A_FX;A_POLICY_UNKNOWN;A_TARIFF_FILL;A_PRICE_TAX;PV_AD_OFFSET_BOUND;POLICY_FIRM_YEAR_UNKNOWN,main,LOCAL_EXPORT_AHS,2018.0,UPDATED_CHINA_ORDINARY
113.0,JPN,2018,2018-08-01,2018-08-31,8.0,31.0,0.084931506849315,0.5200018991617037,0.577259944841015,,,index_bridge,0.0,0.0,0.0,0.0,0.0,0.0,none,0.8,1.0,,JPN,calendar_days_fixed,A_POLICY_COVER;A_EU_MIX;A_EU_FLOOR;A_FX;A_POLICY_UNKNOWN;A_TARIFF_FILL;A_PRICE_TAX;PV_AD_OFFSET_BOUND;POLICY_FIRM_YEAR_UNKNOWN,main,LOCAL_EXPORT_AHS,2018.0,UPDATED_CHINA_ORDINARY
113.0,JPN,2018,2018-09-01,2018-09-30,9.0,30.0,0.0821917808219178,0.491111693367402,0.54518860312063,,,index_bridge,0.0,0.0,0.0,0.0,0.0,0.0,none,0.8,1.0,,JPN,calendar_days_fixed,A_POLICY_COVER;A_EU_MIX;A_EU_FLOOR;A_FX;A_POLICY_UNKNOWN;A_TARIFF_FILL;A_PRICE_TAX;PV_AD_OFFSET_BOUND;POLICY_FIRM_YEAR_UNKNOWN,main,LOCAL_EXPORT_AHS,2018.0,UPDATED_CHINA_ORDINARY
113.0,JPN,2018,2018-10-01,2018-10-31,10.0,31.0,0.084931506849315,0.4860318235809892,0.5395493826534903,,,index_bridge,0.0,0.0,0.0,0.0,0.0,0.0,none,0.8,1.0,,JPN,calendar_days_fixed,A_POLICY_COVER;A_EU_MIX;A_EU_FLOOR;A_FX;A_POLICY_UNKNOWN;A_TARIFF_FILL;A_PRICE_TAX;PV_AD_OFFSET_BOUND;POLICY_FIRM_YEAR_UNKNOWN,main,LOCAL_EXPORT_AHS,2018.0,UPDATED_CHINA_ORDINARY
113.0,JPN,2018,2018-11-01,2018-11-30,11.0,30.0,0.0821917808219178,0.4461069108009444,0.4952282888529768,,,index_bridge,0.0,0.0,0.0,0.0,0.0,0.0,none,0.8,1.0,,JPN,calendar_days_fixed,A_POLICY_COVER;A_EU_MIX;A_EU_FLOOR;A_FX;A_POLICY_UNKNOWN;A_TARIFF_FILL;A_PRICE_TAX;PV_AD_OFFSET_BOUND;POLICY_FIRM_YEAR_UNKNOWN,main,LOCAL_EXPORT_AHS,2018.0,UPDATED_CHINA_ORDINARY
113.0,JPN,2018,2018-12-01,2018-12-31,12.0,31.0,0.084931506849315,0.445321925914791,0.4943568683200664,,,index_bridge,0.0,0.0,0.0,0.0,0.0,0.0,none,0.8,1.0,,JPN,calendar_days_fixed,A_POLICY_COVER;A_EU_MIX;A_EU_FLOOR;A_FX;A_POLICY_UNKNOWN;A_TARIFF_FILL;A_PRICE_TAX;PV_AD_OFFSET_BOUND;POLICY_FIRM_YEAR_UNKNOWN,main,LOCAL_EXPORT_AHS,2018.0,UPDATED_CHINA_ORDINARY
114.0,JPN,2019,2019-01-01,2019-01-31,1.0,31.0,0.084931506849315,0.4407953936392269,0.4893319140344654,,,index_bridge,0.0,0.0,0.0,0.0,0.0,0.0,none,0.8,1.0,,JPN,calendar_days_fixed,A_POLICY_COVER;A_EU_MIX;A_EU_FLOOR;A_FX;A_POLICY_UNKNOWN;A_TARIFF_FILL;A_PRICE_TAX;PV_AD_OFFSET_BOUND;POLICY_FIRM_YEAR_UNKNOWN,main,LOCAL_EXPORT_AHS,2019.0,UPDATED_CHINA_ORDINARY
114.0,JPN,2019,2019-02-01,2019-02-28,2.0,28.0,0.0767123287671232,0.4220528087387762,0.4685255601668083,,,index_bridge,0.0,0.0,0.0,0.0,0.0,0.0,none,0.8,1.0,,JPN,calendar_days_fixed,A_POLICY_COVER;A_EU_MIX;A_EU_FLOOR;A_FX;A_POLICY_UNKNOWN;A_TARIFF_FILL;A_PRICE_TAX;PV_AD_OFFSET_BOUND;POLICY_FIRM_YEAR_UNKNOWN,main,LOCAL_EXPORT_AHS,2019.0,UPDATED_CHINA_ORDINARY
114.0,JPN,2019,2019-03-01,2019-03-31,3.0,31.0,0.084931506849315,0.43639361763407,0.4844454530849272,,,index_bridge,0.0,0.0,0.0,0.0,0.0,0.0,none,0.8,1.0,,JPN,calendar_days_fixed,A_POLICY_COVER;A_EU_MIX;A_EU_FLOOR;A_FX;A_POLICY_UNKNOWN;A_TARIFF_FILL;A_PRICE_TAX;PV_AD_OFFSET_BOUND;POLICY_FIRM_YEAR_UNKNOWN,main,LOCAL_EXPORT_AHS,2019.0,UPDATED_CHINA_ORDINARY
114.0,JPN,2019,2019-04-01,2019-04-30,4.0,30.0,0.0821917808219178,0.4178512434680968,0.4638613554008097,,,index_bridge,0.0,0.0,0.0,0.0,0.0,0.0,none,0.8,1.0,,JPN,calendar_days_fixed,A_POLICY_COVER;A_EU_MIX;A_EU_FLOOR;A_FX;A_POLICY_UNKNOWN;A_TARIFF_FILL;A_PRICE_TAX;PV_AD_OFFSET_BOUND;POLICY_FIRM_YEAR_UNKNOWN,main,LOCAL_EXPORT_AHS,2019.0,UPDATED_CHINA_ORDINARY
114.0,JPN,2019,2019-05-01,2019-05-31,5.0,31.0,0.084931506849315,0.4318373933480303,0.4793875373652296,,,index_bridge,0.0,0.0,0.0,0.0,0.0,0.0,none,0.8,1.0,,JPN,calendar_days_fixed,A_POLICY_COVER;A_EU_MIX;A_EU_FLOOR;A_FX;A_POLICY_UNKNOWN;A_TARIFF_FILL;A_PRICE_TAX;PV_AD_OFFSET_BOUND;POLICY_FIRM_YEAR_UNKNOWN,main,LOCAL_EXPORT_AHS,2019.0,UPDATED_CHINA_ORDINARY
114.0,JPN,2019,2019-06-01,2019-06-30,6.0,30.0,0.0821917808219178,0.4198962531131177,0.4661315435612515,,,index_bridge,0.0,0.0,0.0,0.0,0.0,0.0,none,0.8,1.0,,JPN,calendar_days_fixed,A_POLICY_COVER;A_EU_MIX;A_EU_FLOOR;A_FX;A_POLICY_UNKNOWN;A_TARIFF_FILL;A_PRICE_TAX;PV_AD_OFFSET_BOUND;POLICY_FIRM_YEAR_UNKNOWN,main,LOCAL_EXPORT_AHS,2019.0,UPDATED_CHINA_ORDINARY
114.0,JPN,2019,2019-07-01,2019-07-31,7.0,31.0,0.084931506849315,0.4331502037355332,0.4808449029115831,,,index_bridge,0.0,0.0,0.0,0.0,0.0,0.0,none,0.8,1.0,,JPN,calendar_days_fixed,A_POLICY_COVER;A_EU_MIX;A_EU_FLOOR;A_FX;A_POLICY_UNKNOWN;A_TARIFF_FILL;A_PRICE_TAX;PV_AD_OFFSET_BOUND;POLICY_FIRM_YEAR_UNKNOWN,main,LOCAL_EXPORT_AHS,2019.0,UPDATED_CHINA_ORDINARY
114.0,JPN,2019,2019-08-01,2019-08-31,8.0,31.0,0.084931506849315,0.4136868601909633,0.459238426783183,,,index_bridge,0.0,0.0,0.0,0.0,0.0,0.0,none,0.8,1.0,,JPN,calendar_days_fixed,A_POLICY_COVER;A_EU_MIX;A_EU_FLOOR;A_FX;A_POLICY_UNKNOWN;A_TARIFF_FILL;A_PRICE_TAX;PV_AD_OFFSET_BOUND;POLICY_FIRM_YEAR_UNKNOWN,main,LOCAL_EXPORT_AHS,2019.0,UPDATED_CHINA_ORDINARY
114.0,JPN,2019,2019-09-01,2019-09-30,9.0,30.0,0.0821917808219178,0.3933783413315631,0.4366937120514113,,,index_bridge,0.0,0.0,0.0,0.0,0.0,0.0,none,0.8,1.0,,JPN,calendar_days_fixed,A_POLICY_COVER;A_EU_MIX;A_EU_FLOOR;A_FX;A_POLICY_UNKNOWN;A_TARIFF_FILL;A_PRICE_TAX;PV_AD_OFFSET_BOUND;POLICY_FIRM_YEAR_UNKNOWN,main,LOCAL_EXPORT_AHS,2019.0,UPDATED_CHINA_ORDINARY
114.0,JPN,2019,2019-10-01,2019-10-31,10.0,31.0,0.084931506849315,0.3951301852582417,0.438638453657384,,,index_bridge,0.0,0.0,0.0,0.0,0.0,0.0,none,0.8,1.0,,JPN,calendar_days_fixed,A_POLICY_COVER;A_EU_MIX;A_EU_FLOOR;A_FX;A_POLICY_UNKNOWN;A_TARIFF_FILL;A_PRICE_TAX;PV_AD_OFFSET_BOUND;POLICY_FIRM_YEAR_UNKNOWN,main,LOCAL_EXPORT_AHS,2019.0,UPDATED_CHINA_ORDINARY
114.0,JPN,2019,2019-11-01,2019-11-30,11.0,30.0,0.0821917808219178,0.3950586814244998,0.438559076448977,,,index_bridge,0.0,0.0,0.0,0.0,0.0,0.0,none,0.8,1.0,,JPN,calendar_days_fixed,A_POLICY_COVER;A_EU_MIX;A_EU_FLOOR;A_FX;A_POLICY_UNKNOWN;A_TARIFF_FILL;A_PRICE_TAX;PV_AD_OFFSET_BOUND;POLICY_FIRM_YEAR_UNKNOWN,main,LOCAL_EXPORT_AHS,2019.0,UPDATED_CHINA_ORDINARY
114.0,JPN,2019,2019-12-01,2019-12-31,12.0,31.0,0.084931506849315,0.3814186100998776,0.4234170801732473,,,index_bridge,0.0,0.0,0.0,0.0,0.0,0.0,none,0.8,1.0,,JPN,calendar_days_fixed,A_POLICY_COVER;A_EU_MIX;A_EU_FLOOR;A_FX;A_POLICY_UNKNOWN;A_TARIFF_FILL;A_PRICE_TAX;PV_AD_OFFSET_BOUND;POLICY_FIRM_YEAR_UNKNOWN,main,LOCAL_EXPORT_AHS,2019.0,UPDATED_CHINA_ORDINARY
115.0,JPN,2020,2020-01-01,2020-01-31,1.0,31.0,0.0846994535519125,0.3916536227402709,0.4347790825847101,,,index_bridge,0.0,0.0,0.0,0.0,0.0,0.0,none,0.8,1.0,,JPN,calendar_days_fixed,A_POLICY_COVER;A_EU_MIX;A_EU_FLOOR;A_FX;A_POLICY_UNKNOWN;A_TARIFF_FILL;A_PRICE_TAX;PV_AD_OFFSET_BOUND;POLICY_FIRM_YEAR_UNKNOWN,main,LOCAL_EXPORT_AHS,2020.0,UPDATED_CHINA_ORDINARY
115.0,JPN,2020,2020-02-01,2020-02-29,2.0,29.0,0.0792349726775956,0.4001511722342303,0.444212307655762,,,index_bridge,0.0,0.0,0.0,0.0,0.0,0.0,none,0.8,1.0,,JPN,calendar_days_fixed,A_POLICY_COVER;A_EU_MIX;A_EU_FLOOR;A_FX;A_POLICY_UNKNOWN;A_TARIFF_FILL;A_PRICE_TAX;PV_AD_OFFSET_BOUND;POLICY_FIRM_YEAR_UNKNOWN,main,LOCAL_EXPORT_AHS,2020.0,UPDATED_CHINA_ORDINARY
115.0,JPN,2020,2020-03-01,2020-03-31,3.0,31.0,0.0846994535519125,0.4059639138384141,0.4506650973536757,,,index_bridge,0.0,0.0,0.0,0.0,0.0,0.0,none,0.8,1.0,,JPN,calendar_days_fixed,A_POLICY_COVER;A_EU_MIX;A_EU_FLOOR;A_FX;A_POLICY_UNKNOWN;A_TARIFF_FILL;A_PRICE_TAX;PV_AD_OFFSET_BOUND;POLICY_FIRM_YEAR_UNKNOWN,main,LOCAL_EXPORT_AHS,2020.0,UPDATED_CHINA_ORDINARY
115.0,JPN,2020,2020-04-01,2020-04-30,4.0,30.0,0.081967213114754,0.398569648573222,0.4424566404884109,,,index_bridge,0.0,0.0,0.0,0.0,0.0,0.0,none,0.8,1.0,,JPN,calendar_days_fixed,A_POLICY_COVER;A_EU_MIX;A_EU_FLOOR;A_FX;A_POLICY_UNKNOWN;A_TARIFF_FILL;A_PRICE_TAX;PV_AD_OFFSET_BOUND;POLICY_FIRM_YEAR_UNKNOWN,main,LOCAL_EXPORT_AHS,2020.0,UPDATED_CHINA_ORDINARY
115.0,JPN,2020,2020-05-01,2020-05-31,5.0,31.0,0.0846994535519125,0.3846496011905039,0.4270038396480944,,,index_bridge,0.0,0.0,0.0,0.0,0.0,0.0,none,0.8,1.0,,JPN,calendar_days_fixed,A_POLICY_COVER;A_EU_MIX;A_EU_FLOOR;A_FX;A_POLICY_UNKNOWN;A_TARIFF_FILL;A_PRICE_TAX;PV_AD_OFFSET_BOUND;POLICY_FIRM_YEAR_UNKNOWN,main,LOCAL_EXPORT_AHS,2020.0,UPDATED_CHINA_ORDINARY
115.0,JPN,2020,2020-06-01,2020-06-30,6.0,30.0,0.081967213114754,0.3812115019799509,0.4231871671247031,,,index_bridge,0.0,0.0,0.0,0.0,0.0,0.0,none,0.8,1.0,,JPN,calendar_days_fixed,A_POLICY_COVER;A_EU_MIX;A_EU_FLOOR;A_FX;A_POLICY_UNKNOWN;A_TARIFF_FILL;A_PRICE_TAX;PV_AD_OFFSET_BOUND;POLICY_FIRM_YEAR_UNKNOWN,main,LOCAL_EXPORT_AHS,2020.0,UPDATED_CHINA_ORDINARY
115.0,JPN,2020,2020-07-01,2020-07-31,7.0,31.0,0.0846994535519125,0.355926910091064,0.3951184578706863,,,index_bridge,0.0,0.0,0.0,0.0,0.0,0.0,none,0.8,1.0,,JPN,calendar_days_fixed,A_POLICY_COVER;A_EU_MIX;A_EU_FLOOR;A_FX;A_POLICY_UNKNOWN;A_TARIFF_FILL;A_PRICE_TAX;PV_AD_OFFSET_BOUND;POLICY_FIRM_YEAR_UNKNOWN,main,LOCAL_EXPORT_AHS,2020.0,UPDATED_CHINA_ORDINARY
115.0,JPN,2020,2020-08-01,2020-08-31,8.0,31.0,0.0846994535519125,0.3505575765752396,0.3891579004685412,,,index_bridge,0.0,0.0,0.0,0.0,0.0,0.0,none,0.8,1.0,,JPN,calendar_days_fixed,A_POLICY_COVER;A_EU_MIX;A_EU_FLOOR;A_FX;A_POLICY_UNKNOWN;A_TARIFF_FILL;A_PRICE_TAX;PV_AD_OFFSET_BOUND;POLICY_FIRM_YEAR_UNKNOWN,main,LOCAL_EXPORT_AHS,2020.0,UPDATED_CHINA_ORDINARY
115.0,JPN,2020,2020-09-01,2020-09-30,9.0,30.0,0.081967213114754,0.3494998073724115,0.3879836590039169,,,index_bridge,0.0,0.0,0.0,0.0,0.0,0.0,none,0.8,1.0,,JPN,calendar_days_fixed,A_POLICY_COVER;A_EU_MIX;A_EU_FLOOR;A_FX;A_POLICY_UNKNOWN;A_TARIFF_FILL;A_PRICE_TAX;PV_AD_OFFSET_BOUND;POLICY_FIRM_YEAR_UNKNOWN,main,LOCAL_EXPORT_AHS,2020.0,UPDATED_CHINA_ORDINARY
115.0,JPN,2020,2020-10-01,2020-10-31,10.0,31.0,0.0846994535519125,0.3489891499511527,0.3874167724688798,,,index_bridge,0.0,0.0,0.0,0.0,0.0,0.0,none,0.8,1.0,,JPN,calendar_days_fixed,A_POLICY_COVER;A_EU_MIX;A_EU_FLOOR;A_FX;A_POLICY_UNKNOWN;A_TARIFF_FILL;A_PRICE_TAX;PV_AD_OFFSET_BOUND;POLICY_FIRM_YEAR_UNKNOWN,main,LOCAL_EXPORT_AHS,2020.0,UPDATED_CHINA_ORDINARY
115.0,JPN,2020,2020-11-01,2020-11-30,11.0,30.0,0.081967213114754,0.3675550748048358,0.4080270140357605,,,index_bridge,0.0,0.0,0.0,0.0,0.0,0.0,none,0.8,1.0,,JPN,calendar_days_fixed,A_POLICY_COVER;A_EU_MIX;A_EU_FLOOR;A_FX;A_POLICY_UNKNOWN;A_TARIFF_FILL;A_PRICE_TAX;PV_AD_OFFSET_BOUND;POLICY_FIRM_YEAR_UNKNOWN,main,LOCAL_EXPORT_AHS,2020.0,UPDATED_CHINA_ORDINARY
115.0,JPN,2020,2020-12-01,2020-12-31,12.0,31.0,0.0846994535519125,0.3778580677742381,0.4194644821734781,,,index_bridge,0.0,0.0,0.0,0.0,0.0,0.0,none,0.8,1.0,,JPN,calendar_days_fixed,A_POLICY_COVER;A_EU_MIX;A_EU_FLOOR;A_FX;A_POLICY_UNKNOWN;A_TARIFF_FILL;A_PRICE_TAX;PV_AD_OFFSET_BOUND;POLICY_FIRM_YEAR_UNKNOWN,main,LOCAL_EXPORT_AHS,2020.0,UPDATED_CHINA_ORDINARY
116.0,JPN,2021,2021-01-01,2021-01-31,1.0,31.0,0.084931506849315,0.3778178498205821,0.4194198357717119,,,index_bridge,0.0,0.0,0.0,0.0,0.0,0.0,none,0.8,1.0,,JPN,calendar_days_fixed,A_POLICY_COVER;A_EU_MIX;A_EU_FLOOR;A_FX;A_POLICY_UNKNOWN;A_TARIFF_FILL;A_PRICE_TAX;PV_AD_OFFSET_BOUND;POLICY_FIRM_YEAR_UNKNOWN,main,LOCAL_EXPORT_AHS,2021.0,UPDATED_CHINA_ORDINARY
116.0,JPN,2021,2021-02-01,2021-02-28,2.0,28.0,0.0767123287671232,0.3918816772586748,0.4350322484653094,,,index_bridge,0.0,0.0,0.0,0.0,0.0,0.0,none,0.8,1.0,,JPN,calendar_days_fixed,A_POLICY_COVER;A_EU_MIX;A_EU_FLOOR;A_FX;A_POLICY_UNKNOWN;A_TARIFF_FILL;A_PRICE_TAX;PV_AD_OFFSET_BOUND;POLICY_FIRM_YEAR_UNKNOWN,main,LOCAL_EXPORT_AHS,2021.0,UPDATED_CHINA_ORDINARY
116.0,JPN,2021,2021-03-01,2021-03-31,3.0,31.0,0.084931506849315,0.3693816453757618,0.4100547105282556,,,index_bridge,0.0,0.0,0.0,0.0,0.0,0.0,none,0.8,1.0,,JPN,calendar_days_fixed,A_POLICY_COVER;A_EU_MIX;A_EU_FLOOR;A_FX;A_POLICY_UNKNOWN;A_TARIFF_FILL;A_PRICE_TAX;PV_AD_OFFSET_BOUND;POLICY_FIRM_YEAR_UNKNOWN,main,LOCAL_EXPORT_AHS,2021.0,UPDATED_CHINA_ORDINARY
116.0,JPN,2021,2021-04-01,2021-04-30,4.0,30.0,0.0821917808219178,0.3880052095859815,0.4307289381917809,,,index_bridge,0.0,0.0,0.0,0.0,0.0,0.0,none,0.8,1.0,,JPN,calendar_days_fixed,A_POLICY_COVER;A_EU_MIX;A_EU_FLOOR;A_FX;A_POLICY_UNKNOWN;A_TARIFF_FILL;A_PRICE_TAX;PV_AD_OFFSET_BOUND;POLICY_FIRM_YEAR_UNKNOWN,main,LOCAL_EXPORT_AHS,2021.0,UPDATED_CHINA_ORDINARY
116.0,JPN,2021,2021-05-01,2021-05-31,5.0,31.0,0.084931506849315,0.4098148227588359,0.4549400345694323,,,index_bridge,0.0,0.0,0.0,0.0,0.0,0.0,none,0.8,1.0,,JPN,calendar_days_fixed,A_POLICY_COVER;A_EU_MIX;A_EU_FLOOR;A_FX;A_POLICY_UNKNOWN;A_TARIFF_FILL;A_PRICE_TAX;PV_AD_OFFSET_BOUND;POLICY_FIRM_YEAR_UNKNOWN,main,LOCAL_EXPORT_AHS,2021.0,UPDATED_CHINA_ORDINARY
116.0,JPN,2021,2021-06-01,2021-06-30,6.0,30.0,0.0821917808219178,0.406451067993495,0.4512058926491245,,,index_bridge,0.0,0.0,0.0,0.0,0.0,0.0,none,0.8,1.0,,JPN,calendar_days_fixed,A_POLICY_COVER;A_EU_MIX;A_EU_FLOOR;A_FX;A_POLICY_UNKNOWN;A_TARIFF_FILL;A_PRICE_TAX;PV_AD_OFFSET_BOUND;POLICY_FIRM_YEAR_UNKNOWN,main,LOCAL_EXPORT_AHS,2021.0,UPDATED_CHINA_ORDINARY
116.0,JPN,2021,2021-07-01,2021-07-31,7.0,31.0,0.084931506849315,0.3829348709572001,0.425100298369707,,,index_bridge,0.0,0.0,0.0,0.0,0.0,0.0,none,0.8,1.0,,JPN,calendar_days_fixed,A_POLICY_COVER;A_EU_MIX;A_EU_FLOOR;A_FX;A_POLICY_UNKNOWN;A_TARIFF_FILL;A_PRICE_TAX;PV_AD_OFFSET_BOUND;POLICY_FIRM_YEAR_UNKNOWN,main,LOCAL_EXPORT_AHS,2021.0,UPDATED_CHINA_ORDINARY
116.0,JPN,2021,2021-08-01,2021-08-31,8.0,31.0,0.084931506849315,0.3971972762622079,0.4409331545822355,,,index_bridge,0.0,0.0,0.0,0.0,0.0,0.0,none,0.8,1.0,,JPN,calendar_days_fixed,A_POLICY_COVER;A_EU_MIX;A_EU_FLOOR;A_FX;A_POLICY_UNKNOWN;A_TARIFF_FILL;A_PRICE_TAX;PV_AD_OFFSET_BOUND;POLICY_FIRM_YEAR_UNKNOWN,main,LOCAL_EXPORT_AHS,2021.0,UPDATED_CHINA_ORDINARY
116.0,JPN,2021,2021-09-01,2021-09-30,9.0,30.0,0.0821917808219178,0.3971397745173561,0.440869321249867,,,index_bridge,0.0,0.0,0.0,0.0,0.0,0.0,none,0.8,1.0,,JPN,calendar_days_fixed,A_POLICY_COVER;A_EU_MIX;A_EU_FLOOR;A_FX;A_POLICY_UNKNOWN;A_TARIFF_FILL;A_PRICE_TAX;PV_AD_OFFSET_BOUND;POLICY_FIRM_YEAR_UNKNOWN,main,LOCAL_EXPORT_AHS,2021.0,UPDATED_CHINA_ORDINARY
116.0,JPN,2021,2021-10-01,2021-10-31,10.0,31.0,0.084931506849315,0.4069765051028449,0.4517891862818011,,,index_bridge,0.0,0.0,0.0,0.0,0.0,0.0,none,0.8,1.0,,JPN,calendar_days_fixed,A_POLICY_COVER;A_EU_MIX;A_EU_FLOOR;A_FX;A_POLICY_UNKNOWN;A_TARIFF_FILL;A_PRICE_TAX;PV_AD_OFFSET_BOUND;POLICY_FIRM_YEAR_UNKNOWN,main,LOCAL_EXPORT_AHS,2021.0,UPDATED_CHINA_ORDINARY
116.0,JPN,2021,2021-11-01,2021-11-30,11.0,30.0,0.0821917808219178,0.4313515422681925,0.4788481886282343,,,index_bridge,0.0,0.0,0.0,0.0,0.0,0.0,none,0.8,1.0,,JPN,calendar_days_fixed,A_POLICY_COVER;A_EU_MIX;A_EU_FLOOR;A_FX;A_POLICY_UNKNOWN;A_TARIFF_FILL;A_PRICE_TAX;PV_AD_OFFSET_BOUND;POLICY_FIRM_YEAR_UNKNOWN,main,LOCAL_EXPORT_AHS,2021.0,UPDATED_CHINA_ORDINARY
116.0,JPN,2021,2021-12-01,2021-12-31,12.0,31.0,0.084931506849315,0.4271845666939666,0.4742223822725088,,,index_bridge,0.0,0.0,0.0,0.0,0.0,0.0,none,0.8,1.0,,JPN,calendar_days_fixed,A_POLICY_COVER;A_EU_MIX;A_EU_FLOOR;A_FX;A_POLICY_UNKNOWN;A_TARIFF_FILL;A_PRICE_TAX;PV_AD_OFFSET_BOUND;POLICY_FIRM_YEAR_UNKNOWN,main,LOCAL_EXPORT_AHS,2021.0,UPDATED_CHINA_ORDINARY
117.0,JPN,2022,2022-01-01,2022-01-31,1.0,31.0,0.084931506849315,0.3991349470699152,0.4430841846945877,,,index_bridge,0.0,0.0,0.0,0.0,0.0,0.0,none,0.8,1.0,,JPN,calendar_days_fixed,A_POLICY_COVER;A_EU_MIX;A_EU_FLOOR;A_FX;A_POLICY_UNKNOWN;A_TARIFF_FILL;A_PRICE_TAX;PV_AD_OFFSET_BOUND;POLICY_FIRM_YEAR_UNKNOWN,main,WITS_SAME_YEAR_MFN_FALLBACK,2022.0,UPDATED_CHINA_ORDINARY
117.0,JPN,2022,2022-02-01,2022-02-28,2.0,28.0,0.0767123287671232,0.4143917327643764,0.4600209137385274,,,index_bridge,0.0,0.0,0.0,0.0,0.0,0.0,none,0.8,1.0,,JPN,calendar_days_fixed,A_POLICY_COVER;A_EU_MIX;A_EU_FLOOR;A_FX;A_POLICY_UNKNOWN;A_TARIFF_FILL;A_PRICE_TAX;PV_AD_OFFSET_BOUND;POLICY_FIRM_YEAR_UNKNOWN,main,WITS_SAME_YEAR_MFN_FALLBACK,2022.0,UPDATED_CHINA_ORDINARY
117.0,JPN,2022,2022-03-01,2022-03-31,3.0,31.0,0.084931506849315,0.4161543193617464,0.4619775809038119,,,index_bridge,0.0,0.0,0.0,0.0,0.0,0.0,none,0.8,1.0,,JPN,calendar_days_fixed,A_POLICY_COVER;A_EU_MIX;A_EU_FLOOR;A_FX;A_POLICY_UNKNOWN;A_TARIFF_FILL;A_PRICE_TAX;PV_AD_OFFSET_BOUND;POLICY_FIRM_YEAR_UNKNOWN,main,WITS_SAME_YEAR_MFN_FALLBACK,2022.0,UPDATED_CHINA_ORDINARY
117.0,JPN,2022,2022-04-01,2022-04-30,4.0,30.0,0.0821917808219178,0.422537756083487,0.4690639056572956,,,index_bridge,0.0,0.0,0.0,0.0,0.0,0.0,none,0.8,1.0,,JPN,calendar_days_fixed,A_POLICY_COVER;A_EU_MIX;A_EU_FLOOR;A_FX;A_POLICY_UNKNOWN;A_TARIFF_FILL;A_PRICE_TAX;PV_AD_OFFSET_BOUND;POLICY_FIRM_YEAR_UNKNOWN,main,WITS_SAME_YEAR_MFN_FALLBACK,2022.0,UPDATED_CHINA_ORDINARY
117.0,JPN,2022,2022-05-01,2022-05-31,5.0,31.0,0.084931506849315,0.4264826219335463,0.4734431455152299,,,index_bridge,0.0,0.0,0.0,0.0,0.0,0.0,none,0.8,1.0,,JPN,calendar_days_fixed,A_POLICY_COVER;A_EU_MIX;A_EU_FLOOR;A_FX;A_POLICY_UNKNOWN;A_TARIFF_FILL;A_PRICE_TAX;PV_AD_OFFSET_BOUND;POLICY_FIRM_YEAR_UNKNOWN,main,WITS_SAME_YEAR_MFN_FALLBACK,2022.0,UPDATED_CHINA_ORDINARY
117.0,JPN,2022,2022-06-01,2022-06-30,6.0,30.0,0.0821917808219178,0.4392829464090298,0.4876529293882825,,,index_bridge,0.0,0.0,0.0,0.0,0.0,0.0,none,0.8,1.0,,JPN,calendar_days_fixed,A_POLICY_COVER;A_EU_MIX;A_EU_FLOOR;A_FX;A_POLICY_UNKNOWN;A_TARIFF_FILL;A_PRICE_TAX;PV_AD_OFFSET_BOUND;POLICY_FIRM_YEAR_UNKNOWN,main,WITS_SAME_YEAR_MFN_FALLBACK,2022.0,UPDATED_CHINA_ORDINARY
117.0,JPN,2022,2022-07-01,2022-07-31,7.0,31.0,0.084931506849315,0.436020831471694,0.4840316189818643,,,index_bridge,0.0,0.0,0.0,0.0,0.0,0.0,none,0.8,1.0,,JPN,calendar_days_fixed,A_POLICY_COVER;A_EU_MIX;A_EU_FLOOR;A_FX;A_POLICY_UNKNOWN;A_TARIFF_FILL;A_PRICE_TAX;PV_AD_OFFSET_BOUND;POLICY_FIRM_YEAR_UNKNOWN,main,WITS_SAME_YEAR_MFN_FALLBACK,2022.0,UPDATED_CHINA_ORDINARY
117.0,JPN,2022,2022-08-01,2022-08-31,8.0,31.0,0.084931506849315,0.433858912989129,0.481631649008662,,,index_bridge,0.0,0.0,0.0,0.0,0.0,0.0,none,0.8,1.0,,JPN,calendar_days_fixed,A_POLICY_COVER;A_EU_MIX;A_EU_FLOOR;A_FX;A_POLICY_UNKNOWN;A_TARIFF_FILL;A_PRICE_TAX;PV_AD_OFFSET_BOUND;POLICY_FIRM_YEAR_UNKNOWN,main,WITS_SAME_YEAR_MFN_FALLBACK,2022.0,UPDATED_CHINA_ORDINARY
117.0,JPN,2022,2022-09-01,2022-09-30,9.0,30.0,0.0821917808219178,0.4242352326810014,0.4709482934809358,,,index_bridge,0.0,0.0,0.0,0.0,0.0,0.0,none,0.8,1.0,,JPN,calendar_days_fixed,A_POLICY_COVER;A_EU_MIX;A_EU_FLOOR;A_FX;A_POLICY_UNKNOWN;A_TARIFF_FILL;A_PRICE_TAX;PV_AD_OFFSET_BOUND;POLICY_FIRM_YEAR_UNKNOWN,main,WITS_SAME_YEAR_MFN_FALLBACK,2022.0,UPDATED_CHINA_ORDINARY
117.0,JPN,2022,2022-10-01,2022-10-31,10.0,31.0,0.084931506849315,0.4332688726984054,0.4809766386592263,,,index_bridge,0.0,0.0,0.0,0.0,0.0,0.0,none,0.8,1.0,,JPN,calendar_days_fixed,A_POLICY_COVER;A_EU_MIX;A_EU_FLOOR;A_FX;A_POLICY_UNKNOWN;A_TARIFF_FILL;A_PRICE_TAX;PV_AD_OFFSET_BOUND;POLICY_FIRM_YEAR_UNKNOWN,main,WITS_SAME_YEAR_MFN_FALLBACK,2022.0,UPDATED_CHINA_ORDINARY
117.0,JPN,2022,2022-11-01,2022-11-30,11.0,30.0,0.0821917808219178,0.4369788628059536,0.4850951403191175,,,index_bridge,0.0,0.0,0.0,0.0,0.0,0.0,none,0.8,1.0,,JPN,calendar_days_fixed,A_POLICY_COVER;A_EU_MIX;A_EU_FLOOR;A_FX;A_POLICY_UNKNOWN;A_TARIFF_FILL;A_PRICE_TAX;PV_AD_OFFSET_BOUND;POLICY_FIRM_YEAR_UNKNOWN,main,WITS_SAME_YEAR_MFN_FALLBACK,2022.0,UPDATED_CHINA_ORDINARY
117.0,JPN,2022,2022-12-01,2022-12-31,12.0,31.0,0.084931506849315,0.4135577084730845,0.4590950540115469,,,index_bridge,0.0,0.0,0.0,0.0,0.0,0.0,none,0.8,1.0,,JPN,calendar_days_fixed,A_POLICY_COVER;A_EU_MIX;A_EU_FLOOR;A_FX;A_POLICY_UNKNOWN;A_TARIFF_FILL;A_PRICE_TAX;PV_AD_OFFSET_BOUND;POLICY_FIRM_YEAR_UNKNOWN,main,WITS_SAME_YEAR_MFN_FALLBACK,2022.0,UPDATED_CHINA_ORDINARY
118.0,JPN,2023,2023-01-01,2023-01-31,1.0,31.0,0.084931506849315,0.392886830455484,0.436148080311082,,,index_bridge,0.0,0.0,0.0,0.0,0.0,0.0,none,0.8,1.0,,JPN,calendar_days_fixed,A_POLICY_COVER;A_EU_MIX;A_EU_FLOOR;A_FX;A_POLICY_UNKNOWN;A_TARIFF_FILL;A_PRICE_TAX;PV_AD_OFFSET_BOUND;POLICY_FIRM_YEAR_UNKNOWN,main,WITS_SAME_YEAR_MFN_FALLBACK,2023.0,UPDATED_CHINA_ORDINARY
118.0,JPN,2023,2023-02-01,2023-02-28,2.0,28.0,0.0767123287671232,0.3778897100733375,0.4194996086448663,,,index_bridge,0.0,0.0,0.0,0.0,0.0,0.0,none,0.8,1.0,,JPN,calendar_days_fixed,A_POLICY_COVER;A_EU_MIX;A_EU_FLOOR;A_FX;A_POLICY_UNKNOWN;A_TARIFF_FILL;A_PRICE_TAX;PV_AD_OFFSET_BOUND;POLICY_FIRM_YEAR_UNKNOWN,main,WITS_SAME_YEAR_MFN_FALLBACK,2023.0,UPDATED_CHINA_ORDINARY
118.0,JPN,2023,2023-03-01,2023-03-31,3.0,31.0,0.084931506849315,0.3905821911129385,0.4335896743092943,,,index_bridge,0.0,0.0,0.0,0.0,0.0,0.0,none,0.8,1.0,,JPN,calendar_days_fixed,A_POLICY_COVER;A_EU_MIX;A_EU_FLOOR;A_FX;A_POLICY_UNKNOWN;A_TARIFF_FILL;A_PRICE_TAX;PV_AD_OFFSET_BOUND;POLICY_FIRM_YEAR_UNKNOWN,main,WITS_SAME_YEAR_MFN_FALLBACK,2023.0,UPDATED_CHINA_ORDINARY
118.0,JPN,2023,2023-04-01,2023-04-30,4.0,30.0,0.0821917808219178,0.386613008949376,0.4291834406388101,,,index_bridge,0.0,0.0,0.0,0.0,0.0,0.0,none,0.8,1.0,,JPN,calendar_days_fixed,A_POLICY_COVER;A_EU_MIX;A_EU_FLOOR;A_FX;A_POLICY_UNKNOWN;A_TARIFF_FILL;A_PRICE_TAX;PV_AD_OFFSET_BOUND;POLICY_FIRM_YEAR_UNKNOWN,main,WITS_SAME_YEAR_MFN_FALLBACK,2023.0,UPDATED_CHINA_ORDINARY
118.0,JPN,2023,2023-05-01,2023-05-31,5.0,31.0,0.084931506849315,0.3702162619165361,0.4109812277180341,,,index_bridge,0.0,0.0,0.0,0.0,0.0,0.0,none,0.8,1.0,,JPN,calendar_days_fixed,A_POLICY_COVER;A_EU_MIX;A_EU_FLOOR;A_FX;A_POLICY_UNKNOWN;A_TARIFF_FILL;A_PRICE_TAX;PV_AD_OFFSET_BOUND;POLICY_FIRM_YEAR_UNKNOWN,main,WITS_SAME_YEAR_MFN_FALLBACK,2023.0,UPDATED_CHINA_ORDINARY
118.0,JPN,2023,2023-06-01,2023-06-30,6.0,30.0,0.0821917808219178,0.3427424217275228,0.380482209353586,,,index_bridge,0.0,0.0,0.0,0.0,0.0,0.0,none,0.8,1.0,,JPN,calendar_days_fixed,A_POLICY_COVER;A_EU_MIX;A_EU_FLOOR;A_FX;A_POLICY_UNKNOWN;A_TARIFF_FILL;A_PRICE_TAX;PV_AD_OFFSET_BOUND;POLICY_FIRM_YEAR_UNKNOWN,main,WITS_SAME_YEAR_MFN_FALLBACK,2023.0,UPDATED_CHINA_ORDINARY
118.0,JPN,2023,2023-07-01,2023-07-31,7.0,31.0,0.084931506849315,0.3227484502058135,0.358286677151913,,,index_bridge,0.0,0.0,0.0,0.0,0.0,0.0,none,0.8,1.0,,JPN,calendar_days_fixed,A_POLICY_COVER;A_EU_MIX;A_EU_FLOOR;A_FX;A_POLICY_UNKNOWN;A_TARIFF_FILL;A_PRICE_TAX;PV_AD_OFFSET_BOUND;POLICY_FIRM_YEAR_UNKNOWN,main,WITS_SAME_YEAR_MFN_FALLBACK,2023.0,UPDATED_CHINA_ORDINARY
118.0,JPN,2023,2023-08-01,2023-08-31,8.0,31.0,0.084931506849315,0.2918591323221597,0.3239960986627956,,,index_bridge,0.0,0.0,0.0,0.0,0.0,0.0,none,0.8,1.0,,JPN,calendar_days_fixed,A_POLICY_COVER;A_EU_MIX;A_EU_FLOOR;A_FX;A_POLICY_UNKNOWN;A_TARIFF_FILL;A_PRICE_TAX;PV_AD_OFFSET_BOUND;POLICY_FIRM_YEAR_UNKNOWN,main,WITS_SAME_YEAR_MFN_FALLBACK,2023.0,UPDATED_CHINA_ORDINARY
118.0,JPN,2023,2023-09-01,2023-09-30,9.0,30.0,0.0821917808219178,0.2598525550554744,0.2884652379922829,,,index_bridge,0.0,0.0,0.0,0.0,0.0,0.0,none,0.8,1.0,,JPN,calendar_days_fixed,A_POLICY_COVER;A_EU_MIX;A_EU_FLOOR;A_FX;A_POLICY_UNKNOWN;A_TARIFF_FILL;A_PRICE_TAX;PV_AD_OFFSET_BOUND;POLICY_FIRM_YEAR_UNKNOWN,main,WITS_SAME_YEAR_MFN_FALLBACK,2023.0,UPDATED_CHINA_ORDINARY
118.0,JPN,2023,2023-10-01,2023-10-31,10.0,31.0,0.084931506849315,0.2440580958601042,0.2709316315600537,,,index_bridge,0.0,0.0,0.0,0.0,0.0,0.0,none,0.8,1.0,,JPN,calendar_days_fixed,A_POLICY_COVER;A_EU_MIX;A_EU_FLOOR;A_FX;A_POLICY_UNKNOWN;A_TARIFF_FILL;A_PRICE_TAX;PV_AD_OFFSET_BOUND;POLICY_FIRM_YEAR_UNKNOWN,main,WITS_SAME_YEAR_MFN_FALLBACK,2023.0,UPDATED_CHINA_ORDINARY
118.0,JPN,2023,2023-11-01,2023-11-30,11.0,30.0,0.0821917808219178,0.2234469027395794,0.248050914733745,,,index_bridge,0.0,0.0,0.0,0.0,0.0,0.0,none,0.8,1.0,,JPN,calendar_days_fixed,A_POLICY_COVER;A_EU_MIX;A_EU_FLOOR;A_FX;A_POLICY_UNKNOWN;A_TARIFF_FILL;A_PRICE_TAX;PV_AD_OFFSET_BOUND;POLICY_FIRM_YEAR_UNKNOWN,main,WITS_SAME_YEAR_MFN_FALLBACK,2023.0,UPDATED_CHINA_ORDINARY
118.0,JPN,2023,2023-12-01,2023-12-31,12.0,31.0,0.084931506849315,0.1990971981274849,0.2210200343390146,,,index_bridge,0.0,0.0,0.0,0.0,0.0,0.0,none,0.8,1.0,,JPN,calendar_days_fixed,A_POLICY_COVER;A_EU_MIX;A_EU_FLOOR;A_FX;A_POLICY_UNKNOWN;A_TARIFF_FILL;A_PRICE_TAX;PV_AD_OFFSET_BOUND;POLICY_FIRM_YEAR_UNKNOWN,main,WITS_SAME_YEAR_MFN_FALLBACK,2023.0,UPDATED_CHINA_ORDINARY
119.0,JPN,2024,2024-01-01,2024-01-31,1.0,31.0,0.0846994535519125,0.1814377625419244,0.2014160966832521,,,index_bridge,0.0,0.0,0.0,0.0,0.0,0.0,none,0.8,1.0,,JPN,calendar_days_fixed,A_POLICY_COVER;A_EU_MIX;A_EU_FLOOR;A_FX;A_POLICY_UNKNOWN;A_TARIFF_FILL;A_PRICE_TAX;PV_AD_OFFSET_BOUND;POLICY_FIRM_YEAR_UNKNOWN,main,CARRY_2021_USER_RULE,2021.0,UPDATED_CHINA_ORDINARY
119.0,JPN,2024,2024-02-01,2024-02-29,2.0,29.0,0.0792349726775956,0.1794709755531008,0.1992327443714383,,,index_bridge,0.0,0.0,0.0,0.0,0.0,0.0,none,0.8,1.0,,JPN,calendar_days_fixed,A_POLICY_COVER;A_EU_MIX;A_EU_FLOOR;A_FX;A_POLICY_UNKNOWN;A_TARIFF_FILL;A_PRICE_TAX;PV_AD_OFFSET_BOUND;POLICY_FIRM_YEAR_UNKNOWN,main,CARRY_2021_USER_RULE,2021.0,UPDATED_CHINA_ORDINARY
119.0,JPN,2024,2024-03-01,2024-03-31,3.0,31.0,0.0846994535519125,0.1678272597388444,0.1863069247551681,,,index_bridge,0.0,0.0,0.0,0.0,0.0,0.0,none,0.8,1.0,,JPN,calendar_days_fixed,A_POLICY_COVER;A_EU_MIX;A_EU_FLOOR;A_FX;A_POLICY_UNKNOWN;A_TARIFF_FILL;A_PRICE_TAX;PV_AD_OFFSET_BOUND;POLICY_FIRM_YEAR_UNKNOWN,main,CARRY_2021_USER_RULE,2021.0,UPDATED_CHINA_ORDINARY
119.0,JPN,2024,2024-04-01,2024-04-30,4.0,30.0,0.081967213114754,0.1656419659366882,0.1838810055773193,,,index_bridge,0.0,0.0,0.0,0.0,0.0,0.0,none,0.8,1.0,,JPN,calendar_days_fixed,A_POLICY_COVER;A_EU_MIX;A_EU_FLOOR;A_FX;A_POLICY_UNKNOWN;A_TARIFF_FILL;A_PRICE_TAX;PV_AD_OFFSET_BOUND;POLICY_FIRM_YEAR_UNKNOWN,main,CARRY_2021_USER_RULE,2021.0,UPDATED_CHINA_ORDINARY
119.0,JPN,2024,2024-05-01,2024-05-31,5.0,31.0,0.0846994535519125,0.1669462248744974,0.1853288780633851,,,index_bridge,0.0,0.0,0.0,0.0,0.0,0.0,none,0.8,1.0,,JPN,calendar_days_fixed,A_POLICY_COVER;A_EU_MIX;A_EU_FLOOR;A_FX;A_POLICY_UNKNOWN;A_TARIFF_FILL;A_PRICE_TAX;PV_AD_OFFSET_BOUND;POLICY_FIRM_YEAR_UNKNOWN,main,CARRY_2021_USER_RULE,2021.0,UPDATED_CHINA_ORDINARY
119.0,JPN,2024,2024-06-01,2024-06-30,6.0,30.0,0.081967213114754,0.1533676245175017,0.1702551213987771,,,index_bridge,0.0,0.0,0.0,0.0,0.0,0.0,none,0.8,1.0,,JPN,calendar_days_fixed,A_POLICY_COVER;A_EU_MIX;A_EU_FLOOR;A_FX;A_POLICY_UNKNOWN;A_TARIFF_FILL;A_PRICE_TAX;PV_AD_OFFSET_BOUND;POLICY_FIRM_YEAR_UNKNOWN,main,CARRY_2021_USER_RULE,2021.0,UPDATED_CHINA_ORDINARY
119.0,JPN,2024,2024-07-01,2024-07-31,7.0,31.0,0.0846994535519125,0.1545583007703133,0.1715769044713574,,,index_bridge,0.0,0.0,0.0,0.0,0.0,0.0,none,0.8,1.0,,JPN,calendar_days_fixed,A_POLICY_COVER;A_EU_MIX;A_EU_FLOOR;A_FX;A_POLICY_UNKNOWN;A_TARIFF_FILL;A_PRICE_TAX;PV_AD_OFFSET_BOUND;POLICY_FIRM_YEAR_UNKNOWN,main,CARRY_2021_USER_RULE,2021.0,UPDATED_CHINA_ORDINARY
119.0,JPN,2024,2024-08-01,2024-08-31,8.0,31.0,0.0846994535519125,0.1504142965479625,0.1669765988711825,,,index_bridge,0.0,0.0,0.0,0.0,0.0,0.0,none,0.8,1.0,,JPN,calendar_days_fixed,A_POLICY_COVER;A_EU_MIX;A_EU_FLOOR;A_FX;A_POLICY_UNKNOWN;A_TARIFF_FILL;A_PRICE_TAX;PV_AD_OFFSET_BOUND;POLICY_FIRM_YEAR_UNKNOWN,main,CARRY_2021_USER_RULE,2021.0,UPDATED_CHINA_ORDINARY
119.0,JPN,2024,2024-09-01,2024-09-30,9.0,30.0,0.081967213114754,0.1451003063412582,0.1610774786976735,,,index_bridge,0.0,0.0,0.0,0.0,0.0,0.0,none,0.8,1.0,,JPN,calendar_days_fixed,A_POLICY_COVER;A_EU_MIX;A_EU_FLOOR;A_FX;A_POLICY_UNKNOWN;A_TARIFF_FILL;A_PRICE_TAX;PV_AD_OFFSET_BOUND;POLICY_FIRM_YEAR_UNKNOWN,main,CARRY_2021_USER_RULE,2021.0,UPDATED_CHINA_ORDINARY
119.0,JPN,2024,2024-10-01,2024-10-31,10.0,31.0,0.0846994535519125,0.1424657415318115,0.1581528187319445,,,index_bridge,0.0,0.0,0.0,0.0,0.0,0.0,none,0.8,1.0,,JPN,calendar_days_fixed,A_POLICY_COVER;A_EU_MIX;A_EU_FLOOR;A_FX;A_POLICY_UNKNOWN;A_TARIFF_FILL;A_PRICE_TAX;PV_AD_OFFSET_BOUND;POLICY_FIRM_YEAR_UNKNOWN,main,CARRY_2021_USER_RULE,2021.0,UPDATED_CHINA_ORDINARY
119.0,JPN,2024,2024-11-01,2024-11-30,11.0,30.0,0.081967213114754,0.1262574341838533,0.1401597948204317,,,index_bridge,0.0,0.0,0.0,0.0,0.0,0.0,none,0.8,1.0,,JPN,calendar_days_fixed,A_POLICY_COVER;A_EU_MIX;A_EU_FLOOR;A_FX;A_POLICY_UNKNOWN;A_TARIFF_FILL;A_PRICE_TAX;PV_AD_OFFSET_BOUND;POLICY_FIRM_YEAR_UNKNOWN,main,CARRY_2021_USER_RULE,2021.0,UPDATED_CHINA_ORDINARY
119.0,JPN,2024,2024-12-01,2024-12-31,12.0,31.0,0.0846994535519125,0.1182363622709908,0.1312555128602134,,,index_bridge,0.0,0.0,0.0,0.0,0.0,0.0,none,0.8,1.0,,JPN,calendar_days_fixed,A_POLICY_COVER;A_EU_MIX;A_EU_FLOOR;A_FX;A_POLICY_UNKNOWN;A_TARIFF_FILL;A_PRICE_TAX;PV_AD_OFFSET_BOUND;POLICY_FIRM_YEAR_UNKNOWN,main,CARRY_2021_USER_RULE,2021.0,UPDATED_CHINA_ORDINARY
120.0,KOR,2010,2010-01-01,2010-01-31,1.0,31.0,0.084931506849315,3.091776789316316,3.9295485644858976,3.091776789316316,3.9295485644858976,observed_quote_tax_basis_assumed,0.0,0.0,0.0,0.0,0.0,0.0,none,0.8,1.0,,KOR,calendar_days_fixed,A_POLICY_COVER;A_EU_MIX;A_EU_FLOOR;A_FX;A_POLICY_UNKNOWN;A_TARIFF_FILL;A_PRICE_TAX;PV_AD_OFFSET_BOUND;POLICY_FIRM_YEAR_UNKNOWN,main,LOCAL_EXPORT_AHS,2010.0,UPDATED_CHINA_ORDINARY
120.0,KOR,2010,2010-02-01,2010-02-28,2.0,28.0,0.0767123287671232,2.90442343279186,3.630529290989825,2.90442343279186,3.630529290989825,observed_quote_tax_basis_assumed,0.0,0.0,0.0,0.0,0.0,0.0,none,0.8,1.0,,KOR,calendar_days_fixed,A_POLICY_COVER;A_EU_MIX;A_EU_FLOOR;A_FX;A_POLICY_UNKNOWN;A_TARIFF_FILL;A_PRICE_TAX;PV_AD_OFFSET_BOUND;POLICY_FIRM_YEAR_UNKNOWN,main,LOCAL_EXPORT_AHS,2010.0,UPDATED_CHINA_ORDINARY
120.0,KOR,2010,2010-03-01,2010-03-31,3.0,31.0,0.084931506849315,2.84487870626562,3.631961814999107,2.84487870626562,3.631961814999107,observed_quote_tax_basis_assumed,0.0,0.0,0.0,0.0,0.0,0.0,none,0.8,1.0,,KOR,calendar_days_fixed,A_POLICY_COVER;A_EU_MIX;A_EU_FLOOR;A_FX;A_POLICY_UNKNOWN;A_TARIFF_FILL;A_PRICE_TAX;PV_AD_OFFSET_BOUND;POLICY_FIRM_YEAR_UNKNOWN,main,LOCAL_EXPORT_AHS,2010.0,UPDATED_CHINA_ORDINARY
120.0,KOR,2010,2010-04-01,2010-04-30,4.0,30.0,0.0821917808219178,2.853745381783292,3.642280289907622,2.853745381783292,3.642280289907622,observed_quote_tax_basis_assumed,0.0,0.0,0.0,0.0,0.0,0.0,none,0.8,1.0,,KOR,calendar_days_fixed,A_POLICY_COVER;A_EU_MIX;A_EU_FLOOR;A_FX;A_POLICY_UNKNOWN;A_TARIFF_FILL;A_PRICE_TAX;PV_AD_OFFSET_BOUND;POLICY_FIRM_YEAR_UNKNOWN,main,LOCAL_EXPORT_AHS,2010.0,UPDATED_CHINA_ORDINARY
120.0,KOR,2010,2010-05-01,2010-05-31,5.0,31.0,0.084931506849315,2.763961213182792,3.3977357588807564,2.763961213182792,3.3977357588807564,observed_quote_tax_basis_assumed,0.0,0.0,0.0,0.0,0.0,0.0,none,0.8,1.0,,KOR,calendar_days_fixed,A_POLICY_COVER;A_EU_MIX;A_EU_FLOOR;A_FX;A_POLICY_UNKNOWN;A_TARIFF_FILL;A_PRICE_TAX;PV_AD_OFFSET_BOUND;POLICY_FIRM_YEAR_UNKNOWN,main,LOCAL_EXPORT_AHS,2010.0,UPDATED_CHINA_ORDINARY
120.0,KOR,2010,2010-06-01,2010-06-30,6.0,30.0,0.0821917808219178,2.7123575248293017,3.258240800266645,2.7123575248293017,3.258240800266645,observed_quote_tax_basis_assumed,0.0,0.0,0.0,0.0,0.0,0.0,none,0.8,1.0,,KOR,calendar_days_fixed,A_POLICY_COVER;A_EU_MIX;A_EU_FLOOR;A_FX;A_POLICY_UNKNOWN;A_TARIFF_FILL;A_PRICE_TAX;PV_AD_OFFSET_BOUND;POLICY_FIRM_YEAR_UNKNOWN,main,LOCAL_EXPORT_AHS,2010.0,UPDATED_CHINA_ORDINARY
120.0,KOR,2010,2010-07-01,2010-07-31,7.0,31.0,0.084931506849315,2.886311557959211,3.305004901243417,2.886311557959211,3.305004901243417,observed_quote_tax_basis_assumed,0.0,0.0,0.0,0.0,0.0,0.0,none,0.8,1.0,,KOR,calendar_days_fixed,A_POLICY_COVER;A_EU_MIX;A_EU_FLOOR;A_FX;A_POLICY_UNKNOWN;A_TARIFF_FILL;A_PRICE_TAX;PV_AD_OFFSET_BOUND;POLICY_FIRM_YEAR_UNKNOWN,main,LOCAL_EXPORT_AHS,2010.0,UPDATED_CHINA_ORDINARY
120.0,KOR,2010,2010-08-01,2010-08-31,8.0,31.0,0.084931506849315,2.9036209902769103,3.318423988887897,2.9036209902769103,3.318423988887897,observed_quote_tax_basis_assumed,0.0,0.0,0.0,0.0,0.0,0.0,none,0.8,1.0,,KOR,calendar_days_fixed,A_POLICY_COVER;A_EU_MIX;A_EU_FLOOR;A_FX;A_POLICY_UNKNOWN;A_TARIFF_FILL;A_PRICE_TAX;PV_AD_OFFSET_BOUND;POLICY_FIRM_YEAR_UNKNOWN,main,LOCAL_EXPORT_AHS,2010.0,UPDATED_CHINA_ORDINARY
120.0,KOR,2010,2010-09-01,2010-09-30,9.0,30.0,0.0821917808219178,2.930089301722598,3.3213745190333803,2.930089301722598,3.3213745190333803,observed_quote_tax_basis_assumed,0.0,0.0,0.0,0.0,0.0,0.0,none,0.8,1.0,,KOR,calendar_days_fixed,A_POLICY_COVER;A_EU_MIX;A_EU_FLOOR;A_FX;A_POLICY_UNKNOWN;A_TARIFF_FILL;A_PRICE_TAX;PV_AD_OFFSET_BOUND;POLICY_FIRM_YEAR_UNKNOWN,main,LOCAL_EXPORT_AHS,2010.0,UPDATED_CHINA_ORDINARY
120.0,KOR,2010,2010-10-01,2010-10-31,10.0,31.0,0.084931506849315,3.085350824069529,3.483147628430694,3.085350824069529,3.483147628430694,observed_quote_tax_basis_assumed,0.0,0.0,0.0,0.0,0.0,0.0,none,0.8,1.0,,KOR,calendar_days_fixed,A_POLICY_COVER;A_EU_MIX;A_EU_FLOOR;A_FX;A_POLICY_UNKNOWN;A_TARIFF_FILL;A_PRICE_TAX;PV_AD_OFFSET_BOUND;POLICY_FIRM_YEAR_UNKNOWN,main,LOCAL_EXPORT_AHS,2010.0,UPDATED_CHINA_ORDINARY
120.0,KOR,2010,2010-11-01,2010-11-30,11.0,30.0,0.0821917808219178,3.003318850773162,3.395471949122523,3.003318850773162,3.395471949122523,observed_quote_tax_basis_assumed,0.0,0.0,0.0,0.0,0.0,0.0,none,0.8,1.0,,KOR,calendar_days_fixed,A_POLICY_COVER;A_EU_MIX;A_EU_FLOOR;A_FX;A_POLICY_UNKNOWN;A_TARIFF_FILL;A_PRICE_TAX;PV_AD_OFFSET_BOUND;POLICY_FIRM_YEAR_UNKNOWN,main,LOCAL_EXPORT_AHS,2010.0,UPDATED_CHINA_ORDINARY
120.0,KOR,2010,2010-12-01,2010-12-31,12.0,31.0,0.084931506849315,2.8975979922460726,3.2759467746731072,2.8975979922460726,3.2759467746731072,observed_quote_tax_basis_assumed,0.0,0.0,0.0,0.0,0.0,0.0,none,0.8,1.0,,KOR,calendar_days_fixed,A_POLICY_COVER;A_EU_MIX;A_EU_FLOOR;A_FX;A_POLICY_UNKNOWN;A_TARIFF_FILL;A_PRICE_TAX;PV_AD_OFFSET_BOUND;POLICY_FIRM_YEAR_UNKNOWN,main,LOCAL_EXPORT_AHS,2010.0,UPDATED_CHINA_ORDINARY
121.0,KOR,2011,2011-01-01,2011-01-31,1.0,31.0,0.084931506849315,2.686326335282736,3.05181291151168,2.686326335282736,3.05181291151168,observed_quote_tax_basis_assumed,0.0,0.0,0.0,0.0,0.0,0.0,none,0.8,1.0,,KOR,calendar_days_fixed,A_POLICY_COVER;A_EU_MIX;A_EU_FLOOR;A_FX;A_POLICY_UNKNOWN;A_TARIFF_FILL;A_PRICE_TAX;PV_AD_OFFSET_BOUND;POLICY_FIRM_YEAR_UNKNOWN,main,LOCAL_EXPORT_AHS,2011.0,UPDATED_CHINA_ORDINARY
121.0,KOR,2011,2011-02-01,2011-02-28,2.0,28.0,0.0767123287671232,2.633064300488626,3.062571243121522,2.633064300488626,3.062571243121522,observed_quote_tax_basis_assumed,0.0,0.0,0.0,0.0,0.0,0.0,none,0.8,1.0,,KOR,calendar_days_fixed,A_POLICY_COVER;A_EU_MIX;A_EU_FLOOR;A_FX;A_POLICY_UNKNOWN;A_TARIFF_FILL;A_PRICE_TAX;PV_AD_OFFSET_BOUND;POLICY_FIRM_YEAR_UNKNOWN,main,LOCAL_EXPORT_AHS,2011.0,UPDATED_CHINA_ORDINARY
121.0,KOR,2011,2011-03-01,2011-03-31,3.0,31.0,0.084931506849315,2.624982413840032,3.046512436500475,2.624982413840032,3.046512436500475,observed_quote_tax_basis_assumed,0.0,0.0,0.0,0.0,0.0,0.0,none,0.8,1.0,,KOR,calendar_days_fixed,A_POLICY_COVER;A_EU_MIX;A_EU_FLOOR;A_FX;A_POLICY_UNKNOWN;A_TARIFF_FILL;A_PRICE_TAX;PV_AD_OFFSET_BOUND;POLICY_FIRM_YEAR_UNKNOWN,main,LOCAL_EXPORT_AHS,2011.0,UPDATED_CHINA_ORDINARY
121.0,KOR,2011,2011-04-01,2011-04-30,4.0,30.0,0.0821917808219178,2.607707252828456,3.111468881215772,2.607707252828456,3.111468881215772,observed_quote_tax_basis_assumed,0.0,0.0,0.0,0.0,0.0,0.0,none,0.8,1.0,,KOR,calendar_days_fixed,A_POLICY_COVER;A_EU_MIX;A_EU_FLOOR;A_FX;A_POLICY_UNKNOWN;A_TARIFF_FILL;A_PRICE_TAX;PV_AD_OFFSET_BOUND;POLICY_FIRM_YEAR_UNKNOWN,main,LOCAL_EXPORT_AHS,2011.0,UPDATED_CHINA_ORDINARY
121.0,KOR,2011,2011-05-01,2011-05-31,5.0,31.0,0.084931506849315,2.453185494118997,3.002699044801653,2.453185494118997,3.002699044801653,observed_quote_tax_basis_assumed,0.0,0.0,0.0,0.0,0.0,0.0,none,0.8,1.0,,KOR,calendar_days_fixed,A_POLICY_COVER;A_EU_MIX;A_EU_FLOOR;A_FX;A_POLICY_UNKNOWN;A_TARIFF_FILL;A_PRICE_TAX;PV_AD_OFFSET_BOUND;POLICY_FIRM_YEAR_UNKNOWN,main,LOCAL_EXPORT_AHS,2011.0,UPDATED_CHINA_ORDINARY
121.0,KOR,2011,2011-06-01,2011-06-30,6.0,30.0,0.0821917808219178,2.3421748176069346,2.9031158453531334,2.3421748176069346,2.9031158453531334,observed_quote_tax_basis_assumed,0.0,0.0,0.0,0.0,0.0,0.0,none,0.8,1.0,,KOR,calendar_days_fixed,A_POLICY_COVER;A_EU_MIX;A_EU_FLOOR;A_FX;A_POLICY_UNKNOWN;A_TARIFF_FILL;A_PRICE_TAX;PV_AD_OFFSET_BOUND;POLICY_FIRM_YEAR_UNKNOWN,main,LOCAL_EXPORT_AHS,2011.0,UPDATED_CHINA_ORDINARY
121.0,KOR,2011,2011-07-01,2011-07-31,7.0,31.0,0.084931506849315,2.192781508990938,2.780133698899225,2.192781508990938,2.780133698899225,observed_quote_tax_basis_assumed,0.0,0.0,0.0,0.0,0.0,0.0,none,0.8,1.0,,KOR,calendar_days_fixed,A_POLICY_COVER;A_EU_MIX;A_EU_FLOOR;A_FX;A_POLICY_UNKNOWN;A_TARIFF_FILL;A_PRICE_TAX;PV_AD_OFFSET_BOUND;POLICY_FIRM_YEAR_UNKNOWN,main,LOCAL_EXPORT_AHS,2011.0,UPDATED_CHINA_ORDINARY
121.0,KOR,2011,2011-08-01,2011-08-31,8.0,31.0,0.084931506849315,2.0412922881909905,2.6693822230189874,2.0412922881909905,2.6693822230189874,observed_quote_tax_basis_assumed,0.0,0.0,0.0,0.0,0.0,0.0,none,0.8,1.0,,KOR,calendar_days_fixed,A_POLICY_COVER;A_EU_MIX;A_EU_FLOOR;A_FX;A_POLICY_UNKNOWN;A_TARIFF_FILL;A_PRICE_TAX;PV_AD_OFFSET_BOUND;POLICY_FIRM_YEAR_UNKNOWN,main,LOCAL_EXPORT_AHS,2011.0,UPDATED_CHINA_ORDINARY
121.0,KOR,2011,2011-09-01,2011-09-30,9.0,30.0,0.0821917808219178,1.851384169095222,2.4559177753303967,1.851384169095222,2.4559177753303967,observed_quote_tax_basis_assumed,0.0,0.0,0.0,0.0,0.0,0.0,none,0.8,1.0,,KOR,calendar_days_fixed,A_POLICY_COVER;A_EU_MIX;A_EU_FLOOR;A_FX;A_POLICY_UNKNOWN;A_TARIFF_FILL;A_PRICE_TAX;PV_AD_OFFSET_BOUND;POLICY_FIRM_YEAR_UNKNOWN,main,LOCAL_EXPORT_AHS,2011.0,UPDATED_CHINA_ORDINARY
121.0,KOR,2011,2011-10-01,2011-10-31,10.0,31.0,0.084931506849315,1.7249525603786575,2.3530602861687124,1.7249525603786575,2.3530602861687124,observed_quote_tax_basis_assumed,0.0,0.0,0.0,0.0,0.0,0.0,none,0.8,1.0,,KOR,calendar_days_fixed,A_POLICY_COVER;A_EU_MIX;A_EU_FLOOR;A_FX;A_POLICY_UNKNOWN;A_TARIFF_FILL;A_PRICE_TAX;PV_AD_OFFSET_BOUND;POLICY_FIRM_YEAR_UNKNOWN,main,LOCAL_EXPORT_AHS,2011.0,UPDATED_CHINA_ORDINARY
121.0,KOR,2011,2011-11-01,2011-11-30,11.0,30.0,0.0821917808219178,1.5805148558170548,2.156937920879745,1.5805148558170548,2.156937920879745,observed_quote_tax_basis_assumed,0.0,0.0,0.0,0.0,0.0,0.0,none,0.8,1.0,,KOR,calendar_days_fixed,A_POLICY_COVER;A_EU_MIX;A_EU_FLOOR;A_FX;A_POLICY_UNKNOWN;A_TARIFF_FILL;A_PRICE_TAX;PV_AD_OFFSET_BOUND;POLICY_FIRM_YEAR_UNKNOWN,main,LOCAL_EXPORT_AHS,2011.0,UPDATED_CHINA_ORDINARY
121.0,KOR,2011,2011-12-01,2011-12-31,12.0,31.0,0.084931506849315,1.4614867506804692,2.0027781398213835,1.4614867506804692,2.0027781398213835,observed_quote_tax_basis_assumed,0.0,0.0,0.0,0.0,0.0,0.0,none,0.8,1.0,,KOR,calendar_days_fixed,A_POLICY_COVER;A_EU_MIX;A_EU_FLOOR;A_FX;A_POLICY_UNKNOWN;A_TARIFF_FILL;A_PRICE_TAX;PV_AD_OFFSET_BOUND;POLICY_FIRM_YEAR_UNKNOWN,main,LOCAL_EXPORT_AHS,2011.0,UPDATED_CHINA_ORDINARY
122.0,KOR,2012,2012-01-01,2012-01-31,1.0,31.0,0.0846994535519125,1.3684642185997595,1.8361671793870191,1.3684642185997595,1.8361671793870191,observed_quote_tax_basis_assumed,0.0,0.0,0.0,0.0,0.0,0.0,none,0.8,1.0,,KOR,calendar_days_fixed,A_POLICY_COVER;A_EU_MIX;A_EU_FLOOR;A_FX;A_POLICY_UNKNOWN;A_TARIFF_FILL;A_PRICE_TAX;PV_AD_OFFSET_BOUND;POLICY_FIRM_YEAR_UNKNOWN,main,LOCAL_EXPORT_AHS,2012.0,UPDATED_CHINA_ORDINARY
122.0,KOR,2012,2012-02-01,2012-02-29,2.0,29.0,0.0792349726775956,1.3781815830003006,1.83459236698092,1.3781815830003006,1.83459236698092,observed_quote_tax_basis_assumed,0.0,0.0,0.0,0.0,0.0,0.0,none,0.8,1.0,,KOR,calendar_days_fixed,A_POLICY_COVER;A_EU_MIX;A_EU_FLOOR;A_FX;A_POLICY_UNKNOWN;A_TARIFF_FILL;A_PRICE_TAX;PV_AD_OFFSET_BOUND;POLICY_FIRM_YEAR_UNKNOWN,main,LOCAL_EXPORT_AHS,2012.0,UPDATED_CHINA_ORDINARY
122.0,KOR,2012,2012-03-01,2012-03-31,3.0,31.0,0.0846994535519125,1.3135081493389422,1.792761122746394,1.3135081493389422,1.792761122746394,observed_quote_tax_basis_assumed,0.0,0.0,0.0,0.0,0.0,0.0,none,0.8,1.0,,KOR,calendar_days_fixed,A_POLICY_COVER;A_EU_MIX;A_EU_FLOOR;A_FX;A_POLICY_UNKNOWN;A_TARIFF_FILL;A_PRICE_TAX;PV_AD_OFFSET_BOUND;POLICY_FIRM_YEAR_UNKNOWN,main,LOCAL_EXPORT_AHS,2012.0,UPDATED_CHINA_ORDINARY
122.0,KOR,2012,2012-04-01,2012-04-30,4.0,30.0,0.081967213114754,1.2578921407752404,1.7451038854417067,1.2578921407752404,1.7451038854417067,observed_quote_tax_basis_assumed,0.0,0.0,0.0,0.0,0.0,0.0,none,0.8,1.0,,KOR,calendar_days_fixed,A_POLICY_COVER;A_EU_MIX;A_EU_FLOOR;A_FX;A_POLICY_UNKNOWN;A_TARIFF_FILL;A_PRICE_TAX;PV_AD_OFFSET_BOUND;POLICY_FIRM_YEAR_UNKNOWN,main,LOCAL_EXPORT_AHS,2012.0,UPDATED_CHINA_ORDINARY
122.0,KOR,2012,2012-05-01,2012-05-31,5.0,31.0,0.0846994535519125,1.190262737943209,1.656017722355769,1.190262737943209,1.656017722355769,observed_quote_tax_basis_assumed,0.0,0.0,0.0,0.0,0.0,0.0,none,0.8,1.0,,KOR,calendar_days_fixed,A_POLICY_COVER;A_EU_MIX;A_EU_FLOOR;A_FX;A_POLICY_UNKNOWN;A_TARIFF_FILL;A_PRICE_TAX;PV_AD_OFFSET_BOUND;POLICY_FIRM_YEAR_UNKNOWN,main,LOCAL_EXPORT_AHS,2012.0,UPDATED_CHINA_ORDINARY
122.0,KOR,2012,2012-06-01,2012-06-30,6.0,30.0,0.081967213114754,1.1113960950270434,1.5744778012883114,1.1113960950270434,1.5744778012883114,observed_quote_tax_basis_assumed,0.0,0.0,0.0,0.0,0.0,0.0,none,0.8,1.0,,KOR,calendar_days_fixed,A_POLICY_COVER;A_EU_MIX;A_EU_FLOOR;A_FX;A_POLICY_UNKNOWN;A_TARIFF_FILL;A_PRICE_TAX;PV_AD_OFFSET_BOUND;POLICY_FIRM_YEAR_UNKNOWN,main,LOCAL_EXPORT_AHS,2012.0,UPDATED_CHINA_ORDINARY
122.0,KOR,2012,2012-07-01,2012-07-31,7.0,31.0,0.0846994535519125,1.0583620721153846,1.5213954786658657,1.0583620721153846,1.5213954786658657,observed_quote_tax_basis_assumed,0.0,0.0,0.0,0.0,0.0,0.0,none,0.8,1.0,,KOR,calendar_days_fixed,A_POLICY_COVER;A_EU_MIX;A_EU_FLOOR;A_FX;A_POLICY_UNKNOWN;A_TARIFF_FILL;A_PRICE_TAX;PV_AD_OFFSET_BOUND;POLICY_FIRM_YEAR_UNKNOWN,main,LOCAL_EXPORT_AHS,2012.0,UPDATED_CHINA_ORDINARY
122.0,KOR,2012,2012-08-01,2012-08-31,8.0,31.0,0.0846994535519125,1.0149143662109374,1.4890956684570311,1.0149143662109374,1.4890956684570311,observed_quote_tax_basis_assumed,0.0,0.0,0.0,0.0,0.0,0.0,none,0.8,1.0,,KOR,calendar_days_fixed,A_POLICY_COVER;A_EU_MIX;A_EU_FLOOR;A_FX;A_POLICY_UNKNOWN;A_TARIFF_FILL;A_PRICE_TAX;PV_AD_OFFSET_BOUND;POLICY_FIRM_YEAR_UNKNOWN,main,LOCAL_EXPORT_AHS,2012.0,UPDATED_CHINA_ORDINARY
122.0,KOR,2012,2012-09-01,2012-09-30,9.0,30.0,0.081967213114754,1.0016094417067307,1.5110487267127404,1.0016094417067307,1.5110487267127404,observed_quote_tax_basis_assumed,0.0,0.0,0.0,0.0,0.0,0.0,none,0.8,1.0,,KOR,calendar_days_fixed,A_POLICY_COVER;A_EU_MIX;A_EU_FLOOR;A_FX;A_POLICY_UNKNOWN;A_TARIFF_FILL;A_PRICE_TAX;PV_AD_OFFSET_BOUND;POLICY_FIRM_YEAR_UNKNOWN,main,LOCAL_EXPORT_AHS,2012.0,UPDATED_CHINA_ORDINARY
122.0,KOR,2012,2012-10-01,2012-10-31,10.0,31.0,0.0846994535519125,0.994557200611888,1.4831116149475525,0.994557200611888,1.4831116149475525,observed_quote_tax_basis_assumed,0.0,0.0,0.0,0.0,0.0,0.0,none,0.8,1.0,,KOR,calendar_days_fixed,A_POLICY_COVER;A_EU_MIX;A_EU_FLOOR;A_FX;A_POLICY_UNKNOWN;A_TARIFF_FILL;A_PRICE_TAX;PV_AD_OFFSET_BOUND;POLICY_FIRM_YEAR_UNKNOWN,main,LOCAL_EXPORT_AHS,2012.0,UPDATED_CHINA_ORDINARY
122.0,KOR,2012,2012-11-01,2012-11-30,11.0,30.0,0.081967213114754,0.9771088286713286,1.4482148710664335,0.9771088286713286,1.4482148710664335,observed_quote_tax_basis_assumed,0.0,0.0,0.0,0.0,0.0,0.0,none,0.8,1.0,,KOR,calendar_days_fixed,A_POLICY_COVER;A_EU_MIX;A_EU_FLOOR;A_FX;A_POLICY_UNKNOWN;A_TARIFF_FILL;A_PRICE_TAX;PV_AD_OFFSET_BOUND;POLICY_FIRM_YEAR_UNKNOWN,main,LOCAL_EXPORT_AHS,2012.0,UPDATED_CHINA_ORDINARY
122.0,KOR,2012,2012-12-01,2012-12-31,12.0,31.0,0.0846994535519125,0.95460961222166,1.4407533962234311,0.95460961222166,1.4407533962234311,observed_quote_tax_basis_assumed,0.0,0.0,0.0,0.0,0.0,0.0,none,0.8,1.0,,KOR,calendar_days_fixed,A_POLICY_COVER;A_EU_MIX;A_EU_FLOOR;A_FX;A_POLICY_UNKNOWN;A_TARIFF_FILL;A_PRICE_TAX;PV_AD_OFFSET_BOUND;POLICY_FIRM_YEAR_UNKNOWN,main,LOCAL_EXPORT_AHS,2012.0,UPDATED_CHINA_ORDINARY
123.0,KOR,2013,2013-01-01,2013-01-31,1.0,31.0,0.084931506849315,0.946150566520937,1.4370777472629324,0.946150566520937,1.4370777472629324,observed_quote_tax_basis_assumed,0.0,0.0,0.0,0.0,0.0,0.0,none,0.8,1.0,,KOR,calendar_days_fixed,A_POLICY_COVER;A_EU_MIX;A_EU_FLOOR;A_FX;A_POLICY_UNKNOWN;A_TARIFF_FILL;A_PRICE_TAX;PV_AD_OFFSET_BOUND;POLICY_FIRM_YEAR_UNKNOWN,main,LOCAL_EXPORT_AHS,2013.0,UPDATED_CHINA_ORDINARY
123.0,KOR,2013,2013-02-01,2013-02-28,2.0,28.0,0.0767123287671232,0.921251867401965,1.390568856455796,0.921251867401965,1.390568856455796,observed_quote_tax_basis_assumed,0.0,0.0,0.0,0.0,0.0,0.0,none,0.8,1.0,,KOR,calendar_days_fixed,A_POLICY_COVER;A_EU_MIX;A_EU_FLOOR;A_FX;A_POLICY_UNKNOWN;A_TARIFF_FILL;A_PRICE_TAX;PV_AD_OFFSET_BOUND;POLICY_FIRM_YEAR_UNKNOWN,main,LOCAL_EXPORT_AHS,2013.0,UPDATED_CHINA_ORDINARY
123.0,KOR,2013,2013-03-01,2013-03-31,3.0,31.0,0.084931506849315,0.9315028557668634,1.3549132447518013,0.9315028557668634,1.3549132447518013,observed_quote_tax_basis_assumed,0.0,0.0,0.0,0.0,0.0,0.0,none,0.8,1.0,,KOR,calendar_days_fixed,A_POLICY_COVER;A_EU_MIX;A_EU_FLOOR;A_FX;A_POLICY_UNKNOWN;A_TARIFF_FILL;A_PRICE_TAX;PV_AD_OFFSET_BOUND;POLICY_FIRM_YEAR_UNKNOWN,main,LOCAL_EXPORT_AHS,2013.0,UPDATED_CHINA_ORDINARY
123.0,KOR,2013,2013-04-01,2013-04-30,4.0,30.0,0.0821917808219178,0.95601608881336,1.3818778011029471,0.95601608881336,1.3818778011029471,observed_quote_tax_basis_assumed,0.0,0.0,0.0,0.0,0.0,0.0,none,0.8,1.0,,KOR,calendar_days_fixed,A_POLICY_COVER;A_EU_MIX;A_EU_FLOOR;A_FX;A_POLICY_UNKNOWN;A_TARIFF_FILL;A_PRICE_TAX;PV_AD_OFFSET_BOUND;POLICY_FIRM_YEAR_UNKNOWN,main,LOCAL_EXPORT_AHS,2013.0,UPDATED_CHINA_ORDINARY
123.0,KOR,2013,2013-05-01,2013-05-31,5.0,31.0,0.084931506849315,0.9260895616420616,1.3634096324174796,0.9260895616420616,1.3634096324174796,observed_quote_tax_basis_assumed,0.0,0.0,0.0,0.0,0.0,0.0,none,0.8,1.0,,KOR,calendar_days_fixed,A_POLICY_COVER;A_EU_MIX;A_EU_FLOOR;A_FX;A_POLICY_UNKNOWN;A_TARIFF_FILL;A_PRICE_TAX;PV_AD_OFFSET_BOUND;POLICY_FIRM_YEAR_UNKNOWN,main,LOCAL_EXPORT_AHS,2013.0,UPDATED_CHINA_ORDINARY
123.0,KOR,2013,2013-06-01,2013-06-30,6.0,30.0,0.0821917808219178,0.9756808182969297,1.3589839969135804,0.9756808182969297,1.3589839969135804,observed_quote_tax_basis_assumed,0.0,0.0,0.0,0.0,0.0,0.0,none,0.8,1.0,,KOR,calendar_days_fixed,A_POLICY_COVER;A_EU_MIX;A_EU_FLOOR;A_FX;A_POLICY_UNKNOWN;A_TARIFF_FILL;A_PRICE_TAX;PV_AD_OFFSET_BOUND;POLICY_FIRM_YEAR_UNKNOWN,main,LOCAL_EXPORT_AHS,2013.0,UPDATED_CHINA_ORDINARY
123.0,KOR,2013,2013-07-01,2013-07-31,7.0,31.0,0.084931506849315,0.967645331516578,1.339152021295264,0.967645331516578,1.339152021295264,observed_quote_tax_basis_assumed,0.0,0.0,0.0,0.0,0.0,0.0,none,0.8,1.0,,KOR,calendar_days_fixed,A_POLICY_COVER;A_EU_MIX;A_EU_FLOOR;A_FX;A_POLICY_UNKNOWN;A_TARIFF_FILL;A_PRICE_TAX;PV_AD_OFFSET_BOUND;POLICY_FIRM_YEAR_UNKNOWN,main,LOCAL_EXPORT_AHS,2013.0,UPDATED_CHINA_ORDINARY
123.0,KOR,2013,2013-08-01,2013-08-31,8.0,31.0,0.084931506849315,1.002196080959164,1.3362614412788856,1.002196080959164,1.3362614412788856,observed_quote_tax_basis_assumed,0.0,0.0,0.0,0.0,0.0,0.0,none,0.8,1.0,,KOR,calendar_days_fixed,A_POLICY_COVER;A_EU_MIX;A_EU_FLOOR;A_FX;A_POLICY_UNKNOWN;A_TARIFF_FILL;A_PRICE_TAX;PV_AD_OFFSET_BOUND;POLICY_FIRM_YEAR_UNKNOWN,main,LOCAL_EXPORT_AHS,2013.0,UPDATED_CHINA_ORDINARY
123.0,KOR,2013,2013-09-01,2013-09-30,9.0,30.0,0.0821917808219178,1.022721054412437,1.3313006828989482,1.022721054412437,1.3313006828989482,observed_quote_tax_basis_assumed,0.0,0.0,0.0,0.0,0.0,0.0,none,0.8,1.0,,KOR,calendar_days_fixed,A_POLICY_COVER;A_EU_MIX;A_EU_FLOOR;A_FX;A_POLICY_UNKNOWN;A_TARIFF_FILL;A_PRICE_TAX;PV_AD_OFFSET_BOUND;POLICY_FIRM_YEAR_UNKNOWN,main,LOCAL_EXPORT_AHS,2013.0,UPDATED_CHINA_ORDINARY
123.0,KOR,2013,2013-10-01,2013-10-31,10.0,31.0,0.084931506849315,1.0447150589940866,1.341918480949301,1.0447150589940866,1.341918480949301,observed_quote_tax_basis_assumed,0.0,0.0,0.0,0.0,0.0,0.0,none,0.8,1.0,,KOR,calendar_days_fixed,A_POLICY_COVER;A_EU_MIX;A_EU_FLOOR;A_FX;A_POLICY_UNKNOWN;A_TARIFF_FILL;A_PRICE_TAX;PV_AD_OFFSET_BOUND;POLICY_FIRM_YEAR_UNKNOWN,main,LOCAL_EXPORT_AHS,2013.0,UPDATED_CHINA_ORDINARY
123.0,KOR,2013,2013-11-01,2013-11-30,11.0,30.0,0.0821917808219178,1.0160063318033132,1.2566394103883085,1.0160063318033132,1.2566394103883085,observed_quote_tax_basis_assumed,0.0,0.0,0.0,0.0,0.0,0.0,none,0.8,1.0,,KOR,calendar_days_fixed,A_POLICY_COVER;A_EU_MIX;A_EU_FLOOR;A_FX;A_POLICY_UNKNOWN;A_TARIFF_FILL;A_PRICE_TAX;PV_AD_OFFSET_BOUND;POLICY_FIRM_YEAR_UNKNOWN,main,LOCAL_EXPORT_AHS,2013.0,UPDATED_CHINA_ORDINARY
123.0,KOR,2013,2013-12-01,2013-12-31,12.0,31.0,0.084931506849315,1.031871536498892,1.2581591541521575,1.031871536498892,1.2581591541521575,observed_quote_tax_basis_assumed,0.0,0.0,0.0,0.0,0.0,0.0,none,0.8,1.0,,KOR,calendar_days_fixed,A_POLICY_COVER;A_EU_MIX;A_EU_FLOOR;A_FX;A_POLICY_UNKNOWN;A_TARIFF_FILL;A_PRICE_TAX;PV_AD_OFFSET_BOUND;POLICY_FIRM_YEAR_UNKNOWN,main,LOCAL_EXPORT_AHS,2013.0,UPDATED_CHINA_ORDINARY
124.0,KOR,2014,2014-01-01,2014-01-31,1.0,31.0,0.084931506849315,1.0072924673496249,1.2193540394232298,1.0072924673496249,1.2193540394232298,observed_quote_tax_basis_assumed,0.0,0.0,0.0,0.0,0.0,0.0,none,0.8,1.0,,KOR,calendar_days_fixed,A_POLICY_COVER;A_EU_MIX;A_EU_FLOOR;A_FX;A_POLICY_UNKNOWN;A_TARIFF_FILL;A_PRICE_TAX;PV_AD_OFFSET_BOUND;POLICY_FIRM_YEAR_UNKNOWN,main,LOCAL_EXPORT_AHS,2014.0,UPDATED_CHINA_ORDINARY
124.0,KOR,2014,2014-02-01,2014-02-28,2.0,28.0,0.0767123287671232,1.0463340822279374,1.2325460799125705,1.0463340822279374,1.2325460799125705,observed_quote_tax_basis_assumed,0.0,0.0,0.0,0.0,0.0,0.0,none,0.8,1.0,,KOR,calendar_days_fixed,A_POLICY_COVER;A_EU_MIX;A_EU_FLOOR;A_FX;A_POLICY_UNKNOWN;A_TARIFF_FILL;A_PRICE_TAX;PV_AD_OFFSET_BOUND;POLICY_FIRM_YEAR_UNKNOWN,main,LOCAL_EXPORT_AHS,2014.0,UPDATED_CHINA_ORDINARY
124.0,KOR,2014,2014-03-01,2014-03-31,3.0,31.0,0.084931506849315,1.023935290408728,1.2305187261929451,1.023935290408728,1.2305187261929451,observed_quote_tax_basis_assumed,0.0,0.0,0.0,0.0,0.0,0.0,none,0.8,1.0,,KOR,calendar_days_fixed,A_POLICY_COVER;A_EU_MIX;A_EU_FLOOR;A_FX;A_POLICY_UNKNOWN;A_TARIFF_FILL;A_PRICE_TAX;PV_AD_OFFSET_BOUND;POLICY_FIRM_YEAR_UNKNOWN,main,LOCAL_EXPORT_AHS,2014.0,UPDATED_CHINA_ORDINARY
124.0,KOR,2014,2014-04-01,2014-04-30,4.0,30.0,0.0821917808219178,1.0043282324389915,1.201606992382365,1.0043282324389915,1.201606992382365,observed_quote_tax_basis_assumed,0.0,0.0,0.0,0.0,0.0,0.0,none,0.8,1.0,,KOR,calendar_days_fixed,A_POLICY_COVER;A_EU_MIX;A_EU_FLOOR;A_FX;A_POLICY_UNKNOWN;A_TARIFF_FILL;A_PRICE_TAX;PV_AD_OFFSET_BOUND;POLICY_FIRM_YEAR_UNKNOWN,main,LOCAL_EXPORT_AHS,2014.0,UPDATED_CHINA_ORDINARY
124.0,KOR,2014,2014-05-01,2014-05-31,5.0,31.0,0.084931506849315,0.998485340330426,1.1678712462793372,0.998485340330426,1.1678712462793372,observed_quote_tax_basis_assumed,0.0,0.0,0.0,0.0,0.0,0.0,none,0.8,1.0,,KOR,calendar_days_fixed,A_POLICY_COVER;A_EU_MIX;A_EU_FLOOR;A_FX;A_POLICY_UNKNOWN;A_TARIFF_FILL;A_PRICE_TAX;PV_AD_OFFSET_BOUND;POLICY_FIRM_YEAR_UNKNOWN,main,LOCAL_EXPORT_AHS,2014.0,UPDATED_CHINA_ORDINARY
124.0,KOR,2014,2014-06-01,2014-06-30,6.0,30.0,0.0821917808219178,0.9706744104845764,1.1471606669363172,0.9706744104845764,1.1471606669363172,observed_quote_tax_basis_assumed,0.0,0.0,0.0,0.0,0.0,0.0,none,0.8,1.0,,KOR,calendar_days_fixed,A_POLICY_COVER;A_EU_MIX;A_EU_FLOOR;A_FX;A_POLICY_UNKNOWN;A_TARIFF_FILL;A_PRICE_TAX;PV_AD_OFFSET_BOUND;POLICY_FIRM_YEAR_UNKNOWN,main,LOCAL_EXPORT_AHS,2014.0,UPDATED_CHINA_ORDINARY
124.0,KOR,2014,2014-07-01,2014-07-31,7.0,31.0,0.084931506849315,0.9668747294924476,1.1338803645865974,0.9668747294924476,1.1338803645865974,observed_quote_tax_basis_assumed,0.0,0.0,0.0,0.0,0.0,0.0,none,0.8,1.0,,KOR,calendar_days_fixed,A_POLICY_COVER;A_EU_MIX;A_EU_FLOOR;A_FX;A_POLICY_UNKNOWN;A_TARIFF_FILL;A_PRICE_TAX;PV_AD_OFFSET_BOUND;POLICY_FIRM_YEAR_UNKNOWN,main,LOCAL_EXPORT_AHS,2014.0,UPDATED_CHINA_ORDINARY
124.0,KOR,2014,2014-08-01,2014-08-31,8.0,31.0,0.084931506849315,0.9336540934028892,1.1065529995886094,0.9336540934028892,1.1065529995886094,observed_quote_tax_basis_assumed,0.0,0.0,0.0,0.0,0.0,0.0,none,0.8,1.0,,KOR,calendar_days_fixed,A_POLICY_COVER;A_EU_MIX;A_EU_FLOOR;A_FX;A_POLICY_UNKNOWN;A_TARIFF_FILL;A_PRICE_TAX;PV_AD_OFFSET_BOUND;POLICY_FIRM_YEAR_UNKNOWN,main,LOCAL_EXPORT_AHS,2014.0,UPDATED_CHINA_ORDINARY
124.0,KOR,2014,2014-09-01,2014-09-30,9.0,30.0,0.0821917808219178,0.9045753093677252,1.0553378609290127,0.9045753093677252,1.0553378609290127,observed_quote_tax_basis_assumed,0.0,0.0,0.0,0.0,0.0,0.0,none,0.8,1.0,,KOR,calendar_days_fixed,A_POLICY_COVER;A_EU_MIX;A_EU_FLOOR;A_FX;A_POLICY_UNKNOWN;A_TARIFF_FILL;A_PRICE_TAX;PV_AD_OFFSET_BOUND;POLICY_FIRM_YEAR_UNKNOWN,main,LOCAL_EXPORT_AHS,2014.0,UPDATED_CHINA_ORDINARY
124.0,KOR,2014,2014-10-01,2014-10-31,10.0,31.0,0.084931506849315,0.8885453695095287,1.0119544486080745,0.8885453695095287,1.0119544486080745,observed_quote_tax_basis_assumed,0.0,0.0,0.0,0.0,0.0,0.0,none,0.8,1.0,,KOR,calendar_days_fixed,A_POLICY_COVER;A_EU_MIX;A_EU_FLOOR;A_FX;A_POLICY_UNKNOWN;A_TARIFF_FILL;A_PRICE_TAX;PV_AD_OFFSET_BOUND;POLICY_FIRM_YEAR_UNKNOWN,main,LOCAL_EXPORT_AHS,2014.0,UPDATED_CHINA_ORDINARY
124.0,KOR,2014,2014-11-01,2014-11-30,11.0,30.0,0.0821917808219178,0.8582904677093165,0.9878437458541188,0.8582904677093165,0.9878437458541188,observed_quote_tax_basis_assumed,0.0,0.0,0.0,0.0,0.0,0.0,none,0.8,1.0,,KOR,calendar_days_fixed,A_POLICY_COVER;A_EU_MIX;A_EU_FLOOR;A_FX;A_POLICY_UNKNOWN;A_TARIFF_FILL;A_PRICE_TAX;PV_AD_OFFSET_BOUND;POLICY_FIRM_YEAR_UNKNOWN,main,LOCAL_EXPORT_AHS,2014.0,UPDATED_CHINA_ORDINARY
124.0,KOR,2014,2014-12-01,2014-12-31,12.0,31.0,0.084931506849315,0.8627497629665737,0.984836993575051,0.8627497629665737,0.984836993575051,observed_quote_tax_basis_assumed,0.0,0.0,0.0,0.0,0.0,0.0,none,0.8,1.0,,KOR,calendar_days_fixed,A_POLICY_COVER;A_EU_MIX;A_EU_FLOOR;A_FX;A_POLICY_UNKNOWN;A_TARIFF_FILL;A_PRICE_TAX;PV_AD_OFFSET_BOUND;POLICY_FIRM_YEAR_UNKNOWN,main,LOCAL_EXPORT_AHS,2014.0,UPDATED_CHINA_ORDINARY
125.0,KOR,2015,2015-01-01,2015-01-31,1.0,31.0,0.084931506849315,0.7836468068108556,0.8779746631862364,0.7836468068108556,0.8779746631862364,observed_quote_tax_basis_assumed,0.0,0.0,0.0,0.0,0.0,0.0,none,0.8,1.0,,KOR,calendar_days_fixed,A_POLICY_COVER;A_EU_MIX;A_EU_FLOOR;A_FX;A_POLICY_UNKNOWN;A_TARIFF_FILL;A_PRICE_TAX;PV_AD_OFFSET_BOUND;POLICY_FIRM_YEAR_UNKNOWN,main,LOCAL_EXPORT_AHS,2015.0,UPDATED_CHINA_ORDINARY
125.0,KOR,2015,2015-02-01,2015-02-28,2.0,28.0,0.0767123287671232,0.7653267250677627,0.8503630278530696,0.7653267250677627,0.8503630278530696,observed_quote_tax_basis_assumed,0.0,0.0,0.0,0.0,0.0,0.0,none,0.8,1.0,,KOR,calendar_days_fixed,A_POLICY_COVER;A_EU_MIX;A_EU_FLOOR;A_FX;A_POLICY_UNKNOWN;A_TARIFF_FILL;A_PRICE_TAX;PV_AD_OFFSET_BOUND;POLICY_FIRM_YEAR_UNKNOWN,main,LOCAL_EXPORT_AHS,2015.0,UPDATED_CHINA_ORDINARY
125.0,KOR,2015,2015-03-01,2015-03-31,3.0,31.0,0.084931506849315,0.7308038162617816,0.8323043462981401,0.7308038162617816,0.8323043462981401,observed_quote_tax_basis_assumed,0.0,0.0,0.0,0.0,0.0,0.0,none,0.8,1.0,,KOR,calendar_days_fixed,A_POLICY_COVER;A_EU_MIX;A_EU_FLOOR;A_FX;A_POLICY_UNKNOWN;A_TARIFF_FILL;A_PRICE_TAX;PV_AD_OFFSET_BOUND;POLICY_FIRM_YEAR_UNKNOWN,main,LOCAL_EXPORT_AHS,2015.0,UPDATED_CHINA_ORDINARY
125.0,KOR,2015,2015-04-01,2015-04-30,4.0,30.0,0.0821917808219178,0.7403275288041375,0.8345510324701185,0.7403275288041375,0.8345510324701185,observed_quote_tax_basis_assumed,0.0,0.0,0.0,0.0,0.0,0.0,none,0.8,1.0,,KOR,calendar_days_fixed,A_POLICY_COVER;A_EU_MIX;A_EU_FLOOR;A_FX;A_POLICY_UNKNOWN;A_TARIFF_FILL;A_PRICE_TAX;PV_AD_OFFSET_BOUND;POLICY_FIRM_YEAR_UNKNOWN,main,LOCAL_EXPORT_AHS,2015.0,UPDATED_CHINA_ORDINARY
125.0,KOR,2015,2015-05-01,2015-05-31,5.0,31.0,0.084931506849315,0.7796793226269166,0.8701778154318265,0.7796793226269166,0.8701778154318265,observed_quote_tax_basis_assumed,0.0,0.0,0.0,0.0,0.0,0.0,none,0.8,1.0,,KOR,calendar_days_fixed,A_POLICY_COVER;A_EU_MIX;A_EU_FLOOR;A_FX;A_POLICY_UNKNOWN;A_TARIFF_FILL;A_PRICE_TAX;PV_AD_OFFSET_BOUND;POLICY_FIRM_YEAR_UNKNOWN,main,LOCAL_EXPORT_AHS,2015.0,UPDATED_CHINA_ORDINARY
125.0,KOR,2015,2015-06-01,2015-06-30,6.0,30.0,0.0821917808219178,0.7841322245706475,0.8681463914889309,0.7841322245706475,0.8681463914889309,observed_quote_tax_basis_assumed,0.0,0.0,0.0,0.0,0.0,0.0,none,0.8,1.0,,KOR,calendar_days_fixed,A_POLICY_COVER;A_EU_MIX;A_EU_FLOOR;A_FX;A_POLICY_UNKNOWN;A_TARIFF_FILL;A_PRICE_TAX;PV_AD_OFFSET_BOUND;POLICY_FIRM_YEAR_UNKNOWN,main,LOCAL_EXPORT_AHS,2015.0,UPDATED_CHINA_ORDINARY
125.0,KOR,2015,2015-07-01,2015-07-31,7.0,31.0,0.084931506849315,0.7826573192219436,0.8444460549499919,0.7826573192219436,0.8444460549499919,observed_quote_tax_basis_assumed,0.0,0.0,0.0,0.0,0.0,0.0,none,0.8,1.0,,KOR,calendar_days_fixed,A_POLICY_COVER;A_EU_MIX;A_EU_FLOOR;A_FX;A_POLICY_UNKNOWN;A_TARIFF_FILL;A_PRICE_TAX;PV_AD_OFFSET_BOUND;POLICY_FIRM_YEAR_UNKNOWN,main,LOCAL_EXPORT_AHS,2015.0,UPDATED_CHINA_ORDINARY
125.0,KOR,2015,2015-08-01,2015-08-31,8.0,31.0,0.084931506849315,0.7928546296754717,0.8484935510562066,0.7928546296754717,0.8484935510562066,observed_quote_tax_basis_assumed,0.0,0.0,0.0,0.0,0.0,0.0,none,0.8,1.0,,KOR,calendar_days_fixed,A_POLICY_COVER;A_EU_MIX;A_EU_FLOOR;A_FX;A_POLICY_UNKNOWN;A_TARIFF_FILL;A_PRICE_TAX;PV_AD_OFFSET_BOUND;POLICY_FIRM_YEAR_UNKNOWN,main,LOCAL_EXPORT_AHS,2015.0,UPDATED_CHINA_ORDINARY
125.0,KOR,2015,2015-09-01,2015-09-30,9.0,30.0,0.0821917808219178,0.8238181179610751,0.8816299157127296,0.8238181179610751,0.8816299157127296,observed_quote_tax_basis_assumed,0.0,0.0,0.0,0.0,0.0,0.0,none,0.8,1.0,,KOR,calendar_days_fixed,A_POLICY_COVER;A_EU_MIX;A_EU_FLOOR;A_FX;A_POLICY_UNKNOWN;A_TARIFF_FILL;A_PRICE_TAX;PV_AD_OFFSET_BOUND;POLICY_FIRM_YEAR_UNKNOWN,main,LOCAL_EXPORT_AHS,2015.0,UPDATED_CHINA_ORDINARY
125.0,KOR,2015,2015-10-01,2015-10-31,10.0,31.0,0.084931506849315,0.8090265672243003,0.8884845336481153,0.8090265672243003,0.8884845336481153,observed_quote_tax_basis_assumed,0.0,0.0,0.0,0.0,0.0,0.0,none,0.8,1.0,,KOR,calendar_days_fixed,A_POLICY_COVER;A_EU_MIX;A_EU_FLOOR;A_FX;A_POLICY_UNKNOWN;A_TARIFF_FILL;A_PRICE_TAX;PV_AD_OFFSET_BOUND;POLICY_FIRM_YEAR_UNKNOWN,main,LOCAL_EXPORT_AHS,2015.0,UPDATED_CHINA_ORDINARY
125.0,KOR,2015,2015-11-01,2015-11-30,11.0,30.0,0.0821917808219178,0.7603831200676149,0.8571591535307657,0.7603831200676149,0.8571591535307657,observed_quote_tax_basis_assumed,0.0,0.0,0.0,0.0,0.0,0.0,none,0.8,1.0,,KOR,calendar_days_fixed,A_POLICY_COVER;A_EU_MIX;A_EU_FLOOR;A_FX;A_POLICY_UNKNOWN;A_TARIFF_FILL;A_PRICE_TAX;PV_AD_OFFSET_BOUND;POLICY_FIRM_YEAR_UNKNOWN,main,LOCAL_EXPORT_AHS,2015.0,UPDATED_CHINA_ORDINARY
125.0,KOR,2015,2015-12-01,2015-12-31,12.0,31.0,0.084931506849315,0.770105042618891,0.861117456746578,0.770105042618891,0.861117456746578,observed_quote_tax_basis_assumed,0.0,0.0,0.0,0.0,0.0,0.0,none,0.8,1.0,,KOR,calendar_days_fixed,A_POLICY_COVER;A_EU_MIX;A_EU_FLOOR;A_FX;A_POLICY_UNKNOWN;A_TARIFF_FILL;A_PRICE_TAX;PV_AD_OFFSET_BOUND;POLICY_FIRM_YEAR_UNKNOWN,main,LOCAL_EXPORT_AHS,2015.0,UPDATED_CHINA_ORDINARY
126.0,KOR,2016,2016-01-01,2016-01-31,1.0,31.0,0.0846994535519125,0.7754609470994799,0.8654698070306694,0.7754609470994799,0.8654698070306694,observed_quote_tax_basis_assumed,0.0,0.0,0.0,0.0,0.0,0.0,none,0.8,1.0,,KOR,calendar_days_fixed,A_POLICY_COVER;A_EU_MIX;A_EU_FLOOR;A_FX;A_POLICY_UNKNOWN;A_TARIFF_FILL;A_PRICE_TAX;PV_AD_OFFSET_BOUND;POLICY_FIRM_YEAR_UNKNOWN,main,LOCAL_EXPORT_AHS,2016.0,UPDATED_CHINA_ORDINARY
126.0,KOR,2016,2016-02-01,2016-02-29,2.0,29.0,0.0792349726775956,0.7780005038629495,0.8699460179558434,0.7780005038629495,0.8699460179558434,observed_quote_tax_basis_assumed,0.0,0.0,0.0,0.0,0.0,0.0,none,0.8,1.0,,KOR,calendar_days_fixed,A_POLICY_COVER;A_EU_MIX;A_EU_FLOOR;A_FX;A_POLICY_UNKNOWN;A_TARIFF_FILL;A_PRICE_TAX;PV_AD_OFFSET_BOUND;POLICY_FIRM_YEAR_UNKNOWN,main,LOCAL_EXPORT_AHS,2016.0,UPDATED_CHINA_ORDINARY
126.0,KOR,2016,2016-03-01,2016-03-31,3.0,31.0,0.0846994535519125,0.7787644863397156,0.8495612578251441,0.7787644863397156,0.8495612578251441,observed_quote_tax_basis_assumed,0.0,0.0,0.0,0.0,0.0,0.0,none,0.8,1.0,,KOR,calendar_days_fixed,A_POLICY_COVER;A_EU_MIX;A_EU_FLOOR;A_FX;A_POLICY_UNKNOWN;A_TARIFF_FILL;A_PRICE_TAX;PV_AD_OFFSET_BOUND;POLICY_FIRM_YEAR_UNKNOWN,main,LOCAL_EXPORT_AHS,2016.0,UPDATED_CHINA_ORDINARY
126.0,KOR,2016,2016-04-01,2016-04-30,4.0,30.0,0.081967213114754,0.7944156135931028,0.8738571749524129,0.7944156135931028,0.8738571749524129,observed_quote_tax_basis_assumed,0.0,0.0,0.0,0.0,0.0,0.0,none,0.8,1.0,,KOR,calendar_days_fixed,A_POLICY_COVER;A_EU_MIX;A_EU_FLOOR;A_FX;A_POLICY_UNKNOWN;A_TARIFF_FILL;A_PRICE_TAX;PV_AD_OFFSET_BOUND;POLICY_FIRM_YEAR_UNKNOWN,main,LOCAL_EXPORT_AHS,2016.0,UPDATED_CHINA_ORDINARY
126.0,KOR,2016,2016-05-01,2016-05-31,5.0,31.0,0.0846994535519125,0.7782994701499374,0.8575707124800236,0.7782994701499374,0.8575707124800236,observed_quote_tax_basis_assumed,0.0,0.0,0.0,0.0,0.0,0.0,none,0.8,1.0,,KOR,calendar_days_fixed,A_POLICY_COVER;A_EU_MIX;A_EU_FLOOR;A_FX;A_POLICY_UNKNOWN;A_TARIFF_FILL;A_PRICE_TAX;PV_AD_OFFSET_BOUND;POLICY_FIRM_YEAR_UNKNOWN,main,LOCAL_EXPORT_AHS,2016.0,UPDATED_CHINA_ORDINARY
126.0,KOR,2016,2016-06-01,2016-06-30,6.0,30.0,0.081967213114754,0.7591586187691494,0.8379392301508536,0.7591586187691494,0.8379392301508536,observed_quote_tax_basis_assumed,0.0,0.0,0.0,0.0,0.0,0.0,none,0.8,1.0,,KOR,calendar_days_fixed,A_POLICY_COVER;A_EU_MIX;A_EU_FLOOR;A_FX;A_POLICY_UNKNOWN;A_TARIFF_FILL;A_PRICE_TAX;PV_AD_OFFSET_BOUND;POLICY_FIRM_YEAR_UNKNOWN,main,LOCAL_EXPORT_AHS,2016.0,UPDATED_CHINA_ORDINARY
126.0,KOR,2016,2016-07-01,2016-07-31,7.0,31.0,0.0846994535519125,0.7330790988487496,0.8035674737380523,0.7330790988487496,0.8035674737380523,observed_quote_tax_basis_assumed,0.0,0.0,0.0,0.0,0.0,0.0,none,0.8,1.0,,KOR,calendar_days_fixed,A_POLICY_COVER;A_EU_MIX;A_EU_FLOOR;A_FX;A_POLICY_UNKNOWN;A_TARIFF_FILL;A_PRICE_TAX;PV_AD_OFFSET_BOUND;POLICY_FIRM_YEAR_UNKNOWN,main,LOCAL_EXPORT_AHS,2016.0,UPDATED_CHINA_ORDINARY
126.0,KOR,2016,2016-08-01,2016-08-31,8.0,31.0,0.0846994535519125,0.7280738985555929,0.8280056101220468,0.7280738985555929,0.8280056101220468,observed_quote_tax_basis_assumed,0.0,0.0,0.0,0.0,0.0,0.0,none,0.8,1.0,,KOR,calendar_days_fixed,A_POLICY_COVER;A_EU_MIX;A_EU_FLOOR;A_FX;A_POLICY_UNKNOWN;A_TARIFF_FILL;A_PRICE_TAX;PV_AD_OFFSET_BOUND;POLICY_FIRM_YEAR_UNKNOWN,main,LOCAL_EXPORT_AHS,2016.0,UPDATED_CHINA_ORDINARY
126.0,KOR,2016,2016-09-01,2016-09-30,9.0,30.0,0.081967213114754,0.7423697374619559,0.7923369313295875,0.7423697374619559,0.7923369313295875,observed_quote_tax_basis_assumed,0.0,0.0,0.0,0.0,0.0,0.0,none,0.8,1.0,,KOR,calendar_days_fixed,A_POLICY_COVER;A_EU_MIX;A_EU_FLOOR;A_FX;A_POLICY_UNKNOWN;A_TARIFF_FILL;A_PRICE_TAX;PV_AD_OFFSET_BOUND;POLICY_FIRM_YEAR_UNKNOWN,main,LOCAL_EXPORT_AHS,2016.0,UPDATED_CHINA_ORDINARY
126.0,KOR,2016,2016-10-01,2016-10-31,10.0,31.0,0.0846994535519125,0.7036858447593164,0.774054429235248,0.7036858447593164,0.774054429235248,observed_quote_tax_basis_assumed,0.0,0.0,0.0,0.0,0.0,0.0,none,0.8,1.0,,KOR,calendar_days_fixed,A_POLICY_COVER;A_EU_MIX;A_EU_FLOOR;A_FX;A_POLICY_UNKNOWN;A_TARIFF_FILL;A_PRICE_TAX;PV_AD_OFFSET_BOUND;POLICY_FIRM_YEAR_UNKNOWN,main,LOCAL_EXPORT_AHS,2016.0,UPDATED_CHINA_ORDINARY
126.0,KOR,2016,2016-11-01,2016-11-30,11.0,30.0,0.081967213114754,0.6749440466200466,0.7438158881118881,0.6749440466200466,0.7438158881118881,observed_quote_tax_basis_assumed,0.0,0.0,0.0,0.0,0.0,0.0,none,0.8,1.0,,KOR,calendar_days_fixed,A_POLICY_COVER;A_EU_MIX;A_EU_FLOOR;A_FX;A_POLICY_UNKNOWN;A_TARIFF_FILL;A_PRICE_TAX;PV_AD_OFFSET_BOUND;POLICY_FIRM_YEAR_UNKNOWN,main,LOCAL_EXPORT_AHS,2016.0,UPDATED_CHINA_ORDINARY
126.0,KOR,2016,2016-12-01,2016-12-31,12.0,31.0,0.0846994535519125,0.6716546528435174,0.7186704785425637,0.6716546528435174,0.7186704785425637,observed_quote_tax_basis_assumed,0.0,0.0,0.0,0.0,0.0,0.0,none,0.8,1.0,,KOR,calendar_days_fixed,A_POLICY_COVER;A_EU_MIX;A_EU_FLOOR;A_FX;A_POLICY_UNKNOWN;A_TARIFF_FILL;A_PRICE_TAX;PV_AD_OFFSET_BOUND;POLICY_FIRM_YEAR_UNKNOWN,main,LOCAL_EXPORT_AHS,2016.0,UPDATED_CHINA_ORDINARY
127.0,KOR,2017,2017-01-01,2017-01-31,1.0,31.0,0.084931506849315,0.65131797346,0.6978406858499999,0.65131797346,0.6978406858499999,observed_quote_tax_basis_assumed,0.0,0.0088888889551162,0.0,0.0,0.0,0.0,none,0.8,1.0,,KOR,calendar_days_fixed,A_POLICY_COVER;A_EU_MIX;A_EU_FLOOR;A_FX;A_POLICY_UNKNOWN;A_TARIFF_FILL;A_PRICE_TAX;PV_AD_OFFSET_BOUND;POLICY_FIRM_YEAR_UNKNOWN,main,LOCAL_EXPORT_AHS,2017.0,UPDATED_CHINA_ORDINARY
127.0,KOR,2017,2017-02-01,2017-02-28,2.0,28.0,0.0767123287671232,0.653336242055,0.680003027445,0.653336242055,0.680003027445,observed_quote_tax_basis_assumed,0.0,0.0088888889551162,0.0,0.0,0.0,0.0,none,0.8,1.0,,KOR,calendar_days_fixed,A_POLICY_COVER;A_EU_MIX;A_EU_FLOOR;A_FX;A_POLICY_UNKNOWN;A_TARIFF_FILL;A_PRICE_TAX;PV_AD_OFFSET_BOUND;POLICY_FIRM_YEAR_UNKNOWN,main,LOCAL_EXPORT_AHS,2017.0,UPDATED_CHINA_ORDINARY
127.0,KOR,2017,2017-03-01,2017-03-31,3.0,31.0,0.084931506849315,0.6288995552,0.66904208,0.6288995552,0.66904208,observed_quote_tax_basis_assumed,0.0,0.0088888889551162,0.0,0.0,0.0,0.0,none,0.8,1.0,,KOR,calendar_days_fixed,A_POLICY_COVER;A_EU_MIX;A_EU_FLOOR;A_FX;A_POLICY_UNKNOWN;A_TARIFF_FILL;A_PRICE_TAX;PV_AD_OFFSET_BOUND;POLICY_FIRM_YEAR_UNKNOWN,main,LOCAL_EXPORT_AHS,2017.0,UPDATED_CHINA_ORDINARY
127.0,KOR,2017,2017-04-01,2017-04-30,4.0,30.0,0.0821917808219178,0.6161349233900001,0.6630147545175,0.6161349233900001,0.6630147545175,observed_quote_tax_basis_assumed,0.0,0.0088888889551162,0.0,0.0,0.0,0.0,none,0.8,1.0,,KOR,calendar_days_fixed,A_POLICY_COVER;A_EU_MIX;A_EU_FLOOR;A_FX;A_POLICY_UNKNOWN;A_TARIFF_FILL;A_PRICE_TAX;PV_AD_OFFSET_BOUND;POLICY_FIRM_YEAR_UNKNOWN,main,LOCAL_EXPORT_AHS,2017.0,UPDATED_CHINA_ORDINARY
127.0,KOR,2017,2017-05-01,2017-05-31,5.0,31.0,0.084931506849315,0.6360321647399999,0.67751252331,0.6360321647399999,0.67751252331,observed_quote_tax_basis_assumed,0.0,0.0088888889551162,0.0,0.0,0.0,0.0,none,0.8,1.0,,KOR,calendar_days_fixed,A_POLICY_COVER;A_EU_MIX;A_EU_FLOOR;A_FX;A_POLICY_UNKNOWN;A_TARIFF_FILL;A_PRICE_TAX;PV_AD_OFFSET_BOUND;POLICY_FIRM_YEAR_UNKNOWN,main,LOCAL_EXPORT_AHS,2017.0,UPDATED_CHINA_ORDINARY
127.0,KOR,2017,2017-06-01,2017-06-30,6.0,30.0,0.0821917808219178,0.6834862197535653,0.7587457241032978,,,index_bridge,0.0,0.0088888889551162,0.0,0.0,0.0,0.0,none,0.8,1.0,,KOR,calendar_days_fixed,A_POLICY_COVER;A_EU_MIX;A_EU_FLOOR;A_FX;A_POLICY_UNKNOWN;A_TARIFF_FILL;A_PRICE_TAX;PV_AD_OFFSET_BOUND;POLICY_FIRM_YEAR_UNKNOWN,main,LOCAL_EXPORT_AHS,2017.0,UPDATED_CHINA_ORDINARY
127.0,KOR,2017,2017-07-01,2017-07-31,7.0,31.0,0.084931506849315,0.7190854065307387,0.7982647809154071,,,index_bridge,0.0,0.0088888889551162,0.0,0.0,0.0,0.0,none,0.8,1.0,,KOR,calendar_days_fixed,A_POLICY_COVER;A_EU_MIX;A_EU_FLOOR;A_FX;A_POLICY_UNKNOWN;A_TARIFF_FILL;A_PRICE_TAX;PV_AD_OFFSET_BOUND;POLICY_FIRM_YEAR_UNKNOWN,main,LOCAL_EXPORT_AHS,2017.0,UPDATED_CHINA_ORDINARY
127.0,KOR,2017,2017-08-01,2017-08-31,8.0,31.0,0.084931506849315,0.7376777050824325,0.8189043002204721,,,index_bridge,0.0,0.0088888889551162,0.0,0.0,0.0,0.0,none,0.8,1.0,,KOR,calendar_days_fixed,A_POLICY_COVER;A_EU_MIX;A_EU_FLOOR;A_FX;A_POLICY_UNKNOWN;A_TARIFF_FILL;A_PRICE_TAX;PV_AD_OFFSET_BOUND;POLICY_FIRM_YEAR_UNKNOWN,main,LOCAL_EXPORT_AHS,2017.0,UPDATED_CHINA_ORDINARY
127.0,KOR,2017,2017-09-01,2017-09-30,9.0,30.0,0.0821917808219178,0.7443664359352588,0.8263295354155424,,,index_bridge,0.0,0.0088888889551162,0.0,0.0,0.0,0.0,none,0.8,1.0,,KOR,calendar_days_fixed,A_POLICY_COVER;A_EU_MIX;A_EU_FLOOR;A_FX;A_POLICY_UNKNOWN;A_TARIFF_FILL;A_PRICE_TAX;PV_AD_OFFSET_BOUND;POLICY_FIRM_YEAR_UNKNOWN,main,LOCAL_EXPORT_AHS,2017.0,UPDATED_CHINA_ORDINARY
127.0,KOR,2017,2017-10-01,2017-10-31,10.0,31.0,0.084931506849315,0.7152718333710166,0.7940312905466657,,,index_bridge,0.0,0.0088888889551162,0.0,0.0,0.0,0.0,none,0.8,1.0,,KOR,calendar_days_fixed,A_POLICY_COVER;A_EU_MIX;A_EU_FLOOR;A_FX;A_POLICY_UNKNOWN;A_TARIFF_FILL;A_PRICE_TAX;PV_AD_OFFSET_BOUND;POLICY_FIRM_YEAR_UNKNOWN,main,LOCAL_EXPORT_AHS,2017.0,UPDATED_CHINA_ORDINARY
127.0,KOR,2017,2017-11-01,2017-11-30,11.0,30.0,0.0821917808219178,0.6803818599439665,0.7552995394348484,,,index_bridge,0.0,0.0088888889551162,0.0,0.0,0.0,0.0,none,0.8,1.0,,KOR,calendar_days_fixed,A_POLICY_COVER;A_EU_MIX;A_EU_FLOOR;A_FX;A_POLICY_UNKNOWN;A_TARIFF_FILL;A_PRICE_TAX;PV_AD_OFFSET_BOUND;POLICY_FIRM_YEAR_UNKNOWN,main,LOCAL_EXPORT_AHS,2017.0,UPDATED_CHINA_ORDINARY
127.0,KOR,2017,2017-12-01,2017-12-31,12.0,31.0,0.084931506849315,0.6512233829889086,0.722930386887791,,,index_bridge,0.0,0.0088888889551162,0.0,0.0,0.0,0.0,none,0.8,1.0,,KOR,calendar_days_fixed,A_POLICY_COVER;A_EU_MIX;A_EU_FLOOR;A_FX;A_POLICY_UNKNOWN;A_TARIFF_FILL;A_PRICE_TAX;PV_AD_OFFSET_BOUND;POLICY_FIRM_YEAR_UNKNOWN,main,LOCAL_EXPORT_AHS,2017.0,UPDATED_CHINA_ORDINARY
128.0,KOR,2018,2018-01-01,2018-01-31,1.0,31.0,0.084931506849315,0.655027440164083,0.7271533134552772,,,index_bridge,0.0,0.0088888889551162,0.0,0.0,0.0,0.0,none,0.8,1.0,,KOR,calendar_days_fixed,A_POLICY_COVER;A_EU_MIX;A_EU_FLOOR;A_FX;A_POLICY_UNKNOWN;A_TARIFF_FILL;A_PRICE_TAX;PV_AD_OFFSET_BOUND;POLICY_FIRM_YEAR_UNKNOWN,main,LOCAL_EXPORT_AHS,2018.0,UPDATED_CHINA_ORDINARY
128.0,KOR,2018,2018-02-01,2018-02-28,2.0,28.0,0.0767123287671232,0.6647304348272245,0.7379247167387408,,,index_bridge,0.0,0.0088888889551162,0.0,0.0,0.0,0.0,none,0.8,1.0,,KOR,calendar_days_fixed,A_POLICY_COVER;A_EU_MIX;A_EU_FLOOR;A_FX;A_POLICY_UNKNOWN;A_TARIFF_FILL;A_PRICE_TAX;PV_AD_OFFSET_BOUND;POLICY_FIRM_YEAR_UNKNOWN,main,LOCAL_EXPORT_AHS,2018.0,UPDATED_CHINA_ORDINARY
128.0,KOR,2018,2018-03-01,2018-03-31,3.0,31.0,0.084931506849315,0.6450430138824986,0.7160694897733482,,,index_bridge,0.0,0.0088888889551162,0.0,0.0,0.0,0.0,none,0.8,1.0,,KOR,calendar_days_fixed,A_POLICY_COVER;A_EU_MIX;A_EU_FLOOR;A_FX;A_POLICY_UNKNOWN;A_TARIFF_FILL;A_PRICE_TAX;PV_AD_OFFSET_BOUND;POLICY_FIRM_YEAR_UNKNOWN,main,LOCAL_EXPORT_AHS,2018.0,UPDATED_CHINA_ORDINARY
128.0,KOR,2018,2018-04-01,2018-04-30,4.0,30.0,0.0821917808219178,0.6248356131344818,0.6936370273919885,,,index_bridge,0.0,0.0088888889551162,0.0,0.0,0.0,0.0,none,0.8,1.0,,KOR,calendar_days_fixed,A_POLICY_COVER;A_EU_MIX;A_EU_FLOOR;A_FX;A_POLICY_UNKNOWN;A_TARIFF_FILL;A_PRICE_TAX;PV_AD_OFFSET_BOUND;POLICY_FIRM_YEAR_UNKNOWN,main,LOCAL_EXPORT_AHS,2018.0,UPDATED_CHINA_ORDINARY
128.0,KOR,2018,2018-05-01,2018-05-31,5.0,31.0,0.084931506849315,0.5850384784497941,0.6494577814893321,,,index_bridge,0.0,0.0088888889551162,0.0,0.0,0.0,0.0,none,0.8,1.0,,KOR,calendar_days_fixed,A_POLICY_COVER;A_EU_MIX;A_EU_FLOOR;A_FX;A_POLICY_UNKNOWN;A_TARIFF_FILL;A_PRICE_TAX;PV_AD_OFFSET_BOUND;POLICY_FIRM_YEAR_UNKNOWN,main,LOCAL_EXPORT_AHS,2018.0,UPDATED_CHINA_ORDINARY
128.0,KOR,2018,2018-06-01,2018-06-30,6.0,30.0,0.0821917808219178,0.5600553168749636,0.6217236934102497,,,index_bridge,0.0,0.0088888889551162,0.0,0.0,0.0,0.0,none,0.8,1.0,,KOR,calendar_days_fixed,A_POLICY_COVER;A_EU_MIX;A_EU_FLOOR;A_FX;A_POLICY_UNKNOWN;A_TARIFF_FILL;A_PRICE_TAX;PV_AD_OFFSET_BOUND;POLICY_FIRM_YEAR_UNKNOWN,main,LOCAL_EXPORT_AHS,2018.0,UPDATED_CHINA_ORDINARY
128.0,KOR,2018,2018-07-01,2018-07-31,7.0,31.0,0.084931506849315,0.5436607621600794,0.6035239142062432,,,index_bridge,0.0,0.0088888889551162,0.0,0.0,0.0,0.0,none,0.8,1.0,,KOR,calendar_days_fixed,A_POLICY_COVER;A_EU_MIX;A_EU_FLOOR;A_FX;A_POLICY_UNKNOWN;A_TARIFF_FILL;A_PRICE_TAX;PV_AD_OFFSET_BOUND;POLICY_FIRM_YEAR_UNKNOWN,main,LOCAL_EXPORT_AHS,2018.0,UPDATED_CHINA_ORDINARY
128.0,KOR,2018,2018-08-01,2018-08-31,8.0,31.0,0.084931506849315,0.5200018991617037,0.577259944841015,,,index_bridge,0.0,0.0088888889551162,0.0,0.0,0.0,0.0,none,0.8,1.0,,KOR,calendar_days_fixed,A_POLICY_COVER;A_EU_MIX;A_EU_FLOOR;A_FX;A_POLICY_UNKNOWN;A_TARIFF_FILL;A_PRICE_TAX;PV_AD_OFFSET_BOUND;POLICY_FIRM_YEAR_UNKNOWN,main,LOCAL_EXPORT_AHS,2018.0,UPDATED_CHINA_ORDINARY
128.0,KOR,2018,2018-09-01,2018-09-30,9.0,30.0,0.0821917808219178,0.491111693367402,0.54518860312063,,,index_bridge,0.0,0.0088888889551162,0.0,0.0,0.0,0.0,none,0.8,1.0,,KOR,calendar_days_fixed,A_POLICY_COVER;A_EU_MIX;A_EU_FLOOR;A_FX;A_POLICY_UNKNOWN;A_TARIFF_FILL;A_PRICE_TAX;PV_AD_OFFSET_BOUND;POLICY_FIRM_YEAR_UNKNOWN,main,LOCAL_EXPORT_AHS,2018.0,UPDATED_CHINA_ORDINARY
128.0,KOR,2018,2018-10-01,2018-10-31,10.0,31.0,0.084931506849315,0.4860318235809892,0.5395493826534903,,,index_bridge,0.0,0.0088888889551162,0.0,0.0,0.0,0.0,none,0.8,1.0,,KOR,calendar_days_fixed,A_POLICY_COVER;A_EU_MIX;A_EU_FLOOR;A_FX;A_POLICY_UNKNOWN;A_TARIFF_FILL;A_PRICE_TAX;PV_AD_OFFSET_BOUND;POLICY_FIRM_YEAR_UNKNOWN,main,LOCAL_EXPORT_AHS,2018.0,UPDATED_CHINA_ORDINARY
128.0,KOR,2018,2018-11-01,2018-11-30,11.0,30.0,0.0821917808219178,0.4461069108009444,0.4952282888529768,,,index_bridge,0.0,0.0088888889551162,0.0,0.0,0.0,0.0,none,0.8,1.0,,KOR,calendar_days_fixed,A_POLICY_COVER;A_EU_MIX;A_EU_FLOOR;A_FX;A_POLICY_UNKNOWN;A_TARIFF_FILL;A_PRICE_TAX;PV_AD_OFFSET_BOUND;POLICY_FIRM_YEAR_UNKNOWN,main,LOCAL_EXPORT_AHS,2018.0,UPDATED_CHINA_ORDINARY
128.0,KOR,2018,2018-12-01,2018-12-31,12.0,31.0,0.084931506849315,0.445321925914791,0.4943568683200664,,,index_bridge,0.0,0.0088888889551162,0.0,0.0,0.0,0.0,none,0.8,1.0,,KOR,calendar_days_fixed,A_POLICY_COVER;A_EU_MIX;A_EU_FLOOR;A_FX;A_POLICY_UNKNOWN;A_TARIFF_FILL;A_PRICE_TAX;PV_AD_OFFSET_BOUND;POLICY_FIRM_YEAR_UNKNOWN,main,LOCAL_EXPORT_AHS,2018.0,UPDATED_CHINA_ORDINARY
129.0,KOR,2019,2019-01-01,2019-01-31,1.0,31.0,0.084931506849315,0.4407953936392269,0.4893319140344654,,,index_bridge,0.0,0.0,0.0,0.0,0.0,0.0,none,0.8,1.0,,KOR,calendar_days_fixed,A_POLICY_COVER;A_EU_MIX;A_EU_FLOOR;A_FX;A_POLICY_UNKNOWN;A_TARIFF_FILL;A_PRICE_TAX;PV_AD_OFFSET_BOUND;POLICY_FIRM_YEAR_UNKNOWN,main,WITS_SAME_YEAR_MFN_FALLBACK,2019.0,UPDATED_CHINA_ORDINARY
129.0,KOR,2019,2019-02-01,2019-02-28,2.0,28.0,0.0767123287671232,0.4220528087387762,0.4685255601668083,,,index_bridge,0.0,0.0,0.0,0.0,0.0,0.0,none,0.8,1.0,,KOR,calendar_days_fixed,A_POLICY_COVER;A_EU_MIX;A_EU_FLOOR;A_FX;A_POLICY_UNKNOWN;A_TARIFF_FILL;A_PRICE_TAX;PV_AD_OFFSET_BOUND;POLICY_FIRM_YEAR_UNKNOWN,main,WITS_SAME_YEAR_MFN_FALLBACK,2019.0,UPDATED_CHINA_ORDINARY
129.0,KOR,2019,2019-03-01,2019-03-31,3.0,31.0,0.084931506849315,0.43639361763407,0.4844454530849272,,,index_bridge,0.0,0.0,0.0,0.0,0.0,0.0,none,0.8,1.0,,KOR,calendar_days_fixed,A_POLICY_COVER;A_EU_MIX;A_EU_FLOOR;A_FX;A_POLICY_UNKNOWN;A_TARIFF_FILL;A_PRICE_TAX;PV_AD_OFFSET_BOUND;POLICY_FIRM_YEAR_UNKNOWN,main,WITS_SAME_YEAR_MFN_FALLBACK,2019.0,UPDATED_CHINA_ORDINARY
129.0,KOR,2019,2019-04-01,2019-04-30,4.0,30.0,0.0821917808219178,0.4178512434680968,0.4638613554008097,,,index_bridge,0.0,0.0,0.0,0.0,0.0,0.0,none,0.8,1.0,,KOR,calendar_days_fixed,A_POLICY_COVER;A_EU_MIX;A_EU_FLOOR;A_FX;A_POLICY_UNKNOWN;A_TARIFF_FILL;A_PRICE_TAX;PV_AD_OFFSET_BOUND;POLICY_FIRM_YEAR_UNKNOWN,main,WITS_SAME_YEAR_MFN_FALLBACK,2019.0,UPDATED_CHINA_ORDINARY
129.0,KOR,2019,2019-05-01,2019-05-31,5.0,31.0,0.084931506849315,0.4318373933480303,0.4793875373652296,,,index_bridge,0.0,0.0,0.0,0.0,0.0,0.0,none,0.8,1.0,,KOR,calendar_days_fixed,A_POLICY_COVER;A_EU_MIX;A_EU_FLOOR;A_FX;A_POLICY_UNKNOWN;A_TARIFF_FILL;A_PRICE_TAX;PV_AD_OFFSET_BOUND;POLICY_FIRM_YEAR_UNKNOWN,main,WITS_SAME_YEAR_MFN_FALLBACK,2019.0,UPDATED_CHINA_ORDINARY
129.0,KOR,2019,2019-06-01,2019-06-30,6.0,30.0,0.0821917808219178,0.4198962531131177,0.4661315435612515,,,index_bridge,0.0,0.0,0.0,0.0,0.0,0.0,none,0.8,1.0,,KOR,calendar_days_fixed,A_POLICY_COVER;A_EU_MIX;A_EU_FLOOR;A_FX;A_POLICY_UNKNOWN;A_TARIFF_FILL;A_PRICE_TAX;PV_AD_OFFSET_BOUND;POLICY_FIRM_YEAR_UNKNOWN,main,WITS_SAME_YEAR_MFN_FALLBACK,2019.0,UPDATED_CHINA_ORDINARY
129.0,KOR,2019,2019-07-01,2019-07-31,7.0,31.0,0.084931506849315,0.4331502037355332,0.4808449029115831,,,index_bridge,0.0,0.0,0.0,0.0,0.0,0.0,none,0.8,1.0,,KOR,calendar_days_fixed,A_POLICY_COVER;A_EU_MIX;A_EU_FLOOR;A_FX;A_POLICY_UNKNOWN;A_TARIFF_FILL;A_PRICE_TAX;PV_AD_OFFSET_BOUND;POLICY_FIRM_YEAR_UNKNOWN,main,WITS_SAME_YEAR_MFN_FALLBACK,2019.0,UPDATED_CHINA_ORDINARY
129.0,KOR,2019,2019-08-01,2019-08-31,8.0,31.0,0.084931506849315,0.4136868601909633,0.459238426783183,,,index_bridge,0.0,0.0,0.0,0.0,0.0,0.0,none,0.8,1.0,,KOR,calendar_days_fixed,A_POLICY_COVER;A_EU_MIX;A_EU_FLOOR;A_FX;A_POLICY_UNKNOWN;A_TARIFF_FILL;A_PRICE_TAX;PV_AD_OFFSET_BOUND;POLICY_FIRM_YEAR_UNKNOWN,main,WITS_SAME_YEAR_MFN_FALLBACK,2019.0,UPDATED_CHINA_ORDINARY
129.0,KOR,2019,2019-09-01,2019-09-30,9.0,30.0,0.0821917808219178,0.3933783413315631,0.4366937120514113,,,index_bridge,0.0,0.0,0.0,0.0,0.0,0.0,none,0.8,1.0,,KOR,calendar_days_fixed,A_POLICY_COVER;A_EU_MIX;A_EU_FLOOR;A_FX;A_POLICY_UNKNOWN;A_TARIFF_FILL;A_PRICE_TAX;PV_AD_OFFSET_BOUND;POLICY_FIRM_YEAR_UNKNOWN,main,WITS_SAME_YEAR_MFN_FALLBACK,2019.0,UPDATED_CHINA_ORDINARY
129.0,KOR,2019,2019-10-01,2019-10-31,10.0,31.0,0.084931506849315,0.3951301852582417,0.438638453657384,,,index_bridge,0.0,0.0,0.0,0.0,0.0,0.0,none,0.8,1.0,,KOR,calendar_days_fixed,A_POLICY_COVER;A_EU_MIX;A_EU_FLOOR;A_FX;A_POLICY_UNKNOWN;A_TARIFF_FILL;A_PRICE_TAX;PV_AD_OFFSET_BOUND;POLICY_FIRM_YEAR_UNKNOWN,main,WITS_SAME_YEAR_MFN_FALLBACK,2019.0,UPDATED_CHINA_ORDINARY
129.0,KOR,2019,2019-11-01,2019-11-30,11.0,30.0,0.0821917808219178,0.3950586814244998,0.438559076448977,,,index_bridge,0.0,0.0,0.0,0.0,0.0,0.0,none,0.8,1.0,,KOR,calendar_days_fixed,A_POLICY_COVER;A_EU_MIX;A_EU_FLOOR;A_FX;A_POLICY_UNKNOWN;A_TARIFF_FILL;A_PRICE_TAX;PV_AD_OFFSET_BOUND;POLICY_FIRM_YEAR_UNKNOWN,main,WITS_SAME_YEAR_MFN_FALLBACK,2019.0,UPDATED_CHINA_ORDINARY
129.0,KOR,2019,2019-12-01,2019-12-31,12.0,31.0,0.084931506849315,0.3814186100998776,0.4234170801732473,,,index_bridge,0.0,0.0,0.0,0.0,0.0,0.0,none,0.8,1.0,,KOR,calendar_days_fixed,A_POLICY_COVER;A_EU_MIX;A_EU_FLOOR;A_FX;A_POLICY_UNKNOWN;A_TARIFF_FILL;A_PRICE_TAX;PV_AD_OFFSET_BOUND;POLICY_FIRM_YEAR_UNKNOWN,main,WITS_SAME_YEAR_MFN_FALLBACK,2019.0,UPDATED_CHINA_ORDINARY
130.0,KOR,2020,2020-01-01,2020-01-31,1.0,31.0,0.0846994535519125,0.3916536227402709,0.4347790825847101,,,index_bridge,0.0,0.0088888889551162,0.0,0.0,0.0,0.0,none,0.8,1.0,,KOR,calendar_days_fixed,A_POLICY_COVER;A_EU_MIX;A_EU_FLOOR;A_FX;A_POLICY_UNKNOWN;A_TARIFF_FILL;A_PRICE_TAX;PV_AD_OFFSET_BOUND;POLICY_FIRM_YEAR_UNKNOWN,main,LOCAL_EXPORT_AHS,2020.0,UPDATED_CHINA_ORDINARY
130.0,KOR,2020,2020-02-01,2020-02-29,2.0,29.0,0.0792349726775956,0.4001511722342303,0.444212307655762,,,index_bridge,0.0,0.0088888889551162,0.0,0.0,0.0,0.0,none,0.8,1.0,,KOR,calendar_days_fixed,A_POLICY_COVER;A_EU_MIX;A_EU_FLOOR;A_FX;A_POLICY_UNKNOWN;A_TARIFF_FILL;A_PRICE_TAX;PV_AD_OFFSET_BOUND;POLICY_FIRM_YEAR_UNKNOWN,main,LOCAL_EXPORT_AHS,2020.0,UPDATED_CHINA_ORDINARY
130.0,KOR,2020,2020-03-01,2020-03-31,3.0,31.0,0.0846994535519125,0.4059639138384141,0.4506650973536757,,,index_bridge,0.0,0.0088888889551162,0.0,0.0,0.0,0.0,none,0.8,1.0,,KOR,calendar_days_fixed,A_POLICY_COVER;A_EU_MIX;A_EU_FLOOR;A_FX;A_POLICY_UNKNOWN;A_TARIFF_FILL;A_PRICE_TAX;PV_AD_OFFSET_BOUND;POLICY_FIRM_YEAR_UNKNOWN,main,LOCAL_EXPORT_AHS,2020.0,UPDATED_CHINA_ORDINARY
130.0,KOR,2020,2020-04-01,2020-04-30,4.0,30.0,0.081967213114754,0.398569648573222,0.4424566404884109,,,index_bridge,0.0,0.0088888889551162,0.0,0.0,0.0,0.0,none,0.8,1.0,,KOR,calendar_days_fixed,A_POLICY_COVER;A_EU_MIX;A_EU_FLOOR;A_FX;A_POLICY_UNKNOWN;A_TARIFF_FILL;A_PRICE_TAX;PV_AD_OFFSET_BOUND;POLICY_FIRM_YEAR_UNKNOWN,main,LOCAL_EXPORT_AHS,2020.0,UPDATED_CHINA_ORDINARY
130.0,KOR,2020,2020-05-01,2020-05-31,5.0,31.0,0.0846994535519125,0.3846496011905039,0.4270038396480944,,,index_bridge,0.0,0.0088888889551162,0.0,0.0,0.0,0.0,none,0.8,1.0,,KOR,calendar_days_fixed,A_POLICY_COVER;A_EU_MIX;A_EU_FLOOR;A_FX;A_POLICY_UNKNOWN;A_TARIFF_FILL;A_PRICE_TAX;PV_AD_OFFSET_BOUND;POLICY_FIRM_YEAR_UNKNOWN,main,LOCAL_EXPORT_AHS,2020.0,UPDATED_CHINA_ORDINARY
130.0,KOR,2020,2020-06-01,2020-06-30,6.0,30.0,0.081967213114754,0.3812115019799509,0.4231871671247031,,,index_bridge,0.0,0.0088888889551162,0.0,0.0,0.0,0.0,none,0.8,1.0,,KOR,calendar_days_fixed,A_POLICY_COVER;A_EU_MIX;A_EU_FLOOR;A_FX;A_POLICY_UNKNOWN;A_TARIFF_FILL;A_PRICE_TAX;PV_AD_OFFSET_BOUND;POLICY_FIRM_YEAR_UNKNOWN,main,LOCAL_EXPORT_AHS,2020.0,UPDATED_CHINA_ORDINARY
130.0,KOR,2020,2020-07-01,2020-07-31,7.0,31.0,0.0846994535519125,0.355926910091064,0.3951184578706863,,,index_bridge,0.0,0.0088888889551162,0.0,0.0,0.0,0.0,none,0.8,1.0,,KOR,calendar_days_fixed,A_POLICY_COVER;A_EU_MIX;A_EU_FLOOR;A_FX;A_POLICY_UNKNOWN;A_TARIFF_FILL;A_PRICE_TAX;PV_AD_OFFSET_BOUND;POLICY_FIRM_YEAR_UNKNOWN,main,LOCAL_EXPORT_AHS,2020.0,UPDATED_CHINA_ORDINARY
130.0,KOR,2020,2020-08-01,2020-08-31,8.0,31.0,0.0846994535519125,0.3505575765752396,0.3891579004685412,,,index_bridge,0.0,0.0088888889551162,0.0,0.0,0.0,0.0,none,0.8,1.0,,KOR,calendar_days_fixed,A_POLICY_COVER;A_EU_MIX;A_EU_FLOOR;A_FX;A_POLICY_UNKNOWN;A_TARIFF_FILL;A_PRICE_TAX;PV_AD_OFFSET_BOUND;POLICY_FIRM_YEAR_UNKNOWN,main,LOCAL_EXPORT_AHS,2020.0,UPDATED_CHINA_ORDINARY
130.0,KOR,2020,2020-09-01,2020-09-30,9.0,30.0,0.081967213114754,0.3494998073724115,0.3879836590039169,,,index_bridge,0.0,0.0088888889551162,0.0,0.0,0.0,0.0,none,0.8,1.0,,KOR,calendar_days_fixed,A_POLICY_COVER;A_EU_MIX;A_EU_FLOOR;A_FX;A_POLICY_UNKNOWN;A_TARIFF_FILL;A_PRICE_TAX;PV_AD_OFFSET_BOUND;POLICY_FIRM_YEAR_UNKNOWN,main,LOCAL_EXPORT_AHS,2020.0,UPDATED_CHINA_ORDINARY
130.0,KOR,2020,2020-10-01,2020-10-31,10.0,31.0,0.0846994535519125,0.3489891499511527,0.3874167724688798,,,index_bridge,0.0,0.0088888889551162,0.0,0.0,0.0,0.0,none,0.8,1.0,,KOR,calendar_days_fixed,A_POLICY_COVER;A_EU_MIX;A_EU_FLOOR;A_FX;A_POLICY_UNKNOWN;A_TARIFF_FILL;A_PRICE_TAX;PV_AD_OFFSET_BOUND;POLICY_FIRM_YEAR_UNKNOWN,main,LOCAL_EXPORT_AHS,2020.0,UPDATED_CHINA_ORDINARY
130.0,KOR,2020,2020-11-01,2020-11-30,11.0,30.0,0.081967213114754,0.3675550748048358,0.4080270140357605,,,index_bridge,0.0,0.0088888889551162,0.0,0.0,0.0,0.0,none,0.8,1.0,,KOR,calendar_days_fixed,A_POLICY_COVER;A_EU_MIX;A_EU_FLOOR;A_FX;A_POLICY_UNKNOWN;A_TARIFF_FILL;A_PRICE_TAX;PV_AD_OFFSET_BOUND;POLICY_FIRM_YEAR_UNKNOWN,main,LOCAL_EXPORT_AHS,2020.0,UPDATED_CHINA_ORDINARY
130.0,KOR,2020,2020-12-01,2020-12-31,12.0,31.0,0.0846994535519125,0.3778580677742381,0.4194644821734781,,,index_bridge,0.0,0.0088888889551162,0.0,0.0,0.0,0.0,none,0.8,1.0,,KOR,calendar_days_fixed,A_POLICY_COVER;A_EU_MIX;A_EU_FLOOR;A_FX;A_POLICY_UNKNOWN;A_TARIFF_FILL;A_PRICE_TAX;PV_AD_OFFSET_BOUND;POLICY_FIRM_YEAR_UNKNOWN,main,LOCAL_EXPORT_AHS,2020.0,UPDATED_CHINA_ORDINARY
131.0,KOR,2021,2021-01-01,2021-01-31,1.0,31.0,0.084931506849315,0.3778178498205821,0.4194198357717119,,,index_bridge,0.0,0.0,0.0,0.0,0.0,0.0,none,0.8,1.0,,KOR,calendar_days_fixed,A_POLICY_COVER;A_EU_MIX;A_EU_FLOOR;A_FX;A_POLICY_UNKNOWN;A_TARIFF_FILL;A_PRICE_TAX;PV_AD_OFFSET_BOUND;POLICY_FIRM_YEAR_UNKNOWN,main,LOCAL_EXPORT_AHS,2021.0,UPDATED_CHINA_ORDINARY
131.0,KOR,2021,2021-02-01,2021-02-28,2.0,28.0,0.0767123287671232,0.3918816772586748,0.4350322484653094,,,index_bridge,0.0,0.0,0.0,0.0,0.0,0.0,none,0.8,1.0,,KOR,calendar_days_fixed,A_POLICY_COVER;A_EU_MIX;A_EU_FLOOR;A_FX;A_POLICY_UNKNOWN;A_TARIFF_FILL;A_PRICE_TAX;PV_AD_OFFSET_BOUND;POLICY_FIRM_YEAR_UNKNOWN,main,LOCAL_EXPORT_AHS,2021.0,UPDATED_CHINA_ORDINARY
131.0,KOR,2021,2021-03-01,2021-03-31,3.0,31.0,0.084931506849315,0.3693816453757618,0.4100547105282556,,,index_bridge,0.0,0.0,0.0,0.0,0.0,0.0,none,0.8,1.0,,KOR,calendar_days_fixed,A_POLICY_COVER;A_EU_MIX;A_EU_FLOOR;A_FX;A_POLICY_UNKNOWN;A_TARIFF_FILL;A_PRICE_TAX;PV_AD_OFFSET_BOUND;POLICY_FIRM_YEAR_UNKNOWN,main,LOCAL_EXPORT_AHS,2021.0,UPDATED_CHINA_ORDINARY
131.0,KOR,2021,2021-04-01,2021-04-30,4.0,30.0,0.0821917808219178,0.3880052095859815,0.4307289381917809,,,index_bridge,0.0,0.0,0.0,0.0,0.0,0.0,none,0.8,1.0,,KOR,calendar_days_fixed,A_POLICY_COVER;A_EU_MIX;A_EU_FLOOR;A_FX;A_POLICY_UNKNOWN;A_TARIFF_FILL;A_PRICE_TAX;PV_AD_OFFSET_BOUND;POLICY_FIRM_YEAR_UNKNOWN,main,LOCAL_EXPORT_AHS,2021.0,UPDATED_CHINA_ORDINARY
131.0,KOR,2021,2021-05-01,2021-05-31,5.0,31.0,0.084931506849315,0.4098148227588359,0.4549400345694323,,,index_bridge,0.0,0.0,0.0,0.0,0.0,0.0,none,0.8,1.0,,KOR,calendar_days_fixed,A_POLICY_COVER;A_EU_MIX;A_EU_FLOOR;A_FX;A_POLICY_UNKNOWN;A_TARIFF_FILL;A_PRICE_TAX;PV_AD_OFFSET_BOUND;POLICY_FIRM_YEAR_UNKNOWN,main,LOCAL_EXPORT_AHS,2021.0,UPDATED_CHINA_ORDINARY
131.0,KOR,2021,2021-06-01,2021-06-30,6.0,30.0,0.0821917808219178,0.406451067993495,0.4512058926491245,,,index_bridge,0.0,0.0,0.0,0.0,0.0,0.0,none,0.8,1.0,,KOR,calendar_days_fixed,A_POLICY_COVER;A_EU_MIX;A_EU_FLOOR;A_FX;A_POLICY_UNKNOWN;A_TARIFF_FILL;A_PRICE_TAX;PV_AD_OFFSET_BOUND;POLICY_FIRM_YEAR_UNKNOWN,main,LOCAL_EXPORT_AHS,2021.0,UPDATED_CHINA_ORDINARY
131.0,KOR,2021,2021-07-01,2021-07-31,7.0,31.0,0.084931506849315,0.3829348709572001,0.425100298369707,,,index_bridge,0.0,0.0,0.0,0.0,0.0,0.0,none,0.8,1.0,,KOR,calendar_days_fixed,A_POLICY_COVER;A_EU_MIX;A_EU_FLOOR;A_FX;A_POLICY_UNKNOWN;A_TARIFF_FILL;A_PRICE_TAX;PV_AD_OFFSET_BOUND;POLICY_FIRM_YEAR_UNKNOWN,main,LOCAL_EXPORT_AHS,2021.0,UPDATED_CHINA_ORDINARY
131.0,KOR,2021,2021-08-01,2021-08-31,8.0,31.0,0.084931506849315,0.3971972762622079,0.4409331545822355,,,index_bridge,0.0,0.0,0.0,0.0,0.0,0.0,none,0.8,1.0,,KOR,calendar_days_fixed,A_POLICY_COVER;A_EU_MIX;A_EU_FLOOR;A_FX;A_POLICY_UNKNOWN;A_TARIFF_FILL;A_PRICE_TAX;PV_AD_OFFSET_BOUND;POLICY_FIRM_YEAR_UNKNOWN,main,LOCAL_EXPORT_AHS,2021.0,UPDATED_CHINA_ORDINARY
131.0,KOR,2021,2021-09-01,2021-09-30,9.0,30.0,0.0821917808219178,0.3971397745173561,0.440869321249867,,,index_bridge,0.0,0.0,0.0,0.0,0.0,0.0,none,0.8,1.0,,KOR,calendar_days_fixed,A_POLICY_COVER;A_EU_MIX;A_EU_FLOOR;A_FX;A_POLICY_UNKNOWN;A_TARIFF_FILL;A_PRICE_TAX;PV_AD_OFFSET_BOUND;POLICY_FIRM_YEAR_UNKNOWN,main,LOCAL_EXPORT_AHS,2021.0,UPDATED_CHINA_ORDINARY
131.0,KOR,2021,2021-10-01,2021-10-31,10.0,31.0,0.084931506849315,0.4069765051028449,0.4517891862818011,,,index_bridge,0.0,0.0,0.0,0.0,0.0,0.0,none,0.8,1.0,,KOR,calendar_days_fixed,A_POLICY_COVER;A_EU_MIX;A_EU_FLOOR;A_FX;A_POLICY_UNKNOWN;A_TARIFF_FILL;A_PRICE_TAX;PV_AD_OFFSET_BOUND;POLICY_FIRM_YEAR_UNKNOWN,main,LOCAL_EXPORT_AHS,2021.0,UPDATED_CHINA_ORDINARY
131.0,KOR,2021,2021-11-01,2021-11-30,11.0,30.0,0.0821917808219178,0.4313515422681925,0.4788481886282343,,,index_bridge,0.0,0.0,0.0,0.0,0.0,0.0,none,0.8,1.0,,KOR,calendar_days_fixed,A_POLICY_COVER;A_EU_MIX;A_EU_FLOOR;A_FX;A_POLICY_UNKNOWN;A_TARIFF_FILL;A_PRICE_TAX;PV_AD_OFFSET_BOUND;POLICY_FIRM_YEAR_UNKNOWN,main,LOCAL_EXPORT_AHS,2021.0,UPDATED_CHINA_ORDINARY
131.0,KOR,2021,2021-12-01,2021-12-31,12.0,31.0,0.084931506849315,0.4271845666939666,0.4742223822725088,,,index_bridge,0.0,0.0,0.0,0.0,0.0,0.0,none,0.8,1.0,,KOR,calendar_days_fixed,A_POLICY_COVER;A_EU_MIX;A_EU_FLOOR;A_FX;A_POLICY_UNKNOWN;A_TARIFF_FILL;A_PRICE_TAX;PV_AD_OFFSET_BOUND;POLICY_FIRM_YEAR_UNKNOWN,main,LOCAL_EXPORT_AHS,2021.0,UPDATED_CHINA_ORDINARY
132.0,KOR,2022,2022-01-01,2022-01-31,1.0,31.0,0.084931506849315,0.3991349470699152,0.4430841846945877,,,index_bridge,0.0,0.0,0.0,0.0,0.0,0.0,none,0.8,1.0,,KOR,calendar_days_fixed,A_POLICY_COVER;A_EU_MIX;A_EU_FLOOR;A_FX;A_POLICY_UNKNOWN;A_TARIFF_FILL;A_PRICE_TAX;PV_AD_OFFSET_BOUND;POLICY_FIRM_YEAR_UNKNOWN,main,WITS_SAME_YEAR_MFN_FALLBACK,2022.0,UPDATED_CHINA_ORDINARY
132.0,KOR,2022,2022-02-01,2022-02-28,2.0,28.0,0.0767123287671232,0.4143917327643764,0.4600209137385274,,,index_bridge,0.0,0.0,0.0,0.0,0.0,0.0,none,0.8,1.0,,KOR,calendar_days_fixed,A_POLICY_COVER;A_EU_MIX;A_EU_FLOOR;A_FX;A_POLICY_UNKNOWN;A_TARIFF_FILL;A_PRICE_TAX;PV_AD_OFFSET_BOUND;POLICY_FIRM_YEAR_UNKNOWN,main,WITS_SAME_YEAR_MFN_FALLBACK,2022.0,UPDATED_CHINA_ORDINARY
132.0,KOR,2022,2022-03-01,2022-03-31,3.0,31.0,0.084931506849315,0.4161543193617464,0.4619775809038119,,,index_bridge,0.0,0.0,0.0,0.0,0.0,0.0,none,0.8,1.0,,KOR,calendar_days_fixed,A_POLICY_COVER;A_EU_MIX;A_EU_FLOOR;A_FX;A_POLICY_UNKNOWN;A_TARIFF_FILL;A_PRICE_TAX;PV_AD_OFFSET_BOUND;POLICY_FIRM_YEAR_UNKNOWN,main,WITS_SAME_YEAR_MFN_FALLBACK,2022.0,UPDATED_CHINA_ORDINARY
132.0,KOR,2022,2022-04-01,2022-04-30,4.0,30.0,0.0821917808219178,0.422537756083487,0.4690639056572956,,,index_bridge,0.0,0.0,0.0,0.0,0.0,0.0,none,0.8,1.0,,KOR,calendar_days_fixed,A_POLICY_COVER;A_EU_MIX;A_EU_FLOOR;A_FX;A_POLICY_UNKNOWN;A_TARIFF_FILL;A_PRICE_TAX;PV_AD_OFFSET_BOUND;POLICY_FIRM_YEAR_UNKNOWN,main,WITS_SAME_YEAR_MFN_FALLBACK,2022.0,UPDATED_CHINA_ORDINARY
132.0,KOR,2022,2022-05-01,2022-05-31,5.0,31.0,0.084931506849315,0.4264826219335463,0.4734431455152299,,,index_bridge,0.0,0.0,0.0,0.0,0.0,0.0,none,0.8,1.0,,KOR,calendar_days_fixed,A_POLICY_COVER;A_EU_MIX;A_EU_FLOOR;A_FX;A_POLICY_UNKNOWN;A_TARIFF_FILL;A_PRICE_TAX;PV_AD_OFFSET_BOUND;POLICY_FIRM_YEAR_UNKNOWN,main,WITS_SAME_YEAR_MFN_FALLBACK,2022.0,UPDATED_CHINA_ORDINARY
132.0,KOR,2022,2022-06-01,2022-06-30,6.0,30.0,0.0821917808219178,0.4392829464090298,0.4876529293882825,,,index_bridge,0.0,0.0,0.0,0.0,0.0,0.0,none,0.8,1.0,,KOR,calendar_days_fixed,A_POLICY_COVER;A_EU_MIX;A_EU_FLOOR;A_FX;A_POLICY_UNKNOWN;A_TARIFF_FILL;A_PRICE_TAX;PV_AD_OFFSET_BOUND;POLICY_FIRM_YEAR_UNKNOWN,main,WITS_SAME_YEAR_MFN_FALLBACK,2022.0,UPDATED_CHINA_ORDINARY
132.0,KOR,2022,2022-07-01,2022-07-31,7.0,31.0,0.084931506849315,0.436020831471694,0.4840316189818643,,,index_bridge,0.0,0.0,0.0,0.0,0.0,0.0,none,0.8,1.0,,KOR,calendar_days_fixed,A_POLICY_COVER;A_EU_MIX;A_EU_FLOOR;A_FX;A_POLICY_UNKNOWN;A_TARIFF_FILL;A_PRICE_TAX;PV_AD_OFFSET_BOUND;POLICY_FIRM_YEAR_UNKNOWN,main,WITS_SAME_YEAR_MFN_FALLBACK,2022.0,UPDATED_CHINA_ORDINARY
132.0,KOR,2022,2022-08-01,2022-08-31,8.0,31.0,0.084931506849315,0.433858912989129,0.481631649008662,,,index_bridge,0.0,0.0,0.0,0.0,0.0,0.0,none,0.8,1.0,,KOR,calendar_days_fixed,A_POLICY_COVER;A_EU_MIX;A_EU_FLOOR;A_FX;A_POLICY_UNKNOWN;A_TARIFF_FILL;A_PRICE_TAX;PV_AD_OFFSET_BOUND;POLICY_FIRM_YEAR_UNKNOWN,main,WITS_SAME_YEAR_MFN_FALLBACK,2022.0,UPDATED_CHINA_ORDINARY
132.0,KOR,2022,2022-09-01,2022-09-30,9.0,30.0,0.0821917808219178,0.4242352326810014,0.4709482934809358,,,index_bridge,0.0,0.0,0.0,0.0,0.0,0.0,none,0.8,1.0,,KOR,calendar_days_fixed,A_POLICY_COVER;A_EU_MIX;A_EU_FLOOR;A_FX;A_POLICY_UNKNOWN;A_TARIFF_FILL;A_PRICE_TAX;PV_AD_OFFSET_BOUND;POLICY_FIRM_YEAR_UNKNOWN,main,WITS_SAME_YEAR_MFN_FALLBACK,2022.0,UPDATED_CHINA_ORDINARY
132.0,KOR,2022,2022-10-01,2022-10-31,10.0,31.0,0.084931506849315,0.4332688726984054,0.4809766386592263,,,index_bridge,0.0,0.0,0.0,0.0,0.0,0.0,none,0.8,1.0,,KOR,calendar_days_fixed,A_POLICY_COVER;A_EU_MIX;A_EU_FLOOR;A_FX;A_POLICY_UNKNOWN;A_TARIFF_FILL;A_PRICE_TAX;PV_AD_OFFSET_BOUND;POLICY_FIRM_YEAR_UNKNOWN,main,WITS_SAME_YEAR_MFN_FALLBACK,2022.0,UPDATED_CHINA_ORDINARY
132.0,KOR,2022,2022-11-01,2022-11-30,11.0,30.0,0.0821917808219178,0.4369788628059536,0.4850951403191175,,,index_bridge,0.0,0.0,0.0,0.0,0.0,0.0,none,0.8,1.0,,KOR,calendar_days_fixed,A_POLICY_COVER;A_EU_MIX;A_EU_FLOOR;A_FX;A_POLICY_UNKNOWN;A_TARIFF_FILL;A_PRICE_TAX;PV_AD_OFFSET_BOUND;POLICY_FIRM_YEAR_UNKNOWN,main,WITS_SAME_YEAR_MFN_FALLBACK,2022.0,UPDATED_CHINA_ORDINARY
132.0,KOR,2022,2022-12-01,2022-12-31,12.0,31.0,0.084931506849315,0.4135577084730845,0.4590950540115469,,,index_bridge,0.0,0.0,0.0,0.0,0.0,0.0,none,0.8,1.0,,KOR,calendar_days_fixed,A_POLICY_COVER;A_EU_MIX;A_EU_FLOOR;A_FX;A_POLICY_UNKNOWN;A_TARIFF_FILL;A_PRICE_TAX;PV_AD_OFFSET_BOUND;POLICY_FIRM_YEAR_UNKNOWN,main,WITS_SAME_YEAR_MFN_FALLBACK,2022.0,UPDATED_CHINA_ORDINARY
133.0,KOR,2023,2023-01-01,2023-01-31,1.0,31.0,0.084931506849315,0.392886830455484,0.436148080311082,,,index_bridge,0.0,0.0,0.0,0.0,0.0,0.0,none,0.8,1.0,,KOR,calendar_days_fixed,A_POLICY_COVER;A_EU_MIX;A_EU_FLOOR;A_FX;A_POLICY_UNKNOWN;A_TARIFF_FILL;A_PRICE_TAX;PV_AD_OFFSET_BOUND;POLICY_FIRM_YEAR_UNKNOWN,main,WITS_SAME_YEAR_MFN_FALLBACK,2023.0,UPDATED_CHINA_ORDINARY
133.0,KOR,2023,2023-02-01,2023-02-28,2.0,28.0,0.0767123287671232,0.3778897100733375,0.4194996086448663,,,index_bridge,0.0,0.0,0.0,0.0,0.0,0.0,none,0.8,1.0,,KOR,calendar_days_fixed,A_POLICY_COVER;A_EU_MIX;A_EU_FLOOR;A_FX;A_POLICY_UNKNOWN;A_TARIFF_FILL;A_PRICE_TAX;PV_AD_OFFSET_BOUND;POLICY_FIRM_YEAR_UNKNOWN,main,WITS_SAME_YEAR_MFN_FALLBACK,2023.0,UPDATED_CHINA_ORDINARY
133.0,KOR,2023,2023-03-01,2023-03-31,3.0,31.0,0.084931506849315,0.3905821911129385,0.4335896743092943,,,index_bridge,0.0,0.0,0.0,0.0,0.0,0.0,none,0.8,1.0,,KOR,calendar_days_fixed,A_POLICY_COVER;A_EU_MIX;A_EU_FLOOR;A_FX;A_POLICY_UNKNOWN;A_TARIFF_FILL;A_PRICE_TAX;PV_AD_OFFSET_BOUND;POLICY_FIRM_YEAR_UNKNOWN,main,WITS_SAME_YEAR_MFN_FALLBACK,2023.0,UPDATED_CHINA_ORDINARY
133.0,KOR,2023,2023-04-01,2023-04-30,4.0,30.0,0.0821917808219178,0.386613008949376,0.4291834406388101,,,index_bridge,0.0,0.0,0.0,0.0,0.0,0.0,none,0.8,1.0,,KOR,calendar_days_fixed,A_POLICY_COVER;A_EU_MIX;A_EU_FLOOR;A_FX;A_POLICY_UNKNOWN;A_TARIFF_FILL;A_PRICE_TAX;PV_AD_OFFSET_BOUND;POLICY_FIRM_YEAR_UNKNOWN,main,WITS_SAME_YEAR_MFN_FALLBACK,2023.0,UPDATED_CHINA_ORDINARY
133.0,KOR,2023,2023-05-01,2023-05-31,5.0,31.0,0.084931506849315,0.3702162619165361,0.4109812277180341,,,index_bridge,0.0,0.0,0.0,0.0,0.0,0.0,none,0.8,1.0,,KOR,calendar_days_fixed,A_POLICY_COVER;A_EU_MIX;A_EU_FLOOR;A_FX;A_POLICY_UNKNOWN;A_TARIFF_FILL;A_PRICE_TAX;PV_AD_OFFSET_BOUND;POLICY_FIRM_YEAR_UNKNOWN,main,WITS_SAME_YEAR_MFN_FALLBACK,2023.0,UPDATED_CHINA_ORDINARY
133.0,KOR,2023,2023-06-01,2023-06-30,6.0,30.0,0.0821917808219178,0.3427424217275228,0.380482209353586,,,index_bridge,0.0,0.0,0.0,0.0,0.0,0.0,none,0.8,1.0,,KOR,calendar_days_fixed,A_POLICY_COVER;A_EU_MIX;A_EU_FLOOR;A_FX;A_POLICY_UNKNOWN;A_TARIFF_FILL;A_PRICE_TAX;PV_AD_OFFSET_BOUND;POLICY_FIRM_YEAR_UNKNOWN,main,WITS_SAME_YEAR_MFN_FALLBACK,2023.0,UPDATED_CHINA_ORDINARY
133.0,KOR,2023,2023-07-01,2023-07-31,7.0,31.0,0.084931506849315,0.3227484502058135,0.358286677151913,,,index_bridge,0.0,0.0,0.0,0.0,0.0,0.0,none,0.8,1.0,,KOR,calendar_days_fixed,A_POLICY_COVER;A_EU_MIX;A_EU_FLOOR;A_FX;A_POLICY_UNKNOWN;A_TARIFF_FILL;A_PRICE_TAX;PV_AD_OFFSET_BOUND;POLICY_FIRM_YEAR_UNKNOWN,main,WITS_SAME_YEAR_MFN_FALLBACK,2023.0,UPDATED_CHINA_ORDINARY
133.0,KOR,2023,2023-08-01,2023-08-31,8.0,31.0,0.084931506849315,0.2918591323221597,0.3239960986627956,,,index_bridge,0.0,0.0,0.0,0.0,0.0,0.0,none,0.8,1.0,,KOR,calendar_days_fixed,A_POLICY_COVER;A_EU_MIX;A_EU_FLOOR;A_FX;A_POLICY_UNKNOWN;A_TARIFF_FILL;A_PRICE_TAX;PV_AD_OFFSET_BOUND;POLICY_FIRM_YEAR_UNKNOWN,main,WITS_SAME_YEAR_MFN_FALLBACK,2023.0,UPDATED_CHINA_ORDINARY
133.0,KOR,2023,2023-09-01,2023-09-30,9.0,30.0,0.0821917808219178,0.2598525550554744,0.2884652379922829,,,index_bridge,0.0,0.0,0.0,0.0,0.0,0.0,none,0.8,1.0,,KOR,calendar_days_fixed,A_POLICY_COVER;A_EU_MIX;A_EU_FLOOR;A_FX;A_POLICY_UNKNOWN;A_TARIFF_FILL;A_PRICE_TAX;PV_AD_OFFSET_BOUND;POLICY_FIRM_YEAR_UNKNOWN,main,WITS_SAME_YEAR_MFN_FALLBACK,2023.0,UPDATED_CHINA_ORDINARY
133.0,KOR,2023,2023-10-01,2023-10-31,10.0,31.0,0.084931506849315,0.2440580958601042,0.2709316315600537,,,index_bridge,0.0,0.0,0.0,0.0,0.0,0.0,none,0.8,1.0,,KOR,calendar_days_fixed,A_POLICY_COVER;A_EU_MIX;A_EU_FLOOR;A_FX;A_POLICY_UNKNOWN;A_TARIFF_FILL;A_PRICE_TAX;PV_AD_OFFSET_BOUND;POLICY_FIRM_YEAR_UNKNOWN,main,WITS_SAME_YEAR_MFN_FALLBACK,2023.0,UPDATED_CHINA_ORDINARY
133.0,KOR,2023,2023-11-01,2023-11-30,11.0,30.0,0.0821917808219178,0.2234469027395794,0.248050914733745,,,index_bridge,0.0,0.0,0.0,0.0,0.0,0.0,none,0.8,1.0,,KOR,calendar_days_fixed,A_POLICY_COVER;A_EU_MIX;A_EU_FLOOR;A_FX;A_POLICY_UNKNOWN;A_TARIFF_FILL;A_PRICE_TAX;PV_AD_OFFSET_BOUND;POLICY_FIRM_YEAR_UNKNOWN,main,WITS_SAME_YEAR_MFN_FALLBACK,2023.0,UPDATED_CHINA_ORDINARY
133.0,KOR,2023,2023-12-01,2023-12-31,12.0,31.0,0.084931506849315,0.1990971981274849,0.2210200343390146,,,index_bridge,0.0,0.0,0.0,0.0,0.0,0.0,none,0.8,1.0,,KOR,calendar_days_fixed,A_POLICY_COVER;A_EU_MIX;A_EU_FLOOR;A_FX;A_POLICY_UNKNOWN;A_TARIFF_FILL;A_PRICE_TAX;PV_AD_OFFSET_BOUND;POLICY_FIRM_YEAR_UNKNOWN,main,WITS_SAME_YEAR_MFN_FALLBACK,2023.0,UPDATED_CHINA_ORDINARY
134.0,KOR,2024,2024-01-01,2024-01-31,1.0,31.0,0.0846994535519125,0.1814377625419244,0.2014160966832521,,,index_bridge,0.0,0.0,0.0,0.0,0.0,0.0,none,0.8,1.0,,KOR,calendar_days_fixed,A_POLICY_COVER;A_EU_MIX;A_EU_FLOOR;A_FX;A_POLICY_UNKNOWN;A_TARIFF_FILL;A_PRICE_TAX;PV_AD_OFFSET_BOUND;POLICY_FIRM_YEAR_UNKNOWN,main,CARRY_2021_USER_RULE,2021.0,UPDATED_CHINA_ORDINARY
134.0,KOR,2024,2024-02-01,2024-02-29,2.0,29.0,0.0792349726775956,0.1794709755531008,0.1992327443714383,,,index_bridge,0.0,0.0,0.0,0.0,0.0,0.0,none,0.8,1.0,,KOR,calendar_days_fixed,A_POLICY_COVER;A_EU_MIX;A_EU_FLOOR;A_FX;A_POLICY_UNKNOWN;A_TARIFF_FILL;A_PRICE_TAX;PV_AD_OFFSET_BOUND;POLICY_FIRM_YEAR_UNKNOWN,main,CARRY_2021_USER_RULE,2021.0,UPDATED_CHINA_ORDINARY
134.0,KOR,2024,2024-03-01,2024-03-31,3.0,31.0,0.0846994535519125,0.1678272597388444,0.1863069247551681,,,index_bridge,0.0,0.0,0.0,0.0,0.0,0.0,none,0.8,1.0,,KOR,calendar_days_fixed,A_POLICY_COVER;A_EU_MIX;A_EU_FLOOR;A_FX;A_POLICY_UNKNOWN;A_TARIFF_FILL;A_PRICE_TAX;PV_AD_OFFSET_BOUND;POLICY_FIRM_YEAR_UNKNOWN,main,CARRY_2021_USER_RULE,2021.0,UPDATED_CHINA_ORDINARY
134.0,KOR,2024,2024-04-01,2024-04-30,4.0,30.0,0.081967213114754,0.1656419659366882,0.1838810055773193,,,index_bridge,0.0,0.0,0.0,0.0,0.0,0.0,none,0.8,1.0,,KOR,calendar_days_fixed,A_POLICY_COVER;A_EU_MIX;A_EU_FLOOR;A_FX;A_POLICY_UNKNOWN;A_TARIFF_FILL;A_PRICE_TAX;PV_AD_OFFSET_BOUND;POLICY_FIRM_YEAR_UNKNOWN,main,CARRY_2021_USER_RULE,2021.0,UPDATED_CHINA_ORDINARY
134.0,KOR,2024,2024-05-01,2024-05-31,5.0,31.0,0.0846994535519125,0.1669462248744974,0.1853288780633851,,,index_bridge,0.0,0.0,0.0,0.0,0.0,0.0,none,0.8,1.0,,KOR,calendar_days_fixed,A_POLICY_COVER;A_EU_MIX;A_EU_FLOOR;A_FX;A_POLICY_UNKNOWN;A_TARIFF_FILL;A_PRICE_TAX;PV_AD_OFFSET_BOUND;POLICY_FIRM_YEAR_UNKNOWN,main,CARRY_2021_USER_RULE,2021.0,UPDATED_CHINA_ORDINARY
134.0,KOR,2024,2024-06-01,2024-06-30,6.0,30.0,0.081967213114754,0.1533676245175017,0.1702551213987771,,,index_bridge,0.0,0.0,0.0,0.0,0.0,0.0,none,0.8,1.0,,KOR,calendar_days_fixed,A_POLICY_COVER;A_EU_MIX;A_EU_FLOOR;A_FX;A_POLICY_UNKNOWN;A_TARIFF_FILL;A_PRICE_TAX;PV_AD_OFFSET_BOUND;POLICY_FIRM_YEAR_UNKNOWN,main,CARRY_2021_USER_RULE,2021.0,UPDATED_CHINA_ORDINARY
134.0,KOR,2024,2024-07-01,2024-07-31,7.0,31.0,0.0846994535519125,0.1545583007703133,0.1715769044713574,,,index_bridge,0.0,0.0,0.0,0.0,0.0,0.0,none,0.8,1.0,,KOR,calendar_days_fixed,A_POLICY_COVER;A_EU_MIX;A_EU_FLOOR;A_FX;A_POLICY_UNKNOWN;A_TARIFF_FILL;A_PRICE_TAX;PV_AD_OFFSET_BOUND;POLICY_FIRM_YEAR_UNKNOWN,main,CARRY_2021_USER_RULE,2021.0,UPDATED_CHINA_ORDINARY
134.0,KOR,2024,2024-08-01,2024-08-31,8.0,31.0,0.0846994535519125,0.1504142965479625,0.1669765988711825,,,index_bridge,0.0,0.0,0.0,0.0,0.0,0.0,none,0.8,1.0,,KOR,calendar_days_fixed,A_POLICY_COVER;A_EU_MIX;A_EU_FLOOR;A_FX;A_POLICY_UNKNOWN;A_TARIFF_FILL;A_PRICE_TAX;PV_AD_OFFSET_BOUND;POLICY_FIRM_YEAR_UNKNOWN,main,CARRY_2021_USER_RULE,2021.0,UPDATED_CHINA_ORDINARY
134.0,KOR,2024,2024-09-01,2024-09-30,9.0,30.0,0.081967213114754,0.1451003063412582,0.1610774786976735,,,index_bridge,0.0,0.0,0.0,0.0,0.0,0.0,none,0.8,1.0,,KOR,calendar_days_fixed,A_POLICY_COVER;A_EU_MIX;A_EU_FLOOR;A_FX;A_POLICY_UNKNOWN;A_TARIFF_FILL;A_PRICE_TAX;PV_AD_OFFSET_BOUND;POLICY_FIRM_YEAR_UNKNOWN,main,CARRY_2021_USER_RULE,2021.0,UPDATED_CHINA_ORDINARY
134.0,KOR,2024,2024-10-01,2024-10-31,10.0,31.0,0.0846994535519125,0.1424657415318115,0.1581528187319445,,,index_bridge,0.0,0.0,0.0,0.0,0.0,0.0,none,0.8,1.0,,KOR,calendar_days_fixed,A_POLICY_COVER;A_EU_MIX;A_EU_FLOOR;A_FX;A_POLICY_UNKNOWN;A_TARIFF_FILL;A_PRICE_TAX;PV_AD_OFFSET_BOUND;POLICY_FIRM_YEAR_UNKNOWN,main,CARRY_2021_USER_RULE,2021.0,UPDATED_CHINA_ORDINARY
134.0,KOR,2024,2024-11-01,2024-11-30,11.0,30.0,0.081967213114754,0.1262574341838533,0.1401597948204317,,,index_bridge,0.0,0.0,0.0,0.0,0.0,0.0,none,0.8,1.0,,KOR,calendar_days_fixed,A_POLICY_COVER;A_EU_MIX;A_EU_FLOOR;A_FX;A_POLICY_UNKNOWN;A_TARIFF_FILL;A_PRICE_TAX;PV_AD_OFFSET_BOUND;POLICY_FIRM_YEAR_UNKNOWN,main,CARRY_2021_USER_RULE,2021.0,UPDATED_CHINA_ORDINARY
134.0,KOR,2024,2024-12-01,2024-12-31,12.0,31.0,0.0846994535519125,0.1182363622709908,0.1312555128602134,,,index_bridge,0.0,0.0,0.0,0.0,0.0,0.0,none,0.8,1.0,,KOR,calendar_days_fixed,A_POLICY_COVER;A_EU_MIX;A_EU_FLOOR;A_FX;A_POLICY_UNKNOWN;A_TARIFF_FILL;A_PRICE_TAX;PV_AD_OFFSET_BOUND;POLICY_FIRM_YEAR_UNKNOWN,main,CARRY_2021_USER_RULE,2021.0,UPDATED_CHINA_ORDINARY
135.0,USA,2010,2010-01-01,2010-01-31,1.0,31.0,0.084931506849315,3.091776789316316,3.9295485644858976,3.091776789316316,3.9295485644858976,observed_quote_tax_basis_assumed,0.0,0.0,0.0,0.0,0.0,0.0,none,0.8,1.0,,USA,calendar_days_fixed,A_POLICY_COVER;A_EU_MIX;A_EU_FLOOR;A_FX;A_POLICY_UNKNOWN;A_TARIFF_FILL;A_PRICE_TAX;PV_AD_OFFSET_BOUND;POLICY_FIRM_YEAR_UNKNOWN,main,LOCAL_EXPORT_AHS,2010.0,UPDATED_CHINA_ORDINARY
135.0,USA,2010,2010-02-01,2010-02-28,2.0,28.0,0.0767123287671232,2.90442343279186,3.630529290989825,2.90442343279186,3.630529290989825,observed_quote_tax_basis_assumed,0.0,0.0,0.0,0.0,0.0,0.0,none,0.8,1.0,,USA,calendar_days_fixed,A_POLICY_COVER;A_EU_MIX;A_EU_FLOOR;A_FX;A_POLICY_UNKNOWN;A_TARIFF_FILL;A_PRICE_TAX;PV_AD_OFFSET_BOUND;POLICY_FIRM_YEAR_UNKNOWN,main,LOCAL_EXPORT_AHS,2010.0,UPDATED_CHINA_ORDINARY
135.0,USA,2010,2010-03-01,2010-03-31,3.0,31.0,0.084931506849315,2.84487870626562,3.631961814999107,2.84487870626562,3.631961814999107,observed_quote_tax_basis_assumed,0.0,0.0,0.0,0.0,0.0,0.0,none,0.8,1.0,,USA,calendar_days_fixed,A_POLICY_COVER;A_EU_MIX;A_EU_FLOOR;A_FX;A_POLICY_UNKNOWN;A_TARIFF_FILL;A_PRICE_TAX;PV_AD_OFFSET_BOUND;POLICY_FIRM_YEAR_UNKNOWN,main,LOCAL_EXPORT_AHS,2010.0,UPDATED_CHINA_ORDINARY
135.0,USA,2010,2010-04-01,2010-04-30,4.0,30.0,0.0821917808219178,2.853745381783292,3.642280289907622,2.853745381783292,3.642280289907622,observed_quote_tax_basis_assumed,0.0,0.0,0.0,0.0,0.0,0.0,none,0.8,1.0,,USA,calendar_days_fixed,A_POLICY_COVER;A_EU_MIX;A_EU_FLOOR;A_FX;A_POLICY_UNKNOWN;A_TARIFF_FILL;A_PRICE_TAX;PV_AD_OFFSET_BOUND;POLICY_FIRM_YEAR_UNKNOWN,main,LOCAL_EXPORT_AHS,2010.0,UPDATED_CHINA_ORDINARY
135.0,USA,2010,2010-05-01,2010-05-31,5.0,31.0,0.084931506849315,2.763961213182792,3.3977357588807564,2.763961213182792,3.3977357588807564,observed_quote_tax_basis_assumed,0.0,0.0,0.0,0.0,0.0,0.0,none,0.8,1.0,,USA,calendar_days_fixed,A_POLICY_COVER;A_EU_MIX;A_EU_FLOOR;A_FX;A_POLICY_UNKNOWN;A_TARIFF_FILL;A_PRICE_TAX;PV_AD_OFFSET_BOUND;POLICY_FIRM_YEAR_UNKNOWN,main,LOCAL_EXPORT_AHS,2010.0,UPDATED_CHINA_ORDINARY
135.0,USA,2010,2010-06-01,2010-06-30,6.0,30.0,0.0821917808219178,2.7123575248293017,3.258240800266645,2.7123575248293017,3.258240800266645,observed_quote_tax_basis_assumed,0.0,0.0,0.0,0.0,0.0,0.0,none,0.8,1.0,,USA,calendar_days_fixed,A_POLICY_COVER;A_EU_MIX;A_EU_FLOOR;A_FX;A_POLICY_UNKNOWN;A_TARIFF_FILL;A_PRICE_TAX;PV_AD_OFFSET_BOUND;POLICY_FIRM_YEAR_UNKNOWN,main,LOCAL_EXPORT_AHS,2010.0,UPDATED_CHINA_ORDINARY
135.0,USA,2010,2010-07-01,2010-07-31,7.0,31.0,0.084931506849315,2.886311557959211,3.305004901243417,2.886311557959211,3.305004901243417,observed_quote_tax_basis_assumed,0.0,0.0,0.0,0.0,0.0,0.0,none,0.8,1.0,,USA,calendar_days_fixed,A_POLICY_COVER;A_EU_MIX;A_EU_FLOOR;A_FX;A_POLICY_UNKNOWN;A_TARIFF_FILL;A_PRICE_TAX;PV_AD_OFFSET_BOUND;POLICY_FIRM_YEAR_UNKNOWN,main,LOCAL_EXPORT_AHS,2010.0,UPDATED_CHINA_ORDINARY
135.0,USA,2010,2010-08-01,2010-08-31,8.0,31.0,0.084931506849315,2.9036209902769103,3.318423988887897,2.9036209902769103,3.318423988887897,observed_quote_tax_basis_assumed,0.0,0.0,0.0,0.0,0.0,0.0,none,0.8,1.0,,USA,calendar_days_fixed,A_POLICY_COVER;A_EU_MIX;A_EU_FLOOR;A_FX;A_POLICY_UNKNOWN;A_TARIFF_FILL;A_PRICE_TAX;PV_AD_OFFSET_BOUND;POLICY_FIRM_YEAR_UNKNOWN,main,LOCAL_EXPORT_AHS,2010.0,UPDATED_CHINA_ORDINARY
135.0,USA,2010,2010-09-01,2010-09-30,9.0,30.0,0.0821917808219178,2.930089301722598,3.3213745190333803,2.930089301722598,3.3213745190333803,observed_quote_tax_basis_assumed,0.0,0.0,0.0,0.0,0.0,0.0,none,0.8,1.0,,USA,calendar_days_fixed,A_POLICY_COVER;A_EU_MIX;A_EU_FLOOR;A_FX;A_POLICY_UNKNOWN;A_TARIFF_FILL;A_PRICE_TAX;PV_AD_OFFSET_BOUND;POLICY_FIRM_YEAR_UNKNOWN,main,LOCAL_EXPORT_AHS,2010.0,UPDATED_CHINA_ORDINARY
135.0,USA,2010,2010-10-01,2010-10-31,10.0,31.0,0.084931506849315,3.085350824069529,3.483147628430694,3.085350824069529,3.483147628430694,observed_quote_tax_basis_assumed,0.0,0.0,0.0,0.0,0.0,0.0,none,0.8,1.0,,USA,calendar_days_fixed,A_POLICY_COVER;A_EU_MIX;A_EU_FLOOR;A_FX;A_POLICY_UNKNOWN;A_TARIFF_FILL;A_PRICE_TAX;PV_AD_OFFSET_BOUND;POLICY_FIRM_YEAR_UNKNOWN,main,LOCAL_EXPORT_AHS,2010.0,UPDATED_CHINA_ORDINARY
135.0,USA,2010,2010-11-01,2010-11-30,11.0,30.0,0.0821917808219178,3.003318850773162,3.395471949122523,3.003318850773162,3.395471949122523,observed_quote_tax_basis_assumed,0.0,0.0,0.0,0.0,0.0,0.0,none,0.8,1.0,,USA,calendar_days_fixed,A_POLICY_COVER;A_EU_MIX;A_EU_FLOOR;A_FX;A_POLICY_UNKNOWN;A_TARIFF_FILL;A_PRICE_TAX;PV_AD_OFFSET_BOUND;POLICY_FIRM_YEAR_UNKNOWN,main,LOCAL_EXPORT_AHS,2010.0,UPDATED_CHINA_ORDINARY
135.0,USA,2010,2010-12-01,2010-12-31,12.0,31.0,0.084931506849315,2.8975979922460726,3.2759467746731072,2.8975979922460726,3.2759467746731072,observed_quote_tax_basis_assumed,0.0,0.0,0.0,0.0,0.0,0.0,none,0.8,1.0,,USA,calendar_days_fixed,A_POLICY_COVER;A_EU_MIX;A_EU_FLOOR;A_FX;A_POLICY_UNKNOWN;A_TARIFF_FILL;A_PRICE_TAX;PV_AD_OFFSET_BOUND;POLICY_FIRM_YEAR_UNKNOWN,main,LOCAL_EXPORT_AHS,2010.0,UPDATED_CHINA_ORDINARY
136.0,USA,2011,2011-01-01,2011-01-31,1.0,31.0,0.084931506849315,2.686326335282736,3.05181291151168,2.686326335282736,3.05181291151168,observed_quote_tax_basis_assumed,0.0,0.0,0.0,0.0,0.0,0.0,none,0.8,1.0,,USA,calendar_days_fixed,A_POLICY_COVER;A_EU_MIX;A_EU_FLOOR;A_FX;A_POLICY_UNKNOWN;A_TARIFF_FILL;A_PRICE_TAX;PV_AD_OFFSET_BOUND;POLICY_FIRM_YEAR_UNKNOWN,main,LOCAL_EXPORT_AHS,2011.0,UPDATED_CHINA_ORDINARY
136.0,USA,2011,2011-02-01,2011-02-28,2.0,28.0,0.0767123287671232,2.633064300488626,3.062571243121522,2.633064300488626,3.062571243121522,observed_quote_tax_basis_assumed,0.0,0.0,0.0,0.0,0.0,0.0,none,0.8,1.0,,USA,calendar_days_fixed,A_POLICY_COVER;A_EU_MIX;A_EU_FLOOR;A_FX;A_POLICY_UNKNOWN;A_TARIFF_FILL;A_PRICE_TAX;PV_AD_OFFSET_BOUND;POLICY_FIRM_YEAR_UNKNOWN,main,LOCAL_EXPORT_AHS,2011.0,UPDATED_CHINA_ORDINARY
136.0,USA,2011,2011-03-01,2011-03-31,3.0,31.0,0.084931506849315,2.624982413840032,3.046512436500475,2.624982413840032,3.046512436500475,observed_quote_tax_basis_assumed,0.0,0.0,0.0,0.0,0.0,0.0,none,0.8,1.0,,USA,calendar_days_fixed,A_POLICY_COVER;A_EU_MIX;A_EU_FLOOR;A_FX;A_POLICY_UNKNOWN;A_TARIFF_FILL;A_PRICE_TAX;PV_AD_OFFSET_BOUND;POLICY_FIRM_YEAR_UNKNOWN,main,LOCAL_EXPORT_AHS,2011.0,UPDATED_CHINA_ORDINARY
136.0,USA,2011,2011-04-01,2011-04-30,4.0,30.0,0.0821917808219178,2.607707252828456,3.111468881215772,2.607707252828456,3.111468881215772,observed_quote_tax_basis_assumed,0.0,0.0,0.0,0.0,0.0,0.0,none,0.8,1.0,,USA,calendar_days_fixed,A_POLICY_COVER;A_EU_MIX;A_EU_FLOOR;A_FX;A_POLICY_UNKNOWN;A_TARIFF_FILL;A_PRICE_TAX;PV_AD_OFFSET_BOUND;POLICY_FIRM_YEAR_UNKNOWN,main,LOCAL_EXPORT_AHS,2011.0,UPDATED_CHINA_ORDINARY
136.0,USA,2011,2011-05-01,2011-05-31,5.0,31.0,0.084931506849315,2.453185494118997,3.002699044801653,2.453185494118997,3.002699044801653,observed_quote_tax_basis_assumed,0.0,0.0,0.0,0.0,0.0,0.0,none,0.8,1.0,,USA,calendar_days_fixed,A_POLICY_COVER;A_EU_MIX;A_EU_FLOOR;A_FX;A_POLICY_UNKNOWN;A_TARIFF_FILL;A_PRICE_TAX;PV_AD_OFFSET_BOUND;POLICY_FIRM_YEAR_UNKNOWN,main,LOCAL_EXPORT_AHS,2011.0,UPDATED_CHINA_ORDINARY
136.0,USA,2011,2011-06-01,2011-06-30,6.0,30.0,0.0821917808219178,2.3421748176069346,2.9031158453531334,2.3421748176069346,2.9031158453531334,observed_quote_tax_basis_assumed,0.0,0.0,0.0,0.0,0.0,0.0,none,0.8,1.0,,USA,calendar_days_fixed,A_POLICY_COVER;A_EU_MIX;A_EU_FLOOR;A_FX;A_POLICY_UNKNOWN;A_TARIFF_FILL;A_PRICE_TAX;PV_AD_OFFSET_BOUND;POLICY_FIRM_YEAR_UNKNOWN,main,LOCAL_EXPORT_AHS,2011.0,UPDATED_CHINA_ORDINARY
136.0,USA,2011,2011-07-01,2011-07-31,7.0,31.0,0.084931506849315,2.192781508990938,2.780133698899225,2.192781508990938,2.780133698899225,observed_quote_tax_basis_assumed,0.0,0.0,0.0,0.0,0.0,0.0,none,0.8,1.0,,USA,calendar_days_fixed,A_POLICY_COVER;A_EU_MIX;A_EU_FLOOR;A_FX;A_POLICY_UNKNOWN;A_TARIFF_FILL;A_PRICE_TAX;PV_AD_OFFSET_BOUND;POLICY_FIRM_YEAR_UNKNOWN,main,LOCAL_EXPORT_AHS,2011.0,UPDATED_CHINA_ORDINARY
136.0,USA,2011,2011-08-01,2011-08-31,8.0,31.0,0.084931506849315,2.0412922881909905,2.6693822230189874,2.0412922881909905,2.6693822230189874,observed_quote_tax_basis_assumed,0.0,0.0,0.0,0.0,0.0,0.0,none,0.8,1.0,,USA,calendar_days_fixed,A_POLICY_COVER;A_EU_MIX;A_EU_FLOOR;A_FX;A_POLICY_UNKNOWN;A_TARIFF_FILL;A_PRICE_TAX;PV_AD_OFFSET_BOUND;POLICY_FIRM_YEAR_UNKNOWN,main,LOCAL_EXPORT_AHS,2011.0,UPDATED_CHINA_ORDINARY
136.0,USA,2011,2011-09-01,2011-09-30,9.0,30.0,0.0821917808219178,1.851384169095222,2.4559177753303967,1.851384169095222,2.4559177753303967,observed_quote_tax_basis_assumed,0.0,0.0,0.0,0.0,0.0,0.0,none,0.8,1.0,,USA,calendar_days_fixed,A_POLICY_COVER;A_EU_MIX;A_EU_FLOOR;A_FX;A_POLICY_UNKNOWN;A_TARIFF_FILL;A_PRICE_TAX;PV_AD_OFFSET_BOUND;POLICY_FIRM_YEAR_UNKNOWN,main,LOCAL_EXPORT_AHS,2011.0,UPDATED_CHINA_ORDINARY
136.0,USA,2011,2011-10-01,2011-10-31,10.0,31.0,0.084931506849315,1.7249525603786575,2.3530602861687124,1.7249525603786575,2.3530602861687124,observed_quote_tax_basis_assumed,0.0,0.0,0.0,0.0,0.0,0.0,none,0.8,1.0,,USA,calendar_days_fixed,A_POLICY_COVER;A_EU_MIX;A_EU_FLOOR;A_FX;A_POLICY_UNKNOWN;A_TARIFF_FILL;A_PRICE_TAX;PV_AD_OFFSET_BOUND;POLICY_FIRM_YEAR_UNKNOWN,main,LOCAL_EXPORT_AHS,2011.0,UPDATED_CHINA_ORDINARY
136.0,USA,2011,2011-11-01,2011-11-30,11.0,30.0,0.0821917808219178,1.5805148558170548,2.156937920879745,1.5805148558170548,2.156937920879745,observed_quote_tax_basis_assumed,0.0,0.0,0.0,0.0,0.0,0.0,none,0.8,1.0,,USA,calendar_days_fixed,A_POLICY_COVER;A_EU_MIX;A_EU_FLOOR;A_FX;A_POLICY_UNKNOWN;A_TARIFF_FILL;A_PRICE_TAX;PV_AD_OFFSET_BOUND;POLICY_FIRM_YEAR_UNKNOWN,main,LOCAL_EXPORT_AHS,2011.0,UPDATED_CHINA_ORDINARY
136.0,USA,2011,2011-12-01,2011-12-31,12.0,31.0,0.084931506849315,1.4614867506804692,2.0027781398213835,1.4614867506804692,2.0027781398213835,observed_quote_tax_basis_assumed,0.0,0.0,0.0,0.0,0.0,0.0,none,0.8,1.0,,USA,calendar_days_fixed,A_POLICY_COVER;A_EU_MIX;A_EU_FLOOR;A_FX;A_POLICY_UNKNOWN;A_TARIFF_FILL;A_PRICE_TAX;PV_AD_OFFSET_BOUND;POLICY_FIRM_YEAR_UNKNOWN,main,LOCAL_EXPORT_AHS,2011.0,UPDATED_CHINA_ORDINARY
137.0,USA,2012,2012-01-01,2012-01-31,1.0,31.0,0.0846994535519125,1.3684642185997595,1.8361671793870191,1.3684642185997595,1.8361671793870191,observed_quote_tax_basis_assumed,0.0,0.0,0.0,0.0,0.0,0.0,none,0.8,1.0,,USA,calendar_days_fixed,A_POLICY_COVER;A_EU_MIX;A_EU_FLOOR;A_FX;A_POLICY_UNKNOWN;A_TARIFF_FILL;A_PRICE_TAX;PV_AD_OFFSET_BOUND;POLICY_FIRM_YEAR_UNKNOWN,main,LOCAL_EXPORT_AHS,2012.0,UPDATED_CHINA_ORDINARY
137.0,USA,2012,2012-02-01,2012-02-29,2.0,29.0,0.0792349726775956,1.3781815830003006,1.83459236698092,1.3781815830003006,1.83459236698092,observed_quote_tax_basis_assumed,0.0,0.0,0.0,0.0,0.0,0.0,none,0.8,1.0,,USA,calendar_days_fixed,A_POLICY_COVER;A_EU_MIX;A_EU_FLOOR;A_FX;A_POLICY_UNKNOWN;A_TARIFF_FILL;A_PRICE_TAX;PV_AD_OFFSET_BOUND;POLICY_FIRM_YEAR_UNKNOWN,main,LOCAL_EXPORT_AHS,2012.0,UPDATED_CHINA_ORDINARY
137.0,USA,2012,2012-03-01,2012-03-25,3.0,25.0,0.0683060109289617,1.3135081493389422,1.792761122746394,1.3135081493389422,1.792761122746394,observed_quote_tax_basis_assumed,0.0,0.0,0.0,0.0,0.0,0.0,none,0.8,1.0,,USA,calendar_days_fixed,A_POLICY_COVER;A_EU_MIX;A_EU_FLOOR;A_FX;A_POLICY_UNKNOWN;A_TARIFF_FILL;A_PRICE_TAX;PV_AD_OFFSET_BOUND;POLICY_FIRM_YEAR_UNKNOWN,main,LOCAL_EXPORT_AHS,2012.0,UPDATED_CHINA_ORDINARY
137.0,USA,2012,2012-03-26,2012-03-31,3.0,6.0,0.0163934426229508,1.3135081493389422,1.792761122746394,1.3135081493389422,1.792761122746394,observed_quote_tax_basis_assumed,0.0,0.0,0.0,0.1524,0.0,0.0,none,0.8,1.0,US_CVD,USA,calendar_days_fixed,A_POLICY_COVER;A_EU_MIX;A_EU_FLOOR;A_FX;A_POLICY_UNKNOWN;A_TARIFF_FILL;A_PRICE_TAX;PV_AD_OFFSET_BOUND;POLICY_FIRM_YEAR_UNKNOWN,main,LOCAL_EXPORT_AHS,2012.0,UPDATED_CHINA_ORDINARY
137.0,USA,2012,2012-04-01,2012-04-30,4.0,30.0,0.081967213114754,1.2578921407752404,1.7451038854417067,1.2578921407752404,1.7451038854417067,observed_quote_tax_basis_assumed,0.0,0.0,0.0,0.1524,0.0,0.0,none,0.8,1.0,US_CVD,USA,calendar_days_fixed,A_POLICY_COVER;A_EU_MIX;A_EU_FLOOR;A_FX;A_POLICY_UNKNOWN;A_TARIFF_FILL;A_PRICE_TAX;PV_AD_OFFSET_BOUND;POLICY_FIRM_YEAR_UNKNOWN,main,LOCAL_EXPORT_AHS,2012.0,UPDATED_CHINA_ORDINARY
137.0,USA,2012,2012-05-01,2012-05-24,5.0,24.0,0.0655737704918032,1.190262737943209,1.656017722355769,1.190262737943209,1.656017722355769,observed_quote_tax_basis_assumed,0.0,0.0,0.0,0.1524,0.0,0.0,none,0.8,1.0,US_CVD,USA,calendar_days_fixed,A_POLICY_COVER;A_EU_MIX;A_EU_FLOOR;A_FX;A_POLICY_UNKNOWN;A_TARIFF_FILL;A_PRICE_TAX;PV_AD_OFFSET_BOUND;POLICY_FIRM_YEAR_UNKNOWN,main,LOCAL_EXPORT_AHS,2012.0,UPDATED_CHINA_ORDINARY
137.0,USA,2012,2012-05-25,2012-05-31,5.0,7.0,0.0191256830601092,1.190262737943209,1.656017722355769,1.190262737943209,1.656017722355769,observed_quote_tax_basis_assumed,0.0,0.0,0.0,0.321,0.0,0.0,none,0.8,1.0,US_AD;US_CVD,USA,calendar_days_fixed,A_POLICY_COVER;A_EU_MIX;A_EU_FLOOR;A_FX;A_POLICY_UNKNOWN;A_TARIFF_FILL;A_PRICE_TAX;PV_AD_OFFSET_BOUND;POLICY_FIRM_YEAR_UNKNOWN,main,LOCAL_EXPORT_AHS,2012.0,UPDATED_CHINA_ORDINARY
137.0,USA,2012,2012-06-01,2012-06-30,6.0,30.0,0.081967213114754,1.1113960950270434,1.5744778012883114,1.1113960950270434,1.5744778012883114,observed_quote_tax_basis_assumed,0.0,0.0,0.0,0.321,0.0,0.0,none,0.8,1.0,US_AD;US_CVD,USA,calendar_days_fixed,A_POLICY_COVER;A_EU_MIX;A_EU_FLOOR;A_FX;A_POLICY_UNKNOWN;A_TARIFF_FILL;A_PRICE_TAX;PV_AD_OFFSET_BOUND;POLICY_FIRM_YEAR_UNKNOWN,main,LOCAL_EXPORT_AHS,2012.0,UPDATED_CHINA_ORDINARY
137.0,USA,2012,2012-07-01,2012-07-23,7.0,23.0,0.0628415300546448,1.0583620721153846,1.5213954786658657,1.0583620721153846,1.5213954786658657,observed_quote_tax_basis_assumed,0.0,0.0,0.0,0.321,0.0,0.0,none,0.8,1.0,US_AD;US_CVD,USA,calendar_days_fixed,A_POLICY_COVER;A_EU_MIX;A_EU_FLOOR;A_FX;A_POLICY_UNKNOWN;A_TARIFF_FILL;A_PRICE_TAX;PV_AD_OFFSET_BOUND;POLICY_FIRM_YEAR_UNKNOWN,main,LOCAL_EXPORT_AHS,2012.0,UPDATED_CHINA_ORDINARY
137.0,USA,2012,2012-07-24,2012-07-31,7.0,8.0,0.0218579234972677,1.0583620721153846,1.5213954786658657,1.0583620721153846,1.5213954786658657,observed_quote_tax_basis_assumed,0.0,0.0,0.0,0.1685999999999999,0.0,0.0,none,0.8,1.0,US_AD,USA,calendar_days_fixed,A_POLICY_COVER;A_EU_MIX;A_EU_FLOOR;A_FX;A_POLICY_UNKNOWN;A_TARIFF_FILL;A_PRICE_TAX;PV_AD_OFFSET_BOUND;POLICY_FIRM_YEAR_UNKNOWN,main,LOCAL_EXPORT_AHS,2012.0,UPDATED_CHINA_ORDINARY
137.0,USA,2012,2012-08-01,2012-08-31,8.0,31.0,0.0846994535519125,1.0149143662109374,1.4890956684570311,1.0149143662109374,1.4890956684570311,observed_quote_tax_basis_assumed,0.0,0.0,0.0,0.1685999999999999,0.0,0.0,none,0.8,1.0,US_AD,USA,calendar_days_fixed,A_POLICY_COVER;A_EU_MIX;A_EU_FLOOR;A_FX;A_POLICY_UNKNOWN;A_TARIFF_FILL;A_PRICE_TAX;PV_AD_OFFSET_BOUND;POLICY_FIRM_YEAR_UNKNOWN,main,LOCAL_EXPORT_AHS,2012.0,UPDATED_CHINA_ORDINARY
137.0,USA,2012,2012-09-01,2012-09-30,9.0,30.0,0.081967213114754,1.0016094417067307,1.5110487267127404,1.0016094417067307,1.5110487267127404,observed_quote_tax_basis_assumed,0.0,0.0,0.0,0.1685999999999999,0.0,0.0,none,0.8,1.0,US_AD,USA,calendar_days_fixed,A_POLICY_COVER;A_EU_MIX;A_EU_FLOOR;A_FX;A_POLICY_UNKNOWN;A_TARIFF_FILL;A_PRICE_TAX;PV_AD_OFFSET_BOUND;POLICY_FIRM_YEAR_UNKNOWN,main,LOCAL_EXPORT_AHS,2012.0,UPDATED_CHINA_ORDINARY
137.0,USA,2012,2012-10-01,2012-10-31,10.0,31.0,0.0846994535519125,0.994557200611888,1.4831116149475525,0.994557200611888,1.4831116149475525,observed_quote_tax_basis_assumed,0.0,0.0,0.0,0.1685999999999999,0.0,0.0,none,0.8,1.0,US_AD,USA,calendar_days_fixed,A_POLICY_COVER;A_EU_MIX;A_EU_FLOOR;A_FX;A_POLICY_UNKNOWN;A_TARIFF_FILL;A_PRICE_TAX;PV_AD_OFFSET_BOUND;POLICY_FIRM_YEAR_UNKNOWN,main,LOCAL_EXPORT_AHS,2012.0,UPDATED_CHINA_ORDINARY
137.0,USA,2012,2012-11-01,2012-11-21,11.0,21.0,0.0573770491803278,0.9771088286713286,1.4482148710664335,0.9771088286713286,1.4482148710664335,observed_quote_tax_basis_assumed,0.0,0.0,0.0,0.1685999999999999,0.0,0.0,none,0.8,1.0,US_AD,USA,calendar_days_fixed,A_POLICY_COVER;A_EU_MIX;A_EU_FLOOR;A_FX;A_POLICY_UNKNOWN;A_TARIFF_FILL;A_PRICE_TAX;PV_AD_OFFSET_BOUND;POLICY_FIRM_YEAR_UNKNOWN,main,LOCAL_EXPORT_AHS,2012.0,UPDATED_CHINA_ORDINARY
137.0,USA,2012,2012-11-22,2012-11-30,11.0,9.0,0.0245901639344262,0.9771088286713286,1.4482148710664335,0.9771088286713286,1.4482148710664335,observed_quote_tax_basis_assumed,0.0,0.0,0.0,0.0,0.0,0.0,none,0.8,1.0,,USA,calendar_days_fixed,A_POLICY_COVER;A_EU_MIX;A_EU_FLOOR;A_FX;A_POLICY_UNKNOWN;A_TARIFF_FILL;A_PRICE_TAX;PV_AD_OFFSET_BOUND;POLICY_FIRM_YEAR_UNKNOWN,main,LOCAL_EXPORT_AHS,2012.0,UPDATED_CHINA_ORDINARY
137.0,USA,2012,2012-12-01,2012-12-06,12.0,6.0,0.0163934426229508,0.95460961222166,1.4407533962234311,0.95460961222166,1.4407533962234311,observed_quote_tax_basis_assumed,0.0,0.0,0.0,0.0,0.0,0.0,none,0.8,1.0,,USA,calendar_days_fixed,A_POLICY_COVER;A_EU_MIX;A_EU_FLOOR;A_FX;A_POLICY_UNKNOWN;A_TARIFF_FILL;A_PRICE_TAX;PV_AD_OFFSET_BOUND;POLICY_FIRM_YEAR_UNKNOWN,main,LOCAL_EXPORT_AHS,2012.0,UPDATED_CHINA_ORDINARY
137.0,USA,2012,2012-12-07,2012-12-31,12.0,25.0,0.0683060109289617,0.95460961222166,1.4407533962234311,0.95460961222166,1.4407533962234311,observed_quote_tax_basis_assumed,0.0,0.0,0.0,0.321,0.0,0.0,none,0.8,1.0,US_AD;US_CVD,USA,calendar_days_fixed,A_POLICY_COVER;A_EU_MIX;A_EU_FLOOR;A_FX;A_POLICY_UNKNOWN;A_TARIFF_FILL;A_PRICE_TAX;PV_AD_OFFSET_BOUND;POLICY_FIRM_YEAR_UNKNOWN,main,LOCAL_EXPORT_AHS,2012.0,UPDATED_CHINA_ORDINARY
138.0,USA,2013,2013-01-01,2013-01-31,1.0,31.0,0.084931506849315,0.946150566520937,1.4370777472629324,0.946150566520937,1.4370777472629324,observed_quote_tax_basis_assumed,0.0,0.0,0.0,0.321,0.0,0.0,none,0.8,1.0,US_AD;US_CVD,USA,calendar_days_fixed,A_POLICY_COVER;A_EU_MIX;A_EU_FLOOR;A_FX;A_POLICY_UNKNOWN;A_TARIFF_FILL;A_PRICE_TAX;PV_AD_OFFSET_BOUND;POLICY_FIRM_YEAR_UNKNOWN,main,LOCAL_EXPORT_AHS,2013.0,UPDATED_CHINA_ORDINARY
138.0,USA,2013,2013-02-01,2013-02-28,2.0,28.0,0.0767123287671232,0.921251867401965,1.390568856455796,0.921251867401965,1.390568856455796,observed_quote_tax_basis_assumed,0.0,0.0,0.0,0.321,0.0,0.0,none,0.8,1.0,US_AD;US_CVD,USA,calendar_days_fixed,A_POLICY_COVER;A_EU_MIX;A_EU_FLOOR;A_FX;A_POLICY_UNKNOWN;A_TARIFF_FILL;A_PRICE_TAX;PV_AD_OFFSET_BOUND;POLICY_FIRM_YEAR_UNKNOWN,main,LOCAL_EXPORT_AHS,2013.0,UPDATED_CHINA_ORDINARY
138.0,USA,2013,2013-03-01,2013-03-31,3.0,31.0,0.084931506849315,0.9315028557668634,1.3549132447518013,0.9315028557668634,1.3549132447518013,observed_quote_tax_basis_assumed,0.0,0.0,0.0,0.321,0.0,0.0,none,0.8,1.0,US_AD;US_CVD,USA,calendar_days_fixed,A_POLICY_COVER;A_EU_MIX;A_EU_FLOOR;A_FX;A_POLICY_UNKNOWN;A_TARIFF_FILL;A_PRICE_TAX;PV_AD_OFFSET_BOUND;POLICY_FIRM_YEAR_UNKNOWN,main,LOCAL_EXPORT_AHS,2013.0,UPDATED_CHINA_ORDINARY
138.0,USA,2013,2013-04-01,2013-04-30,4.0,30.0,0.0821917808219178,0.95601608881336,1.3818778011029471,0.95601608881336,1.3818778011029471,observed_quote_tax_basis_assumed,0.0,0.0,0.0,0.321,0.0,0.0,none,0.8,1.0,US_AD;US_CVD,USA,calendar_days_fixed,A_POLICY_COVER;A_EU_MIX;A_EU_FLOOR;A_FX;A_POLICY_UNKNOWN;A_TARIFF_FILL;A_PRICE_TAX;PV_AD_OFFSET_BOUND;POLICY_FIRM_YEAR_UNKNOWN,main,LOCAL_EXPORT_AHS,2013.0,UPDATED_CHINA_ORDINARY
138.0,USA,2013,2013-05-01,2013-05-31,5.0,31.0,0.084931506849315,0.9260895616420616,1.3634096324174796,0.9260895616420616,1.3634096324174796,observed_quote_tax_basis_assumed,0.0,0.0,0.0,0.321,0.0,0.0,none,0.8,1.0,US_AD;US_CVD,USA,calendar_days_fixed,A_POLICY_COVER;A_EU_MIX;A_EU_FLOOR;A_FX;A_POLICY_UNKNOWN;A_TARIFF_FILL;A_PRICE_TAX;PV_AD_OFFSET_BOUND;POLICY_FIRM_YEAR_UNKNOWN,main,LOCAL_EXPORT_AHS,2013.0,UPDATED_CHINA_ORDINARY
138.0,USA,2013,2013-06-01,2013-06-30,6.0,30.0,0.0821917808219178,0.9756808182969297,1.3589839969135804,0.9756808182969297,1.3589839969135804,observed_quote_tax_basis_assumed,0.0,0.0,0.0,0.321,0.0,0.0,none,0.8,1.0,US_AD;US_CVD,USA,calendar_days_fixed,A_POLICY_COVER;A_EU_MIX;A_EU_FLOOR;A_FX;A_POLICY_UNKNOWN;A_TARIFF_FILL;A_PRICE_TAX;PV_AD_OFFSET_BOUND;POLICY_FIRM_YEAR_UNKNOWN,main,LOCAL_EXPORT_AHS,2013.0,UPDATED_CHINA_ORDINARY
138.0,USA,2013,2013-07-01,2013-07-31,7.0,31.0,0.084931506849315,0.967645331516578,1.339152021295264,0.967645331516578,1.339152021295264,observed_quote_tax_basis_assumed,0.0,0.0,0.0,0.321,0.0,0.0,none,0.8,1.0,US_AD;US_CVD,USA,calendar_days_fixed,A_POLICY_COVER;A_EU_MIX;A_EU_FLOOR;A_FX;A_POLICY_UNKNOWN;A_TARIFF_FILL;A_PRICE_TAX;PV_AD_OFFSET_BOUND;POLICY_FIRM_YEAR_UNKNOWN,main,LOCAL_EXPORT_AHS,2013.0,UPDATED_CHINA_ORDINARY
138.0,USA,2013,2013-08-01,2013-08-31,8.0,31.0,0.084931506849315,1.002196080959164,1.3362614412788856,1.002196080959164,1.3362614412788856,observed_quote_tax_basis_assumed,0.0,0.0,0.0,0.321,0.0,0.0,none,0.8,1.0,US_AD;US_CVD,USA,calendar_days_fixed,A_POLICY_COVER;A_EU_MIX;A_EU_FLOOR;A_FX;A_POLICY_UNKNOWN;A_TARIFF_FILL;A_PRICE_TAX;PV_AD_OFFSET_BOUND;POLICY_FIRM_YEAR_UNKNOWN,main,LOCAL_EXPORT_AHS,2013.0,UPDATED_CHINA_ORDINARY
138.0,USA,2013,2013-09-01,2013-09-30,9.0,30.0,0.0821917808219178,1.022721054412437,1.3313006828989482,1.022721054412437,1.3313006828989482,observed_quote_tax_basis_assumed,0.0,0.0,0.0,0.321,0.0,0.0,none,0.8,1.0,US_AD;US_CVD,USA,calendar_days_fixed,A_POLICY_COVER;A_EU_MIX;A_EU_FLOOR;A_FX;A_POLICY_UNKNOWN;A_TARIFF_FILL;A_PRICE_TAX;PV_AD_OFFSET_BOUND;POLICY_FIRM_YEAR_UNKNOWN,main,LOCAL_EXPORT_AHS,2013.0,UPDATED_CHINA_ORDINARY
138.0,USA,2013,2013-10-01,2013-10-31,10.0,31.0,0.084931506849315,1.0447150589940866,1.341918480949301,1.0447150589940866,1.341918480949301,observed_quote_tax_basis_assumed,0.0,0.0,0.0,0.321,0.0,0.0,none,0.8,1.0,US_AD;US_CVD,USA,calendar_days_fixed,A_POLICY_COVER;A_EU_MIX;A_EU_FLOOR;A_FX;A_POLICY_UNKNOWN;A_TARIFF_FILL;A_PRICE_TAX;PV_AD_OFFSET_BOUND;POLICY_FIRM_YEAR_UNKNOWN,main,LOCAL_EXPORT_AHS,2013.0,UPDATED_CHINA_ORDINARY
138.0,USA,2013,2013-11-01,2013-11-30,11.0,30.0,0.0821917808219178,1.0160063318033132,1.2566394103883085,1.0160063318033132,1.2566394103883085,observed_quote_tax_basis_assumed,0.0,0.0,0.0,0.321,0.0,0.0,none,0.8,1.0,US_AD;US_CVD,USA,calendar_days_fixed,A_POLICY_COVER;A_EU_MIX;A_EU_FLOOR;A_FX;A_POLICY_UNKNOWN;A_TARIFF_FILL;A_PRICE_TAX;PV_AD_OFFSET_BOUND;POLICY_FIRM_YEAR_UNKNOWN,main,LOCAL_EXPORT_AHS,2013.0,UPDATED_CHINA_ORDINARY
138.0,USA,2013,2013-12-01,2013-12-31,12.0,31.0,0.084931506849315,1.031871536498892,1.2581591541521575,1.031871536498892,1.2581591541521575,observed_quote_tax_basis_assumed,0.0,0.0,0.0,0.321,0.0,0.0,none,0.8,1.0,US_AD;US_CVD,USA,calendar_days_fixed,A_POLICY_COVER;A_EU_MIX;A_EU_FLOOR;A_FX;A_POLICY_UNKNOWN;A_TARIFF_FILL;A_PRICE_TAX;PV_AD_OFFSET_BOUND;POLICY_FIRM_YEAR_UNKNOWN,main,LOCAL_EXPORT_AHS,2013.0,UPDATED_CHINA_ORDINARY
139.0,USA,2014,2014-01-01,2014-01-31,1.0,31.0,0.084931506849315,1.0072924673496249,1.2193540394232298,1.0072924673496249,1.2193540394232298,observed_quote_tax_basis_assumed,0.0,0.0,0.0,0.321,0.0,0.0,none,0.8,1.0,US_AD;US_CVD,USA,calendar_days_fixed,A_POLICY_COVER;A_EU_MIX;A_EU_FLOOR;A_FX;A_POLICY_UNKNOWN;A_TARIFF_FILL;A_PRICE_TAX;PV_AD_OFFSET_BOUND;POLICY_FIRM_YEAR_UNKNOWN,main,LOCAL_EXPORT_AHS,2014.0,UPDATED_CHINA_ORDINARY
139.0,USA,2014,2014-02-01,2014-02-28,2.0,28.0,0.0767123287671232,1.0463340822279374,1.2325460799125705,1.0463340822279374,1.2325460799125705,observed_quote_tax_basis_assumed,0.0,0.0,0.0,0.321,0.0,0.0,none,0.8,1.0,US_AD;US_CVD,USA,calendar_days_fixed,A_POLICY_COVER;A_EU_MIX;A_EU_FLOOR;A_FX;A_POLICY_UNKNOWN;A_TARIFF_FILL;A_PRICE_TAX;PV_AD_OFFSET_BOUND;POLICY_FIRM_YEAR_UNKNOWN,main,LOCAL_EXPORT_AHS,2014.0,UPDATED_CHINA_ORDINARY
139.0,USA,2014,2014-03-01,2014-03-31,3.0,31.0,0.084931506849315,1.023935290408728,1.2305187261929451,1.023935290408728,1.2305187261929451,observed_quote_tax_basis_assumed,0.0,0.0,0.0,0.321,0.0,0.0,none,0.8,1.0,US_AD;US_CVD,USA,calendar_days_fixed,A_POLICY_COVER;A_EU_MIX;A_EU_FLOOR;A_FX;A_POLICY_UNKNOWN;A_TARIFF_FILL;A_PRICE_TAX;PV_AD_OFFSET_BOUND;POLICY_FIRM_YEAR_UNKNOWN,main,LOCAL_EXPORT_AHS,2014.0,UPDATED_CHINA_ORDINARY
139.0,USA,2014,2014-04-01,2014-04-30,4.0,30.0,0.0821917808219178,1.0043282324389915,1.201606992382365,1.0043282324389915,1.201606992382365,observed_quote_tax_basis_assumed,0.0,0.0,0.0,0.321,0.0,0.0,none,0.8,1.0,US_AD;US_CVD,USA,calendar_days_fixed,A_POLICY_COVER;A_EU_MIX;A_EU_FLOOR;A_FX;A_POLICY_UNKNOWN;A_TARIFF_FILL;A_PRICE_TAX;PV_AD_OFFSET_BOUND;POLICY_FIRM_YEAR_UNKNOWN,main,LOCAL_EXPORT_AHS,2014.0,UPDATED_CHINA_ORDINARY
139.0,USA,2014,2014-05-01,2014-05-31,5.0,31.0,0.084931506849315,0.998485340330426,1.1678712462793372,0.998485340330426,1.1678712462793372,observed_quote_tax_basis_assumed,0.0,0.0,0.0,0.321,0.0,0.0,none,0.8,1.0,US_AD;US_CVD,USA,calendar_days_fixed,A_POLICY_COVER;A_EU_MIX;A_EU_FLOOR;A_FX;A_POLICY_UNKNOWN;A_TARIFF_FILL;A_PRICE_TAX;PV_AD_OFFSET_BOUND;POLICY_FIRM_YEAR_UNKNOWN,main,LOCAL_EXPORT_AHS,2014.0,UPDATED_CHINA_ORDINARY
139.0,USA,2014,2014-06-01,2014-06-30,6.0,30.0,0.0821917808219178,0.9706744104845764,1.1471606669363172,0.9706744104845764,1.1471606669363172,observed_quote_tax_basis_assumed,0.0,0.0,0.0,0.321,0.0,0.0,none,0.8,1.0,US_AD;US_CVD,USA,calendar_days_fixed,A_POLICY_COVER;A_EU_MIX;A_EU_FLOOR;A_FX;A_POLICY_UNKNOWN;A_TARIFF_FILL;A_PRICE_TAX;PV_AD_OFFSET_BOUND;POLICY_FIRM_YEAR_UNKNOWN,main,LOCAL_EXPORT_AHS,2014.0,UPDATED_CHINA_ORDINARY
139.0,USA,2014,2014-07-01,2014-07-31,7.0,31.0,0.084931506849315,0.9668747294924476,1.1338803645865974,0.9668747294924476,1.1338803645865974,observed_quote_tax_basis_assumed,0.0,0.0,0.0,0.321,0.0,0.0,none,0.8,1.0,US_AD;US_CVD,USA,calendar_days_fixed,A_POLICY_COVER;A_EU_MIX;A_EU_FLOOR;A_FX;A_POLICY_UNKNOWN;A_TARIFF_FILL;A_PRICE_TAX;PV_AD_OFFSET_BOUND;POLICY_FIRM_YEAR_UNKNOWN,main,LOCAL_EXPORT_AHS,2014.0,UPDATED_CHINA_ORDINARY
139.0,USA,2014,2014-08-01,2014-08-31,8.0,31.0,0.084931506849315,0.9336540934028892,1.1065529995886094,0.9336540934028892,1.1065529995886094,observed_quote_tax_basis_assumed,0.0,0.0,0.0,0.321,0.0,0.0,none,0.8,1.0,US_AD;US_CVD,USA,calendar_days_fixed,A_POLICY_COVER;A_EU_MIX;A_EU_FLOOR;A_FX;A_POLICY_UNKNOWN;A_TARIFF_FILL;A_PRICE_TAX;PV_AD_OFFSET_BOUND;POLICY_FIRM_YEAR_UNKNOWN,main,LOCAL_EXPORT_AHS,2014.0,UPDATED_CHINA_ORDINARY
139.0,USA,2014,2014-09-01,2014-09-30,9.0,30.0,0.0821917808219178,0.9045753093677252,1.0553378609290127,0.9045753093677252,1.0553378609290127,observed_quote_tax_basis_assumed,0.0,0.0,0.0,0.321,0.0,0.0,none,0.8,1.0,US_AD;US_CVD,USA,calendar_days_fixed,A_POLICY_COVER;A_EU_MIX;A_EU_FLOOR;A_FX;A_POLICY_UNKNOWN;A_TARIFF_FILL;A_PRICE_TAX;PV_AD_OFFSET_BOUND;POLICY_FIRM_YEAR_UNKNOWN,main,LOCAL_EXPORT_AHS,2014.0,UPDATED_CHINA_ORDINARY
139.0,USA,2014,2014-10-01,2014-10-31,10.0,31.0,0.084931506849315,0.8885453695095287,1.0119544486080745,0.8885453695095287,1.0119544486080745,observed_quote_tax_basis_assumed,0.0,0.0,0.0,0.321,0.0,0.0,none,0.8,1.0,US_AD;US_CVD,USA,calendar_days_fixed,A_POLICY_COVER;A_EU_MIX;A_EU_FLOOR;A_FX;A_POLICY_UNKNOWN;A_TARIFF_FILL;A_PRICE_TAX;PV_AD_OFFSET_BOUND;POLICY_FIRM_YEAR_UNKNOWN,main,LOCAL_EXPORT_AHS,2014.0,UPDATED_CHINA_ORDINARY
139.0,USA,2014,2014-11-01,2014-11-30,11.0,30.0,0.0821917808219178,0.8582904677093165,0.9878437458541188,0.8582904677093165,0.9878437458541188,observed_quote_tax_basis_assumed,0.0,0.0,0.0,0.321,0.0,0.0,none,0.8,1.0,US_AD;US_CVD,USA,calendar_days_fixed,A_POLICY_COVER;A_EU_MIX;A_EU_FLOOR;A_FX;A_POLICY_UNKNOWN;A_TARIFF_FILL;A_PRICE_TAX;PV_AD_OFFSET_BOUND;POLICY_FIRM_YEAR_UNKNOWN,main,LOCAL_EXPORT_AHS,2014.0,UPDATED_CHINA_ORDINARY
139.0,USA,2014,2014-12-01,2014-12-31,12.0,31.0,0.084931506849315,0.8627497629665737,0.984836993575051,0.8627497629665737,0.984836993575051,observed_quote_tax_basis_assumed,0.0,0.0,0.0,0.321,0.0,0.0,none,0.8,1.0,US_AD;US_CVD,USA,calendar_days_fixed,A_POLICY_COVER;A_EU_MIX;A_EU_FLOOR;A_FX;A_POLICY_UNKNOWN;A_TARIFF_FILL;A_PRICE_TAX;PV_AD_OFFSET_BOUND;POLICY_FIRM_YEAR_UNKNOWN,main,LOCAL_EXPORT_AHS,2014.0,UPDATED_CHINA_ORDINARY
140.0,USA,2015,2015-01-01,2015-01-31,1.0,31.0,0.084931506849315,0.7836468068108556,0.8779746631862364,0.7836468068108556,0.8779746631862364,observed_quote_tax_basis_assumed,0.0,0.0,0.0,0.321,0.0,0.0,none,0.8,1.0,US_AD;US_CVD,USA,calendar_days_fixed,A_POLICY_COVER;A_EU_MIX;A_EU_FLOOR;A_FX;A_POLICY_UNKNOWN;A_TARIFF_FILL;A_PRICE_TAX;PV_AD_OFFSET_BOUND;POLICY_FIRM_YEAR_UNKNOWN,main,LOCAL_EXPORT_AHS,2015.0,UPDATED_CHINA_ORDINARY
140.0,USA,2015,2015-02-01,2015-02-28,2.0,28.0,0.0767123287671232,0.7653267250677627,0.8503630278530696,0.7653267250677627,0.8503630278530696,observed_quote_tax_basis_assumed,0.0,0.0,0.0,0.321,0.0,0.0,none,0.8,1.0,US_AD;US_CVD,USA,calendar_days_fixed,A_POLICY_COVER;A_EU_MIX;A_EU_FLOOR;A_FX;A_POLICY_UNKNOWN;A_TARIFF_FILL;A_PRICE_TAX;PV_AD_OFFSET_BOUND;POLICY_FIRM_YEAR_UNKNOWN,main,LOCAL_EXPORT_AHS,2015.0,UPDATED_CHINA_ORDINARY
140.0,USA,2015,2015-03-01,2015-03-31,3.0,31.0,0.084931506849315,0.7308038162617816,0.8323043462981401,0.7308038162617816,0.8323043462981401,observed_quote_tax_basis_assumed,0.0,0.0,0.0,0.321,0.0,0.0,none,0.8,1.0,US_AD;US_CVD,USA,calendar_days_fixed,A_POLICY_COVER;A_EU_MIX;A_EU_FLOOR;A_FX;A_POLICY_UNKNOWN;A_TARIFF_FILL;A_PRICE_TAX;PV_AD_OFFSET_BOUND;POLICY_FIRM_YEAR_UNKNOWN,main,LOCAL_EXPORT_AHS,2015.0,UPDATED_CHINA_ORDINARY
140.0,USA,2015,2015-04-01,2015-04-30,4.0,30.0,0.0821917808219178,0.7403275288041375,0.8345510324701185,0.7403275288041375,0.8345510324701185,observed_quote_tax_basis_assumed,0.0,0.0,0.0,0.321,0.0,0.0,none,0.8,1.0,US_AD;US_CVD,USA,calendar_days_fixed,A_POLICY_COVER;A_EU_MIX;A_EU_FLOOR;A_FX;A_POLICY_UNKNOWN;A_TARIFF_FILL;A_PRICE_TAX;PV_AD_OFFSET_BOUND;POLICY_FIRM_YEAR_UNKNOWN,main,LOCAL_EXPORT_AHS,2015.0,UPDATED_CHINA_ORDINARY
140.0,USA,2015,2015-05-01,2015-05-31,5.0,31.0,0.084931506849315,0.7796793226269166,0.8701778154318265,0.7796793226269166,0.8701778154318265,observed_quote_tax_basis_assumed,0.0,0.0,0.0,0.321,0.0,0.0,none,0.8,1.0,US_AD;US_CVD,USA,calendar_days_fixed,A_POLICY_COVER;A_EU_MIX;A_EU_FLOOR;A_FX;A_POLICY_UNKNOWN;A_TARIFF_FILL;A_PRICE_TAX;PV_AD_OFFSET_BOUND;POLICY_FIRM_YEAR_UNKNOWN,main,LOCAL_EXPORT_AHS,2015.0,UPDATED_CHINA_ORDINARY
140.0,USA,2015,2015-06-01,2015-06-30,6.0,30.0,0.0821917808219178,0.7841322245706475,0.8681463914889309,0.7841322245706475,0.8681463914889309,observed_quote_tax_basis_assumed,0.0,0.0,0.0,0.321,0.0,0.0,none,0.8,1.0,US_AD;US_CVD,USA,calendar_days_fixed,A_POLICY_COVER;A_EU_MIX;A_EU_FLOOR;A_FX;A_POLICY_UNKNOWN;A_TARIFF_FILL;A_PRICE_TAX;PV_AD_OFFSET_BOUND;POLICY_FIRM_YEAR_UNKNOWN,main,LOCAL_EXPORT_AHS,2015.0,UPDATED_CHINA_ORDINARY
140.0,USA,2015,2015-07-01,2015-07-31,7.0,31.0,0.084931506849315,0.7826573192219436,0.8444460549499919,0.7826573192219436,0.8444460549499919,observed_quote_tax_basis_assumed,0.0,0.0,0.0,0.321,0.0,0.0,none,0.8,1.0,US_AD;US_CVD,USA,calendar_days_fixed,A_POLICY_COVER;A_EU_MIX;A_EU_FLOOR;A_FX;A_POLICY_UNKNOWN;A_TARIFF_FILL;A_PRICE_TAX;PV_AD_OFFSET_BOUND;POLICY_FIRM_YEAR_UNKNOWN,main,LOCAL_EXPORT_AHS,2015.0,UPDATED_CHINA_ORDINARY
140.0,USA,2015,2015-08-01,2015-08-31,8.0,31.0,0.084931506849315,0.7928546296754717,0.8484935510562066,0.7928546296754717,0.8484935510562066,observed_quote_tax_basis_assumed,0.0,0.0,0.0,0.321,0.0,0.0,none,0.8,1.0,US_AD;US_CVD,USA,calendar_days_fixed,A_POLICY_COVER;A_EU_MIX;A_EU_FLOOR;A_FX;A_POLICY_UNKNOWN;A_TARIFF_FILL;A_PRICE_TAX;PV_AD_OFFSET_BOUND;POLICY_FIRM_YEAR_UNKNOWN,main,LOCAL_EXPORT_AHS,2015.0,UPDATED_CHINA_ORDINARY
140.0,USA,2015,2015-09-01,2015-09-30,9.0,30.0,0.0821917808219178,0.8238181179610751,0.8816299157127296,0.8238181179610751,0.8816299157127296,observed_quote_tax_basis_assumed,0.0,0.0,0.0,0.321,0.0,0.0,none,0.8,1.0,US_AD;US_CVD,USA,calendar_days_fixed,A_POLICY_COVER;A_EU_MIX;A_EU_FLOOR;A_FX;A_POLICY_UNKNOWN;A_TARIFF_FILL;A_PRICE_TAX;PV_AD_OFFSET_BOUND;POLICY_FIRM_YEAR_UNKNOWN,main,LOCAL_EXPORT_AHS,2015.0,UPDATED_CHINA_ORDINARY
140.0,USA,2015,2015-10-01,2015-10-31,10.0,31.0,0.084931506849315,0.8090265672243003,0.8884845336481153,0.8090265672243003,0.8884845336481153,observed_quote_tax_basis_assumed,0.0,0.0,0.0,0.321,0.0,0.0,none,0.8,1.0,US_AD;US_CVD,USA,calendar_days_fixed,A_POLICY_COVER;A_EU_MIX;A_EU_FLOOR;A_FX;A_POLICY_UNKNOWN;A_TARIFF_FILL;A_PRICE_TAX;PV_AD_OFFSET_BOUND;POLICY_FIRM_YEAR_UNKNOWN,main,LOCAL_EXPORT_AHS,2015.0,UPDATED_CHINA_ORDINARY
140.0,USA,2015,2015-11-01,2015-11-30,11.0,30.0,0.0821917808219178,0.7603831200676149,0.8571591535307657,0.7603831200676149,0.8571591535307657,observed_quote_tax_basis_assumed,0.0,0.0,0.0,0.321,0.0,0.0,none,0.8,1.0,US_AD;US_CVD,USA,calendar_days_fixed,A_POLICY_COVER;A_EU_MIX;A_EU_FLOOR;A_FX;A_POLICY_UNKNOWN;A_TARIFF_FILL;A_PRICE_TAX;PV_AD_OFFSET_BOUND;POLICY_FIRM_YEAR_UNKNOWN,main,LOCAL_EXPORT_AHS,2015.0,UPDATED_CHINA_ORDINARY
140.0,USA,2015,2015-12-01,2015-12-31,12.0,31.0,0.084931506849315,0.770105042618891,0.861117456746578,0.770105042618891,0.861117456746578,observed_quote_tax_basis_assumed,0.0,0.0,0.0,0.321,0.0,0.0,none,0.8,1.0,US_AD;US_CVD,USA,calendar_days_fixed,A_POLICY_COVER;A_EU_MIX;A_EU_FLOOR;A_FX;A_POLICY_UNKNOWN;A_TARIFF_FILL;A_PRICE_TAX;PV_AD_OFFSET_BOUND;POLICY_FIRM_YEAR_UNKNOWN,main,LOCAL_EXPORT_AHS,2015.0,UPDATED_CHINA_ORDINARY
141.0,USA,2016,2016-01-01,2016-01-31,1.0,31.0,0.0846994535519125,0.7754609470994799,0.8654698070306694,0.7754609470994799,0.8654698070306694,observed_quote_tax_basis_assumed,0.0,0.0,0.0,0.321,0.0,0.0,none,0.8,1.0,US_AD;US_CVD,USA,calendar_days_fixed,A_POLICY_COVER;A_EU_MIX;A_EU_FLOOR;A_FX;A_POLICY_UNKNOWN;A_TARIFF_FILL;A_PRICE_TAX;PV_AD_OFFSET_BOUND;POLICY_FIRM_YEAR_UNKNOWN,main,LOCAL_EXPORT_AHS,2016.0,UPDATED_CHINA_ORDINARY
141.0,USA,2016,2016-02-01,2016-02-29,2.0,29.0,0.0792349726775956,0.7780005038629495,0.8699460179558434,0.7780005038629495,0.8699460179558434,observed_quote_tax_basis_assumed,0.0,0.0,0.0,0.321,0.0,0.0,none,0.8,1.0,US_AD;US_CVD,USA,calendar_days_fixed,A_POLICY_COVER;A_EU_MIX;A_EU_FLOOR;A_FX;A_POLICY_UNKNOWN;A_TARIFF_FILL;A_PRICE_TAX;PV_AD_OFFSET_BOUND;POLICY_FIRM_YEAR_UNKNOWN,main,LOCAL_EXPORT_AHS,2016.0,UPDATED_CHINA_ORDINARY
141.0,USA,2016,2016-03-01,2016-03-31,3.0,31.0,0.0846994535519125,0.7787644863397156,0.8495612578251441,0.7787644863397156,0.8495612578251441,observed_quote_tax_basis_assumed,0.0,0.0,0.0,0.321,0.0,0.0,none,0.8,1.0,US_AD;US_CVD,USA,calendar_days_fixed,A_POLICY_COVER;A_EU_MIX;A_EU_FLOOR;A_FX;A_POLICY_UNKNOWN;A_TARIFF_FILL;A_PRICE_TAX;PV_AD_OFFSET_BOUND;POLICY_FIRM_YEAR_UNKNOWN,main,LOCAL_EXPORT_AHS,2016.0,UPDATED_CHINA_ORDINARY
141.0,USA,2016,2016-04-01,2016-04-30,4.0,30.0,0.081967213114754,0.7944156135931028,0.8738571749524129,0.7944156135931028,0.8738571749524129,observed_quote_tax_basis_assumed,0.0,0.0,0.0,0.321,0.0,0.0,none,0.8,1.0,US_AD;US_CVD,USA,calendar_days_fixed,A_POLICY_COVER;A_EU_MIX;A_EU_FLOOR;A_FX;A_POLICY_UNKNOWN;A_TARIFF_FILL;A_PRICE_TAX;PV_AD_OFFSET_BOUND;POLICY_FIRM_YEAR_UNKNOWN,main,LOCAL_EXPORT_AHS,2016.0,UPDATED_CHINA_ORDINARY
141.0,USA,2016,2016-05-01,2016-05-31,5.0,31.0,0.0846994535519125,0.7782994701499374,0.8575707124800236,0.7782994701499374,0.8575707124800236,observed_quote_tax_basis_assumed,0.0,0.0,0.0,0.321,0.0,0.0,none,0.8,1.0,US_AD;US_CVD,USA,calendar_days_fixed,A_POLICY_COVER;A_EU_MIX;A_EU_FLOOR;A_FX;A_POLICY_UNKNOWN;A_TARIFF_FILL;A_PRICE_TAX;PV_AD_OFFSET_BOUND;POLICY_FIRM_YEAR_UNKNOWN,main,LOCAL_EXPORT_AHS,2016.0,UPDATED_CHINA_ORDINARY
141.0,USA,2016,2016-06-01,2016-06-30,6.0,30.0,0.081967213114754,0.7591586187691494,0.8379392301508536,0.7591586187691494,0.8379392301508536,observed_quote_tax_basis_assumed,0.0,0.0,0.0,0.321,0.0,0.0,none,0.8,1.0,US_AD;US_CVD,USA,calendar_days_fixed,A_POLICY_COVER;A_EU_MIX;A_EU_FLOOR;A_FX;A_POLICY_UNKNOWN;A_TARIFF_FILL;A_PRICE_TAX;PV_AD_OFFSET_BOUND;POLICY_FIRM_YEAR_UNKNOWN,main,LOCAL_EXPORT_AHS,2016.0,UPDATED_CHINA_ORDINARY
141.0,USA,2016,2016-07-01,2016-07-31,7.0,31.0,0.0846994535519125,0.7330790988487496,0.8035674737380523,0.7330790988487496,0.8035674737380523,observed_quote_tax_basis_assumed,0.0,0.0,0.0,0.321,0.0,0.0,none,0.8,1.0,US_AD;US_CVD,USA,calendar_days_fixed,A_POLICY_COVER;A_EU_MIX;A_EU_FLOOR;A_FX;A_POLICY_UNKNOWN;A_TARIFF_FILL;A_PRICE_TAX;PV_AD_OFFSET_BOUND;POLICY_FIRM_YEAR_UNKNOWN,main,LOCAL_EXPORT_AHS,2016.0,UPDATED_CHINA_ORDINARY
141.0,USA,2016,2016-08-01,2016-08-31,8.0,31.0,0.0846994535519125,0.7280738985555929,0.8280056101220468,0.7280738985555929,0.8280056101220468,observed_quote_tax_basis_assumed,0.0,0.0,0.0,0.321,0.0,0.0,none,0.8,1.0,US_AD;US_CVD,USA,calendar_days_fixed,A_POLICY_COVER;A_EU_MIX;A_EU_FLOOR;A_FX;A_POLICY_UNKNOWN;A_TARIFF_FILL;A_PRICE_TAX;PV_AD_OFFSET_BOUND;POLICY_FIRM_YEAR_UNKNOWN,main,LOCAL_EXPORT_AHS,2016.0,UPDATED_CHINA_ORDINARY
141.0,USA,2016,2016-09-01,2016-09-30,9.0,30.0,0.081967213114754,0.7423697374619559,0.7923369313295875,0.7423697374619559,0.7923369313295875,observed_quote_tax_basis_assumed,0.0,0.0,0.0,0.321,0.0,0.0,none,0.8,1.0,US_AD;US_CVD,USA,calendar_days_fixed,A_POLICY_COVER;A_EU_MIX;A_EU_FLOOR;A_FX;A_POLICY_UNKNOWN;A_TARIFF_FILL;A_PRICE_TAX;PV_AD_OFFSET_BOUND;POLICY_FIRM_YEAR_UNKNOWN,main,LOCAL_EXPORT_AHS,2016.0,UPDATED_CHINA_ORDINARY
141.0,USA,2016,2016-10-01,2016-10-31,10.0,31.0,0.0846994535519125,0.7036858447593164,0.774054429235248,0.7036858447593164,0.774054429235248,observed_quote_tax_basis_assumed,0.0,0.0,0.0,0.321,0.0,0.0,none,0.8,1.0,US_AD;US_CVD,USA,calendar_days_fixed,A_POLICY_COVER;A_EU_MIX;A_EU_FLOOR;A_FX;A_POLICY_UNKNOWN;A_TARIFF_FILL;A_PRICE_TAX;PV_AD_OFFSET_BOUND;POLICY_FIRM_YEAR_UNKNOWN,main,LOCAL_EXPORT_AHS,2016.0,UPDATED_CHINA_ORDINARY
141.0,USA,2016,2016-11-01,2016-11-30,11.0,30.0,0.081967213114754,0.6749440466200466,0.7438158881118881,0.6749440466200466,0.7438158881118881,observed_quote_tax_basis_assumed,0.0,0.0,0.0,0.321,0.0,0.0,none,0.8,1.0,US_AD;US_CVD,USA,calendar_days_fixed,A_POLICY_COVER;A_EU_MIX;A_EU_FLOOR;A_FX;A_POLICY_UNKNOWN;A_TARIFF_FILL;A_PRICE_TAX;PV_AD_OFFSET_BOUND;POLICY_FIRM_YEAR_UNKNOWN,main,LOCAL_EXPORT_AHS,2016.0,UPDATED_CHINA_ORDINARY
141.0,USA,2016,2016-12-01,2016-12-31,12.0,31.0,0.0846994535519125,0.6716546528435174,0.7186704785425637,0.6716546528435174,0.7186704785425637,observed_quote_tax_basis_assumed,0.0,0.0,0.0,0.321,0.0,0.0,none,0.8,1.0,US_AD;US_CVD,USA,calendar_days_fixed,A_POLICY_COVER;A_EU_MIX;A_EU_FLOOR;A_FX;A_POLICY_UNKNOWN;A_TARIFF_FILL;A_PRICE_TAX;PV_AD_OFFSET_BOUND;POLICY_FIRM_YEAR_UNKNOWN,main,LOCAL_EXPORT_AHS,2016.0,UPDATED_CHINA_ORDINARY
142.0,USA,2017,2017-01-01,2017-01-31,1.0,31.0,0.084931506849315,0.65131797346,0.6978406858499999,0.65131797346,0.6978406858499999,observed_quote_tax_basis_assumed,0.0,0.0,0.0,0.321,0.0,0.0,none,0.8,1.0,US_AD;US_CVD,USA,calendar_days_fixed,A_POLICY_COVER;A_EU_MIX;A_EU_FLOOR;A_FX;A_POLICY_UNKNOWN;A_TARIFF_FILL;A_PRICE_TAX;PV_AD_OFFSET_BOUND;POLICY_FIRM_YEAR_UNKNOWN,main,LOCAL_EXPORT_AHS,2017.0,UPDATED_CHINA_ORDINARY
142.0,USA,2017,2017-02-01,2017-02-28,2.0,28.0,0.0767123287671232,0.653336242055,0.680003027445,0.653336242055,0.680003027445,observed_quote_tax_basis_assumed,0.0,0.0,0.0,0.321,0.0,0.0,none,0.8,1.0,US_AD;US_CVD,USA,calendar_days_fixed,A_POLICY_COVER;A_EU_MIX;A_EU_FLOOR;A_FX;A_POLICY_UNKNOWN;A_TARIFF_FILL;A_PRICE_TAX;PV_AD_OFFSET_BOUND;POLICY_FIRM_YEAR_UNKNOWN,main,LOCAL_EXPORT_AHS,2017.0,UPDATED_CHINA_ORDINARY
142.0,USA,2017,2017-03-01,2017-03-31,3.0,31.0,0.084931506849315,0.6288995552,0.66904208,0.6288995552,0.66904208,observed_quote_tax_basis_assumed,0.0,0.0,0.0,0.321,0.0,0.0,none,0.8,1.0,US_AD;US_CVD,USA,calendar_days_fixed,A_POLICY_COVER;A_EU_MIX;A_EU_FLOOR;A_FX;A_POLICY_UNKNOWN;A_TARIFF_FILL;A_PRICE_TAX;PV_AD_OFFSET_BOUND;POLICY_FIRM_YEAR_UNKNOWN,main,LOCAL_EXPORT_AHS,2017.0,UPDATED_CHINA_ORDINARY
142.0,USA,2017,2017-04-01,2017-04-30,4.0,30.0,0.0821917808219178,0.6161349233900001,0.6630147545175,0.6161349233900001,0.6630147545175,observed_quote_tax_basis_assumed,0.0,0.0,0.0,0.321,0.0,0.0,none,0.8,1.0,US_AD;US_CVD,USA,calendar_days_fixed,A_POLICY_COVER;A_EU_MIX;A_EU_FLOOR;A_FX;A_POLICY_UNKNOWN;A_TARIFF_FILL;A_PRICE_TAX;PV_AD_OFFSET_BOUND;POLICY_FIRM_YEAR_UNKNOWN,main,LOCAL_EXPORT_AHS,2017.0,UPDATED_CHINA_ORDINARY
142.0,USA,2017,2017-05-01,2017-05-31,5.0,31.0,0.084931506849315,0.6360321647399999,0.67751252331,0.6360321647399999,0.67751252331,observed_quote_tax_basis_assumed,0.0,0.0,0.0,0.321,0.0,0.0,none,0.8,1.0,US_AD;US_CVD,USA,calendar_days_fixed,A_POLICY_COVER;A_EU_MIX;A_EU_FLOOR;A_FX;A_POLICY_UNKNOWN;A_TARIFF_FILL;A_PRICE_TAX;PV_AD_OFFSET_BOUND;POLICY_FIRM_YEAR_UNKNOWN,main,LOCAL_EXPORT_AHS,2017.0,UPDATED_CHINA_ORDINARY
142.0,USA,2017,2017-06-01,2017-06-30,6.0,30.0,0.0821917808219178,0.6834862197535653,0.7587457241032978,,,index_bridge,0.0,0.0,0.0,0.321,0.0,0.0,none,0.8,1.0,US_AD;US_CVD,USA,calendar_days_fixed,A_POLICY_COVER;A_EU_MIX;A_EU_FLOOR;A_FX;A_POLICY_UNKNOWN;A_TARIFF_FILL;A_PRICE_TAX;PV_AD_OFFSET_BOUND;POLICY_FIRM_YEAR_UNKNOWN,main,LOCAL_EXPORT_AHS,2017.0,UPDATED_CHINA_ORDINARY
142.0,USA,2017,2017-07-01,2017-07-31,7.0,31.0,0.084931506849315,0.7190854065307387,0.7982647809154071,,,index_bridge,0.0,0.0,0.0,0.321,0.0,0.0,none,0.8,1.0,US_AD;US_CVD,USA,calendar_days_fixed,A_POLICY_COVER;A_EU_MIX;A_EU_FLOOR;A_FX;A_POLICY_UNKNOWN;A_TARIFF_FILL;A_PRICE_TAX;PV_AD_OFFSET_BOUND;POLICY_FIRM_YEAR_UNKNOWN,main,LOCAL_EXPORT_AHS,2017.0,UPDATED_CHINA_ORDINARY
142.0,USA,2017,2017-08-01,2017-08-31,8.0,31.0,0.084931506849315,0.7376777050824325,0.8189043002204721,,,index_bridge,0.0,0.0,0.0,0.321,0.0,0.0,none,0.8,1.0,US_AD;US_CVD,USA,calendar_days_fixed,A_POLICY_COVER;A_EU_MIX;A_EU_FLOOR;A_FX;A_POLICY_UNKNOWN;A_TARIFF_FILL;A_PRICE_TAX;PV_AD_OFFSET_BOUND;POLICY_FIRM_YEAR_UNKNOWN,main,LOCAL_EXPORT_AHS,2017.0,UPDATED_CHINA_ORDINARY
142.0,USA,2017,2017-09-01,2017-09-30,9.0,30.0,0.0821917808219178,0.7443664359352588,0.8263295354155424,,,index_bridge,0.0,0.0,0.0,0.321,0.0,0.0,none,0.8,1.0,US_AD;US_CVD,USA,calendar_days_fixed,A_POLICY_COVER;A_EU_MIX;A_EU_FLOOR;A_FX;A_POLICY_UNKNOWN;A_TARIFF_FILL;A_PRICE_TAX;PV_AD_OFFSET_BOUND;POLICY_FIRM_YEAR_UNKNOWN,main,LOCAL_EXPORT_AHS,2017.0,UPDATED_CHINA_ORDINARY
142.0,USA,2017,2017-10-01,2017-10-31,10.0,31.0,0.084931506849315,0.7152718333710166,0.7940312905466657,,,index_bridge,0.0,0.0,0.0,0.321,0.0,0.0,none,0.8,1.0,US_AD;US_CVD,USA,calendar_days_fixed,A_POLICY_COVER;A_EU_MIX;A_EU_FLOOR;A_FX;A_POLICY_UNKNOWN;A_TARIFF_FILL;A_PRICE_TAX;PV_AD_OFFSET_BOUND;POLICY_FIRM_YEAR_UNKNOWN,main,LOCAL_EXPORT_AHS,2017.0,UPDATED_CHINA_ORDINARY
142.0,USA,2017,2017-11-01,2017-11-30,11.0,30.0,0.0821917808219178,0.6803818599439665,0.7552995394348484,,,index_bridge,0.0,0.0,0.0,0.321,0.0,0.0,none,0.8,1.0,US_AD;US_CVD,USA,calendar_days_fixed,A_POLICY_COVER;A_EU_MIX;A_EU_FLOOR;A_FX;A_POLICY_UNKNOWN;A_TARIFF_FILL;A_PRICE_TAX;PV_AD_OFFSET_BOUND;POLICY_FIRM_YEAR_UNKNOWN,main,LOCAL_EXPORT_AHS,2017.0,UPDATED_CHINA_ORDINARY
142.0,USA,2017,2017-12-01,2017-12-31,12.0,31.0,0.084931506849315,0.6512233829889086,0.722930386887791,,,index_bridge,0.0,0.0,0.0,0.321,0.0,0.0,none,0.8,1.0,US_AD;US_CVD,USA,calendar_days_fixed,A_POLICY_COVER;A_EU_MIX;A_EU_FLOOR;A_FX;A_POLICY_UNKNOWN;A_TARIFF_FILL;A_PRICE_TAX;PV_AD_OFFSET_BOUND;POLICY_FIRM_YEAR_UNKNOWN,main,LOCAL_EXPORT_AHS,2017.0,UPDATED_CHINA_ORDINARY
143.0,USA,2018,2018-01-01,2018-01-31,1.0,31.0,0.084931506849315,0.655027440164083,0.7271533134552772,,,index_bridge,0.0,0.0,0.0,0.321,0.0,0.0,none,0.8,1.0,US_AD;US_CVD,USA,calendar_days_fixed,A_POLICY_COVER;A_EU_MIX;A_EU_FLOOR;A_FX;A_POLICY_UNKNOWN;A_TARIFF_FILL;A_PRICE_TAX;PV_AD_OFFSET_BOUND;POLICY_FIRM_YEAR_UNKNOWN,main,LOCAL_EXPORT_AHS,2018.0,UPDATED_CHINA_ORDINARY
143.0,USA,2018,2018-02-01,2018-02-06,2.0,6.0,0.0164383561643835,0.6647304348272245,0.7379247167387408,,,index_bridge,0.0,0.0,0.0,0.321,0.0,0.0,none,0.8,1.0,US_AD;US_CVD,USA,calendar_days_fixed,A_POLICY_COVER;A_EU_MIX;A_EU_FLOOR;A_FX;A_POLICY_UNKNOWN;A_TARIFF_FILL;A_PRICE_TAX;PV_AD_OFFSET_BOUND;POLICY_FIRM_YEAR_UNKNOWN,main,LOCAL_EXPORT_AHS,2018.0,UPDATED_CHINA_ORDINARY
143.0,USA,2018,2018-02-07,2018-02-28,2.0,22.0,0.0602739726027397,0.6647304348272245,0.7379247167387408,,,index_bridge,0.0,0.0,0.3,0.321,0.0,0.0,none,0.8,1.0,US_AD;US_CVD;US_201_RATES,USA,calendar_days_fixed,A_POLICY_COVER;A_EU_MIX;A_EU_FLOOR;A_FX;A_POLICY_UNKNOWN;A_TARIFF_FILL;A_PRICE_TAX;PV_AD_OFFSET_BOUND;POLICY_FIRM_YEAR_UNKNOWN,main,LOCAL_EXPORT_AHS,2018.0,UPDATED_CHINA_ORDINARY
143.0,USA,2018,2018-03-01,2018-03-31,3.0,31.0,0.084931506849315,0.6450430138824986,0.7160694897733482,,,index_bridge,0.0,0.0,0.3,0.321,0.0,0.0,none,0.8,1.0,US_AD;US_CVD;US_201_RATES,USA,calendar_days_fixed,A_POLICY_COVER;A_EU_MIX;A_EU_FLOOR;A_FX;A_POLICY_UNKNOWN;A_TARIFF_FILL;A_PRICE_TAX;PV_AD_OFFSET_BOUND;POLICY_FIRM_YEAR_UNKNOWN,main,LOCAL_EXPORT_AHS,2018.0,UPDATED_CHINA_ORDINARY
143.0,USA,2018,2018-04-01,2018-04-30,4.0,30.0,0.0821917808219178,0.6248356131344818,0.6936370273919885,,,index_bridge,0.0,0.0,0.3,0.321,0.0,0.0,none,0.8,1.0,US_AD;US_CVD;US_201_RATES,USA,calendar_days_fixed,A_POLICY_COVER;A_EU_MIX;A_EU_FLOOR;A_FX;A_POLICY_UNKNOWN;A_TARIFF_FILL;A_PRICE_TAX;PV_AD_OFFSET_BOUND;POLICY_FIRM_YEAR_UNKNOWN,main,LOCAL_EXPORT_AHS,2018.0,UPDATED_CHINA_ORDINARY
143.0,USA,2018,2018-05-01,2018-05-31,5.0,31.0,0.084931506849315,0.5850384784497941,0.6494577814893321,,,index_bridge,0.0,0.0,0.3,0.321,0.0,0.0,none,0.8,1.0,US_AD;US_CVD;US_201_RATES,USA,calendar_days_fixed,A_POLICY_COVER;A_EU_MIX;A_EU_FLOOR;A_FX;A_POLICY_UNKNOWN;A_TARIFF_FILL;A_PRICE_TAX;PV_AD_OFFSET_BOUND;POLICY_FIRM_YEAR_UNKNOWN,main,LOCAL_EXPORT_AHS,2018.0,UPDATED_CHINA_ORDINARY
143.0,USA,2018,2018-06-01,2018-06-30,6.0,30.0,0.0821917808219178,0.5600553168749636,0.6217236934102497,,,index_bridge,0.0,0.0,0.3,0.321,0.0,0.0,none,0.8,1.0,US_AD;US_CVD;US_201_RATES,USA,calendar_days_fixed,A_POLICY_COVER;A_EU_MIX;A_EU_FLOOR;A_FX;A_POLICY_UNKNOWN;A_TARIFF_FILL;A_PRICE_TAX;PV_AD_OFFSET_BOUND;POLICY_FIRM_YEAR_UNKNOWN,main,LOCAL_EXPORT_AHS,2018.0,UPDATED_CHINA_ORDINARY
143.0,USA,2018,2018-07-01,2018-07-31,7.0,31.0,0.084931506849315,0.5436607621600794,0.6035239142062432,,,index_bridge,0.0,0.0,0.3,0.321,0.0,0.0,none,0.8,1.0,US_AD;US_CVD;US_201_RATES,USA,calendar_days_fixed,A_POLICY_COVER;A_EU_MIX;A_EU_FLOOR;A_FX;A_POLICY_UNKNOWN;A_TARIFF_FILL;A_PRICE_TAX;PV_AD_OFFSET_BOUND;POLICY_FIRM_YEAR_UNKNOWN,main,LOCAL_EXPORT_AHS,2018.0,UPDATED_CHINA_ORDINARY
143.0,USA,2018,2018-08-01,2018-08-22,8.0,22.0,0.0602739726027397,0.5200018991617037,0.577259944841015,,,index_bridge,0.0,0.0,0.3,0.321,0.0,0.0,none,0.8,1.0,US_AD;US_CVD;US_201_RATES,USA,calendar_days_fixed,A_POLICY_COVER;A_EU_MIX;A_EU_FLOOR;A_FX;A_POLICY_UNKNOWN;A_TARIFF_FILL;A_PRICE_TAX;PV_AD_OFFSET_BOUND;POLICY_FIRM_YEAR_UNKNOWN,main,LOCAL_EXPORT_AHS,2018.0,UPDATED_CHINA_ORDINARY
143.0,USA,2018,2018-08-23,2018-08-31,8.0,9.0,0.0246575342465753,0.5200018991617037,0.577259944841015,,,index_bridge,0.0,0.0,0.3,0.571,0.0,0.0,none,0.8,1.0,US_AD;US_CVD;US_201_RATES;US_301_2018,USA,calendar_days_fixed,A_POLICY_COVER;A_EU_MIX;A_EU_FLOOR;A_FX;A_POLICY_UNKNOWN;A_TARIFF_FILL;A_PRICE_TAX;PV_AD_OFFSET_BOUND;POLICY_FIRM_YEAR_UNKNOWN,main,LOCAL_EXPORT_AHS,2018.0,UPDATED_CHINA_ORDINARY
143.0,USA,2018,2018-09-01,2018-09-30,9.0,30.0,0.0821917808219178,0.491111693367402,0.54518860312063,,,index_bridge,0.0,0.0,0.3,0.571,0.0,0.0,none,0.8,1.0,US_AD;US_CVD;US_201_RATES;US_301_2018,USA,calendar_days_fixed,A_POLICY_COVER;A_EU_MIX;A_EU_FLOOR;A_FX;A_POLICY_UNKNOWN;A_TARIFF_FILL;A_PRICE_TAX;PV_AD_OFFSET_BOUND;POLICY_FIRM_YEAR_UNKNOWN,main,LOCAL_EXPORT_AHS,2018.0,UPDATED_CHINA_ORDINARY
143.0,USA,2018,2018-10-01,2018-10-31,10.0,31.0,0.084931506849315,0.4860318235809892,0.5395493826534903,,,index_bridge,0.0,0.0,0.3,0.571,0.0,0.0,none,0.8,1.0,US_AD;US_CVD;US_201_RATES;US_301_2018,USA,calendar_days_fixed,A_POLICY_COVER;A_EU_MIX;A_EU_FLOOR;A_FX;A_POLICY_UNKNOWN;A_TARIFF_FILL;A_PRICE_TAX;PV_AD_OFFSET_BOUND;POLICY_FIRM_YEAR_UNKNOWN,main,LOCAL_EXPORT_AHS,2018.0,UPDATED_CHINA_ORDINARY
143.0,USA,2018,2018-11-01,2018-11-30,11.0,30.0,0.0821917808219178,0.4461069108009444,0.4952282888529768,,,index_bridge,0.0,0.0,0.3,0.571,0.0,0.0,none,0.8,1.0,US_AD;US_CVD;US_201_RATES;US_301_2018,USA,calendar_days_fixed,A_POLICY_COVER;A_EU_MIX;A_EU_FLOOR;A_FX;A_POLICY_UNKNOWN;A_TARIFF_FILL;A_PRICE_TAX;PV_AD_OFFSET_BOUND;POLICY_FIRM_YEAR_UNKNOWN,main,LOCAL_EXPORT_AHS,2018.0,UPDATED_CHINA_ORDINARY
143.0,USA,2018,2018-12-01,2018-12-31,12.0,31.0,0.084931506849315,0.445321925914791,0.4943568683200664,,,index_bridge,0.0,0.0,0.3,0.571,0.0,0.0,none,0.8,1.0,US_AD;US_CVD;US_201_RATES;US_301_2018,USA,calendar_days_fixed,A_POLICY_COVER;A_EU_MIX;A_EU_FLOOR;A_FX;A_POLICY_UNKNOWN;A_TARIFF_FILL;A_PRICE_TAX;PV_AD_OFFSET_BOUND;POLICY_FIRM_YEAR_UNKNOWN,main,LOCAL_EXPORT_AHS,2018.0,UPDATED_CHINA_ORDINARY
144.0,USA,2019,2019-01-01,2019-01-31,1.0,31.0,0.084931506849315,0.4407953936392269,0.4893319140344654,,,index_bridge,0.0,0.0,0.3,0.571,0.0,0.0,none,0.8,1.0,US_AD;US_CVD;US_201_RATES;US_301_2018,USA,calendar_days_fixed,A_POLICY_COVER;A_EU_MIX;A_EU_FLOOR;A_FX;A_POLICY_UNKNOWN;A_TARIFF_FILL;A_PRICE_TAX;PV_AD_OFFSET_BOUND;POLICY_FIRM_YEAR_UNKNOWN,main,LOCAL_EXPORT_AHS,2019.0,UPDATED_CHINA_ORDINARY
144.0,USA,2019,2019-02-01,2019-02-06,2.0,6.0,0.0164383561643835,0.4220528087387762,0.4685255601668083,,,index_bridge,0.0,0.0,0.3,0.571,0.0,0.0,none,0.8,1.0,US_AD;US_CVD;US_201_RATES;US_301_2018,USA,calendar_days_fixed,A_POLICY_COVER;A_EU_MIX;A_EU_FLOOR;A_FX;A_POLICY_UNKNOWN;A_TARIFF_FILL;A_PRICE_TAX;PV_AD_OFFSET_BOUND;POLICY_FIRM_YEAR_UNKNOWN,main,LOCAL_EXPORT_AHS,2019.0,UPDATED_CHINA_ORDINARY
144.0,USA,2019,2019-02-07,2019-02-28,2.0,22.0,0.0602739726027397,0.4220528087387762,0.4685255601668083,,,index_bridge,0.0,0.0,0.25,0.571,0.0,0.0,none,0.8,1.0,US_AD;US_CVD;US_201_RATES;US_301_2018,USA,calendar_days_fixed,A_POLICY_COVER;A_EU_MIX;A_EU_FLOOR;A_FX;A_POLICY_UNKNOWN;A_TARIFF_FILL;A_PRICE_TAX;PV_AD_OFFSET_BOUND;POLICY_FIRM_YEAR_UNKNOWN,main,LOCAL_EXPORT_AHS,2019.0,UPDATED_CHINA_ORDINARY
144.0,USA,2019,2019-03-01,2019-03-31,3.0,31.0,0.084931506849315,0.43639361763407,0.4844454530849272,,,index_bridge,0.0,0.0,0.25,0.571,0.0,0.0,none,0.8,1.0,US_AD;US_CVD;US_201_RATES;US_301_2018,USA,calendar_days_fixed,A_POLICY_COVER;A_EU_MIX;A_EU_FLOOR;A_FX;A_POLICY_UNKNOWN;A_TARIFF_FILL;A_PRICE_TAX;PV_AD_OFFSET_BOUND;POLICY_FIRM_YEAR_UNKNOWN,main,LOCAL_EXPORT_AHS,2019.0,UPDATED_CHINA_ORDINARY
144.0,USA,2019,2019-04-01,2019-04-30,4.0,30.0,0.0821917808219178,0.4178512434680968,0.4638613554008097,,,index_bridge,0.0,0.0,0.25,0.571,0.0,0.0,none,0.8,1.0,US_AD;US_CVD;US_201_RATES;US_301_2018,USA,calendar_days_fixed,A_POLICY_COVER;A_EU_MIX;A_EU_FLOOR;A_FX;A_POLICY_UNKNOWN;A_TARIFF_FILL;A_PRICE_TAX;PV_AD_OFFSET_BOUND;POLICY_FIRM_YEAR_UNKNOWN,main,LOCAL_EXPORT_AHS,2019.0,UPDATED_CHINA_ORDINARY
144.0,USA,2019,2019-05-01,2019-05-31,5.0,31.0,0.084931506849315,0.4318373933480303,0.4793875373652296,,,index_bridge,0.0,0.0,0.25,0.571,0.0,0.0,none,0.8,1.0,US_AD;US_CVD;US_201_RATES;US_301_2018,USA,calendar_days_fixed,A_POLICY_COVER;A_EU_MIX;A_EU_FLOOR;A_FX;A_POLICY_UNKNOWN;A_TARIFF_FILL;A_PRICE_TAX;PV_AD_OFFSET_BOUND;POLICY_FIRM_YEAR_UNKNOWN,main,LOCAL_EXPORT_AHS,2019.0,UPDATED_CHINA_ORDINARY
144.0,USA,2019,2019-06-01,2019-06-30,6.0,30.0,0.0821917808219178,0.4198962531131177,0.4661315435612515,,,index_bridge,0.0,0.0,0.25,0.571,0.0,0.0,none,0.8,1.0,US_AD;US_CVD;US_201_RATES;US_301_2018,USA,calendar_days_fixed,A_POLICY_COVER;A_EU_MIX;A_EU_FLOOR;A_FX;A_POLICY_UNKNOWN;A_TARIFF_FILL;A_PRICE_TAX;PV_AD_OFFSET_BOUND;POLICY_FIRM_YEAR_UNKNOWN,main,LOCAL_EXPORT_AHS,2019.0,UPDATED_CHINA_ORDINARY
144.0,USA,2019,2019-07-01,2019-07-31,7.0,31.0,0.084931506849315,0.4331502037355332,0.4808449029115831,,,index_bridge,0.0,0.0,0.25,0.571,0.0,0.0,none,0.8,1.0,US_AD;US_CVD;US_201_RATES;US_301_2018,USA,calendar_days_fixed,A_POLICY_COVER;A_EU_MIX;A_EU_FLOOR;A_FX;A_POLICY_UNKNOWN;A_TARIFF_FILL;A_PRICE_TAX;PV_AD_OFFSET_BOUND;POLICY_FIRM_YEAR_UNKNOWN,main,LOCAL_EXPORT_AHS,2019.0,UPDATED_CHINA_ORDINARY
144.0,USA,2019,2019-08-01,2019-08-31,8.0,31.0,0.084931506849315,0.4136868601909633,0.459238426783183,,,index_bridge,0.0,0.0,0.25,0.571,0.0,0.0,none,0.8,1.0,US_AD;US_CVD;US_201_RATES;US_301_2018,USA,calendar_days_fixed,A_POLICY_COVER;A_EU_MIX;A_EU_FLOOR;A_FX;A_POLICY_UNKNOWN;A_TARIFF_FILL;A_PRICE_TAX;PV_AD_OFFSET_BOUND;POLICY_FIRM_YEAR_UNKNOWN,main,LOCAL_EXPORT_AHS,2019.0,UPDATED_CHINA_ORDINARY
144.0,USA,2019,2019-09-01,2019-09-30,9.0,30.0,0.0821917808219178,0.3933783413315631,0.4366937120514113,,,index_bridge,0.0,0.0,0.25,0.571,0.0,0.0,none,0.8,1.0,US_AD;US_CVD;US_201_RATES;US_301_2018,USA,calendar_days_fixed,A_POLICY_COVER;A_EU_MIX;A_EU_FLOOR;A_FX;A_POLICY_UNKNOWN;A_TARIFF_FILL;A_PRICE_TAX;PV_AD_OFFSET_BOUND;POLICY_FIRM_YEAR_UNKNOWN,main,LOCAL_EXPORT_AHS,2019.0,UPDATED_CHINA_ORDINARY
144.0,USA,2019,2019-10-01,2019-10-31,10.0,31.0,0.084931506849315,0.3951301852582417,0.438638453657384,,,index_bridge,0.0,0.0,0.25,0.571,0.0,0.0,none,0.8,1.0,US_AD;US_CVD;US_201_RATES;US_301_2018,USA,calendar_days_fixed,A_POLICY_COVER;A_EU_MIX;A_EU_FLOOR;A_FX;A_POLICY_UNKNOWN;A_TARIFF_FILL;A_PRICE_TAX;PV_AD_OFFSET_BOUND;POLICY_FIRM_YEAR_UNKNOWN,main,LOCAL_EXPORT_AHS,2019.0,UPDATED_CHINA_ORDINARY
144.0,USA,2019,2019-11-01,2019-11-30,11.0,30.0,0.0821917808219178,0.3950586814244998,0.438559076448977,,,index_bridge,0.0,0.0,0.25,0.571,0.0,0.0,none,0.8,1.0,US_AD;US_CVD;US_201_RATES;US_301_2018,USA,calendar_days_fixed,A_POLICY_COVER;A_EU_MIX;A_EU_FLOOR;A_FX;A_POLICY_UNKNOWN;A_TARIFF_FILL;A_PRICE_TAX;PV_AD_OFFSET_BOUND;POLICY_FIRM_YEAR_UNKNOWN,main,LOCAL_EXPORT_AHS,2019.0,UPDATED_CHINA_ORDINARY
144.0,USA,2019,2019-12-01,2019-12-31,12.0,31.0,0.084931506849315,0.3814186100998776,0.4234170801732473,,,index_bridge,0.0,0.0,0.25,0.571,0.0,0.0,none,0.8,1.0,US_AD;US_CVD;US_201_RATES;US_301_2018,USA,calendar_days_fixed,A_POLICY_COVER;A_EU_MIX;A_EU_FLOOR;A_FX;A_POLICY_UNKNOWN;A_TARIFF_FILL;A_PRICE_TAX;PV_AD_OFFSET_BOUND;POLICY_FIRM_YEAR_UNKNOWN,main,LOCAL_EXPORT_AHS,2019.0,UPDATED_CHINA_ORDINARY
145.0,USA,2020,2020-01-01,2020-01-31,1.0,31.0,0.0846994535519125,0.3916536227402709,0.4347790825847101,,,index_bridge,0.0,0.0,0.25,0.571,0.0,0.0,none,0.8,1.0,US_AD;US_CVD;US_201_RATES;US_301_2018,USA,calendar_days_fixed,A_POLICY_COVER;A_EU_MIX;A_EU_FLOOR;A_FX;A_POLICY_UNKNOWN;A_TARIFF_FILL;A_PRICE_TAX;PV_AD_OFFSET_BOUND;POLICY_FIRM_YEAR_UNKNOWN,main,LOCAL_EXPORT_AHS,2020.0,UPDATED_CHINA_ORDINARY
145.0,USA,2020,2020-02-01,2020-02-06,2.0,6.0,0.0163934426229508,0.4001511722342303,0.444212307655762,,,index_bridge,0.0,0.0,0.25,0.571,0.0,0.0,none,0.8,1.0,US_AD;US_CVD;US_201_RATES;US_301_2018,USA,calendar_days_fixed,A_POLICY_COVER;A_EU_MIX;A_EU_FLOOR;A_FX;A_POLICY_UNKNOWN;A_TARIFF_FILL;A_PRICE_TAX;PV_AD_OFFSET_BOUND;POLICY_FIRM_YEAR_UNKNOWN,main,LOCAL_EXPORT_AHS,2020.0,UPDATED_CHINA_ORDINARY
145.0,USA,2020,2020-02-07,2020-02-29,2.0,23.0,0.0628415300546448,0.4001511722342303,0.444212307655762,,,index_bridge,0.0,0.0,0.2,0.571,0.0,0.0,none,0.8,1.0,US_AD;US_CVD;US_201_RATES;US_301_2018,USA,calendar_days_fixed,A_POLICY_COVER;A_EU_MIX;A_EU_FLOOR;A_FX;A_POLICY_UNKNOWN;A_TARIFF_FILL;A_PRICE_TAX;PV_AD_OFFSET_BOUND;POLICY_FIRM_YEAR_UNKNOWN,main,LOCAL_EXPORT_AHS,2020.0,UPDATED_CHINA_ORDINARY
145.0,USA,2020,2020-03-01,2020-03-31,3.0,31.0,0.0846994535519125,0.4059639138384141,0.4506650973536757,,,index_bridge,0.0,0.0,0.2,0.571,0.0,0.0,none,0.8,1.0,US_AD;US_CVD;US_201_RATES;US_301_2018,USA,calendar_days_fixed,A_POLICY_COVER;A_EU_MIX;A_EU_FLOOR;A_FX;A_POLICY_UNKNOWN;A_TARIFF_FILL;A_PRICE_TAX;PV_AD_OFFSET_BOUND;POLICY_FIRM_YEAR_UNKNOWN,main,LOCAL_EXPORT_AHS,2020.0,UPDATED_CHINA_ORDINARY
145.0,USA,2020,2020-04-01,2020-04-30,4.0,30.0,0.081967213114754,0.398569648573222,0.4424566404884109,,,index_bridge,0.0,0.0,0.2,0.571,0.0,0.0,none,0.8,1.0,US_AD;US_CVD;US_201_RATES;US_301_2018,USA,calendar_days_fixed,A_POLICY_COVER;A_EU_MIX;A_EU_FLOOR;A_FX;A_POLICY_UNKNOWN;A_TARIFF_FILL;A_PRICE_TAX;PV_AD_OFFSET_BOUND;POLICY_FIRM_YEAR_UNKNOWN,main,LOCAL_EXPORT_AHS,2020.0,UPDATED_CHINA_ORDINARY
145.0,USA,2020,2020-05-01,2020-05-31,5.0,31.0,0.0846994535519125,0.3846496011905039,0.4270038396480944,,,index_bridge,0.0,0.0,0.2,0.571,0.0,0.0,none,0.8,1.0,US_AD;US_CVD;US_201_RATES;US_301_2018,USA,calendar_days_fixed,A_POLICY_COVER;A_EU_MIX;A_EU_FLOOR;A_FX;A_POLICY_UNKNOWN;A_TARIFF_FILL;A_PRICE_TAX;PV_AD_OFFSET_BOUND;POLICY_FIRM_YEAR_UNKNOWN,main,LOCAL_EXPORT_AHS,2020.0,UPDATED_CHINA_ORDINARY
145.0,USA,2020,2020-06-01,2020-06-30,6.0,30.0,0.081967213114754,0.3812115019799509,0.4231871671247031,,,index_bridge,0.0,0.0,0.2,0.571,0.0,0.0,none,0.8,1.0,US_AD;US_CVD;US_201_RATES;US_301_2018,USA,calendar_days_fixed,A_POLICY_COVER;A_EU_MIX;A_EU_FLOOR;A_FX;A_POLICY_UNKNOWN;A_TARIFF_FILL;A_PRICE_TAX;PV_AD_OFFSET_BOUND;POLICY_FIRM_YEAR_UNKNOWN,main,LOCAL_EXPORT_AHS,2020.0,UPDATED_CHINA_ORDINARY
145.0,USA,2020,2020-07-01,2020-07-31,7.0,31.0,0.0846994535519125,0.355926910091064,0.3951184578706863,,,index_bridge,0.0,0.0,0.2,0.571,0.0,0.0,none,0.8,1.0,US_AD;US_CVD;US_201_RATES;US_301_2018,USA,calendar_days_fixed,A_POLICY_COVER;A_EU_MIX;A_EU_FLOOR;A_FX;A_POLICY_UNKNOWN;A_TARIFF_FILL;A_PRICE_TAX;PV_AD_OFFSET_BOUND;POLICY_FIRM_YEAR_UNKNOWN,main,LOCAL_EXPORT_AHS,2020.0,UPDATED_CHINA_ORDINARY
145.0,USA,2020,2020-08-01,2020-08-31,8.0,31.0,0.0846994535519125,0.3505575765752396,0.3891579004685412,,,index_bridge,0.0,0.0,0.2,0.571,0.0,0.0,none,0.8,1.0,US_AD;US_CVD;US_201_RATES;US_301_2018,USA,calendar_days_fixed,A_POLICY_COVER;A_EU_MIX;A_EU_FLOOR;A_FX;A_POLICY_UNKNOWN;A_TARIFF_FILL;A_PRICE_TAX;PV_AD_OFFSET_BOUND;POLICY_FIRM_YEAR_UNKNOWN,main,LOCAL_EXPORT_AHS,2020.0,UPDATED_CHINA_ORDINARY
145.0,USA,2020,2020-09-01,2020-09-30,9.0,30.0,0.081967213114754,0.3494998073724115,0.3879836590039169,,,index_bridge,0.0,0.0,0.2,0.571,0.0,0.0,none,0.8,1.0,US_AD;US_CVD;US_201_RATES;US_301_2018,USA,calendar_days_fixed,A_POLICY_COVER;A_EU_MIX;A_EU_FLOOR;A_FX;A_POLICY_UNKNOWN;A_TARIFF_FILL;A_PRICE_TAX;PV_AD_OFFSET_BOUND;POLICY_FIRM_YEAR_UNKNOWN,main,LOCAL_EXPORT_AHS,2020.0,UPDATED_CHINA_ORDINARY
145.0,USA,2020,2020-10-01,2020-10-31,10.0,31.0,0.0846994535519125,0.3489891499511527,0.3874167724688798,,,index_bridge,0.0,0.0,0.2,0.571,0.0,0.0,none,0.8,1.0,US_AD;US_CVD;US_201_RATES;US_301_2018,USA,calendar_days_fixed,A_POLICY_COVER;A_EU_MIX;A_EU_FLOOR;A_FX;A_POLICY_UNKNOWN;A_TARIFF_FILL;A_PRICE_TAX;PV_AD_OFFSET_BOUND;POLICY_FIRM_YEAR_UNKNOWN,main,LOCAL_EXPORT_AHS,2020.0,UPDATED_CHINA_ORDINARY
145.0,USA,2020,2020-11-01,2020-11-30,11.0,30.0,0.081967213114754,0.3675550748048358,0.4080270140357605,,,index_bridge,0.0,0.0,0.2,0.571,0.0,0.0,none,0.8,1.0,US_AD;US_CVD;US_201_RATES;US_301_2018,USA,calendar_days_fixed,A_POLICY_COVER;A_EU_MIX;A_EU_FLOOR;A_FX;A_POLICY_UNKNOWN;A_TARIFF_FILL;A_PRICE_TAX;PV_AD_OFFSET_BOUND;POLICY_FIRM_YEAR_UNKNOWN,main,LOCAL_EXPORT_AHS,2020.0,UPDATED_CHINA_ORDINARY
145.0,USA,2020,2020-12-01,2020-12-31,12.0,31.0,0.0846994535519125,0.3778580677742381,0.4194644821734781,,,index_bridge,0.0,0.0,0.2,0.571,0.0,0.0,none,0.8,1.0,US_AD;US_CVD;US_201_RATES;US_301_2018,USA,calendar_days_fixed,A_POLICY_COVER;A_EU_MIX;A_EU_FLOOR;A_FX;A_POLICY_UNKNOWN;A_TARIFF_FILL;A_PRICE_TAX;PV_AD_OFFSET_BOUND;POLICY_FIRM_YEAR_UNKNOWN,main,LOCAL_EXPORT_AHS,2020.0,UPDATED_CHINA_ORDINARY
146.0,USA,2021,2021-01-01,2021-01-31,1.0,31.0,0.084931506849315,0.3778178498205821,0.4194198357717119,,,index_bridge,0.0,0.0,0.2,0.571,0.0,0.0,none,0.8,1.0,US_AD;US_CVD;US_201_RATES;US_301_2018,USA,calendar_days_fixed,A_POLICY_COVER;A_EU_MIX;A_EU_FLOOR;A_FX;A_POLICY_UNKNOWN;A_TARIFF_FILL;A_PRICE_TAX;PV_AD_OFFSET_BOUND;POLICY_FIRM_YEAR_UNKNOWN,main,LOCAL_EXPORT_AHS,2021.0,UPDATED_CHINA_ORDINARY
146.0,USA,2021,2021-02-01,2021-02-06,2.0,6.0,0.0164383561643835,0.3918816772586748,0.4350322484653094,,,index_bridge,0.0,0.0,0.2,0.571,0.0,0.0,none,0.8,1.0,US_AD;US_CVD;US_201_RATES;US_301_2018,USA,calendar_days_fixed,A_POLICY_COVER;A_EU_MIX;A_EU_FLOOR;A_FX;A_POLICY_UNKNOWN;A_TARIFF_FILL;A_PRICE_TAX;PV_AD_OFFSET_BOUND;POLICY_FIRM_YEAR_UNKNOWN,main,LOCAL_EXPORT_AHS,2021.0,UPDATED_CHINA_ORDINARY
146.0,USA,2021,2021-02-07,2021-02-28,2.0,22.0,0.0602739726027397,0.3918816772586748,0.4350322484653094,,,index_bridge,0.0,0.0,0.15,0.571,0.0,0.0,none,0.8,1.0,US_AD;US_CVD;US_201_RATES;US_301_2018,USA,calendar_days_fixed,A_POLICY_COVER;A_EU_MIX;A_EU_FLOOR;A_FX;A_POLICY_UNKNOWN;A_TARIFF_FILL;A_PRICE_TAX;PV_AD_OFFSET_BOUND;POLICY_FIRM_YEAR_UNKNOWN,main,LOCAL_EXPORT_AHS,2021.0,UPDATED_CHINA_ORDINARY
146.0,USA,2021,2021-03-01,2021-03-31,3.0,31.0,0.084931506849315,0.3693816453757618,0.4100547105282556,,,index_bridge,0.0,0.0,0.15,0.571,0.0,0.0,none,0.8,1.0,US_AD;US_CVD;US_201_RATES;US_301_2018,USA,calendar_days_fixed,A_POLICY_COVER;A_EU_MIX;A_EU_FLOOR;A_FX;A_POLICY_UNKNOWN;A_TARIFF_FILL;A_PRICE_TAX;PV_AD_OFFSET_BOUND;POLICY_FIRM_YEAR_UNKNOWN,main,LOCAL_EXPORT_AHS,2021.0,UPDATED_CHINA_ORDINARY
146.0,USA,2021,2021-04-01,2021-04-30,4.0,30.0,0.0821917808219178,0.3880052095859815,0.4307289381917809,,,index_bridge,0.0,0.0,0.15,0.571,0.0,0.0,none,0.8,1.0,US_AD;US_CVD;US_201_RATES;US_301_2018,USA,calendar_days_fixed,A_POLICY_COVER;A_EU_MIX;A_EU_FLOOR;A_FX;A_POLICY_UNKNOWN;A_TARIFF_FILL;A_PRICE_TAX;PV_AD_OFFSET_BOUND;POLICY_FIRM_YEAR_UNKNOWN,main,LOCAL_EXPORT_AHS,2021.0,UPDATED_CHINA_ORDINARY
146.0,USA,2021,2021-05-01,2021-05-31,5.0,31.0,0.084931506849315,0.4098148227588359,0.4549400345694323,,,index_bridge,0.0,0.0,0.15,0.571,0.0,0.0,none,0.8,1.0,US_AD;US_CVD;US_201_RATES;US_301_2018,USA,calendar_days_fixed,A_POLICY_COVER;A_EU_MIX;A_EU_FLOOR;A_FX;A_POLICY_UNKNOWN;A_TARIFF_FILL;A_PRICE_TAX;PV_AD_OFFSET_BOUND;POLICY_FIRM_YEAR_UNKNOWN,main,LOCAL_EXPORT_AHS,2021.0,UPDATED_CHINA_ORDINARY
146.0,USA,2021,2021-06-01,2021-06-30,6.0,30.0,0.0821917808219178,0.406451067993495,0.4512058926491245,,,index_bridge,0.0,0.0,0.15,0.571,0.0,0.0,none,0.8,1.0,US_AD;US_CVD;US_201_RATES;US_301_2018,USA,calendar_days_fixed,A_POLICY_COVER;A_EU_MIX;A_EU_FLOOR;A_FX;A_POLICY_UNKNOWN;A_TARIFF_FILL;A_PRICE_TAX;PV_AD_OFFSET_BOUND;POLICY_FIRM_YEAR_UNKNOWN,main,LOCAL_EXPORT_AHS,2021.0,UPDATED_CHINA_ORDINARY
146.0,USA,2021,2021-07-01,2021-07-31,7.0,31.0,0.084931506849315,0.3829348709572001,0.425100298369707,,,index_bridge,0.0,0.0,0.15,0.571,0.0,0.0,none,0.8,1.0,US_AD;US_CVD;US_201_RATES;US_301_2018,USA,calendar_days_fixed,A_POLICY_COVER;A_EU_MIX;A_EU_FLOOR;A_FX;A_POLICY_UNKNOWN;A_TARIFF_FILL;A_PRICE_TAX;PV_AD_OFFSET_BOUND;POLICY_FIRM_YEAR_UNKNOWN,main,LOCAL_EXPORT_AHS,2021.0,UPDATED_CHINA_ORDINARY
146.0,USA,2021,2021-08-01,2021-08-31,8.0,31.0,0.084931506849315,0.3971972762622079,0.4409331545822355,,,index_bridge,0.0,0.0,0.15,0.571,0.0,0.0,none,0.8,1.0,US_AD;US_CVD;US_201_RATES;US_301_2018,USA,calendar_days_fixed,A_POLICY_COVER;A_EU_MIX;A_EU_FLOOR;A_FX;A_POLICY_UNKNOWN;A_TARIFF_FILL;A_PRICE_TAX;PV_AD_OFFSET_BOUND;POLICY_FIRM_YEAR_UNKNOWN,main,LOCAL_EXPORT_AHS,2021.0,UPDATED_CHINA_ORDINARY
146.0,USA,2021,2021-09-01,2021-09-30,9.0,30.0,0.0821917808219178,0.3971397745173561,0.440869321249867,,,index_bridge,0.0,0.0,0.15,0.571,0.0,0.0,none,0.8,1.0,US_AD;US_CVD;US_201_RATES;US_301_2018,USA,calendar_days_fixed,A_POLICY_COVER;A_EU_MIX;A_EU_FLOOR;A_FX;A_POLICY_UNKNOWN;A_TARIFF_FILL;A_PRICE_TAX;PV_AD_OFFSET_BOUND;POLICY_FIRM_YEAR_UNKNOWN,main,LOCAL_EXPORT_AHS,2021.0,UPDATED_CHINA_ORDINARY
146.0,USA,2021,2021-10-01,2021-10-31,10.0,31.0,0.084931506849315,0.4069765051028449,0.4517891862818011,,,index_bridge,0.0,0.0,0.15,0.571,0.0,0.0,none,0.8,1.0,US_AD;US_CVD;US_201_RATES;US_301_2018,USA,calendar_days_fixed,A_POLICY_COVER;A_EU_MIX;A_EU_FLOOR;A_FX;A_POLICY_UNKNOWN;A_TARIFF_FILL;A_PRICE_TAX;PV_AD_OFFSET_BOUND;POLICY_FIRM_YEAR_UNKNOWN,main,LOCAL_EXPORT_AHS,2021.0,UPDATED_CHINA_ORDINARY
146.0,USA,2021,2021-11-01,2021-11-30,11.0,30.0,0.0821917808219178,0.4313515422681925,0.4788481886282343,,,index_bridge,0.0,0.0,0.15,0.571,0.0,0.0,none,0.8,1.0,US_AD;US_CVD;US_201_RATES;US_301_2018,USA,calendar_days_fixed,A_POLICY_COVER;A_EU_MIX;A_EU_FLOOR;A_FX;A_POLICY_UNKNOWN;A_TARIFF_FILL;A_PRICE_TAX;PV_AD_OFFSET_BOUND;POLICY_FIRM_YEAR_UNKNOWN,main,LOCAL_EXPORT_AHS,2021.0,UPDATED_CHINA_ORDINARY
146.0,USA,2021,2021-12-01,2021-12-31,12.0,31.0,0.084931506849315,0.4271845666939666,0.4742223822725088,,,index_bridge,0.0,0.0,0.15,0.571,0.0,0.0,none,0.8,1.0,US_AD;US_CVD;US_201_RATES;US_301_2018,USA,calendar_days_fixed,A_POLICY_COVER;A_EU_MIX;A_EU_FLOOR;A_FX;A_POLICY_UNKNOWN;A_TARIFF_FILL;A_PRICE_TAX;PV_AD_OFFSET_BOUND;POLICY_FIRM_YEAR_UNKNOWN,main,LOCAL_EXPORT_AHS,2021.0,UPDATED_CHINA_ORDINARY
147.0,USA,2022,2022-01-01,2022-01-31,1.0,31.0,0.084931506849315,0.3991349470699152,0.4430841846945877,,,index_bridge,0.0,0.0,0.15,0.571,0.0,0.0,none,0.8,1.0,US_AD;US_CVD;US_201_RATES;US_301_2018,USA,calendar_days_fixed,A_POLICY_COVER;A_EU_MIX;A_EU_FLOOR;A_FX;A_POLICY_UNKNOWN;A_TARIFF_FILL;A_PRICE_TAX;PV_AD_OFFSET_BOUND;POLICY_FIRM_YEAR_UNKNOWN,main,WITS_SAME_YEAR_MFN_FALLBACK,2022.0,UPDATED_CHINA_ORDINARY
147.0,USA,2022,2022-02-01,2022-02-06,2.0,6.0,0.0164383561643835,0.4143917327643764,0.4600209137385274,,,index_bridge,0.0,0.0,0.15,0.571,0.0,0.0,none,0.8,1.0,US_AD;US_CVD;US_201_RATES;US_301_2018,USA,calendar_days_fixed,A_POLICY_COVER;A_EU_MIX;A_EU_FLOOR;A_FX;A_POLICY_UNKNOWN;A_TARIFF_FILL;A_PRICE_TAX;PV_AD_OFFSET_BOUND;POLICY_FIRM_YEAR_UNKNOWN,main,WITS_SAME_YEAR_MFN_FALLBACK,2022.0,UPDATED_CHINA_ORDINARY
147.0,USA,2022,2022-02-07,2022-02-28,2.0,22.0,0.0602739726027397,0.4143917327643764,0.4600209137385274,,,index_bridge,0.0,0.0,0.1475,0.571,0.0,0.0,none,0.8,1.0,US_AD;US_CVD;US_201_RATES;US_301_2018,USA,calendar_days_fixed,A_POLICY_COVER;A_EU_MIX;A_EU_FLOOR;A_FX;A_POLICY_UNKNOWN;A_TARIFF_FILL;A_PRICE_TAX;PV_AD_OFFSET_BOUND;POLICY_FIRM_YEAR_UNKNOWN,main,WITS_SAME_YEAR_MFN_FALLBACK,2022.0,UPDATED_CHINA_ORDINARY
147.0,USA,2022,2022-03-01,2022-03-31,3.0,31.0,0.084931506849315,0.4161543193617464,0.4619775809038119,,,index_bridge,0.0,0.0,0.1475,0.571,0.0,0.0,none,0.8,1.0,US_AD;US_CVD;US_201_RATES;US_301_2018,USA,calendar_days_fixed,A_POLICY_COVER;A_EU_MIX;A_EU_FLOOR;A_FX;A_POLICY_UNKNOWN;A_TARIFF_FILL;A_PRICE_TAX;PV_AD_OFFSET_BOUND;POLICY_FIRM_YEAR_UNKNOWN,main,WITS_SAME_YEAR_MFN_FALLBACK,2022.0,UPDATED_CHINA_ORDINARY
147.0,USA,2022,2022-04-01,2022-04-30,4.0,30.0,0.0821917808219178,0.422537756083487,0.4690639056572956,,,index_bridge,0.0,0.0,0.1475,0.571,0.0,0.0,none,0.8,1.0,US_AD;US_CVD;US_201_RATES;US_301_2018,USA,calendar_days_fixed,A_POLICY_COVER;A_EU_MIX;A_EU_FLOOR;A_FX;A_POLICY_UNKNOWN;A_TARIFF_FILL;A_PRICE_TAX;PV_AD_OFFSET_BOUND;POLICY_FIRM_YEAR_UNKNOWN,main,WITS_SAME_YEAR_MFN_FALLBACK,2022.0,UPDATED_CHINA_ORDINARY
147.0,USA,2022,2022-05-01,2022-05-31,5.0,31.0,0.084931506849315,0.4264826219335463,0.4734431455152299,,,index_bridge,0.0,0.0,0.1475,0.571,0.0,0.0,none,0.8,1.0,US_AD;US_CVD;US_201_RATES;US_301_2018,USA,calendar_days_fixed,A_POLICY_COVER;A_EU_MIX;A_EU_FLOOR;A_FX;A_POLICY_UNKNOWN;A_TARIFF_FILL;A_PRICE_TAX;PV_AD_OFFSET_BOUND;POLICY_FIRM_YEAR_UNKNOWN,main,WITS_SAME_YEAR_MFN_FALLBACK,2022.0,UPDATED_CHINA_ORDINARY
147.0,USA,2022,2022-06-01,2022-06-30,6.0,30.0,0.0821917808219178,0.4392829464090298,0.4876529293882825,,,index_bridge,0.0,0.0,0.1475,0.571,0.0,0.0,none,0.8,1.0,US_AD;US_CVD;US_201_RATES;US_301_2018,USA,calendar_days_fixed,A_POLICY_COVER;A_EU_MIX;A_EU_FLOOR;A_FX;A_POLICY_UNKNOWN;A_TARIFF_FILL;A_PRICE_TAX;PV_AD_OFFSET_BOUND;POLICY_FIRM_YEAR_UNKNOWN,main,WITS_SAME_YEAR_MFN_FALLBACK,2022.0,UPDATED_CHINA_ORDINARY
147.0,USA,2022,2022-07-01,2022-07-31,7.0,31.0,0.084931506849315,0.436020831471694,0.4840316189818643,,,index_bridge,0.0,0.0,0.1475,0.571,0.0,0.0,none,0.8,1.0,US_AD;US_CVD;US_201_RATES;US_301_2018,USA,calendar_days_fixed,A_POLICY_COVER;A_EU_MIX;A_EU_FLOOR;A_FX;A_POLICY_UNKNOWN;A_TARIFF_FILL;A_PRICE_TAX;PV_AD_OFFSET_BOUND;POLICY_FIRM_YEAR_UNKNOWN,main,WITS_SAME_YEAR_MFN_FALLBACK,2022.0,UPDATED_CHINA_ORDINARY
147.0,USA,2022,2022-08-01,2022-08-31,8.0,31.0,0.084931506849315,0.433858912989129,0.481631649008662,,,index_bridge,0.0,0.0,0.1475,0.571,0.0,0.0,none,0.8,1.0,US_AD;US_CVD;US_201_RATES;US_301_2018,USA,calendar_days_fixed,A_POLICY_COVER;A_EU_MIX;A_EU_FLOOR;A_FX;A_POLICY_UNKNOWN;A_TARIFF_FILL;A_PRICE_TAX;PV_AD_OFFSET_BOUND;POLICY_FIRM_YEAR_UNKNOWN,main,WITS_SAME_YEAR_MFN_FALLBACK,2022.0,UPDATED_CHINA_ORDINARY
147.0,USA,2022,2022-09-01,2022-09-30,9.0,30.0,0.0821917808219178,0.4242352326810014,0.4709482934809358,,,index_bridge,0.0,0.0,0.1475,0.571,0.0,0.0,none,0.8,1.0,US_AD;US_CVD;US_201_RATES;US_301_2018,USA,calendar_days_fixed,A_POLICY_COVER;A_EU_MIX;A_EU_FLOOR;A_FX;A_POLICY_UNKNOWN;A_TARIFF_FILL;A_PRICE_TAX;PV_AD_OFFSET_BOUND;POLICY_FIRM_YEAR_UNKNOWN,main,WITS_SAME_YEAR_MFN_FALLBACK,2022.0,UPDATED_CHINA_ORDINARY
147.0,USA,2022,2022-10-01,2022-10-31,10.0,31.0,0.084931506849315,0.4332688726984054,0.4809766386592263,,,index_bridge,0.0,0.0,0.1475,0.571,0.0,0.0,none,0.8,1.0,US_AD;US_CVD;US_201_RATES;US_301_2018,USA,calendar_days_fixed,A_POLICY_COVER;A_EU_MIX;A_EU_FLOOR;A_FX;A_POLICY_UNKNOWN;A_TARIFF_FILL;A_PRICE_TAX;PV_AD_OFFSET_BOUND;POLICY_FIRM_YEAR_UNKNOWN,main,WITS_SAME_YEAR_MFN_FALLBACK,2022.0,UPDATED_CHINA_ORDINARY
147.0,USA,2022,2022-11-01,2022-11-30,11.0,30.0,0.0821917808219178,0.4369788628059536,0.4850951403191175,,,index_bridge,0.0,0.0,0.1475,0.571,0.0,0.0,none,0.8,1.0,US_AD;US_CVD;US_201_RATES;US_301_2018,USA,calendar_days_fixed,A_POLICY_COVER;A_EU_MIX;A_EU_FLOOR;A_FX;A_POLICY_UNKNOWN;A_TARIFF_FILL;A_PRICE_TAX;PV_AD_OFFSET_BOUND;POLICY_FIRM_YEAR_UNKNOWN,main,WITS_SAME_YEAR_MFN_FALLBACK,2022.0,UPDATED_CHINA_ORDINARY
147.0,USA,2022,2022-12-01,2022-12-31,12.0,31.0,0.084931506849315,0.4135577084730845,0.4590950540115469,,,index_bridge,0.0,0.0,0.1475,0.571,0.0,0.0,none,0.8,1.0,US_AD;US_CVD;US_201_RATES;US_301_2018,USA,calendar_days_fixed,A_POLICY_COVER;A_EU_MIX;A_EU_FLOOR;A_FX;A_POLICY_UNKNOWN;A_TARIFF_FILL;A_PRICE_TAX;PV_AD_OFFSET_BOUND;POLICY_FIRM_YEAR_UNKNOWN,main,WITS_SAME_YEAR_MFN_FALLBACK,2022.0,UPDATED_CHINA_ORDINARY
148.0,USA,2023,2023-01-01,2023-01-31,1.0,31.0,0.084931506849315,0.392886830455484,0.436148080311082,,,index_bridge,0.0,0.0,0.1475,0.571,0.0,0.0,none,0.8,1.0,US_AD;US_CVD;US_201_RATES;US_301_2018,USA,calendar_days_fixed,A_POLICY_COVER;A_EU_MIX;A_EU_FLOOR;A_FX;A_POLICY_UNKNOWN;A_TARIFF_FILL;A_PRICE_TAX;PV_AD_OFFSET_BOUND;POLICY_FIRM_YEAR_UNKNOWN,main,WITS_SAME_YEAR_MFN_FALLBACK,2023.0,UPDATED_CHINA_ORDINARY
148.0,USA,2023,2023-02-01,2023-02-06,2.0,6.0,0.0164383561643835,0.3778897100733375,0.4194996086448663,,,index_bridge,0.0,0.0,0.1475,0.571,0.0,0.0,none,0.8,1.0,US_AD;US_CVD;US_201_RATES;US_301_2018,USA,calendar_days_fixed,A_POLICY_COVER;A_EU_MIX;A_EU_FLOOR;A_FX;A_POLICY_UNKNOWN;A_TARIFF_FILL;A_PRICE_TAX;PV_AD_OFFSET_BOUND;POLICY_FIRM_YEAR_UNKNOWN,main,WITS_SAME_YEAR_MFN_FALLBACK,2023.0,UPDATED_CHINA_ORDINARY
148.0,USA,2023,2023-02-07,2023-02-28,2.0,22.0,0.0602739726027397,0.3778897100733375,0.4194996086448663,,,index_bridge,0.0,0.0,0.145,0.571,0.0,0.0,none,0.8,1.0,US_AD;US_CVD;US_201_RATES;US_301_2018,USA,calendar_days_fixed,A_POLICY_COVER;A_EU_MIX;A_EU_FLOOR;A_FX;A_POLICY_UNKNOWN;A_TARIFF_FILL;A_PRICE_TAX;PV_AD_OFFSET_BOUND;POLICY_FIRM_YEAR_UNKNOWN,main,WITS_SAME_YEAR_MFN_FALLBACK,2023.0,UPDATED_CHINA_ORDINARY
148.0,USA,2023,2023-03-01,2023-03-31,3.0,31.0,0.084931506849315,0.3905821911129385,0.4335896743092943,,,index_bridge,0.0,0.0,0.145,0.571,0.0,0.0,none,0.8,1.0,US_AD;US_CVD;US_201_RATES;US_301_2018,USA,calendar_days_fixed,A_POLICY_COVER;A_EU_MIX;A_EU_FLOOR;A_FX;A_POLICY_UNKNOWN;A_TARIFF_FILL;A_PRICE_TAX;PV_AD_OFFSET_BOUND;POLICY_FIRM_YEAR_UNKNOWN,main,WITS_SAME_YEAR_MFN_FALLBACK,2023.0,UPDATED_CHINA_ORDINARY
148.0,USA,2023,2023-04-01,2023-04-30,4.0,30.0,0.0821917808219178,0.386613008949376,0.4291834406388101,,,index_bridge,0.0,0.0,0.145,0.571,0.0,0.0,none,0.8,1.0,US_AD;US_CVD;US_201_RATES;US_301_2018,USA,calendar_days_fixed,A_POLICY_COVER;A_EU_MIX;A_EU_FLOOR;A_FX;A_POLICY_UNKNOWN;A_TARIFF_FILL;A_PRICE_TAX;PV_AD_OFFSET_BOUND;POLICY_FIRM_YEAR_UNKNOWN,main,WITS_SAME_YEAR_MFN_FALLBACK,2023.0,UPDATED_CHINA_ORDINARY
148.0,USA,2023,2023-05-01,2023-05-31,5.0,31.0,0.084931506849315,0.3702162619165361,0.4109812277180341,,,index_bridge,0.0,0.0,0.145,0.571,0.0,0.0,none,0.8,1.0,US_AD;US_CVD;US_201_RATES;US_301_2018,USA,calendar_days_fixed,A_POLICY_COVER;A_EU_MIX;A_EU_FLOOR;A_FX;A_POLICY_UNKNOWN;A_TARIFF_FILL;A_PRICE_TAX;PV_AD_OFFSET_BOUND;POLICY_FIRM_YEAR_UNKNOWN,main,WITS_SAME_YEAR_MFN_FALLBACK,2023.0,UPDATED_CHINA_ORDINARY
148.0,USA,2023,2023-06-01,2023-06-30,6.0,30.0,0.0821917808219178,0.3427424217275228,0.380482209353586,,,index_bridge,0.0,0.0,0.145,0.571,0.0,0.0,none,0.8,1.0,US_AD;US_CVD;US_201_RATES;US_301_2018,USA,calendar_days_fixed,A_POLICY_COVER;A_EU_MIX;A_EU_FLOOR;A_FX;A_POLICY_UNKNOWN;A_TARIFF_FILL;A_PRICE_TAX;PV_AD_OFFSET_BOUND;POLICY_FIRM_YEAR_UNKNOWN,main,WITS_SAME_YEAR_MFN_FALLBACK,2023.0,UPDATED_CHINA_ORDINARY
148.0,USA,2023,2023-07-01,2023-07-31,7.0,31.0,0.084931506849315,0.3227484502058135,0.358286677151913,,,index_bridge,0.0,0.0,0.145,0.571,0.0,0.0,none,0.8,1.0,US_AD;US_CVD;US_201_RATES;US_301_2018,USA,calendar_days_fixed,A_POLICY_COVER;A_EU_MIX;A_EU_FLOOR;A_FX;A_POLICY_UNKNOWN;A_TARIFF_FILL;A_PRICE_TAX;PV_AD_OFFSET_BOUND;POLICY_FIRM_YEAR_UNKNOWN,main,WITS_SAME_YEAR_MFN_FALLBACK,2023.0,UPDATED_CHINA_ORDINARY
148.0,USA,2023,2023-08-01,2023-08-31,8.0,31.0,0.084931506849315,0.2918591323221597,0.3239960986627956,,,index_bridge,0.0,0.0,0.145,0.571,0.0,0.0,none,0.8,1.0,US_AD;US_CVD;US_201_RATES;US_301_2018,USA,calendar_days_fixed,A_POLICY_COVER;A_EU_MIX;A_EU_FLOOR;A_FX;A_POLICY_UNKNOWN;A_TARIFF_FILL;A_PRICE_TAX;PV_AD_OFFSET_BOUND;POLICY_FIRM_YEAR_UNKNOWN,main,WITS_SAME_YEAR_MFN_FALLBACK,2023.0,UPDATED_CHINA_ORDINARY
148.0,USA,2023,2023-09-01,2023-09-30,9.0,30.0,0.0821917808219178,0.2598525550554744,0.2884652379922829,,,index_bridge,0.0,0.0,0.145,0.571,0.0,0.0,none,0.8,1.0,US_AD;US_CVD;US_201_RATES;US_301_2018,USA,calendar_days_fixed,A_POLICY_COVER;A_EU_MIX;A_EU_FLOOR;A_FX;A_POLICY_UNKNOWN;A_TARIFF_FILL;A_PRICE_TAX;PV_AD_OFFSET_BOUND;POLICY_FIRM_YEAR_UNKNOWN,main,WITS_SAME_YEAR_MFN_FALLBACK,2023.0,UPDATED_CHINA_ORDINARY
148.0,USA,2023,2023-10-01,2023-10-31,10.0,31.0,0.084931506849315,0.2440580958601042,0.2709316315600537,,,index_bridge,0.0,0.0,0.145,0.571,0.0,0.0,none,0.8,1.0,US_AD;US_CVD;US_201_RATES;US_301_2018,USA,calendar_days_fixed,A_POLICY_COVER;A_EU_MIX;A_EU_FLOOR;A_FX;A_POLICY_UNKNOWN;A_TARIFF_FILL;A_PRICE_TAX;PV_AD_OFFSET_BOUND;POLICY_FIRM_YEAR_UNKNOWN,main,WITS_SAME_YEAR_MFN_FALLBACK,2023.0,UPDATED_CHINA_ORDINARY
148.0,USA,2023,2023-11-01,2023-11-30,11.0,30.0,0.0821917808219178,0.2234469027395794,0.248050914733745,,,index_bridge,0.0,0.0,0.145,0.571,0.0,0.0,none,0.8,1.0,US_AD;US_CVD;US_201_RATES;US_301_2018,USA,calendar_days_fixed,A_POLICY_COVER;A_EU_MIX;A_EU_FLOOR;A_FX;A_POLICY_UNKNOWN;A_TARIFF_FILL;A_PRICE_TAX;PV_AD_OFFSET_BOUND;POLICY_FIRM_YEAR_UNKNOWN,main,WITS_SAME_YEAR_MFN_FALLBACK,2023.0,UPDATED_CHINA_ORDINARY
148.0,USA,2023,2023-12-01,2023-12-31,12.0,31.0,0.084931506849315,0.1990971981274849,0.2210200343390146,,,index_bridge,0.0,0.0,0.145,0.571,0.0,0.0,none,0.8,1.0,US_AD;US_CVD;US_201_RATES;US_301_2018,USA,calendar_days_fixed,A_POLICY_COVER;A_EU_MIX;A_EU_FLOOR;A_FX;A_POLICY_UNKNOWN;A_TARIFF_FILL;A_PRICE_TAX;PV_AD_OFFSET_BOUND;POLICY_FIRM_YEAR_UNKNOWN,main,WITS_SAME_YEAR_MFN_FALLBACK,2023.0,UPDATED_CHINA_ORDINARY
149.0,USA,2024,2024-01-01,2024-01-31,1.0,31.0,0.0846994535519125,0.1814377625419244,0.2014160966832521,,,index_bridge,0.0,0.0,0.145,0.571,0.0,0.0,none,0.8,1.0,US_AD;US_CVD;US_201_RATES;US_301_2018,USA,calendar_days_fixed,A_POLICY_COVER;A_EU_MIX;A_EU_FLOOR;A_FX;A_POLICY_UNKNOWN;A_TARIFF_FILL;A_PRICE_TAX;PV_AD_OFFSET_BOUND;POLICY_FIRM_YEAR_UNKNOWN,main,CARRY_2021_USER_RULE,2021.0,UPDATED_CHINA_ORDINARY
149.0,USA,2024,2024-02-01,2024-02-06,2.0,6.0,0.0163934426229508,0.1794709755531008,0.1992327443714383,,,index_bridge,0.0,0.0,0.145,0.571,0.0,0.0,none,0.8,1.0,US_AD;US_CVD;US_201_RATES;US_301_2018,USA,calendar_days_fixed,A_POLICY_COVER;A_EU_MIX;A_EU_FLOOR;A_FX;A_POLICY_UNKNOWN;A_TARIFF_FILL;A_PRICE_TAX;PV_AD_OFFSET_BOUND;POLICY_FIRM_YEAR_UNKNOWN,main,CARRY_2021_USER_RULE,2021.0,UPDATED_CHINA_ORDINARY
149.0,USA,2024,2024-02-07,2024-02-29,2.0,23.0,0.0628415300546448,0.1794709755531008,0.1992327443714383,,,index_bridge,0.0,0.0,0.1425,0.571,0.0,0.0,none,0.8,1.0,US_AD;US_CVD;US_201_RATES;US_301_2018,USA,calendar_days_fixed,A_POLICY_COVER;A_EU_MIX;A_EU_FLOOR;A_FX;A_POLICY_UNKNOWN;A_TARIFF_FILL;A_PRICE_TAX;PV_AD_OFFSET_BOUND;POLICY_FIRM_YEAR_UNKNOWN,main,CARRY_2021_USER_RULE,2021.0,UPDATED_CHINA_ORDINARY
149.0,USA,2024,2024-03-01,2024-03-31,3.0,31.0,0.0846994535519125,0.1678272597388444,0.1863069247551681,,,index_bridge,0.0,0.0,0.1425,0.571,0.0,0.0,none,0.8,1.0,US_AD;US_CVD;US_201_RATES;US_301_2018,USA,calendar_days_fixed,A_POLICY_COVER;A_EU_MIX;A_EU_FLOOR;A_FX;A_POLICY_UNKNOWN;A_TARIFF_FILL;A_PRICE_TAX;PV_AD_OFFSET_BOUND;POLICY_FIRM_YEAR_UNKNOWN,main,CARRY_2021_USER_RULE,2021.0,UPDATED_CHINA_ORDINARY
149.0,USA,2024,2024-04-01,2024-04-30,4.0,30.0,0.081967213114754,0.1656419659366882,0.1838810055773193,,,index_bridge,0.0,0.0,0.1425,0.571,0.0,0.0,none,0.8,1.0,US_AD;US_CVD;US_201_RATES;US_301_2018,USA,calendar_days_fixed,A_POLICY_COVER;A_EU_MIX;A_EU_FLOOR;A_FX;A_POLICY_UNKNOWN;A_TARIFF_FILL;A_PRICE_TAX;PV_AD_OFFSET_BOUND;POLICY_FIRM_YEAR_UNKNOWN,main,CARRY_2021_USER_RULE,2021.0,UPDATED_CHINA_ORDINARY
149.0,USA,2024,2024-05-01,2024-05-31,5.0,31.0,0.0846994535519125,0.1669462248744974,0.1853288780633851,,,index_bridge,0.0,0.0,0.1425,0.571,0.0,0.0,none,0.8,1.0,US_AD;US_CVD;US_201_RATES;US_301_2018,USA,calendar_days_fixed,A_POLICY_COVER;A_EU_MIX;A_EU_FLOOR;A_FX;A_POLICY_UNKNOWN;A_TARIFF_FILL;A_PRICE_TAX;PV_AD_OFFSET_BOUND;POLICY_FIRM_YEAR_UNKNOWN,main,CARRY_2021_USER_RULE,2021.0,UPDATED_CHINA_ORDINARY
149.0,USA,2024,2024-06-01,2024-06-30,6.0,30.0,0.081967213114754,0.1533676245175017,0.1702551213987771,,,index_bridge,0.0,0.0,0.1425,0.571,0.0,0.0,none,0.8,1.0,US_AD;US_CVD;US_201_RATES;US_301_2018,USA,calendar_days_fixed,A_POLICY_COVER;A_EU_MIX;A_EU_FLOOR;A_FX;A_POLICY_UNKNOWN;A_TARIFF_FILL;A_PRICE_TAX;PV_AD_OFFSET_BOUND;POLICY_FIRM_YEAR_UNKNOWN,main,CARRY_2021_USER_RULE,2021.0,UPDATED_CHINA_ORDINARY
149.0,USA,2024,2024-07-01,2024-07-31,7.0,31.0,0.0846994535519125,0.1545583007703133,0.1715769044713574,,,index_bridge,0.0,0.0,0.1425,0.571,0.0,0.0,none,0.8,1.0,US_AD;US_CVD;US_201_RATES;US_301_2018,USA,calendar_days_fixed,A_POLICY_COVER;A_EU_MIX;A_EU_FLOOR;A_FX;A_POLICY_UNKNOWN;A_TARIFF_FILL;A_PRICE_TAX;PV_AD_OFFSET_BOUND;POLICY_FIRM_YEAR_UNKNOWN,main,CARRY_2021_USER_RULE,2021.0,UPDATED_CHINA_ORDINARY
149.0,USA,2024,2024-08-01,2024-08-31,8.0,31.0,0.0846994535519125,0.1504142965479625,0.1669765988711825,,,index_bridge,0.0,0.0,0.1425,0.571,0.0,0.0,none,0.8,1.0,US_AD;US_CVD;US_201_RATES;US_301_2018,USA,calendar_days_fixed,A_POLICY_COVER;A_EU_MIX;A_EU_FLOOR;A_FX;A_POLICY_UNKNOWN;A_TARIFF_FILL;A_PRICE_TAX;PV_AD_OFFSET_BOUND;POLICY_FIRM_YEAR_UNKNOWN,main,CARRY_2021_USER_RULE,2021.0,UPDATED_CHINA_ORDINARY
149.0,USA,2024,2024-09-01,2024-09-26,9.0,26.0,0.0710382513661202,0.1451003063412582,0.1610774786976735,,,index_bridge,0.0,0.0,0.1425,0.571,0.0,0.0,none,0.8,1.0,US_AD;US_CVD;US_201_RATES;US_301_2018,USA,calendar_days_fixed,A_POLICY_COVER;A_EU_MIX;A_EU_FLOOR;A_FX;A_POLICY_UNKNOWN;A_TARIFF_FILL;A_PRICE_TAX;PV_AD_OFFSET_BOUND;POLICY_FIRM_YEAR_UNKNOWN,main,CARRY_2021_USER_RULE,2021.0,UPDATED_CHINA_ORDINARY
149.0,USA,2024,2024-09-27,2024-09-30,9.0,4.0,0.0109289617486338,0.1451003063412582,0.1610774786976735,,,index_bridge,0.0,0.0,0.1425,0.821,0.0,0.0,none,0.8,1.0,US_AD;US_CVD;US_201_RATES;US_301,USA,calendar_days_fixed,A_POLICY_COVER;A_EU_MIX;A_EU_FLOOR;A_FX;A_POLICY_UNKNOWN;A_TARIFF_FILL;A_PRICE_TAX;PV_AD_OFFSET_BOUND;POLICY_FIRM_YEAR_UNKNOWN,main,CARRY_2021_USER_RULE,2021.0,UPDATED_CHINA_ORDINARY
149.0,USA,2024,2024-10-01,2024-10-31,10.0,31.0,0.0846994535519125,0.1424657415318115,0.1581528187319445,,,index_bridge,0.0,0.0,0.1425,0.821,0.0,0.0,none,0.8,1.0,US_AD;US_CVD;US_201_RATES;US_301,USA,calendar_days_fixed,A_POLICY_COVER;A_EU_MIX;A_EU_FLOOR;A_FX;A_POLICY_UNKNOWN;A_TARIFF_FILL;A_PRICE_TAX;PV_AD_OFFSET_BOUND;POLICY_FIRM_YEAR_UNKNOWN,main,CARRY_2021_USER_RULE,2021.0,UPDATED_CHINA_ORDINARY
149.0,USA,2024,2024-11-01,2024-11-30,11.0,30.0,0.081967213114754,0.1262574341838533,0.1401597948204317,,,index_bridge,0.0,0.0,0.1425,0.821,0.0,0.0,none,0.8,1.0,US_AD;US_CVD;US_201_RATES;US_301,USA,calendar_days_fixed,A_POLICY_COVER;A_EU_MIX;A_EU_FLOOR;A_FX;A_POLICY_UNKNOWN;A_TARIFF_FILL;A_PRICE_TAX;PV_AD_OFFSET_BOUND;POLICY_FIRM_YEAR_UNKNOWN,main,CARRY_2021_USER_RULE,2021.0,UPDATED_CHINA_ORDINARY
149.0,USA,2024,2024-12-01,2024-12-31,12.0,31.0,0.0846994535519125,0.1182363622709908,0.1312555128602134,,,index_bridge,0.0,0.0,0.1425,0.821,0.0,0.0,none,0.8,1.0,US_AD;US_CVD;US_201_RATES;US_301,USA,calendar_days_fixed,A_POLICY_COVER;A_EU_MIX;A_EU_FLOOR;A_FX;A_POLICY_UNKNOWN;A_TARIFF_FILL;A_PRICE_TAX;PV_AD_OFFSET_BOUND;POLICY_FIRM_YEAR_UNKNOWN,main,CARRY_2021_USER_RULE,2021.0,UPDATED_CHINA_ORDINARY
,BRA,2010,2010-01-01,2010-12-31,,,1.0,,,,,,0.0188888883590698,0.0188888883590698,0.0,0.0,0.0,0.0,none,0.0,1.0,https://www.gov.br/mdic/pt-br/assuntos/camex/atas/cat/2023/ata-da-11a-reuniao-extraordinaria-do-cat-dez-2023-versao-publica.pdf,,,BRA_EQUAL_ORIGIN_EFFECTIVE_TARIFF_ASSUMPTION;COMMON_RATE_CACHE_PROXY,origin_parity_conditional,LOCAL_EXPORT_AHS,2010.0,PRESERVED_BRA_ORIGIN_PARITY
,BRA,2011,2011-01-01,2011-12-31,,,1.0,,,,,,0.0188888883590698,0.0188888883590698,0.0,0.0,0.0,0.0,none,0.0,1.0,https://www.gov.br/mdic/pt-br/assuntos/camex/atas/cat/2023/ata-da-11a-reuniao-extraordinaria-do-cat-dez-2023-versao-publica.pdf,,,BRA_EQUAL_ORIGIN_EFFECTIVE_TARIFF_ASSUMPTION;COMMON_RATE_CACHE_PROXY,origin_parity_conditional,LOCAL_EXPORT_AHS,2011.0,PRESERVED_BRA_ORIGIN_PARITY
,BRA,2012,2012-01-01,2012-12-31,,,1.0,,,,,,0.0188888883590698,0.0188888883590698,0.0,0.0,0.0,0.0,none,0.0,1.0,https://www.gov.br/mdic/pt-br/assuntos/camex/atas/cat/2023/ata-da-11a-reuniao-extraordinaria-do-cat-dez-2023-versao-publica.pdf,,,BRA_EQUAL_ORIGIN_EFFECTIVE_TARIFF_ASSUMPTION;COMMON_RATE_CACHE_PROXY,origin_parity_conditional,LOCAL_EXPORT_AHS,2012.0,PRESERVED_BRA_ORIGIN_PARITY
,BRA,2013,2013-01-01,2013-12-31,,,1.0,,,,,,0.0122222220897675,0.0122222220897675,0.0,0.0,0.0,0.0,none,0.0,1.0,https://www.gov.br/mdic/pt-br/assuntos/camex/atas/cat/2023/ata-da-11a-reuniao-extraordinaria-do-cat-dez-2023-versao-publica.pdf,,,BRA_EQUAL_ORIGIN_EFFECTIVE_TARIFF_ASSUMPTION;COMMON_RATE_CACHE_PROXY,origin_parity_conditional,LOCAL_EXPORT_AHS,2013.0,PRESERVED_BRA_ORIGIN_PARITY
,BRA,2014,2014-01-01,2014-12-31,,,1.0,,,,,,0.0188888883590698,0.0188888883590698,0.0,0.0,0.0,0.0,none,0.0,1.0,https://www.gov.br/mdic/pt-br/assuntos/camex/atas/cat/2023/ata-da-11a-reuniao-extraordinaria-do-cat-dez-2023-versao-publica.pdf,,,BRA_EQUAL_ORIGIN_EFFECTIVE_TARIFF_ASSUMPTION;COMMON_RATE_CACHE_PROXY,origin_parity_conditional,LOCAL_EXPORT_AHS,2014.0,PRESERVED_BRA_ORIGIN_PARITY
,BRA,2015,2015-01-01,2015-12-31,,,1.0,,,,,,0.0188888883590698,0.0188888883590698,0.0,0.0,0.0,0.0,none,0.0,1.0,https://www.gov.br/mdic/pt-br/assuntos/camex/atas/cat/2023/ata-da-11a-reuniao-extraordinaria-do-cat-dez-2023-versao-publica.pdf,,,BRA_EQUAL_ORIGIN_EFFECTIVE_TARIFF_ASSUMPTION;COMMON_RATE_CACHE_PROXY,origin_parity_conditional,LOCAL_EXPORT_AHS,2015.0,PRESERVED_BRA_ORIGIN_PARITY
,BRA,2016,2016-01-01,2016-12-31,,,1.0,,,,,,0.0188888883590698,0.0188888883590698,0.0,0.0,0.0,0.0,none,0.0,1.0,https://www.gov.br/mdic/pt-br/assuntos/camex/atas/cat/2023/ata-da-11a-reuniao-extraordinaria-do-cat-dez-2023-versao-publica.pdf,,,BRA_EQUAL_ORIGIN_EFFECTIVE_TARIFF_ASSUMPTION;COMMON_RATE_CACHE_PROXY,origin_parity_conditional,LOCAL_EXPORT_AHS,2016.0,PRESERVED_BRA_ORIGIN_PARITY
,BRA,2017,2017-01-01,2017-12-31,,,1.0,,,,,,0.0188888883590698,0.0188888883590698,0.0,0.0,0.0,0.0,none,0.0,1.0,https://www.gov.br/mdic/pt-br/assuntos/camex/atas/cat/2023/ata-da-11a-reuniao-extraordinaria-do-cat-dez-2023-versao-publica.pdf,,,BRA_EQUAL_ORIGIN_EFFECTIVE_TARIFF_ASSUMPTION;COMMON_RATE_CACHE_PROXY,origin_parity_conditional,LOCAL_EXPORT_AHS,2017.0,PRESERVED_BRA_ORIGIN_PARITY
,BRA,2018,2018-01-01,2018-12-31,,,1.0,,,,,,0.0188888883590698,0.0188888883590698,0.0,0.0,0.0,0.0,none,0.0,1.0,https://www.gov.br/mdic/pt-br/assuntos/camex/atas/cat/2023/ata-da-11a-reuniao-extraordinaria-do-cat-dez-2023-versao-publica.pdf,,,BRA_EQUAL_ORIGIN_EFFECTIVE_TARIFF_ASSUMPTION;COMMON_RATE_CACHE_PROXY,origin_parity_conditional,LOCAL_EXPORT_AHS,2018.0,PRESERVED_BRA_ORIGIN_PARITY
,BRA,2019,2019-01-01,2019-12-31,,,1.0,,,,,,0.0444444465637207,0.0444444465637207,0.0,0.0,0.0,0.0,none,0.0,1.0,https://www.gov.br/mdic/pt-br/assuntos/camex/atas/cat/2023/ata-da-11a-reuniao-extraordinaria-do-cat-dez-2023-versao-publica.pdf,,,BRA_EQUAL_ORIGIN_EFFECTIVE_TARIFF_ASSUMPTION;COMMON_RATE_CACHE_PROXY,origin_parity_conditional,LOCAL_EXPORT_AHS,2019.0,PRESERVED_BRA_ORIGIN_PARITY
,BRA,2020,2020-01-01,2020-12-31,,,1.0,,,,,,0.0444444465637207,0.0444444465637207,0.0,0.0,0.0,0.0,none,0.0,1.0,https://www.gov.br/mdic/pt-br/assuntos/camex/atas/cat/2023/ata-da-11a-reuniao-extraordinaria-do-cat-dez-2023-versao-publica.pdf,,,BRA_EQUAL_ORIGIN_EFFECTIVE_TARIFF_ASSUMPTION;COMMON_RATE_CACHE_PROXY,origin_parity_conditional,LOCAL_EXPORT_AHS,2020.0,PRESERVED_BRA_ORIGIN_PARITY
,BRA,2021,2021-01-01,2021-12-31,,,1.0,,,,,,0.0444444465637207,0.0444444465637207,0.0,0.0,0.0,0.0,none,0.0,1.0,https://www.gov.br/mdic/pt-br/assuntos/camex/atas/cat/2023/ata-da-11a-reuniao-extraordinaria-do-cat-dez-2023-versao-publica.pdf,,,BRA_EQUAL_ORIGIN_EFFECTIVE_TARIFF_ASSUMPTION;COMMON_RATE_CACHE_PROXY,origin_parity_conditional,LOCAL_EXPORT_AHS,2021.0,PRESERVED_BRA_ORIGIN_PARITY
,BRA,2022,2022-01-01,2022-12-31,,,1.0,,,,,,0.0444444465637207,0.0444444465637207,0.0,0.0,0.0,0.0,none,0.0,1.0,https://www.gov.br/mdic/pt-br/assuntos/camex/atas/cat/2023/ata-da-11a-reuniao-extraordinaria-do-cat-dez-2023-versao-publica.pdf,,,BRA_EQUAL_ORIGIN_EFFECTIVE_TARIFF_ASSUMPTION;COMMON_RATE_CACHE_PROXY,origin_parity_conditional,CARRY_2021_USER_RULE,2021.0,PRESERVED_BRA_ORIGIN_PARITY
,BRA,2023,2023-01-01,2023-12-31,,,1.0,,,,,,0.0444444465637207,0.0444444465637207,0.0,0.0,0.0,0.0,none,0.0,1.0,https://www.gov.br/mdic/pt-br/assuntos/camex/atas/cat/2023/ata-da-11a-reuniao-extraordinaria-do-cat-dez-2023-versao-publica.pdf,,,BRA_EQUAL_ORIGIN_EFFECTIVE_TARIFF_ASSUMPTION;COMMON_RATE_CACHE_PROXY,origin_parity_conditional,CARRY_2021_USER_RULE,2021.0,PRESERVED_BRA_ORIGIN_PARITY
,BRA,2024,2024-01-01,2024-12-31,,,1.0,,,,,,0.0444444465637207,0.0444444465637207,0.0,0.0,0.0,0.0,none,0.0,1.0,https://www.gov.br/mdic/pt-br/assuntos/camex/atas/cat/2023/ata-da-11a-reuniao-extraordinaria-do-cat-dez-2023-versao-publica.pdf,,,BRA_EQUAL_ORIGIN_EFFECTIVE_TARIFF_ASSUMPTION;COMMON_RATE_CACHE_PROXY,origin_parity_conditional,CARRY_2021_USER_RULE,2021.0,PRESERVED_BRA_ORIGIN_PARITY
