importer_iso3,importer_name,supplier_iso3,supplier_name,year,hs6,hs_scope_note,applied_rate_pct,bilateral_rate_pct,mfn_rate_pct,tariff_source,selected_tariff_type,bilateral_total_lines,bilateral_pref_lines,bilateral_mfn_lines,mfn_total_lines,wits_nomen_code,trade_pair_year_observed,import_value,import_share,datatype
AUS,Australia,AUT,Austria,2016,850231,HS850231 wind-powered generating sets,2.5,,2.5,MFN_FALLBACK,MFN,,,,2.0,H4,True,3185.0,1.7728418792253057e-05,aveestimated
AUS,Australia,BEL,,2019,850231,HS850231 wind-powered generating sets,2.5,,2.5,MFN_FALLBACK,MFN,,,,2.0,H5,True,34720.481,8.337007924322672e-05,aveestimated
AUS,Australia,CAN,Canada,2011,850231,HS850231 wind-powered generating sets,2.5,,2.5,MFN_FALLBACK,MFN,,,,2.0,H3,True,1912.0,1.2370366068634517e-05,aveestimated
AUS,Australia,CAN,Canada,2012,850231,HS850231 wind-powered generating sets,2.5,,2.5,MFN_FALLBACK,MFN,,,,2.0,H4,True,317230.0,0.0009016733625641722,aveestimated
AUS,Australia,CAN,Canada,2013,850231,HS850231 wind-powered generating sets,2.5,,2.5,MFN_FALLBACK,MFN,,,,2.0,H4,True,14263.0,8.43598614844551e-05,aveestimated
AUS,Australia,CHN,China,2010,850231,HS850231 wind-powered generating sets,2.5,,2.5,MFN_FALLBACK,MFN,,,,2.0,H3,True,19191691.0,0.8475768834433621,aveestimated
AUS,Australia,CHN,China,2011,850231,HS850231 wind-powered generating sets,2.5,,2.5,MFN_FALLBACK,MFN,,,,2.0,H3,True,29995790.0,0.19406846381688628,aveestimated
AUS,Australia,CHN,China,2012,850231,HS850231 wind-powered generating sets,2.5,,2.5,MFN_FALLBACK,MFN,,,,2.0,H4,True,10779908.0,0.03064009045327498,aveestimated
AUS,Australia,CHN,China,2013,850231,HS850231 wind-powered generating sets,2.5,,2.5,MFN_FALLBACK,MFN,,,,2.0,H4,True,124832240.0,0.7383320812728217,aveestimated
AUS,Australia,CHN,China,2014,850231,HS850231 wind-powered generating sets,2.5,,2.5,MFN_FALLBACK,MFN,,,,2.0,H4,True,67152418.0,0.9546983849601365,aveestimated
AUS,Australia,CHN,China,2015,850231,HS850231 wind-powered generating sets,2.5,,2.5,MFN_FALLBACK,MFN,,,,2.0,H4,True,362759.0,0.718476926123985,aveestimated
AUS,Australia,CHN,China,2016,850231,HS850231 wind-powered generating sets,1.5,1.5,2.5,BILATERAL_TRAINS,PREF,2.0,1.0,1.0,2.0,H4,True,51928556.0,0.2890458989152167,aveestimated
AUS,Australia,CHN,China,2017,850231,HS850231 wind-powered generating sets,1.0,1.0,2.5,BILATERAL_TRAINS,PREF,2.0,1.0,1.0,2.0,H5,True,126439225.756,0.4309022848039764,aveestimated
AUS,Australia,CHN,China,2018,850231,HS850231 wind-powered generating sets,2.5,,2.5,MFN_FALLBACK,MFN,,,,2.0,H5,True,117022925.929,0.26677968761573034,aveestimated
AUS,Australia,CHN,China,2019,850231,HS850231 wind-powered generating sets,2.5,,2.5,MFN_FALLBACK,MFN,,,,2.0,H5,True,397418341.162,0.9542724536387516,aveestimated
AUS,Australia,CHN,China,2020,850231,HS850231 wind-powered generating sets,2.5,,2.5,MFN_FALLBACK,MFN,,,,2.0,H5,True,156774117.041,0.9990289745502492,aveestimated
AUS,Australia,CHN,China,2021,850231,HS850231 wind-powered generating sets,2.5,,2.5,MFN_FALLBACK,MFN,,,,2.0,H5,True,2379724.823,0.6683931885646818,aveestimated
AUS,Australia,CHN,China,2022,850231,HS850231 wind-powered generating sets,2.5,,2.5,MFN_FALLBACK,MFN,,,,2.0,H6,True,16874593.99,0.3448354120574368,aveestimated
AUS,Australia,CHN,China,2023,850231,HS850231 wind-powered generating sets,2.5,,2.5,MFN_FALLBACK,MFN,,,,2.0,H6,True,70049120.365,0.9953086586854949,aveestimated
AUS,Australia,CHN,China,2024,850231,HS850231 wind-powered generating sets,,,,MISSING,,,,,,,True,135787997.092,0.9984371993461245,aveestimated
AUS,Australia,DEU,Germany,2010,850231,HS850231 wind-powered generating sets,2.5,,2.5,MFN_FALLBACK,MFN,,,,2.0,H3,True,18354.0,0.0008105813145240547,aveestimated
AUS,Australia,DEU,Germany,2011,850231,HS850231 wind-powered generating sets,2.5,,2.5,MFN_FALLBACK,MFN,,,,2.0,H3,True,14703663.0,0.0951305930229272,aveestimated
AUS,Australia,DEU,Germany,2012,850231,HS850231 wind-powered generating sets,2.5,,2.5,MFN_FALLBACK,MFN,,,,2.0,H4,True,36676640.0,0.10424723171312808,aveestimated
AUS,Australia,DEU,Germany,2013,850231,HS850231 wind-powered generating sets,2.5,,2.5,MFN_FALLBACK,MFN,,,,2.0,H4,True,42547840.0,0.25165322084153113,aveestimated
AUS,Australia,DEU,Germany,2014,850231,HS850231 wind-powered generating sets,2.5,,2.5,MFN_FALLBACK,MFN,,,,2.0,H4,True,58004.0,0.0008246363536935894,aveestimated
AUS,Australia,DEU,Germany,2015,850231,HS850231 wind-powered generating sets,2.5,,2.5,MFN_FALLBACK,MFN,,,,2.0,H4,True,16753.0,0.03318082788671024,aveestimated
AUS,Australia,DEU,Germany,2016,850231,HS850231 wind-powered generating sets,2.5,,2.5,MFN_FALLBACK,MFN,,,,2.0,H4,True,35427768.0,0.19719884080966452,aveestimated
AUS,Australia,DEU,Germany,2017,850231,HS850231 wind-powered generating sets,2.5,,2.5,MFN_FALLBACK,MFN,,,,2.0,H5,True,24464537.798,0.08337464240863714,aveestimated
AUS,Australia,DEU,Germany,2018,850231,HS850231 wind-powered generating sets,2.5,,2.5,MFN_FALLBACK,MFN,,,,2.0,H5,True,223870986.422,0.5103635150955154,aveestimated
AUS,Australia,DEU,Germany,2019,850231,HS850231 wind-powered generating sets,2.5,,2.5,MFN_FALLBACK,MFN,,,,2.0,H5,True,18921023.724,0.04543275904596059,aveestimated
AUS,Australia,DEU,Germany,2020,850231,HS850231 wind-powered generating sets,2.5,,2.5,MFN_FALLBACK,MFN,,,,2.0,H5,True,4169.191,2.6567795041989283e-05,aveestimated
AUS,Australia,DEU,Germany,2021,850231,HS850231 wind-powered generating sets,2.5,,2.5,MFN_FALLBACK,MFN,,,,2.0,H5,True,1064168.372,0.29889291587675576,aveestimated
AUS,Australia,DEU,Germany,2022,850231,HS850231 wind-powered generating sets,2.5,,2.5,MFN_FALLBACK,MFN,,,,2.0,H6,True,258134.252,0.00527502061426239,aveestimated
AUS,Australia,DEU,Germany,2023,850231,HS850231 wind-powered generating sets,2.5,,2.5,MFN_FALLBACK,MFN,,,,2.0,H6,True,217310.37,0.0030877031967872968,aveestimated
AUS,Australia,DNK,Denmark,2010,850231,HS850231 wind-powered generating sets,2.5,,2.5,MFN_FALLBACK,MFN,,,,2.0,H3,True,43403.0,0.0019168388794969784,aveestimated
AUS,Australia,DNK,Denmark,2011,850231,HS850231 wind-powered generating sets,2.5,,2.5,MFN_FALLBACK,MFN,,,,2.0,H3,True,104386533.0,0.6753659130991618,aveestimated
AUS,Australia,DNK,Denmark,2012,850231,HS850231 wind-powered generating sets,2.5,,2.5,MFN_FALLBACK,MFN,,,,2.0,H4,True,303634177.0,0.8630295034044544,aveestimated
AUS,Australia,DNK,Denmark,2013,850231,HS850231 wind-powered generating sets,2.5,,2.5,MFN_FALLBACK,MFN,,,,2.0,H4,True,230941.0,0.0013659223705448746,aveestimated
AUS,Australia,DNK,Denmark,2014,850231,HS850231 wind-powered generating sets,2.5,,2.5,MFN_FALLBACK,MFN,,,,2.0,H4,True,838970.0,0.011927542267055904,aveestimated
AUS,Australia,DNK,Denmark,2016,850231,HS850231 wind-powered generating sets,2.5,,2.5,MFN_FALLBACK,MFN,,,,2.0,H4,True,91628429.0,0.5100242268722841,aveestimated
AUS,Australia,DNK,Denmark,2017,850231,HS850231 wind-powered generating sets,2.5,,2.5,MFN_FALLBACK,MFN,,,,2.0,H5,True,103545474.531,0.3528808507782449,aveestimated
AUS,Australia,DNK,Denmark,2018,850231,HS850231 wind-powered generating sets,2.5,,2.5,MFN_FALLBACK,MFN,,,,2.0,H5,True,62239091.541,0.14188779905288693,aveestimated
AUS,Australia,DNK,Denmark,2021,850231,HS850231 wind-powered generating sets,2.5,,2.5,MFN_FALLBACK,MFN,,,,2.0,H5,True,1823.893,0.000512276733044274,aveestimated
AUS,Australia,DNK,Denmark,2022,850231,HS850231 wind-powered generating sets,2.5,,2.5,MFN_FALLBACK,MFN,,,,2.0,H6,True,442605.389,0.009044722011392057,aveestimated
AUS,Australia,DNK,Denmark,2024,850231,HS850231 wind-powered generating sets,,,,MISSING,,,,,,,True,110532.056,0.0008127324858900275,aveestimated
AUS,Australia,ESP,Spain,2013,850231,HS850231 wind-powered generating sets,2.5,,2.5,MFN_FALLBACK,MFN,,,,2.0,H4,True,34460.0,0.00020381692678639297,aveestimated
AUS,Australia,ESP,Spain,2016,850231,HS850231 wind-powered generating sets,2.5,,2.5,MFN_FALLBACK,MFN,,,,2.0,H4,True,8476.0,4.717930225530201e-05,aveestimated
AUS,Australia,ESP,Spain,2017,850231,HS850231 wind-powered generating sets,2.5,,2.5,MFN_FALLBACK,MFN,,,,2.0,H5,True,23330782.13,0.07951082637504776,aveestimated
AUS,Australia,ESP,Spain,2018,850231,HS850231 wind-powered generating sets,2.5,,2.5,MFN_FALLBACK,MFN,,,,2.0,H5,True,35042434.232,0.07988699294170538,aveestimated
AUS,Australia,FIN,Finland,2011,850231,HS850231 wind-powered generating sets,2.5,,2.5,MFN_FALLBACK,MFN,,,,2.0,H3,True,19168.0,0.00012401421380940712,aveestimated
AUS,Australia,FIN,Finland,2020,850231,HS850231 wind-powered generating sets,2.5,,2.5,MFN_FALLBACK,MFN,,,,2.0,H5,True,25600.275,0.00016313545223007589,aveestimated
AUS,Australia,FRA,France,2010,850231,HS850231 wind-powered generating sets,2.5,,2.5,MFN_FALLBACK,MFN,,,,2.0,H3,True,3741.0,0.00016521655756971169,aveestimated
AUS,Australia,FRA,France,2011,850231,HS850231 wind-powered generating sets,2.5,,2.5,MFN_FALLBACK,MFN,,,,2.0,H3,True,472809.0,0.0030590064908708253,aveestimated
AUS,Australia,FRA,France,2014,850231,HS850231 wind-powered generating sets,2.5,,2.5,MFN_FALLBACK,MFN,,,,2.0,H4,True,5685.0,8.082300652968857e-05,aveestimated
AUS,Australia,FRA,France,2024,850231,HS850231 wind-powered generating sets,,,,MISSING,,,,,,,True,9105.861,6.695459502444298e-05,aveestimated
AUS,Australia,GBR,United Kingdom,2010,850231,HS850231 wind-powered generating sets,2.5,,2.5,MFN_FALLBACK,MFN,,,,2.0,H3,True,380933.0,0.016823426603769842,aveestimated
AUS,Australia,GBR,United Kingdom,2011,850231,HS850231 wind-powered generating sets,2.5,,2.5,MFN_FALLBACK,MFN,,,,2.0,H3,True,74178.0,0.0004799210325518678,aveestimated
AUS,Australia,GBR,United Kingdom,2012,850231,HS850231 wind-powered generating sets,2.5,,2.5,MFN_FALLBACK,MFN,,,,2.0,H4,True,182480.0,0.0005186689632150495,aveestimated
AUS,Australia,GBR,United Kingdom,2013,850231,HS850231 wind-powered generating sets,2.5,,2.5,MFN_FALLBACK,MFN,,,,2.0,H4,True,46752.0,0.0002765191224932514,aveestimated
AUS,Australia,GBR,United Kingdom,2014,850231,HS850231 wind-powered generating sets,2.5,,2.5,MFN_FALLBACK,MFN,,,,2.0,H4,True,99967.0,0.0014212196119179202,aveestimated
AUS,Australia,GBR,United Kingdom,2015,850231,HS850231 wind-powered generating sets,2.5,,2.5,MFN_FALLBACK,MFN,,,,2.0,H4,True,39175.0,0.07758962170726877,aveestimated
AUS,Australia,GBR,United Kingdom,2016,850231,HS850231 wind-powered generating sets,2.5,,2.5,MFN_FALLBACK,MFN,,,,2.0,H4,True,21699.0,0.00012078146291149108,aveestimated
AUS,Australia,GBR,United Kingdom,2017,850231,HS850231 wind-powered generating sets,2.5,,2.5,MFN_FALLBACK,MFN,,,,2.0,H5,True,56707.111,0.00019325666974335425,aveestimated
AUS,Australia,GBR,United Kingdom,2018,850231,HS850231 wind-powered generating sets,2.5,,2.5,MFN_FALLBACK,MFN,,,,2.0,H5,True,10626.024,2.422437604266692e-05,aveestimated
AUS,Australia,GBR,United Kingdom,2019,850231,HS850231 wind-powered generating sets,2.5,,2.5,MFN_FALLBACK,MFN,,,,2.0,H5,True,8415.36,2.0206783139331524e-05,aveestimated
AUS,Australia,GBR,United Kingdom,2020,850231,HS850231 wind-powered generating sets,2.5,,2.5,MFN_FALLBACK,MFN,,,,2.0,H5,True,47579.014,0.00030319299169837477,aveestimated
AUS,Australia,GBR,United Kingdom,2021,850231,HS850231 wind-powered generating sets,2.5,,2.5,MFN_FALLBACK,MFN,,,,2.0,H5,True,49812.005,0.013990695280800486,aveestimated
AUS,Australia,GBR,United Kingdom,2022,850231,HS850231 wind-powered generating sets,2.5,,2.5,MFN_FALLBACK,MFN,,,,2.0,H6,True,117737.202,0.002405981239620905,aveestimated
AUS,Australia,GBR,United Kingdom,2023,850231,HS850231 wind-powered generating sets,2.5,,2.5,MFN_FALLBACK,MFN,,,,2.0,H6,True,56759.724,0.0008064832858347471,aveestimated
AUS,Australia,GBR,United Kingdom,2024,850231,HS850231 wind-powered generating sets,,,,MISSING,,,,,,,True,47157.476,0.00034674477327897813,aveestimated
AUS,Australia,HKG,"Hong Kong, China",2012,850231,HS850231 wind-powered generating sets,2.5,,2.5,MFN_FALLBACK,MFN,,,,2.0,H4,True,4976.0,1.4143450027170573e-05,aveestimated
AUS,Australia,HKG,"Hong Kong, China",2015,850231,HS850231 wind-powered generating sets,2.5,,2.5,MFN_FALLBACK,MFN,,,,2.0,H4,True,2799.0,0.00554367201426025,aveestimated
AUS,Australia,IND,India,2010,850231,HS850231 wind-powered generating sets,2.5,,2.5,MFN_FALLBACK,MFN,,,,2.0,H3,True,1914114.0,0.0845344362138442,aveestimated
AUS,Australia,IND,India,2011,850231,HS850231 wind-powered generating sets,2.5,,2.5,MFN_FALLBACK,MFN,,,,2.0,H3,True,1622469.0,0.01049714197960846,aveestimated
AUS,Australia,IND,India,2013,850231,HS850231 wind-powered generating sets,2.5,,2.5,MFN_FALLBACK,MFN,,,,2.0,H4,True,600092.0,0.0035493008482037182,aveestimated
AUS,Australia,IND,India,2014,850231,HS850231 wind-powered generating sets,2.5,,2.5,MFN_FALLBACK,MFN,,,,2.0,H4,True,2046391.0,0.02909331102116023,aveestimated
AUS,Australia,IND,India,2016,850231,HS850231 wind-powered generating sets,2.5,,2.5,MFN_FALLBACK,MFN,,,,2.0,H4,True,1419.0,7.898469785308348e-06,aveestimated
AUS,Australia,IND,India,2018,850231,HS850231 wind-powered generating sets,2.5,,2.5,MFN_FALLBACK,MFN,,,,2.0,H5,True,2809.306,6.404435465506236e-06,aveestimated
AUS,Australia,IND,India,2019,850231,HS850231 wind-powered generating sets,2.5,,2.5,MFN_FALLBACK,MFN,,,,2.0,H5,True,8758.543,2.103082684727809e-05,aveestimated
AUS,Australia,IND,India,2020,850231,HS850231 wind-powered generating sets,2.5,,2.5,MFN_FALLBACK,MFN,,,,2.0,H5,True,7015.157,4.470345766441893e-05,aveestimated
AUS,Australia,IND,India,2021,850231,HS850231 wind-powered generating sets,2.5,,2.5,MFN_FALLBACK,MFN,,,,2.0,H5,True,31310.893,0.00879428890551081,aveestimated
AUS,Australia,IND,India,2022,850231,HS850231 wind-powered generating sets,2.5,,2.5,MFN_FALLBACK,MFN,,,,2.0,H6,True,29991468.221,0.6128811341075743,aveestimated
AUS,Australia,IND,India,2023,850231,HS850231 wind-powered generating sets,2.5,,2.5,MFN_FALLBACK,MFN,,,,2.0,H6,True,8060.824,0.00011453402814389283,aveestimated
AUS,Australia,IRL,,2018,850231,HS850231 wind-powered generating sets,2.5,,2.5,MFN_FALLBACK,MFN,,,,2.0,H5,True,1398.732,3.188719501378087e-06,aveestimated
AUS,Australia,IRL,,2019,850231,HS850231 wind-powered generating sets,2.5,,2.5,MFN_FALLBACK,MFN,,,,2.0,H5,True,1037.27,2.4906706245406504e-06,aveestimated
AUS,Australia,ITA,Italy,2011,850231,HS850231 wind-powered generating sets,2.5,,2.5,MFN_FALLBACK,MFN,,,,2.0,H3,True,2664136.0,0.01723657823045381,aveestimated
AUS,Australia,ITA,Italy,2016,850231,HS850231 wind-powered generating sets,2.5,,2.5,MFN_FALLBACK,MFN,,,,2.0,H4,True,1139.0,6.339927473901485e-06,aveestimated
AUS,Australia,ITA,Italy,2017,850231,HS850231 wind-powered generating sets,2.5,,2.5,MFN_FALLBACK,MFN,,,,2.0,H5,True,3009.93,1.0257779627683982e-05,aveestimated
AUS,Australia,ITA,Italy,2021,850231,HS850231 wind-powered generating sets,2.5,,2.5,MFN_FALLBACK,MFN,,,,2.0,H5,True,1733.66,0.00048693299497806953,aveestimated
AUS,Australia,ITA,Italy,2023,850231,HS850231 wind-powered generating sets,2.5,,2.5,MFN_FALLBACK,MFN,,,,2.0,H6,True,2276.429,3.234515269823207e-05,aveestimated
AUS,Australia,JPN,Japan,2010,850231,HS850231 wind-powered generating sets,2.5,,2.5,MFN_FALLBACK,MFN,,,,2.0,H3,True,40876.0,0.0018052371043088841,aveestimated
AUS,Australia,JPN,Japan,2011,850231,HS850231 wind-powered generating sets,2.5,,2.5,MFN_FALLBACK,MFN,,,,2.0,H3,True,33636.0,0.00021762010098566457,aveestimated
AUS,Australia,JPN,Japan,2012,850231,HS850231 wind-powered generating sets,2.5,,2.5,MFN_FALLBACK,MFN,,,,2.0,H4,True,39582.0,0.00011250523291307589,aveestimated
AUS,Australia,JPN,Japan,2017,850231,HS850231 wind-powered generating sets,0.0,0.0,2.5,BILATERAL_TRAINS,PREF,2.0,1.0,1.0,2.0,H5,True,2601.585,8.866148253510293e-06,aveestimated
AUS,Australia,JPN,Japan,2018,850231,HS850231 wind-powered generating sets,2.5,,2.5,MFN_FALLBACK,MFN,,,,2.0,H5,True,4072.288,9.28368276469543e-06,aveestimated
AUS,Australia,KOR,"Korea, Rep.",2010,850231,HS850231 wind-powered generating sets,2.5,,2.5,MFN_FALLBACK,MFN,,,,2.0,H3,True,3339.0,0.00014746273342027997,aveestimated
AUS,Australia,LCA,St. Lucia,2017,850231,HS850231 wind-powered generating sets,2.5,,2.5,MFN_FALLBACK,MFN,,,,2.0,H5,True,1941.462,6.616462625882529e-06,aveestimated
AUS,Australia,LTU,Lithuania,2016,850231,HS850231 wind-powered generating sets,2.5,,2.5,MFN_FALLBACK,MFN,,,,2.0,H4,True,575412.0,0.0032028712446115905,aveestimated
AUS,Australia,MYS,Malaysia,2015,850231,HS850231 wind-powered generating sets,0.0,0.0,2.5,BILATERAL_TRAINS,PREF,2.0,1.0,1.0,2.0,H4,True,1595.0,0.003159041394335512,aveestimated
AUS,Australia,NLD,,2010,850231,HS850231 wind-powered generating sets,2.5,,2.5,MFN_FALLBACK,MFN,,,,2.0,H3,True,56619.0,0.002500506889344963,aveestimated
AUS,Australia,NLD,,2017,850231,HS850231 wind-powered generating sets,2.5,,2.5,MFN_FALLBACK,MFN,,,,2.0,H5,True,29475.513,0.00010045194299101121,aveestimated
AUS,Australia,NRU,Nauru,2010,850231,HS850231 wind-powered generating sets,2.5,,2.5,MFN_FALLBACK,MFN,,,,2.0,H3,True,112726.0,0.004978401942957317,aveestimated
AUS,Australia,NZL,New Zealand,2010,850231,HS850231 wind-powered generating sets,0.0,0.0,2.5,BILATERAL_TRAINS,PREF,2.0,1.0,1.0,2.0,H3,True,2415.0,0.00010665543612158614,aveestimated
AUS,Australia,NZL,New Zealand,2011,850231,HS850231 wind-powered generating sets,0.0,0.0,2.5,BILATERAL_TRAINS,PREF,2.0,1.0,1.0,2.0,H3,True,13082.0,8.463866574784349e-05,aveestimated
AUS,Australia,NZL,New Zealand,2020,850231,HS850231 wind-powered generating sets,2.5,,2.5,MFN_FALLBACK,MFN,,,,2.0,H5,True,6669.506,4.250082772396798e-05,aveestimated
AUS,Australia,PRT,Portugal,2011,850231,HS850231 wind-powered generating sets,2.5,,2.5,MFN_FALLBACK,MFN,,,,2.0,H3,True,11908.0,7.704305394628653e-05,aveestimated
AUS,Australia,PRT,Portugal,2012,850231,HS850231 wind-powered generating sets,2.5,,2.5,MFN_FALLBACK,MFN,,,,2.0,H4,True,66182.0,0.00018811129616121442,aveestimated
AUS,Australia,PRT,Portugal,2013,850231,HS850231 wind-powered generating sets,2.5,,2.5,MFN_FALLBACK,MFN,,,,2.0,H4,True,90539.0,0.0005355014722667798,aveestimated
AUS,Australia,PRT,Portugal,2014,850231,HS850231 wind-powered generating sets,2.5,,2.5,MFN_FALLBACK,MFN,,,,2.0,H4,True,88744.0,0.0012616634813492845,aveestimated
AUS,Australia,PRT,Portugal,2015,850231,HS850231 wind-powered generating sets,2.5,,2.5,MFN_FALLBACK,MFN,,,,2.0,H4,True,30281.0,0.05997425232719351,aveestimated
AUS,Australia,PRT,Portugal,2016,850231,HS850231 wind-powered generating sets,2.5,,2.5,MFN_FALLBACK,MFN,,,,2.0,H4,True,25427.0,0.0001415323405433653,aveestimated
AUS,Australia,PRT,Portugal,2017,850231,HS850231 wind-powered generating sets,2.5,,2.5,MFN_FALLBACK,MFN,,,,2.0,H5,True,15531476.94,0.05293095445507887,aveestimated
AUS,Australia,PRT,Portugal,2018,850231,HS850231 wind-powered generating sets,2.5,,2.5,MFN_FALLBACK,MFN,,,,2.0,H5,True,27524.115,6.274731847035253e-05,aveestimated
AUS,Australia,PRT,Portugal,2019,850231,HS850231 wind-powered generating sets,2.5,,2.5,MFN_FALLBACK,MFN,,,,2.0,H5,True,24380.924,5.8542955263295125e-05,aveestimated
AUS,Australia,PRT,Portugal,2020,850231,HS850231 wind-powered generating sets,2.5,,2.5,MFN_FALLBACK,MFN,,,,2.0,H5,True,1422.091,9.062147121361815e-06,aveestimated
AUS,Australia,PRT,Portugal,2023,850231,HS850231 wind-powered generating sets,2.5,,2.5,MFN_FALLBACK,MFN,,,,2.0,H6,True,1261.255,1.792082492641268e-05,aveestimated
AUS,Australia,PRT,Portugal,2024,850231,HS850231 wind-powered generating sets,,,,MISSING,,,,,,,True,2163.35,1.5906922271944267e-05,aveestimated
AUS,Australia,SGP,Singapore,2010,850231,HS850231 wind-powered generating sets,0.0,0.0,2.5,BILATERAL_TRAINS,PREF,2.0,1.0,1.0,2.0,H3,True,843928.0,0.037271018176073686,aveestimated
AUS,Australia,SWE,Sweden,2013,850231,HS850231 wind-powered generating sets,2.5,,2.5,MFN_FALLBACK,MFN,,,,2.0,H4,True,23387.0,0.0001383246217862267,aveestimated
AUS,Australia,TTO,Trinidad and Tobago,2010,850231,HS850231 wind-powered generating sets,2.5,,2.5,MFN_FALLBACK,MFN,,,,2.0,H3,True,5781.0,0.00025531059056682794,aveestimated
AUS,Australia,TUR,Turkey,2021,850231,HS850231 wind-powered generating sets,2.5,,2.5,MFN_FALLBACK,MFN,,,,2.0,H5,True,2320.526,0.0006517660181953091,aveestimated
AUS,Australia,TUR,Turkey,2023,850231,HS850231 wind-powered generating sets,2.5,,2.5,MFN_FALLBACK,MFN,,,,2.0,H6,True,7752.382,0.00011015146071545641,aveestimated
AUS,Australia,TUR,Turkey,2024,850231,HS850231 wind-powered generating sets,,,,MISSING,,,,,,,True,1439.845,1.0587053643029374e-05,aveestimated
AUS,Australia,USA,United States,2010,850231,HS850231 wind-powered generating sets,0.0,0.0,2.5,BILATERAL_TRAINS,PREF,2.0,1.0,1.0,2.0,H3,True,13305.0,0.000587598582856192,aveestimated
AUS,Australia,USA,United States,2011,850231,HS850231 wind-powered generating sets,0.0,0.0,2.5,BILATERAL_TRAINS,PREF,2.0,1.0,1.0,2.0,H3,True,532868.0,0.003447579616245365,aveestimated
AUS,Australia,USA,United States,2012,850231,HS850231 wind-powered generating sets,0.0,0.0,2.5,BILATERAL_TRAINS,PREF,2.0,1.0,1.0,2.0,H4,True,99732.0,0.0002834715751828327,aveestimated
AUS,Australia,USA,United States,2013,850231,HS850231 wind-powered generating sets,0.0,0.0,2.5,BILATERAL_TRAINS,PREF,2.0,1.0,1.0,2.0,H4,True,652784.0,0.003860952662081507,aveestimated
AUS,Australia,USA,United States,2014,850231,HS850231 wind-powered generating sets,0.0,0.0,2.5,BILATERAL_TRAINS,PREF,2.0,1.0,1.0,2.0,H4,True,48704.0,0.0006924192981568957,aveestimated
AUS,Australia,USA,United States,2015,850231,HS850231 wind-powered generating sets,0.0,0.0,2.5,BILATERAL_TRAINS,PREF,2.0,1.0,1.0,2.0,H4,True,49120.0,0.09728659140423847,aveestimated
AUS,Australia,USA,United States,2016,850231,HS850231 wind-powered generating sets,0.0,0.0,2.5,BILATERAL_TRAINS,PREF,2.0,1.0,1.0,2.0,H4,True,33542.0,0.0001867022364614606,aveestimated
AUS,Australia,USA,United States,2017,850231,HS850231 wind-powered generating sets,0.0,0.0,2.5,BILATERAL_TRAINS,PREF,2.0,1.0,1.0,2.0,H5,True,15740.251,5.3642452164147486e-05,aveestimated
AUS,Australia,USA,United States,2018,850231,HS850231 wind-powered generating sets,2.5,,2.5,MFN_FALLBACK,MFN,,,,2.0,H5,True,418532.165,0.000954136801395472,aveestimated
AUS,Australia,USA,United States,2019,850231,HS850231 wind-powered generating sets,2.5,,2.5,MFN_FALLBACK,MFN,,,,2.0,H5,True,42832.574,0.00010284866412338507,aveestimated
AUS,Australia,USA,United States,2020,850231,HS850231 wind-powered generating sets,2.5,,2.5,MFN_FALLBACK,MFN,,,,2.0,H5,True,59924.388,0.0003818627782705667,aveestimated
AUS,Australia,USA,United States,2021,850231,HS850231 wind-powered generating sets,2.5,,2.5,MFN_FALLBACK,MFN,,,,2.0,H5,True,26480.083,0.00743745954942599,aveestimated
AUS,Australia,USA,United States,2022,850231,HS850231 wind-powered generating sets,2.5,,2.5,MFN_FALLBACK,MFN,,,,2.0,H6,True,1250672.934,0.025557729969713686,aveestimated
AUS,Australia,USA,United States,2023,850231,HS850231 wind-powered generating sets,2.5,,2.5,MFN_FALLBACK,MFN,,,,2.0,H6,True,33511.978,0.0004761624656994766,aveestimated
AUS,Australia,USA,United States,2024,850231,HS850231 wind-powered generating sets,,,,MISSING,,,,,,,True,42143.143,0.00030987482376704283,aveestimated
AUS,Australia,ZAF,South Africa,2010,850231,HS850231 wind-powered generating sets,2.5,,2.5,MFN_FALLBACK,MFN,,,,2.0,H3,True,11784.0,0.000520425531783342,aveestimated
AUS,Australia,ZAF,South Africa,2011,850231,HS850231 wind-powered generating sets,2.5,,2.5,MFN_FALLBACK,MFN,,,,2.0,H3,True,30776.0,0.00019911631073655644,aveestimated
AUS,Australia,ZAF,South Africa,2012,850231,HS850231 wind-powered generating sets,2.5,,2.5,MFN_FALLBACK,MFN,,,,2.0,H4,True,22728.0,6.460054907908618e-05,aveestimated
AUS,Australia,ZAF,South Africa,2015,850231,HS850231 wind-powered generating sets,2.5,,2.5,MFN_FALLBACK,MFN,,,,2.0,H4,True,2418.0,0.0047890671420083184,aveestimated
AUS,Australia,ZAF,South Africa,2017,850231,HS850231 wind-powered generating sets,2.5,,2.5,MFN_FALLBACK,MFN,,,,2.0,H5,True,8025.202,2.7349723609402465e-05,aveestimated
AUS,Australia,ZAF,South Africa,2018,850231,HS850231 wind-powered generating sets,2.5,,2.5,MFN_FALLBACK,MFN,,,,2.0,H5,True,9659.057,2.2019960521974563e-05,aveestimated
AUS,Australia,ZAF,South Africa,2019,850231,HS850231 wind-powered generating sets,2.5,,2.5,MFN_FALLBACK,MFN,,,,2.0,H5,True,2622.602,6.297336046797419e-06,aveestimated
AUS,Australia,ZAF,South Africa,2021,850231,HS850231 wind-powered generating sets,2.5,,2.5,MFN_FALLBACK,MFN,,,,2.0,H5,True,2992.403,0.0008404760766075009,aveestimated
AUS,Australia,ZAF,South Africa,2023,850231,HS850231 wind-powered generating sets,2.5,,2.5,MFN_FALLBACK,MFN,,,,2.0,H6,True,3240.326,4.6040899699508104e-05,aveestimated
BRA,Brazil,AUT,Austria,2012,850231,HS850231 wind-powered generating sets,,,,MISSING,,,,,,,True,45079.0,0.00013864803290908052,aveestimated
BRA,Brazil,BEL,,2014,850231,HS850231 wind-powered generating sets,,,,MISSING,,,,,,,True,11628.0,4.178663193752423e-05,aveestimated
BRA,Brazil,CAN,Canada,2012,850231,HS850231 wind-powered generating sets,,,,MISSING,,,,,,,True,20691.0,6.363864435594812e-05,aveestimated
BRA,Brazil,CAN,Canada,2014,850231,HS850231 wind-powered generating sets,,,,MISSING,,,,,,,True,4287.0,1.5405855789143993e-05,aveestimated
BRA,Brazil,CHN,China,2010,850231,HS850231 wind-powered generating sets,,,,MISSING,,,,,,,True,10347109.0,0.03419794039281469,aveestimated
BRA,Brazil,CHN,China,2011,850231,HS850231 wind-powered generating sets,,,,MISSING,,,,,,,True,127025.0,0.0002646433074479504,aveestimated
BRA,Brazil,CHN,China,2012,850231,HS850231 wind-powered generating sets,,,,MISSING,,,,,,,True,31951830.0,0.0982732176256205,aveestimated
BRA,Brazil,CHN,China,2013,850231,HS850231 wind-powered generating sets,,,,MISSING,,,,,,,True,229876.0,0.0005907669455650186,aveestimated
BRA,Brazil,CHN,China,2014,850231,HS850231 wind-powered generating sets,,,,MISSING,,,,,,,True,166553.0,0.000598528457954117,aveestimated
BRA,Brazil,CHN,China,2015,850231,HS850231 wind-powered generating sets,,,,MISSING,,,,,,,True,86468.0,0.0005943988692205626,aveestimated
BRA,Brazil,CHN,China,2016,850231,HS850231 wind-powered generating sets,,,,MISSING,,,,,,,True,300084.0,0.006204631639539857,aveestimated
BRA,Brazil,CHN,China,2017,850231,HS850231 wind-powered generating sets,,,,MISSING,,,,,,,True,239823.0,0.019214866746301632,aveestimated
BRA,Brazil,CHN,China,2018,850231,HS850231 wind-powered generating sets,,,,MISSING,,,,,,,True,29417.0,0.002332986680554984,aveestimated
BRA,Brazil,CHN,China,2019,850231,HS850231 wind-powered generating sets,,,,MISSING,,,,,,,True,120319.0,0.012485936082517447,aveestimated
BRA,Brazil,CHN,China,2020,850231,HS850231 wind-powered generating sets,,,,MISSING,,,,,,,True,234132.0,0.02467152941627721,aveestimated
BRA,Brazil,CHN,China,2021,850231,HS850231 wind-powered generating sets,,,,MISSING,,,,,,,True,189107159.0,0.5816664918144752,aveestimated
BRA,Brazil,CHN,China,2022,850231,HS850231 wind-powered generating sets,,,,MISSING,,,,,,,True,144992413.0,0.933500817293759,aveestimated
BRA,Brazil,CHN,China,2023,850231,HS850231 wind-powered generating sets,,,,MISSING,,,,,,,True,104464410.0,0.8752653345002487,aveestimated
BRA,Brazil,CHN,China,2024,850231,HS850231 wind-powered generating sets,,,,MISSING,,,,,,,True,386808993.0,0.9707774667299169,aveestimated
BRA,Brazil,DEU,Germany,2010,850231,HS850231 wind-powered generating sets,,,,MISSING,,,,,,,True,42720923.0,0.14119572706540792,aveestimated
BRA,Brazil,DEU,Germany,2011,850231,HS850231 wind-powered generating sets,,,,MISSING,,,,,,,True,138863012.0,0.289306567824164,aveestimated
BRA,Brazil,DEU,Germany,2012,850231,HS850231 wind-powered generating sets,,,,MISSING,,,,,,,True,186664.0,0.0005741164714155284,aveestimated
BRA,Brazil,DEU,Germany,2013,850231,HS850231 wind-powered generating sets,,,,MISSING,,,,,,,True,404125.0,0.001038575979556209,aveestimated
BRA,Brazil,DEU,Germany,2014,850231,HS850231 wind-powered generating sets,,,,MISSING,,,,,,,True,52191.0,0.0001875547048031757,aveestimated
BRA,Brazil,DEU,Germany,2015,850231,HS850231 wind-powered generating sets,,,,MISSING,,,,,,,True,74008.0,0.0005087462588850835,aveestimated
BRA,Brazil,DEU,Germany,2016,850231,HS850231 wind-powered generating sets,,,,MISSING,,,,,,,True,32683.0,0.000675764038986021,aveestimated
BRA,Brazil,DEU,Germany,2017,850231,HS850231 wind-powered generating sets,,,,MISSING,,,,,,,True,641.0,5.135758281890956e-05,aveestimated
BRA,Brazil,DEU,Germany,2018,850231,HS850231 wind-powered generating sets,,,,MISSING,,,,,,,True,5066.0,0.0004017714424887496,aveestimated
BRA,Brazil,DEU,Germany,2022,850231,HS850231 wind-powered generating sets,,,,MISSING,,,,,,,True,773686.0,0.004981202108338864,aveestimated
BRA,Brazil,DEU,Germany,2023,850231,HS850231 wind-powered generating sets,,,,MISSING,,,,,,,True,555.0,4.650122090840679e-06,aveestimated
BRA,Brazil,DEU,Germany,2024,850231,HS850231 wind-powered generating sets,,,,MISSING,,,,,,,True,1231.0,3.0894500468465786e-06,aveestimated
BRA,Brazil,DNK,Denmark,2011,850231,HS850231 wind-powered generating sets,,,,MISSING,,,,,,,True,57608134.0,0.12002052444530388,aveestimated
BRA,Brazil,DNK,Denmark,2012,850231,HS850231 wind-powered generating sets,,,,MISSING,,,,,,,True,8992554.0,0.027658109605995778,aveestimated
BRA,Brazil,DNK,Denmark,2013,850231,HS850231 wind-powered generating sets,,,,MISSING,,,,,,,True,109303201.0,0.2809023917035675,aveestimated
BRA,Brazil,DNK,Denmark,2014,850231,HS850231 wind-powered generating sets,,,,MISSING,,,,,,,True,23084721.0,0.08295775196142383,aveestimated
BRA,Brazil,DNK,Denmark,2017,850231,HS850231 wind-powered generating sets,,,,MISSING,,,,,,,True,1205748.0,0.09660577655028793,aveestimated
BRA,Brazil,DNK,Denmark,2020,850231,HS850231 wind-powered generating sets,,,,MISSING,,,,,,,True,1819309.0,0.1917086750670471,aveestimated
BRA,Brazil,ESP,Spain,2010,850231,HS850231 wind-powered generating sets,,,,MISSING,,,,,,,True,102952124.0,0.3402641839247722,aveestimated
BRA,Brazil,ESP,Spain,2011,850231,HS850231 wind-powered generating sets,,,,MISSING,,,,,,,True,102282306.0,0.21309449126741462,aveestimated
BRA,Brazil,ESP,Spain,2012,850231,HS850231 wind-powered generating sets,,,,MISSING,,,,,,,True,57235130.0,0.17603625164257197,aveestimated
BRA,Brazil,ESP,Spain,2013,850231,HS850231 wind-powered generating sets,,,,MISSING,,,,,,,True,41998174.0,0.10793268098143424,aveestimated
BRA,Brazil,ESP,Spain,2014,850231,HS850231 wind-powered generating sets,,,,MISSING,,,,,,,True,10956382.0,0.03937309098735084,aveestimated
BRA,Brazil,ESP,Spain,2015,850231,HS850231 wind-powered generating sets,,,,MISSING,,,,,,,True,75869839.0,0.5215449242441844,aveestimated
BRA,Brazil,ESP,Spain,2019,850231,HS850231 wind-powered generating sets,,,,MISSING,,,,,,,True,2087.0,0.00021657550847508636,aveestimated
BRA,Brazil,ESP,Spain,2021,850231,HS850231 wind-powered generating sets,,,,MISSING,,,,,,,True,130376155.0,0.4010183490467976,aveestimated
BRA,Brazil,ESP,Spain,2022,850231,HS850231 wind-powered generating sets,,,,MISSING,,,,,,,True,143.0,9.206731173789593e-07,aveestimated
BRA,Brazil,ESP,Spain,2024,850231,HS850231 wind-powered generating sets,,,,MISSING,,,,,,,True,1053.0,2.6427220953123048e-06,aveestimated
BRA,Brazil,GBR,United Kingdom,2010,850231,HS850231 wind-powered generating sets,,,,MISSING,,,,,,,True,6229.0,2.0587293581892552e-05,aveestimated
BRA,Brazil,GBR,United Kingdom,2017,850231,HS850231 wind-powered generating sets,,,,MISSING,,,,,,,True,2519.0,0.0002018248847438895,aveestimated
BRA,Brazil,GBR,United Kingdom,2023,850231,HS850231 wind-powered generating sets,,,,MISSING,,,,,,,True,240991.0,0.0020191667978266417,aveestimated
BRA,Brazil,GBR,United Kingdom,2024,850231,HS850231 wind-powered generating sets,,,,MISSING,,,,,,,True,151788.0,0.0003809434961094626,aveestimated
BRA,Brazil,HKG,"Hong Kong, China",2011,850231,HS850231 wind-powered generating sets,,,,MISSING,,,,,,,True,5570.0,1.1604512674552912e-05,aveestimated
BRA,Brazil,HKG,"Hong Kong, China",2020,850231,HS850231 wind-powered generating sets,,,,MISSING,,,,,,,True,2382555.0,0.251060409377609,aveestimated
BRA,Brazil,IND,India,2010,850231,HS850231 wind-powered generating sets,,,,MISSING,,,,,,,True,140591713.0,0.46466573618753887,aveestimated
BRA,Brazil,IND,India,2011,850231,HS850231 wind-powered generating sets,,,,MISSING,,,,,,,True,68044535.0,0.14176367483690472,aveestimated
BRA,Brazil,IND,India,2012,850231,HS850231 wind-powered generating sets,,,,MISSING,,,,,,,True,34340205.0,0.10561906592747336,aveestimated
BRA,Brazil,IND,India,2014,850231,HS850231 wind-powered generating sets,,,,MISSING,,,,,,,True,30269699.0,0.10877784408089483,aveestimated
BRA,Brazil,IND,India,2015,850231,HS850231 wind-powered generating sets,,,,MISSING,,,,,,,True,43003639.0,0.2956158855758117,aveestimated
BRA,Brazil,IND,India,2016,850231,HS850231 wind-powered generating sets,,,,MISSING,,,,,,,True,13396938.0,0.27699932481489786,aveestimated
BRA,Brazil,IND,India,2017,850231,HS850231 wind-powered generating sets,,,,MISSING,,,,,,,True,1661724.0,0.13313904516719136,aveestimated
BRA,Brazil,IND,India,2018,850231,HS850231 wind-powered generating sets,,,,MISSING,,,,,,,True,1263346.0,0.10019272498665455,aveestimated
BRA,Brazil,IND,India,2024,850231,HS850231 wind-powered generating sets,,,,MISSING,,,,,,,True,2820.0,7.077375411947483e-06,aveestimated
BRA,Brazil,ITA,Italy,2010,850231,HS850231 wind-powered generating sets,,,,MISSING,,,,,,,True,31482.0,0.00010405027717854251,aveestimated
BRA,Brazil,ITA,Italy,2011,850231,HS850231 wind-powered generating sets,,,,MISSING,,,,,,,True,3114.0,6.487693441392778e-06,aveestimated
BRA,Brazil,ITA,Italy,2012,850231,HS850231 wind-powered generating sets,,,,MISSING,,,,,,,True,50709053.0,0.15596420615213977,aveestimated
BRA,Brazil,ITA,Italy,2013,850231,HS850231 wind-powered generating sets,,,,MISSING,,,,,,,True,93080.0,0.00023920977959070077,aveestimated
BRA,Brazil,ITA,Italy,2019,850231,HS850231 wind-powered generating sets,,,,MISSING,,,,,,,True,68586.0,0.007117416302957485,aveestimated
BRA,Brazil,ITA,Italy,2021,850231,HS850231 wind-powered generating sets,,,,MISSING,,,,,,,True,47565.0,0.00014630311633604263,aveestimated
BRA,Brazil,ITA,Italy,2024,850231,HS850231 wind-powered generating sets,,,,MISSING,,,,,,,True,292514.0,0.0007341246068263851,aveestimated
BRA,Brazil,KOR,"Korea, Rep.",2010,850231,HS850231 wind-powered generating sets,,,,MISSING,,,,,,,True,3958.0,1.3081475035660736e-05,aveestimated
BRA,Brazil,MAC,Macao,2013,850231,HS850231 wind-powered generating sets,,,,MISSING,,,,,,,True,2137.0,5.49195637070614e-06,aveestimated
BRA,Brazil,MEX,Mexico,2012,850231,HS850231 wind-powered generating sets,11.1999998092651,11.1999998092651,,BILATERAL_TRAINS,PREF,1.0,1.0,0.0,,H3,True,18764.0,5.771183232782419e-05,aveestimated
BRA,Brazil,MEX,Mexico,2013,850231,HS850231 wind-powered generating sets,,,,MISSING,,,,,,,True,9511.0,2.444267526522513e-05,aveestimated
BRA,Brazil,NLD,,2011,850231,HS850231 wind-powered generating sets,,,,MISSING,,,,,,,True,12196.0,2.5409090947728424e-05,aveestimated
BRA,Brazil,NLD,,2012,850231,HS850231 wind-powered generating sets,,,,MISSING,,,,,,,True,20493.0,6.302966211330747e-05,aveestimated
BRA,Brazil,NLD,,2017,850231,HS850231 wind-powered generating sets,,,,MISSING,,,,,,,True,305593.0,0.024484427155037486,aveestimated
BRA,Brazil,NLD,,2019,850231,HS850231 wind-powered generating sets,,,,MISSING,,,,,,,True,6214.0,0.0006448491661064622,aveestimated
BRA,Brazil,NZL,New Zealand,2012,850231,HS850231 wind-powered generating sets,,,,MISSING,,,,,,,True,13504.0,4.1533819215249304e-05,aveestimated
BRA,Brazil,POL,Poland,2018,850231,HS850231 wind-powered generating sets,,,,MISSING,,,,,,,True,7968.0,0.0006319216055567227,aveestimated
BRA,Brazil,POL,Poland,2019,850231,HS850231 wind-powered generating sets,,,,MISSING,,,,,,,True,4169.0,0.00043263214893753474,aveestimated
BRA,Brazil,POL,Poland,2023,850231,HS850231 wind-powered generating sets,,,,MISSING,,,,,,,True,35719.0,0.00029927515488781665,aveestimated
BRA,Brazil,PRT,Portugal,2012,850231,HS850231 wind-powered generating sets,,,,MISSING,,,,,,,True,8616.0,2.6499954558544728e-05,aveestimated
BRA,Brazil,PRT,Portugal,2014,850231,HS850231 wind-powered generating sets,,,,MISSING,,,,,,,True,5921.0,2.1277833479711125e-05,aveestimated
BRA,Brazil,PRT,Portugal,2015,850231,HS850231 wind-powered generating sets,,,,MISSING,,,,,,,True,3362.0,2.3111081536748063e-05,aveestimated
BRA,Brazil,PRT,Portugal,2016,850231,HS850231 wind-powered generating sets,,,,MISSING,,,,,,,True,2672.0,5.524711661018414e-05,aveestimated
BRA,Brazil,PRT,Portugal,2017,850231,HS850231 wind-powered generating sets,,,,MISSING,,,,,,,True,5308.0,0.0004252824486782713,aveestimated
BRA,Brazil,SGP,Singapore,2011,850231,HS850231 wind-powered generating sets,,,,MISSING,,,,,,,True,62477.0,0.00013016429773214406,aveestimated
BRA,Brazil,TUR,Turkey,2013,850231,HS850231 wind-powered generating sets,,,,MISSING,,,,,,,True,8853.0,2.2751656410791512e-05,aveestimated
BRA,Brazil,TUR,Turkey,2021,850231,HS850231 wind-powered generating sets,,,,MISSING,,,,,,,True,2677.0,8.234067958195862e-06,aveestimated
BRA,Brazil,TUR,Turkey,2022,850231,HS850231 wind-powered generating sets,,,,MISSING,,,,,,,True,965.0,6.212933973920949e-06,aveestimated
BRA,Brazil,TUR,Turkey,2023,850231,HS850231 wind-powered generating sets,,,,MISSING,,,,,,,True,805.0,6.7447716813094545e-06,aveestimated
BRA,Brazil,USA,United States,2010,850231,HS850231 wind-powered generating sets,,,,MISSING,,,,,,,True,5911730.0,0.019538693383670196,aveestimated
BRA,Brazil,USA,United States,2011,850231,HS850231 wind-powered generating sets,,,,MISSING,,,,,,,True,112977319.0,0.23537643272396905,aveestimated
BRA,Brazil,USA,United States,2012,850231,HS850231 wind-powered generating sets,,,,MISSING,,,,,,,True,141590050.0,0.43548397062930316,aveestimated
BRA,Brazil,USA,United States,2013,850231,HS850231 wind-powered generating sets,,,,MISSING,,,,,,,True,237065569.0,0.6092436883222396,aveestimated
BRA,Brazil,USA,United States,2014,850231,HS850231 wind-powered generating sets,,,,MISSING,,,,,,,True,213719430.0,0.7680267594863668,aveestimated
BRA,Brazil,USA,United States,2015,850231,HS850231 wind-powered generating sets,,,,MISSING,,,,,,,True,26434024.0,0.18171293397036145,aveestimated
BRA,Brazil,USA,United States,2016,850231,HS850231 wind-powered generating sets,,,,MISSING,,,,,,,True,34632138.0,0.7160650323899661,aveestimated
BRA,Brazil,USA,United States,2017,850231,HS850231 wind-powered generating sets,,,,MISSING,,,,,,,True,9059761.0,0.7258774194649406,aveestimated
BRA,Brazil,USA,United States,2018,850231,HS850231 wind-powered generating sets,,,,MISSING,,,,,,,True,11303362.0,0.896440595284745,aveestimated
BRA,Brazil,USA,United States,2019,850231,HS850231 wind-powered generating sets,,,,MISSING,,,,,,,True,9434987.0,0.979102590791006,aveestimated
BRA,Brazil,USA,United States,2020,850231,HS850231 wind-powered generating sets,,,,MISSING,,,,,,,True,5053971.0,0.5325593861390666,aveestimated
BRA,Brazil,USA,United States,2021,850231,HS850231 wind-powered generating sets,,,,MISSING,,,,,,,True,5579136.0,0.017160621954432957,aveestimated
BRA,Brazil,USA,United States,2022,850231,HS850231 wind-powered generating sets,,,,MISSING,,,,,,,True,9553935.0,0.061510846990810816,aveestimated
BRA,Brazil,USA,United States,2023,850231,HS850231 wind-powered generating sets,,,,MISSING,,,,,,,True,14609225.0,0.12240482865326474,aveestimated
BRA,Brazil,USA,United States,2024,850231,HS850231 wind-powered generating sets,,,,MISSING,,,,,,,True,11194394.0,0.02809465561959306,aveestimated
CAN,Canada,ARE,United Arab Emirates,2017,850231,HS850231 wind-powered generating sets,0.0,,0.0,MFN_FALLBACK,MFN,,,,1.0,H5,True,102.483,3.158122552221405e-07,aveestimated
CAN,Canada,BEL,,2010,850231,HS850231 wind-powered generating sets,0.0,,0.0,MFN_FALLBACK,MFN,,,,1.0,H3,True,46964.0,5.252682944768096e-05,aveestimated
CAN,Canada,BEL,,2015,850231,HS850231 wind-powered generating sets,0.0,,0.0,MFN_FALLBACK,MFN,,,,1.0,H4,True,828.622,1.9246316236280074e-06,aveestimated
CAN,Canada,BEL,,2021,850231,HS850231 wind-powered generating sets,0.0,,0.0,MFN_FALLBACK,MFN,,,,1.0,H5,True,5539.619,2.7837444501306813e-05,aveestimated
CAN,Canada,BGR,Bulgaria,2021,850231,HS850231 wind-powered generating sets,0.0,,0.0,MFN_FALLBACK,MFN,,,,1.0,H5,True,471.338,2.3685465401784767e-06,aveestimated
CAN,Canada,BGR,Bulgaria,2024,850231,HS850231 wind-powered generating sets,,,,MISSING,,,,,,,True,2403.667,2.4865032475202984e-05,aveestimated
CAN,Canada,BRA,Brazil,2017,850231,HS850231 wind-powered generating sets,0.0,,0.0,MFN_FALLBACK,MFN,,,,1.0,H5,True,66152.902,0.0002038571974874784,aveestimated
CAN,Canada,BRA,Brazil,2018,850231,HS850231 wind-powered generating sets,0.0,,0.0,MFN_FALLBACK,MFN,,,,1.0,H5,True,230008.905,0.0014570036867502538,aveestimated
CAN,Canada,BRA,Brazil,2019,850231,HS850231 wind-powered generating sets,0.0,,0.0,MFN_FALLBACK,MFN,,,,1.0,H5,True,108077.869,0.000438259525870532,aveestimated
CAN,Canada,CHE,Switzerland,2013,850231,HS850231 wind-powered generating sets,0.0,,0.0,MFN_FALLBACK,MFN,,,,1.0,H4,True,61364.0,9.683685499857417e-05,aveestimated
CAN,Canada,CHE,Switzerland,2015,850231,HS850231 wind-powered generating sets,0.0,,0.0,MFN_FALLBACK,MFN,,,,1.0,H4,True,4027.308,9.354186027995954e-06,aveestimated
CAN,Canada,CHN,China,2010,850231,HS850231 wind-powered generating sets,0.0,,0.0,MFN_FALLBACK,MFN,,,,1.0,H3,True,825706.0,0.0009235098849315827,aveestimated
CAN,Canada,CHN,China,2011,850231,HS850231 wind-powered generating sets,0.0,,0.0,MFN_FALLBACK,MFN,,,,1.0,H3,True,1751771.0,0.003210416959832668,aveestimated
CAN,Canada,CHN,China,2012,850231,HS850231 wind-powered generating sets,0.0,,0.0,MFN_FALLBACK,MFN,,,,1.0,H4,True,76533323.0,0.11648756229709757,aveestimated
CAN,Canada,CHN,China,2013,850231,HS850231 wind-powered generating sets,0.0,,0.0,MFN_FALLBACK,MFN,,,,1.0,H4,True,471123.0,0.0007434663587362828,aveestimated
CAN,Canada,CHN,China,2014,850231,HS850231 wind-powered generating sets,0.0,,0.0,MFN_FALLBACK,MFN,,,,1.0,H4,True,819297.0,0.0013612528619125336,aveestimated
CAN,Canada,CHN,China,2015,850231,HS850231 wind-powered generating sets,0.0,,0.0,MFN_FALLBACK,MFN,,,,1.0,H4,True,1642746.494,0.0038155900422103648,aveestimated
CAN,Canada,CHN,China,2016,850231,HS850231 wind-powered generating sets,0.0,,0.0,MFN_FALLBACK,MFN,,,,1.0,H4,True,1330720.499,0.012641586582779425,aveestimated
CAN,Canada,CHN,China,2017,850231,HS850231 wind-powered generating sets,0.0,,0.0,MFN_FALLBACK,MFN,,,,1.0,H5,True,1510294.523,0.004654133069467882,aveestimated
CAN,Canada,CHN,China,2018,850231,HS850231 wind-powered generating sets,0.0,,0.0,MFN_FALLBACK,MFN,,,,1.0,H5,True,14643033.168,0.09275707525750904,aveestimated
CAN,Canada,CHN,China,2019,850231,HS850231 wind-powered generating sets,0.0,,0.0,MFN_FALLBACK,MFN,,,,1.0,H5,True,127882179.923,0.5185666969464771,aveestimated
CAN,Canada,CHN,China,2020,850231,HS850231 wind-powered generating sets,0.0,,0.0,MFN_FALLBACK,MFN,,,,1.0,H5,True,181759032.476,0.7675811984571944,aveestimated
CAN,Canada,CHN,China,2021,850231,HS850231 wind-powered generating sets,0.0,,0.0,MFN_FALLBACK,MFN,,,,1.0,H5,True,161249827.27,0.8103053869722693,aveestimated
CAN,Canada,CHN,China,2022,850231,HS850231 wind-powered generating sets,0.0,,0.0,MFN_FALLBACK,MFN,,,,1.0,H6,True,395720972.245,0.7776942676368379,aveestimated
CAN,Canada,CHN,China,2023,850231,HS850231 wind-powered generating sets,0.0,,0.0,MFN_FALLBACK,MFN,,,,1.0,H6,True,421651102.726,0.8447396965337094,aveestimated
CAN,Canada,CHN,China,2024,850231,HS850231 wind-powered generating sets,,,,MISSING,,,,,,,True,34596473.379,0.3578875252255535,aveestimated
CAN,Canada,DEU,Germany,2010,850231,HS850231 wind-powered generating sets,0.0,,0.0,MFN_FALLBACK,MFN,,,,1.0,H3,True,189490767.0,0.2119357209803094,aveestimated
CAN,Canada,DEU,Germany,2011,850231,HS850231 wind-powered generating sets,0.0,,0.0,MFN_FALLBACK,MFN,,,,1.0,H3,True,131102703.0,0.24026790099339768,aveestimated
CAN,Canada,DEU,Germany,2012,850231,HS850231 wind-powered generating sets,0.0,,0.0,MFN_FALLBACK,MFN,,,,1.0,H4,True,364673599.0,0.5550515372450152,aveestimated
CAN,Canada,DEU,Germany,2013,850231,HS850231 wind-powered generating sets,0.0,,0.0,MFN_FALLBACK,MFN,,,,1.0,H4,True,380346435.0,0.6002143369943227,aveestimated
CAN,Canada,DEU,Germany,2014,850231,HS850231 wind-powered generating sets,0.0,,0.0,MFN_FALLBACK,MFN,,,,1.0,H4,True,244826549.0,0.4067765907826089,aveestimated
CAN,Canada,DEU,Germany,2015,850231,HS850231 wind-powered generating sets,0.0,,0.0,MFN_FALLBACK,MFN,,,,1.0,H4,True,219015619.994,0.5087052821539217,aveestimated
CAN,Canada,DEU,Germany,2016,850231,HS850231 wind-powered generating sets,0.0,,0.0,MFN_FALLBACK,MFN,,,,1.0,H4,True,84120995.371,0.799133136681382,aveestimated
CAN,Canada,DEU,Germany,2017,850231,HS850231 wind-powered generating sets,0.0,,0.0,MFN_FALLBACK,MFN,,,,1.0,H5,True,20437565.147,0.06298052887135903,aveestimated
CAN,Canada,DEU,Germany,2018,850231,HS850231 wind-powered generating sets,0.0,,0.0,MFN_FALLBACK,MFN,,,,1.0,H5,True,24698190.641,0.15645200702119605,aveestimated
CAN,Canada,DEU,Germany,2019,850231,HS850231 wind-powered generating sets,0.0,,0.0,MFN_FALLBACK,MFN,,,,1.0,H5,True,20032821.626,0.08123378994139585,aveestimated
CAN,Canada,DEU,Germany,2020,850231,HS850231 wind-powered generating sets,0.0,,0.0,MFN_FALLBACK,MFN,,,,1.0,H5,True,40557903.439,0.17127888339045533,aveestimated
CAN,Canada,DEU,Germany,2021,850231,HS850231 wind-powered generating sets,0.0,,0.0,MFN_FALLBACK,MFN,,,,1.0,H5,True,26634019.463,0.13384007792737876,aveestimated
CAN,Canada,DEU,Germany,2022,850231,HS850231 wind-powered generating sets,0.0,,0.0,MFN_FALLBACK,MFN,,,,1.0,H6,True,82266325.351,0.1616746498980334,aveestimated
CAN,Canada,DEU,Germany,2023,850231,HS850231 wind-powered generating sets,0.0,,0.0,MFN_FALLBACK,MFN,,,,1.0,H6,True,39947357.309,0.08003090297253837,aveestimated
CAN,Canada,DEU,Germany,2024,850231,HS850231 wind-powered generating sets,,,,MISSING,,,,,,,True,21362591.981,0.22098799183167878,aveestimated
CAN,Canada,DNK,Denmark,2010,850231,HS850231 wind-powered generating sets,0.0,,0.0,MFN_FALLBACK,MFN,,,,1.0,H3,True,570861563.0,0.6384794301579418,aveestimated
CAN,Canada,DNK,Denmark,2011,850231,HS850231 wind-powered generating sets,0.0,,0.0,MFN_FALLBACK,MFN,,,,1.0,H3,True,268550668.0,0.49216456895427096,aveestimated
CAN,Canada,DNK,Denmark,2012,850231,HS850231 wind-powered generating sets,0.0,,0.0,MFN_FALLBACK,MFN,,,,1.0,H4,True,14114563.0,0.02148307393837856,aveestimated
CAN,Canada,DNK,Denmark,2013,850231,HS850231 wind-powered generating sets,0.0,,0.0,MFN_FALLBACK,MFN,,,,1.0,H4,True,17419597.0,0.02748939099182905,aveestimated
CAN,Canada,DNK,Denmark,2014,850231,HS850231 wind-powered generating sets,0.0,,0.0,MFN_FALLBACK,MFN,,,,1.0,H4,True,35962888.0,0.05975193881173727,aveestimated
CAN,Canada,DNK,Denmark,2015,850231,HS850231 wind-powered generating sets,0.0,,0.0,MFN_FALLBACK,MFN,,,,1.0,H4,True,99503236.114,0.23111512230948347,aveestimated
CAN,Canada,DNK,Denmark,2017,850231,HS850231 wind-powered generating sets,0.0,,0.0,MFN_FALLBACK,MFN,,,,1.0,H5,True,186860597.983,0.5758307900936642,aveestimated
CAN,Canada,DNK,Denmark,2018,850231,HS850231 wind-powered generating sets,0.0,,0.0,MFN_FALLBACK,MFN,,,,1.0,H5,True,87867484.68,0.5566012721300136,aveestimated
CAN,Canada,DNK,Denmark,2019,850231,HS850231 wind-powered generating sets,0.0,,0.0,MFN_FALLBACK,MFN,,,,1.0,H5,True,6197514.368,0.025131136777830895,aveestimated
CAN,Canada,DNK,Denmark,2020,850231,HS850231 wind-powered generating sets,0.0,,0.0,MFN_FALLBACK,MFN,,,,1.0,H5,True,2253.286,9.515785514401857e-06,aveestimated
CAN,Canada,DNK,Denmark,2021,850231,HS850231 wind-powered generating sets,0.0,,0.0,MFN_FALLBACK,MFN,,,,1.0,H5,True,442.627,2.224269312976205e-06,aveestimated
CAN,Canada,DNK,Denmark,2023,850231,HS850231 wind-powered generating sets,0.0,,0.0,MFN_FALLBACK,MFN,,,,1.0,H6,True,3.704,7.420627660480973e-09,aveestimated
CAN,Canada,DNK,Denmark,2024,850231,HS850231 wind-powered generating sets,,,,MISSING,,,,,,,True,8041902.62,0.08319046265922857,aveestimated
CAN,Canada,ESP,Spain,2011,850231,HS850231 wind-powered generating sets,0.0,,0.0,MFN_FALLBACK,MFN,,,,1.0,H3,True,6723.0,1.2321035809449425e-05,aveestimated
CAN,Canada,ESP,Spain,2012,850231,HS850231 wind-powered generating sets,0.0,,0.0,MFN_FALLBACK,MFN,,,,1.0,H4,True,7481.0,1.138645781190746e-05,aveestimated
CAN,Canada,ESP,Spain,2014,850231,HS850231 wind-powered generating sets,0.0,,0.0,MFN_FALLBACK,MFN,,,,1.0,H4,True,12709440.0,0.021116593339540645,aveestimated
CAN,Canada,ESP,Spain,2015,850231,HS850231 wind-powered generating sets,0.0,,0.0,MFN_FALLBACK,MFN,,,,1.0,H4,True,6050.743,1.4053997268049608e-05,aveestimated
CAN,Canada,ESP,Spain,2016,850231,HS850231 wind-powered generating sets,0.0,,0.0,MFN_FALLBACK,MFN,,,,1.0,H4,True,888.893,8.444311056131518e-06,aveestimated
CAN,Canada,ESP,Spain,2017,850231,HS850231 wind-powered generating sets,0.0,,0.0,MFN_FALLBACK,MFN,,,,1.0,H5,True,105107332.266,0.32389941398386385,aveestimated
CAN,Canada,ESP,Spain,2018,850231,HS850231 wind-powered generating sets,0.0,,0.0,MFN_FALLBACK,MFN,,,,1.0,H5,True,9369216.637,0.059349802922068665,aveestimated
CAN,Canada,ESP,Spain,2019,850231,HS850231 wind-powered generating sets,0.0,,0.0,MFN_FALLBACK,MFN,,,,1.0,H5,True,4769678.627,0.01934121308057832,aveestimated
CAN,Canada,ESP,Spain,2021,850231,HS850231 wind-powered generating sets,0.0,,0.0,MFN_FALLBACK,MFN,,,,1.0,H5,True,3060.109,1.53775222547705e-05,aveestimated
CAN,Canada,ESP,Spain,2022,850231,HS850231 wind-powered generating sets,0.0,,0.0,MFN_FALLBACK,MFN,,,,1.0,H6,True,1045.672,2.0550164819792986e-06,aveestimated
CAN,Canada,ESP,Spain,2023,850231,HS850231 wind-powered generating sets,0.0,,0.0,MFN_FALLBACK,MFN,,,,1.0,H6,True,14826.188,2.9702921374808604e-05,aveestimated
CAN,Canada,EST,Estonia,2015,850231,HS850231 wind-powered generating sets,0.0,,0.0,MFN_FALLBACK,MFN,,,,1.0,H4,True,192895.296,0.00044803587972644355,aveestimated
CAN,Canada,EST,Estonia,2017,850231,HS850231 wind-powered generating sets,0.0,,0.0,MFN_FALLBACK,MFN,,,,1.0,H5,True,56047.193,0.0001727153812847064,aveestimated
CAN,Canada,EST,Estonia,2021,850231,HS850231 wind-powered generating sets,0.0,,0.0,MFN_FALLBACK,MFN,,,,1.0,H5,True,125746.793,0.0006318971343254503,aveestimated
CAN,Canada,EST,Estonia,2024,850231,HS850231 wind-powered generating sets,,,,MISSING,,,,,,,True,15175.913,0.00015698912103292808,aveestimated
CAN,Canada,FIN,Finland,2011,850231,HS850231 wind-powered generating sets,0.0,,0.0,MFN_FALLBACK,MFN,,,,1.0,H3,True,10180.0,1.8656573633823465e-05,aveestimated
CAN,Canada,FIN,Finland,2013,850231,HS850231 wind-powered generating sets,0.0,,0.0,MFN_FALLBACK,MFN,,,,1.0,H4,True,113475.0,0.00017907180302723427,aveestimated
CAN,Canada,FIN,Finland,2017,850231,HS850231 wind-powered generating sets,0.0,,0.0,MFN_FALLBACK,MFN,,,,1.0,H5,True,50607.14,0.00015595127985853845,aveestimated
CAN,Canada,FIN,Finland,2022,850231,HS850231 wind-powered generating sets,0.0,,0.0,MFN_FALLBACK,MFN,,,,1.0,H6,True,10926.163,2.1472741978165598e-05,aveestimated
CAN,Canada,FRA,France,2010,850231,HS850231 wind-powered generating sets,0.0,,0.0,MFN_FALLBACK,MFN,,,,1.0,H3,True,98121.0,0.00010974331471416198,aveestimated
CAN,Canada,FRA,France,2011,850231,HS850231 wind-powered generating sets,0.0,,0.0,MFN_FALLBACK,MFN,,,,1.0,H3,True,102691.0,0.0001881986446985231,aveestimated
CAN,Canada,FRA,France,2012,850231,HS850231 wind-powered generating sets,0.0,,0.0,MFN_FALLBACK,MFN,,,,1.0,H4,True,185371.0,0.00028214397420814037,aveestimated
CAN,Canada,FRA,France,2013,850231,HS850231 wind-powered generating sets,0.0,,0.0,MFN_FALLBACK,MFN,,,,1.0,H4,True,25622.0,4.04333794859114e-05,aveestimated
CAN,Canada,FRA,France,2015,850231,HS850231 wind-powered generating sets,0.0,,0.0,MFN_FALLBACK,MFN,,,,1.0,H4,True,46982.651,0.00010912611042969898,aveestimated
CAN,Canada,FRA,France,2016,850231,HS850231 wind-powered generating sets,0.0,,0.0,MFN_FALLBACK,MFN,,,,1.0,H4,True,51244.884,0.0004868164565716876,aveestimated
CAN,Canada,FRA,France,2017,850231,HS850231 wind-powered generating sets,0.0,,0.0,MFN_FALLBACK,MFN,,,,1.0,H5,True,24.657,7.598316576419814e-08,aveestimated
CAN,Canada,GBR,United Kingdom,2010,850231,HS850231 wind-powered generating sets,0.0,,0.0,MFN_FALLBACK,MFN,,,,1.0,H3,True,16915.0,1.8918561453613904e-05,aveestimated
CAN,Canada,GBR,United Kingdom,2011,850231,HS850231 wind-powered generating sets,0.0,,0.0,MFN_FALLBACK,MFN,,,,1.0,H3,True,187808.0,0.0003441899588429388,aveestimated
CAN,Canada,GBR,United Kingdom,2012,850231,HS850231 wind-powered generating sets,0.0,,0.0,MFN_FALLBACK,MFN,,,,1.0,H4,True,15093.0,2.2972304204667732e-05,aveestimated
CAN,Canada,GBR,United Kingdom,2013,850231,HS850231 wind-powered generating sets,0.0,,0.0,MFN_FALLBACK,MFN,,,,1.0,H4,True,869260.0,0.0013717555012069062,aveestimated
CAN,Canada,GBR,United Kingdom,2014,850231,HS850231 wind-powered generating sets,0.0,,0.0,MFN_FALLBACK,MFN,,,,1.0,H4,True,34063.0,5.659529601027055e-05,aveestimated
CAN,Canada,GBR,United Kingdom,2015,850231,HS850231 wind-powered generating sets,0.0,,0.0,MFN_FALLBACK,MFN,,,,1.0,H4,True,150097.227,0.0003486292539940668,aveestimated
CAN,Canada,GBR,United Kingdom,2016,850231,HS850231 wind-powered generating sets,0.0,,0.0,MFN_FALLBACK,MFN,,,,1.0,H4,True,326914.019,0.0031056197596854617,aveestimated
CAN,Canada,GBR,United Kingdom,2017,850231,HS850231 wind-powered generating sets,0.0,,0.0,MFN_FALLBACK,MFN,,,,1.0,H5,True,17616.99,5.428862681738335e-05,aveestimated
CAN,Canada,GBR,United Kingdom,2018,850231,HS850231 wind-powered generating sets,0.0,,0.0,MFN_FALLBACK,MFN,,,,1.0,H5,True,169712.641,0.001075053783787729,aveestimated
CAN,Canada,GBR,United Kingdom,2019,850231,HS850231 wind-powered generating sets,0.0,,0.0,MFN_FALLBACK,MFN,,,,1.0,H5,True,983425.924,0.003987826399325377,aveestimated
CAN,Canada,GBR,United Kingdom,2020,850231,HS850231 wind-powered generating sets,0.0,,0.0,MFN_FALLBACK,MFN,,,,1.0,H5,True,19331.878,8.163988265962864e-05,aveestimated
CAN,Canada,GBR,United Kingdom,2021,850231,HS850231 wind-powered generating sets,0.0,,0.0,MFN_FALLBACK,MFN,,,,1.0,H5,True,27760.301,0.0001394998173027914,aveestimated
CAN,Canada,GBR,United Kingdom,2022,850231,HS850231 wind-powered generating sets,0.0,,0.0,MFN_FALLBACK,MFN,,,,1.0,H6,True,67774.328,0.0001331941192793448,aveestimated
CAN,Canada,GBR,United Kingdom,2023,850231,HS850231 wind-powered generating sets,0.0,,0.0,MFN_FALLBACK,MFN,,,,1.0,H6,True,408015.759,0.0008174225235279531,aveestimated
CAN,Canada,GBR,United Kingdom,2024,850231,HS850231 wind-powered generating sets,,,,MISSING,,,,,,,True,952268.927,0.009850864447937964,aveestimated
CAN,Canada,HKG,"Hong Kong, China",2011,850231,HS850231 wind-powered generating sets,0.0,,0.0,MFN_FALLBACK,MFN,,,,1.0,H3,True,199.0,3.647011938242504e-07,aveestimated
CAN,Canada,HKG,"Hong Kong, China",2021,850231,HS850231 wind-powered generating sets,0.0,,0.0,MFN_FALLBACK,MFN,,,,1.0,H5,True,266.374,1.338570656500222e-06,aveestimated
CAN,Canada,HKG,"Hong Kong, China",2023,850231,HS850231 wind-powered generating sets,0.0,,0.0,MFN_FALLBACK,MFN,,,,1.0,H6,True,1064.516,2.1326611432571716e-06,aveestimated
CAN,Canada,IND,India,2011,850231,HS850231 wind-powered generating sets,0.0,,0.0,MFN_FALLBACK,MFN,,,,1.0,H3,True,14628698.0,0.026809565953238315,aveestimated
CAN,Canada,IND,India,2013,850231,HS850231 wind-powered generating sets,0.0,,0.0,MFN_FALLBACK,MFN,,,,1.0,H4,True,6897.0,1.0883967618231636e-05,aveestimated
CAN,Canada,IND,India,2014,850231,HS850231 wind-powered generating sets,0.0,,0.0,MFN_FALLBACK,MFN,,,,1.0,H4,True,63357.0,0.0001052669515111033,aveestimated
CAN,Canada,IND,India,2015,850231,HS850231 wind-powered generating sets,0.0,,0.0,MFN_FALLBACK,MFN,,,,1.0,H4,True,13277.519,3.0839554043607e-05,aveestimated
CAN,Canada,IND,India,2016,850231,HS850231 wind-powered generating sets,0.0,,0.0,MFN_FALLBACK,MFN,,,,1.0,H4,True,6768.562,6.430002590943079e-05,aveestimated
CAN,Canada,IND,India,2018,850231,HS850231 wind-powered generating sets,0.0,,0.0,MFN_FALLBACK,MFN,,,,1.0,H5,True,3897.527,2.468909283407378e-05,aveestimated
CAN,Canada,IND,India,2019,850231,HS850231 wind-powered generating sets,0.0,,0.0,MFN_FALLBACK,MFN,,,,1.0,H5,True,1852.587,7.5123048572868445e-06,aveestimated
CAN,Canada,IND,India,2020,850231,HS850231 wind-powered generating sets,0.0,,0.0,MFN_FALLBACK,MFN,,,,1.0,H5,True,7111.047,3.0030452430286607e-05,aveestimated
CAN,Canada,IND,India,2021,850231,HS850231 wind-powered generating sets,0.0,,0.0,MFN_FALLBACK,MFN,,,,1.0,H5,True,8094.893,4.067809259653363e-05,aveestimated
CAN,Canada,IND,India,2022,850231,HS850231 wind-powered generating sets,0.0,,0.0,MFN_FALLBACK,MFN,,,,1.0,H6,True,3444698.655,0.006769725603704528,aveestimated
CAN,Canada,IND,India,2023,850231,HS850231 wind-powered generating sets,0.0,,0.0,MFN_FALLBACK,MFN,,,,1.0,H6,True,24245076.959,0.04857281012755002,aveestimated
CAN,Canada,IND,India,2024,850231,HS850231 wind-powered generating sets,,,,MISSING,,,,,,,True,6163205.419,0.06375604561479689,aveestimated
CAN,Canada,ITA,Italy,2010,850231,HS850231 wind-powered generating sets,0.0,,0.0,MFN_FALLBACK,MFN,,,,1.0,H3,True,163820.0,0.0001832242824316305,aveestimated
CAN,Canada,ITA,Italy,2016,850231,HS850231 wind-powered generating sets,0.0,,0.0,MFN_FALLBACK,MFN,,,,1.0,H4,True,21.883,2.0788425473181363e-07,aveestimated
CAN,Canada,ITA,Italy,2017,850231,HS850231 wind-powered generating sets,0.0,,0.0,MFN_FALLBACK,MFN,,,,1.0,H5,True,3217.799,9.915989569407107e-06,aveestimated
CAN,Canada,ITA,Italy,2019,850231,HS850231 wind-powered generating sets,0.0,,0.0,MFN_FALLBACK,MFN,,,,1.0,H5,True,906454.632,0.003675705127415748,aveestimated
CAN,Canada,ITA,Italy,2020,850231,HS850231 wind-powered generating sets,0.0,,0.0,MFN_FALLBACK,MFN,,,,1.0,H5,True,821515.711,0.0034693187205651404,aveestimated
CAN,Canada,ITA,Italy,2021,850231,HS850231 wind-powered generating sets,0.0,,0.0,MFN_FALLBACK,MFN,,,,1.0,H5,True,247261.113,0.0012425254354981549,aveestimated
CAN,Canada,ITA,Italy,2022,850231,HS850231 wind-powered generating sets,0.0,,0.0,MFN_FALLBACK,MFN,,,,1.0,H6,True,14159.988,2.7828046198644586e-05,aveestimated
CAN,Canada,ITA,Italy,2023,850231,HS850231 wind-powered generating sets,0.0,,0.0,MFN_FALLBACK,MFN,,,,1.0,H6,True,296.316,5.936421992016954e-07,aveestimated
CAN,Canada,JPN,Japan,2010,850231,HS850231 wind-powered generating sets,0.0,,0.0,MFN_FALLBACK,MFN,,,,1.0,H3,True,86166.0,9.637225930902132e-05,aveestimated
CAN,Canada,JPN,Japan,2011,850231,HS850231 wind-powered generating sets,0.0,,0.0,MFN_FALLBACK,MFN,,,,1.0,H3,True,188232.0,0.0003449670106327955,aveestimated
CAN,Canada,JPN,Japan,2012,850231,HS850231 wind-powered generating sets,0.0,,0.0,MFN_FALLBACK,MFN,,,,1.0,H4,True,140863.0,0.00021440056232572126,aveestimated
CAN,Canada,JPN,Japan,2013,850231,HS850231 wind-powered generating sets,0.0,,0.0,MFN_FALLBACK,MFN,,,,1.0,H4,True,240496.0,0.0003795201792539126,aveestimated
CAN,Canada,JPN,Japan,2014,850231,HS850231 wind-powered generating sets,0.0,,0.0,MFN_FALLBACK,MFN,,,,1.0,H4,True,175451.0,0.000291509886982884,aveestimated
CAN,Canada,JPN,Japan,2015,850231,HS850231 wind-powered generating sets,0.0,,0.0,MFN_FALLBACK,MFN,,,,1.0,H4,True,209253.349,0.00048603055776393593,aveestimated
CAN,Canada,JPN,Japan,2016,850231,HS850231 wind-powered generating sets,0.0,,0.0,MFN_FALLBACK,MFN,,,,1.0,H4,True,34882.62,0.00033137812282562067,aveestimated
CAN,Canada,JPN,Japan,2017,850231,HS850231 wind-powered generating sets,0.0,,0.0,MFN_FALLBACK,MFN,,,,1.0,H5,True,85953.619,0.0002648752111169133,aveestimated
CAN,Canada,JPN,Japan,2018,850231,HS850231 wind-powered generating sets,0.0,,0.0,MFN_FALLBACK,MFN,,,,1.0,H5,True,89802.914,0.0005688613524720531,aveestimated
CAN,Canada,JPN,Japan,2019,850231,HS850231 wind-powered generating sets,0.0,,0.0,MFN_FALLBACK,MFN,,,,1.0,H5,True,48848.601,0.00019808277968266376,aveestimated
CAN,Canada,JPN,Japan,2020,850231,HS850231 wind-powered generating sets,0.0,,0.0,MFN_FALLBACK,MFN,,,,1.0,H5,True,10891.377,4.599505233178991e-05,aveestimated
CAN,Canada,JPN,Japan,2021,850231,HS850231 wind-powered generating sets,0.0,,0.0,MFN_FALLBACK,MFN,,,,1.0,H5,True,35399.009,0.00017788550953391568,aveestimated
CAN,Canada,JPN,Japan,2022,850231,HS850231 wind-powered generating sets,0.0,,0.0,MFN_FALLBACK,MFN,,,,1.0,H6,True,20606.893,4.0497885338216796e-05,aveestimated
CAN,Canada,JPN,Japan,2023,850231,HS850231 wind-powered generating sets,0.0,,0.0,MFN_FALLBACK,MFN,,,,1.0,H6,True,41653.189,8.34483818684238e-05,aveestimated
CAN,Canada,JPN,Japan,2024,850231,HS850231 wind-powered generating sets,,,,MISSING,,,,,,,True,29189.211,0.00030195142648318266,aveestimated
CAN,Canada,KOR,"Korea, Rep.",2010,850231,HS850231 wind-powered generating sets,0.0,,0.0,MFN_FALLBACK,MFN,,,,1.0,H3,True,74431.0,8.324726263990166e-05,aveestimated
CAN,Canada,KOR,"Korea, Rep.",2011,850231,HS850231 wind-powered generating sets,0.0,,0.0,MFN_FALLBACK,MFN,,,,1.0,H3,True,24185.0,4.432310740019847e-05,aveestimated
CAN,Canada,KOR,"Korea, Rep.",2012,850231,HS850231 wind-powered generating sets,0.0,,0.0,MFN_FALLBACK,MFN,,,,1.0,H4,True,13983616.0,0.02128376602618823,aveestimated
CAN,Canada,KOR,"Korea, Rep.",2016,850231,HS850231 wind-powered generating sets,0.0,,0.0,MFN_FALLBACK,MFN,,,,1.0,H4,True,375081.735,0.0035632037172229863,aveestimated
CAN,Canada,KOR,"Korea, Rep.",2021,850231,HS850231 wind-powered generating sets,0.0,,0.0,MFN_FALLBACK,MFN,,,,1.0,H5,True,1282251.861,0.006443514439762894,aveestimated
CAN,Canada,KOR,"Korea, Rep.",2022,850231,HS850231 wind-powered generating sets,0.0,,0.0,MFN_FALLBACK,MFN,,,,1.0,H6,True,3256668.92,0.006400198443632154,aveestimated
CAN,Canada,LTU,Lithuania,2014,850231,HS850231 wind-powered generating sets,0.0,,0.0,MFN_FALLBACK,MFN,,,,1.0,H4,True,33038.0,5.4892269899519084e-05,aveestimated
CAN,Canada,MEX,Mexico,2016,850231,HS850231 wind-powered generating sets,0.0,,0.0,MFN_FALLBACK,MFN,,,,1.0,H4,True,119765.071,0.001137744940261287,aveestimated
CAN,Canada,MEX,Mexico,2021,850231,HS850231 wind-powered generating sets,0.0,,0.0,MFN_FALLBACK,MFN,,,,1.0,H5,True,302845.516,0.001521845680022331,aveestimated
CAN,Canada,MEX,Mexico,2023,850231,HS850231 wind-powered generating sets,0.0,,0.0,MFN_FALLBACK,MFN,,,,1.0,H6,True,22516.338,4.510943860030745e-05,aveestimated
CAN,Canada,NIC,Nicaragua,2019,850231,HS850231 wind-powered generating sets,0.0,,0.0,MFN_FALLBACK,MFN,,,,1.0,H5,True,199.73,8.099121116287124e-07,aveestimated
CAN,Canada,NLD,,2010,850231,HS850231 wind-powered generating sets,0.0,,0.0,MFN_FALLBACK,MFN,,,,1.0,H3,True,10926.0,1.2220171589842478e-05,aveestimated
CAN,Canada,NLD,,2011,850231,HS850231 wind-powered generating sets,0.0,,0.0,MFN_FALLBACK,MFN,,,,1.0,H3,True,3152.0,5.776573683085615e-06,aveestimated
CAN,Canada,NLD,,2013,850231,HS850231 wind-powered generating sets,0.0,,0.0,MFN_FALLBACK,MFN,,,,1.0,H4,True,5341.0,8.428486450482117e-06,aveestimated
CAN,Canada,NLD,,2014,850231,HS850231 wind-powered generating sets,0.0,,0.0,MFN_FALLBACK,MFN,,,,1.0,H4,True,292780.0,0.00048645071678616133,aveestimated
CAN,Canada,NLD,,2015,850231,HS850231 wind-powered generating sets,0.0,,0.0,MFN_FALLBACK,MFN,,,,1.0,H4,True,19417.461,4.51007328928794e-05,aveestimated
CAN,Canada,NLD,,2016,850231,HS850231 wind-powered generating sets,0.0,,0.0,MFN_FALLBACK,MFN,,,,1.0,H4,True,170088.616,0.0016158088550713172,aveestimated
CAN,Canada,NLD,,2017,850231,HS850231 wind-powered generating sets,0.0,,0.0,MFN_FALLBACK,MFN,,,,1.0,H5,True,253459.499,0.0007810623809477072,aveestimated
CAN,Canada,NLD,,2018,850231,HS850231 wind-powered generating sets,0.0,,0.0,MFN_FALLBACK,MFN,,,,1.0,H5,True,12250.694,7.760267509316307e-05,aveestimated
CAN,Canada,NLD,,2020,850231,HS850231 wind-powered generating sets,0.0,,0.0,MFN_FALLBACK,MFN,,,,1.0,H5,True,992787.784,0.004192612750384248,aveestimated
CAN,Canada,NLD,,2021,850231,HS850231 wind-powered generating sets,0.0,,0.0,MFN_FALLBACK,MFN,,,,1.0,H5,True,97440.187,0.0004896520496823803,aveestimated
CAN,Canada,NLD,,2023,850231,HS850231 wind-powered generating sets,0.0,,0.0,MFN_FALLBACK,MFN,,,,1.0,H6,True,9885.854,1.980541080990185e-05,aveestimated
CAN,Canada,NOR,Norway,2013,850231,HS850231 wind-powered generating sets,0.0,,0.0,MFN_FALLBACK,MFN,,,,1.0,H4,True,487.0,7.685214194691614e-07,aveestimated
CAN,Canada,POL,Poland,2016,850231,HS850231 wind-powered generating sets,0.0,,0.0,MFN_FALLBACK,MFN,,,,1.0,H4,True,914.548,8.688028579101161e-06,aveestimated
CAN,Canada,POL,Poland,2017,850231,HS850231 wind-powered generating sets,0.0,,0.0,MFN_FALLBACK,MFN,,,,1.0,H5,True,632.618,1.9494795944119524e-06,aveestimated
CAN,Canada,PRT,Portugal,2012,850231,HS850231 wind-powered generating sets,0.0,,0.0,MFN_FALLBACK,MFN,,,,1.0,H4,True,2365.0,3.5996488069992173e-06,aveestimated
CAN,Canada,PRT,Portugal,2013,850231,HS850231 wind-powered generating sets,0.0,,0.0,MFN_FALLBACK,MFN,,,,1.0,H4,True,7890111.0,0.012451169005111385,aveestimated
CAN,Canada,PRT,Portugal,2014,850231,HS850231 wind-powered generating sets,0.0,,0.0,MFN_FALLBACK,MFN,,,,1.0,H4,True,14604582.0,0.024265350714742364,aveestimated
CAN,Canada,PRT,Portugal,2015,850231,HS850231 wind-powered generating sets,0.0,,0.0,MFN_FALLBACK,MFN,,,,1.0,H4,True,17381436.93,0.040371681152049685,aveestimated
CAN,Canada,PRT,Portugal,2016,850231,HS850231 wind-powered generating sets,0.0,,0.0,MFN_FALLBACK,MFN,,,,1.0,H4,True,2713501.582,0.025777738613885996,aveestimated
CAN,Canada,PRT,Portugal,2017,850231,HS850231 wind-powered generating sets,0.0,,0.0,MFN_FALLBACK,MFN,,,,1.0,H5,True,1166143.319,0.0035935945618846246,aveestimated
CAN,Canada,PRT,Portugal,2022,850231,HS850231 wind-powered generating sets,0.0,,0.0,MFN_FALLBACK,MFN,,,,1.0,H6,True,1784342.876,0.0035066961912362036,aveestimated
CAN,Canada,ROU,,2023,850231,HS850231 wind-powered generating sets,0.0,,0.0,MFN_FALLBACK,MFN,,,,1.0,H6,True,22222.985,4.452173250255231e-05,aveestimated
CAN,Canada,RUS,Russian Federation,2016,850231,HS850231 wind-powered generating sets,0.0,,0.0,MFN_FALLBACK,MFN,,,,1.0,H4,True,55152.088,0.0005239341365801491,aveestimated
CAN,Canada,SWE,Sweden,2011,850231,HS850231 wind-powered generating sets,0.0,,0.0,MFN_FALLBACK,MFN,,,,1.0,H3,True,137728.0,0.0002524098795126953,aveestimated
CAN,Canada,TUR,Turkey,2019,850231,HS850231 wind-powered generating sets,0.0,,0.0,MFN_FALLBACK,MFN,,,,1.0,H5,True,13788909.679,0.05591450936352316,aveestimated
CAN,Canada,TUR,Turkey,2020,850231,HS850231 wind-powered generating sets,0.0,,0.0,MFN_FALLBACK,MFN,,,,1.0,H5,True,7698552.994,0.03251153163076514,aveestimated
CAN,Canada,TUR,Turkey,2022,850231,HS850231 wind-powered generating sets,0.0,,0.0,MFN_FALLBACK,MFN,,,,1.0,H6,True,7820251.714,0.015368821356502669,aveestimated
CAN,Canada,TUR,Turkey,2024,850231,HS850231 wind-powered generating sets,,,,MISSING,,,,,,,True,9903230.785,0.10244520354876734,aveestimated
CAN,Canada,UKR,Ukraine,2010,850231,HS850231 wind-powered generating sets,0.0,,0.0,MFN_FALLBACK,MFN,,,,1.0,H3,True,41283.0,4.617292181433892e-05,aveestimated
CAN,Canada,USA,United States,2010,850231,HS850231 wind-powered generating sets,0.0,,0.0,MFN_FALLBACK,MFN,,,,1.0,H3,True,132378803.0,0.148058913373417,aveestimated
CAN,Canada,USA,United States,2011,850231,HS850231 wind-powered generating sets,0.0,,0.0,MFN_FALLBACK,MFN,,,,1.0,H3,True,128953751.0,0.23632958260208606,aveestimated
CAN,Canada,USA,United States,2012,850231,HS850231 wind-powered generating sets,0.0,,0.0,MFN_FALLBACK,MFN,,,,1.0,H4,True,187347279.0,0.2851519701255389,aveestimated
CAN,Canada,USA,United States,2013,850231,HS850231 wind-powered generating sets,0.0,,0.0,MFN_FALLBACK,MFN,,,,1.0,H4,True,226234147.0,0.3570139379565399,aveestimated
CAN,Canada,USA,United States,2014,850231,HS850231 wind-powered generating sets,0.0,,0.0,MFN_FALLBACK,MFN,,,,1.0,H4,True,292342810.0,0.4857243304589814,aveestimated
CAN,Canada,USA,United States,2015,850231,HS850231 wind-powered generating sets,0.0,,0.0,MFN_FALLBACK,MFN,,,,1.0,H4,True,92349506.427,0.21449922943856442,aveestimated
CAN,Canada,USA,United States,2016,850231,HS850231 wind-powered generating sets,0.0,,0.0,MFN_FALLBACK,MFN,,,,1.0,H4,True,15958367.135,0.15160139188393468,aveestimated
CAN,Canada,USA,United States,2017,850231,HS850231 wind-powered generating sets,0.0,,0.0,MFN_FALLBACK,MFN,,,,1.0,H5,True,8889522.404,0.027394007964784247,aveestimated
CAN,Canada,USA,United States,2018,850231,HS850231 wind-powered generating sets,0.0,,0.0,MFN_FALLBACK,MFN,,,,1.0,H5,True,20780728.201,0.13163663207827528,aveestimated
CAN,Canada,USA,United States,2019,850231,HS850231 wind-powered generating sets,0.0,,0.0,MFN_FALLBACK,MFN,,,,1.0,H5,True,71881950.012,0.29148381275826596,aveestimated
CAN,Canada,USA,United States,2020,850231,HS850231 wind-powered generating sets,0.0,,0.0,MFN_FALLBACK,MFN,,,,1.0,H5,True,4925154.373,0.020799273877699663,aveestimated
CAN,Canada,USA,United States,2021,850231,HS850231 wind-powered generating sets,0.0,,0.0,MFN_FALLBACK,MFN,,,,1.0,H5,True,8978407.624,0.04511789058836176,aveestimated
CAN,Canada,USA,United States,2022,850231,HS850231 wind-powered generating sets,0.0,,0.0,MFN_FALLBACK,MFN,,,,1.0,H6,True,14429012.353,0.028356748774087764,aveestimated
CAN,Canada,USA,United States,2023,850231,HS850231 wind-powered generating sets,0.0,,0.0,MFN_FALLBACK,MFN,,,,1.0,H6,True,12785129.613,0.025613846233548107,aveestimated
CAN,Canada,USA,United States,2024,850231,HS850231 wind-powered generating sets,,,,MISSING,,,,,,,True,15602122.774,0.16139810109204564,aveestimated
CAN,Canada,VNM,Vietnam,2017,850231,HS850231 wind-powered generating sets,0.0,,0.0,MFN_FALLBACK,MFN,,,,1.0,H5,True,819.09,2.524112878525249e-06,aveestimated
CAN,Canada,VNM,Vietnam,2022,850231,HS850231 wind-powered generating sets,0.0,,0.0,MFN_FALLBACK,MFN,,,,1.0,H6,True,1956.122,3.844286689097833e-06,aveestimated
CAN,Canada,ZAF,South Africa,2011,850231,HS850231 wind-powered generating sets,0.0,,0.0,MFN_FALLBACK,MFN,,,,1.0,H3,True,3687.0,6.757051766984981e-06,aveestimated
CAN,Canada,ZAF,South Africa,2012,850231,HS850231 wind-powered generating sets,0.0,,0.0,MFN_FALLBACK,MFN,,,,1.0,H4,True,4985.0,7.587420424055433e-06,aveestimated
CAN,Canada,ZAF,South Africa,2014,850231,HS850231 wind-powered generating sets,0.0,,0.0,MFN_FALLBACK,MFN,,,,1.0,H4,True,5554.0,9.22790928694016e-06,aveestimated
CAN,Canada,ZAF,South Africa,2019,850231,HS850231 wind-powered generating sets,0.0,,0.0,MFN_FALLBACK,MFN,,,,1.0,H5,True,5091.222,2.0645082665551274e-05,aveestimated
CHN,China,AUT,Austria,2015,850231,HS850231 wind-powered generating sets,8.0,,8.0,MFN_FALLBACK,MFN,,,,1.0,H4,True,170112.0,0.11202663688281037,aveestimated
CHN,China,CAN,Canada,2010,850231,HS850231 wind-powered generating sets,8.0,,8.0,MFN_FALLBACK,MFN,,,,1.0,H3,True,7424.0,0.000714606316315134,aveestimated
CHN,China,CAN,Canada,2011,850231,HS850231 wind-powered generating sets,8.0,,8.0,MFN_FALLBACK,MFN,,,,1.0,H3,True,18240.0,0.0015781222421794698,aveestimated
CHN,China,CAN,Canada,2023,850231,HS850231 wind-powered generating sets,8.0,,8.0,MFN_FALLBACK,MFN,,,,1.0,H6,True,738.0,0.00021636974951536695,aveestimated
CHN,China,CAN,Canada,2024,850231,HS850231 wind-powered generating sets,,,,MISSING,,,,,,,True,1622.0,0.0002087347917658114,aveestimated
CHN,China,DEU,Germany,2010,850231,HS850231 wind-powered generating sets,8.0,,8.0,MFN_FALLBACK,MFN,,,,1.0,H3,True,1446792.0,0.13926275614146086,aveestimated
CHN,China,DEU,Germany,2011,850231,HS850231 wind-powered generating sets,8.0,,8.0,MFN_FALLBACK,MFN,,,,1.0,H3,True,21701.0,0.0018775674768386336,aveestimated
CHN,China,DEU,Germany,2012,850231,HS850231 wind-powered generating sets,8.0,,8.0,MFN_FALLBACK,MFN,,,,1.0,H4,True,13248.0,0.004051607844240634,aveestimated
CHN,China,DEU,Germany,2013,850231,HS850231 wind-powered generating sets,8.0,,8.0,MFN_FALLBACK,MFN,,,,1.0,H4,True,8884139.0,0.912384147563195,aveestimated
CHN,China,DEU,Germany,2015,850231,HS850231 wind-powered generating sets,8.0,,8.0,MFN_FALLBACK,MFN,,,,1.0,H4,True,89492.0,0.05893463005500179,aveestimated
CHN,China,DEU,Germany,2016,850231,HS850231 wind-powered generating sets,8.0,,8.0,MFN_FALLBACK,MFN,,,,1.0,H4,True,1456915.0,0.8378116027287684,aveestimated
CHN,China,DEU,Germany,2018,850231,HS850231 wind-powered generating sets,8.0,,8.0,MFN_FALLBACK,MFN,,,,1.0,H5,True,18704.0,0.00018278909876071357,aveestimated
CHN,China,DEU,Germany,2019,850231,HS850231 wind-powered generating sets,8.0,,8.0,MFN_FALLBACK,MFN,,,,1.0,H5,True,5379.0,0.0004678951633001092,aveestimated
CHN,China,DEU,Germany,2020,850231,HS850231 wind-powered generating sets,8.0,,8.0,MFN_FALLBACK,MFN,,,,1.0,H5,True,177183.0,0.057284122886879514,aveestimated
CHN,China,DEU,Germany,2021,850231,HS850231 wind-powered generating sets,8.0,,8.0,MFN_FALLBACK,MFN,,,,1.0,H5,True,948571.0,0.24857567757024654,aveestimated
CHN,China,DEU,Germany,2022,850231,HS850231 wind-powered generating sets,8.0,,8.0,MFN_FALLBACK,MFN,,,,1.0,H6,True,169982.0,0.05554524410471845,aveestimated
CHN,China,DEU,Germany,2023,850231,HS850231 wind-powered generating sets,8.0,,8.0,MFN_FALLBACK,MFN,,,,1.0,H6,True,53047.0,0.015552528594229906,aveestimated
CHN,China,DEU,Germany,2024,850231,HS850231 wind-powered generating sets,,,,MISSING,,,,,,,True,355837.0,0.04579257835855181,aveestimated
CHN,China,DNK,Denmark,2010,850231,HS850231 wind-powered generating sets,8.0,,8.0,MFN_FALLBACK,MFN,,,,1.0,H3,True,4326211.0,0.4164247988028034,aveestimated
CHN,China,DNK,Denmark,2012,850231,HS850231 wind-powered generating sets,8.0,,8.0,MFN_FALLBACK,MFN,,,,1.0,H4,True,1023412.0,0.31298792927913616,aveestimated
CHN,China,DNK,Denmark,2013,850231,HS850231 wind-powered generating sets,8.0,,8.0,MFN_FALLBACK,MFN,,,,1.0,H4,True,824265.0,0.08465044495489962,aveestimated
CHN,China,DNK,Denmark,2014,850231,HS850231 wind-powered generating sets,8.0,,8.0,MFN_FALLBACK,MFN,,,,1.0,H4,True,8413923.0,0.9940524073856384,aveestimated
CHN,China,DNK,Denmark,2017,850231,HS850231 wind-powered generating sets,8.0,,8.0,MFN_FALLBACK,MFN,,,,1.0,H5,True,37460861.0,0.6969453953786773,aveestimated
CHN,China,DNK,Denmark,2018,850231,HS850231 wind-powered generating sets,8.0,,8.0,MFN_FALLBACK,MFN,,,,1.0,H5,True,101173938.0,0.988745345652925,aveestimated
CHN,China,DNK,Denmark,2019,850231,HS850231 wind-powered generating sets,8.0,,8.0,MFN_FALLBACK,MFN,,,,1.0,H5,True,9132117.0,0.7943620329040163,aveestimated
CHN,China,ESP,Spain,2015,850231,HS850231 wind-powered generating sets,8.0,,8.0,MFN_FALLBACK,MFN,,,,1.0,H4,True,103427.0,0.06811147345794787,aveestimated
CHN,China,EST,Estonia,2011,850231,HS850231 wind-powered generating sets,8.0,,8.0,MFN_FALLBACK,MFN,,,,1.0,H3,True,301.0,2.6042477790351997e-05,aveestimated
CHN,China,FIN,Finland,2010,850231,HS850231 wind-powered generating sets,8.0,,8.0,MFN_FALLBACK,MFN,,,,1.0,H3,True,2028148.0,0.1952218980632956,aveestimated
CHN,China,FIN,Finland,2015,850231,HS850231 wind-powered generating sets,8.0,,8.0,MFN_FALLBACK,MFN,,,,1.0,H4,True,664.0,0.0004372747771479148,aveestimated
CHN,China,FRA,France,2010,850231,HS850231 wind-powered generating sets,8.0,,8.0,MFN_FALLBACK,MFN,,,,1.0,H3,True,52634.0,0.005066350869198649,aveestimated
CHN,China,FRA,France,2017,850231,HS850231 wind-powered generating sets,8.0,,8.0,MFN_FALLBACK,MFN,,,,1.0,H5,True,15888320.0,0.2955962881980461,aveestimated
CHN,China,GBR,United Kingdom,2010,850231,HS850231 wind-powered generating sets,8.0,,8.0,MFN_FALLBACK,MFN,,,,1.0,H3,True,2288.0,0.00022023427420919003,aveestimated
CHN,China,GBR,United Kingdom,2013,850231,HS850231 wind-powered generating sets,8.0,,8.0,MFN_FALLBACK,MFN,,,,1.0,H4,True,17533.0,0.0018006056928223993,aveestimated
CHN,China,GBR,United Kingdom,2014,850231,HS850231 wind-powered generating sets,8.0,,8.0,MFN_FALLBACK,MFN,,,,1.0,H4,True,20530.0,0.002425491167868681,aveestimated
CHN,China,GBR,United Kingdom,2015,850231,HS850231 wind-powered generating sets,8.0,,8.0,MFN_FALLBACK,MFN,,,,1.0,H4,True,8266.0,0.005443544138410638,aveestimated
CHN,China,GBR,United Kingdom,2017,850231,HS850231 wind-powered generating sets,8.0,,8.0,MFN_FALLBACK,MFN,,,,1.0,H5,True,228386.0,0.0042490366430433775,aveestimated
CHN,China,GBR,United Kingdom,2018,850231,HS850231 wind-powered generating sets,8.0,,8.0,MFN_FALLBACK,MFN,,,,1.0,H5,True,12093.0,0.00011818159598552765,aveestimated
CHN,China,GBR,United Kingdom,2019,850231,HS850231 wind-powered generating sets,8.0,,8.0,MFN_FALLBACK,MFN,,,,1.0,H5,True,445.0,3.870856063739517e-05,aveestimated
CHN,China,GBR,United Kingdom,2021,850231,HS850231 wind-powered generating sets,8.0,,8.0,MFN_FALLBACK,MFN,,,,1.0,H5,True,1824.0,0.00047798428993520744,aveestimated
CHN,China,GBR,United Kingdom,2022,850231,HS850231 wind-powered generating sets,8.0,,8.0,MFN_FALLBACK,MFN,,,,1.0,H6,True,3821.0,0.0012485932494271698,aveestimated
CHN,China,GBR,United Kingdom,2023,850231,HS850231 wind-powered generating sets,8.0,,8.0,MFN_FALLBACK,MFN,,,,1.0,H6,True,4092.0,0.0011997086924347988,aveestimated
CHN,China,GBR,United Kingdom,2024,850231,HS850231 wind-powered generating sets,,,,MISSING,,,,,,,True,20867.0,0.0026853692353743445,aveestimated
CHN,China,HKG,"Hong Kong, China",2010,850231,HS850231 wind-powered generating sets,8.0,,8.0,MFN_FALLBACK,MFN,,,,1.0,H3,True,4946.0,0.0004760833567476634,aveestimated
CHN,China,HKG,"Hong Kong, China",2018,850231,HS850231 wind-powered generating sets,8.0,,8.0,MFN_FALLBACK,MFN,,,,1.0,H5,True,10789.0,0.00010543795907449415,aveestimated
CHN,China,IND,India,2013,850231,HS850231 wind-powered generating sets,8.0,,8.0,MFN_FALLBACK,MFN,,,,1.0,H4,True,5180.0,0.0005319761300872657,aveestimated
CHN,China,IND,India,2019,850231,HS850231 wind-powered generating sets,8.0,,8.0,MFN_FALLBACK,MFN,,,,1.0,H5,True,565540.0,0.049193796366005536,aveestimated
CHN,China,IND,India,2022,850231,HS850231 wind-powered generating sets,8.0,,8.0,MFN_FALLBACK,MFN,,,,1.0,H6,True,589792.0,0.19272711587703464,aveestimated
CHN,China,ITA,Italy,2010,850231,HS850231 wind-powered generating sets,8.0,,8.0,MFN_FALLBACK,MFN,,,,1.0,H3,True,486328.0,0.046812104068010035,aveestimated
CHN,China,ITA,Italy,2018,850231,HS850231 wind-powered generating sets,8.0,,8.0,MFN_FALLBACK,MFN,,,,1.0,H5,True,682.0,6.665000286292058e-06,aveestimated
CHN,China,JPN,Japan,2010,850231,HS850231 wind-powered generating sets,8.0,,8.0,MFN_FALLBACK,MFN,,,,1.0,H3,True,16194.0,0.0015587735299578773,aveestimated
CHN,China,JPN,Japan,2011,850231,HS850231 wind-powered generating sets,8.0,,8.0,MFN_FALLBACK,MFN,,,,1.0,H3,True,10338937.0,0.8945233793965067,aveestimated
CHN,China,JPN,Japan,2012,850231,HS850231 wind-powered generating sets,8.0,,8.0,MFN_FALLBACK,MFN,,,,1.0,H4,True,10755.0,0.0032891789224643734,aveestimated
CHN,China,JPN,Japan,2015,850231,HS850231 wind-powered generating sets,8.0,,8.0,MFN_FALLBACK,MFN,,,,1.0,H4,True,1069040.0,0.7040123912081427,aveestimated
CHN,China,JPN,Japan,2017,850231,HS850231 wind-powered generating sets,8.0,,8.0,MFN_FALLBACK,MFN,,,,1.0,H5,True,539.0,1.0027894663422367e-05,aveestimated
CHN,China,JPN,Japan,2020,850231,HS850231 wind-powered generating sets,8.0,,8.0,MFN_FALLBACK,MFN,,,,1.0,H5,True,723000.0,0.23374940511907963,aveestimated
CHN,China,KOR,"Korea, Rep.",2010,850231,HS850231 wind-powered generating sets,8.0,,8.0,MFN_FALLBACK,MFN,,,,1.0,H3,True,738177.0,0.07105414153536593,aveestimated
CHN,China,KOR,"Korea, Rep.",2011,850231,HS850231 wind-powered generating sets,8.0,,8.0,MFN_FALLBACK,MFN,,,,1.0,H3,True,642207.0,0.05556365958242055,aveestimated
CHN,China,KOR,"Korea, Rep.",2012,850231,HS850231 wind-powered generating sets,8.0,,8.0,MFN_FALLBACK,MFN,,,,1.0,H4,True,2000.0,0.0006116557735870522,aveestimated
CHN,China,KOR,"Korea, Rep.",2013,850231,HS850231 wind-powered generating sets,8.0,,8.0,MFN_FALLBACK,MFN,,,,1.0,H4,True,2740.0,0.00028139277923534904,aveestimated
CHN,China,KOR,"Korea, Rep.",2014,850231,HS850231 wind-powered generating sets,8.0,,8.0,MFN_FALLBACK,MFN,,,,1.0,H4,True,3997.0,0.0004722205649279648,aveestimated
CHN,China,KOR,"Korea, Rep.",2015,850231,HS850231 wind-powered generating sets,8.0,,8.0,MFN_FALLBACK,MFN,,,,1.0,H4,True,7077.0,0.004660532526921375,aveestimated
CHN,China,KOR,"Korea, Rep.",2023,850231,HS850231 wind-powered generating sets,8.0,,8.0,MFN_FALLBACK,MFN,,,,1.0,H6,True,5806.0,0.0017022259697645264,aveestimated
CHN,China,NLD,,2012,850231,HS850231 wind-powered generating sets,8.0,,8.0,MFN_FALLBACK,MFN,,,,1.0,H4,True,9993.0,0.0030561380727277066,aveestimated
CHN,China,NLD,,2016,850231,HS850231 wind-powered generating sets,8.0,,8.0,MFN_FALLBACK,MFN,,,,1.0,H4,True,6715.0,0.0038615189714730647,aveestimated
CHN,China,NLD,,2023,850231,HS850231 wind-powered generating sets,8.0,,8.0,MFN_FALLBACK,MFN,,,,1.0,H6,True,46417.0,0.013608719055900796,aveestimated
CHN,China,PHL,Philippines,2014,850231,HS850231 wind-powered generating sets,0.0,0.0,8.0,BILATERAL_TRAINS,PREF,1.0,1.0,0.0,1.0,H4,True,120.0,1.4177249885252884e-05,aveestimated
CHN,China,POL,Poland,2015,850231,HS850231 wind-powered generating sets,8.0,,8.0,MFN_FALLBACK,MFN,,,,1.0,H4,True,1500.0,0.0009878195266895665,aveestimated
CHN,China,PRT,Portugal,2013,850231,HS850231 wind-powered generating sets,8.0,,8.0,MFN_FALLBACK,MFN,,,,1.0,H4,True,1482.0,0.00015219857621415593,aveestimated
CHN,China,PRT,Portugal,2015,850231,HS850231 wind-powered generating sets,8.0,,8.0,MFN_FALLBACK,MFN,,,,1.0,H4,True,10253.0,0.00675207573809875,aveestimated
CHN,China,PRT,Portugal,2016,850231,HS850231 wind-powered generating sets,8.0,,8.0,MFN_FALLBACK,MFN,,,,1.0,H4,True,9504.0,0.005465357603109457,aveestimated
CHN,China,PRT,Portugal,2018,850231,HS850231 wind-powered generating sets,8.0,,8.0,MFN_FALLBACK,MFN,,,,1.0,H5,True,30102.0,0.00029417864899994653,aveestimated
CHN,China,PRT,Portugal,2019,850231,HS850231 wind-powered generating sets,8.0,,8.0,MFN_FALLBACK,MFN,,,,1.0,H5,True,19527.0,0.0016985664349807089,aveestimated
CHN,China,PRT,Portugal,2020,850231,HS850231 wind-powered generating sets,8.0,,8.0,MFN_FALLBACK,MFN,,,,1.0,H5,True,31502.0,0.010184749322353038,aveestimated
CHN,China,PRT,Portugal,2022,850231,HS850231 wind-powered generating sets,8.0,,8.0,MFN_FALLBACK,MFN,,,,1.0,H6,True,4400.0,0.0014377938491179135,aveestimated
CHN,China,SGP,Singapore,2015,850231,HS850231 wind-powered generating sets,8.0,,8.0,MFN_FALLBACK,MFN,,,,1.0,H4,True,696.0,0.0004583482603839589,aveestimated
CHN,China,SWE,Sweden,2010,850231,HS850231 wind-powered generating sets,8.0,,8.0,MFN_FALLBACK,MFN,,,,1.0,H3,True,1256258.0,0.12092266995169958,aveestimated
CHN,China,SWE,Sweden,2011,850231,HS850231 wind-powered generating sets,8.0,,8.0,MFN_FALLBACK,MFN,,,,1.0,H3,True,159894.0,0.013834006457842333,aveestimated
CHN,China,TUR,Turkey,2022,850231,HS850231 wind-powered generating sets,8.0,,8.0,MFN_FALLBACK,MFN,,,,1.0,H6,True,2571.0,0.0008401290877459444,aveestimated
CHN,China,TZA,Tanzania,2015,850231,HS850231 wind-powered generating sets,8.0,,8.0,MFN_FALLBACK,MFN,,,,1.0,H4,True,2421.0,0.0015943407160769604,aveestimated
CHN,China,USA,United States,2010,850231,HS850231 wind-powered generating sets,8.0,,8.0,MFN_FALLBACK,MFN,,,,1.0,H3,True,8053.0,0.0007751514904749157,aveestimated
CHN,China,USA,United States,2011,850231,HS850231 wind-powered generating sets,8.0,,8.0,MFN_FALLBACK,MFN,,,,1.0,H3,True,376760.0,0.032597222366421985,aveestimated
CHN,China,USA,United States,2012,850231,HS850231 wind-powered generating sets,8.0,,8.0,MFN_FALLBACK,MFN,,,,1.0,H4,True,2210405.0,0.6760034901078441,aveestimated
CHN,China,USA,United States,2013,850231,HS850231 wind-powered generating sets,8.0,,8.0,MFN_FALLBACK,MFN,,,,1.0,H4,True,1940.0,0.00019923430354619603,aveestimated
CHN,China,USA,United States,2014,850231,HS850231 wind-powered generating sets,8.0,,8.0,MFN_FALLBACK,MFN,,,,1.0,H4,True,25695.0,0.003035703631679774,aveestimated
CHN,China,USA,United States,2015,850231,HS850231 wind-powered generating sets,8.0,,8.0,MFN_FALLBACK,MFN,,,,1.0,H4,True,54696.0,0.036019851221208356,aveestimated
CHN,China,USA,United States,2016,850231,HS850231 wind-powered generating sets,8.0,,8.0,MFN_FALLBACK,MFN,,,,1.0,H4,True,265819.0,0.15286152069664907,aveestimated
CHN,China,USA,United States,2017,850231,HS850231 wind-powered generating sets,8.0,,8.0,MFN_FALLBACK,MFN,,,,1.0,H5,True,171960.0,0.003199251885569778,aveestimated
CHN,China,USA,United States,2018,850231,HS850231 wind-powered generating sets,8.0,,8.0,MFN_FALLBACK,MFN,,,,1.0,H5,True,1079269.0,0.010547402043967952,aveestimated
CHN,China,USA,United States,2019,850231,HS850231 wind-powered generating sets,8.0,,8.0,MFN_FALLBACK,MFN,,,,1.0,H5,True,1773157.0,0.15423900057106,aveestimated
CHN,China,USA,United States,2020,850231,HS850231 wind-powered generating sets,8.0,,8.0,MFN_FALLBACK,MFN,,,,1.0,H5,True,2161371.0,0.6987817226716878,aveestimated
CHN,China,USA,United States,2021,850231,HS850231 wind-powered generating sets,8.0,,8.0,MFN_FALLBACK,MFN,,,,1.0,H5,True,2865630.0,0.7509463381398183,aveestimated
CHN,China,USA,United States,2022,850231,HS850231 wind-powered generating sets,8.0,,8.0,MFN_FALLBACK,MFN,,,,1.0,H6,True,2289678.0,0.7482011238319559,aveestimated
CHN,China,USA,United States,2023,850231,HS850231 wind-powered generating sets,8.0,,8.0,MFN_FALLBACK,MFN,,,,1.0,H6,True,3300728.0,0.9677204479381546,aveestimated
CHN,China,USA,United States,2024,850231,HS850231 wind-powered generating sets,,,,MISSING,,,,,,,True,7392300.0,0.951313317614308,aveestimated
CHN,China,YEM,Yemen,2015,850231,HS850231 wind-powered generating sets,8.0,,8.0,MFN_FALLBACK,MFN,,,,1.0,H4,True,852.0,0.0005610814911596738,aveestimated
CHN,China,ZAF,South Africa,2010,850231,HS850231 wind-powered generating sets,8.0,,8.0,MFN_FALLBACK,MFN,,,,1.0,H3,True,15484.0,0.0014904316004611443,aveestimated
DEU,Germany,AUS,Australia,2010,850231,HS850231 wind-powered generating sets,1.35000002384186,,1.35000002384186,MFN_FALLBACK,MFN,,,,2.0,H3,True,110229.622,0.00020622974301543037,aveestimated
DEU,Germany,AUS,Australia,2021,850231,HS850231 wind-powered generating sets,1.35000002384186,,1.35000002384186,MFN_FALLBACK,MFN,,,,4.0,H5,True,307.021,3.019949828977736e-06,aveestimated
DEU,Germany,AUT,Austria,2011,850231,HS850231 wind-powered generating sets,1.35000002384186,,1.35000002384186,MFN_FALLBACK,MFN,,,,2.0,H3,True,34205.836,3.662398398710467e-05,aveestimated
DEU,Germany,AUT,Austria,2012,850231,HS850231 wind-powered generating sets,1.35000002384186,,1.35000002384186,MFN_FALLBACK,MFN,,,,2.0,H4,True,70763.851,0.0002924031424437495,aveestimated
DEU,Germany,AUT,Austria,2013,850231,HS850231 wind-powered generating sets,1.35000002384186,,1.35000002384186,MFN_FALLBACK,MFN,,,,2.0,H4,True,3485403.15,0.014047285357307763,aveestimated
DEU,Germany,AUT,Austria,2014,850231,HS850231 wind-powered generating sets,1.35000002384186,,1.35000002384186,MFN_FALLBACK,MFN,,,,2.0,H4,True,381471.557,0.0006971560118969259,aveestimated
DEU,Germany,AUT,Austria,2023,850231,HS850231 wind-powered generating sets,2.70000004768372,,2.70000004768372,MFN_FALLBACK,MFN,,,,1.0,H6,True,112908.742,0.0005272260267870157,aveestimated
DEU,Germany,BEL,,2014,850231,HS850231 wind-powered generating sets,1.35000002384186,,1.35000002384186,MFN_FALLBACK,MFN,,,,2.0,H4,True,152135.803,0.0002780348567015611,aveestimated
DEU,Germany,BGR,Bulgaria,2012,850231,HS850231 wind-powered generating sets,1.35000002384186,,1.35000002384186,MFN_FALLBACK,MFN,,,,2.0,H4,True,2480147.941,0.010248213479418965,aveestimated
DEU,Germany,BIH,Bosnia and Herzegovina,2013,850231,HS850231 wind-powered generating sets,0.0,0.0,1.35000002384186,BILATERAL_TRAINS,PREF,2.0,1.0,1.0,2.0,H4,True,28590.289,0.00011522797528627276,aveestimated
DEU,Germany,BIH,Bosnia and Herzegovina,2014,850231,HS850231 wind-powered generating sets,0.0,0.0,1.35000002384186,BILATERAL_TRAINS,PREF,2.0,1.0,1.0,2.0,H4,True,327288.624,0.0005981343239361684,aveestimated
DEU,Germany,BRA,Brazil,2010,850231,HS850231 wind-powered generating sets,1.35000002384186,,1.35000002384186,MFN_FALLBACK,MFN,,,,2.0,H3,True,1616395.478,0.0030241310637828707,aveestimated
DEU,Germany,CAN,Canada,2011,850231,HS850231 wind-powered generating sets,1.35000002384186,,1.35000002384186,MFN_FALLBACK,MFN,,,,2.0,H3,True,95368.81,0.00010211081437416783,aveestimated
DEU,Germany,CAN,Canada,2012,850231,HS850231 wind-powered generating sets,1.35000002384186,,1.35000002384186,MFN_FALLBACK,MFN,,,,2.0,H4,True,216524.913,0.0008947020842401508,aveestimated
DEU,Germany,CHE,Switzerland,2010,850231,HS850231 wind-powered generating sets,0.0,0.0,1.35000002384186,BILATERAL_TRAINS,PREF,2.0,1.0,1.0,2.0,H3,True,3688543.025,0.006900933400162691,aveestimated
DEU,Germany,CHE,Switzerland,2011,850231,HS850231 wind-powered generating sets,0.0,0.0,1.35000002384186,BILATERAL_TRAINS,PREF,2.0,1.0,1.0,2.0,H3,True,29043.505,3.109670706628525e-05,aveestimated
DEU,Germany,CHE,Switzerland,2013,850231,HS850231 wind-powered generating sets,0.0,0.0,1.35000002384186,BILATERAL_TRAINS,PREF,2.0,1.0,1.0,2.0,H4,True,5635.988,2.271482761079225e-05,aveestimated
DEU,Germany,CHE,Switzerland,2015,850231,HS850231 wind-powered generating sets,0.0,0.0,1.35000002384186,BILATERAL_TRAINS,PREF,2.0,1.0,1.0,2.0,H4,True,8718.503,1.9532570543624415e-05,aveestimated
DEU,Germany,CHE,Switzerland,2016,850231,HS850231 wind-powered generating sets,0.0,0.0,1.35000002384186,BILATERAL_TRAINS,PREF,2.0,1.0,1.0,2.0,H4,True,7511.957,3.2650480412168374e-05,aveestimated
DEU,Germany,CHE,Switzerland,2023,850231,HS850231 wind-powered generating sets,2.70000004768372,,2.70000004768372,MFN_FALLBACK,MFN,,,,1.0,H6,True,496.089,2.3164816804242125e-06,aveestimated
DEU,Germany,CHE,Switzerland,2024,850231,HS850231 wind-powered generating sets,,,,MISSING,,,,,,,True,27397.74,0.00017223137094621817,aveestimated
DEU,Germany,CHL,Chile,2013,850231,HS850231 wind-powered generating sets,0.0,0.0,1.35000002384186,BILATERAL_TRAINS,PREF,2.0,1.0,1.0,2.0,H4,True,288801.895,0.0011639636668131876,aveestimated
DEU,Germany,CHN,China,2010,850231,HS850231 wind-powered generating sets,1.35000002384186,,1.35000002384186,MFN_FALLBACK,MFN,,,,2.0,H3,True,1577488.957,0.0029513404501358923,aveestimated
DEU,Germany,CHN,China,2011,850231,HS850231 wind-powered generating sets,1.35000002384186,,1.35000002384186,MFN_FALLBACK,MFN,,,,2.0,H3,True,2301078.754,0.0024637512569364705,aveestimated
DEU,Germany,CHN,China,2012,850231,HS850231 wind-powered generating sets,1.35000002384186,,1.35000002384186,MFN_FALLBACK,MFN,,,,2.0,H4,True,3275321.761,0.013533949352626324,aveestimated
DEU,Germany,CHN,China,2013,850231,HS850231 wind-powered generating sets,1.35000002384186,,1.35000002384186,MFN_FALLBACK,MFN,,,,2.0,H4,True,1350544.236,0.005443123637149177,aveestimated
DEU,Germany,CHN,China,2014,850231,HS850231 wind-powered generating sets,1.35000002384186,,1.35000002384186,MFN_FALLBACK,MFN,,,,2.0,H4,True,650158.001,0.0011881922800342298,aveestimated
DEU,Germany,CHN,China,2015,850231,HS850231 wind-powered generating sets,1.35000002384186,,1.35000002384186,MFN_FALLBACK,MFN,,,,2.0,H4,True,1005775.878,0.002253298334371254,aveestimated
DEU,Germany,CHN,China,2016,850231,HS850231 wind-powered generating sets,1.35000002384186,,1.35000002384186,MFN_FALLBACK,MFN,,,,2.0,H4,True,190654.776,0.0008286748751722553,aveestimated
DEU,Germany,CHN,China,2017,850231,HS850231 wind-powered generating sets,1.35000002384186,,1.35000002384186,MFN_FALLBACK,MFN,,,,2.0,H5,True,215965.451,0.0009280945784089195,aveestimated
DEU,Germany,CHN,China,2018,850231,HS850231 wind-powered generating sets,1.35000002384186,,1.35000002384186,MFN_FALLBACK,MFN,,,,2.0,H5,True,120141.24,0.00014443267426803686,aveestimated
DEU,Germany,CHN,China,2019,850231,HS850231 wind-powered generating sets,1.35000002384186,,1.35000002384186,MFN_FALLBACK,MFN,,,,2.0,H5,True,6237580.678,0.06635357916740221,aveestimated
DEU,Germany,CHN,China,2020,850231,HS850231 wind-powered generating sets,1.35000002384186,,1.35000002384186,MFN_FALLBACK,MFN,,,,4.0,H5,True,11112976.197,0.13442166737881192,aveestimated
DEU,Germany,CHN,China,2021,850231,HS850231 wind-powered generating sets,1.35000002384186,,1.35000002384186,MFN_FALLBACK,MFN,,,,4.0,H5,True,47617893.304,0.4683837546607394,aveestimated
DEU,Germany,CHN,China,2022,850231,HS850231 wind-powered generating sets,2.70000004768372,,2.70000004768372,MFN_FALLBACK,MFN,,,,1.0,H6,True,25839020.483,0.18628607327654875,aveestimated
DEU,Germany,CHN,China,2023,850231,HS850231 wind-powered generating sets,2.70000004768372,,2.70000004768372,MFN_FALLBACK,MFN,,,,1.0,H6,True,404734.396,0.0018899024444637125,aveestimated
DEU,Germany,CHN,China,2024,850231,HS850231 wind-powered generating sets,,,,MISSING,,,,,,,True,4373470.829,0.027493102594300232,aveestimated
DEU,Germany,DNK,Denmark,2010,850231,HS850231 wind-powered generating sets,1.35000002384186,,1.35000002384186,MFN_FALLBACK,MFN,,,,2.0,H3,True,517455731.0,0.968113293774986,aveestimated
DEU,Germany,DNK,Denmark,2011,850231,HS850231 wind-powered generating sets,1.35000002384186,,1.35000002384186,MFN_FALLBACK,MFN,,,,2.0,H3,True,904116442.407,0.9680320664927472,aveestimated
DEU,Germany,DNK,Denmark,2012,850231,HS850231 wind-powered generating sets,1.35000002384186,,1.35000002384186,MFN_FALLBACK,MFN,,,,2.0,H4,True,53875344.46,0.22261818425262714,aveestimated
DEU,Germany,DNK,Denmark,2013,850231,HS850231 wind-powered generating sets,1.35000002384186,,1.35000002384186,MFN_FALLBACK,MFN,,,,2.0,H4,True,172732843.467,0.6961684024300383,aveestimated
DEU,Germany,DNK,Denmark,2014,850231,HS850231 wind-powered generating sets,1.35000002384186,,1.35000002384186,MFN_FALLBACK,MFN,,,,2.0,H4,True,471377638.651,0.8614633217839658,aveestimated
DEU,Germany,DNK,Denmark,2015,850231,HS850231 wind-powered generating sets,1.35000002384186,,1.35000002384186,MFN_FALLBACK,MFN,,,,2.0,H4,True,426159602.147,0.954750201012627,aveestimated
DEU,Germany,DNK,Denmark,2016,850231,HS850231 wind-powered generating sets,1.35000002384186,,1.35000002384186,MFN_FALLBACK,MFN,,,,2.0,H4,True,223863128.099,0.9730139135518399,aveestimated
DEU,Germany,DNK,Denmark,2017,850231,HS850231 wind-powered generating sets,1.35000002384186,,1.35000002384186,MFN_FALLBACK,MFN,,,,2.0,H5,True,180930003.3,0.7775324912235055,aveestimated
DEU,Germany,DNK,Denmark,2018,850231,HS850231 wind-powered generating sets,1.35000002384186,,1.35000002384186,MFN_FALLBACK,MFN,,,,2.0,H5,True,831543455.911,0.9996737598788819,aveestimated
DEU,Germany,DNK,Denmark,2019,850231,HS850231 wind-powered generating sets,1.35000002384186,,1.35000002384186,MFN_FALLBACK,MFN,,,,2.0,H5,True,77014578.506,0.8192588113474312,aveestimated
DEU,Germany,DNK,Denmark,2020,850231,HS850231 wind-powered generating sets,1.35000002384186,,1.35000002384186,MFN_FALLBACK,MFN,,,,4.0,H5,True,71484270.625,0.8646679951824903,aveestimated
DEU,Germany,DNK,Denmark,2021,850231,HS850231 wind-powered generating sets,1.35000002384186,,1.35000002384186,MFN_FALLBACK,MFN,,,,4.0,H5,True,51757519.222,0.5091023458421111,aveestimated
DEU,Germany,DNK,Denmark,2022,850231,HS850231 wind-powered generating sets,2.70000004768372,,2.70000004768372,MFN_FALLBACK,MFN,,,,1.0,H6,True,101303561.921,0.7303466774836413,aveestimated
DEU,Germany,DNK,Denmark,2023,850231,HS850231 wind-powered generating sets,2.70000004768372,,2.70000004768372,MFN_FALLBACK,MFN,,,,1.0,H6,True,190497164.656,0.8895242428241278,aveestimated
DEU,Germany,DNK,Denmark,2024,850231,HS850231 wind-powered generating sets,,,,MISSING,,,,,,,True,120195261.191,0.7555876731498548,aveestimated
DEU,Germany,EGY,"Egypt, Arab Rep.",2013,850231,HS850231 wind-powered generating sets,0.0,0.0,1.35000002384186,BILATERAL_TRAINS,PREF,2.0,1.0,1.0,2.0,H4,True,144938.119,0.0005841468057273175,aveestimated
DEU,Germany,ESP,Spain,2010,850231,HS850231 wind-powered generating sets,1.35000002384186,,1.35000002384186,MFN_FALLBACK,MFN,,,,2.0,H3,True,1022275.693,0.0019125861962795354,aveestimated
DEU,Germany,ESP,Spain,2011,850231,HS850231 wind-powered generating sets,1.35000002384186,,1.35000002384186,MFN_FALLBACK,MFN,,,,2.0,H3,True,18245989.465,0.019535871773314954,aveestimated
DEU,Germany,ESP,Spain,2012,850231,HS850231 wind-powered generating sets,1.35000002384186,,1.35000002384186,MFN_FALLBACK,MFN,,,,2.0,H4,True,177055521.17,0.7316107030003755,aveestimated
DEU,Germany,ESP,Spain,2013,850231,HS850231 wind-powered generating sets,1.35000002384186,,1.35000002384186,MFN_FALLBACK,MFN,,,,2.0,H4,True,65608779.365,0.26442428781439536,aveestimated
DEU,Germany,ESP,Spain,2014,850231,HS850231 wind-powered generating sets,1.35000002384186,,1.35000002384186,MFN_FALLBACK,MFN,,,,2.0,H4,True,72732752.555,0.1329222972855346,aveestimated
DEU,Germany,ESP,Spain,2015,850231,HS850231 wind-powered generating sets,1.35000002384186,,1.35000002384186,MFN_FALLBACK,MFN,,,,2.0,H4,True,15775497.552,0.03534276684830116,aveestimated
DEU,Germany,ESP,Spain,2017,850231,HS850231 wind-powered generating sets,1.35000002384186,,1.35000002384186,MFN_FALLBACK,MFN,,,,2.0,H5,True,44578214.032,0.1915713766562209,aveestimated
DEU,Germany,ESP,Spain,2022,850231,HS850231 wind-powered generating sets,2.70000004768372,,2.70000004768372,MFN_FALLBACK,MFN,,,,1.0,H6,True,8245815.151,0.059448094267144515,aveestimated
DEU,Germany,ESP,Spain,2023,850231,HS850231 wind-powered generating sets,2.70000004768372,,2.70000004768372,MFN_FALLBACK,MFN,,,,1.0,H6,True,22343051.102,0.10433061116566789,aveestimated
DEU,Germany,ESP,Spain,2024,850231,HS850231 wind-powered generating sets,,,,MISSING,,,,,,,True,33056316.096,0.2078030757152093,aveestimated
DEU,Germany,EST,Estonia,2012,850231,HS850231 wind-powered generating sets,1.35000002384186,,1.35000002384186,MFN_FALLBACK,MFN,,,,2.0,H4,True,295521.513,0.0012211237494823646,aveestimated
DEU,Germany,EST,Estonia,2014,850231,HS850231 wind-powered generating sets,1.35000002384186,,1.35000002384186,MFN_FALLBACK,MFN,,,,2.0,H4,True,138140.638,0.0002524580784642273,aveestimated
DEU,Germany,EST,Estonia,2016,850231,HS850231 wind-powered generating sets,1.35000002384186,,1.35000002384186,MFN_FALLBACK,MFN,,,,2.0,H4,True,4423813.543,0.019227963822584,aveestimated
DEU,Germany,EST,Estonia,2017,850231,HS850231 wind-powered generating sets,1.35000002384186,,1.35000002384186,MFN_FALLBACK,MFN,,,,2.0,H5,True,226591.997,0.0009737613259564843,aveestimated
DEU,Germany,EST,Estonia,2021,850231,HS850231 wind-powered generating sets,1.35000002384186,,1.35000002384186,MFN_FALLBACK,MFN,,,,4.0,H5,True,249750.154,0.0024566167619135605,aveestimated
DEU,Germany,EST,Estonia,2022,850231,HS850231 wind-powered generating sets,2.70000004768372,,2.70000004768372,MFN_FALLBACK,MFN,,,,1.0,H6,True,146655.012,0.0010573073514833645,aveestimated
DEU,Germany,FIN,Finland,2010,850231,HS850231 wind-powered generating sets,1.35000002384186,,1.35000002384186,MFN_FALLBACK,MFN,,,,2.0,H3,True,7149409.431,0.01337590425255404,aveestimated
DEU,Germany,FIN,Finland,2011,850231,HS850231 wind-powered generating sets,1.35000002384186,,1.35000002384186,MFN_FALLBACK,MFN,,,,2.0,H3,True,2338523.399,0.002503843014345435,aveestimated
DEU,Germany,FIN,Finland,2012,850231,HS850231 wind-powered generating sets,1.35000002384186,,1.35000002384186,MFN_FALLBACK,MFN,,,,2.0,H4,True,1018811.756,0.004209829663072388,aveestimated
DEU,Germany,FIN,Finland,2013,850231,HS850231 wind-powered generating sets,1.35000002384186,,1.35000002384186,MFN_FALLBACK,MFN,,,,2.0,H4,True,127330.305,0.0005131817043798883,aveestimated
DEU,Germany,FIN,Finland,2014,850231,HS850231 wind-powered generating sets,1.35000002384186,,1.35000002384186,MFN_FALLBACK,MFN,,,,2.0,H4,True,586300.825,0.0010714904884215981,aveestimated
DEU,Germany,FIN,Finland,2015,850231,HS850231 wind-powered generating sets,1.35000002384186,,1.35000002384186,MFN_FALLBACK,MFN,,,,2.0,H4,True,139809.966,0.00031322441749423387,aveestimated
DEU,Germany,FIN,Finland,2016,850231,HS850231 wind-powered generating sets,1.35000002384186,,1.35000002384186,MFN_FALLBACK,MFN,,,,2.0,H4,True,355020.469,0.0015430850934055303,aveestimated
DEU,Germany,FIN,Finland,2017,850231,HS850231 wind-powered generating sets,1.35000002384186,,1.35000002384186,MFN_FALLBACK,MFN,,,,2.0,H5,True,6570338.946,0.028235516032106334,aveestimated
DEU,Germany,FRA,France,2010,850231,HS850231 wind-powered generating sets,1.35000002384186,,1.35000002384186,MFN_FALLBACK,MFN,,,,2.0,H3,True,254080.265,0.00047536140291075705,aveestimated
DEU,Germany,FRA,France,2011,850231,HS850231 wind-powered generating sets,1.35000002384186,,1.35000002384186,MFN_FALLBACK,MFN,,,,2.0,H3,True,1933542.78,0.0020702326881618053,aveestimated
DEU,Germany,FRA,France,2012,850231,HS850231 wind-powered generating sets,1.35000002384186,,1.35000002384186,MFN_FALLBACK,MFN,,,,2.0,H4,True,21728.597,8.978468460816003e-05,aveestimated
DEU,Germany,FRA,France,2013,850231,HS850231 wind-powered generating sets,1.35000002384186,,1.35000002384186,MFN_FALLBACK,MFN,,,,2.0,H4,True,4268.159,1.7202040866739143e-05,aveestimated
DEU,Germany,GBR,United Kingdom,2010,850231,HS850231 wind-powered generating sets,1.35000002384186,,1.35000002384186,MFN_FALLBACK,MFN,,,,2.0,H3,True,7369.753,1.378814732102771e-05,aveestimated
DEU,Germany,GBR,United Kingdom,2011,850231,HS850231 wind-powered generating sets,1.35000002384186,,1.35000002384186,MFN_FALLBACK,MFN,,,,2.0,H3,True,124928.688,0.00013376039892262813,aveestimated
DEU,Germany,GBR,United Kingdom,2012,850231,HS850231 wind-powered generating sets,1.35000002384186,,1.35000002384186,MFN_FALLBACK,MFN,,,,2.0,H4,True,86136.621,0.000355924929239454,aveestimated
DEU,Germany,GBR,United Kingdom,2013,850231,HS850231 wind-powered generating sets,1.35000002384186,,1.35000002384186,MFN_FALLBACK,MFN,,,,2.0,H4,True,112780.85,0.00045454276438285866,aveestimated
DEU,Germany,GBR,United Kingdom,2014,850231,HS850231 wind-powered generating sets,1.35000002384186,,1.35000002384186,MFN_FALLBACK,MFN,,,,2.0,H4,True,707835.408,0.0012936002725904765,aveestimated
DEU,Germany,GBR,United Kingdom,2015,850231,HS850231 wind-powered generating sets,1.35000002384186,,1.35000002384186,MFN_FALLBACK,MFN,,,,2.0,H4,True,16383.244,3.6704336646258124e-05,aveestimated
DEU,Germany,GBR,United Kingdom,2016,850231,HS850231 wind-powered generating sets,1.35000002384186,,1.35000002384186,MFN_FALLBACK,MFN,,,,2.0,H4,True,20653.733,8.977078872451685e-05,aveestimated
DEU,Germany,GBR,United Kingdom,2021,850231,HS850231 wind-powered generating sets,1.35000002384186,,1.35000002384186,MFN_FALLBACK,MFN,,,,4.0,H5,True,18247.703,0.0001794898314906359,aveestimated
DEU,Germany,GBR,United Kingdom,2022,850231,HS850231 wind-powered generating sets,2.70000004768372,,2.70000004768372,MFN_FALLBACK,MFN,,,,1.0,H6,True,8570.582,6.178949653006744e-05,aveestimated
DEU,Germany,GBR,United Kingdom,2023,850231,HS850231 wind-powered generating sets,2.70000004768372,,2.70000004768372,MFN_FALLBACK,MFN,,,,1.0,H6,True,7743.348,3.615747131492427e-05,aveestimated
DEU,Germany,GBR,United Kingdom,2024,850231,HS850231 wind-powered generating sets,,,,MISSING,,,,,,,True,7941.845,4.9925097916556916e-05,aveestimated
DEU,Germany,HKG,"Hong Kong, China",2012,850231,HS850231 wind-powered generating sets,1.35000002384186,,1.35000002384186,MFN_FALLBACK,MFN,,,,2.0,H4,True,101866.777,0.00042092346988601104,aveestimated
DEU,Germany,HKG,"Hong Kong, China",2014,850231,HS850231 wind-powered generating sets,1.35000002384186,,1.35000002384186,MFN_FALLBACK,MFN,,,,2.0,H4,True,575.326,1.051433514086637e-06,aveestimated
DEU,Germany,HKG,"Hong Kong, China",2015,850231,HS850231 wind-powered generating sets,1.35000002384186,,1.35000002384186,MFN_FALLBACK,MFN,,,,2.0,H4,True,1141.392,2.5571270386588795e-06,aveestimated
DEU,Germany,IND,India,2011,850231,HS850231 wind-powered generating sets,1.35000002384186,,1.35000002384186,MFN_FALLBACK,MFN,,,,2.0,H3,True,1222304.685,0.001308714314446313,aveestimated
DEU,Germany,IND,India,2012,850231,HS850231 wind-powered generating sets,1.35000002384186,,1.35000002384186,MFN_FALLBACK,MFN,,,,2.0,H4,True,448763.27,0.0018543336535109267,aveestimated
DEU,Germany,IND,India,2013,850231,HS850231 wind-powered generating sets,1.35000002384186,,1.35000002384186,MFN_FALLBACK,MFN,,,,2.0,H4,True,392444.848,0.001581677794392672,aveestimated
DEU,Germany,IND,India,2015,850231,HS850231 wind-powered generating sets,1.35000002384186,,1.35000002384186,MFN_FALLBACK,MFN,,,,2.0,H4,True,1279234.068,0.0028659426595388712,aveestimated
DEU,Germany,IND,India,2017,850231,HS850231 wind-powered generating sets,1.35000002384186,,1.35000002384186,MFN_FALLBACK,MFN,,,,2.0,H5,True,3338.513,1.4346997637356806e-05,aveestimated
DEU,Germany,IRL,,2012,850231,HS850231 wind-powered generating sets,1.35000002384186,,1.35000002384186,MFN_FALLBACK,MFN,,,,2.0,H4,True,1694.373,7.001314692043021e-06,aveestimated
DEU,Germany,ISR,Israel,2013,850231,HS850231 wind-powered generating sets,0.0,0.0,1.35000002384186,BILATERAL_TRAINS,PREF,2.0,1.0,1.0,2.0,H4,True,544.476,2.1944117833845138e-06,aveestimated
DEU,Germany,ITA,Italy,2010,850231,HS850231 wind-powered generating sets,1.35000002384186,,1.35000002384186,MFN_FALLBACK,MFN,,,,2.0,H3,True,5618.079,1.051092226743176e-05,aveestimated
DEU,Germany,ITA,Italy,2011,850231,HS850231 wind-powered generating sets,1.35000002384186,,1.35000002384186,MFN_FALLBACK,MFN,,,,2.0,H3,True,98951.404,0.00010594667633901784,aveestimated
DEU,Germany,ITA,Italy,2019,850231,HS850231 wind-powered generating sets,1.35000002384186,,1.35000002384186,MFN_FALLBACK,MFN,,,,2.0,H5,True,5833.225,6.205216041596341e-05,aveestimated
DEU,Germany,JPN,Japan,2010,850231,HS850231 wind-powered generating sets,1.35000002384186,,1.35000002384186,MFN_FALLBACK,MFN,,,,2.0,H3,True,65714.297,0.00012294555979471352,aveestimated
DEU,Germany,JPN,Japan,2011,850231,HS850231 wind-powered generating sets,1.35000002384186,,1.35000002384186,MFN_FALLBACK,MFN,,,,2.0,H3,True,35244.148,3.7735698434359186e-05,aveestimated
DEU,Germany,JPN,Japan,2012,850231,HS850231 wind-powered generating sets,1.35000002384186,,1.35000002384186,MFN_FALLBACK,MFN,,,,2.0,H4,True,8734.119,3.6090232597398626e-05,aveestimated
DEU,Germany,JPN,Japan,2013,850231,HS850231 wind-powered generating sets,1.35000002384186,,1.35000002384186,MFN_FALLBACK,MFN,,,,2.0,H4,True,298727.29,0.0012039661715016322,aveestimated
DEU,Germany,JPN,Japan,2014,850231,HS850231 wind-powered generating sets,1.35000002384186,,1.35000002384186,MFN_FALLBACK,MFN,,,,2.0,H4,True,2959.008,5.407716980721315e-06,aveestimated
DEU,Germany,JPN,Japan,2015,850231,HS850231 wind-powered generating sets,1.35000002384186,,1.35000002384186,MFN_FALLBACK,MFN,,,,2.0,H4,True,2901.731,6.5009171248919475e-06,aveestimated
DEU,Germany,JPN,Japan,2017,850231,HS850231 wind-powered generating sets,1.35000002384186,,1.35000002384186,MFN_FALLBACK,MFN,,,,2.0,H5,True,11294.024,4.853518187416106e-05,aveestimated
DEU,Germany,JPN,Japan,2018,850231,HS850231 wind-powered generating sets,1.35000002384186,,1.35000002384186,MFN_FALLBACK,MFN,,,,2.0,H5,True,2169.761,2.608466366357546e-06,aveestimated
DEU,Germany,KOR,"Korea, Rep.",2012,850231,HS850231 wind-powered generating sets,0.0,0.0,1.35000002384186,BILATERAL_TRAINS,PREF,2.0,1.0,1.0,2.0,H4,True,140262.707,0.0005795792020203494,aveestimated
DEU,Germany,KOR,"Korea, Rep.",2022,850231,HS850231 wind-powered generating sets,2.70000004768372,,2.70000004768372,MFN_FALLBACK,MFN,,,,1.0,H6,True,375.903,2.710067660999211e-06,aveestimated
DEU,Germany,MYS,Malaysia,2014,850231,HS850231 wind-powered generating sets,1.35000002384186,,1.35000002384186,MFN_FALLBACK,MFN,,,,2.0,H4,True,474.345,8.668863048765844e-07,aveestimated
DEU,Germany,NLD,,2010,850231,HS850231 wind-powered generating sets,1.35000002384186,,1.35000002384186,MFN_FALLBACK,MFN,,,,2.0,H3,True,9269.83,1.734302108644378e-05,aveestimated
DEU,Germany,NLD,,2012,850231,HS850231 wind-powered generating sets,1.35000002384186,,1.35000002384186,MFN_FALLBACK,MFN,,,,2.0,H4,True,1239764.15,0.005122826531149415,aveestimated
DEU,Germany,NLD,,2016,850231,HS850231 wind-powered generating sets,1.35000002384186,,1.35000002384186,MFN_FALLBACK,MFN,,,,2.0,H4,True,165963.464,0.0007213548786910802,aveestimated
DEU,Germany,NLD,,2019,850231,HS850231 wind-powered generating sets,1.35000002384186,,1.35000002384186,MFN_FALLBACK,MFN,,,,2.0,H5,True,10624762.71,0.11302315272640197,aveestimated
DEU,Germany,POL,Poland,2021,850231,HS850231 wind-powered generating sets,1.35000002384186,,1.35000002384186,MFN_FALLBACK,MFN,,,,4.0,H5,True,1298007.639,0.012767589016418567,aveestimated
DEU,Germany,POL,Poland,2023,850231,HS850231 wind-powered generating sets,2.70000004768372,,2.70000004768372,MFN_FALLBACK,MFN,,,,1.0,H6,True,547223.12,0.0025552518451015453,aveestimated
DEU,Germany,POL,Poland,2024,850231,HS850231 wind-powered generating sets,,,,MISSING,,,,,,,True,1270993.784,0.007989892665688537,aveestimated
DEU,Germany,PRT,Portugal,2015,850231,HS850231 wind-powered generating sets,1.35000002384186,,1.35000002384186,MFN_FALLBACK,MFN,,,,2.0,H4,True,5841.175,1.3086324882282582e-05,aveestimated
DEU,Germany,PRT,Portugal,2016,850231,HS850231 wind-powered generating sets,1.35000002384186,,1.35000002384186,MFN_FALLBACK,MFN,,,,2.0,H4,True,75779.039,0.0003293711650003379,aveestimated
DEU,Germany,PRT,Portugal,2017,850231,HS850231 wind-powered generating sets,1.35000002384186,,1.35000002384186,MFN_FALLBACK,MFN,,,,2.0,H5,True,123964.334,0.000532726997622747,aveestimated
DEU,Germany,PRT,Portugal,2018,850231,HS850231 wind-powered generating sets,1.35000002384186,,1.35000002384186,MFN_FALLBACK,MFN,,,,2.0,H5,True,73261.636,8.807445310812075e-05,aveestimated
DEU,Germany,PRT,Portugal,2019,850231,HS850231 wind-powered generating sets,1.35000002384186,,1.35000002384186,MFN_FALLBACK,MFN,,,,2.0,H5,True,65591.873,0.0006977473739448589,aveestimated
DEU,Germany,PRT,Portugal,2021,850231,HS850231 wind-powered generating sets,1.35000002384186,,1.35000002384186,MFN_FALLBACK,MFN,,,,4.0,H5,True,583567.508,0.0057401434950103206,aveestimated
DEU,Germany,PRT,Portugal,2023,850231,HS850231 wind-powered generating sets,2.70000004768372,,2.70000004768372,MFN_FALLBACK,MFN,,,,1.0,H6,True,85964.028,0.0004014080054939216,aveestimated
DEU,Germany,PRT,Portugal,2024,850231,HS850231 wind-powered generating sets,,,,MISSING,,,,,,,True,129202.987,0.000812213254865416,aveestimated
DEU,Germany,RUS,Russian Federation,2013,850231,HS850231 wind-powered generating sets,1.35000002384186,,1.35000002384186,MFN_FALLBACK,MFN,,,,2.0,H4,True,158361.439,0.0006382470628187981,aveestimated
DEU,Germany,SGP,Singapore,2012,850231,HS850231 wind-powered generating sets,1.35000002384186,,1.35000002384186,MFN_FALLBACK,MFN,,,,2.0,H4,True,57309.142,0.00023680697099928987,aveestimated
DEU,Germany,SGP,Singapore,2013,850231,HS850231 wind-powered generating sets,1.35000002384186,,1.35000002384186,MFN_FALLBACK,MFN,,,,2.0,H4,True,512.604,2.065957467014222e-06,aveestimated
DEU,Germany,SVN,Slovenia,2011,850231,HS850231 wind-powered generating sets,1.35000002384186,,1.35000002384186,MFN_FALLBACK,MFN,,,,2.0,H3,True,269255.436,0.00028829018464875074,aveestimated
DEU,Germany,SWE,Sweden,2015,850231,HS850231 wind-powered generating sets,1.35000002384186,,1.35000002384186,MFN_FALLBACK,MFN,,,,2.0,H4,True,410017.02,0.0009185850331457891,aveestimated
DEU,Germany,TUR,Turkey,2010,850231,HS850231 wind-powered generating sets,0.0,0.0,1.35000002384186,BILATERAL_TRAINS,PREF,2.0,1.0,1.0,2.0,H3,True,276.929,5.181093381915082e-07,aveestimated
DEU,Germany,TUR,Turkey,2012,850231,HS850231 wind-powered generating sets,0.0,0.0,1.35000002384186,BILATERAL_TRAINS,PREF,2.0,1.0,1.0,2.0,H4,True,4756.585,1.9654673701983833e-05,aveestimated
DEU,Germany,TUR,Turkey,2013,850231,HS850231 wind-powered generating sets,0.0,0.0,1.35000002384186,BILATERAL_TRAINS,PREF,2.0,1.0,1.0,2.0,H4,True,12139.153,4.892465486726223e-05,aveestimated
DEU,Germany,TUR,Turkey,2014,850231,HS850231 wind-powered generating sets,0.0,0.0,1.35000002384186,BILATERAL_TRAINS,PREF,2.0,1.0,1.0,2.0,H4,True,69698.128,0.0001273763877319993,aveestimated
DEU,Germany,TUR,Turkey,2015,850231,HS850231 wind-powered generating sets,0.0,0.0,1.35000002384186,BILATERAL_TRAINS,PREF,2.0,1.0,1.0,2.0,H4,True,94884.161,0.00021257451746075173,aveestimated
DEU,Germany,TUR,Turkey,2016,850231,HS850231 wind-powered generating sets,0.0,0.0,1.35000002384186,BILATERAL_TRAINS,PREF,2.0,1.0,1.0,2.0,H4,True,2801.631,1.2177199375292442e-05,aveestimated
DEU,Germany,TUR,Turkey,2017,850231,HS850231 wind-powered generating sets,0.0,0.0,1.35000002384186,BILATERAL_TRAINS,PREF,2.0,1.0,1.0,2.0,H5,True,33643.767,0.0001445814485852782,aveestimated
DEU,Germany,TUR,Turkey,2018,850231,HS850231 wind-powered generating sets,1.35000002384186,,1.35000002384186,MFN_FALLBACK,MFN,,,,2.0,H5,True,74254.978,8.926863956335262e-05,aveestimated
DEU,Germany,TUR,Turkey,2019,850231,HS850231 wind-powered generating sets,1.35000002384186,,1.35000002384186,MFN_FALLBACK,MFN,,,,2.0,H5,True,56840.916,0.0006046572244037048,aveestimated
DEU,Germany,TUR,Turkey,2020,850231,HS850231 wind-powered generating sets,1.35000002384186,,1.35000002384186,MFN_FALLBACK,MFN,,,,4.0,H5,True,37978.449,0.0004593842683132287,aveestimated
DEU,Germany,TUR,Turkey,2021,850231,HS850231 wind-powered generating sets,1.35000002384186,,1.35000002384186,MFN_FALLBACK,MFN,,,,4.0,H5,True,127724.472,0.0012563358772613978,aveestimated
DEU,Germany,TUR,Turkey,2022,850231,HS850231 wind-powered generating sets,2.70000004768372,,2.70000004768372,MFN_FALLBACK,MFN,,,,1.0,H6,True,2550860.092,0.01839039178474945,aveestimated
DEU,Germany,TUR,Turkey,2023,850231,HS850231 wind-powered generating sets,2.70000004768372,,2.70000004768372,MFN_FALLBACK,MFN,,,,1.0,H6,True,155247.476,0.0007249262412311048,aveestimated
DEU,Germany,TUR,Turkey,2024,850231,HS850231 wind-powered generating sets,,,,MISSING,,,,,,,True,4432.511,2.786424888564504e-05,aveestimated
DEU,Germany,UKR,Ukraine,2012,850231,HS850231 wind-powered generating sets,1.35000002384186,,1.35000002384186,MFN_FALLBACK,MFN,,,,2.0,H4,True,109648.294,0.0004530774579975322,aveestimated
DEU,Germany,UKR,Ukraine,2013,850231,HS850231 wind-powered generating sets,1.35000002384186,,1.35000002384186,MFN_FALLBACK,MFN,,,,2.0,H4,True,18200.098,7.335219460536906e-05,aveestimated
DEU,Germany,UKR,Ukraine,2016,850231,HS850231 wind-powered generating sets,0.0,0.0,1.35000002384186,BILATERAL_TRAINS,PREF,2.0,1.0,1.0,2.0,H4,True,11015.103,4.787679225793186e-05,aveestimated
DEU,Germany,USA,United States,2010,850231,HS850231 wind-powered generating sets,1.35000002384186,,1.35000002384186,MFN_FALLBACK,MFN,,,,2.0,H3,True,1536745.961,0.0028751139563649285,aveestimated
DEU,Germany,USA,United States,2011,850231,HS850231 wind-powered generating sets,1.35000002384186,,1.35000002384186,MFN_FALLBACK,MFN,,,,2.0,H3,True,3128770.629,0.003349955996275589,aveestimated
DEU,Germany,USA,United States,2012,850231,HS850231 wind-powered generating sets,1.35000002384186,,1.35000002384186,MFN_FALLBACK,MFN,,,,2.0,H4,True,1498802.652,0.006193198916602569,aveestimated
DEU,Germany,USA,United States,2013,850231,HS850231 wind-powered generating sets,1.35000002384186,,1.35000002384186,MFN_FALLBACK,MFN,,,,2.0,H4,True,3348492.728,0.013495492728606139,aveestimated
DEU,Germany,USA,United States,2014,850231,HS850231 wind-powered generating sets,1.35000002384186,,1.35000002384186,MFN_FALLBACK,MFN,,,,2.0,H4,True,55053.23,0.0001006121939226106,aveestimated
DEU,Germany,USA,United States,2015,850231,HS850231 wind-powered generating sets,1.35000002384186,,1.35000002384186,MFN_FALLBACK,MFN,,,,2.0,H4,True,1457367.736,0.003265025900825199,aveestimated
DEU,Germany,USA,United States,2016,850231,HS850231 wind-powered generating sets,1.35000002384186,,1.35000002384186,MFN_FALLBACK,MFN,,,,2.0,H4,True,955525.588,0.004153161352536984,aveestimated
DEU,Germany,USA,United States,2017,850231,HS850231 wind-powered generating sets,1.35000002384186,,1.35000002384186,MFN_FALLBACK,MFN,,,,2.0,H5,True,4321.093,1.8569558082235723e-05,aveestimated
DEU,Germany,USA,United States,2018,850231,HS850231 wind-powered generating sets,1.35000002384186,,1.35000002384186,MFN_FALLBACK,MFN,,,,2.0,H5,True,1543.755,1.8558878122504248e-06,aveestimated
DEU,Germany,USA,United States,2020,850231,HS850231 wind-powered generating sets,1.35000002384186,,1.35000002384186,MFN_FALLBACK,MFN,,,,4.0,H5,True,37281.429,0.00045095317038451425,aveestimated
DEU,Germany,USA,United States,2021,850231,HS850231 wind-powered generating sets,1.35000002384186,,1.35000002384186,MFN_FALLBACK,MFN,,,,4.0,H5,True,5476.791,5.387134444808923e-05,aveestimated
DEU,Germany,USA,United States,2022,850231,HS850231 wind-powered generating sets,2.70000004768372,,2.70000004768372,MFN_FALLBACK,MFN,,,,1.0,H6,True,611271.854,0.004406956272241592,aveestimated
DEU,Germany,USA,United States,2023,850231,HS850231 wind-powered generating sets,2.70000004768372,,2.70000004768372,MFN_FALLBACK,MFN,,,,1.0,H6,True,1704.147,7.957494131597114e-06,aveestimated
DEU,Germany,USA,United States,2024,850231,HS850231 wind-powered generating sets,,,,MISSING,,,,,,,True,10184.297,6.402190233331132e-05,aveestimated
DEU,Germany,ZAF,South Africa,2012,850231,HS850231 wind-powered generating sets,0.0,0.0,1.35000002384186,BILATERAL_TRAINS,PREF,2.0,1.0,1.0,2.0,H4,True,408.809,1.6892387083242094e-06,aveestimated
DEU,Germany,ZAF,South Africa,2021,850231,HS850231 wind-powered generating sets,1.35000002384186,,1.35000002384186,MFN_FALLBACK,MFN,,,,4.0,H5,True,5777.908,5.683322077789172e-05,aveestimated
DNK,Denmark,AUS,Australia,2020,850231,HS850231 wind-powered generating sets,1.35000002384186,,1.35000002384186,MFN_FALLBACK,MFN,,,,4.0,H5,True,7845.889,4.206754585633639e-05,aveestimated
DNK,Denmark,AUS,Australia,2022,850231,HS850231 wind-powered generating sets,2.70000004768372,,2.70000004768372,MFN_FALLBACK,MFN,,,,1.0,H6,True,474.817,0.00010188399107051578,aveestimated
DNK,Denmark,AUS,Australia,2023,850231,HS850231 wind-powered generating sets,2.70000004768372,,2.70000004768372,MFN_FALLBACK,MFN,,,,1.0,H6,True,47656.191,8.958246698047322e-05,aveestimated
DNK,Denmark,AUT,Austria,2020,850231,HS850231 wind-powered generating sets,1.35000002384186,,1.35000002384186,MFN_FALLBACK,MFN,,,,4.0,H5,True,392778.091,0.0021059704457336535,aveestimated
DNK,Denmark,AUT,Austria,2021,850231,HS850231 wind-powered generating sets,1.35000002384186,,1.35000002384186,MFN_FALLBACK,MFN,,,,4.0,H5,True,721065.43,0.006032285969927413,aveestimated
DNK,Denmark,AUT,Austria,2022,850231,HS850231 wind-powered generating sets,2.70000004768372,,2.70000004768372,MFN_FALLBACK,MFN,,,,1.0,H6,True,285238.925,0.061205222407082135,aveestimated
DNK,Denmark,AUT,Austria,2024,850231,HS850231 wind-powered generating sets,,,,MISSING,,,,,,,True,119233.187,0.0005152364295204835,aveestimated
DNK,Denmark,BEL,,2021,850231,HS850231 wind-powered generating sets,1.35000002384186,,1.35000002384186,MFN_FALLBACK,MFN,,,,4.0,H5,True,285369.443,0.0023873424180866644,aveestimated
DNK,Denmark,BGR,Bulgaria,2020,850231,HS850231 wind-powered generating sets,1.35000002384186,,1.35000002384186,MFN_FALLBACK,MFN,,,,4.0,H5,True,12658.067,6.78691495603721e-05,aveestimated
DNK,Denmark,BGR,Bulgaria,2021,850231,HS850231 wind-powered generating sets,1.35000002384186,,1.35000002384186,MFN_FALLBACK,MFN,,,,4.0,H5,True,1953.52,1.634274893468766e-05,aveestimated
DNK,Denmark,CAN,Canada,2022,850231,HS850231 wind-powered generating sets,2.70000004768372,,2.70000004768372,MFN_FALLBACK,MFN,,,,1.0,H6,True,30.961,6.643465266690617e-06,aveestimated
DNK,Denmark,CHE,Switzerland,2019,850231,HS850231 wind-powered generating sets,1.35000002384186,,1.35000002384186,MFN_FALLBACK,MFN,,,,2.0,H5,True,723.598,2.3561748396368937e-06,aveestimated
DNK,Denmark,CHE,Switzerland,2020,850231,HS850231 wind-powered generating sets,1.35000002384186,,1.35000002384186,MFN_FALLBACK,MFN,,,,4.0,H5,True,69.855,3.745437152876339e-07,aveestimated
DNK,Denmark,CHN,China,2010,850231,HS850231 wind-powered generating sets,1.35000002384186,,1.35000002384186,MFN_FALLBACK,MFN,,,,2.0,H3,True,37880631.0,1.0,aveestimated
DNK,Denmark,CHN,China,2019,850231,HS850231 wind-powered generating sets,1.35000002384186,,1.35000002384186,MFN_FALLBACK,MFN,,,,2.0,H5,True,125606.842,0.0004090001365490876,aveestimated
DNK,Denmark,CHN,China,2020,850231,HS850231 wind-powered generating sets,1.35000002384186,,1.35000002384186,MFN_FALLBACK,MFN,,,,4.0,H5,True,464185.328,0.002488836838180931,aveestimated
DNK,Denmark,CHN,China,2021,850231,HS850231 wind-powered generating sets,1.35000002384186,,1.35000002384186,MFN_FALLBACK,MFN,,,,4.0,H5,True,29434656.806,0.24624432110198688,aveestimated
DNK,Denmark,CHN,China,2022,850231,HS850231 wind-powered generating sets,2.70000004768372,,2.70000004768372,MFN_FALLBACK,MFN,,,,1.0,H6,True,89054.051,0.019108797993494877,aveestimated
DNK,Denmark,CHN,China,2023,850231,HS850231 wind-powered generating sets,2.70000004768372,,2.70000004768372,MFN_FALLBACK,MFN,,,,1.0,H6,True,858122.926,0.0016130699300660027,aveestimated
DNK,Denmark,CHN,China,2024,850231,HS850231 wind-powered generating sets,,,,MISSING,,,,,,,True,240505.686,0.001039285236366403,aveestimated
DNK,Denmark,CZE,Czech Republic,2021,850231,HS850231 wind-powered generating sets,1.35000002384186,,1.35000002384186,MFN_FALLBACK,MFN,,,,4.0,H5,True,191.344,1.60074478488005e-06,aveestimated
DNK,Denmark,DEU,Germany,2019,850231,HS850231 wind-powered generating sets,1.35000002384186,,1.35000002384186,MFN_FALLBACK,MFN,,,,2.0,H5,True,259929657.031,0.8463811646409874,aveestimated
DNK,Denmark,DEU,Germany,2020,850231,HS850231 wind-powered generating sets,1.35000002384186,,1.35000002384186,MFN_FALLBACK,MFN,,,,4.0,H5,True,84288822.293,0.4519339869564005,aveestimated
DNK,Denmark,DEU,Germany,2021,850231,HS850231 wind-powered generating sets,1.35000002384186,,1.35000002384186,MFN_FALLBACK,MFN,,,,4.0,H5,True,19649617.023,0.16438467876942836,aveestimated
DNK,Denmark,DEU,Germany,2022,850231,HS850231 wind-powered generating sets,2.70000004768372,,2.70000004768372,MFN_FALLBACK,MFN,,,,1.0,H6,True,1294376.824,0.2777412703805857,aveestimated
DNK,Denmark,DEU,Germany,2023,850231,HS850231 wind-powered generating sets,2.70000004768372,,2.70000004768372,MFN_FALLBACK,MFN,,,,1.0,H6,True,514950385.462,0.9679860042157288,aveestimated
DNK,Denmark,DEU,Germany,2024,850231,HS850231 wind-powered generating sets,,,,MISSING,,,,,,,True,214482972.616,0.926834581747844,aveestimated
DNK,Denmark,DOM,Dominican Republic,2022,850231,HS850231 wind-powered generating sets,2.70000004768372,,2.70000004768372,MFN_FALLBACK,MFN,,,,1.0,H6,True,43890.453,0.009417806273854754,aveestimated
DNK,Denmark,DOM,Dominican Republic,2023,850231,HS850231 wind-powered generating sets,2.70000004768372,,2.70000004768372,MFN_FALLBACK,MFN,,,,1.0,H6,True,20529.913,3.8591423587220553e-05,aveestimated
DNK,Denmark,ESP,Spain,2016,850231,HS850231 wind-powered generating sets,1.35000002384186,,1.35000002384186,MFN_FALLBACK,MFN,,,,2.0,H4,True,10002326.024,1.0,aveestimated
DNK,Denmark,ESP,Spain,2017,850231,HS850231 wind-powered generating sets,1.35000002384186,,1.35000002384186,MFN_FALLBACK,MFN,,,,2.0,H5,True,1056862.733,0.03906415661292911,aveestimated
DNK,Denmark,ESP,Spain,2019,850231,HS850231 wind-powered generating sets,1.35000002384186,,1.35000002384186,MFN_FALLBACK,MFN,,,,2.0,H5,True,2108037.285,0.006864176534392672,aveestimated
DNK,Denmark,ESP,Spain,2020,850231,HS850231 wind-powered generating sets,1.35000002384186,,1.35000002384186,MFN_FALLBACK,MFN,,,,4.0,H5,True,27588528.538,0.14792226723844296,aveestimated
DNK,Denmark,ESP,Spain,2021,850231,HS850231 wind-powered generating sets,1.35000002384186,,1.35000002384186,MFN_FALLBACK,MFN,,,,4.0,H5,True,1956058.141,0.01636398250338613,aveestimated
DNK,Denmark,ESP,Spain,2022,850231,HS850231 wind-powered generating sets,2.70000004768372,,2.70000004768372,MFN_FALLBACK,MFN,,,,1.0,H6,True,1229074.473,0.26372900008241257,aveestimated
DNK,Denmark,ESP,Spain,2023,850231,HS850231 wind-powered generating sets,2.70000004768372,,2.70000004768372,MFN_FALLBACK,MFN,,,,1.0,H6,True,4.79,9.00407707440292e-09,aveestimated
DNK,Denmark,ESP,Spain,2024,850231,HS850231 wind-powered generating sets,,,,MISSING,,,,,,,True,3757.208,1.6235835706427914e-05,aveestimated
DNK,Denmark,EST,Estonia,2019,850231,HS850231 wind-powered generating sets,1.35000002384186,,1.35000002384186,MFN_FALLBACK,MFN,,,,2.0,H5,True,344532.985,0.0011218659403176838,aveestimated
DNK,Denmark,EST,Estonia,2020,850231,HS850231 wind-powered generating sets,1.35000002384186,,1.35000002384186,MFN_FALLBACK,MFN,,,,4.0,H5,True,200129.099,0.0010730383834604063,aveestimated
DNK,Denmark,EST,Estonia,2021,850231,HS850231 wind-powered generating sets,1.35000002384186,,1.35000002384186,MFN_FALLBACK,MFN,,,,4.0,H5,True,144603.885,0.0012097265385229978,aveestimated
DNK,Denmark,EST,Estonia,2022,850231,HS850231 wind-powered generating sets,2.70000004768372,,2.70000004768372,MFN_FALLBACK,MFN,,,,1.0,H6,True,127941.534,0.027453090575114393,aveestimated
DNK,Denmark,FIN,Finland,2017,850231,HS850231 wind-powered generating sets,1.35000002384186,,1.35000002384186,MFN_FALLBACK,MFN,,,,2.0,H5,True,23540330.036,0.8701065053510059,aveestimated
DNK,Denmark,FIN,Finland,2019,850231,HS850231 wind-powered generating sets,1.35000002384186,,1.35000002384186,MFN_FALLBACK,MFN,,,,2.0,H5,True,44248086.212,0.14408031453210007,aveestimated
DNK,Denmark,FIN,Finland,2020,850231,HS850231 wind-powered generating sets,1.35000002384186,,1.35000002384186,MFN_FALLBACK,MFN,,,,4.0,H5,True,71492568.226,0.3833239155224491,aveestimated
DNK,Denmark,FIN,Finland,2021,850231,HS850231 wind-powered generating sets,1.35000002384186,,1.35000002384186,MFN_FALLBACK,MFN,,,,4.0,H5,True,56150734.291,0.4697455634015367,aveestimated
DNK,Denmark,FIN,Finland,2022,850231,HS850231 wind-powered generating sets,2.70000004768372,,2.70000004768372,MFN_FALLBACK,MFN,,,,1.0,H6,True,91350.507,0.019601560684379644,aveestimated
DNK,Denmark,FIN,Finland,2023,850231,HS850231 wind-powered generating sets,2.70000004768372,,2.70000004768372,MFN_FALLBACK,MFN,,,,1.0,H6,True,2655848.054,0.004992371727791024,aveestimated
DNK,Denmark,FIN,Finland,2024,850231,HS850231 wind-powered generating sets,,,,MISSING,,,,,,,True,15390810.076,0.0665075406479416,aveestimated
DNK,Denmark,FRA,France,2020,850231,HS850231 wind-powered generating sets,1.35000002384186,,1.35000002384186,MFN_FALLBACK,MFN,,,,4.0,H5,True,12658.067,6.78691495603721e-05,aveestimated
DNK,Denmark,FRA,France,2021,850231,HS850231 wind-powered generating sets,1.35000002384186,,1.35000002384186,MFN_FALLBACK,MFN,,,,4.0,H5,True,11881.447,9.939775651224349e-05,aveestimated
DNK,Denmark,FRA,France,2022,850231,HS850231 wind-powered generating sets,2.70000004768372,,2.70000004768372,MFN_FALLBACK,MFN,,,,1.0,H6,True,1781.829,0.0003823364578883782,aveestimated
DNK,Denmark,FRA,France,2023,850231,HS850231 wind-powered generating sets,2.70000004768372,,2.70000004768372,MFN_FALLBACK,MFN,,,,1.0,H6,True,975.949,1.8345553270744163e-06,aveestimated
DNK,Denmark,FRA,France,2024,850231,HS850231 wind-powered generating sets,,,,MISSING,,,,,,,True,980.929,4.238839607408115e-06,aveestimated
DNK,Denmark,GBR,United Kingdom,2019,850231,HS850231 wind-powered generating sets,1.35000002384186,,1.35000002384186,MFN_FALLBACK,MFN,,,,2.0,H5,True,242873.56,0.000790843218589661,aveestimated
DNK,Denmark,GBR,United Kingdom,2020,850231,HS850231 wind-powered generating sets,1.35000002384186,,1.35000002384186,MFN_FALLBACK,MFN,,,,4.0,H5,True,1113403.346,0.005969769176501652,aveestimated
DNK,Denmark,GBR,United Kingdom,2021,850231,HS850231 wind-powered generating sets,1.35000002384186,,1.35000002384186,MFN_FALLBACK,MFN,,,,4.0,H5,True,49696.417,0.0004157500644910437,aveestimated
DNK,Denmark,GBR,United Kingdom,2022,850231,HS850231 wind-powered generating sets,2.70000004768372,,2.70000004768372,MFN_FALLBACK,MFN,,,,1.0,H6,True,358033.192,0.07682507268416308,aveestimated
DNK,Denmark,GBR,United Kingdom,2023,850231,HS850231 wind-powered generating sets,2.70000004768372,,2.70000004768372,MFN_FALLBACK,MFN,,,,1.0,H6,True,1418979.768,0.0026673493106660487,aveestimated
DNK,Denmark,GBR,United Kingdom,2024,850231,HS850231 wind-powered generating sets,,,,MISSING,,,,,,,True,258573.615,0.0011173612776181527,aveestimated
DNK,Denmark,GRC,,2017,850231,HS850231 wind-powered generating sets,1.35000002384186,,1.35000002384186,MFN_FALLBACK,MFN,,,,2.0,H5,True,2457345.832,0.09082933803606508,aveestimated
DNK,Denmark,HKG,"Hong Kong, China",2019,850231,HS850231 wind-powered generating sets,1.35000002384186,,1.35000002384186,MFN_FALLBACK,MFN,,,,2.0,H5,True,1275.968,4.154798241263531e-06,aveestimated
DNK,Denmark,HKG,"Hong Kong, China",2020,850231,HS850231 wind-powered generating sets,1.35000002384186,,1.35000002384186,MFN_FALLBACK,MFN,,,,4.0,H5,True,507.173,2.719325169473554e-06,aveestimated
DNK,Denmark,IND,India,2021,850231,HS850231 wind-powered generating sets,1.35000002384186,,1.35000002384186,MFN_FALLBACK,MFN,,,,4.0,H5,True,17222.053,0.0001440761744537473,aveestimated
DNK,Denmark,IRL,,2020,850231,HS850231 wind-powered generating sets,1.35000002384186,,1.35000002384186,MFN_FALLBACK,MFN,,,,4.0,H5,True,12658.067,6.78691495603721e-05,aveestimated
DNK,Denmark,ITA,Italy,2019,850231,HS850231 wind-powered generating sets,1.35000002384186,,1.35000002384186,MFN_FALLBACK,MFN,,,,2.0,H5,True,8846.313,2.8805303655002875e-05,aveestimated
DNK,Denmark,ITA,Italy,2020,850231,HS850231 wind-powered generating sets,1.35000002384186,,1.35000002384186,MFN_FALLBACK,MFN,,,,4.0,H5,True,12632.388,6.773146567138964e-05,aveestimated
DNK,Denmark,ITA,Italy,2021,850231,HS850231 wind-powered generating sets,1.35000002384186,,1.35000002384186,MFN_FALLBACK,MFN,,,,4.0,H5,True,26.562,2.2221226156024694e-07,aveestimated
DNK,Denmark,JAM,Jamaica,2020,850231,HS850231 wind-powered generating sets,1.35000002384186,,1.35000002384186,MFN_FALLBACK,MFN,,,,4.0,H5,True,34728.328,0.00018620395096768399,aveestimated
DNK,Denmark,JPN,Japan,2024,850231,HS850231 wind-powered generating sets,,,,MISSING,,,,,,,True,242344.258,0.001047230165932836,aveestimated
DNK,Denmark,KOR,"Korea, Rep.",2022,850231,HS850231 wind-powered generating sets,2.70000004768372,,2.70000004768372,MFN_FALLBACK,MFN,,,,1.0,H6,True,1457.67,0.000312779949462127,aveestimated
DNK,Denmark,LTU,Lithuania,2021,850231,HS850231 wind-powered generating sets,1.35000002384186,,1.35000002384186,MFN_FALLBACK,MFN,,,,4.0,H5,True,1719.549,1.4385395382639149e-05,aveestimated
DNK,Denmark,MAR,Morocco,2020,850231,HS850231 wind-powered generating sets,1.35000002384186,,1.35000002384186,MFN_FALLBACK,MFN,,,,4.0,H5,True,615998.827,0.003302819973908875,aveestimated
DNK,Denmark,MAR,Morocco,2022,850231,HS850231 wind-powered generating sets,2.70000004768372,,2.70000004768372,MFN_FALLBACK,MFN,,,,1.0,H6,True,67232.497,0.014426431917973617,aveestimated
DNK,Denmark,MAR,Morocco,2023,850231,HS850231 wind-powered generating sets,2.70000004768372,,2.70000004768372,MFN_FALLBACK,MFN,,,,1.0,H6,True,451562.288,0.0008488312411368953,aveestimated
DNK,Denmark,MAR,Morocco,2024,850231,HS850231 wind-powered generating sets,,,,MISSING,,,,,,,True,293848.349,0.001269792227890788,aveestimated
DNK,Denmark,MEX,Mexico,2021,850231,HS850231 wind-powered generating sets,1.35000002384186,,1.35000002384186,MFN_FALLBACK,MFN,,,,4.0,H5,True,82748.47,0.0006922567825973288,aveestimated
DNK,Denmark,MEX,Mexico,2022,850231,HS850231 wind-powered generating sets,2.70000004768372,,2.70000004768372,MFN_FALLBACK,MFN,,,,1.0,H6,True,26292.082,0.005641630876133897,aveestimated
DNK,Denmark,MEX,Mexico,2023,850231,HS850231 wind-powered generating sets,2.70000004768372,,2.70000004768372,MFN_FALLBACK,MFN,,,,1.0,H6,True,22734.943,4.273636305932299e-05,aveestimated
DNK,Denmark,MYS,Malaysia,2023,850231,HS850231 wind-powered generating sets,2.70000004768372,,2.70000004768372,MFN_FALLBACK,MFN,,,,1.0,H6,True,24010.469,4.5134052916192483e-05,aveestimated
DNK,Denmark,NLD,,2020,850231,HS850231 wind-powered generating sets,1.35000002384186,,1.35000002384186,MFN_FALLBACK,MFN,,,,4.0,H5,True,195590.226,0.0010487021676327817,aveestimated
DNK,Denmark,NLD,,2021,850231,HS850231 wind-powered generating sets,1.35000002384186,,1.35000002384186,MFN_FALLBACK,MFN,,,,4.0,H5,True,1150816.24,0.009627493386441529,aveestimated
DNK,Denmark,NLD,,2022,850231,HS850231 wind-powered generating sets,2.70000004768372,,2.70000004768372,MFN_FALLBACK,MFN,,,,1.0,H6,True,52998.817,0.011372236036148453,aveestimated
DNK,Denmark,NLD,,2023,850231,HS850231 wind-powered generating sets,2.70000004768372,,2.70000004768372,MFN_FALLBACK,MFN,,,,1.0,H6,True,9448797.008,0.01776152328192478,aveestimated
DNK,Denmark,NLD,,2024,850231,HS850231 wind-powered generating sets,,,,MISSING,,,,,,,True,111220.692,0.00048061243414450875,aveestimated
DNK,Denmark,NOR,Norway,2019,850231,HS850231 wind-powered generating sets,1.35000002384186,,1.35000002384186,MFN_FALLBACK,MFN,,,,2.0,H5,True,631.237,2.055429585554236e-06,aveestimated
DNK,Denmark,NOR,Norway,2021,850231,HS850231 wind-powered generating sets,1.35000002384186,,1.35000002384186,MFN_FALLBACK,MFN,,,,4.0,H5,True,44722.751,0.000374141391570883,aveestimated
DNK,Denmark,NOR,Norway,2022,850231,HS850231 wind-powered generating sets,2.70000004768372,,2.70000004768372,MFN_FALLBACK,MFN,,,,1.0,H6,True,462055.546,0.09914569849593904,aveestimated
DNK,Denmark,NOR,Norway,2023,850231,HS850231 wind-powered generating sets,2.70000004768372,,2.70000004768372,MFN_FALLBACK,MFN,,,,1.0,H6,True,12344.799,2.320532811357246e-05,aveestimated
DNK,Denmark,NZL,New Zealand,2021,850231,HS850231 wind-powered generating sets,1.35000002384186,,1.35000002384186,MFN_FALLBACK,MFN,,,,4.0,H5,True,7144.614,5.97703800510128e-05,aveestimated
DNK,Denmark,POL,Poland,2019,850231,HS850231 wind-powered generating sets,1.35000002384186,,1.35000002384186,MFN_FALLBACK,MFN,,,,2.0,H5,True,8087.629,2.6334882023053813e-05,aveestimated
DNK,Denmark,POL,Poland,2021,850231,HS850231 wind-powered generating sets,1.35000002384186,,1.35000002384186,MFN_FALLBACK,MFN,,,,4.0,H5,True,241.923,2.023878358310354e-06,aveestimated
DNK,Denmark,POL,Poland,2022,850231,HS850231 wind-powered generating sets,2.70000004768372,,2.70000004768372,MFN_FALLBACK,MFN,,,,1.0,H6,True,321.372,6.89584871188559e-05,aveestimated
DNK,Denmark,PRT,Portugal,2019,850231,HS850231 wind-powered generating sets,1.35000002384186,,1.35000002384186,MFN_FALLBACK,MFN,,,,2.0,H5,True,61977.115,0.000201809456350463,aveestimated
DNK,Denmark,PRT,Portugal,2020,850231,HS850231 wind-powered generating sets,1.35000002384186,,1.35000002384186,MFN_FALLBACK,MFN,,,,4.0,H5,True,6330.333,3.39415423495514e-05,aveestimated
DNK,Denmark,PRT,Portugal,2024,850231,HS850231 wind-powered generating sets,,,,MISSING,,,,,,,True,9315.276,4.025363799290085e-05,aveestimated
DNK,Denmark,ROU,,2019,850231,HS850231 wind-powered generating sets,1.35000002384186,,1.35000002384186,MFN_FALLBACK,MFN,,,,2.0,H5,True,9867.387,3.213011780347676e-05,aveestimated
DNK,Denmark,ROU,,2020,850231,HS850231 wind-powered generating sets,1.35000002384186,,1.35000002384186,MFN_FALLBACK,MFN,,,,4.0,H5,True,6305.876,3.381041049578589e-05,aveestimated
DNK,Denmark,SRB,,2020,850231,HS850231 wind-powered generating sets,1.35000002384186,,1.35000002384186,MFN_FALLBACK,MFN,,,,4.0,H5,True,44590.679,0.0002390832235324354,aveestimated
DNK,Denmark,SVN,Slovenia,2021,850231,HS850231 wind-powered generating sets,1.35000002384186,,1.35000002384186,MFN_FALLBACK,MFN,,,,4.0,H5,True,54809.415,0.00045852436043762227,aveestimated
DNK,Denmark,SWE,Sweden,2019,850231,HS850231 wind-powered generating sets,1.35000002384186,,1.35000002384186,MFN_FALLBACK,MFN,,,,2.0,H5,True,1689.046,5.4998599888188435e-06,aveestimated
DNK,Denmark,SWE,Sweden,2020,850231,HS850231 wind-powered generating sets,1.35000002384186,,1.35000002384186,MFN_FALLBACK,MFN,,,,4.0,H5,True,2430.393,1.3031113360948513e-05,aveestimated
DNK,Denmark,SWE,Sweden,2021,850231,HS850231 wind-powered generating sets,1.35000002384186,,1.35000002384186,MFN_FALLBACK,MFN,,,,4.0,H5,True,51138.414,0.00042781351658550536,aveestimated
DNK,Denmark,SWE,Sweden,2022,850231,HS850231 wind-powered generating sets,2.70000004768372,,2.70000004768372,MFN_FALLBACK,MFN,,,,1.0,H6,True,3082.706,0.0006614725053589603,aveestimated
DNK,Denmark,THA,Thailand,2022,850231,HS850231 wind-powered generating sets,2.70000004768372,,2.70000004768372,MFN_FALLBACK,MFN,,,,1.0,H6,True,5555.582,0.0011920905672701656,aveestimated
DNK,Denmark,TUR,Turkey,2019,850231,HS850231 wind-powered generating sets,1.35000002384186,,1.35000002384186,MFN_FALLBACK,MFN,,,,2.0,H5,True,8830.269,2.8753061292355198e-05,aveestimated
DNK,Denmark,TUR,Turkey,2020,850231,HS850231 wind-powered generating sets,1.35000002384186,,1.35000002384186,MFN_FALLBACK,MFN,,,,4.0,H5,True,1514.945,8.1227274891765e-06,aveestimated
DNK,Denmark,TUR,Turkey,2021,850231,HS850231 wind-powered generating sets,1.35000002384186,,1.35000002384186,MFN_FALLBACK,MFN,,,,4.0,H5,True,8490.224,7.102747820921188e-05,aveestimated
DNK,Denmark,TUR,Turkey,2022,850231,HS850231 wind-powered generating sets,2.70000004768372,,2.70000004768372,MFN_FALLBACK,MFN,,,,1.0,H6,True,23862.461,0.005120294267990681,aveestimated
DNK,Denmark,TUR,Turkey,2023,850231,HS850231 wind-powered generating sets,2.70000004768372,,2.70000004768372,MFN_FALLBACK,MFN,,,,1.0,H6,True,11762.917,2.2111526364886087e-05,aveestimated
DNK,Denmark,TUR,Turkey,2024,850231,HS850231 wind-powered generating sets,,,,MISSING,,,,,,,True,1673.077,7.229784269650043e-06,aveestimated
DNK,Denmark,UKR,Ukraine,2019,850231,HS850231 wind-powered generating sets,1.35000002384186,,1.35000002384186,MFN_FALLBACK,MFN,,,,2.0,H5,True,3567.613,1.1616836956654796e-05,aveestimated
DNK,Denmark,UKR,Ukraine,2023,850231,HS850231 wind-powered generating sets,2.70000004768372,,2.70000004768372,MFN_FALLBACK,MFN,,,,1.0,H6,True,2057240.528,0.0038671299112103042,aveestimated
DNK,Denmark,USA,United States,2019,850231,HS850231 wind-powered generating sets,1.35000002384186,,1.35000002384186,MFN_FALLBACK,MFN,,,,2.0,H5,True,2800.533,9.119076327149645e-06,aveestimated
DNK,Denmark,USA,United States,2021,850231,HS850231 wind-powered generating sets,1.35000002384186,,1.35000002384186,MFN_FALLBACK,MFN,,,,4.0,H5,True,9612455.488,0.08041583740440054,aveestimated
DNK,Denmark,USA,United States,2022,850231,HS850231 wind-powered generating sets,2.70000004768372,,2.70000004768372,MFN_FALLBACK,MFN,,,,1.0,H6,True,496262.764,0.10648572190129141,aveestimated
DNK,Denmark,USA,United States,2023,850231,HS850231 wind-powered generating sets,2.70000004768372,,2.70000004768372,MFN_FALLBACK,MFN,,,,1.0,H6,True,274.322,5.156610503558158e-07,aveestimated
DNK,Denmark,USA,United States,2024,850231,HS850231 wind-powered generating sets,,,,MISSING,,,,,,,True,259277.221,0.0011204017351648355,aveestimated
DNK,Denmark,ZAF,South Africa,2021,850231,HS850231 wind-powered generating sets,1.35000002384186,,1.35000002384186,MFN_FALLBACK,MFN,,,,4.0,H5,True,96994.436,0.0008114356216520079,aveestimated
ESP,Spain,AUS,Australia,2012,850231,HS850231 wind-powered generating sets,1.35000002384186,,1.35000002384186,MFN_FALLBACK,MFN,,,,2.0,H4,True,243971.417,0.004904733979680547,aveestimated
ESP,Spain,AUS,Australia,2021,850231,HS850231 wind-powered generating sets,1.35000002384186,,1.35000002384186,MFN_FALLBACK,MFN,,,,4.0,H5,True,1871.048,2.747166456740884e-05,aveestimated
ESP,Spain,AUT,Austria,2015,850231,HS850231 wind-powered generating sets,1.35000002384186,,1.35000002384186,MFN_FALLBACK,MFN,,,,2.0,H4,True,11408.853,0.0006825246542711378,aveestimated
ESP,Spain,AUT,Austria,2016,850231,HS850231 wind-powered generating sets,1.35000002384186,,1.35000002384186,MFN_FALLBACK,MFN,,,,2.0,H4,True,37409.071,0.001499295193203983,aveestimated
ESP,Spain,AUT,Austria,2017,850231,HS850231 wind-powered generating sets,1.35000002384186,,1.35000002384186,MFN_FALLBACK,MFN,,,,2.0,H5,True,2779.693,3.5846315405171445e-05,aveestimated
ESP,Spain,AUT,Austria,2024,850231,HS850231 wind-powered generating sets,,,,MISSING,,,,,,,True,2975.965,2.9725861997892164e-05,aveestimated
ESP,Spain,BEL,,2022,850231,HS850231 wind-powered generating sets,2.70000004768372,,2.70000004768372,MFN_FALLBACK,MFN,,,,1.0,H6,True,2147.766,2.002366887654471e-05,aveestimated
ESP,Spain,BEL,,2023,850231,HS850231 wind-powered generating sets,2.70000004768372,,2.70000004768372,MFN_FALLBACK,MFN,,,,1.0,H6,True,2045.987,4.2744384909865844e-05,aveestimated
ESP,Spain,BEL,,2024,850231,HS850231 wind-powered generating sets,,,,MISSING,,,,,,,True,6164.376,6.157377196274771e-05,aveestimated
ESP,Spain,BGR,Bulgaria,2020,850231,HS850231 wind-powered generating sets,1.35000002384186,,1.35000002384186,MFN_FALLBACK,MFN,,,,4.0,H5,True,1200.761,9.354463385584595e-06,aveestimated
ESP,Spain,BGR,Bulgaria,2021,850231,HS850231 wind-powered generating sets,1.35000002384186,,1.35000002384186,MFN_FALLBACK,MFN,,,,4.0,H5,True,1586.327,2.3291248133785967e-05,aveestimated
ESP,Spain,BOL,Bolivia,2015,850231,HS850231 wind-powered generating sets,1.35000002384186,,1.35000002384186,MFN_FALLBACK,MFN,,,,2.0,H4,True,228.488,1.3669094799021756e-05,aveestimated
ESP,Spain,BRA,Brazil,2012,850231,HS850231 wind-powered generating sets,1.35000002384186,,1.35000002384186,MFN_FALLBACK,MFN,,,,2.0,H4,True,806940.776,0.016222514474459885,aveestimated
ESP,Spain,BRA,Brazil,2016,850231,HS850231 wind-powered generating sets,1.35000002384186,,1.35000002384186,MFN_FALLBACK,MFN,,,,2.0,H4,True,127170.881,0.0050968036762745516,aveestimated
ESP,Spain,BRA,Brazil,2022,850231,HS850231 wind-powered generating sets,2.70000004768372,,2.70000004768372,MFN_FALLBACK,MFN,,,,1.0,H6,True,4018.497,3.746453445551717e-05,aveestimated
ESP,Spain,BRA,Brazil,2023,850231,HS850231 wind-powered generating sets,2.70000004768372,,2.70000004768372,MFN_FALLBACK,MFN,,,,1.0,H6,True,291.694,6.094017514235627e-06,aveestimated
ESP,Spain,CAN,Canada,2010,850231,HS850231 wind-powered generating sets,1.35000002384186,,1.35000002384186,MFN_FALLBACK,MFN,,,,2.0,H3,True,144245.189,0.0017922039741519859,aveestimated
ESP,Spain,CAN,Canada,2011,850231,HS850231 wind-powered generating sets,1.35000002384186,,1.35000002384186,MFN_FALLBACK,MFN,,,,2.0,H3,True,18048.042,0.00035692575888872764,aveestimated
ESP,Spain,CAN,Canada,2016,850231,HS850231 wind-powered generating sets,1.35000002384186,,1.35000002384186,MFN_FALLBACK,MFN,,,,2.0,H4,True,4024.676,0.00016130251887312125,aveestimated
ESP,Spain,CAN,Canada,2018,850231,HS850231 wind-powered generating sets,1.35000002384186,,1.35000002384186,MFN_FALLBACK,MFN,,,,2.0,H5,True,3465.217,2.1727686588822028e-05,aveestimated
ESP,Spain,CAN,Canada,2020,850231,HS850231 wind-powered generating sets,1.35000002384186,,1.35000002384186,MFN_FALLBACK,MFN,,,,4.0,H5,True,19753.686,0.00015389001842775962,aveestimated
ESP,Spain,CHE,Switzerland,2010,850231,HS850231 wind-powered generating sets,0.0,0.0,1.35000002384186,BILATERAL_TRAINS,PREF,2.0,1.0,1.0,2.0,H3,True,458.129,5.692117845776299e-06,aveestimated
ESP,Spain,CHE,Switzerland,2022,850231,HS850231 wind-powered generating sets,2.70000004768372,,2.70000004768372,MFN_FALLBACK,MFN,,,,1.0,H6,True,2671.5,2.490645228748811e-05,aveestimated
ESP,Spain,CHE,Switzerland,2024,850231,HS850231 wind-powered generating sets,,,,MISSING,,,,,,,True,58.681,5.861437577049159e-07,aveestimated
ESP,Spain,CHL,Chile,2020,850231,HS850231 wind-powered generating sets,1.35000002384186,,1.35000002384186,MFN_FALLBACK,MFN,,,,4.0,H5,True,2160.338,1.6829995912164915e-05,aveestimated
ESP,Spain,CHN,China,2010,850231,HS850231 wind-powered generating sets,1.35000002384186,,1.35000002384186,MFN_FALLBACK,MFN,,,,2.0,H3,True,553037.912,0.006871333114223423,aveestimated
ESP,Spain,CHN,China,2011,850231,HS850231 wind-powered generating sets,1.35000002384186,,1.35000002384186,MFN_FALLBACK,MFN,,,,2.0,H3,True,306300.132,0.006057521755646261,aveestimated
ESP,Spain,CHN,China,2012,850231,HS850231 wind-powered generating sets,1.35000002384186,,1.35000002384186,MFN_FALLBACK,MFN,,,,2.0,H4,True,32234781.437,0.6480391423952324,aveestimated
ESP,Spain,CHN,China,2013,850231,HS850231 wind-powered generating sets,1.35000002384186,,1.35000002384186,MFN_FALLBACK,MFN,,,,2.0,H4,True,387159.831,0.11582235730714725,aveestimated
ESP,Spain,CHN,China,2014,850231,HS850231 wind-powered generating sets,1.35000002384186,,1.35000002384186,MFN_FALLBACK,MFN,,,,2.0,H4,True,128719.096,0.01161027839516151,aveestimated
ESP,Spain,CHN,China,2015,850231,HS850231 wind-powered generating sets,1.35000002384186,,1.35000002384186,MFN_FALLBACK,MFN,,,,2.0,H4,True,142594.524,0.00853059270673901,aveestimated
ESP,Spain,CHN,China,2016,850231,HS850231 wind-powered generating sets,1.35000002384186,,1.35000002384186,MFN_FALLBACK,MFN,,,,2.0,H4,True,1805539.424,0.07236310625151553,aveestimated
ESP,Spain,CHN,China,2017,850231,HS850231 wind-powered generating sets,1.35000002384186,,1.35000002384186,MFN_FALLBACK,MFN,,,,2.0,H5,True,282821.558,0.0036472052026788535,aveestimated
ESP,Spain,CHN,China,2018,850231,HS850231 wind-powered generating sets,1.35000002384186,,1.35000002384186,MFN_FALLBACK,MFN,,,,2.0,H5,True,9374701.003,0.058781474654285584,aveestimated
ESP,Spain,CHN,China,2019,850231,HS850231 wind-powered generating sets,1.35000002384186,,1.35000002384186,MFN_FALLBACK,MFN,,,,2.0,H5,True,13821508.776,0.12752127281560838,aveestimated
ESP,Spain,CHN,China,2020,850231,HS850231 wind-powered generating sets,1.35000002384186,,1.35000002384186,MFN_FALLBACK,MFN,,,,4.0,H5,True,13027192.844,0.10148763865261086,aveestimated
ESP,Spain,CHN,China,2021,850231,HS850231 wind-powered generating sets,1.35000002384186,,1.35000002384186,MFN_FALLBACK,MFN,,,,4.0,H5,True,33616703.677,0.4935772931942545,aveestimated
ESP,Spain,CHN,China,2022,850231,HS850231 wind-powered generating sets,2.70000004768372,,2.70000004768372,MFN_FALLBACK,MFN,,,,1.0,H6,True,40972132.542,0.3819840779614307,aveestimated
ESP,Spain,CHN,China,2023,850231,HS850231 wind-powered generating sets,2.70000004768372,,2.70000004768372,MFN_FALLBACK,MFN,,,,1.0,H6,True,492350.011,0.01028608607022463,aveestimated
ESP,Spain,CHN,China,2024,850231,HS850231 wind-powered generating sets,,,,MISSING,,,,,,,True,14644584.67,0.14627957752086035,aveestimated
ESP,Spain,CRI,Costa Rica,2024,850231,HS850231 wind-powered generating sets,,,,MISSING,,,,,,,True,73.77,7.368624427990601e-07,aveestimated
ESP,Spain,CZE,Czech Republic,2024,850231,HS850231 wind-powered generating sets,,,,MISSING,,,,,,,True,12913.184,0.000128985228501474,aveestimated
ESP,Spain,DEU,Germany,2010,850231,HS850231 wind-powered generating sets,1.35000002384186,,1.35000002384186,MFN_FALLBACK,MFN,,,,2.0,H3,True,59465838.633,0.7388455245071868,aveestimated
ESP,Spain,DEU,Germany,2011,850231,HS850231 wind-powered generating sets,1.35000002384186,,1.35000002384186,MFN_FALLBACK,MFN,,,,2.0,H3,True,7970411.548,0.15762625056088514,aveestimated
ESP,Spain,DEU,Germany,2012,850231,HS850231 wind-powered generating sets,1.35000002384186,,1.35000002384186,MFN_FALLBACK,MFN,,,,2.0,H4,True,5237977.886,0.10530286063092169,aveestimated
ESP,Spain,DEU,Germany,2013,850231,HS850231 wind-powered generating sets,1.35000002384186,,1.35000002384186,MFN_FALLBACK,MFN,,,,2.0,H4,True,165828.59,0.04960911919274091,aveestimated
ESP,Spain,DEU,Germany,2014,850231,HS850231 wind-powered generating sets,1.35000002384186,,1.35000002384186,MFN_FALLBACK,MFN,,,,2.0,H4,True,189500.591,0.01709268232863939,aveestimated
ESP,Spain,DEU,Germany,2015,850231,HS850231 wind-powered generating sets,1.35000002384186,,1.35000002384186,MFN_FALLBACK,MFN,,,,2.0,H4,True,116705.555,0.006981807774882914,aveestimated
ESP,Spain,DEU,Germany,2016,850231,HS850231 wind-powered generating sets,1.35000002384186,,1.35000002384186,MFN_FALLBACK,MFN,,,,2.0,H4,True,13533944.679,0.5424186610331307,aveestimated
ESP,Spain,DEU,Germany,2017,850231,HS850231 wind-powered generating sets,1.35000002384186,,1.35000002384186,MFN_FALLBACK,MFN,,,,2.0,H5,True,39941440.803,0.515076119830975,aveestimated
ESP,Spain,DEU,Germany,2018,850231,HS850231 wind-powered generating sets,1.35000002384186,,1.35000002384186,MFN_FALLBACK,MFN,,,,2.0,H5,True,83544279.457,0.5238413410561759,aveestimated
ESP,Spain,DEU,Germany,2019,850231,HS850231 wind-powered generating sets,1.35000002384186,,1.35000002384186,MFN_FALLBACK,MFN,,,,2.0,H5,True,60060069.847,0.5541317287721108,aveestimated
ESP,Spain,DEU,Germany,2020,850231,HS850231 wind-powered generating sets,1.35000002384186,,1.35000002384186,MFN_FALLBACK,MFN,,,,4.0,H5,True,96442971.014,0.7513337301490134,aveestimated
ESP,Spain,DEU,Germany,2021,850231,HS850231 wind-powered generating sets,1.35000002384186,,1.35000002384186,MFN_FALLBACK,MFN,,,,4.0,H5,True,11939434.734,0.17530076520587295,aveestimated
ESP,Spain,DEU,Germany,2022,850231,HS850231 wind-powered generating sets,2.70000004768372,,2.70000004768372,MFN_FALLBACK,MFN,,,,1.0,H6,True,27041789.126,0.2521111849653879,aveestimated
ESP,Spain,DEU,Germany,2023,850231,HS850231 wind-powered generating sets,2.70000004768372,,2.70000004768372,MFN_FALLBACK,MFN,,,,1.0,H6,True,14899703.888,0.311281879128116,aveestimated
ESP,Spain,DEU,Germany,2024,850231,HS850231 wind-powered generating sets,,,,MISSING,,,,,,,True,773196.291,0.007723184326276711,aveestimated
ESP,Spain,DNK,Denmark,2010,850231,HS850231 wind-powered generating sets,1.35000002384186,,1.35000002384186,MFN_FALLBACK,MFN,,,,2.0,H3,True,16791395.826,0.20862814586430517,aveestimated
ESP,Spain,DNK,Denmark,2011,850231,HS850231 wind-powered generating sets,1.35000002384186,,1.35000002384186,MFN_FALLBACK,MFN,,,,2.0,H3,True,38389690.374,0.7592108534678295,aveestimated
ESP,Spain,DNK,Denmark,2012,850231,HS850231 wind-powered generating sets,1.35000002384186,,1.35000002384186,MFN_FALLBACK,MFN,,,,2.0,H4,True,1889333.241,0.03798263362167822,aveestimated
ESP,Spain,DNK,Denmark,2013,850231,HS850231 wind-powered generating sets,1.35000002384186,,1.35000002384186,MFN_FALLBACK,MFN,,,,2.0,H4,True,656744.971,0.19647118476718745,aveestimated
ESP,Spain,DNK,Denmark,2014,850231,HS850231 wind-powered generating sets,1.35000002384186,,1.35000002384186,MFN_FALLBACK,MFN,,,,2.0,H4,True,155783.597,0.014051457684022635,aveestimated
ESP,Spain,DNK,Denmark,2015,850231,HS850231 wind-powered generating sets,1.35000002384186,,1.35000002384186,MFN_FALLBACK,MFN,,,,2.0,H4,True,20621.734,0.001233677203906595,aveestimated
ESP,Spain,DNK,Denmark,2016,850231,HS850231 wind-powered generating sets,1.35000002384186,,1.35000002384186,MFN_FALLBACK,MFN,,,,2.0,H4,True,15117.961,0.0006059034788205587,aveestimated
ESP,Spain,DNK,Denmark,2017,850231,HS850231 wind-powered generating sets,1.35000002384186,,1.35000002384186,MFN_FALLBACK,MFN,,,,2.0,H5,True,5384742.956,0.06944047215881438,aveestimated
ESP,Spain,DNK,Denmark,2018,850231,HS850231 wind-powered generating sets,1.35000002384186,,1.35000002384186,MFN_FALLBACK,MFN,,,,2.0,H5,True,40891512.823,0.25639894262348967,aveestimated
ESP,Spain,DNK,Denmark,2019,850231,HS850231 wind-powered generating sets,1.35000002384186,,1.35000002384186,MFN_FALLBACK,MFN,,,,2.0,H5,True,33882473.214,0.3126095841209946,aveestimated
ESP,Spain,DNK,Denmark,2022,850231,HS850231 wind-powered generating sets,2.70000004768372,,2.70000004768372,MFN_FALLBACK,MFN,,,,1.0,H6,True,1738537.902,0.016208426466836116,aveestimated
ESP,Spain,DNK,Denmark,2023,850231,HS850231 wind-powered generating sets,2.70000004768372,,2.70000004768372,MFN_FALLBACK,MFN,,,,1.0,H6,True,22049188.881,0.4606476074773682,aveestimated
ESP,Spain,DNK,Denmark,2024,850231,HS850231 wind-powered generating sets,,,,MISSING,,,,,,,True,57053694.419,0.569889177718523,aveestimated
ESP,Spain,EST,Estonia,2012,850231,HS850231 wind-powered generating sets,1.35000002384186,,1.35000002384186,MFN_FALLBACK,MFN,,,,2.0,H4,True,744161.811,0.014960423502365906,aveestimated
ESP,Spain,EST,Estonia,2013,850231,HS850231 wind-powered generating sets,1.35000002384186,,1.35000002384186,MFN_FALLBACK,MFN,,,,2.0,H4,True,358704.31,0.10730963140758709,aveestimated
ESP,Spain,EST,Estonia,2015,850231,HS850231 wind-powered generating sets,1.35000002384186,,1.35000002384186,MFN_FALLBACK,MFN,,,,2.0,H4,True,250160.509,0.014965633698454776,aveestimated
ESP,Spain,EST,Estonia,2016,850231,HS850231 wind-powered generating sets,1.35000002384186,,1.35000002384186,MFN_FALLBACK,MFN,,,,2.0,H4,True,502898.513,0.020155360800334515,aveestimated
ESP,Spain,EST,Estonia,2017,850231,HS850231 wind-powered generating sets,1.35000002384186,,1.35000002384186,MFN_FALLBACK,MFN,,,,2.0,H5,True,4537458.483,0.058514076165781165,aveestimated
ESP,Spain,FIN,Finland,2014,850231,HS850231 wind-powered generating sets,1.35000002384186,,1.35000002384186,MFN_FALLBACK,MFN,,,,2.0,H4,True,12620.898,0.0011383869521344144,aveestimated
ESP,Spain,FIN,Finland,2015,850231,HS850231 wind-powered generating sets,1.35000002384186,,1.35000002384186,MFN_FALLBACK,MFN,,,,2.0,H4,True,193.511,1.1576626359605313e-05,aveestimated
ESP,Spain,FIN,Finland,2016,850231,HS850231 wind-powered generating sets,1.35000002384186,,1.35000002384186,MFN_FALLBACK,MFN,,,,2.0,H4,True,257878.723,0.01033536304131908,aveestimated
ESP,Spain,FIN,Finland,2024,850231,HS850231 wind-powered generating sets,,,,MISSING,,,,,,,True,6214.842,6.207785899051371e-05,aveestimated
ESP,Spain,FRA,France,2011,850231,HS850231 wind-powered generating sets,1.35000002384186,,1.35000002384186,MFN_FALLBACK,MFN,,,,2.0,H3,True,62638.176,0.001238759224086784,aveestimated
ESP,Spain,FRA,France,2012,850231,HS850231 wind-powered generating sets,1.35000002384186,,1.35000002384186,MFN_FALLBACK,MFN,,,,2.0,H4,True,72014.207,0.0014477537263828273,aveestimated
ESP,Spain,FRA,France,2013,850231,HS850231 wind-powered generating sets,1.35000002384186,,1.35000002384186,MFN_FALLBACK,MFN,,,,2.0,H4,True,2114.283,0.0006325068394671016,aveestimated
ESP,Spain,FRA,France,2014,850231,HS850231 wind-powered generating sets,1.35000002384186,,1.35000002384186,MFN_FALLBACK,MFN,,,,2.0,H4,True,384.007,3.4636882282725054e-05,aveestimated
ESP,Spain,FRA,France,2016,850231,HS850231 wind-powered generating sets,1.35000002384186,,1.35000002384186,MFN_FALLBACK,MFN,,,,2.0,H4,True,230270.1,0.009228853987542232,aveestimated
ESP,Spain,FRA,France,2017,850231,HS850231 wind-powered generating sets,1.35000002384186,,1.35000002384186,MFN_FALLBACK,MFN,,,,2.0,H5,True,1309.379,1.688546635146686e-05,aveestimated
ESP,Spain,FRA,France,2021,850231,HS850231 wind-powered generating sets,1.35000002384186,,1.35000002384186,MFN_FALLBACK,MFN,,,,4.0,H5,True,326919.499,0.0047999959472302955,aveestimated
ESP,Spain,FRA,France,2022,850231,HS850231 wind-powered generating sets,2.70000004768372,,2.70000004768372,MFN_FALLBACK,MFN,,,,1.0,H6,True,13273.594,0.00012375000398446133,aveestimated
ESP,Spain,FRA,France,2023,850231,HS850231 wind-powered generating sets,2.70000004768372,,2.70000004768372,MFN_FALLBACK,MFN,,,,1.0,H6,True,64009.707,0.0013372790511258059,aveestimated
ESP,Spain,FRA,France,2024,850231,HS850231 wind-powered generating sets,,,,MISSING,,,,,,,True,195962.297,0.0019573980868094745,aveestimated
ESP,Spain,GBR,United Kingdom,2010,850231,HS850231 wind-powered generating sets,1.35000002384186,,1.35000002384186,MFN_FALLBACK,MFN,,,,2.0,H3,True,13275.949,0.00016494975481254407,aveestimated
ESP,Spain,GBR,United Kingdom,2011,850231,HS850231 wind-powered generating sets,1.35000002384186,,1.35000002384186,MFN_FALLBACK,MFN,,,,2.0,H3,True,3004.627,5.942078216310451e-05,aveestimated
ESP,Spain,GBR,United Kingdom,2012,850231,HS850231 wind-powered generating sets,1.35000002384186,,1.35000002384186,MFN_FALLBACK,MFN,,,,2.0,H4,True,48939.122,0.0009838585911444366,aveestimated
ESP,Spain,GBR,United Kingdom,2013,850231,HS850231 wind-powered generating sets,1.35000002384186,,1.35000002384186,MFN_FALLBACK,MFN,,,,2.0,H4,True,89957.806,0.02691168947508667,aveestimated
ESP,Spain,GBR,United Kingdom,2014,850231,HS850231 wind-powered generating sets,1.35000002384186,,1.35000002384186,MFN_FALLBACK,MFN,,,,2.0,H4,True,9853977.596,0.8888146882980311,aveestimated
ESP,Spain,GBR,United Kingdom,2015,850231,HS850231 wind-powered generating sets,1.35000002384186,,1.35000002384186,MFN_FALLBACK,MFN,,,,2.0,H4,True,1015.075,6.072597424423606e-05,aveestimated
ESP,Spain,GBR,United Kingdom,2016,850231,HS850231 wind-powered generating sets,1.35000002384186,,1.35000002384186,MFN_FALLBACK,MFN,,,,2.0,H4,True,12831.968,0.0005142845686209991,aveestimated
ESP,Spain,GBR,United Kingdom,2017,850231,HS850231 wind-powered generating sets,1.35000002384186,,1.35000002384186,MFN_FALLBACK,MFN,,,,2.0,H5,True,2087.65,2.6921879630450617e-05,aveestimated
ESP,Spain,GBR,United Kingdom,2019,850231,HS850231 wind-powered generating sets,1.35000002384186,,1.35000002384186,MFN_FALLBACK,MFN,,,,2.0,H5,True,2112.662,1.9492036045802586e-05,aveestimated
ESP,Spain,GBR,United Kingdom,2021,850231,HS850231 wind-powered generating sets,1.35000002384186,,1.35000002384186,MFN_FALLBACK,MFN,,,,4.0,H5,True,20297.491,0.0002980179366387179,aveestimated
ESP,Spain,GBR,United Kingdom,2022,850231,HS850231 wind-powered generating sets,2.70000004768372,,2.70000004768372,MFN_FALLBACK,MFN,,,,1.0,H6,True,7951.518,7.413217431409429e-05,aveestimated
ESP,Spain,GBR,United Kingdom,2023,850231,HS850231 wind-powered generating sets,2.70000004768372,,2.70000004768372,MFN_FALLBACK,MFN,,,,1.0,H6,True,125923.268,0.002630765804719283,aveestimated
ESP,Spain,GBR,United Kingdom,2024,850231,HS850231 wind-powered generating sets,,,,MISSING,,,,,,,True,75409.528,0.000753239108206644,aveestimated
ESP,Spain,GIB,,2016,850231,HS850231 wind-powered generating sets,1.35000002384186,,1.35000002384186,MFN_FALLBACK,MFN,,,,2.0,H4,True,1849.154,7.411110807039067e-05,aveestimated
ESP,Spain,GRC,,2015,850231,HS850231 wind-powered generating sets,1.35000002384186,,1.35000002384186,MFN_FALLBACK,MFN,,,,2.0,H4,True,12188467.249,0.7291643949850884,aveestimated
ESP,Spain,HKG,"Hong Kong, China",2010,850231,HS850231 wind-powered generating sets,1.35000002384186,,1.35000002384186,MFN_FALLBACK,MFN,,,,2.0,H3,True,87428.488,0.0010862732042154915,aveestimated
ESP,Spain,HKG,"Hong Kong, China",2011,850231,HS850231 wind-powered generating sets,1.35000002384186,,1.35000002384186,MFN_FALLBACK,MFN,,,,2.0,H3,True,503.013,9.94779914385702e-06,aveestimated
ESP,Spain,HKG,"Hong Kong, China",2012,850231,HS850231 wind-powered generating sets,1.35000002384186,,1.35000002384186,MFN_FALLBACK,MFN,,,,2.0,H4,True,1584.377,3.185187758500548e-05,aveestimated
ESP,Spain,HKG,"Hong Kong, China",2013,850231,HS850231 wind-powered generating sets,1.35000002384186,,1.35000002384186,MFN_FALLBACK,MFN,,,,2.0,H4,True,3279.394,0.0009810603094795617,aveestimated
ESP,Spain,HKG,"Hong Kong, China",2014,850231,HS850231 wind-powered generating sets,1.35000002384186,,1.35000002384186,MFN_FALLBACK,MFN,,,,2.0,H4,True,1961.36,0.00017691186732024576,aveestimated
ESP,Spain,HKG,"Hong Kong, China",2015,850231,HS850231 wind-powered generating sets,1.35000002384186,,1.35000002384186,MFN_FALLBACK,MFN,,,,2.0,H4,True,5175.957,0.00030964710141740597,aveestimated
ESP,Spain,HKG,"Hong Kong, China",2016,850231,HS850231 wind-powered generating sets,1.35000002384186,,1.35000002384186,MFN_FALLBACK,MFN,,,,2.0,H4,True,1789.094,7.170400019797569e-05,aveestimated
ESP,Spain,HKG,"Hong Kong, China",2017,850231,HS850231 wind-powered generating sets,1.35000002384186,,1.35000002384186,MFN_FALLBACK,MFN,,,,2.0,H5,True,305.454,3.939068244504425e-06,aveestimated
ESP,Spain,HKG,"Hong Kong, China",2018,850231,HS850231 wind-powered generating sets,1.35000002384186,,1.35000002384186,MFN_FALLBACK,MFN,,,,2.0,H5,True,480.872,3.0151751262157687e-06,aveestimated
ESP,Spain,IND,India,2012,850231,HS850231 wind-powered generating sets,1.35000002384186,,1.35000002384186,MFN_FALLBACK,MFN,,,,2.0,H4,True,252854.438,0.005083315780272851,aveestimated
ESP,Spain,IND,India,2013,850231,HS850231 wind-powered generating sets,1.35000002384186,,1.35000002384186,MFN_FALLBACK,MFN,,,,2.0,H4,True,273745.034,0.08189329729045462,aveestimated
ESP,Spain,IND,India,2014,850231,HS850231 wind-powered generating sets,1.35000002384186,,1.35000002384186,MFN_FALLBACK,MFN,,,,2.0,H4,True,476460.248,0.0429760330472465,aveestimated
ESP,Spain,IND,India,2015,850231,HS850231 wind-powered generating sets,1.35000002384186,,1.35000002384186,MFN_FALLBACK,MFN,,,,2.0,H4,True,82283.999,0.0049225682870593255,aveestimated
ESP,Spain,IND,India,2019,850231,HS850231 wind-powered generating sets,1.35000002384186,,1.35000002384186,MFN_FALLBACK,MFN,,,,2.0,H5,True,14805.896,0.00013660351656933498,aveestimated
ESP,Spain,IND,India,2020,850231,HS850231 wind-powered generating sets,1.35000002384186,,1.35000002384186,MFN_FALLBACK,MFN,,,,4.0,H5,True,5861267.674,0.045661887627549184,aveestimated
ESP,Spain,IND,India,2021,850231,HS850231 wind-powered generating sets,1.35000002384186,,1.35000002384186,MFN_FALLBACK,MFN,,,,4.0,H5,True,19590291.803,0.28763448355663507,aveestimated
ESP,Spain,IND,India,2022,850231,HS850231 wind-powered generating sets,2.70000004768372,,2.70000004768372,MFN_FALLBACK,MFN,,,,1.0,H6,True,25944596.581,0.24188203513486942,aveestimated
ESP,Spain,IND,India,2024,850231,HS850231 wind-powered generating sets,,,,MISSING,,,,,,,True,26661656.111,0.2663138545617453,aveestimated
ESP,Spain,IRL,,2011,850231,HS850231 wind-powered generating sets,1.35000002384186,,1.35000002384186,MFN_FALLBACK,MFN,,,,2.0,H3,True,377.173,7.459133752976532e-06,aveestimated
ESP,Spain,IRL,,2012,850231,HS850231 wind-powered generating sets,1.35000002384186,,1.35000002384186,MFN_FALLBACK,MFN,,,,2.0,H4,True,565.621,1.1371088353029859e-05,aveestimated
ESP,Spain,IRL,,2015,850231,HS850231 wind-powered generating sets,1.35000002384186,,1.35000002384186,MFN_FALLBACK,MFN,,,,2.0,H4,True,13285.192,0.000794774994184401,aveestimated
ESP,Spain,IRL,,2017,850231,HS850231 wind-powered generating sets,1.35000002384186,,1.35000002384186,MFN_FALLBACK,MFN,,,,2.0,H5,True,3614.979,4.6617981704120296e-05,aveestimated
ESP,Spain,IRL,,2018,850231,HS850231 wind-powered generating sets,1.35000002384186,,1.35000002384186,MFN_FALLBACK,MFN,,,,2.0,H5,True,447765.092,0.002807587399112685,aveestimated
ESP,Spain,IRL,,2024,850231,HS850231 wind-powered generating sets,,,,MISSING,,,,,,,True,308.075,3.0772522307892156e-06,aveestimated
ESP,Spain,ISR,Israel,2010,850231,HS850231 wind-powered generating sets,0.0,0.0,1.35000002384186,BILATERAL_TRAINS,PREF,2.0,1.0,1.0,2.0,H3,True,2506283.936,0.03113983947466339,aveestimated
ESP,Spain,ITA,Italy,2010,850231,HS850231 wind-powered generating sets,1.35000002384186,,1.35000002384186,MFN_FALLBACK,MFN,,,,2.0,H3,True,11239.179,0.00013964348765909649,aveestimated
ESP,Spain,ITA,Italy,2011,850231,HS850231 wind-powered generating sets,1.35000002384186,,1.35000002384186,MFN_FALLBACK,MFN,,,,2.0,H3,True,14626.457,0.0002892590378822447,aveestimated
ESP,Spain,ITA,Italy,2012,850231,HS850231 wind-powered generating sets,1.35000002384186,,1.35000002384186,MFN_FALLBACK,MFN,,,,2.0,H4,True,21766.074,0.0004375791396581563,aveestimated
ESP,Spain,ITA,Italy,2013,850231,HS850231 wind-powered generating sets,1.35000002384186,,1.35000002384186,MFN_FALLBACK,MFN,,,,2.0,H4,True,1347342.556,0.4030696845101089,aveestimated
ESP,Spain,ITA,Italy,2014,850231,HS850231 wind-powered generating sets,1.35000002384186,,1.35000002384186,MFN_FALLBACK,MFN,,,,2.0,H4,True,19925.637,0.0017972639643998958,aveestimated
ESP,Spain,ITA,Italy,2015,850231,HS850231 wind-powered generating sets,1.35000002384186,,1.35000002384186,MFN_FALLBACK,MFN,,,,2.0,H4,True,3623708.661,0.2167852018978904,aveestimated
ESP,Spain,ITA,Italy,2016,850231,HS850231 wind-powered generating sets,1.35000002384186,,1.35000002384186,MFN_FALLBACK,MFN,,,,2.0,H4,True,1062.345,4.2577073138872795e-05,aveestimated
ESP,Spain,ITA,Italy,2017,850231,HS850231 wind-powered generating sets,1.35000002384186,,1.35000002384186,MFN_FALLBACK,MFN,,,,2.0,H5,True,1517614.416,0.019570824914611457,aveestimated
ESP,Spain,ITA,Italy,2018,850231,HS850231 wind-powered generating sets,1.35000002384186,,1.35000002384186,MFN_FALLBACK,MFN,,,,2.0,H5,True,79125.832,0.0004961366860360504,aveestimated
ESP,Spain,ITA,Italy,2019,850231,HS850231 wind-powered generating sets,1.35000002384186,,1.35000002384186,MFN_FALLBACK,MFN,,,,2.0,H5,True,17104.75,0.0001578134143343525,aveestimated
ESP,Spain,ITA,Italy,2020,850231,HS850231 wind-powered generating sets,1.35000002384186,,1.35000002384186,MFN_FALLBACK,MFN,,,,4.0,H5,True,449.715,3.5034802941202925e-06,aveestimated
ESP,Spain,ITA,Italy,2021,850231,HS850231 wind-powered generating sets,1.35000002384186,,1.35000002384186,MFN_FALLBACK,MFN,,,,4.0,H5,True,36297.839,0.0005329430658806245,aveestimated
ESP,Spain,ITA,Italy,2022,850231,HS850231 wind-powered generating sets,2.70000004768372,,2.70000004768372,MFN_FALLBACK,MFN,,,,1.0,H6,True,312.25,2.911113504311496e-06,aveestimated
ESP,Spain,ITA,Italy,2023,850231,HS850231 wind-powered generating sets,2.70000004768372,,2.70000004768372,MFN_FALLBACK,MFN,,,,1.0,H6,True,265899.794,0.005555129696420376,aveestimated
ESP,Spain,ITA,Italy,2024,850231,HS850231 wind-powered generating sets,,,,MISSING,,,,,,,True,126664.238,0.0012652042812520202,aveestimated
ESP,Spain,JPN,Japan,2010,850231,HS850231 wind-powered generating sets,1.35000002384186,,1.35000002384186,MFN_FALLBACK,MFN,,,,2.0,H3,True,684853.669,0.00850910505787731,aveestimated
ESP,Spain,JPN,Japan,2011,850231,HS850231 wind-powered generating sets,1.35000002384186,,1.35000002384186,MFN_FALLBACK,MFN,,,,2.0,H3,True,31148.767,0.0006160112714677391,aveestimated
ESP,Spain,JPN,Japan,2012,850231,HS850231 wind-powered generating sets,1.35000002384186,,1.35000002384186,MFN_FALLBACK,MFN,,,,2.0,H4,True,17158.913,0.0003449580474645613,aveestimated
ESP,Spain,JPN,Japan,2015,850231,HS850231 wind-powered generating sets,1.35000002384186,,1.35000002384186,MFN_FALLBACK,MFN,,,,2.0,H4,True,2480.716,0.00014840666544173022,aveestimated
ESP,Spain,JPN,Japan,2018,850231,HS850231 wind-powered generating sets,1.35000002384186,,1.35000002384186,MFN_FALLBACK,MFN,,,,2.0,H5,True,2840.395,1.7809912726521063e-05,aveestimated
ESP,Spain,JPN,Japan,2020,850231,HS850231 wind-powered generating sets,1.35000002384186,,1.35000002384186,MFN_FALLBACK,MFN,,,,4.0,H5,True,126790.96,0.000987758090863312,aveestimated
ESP,Spain,KOR,"Korea, Rep.",2011,850231,HS850231 wind-powered generating sets,0.0,0.0,1.35000002384186,BILATERAL_TRAINS,PREF,2.0,1.0,1.0,2.0,H3,True,20.644,4.0826452899981577e-07,aveestimated
ESP,Spain,KOR,"Korea, Rep.",2017,850231,HS850231 wind-powered generating sets,0.0,0.0,1.35000002384186,BILATERAL_TRAINS,PREF,2.0,1.0,1.0,2.0,H5,True,3653.332,4.7112573637378584e-05,aveestimated
ESP,Spain,KOR,"Korea, Rep.",2022,850231,HS850231 wind-powered generating sets,2.70000004768372,,2.70000004768372,MFN_FALLBACK,MFN,,,,1.0,H6,True,2529.16,2.3579413388517098e-05,aveestimated
ESP,Spain,MAR,Morocco,2011,850231,HS850231 wind-powered generating sets,0.0,0.0,1.35000002384186,BILATERAL_TRAINS,PREF,2.0,1.0,1.0,2.0,H3,True,367818.307,0.007274131363343569,aveestimated
ESP,Spain,MAR,Morocco,2020,850231,HS850231 wind-powered generating sets,1.35000002384186,,1.35000002384186,MFN_FALLBACK,MFN,,,,4.0,H5,True,3659751.944,0.02851109884520737,aveestimated
ESP,Spain,MEX,Mexico,2011,850231,HS850231 wind-powered generating sets,0.0,0.0,1.35000002384186,BILATERAL_TRAINS,PREF,2.0,1.0,1.0,2.0,H3,True,31042.722,0.0006139140804205687,aveestimated
ESP,Spain,MEX,Mexico,2014,850231,HS850231 wind-powered generating sets,0.0,0.0,1.35000002384186,BILATERAL_TRAINS,PREF,2.0,1.0,1.0,2.0,H4,True,23957.098,0.0021608959817443637,aveestimated
ESP,Spain,MEX,Mexico,2015,850231,HS850231 wind-powered generating sets,0.0,0.0,1.35000002384186,BILATERAL_TRAINS,PREF,2.0,1.0,1.0,2.0,H4,True,60762.454,0.003635060676916068,aveestimated
ESP,Spain,MEX,Mexico,2016,850231,HS850231 wind-powered generating sets,0.0,0.0,1.35000002384186,BILATERAL_TRAINS,PREF,2.0,1.0,1.0,2.0,H4,True,17234.773,0.0006907418875721825,aveestimated
ESP,Spain,MEX,Mexico,2017,850231,HS850231 wind-powered generating sets,0.0,0.0,1.35000002384186,BILATERAL_TRAINS,PREF,2.0,1.0,1.0,2.0,H5,True,4316.274,5.566172925540374e-05,aveestimated
ESP,Spain,MEX,Mexico,2018,850231,HS850231 wind-powered generating sets,1.35000002384186,,1.35000002384186,MFN_FALLBACK,MFN,,,,2.0,H5,True,5758.052,3.6104275495052645e-05,aveestimated
ESP,Spain,MEX,Mexico,2020,850231,HS850231 wind-powered generating sets,1.35000002384186,,1.35000002384186,MFN_FALLBACK,MFN,,,,4.0,H5,True,707660.823,0.0055129932252681105,aveestimated
ESP,Spain,MEX,Mexico,2021,850231,HS850231 wind-powered generating sets,1.35000002384186,,1.35000002384186,MFN_FALLBACK,MFN,,,,4.0,H5,True,1213.397,1.7815702948882223e-05,aveestimated
ESP,Spain,MEX,Mexico,2022,850231,HS850231 wind-powered generating sets,2.70000004768372,,2.70000004768372,MFN_FALLBACK,MFN,,,,1.0,H6,True,38214.071,0.00035627061054545507,aveestimated
ESP,Spain,MEX,Mexico,2023,850231,HS850231 wind-powered generating sets,2.70000004768372,,2.70000004768372,MFN_FALLBACK,MFN,,,,1.0,H6,True,12330.139,0.0002575990010729043,aveestimated
ESP,Spain,MEX,Mexico,2024,850231,HS850231 wind-powered generating sets,,,,MISSING,,,,,,,True,115.843,1.1571147615720689e-06,aveestimated
ESP,Spain,MYS,Malaysia,2018,850231,HS850231 wind-powered generating sets,1.35000002384186,,1.35000002384186,MFN_FALLBACK,MFN,,,,2.0,H5,True,176.774,1.1084125666740137e-06,aveestimated
ESP,Spain,NLD,,2011,850231,HS850231 wind-powered generating sets,1.35000002384186,,1.35000002384186,MFN_FALLBACK,MFN,,,,2.0,H3,True,1038041.36,0.020528747671126148,aveestimated
ESP,Spain,NLD,,2015,850231,HS850231 wind-powered generating sets,1.35000002384186,,1.35000002384186,MFN_FALLBACK,MFN,,,,2.0,H4,True,11186.62,0.0006692297593774411,aveestimated
ESP,Spain,NLD,,2018,850231,HS850231 wind-powered generating sets,1.35000002384186,,1.35000002384186,MFN_FALLBACK,MFN,,,,2.0,H5,True,6096.865,3.822870887865274e-05,aveestimated
ESP,Spain,NLD,,2019,850231,HS850231 wind-powered generating sets,1.35000002384186,,1.35000002384186,MFN_FALLBACK,MFN,,,,2.0,H5,True,19801.363,0.00018269315269173284,aveestimated
ESP,Spain,NLD,,2021,850231,HS850231 wind-powered generating sets,1.35000002384186,,1.35000002384186,MFN_FALLBACK,MFN,,,,4.0,H5,True,261231.852,0.0038355369891456504,aveestimated
ESP,Spain,NLD,,2022,850231,HS850231 wind-powered generating sets,2.70000004768372,,2.70000004768372,MFN_FALLBACK,MFN,,,,1.0,H6,True,540440.458,0.005038538080256494,aveestimated
ESP,Spain,NLD,,2023,850231,HS850231 wind-powered generating sets,2.70000004768372,,2.70000004768372,MFN_FALLBACK,MFN,,,,1.0,H6,True,92294.494,0.0019281996301038589,aveestimated
ESP,Spain,NLD,,2024,850231,HS850231 wind-powered generating sets,,,,MISSING,,,,,,,True,244950.034,0.0024467192682249266,aveestimated
ESP,Spain,PER,Peru,2017,850231,HS850231 wind-powered generating sets,0.0,0.0,1.35000002384186,BILATERAL_TRAINS,PREF,2.0,1.0,1.0,2.0,H5,True,2846.209,3.670409125145748e-05,aveestimated
ESP,Spain,POL,Poland,2015,850231,HS850231 wind-powered generating sets,1.35000002384186,,1.35000002384186,MFN_FALLBACK,MFN,,,,2.0,H4,True,68011.478,0.0040687271988182425,aveestimated
ESP,Spain,POL,Poland,2016,850231,HS850231 wind-powered generating sets,1.35000002384186,,1.35000002384186,MFN_FALLBACK,MFN,,,,2.0,H4,True,113.946,4.566771788714588e-06,aveestimated
ESP,Spain,POL,Poland,2017,850231,HS850231 wind-powered generating sets,1.35000002384186,,1.35000002384186,MFN_FALLBACK,MFN,,,,2.0,H5,True,11131.346,0.00014354741318559045,aveestimated
ESP,Spain,POL,Poland,2020,850231,HS850231 wind-powered generating sets,1.35000002384186,,1.35000002384186,MFN_FALLBACK,MFN,,,,4.0,H5,True,10595.399,8.254288072410717e-05,aveestimated
ESP,Spain,POL,Poland,2021,850231,HS850231 wind-powered generating sets,1.35000002384186,,1.35000002384186,MFN_FALLBACK,MFN,,,,4.0,H5,True,4151.56,6.095528481977579e-05,aveestimated
ESP,Spain,POL,Poland,2022,850231,HS850231 wind-powered generating sets,2.70000004768372,,2.70000004768372,MFN_FALLBACK,MFN,,,,1.0,H6,True,298.276,2.7808336000384816e-06,aveestimated
ESP,Spain,POL,Poland,2023,850231,HS850231 wind-powered generating sets,2.70000004768372,,2.70000004768372,MFN_FALLBACK,MFN,,,,1.0,H6,True,2298.799,4.802608681600357e-05,aveestimated
ESP,Spain,POL,Poland,2024,850231,HS850231 wind-powered generating sets,,,,MISSING,,,,,,,True,52069.548,0.0005201043016771441,aveestimated
ESP,Spain,PRT,Portugal,2010,850231,HS850231 wind-powered generating sets,1.35000002384186,,1.35000002384186,MFN_FALLBACK,MFN,,,,2.0,H3,True,683.695,8.49470893693267e-06,aveestimated
ESP,Spain,PRT,Portugal,2011,850231,HS850231 wind-powered generating sets,1.35000002384186,,1.35000002384186,MFN_FALLBACK,MFN,,,,2.0,H3,True,1471877.208,0.029108470018876377,aveestimated
ESP,Spain,PRT,Portugal,2012,850231,HS850231 wind-powered generating sets,1.35000002384186,,1.35000002384186,MFN_FALLBACK,MFN,,,,2.0,H4,True,870180.759,0.017493873625087437,aveestimated
ESP,Spain,PRT,Portugal,2013,850231,HS850231 wind-powered generating sets,1.35000002384186,,1.35000002384186,MFN_FALLBACK,MFN,,,,2.0,H4,True,810.565,0.00024248783456739297,aveestimated
ESP,Spain,PRT,Portugal,2015,850231,HS850231 wind-powered generating sets,1.35000002384186,,1.35000002384186,MFN_FALLBACK,MFN,,,,2.0,H4,True,222.699,1.3322772936203854e-05,aveestimated
ESP,Spain,PRT,Portugal,2016,850231,HS850231 wind-powered generating sets,1.35000002384186,,1.35000002384186,MFN_FALLBACK,MFN,,,,2.0,H4,True,8244016.744,0.3304068865268627,aveestimated
ESP,Spain,PRT,Portugal,2017,850231,HS850231 wind-powered generating sets,1.35000002384186,,1.35000002384186,MFN_FALLBACK,MFN,,,,2.0,H5,True,25834793.225,0.333159865629311,aveestimated
ESP,Spain,PRT,Portugal,2018,850231,HS850231 wind-powered generating sets,1.35000002384186,,1.35000002384186,MFN_FALLBACK,MFN,,,,2.0,H5,True,25110457.362,0.15744819088198944,aveestimated
ESP,Spain,PRT,Portugal,2019,850231,HS850231 wind-powered generating sets,1.35000002384186,,1.35000002384186,MFN_FALLBACK,MFN,,,,2.0,H5,True,488326.033,0.004505438464524749,aveestimated
ESP,Spain,PRT,Portugal,2020,850231,HS850231 wind-powered generating sets,1.35000002384186,,1.35000002384186,MFN_FALLBACK,MFN,,,,4.0,H5,True,7472465.051,0.05821383332706511,aveestimated
ESP,Spain,PRT,Portugal,2021,850231,HS850231 wind-powered generating sets,1.35000002384186,,1.35000002384186,MFN_FALLBACK,MFN,,,,4.0,H5,True,2249941.664,0.03303477125634707,aveestimated
ESP,Spain,PRT,Portugal,2022,850231,HS850231 wind-powered generating sets,2.70000004768372,,2.70000004768372,MFN_FALLBACK,MFN,,,,1.0,H6,True,10660336.937,0.09938655185848312,aveestimated
ESP,Spain,PRT,Portugal,2023,850231,HS850231 wind-powered generating sets,2.70000004768372,,2.70000004768372,MFN_FALLBACK,MFN,,,,1.0,H6,True,8204990.583,0.17141715742161437,aveestimated
ESP,Spain,PRT,Portugal,2024,850231,HS850231 wind-powered generating sets,,,,MISSING,,,,,,,True,28066.756,0.00028034890046909554,aveestimated
ESP,Spain,ROU,,2023,850231,HS850231 wind-powered generating sets,2.70000004768372,,2.70000004768372,MFN_FALLBACK,MFN,,,,1.0,H6,True,29136.783,0.0006087203230456672,aveestimated
ESP,Spain,ROU,,2024,850231,HS850231 wind-powered generating sets,,,,MISSING,,,,,,,True,148287.516,0.00148119155857889,aveestimated
ESP,Spain,SGP,Singapore,2021,850231,HS850231 wind-powered generating sets,1.35000002384186,,1.35000002384186,MFN_FALLBACK,MFN,,,,4.0,H5,True,4881.855,7.167784205788823e-05,aveestimated
ESP,Spain,SVK,Slovak Republic,2024,850231,HS850231 wind-powered generating sets,,,,MISSING,,,,,,,True,20309.389,0.0002028633047349378,aveestimated
ESP,Spain,SVN,Slovenia,2023,850231,HS850231 wind-powered generating sets,2.70000004768372,,2.70000004768372,MFN_FALLBACK,MFN,,,,1.0,H6,True,279.097,5.8308433021269566e-06,aveestimated
ESP,Spain,SWE,Sweden,2010,850231,HS850231 wind-powered generating sets,1.35000002384186,,1.35000002384186,MFN_FALLBACK,MFN,,,,2.0,H3,True,14663.192,0.0001821858403620907,aveestimated
ESP,Spain,SWE,Sweden,2013,850231,HS850231 wind-powered generating sets,1.35000002384186,,1.35000002384186,MFN_FALLBACK,MFN,,,,2.0,H4,True,73.003,2.1839506254184904e-05,aveestimated
ESP,Spain,SWE,Sweden,2024,850231,HS850231 wind-powered generating sets,,,,MISSING,,,,,,,True,44409.362,0.0004435894125859801,aveestimated
ESP,Spain,THA,Thailand,2024,850231,HS850231 wind-powered generating sets,,,,MISSING,,,,,,,True,1250.356,1.2489363922034182e-05,aveestimated
ESP,Spain,TUR,Turkey,2010,850231,HS850231 wind-powered generating sets,0.0,0.0,1.35000002384186,BILATERAL_TRAINS,PREF,2.0,1.0,1.0,2.0,H3,True,51205.859,0.0006362177112171569,aveestimated
ESP,Spain,TUR,Turkey,2011,850231,HS850231 wind-powered generating sets,0.0,0.0,1.35000002384186,BILATERAL_TRAINS,PREF,2.0,1.0,1.0,2.0,H3,True,848138.917,0.016773156145873807,aveestimated
ESP,Spain,TUR,Turkey,2014,850231,HS850231 wind-powered generating sets,0.0,0.0,1.35000002384186,BILATERAL_TRAINS,PREF,2.0,1.0,1.0,2.0,H4,True,184237.274,0.016617938661608152,aveestimated
ESP,Spain,TUR,Turkey,2016,850231,HS850231 wind-powered generating sets,0.0,0.0,1.35000002384186,BILATERAL_TRAINS,PREF,2.0,1.0,1.0,2.0,H4,True,133742.602,0.005360187648209532,aveestimated
ESP,Spain,TUR,Turkey,2019,850231,HS850231 wind-powered generating sets,1.35000002384186,,1.35000002384186,MFN_FALLBACK,MFN,,,,2.0,H5,True,9256.637,8.540443386917072e-05,aveestimated
ESP,Spain,TUR,Turkey,2020,850231,HS850231 wind-powered generating sets,1.35000002384186,,1.35000002384186,MFN_FALLBACK,MFN,,,,4.0,H5,True,49684.975,0.0003870681005222405,aveestimated
ESP,Spain,TUR,Turkey,2021,850231,HS850231 wind-powered generating sets,1.35000002384186,,1.35000002384186,MFN_FALLBACK,MFN,,,,4.0,H5,True,52029.054,0.0007639166495181316,aveestimated
ESP,Spain,TUR,Turkey,2022,850231,HS850231 wind-powered generating sets,2.70000004768372,,2.70000004768372,MFN_FALLBACK,MFN,,,,1.0,H6,True,52604.96,0.0004904371799832381,aveestimated
ESP,Spain,TUR,Turkey,2023,850231,HS850231 wind-powered generating sets,2.70000004768372,,2.70000004768372,MFN_FALLBACK,MFN,,,,1.0,H6,True,1622351.008,0.03389385951370211,aveestimated
ESP,Spain,TUR,Turkey,2024,850231,HS850231 wind-powered generating sets,,,,MISSING,,,,,,,True,5029.8,5.0240893517564225e-05,aveestimated
ESP,Spain,USA,United States,2010,850231,HS850231 wind-powered generating sets,1.35000002384186,,1.35000002384186,MFN_FALLBACK,MFN,,,,2.0,H3,True,157488.6,0.001956749453901249,aveestimated
ESP,Spain,USA,United States,2011,850231,HS850231 wind-powered generating sets,1.35000002384186,,1.35000002384186,MFN_FALLBACK,MFN,,,,2.0,H3,True,6502.153,0.00012858934470208,aveestimated
ESP,Spain,USA,United States,2012,850231,HS850231 wind-powered generating sets,1.35000002384186,,1.35000002384186,MFN_FALLBACK,MFN,,,,2.0,H4,True,14831.133,0.0002981610013039416,aveestimated
ESP,Spain,USA,United States,2013,850231,HS850231 wind-powered generating sets,1.35000002384186,,1.35000002384186,MFN_FALLBACK,MFN,,,,2.0,H4,True,56943.432,0.01703514155991881,aveestimated
ESP,Spain,USA,United States,2014,850231,HS850231 wind-powered generating sets,1.35000002384186,,1.35000002384186,MFN_FALLBACK,MFN,,,,2.0,H4,True,39122.859,0.0035288259374090846,aveestimated
ESP,Spain,USA,United States,2015,850231,HS850231 wind-powered generating sets,1.35000002384186,,1.35000002384186,MFN_FALLBACK,MFN,,,,2.0,H4,True,117151.03,0.00700845792721299,aveestimated
ESP,Spain,USA,United States,2016,850231,HS850231 wind-powered generating sets,1.35000002384186,,1.35000002384186,MFN_FALLBACK,MFN,,,,2.0,H4,True,24209.818,0.0009702904345243767,aveestimated
ESP,Spain,USA,United States,2017,850231,HS850231 wind-powered generating sets,1.35000002384186,,1.35000002384186,MFN_FALLBACK,MFN,,,,2.0,H5,True,13818.439,0.00017819957916256288,aveestimated
ESP,Spain,USA,United States,2018,850231,HS850231 wind-powered generating sets,1.35000002384186,,1.35000002384186,MFN_FALLBACK,MFN,,,,2.0,H5,True,17277.298,0.00010833252752877573,aveestimated
ESP,Spain,USA,United States,2019,850231,HS850231 wind-powered generating sets,1.35000002384186,,1.35000002384186,MFN_FALLBACK,MFN,,,,2.0,H5,True,70447.509,0.0006499692732509992,aveestimated
ESP,Spain,USA,United States,2020,850231,HS850231 wind-powered generating sets,1.35000002384186,,1.35000002384186,MFN_FALLBACK,MFN,,,,4.0,H5,True,627679.988,0.004889906872067113,aveestimated
ESP,Spain,USA,United States,2021,850231,HS850231 wind-powered generating sets,1.35000002384186,,1.35000002384186,MFN_FALLBACK,MFN,,,,4.0,H5,True,1434.664,2.1064455949252522e-05,aveestimated
ESP,Spain,USA,United States,2022,850231,HS850231 wind-powered generating sets,2.70000004768372,,2.70000004768372,MFN_FALLBACK,MFN,,,,1.0,H6,True,239507.065,0.0022329295477966737,aveestimated
ESP,Spain,USA,United States,2023,850231,HS850231 wind-powered generating sets,2.70000004768372,,2.70000004768372,MFN_FALLBACK,MFN,,,,1.0,H6,True,2537.91,5.302154994464658e-05,aveestimated
ESP,Spain,USA,United States,2024,850231,HS850231 wind-powered generating sets,,,,MISSING,,,,,,,True,9300.289,9.289729797041112e-05,aveestimated
ESP,Spain,VNM,Vietnam,2012,850231,HS850231 wind-powered generating sets,1.35000002384186,,1.35000002384186,MFN_FALLBACK,MFN,,,,2.0,H4,True,7284967.206,0.14645496851840908,aveestimated
ESP,Spain,ZAF,South Africa,2010,850231,HS850231 wind-powered generating sets,0.0,0.0,1.35000002384186,BILATERAL_TRAINS,PREF,2.0,1.0,1.0,2.0,H3,True,2707.648,3.36417286416719e-05,aveestimated
ESP,Spain,ZAF,South Africa,2011,850231,HS850231 wind-powered generating sets,0.0,0.0,1.35000002384186,BILATERAL_TRAINS,PREF,2.0,1.0,1.0,2.0,H3,True,5065.34,0.00010017431938209296,aveestimated
ESP,Spain,ZAF,South Africa,2020,850231,HS850231 wind-powered generating sets,1.35000002384186,,1.35000002384186,MFN_FALLBACK,MFN,,,,4.0,H5,True,352735.18,0.0027479642710894108,aveestimated
FRA,France,ARE,United Arab Emirates,2016,850231,HS850231 wind-powered generating sets,1.35000002384186,,1.35000002384186,MFN_FALLBACK,MFN,,,,2.0,H4,True,459.0,4.929633403247492e-06,aveestimated
FRA,France,ARE,United Arab Emirates,2017,850231,HS850231 wind-powered generating sets,1.35000002384186,,1.35000002384186,MFN_FALLBACK,MFN,,,,2.0,H5,True,244.936,1.628612131737584e-06,aveestimated
FRA,France,ARE,United Arab Emirates,2019,850231,HS850231 wind-powered generating sets,1.35000002384186,,1.35000002384186,MFN_FALLBACK,MFN,,,,2.0,H5,True,1285.349,6.302496961602979e-06,aveestimated
FRA,France,ARE,United Arab Emirates,2022,850231,HS850231 wind-powered generating sets,2.70000004768372,,2.70000004768372,MFN_FALLBACK,MFN,,,,1.0,H6,True,392.845,2.1463578846736495e-06,aveestimated
FRA,France,ARE,United Arab Emirates,2023,850231,HS850231 wind-powered generating sets,2.70000004768372,,2.70000004768372,MFN_FALLBACK,MFN,,,,1.0,H6,True,216.971,1.943501560333842e-06,aveestimated
FRA,France,AUT,Austria,2019,850231,HS850231 wind-powered generating sets,1.35000002384186,,1.35000002384186,MFN_FALLBACK,MFN,,,,2.0,H5,True,16139.643,7.913807920561403e-05,aveestimated
FRA,France,AUT,Austria,2020,850231,HS850231 wind-powered generating sets,1.35000002384186,,1.35000002384186,MFN_FALLBACK,MFN,,,,4.0,H5,True,1270.992,8.785589748986877e-06,aveestimated
FRA,France,BEL,,2010,850231,HS850231 wind-powered generating sets,1.35000002384186,,1.35000002384186,MFN_FALLBACK,MFN,,,,2.0,H3,True,54345.0,0.00033414301760159907,aveestimated
FRA,France,BEL,,2011,850231,HS850231 wind-powered generating sets,1.35000002384186,,1.35000002384186,MFN_FALLBACK,MFN,,,,2.0,H3,True,46442.0,0.000242592390276528,aveestimated
FRA,France,BEL,,2012,850231,HS850231 wind-powered generating sets,1.35000002384186,,1.35000002384186,MFN_FALLBACK,MFN,,,,2.0,H4,True,48836.0,0.00021591483794611226,aveestimated
FRA,France,BEL,,2013,850231,HS850231 wind-powered generating sets,1.35000002384186,,1.35000002384186,MFN_FALLBACK,MFN,,,,2.0,H4,True,3141.0,0.00011342041970538422,aveestimated
FRA,France,BEL,,2015,850231,HS850231 wind-powered generating sets,1.35000002384186,,1.35000002384186,MFN_FALLBACK,MFN,,,,2.0,H4,True,891.0,1.1790367581978089e-05,aveestimated
FRA,France,BEL,,2023,850231,HS850231 wind-powered generating sets,2.70000004768372,,2.70000004768372,MFN_FALLBACK,MFN,,,,1.0,H6,True,4063723.618,0.03640050141423733,aveestimated
FRA,France,BEL,,2024,850231,HS850231 wind-powered generating sets,,,,MISSING,,,,,,,True,3404.087,2.9840720396118138e-05,aveestimated
FRA,France,BGR,Bulgaria,2024,850231,HS850231 wind-powered generating sets,,,,MISSING,,,,,,,True,545.52,4.782107446281592e-06,aveestimated
FRA,France,BIH,Bosnia and Herzegovina,2014,850231,HS850231 wind-powered generating sets,0.0,0.0,1.35000002384186,BILATERAL_TRAINS,PREF,2.0,1.0,1.0,2.0,H4,True,385127.0,0.0025565610089273486,aveestimated
FRA,France,CAN,Canada,2010,850231,HS850231 wind-powered generating sets,1.35000002384186,,1.35000002384186,MFN_FALLBACK,MFN,,,,2.0,H3,True,19882.0,0.00012224549592335988,aveestimated
FRA,France,CAN,Canada,2011,850231,HS850231 wind-powered generating sets,1.35000002384186,,1.35000002384186,MFN_FALLBACK,MFN,,,,2.0,H3,True,6293.0,3.287183825007947e-05,aveestimated
FRA,France,CAN,Canada,2012,850231,HS850231 wind-powered generating sets,1.35000002384186,,1.35000002384186,MFN_FALLBACK,MFN,,,,2.0,H4,True,2883.0,1.2746385408277534e-05,aveestimated
FRA,France,CAN,Canada,2013,850231,HS850231 wind-powered generating sets,1.35000002384186,,1.35000002384186,MFN_FALLBACK,MFN,,,,2.0,H4,True,2129.0,7.68774509878265e-05,aveestimated
FRA,France,CAN,Canada,2014,850231,HS850231 wind-powered generating sets,1.35000002384186,,1.35000002384186,MFN_FALLBACK,MFN,,,,2.0,H4,True,12405.0,8.234722394364393e-05,aveestimated
FRA,France,CAN,Canada,2019,850231,HS850231 wind-powered generating sets,1.35000002384186,,1.35000002384186,MFN_FALLBACK,MFN,,,,2.0,H5,True,58359.112,0.00028615428654929357,aveestimated
FRA,France,CAN,Canada,2022,850231,HS850231 wind-powered generating sets,2.70000004768372,,2.70000004768372,MFN_FALLBACK,MFN,,,,1.0,H6,True,84281.629,0.0004604832413223773,aveestimated
FRA,France,CAN,Canada,2024,850231,HS850231 wind-powered generating sets,,,,MISSING,,,,,,,True,312.808,2.742120300000829e-06,aveestimated
FRA,France,CHE,Switzerland,2010,850231,HS850231 wind-powered generating sets,0.0,0.0,1.35000002384186,BILATERAL_TRAINS,PREF,2.0,1.0,1.0,2.0,H3,True,3976.0,2.4446639764172563e-05,aveestimated
FRA,France,CHE,Switzerland,2012,850231,HS850231 wind-powered generating sets,0.0,0.0,1.35000002384186,BILATERAL_TRAINS,PREF,2.0,1.0,1.0,2.0,H4,True,6148.0,2.718167793620891e-05,aveestimated
FRA,France,CHE,Switzerland,2013,850231,HS850231 wind-powered generating sets,0.0,0.0,1.35000002384186,BILATERAL_TRAINS,PREF,2.0,1.0,1.0,2.0,H4,True,241549.0,0.008722250544226633,aveestimated
FRA,France,CHE,Switzerland,2014,850231,HS850231 wind-powered generating sets,0.0,0.0,1.35000002384186,BILATERAL_TRAINS,PREF,2.0,1.0,1.0,2.0,H4,True,77321.0,0.0005132744621157995,aveestimated
FRA,France,CHE,Switzerland,2022,850231,HS850231 wind-powered generating sets,2.70000004768372,,2.70000004768372,MFN_FALLBACK,MFN,,,,1.0,H6,True,932.874,5.09687399688693e-06,aveestimated
FRA,France,CHE,Switzerland,2024,850231,HS850231 wind-powered generating sets,,,,MISSING,,,,,,,True,22.73,1.9925447692839967e-07,aveestimated
FRA,France,CHN,China,2010,850231,HS850231 wind-powered generating sets,1.35000002384186,,1.35000002384186,MFN_FALLBACK,MFN,,,,2.0,H3,True,548747.0,0.003373999051979477,aveestimated
FRA,France,CHN,China,2011,850231,HS850231 wind-powered generating sets,1.35000002384186,,1.35000002384186,MFN_FALLBACK,MFN,,,,2.0,H3,True,2074254.0,0.010834982039977807,aveestimated
FRA,France,CHN,China,2012,850231,HS850231 wind-powered generating sets,1.35000002384186,,1.35000002384186,MFN_FALLBACK,MFN,,,,2.0,H4,True,6775446.0,0.02995575651369143,aveestimated
FRA,France,CHN,China,2013,850231,HS850231 wind-powered generating sets,1.35000002384186,,1.35000002384186,MFN_FALLBACK,MFN,,,,2.0,H4,True,2347597.0,0.08477091277908338,aveestimated
FRA,France,CHN,China,2014,850231,HS850231 wind-powered generating sets,1.35000002384186,,1.35000002384186,MFN_FALLBACK,MFN,,,,2.0,H4,True,388668.0,0.0025800669758749054,aveestimated
FRA,France,CHN,China,2015,850231,HS850231 wind-powered generating sets,1.35000002384186,,1.35000002384186,MFN_FALLBACK,MFN,,,,2.0,H4,True,3432731.0,0.04542442233451316,aveestimated
FRA,France,CHN,China,2016,850231,HS850231 wind-powered generating sets,1.35000002384186,,1.35000002384186,MFN_FALLBACK,MFN,,,,2.0,H4,True,313948.0,0.0033717833282848448,aveestimated
FRA,France,CHN,China,2017,850231,HS850231 wind-powered generating sets,1.35000002384186,,1.35000002384186,MFN_FALLBACK,MFN,,,,2.0,H5,True,255957.801,0.0017018975565922293,aveestimated
FRA,France,CHN,China,2018,850231,HS850231 wind-powered generating sets,1.35000002384186,,1.35000002384186,MFN_FALLBACK,MFN,,,,2.0,H5,True,39227871.949,0.2931717662605779,aveestimated
FRA,France,CHN,China,2019,850231,HS850231 wind-powered generating sets,1.35000002384186,,1.35000002384186,MFN_FALLBACK,MFN,,,,2.0,H5,True,103504762.577,0.5075185429427963,aveestimated
FRA,France,CHN,China,2020,850231,HS850231 wind-powered generating sets,1.35000002384186,,1.35000002384186,MFN_FALLBACK,MFN,,,,4.0,H5,True,43900733.315,0.30345889870689247,aveestimated
FRA,France,CHN,China,2021,850231,HS850231 wind-powered generating sets,1.35000002384186,,1.35000002384186,MFN_FALLBACK,MFN,,,,4.0,H5,True,10860888.511,0.08321193117111894,aveestimated
FRA,France,CHN,China,2022,850231,HS850231 wind-powered generating sets,2.70000004768372,,2.70000004768372,MFN_FALLBACK,MFN,,,,1.0,H6,True,62010240.197,0.3388007177826823,aveestimated
FRA,France,CHN,China,2023,850231,HS850231 wind-powered generating sets,2.70000004768372,,2.70000004768372,MFN_FALLBACK,MFN,,,,1.0,H6,True,72455.146,0.0006490115697729943,aveestimated
FRA,France,CHN,China,2024,850231,HS850231 wind-powered generating sets,,,,MISSING,,,,,,,True,10621131.024,0.09310637512429028,aveestimated
FRA,France,CZE,Czech Republic,2019,850231,HS850231 wind-powered generating sets,1.35000002384186,,1.35000002384186,MFN_FALLBACK,MFN,,,,2.0,H5,True,11980.172,5.8742798749196594e-05,aveestimated
FRA,France,CZE,Czech Republic,2022,850231,HS850231 wind-powered generating sets,2.70000004768372,,2.70000004768372,MFN_FALLBACK,MFN,,,,1.0,H6,True,2546107.834,0.01391097920231961,aveestimated
FRA,France,CZE,Czech Republic,2023,850231,HS850231 wind-powered generating sets,2.70000004768372,,2.70000004768372,MFN_FALLBACK,MFN,,,,1.0,H6,True,729754.394,0.006536720591228678,aveestimated
FRA,France,DEU,Germany,2010,850231,HS850231 wind-powered generating sets,1.35000002384186,,1.35000002384186,MFN_FALLBACK,MFN,,,,2.0,H3,True,116290680.0,0.7150192057069082,aveestimated
FRA,France,DEU,Germany,2011,850231,HS850231 wind-powered generating sets,1.35000002384186,,1.35000002384186,MFN_FALLBACK,MFN,,,,2.0,H3,True,161200367.0,0.8420391530076987,aveestimated
FRA,France,DEU,Germany,2012,850231,HS850231 wind-powered generating sets,1.35000002384186,,1.35000002384186,MFN_FALLBACK,MFN,,,,2.0,H4,True,138735870.0,0.6133821952732185,aveestimated
FRA,France,DEU,Germany,2013,850231,HS850231 wind-powered generating sets,1.35000002384186,,1.35000002384186,MFN_FALLBACK,MFN,,,,2.0,H4,True,15658574.0,0.5654256717821767,aveestimated
FRA,France,DEU,Germany,2014,850231,HS850231 wind-powered generating sets,1.35000002384186,,1.35000002384186,MFN_FALLBACK,MFN,,,,2.0,H4,True,80612046.0,0.535121177308934,aveestimated
FRA,France,DEU,Germany,2015,850231,HS850231 wind-powered generating sets,1.35000002384186,,1.35000002384186,MFN_FALLBACK,MFN,,,,2.0,H4,True,48724916.0,0.6447639394399612,aveestimated
FRA,France,DEU,Germany,2016,850231,HS850231 wind-powered generating sets,1.35000002384186,,1.35000002384186,MFN_FALLBACK,MFN,,,,2.0,H4,True,57601204.0,0.6186335932585469,aveestimated
FRA,France,DEU,Germany,2017,850231,HS850231 wind-powered generating sets,1.35000002384186,,1.35000002384186,MFN_FALLBACK,MFN,,,,2.0,H5,True,77261338.246,0.5137209425389351,aveestimated
FRA,France,DEU,Germany,2018,850231,HS850231 wind-powered generating sets,1.35000002384186,,1.35000002384186,MFN_FALLBACK,MFN,,,,2.0,H5,True,27264210.789,0.2037606537286455,aveestimated
FRA,France,DEU,Germany,2019,850231,HS850231 wind-powered generating sets,1.35000002384186,,1.35000002384186,MFN_FALLBACK,MFN,,,,2.0,H5,True,17546244.957,0.0860351200561358,aveestimated
FRA,France,DEU,Germany,2020,850231,HS850231 wind-powered generating sets,1.35000002384186,,1.35000002384186,MFN_FALLBACK,MFN,,,,4.0,H5,True,62820810.057,0.4342418086501181,aveestimated
FRA,France,DEU,Germany,2021,850231,HS850231 wind-powered generating sets,1.35000002384186,,1.35000002384186,MFN_FALLBACK,MFN,,,,4.0,H5,True,51588737.225,0.3952529709538828,aveestimated
FRA,France,DEU,Germany,2022,850231,HS850231 wind-powered generating sets,2.70000004768372,,2.70000004768372,MFN_FALLBACK,MFN,,,,1.0,H6,True,13213920.442,0.07219591016339018,aveestimated
FRA,France,DEU,Germany,2023,850231,HS850231 wind-powered generating sets,2.70000004768372,,2.70000004768372,MFN_FALLBACK,MFN,,,,1.0,H6,True,9940884.375,0.08904473083458532,aveestimated
FRA,France,DEU,Germany,2024,850231,HS850231 wind-powered generating sets,,,,MISSING,,,,,,,True,3075444.45,0.026959792134056308,aveestimated
FRA,France,DNK,Denmark,2010,850231,HS850231 wind-powered generating sets,1.35000002384186,,1.35000002384186,MFN_FALLBACK,MFN,,,,2.0,H3,True,21436931.0,0.13180606886479465,aveestimated
FRA,France,DNK,Denmark,2011,850231,HS850231 wind-powered generating sets,1.35000002384186,,1.35000002384186,MFN_FALLBACK,MFN,,,,2.0,H3,True,118746.0,0.0006202763872308814,aveestimated
FRA,France,DNK,Denmark,2012,850231,HS850231 wind-powered generating sets,1.35000002384186,,1.35000002384186,MFN_FALLBACK,MFN,,,,2.0,H4,True,17120768.0,0.07569473028571105,aveestimated
FRA,France,DNK,Denmark,2013,850231,HS850231 wind-powered generating sets,1.35000002384186,,1.35000002384186,MFN_FALLBACK,MFN,,,,2.0,H4,True,1716701.0,0.06198947721383407,aveestimated
FRA,France,DNK,Denmark,2014,850231,HS850231 wind-powered generating sets,1.35000002384186,,1.35000002384186,MFN_FALLBACK,MFN,,,,2.0,H4,True,45455557.0,0.3017443717663903,aveestimated
FRA,France,DNK,Denmark,2015,850231,HS850231 wind-powered generating sets,1.35000002384186,,1.35000002384186,MFN_FALLBACK,MFN,,,,2.0,H4,True,12229449.0,0.16182906737941005,aveestimated
FRA,France,DNK,Denmark,2016,850231,HS850231 wind-powered generating sets,1.35000002384186,,1.35000002384186,MFN_FALLBACK,MFN,,,,2.0,H4,True,22546589.0,0.2421490593980228,aveestimated
FRA,France,DNK,Denmark,2017,850231,HS850231 wind-powered generating sets,1.35000002384186,,1.35000002384186,MFN_FALLBACK,MFN,,,,2.0,H5,True,50473948.259,0.33560801381300626,aveestimated
FRA,France,DNK,Denmark,2018,850231,HS850231 wind-powered generating sets,1.35000002384186,,1.35000002384186,MFN_FALLBACK,MFN,,,,2.0,H5,True,50393605.276,0.37661951905550456,aveestimated
FRA,France,DNK,Denmark,2019,850231,HS850231 wind-powered generating sets,1.35000002384186,,1.35000002384186,MFN_FALLBACK,MFN,,,,2.0,H5,True,55661176.629,0.27292540514951136,aveestimated
FRA,France,DNK,Denmark,2020,850231,HS850231 wind-powered generating sets,1.35000002384186,,1.35000002384186,MFN_FALLBACK,MFN,,,,4.0,H5,True,14905190.279,0.10303045725062096,aveestimated
FRA,France,DNK,Denmark,2021,850231,HS850231 wind-powered generating sets,1.35000002384186,,1.35000002384186,MFN_FALLBACK,MFN,,,,4.0,H5,True,3041443.237,0.023302362881433066,aveestimated
FRA,France,DNK,Denmark,2022,850231,HS850231 wind-powered generating sets,2.70000004768372,,2.70000004768372,MFN_FALLBACK,MFN,,,,1.0,H6,True,1170639.481,0.006395935496581651,aveestimated
FRA,France,DNK,Denmark,2023,850231,HS850231 wind-powered generating sets,2.70000004768372,,2.70000004768372,MFN_FALLBACK,MFN,,,,1.0,H6,True,5052159.477,0.04525434194710311,aveestimated
FRA,France,DNK,Denmark,2024,850231,HS850231 wind-powered generating sets,,,,MISSING,,,,,,,True,19413529.388,0.17018181449802267,aveestimated
FRA,France,ESP,Spain,2010,850231,HS850231 wind-powered generating sets,1.35000002384186,,1.35000002384186,MFN_FALLBACK,MFN,,,,2.0,H3,True,23149447.0,0.14233556125472968,aveestimated
FRA,France,ESP,Spain,2011,850231,HS850231 wind-powered generating sets,1.35000002384186,,1.35000002384186,MFN_FALLBACK,MFN,,,,2.0,H3,True,27090956.0,0.14151112723216588,aveestimated
FRA,France,ESP,Spain,2012,850231,HS850231 wind-powered generating sets,1.35000002384186,,1.35000002384186,MFN_FALLBACK,MFN,,,,2.0,H4,True,35764679.0,0.15812361517077003,aveestimated
FRA,France,ESP,Spain,2013,850231,HS850231 wind-powered generating sets,1.35000002384186,,1.35000002384186,MFN_FALLBACK,MFN,,,,2.0,H4,True,5229451.0,0.1888336603784595,aveestimated
FRA,France,ESP,Spain,2014,850231,HS850231 wind-powered generating sets,1.35000002384186,,1.35000002384186,MFN_FALLBACK,MFN,,,,2.0,H4,True,22879337.0,0.15187826582999586,aveestimated
FRA,France,ESP,Spain,2015,850231,HS850231 wind-powered generating sets,1.35000002384186,,1.35000002384186,MFN_FALLBACK,MFN,,,,2.0,H4,True,9656440.0,0.12778111911707798,aveestimated
FRA,France,ESP,Spain,2016,850231,HS850231 wind-powered generating sets,1.35000002384186,,1.35000002384186,MFN_FALLBACK,MFN,,,,2.0,H4,True,12138475.0,0.13036651813613204,aveestimated
FRA,France,ESP,Spain,2017,850231,HS850231 wind-powered generating sets,1.35000002384186,,1.35000002384186,MFN_FALLBACK,MFN,,,,2.0,H5,True,5279392.498,0.035103384845213394,aveestimated
FRA,France,ESP,Spain,2018,850231,HS850231 wind-powered generating sets,1.35000002384186,,1.35000002384186,MFN_FALLBACK,MFN,,,,2.0,H5,True,6570287.766,0.049103425026541365,aveestimated
FRA,France,ESP,Spain,2019,850231,HS850231 wind-powered generating sets,1.35000002384186,,1.35000002384186,MFN_FALLBACK,MFN,,,,2.0,H5,True,7686240.971,0.037688215703187096,aveestimated
FRA,France,ESP,Spain,2020,850231,HS850231 wind-powered generating sets,1.35000002384186,,1.35000002384186,MFN_FALLBACK,MFN,,,,4.0,H5,True,108325.254,0.000748786177331407,aveestimated
FRA,France,ESP,Spain,2021,850231,HS850231 wind-powered generating sets,1.35000002384186,,1.35000002384186,MFN_FALLBACK,MFN,,,,4.0,H5,True,5570593.107,0.04267973193284477,aveestimated
FRA,France,ESP,Spain,2022,850231,HS850231 wind-powered generating sets,2.70000004768372,,2.70000004768372,MFN_FALLBACK,MFN,,,,1.0,H6,True,3985116.456,0.02177318312993244,aveestimated
FRA,France,ESP,Spain,2023,850231,HS850231 wind-powered generating sets,2.70000004768372,,2.70000004768372,MFN_FALLBACK,MFN,,,,1.0,H6,True,4328643.809,0.0387735042790093,aveestimated
FRA,France,ESP,Spain,2024,850231,HS850231 wind-powered generating sets,,,,MISSING,,,,,,,True,5139261.486,0.045051511623018035,aveestimated
FRA,France,EST,Estonia,2015,850231,HS850231 wind-powered generating sets,1.35000002384186,,1.35000002384186,MFN_FALLBACK,MFN,,,,2.0,H4,True,203598.0,0.002694158539793013,aveestimated
FRA,France,FIN,Finland,2012,850231,HS850231 wind-powered generating sets,1.35000002384186,,1.35000002384186,MFN_FALLBACK,MFN,,,,2.0,H4,True,25846519.0,0.11427321978368646,aveestimated
FRA,France,FIN,Finland,2015,850231,HS850231 wind-powered generating sets,1.35000002384186,,1.35000002384186,MFN_FALLBACK,MFN,,,,2.0,H4,True,101619.0,0.001344697377455703,aveestimated
FRA,France,FIN,Finland,2016,850231,HS850231 wind-powered generating sets,1.35000002384186,,1.35000002384186,MFN_FALLBACK,MFN,,,,2.0,H4,True,141568.0,0.0015204321168430087,aveestimated
FRA,France,FIN,Finland,2017,850231,HS850231 wind-powered generating sets,1.35000002384186,,1.35000002384186,MFN_FALLBACK,MFN,,,,2.0,H5,True,474707.951,0.003156396479206366,aveestimated
FRA,France,FIN,Finland,2018,850231,HS850231 wind-powered generating sets,1.35000002384186,,1.35000002384186,MFN_FALLBACK,MFN,,,,2.0,H5,True,96310.598,0.0007197828156975072,aveestimated
FRA,France,FIN,Finland,2022,850231,HS850231 wind-powered generating sets,2.70000004768372,,2.70000004768372,MFN_FALLBACK,MFN,,,,1.0,H6,True,69468.944,0.00037955228065611685,aveestimated
FRA,France,GBR,United Kingdom,2010,850231,HS850231 wind-powered generating sets,1.35000002384186,,1.35000002384186,MFN_FALLBACK,MFN,,,,2.0,H3,True,271723.0,0.0016707027909054982,aveestimated
FRA,France,GBR,United Kingdom,2011,850231,HS850231 wind-powered generating sets,1.35000002384186,,1.35000002384186,MFN_FALLBACK,MFN,,,,2.0,H3,True,189658.0,0.0009906891941575675,aveestimated
FRA,France,GBR,United Kingdom,2012,850231,HS850231 wind-powered generating sets,1.35000002384186,,1.35000002384186,MFN_FALLBACK,MFN,,,,2.0,H4,True,168017.0,0.0007428405956096311,aveestimated
FRA,France,GBR,United Kingdom,2013,850231,HS850231 wind-powered generating sets,1.35000002384186,,1.35000002384186,MFN_FALLBACK,MFN,,,,2.0,H4,True,87205.0,0.0031489422796587177,aveestimated
FRA,France,GBR,United Kingdom,2014,850231,HS850231 wind-powered generating sets,1.35000002384186,,1.35000002384186,MFN_FALLBACK,MFN,,,,2.0,H4,True,105578.0,0.0007008508834761821,aveestimated
FRA,France,GBR,United Kingdom,2015,850231,HS850231 wind-powered generating sets,1.35000002384186,,1.35000002384186,MFN_FALLBACK,MFN,,,,2.0,H4,True,67968.0,0.0008994025856474599,aveestimated
FRA,France,GBR,United Kingdom,2016,850231,HS850231 wind-powered generating sets,1.35000002384186,,1.35000002384186,MFN_FALLBACK,MFN,,,,2.0,H4,True,51492.0,0.0005530210962963396,aveestimated
FRA,France,GBR,United Kingdom,2017,850231,HS850231 wind-powered generating sets,1.35000002384186,,1.35000002384186,MFN_FALLBACK,MFN,,,,2.0,H5,True,34305.671,0.00022810298191363546,aveestimated
FRA,France,GBR,United Kingdom,2018,850231,HS850231 wind-powered generating sets,1.35000002384186,,1.35000002384186,MFN_FALLBACK,MFN,,,,2.0,H5,True,30705.073,0.00022947613615832295,aveestimated
FRA,France,GBR,United Kingdom,2019,850231,HS850231 wind-powered generating sets,1.35000002384186,,1.35000002384186,MFN_FALLBACK,MFN,,,,2.0,H5,True,9950.261,4.878946474432751e-05,aveestimated
FRA,France,GBR,United Kingdom,2020,850231,HS850231 wind-powered generating sets,1.35000002384186,,1.35000002384186,MFN_FALLBACK,MFN,,,,4.0,H5,True,9151.229,6.32568448054995e-05,aveestimated
FRA,France,GBR,United Kingdom,2021,850231,HS850231 wind-powered generating sets,1.35000002384186,,1.35000002384186,MFN_FALLBACK,MFN,,,,4.0,H5,True,26350.322,0.0002018859855139914,aveestimated
FRA,France,GBR,United Kingdom,2022,850231,HS850231 wind-powered generating sets,2.70000004768372,,2.70000004768372,MFN_FALLBACK,MFN,,,,1.0,H6,True,70538.413,0.0003853954585521421,aveestimated
FRA,France,GBR,United Kingdom,2023,850231,HS850231 wind-powered generating sets,2.70000004768372,,2.70000004768372,MFN_FALLBACK,MFN,,,,1.0,H6,True,216084.329,0.001935559270940316,aveestimated
FRA,France,GBR,United Kingdom,2024,850231,HS850231 wind-powered generating sets,,,,MISSING,,,,,,,True,39475.498,0.00034604794128808127,aveestimated
FRA,France,GRC,,2015,850231,HS850231 wind-powered generating sets,1.35000002384186,,1.35000002384186,MFN_FALLBACK,MFN,,,,2.0,H4,True,2683.0,3.550343010375669e-05,aveestimated
FRA,France,GRC,,2019,850231,HS850231 wind-powered generating sets,1.35000002384186,,1.35000002384186,MFN_FALLBACK,MFN,,,,2.0,H5,True,2526293.572,0.012387264129545468,aveestimated
FRA,France,HKG,"Hong Kong, China",2011,850231,HS850231 wind-powered generating sets,1.35000002384186,,1.35000002384186,MFN_FALLBACK,MFN,,,,2.0,H3,True,58671.0,0.00030647125726528086,aveestimated
FRA,France,HKG,"Hong Kong, China",2012,850231,HS850231 wind-powered generating sets,1.35000002384186,,1.35000002384186,MFN_FALLBACK,MFN,,,,2.0,H4,True,4463.0,1.9731917473861476e-05,aveestimated
FRA,France,HKG,"Hong Kong, China",2013,850231,HS850231 wind-powered generating sets,1.35000002384186,,1.35000002384186,MFN_FALLBACK,MFN,,,,2.0,H4,True,745.0,2.690169139780683e-05,aveestimated
FRA,France,HKG,"Hong Kong, China",2015,850231,HS850231 wind-powered generating sets,1.35000002384186,,1.35000002384186,MFN_FALLBACK,MFN,,,,2.0,H4,True,1034.0,1.368264879883877e-05,aveestimated
FRA,France,HKG,"Hong Kong, China",2016,850231,HS850231 wind-powered generating sets,1.35000002384186,,1.35000002384186,MFN_FALLBACK,MFN,,,,2.0,H4,True,2205.0,2.368157223128697e-05,aveestimated
FRA,France,HKG,"Hong Kong, China",2017,850231,HS850231 wind-powered generating sets,1.35000002384186,,1.35000002384186,MFN_FALLBACK,MFN,,,,2.0,H5,True,259.609,1.7261748657129308e-06,aveestimated
FRA,France,HKG,"Hong Kong, China",2019,850231,HS850231 wind-powered generating sets,1.35000002384186,,1.35000002384186,MFN_FALLBACK,MFN,,,,2.0,H5,True,3183.143,1.5608017033387657e-05,aveestimated
FRA,France,HKG,"Hong Kong, China",2020,850231,HS850231 wind-powered generating sets,1.35000002384186,,1.35000002384186,MFN_FALLBACK,MFN,,,,4.0,H5,True,394.538,2.7271997057304723e-06,aveestimated
FRA,France,HKG,"Hong Kong, China",2022,850231,HS850231 wind-powered generating sets,2.70000004768372,,2.70000004768372,MFN_FALLBACK,MFN,,,,1.0,H6,True,858.752,4.691899161703129e-06,aveestimated
FRA,France,IND,India,2013,850231,HS850231 wind-powered generating sets,1.35000002384186,,1.35000002384186,MFN_FALLBACK,MFN,,,,2.0,H4,True,17018.0,0.0006145140727622505,aveestimated
FRA,France,IND,India,2014,850231,HS850231 wind-powered generating sets,1.35000002384186,,1.35000002384186,MFN_FALLBACK,MFN,,,,2.0,H4,True,17166.0,0.00011395182960230486,aveestimated
FRA,France,IND,India,2015,850231,HS850231 wind-powered generating sets,1.35000002384186,,1.35000002384186,MFN_FALLBACK,MFN,,,,2.0,H4,True,1871.0,2.475844864857576e-05,aveestimated
FRA,France,IND,India,2016,850231,HS850231 wind-powered generating sets,1.35000002384186,,1.35000002384186,MFN_FALLBACK,MFN,,,,2.0,H4,True,2561.0,2.7504991602868904e-05,aveestimated
FRA,France,IND,India,2017,850231,HS850231 wind-powered generating sets,1.35000002384186,,1.35000002384186,MFN_FALLBACK,MFN,,,,2.0,H5,True,8785609.718,0.058416690774105946,aveestimated
FRA,France,IND,India,2018,850231,HS850231 wind-powered generating sets,1.35000002384186,,1.35000002384186,MFN_FALLBACK,MFN,,,,2.0,H5,True,9984415.638,0.07461910682990322,aveestimated
FRA,France,IND,India,2019,850231,HS850231 wind-powered generating sets,1.35000002384186,,1.35000002384186,MFN_FALLBACK,MFN,,,,2.0,H5,True,16280692.06,0.07982969002266602,aveestimated
FRA,France,IND,India,2020,850231,HS850231 wind-powered generating sets,1.35000002384186,,1.35000002384186,MFN_FALLBACK,MFN,,,,4.0,H5,True,21217763.582,0.1466654127031848,aveestimated
FRA,France,IND,India,2021,850231,HS850231 wind-powered generating sets,1.35000002384186,,1.35000002384186,MFN_FALLBACK,MFN,,,,4.0,H5,True,59102180.074,0.452818066901227,aveestimated
FRA,France,IND,India,2022,850231,HS850231 wind-powered generating sets,2.70000004768372,,2.70000004768372,MFN_FALLBACK,MFN,,,,1.0,H6,True,99421934.708,0.5432041987807521,aveestimated
FRA,France,IND,India,2023,850231,HS850231 wind-powered generating sets,2.70000004768372,,2.70000004768372,MFN_FALLBACK,MFN,,,,1.0,H6,True,81557273.551,0.730543198874239,aveestimated
FRA,France,IND,India,2024,850231,HS850231 wind-powered generating sets,,,,MISSING,,,,,,,True,73833594.866,0.6472360019695647,aveestimated
FRA,France,IRL,,2021,850231,HS850231 wind-powered generating sets,1.35000002384186,,1.35000002384186,MFN_FALLBACK,MFN,,,,4.0,H5,True,108565.314,0.0008317854867020572,aveestimated
FRA,France,IRL,,2022,850231,HS850231 wind-powered generating sets,2.70000004768372,,2.70000004768372,MFN_FALLBACK,MFN,,,,1.0,H6,True,41301.651,0.0002256567457238588,aveestimated
FRA,France,IRL,,2023,850231,HS850231 wind-powered generating sets,2.70000004768372,,2.70000004768372,MFN_FALLBACK,MFN,,,,1.0,H6,True,7752.07,6.943858921614947e-05,aveestimated
FRA,France,ISR,Israel,2010,850231,HS850231 wind-powered generating sets,0.0,0.0,1.35000002384186,BILATERAL_TRAINS,PREF,2.0,1.0,1.0,2.0,H3,True,7953.0,4.889942807959366e-05,aveestimated
FRA,France,ITA,Italy,2010,850231,HS850231 wind-powered generating sets,1.35000002384186,,1.35000002384186,MFN_FALLBACK,MFN,,,,2.0,H3,True,55670.0,0.0003422898480059071,aveestimated
FRA,France,ITA,Italy,2011,850231,HS850231 wind-powered generating sets,1.35000002384186,,1.35000002384186,MFN_FALLBACK,MFN,,,,2.0,H3,True,62792.0,0.0003279975317652932,aveestimated
FRA,France,ITA,Italy,2012,850231,HS850231 wind-powered generating sets,1.35000002384186,,1.35000002384186,MFN_FALLBACK,MFN,,,,2.0,H4,True,1285036.0,0.005681430495841599,aveestimated
FRA,France,ITA,Italy,2015,850231,HS850231 wind-powered generating sets,1.35000002384186,,1.35000002384186,MFN_FALLBACK,MFN,,,,2.0,H4,True,944.0,1.2491702578436943e-05,aveestimated
FRA,France,ITA,Italy,2016,850231,HS850231 wind-powered generating sets,1.35000002384186,,1.35000002384186,MFN_FALLBACK,MFN,,,,2.0,H4,True,11441.0,0.00012287567705131713,aveestimated
FRA,France,ITA,Italy,2017,850231,HS850231 wind-powered generating sets,1.35000002384186,,1.35000002384186,MFN_FALLBACK,MFN,,,,2.0,H5,True,4870.495,3.2384570845311606e-05,aveestimated
FRA,France,ITA,Italy,2018,850231,HS850231 wind-powered generating sets,1.35000002384186,,1.35000002384186,MFN_FALLBACK,MFN,,,,2.0,H5,True,590.732,4.41486971436539e-06,aveestimated
FRA,France,ITA,Italy,2019,850231,HS850231 wind-powered generating sets,1.35000002384186,,1.35000002384186,MFN_FALLBACK,MFN,,,,2.0,H5,True,572.137,2.805379476018298e-06,aveestimated
FRA,France,ITA,Italy,2020,850231,HS850231 wind-powered generating sets,1.35000002384186,,1.35000002384186,MFN_FALLBACK,MFN,,,,4.0,H5,True,7869.966,5.440025792017201e-05,aveestimated
FRA,France,ITA,Italy,2021,850231,HS850231 wind-powered generating sets,1.35000002384186,,1.35000002384186,MFN_FALLBACK,MFN,,,,4.0,H5,True,58945.908,0.0004516207706530899,aveestimated
FRA,France,ITA,Italy,2022,850231,HS850231 wind-powered generating sets,2.70000004768372,,2.70000004768372,MFN_FALLBACK,MFN,,,,1.0,H6,True,115767.454,0.0006325099916799094,aveestimated
FRA,France,ITA,Italy,2023,850231,HS850231 wind-powered generating sets,2.70000004768372,,2.70000004768372,MFN_FALLBACK,MFN,,,,1.0,H6,True,170500.846,0.0015272486195816036,aveestimated
FRA,France,ITA,Italy,2024,850231,HS850231 wind-powered generating sets,,,,MISSING,,,,,,,True,500711.366,0.004389308461259766,aveestimated
FRA,France,JPN,Japan,2010,850231,HS850231 wind-powered generating sets,1.35000002384186,,1.35000002384186,MFN_FALLBACK,MFN,,,,2.0,H3,True,62297.0,0.0003830362971299442,aveestimated
FRA,France,JPN,Japan,2011,850231,HS850231 wind-powered generating sets,1.35000002384186,,1.35000002384186,MFN_FALLBACK,MFN,,,,2.0,H3,True,65828.0,0.0003438562479463263,aveestimated
FRA,France,JPN,Japan,2012,850231,HS850231 wind-powered generating sets,1.35000002384186,,1.35000002384186,MFN_FALLBACK,MFN,,,,2.0,H4,True,19366.0,8.562140125449279e-05,aveestimated
FRA,France,JPN,Japan,2015,850231,HS850231 wind-powered generating sets,1.35000002384186,,1.35000002384186,MFN_FALLBACK,MFN,,,,2.0,H4,True,1722.0,2.2786771017021626e-05,aveestimated
FRA,France,JPN,Japan,2016,850231,HS850231 wind-powered generating sets,1.35000002384186,,1.35000002384186,MFN_FALLBACK,MFN,,,,2.0,H4,True,1748.0,1.877341871214949e-05,aveestimated
FRA,France,JPN,Japan,2017,850231,HS850231 wind-powered generating sets,1.35000002384186,,1.35000002384186,MFN_FALLBACK,MFN,,,,2.0,H5,True,2633.341,1.7509435524389967e-05,aveestimated
FRA,France,JPN,Japan,2019,850231,HS850231 wind-powered generating sets,1.35000002384186,,1.35000002384186,MFN_FALLBACK,MFN,,,,2.0,H5,True,2849.49,1.3972004542826946e-05,aveestimated
FRA,France,KOR,"Korea, Rep.",2011,850231,HS850231 wind-powered generating sets,0.0,0.0,1.35000002384186,BILATERAL_TRAINS,PREF,2.0,1.0,1.0,2.0,H3,True,202.0,1.055158322980463e-06,aveestimated
FRA,France,KOR,"Korea, Rep.",2012,850231,HS850231 wind-powered generating sets,0.0,0.0,1.35000002384186,BILATERAL_TRAINS,PREF,2.0,1.0,1.0,2.0,H4,True,62768.0,0.0002775113143623879,aveestimated
FRA,France,KOR,"Korea, Rep.",2013,850231,HS850231 wind-powered generating sets,0.0,0.0,1.35000002384186,BILATERAL_TRAINS,PREF,2.0,1.0,1.0,2.0,H4,True,576.0,2.079916006058622e-05,aveestimated
FRA,France,KOR,"Korea, Rep.",2016,850231,HS850231 wind-powered generating sets,0.0,0.0,1.35000002384186,BILATERAL_TRAINS,PREF,2.0,1.0,1.0,2.0,H4,True,15109.0,0.00016226978450907705,aveestimated
FRA,France,KOR,"Korea, Rep.",2018,850231,HS850231 wind-powered generating sets,1.35000002384186,,1.35000002384186,MFN_FALLBACK,MFN,,,,2.0,H5,True,1474.467,1.1019514268959856e-05,aveestimated
FRA,France,KOR,"Korea, Rep.",2019,850231,HS850231 wind-powered generating sets,1.35000002384186,,1.35000002384186,MFN_FALLBACK,MFN,,,,2.0,H5,True,1392.835,6.829536846035035e-06,aveestimated
FRA,France,KOR,"Korea, Rep.",2020,850231,HS850231 wind-powered generating sets,1.35000002384186,,1.35000002384186,MFN_FALLBACK,MFN,,,,4.0,H5,True,452.208,3.1258371171571954e-06,aveestimated
FRA,France,KOR,"Korea, Rep.",2022,850231,HS850231 wind-powered generating sets,2.70000004768372,,2.70000004768372,MFN_FALLBACK,MFN,,,,1.0,H6,True,40508.55,0.00022132353902734353,aveestimated
FRA,France,KOR,"Korea, Rep.",2023,850231,HS850231 wind-powered generating sets,2.70000004768372,,2.70000004768372,MFN_FALLBACK,MFN,,,,1.0,H6,True,878.786,7.871660093743108e-06,aveestimated
FRA,France,LTU,Lithuania,2024,850231,HS850231 wind-powered generating sets,,,,MISSING,,,,,,,True,182.922,1.6035207843685317e-06,aveestimated
FRA,France,LUX,,2010,850231,HS850231 wind-powered generating sets,1.35000002384186,,1.35000002384186,MFN_FALLBACK,MFN,,,,2.0,H3,True,56995.0,0.0003504366784102151,aveestimated
FRA,France,LUX,,2018,850231,HS850231 wind-powered generating sets,1.35000002384186,,1.35000002384186,MFN_FALLBACK,MFN,,,,2.0,H5,True,2238.875,1.6732361598406405e-05,aveestimated
FRA,France,LUX,,2019,850231,HS850231 wind-powered generating sets,1.35000002384186,,1.35000002384186,MFN_FALLBACK,MFN,,,,2.0,H5,True,862.125,4.227287836239004e-06,aveestimated
FRA,France,LVA,Latvia,2023,850231,HS850231 wind-powered generating sets,2.70000004768372,,2.70000004768372,MFN_FALLBACK,MFN,,,,1.0,H6,True,389.239,3.4865793301537276e-06,aveestimated
FRA,France,MAR,Morocco,2011,850231,HS850231 wind-powered generating sets,0.0,0.0,1.35000002384186,BILATERAL_TRAINS,PREF,2.0,1.0,1.0,2.0,H3,True,365.0,1.9065979598409354e-06,aveestimated
FRA,France,MAR,Morocco,2022,850231,HS850231 wind-powered generating sets,2.70000004768372,,2.70000004768372,MFN_FALLBACK,MFN,,,,1.0,H6,True,13260.366,7.244967128958848e-05,aveestimated
FRA,France,MDG,Madagascar,2019,850231,HS850231 wind-powered generating sets,1.35000002384186,,1.35000002384186,MFN_FALLBACK,MFN,,,,2.0,H5,True,61.58,3.0194737996879557e-07,aveestimated
FRA,France,MLT,Malta,2021,850231,HS850231 wind-powered generating sets,1.35000002384186,,1.35000002384186,MFN_FALLBACK,MFN,,,,4.0,H5,True,968.399,7.419498952831155e-06,aveestimated
FRA,France,MYS,Malaysia,2018,850231,HS850231 wind-powered generating sets,1.35000002384186,,1.35000002384186,MFN_FALLBACK,MFN,,,,2.0,H5,True,829.388,6.198479111776714e-06,aveestimated
FRA,France,NCL,,2023,850231,HS850231 wind-powered generating sets,2.70000004768372,,2.70000004768372,MFN_FALLBACK,MFN,,,,1.0,H6,True,4453.897,3.989545040151089e-05,aveestimated
FRA,France,NLD,,2010,850231,HS850231 wind-powered generating sets,1.35000002384186,,1.35000002384186,MFN_FALLBACK,MFN,,,,2.0,H3,True,1325.0,8.14683040430801e-06,aveestimated
FRA,France,NLD,,2012,850231,HS850231 wind-powered generating sets,1.35000002384186,,1.35000002384186,MFN_FALLBACK,MFN,,,,2.0,H4,True,4147.0,1.833481106074469e-05,aveestimated
FRA,France,NLD,,2013,850231,HS850231 wind-powered generating sets,1.35000002384186,,1.35000002384186,MFN_FALLBACK,MFN,,,,2.0,H4,True,3331.0,0.00012028125375314704,aveestimated
FRA,France,NLD,,2014,850231,HS850231 wind-powered generating sets,1.35000002384186,,1.35000002384186,MFN_FALLBACK,MFN,,,,2.0,H4,True,143.0,9.49266668596621e-07,aveestimated
FRA,France,NLD,,2015,850231,HS850231 wind-powered generating sets,1.35000002384186,,1.35000002384186,MFN_FALLBACK,MFN,,,,2.0,H4,True,6019.0,7.964783667331775e-05,aveestimated
FRA,France,NLD,,2017,850231,HS850231 wind-powered generating sets,1.35000002384186,,1.35000002384186,MFN_FALLBACK,MFN,,,,2.0,H5,True,579549.458,0.003853501642227934,aveestimated
FRA,France,NLD,,2018,850231,HS850231 wind-powered generating sets,1.35000002384186,,1.35000002384186,MFN_FALLBACK,MFN,,,,2.0,H5,True,35772.373,0.00026734689532424547,aveestimated
FRA,France,NLD,,2019,850231,HS850231 wind-powered generating sets,1.35000002384186,,1.35000002384186,MFN_FALLBACK,MFN,,,,2.0,H5,True,6312.543,3.095251412455928e-05,aveestimated
FRA,France,NLD,,2020,850231,HS850231 wind-powered generating sets,1.35000002384186,,1.35000002384186,MFN_FALLBACK,MFN,,,,4.0,H5,True,30187.845,0.00020867009515087803,aveestimated
FRA,France,NLD,,2023,850231,HS850231 wind-powered generating sets,2.70000004768372,,2.70000004768372,MFN_FALLBACK,MFN,,,,1.0,H6,True,120778.565,0.0010818649936276388,aveestimated
FRA,France,NOR,Norway,2018,850231,HS850231 wind-powered generating sets,1.35000002384186,,1.35000002384186,MFN_FALLBACK,MFN,,,,2.0,H5,True,12067.475,9.018697125999858e-05,aveestimated
FRA,France,NRU,Nauru,2019,850231,HS850231 wind-powered generating sets,1.35000002384186,,1.35000002384186,MFN_FALLBACK,MFN,,,,2.0,H5,True,1813.82,8.8937674039461e-06,aveestimated
FRA,France,NZL,New Zealand,2012,850231,HS850231 wind-powered generating sets,1.35000002384186,,1.35000002384186,MFN_FALLBACK,MFN,,,,2.0,H4,True,9999.0,4.4207807040363186e-05,aveestimated
FRA,France,PHL,Philippines,2010,850231,HS850231 wind-powered generating sets,1.35000002384186,,1.35000002384186,MFN_FALLBACK,MFN,,,,2.0,H3,True,9278.0,5.704625848390167e-05,aveestimated
FRA,France,POL,Poland,2010,850231,HS850231 wind-powered generating sets,1.35000002384186,,1.35000002384186,MFN_FALLBACK,MFN,,,,2.0,H3,True,3976.0,2.4446639764172563e-05,aveestimated
FRA,France,POL,Poland,2014,850231,HS850231 wind-powered generating sets,1.35000002384186,,1.35000002384186,MFN_FALLBACK,MFN,,,,2.0,H4,True,3052.0,2.0259873234663548e-05,aveestimated
FRA,France,POL,Poland,2022,850231,HS850231 wind-powered generating sets,2.70000004768372,,2.70000004768372,MFN_FALLBACK,MFN,,,,1.0,H6,True,789.925,4.315854222532634e-06,aveestimated
FRA,France,POL,Poland,2023,850231,HS850231 wind-powered generating sets,2.70000004768372,,2.70000004768372,MFN_FALLBACK,MFN,,,,1.0,H6,True,2376.865,2.129059107531835e-05,aveestimated
FRA,France,PRT,Portugal,2012,850231,HS850231 wind-powered generating sets,1.35000002384186,,1.35000002384186,MFN_FALLBACK,MFN,,,,2.0,H4,True,1802.0,7.967043533026749e-06,aveestimated
FRA,France,PRT,Portugal,2013,850231,HS850231 wind-powered generating sets,1.35000002384186,,1.35000002384186,MFN_FALLBACK,MFN,,,,2.0,H4,True,51806.0,0.001870696677254739,aveestimated
FRA,France,PRT,Portugal,2014,850231,HS850231 wind-powered generating sets,1.35000002384186,,1.35000002384186,MFN_FALLBACK,MFN,,,,2.0,H4,True,88667.0,0.000588591802129067,aveestimated
FRA,France,PRT,Portugal,2015,850231,HS850231 wind-powered generating sets,1.35000002384186,,1.35000002384186,MFN_FALLBACK,MFN,,,,2.0,H4,True,96348.0,0.0012749476271475026,aveestimated
FRA,France,PRT,Portugal,2016,850231,HS850231 wind-powered generating sets,1.35000002384186,,1.35000002384186,MFN_FALLBACK,MFN,,,,2.0,H4,True,74078.0,0.0007955934275506922,aveestimated
FRA,France,PRT,Portugal,2017,850231,HS850231 wind-powered generating sets,1.35000002384186,,1.35000002384186,MFN_FALLBACK,MFN,,,,2.0,H5,True,6778159.657,0.04506888757979415,aveestimated
FRA,France,PRT,Portugal,2018,850231,HS850231 wind-powered generating sets,1.35000002384186,,1.35000002384186,MFN_FALLBACK,MFN,,,,2.0,H5,True,2078.196,1.5531517813349024e-05,aveestimated
FRA,France,PRT,Portugal,2019,850231,HS850231 wind-powered generating sets,1.35000002384186,,1.35000002384186,MFN_FALLBACK,MFN,,,,2.0,H5,True,49838.635,0.0002443755319823176,aveestimated
FRA,France,PRT,Portugal,2020,850231,HS850231 wind-powered generating sets,1.35000002384186,,1.35000002384186,MFN_FALLBACK,MFN,,,,4.0,H5,True,48174.607,0.00033300157154464503,aveestimated
FRA,France,PRT,Portugal,2021,850231,HS850231 wind-powered generating sets,1.35000002384186,,1.35000002384186,MFN_FALLBACK,MFN,,,,4.0,H5,True,60721.469,0.0004652244329660289,aveestimated
FRA,France,PRT,Portugal,2022,850231,HS850231 wind-powered generating sets,2.70000004768372,,2.70000004768372,MFN_FALLBACK,MFN,,,,1.0,H6,True,63591.095,0.0003474379160948493,aveestimated
FRA,France,PRT,Portugal,2023,850231,HS850231 wind-powered generating sets,2.70000004768372,,2.70000004768372,MFN_FALLBACK,MFN,,,,1.0,H6,True,5170547.002,0.04631478937814948,aveestimated
FRA,France,PRT,Portugal,2024,850231,HS850231 wind-powered generating sets,,,,MISSING,,,,,,,True,1434635.769,0.012576225241305212,aveestimated
FRA,France,ROU,,2014,850231,HS850231 wind-powered generating sets,1.35000002384186,,1.35000002384186,MFN_FALLBACK,MFN,,,,2.0,H4,True,325366.0,0.002159853838423833,aveestimated
FRA,France,SGP,Singapore,2014,850231,HS850231 wind-powered generating sets,1.35000002384186,,1.35000002384186,MFN_FALLBACK,MFN,,,,2.0,H4,True,185.0,1.2280722635690552e-06,aveestimated
FRA,France,SGP,Singapore,2018,850231,HS850231 wind-powered generating sets,1.35000002384186,,1.35000002384186,MFN_FALLBACK,MFN,,,,2.0,H5,True,190.216,1.4215902601987483e-06,aveestimated
FRA,France,SLE,Sierra Leone,2022,850231,HS850231 wind-powered generating sets,2.70000004768372,,2.70000004768372,MFN_FALLBACK,MFN,,,,1.0,H6,True,11858.408,6.478989807806407e-05,aveestimated
FRA,France,SLE,Sierra Leone,2023,850231,HS850231 wind-powered generating sets,2.70000004768372,,2.70000004768372,MFN_FALLBACK,MFN,,,,1.0,H6,True,1119.744,1.0030023418680182e-05,aveestimated
FRA,France,SVN,Slovenia,2010,850231,HS850231 wind-powered generating sets,1.35000002384186,,1.35000002384186,MFN_FALLBACK,MFN,,,,2.0,H3,True,192194.0,0.0011817146586608103,aveestimated
FRA,France,SVN,Slovenia,2017,850231,HS850231 wind-powered generating sets,1.35000002384186,,1.35000002384186,MFN_FALLBACK,MFN,,,,2.0,H5,True,3085.964,2.051898621887122e-05,aveestimated
FRA,France,THA,Thailand,2020,850231,HS850231 wind-powered generating sets,1.35000002384186,,1.35000002384186,MFN_FALLBACK,MFN,,,,4.0,H5,True,1749.993,1.2096630475721949e-05,aveestimated
FRA,France,TUR,Turkey,2017,850231,HS850231 wind-powered generating sets,0.0,0.0,1.35000002384186,BILATERAL_TRAINS,PREF,2.0,1.0,1.0,2.0,H5,True,2935.842,1.952080501871808e-05,aveestimated
FRA,France,TUR,Turkey,2018,850231,HS850231 wind-powered generating sets,1.35000002384186,,1.35000002384186,MFN_FALLBACK,MFN,,,,2.0,H5,True,120273.055,0.0008988676218212367,aveestimated
FRA,France,TUR,Turkey,2019,850231,HS850231 wind-powered generating sets,1.35000002384186,,1.35000002384186,MFN_FALLBACK,MFN,,,,2.0,H5,True,8053.587,3.9489436407936875e-05,aveestimated
FRA,France,TUR,Turkey,2020,850231,HS850231 wind-powered generating sets,1.35000002384186,,1.35000002384186,MFN_FALLBACK,MFN,,,,4.0,H5,True,26471.281,0.0001829797630481947,aveestimated
FRA,France,TUR,Turkey,2021,850231,HS850231 wind-powered generating sets,1.35000002384186,,1.35000002384186,MFN_FALLBACK,MFN,,,,4.0,H5,True,26654.905,0.00020421958277044267,aveestimated
FRA,France,TUR,Turkey,2022,850231,HS850231 wind-powered generating sets,2.70000004768372,,2.70000004768372,MFN_FALLBACK,MFN,,,,1.0,H6,True,59895.601,0.00032724712154569085,aveestimated
FRA,France,TUR,Turkey,2023,850231,HS850231 wind-powered generating sets,2.70000004768372,,2.70000004768372,MFN_FALLBACK,MFN,,,,1.0,H6,True,57523.415,0.0005152617022930767,aveestimated
FRA,France,TUR,Turkey,2024,850231,HS850231 wind-powered generating sets,,,,MISSING,,,,,,,True,772.82,6.77465221556559e-06,aveestimated
FRA,France,TZA,Tanzania,2018,850231,HS850231 wind-powered generating sets,1.35000002384186,,1.35000002384186,MFN_FALLBACK,MFN,,,,2.0,H5,True,187.853,1.403930243245129e-06,aveestimated
FRA,France,UKR,Ukraine,2010,850231,HS850231 wind-powered generating sets,1.35000002384186,,1.35000002384186,MFN_FALLBACK,MFN,,,,2.0,H3,True,229307.0,0.0014099058411476656,aveestimated
FRA,France,UKR,Ukraine,2011,850231,HS850231 wind-powered generating sets,1.35000002384186,,1.35000002384186,MFN_FALLBACK,MFN,,,,2.0,H3,True,126034.0,0.0006583456637550478,aveestimated
FRA,France,USA,United States,2010,850231,HS850231 wind-powered generating sets,1.35000002384186,,1.35000002384186,MFN_FALLBACK,MFN,,,,2.0,H3,True,197496.0,0.0012143142773805393,aveestimated
FRA,France,USA,United States,2011,850231,HS850231 wind-powered generating sets,1.35000002384186,,1.35000002384186,MFN_FALLBACK,MFN,,,,2.0,H3,True,150974.0,0.0007886211517507545,aveestimated
FRA,France,USA,United States,2012,850231,HS850231 wind-powered generating sets,1.35000002384186,,1.35000002384186,MFN_FALLBACK,MFN,,,,2.0,H4,True,235062.0,0.001039261480000185,aveestimated
FRA,France,USA,United States,2013,850231,HS850231 wind-powered generating sets,1.35000002384186,,1.35000002384186,MFN_FALLBACK,MFN,,,,2.0,H4,True,2301483.0,0.08310575224603846,aveestimated
FRA,France,USA,United States,2014,850231,HS850231 wind-powered generating sets,1.35000002384186,,1.35000002384186,MFN_FALLBACK,MFN,,,,2.0,H4,True,283174.0,0.0018797737035886682,aveestimated
FRA,France,USA,United States,2015,850231,HS850231 wind-powered generating sets,1.35000002384186,,1.35000002384186,MFN_FALLBACK,MFN,,,,2.0,H4,True,1041930.0,0.013787584393591953,aveestimated
FRA,France,USA,United States,2016,850231,HS850231 wind-powered generating sets,1.35000002384186,,1.35000002384186,MFN_FALLBACK,MFN,,,,2.0,H4,True,209495.0,0.0022499641608133623,aveestimated
FRA,France,USA,United States,2017,850231,HS850231 wind-powered generating sets,1.35000002384186,,1.35000002384186,MFN_FALLBACK,MFN,,,,2.0,H5,True,458539.938,0.0030488932044003313,aveestimated
FRA,France,USA,United States,2018,850231,HS850231 wind-powered generating sets,1.35000002384186,,1.35000002384186,MFN_FALLBACK,MFN,,,,2.0,H5,True,61971.341,0.0004631463955558699,aveestimated
FRA,France,USA,United States,2019,850231,HS850231 wind-powered generating sets,1.35000002384186,,1.35000002384186,MFN_FALLBACK,MFN,,,,2.0,H5,True,564754.264,0.002769179446914672,aveestimated
FRA,France,USA,United States,2020,850231,HS850231 wind-powered generating sets,1.35000002384186,,1.35000002384186,MFN_FALLBACK,MFN,,,,4.0,H5,True,155830.768,0.0010771627185045636,aveestimated
FRA,France,USA,United States,2021,850231,HS850231 wind-powered generating sets,1.35000002384186,,1.35000002384186,MFN_FALLBACK,MFN,,,,4.0,H5,True,74759.761,0.0005727804019349539,aveestimated
FRA,France,USA,United States,2022,850231,HS850231 wind-powered generating sets,2.70000004768372,,2.70000004768372,MFN_FALLBACK,MFN,,,,1.0,H6,True,107250.875,0.0005859785951059527,aveestimated
FRA,France,USA,United States,2023,850231,HS850231 wind-powered generating sets,2.70000004768372,,2.70000004768372,MFN_FALLBACK,MFN,,,,1.0,H6,True,141704.794,0.0012693101301362196,aveestimated
FRA,France,USA,United States,2024,850231,HS850231 wind-powered generating sets,,,,MISSING,,,,,,,True,12203.84,0.00010698063157579768,aveestimated
FRA,France,VNM,Vietnam,2020,850231,HS850231 wind-powered generating sets,1.35000002384186,,1.35000002384186,MFN_FALLBACK,MFN,,,,4.0,H5,True,1433430.837,0.009908430003830772,aveestimated
FRA,France,ZAF,South Africa,2010,850231,HS850231 wind-powered generating sets,0.0,0.0,1.35000002384186,BILATERAL_TRAINS,PREF,2.0,1.0,1.0,2.0,H3,True,47717.0,0.00029339041992631343,aveestimated
FRA,France,ZAF,South Africa,2011,850231,HS850231 wind-powered generating sets,0.0,0.0,1.35000002384186,BILATERAL_TRAINS,PREF,2.0,1.0,1.0,2.0,H3,True,248883.0,0.0013000543014769631,aveestimated
FRA,France,ZAF,South Africa,2012,850231,HS850231 wind-powered generating sets,0.0,0.0,1.35000002384186,BILATERAL_TRAINS,PREF,2.0,1.0,1.0,2.0,H4,True,89960.0,0.0003977332054556528,aveestimated
FRA,France,ZAF,South Africa,2013,850231,HS850231 wind-powered generating sets,0.0,0.0,1.35000002384186,BILATERAL_TRAINS,PREF,2.0,1.0,1.0,2.0,H4,True,32120.0,0.0011598420506007455,aveestimated
FRA,France,ZAF,South Africa,2014,850231,HS850231 wind-powered generating sets,0.0,0.0,1.35000002384186,BILATERAL_TRAINS,PREF,2.0,1.0,1.0,2.0,H4,True,8809.0,5.8476154431242195e-05,aveestimated
GBR,United Kingdom,AUS,Australia,2010,850231,HS850231 wind-powered generating sets,1.35000002384186,,1.35000002384186,MFN_FALLBACK,MFN,,,,2.0,H3,True,6595.0,1.1980108108604565e-05,aveestimated
GBR,United Kingdom,AUS,Australia,2011,850231,HS850231 wind-powered generating sets,1.35000002384186,,1.35000002384186,MFN_FALLBACK,MFN,,,,2.0,H3,True,5283.0,6.471856667605403e-06,aveestimated
GBR,United Kingdom,AUS,Australia,2022,850231,HS850231 wind-powered generating sets,0.0,,0.0,MFN_FALLBACK,MFN,,,,4.0,H6,True,2409.72,5.802300378306579e-06,aveestimated
GBR,United Kingdom,AUS,Australia,2024,850231,HS850231 wind-powered generating sets,,,,MISSING,,,,,,,True,1520.692,2.401639480449405e-06,aveestimated
GBR,United Kingdom,AUT,Austria,2013,850231,HS850231 wind-powered generating sets,1.35000002384186,,1.35000002384186,MFN_FALLBACK,MFN,,,,2.0,H4,True,896.0,1.1885594614755937e-06,aveestimated
GBR,United Kingdom,AUT,Austria,2015,850231,HS850231 wind-powered generating sets,1.35000002384186,,1.35000002384186,MFN_FALLBACK,MFN,,,,2.0,H4,True,26426.0,7.753628430222851e-05,aveestimated
GBR,United Kingdom,AUT,Austria,2017,850231,HS850231 wind-powered generating sets,1.35000002384186,,1.35000002384186,MFN_FALLBACK,MFN,,,,2.0,H5,True,5527.325,7.783422602064384e-06,aveestimated
GBR,United Kingdom,AUT,Austria,2023,850231,HS850231 wind-powered generating sets,0.0,,0.0,MFN_FALLBACK,MFN,,,,4.0,H6,True,68958.753,0.00011746646943986148,aveestimated
GBR,United Kingdom,AUT,Austria,2024,850231,HS850231 wind-powered generating sets,,,,MISSING,,,,,,,True,3098.457,4.893414747808775e-06,aveestimated
GBR,United Kingdom,BEL,,2014,850231,HS850231 wind-powered generating sets,1.35000002384186,,1.35000002384186,MFN_FALLBACK,MFN,,,,2.0,H4,True,10670200.0,0.01797784407207701,aveestimated
GBR,United Kingdom,BEL,,2015,850231,HS850231 wind-powered generating sets,1.35000002384186,,1.35000002384186,MFN_FALLBACK,MFN,,,,2.0,H4,True,28866480.0,0.08469687429367265,aveestimated
GBR,United Kingdom,BEL,,2017,850231,HS850231 wind-powered generating sets,1.35000002384186,,1.35000002384186,MFN_FALLBACK,MFN,,,,2.0,H5,True,65513.613,9.225441532153422e-05,aveestimated
GBR,United Kingdom,BEL,,2018,850231,HS850231 wind-powered generating sets,1.35000002384186,,1.35000002384186,MFN_FALLBACK,MFN,,,,2.0,H5,True,14743.737,3.2698044072529505e-05,aveestimated
GBR,United Kingdom,BEL,,2019,850231,HS850231 wind-powered generating sets,1.35000002384186,,1.35000002384186,MFN_FALLBACK,MFN,,,,2.0,H5,True,4755.297,1.1849076796376336e-05,aveestimated
GBR,United Kingdom,BEL,,2020,850231,HS850231 wind-powered generating sets,1.35000002384186,,1.35000002384186,MFN_FALLBACK,MFN,,,,4.0,H5,True,2983.941,5.871895761568057e-06,aveestimated
GBR,United Kingdom,BEL,,2021,850231,HS850231 wind-powered generating sets,0.0,,0.0,MFN_FALLBACK,MFN,,,,4.0,H5,True,7053.015,3.5877575492572535e-06,aveestimated
GBR,United Kingdom,BIH,Bosnia and Herzegovina,2015,850231,HS850231 wind-powered generating sets,1.35000002384186,,1.35000002384186,MFN_FALLBACK,MFN,,,,2.0,H4,True,61111.0,0.00017930522477838063,aveestimated
GBR,United Kingdom,BRA,Brazil,2022,850231,HS850231 wind-powered generating sets,0.0,,0.0,MFN_FALLBACK,MFN,,,,4.0,H6,True,50001.077,0.00012039625682354647,aveestimated
GBR,United Kingdom,CAN,Canada,2010,850231,HS850231 wind-powered generating sets,1.35000002384186,,1.35000002384186,MFN_FALLBACK,MFN,,,,2.0,H3,True,788978.0,0.0014332133033071435,aveestimated
GBR,United Kingdom,CAN,Canada,2011,850231,HS850231 wind-powered generating sets,1.35000002384186,,1.35000002384186,MFN_FALLBACK,MFN,,,,2.0,H3,True,4558129.0,0.005583864766317536,aveestimated
GBR,United Kingdom,CAN,Canada,2012,850231,HS850231 wind-powered generating sets,1.35000002384186,,1.35000002384186,MFN_FALLBACK,MFN,,,,2.0,H4,True,13462016.0,0.014486080706166133,aveestimated
GBR,United Kingdom,CAN,Canada,2013,850231,HS850231 wind-powered generating sets,1.35000002384186,,1.35000002384186,MFN_FALLBACK,MFN,,,,2.0,H4,True,8470794.0,0.011236654413962823,aveestimated
GBR,United Kingdom,CAN,Canada,2014,850231,HS850231 wind-powered generating sets,1.35000002384186,,1.35000002384186,MFN_FALLBACK,MFN,,,,2.0,H4,True,13891516.0,0.023405325914487355,aveestimated
GBR,United Kingdom,CAN,Canada,2015,850231,HS850231 wind-powered generating sets,1.35000002384186,,1.35000002384186,MFN_FALLBACK,MFN,,,,2.0,H4,True,5085972.0,0.01492270381235048,aveestimated
GBR,United Kingdom,CAN,Canada,2016,850231,HS850231 wind-powered generating sets,1.35000002384186,,1.35000002384186,MFN_FALLBACK,MFN,,,,2.0,H4,True,1928505.0,0.0056856249321563124,aveestimated
GBR,United Kingdom,CAN,Canada,2017,850231,HS850231 wind-powered generating sets,1.35000002384186,,1.35000002384186,MFN_FALLBACK,MFN,,,,2.0,H5,True,284502.604,0.0004006285134888528,aveestimated
GBR,United Kingdom,CAN,Canada,2018,850231,HS850231 wind-powered generating sets,1.35000002384186,,1.35000002384186,MFN_FALLBACK,MFN,,,,2.0,H5,True,40744.823,9.036216653765689e-05,aveestimated
GBR,United Kingdom,CAN,Canada,2019,850231,HS850231 wind-powered generating sets,1.35000002384186,,1.35000002384186,MFN_FALLBACK,MFN,,,,2.0,H5,True,239869.091,0.000597697111313128,aveestimated
GBR,United Kingdom,CAN,Canada,2020,850231,HS850231 wind-powered generating sets,1.35000002384186,,1.35000002384186,MFN_FALLBACK,MFN,,,,4.0,H5,True,31175.045,6.134726343523328e-05,aveestimated
GBR,United Kingdom,CAN,Canada,2023,850231,HS850231 wind-powered generating sets,0.0,,0.0,MFN_FALLBACK,MFN,,,,4.0,H6,True,6494.403,1.1062766629925063e-05,aveestimated
GBR,United Kingdom,CHN,China,2010,850231,HS850231 wind-powered generating sets,1.35000002384186,,1.35000002384186,MFN_FALLBACK,MFN,,,,2.0,H3,True,1961854.0,0.003563794240075557,aveestimated
GBR,United Kingdom,CHN,China,2011,850231,HS850231 wind-powered generating sets,1.35000002384186,,1.35000002384186,MFN_FALLBACK,MFN,,,,2.0,H3,True,3644631.0,0.0044647983036743034,aveestimated
GBR,United Kingdom,CHN,China,2012,850231,HS850231 wind-powered generating sets,1.35000002384186,,1.35000002384186,MFN_FALLBACK,MFN,,,,2.0,H4,True,20678975.0,0.022252038682080887,aveestimated
GBR,United Kingdom,CHN,China,2013,850231,HS850231 wind-powered generating sets,1.35000002384186,,1.35000002384186,MFN_FALLBACK,MFN,,,,2.0,H4,True,7719316.0,0.010239805879374925,aveestimated
GBR,United Kingdom,CHN,China,2014,850231,HS850231 wind-powered generating sets,1.35000002384186,,1.35000002384186,MFN_FALLBACK,MFN,,,,2.0,H4,True,16983686.0,0.028615214211272267,aveestimated
GBR,United Kingdom,CHN,China,2015,850231,HS850231 wind-powered generating sets,1.35000002384186,,1.35000002384186,MFN_FALLBACK,MFN,,,,2.0,H4,True,22004633.0,0.06456359192667069,aveestimated
GBR,United Kingdom,CHN,China,2016,850231,HS850231 wind-powered generating sets,1.35000002384186,,1.35000002384186,MFN_FALLBACK,MFN,,,,2.0,H4,True,13989344.0,0.04124343106754264,aveestimated
GBR,United Kingdom,CHN,China,2017,850231,HS850231 wind-powered generating sets,1.35000002384186,,1.35000002384186,MFN_FALLBACK,MFN,,,,2.0,H5,True,2590624.804,0.003648044515732695,aveestimated
GBR,United Kingdom,CHN,China,2018,850231,HS850231 wind-powered generating sets,1.35000002384186,,1.35000002384186,MFN_FALLBACK,MFN,,,,2.0,H5,True,1786978.028,0.003963085228404838,aveestimated
GBR,United Kingdom,CHN,China,2019,850231,HS850231 wind-powered generating sets,1.35000002384186,,1.35000002384186,MFN_FALLBACK,MFN,,,,2.0,H5,True,30840.439,7.684708865607339e-05,aveestimated
GBR,United Kingdom,CHN,China,2020,850231,HS850231 wind-powered generating sets,1.35000002384186,,1.35000002384186,MFN_FALLBACK,MFN,,,,4.0,H5,True,8579953.188,0.01688390982230196,aveestimated
GBR,United Kingdom,CHN,China,2021,850231,HS850231 wind-powered generating sets,0.0,,0.0,MFN_FALLBACK,MFN,,,,4.0,H5,True,15816607.683,0.008045659000912876,aveestimated
GBR,United Kingdom,CHN,China,2022,850231,HS850231 wind-powered generating sets,0.0,,0.0,MFN_FALLBACK,MFN,,,,4.0,H6,True,44660414.762,0.10753661897186452,aveestimated
GBR,United Kingdom,CHN,China,2023,850231,HS850231 wind-powered generating sets,0.0,,0.0,MFN_FALLBACK,MFN,,,,4.0,H6,True,41869747.352,0.0713222206581727,aveestimated
GBR,United Kingdom,CHN,China,2024,850231,HS850231 wind-powered generating sets,,,,MISSING,,,,,,,True,2676816.907,0.004227515608542468,aveestimated
GBR,United Kingdom,CZE,Czech Republic,2020,850231,HS850231 wind-powered generating sets,1.35000002384186,,1.35000002384186,MFN_FALLBACK,MFN,,,,4.0,H5,True,2255.649,4.438739171681084e-06,aveestimated
GBR,United Kingdom,CZE,Czech Republic,2023,850231,HS850231 wind-powered generating sets,0.0,,0.0,MFN_FALLBACK,MFN,,,,4.0,H6,True,1718.997,2.9281925757519654e-06,aveestimated
GBR,United Kingdom,DEU,Germany,2010,850231,HS850231 wind-powered generating sets,1.35000002384186,,1.35000002384186,MFN_FALLBACK,MFN,,,,2.0,H3,True,329818164.0,0.5991292283398741,aveestimated
GBR,United Kingdom,DEU,Germany,2011,850231,HS850231 wind-powered generating sets,1.35000002384186,,1.35000002384186,MFN_FALLBACK,MFN,,,,2.0,H3,True,232711121.0,0.28507912551008474,aveestimated
GBR,United Kingdom,DEU,Germany,2012,850231,HS850231 wind-powered generating sets,1.35000002384186,,1.35000002384186,MFN_FALLBACK,MFN,,,,2.0,H4,True,107793224.0,0.11599312780803737,aveestimated
GBR,United Kingdom,DEU,Germany,2013,850231,HS850231 wind-powered generating sets,1.35000002384186,,1.35000002384186,MFN_FALLBACK,MFN,,,,2.0,H4,True,50019031.0,0.06635110775545873,aveestimated
GBR,United Kingdom,DEU,Germany,2014,850231,HS850231 wind-powered generating sets,1.35000002384186,,1.35000002384186,MFN_FALLBACK,MFN,,,,2.0,H4,True,39781947.0,0.06702720099432362,aveestimated
GBR,United Kingdom,DEU,Germany,2015,850231,HS850231 wind-powered generating sets,1.35000002384186,,1.35000002384186,MFN_FALLBACK,MFN,,,,2.0,H4,True,30102755.0,0.08832421743587114,aveestimated
GBR,United Kingdom,DEU,Germany,2016,850231,HS850231 wind-powered generating sets,1.35000002384186,,1.35000002384186,MFN_FALLBACK,MFN,,,,2.0,H4,True,95184579.0,0.2806234961896403,aveestimated
GBR,United Kingdom,DEU,Germany,2017,850231,HS850231 wind-powered generating sets,1.35000002384186,,1.35000002384186,MFN_FALLBACK,MFN,,,,2.0,H5,True,30013203.5,0.042263743579807216,aveestimated
GBR,United Kingdom,DEU,Germany,2018,850231,HS850231 wind-powered generating sets,1.35000002384186,,1.35000002384186,MFN_FALLBACK,MFN,,,,2.0,H5,True,124502768.815,0.2761170401957673,aveestimated
GBR,United Kingdom,DEU,Germany,2019,850231,HS850231 wind-powered generating sets,1.35000002384186,,1.35000002384186,MFN_FALLBACK,MFN,,,,2.0,H5,True,17560.87,4.375753969545568e-05,aveestimated
GBR,United Kingdom,DEU,Germany,2020,850231,HS850231 wind-powered generating sets,1.35000002384186,,1.35000002384186,MFN_FALLBACK,MFN,,,,4.0,H5,True,36981375.133,0.07277314796117654,aveestimated
GBR,United Kingdom,DEU,Germany,2021,850231,HS850231 wind-powered generating sets,0.0,,0.0,MFN_FALLBACK,MFN,,,,4.0,H5,True,700153930.222,0.35615726732413255,aveestimated
GBR,United Kingdom,DEU,Germany,2022,850231,HS850231 wind-powered generating sets,0.0,,0.0,MFN_FALLBACK,MFN,,,,4.0,H6,True,252774925.224,0.608649985995731,aveestimated
GBR,United Kingdom,DEU,Germany,2023,850231,HS850231 wind-powered generating sets,0.0,,0.0,MFN_FALLBACK,MFN,,,,4.0,H6,True,17988314.519,0.03064185046560703,aveestimated
GBR,United Kingdom,DEU,Germany,2024,850231,HS850231 wind-powered generating sets,,,,MISSING,,,,,,,True,425987922.486,0.6727656966940041,aveestimated
GBR,United Kingdom,DNK,Denmark,2010,850231,HS850231 wind-powered generating sets,1.35000002384186,,1.35000002384186,MFN_FALLBACK,MFN,,,,2.0,H3,True,187558293.0,0.3407079039886779,aveestimated
GBR,United Kingdom,DNK,Denmark,2011,850231,HS850231 wind-powered generating sets,1.35000002384186,,1.35000002384186,MFN_FALLBACK,MFN,,,,2.0,H3,True,530622542.0,0.6500308605762687,aveestimated
GBR,United Kingdom,DNK,Denmark,2012,850231,HS850231 wind-powered generating sets,1.35000002384186,,1.35000002384186,MFN_FALLBACK,MFN,,,,2.0,H4,True,573340054.0,0.6169544215607564,aveestimated
GBR,United Kingdom,DNK,Denmark,2013,850231,HS850231 wind-powered generating sets,1.35000002384186,,1.35000002384186,MFN_FALLBACK,MFN,,,,2.0,H4,True,582509719.0,0.7727091941059591,aveestimated
GBR,United Kingdom,DNK,Denmark,2014,850231,HS850231 wind-powered generating sets,1.35000002384186,,1.35000002384186,MFN_FALLBACK,MFN,,,,2.0,H4,True,403218123.0,0.6793680101900217,aveestimated
GBR,United Kingdom,DNK,Denmark,2015,850231,HS850231 wind-powered generating sets,1.35000002384186,,1.35000002384186,MFN_FALLBACK,MFN,,,,2.0,H4,True,149343426.0,0.43818717690928727,aveestimated
GBR,United Kingdom,DNK,Denmark,2016,850231,HS850231 wind-powered generating sets,1.35000002384186,,1.35000002384186,MFN_FALLBACK,MFN,,,,2.0,H4,True,167852725.0,0.49486396882060313,aveestimated
GBR,United Kingdom,DNK,Denmark,2017,850231,HS850231 wind-powered generating sets,1.35000002384186,,1.35000002384186,MFN_FALLBACK,MFN,,,,2.0,H5,True,635582668.868,0.8950095227524336,aveestimated
GBR,United Kingdom,DNK,Denmark,2018,850231,HS850231 wind-powered generating sets,1.35000002384186,,1.35000002384186,MFN_FALLBACK,MFN,,,,2.0,H5,True,257535306.023,0.5711510444450024,aveestimated
GBR,United Kingdom,DNK,Denmark,2019,850231,HS850231 wind-powered generating sets,1.35000002384186,,1.35000002384186,MFN_FALLBACK,MFN,,,,2.0,H5,True,400469313.437,0.9978749275822559,aveestimated
GBR,United Kingdom,DNK,Denmark,2020,850231,HS850231 wind-powered generating sets,1.35000002384186,,1.35000002384186,MFN_FALLBACK,MFN,,,,4.0,H5,True,462477490.758,0.9100781878068402,aveestimated
GBR,United Kingdom,DNK,Denmark,2021,850231,HS850231 wind-powered generating sets,0.0,,0.0,MFN_FALLBACK,MFN,,,,4.0,H5,True,1248756150.095,0.635222568601479,aveestimated
GBR,United Kingdom,DNK,Denmark,2022,850231,HS850231 wind-powered generating sets,0.0,,0.0,MFN_FALLBACK,MFN,,,,4.0,H6,True,49400039.522,0.11894903474547275,aveestimated
GBR,United Kingdom,DNK,Denmark,2023,850231,HS850231 wind-powered generating sets,0.0,,0.0,MFN_FALLBACK,MFN,,,,4.0,H6,True,193557246.997,0.32971139195682414,aveestimated
GBR,United Kingdom,DNK,Denmark,2024,850231,HS850231 wind-powered generating sets,,,,MISSING,,,,,,,True,57877299.076,0.09140602204963232,aveestimated
GBR,United Kingdom,ESP,Spain,2010,850231,HS850231 wind-powered generating sets,1.35000002384186,,1.35000002384186,MFN_FALLBACK,MFN,,,,2.0,H3,True,24243346.0,0.04403910629178257,aveestimated
GBR,United Kingdom,ESP,Spain,2011,850231,HS850231 wind-powered generating sets,1.35000002384186,,1.35000002384186,MFN_FALLBACK,MFN,,,,2.0,H3,True,41133417.0,0.05038985028825353,aveestimated
GBR,United Kingdom,ESP,Spain,2012,850231,HS850231 wind-powered generating sets,1.35000002384186,,1.35000002384186,MFN_FALLBACK,MFN,,,,2.0,H4,True,88179743.0,0.0948876359786668,aveestimated
GBR,United Kingdom,ESP,Spain,2013,850231,HS850231 wind-powered generating sets,1.35000002384186,,1.35000002384186,MFN_FALLBACK,MFN,,,,2.0,H4,True,51020283.0,0.06767928581117454,aveestimated
GBR,United Kingdom,ESP,Spain,2014,850231,HS850231 wind-powered generating sets,1.35000002384186,,1.35000002384186,MFN_FALLBACK,MFN,,,,2.0,H4,True,43866584.0,0.0739092619750959,aveestimated
GBR,United Kingdom,ESP,Spain,2015,850231,HS850231 wind-powered generating sets,1.35000002384186,,1.35000002384186,MFN_FALLBACK,MFN,,,,2.0,H4,True,85589962.0,0.25112872273703685,aveestimated
GBR,United Kingdom,ESP,Spain,2016,850231,HS850231 wind-powered generating sets,1.35000002384186,,1.35000002384186,MFN_FALLBACK,MFN,,,,2.0,H4,True,42064865.0,0.12401577657915819,aveestimated
GBR,United Kingdom,ESP,Spain,2017,850231,HS850231 wind-powered generating sets,1.35000002384186,,1.35000002384186,MFN_FALLBACK,MFN,,,,2.0,H5,True,40440327.318,0.05694692417793472,aveestimated
GBR,United Kingdom,ESP,Spain,2018,850231,HS850231 wind-powered generating sets,1.35000002384186,,1.35000002384186,MFN_FALLBACK,MFN,,,,2.0,H5,True,66426727.03,0.147318420561953,aveestimated
GBR,United Kingdom,ESP,Spain,2019,850231,HS850231 wind-powered generating sets,1.35000002384186,,1.35000002384186,MFN_FALLBACK,MFN,,,,2.0,H5,True,1724.785,4.297756779910479e-06,aveestimated
GBR,United Kingdom,ESP,Spain,2021,850231,HS850231 wind-powered generating sets,0.0,,0.0,MFN_FALLBACK,MFN,,,,4.0,H5,True,1818.269,9.249247777483015e-07,aveestimated
GBR,United Kingdom,ESP,Spain,2022,850231,HS850231 wind-powered generating sets,0.0,,0.0,MFN_FALLBACK,MFN,,,,4.0,H6,True,56721159.076,0.13657736283247118,aveestimated
GBR,United Kingdom,ESP,Spain,2023,850231,HS850231 wind-powered generating sets,0.0,,0.0,MFN_FALLBACK,MFN,,,,4.0,H6,True,80933.313,0.00013786430474143352,aveestimated
GBR,United Kingdom,ESP,Spain,2024,850231,HS850231 wind-powered generating sets,,,,MISSING,,,,,,,True,80510903.995,0.12715143213817376,aveestimated
GBR,United Kingdom,EST,Estonia,2022,850231,HS850231 wind-powered generating sets,0.0,,0.0,MFN_FALLBACK,MFN,,,,4.0,H6,True,82937.577,0.00019970317480990784,aveestimated
GBR,United Kingdom,FIN,Finland,2010,850231,HS850231 wind-powered generating sets,1.35000002384186,,1.35000002384186,MFN_FALLBACK,MFN,,,,2.0,H3,True,28237.0,5.129375476310343e-05,aveestimated
GBR,United Kingdom,FIN,Finland,2012,850231,HS850231 wind-powered generating sets,1.35000002384186,,1.35000002384186,MFN_FALLBACK,MFN,,,,2.0,H4,True,8516.0,9.163817907638112e-06,aveestimated
GBR,United Kingdom,FIN,Finland,2013,850231,HS850231 wind-powered generating sets,1.35000002384186,,1.35000002384186,MFN_FALLBACK,MFN,,,,2.0,H4,True,461064.0,0.0006116093521716329,aveestimated
GBR,United Kingdom,FIN,Finland,2017,850231,HS850231 wind-powered generating sets,1.35000002384186,,1.35000002384186,MFN_FALLBACK,MFN,,,,2.0,H5,True,38.653,5.4430060442907676e-08,aveestimated
GBR,United Kingdom,FIN,Finland,2022,850231,HS850231 wind-powered generating sets,0.0,,0.0,MFN_FALLBACK,MFN,,,,4.0,H6,True,2577749.596,0.006206894351231858,aveestimated
GBR,United Kingdom,FIN,Finland,2023,850231,HS850231 wind-powered generating sets,0.0,,0.0,MFN_FALLBACK,MFN,,,,4.0,H6,True,3179327.886,0.005415765304806461,aveestimated
GBR,United Kingdom,FIN,Finland,2024,850231,HS850231 wind-powered generating sets,,,,MISSING,,,,,,,True,4969160.083,0.007847829172512278,aveestimated
GBR,United Kingdom,FRA,France,2010,850231,HS850231 wind-powered generating sets,1.35000002384186,,1.35000002384186,MFN_FALLBACK,MFN,,,,2.0,H3,True,79.0,1.4350698113415628e-07,aveestimated
GBR,United Kingdom,FRA,France,2012,850231,HS850231 wind-powered generating sets,1.35000002384186,,1.35000002384186,MFN_FALLBACK,MFN,,,,2.0,H4,True,882324.0,0.0009494429863244351,aveestimated
GBR,United Kingdom,FRA,France,2013,850231,HS850231 wind-powered generating sets,1.35000002384186,,1.35000002384186,MFN_FALLBACK,MFN,,,,2.0,H4,True,252429.0,0.00033485142444288237,aveestimated
GBR,United Kingdom,FRA,France,2016,850231,HS850231 wind-powered generating sets,1.35000002384186,,1.35000002384186,MFN_FALLBACK,MFN,,,,2.0,H4,True,45067.0,0.00013286668109104645,aveestimated
GBR,United Kingdom,FRA,France,2018,850231,HS850231 wind-powered generating sets,1.35000002384186,,1.35000002384186,MFN_FALLBACK,MFN,,,,2.0,H5,True,5646.026,1.252152062822658e-05,aveestimated
GBR,United Kingdom,FRA,France,2020,850231,HS850231 wind-powered generating sets,1.35000002384186,,1.35000002384186,MFN_FALLBACK,MFN,,,,4.0,H5,True,1285.449,2.5295481830277133e-06,aveestimated
GBR,United Kingdom,FRA,France,2022,850231,HS850231 wind-powered generating sets,0.0,,0.0,MFN_FALLBACK,MFN,,,,4.0,H6,True,137314.968,0.0003306370411390352,aveestimated
GBR,United Kingdom,FRA,France,2023,850231,HS850231 wind-powered generating sets,0.0,,0.0,MFN_FALLBACK,MFN,,,,4.0,H6,True,295390072.892,0.5031765723809793,aveestimated
GBR,United Kingdom,FRA,France,2024,850231,HS850231 wind-powered generating sets,,,,MISSING,,,,,,,True,48079531.917,0.07593234004873733,aveestimated
GBR,United Kingdom,GRC,,2013,850231,HS850231 wind-powered generating sets,1.35000002384186,,1.35000002384186,MFN_FALLBACK,MFN,,,,2.0,H4,True,18456851.0,0.024483331344972402,aveestimated
GBR,United Kingdom,GRC,,2016,850231,HS850231 wind-powered generating sets,1.35000002384186,,1.35000002384186,MFN_FALLBACK,MFN,,,,2.0,H4,True,1781281.0,0.005251578639814949,aveestimated
GBR,United Kingdom,GRC,,2017,850231,HS850231 wind-powered generating sets,1.35000002384186,,1.35000002384186,MFN_FALLBACK,MFN,,,,2.0,H5,True,53314.846,7.507645694472136e-05,aveestimated
GBR,United Kingdom,GRC,,2019,850231,HS850231 wind-powered generating sets,1.35000002384186,,1.35000002384186,MFN_FALLBACK,MFN,,,,2.0,H5,True,104332.904,0.0002599729505612288,aveestimated
GBR,United Kingdom,GRD,Grenada,2015,850231,HS850231 wind-powered generating sets,1.35000002384186,,1.35000002384186,MFN_FALLBACK,MFN,,,,2.0,H4,True,1844.0,5.410463492519087e-06,aveestimated
GBR,United Kingdom,HKG,"Hong Kong, China",2010,850231,HS850231 wind-powered generating sets,1.35000002384186,,1.35000002384186,MFN_FALLBACK,MFN,,,,2.0,H3,True,66676.0,0.00012111989207722789,aveestimated
GBR,United Kingdom,HKG,"Hong Kong, China",2011,850231,HS850231 wind-powered generating sets,1.35000002384186,,1.35000002384186,MFN_FALLBACK,MFN,,,,2.0,H3,True,4212.0,5.159844838908566e-06,aveestimated
GBR,United Kingdom,HKG,"Hong Kong, China",2012,850231,HS850231 wind-powered generating sets,1.35000002384186,,1.35000002384186,MFN_FALLBACK,MFN,,,,2.0,H4,True,4298.0,4.624951781003829e-06,aveestimated
GBR,United Kingdom,HKG,"Hong Kong, China",2016,850231,HS850231 wind-powered generating sets,1.35000002384186,,1.35000002384186,MFN_FALLBACK,MFN,,,,2.0,H4,True,2767.0,8.157678713447213e-06,aveestimated
GBR,United Kingdom,HKG,"Hong Kong, China",2018,850231,HS850231 wind-powered generating sets,1.35000002384186,,1.35000002384186,MFN_FALLBACK,MFN,,,,2.0,H5,True,4069.677,9.025559660143128e-06,aveestimated
GBR,United Kingdom,HKG,"Hong Kong, China",2022,850231,HS850231 wind-powered generating sets,0.0,,0.0,MFN_FALLBACK,MFN,,,,4.0,H6,True,1383.086,3.330295810729269e-06,aveestimated
GBR,United Kingdom,IND,India,2010,850231,HS850231 wind-powered generating sets,1.35000002384186,,1.35000002384186,MFN_FALLBACK,MFN,,,,2.0,H3,True,674771.0,0.0012257512552769083,aveestimated
GBR,United Kingdom,IND,India,2011,850231,HS850231 wind-powered generating sets,1.35000002384186,,1.35000002384186,MFN_FALLBACK,MFN,,,,2.0,H3,True,376369.0,0.00046106496727805747,aveestimated
GBR,United Kingdom,IND,India,2012,850231,HS850231 wind-powered generating sets,1.35000002384186,,1.35000002384186,MFN_FALLBACK,MFN,,,,2.0,H4,True,491701.0,0.0005291050292394983,aveestimated
GBR,United Kingdom,IND,India,2013,850231,HS850231 wind-powered generating sets,1.35000002384186,,1.35000002384186,MFN_FALLBACK,MFN,,,,2.0,H4,True,8291810.0,0.010999229049395024,aveestimated
GBR,United Kingdom,IND,India,2014,850231,HS850231 wind-powered generating sets,1.35000002384186,,1.35000002384186,MFN_FALLBACK,MFN,,,,2.0,H4,True,5653047.0,0.009524619735161733,aveestimated
GBR,United Kingdom,IND,India,2015,850231,HS850231 wind-powered generating sets,1.35000002384186,,1.35000002384186,MFN_FALLBACK,MFN,,,,2.0,H4,True,2431769.0,0.007135031126214559,aveestimated
GBR,United Kingdom,IND,India,2016,850231,HS850231 wind-powered generating sets,1.35000002384186,,1.35000002384186,MFN_FALLBACK,MFN,,,,2.0,H4,True,1340727.0,0.003952735854153937,aveestimated
GBR,United Kingdom,IND,India,2017,850231,HS850231 wind-powered generating sets,1.35000002384186,,1.35000002384186,MFN_FALLBACK,MFN,,,,2.0,H5,True,128079.319,0.00018035767145257688,aveestimated
GBR,United Kingdom,IND,India,2019,850231,HS850231 wind-powered generating sets,1.35000002384186,,1.35000002384186,MFN_FALLBACK,MFN,,,,2.0,H5,True,7310.535,1.821612627720142e-05,aveestimated
GBR,United Kingdom,IND,India,2023,850231,HS850231 wind-powered generating sets,0.0,,0.0,MFN_FALLBACK,MFN,,,,4.0,H6,True,9007354.259,0.015343405409300683,aveestimated
GBR,United Kingdom,IND,India,2024,850231,HS850231 wind-powered generating sets,,,,MISSING,,,,,,,True,1235.324,1.9509558079786576e-06,aveestimated
GBR,United Kingdom,IRL,,2012,850231,HS850231 wind-powered generating sets,1.35000002384186,,1.35000002384186,MFN_FALLBACK,MFN,,,,2.0,H4,True,3839853.0,0.004131953227348277,aveestimated
GBR,United Kingdom,IRL,,2013,850231,HS850231 wind-powered generating sets,1.35000002384186,,1.35000002384186,MFN_FALLBACK,MFN,,,,2.0,H4,True,1180222.0,0.001565584849042018,aveestimated
GBR,United Kingdom,IRL,,2014,850231,HS850231 wind-powered generating sets,1.35000002384186,,1.35000002384186,MFN_FALLBACK,MFN,,,,2.0,H4,True,356952.0,0.00060141584948886,aveestimated
GBR,United Kingdom,IRL,,2015,850231,HS850231 wind-powered generating sets,1.35000002384186,,1.35000002384186,MFN_FALLBACK,MFN,,,,2.0,H4,True,304.0,8.919636126495674e-07,aveestimated
GBR,United Kingdom,IRL,,2021,850231,HS850231 wind-powered generating sets,0.0,,0.0,MFN_FALLBACK,MFN,,,,4.0,H5,True,7339.097,3.73328295296143e-06,aveestimated
GBR,United Kingdom,IRL,,2022,850231,HS850231 wind-powered generating sets,0.0,,0.0,MFN_FALLBACK,MFN,,,,4.0,H6,True,832388.529,0.0020042860899667832,aveestimated
GBR,United Kingdom,IRL,,2023,850231,HS850231 wind-powered generating sets,0.0,,0.0,MFN_FALLBACK,MFN,,,,4.0,H6,True,37105.725,6.320703786155187e-05,aveestimated
GBR,United Kingdom,IRL,,2024,850231,HS850231 wind-powered generating sets,,,,MISSING,,,,,,,True,2165703.421,0.003420310515750684,aveestimated
GBR,United Kingdom,ITA,Italy,2010,850231,HS850231 wind-powered generating sets,1.35000002384186,,1.35000002384186,MFN_FALLBACK,MFN,,,,2.0,H3,True,4528745.0,0.008226664851600058,aveestimated
GBR,United Kingdom,ITA,Italy,2011,850231,HS850231 wind-powered generating sets,1.35000002384186,,1.35000002384186,MFN_FALLBACK,MFN,,,,2.0,H3,True,5257.0,6.440005773538066e-06,aveestimated
GBR,United Kingdom,ITA,Italy,2012,850231,HS850231 wind-powered generating sets,1.35000002384186,,1.35000002384186,MFN_FALLBACK,MFN,,,,2.0,H4,True,87709516.0,0.09438163849120144,aveestimated
GBR,United Kingdom,ITA,Italy,2013,850231,HS850231 wind-powered generating sets,1.35000002384186,,1.35000002384186,MFN_FALLBACK,MFN,,,,2.0,H4,True,9273494.0,0.012301449815443247,aveestimated
GBR,United Kingdom,ITA,Italy,2022,850231,HS850231 wind-powered generating sets,0.0,,0.0,MFN_FALLBACK,MFN,,,,4.0,H6,True,42167.656,0.00010153437177809112,aveestimated
GBR,United Kingdom,ITA,Italy,2023,850231,HS850231 wind-powered generating sets,0.0,,0.0,MFN_FALLBACK,MFN,,,,4.0,H6,True,273724.486,0.00046627074259392116,aveestimated
GBR,United Kingdom,ITA,Italy,2024,850231,HS850231 wind-powered generating sets,,,,MISSING,,,,,,,True,231344.261,0.0003653636047227128,aveestimated
GBR,United Kingdom,JPN,Japan,2010,850231,HS850231 wind-powered generating sets,1.35000002384186,,1.35000002384186,MFN_FALLBACK,MFN,,,,2.0,H3,True,19046.0,3.459789826178659e-05,aveestimated
GBR,United Kingdom,JPN,Japan,2011,850231,HS850231 wind-powered generating sets,1.35000002384186,,1.35000002384186,MFN_FALLBACK,MFN,,,,2.0,H3,True,44668.0,5.471983600768467e-05,aveestimated
GBR,United Kingdom,JPN,Japan,2012,850231,HS850231 wind-powered generating sets,1.35000002384186,,1.35000002384186,MFN_FALLBACK,MFN,,,,2.0,H4,True,99200.0,0.00010674621141823634,aveestimated
GBR,United Kingdom,JPN,Japan,2013,850231,HS850231 wind-powered generating sets,1.35000002384186,,1.35000002384186,MFN_FALLBACK,MFN,,,,2.0,H4,True,7091.0,9.40633386308419e-06,aveestimated
GBR,United Kingdom,JPN,Japan,2015,850231,HS850231 wind-powered generating sets,1.35000002384186,,1.35000002384186,MFN_FALLBACK,MFN,,,,2.0,H4,True,1293.0,3.7937794445917457e-06,aveestimated
GBR,United Kingdom,JPN,Japan,2017,850231,HS850231 wind-powered generating sets,1.35000002384186,,1.35000002384186,MFN_FALLBACK,MFN,,,,2.0,H5,True,4938.516,6.954278435781612e-06,aveestimated
GBR,United Kingdom,JPN,Japan,2018,850231,HS850231 wind-powered generating sets,1.35000002384186,,1.35000002384186,MFN_FALLBACK,MFN,,,,2.0,H5,True,7082.226,1.5706664998135434e-05,aveestimated
GBR,United Kingdom,KOR,"Korea, Rep.",2013,850231,HS850231 wind-powered generating sets,1.35000002384186,,1.35000002384186,MFN_FALLBACK,MFN,,,,2.0,H4,True,12807376.0,0.016989205269503843,aveestimated
GBR,United Kingdom,KOR,"Korea, Rep.",2015,850231,HS850231 wind-powered generating sets,1.35000002384186,,1.35000002384186,MFN_FALLBACK,MFN,,,,2.0,H4,True,4525.0,1.3276761010655567e-05,aveestimated
GBR,United Kingdom,LVA,Latvia,2014,850231,HS850231 wind-powered generating sets,1.35000002384186,,1.35000002384186,MFN_FALLBACK,MFN,,,,2.0,H4,True,220182.0,0.0003709768948546476,aveestimated
GBR,United Kingdom,LVA,Latvia,2015,850231,HS850231 wind-powered generating sets,1.35000002384186,,1.35000002384186,MFN_FALLBACK,MFN,,,,2.0,H4,True,3575088.0,0.010489632921118805,aveestimated
GBR,United Kingdom,LVA,Latvia,2016,850231,HS850231 wind-powered generating sets,1.35000002384186,,1.35000002384186,MFN_FALLBACK,MFN,,,,2.0,H4,True,2110236.0,0.006221404878044811,aveestimated
GBR,United Kingdom,LVA,Latvia,2017,850231,HS850231 wind-powered generating sets,1.35000002384186,,1.35000002384186,MFN_FALLBACK,MFN,,,,2.0,H5,True,476787.788,0.0006713990665480105,aveestimated
GBR,United Kingdom,MAR,Morocco,2023,850231,HS850231 wind-powered generating sets,0.0,,0.0,MFN_FALLBACK,MFN,,,,4.0,H6,True,11950.945,2.035760878129518e-05,aveestimated
GBR,United Kingdom,MAR,Morocco,2024,850231,HS850231 wind-powered generating sets,,,,MISSING,,,,,,,True,6568.526,1.0373718918728058e-05,aveestimated
GBR,United Kingdom,MKD,"Macedonia, FYR",2023,850231,HS850231 wind-powered generating sets,0.0,,0.0,MFN_FALLBACK,MFN,,,,4.0,H6,True,13983.165,2.3819355088179174e-05,aveestimated
GBR,United Kingdom,MKD,"Macedonia, FYR",2024,850231,HS850231 wind-powered generating sets,,,,MISSING,,,,,,,True,3804.9,6.00910510423014e-06,aveestimated
GBR,United Kingdom,MYS,Malaysia,2014,850231,HS850231 wind-powered generating sets,1.35000002384186,,1.35000002384186,MFN_FALLBACK,MFN,,,,2.0,H4,True,46987.0,7.916674096218277e-05,aveestimated
GBR,United Kingdom,MYS,Malaysia,2015,850231,HS850231 wind-powered generating sets,1.35000002384186,,1.35000002384186,MFN_FALLBACK,MFN,,,,2.0,H4,True,141471.0,0.0004150887639642992,aveestimated
GBR,United Kingdom,MYS,Malaysia,2016,850231,HS850231 wind-powered generating sets,1.35000002384186,,1.35000002384186,MFN_FALLBACK,MFN,,,,2.0,H4,True,44771.0,0.00013199401289473985,aveestimated
GBR,United Kingdom,MYS,Malaysia,2017,850231,HS850231 wind-powered generating sets,1.35000002384186,,1.35000002384186,MFN_FALLBACK,MFN,,,,2.0,H5,True,3979.931,5.604426173611415e-06,aveestimated
GBR,United Kingdom,NLD,,2011,850231,HS850231 wind-powered generating sets,1.35000002384186,,1.35000002384186,MFN_FALLBACK,MFN,,,,2.0,H3,True,483252.0,0.0005920003176857175,aveestimated
GBR,United Kingdom,NLD,,2012,850231,HS850231 wind-powered generating sets,1.35000002384186,,1.35000002384186,MFN_FALLBACK,MFN,,,,2.0,H4,True,1389882.0,0.001495611268330657,aveestimated
GBR,United Kingdom,NLD,,2014,850231,HS850231 wind-powered generating sets,1.35000002384186,,1.35000002384186,MFN_FALLBACK,MFN,,,,2.0,H4,True,45032826.0,0.07587422203454251,aveestimated
GBR,United Kingdom,NLD,,2015,850231,HS850231 wind-powered generating sets,1.35000002384186,,1.35000002384186,MFN_FALLBACK,MFN,,,,2.0,H4,True,771137.0,0.002262586001209702,aveestimated
GBR,United Kingdom,NLD,,2022,850231,HS850231 wind-powered generating sets,0.0,,0.0,MFN_FALLBACK,MFN,,,,4.0,H6,True,345932.742,0.0008329622029842607,aveestimated
GBR,United Kingdom,NLD,,2023,850231,HS850231 wind-powered generating sets,0.0,,0.0,MFN_FALLBACK,MFN,,,,4.0,H6,True,2640688.93,0.004498231072943351,aveestimated
GBR,United Kingdom,NLD,,2024,850231,HS850231 wind-powered generating sets,,,,MISSING,,,,,,,True,3461132.358,0.005466190469887225,aveestimated
GBR,United Kingdom,NZL,New Zealand,2012,850231,HS850231 wind-powered generating sets,1.35000002384186,,1.35000002384186,MFN_FALLBACK,MFN,,,,2.0,H4,True,475599.0,0.000511778139156268,aveestimated
GBR,United Kingdom,NZL,New Zealand,2017,850231,HS850231 wind-powered generating sets,1.35000002384186,,1.35000002384186,MFN_FALLBACK,MFN,,,,2.0,H5,True,2437.692,3.4326888702349752e-06,aveestimated
GBR,United Kingdom,NZL,New Zealand,2021,850231,HS850231 wind-powered generating sets,0.0,,0.0,MFN_FALLBACK,MFN,,,,4.0,H5,True,160198.894,8.149065205889431e-05,aveestimated
GBR,United Kingdom,POL,Poland,2012,850231,HS850231 wind-powered generating sets,1.35000002384186,,1.35000002384186,MFN_FALLBACK,MFN,,,,2.0,H4,True,9478142.0,0.010199150703468402,aveestimated
GBR,United Kingdom,POL,Poland,2016,850231,HS850231 wind-powered generating sets,1.35000002384186,,1.35000002384186,MFN_FALLBACK,MFN,,,,2.0,H4,True,10319046.0,0.030422646150084064,aveestimated
GBR,United Kingdom,POL,Poland,2022,850231,HS850231 wind-powered generating sets,0.0,,0.0,MFN_FALLBACK,MFN,,,,4.0,H6,True,75599.772,0.00018203467028347326,aveestimated
GBR,United Kingdom,POL,Poland,2023,850231,HS850231 wind-powered generating sets,0.0,,0.0,MFN_FALLBACK,MFN,,,,4.0,H6,True,261922.695,0.00044616720734239003,aveestimated
GBR,United Kingdom,POL,Poland,2024,850231,HS850231 wind-powered generating sets,,,,MISSING,,,,,,,True,42358.683,6.689736345863662e-05,aveestimated
GBR,United Kingdom,PRT,Portugal,2013,850231,HS850231 wind-powered generating sets,1.35000002384186,,1.35000002384186,MFN_FALLBACK,MFN,,,,2.0,H4,True,13916.0,1.8459814136042813e-05,aveestimated
GBR,United Kingdom,PRT,Portugal,2022,850231,HS850231 wind-powered generating sets,0.0,,0.0,MFN_FALLBACK,MFN,,,,4.0,H6,True,5233154.674,0.01260077326190887,aveestimated
GBR,United Kingdom,PRT,Portugal,2023,850231,HS850231 wind-powered generating sets,0.0,,0.0,MFN_FALLBACK,MFN,,,,4.0,H6,True,12515509.0,0.02131930453372339,aveestimated
GBR,United Kingdom,PRT,Portugal,2024,850231,HS850231 wind-powered generating sets,,,,MISSING,,,,,,,True,1478.838,2.335539166372176e-06,aveestimated
GBR,United Kingdom,SGP,Singapore,2014,850231,HS850231 wind-powered generating sets,1.35000002384186,,1.35000002384186,MFN_FALLBACK,MFN,,,,2.0,H4,True,3519.0,5.92903912669294e-06,aveestimated
GBR,United Kingdom,SGP,Singapore,2019,850231,HS850231 wind-powered generating sets,1.35000002384186,,1.35000002384186,MFN_FALLBACK,MFN,,,,2.0,H5,True,13578.532,3.383449413360586e-05,aveestimated
GBR,United Kingdom,SWE,Sweden,2010,850231,HS850231 wind-powered generating sets,1.35000002384186,,1.35000002384186,MFN_FALLBACK,MFN,,,,2.0,H3,True,8474.0,1.5393394406719496e-05,aveestimated
GBR,United Kingdom,SWE,Sweden,2016,850231,HS850231 wind-powered generating sets,1.35000002384186,,1.35000002384186,MFN_FALLBACK,MFN,,,,2.0,H4,True,1800.0,5.3067660586212445e-06,aveestimated
GBR,United Kingdom,SWE,Sweden,2019,850231,HS850231 wind-powered generating sets,1.35000002384186,,1.35000002384186,MFN_FALLBACK,MFN,,,,2.0,H5,True,1298.061,3.2344613754684646e-06,aveestimated
GBR,United Kingdom,SYC,Seychelles,2023,850231,HS850231 wind-powered generating sets,0.0,,0.0,MFN_FALLBACK,MFN,,,,4.0,H6,True,5717.561,9.73946997674166e-06,aveestimated
GBR,United Kingdom,TTO,Trinidad and Tobago,2010,850231,HS850231 wind-powered generating sets,1.35000002384186,,1.35000002384186,MFN_FALLBACK,MFN,,,,2.0,H3,True,1209.0,2.196201774572088e-06,aveestimated
GBR,United Kingdom,TUR,Turkey,2017,850231,HS850231 wind-powered generating sets,1.35000002384186,,1.35000002384186,MFN_FALLBACK,MFN,,,,2.0,H5,True,7069.564,9.955159905440824e-06,aveestimated
GBR,United Kingdom,TUR,Turkey,2018,850231,HS850231 wind-powered generating sets,1.35000002384186,,1.35000002384186,MFN_FALLBACK,MFN,,,,2.0,H5,True,2782.97,6.171954621309878e-06,aveestimated
GBR,United Kingdom,TUR,Turkey,2019,850231,HS850231 wind-powered generating sets,1.35000002384186,,1.35000002384186,MFN_FALLBACK,MFN,,,,2.0,H5,True,7866.299,1.9600958878963476e-05,aveestimated
GBR,United Kingdom,TUR,Turkey,2020,850231,HS850231 wind-powered generating sets,1.35000002384186,,1.35000002384186,MFN_FALLBACK,MFN,,,,4.0,H5,True,12985.742,2.5553763767653686e-05,aveestimated
GBR,United Kingdom,TUR,Turkey,2022,850231,HS850231 wind-powered generating sets,0.0,,0.0,MFN_FALLBACK,MFN,,,,4.0,H6,True,64046.789,0.00015421655131883443,aveestimated
GBR,United Kingdom,TUR,Turkey,2023,850231,HS850231 wind-powered generating sets,0.0,,0.0,MFN_FALLBACK,MFN,,,,4.0,H6,True,6309376.615,0.010747586971743446,aveestimated
GBR,United Kingdom,TUR,Turkey,2024,850231,HS850231 wind-powered generating sets,,,,MISSING,,,,,,,True,6474304.961,0.010224914974766124,aveestimated
GBR,United Kingdom,USA,United States,2010,850231,HS850231 wind-powered generating sets,1.35000002384186,,1.35000002384186,MFN_FALLBACK,MFN,,,,2.0,H3,True,791400.0,0.0014376129730325478,aveestimated
GBR,United Kingdom,USA,United States,2011,850231,HS850231 wind-powered generating sets,1.35000002384186,,1.35000002384186,MFN_FALLBACK,MFN,,,,2.0,H3,True,2714735.0,0.0033256437271496787,aveestimated
GBR,United Kingdom,USA,United States,2012,850231,HS850231 wind-powered generating sets,1.35000002384186,,1.35000002384186,MFN_FALLBACK,MFN,,,,2.0,H4,True,21376250.0,0.023002355865212445,aveestimated
GBR,United Kingdom,USA,United States,2013,850231,HS850231 wind-powered generating sets,1.35000002384186,,1.35000002384186,MFN_FALLBACK,MFN,,,,2.0,H4,True,3369452.0,0.004469636221638239,aveestimated
GBR,United Kingdom,USA,United States,2014,850231,HS850231 wind-powered generating sets,1.35000002384186,,1.35000002384186,MFN_FALLBACK,MFN,,,,2.0,H4,True,13793874.0,0.02324081234858552,aveestimated
GBR,United Kingdom,USA,United States,2015,850231,HS850231 wind-powered generating sets,1.35000002384186,,1.35000002384186,MFN_FALLBACK,MFN,,,,2.0,H4,True,12812882.0,0.037594159595962545,aveestimated
GBR,United Kingdom,USA,United States,2016,850231,HS850231 wind-powered generating sets,1.35000002384186,,1.35000002384186,MFN_FALLBACK,MFN,,,,2.0,H4,True,2523914.0,0.007441011750043878,aveestimated
GBR,United Kingdom,USA,United States,2017,850231,HS850231 wind-powered generating sets,1.35000002384186,,1.35000002384186,MFN_FALLBACK,MFN,,,,2.0,H5,True,481663.172,0.0006782644442884805,aveestimated
GBR,United Kingdom,USA,United States,2018,850231,HS850231 wind-powered generating sets,1.35000002384186,,1.35000002384186,MFN_FALLBACK,MFN,,,,2.0,H5,True,578928.596,0.001283923658354434,aveestimated
GBR,United Kingdom,USA,United States,2019,850231,HS850231 wind-powered generating sets,1.35000002384186,,1.35000002384186,MFN_FALLBACK,MFN,,,,2.0,H5,True,423701.823,0.0010557648532765994,aveestimated
GBR,United Kingdom,USA,United States,2020,850231,HS850231 wind-powered generating sets,1.35000002384186,,1.35000002384186,MFN_FALLBACK,MFN,,,,4.0,H5,True,83855.312,0.00016501319936210773,aveestimated
GBR,United Kingdom,USA,United States,2021,850231,HS850231 wind-powered generating sets,0.0,,0.0,MFN_FALLBACK,MFN,,,,4.0,H5,True,952985.018,0.00048476845613663937,aveestimated
GBR,United Kingdom,USA,United States,2022,850231,HS850231 wind-powered generating sets,0.0,,0.0,MFN_FALLBACK,MFN,,,,4.0,H6,True,2302624.043,0.005544426886026894,aveestimated
GBR,United Kingdom,USA,United States,2023,850231,HS850231 wind-powered generating sets,0.0,,0.0,MFN_FALLBACK,MFN,,,,4.0,H6,True,3830380.299,0.006524788090868334,aveestimated
GBR,United Kingdom,USA,United States,2024,850231,HS850231 wind-powered generating sets,,,,MISSING,,,,,,,True,694939.619,0.0010975229865869403,aveestimated
GBR,United Kingdom,ZAF,South Africa,2012,850231,HS850231 wind-powered generating sets,1.35000002384186,,1.35000002384186,MFN_FALLBACK,MFN,,,,2.0,H4,True,97693.0,0.00010512457290405002,aveestimated
IND,India,ARE,United Arab Emirates,2021,850231,HS850231 wind-powered generating sets,7.5,,7.5,MFN_FALLBACK,MFN,,,,1.0,H5,True,32.584,2.464398856511065e-05,aveestimated
IND,India,AUS,Australia,2014,850231,HS850231 wind-powered generating sets,7.5,,7.5,MFN_FALLBACK,MFN,,,,1.0,H4,True,550.0,0.0027414330218068538,aveestimated
IND,India,AUS,Australia,2019,850231,HS850231 wind-powered generating sets,7.5,,7.5,MFN_FALLBACK,MFN,,,,1.0,H5,True,8125.926,0.0011614446527067042,aveestimated
IND,India,AUT,Austria,2010,850231,HS850231 wind-powered generating sets,7.5,,7.5,MFN_FALLBACK,MFN,,,,1.0,H3,True,81660.0,0.02103169666761188,aveestimated
IND,India,AUT,Austria,2012,850231,HS850231 wind-powered generating sets,7.5,,7.5,MFN_FALLBACK,MFN,,,,1.0,H4,True,27406.0,0.005572422790042105,aveestimated
IND,India,AUT,Austria,2015,850231,HS850231 wind-powered generating sets,,,,MISSING,,,,,,,True,157660.0,0.0679159713241762,aveestimated
IND,India,AUT,Austria,2016,850231,HS850231 wind-powered generating sets,10.0,,10.0,MFN_FALLBACK,MFN,,,,1.0,H4,True,3965196.0,0.5654827293853228,aveestimated
IND,India,AUT,Austria,2017,850231,HS850231 wind-powered generating sets,7.5,,7.5,MFN_FALLBACK,MFN,,,,1.0,H5,True,2817904.699,0.31941584688478025,aveestimated
IND,India,AUT,Austria,2023,850231,HS850231 wind-powered generating sets,7.5,,7.5,MFN_FALLBACK,MFN,,,,1.0,H6,True,102029.568,0.010331342450337969,aveestimated
IND,India,AUT,Austria,2024,850231,HS850231 wind-powered generating sets,,,,MISSING,,,,,,,True,6549.883,0.0005987482192008314,aveestimated
IND,India,BEL,,2011,850231,HS850231 wind-powered generating sets,7.5,,7.5,MFN_FALLBACK,MFN,,,,1.0,H4,True,137063.0,0.014474062152834978,aveestimated
IND,India,BEL,,2019,850231,HS850231 wind-powered generating sets,7.5,,7.5,MFN_FALLBACK,MFN,,,,1.0,H5,True,402.818,5.757507662683725e-05,aveestimated
IND,India,BEL,,2024,850231,HS850231 wind-powered generating sets,,,,MISSING,,,,,,,True,3343.953,0.0003056826975140285,aveestimated
IND,India,BGD,Bangladesh,2018,850231,HS850231 wind-powered generating sets,7.5,,7.5,MFN_FALLBACK,MFN,,,,1.0,H5,True,86998.349,0.020968237620966442,aveestimated
IND,India,CAN,Canada,2012,850231,HS850231 wind-powered generating sets,7.5,,7.5,MFN_FALLBACK,MFN,,,,1.0,H4,True,85768.0,0.0174390847937069,aveestimated
IND,India,CAN,Canada,2016,850231,HS850231 wind-powered generating sets,10.0,,10.0,MFN_FALLBACK,MFN,,,,1.0,H4,True,1743.0,0.0002485719236372219,aveestimated
IND,India,CHL,Chile,2010,850231,HS850231 wind-powered generating sets,7.5,,7.5,MFN_FALLBACK,MFN,,,,1.0,H3,True,225394.0,0.05805067644746158,aveestimated
IND,India,CHN,China,2010,850231,HS850231 wind-powered generating sets,7.5,,7.5,MFN_FALLBACK,MFN,,,,1.0,H3,True,885331.0,0.2280187734806943,aveestimated
IND,India,CHN,China,2011,850231,HS850231 wind-powered generating sets,7.5,,7.5,MFN_FALLBACK,MFN,,,,1.0,H4,True,956418.0,0.1009992016524527,aveestimated
IND,India,CHN,China,2012,850231,HS850231 wind-powered generating sets,7.5,,7.5,MFN_FALLBACK,MFN,,,,1.0,H4,True,1048387.0,0.21316702954038796,aveestimated
IND,India,CHN,China,2013,850231,HS850231 wind-powered generating sets,7.5,,7.5,MFN_FALLBACK,MFN,,,,1.0,H4,True,68277.0,0.01327953084709158,aveestimated
IND,India,CHN,China,2014,850231,HS850231 wind-powered generating sets,7.5,,7.5,MFN_FALLBACK,MFN,,,,1.0,H4,True,160559.0,0.8002940809968847,aveestimated
IND,India,CHN,China,2015,850231,HS850231 wind-powered generating sets,,,,MISSING,,,,,,,True,889524.0,0.3831846154773977,aveestimated
IND,India,CHN,China,2016,850231,HS850231 wind-powered generating sets,10.0,,10.0,MFN_FALLBACK,MFN,,,,1.0,H4,True,3025995.0,0.43154182333139146,aveestimated
IND,India,CHN,China,2017,850231,HS850231 wind-powered generating sets,7.5,,7.5,MFN_FALLBACK,MFN,,,,1.0,H5,True,5004463.883,0.5672672571077397,aveestimated
IND,India,CHN,China,2018,850231,HS850231 wind-powered generating sets,7.5,,7.5,MFN_FALLBACK,MFN,,,,1.0,H5,True,1663842.515,0.4010173252642578,aveestimated
IND,India,CHN,China,2019,850231,HS850231 wind-powered generating sets,7.5,,7.5,MFN_FALLBACK,MFN,,,,1.0,H5,True,4420983.928,0.6318945241290508,aveestimated
IND,India,CHN,China,2020,850231,HS850231 wind-powered generating sets,7.5,,7.5,MFN_FALLBACK,MFN,,,,1.0,H5,True,490530.21,0.30061918258879156,aveestimated
IND,India,CHN,China,2021,850231,HS850231 wind-powered generating sets,7.5,,7.5,MFN_FALLBACK,MFN,,,,1.0,H5,True,731829.14,0.5534983107591075,aveestimated
IND,India,CHN,China,2022,850231,HS850231 wind-powered generating sets,7.5,,7.5,MFN_FALLBACK,MFN,,,,1.0,H6,True,2980233.282,0.9527129141437379,aveestimated
IND,India,CHN,China,2023,850231,HS850231 wind-powered generating sets,7.5,,7.5,MFN_FALLBACK,MFN,,,,1.0,H6,True,9707131.937,0.9829278533430578,aveestimated
IND,India,CHN,China,2024,850231,HS850231 wind-powered generating sets,,,,MISSING,,,,,,,True,10915933.14,0.997864470020356,aveestimated
IND,India,DEU,Germany,2010,850231,HS850231 wind-powered generating sets,7.5,,7.5,MFN_FALLBACK,MFN,,,,1.0,H3,True,1075468.0,0.27698893891407317,aveestimated
IND,India,DEU,Germany,2011,850231,HS850231 wind-powered generating sets,7.5,,7.5,MFN_FALLBACK,MFN,,,,1.0,H4,True,3495573.0,0.3691378480098336,aveestimated
IND,India,DEU,Germany,2012,850231,HS850231 wind-powered generating sets,7.5,,7.5,MFN_FALLBACK,MFN,,,,1.0,H4,True,137145.0,0.027885496735763137,aveestimated
IND,India,DEU,Germany,2013,850231,HS850231 wind-powered generating sets,7.5,,7.5,MFN_FALLBACK,MFN,,,,1.0,H4,True,1107562.0,0.21541520195770825,aveestimated
IND,India,DEU,Germany,2014,850231,HS850231 wind-powered generating sets,7.5,,7.5,MFN_FALLBACK,MFN,,,,1.0,H4,True,2569.0,0.012804984423676013,aveestimated
IND,India,DEU,Germany,2021,850231,HS850231 wind-powered generating sets,7.5,,7.5,MFN_FALLBACK,MFN,,,,1.0,H5,True,121244.127,0.09169957277727789,aveestimated
IND,India,DEU,Germany,2022,850231,HS850231 wind-powered generating sets,7.5,,7.5,MFN_FALLBACK,MFN,,,,1.0,H6,True,147350.802,0.0471047058036435,aveestimated
IND,India,DEU,Germany,2023,850231,HS850231 wind-powered generating sets,7.5,,7.5,MFN_FALLBACK,MFN,,,,1.0,H6,True,10973.716,0.001111180025272213,aveestimated
IND,India,ESP,Spain,2010,850231,HS850231 wind-powered generating sets,7.5,,7.5,MFN_FALLBACK,MFN,,,,1.0,H3,True,811040.0,0.20888497753245092,aveestimated
IND,India,ESP,Spain,2012,850231,HS850231 wind-powered generating sets,7.5,,7.5,MFN_FALLBACK,MFN,,,,1.0,H4,True,1369.0,0.00027835681236107576,aveestimated
IND,India,ESP,Spain,2013,850231,HS850231 wind-powered generating sets,7.5,,7.5,MFN_FALLBACK,MFN,,,,1.0,H4,True,251.0,4.881822931030928e-05,aveestimated
IND,India,ESP,Spain,2015,850231,HS850231 wind-powered generating sets,,,,MISSING,,,,,,,True,431229.0,0.1857626309663401,aveestimated
IND,India,ESP,Spain,2018,850231,HS850231 wind-powered generating sets,7.5,,7.5,MFN_FALLBACK,MFN,,,,1.0,H5,True,169731.662,0.040908521386050216,aveestimated
IND,India,ESP,Spain,2019,850231,HS850231 wind-powered generating sets,7.5,,7.5,MFN_FALLBACK,MFN,,,,1.0,H5,True,385668.141,0.055123834512372516,aveestimated
IND,India,ESP,Spain,2020,850231,HS850231 wind-powered generating sets,7.5,,7.5,MFN_FALLBACK,MFN,,,,1.0,H5,True,157935.047,0.09678976699776018,aveestimated
IND,India,FIN,Finland,2010,850231,HS850231 wind-powered generating sets,7.5,,7.5,MFN_FALLBACK,MFN,,,,1.0,H3,True,110469.0,0.028451512358246597,aveestimated
IND,India,FRA,France,2010,850231,HS850231 wind-powered generating sets,7.5,,7.5,MFN_FALLBACK,MFN,,,,1.0,H3,True,223460.0,0.05755257087122889,aveestimated
IND,India,FRA,France,2011,850231,HS850231 wind-powered generating sets,7.5,,7.5,MFN_FALLBACK,MFN,,,,1.0,H4,True,196925.0,0.020795580787280506,aveestimated
IND,India,FRA,France,2014,850231,HS850231 wind-powered generating sets,7.5,,7.5,MFN_FALLBACK,MFN,,,,1.0,H4,True,29877.0,0.1489196261682243,aveestimated
IND,India,FRA,France,2015,850231,HS850231 wind-powered generating sets,,,,MISSING,,,,,,,True,28909.0,0.01245327169231644,aveestimated
IND,India,FRA,France,2018,850231,HS850231 wind-powered generating sets,7.5,,7.5,MFN_FALLBACK,MFN,,,,1.0,H5,True,4716.201,0.0011366931024891008,aveestimated
IND,India,GBR,United Kingdom,2012,850231,HS850231 wind-powered generating sets,7.5,,7.5,MFN_FALLBACK,MFN,,,,1.0,H4,True,2891927.0,0.5880113815200356,aveestimated
IND,India,GBR,United Kingdom,2013,850231,HS850231 wind-powered generating sets,7.5,,7.5,MFN_FALLBACK,MFN,,,,1.0,H4,True,2196778.0,0.4272621997922016,aveestimated
IND,India,GBR,United Kingdom,2016,850231,HS850231 wind-powered generating sets,10.0,,10.0,MFN_FALLBACK,MFN,,,,1.0,H4,True,302.0,4.3068686711670114e-05,aveestimated
IND,India,HKG,"Hong Kong, China",2012,850231,HS850231 wind-powered generating sets,7.5,,7.5,MFN_FALLBACK,MFN,,,,1.0,H4,True,23998.0,0.004879479023404745,aveestimated
IND,India,HKG,"Hong Kong, China",2022,850231,HS850231 wind-powered generating sets,7.5,,7.5,MFN_FALLBACK,MFN,,,,1.0,H6,True,570.513,0.00018238005261860785,aveestimated
IND,India,HKG,"Hong Kong, China",2024,850231,HS850231 wind-powered generating sets,,,,MISSING,,,,,,,True,3911.409,0.00035755587898533527,aveestimated
IND,India,IDN,Indonesia,2011,850231,HS850231 wind-powered generating sets,7.5,,7.5,MFN_FALLBACK,MFN,,,,1.0,H4,True,4301541.0,0.4542492998618732,aveestimated
IND,India,ITA,Italy,2011,850231,HS850231 wind-powered generating sets,7.5,,7.5,MFN_FALLBACK,MFN,,,,1.0,H4,True,7005.0,0.0007397386995805507,aveestimated
IND,India,ITA,Italy,2015,850231,HS850231 wind-powered generating sets,,,,MISSING,,,,,,,True,31930.0,0.013754642676525094,aveestimated
IND,India,ITA,Italy,2016,850231,HS850231 wind-powered generating sets,10.0,,10.0,MFN_FALLBACK,MFN,,,,1.0,H4,True,6616.0,0.0009435179843854619,aveestimated
IND,India,JPN,Japan,2010,850231,HS850231 wind-powered generating sets,7.5,,7.5,MFN_FALLBACK,MFN,,,,1.0,H3,True,12525.0,0.0032258388533166647,aveestimated
IND,India,JPN,Japan,2014,850231,HS850231 wind-powered generating sets,7.5,,7.5,MFN_FALLBACK,MFN,,,,1.0,H4,True,653.0,0.003254828660436137,aveestimated
IND,India,JPN,Japan,2015,850231,HS850231 wind-powered generating sets,,,,MISSING,,,,,,,True,12650.0,0.005449302532353349,aveestimated
IND,India,JPN,Japan,2016,850231,HS850231 wind-powered generating sets,3.40000009536743,3.40000009536743,10.0,BILATERAL_TRAINS,PREF,1.0,1.0,0.0,1.0,H4,True,724.0,0.00010325075887168598,aveestimated
IND,India,JPN,Japan,2018,850231,HS850231 wind-powered generating sets,7.5,,7.5,MFN_FALLBACK,MFN,,,,1.0,H5,True,4716.201,0.0011366931024891008,aveestimated
IND,India,JPN,Japan,2019,850231,HS850231 wind-powered generating sets,7.5,,7.5,MFN_FALLBACK,MFN,,,,1.0,H5,True,20557.491,0.002938297493112317,aveestimated
IND,India,JPN,Japan,2020,850231,HS850231 wind-powered generating sets,7.5,,7.5,MFN_FALLBACK,MFN,,,,1.0,H5,True,1175.204,0.0007202183650525381,aveestimated
IND,India,JPN,Japan,2021,850231,HS850231 wind-powered generating sets,7.5,,7.5,MFN_FALLBACK,MFN,,,,1.0,H5,True,366544.034,0.27722523270640587,aveestimated
IND,India,KEN,Kenya,2018,850231,HS850231 wind-powered generating sets,7.5,,7.5,MFN_FALLBACK,MFN,,,,1.0,H5,True,383.341,9.239238755966389e-05,aveestimated
IND,India,KOR,"Korea, Rep.",2010,850231,HS850231 wind-powered generating sets,7.5,,7.5,MFN_FALLBACK,MFN,,,,1.0,H3,True,394154.0,0.10151515268584245,aveestimated
IND,India,KOR,"Korea, Rep.",2011,850231,HS850231 wind-powered generating sets,7.5,,7.5,MFN_FALLBACK,MFN,,,,1.0,H4,True,28268.0,0.002985143977122485,aveestimated
IND,India,KOR,"Korea, Rep.",2012,850231,HS850231 wind-powered generating sets,7.5,,7.5,MFN_FALLBACK,MFN,,,,1.0,H4,True,363978.0,0.07400712625972215,aveestimated
IND,India,KOR,"Korea, Rep.",2013,850231,HS850231 wind-powered generating sets,7.5,,7.5,MFN_FALLBACK,MFN,,,,1.0,H4,True,391407.0,0.07612667999864632,aveestimated
IND,India,KOR,"Korea, Rep.",2015,850231,HS850231 wind-powered generating sets,,,,MISSING,,,,,,,True,2163.0,0.0009317661167968612,aveestimated
IND,India,KOR,"Korea, Rep.",2020,850231,HS850231 wind-powered generating sets,7.5,,7.5,MFN_FALLBACK,MFN,,,,1.0,H5,True,774341.839,0.47455183378915977,aveestimated
IND,India,KOR,"Korea, Rep.",2023,850231,HS850231 wind-powered generating sets,7.5,,7.5,MFN_FALLBACK,MFN,,,,1.0,H6,True,55596.659,0.005629624181332067,aveestimated
IND,India,LKA,Sri Lanka,2017,850231,HS850231 wind-powered generating sets,0.0,0.0,7.5,BILATERAL_TRAINS,PREF,1.0,1.0,0.0,1.0,H5,True,993243.055,0.11258633824197026,aveestimated
IND,India,LKA,Sri Lanka,2018,850231,HS850231 wind-powered generating sets,7.5,,7.5,MFN_FALLBACK,MFN,,,,1.0,H5,True,30465.122,0.00734266712633515,aveestimated
IND,India,LKA,Sri Lanka,2019,850231,HS850231 wind-powered generating sets,7.5,,7.5,MFN_FALLBACK,MFN,,,,1.0,H5,True,30589.68,0.004372205735568993,aveestimated
IND,India,LKA,Sri Lanka,2020,850231,HS850231 wind-powered generating sets,7.5,,7.5,MFN_FALLBACK,MFN,,,,1.0,H5,True,200921.084,0.12313356202247752,aveestimated
IND,India,LKA,Sri Lanka,2021,850231,HS850231 wind-powered generating sets,7.5,,7.5,MFN_FALLBACK,MFN,,,,1.0,H5,True,98291.699,0.07434015179846849,aveestimated
IND,India,MYS,Malaysia,2011,850231,HS850231 wind-powered generating sets,7.5,,7.5,MFN_FALLBACK,MFN,,,,1.0,H4,True,1714.0,0.00018100101799872433,aveestimated
IND,India,NLD,,2019,850231,HS850231 wind-powered generating sets,7.5,,7.5,MFN_FALLBACK,MFN,,,,1.0,H5,True,377890.503,0.05401217092279658,aveestimated
IND,India,NLD,,2024,850231,HS850231 wind-powered generating sets,,,,MISSING,,,,,,,True,2752.21,0.00025158935455285537,aveestimated
IND,India,POL,Poland,2012,850231,HS850231 wind-powered generating sets,7.5,,7.5,MFN_FALLBACK,MFN,,,,1.0,H4,True,7930.0,0.001612395560280008,aveestimated
IND,India,PRT,Portugal,2017,850231,HS850231 wind-powered generating sets,7.5,,7.5,MFN_FALLBACK,MFN,,,,1.0,H5,True,3888.658,0.00044078814615556867,aveestimated
IND,India,PRT,Portugal,2018,850231,HS850231 wind-powered generating sets,7.5,,7.5,MFN_FALLBACK,MFN,,,,1.0,H5,True,2111.602,0.0005089357787342375,aveestimated
IND,India,QAT,Qatar,2018,850231,HS850231 wind-powered generating sets,7.5,,7.5,MFN_FALLBACK,MFN,,,,1.0,H5,True,430.153,0.0001036749595945962,aveestimated
IND,India,ROU,,2013,850231,HS850231 wind-powered generating sets,7.5,,7.5,MFN_FALLBACK,MFN,,,,1.0,H4,True,119920.0,0.023323832903953342,aveestimated
IND,India,ROU,,2015,850231,HS850231 wind-powered generating sets,,,,MISSING,,,,,,,True,758495.0,0.3267406106148106,aveestimated
IND,India,RUS,Russian Federation,2018,850231,HS850231 wind-powered generating sets,7.5,,7.5,MFN_FALLBACK,MFN,,,,1.0,H5,True,1799.355,0.0004336783816951983,aveestimated
IND,India,SGP,Singapore,2011,850231,HS850231 wind-powered generating sets,7.5,,7.5,MFN_FALLBACK,MFN,,,,1.0,H4,True,264928.0,0.027976801456456268,aveestimated
IND,India,SGP,Singapore,2012,850231,HS850231 wind-powered generating sets,7.5,,7.5,MFN_FALLBACK,MFN,,,,1.0,H4,True,31656.0,0.006436569212638578,aveestimated
IND,India,SGP,Singapore,2013,850231,HS850231 wind-powered generating sets,7.5,,7.5,MFN_FALLBACK,MFN,,,,1.0,H4,True,2074.0,0.0004033825003568982,aveestimated
IND,India,SGP,Singapore,2016,850231,HS850231 wind-powered generating sets,5.0,5.0,10.0,BILATERAL_TRAINS,PREF,1.0,1.0,0.0,1.0,H4,True,3644.0,0.000519676471448099,aveestimated
IND,India,SVN,Slovenia,2018,850231,HS850231 wind-powered generating sets,7.5,,7.5,MFN_FALLBACK,MFN,,,,1.0,H5,True,1520094.943,0.3663714580520768,aveestimated
IND,India,SVN,Slovenia,2019,850231,HS850231 wind-powered generating sets,7.5,,7.5,MFN_FALLBACK,MFN,,,,1.0,H5,True,1752176.891,0.2504399474777653,aveestimated
IND,India,SWE,Sweden,2013,850231,HS850231 wind-powered generating sets,7.5,,7.5,MFN_FALLBACK,MFN,,,,1.0,H4,True,2058.0,0.00040027058135703786,aveestimated
IND,India,TUN,Tunisia,2010,850231,HS850231 wind-powered generating sets,7.5,,7.5,MFN_FALLBACK,MFN,,,,1.0,H3,True,5392.0,0.001388720406952771,aveestimated
IND,India,UKR,Ukraine,2015,850231,HS850231 wind-powered generating sets,,,,MISSING,,,,,,,True,8838.0,0.0038071885992837077,aveestimated
IND,India,USA,United States,2010,850231,HS850231 wind-powered generating sets,7.5,,7.5,MFN_FALLBACK,MFN,,,,1.0,H3,True,57818.0,0.014891141782120792,aveestimated
IND,India,USA,United States,2011,850231,HS850231 wind-powered generating sets,7.5,,7.5,MFN_FALLBACK,MFN,,,,1.0,H4,True,80125.0,0.00846132238456697,aveestimated
IND,India,USA,United States,2012,850231,HS850231 wind-powered generating sets,7.5,,7.5,MFN_FALLBACK,MFN,,,,1.0,H4,True,298584.0,0.06071065775165774,aveestimated
IND,India,USA,United States,2013,850231,HS850231 wind-powered generating sets,7.5,,7.5,MFN_FALLBACK,MFN,,,,1.0,H4,True,7914.0,0.0015392329353059269,aveestimated
IND,India,USA,United States,2014,850231,HS850231 wind-powered generating sets,7.5,,7.5,MFN_FALLBACK,MFN,,,,1.0,H4,True,6417.0,0.03198504672897196,aveestimated
IND,India,USA,United States,2016,850231,HS850231 wind-powered generating sets,10.0,,10.0,MFN_FALLBACK,MFN,,,,1.0,H4,True,7835.0,0.001117361458231574,aveestimated
IND,India,USA,United States,2017,850231,HS850231 wind-powered generating sets,7.5,,7.5,MFN_FALLBACK,MFN,,,,1.0,H5,True,2556.364,0.0002897696193542436,aveestimated
IND,India,USA,United States,2018,850231,HS850231 wind-powered generating sets,7.5,,7.5,MFN_FALLBACK,MFN,,,,1.0,H5,True,663764.5,0.15997972283775155,aveestimated
IND,India,VNM,Vietnam,2013,850231,HS850231 wind-powered generating sets,7.5,,7.5,MFN_FALLBACK,MFN,,,,1.0,H4,True,1245281.0,0.24220085025406873,aveestimated
IND,India,ZAF,South Africa,2020,850231,HS850231 wind-powered generating sets,7.5,,7.5,MFN_FALLBACK,MFN,,,,1.0,H5,True,6829.514,0.004185436236758401,aveestimated
IND,India,ZAF,South Africa,2021,850231,HS850231 wind-powered generating sets,7.5,,7.5,MFN_FALLBACK,MFN,,,,1.0,H5,True,4246.986,0.003212087970175086,aveestimated
IND,India,ZAF,South Africa,2024,850231,HS850231 wind-powered generating sets,,,,MISSING,,,,,,,True,6803.736,0.0006219538293909353,aveestimated
ITA,Italy,ARE,United Arab Emirates,2020,850231,HS850231 wind-powered generating sets,1.35000002384186,,1.35000002384186,MFN_FALLBACK,MFN,,,,4.0,H5,True,3656.169,0.00013954021530638655,aveestimated
ITA,Italy,ARE,United Arab Emirates,2022,850231,HS850231 wind-powered generating sets,2.70000004768372,,2.70000004768372,MFN_FALLBACK,MFN,,,,1.0,H6,True,6654.214,6.588063755945193e-05,aveestimated
ITA,Italy,ARE,United Arab Emirates,2023,850231,HS850231 wind-powered generating sets,2.70000004768372,,2.70000004768372,MFN_FALLBACK,MFN,,,,1.0,H6,True,5996.716,7.23201092878749e-05,aveestimated
ITA,Italy,ARE,United Arab Emirates,2024,850231,HS850231 wind-powered generating sets,,,,MISSING,,,,,,,True,1999.157,1.5143426124945968e-05,aveestimated
ITA,Italy,AUT,Austria,2011,850231,HS850231 wind-powered generating sets,1.35000002384186,,1.35000002384186,MFN_FALLBACK,MFN,,,,2.0,H3,True,233307.0,0.0008772108914515111,aveestimated
ITA,Italy,AUT,Austria,2012,850231,HS850231 wind-powered generating sets,1.35000002384186,,1.35000002384186,MFN_FALLBACK,MFN,,,,2.0,H4,True,22810256.0,0.07575150754352178,aveestimated
ITA,Italy,AUT,Austria,2013,850231,HS850231 wind-powered generating sets,1.35000002384186,,1.35000002384186,MFN_FALLBACK,MFN,,,,2.0,H4,True,26651059.0,0.15960398297741743,aveestimated
ITA,Italy,AUT,Austria,2014,850231,HS850231 wind-powered generating sets,1.35000002384186,,1.35000002384186,MFN_FALLBACK,MFN,,,,2.0,H4,True,4104978.0,0.10801805903217247,aveestimated
ITA,Italy,AUT,Austria,2015,850231,HS850231 wind-powered generating sets,1.35000002384186,,1.35000002384186,MFN_FALLBACK,MFN,,,,2.0,H4,True,4371161.692,0.08086053512048154,aveestimated
ITA,Italy,AUT,Austria,2016,850231,HS850231 wind-powered generating sets,1.35000002384186,,1.35000002384186,MFN_FALLBACK,MFN,,,,2.0,H4,True,330.771,5.439561375304564e-06,aveestimated
ITA,Italy,AUT,Austria,2017,850231,HS850231 wind-powered generating sets,1.35000002384186,,1.35000002384186,MFN_FALLBACK,MFN,,,,2.0,H5,True,742.2,2.7479977598295605e-05,aveestimated
ITA,Italy,AUT,Austria,2018,850231,HS850231 wind-powered generating sets,1.35000002384186,,1.35000002384186,MFN_FALLBACK,MFN,,,,2.0,H5,True,94.476,1.9063293549880496e-06,aveestimated
ITA,Italy,BEL,,2013,850231,HS850231 wind-powered generating sets,1.35000002384186,,1.35000002384186,MFN_FALLBACK,MFN,,,,2.0,H4,True,34523.0,0.00020674631744762494,aveestimated
ITA,Italy,BEL,,2016,850231,HS850231 wind-powered generating sets,1.35000002384186,,1.35000002384186,MFN_FALLBACK,MFN,,,,2.0,H4,True,569.723,9.369150334892243e-06,aveestimated
ITA,Italy,BEL,,2021,850231,HS850231 wind-powered generating sets,1.35000002384186,,1.35000002384186,MFN_FALLBACK,MFN,,,,4.0,H5,True,7990.594,5.255581531616335e-05,aveestimated
ITA,Italy,BEL,,2023,850231,HS850231 wind-powered generating sets,2.70000004768372,,2.70000004768372,MFN_FALLBACK,MFN,,,,1.0,H6,True,13985.128,0.00016865997745514703,aveestimated
ITA,Italy,BEL,,2024,850231,HS850231 wind-powered generating sets,,,,MISSING,,,,,,,True,450.27,3.4107528729756695e-06,aveestimated
ITA,Italy,BGR,Bulgaria,2015,850231,HS850231 wind-powered generating sets,1.35000002384186,,1.35000002384186,MFN_FALLBACK,MFN,,,,2.0,H4,True,148.635,2.749544968704574e-06,aveestimated
ITA,Italy,BGR,Bulgaria,2022,850231,HS850231 wind-powered generating sets,2.70000004768372,,2.70000004768372,MFN_FALLBACK,MFN,,,,1.0,H6,True,47807.355,0.0004733209703551843,aveestimated
ITA,Italy,BGR,Bulgaria,2023,850231,HS850231 wind-powered generating sets,2.70000004768372,,2.70000004768372,MFN_FALLBACK,MFN,,,,1.0,H6,True,124979.515,0.0015072469971140205,aveestimated
ITA,Italy,BGR,Bulgaria,2024,850231,HS850231 wind-powered generating sets,,,,MISSING,,,,,,,True,9179.669,6.953512873323938e-05,aveestimated
ITA,Italy,BIH,Bosnia and Herzegovina,2012,850231,HS850231 wind-powered generating sets,0.0,0.0,1.35000002384186,BILATERAL_TRAINS,PREF,2.0,1.0,1.0,2.0,H4,True,257237.0,0.000854268823022982,aveestimated
ITA,Italy,BIH,Bosnia and Herzegovina,2013,850231,HS850231 wind-powered generating sets,0.0,0.0,1.35000002384186,BILATERAL_TRAINS,PREF,2.0,1.0,1.0,2.0,H4,True,646798.0,0.003873449718520665,aveestimated
ITA,Italy,BIH,Bosnia and Herzegovina,2014,850231,HS850231 wind-powered generating sets,0.0,0.0,1.35000002384186,BILATERAL_TRAINS,PREF,2.0,1.0,1.0,2.0,H4,True,283547.0,0.007461232821319727,aveestimated
ITA,Italy,BIH,Bosnia and Herzegovina,2015,850231,HS850231 wind-powered generating sets,0.0,0.0,1.35000002384186,BILATERAL_TRAINS,PREF,2.0,1.0,1.0,2.0,H4,True,754724.735,0.013961379203257261,aveestimated
ITA,Italy,BIH,Bosnia and Herzegovina,2017,850231,HS850231 wind-powered generating sets,0.0,0.0,1.35000002384186,BILATERAL_TRAINS,PREF,2.0,1.0,1.0,2.0,H5,True,281716.459,0.010430560472098034,aveestimated
ITA,Italy,CAN,Canada,2010,850231,HS850231 wind-powered generating sets,1.35000002384186,,1.35000002384186,MFN_FALLBACK,MFN,,,,2.0,H3,True,8179.0,4.86648368553143e-05,aveestimated
ITA,Italy,CAN,Canada,2011,850231,HS850231 wind-powered generating sets,1.35000002384186,,1.35000002384186,MFN_FALLBACK,MFN,,,,2.0,H3,True,65713.0,0.00024707428114009933,aveestimated
ITA,Italy,CAN,Canada,2012,850231,HS850231 wind-powered generating sets,1.35000002384186,,1.35000002384186,MFN_FALLBACK,MFN,,,,2.0,H4,True,1258565.0,0.004179619732961896,aveestimated
ITA,Italy,CAN,Canada,2013,850231,HS850231 wind-powered generating sets,1.35000002384186,,1.35000002384186,MFN_FALLBACK,MFN,,,,2.0,H4,True,926286.0,0.0055472067723920495,aveestimated
ITA,Italy,CAN,Canada,2014,850231,HS850231 wind-powered generating sets,1.35000002384186,,1.35000002384186,MFN_FALLBACK,MFN,,,,2.0,H4,True,142978.0,0.003762311526225465,aveestimated
ITA,Italy,CAN,Canada,2015,850231,HS850231 wind-powered generating sets,1.35000002384186,,1.35000002384186,MFN_FALLBACK,MFN,,,,2.0,H4,True,2478727.249,0.04585307657199771,aveestimated
ITA,Italy,CAN,Canada,2016,850231,HS850231 wind-powered generating sets,1.35000002384186,,1.35000002384186,MFN_FALLBACK,MFN,,,,2.0,H4,True,1296885.357,0.02132740626032896,aveestimated
ITA,Italy,CAN,Canada,2017,850231,HS850231 wind-powered generating sets,1.35000002384186,,1.35000002384186,MFN_FALLBACK,MFN,,,,2.0,H5,True,33375.295,0.001235721313576539,aveestimated
ITA,Italy,CHE,Switzerland,2011,850231,HS850231 wind-powered generating sets,0.0,0.0,1.35000002384186,BILATERAL_TRAINS,PREF,2.0,1.0,1.0,2.0,H3,True,55233.0,0.00020767053353539034,aveestimated
ITA,Italy,CHE,Switzerland,2012,850231,HS850231 wind-powered generating sets,0.0,0.0,1.35000002384186,BILATERAL_TRAINS,PREF,2.0,1.0,1.0,2.0,H4,True,7812.0,2.594318875377778e-05,aveestimated
ITA,Italy,CHE,Switzerland,2016,850231,HS850231 wind-powered generating sets,0.0,0.0,1.35000002384186,BILATERAL_TRAINS,PREF,2.0,1.0,1.0,2.0,H4,True,2267.827,3.729463633472349e-05,aveestimated
ITA,Italy,CHE,Switzerland,2022,850231,HS850231 wind-powered generating sets,2.70000004768372,,2.70000004768372,MFN_FALLBACK,MFN,,,,1.0,H6,True,13055.697,0.0001292590893744962,aveestimated
ITA,Italy,CHN,China,2010,850231,HS850231 wind-powered generating sets,1.35000002384186,,1.35000002384186,MFN_FALLBACK,MFN,,,,2.0,H3,True,1508393.0,0.008974899041288434,aveestimated
ITA,Italy,CHN,China,2011,850231,HS850231 wind-powered generating sets,1.35000002384186,,1.35000002384186,MFN_FALLBACK,MFN,,,,2.0,H3,True,2521271.0,0.00947972577548399,aveestimated
ITA,Italy,CHN,China,2012,850231,HS850231 wind-powered generating sets,1.35000002384186,,1.35000002384186,MFN_FALLBACK,MFN,,,,2.0,H4,True,3930056.0,0.013051482926384651,aveestimated
ITA,Italy,CHN,China,2013,850231,HS850231 wind-powered generating sets,1.35000002384186,,1.35000002384186,MFN_FALLBACK,MFN,,,,2.0,H4,True,3714926.0,0.02224740810736134,aveestimated
ITA,Italy,CHN,China,2014,850231,HS850231 wind-powered generating sets,1.35000002384186,,1.35000002384186,MFN_FALLBACK,MFN,,,,2.0,H4,True,7468770.0,0.19653260961635333,aveestimated
ITA,Italy,CHN,China,2015,850231,HS850231 wind-powered generating sets,1.35000002384186,,1.35000002384186,MFN_FALLBACK,MFN,,,,2.0,H4,True,5499567.312,0.10173450151553631,aveestimated
ITA,Italy,CHN,China,2016,850231,HS850231 wind-powered generating sets,1.35000002384186,,1.35000002384186,MFN_FALLBACK,MFN,,,,2.0,H4,True,8206995.531,0.13496484243698745,aveestimated
ITA,Italy,CHN,China,2017,850231,HS850231 wind-powered generating sets,1.35000002384186,,1.35000002384186,MFN_FALLBACK,MFN,,,,2.0,H5,True,10602200.784,0.3925468068404097,aveestimated
ITA,Italy,CHN,China,2018,850231,HS850231 wind-powered generating sets,1.35000002384186,,1.35000002384186,MFN_FALLBACK,MFN,,,,2.0,H5,True,16027608.907,0.3234038417130491,aveestimated
ITA,Italy,CHN,China,2019,850231,HS850231 wind-powered generating sets,1.35000002384186,,1.35000002384186,MFN_FALLBACK,MFN,,,,2.0,H5,True,94259.153,0.04366137337840406,aveestimated
ITA,Italy,CHN,China,2020,850231,HS850231 wind-powered generating sets,1.35000002384186,,1.35000002384186,MFN_FALLBACK,MFN,,,,4.0,H5,True,16466047.164,0.6284380635877815,aveestimated
ITA,Italy,CHN,China,2021,850231,HS850231 wind-powered generating sets,1.35000002384186,,1.35000002384186,MFN_FALLBACK,MFN,,,,4.0,H5,True,106264054.192,0.6989210072319437,aveestimated
ITA,Italy,CHN,China,2022,850231,HS850231 wind-powered generating sets,2.70000004768372,,2.70000004768372,MFN_FALLBACK,MFN,,,,1.0,H6,True,67740493.316,0.6706707791859221,aveestimated
ITA,Italy,CHN,China,2023,850231,HS850231 wind-powered generating sets,2.70000004768372,,2.70000004768372,MFN_FALLBACK,MFN,,,,1.0,H6,True,59896927.106,0.7223540875228703,aveestimated
ITA,Italy,CHN,China,2024,850231,HS850231 wind-powered generating sets,,,,MISSING,,,,,,,True,19964457.795,0.15122888884824162,aveestimated
ITA,Italy,CYP,Cyprus,2012,850231,HS850231 wind-powered generating sets,1.35000002384186,,1.35000002384186,MFN_FALLBACK,MFN,,,,2.0,H4,True,10479739.0,0.03480259177769155,aveestimated
ITA,Italy,CYP,Cyprus,2023,850231,HS850231 wind-powered generating sets,2.70000004768372,,2.70000004768372,MFN_FALLBACK,MFN,,,,1.0,H6,True,29129.377,0.000351298898951978,aveestimated
ITA,Italy,DEU,Germany,2010,850231,HS850231 wind-powered generating sets,1.35000002384186,,1.35000002384186,MFN_FALLBACK,MFN,,,,2.0,H3,True,25051659.0,0.14905671820393276,aveestimated
ITA,Italy,DEU,Germany,2011,850231,HS850231 wind-powered generating sets,1.35000002384186,,1.35000002384186,MFN_FALLBACK,MFN,,,,2.0,H3,True,195877445.0,0.7364795233048915,aveestimated
ITA,Italy,DEU,Germany,2012,850231,HS850231 wind-powered generating sets,1.35000002384186,,1.35000002384186,MFN_FALLBACK,MFN,,,,2.0,H4,True,132805552.0,0.44103936291418977,aveestimated
ITA,Italy,DEU,Germany,2013,850231,HS850231 wind-powered generating sets,1.35000002384186,,1.35000002384186,MFN_FALLBACK,MFN,,,,2.0,H4,True,91887588.0,0.550283012430686,aveestimated
ITA,Italy,DEU,Germany,2014,850231,HS850231 wind-powered generating sets,1.35000002384186,,1.35000002384186,MFN_FALLBACK,MFN,,,,2.0,H4,True,2854030.0,0.07510071455184199,aveestimated
ITA,Italy,DEU,Germany,2015,850231,HS850231 wind-powered generating sets,1.35000002384186,,1.35000002384186,MFN_FALLBACK,MFN,,,,2.0,H4,True,18536011.929,0.3428909633614554,aveestimated
ITA,Italy,DEU,Germany,2016,850231,HS850231 wind-powered generating sets,1.35000002384186,,1.35000002384186,MFN_FALLBACK,MFN,,,,2.0,H4,True,23066045.699,0.37932337256074555,aveestimated
ITA,Italy,DEU,Germany,2017,850231,HS850231 wind-powered generating sets,1.35000002384186,,1.35000002384186,MFN_FALLBACK,MFN,,,,2.0,H5,True,5651830.193,0.2092591849811516,aveestimated
ITA,Italy,DEU,Germany,2018,850231,HS850231 wind-powered generating sets,1.35000002384186,,1.35000002384186,MFN_FALLBACK,MFN,,,,2.0,H5,True,21174881.944,0.4272651153547315,aveestimated
ITA,Italy,DEU,Germany,2019,850231,HS850231 wind-powered generating sets,1.35000002384186,,1.35000002384186,MFN_FALLBACK,MFN,,,,2.0,H5,True,225461.76,0.10443516382872786,aveestimated
ITA,Italy,DEU,Germany,2020,850231,HS850231 wind-powered generating sets,1.35000002384186,,1.35000002384186,MFN_FALLBACK,MFN,,,,4.0,H5,True,7022841.22,0.2680315860402969,aveestimated
ITA,Italy,DEU,Germany,2021,850231,HS850231 wind-powered generating sets,1.35000002384186,,1.35000002384186,MFN_FALLBACK,MFN,,,,4.0,H5,True,14871572.044,0.09781345339351266,aveestimated
ITA,Italy,DEU,Germany,2022,850231,HS850231 wind-powered generating sets,2.70000004768372,,2.70000004768372,MFN_FALLBACK,MFN,,,,1.0,H6,True,3116860.722,0.03085875680424069,aveestimated
ITA,Italy,DEU,Germany,2023,850231,HS850231 wind-powered generating sets,2.70000004768372,,2.70000004768372,MFN_FALLBACK,MFN,,,,1.0,H6,True,3972192.734,0.04790445514434611,aveestimated
ITA,Italy,DEU,Germany,2024,850231,HS850231 wind-powered generating sets,,,,MISSING,,,,,,,True,349074.193,0.002644204158963319,aveestimated
ITA,Italy,DNK,Denmark,2010,850231,HS850231 wind-powered generating sets,1.35000002384186,,1.35000002384186,MFN_FALLBACK,MFN,,,,2.0,H3,True,118362.0,0.0007042508154870658,aveestimated
ITA,Italy,DNK,Denmark,2011,850231,HS850231 wind-powered generating sets,1.35000002384186,,1.35000002384186,MFN_FALLBACK,MFN,,,,2.0,H3,True,228217.0,0.000858073002586247,aveestimated
ITA,Italy,DNK,Denmark,2013,850231,HS850231 wind-powered generating sets,1.35000002384186,,1.35000002384186,MFN_FALLBACK,MFN,,,,2.0,H4,True,264900.0,0.0015863945628096007,aveestimated
ITA,Italy,DNK,Denmark,2014,850231,HS850231 wind-powered generating sets,1.35000002384186,,1.35000002384186,MFN_FALLBACK,MFN,,,,2.0,H4,True,506405.0,0.01332550020589326,aveestimated
ITA,Italy,DNK,Denmark,2015,850231,HS850231 wind-powered generating sets,1.35000002384186,,1.35000002384186,MFN_FALLBACK,MFN,,,,2.0,H4,True,2856485.606,0.05284109143979774,aveestimated
ITA,Italy,DNK,Denmark,2016,850231,HS850231 wind-powered generating sets,1.35000002384186,,1.35000002384186,MFN_FALLBACK,MFN,,,,2.0,H4,True,568066.447,0.00934190815914242,aveestimated
ITA,Italy,DNK,Denmark,2017,850231,HS850231 wind-powered generating sets,1.35000002384186,,1.35000002384186,MFN_FALLBACK,MFN,,,,2.0,H5,True,252340.234,0.009342904847034048,aveestimated
ITA,Italy,DNK,Denmark,2019,850231,HS850231 wind-powered generating sets,1.35000002384186,,1.35000002384186,MFN_FALLBACK,MFN,,,,2.0,H5,True,5980.905,0.0027703890607394246,aveestimated
ITA,Italy,DNK,Denmark,2020,850231,HS850231 wind-powered generating sets,1.35000002384186,,1.35000002384186,MFN_FALLBACK,MFN,,,,4.0,H5,True,40687.306,0.0015528591373858355,aveestimated
ITA,Italy,DNK,Denmark,2022,850231,HS850231 wind-powered generating sets,2.70000004768372,,2.70000004768372,MFN_FALLBACK,MFN,,,,1.0,H6,True,219187.86,0.0021700889033764003,aveestimated
ITA,Italy,DNK,Denmark,2023,850231,HS850231 wind-powered generating sets,2.70000004768372,,2.70000004768372,MFN_FALLBACK,MFN,,,,1.0,H6,True,503584.641,0.00607320678064715,aveestimated
ITA,Italy,ESP,Spain,2010,850231,HS850231 wind-powered generating sets,1.35000002384186,,1.35000002384186,MFN_FALLBACK,MFN,,,,2.0,H3,True,135455499.0,0.8059566890805954,aveestimated
ITA,Italy,ESP,Spain,2011,850231,HS850231 wind-powered generating sets,1.35000002384186,,1.35000002384186,MFN_FALLBACK,MFN,,,,2.0,H3,True,63260135.0,0.237851755055326,aveestimated
ITA,Italy,ESP,Spain,2012,850231,HS850231 wind-powered generating sets,1.35000002384186,,1.35000002384186,MFN_FALLBACK,MFN,,,,2.0,H4,True,121052428.0,0.4020079350623521,aveestimated
ITA,Italy,ESP,Spain,2013,850231,HS850231 wind-powered generating sets,1.35000002384186,,1.35000002384186,MFN_FALLBACK,MFN,,,,2.0,H4,True,22768500.0,0.13635267875926912,aveestimated
ITA,Italy,ESP,Spain,2014,850231,HS850231 wind-powered generating sets,1.35000002384186,,1.35000002384186,MFN_FALLBACK,MFN,,,,2.0,H4,True,2839177.0,0.07470987391133067,aveestimated
ITA,Italy,ESP,Spain,2015,850231,HS850231 wind-powered generating sets,1.35000002384186,,1.35000002384186,MFN_FALLBACK,MFN,,,,2.0,H4,True,13627.803,0.0002520957861415353,aveestimated
ITA,Italy,ESP,Spain,2016,850231,HS850231 wind-powered generating sets,1.35000002384186,,1.35000002384186,MFN_FALLBACK,MFN,,,,2.0,H4,True,18872340.393,0.31035747953527654,aveestimated
ITA,Italy,ESP,Spain,2017,850231,HS850231 wind-powered generating sets,1.35000002384186,,1.35000002384186,MFN_FALLBACK,MFN,,,,2.0,H5,True,3507449.384,0.12986342023642644,aveestimated
ITA,Italy,ESP,Spain,2018,850231,HS850231 wind-powered generating sets,1.35000002384186,,1.35000002384186,MFN_FALLBACK,MFN,,,,2.0,H5,True,941112.871,0.018989702065544494,aveestimated
ITA,Italy,ESP,Spain,2019,850231,HS850231 wind-powered generating sets,1.35000002384186,,1.35000002384186,MFN_FALLBACK,MFN,,,,2.0,H5,True,11560.993,0.0053551174175956754,aveestimated
ITA,Italy,ESP,Spain,2021,850231,HS850231 wind-powered generating sets,1.35000002384186,,1.35000002384186,MFN_FALLBACK,MFN,,,,4.0,H5,True,8955995.85,0.05890546608486495,aveestimated
ITA,Italy,ESP,Spain,2022,850231,HS850231 wind-powered generating sets,2.70000004768372,,2.70000004768372,MFN_FALLBACK,MFN,,,,1.0,H6,True,15015431.999,0.14866162003877778,aveestimated
ITA,Italy,ESP,Spain,2023,850231,HS850231 wind-powered generating sets,2.70000004768372,,2.70000004768372,MFN_FALLBACK,MFN,,,,1.0,H6,True,6247112.71,0.0753398816820527,aveestimated
ITA,Italy,ESP,Spain,2024,850231,HS850231 wind-powered generating sets,,,,MISSING,,,,,,,True,46125339.154,0.34939510301926097,aveestimated
ITA,Italy,EST,Estonia,2015,850231,HS850231 wind-powered generating sets,1.35000002384186,,1.35000002384186,MFN_FALLBACK,MFN,,,,2.0,H4,True,610622.307,0.011295680640432133,aveestimated
ITA,Italy,EST,Estonia,2016,850231,HS850231 wind-powered generating sets,1.35000002384186,,1.35000002384186,MFN_FALLBACK,MFN,,,,2.0,H4,True,492063.251,0.008092028183687188,aveestimated
ITA,Italy,EST,Estonia,2017,850231,HS850231 wind-powered generating sets,1.35000002384186,,1.35000002384186,MFN_FALLBACK,MFN,,,,2.0,H5,True,176908.045,0.0065500257525711,aveestimated
ITA,Italy,EST,Estonia,2018,850231,HS850231 wind-powered generating sets,1.35000002384186,,1.35000002384186,MFN_FALLBACK,MFN,,,,2.0,H5,True,7188.467,0.00014504832613005292,aveestimated
ITA,Italy,FIN,Finland,2014,850231,HS850231 wind-powered generating sets,1.35000002384186,,1.35000002384186,MFN_FALLBACK,MFN,,,,2.0,H4,True,13590.0,0.000357606160677895,aveestimated
ITA,Italy,FIN,Finland,2023,850231,HS850231 wind-powered generating sets,2.70000004768372,,2.70000004768372,MFN_FALLBACK,MFN,,,,1.0,H6,True,42131.632,0.0005081054748493221,aveestimated
ITA,Italy,FRA,France,2010,850231,HS850231 wind-powered generating sets,1.35000002384186,,1.35000002384186,MFN_FALLBACK,MFN,,,,2.0,H3,True,13254.0,7.8860954600848e-05,aveestimated
ITA,Italy,FRA,France,2011,850231,HS850231 wind-powered generating sets,1.35000002384186,,1.35000002384186,MFN_FALLBACK,MFN,,,,2.0,H3,True,416.0,1.5641182255304325e-06,aveestimated
ITA,Italy,FRA,France,2012,850231,HS850231 wind-powered generating sets,1.35000002384186,,1.35000002384186,MFN_FALLBACK,MFN,,,,2.0,H4,True,25145.0,8.350505391880983e-05,aveestimated
ITA,Italy,FRA,France,2013,850231,HS850231 wind-powered generating sets,1.35000002384186,,1.35000002384186,MFN_FALLBACK,MFN,,,,2.0,H4,True,1409095.0,0.008438583036927875,aveestimated
ITA,Italy,FRA,France,2014,850231,HS850231 wind-powered generating sets,1.35000002384186,,1.35000002384186,MFN_FALLBACK,MFN,,,,2.0,H4,True,4082151.0,0.10741739120069387,aveestimated
ITA,Italy,FRA,France,2015,850231,HS850231 wind-powered generating sets,1.35000002384186,,1.35000002384186,MFN_FALLBACK,MFN,,,,2.0,H4,True,414122.828,0.007660708030767381,aveestimated
ITA,Italy,FRA,France,2017,850231,HS850231 wind-powered generating sets,1.35000002384186,,1.35000002384186,MFN_FALLBACK,MFN,,,,2.0,H5,True,261687.215,0.00968897710315328,aveestimated
ITA,Italy,FRA,France,2022,850231,HS850231 wind-powered generating sets,2.70000004768372,,2.70000004768372,MFN_FALLBACK,MFN,,,,1.0,H6,True,15498.77,0.0001534469509076965,aveestimated
ITA,Italy,FRA,France,2023,850231,HS850231 wind-powered generating sets,2.70000004768372,,2.70000004768372,MFN_FALLBACK,MFN,,,,1.0,H6,True,172611.56,0.0020816871907141468,aveestimated
ITA,Italy,FRA,France,2024,850231,HS850231 wind-powered generating sets,,,,MISSING,,,,,,,True,18357.173,0.00013905385779523706,aveestimated
ITA,Italy,GBR,United Kingdom,2010,850231,HS850231 wind-powered generating sets,1.35000002384186,,1.35000002384186,MFN_FALLBACK,MFN,,,,2.0,H3,True,17598.0,0.00010470764139623683,aveestimated
ITA,Italy,GBR,United Kingdom,2011,850231,HS850231 wind-powered generating sets,1.35000002384186,,1.35000002384186,MFN_FALLBACK,MFN,,,,2.0,H3,True,158734.0,0.0005968239000272781,aveestimated
ITA,Italy,GBR,United Kingdom,2013,850231,HS850231 wind-powered generating sets,1.35000002384186,,1.35000002384186,MFN_FALLBACK,MFN,,,,2.0,H4,True,834.0,4.994537808166127e-06,aveestimated
ITA,Italy,GBR,United Kingdom,2014,850231,HS850231 wind-powered generating sets,1.35000002384186,,1.35000002384186,MFN_FALLBACK,MFN,,,,2.0,H4,True,1108.0,2.9155822371678267e-05,aveestimated
ITA,Italy,GBR,United Kingdom,2015,850231,HS850231 wind-powered generating sets,1.35000002384186,,1.35000002384186,MFN_FALLBACK,MFN,,,,2.0,H4,True,183862.203,0.003401200223322832,aveestimated
ITA,Italy,GBR,United Kingdom,2016,850231,HS850231 wind-powered generating sets,1.35000002384186,,1.35000002384186,MFN_FALLBACK,MFN,,,,2.0,H4,True,198366.317,0.0032621534418513748,aveestimated
ITA,Italy,GBR,United Kingdom,2017,850231,HS850231 wind-powered generating sets,1.35000002384186,,1.35000002384186,MFN_FALLBACK,MFN,,,,2.0,H5,True,5316.279,0.00019683539184355882,aveestimated
ITA,Italy,GBR,United Kingdom,2019,850231,HS850231 wind-powered generating sets,1.35000002384186,,1.35000002384186,MFN_FALLBACK,MFN,,,,2.0,H5,True,264.226,0.00012239097928539832,aveestimated
ITA,Italy,GBR,United Kingdom,2021,850231,HS850231 wind-powered generating sets,1.35000002384186,,1.35000002384186,MFN_FALLBACK,MFN,,,,4.0,H5,True,20787.844,0.00013672601687499258,aveestimated
ITA,Italy,GBR,United Kingdom,2022,850231,HS850231 wind-powered generating sets,2.70000004768372,,2.70000004768372,MFN_FALLBACK,MFN,,,,1.0,H6,True,1364.751,1.3511838661921539e-05,aveestimated
ITA,Italy,GBR,United Kingdom,2023,850231,HS850231 wind-powered generating sets,2.70000004768372,,2.70000004768372,MFN_FALLBACK,MFN,,,,1.0,H6,True,31529.793,0.0003802478015607331,aveestimated
ITA,Italy,GBR,United Kingdom,2024,850231,HS850231 wind-powered generating sets,,,,MISSING,,,,,,,True,19647.37,0.00014882697864373817,aveestimated
ITA,Italy,GRC,,2015,850231,HS850231 wind-powered generating sets,1.35000002384186,,1.35000002384186,MFN_FALLBACK,MFN,,,,2.0,H4,True,4242454.045,0.07847961902909893,aveestimated
ITA,Italy,GRC,,2019,850231,HS850231 wind-powered generating sets,1.35000002384186,,1.35000002384186,MFN_FALLBACK,MFN,,,,2.0,H5,True,1326071.449,0.6142438035829825,aveestimated
ITA,Italy,GRC,,2020,850231,HS850231 wind-powered generating sets,1.35000002384186,,1.35000002384186,MFN_FALLBACK,MFN,,,,4.0,H5,True,450944.692,0.017210615650685778,aveestimated
ITA,Italy,GRC,,2021,850231,HS850231 wind-powered generating sets,1.35000002384186,,1.35000002384186,MFN_FALLBACK,MFN,,,,4.0,H5,True,1514025.871,0.009958066203860359,aveestimated
ITA,Italy,HKG,"Hong Kong, China",2016,850231,HS850231 wind-powered generating sets,1.35000002384186,,1.35000002384186,MFN_FALLBACK,MFN,,,,2.0,H4,True,31162.162,0.0005124647952395574,aveestimated
ITA,Italy,HRV,Croatia,2011,850231,HS850231 wind-powered generating sets,0.0,0.0,1.35000002384186,BILATERAL_TRAINS,PREF,2.0,1.0,1.0,2.0,H3,True,8257.0,3.104549083703073e-05,aveestimated
ITA,Italy,HRV,Croatia,2012,850231,HS850231 wind-powered generating sets,0.0,0.0,1.35000002384186,BILATERAL_TRAINS,PREF,2.0,1.0,1.0,2.0,H4,True,5209.0,1.7298780109885875e-05,aveestimated
ITA,Italy,HUN,Hungary,2024,850231,HS850231 wind-powered generating sets,,,,MISSING,,,,,,,True,7933.849,6.00981594832104e-05,aveestimated
ITA,Italy,IDN,Indonesia,2017,850231,HS850231 wind-powered generating sets,1.35000002384186,,1.35000002384186,MFN_FALLBACK,MFN,,,,2.0,H5,True,1920.458,7.110501592356182e-05,aveestimated
ITA,Italy,IND,India,2010,850231,HS850231 wind-powered generating sets,1.35000002384186,,1.35000002384186,MFN_FALLBACK,MFN,,,,2.0,H3,True,1651856.0,0.009828500152643607,aveestimated
ITA,Italy,IND,India,2013,850231,HS850231 wind-powered generating sets,1.35000002384186,,1.35000002384186,MFN_FALLBACK,MFN,,,,2.0,H4,True,1784477.0,0.010686616120267224,aveestimated
ITA,Italy,IND,India,2014,850231,HS850231 wind-powered generating sets,1.35000002384186,,1.35000002384186,MFN_FALLBACK,MFN,,,,2.0,H4,True,828606.0,0.021803871256414118,aveestimated
ITA,Italy,IND,India,2015,850231,HS850231 wind-powered generating sets,1.35000002384186,,1.35000002384186,MFN_FALLBACK,MFN,,,,2.0,H4,True,1472347.37,0.02723642011214662,aveestimated
ITA,Italy,IND,India,2016,850231,HS850231 wind-powered generating sets,1.35000002384186,,1.35000002384186,MFN_FALLBACK,MFN,,,,2.0,H4,True,1363184.464,0.022417701545146503,aveestimated
ITA,Italy,IND,India,2017,850231,HS850231 wind-powered generating sets,1.35000002384186,,1.35000002384186,MFN_FALLBACK,MFN,,,,2.0,H5,True,2360881.913,0.08741172471228952,aveestimated
ITA,Italy,IND,India,2018,850231,HS850231 wind-powered generating sets,1.35000002384186,,1.35000002384186,MFN_FALLBACK,MFN,,,,2.0,H5,True,1595864.474,0.03220122881333633,aveestimated
ITA,Italy,IND,India,2019,850231,HS850231 wind-powered generating sets,1.35000002384186,,1.35000002384186,MFN_FALLBACK,MFN,,,,2.0,H5,True,415500.484,0.19246217681196012,aveestimated
ITA,Italy,IND,India,2020,850231,HS850231 wind-powered generating sets,1.35000002384186,,1.35000002384186,MFN_FALLBACK,MFN,,,,4.0,H5,True,2174399.667,0.0829874652116232,aveestimated
ITA,Italy,IND,India,2021,850231,HS850231 wind-powered generating sets,1.35000002384186,,1.35000002384186,MFN_FALLBACK,MFN,,,,4.0,H5,True,14896688.717,0.09797865102807456,aveestimated
ITA,Italy,IND,India,2022,850231,HS850231 wind-powered generating sets,2.70000004768372,,2.70000004768372,MFN_FALLBACK,MFN,,,,1.0,H6,True,13345645.431,0.13212974960478677,aveestimated
ITA,Italy,IND,India,2023,850231,HS850231 wind-powered generating sets,2.70000004768372,,2.70000004768372,MFN_FALLBACK,MFN,,,,1.0,H6,True,7780972.261,0.09383815479696606,aveestimated
ITA,Italy,IND,India,2024,850231,HS850231 wind-powered generating sets,,,,MISSING,,,,,,,True,58910205.001,0.4462392585665188,aveestimated
ITA,Italy,IRL,,2013,850231,HS850231 wind-powered generating sets,1.35000002384186,,1.35000002384186,MFN_FALLBACK,MFN,,,,2.0,H4,True,468057.0,0.0028030316341448596,aveestimated
ITA,Italy,IRL,,2014,850231,HS850231 wind-powered generating sets,1.35000002384186,,1.35000002384186,MFN_FALLBACK,MFN,,,,2.0,H4,True,1313205.0,0.03455557014223805,aveestimated
ITA,Italy,IRL,,2015,850231,HS850231 wind-powered generating sets,1.35000002384186,,1.35000002384186,MFN_FALLBACK,MFN,,,,2.0,H4,True,6553790.919,0.12123620175112307,aveestimated
ITA,Italy,IRL,,2016,850231,HS850231 wind-powered generating sets,1.35000002384186,,1.35000002384186,MFN_FALLBACK,MFN,,,,2.0,H4,True,595885.5,0.009799395200619303,aveestimated
ITA,Italy,IRL,,2017,850231,HS850231 wind-powered generating sets,1.35000002384186,,1.35000002384186,MFN_FALLBACK,MFN,,,,2.0,H5,True,63306.194,0.0023439137603790835,aveestimated
ITA,Italy,IRN,"Iran, Islamic Rep.",2012,850231,HS850231 wind-powered generating sets,1.35000002384186,,1.35000002384186,MFN_FALLBACK,MFN,,,,2.0,H4,True,2216.0,7.359204592725495e-06,aveestimated
ITA,Italy,ISR,Israel,2011,850231,HS850231 wind-powered generating sets,0.0,0.0,1.35000002384186,BILATERAL_TRAINS,PREF,2.0,1.0,1.0,2.0,H3,True,258287.0,0.0009711331829749491,aveestimated
ITA,Italy,JPN,Japan,2010,850231,HS850231 wind-powered generating sets,1.35000002384186,,1.35000002384186,MFN_FALLBACK,MFN,,,,2.0,H3,True,21448.0,0.0001276150410652624,aveestimated
ITA,Italy,JPN,Japan,2011,850231,HS850231 wind-powered generating sets,1.35000002384186,,1.35000002384186,MFN_FALLBACK,MFN,,,,2.0,H3,True,16068.0,6.0414066461112954e-05,aveestimated
ITA,Italy,JPN,Japan,2017,850231,HS850231 wind-powered generating sets,1.35000002384186,,1.35000002384186,MFN_FALLBACK,MFN,,,,2.0,H5,True,6256.173,0.0002316349958111854,aveestimated
ITA,Italy,JPN,Japan,2018,850231,HS850231 wind-powered generating sets,1.35000002384186,,1.35000002384186,MFN_FALLBACK,MFN,,,,2.0,H5,True,35755.744,0.0007214766120140334,aveestimated
ITA,Italy,JPN,Japan,2019,850231,HS850231 wind-powered generating sets,1.35000002384186,,1.35000002384186,MFN_FALLBACK,MFN,,,,2.0,H5,True,50365.222,0.023329456005489572,aveestimated
ITA,Italy,KOR,"Korea, Rep.",2013,850231,HS850231 wind-powered generating sets,0.0,0.0,1.35000002384186,BILATERAL_TRAINS,PREF,2.0,1.0,1.0,2.0,H4,True,2236.0,1.3390631341797913e-05,aveestimated
ITA,Italy,LTU,Lithuania,2013,850231,HS850231 wind-powered generating sets,1.35000002384186,,1.35000002384186,MFN_FALLBACK,MFN,,,,2.0,H4,True,132782.0,0.0007951855146809528,aveestimated
ITA,Italy,LTU,Lithuania,2014,850231,HS850231 wind-powered generating sets,1.35000002384186,,1.35000002384186,MFN_FALLBACK,MFN,,,,2.0,H4,True,651489.0,0.0171432288457602,aveestimated
ITA,Italy,LTU,Lithuania,2017,850231,HS850231 wind-powered generating sets,1.35000002384186,,1.35000002384186,MFN_FALLBACK,MFN,,,,2.0,H5,True,171711.512,0.0063576239600235335,aveestimated
ITA,Italy,LTU,Lithuania,2024,850231,HS850231 wind-powered generating sets,,,,MISSING,,,,,,,True,821036.451,0.006219273844728713,aveestimated
ITA,Italy,LUX,,2021,850231,HS850231 wind-powered generating sets,1.35000002384186,,1.35000002384186,MFN_FALLBACK,MFN,,,,4.0,H5,True,525.137,3.453936364140647e-06,aveestimated
ITA,Italy,MAR,Morocco,2013,850231,HS850231 wind-powered generating sets,0.0,0.0,1.35000002384186,BILATERAL_TRAINS,PREF,2.0,1.0,1.0,2.0,H4,True,1381.0,8.270331790260697e-06,aveestimated
ITA,Italy,MEX,Mexico,2021,850231,HS850231 wind-powered generating sets,1.35000002384186,,1.35000002384186,MFN_FALLBACK,MFN,,,,4.0,H5,True,5099.976,3.354361350018102e-05,aveestimated
ITA,Italy,NLD,,2013,850231,HS850231 wind-powered generating sets,1.35000002384186,,1.35000002384186,MFN_FALLBACK,MFN,,,,2.0,H4,True,391707.0,0.0023457978671742553,aveestimated
ITA,Italy,NLD,,2014,850231,HS850231 wind-powered generating sets,1.35000002384186,,1.35000002384186,MFN_FALLBACK,MFN,,,,2.0,H4,True,199232.0,0.005242574731727621,aveestimated
ITA,Italy,NLD,,2015,850231,HS850231 wind-powered generating sets,1.35000002384186,,1.35000002384186,MFN_FALLBACK,MFN,,,,2.0,H4,True,318368.821,0.005889389376479007,aveestimated
ITA,Italy,NLD,,2016,850231,HS850231 wind-powered generating sets,1.35000002384186,,1.35000002384186,MFN_FALLBACK,MFN,,,,2.0,H4,True,139630.691,0.002296240340207233,aveestimated
ITA,Italy,NLD,,2017,850231,HS850231 wind-powered generating sets,1.35000002384186,,1.35000002384186,MFN_FALLBACK,MFN,,,,2.0,H5,True,840580.946,0.03112253511942081,aveestimated
ITA,Italy,NLD,,2018,850231,HS850231 wind-powered generating sets,1.35000002384186,,1.35000002384186,MFN_FALLBACK,MFN,,,,2.0,H5,True,7553.382,0.0001524115525216811,aveestimated
ITA,Italy,NLD,,2019,850231,HS850231 wind-powered generating sets,1.35000002384186,,1.35000002384186,MFN_FALLBACK,MFN,,,,2.0,H5,True,17260.879,0.007995336886365334,aveestimated
ITA,Italy,NLD,,2020,850231,HS850231 wind-powered generating sets,1.35000002384186,,1.35000002384186,MFN_FALLBACK,MFN,,,,4.0,H5,True,16454.476,0.0006279964421211847,aveestimated
ITA,Italy,NLD,,2021,850231,HS850231 wind-powered generating sets,1.35000002384186,,1.35000002384186,MFN_FALLBACK,MFN,,,,4.0,H5,True,5185613.712,0.03410687072185576,aveestimated
ITA,Italy,NLD,,2022,850231,HS850231 wind-powered generating sets,2.70000004768372,,2.70000004768372,MFN_FALLBACK,MFN,,,,1.0,H6,True,1405410.285,0.01391438952946374,aveestimated
ITA,Italy,NLD,,2023,850231,HS850231 wind-powered generating sets,2.70000004768372,,2.70000004768372,MFN_FALLBACK,MFN,,,,1.0,H6,True,3137535.536,0.0378385290979448,aveestimated
ITA,Italy,NLD,,2024,850231,HS850231 wind-powered generating sets,,,,MISSING,,,,,,,True,5471721.139,0.041447772658551436,aveestimated
ITA,Italy,POL,Poland,2012,850231,HS850231 wind-powered generating sets,1.35000002384186,,1.35000002384186,MFN_FALLBACK,MFN,,,,2.0,H4,True,27010.0,8.969860832559368e-05,aveestimated
ITA,Italy,POL,Poland,2013,850231,HS850231 wind-powered generating sets,1.35000002384186,,1.35000002384186,MFN_FALLBACK,MFN,,,,2.0,H4,True,3986120.0,0.02387149526125559,aveestimated
ITA,Italy,POL,Poland,2014,850231,HS850231 wind-powered generating sets,1.35000002384186,,1.35000002384186,MFN_FALLBACK,MFN,,,,2.0,H4,True,555193.0,0.014609303691334992,aveestimated
ITA,Italy,POL,Poland,2015,850231,HS850231 wind-powered generating sets,1.35000002384186,,1.35000002384186,MFN_FALLBACK,MFN,,,,2.0,H4,True,1218621.323,0.022542833971882545,aveestimated
ITA,Italy,POL,Poland,2016,850231,HS850231 wind-powered generating sets,1.35000002384186,,1.35000002384186,MFN_FALLBACK,MFN,,,,2.0,H4,True,374787.808,0.006163422078513119,aveestimated
ITA,Italy,POL,Poland,2017,850231,HS850231 wind-powered generating sets,1.35000002384186,,1.35000002384186,MFN_FALLBACK,MFN,,,,2.0,H5,True,1277669.211,0.04730574143938563,aveestimated
ITA,Italy,POL,Poland,2018,850231,HS850231 wind-powered generating sets,1.35000002384186,,1.35000002384186,MFN_FALLBACK,MFN,,,,2.0,H5,True,133341.516,0.002690554703728023,aveestimated
ITA,Italy,POL,Poland,2021,850231,HS850231 wind-powered generating sets,1.35000002384186,,1.35000002384186,MFN_FALLBACK,MFN,,,,4.0,H5,True,2365.481,1.555826545184168e-05,aveestimated
ITA,Italy,POL,Poland,2022,850231,HS850231 wind-powered generating sets,2.70000004768372,,2.70000004768372,MFN_FALLBACK,MFN,,,,1.0,H6,True,42.122,4.170326074994333e-07,aveestimated
ITA,Italy,PRT,Portugal,2012,850231,HS850231 wind-powered generating sets,1.35000002384186,,1.35000002384186,MFN_FALLBACK,MFN,,,,2.0,H4,True,8083664.0,0.026845368788289595,aveestimated
ITA,Italy,PRT,Portugal,2013,850231,HS850231 wind-powered generating sets,1.35000002384186,,1.35000002384186,MFN_FALLBACK,MFN,,,,2.0,H4,True,3973.0,2.379292411492089e-05,aveestimated
ITA,Italy,PRT,Portugal,2014,850231,HS850231 wind-powered generating sets,1.35000002384186,,1.35000002384186,MFN_FALLBACK,MFN,,,,2.0,H4,True,8340.0,0.0002194580853608274,aveestimated
ITA,Italy,PRT,Portugal,2015,850231,HS850231 wind-powered generating sets,1.35000002384186,,1.35000002384186,MFN_FALLBACK,MFN,,,,2.0,H4,True,6514.414,0.00012050778240494258,aveestimated
ITA,Italy,PRT,Portugal,2016,850231,HS850231 wind-powered generating sets,1.35000002384186,,1.35000002384186,MFN_FALLBACK,MFN,,,,2.0,H4,True,1570847.767,0.025832744829070938,aveestimated
ITA,Italy,PRT,Portugal,2017,850231,HS850231 wind-powered generating sets,1.35000002384186,,1.35000002384186,MFN_FALLBACK,MFN,,,,2.0,H5,True,15316.215,0.0005670833267187807,aveestimated
ITA,Italy,PRT,Portugal,2018,850231,HS850231 wind-powered generating sets,1.35000002384186,,1.35000002384186,MFN_FALLBACK,MFN,,,,2.0,H5,True,9565727.4,0.1930165009572115,aveestimated
ITA,Italy,PRT,Portugal,2021,850231,HS850231 wind-powered generating sets,1.35000002384186,,1.35000002384186,MFN_FALLBACK,MFN,,,,4.0,H5,True,244235.874,0.001606390649747158,aveestimated
ITA,Italy,PRT,Portugal,2022,850231,HS850231 wind-powered generating sets,2.70000004768372,,2.70000004768372,MFN_FALLBACK,MFN,,,,1.0,H6,True,20935.66,0.0002072753639314749,aveestimated
ITA,Italy,PRT,Portugal,2023,850231,HS850231 wind-powered generating sets,2.70000004768372,,2.70000004768372,MFN_FALLBACK,MFN,,,,1.0,H6,True,335733.907,0.004048934924696322,aveestimated
ITA,Italy,PRT,Portugal,2024,850231,HS850231 wind-powered generating sets,,,,MISSING,,,,,,,True,234261.768,0.001774510845124836,aveestimated
ITA,Italy,ROU,,2012,850231,HS850231 wind-powered generating sets,1.35000002384186,,1.35000002384186,MFN_FALLBACK,MFN,,,,2.0,H4,True,19293.0,6.407090893838131e-05,aveestimated
ITA,Italy,RUS,Russian Federation,2011,850231,HS850231 wind-powered generating sets,1.35000002384186,,1.35000002384186,MFN_FALLBACK,MFN,,,,2.0,H3,True,27840.0,0.00010467560432395971,aveestimated
ITA,Italy,SVK,Slovak Republic,2023,850231,HS850231 wind-powered generating sets,2.70000004768372,,2.70000004768372,MFN_FALLBACK,MFN,,,,1.0,H6,True,1028.286,1.2401080174414086e-05,aveestimated
ITA,Italy,SVN,Slovenia,2013,850231,HS850231 wind-powered generating sets,1.35000002384186,,1.35000002384186,MFN_FALLBACK,MFN,,,,2.0,H4,True,3733834.0,0.022360641585630888,aveestimated
ITA,Italy,SVN,Slovenia,2015,850231,HS850231 wind-powered generating sets,1.35000002384186,,1.35000002384186,MFN_FALLBACK,MFN,,,,2.0,H4,True,155123.578,0.002869574820313867,aveestimated
ITA,Italy,SVN,Slovenia,2023,850231,HS850231 wind-powered generating sets,2.70000004768372,,2.70000004768372,MFN_FALLBACK,MFN,,,,1.0,H6,True,589291.398,0.007106826187160538,aveestimated
ITA,Italy,SWE,Sweden,2010,850231,HS850231 wind-powered generating sets,1.35000002384186,,1.35000002384186,MFN_FALLBACK,MFN,,,,2.0,H3,True,24684.0,0.00014686915673512387,aveestimated
ITA,Italy,SWE,Sweden,2016,850231,HS850231 wind-powered generating sets,1.35000002384186,,1.35000002384186,MFN_FALLBACK,MFN,,,,2.0,H4,True,32523.965,0.0005348597784744052,aveestimated
ITA,Italy,SWZ,Swaziland,2019,850231,HS850231 wind-powered generating sets,1.35000002384186,,1.35000002384186,MFN_FALLBACK,MFN,,,,2.0,H5,True,1567.44,0.0007260470830694358,aveestimated
ITA,Italy,THA,Thailand,2016,850231,HS850231 wind-powered generating sets,1.35000002384186,,1.35000002384186,MFN_FALLBACK,MFN,,,,2.0,H4,True,1219.096,2.0048152692915317e-05,aveestimated
ITA,Italy,TUN,Tunisia,2010,850231,HS850231 wind-powered generating sets,0.0,0.0,1.35000002384186,BILATERAL_TRAINS,PREF,2.0,1.0,1.0,2.0,H3,True,12189.0,7.252423235474092e-05,aveestimated
ITA,Italy,TUN,Tunisia,2016,850231,HS850231 wind-powered generating sets,0.0,0.0,1.35000002384186,BILATERAL_TRAINS,PREF,2.0,1.0,1.0,2.0,H4,True,11460.826,0.00018847440204457555,aveestimated
ITA,Italy,TUR,Turkey,2019,850231,HS850231 wind-powered generating sets,1.35000002384186,,1.35000002384186,MFN_FALLBACK,MFN,,,,2.0,H5,True,1644.693,0.0007618311100869695,aveestimated
ITA,Italy,TUR,Turkey,2021,850231,HS850231 wind-powered generating sets,1.35000002384186,,1.35000002384186,MFN_FALLBACK,MFN,,,,4.0,H5,True,2389.135,1.571384277881994e-05,aveestimated
ITA,Italy,TUR,Turkey,2022,850231,HS850231 wind-powered generating sets,2.70000004768372,,2.70000004768372,MFN_FALLBACK,MFN,,,,1.0,H6,True,7644.08,7.568089393509966e-05,aveestimated
ITA,Italy,TUR,Turkey,2023,850231,HS850231 wind-powered generating sets,2.70000004768372,,2.70000004768372,MFN_FALLBACK,MFN,,,,1.0,H6,True,13112.545,0.00015813666804333866,aveestimated
ITA,Italy,TUR,Turkey,2024,850231,HS850231 wind-powered generating sets,,,,MISSING,,,,,,,True,81178.534,0.0006149197549569216,aveestimated
ITA,Italy,USA,United States,2010,850231,HS850231 wind-powered generating sets,1.35000002384186,,1.35000002384186,MFN_FALLBACK,MFN,,,,2.0,H3,True,4184842.0,0.024899700843045262,aveestimated
ITA,Italy,USA,United States,2011,850231,HS850231 wind-powered generating sets,1.35000002384186,,1.35000002384186,MFN_FALLBACK,MFN,,,,2.0,H3,True,3229224.0,0.012141557963269918,aveestimated
ITA,Italy,USA,United States,2012,850231,HS850231 wind-powered generating sets,1.35000002384186,,1.35000002384186,MFN_FALLBACK,MFN,,,,2.0,H4,True,321690.0,0.0010683134140044514,aveestimated
ITA,Italy,USA,United States,2013,850231,HS850231 wind-powered generating sets,1.35000002384186,,1.35000002384186,MFN_FALLBACK,MFN,,,,2.0,H4,True,8173342.0,0.04894732090895941,aveestimated
ITA,Italy,USA,United States,2014,850231,HS850231 wind-powered generating sets,1.35000002384186,,1.35000002384186,MFN_FALLBACK,MFN,,,,2.0,H4,True,12149902.0,0.31971153839828387,aveestimated
ITA,Italy,USA,United States,2015,850231,HS850231 wind-powered generating sets,1.35000002384186,,1.35000002384186,MFN_FALLBACK,MFN,,,,2.0,H4,True,4364641.732,0.08073992474463362,aveestimated
ITA,Italy,USA,United States,2016,850231,HS850231 wind-powered generating sets,1.35000002384186,,1.35000002384186,MFN_FALLBACK,MFN,,,,2.0,H4,True,3977196.368,0.06540538241071435,aveestimated
ITA,Italy,USA,United States,2017,850231,HS850231 wind-powered generating sets,1.35000002384186,,1.35000002384186,MFN_FALLBACK,MFN,,,,2.0,H5,True,1495224.308,0.05536072552986667,aveestimated
ITA,Italy,USA,United States,2018,850231,HS850231 wind-powered generating sets,1.35000002384186,,1.35000002384186,MFN_FALLBACK,MFN,,,,2.0,H5,True,69988.058,0.0014122135723782358,aveestimated
ITA,Italy,USA,United States,2019,850231,HS850231 wind-powered generating sets,1.35000002384186,,1.35000002384186,MFN_FALLBACK,MFN,,,,2.0,H5,True,8931.052,0.004136913855293632,aveestimated
ITA,Italy,USA,United States,2020,850231,HS850231 wind-powered generating sets,1.35000002384186,,1.35000002384186,MFN_FALLBACK,MFN,,,,4.0,H5,True,20549.248,0.0007842762438783144,aveestimated
ITA,Italy,USA,United States,2021,850231,HS850231 wind-powered generating sets,1.35000002384186,,1.35000002384186,MFN_FALLBACK,MFN,,,,4.0,H5,True,68804.735,0.00045254319585472124,aveestimated
ITA,Italy,USA,United States,2022,850231,HS850231 wind-powered generating sets,2.70000004768372,,2.70000004768372,MFN_FALLBACK,MFN,,,,1.0,H6,True,48060.086,0.0004758231560995919,aveestimated
ITA,Italy,USA,United States,2023,850231,HS850231 wind-powered generating sets,2.70000004768372,,2.70000004768372,MFN_FALLBACK,MFN,,,,1.0,H6,True,21212.328,0.00025581966516510855,aveestimated
ITA,Italy,ZAF,South Africa,2011,850231,HS850231 wind-powered generating sets,0.0,0.0,1.35000002384186,BILATERAL_TRAINS,PREF,2.0,1.0,1.0,2.0,H3,True,24403.0,9.175282946543064e-05,aveestimated
ITA,Italy,ZAF,South Africa,2012,850231,HS850231 wind-powered generating sets,0.0,0.0,1.35000002384186,BILATERAL_TRAINS,PREF,2.0,1.0,1.0,2.0,H4,True,33627.0,0.00011167327294204883,aveestimated
ITA,Italy,ZAF,South Africa,2015,850231,HS850231 wind-powered generating sets,0.0,0.0,1.35000002384186,BILATERAL_TRAINS,PREF,2.0,1.0,1.0,2.0,H4,True,7111.171,0.00013154697375885812,aveestimated
ITA,Italy,ZAF,South Africa,2016,850231,HS850231 wind-powered generating sets,0.0,0.0,1.35000002384186,BILATERAL_TRAINS,PREF,2.0,1.0,1.0,2.0,H4,True,6565.637,0.00010797254121271371,aveestimated
ITA,Italy,ZAF,South Africa,2017,850231,HS850231 wind-powered generating sets,0.0,0.0,1.35000002384186,BILATERAL_TRAINS,PREF,2.0,1.0,1.0,2.0,H5,True,2322.624,8.599522431859838e-05,aveestimated
ITA,Italy,ZAF,South Africa,2020,850231,HS850231 wind-powered generating sets,1.35000002384186,,1.35000002384186,MFN_FALLBACK,MFN,,,,4.0,H5,True,5963.405,0.00022759747092084148,aveestimated
JPN,Japan,AUS,Australia,2024,850231,HS850231 wind-powered generating sets,,,,MISSING,,,,,,,True,7907.969,6.649355038388589e-05,aveestimated
JPN,Japan,BRA,Brazil,2022,850231,HS850231 wind-powered generating sets,0.0,,0.0,MFN_FALLBACK,MFN,,,,1.0,H6,True,455496.919,0.002420034851915263,aveestimated
JPN,Japan,CAN,Canada,2011,850231,HS850231 wind-powered generating sets,0.0,,0.0,MFN_FALLBACK,MFN,,,,1.0,H3,True,64978.0,0.002129518356485594,aveestimated
JPN,Japan,CAN,Canada,2012,850231,HS850231 wind-powered generating sets,0.0,,0.0,MFN_FALLBACK,MFN,,,,1.0,H4,True,4349.0,0.00010428333049545516,aveestimated
JPN,Japan,CHN,China,2010,850231,HS850231 wind-powered generating sets,0.0,,0.0,MFN_FALLBACK,MFN,,,,1.0,H3,True,49012.0,0.001183631438827516,aveestimated
JPN,Japan,CHN,China,2011,850231,HS850231 wind-powered generating sets,0.0,,0.0,MFN_FALLBACK,MFN,,,,1.0,H3,True,163036.0,0.005343164682938615,aveestimated
JPN,Japan,CHN,China,2012,850231,HS850231 wind-powered generating sets,0.0,,0.0,MFN_FALLBACK,MFN,,,,1.0,H4,True,224865.0,0.00539196852422638,aveestimated
JPN,Japan,CHN,China,2013,850231,HS850231 wind-powered generating sets,,,,MISSING,,,,,,,True,171396.0,0.0036905652781706842,aveestimated
JPN,Japan,CHN,China,2014,850231,HS850231 wind-powered generating sets,0.0,,0.0,MFN_FALLBACK,MFN,,,,1.0,H4,True,291949.0,0.0034345651396244037,aveestimated
JPN,Japan,CHN,China,2015,850231,HS850231 wind-powered generating sets,0.0,,0.0,MFN_FALLBACK,MFN,,,,1.0,H4,True,377194.0,0.00431991667879706,aveestimated
JPN,Japan,CHN,China,2016,850231,HS850231 wind-powered generating sets,0.0,,0.0,MFN_FALLBACK,MFN,,,,1.0,H4,True,7698837.0,0.10470910151214895,aveestimated
JPN,Japan,CHN,China,2017,850231,HS850231 wind-powered generating sets,0.0,,0.0,MFN_FALLBACK,MFN,,,,1.0,H5,True,23949072.806,0.13918542912497459,aveestimated
JPN,Japan,CHN,China,2018,850231,HS850231 wind-powered generating sets,0.0,,0.0,MFN_FALLBACK,MFN,,,,1.0,H5,True,31357385.426,0.26304265252319187,aveestimated
JPN,Japan,CHN,China,2019,850231,HS850231 wind-powered generating sets,0.0,,0.0,MFN_FALLBACK,MFN,,,,1.0,H5,True,76656483.102,0.33600591701323246,aveestimated
JPN,Japan,CHN,China,2020,850231,HS850231 wind-powered generating sets,0.0,,0.0,MFN_FALLBACK,MFN,,,,1.0,H5,True,15531173.742,0.1475733398488089,aveestimated
JPN,Japan,CHN,China,2021,850231,HS850231 wind-powered generating sets,0.0,,0.0,MFN_FALLBACK,MFN,,,,1.0,H5,True,20436269.524,0.25601745826820826,aveestimated
JPN,Japan,CHN,China,2022,850231,HS850231 wind-powered generating sets,0.0,,0.0,MFN_FALLBACK,MFN,,,,1.0,H6,True,110538099.042,0.587283999051816,aveestimated
JPN,Japan,CHN,China,2023,850231,HS850231 wind-powered generating sets,0.0,,0.0,MFN_FALLBACK,MFN,,,,1.0,H6,True,170560066.579,0.605492571114065,aveestimated
JPN,Japan,CHN,China,2024,850231,HS850231 wind-powered generating sets,,,,MISSING,,,,,,,True,50642643.679,0.42582478244954763,aveestimated
JPN,Japan,CZE,Czech Republic,2014,850231,HS850231 wind-powered generating sets,0.0,,0.0,MFN_FALLBACK,MFN,,,,1.0,H4,True,2439.0,2.8693040139010308e-05,aveestimated
JPN,Japan,CZE,Czech Republic,2021,850231,HS850231 wind-powered generating sets,0.0,,0.0,MFN_FALLBACK,MFN,,,,1.0,H5,True,2478.26,3.104665581859987e-05,aveestimated
JPN,Japan,DEU,Germany,2010,850231,HS850231 wind-powered generating sets,0.0,,0.0,MFN_FALLBACK,MFN,,,,1.0,H3,True,39880589.0,0.9631094209450505,aveestimated
JPN,Japan,DEU,Germany,2011,850231,HS850231 wind-powered generating sets,0.0,,0.0,MFN_FALLBACK,MFN,,,,1.0,H3,True,28391091.0,0.9304587621218403,aveestimated
JPN,Japan,DEU,Germany,2012,850231,HS850231 wind-powered generating sets,0.0,,0.0,MFN_FALLBACK,MFN,,,,1.0,H4,True,39517552.0,0.9475791988014107,aveestimated
JPN,Japan,DEU,Germany,2013,850231,HS850231 wind-powered generating sets,,,,MISSING,,,,,,,True,44708214.0,0.9626746378995104,aveestimated
JPN,Japan,DEU,Germany,2014,850231,HS850231 wind-powered generating sets,0.0,,0.0,MFN_FALLBACK,MFN,,,,1.0,H4,True,40130320.0,0.4721036828828734,aveestimated
JPN,Japan,DEU,Germany,2015,850231,HS850231 wind-powered generating sets,0.0,,0.0,MFN_FALLBACK,MFN,,,,1.0,H4,True,31487906.0,0.360623791231552,aveestimated
JPN,Japan,DEU,Germany,2016,850231,HS850231 wind-powered generating sets,0.0,,0.0,MFN_FALLBACK,MFN,,,,1.0,H4,True,50476128.0,0.6865075868851651,aveestimated
JPN,Japan,DEU,Germany,2017,850231,HS850231 wind-powered generating sets,0.0,,0.0,MFN_FALLBACK,MFN,,,,1.0,H5,True,63737967.809,0.3704275515345595,aveestimated
JPN,Japan,DEU,Germany,2018,850231,HS850231 wind-powered generating sets,0.0,,0.0,MFN_FALLBACK,MFN,,,,1.0,H5,True,58898811.121,0.4940749777844795,aveestimated
JPN,Japan,DEU,Germany,2019,850231,HS850231 wind-powered generating sets,0.0,,0.0,MFN_FALLBACK,MFN,,,,1.0,H5,True,75075341.312,0.3290753486440839,aveestimated
JPN,Japan,DEU,Germany,2020,850231,HS850231 wind-powered generating sets,0.0,,0.0,MFN_FALLBACK,MFN,,,,1.0,H5,True,50822152.581,0.48289942017725024,aveestimated
JPN,Japan,DEU,Germany,2021,850231,HS850231 wind-powered generating sets,0.0,,0.0,MFN_FALLBACK,MFN,,,,1.0,H5,True,45104687.339,0.5650535874442117,aveestimated
JPN,Japan,DEU,Germany,2022,850231,HS850231 wind-powered generating sets,0.0,,0.0,MFN_FALLBACK,MFN,,,,1.0,H6,True,12472160.708,0.0662640345807655,aveestimated
JPN,Japan,DEU,Germany,2023,850231,HS850231 wind-powered generating sets,0.0,,0.0,MFN_FALLBACK,MFN,,,,1.0,H6,True,56911855.612,0.20203853382890927,aveestimated
JPN,Japan,DEU,Germany,2024,850231,HS850231 wind-powered generating sets,,,,MISSING,,,,,,,True,67454046.652,0.56718217403884,aveestimated
JPN,Japan,DNK,Denmark,2010,850231,HS850231 wind-powered generating sets,0.0,,0.0,MFN_FALLBACK,MFN,,,,1.0,H3,True,190497.0,0.004600470052279551,aveestimated
JPN,Japan,DNK,Denmark,2011,850231,HS850231 wind-powered generating sets,0.0,,0.0,MFN_FALLBACK,MFN,,,,1.0,H3,True,460235.0,0.015083241724847601,aveestimated
JPN,Japan,DNK,Denmark,2012,850231,HS850231 wind-powered generating sets,0.0,,0.0,MFN_FALLBACK,MFN,,,,1.0,H4,True,165728.0,0.003973940629190801,aveestimated
JPN,Japan,DNK,Denmark,2013,850231,HS850231 wind-powered generating sets,,,,MISSING,,,,,,,True,59247.0,0.0012757294279666883,aveestimated
JPN,Japan,DNK,Denmark,2014,850231,HS850231 wind-powered generating sets,0.0,,0.0,MFN_FALLBACK,MFN,,,,1.0,H4,True,11601315.0,0.1364809335630596,aveestimated
JPN,Japan,DNK,Denmark,2015,850231,HS850231 wind-powered generating sets,0.0,,0.0,MFN_FALLBACK,MFN,,,,1.0,H4,True,22849877.0,0.2616944192133526,aveestimated
JPN,Japan,DNK,Denmark,2016,850231,HS850231 wind-powered generating sets,0.0,,0.0,MFN_FALLBACK,MFN,,,,1.0,H4,True,1683775.0,0.02290041566000405,aveestimated
JPN,Japan,DNK,Denmark,2017,850231,HS850231 wind-powered generating sets,0.0,,0.0,MFN_FALLBACK,MFN,,,,1.0,H5,True,49673244.771,0.2886872467041568,aveestimated
JPN,Japan,DNK,Denmark,2018,850231,HS850231 wind-powered generating sets,0.0,,0.0,MFN_FALLBACK,MFN,,,,1.0,H5,True,10856450.193,0.09106975651690732,aveestimated
JPN,Japan,DNK,Denmark,2019,850231,HS850231 wind-powered generating sets,0.0,,0.0,MFN_FALLBACK,MFN,,,,1.0,H5,True,66033634.794,0.2894431248972336,aveestimated
JPN,Japan,DNK,Denmark,2020,850231,HS850231 wind-powered generating sets,0.0,,0.0,MFN_FALLBACK,MFN,,,,1.0,H5,True,31851922.922,0.3026490286110903,aveestimated
JPN,Japan,DNK,Denmark,2021,850231,HS850231 wind-powered generating sets,0.0,,0.0,MFN_FALLBACK,MFN,,,,1.0,H5,True,14154217.54,0.17731840902325394,aveestimated
JPN,Japan,DNK,Denmark,2022,850231,HS850231 wind-powered generating sets,0.0,,0.0,MFN_FALLBACK,MFN,,,,1.0,H6,True,63632053.411,0.3380742668723814,aveestimated
JPN,Japan,DNK,Denmark,2023,850231,HS850231 wind-powered generating sets,0.0,,0.0,MFN_FALLBACK,MFN,,,,1.0,H6,True,46715728.708,0.16584202418666702,aveestimated
JPN,Japan,ESP,Spain,2013,850231,HS850231 wind-powered generating sets,,,,MISSING,,,,,,,True,15409.0,0.00033179257608889395,aveestimated
JPN,Japan,ESP,Spain,2014,850231,HS850231 wind-powered generating sets,0.0,,0.0,MFN_FALLBACK,MFN,,,,1.0,H4,True,26007141.0,0.3059548752004513,aveestimated
JPN,Japan,ESP,Spain,2015,850231,HS850231 wind-powered generating sets,0.0,,0.0,MFN_FALLBACK,MFN,,,,1.0,H4,True,26925781.0,0.3083748162259659,aveestimated
JPN,Japan,ESP,Spain,2016,850231,HS850231 wind-powered generating sets,0.0,,0.0,MFN_FALLBACK,MFN,,,,1.0,H4,True,2550323.0,0.034686022044078633,aveestimated
JPN,Japan,ESP,Spain,2017,850231,HS850231 wind-powered generating sets,0.0,,0.0,MFN_FALLBACK,MFN,,,,1.0,H5,True,8857088.648,0.051474964991587116,aveestimated
JPN,Japan,ESP,Spain,2018,850231,HS850231 wind-powered generating sets,0.0,,0.0,MFN_FALLBACK,MFN,,,,1.0,H5,True,2878865.249,0.02414947359501194,aveestimated
JPN,Japan,ESP,Spain,2019,850231,HS850231 wind-powered generating sets,0.0,,0.0,MFN_FALLBACK,MFN,,,,1.0,H5,True,407236.967,0.0017850288064539767,aveestimated
JPN,Japan,ESP,Spain,2020,850231,HS850231 wind-powered generating sets,0.0,,0.0,MFN_FALLBACK,MFN,,,,1.0,H5,True,1404932.3,0.013349316363115395,aveestimated
JPN,Japan,ESP,Spain,2023,850231,HS850231 wind-powered generating sets,0.0,,0.0,MFN_FALLBACK,MFN,,,,1.0,H6,True,15965.971,5.6679602822768066e-05,aveestimated
JPN,Japan,EST,Estonia,2015,850231,HS850231 wind-powered generating sets,0.0,,0.0,MFN_FALLBACK,MFN,,,,1.0,H4,True,162784.0,0.0018643279496527005,aveestimated
JPN,Japan,EST,Estonia,2016,850231,HS850231 wind-powered generating sets,0.0,,0.0,MFN_FALLBACK,MFN,,,,1.0,H4,True,102664.0,0.0013962959856980033,aveestimated
JPN,Japan,FIN,Finland,2015,850231,HS850231 wind-powered generating sets,0.0,,0.0,MFN_FALLBACK,MFN,,,,1.0,H4,True,55815.0,0.0006392364391455271,aveestimated
JPN,Japan,FIN,Finland,2016,850231,HS850231 wind-powered generating sets,0.0,,0.0,MFN_FALLBACK,MFN,,,,1.0,H4,True,844247.0,0.011482298537341057,aveestimated
JPN,Japan,FIN,Finland,2017,850231,HS850231 wind-powered generating sets,0.0,,0.0,MFN_FALLBACK,MFN,,,,1.0,H5,True,27517.117,0.00015992192136004538,aveestimated
JPN,Japan,FIN,Finland,2018,850231,HS850231 wind-powered generating sets,0.0,,0.0,MFN_FALLBACK,MFN,,,,1.0,H5,True,54557.8,0.00045766023642808667,aveestimated
JPN,Japan,FRA,France,2010,850231,HS850231 wind-powered generating sets,0.0,,0.0,MFN_FALLBACK,MFN,,,,1.0,H3,True,834939.0,0.020163634414086497,aveestimated
JPN,Japan,FRA,France,2011,850231,HS850231 wind-powered generating sets,0.0,,0.0,MFN_FALLBACK,MFN,,,,1.0,H3,True,2537.0,8.314488088897707e-05,aveestimated
JPN,Japan,FRA,France,2018,850231,HS850231 wind-powered generating sets,0.0,,0.0,MFN_FALLBACK,MFN,,,,1.0,H5,True,350154.642,0.002937285892101808,aveestimated
JPN,Japan,GBR,United Kingdom,2010,850231,HS850231 wind-powered generating sets,0.0,,0.0,MFN_FALLBACK,MFN,,,,1.0,H3,True,119783.0,0.002892739015691593,aveestimated
JPN,Japan,GBR,United Kingdom,2011,850231,HS850231 wind-powered generating sets,0.0,,0.0,MFN_FALLBACK,MFN,,,,1.0,H3,True,145931.0,0.0047825840019745025,aveestimated
JPN,Japan,GBR,United Kingdom,2012,850231,HS850231 wind-powered generating sets,0.0,,0.0,MFN_FALLBACK,MFN,,,,1.0,H4,True,289617.0,0.0069446367735346605,aveestimated
JPN,Japan,GBR,United Kingdom,2013,850231,HS850231 wind-powered generating sets,,,,MISSING,,,,,,,True,216578.0,0.0046634416603400924,aveestimated
JPN,Japan,GBR,United Kingdom,2014,850231,HS850231 wind-powered generating sets,0.0,,0.0,MFN_FALLBACK,MFN,,,,1.0,H4,True,425676.0,0.005007764884876323,aveestimated
JPN,Japan,GBR,United Kingdom,2015,850231,HS850231 wind-powered generating sets,0.0,,0.0,MFN_FALLBACK,MFN,,,,1.0,H4,True,1154580.0,0.013223140874471784,aveestimated
JPN,Japan,GBR,United Kingdom,2016,850231,HS850231 wind-powered generating sets,0.0,,0.0,MFN_FALLBACK,MFN,,,,1.0,H4,True,691314.0,0.009402312037879194,aveestimated
JPN,Japan,GBR,United Kingdom,2017,850231,HS850231 wind-powered generating sets,0.0,,0.0,MFN_FALLBACK,MFN,,,,1.0,H5,True,1245160.673,0.007236531618778493,aveestimated
JPN,Japan,GBR,United Kingdom,2018,850231,HS850231 wind-powered generating sets,0.0,,0.0,MFN_FALLBACK,MFN,,,,1.0,H5,True,507755.004,0.004259322684899026,aveestimated
JPN,Japan,GBR,United Kingdom,2019,850231,HS850231 wind-powered generating sets,0.0,,0.0,MFN_FALLBACK,MFN,,,,1.0,H5,True,300001.263,0.0013149859659660403,aveestimated
JPN,Japan,GBR,United Kingdom,2020,850231,HS850231 wind-powered generating sets,0.0,,0.0,MFN_FALLBACK,MFN,,,,1.0,H5,True,143027.829,0.001359014763950242,aveestimated
JPN,Japan,GBR,United Kingdom,2021,850231,HS850231 wind-powered generating sets,0.0,,0.0,MFN_FALLBACK,MFN,,,,1.0,H5,True,64817.432,0.0008120070139329616,aveestimated
JPN,Japan,GBR,United Kingdom,2022,850231,HS850231 wind-powered generating sets,0.0,,0.0,MFN_FALLBACK,MFN,,,,1.0,H6,True,120686.113,0.0006411999454208903,aveestimated
JPN,Japan,GBR,United Kingdom,2023,850231,HS850231 wind-powered generating sets,0.0,,0.0,MFN_FALLBACK,MFN,,,,1.0,H6,True,74323.047,0.0002638487057591376,aveestimated
JPN,Japan,GBR,United Kingdom,2024,850231,HS850231 wind-powered generating sets,,,,MISSING,,,,,,,True,63944.217,0.0005376700407965222,aveestimated
JPN,Japan,IND,India,2019,850231,HS850231 wind-powered generating sets,0.0,,0.0,MFN_FALLBACK,MFN,,,,1.0,H5,True,3871.458,1.696963835057906e-05,aveestimated
JPN,Japan,IRL,,2015,850231,HS850231 wind-powered generating sets,0.0,,0.0,MFN_FALLBACK,MFN,,,,1.0,H4,True,335122.0,0.0038380756778523214,aveestimated
JPN,Japan,IRL,,2016,850231,HS850231 wind-powered generating sets,0.0,,0.0,MFN_FALLBACK,MFN,,,,1.0,H4,True,5139719.0,0.06990346184948723,aveestimated
JPN,Japan,IRL,,2017,850231,HS850231 wind-powered generating sets,0.0,,0.0,MFN_FALLBACK,MFN,,,,1.0,H5,True,16229919.889,0.09432383385833969,aveestimated
JPN,Japan,IRL,,2018,850231,HS850231 wind-powered generating sets,0.0,,0.0,MFN_FALLBACK,MFN,,,,1.0,H5,True,9759909.0,0.08187137788650954,aveestimated
JPN,Japan,IRL,,2019,850231,HS850231 wind-powered generating sets,0.0,,0.0,MFN_FALLBACK,MFN,,,,1.0,H5,True,5697602.044,0.024974117284030987,aveestimated
JPN,Japan,IRL,,2020,850231,HS850231 wind-powered generating sets,0.0,,0.0,MFN_FALLBACK,MFN,,,,1.0,H5,True,1104648.792,0.01049609735254948,aveestimated
JPN,Japan,ITA,Italy,2013,850231,HS850231 wind-powered generating sets,,,,MISSING,,,,,,,True,3455.0,7.439440264696792e-05,aveestimated
JPN,Japan,ITA,Italy,2017,850231,HS850231 wind-powered generating sets,0.0,,0.0,MFN_FALLBACK,MFN,,,,1.0,H5,True,134207.227,0.0007799755185924369,aveestimated
JPN,Japan,ITA,Italy,2018,850231,HS850231 wind-powered generating sets,0.0,,0.0,MFN_FALLBACK,MFN,,,,1.0,H5,True,933103.111,0.007827371895348477,aveestimated
JPN,Japan,ITA,Italy,2019,850231,HS850231 wind-powered generating sets,0.0,,0.0,MFN_FALLBACK,MFN,,,,1.0,H5,True,984863.937,0.0043169226775590696,aveestimated
JPN,Japan,ITA,Italy,2020,850231,HS850231 wind-powered generating sets,0.0,,0.0,MFN_FALLBACK,MFN,,,,1.0,H5,True,90265.828,0.00085768338784051,aveestimated
JPN,Japan,ITA,Italy,2021,850231,HS850231 wind-powered generating sets,0.0,,0.0,MFN_FALLBACK,MFN,,,,1.0,H5,True,7179.665,8.99439881803555e-05,aveestimated
JPN,Japan,KOR,"Korea, Rep.",2010,850231,HS850231 wind-powered generating sets,0.0,,0.0,MFN_FALLBACK,MFN,,,,1.0,H3,True,160148.0,0.003867546879648842,aveestimated
JPN,Japan,KOR,"Korea, Rep.",2011,850231,HS850231 wind-powered generating sets,0.0,,0.0,MFN_FALLBACK,MFN,,,,1.0,H3,True,1003607.0,0.03289112513769949,aveestimated
JPN,Japan,KOR,"Korea, Rep.",2012,850231,HS850231 wind-powered generating sets,0.0,,0.0,MFN_FALLBACK,MFN,,,,1.0,H4,True,521451.0,0.0125037128006865,aveestimated
JPN,Japan,KOR,"Korea, Rep.",2013,850231,HS850231 wind-powered generating sets,,,,MISSING,,,,,,,True,191501.0,0.0041234739511713464,aveestimated
JPN,Japan,KOR,"Korea, Rep.",2014,850231,HS850231 wind-powered generating sets,0.0,,0.0,MFN_FALLBACK,MFN,,,,1.0,H4,True,5142059.0,0.060492540091906195,aveestimated
JPN,Japan,KOR,"Korea, Rep.",2015,850231,HS850231 wind-powered generating sets,0.0,,0.0,MFN_FALLBACK,MFN,,,,1.0,H4,True,1942098.0,0.0222424045505984,aveestimated
JPN,Japan,KOR,"Korea, Rep.",2016,850231,HS850231 wind-powered generating sets,0.0,,0.0,MFN_FALLBACK,MFN,,,,1.0,H4,True,117393.0,0.0015966197951477218,aveestimated
JPN,Japan,KOR,"Korea, Rep.",2018,850231,HS850231 wind-powered generating sets,0.0,,0.0,MFN_FALLBACK,MFN,,,,1.0,H5,True,200844.749,0.001684794022352069,aveestimated
JPN,Japan,KOR,"Korea, Rep.",2019,850231,HS850231 wind-powered generating sets,0.0,,0.0,MFN_FALLBACK,MFN,,,,1.0,H5,True,4770.516,2.091045060172447e-05,aveestimated
JPN,Japan,KOR,"Korea, Rep.",2020,850231,HS850231 wind-powered generating sets,0.0,,0.0,MFN_FALLBACK,MFN,,,,1.0,H5,True,1402890.384,0.0133299145864811,aveestimated
JPN,Japan,KOR,"Korea, Rep.",2021,850231,HS850231 wind-powered generating sets,0.0,,0.0,MFN_FALLBACK,MFN,,,,1.0,H5,True,52070.794,0.0006523222016734383,aveestimated
JPN,Japan,KOR,"Korea, Rep.",2022,850231,HS850231 wind-powered generating sets,0.0,,0.0,MFN_FALLBACK,MFN,,,,1.0,H6,True,23270.29,0.00012363401477623437,aveestimated
JPN,Japan,KOR,"Korea, Rep.",2023,850231,HS850231 wind-powered generating sets,0.0,,0.0,MFN_FALLBACK,MFN,,,,1.0,H6,True,1983.056,7.039899199072024e-06,aveestimated
JPN,Japan,KOR,"Korea, Rep.",2024,850231,HS850231 wind-powered generating sets,,,,MISSING,,,,,,,True,84549.859,0.0007109310000288251,aveestimated
JPN,Japan,NLD,,2010,850231,HS850231 wind-powered generating sets,0.0,,0.0,MFN_FALLBACK,MFN,,,,1.0,H3,True,5700.0,0.00013765402761194896,aveestimated
JPN,Japan,NLD,,2012,850231,HS850231 wind-powered generating sets,0.0,,0.0,MFN_FALLBACK,MFN,,,,1.0,H4,True,914940.0,0.021939064245461427,aveestimated
JPN,Japan,NLD,,2014,850231,HS850231 wind-powered generating sets,0.0,,0.0,MFN_FALLBACK,MFN,,,,1.0,H4,True,127412.0,0.001498908417462723,aveestimated
JPN,Japan,PHL,Philippines,2010,850231,HS850231 wind-powered generating sets,0.0,,0.0,MFN_FALLBACK,MFN,,,,1.0,H3,True,113649.0,0.0027446039621176117,aveestimated
JPN,Japan,PHL,Philippines,2013,850231,HS850231 wind-powered generating sets,,,,MISSING,,,,,,,True,20730.0,0.0004463664158818075,aveestimated
JPN,Japan,PHL,Philippines,2014,850231,HS850231 wind-powered generating sets,0.0,,0.0,MFN_FALLBACK,MFN,,,,1.0,H4,True,16582.0,0.00019507502730015127,aveestimated
JPN,Japan,POL,Poland,2014,850231,HS850231 wind-powered generating sets,0.0,,0.0,MFN_FALLBACK,MFN,,,,1.0,H4,True,14550.0,0.0001711700426496925,aveestimated
JPN,Japan,POL,Poland,2015,850231,HS850231 wind-powered generating sets,0.0,,0.0,MFN_FALLBACK,MFN,,,,1.0,H4,True,34114.0,0.000390699845650999,aveestimated
JPN,Japan,POL,Poland,2017,850231,HS850231 wind-powered generating sets,0.0,,0.0,MFN_FALLBACK,MFN,,,,1.0,H5,True,3164.424,1.839076259616297e-05,aveestimated
JPN,Japan,POL,Poland,2019,850231,HS850231 wind-powered generating sets,0.0,,0.0,MFN_FALLBACK,MFN,,,,1.0,H5,True,1002588.24,0.0043946130494877025,aveestimated
JPN,Japan,PRT,Portugal,2018,850231,HS850231 wind-powered generating sets,0.0,,0.0,MFN_FALLBACK,MFN,,,,1.0,H5,True,1555404.153,0.013047568494389579,aveestimated
JPN,Japan,PRT,Portugal,2023,850231,HS850231 wind-powered generating sets,0.0,,0.0,MFN_FALLBACK,MFN,,,,1.0,H6,True,4077017.795,0.014473516789048261,aveestimated
JPN,Japan,SGP,Singapore,2014,850231,HS850231 wind-powered generating sets,0.0,,0.0,MFN_FALLBACK,MFN,,,,1.0,H4,True,9170.0,0.000107878301793655,aveestimated
JPN,Japan,SWE,Sweden,2015,850231,HS850231 wind-powered generating sets,0.0,,0.0,MFN_FALLBACK,MFN,,,,1.0,H4,True,96259.0,0.0011024323281503053,aveestimated
JPN,Japan,THA,Thailand,2011,850231,HS850231 wind-powered generating sets,0.0,,0.0,MFN_FALLBACK,MFN,,,,1.0,H3,True,27591.0,0.0009042374491950203,aveestimated
JPN,Japan,TUR,Turkey,2013,850231,HS850231 wind-powered generating sets,,,,MISSING,,,,,,,True,3250.0,6.998026298195246e-05,aveestimated
JPN,Japan,USA,United States,2010,850231,HS850231 wind-powered generating sets,0.0,,0.0,MFN_FALLBACK,MFN,,,,1.0,H3,True,51456.0,0.001242653621894815,aveestimated
JPN,Japan,USA,United States,2011,850231,HS850231 wind-powered generating sets,0.0,,0.0,MFN_FALLBACK,MFN,,,,1.0,H3,True,253997.0,0.008324221644129881,aveestimated
JPN,Japan,USA,United States,2012,850231,HS850231 wind-powered generating sets,0.0,,0.0,MFN_FALLBACK,MFN,,,,1.0,H4,True,65191.0,0.0015631948949940716,aveestimated
JPN,Japan,USA,United States,2013,850231,HS850231 wind-powered generating sets,,,,MISSING,,,,,,,True,1051886.0,0.022649618125241244,aveestimated
JPN,Japan,USA,United States,2014,850231,HS850231 wind-powered generating sets,0.0,,0.0,MFN_FALLBACK,MFN,,,,1.0,H4,True,1234579.0,0.014523913407863555,aveestimated
JPN,Japan,USA,United States,2015,850231,HS850231 wind-powered generating sets,0.0,,0.0,MFN_FALLBACK,MFN,,,,1.0,H4,True,1893580.0,0.021686738984810303,aveestimated
JPN,Japan,USA,United States,2016,850231,HS850231 wind-powered generating sets,0.0,,0.0,MFN_FALLBACK,MFN,,,,1.0,H4,True,4221558.0,0.05741588569305007,aveestimated
JPN,Japan,USA,United States,2017,850231,HS850231 wind-powered generating sets,0.0,,0.0,MFN_FALLBACK,MFN,,,,1.0,H5,True,8208604.606,0.04770615396505522,aveestimated
JPN,Japan,USA,United States,2018,850231,HS850231 wind-powered generating sets,0.0,,0.0,MFN_FALLBACK,MFN,,,,1.0,H5,True,1857028.781,0.015577758468380717,aveestimated
JPN,Japan,USA,United States,2019,850231,HS850231 wind-powered generating sets,0.0,,0.0,MFN_FALLBACK,MFN,,,,1.0,H5,True,1973883.727,0.008652061572999921,aveestimated
JPN,Japan,USA,United States,2020,850231,HS850231 wind-powered generating sets,0.0,,0.0,MFN_FALLBACK,MFN,,,,1.0,H5,True,2892749.556,0.027486184908913823,aveestimated
JPN,Japan,USA,United States,2021,850231,HS850231 wind-powered generating sets,0.0,,0.0,MFN_FALLBACK,MFN,,,,1.0,H5,True,2013.586,2.5225404720711805e-05,aveestimated
JPN,Japan,USA,United States,2022,850231,HS850231 wind-powered generating sets,0.0,,0.0,MFN_FALLBACK,MFN,,,,1.0,H6,True,977390.212,0.0051928306829246585,aveestimated
JPN,Japan,USA,United States,2023,850231,HS850231 wind-powered generating sets,0.0,,0.0,MFN_FALLBACK,MFN,,,,1.0,H6,True,3331183.44,0.011825785873529537,aveestimated
JPN,Japan,USA,United States,2024,850231,HS850231 wind-powered generating sets,,,,MISSING,,,,,,,True,675269.162,0.005677948920403128,aveestimated
JPN,Japan,VNM,Vietnam,2010,850231,HS850231 wind-powered generating sets,0.0,,0.0,MFN_FALLBACK,MFN,,,,1.0,H3,True,2387.0,5.764564279117932e-05,aveestimated
KOR,"Korea, Rep.",ARE,United Arab Emirates,2018,850231,HS850231 wind-powered generating sets,5.0,,5.0,MFN_FALLBACK,MFN,,,,3.0,H5,True,2220.0,7.343652399923798e-05,aveestimated
KOR,"Korea, Rep.",AUS,Australia,2012,850231,HS850231 wind-powered generating sets,8.0,,8.0,MFN_FALLBACK,MFN,,,,4.0,H4,True,3630.0,0.0030407205251148438,aveestimated
KOR,"Korea, Rep.",CAN,Canada,2010,850231,HS850231 wind-powered generating sets,8.0,,8.0,MFN_FALLBACK,MFN,,,,4.0,H3,True,2937.0,0.0016048882151916304,aveestimated
KOR,"Korea, Rep.",CAN,Canada,2011,850231,HS850231 wind-powered generating sets,8.0,,8.0,MFN_FALLBACK,MFN,,,,4.0,H3,True,48067.0,0.017210475736261912,aveestimated
KOR,"Korea, Rep.",CHN,China,2010,850231,HS850231 wind-powered generating sets,8.0,,8.0,MFN_FALLBACK,MFN,,,,4.0,H3,True,654431.0,0.35760592426151644,aveestimated
KOR,"Korea, Rep.",CHN,China,2011,850231,HS850231 wind-powered generating sets,8.0,,8.0,MFN_FALLBACK,MFN,,,,4.0,H3,True,361957.0,0.12959935436099929,aveestimated
KOR,"Korea, Rep.",CHN,China,2012,850231,HS850231 wind-powered generating sets,8.0,,8.0,MFN_FALLBACK,MFN,,,,4.0,H4,True,455664.0,0.38169335464350695,aveestimated
KOR,"Korea, Rep.",CHN,China,2013,850231,HS850231 wind-powered generating sets,8.0,,8.0,MFN_FALLBACK,MFN,,,,4.0,H4,True,385267.0,0.1818529824225194,aveestimated
KOR,"Korea, Rep.",CHN,China,2014,850231,HS850231 wind-powered generating sets,8.0,,8.0,MFN_FALLBACK,MFN,,,,4.0,H4,True,322832.0,0.005952301165139648,aveestimated
KOR,"Korea, Rep.",CHN,China,2015,850231,HS850231 wind-powered generating sets,8.0,,8.0,MFN_FALLBACK,MFN,,,,4.0,H4,True,288435.0,0.020313110719077147,aveestimated
KOR,"Korea, Rep.",CHN,China,2016,850231,HS850231 wind-powered generating sets,5.0,,5.0,MFN_FALLBACK,MFN,,,,4.0,H4,True,7367894.0,0.14094341818913605,aveestimated
KOR,"Korea, Rep.",CHN,China,2017,850231,HS850231 wind-powered generating sets,1.66666666666667,1.66666666666667,5.0,BILATERAL_TRAINS,PREF,3.0,2.0,1.0,3.0,H5,True,327218.0,0.011192526485270375,aveestimated
KOR,"Korea, Rep.",CHN,China,2018,850231,HS850231 wind-powered generating sets,5.0,,5.0,MFN_FALLBACK,MFN,,,,3.0,H5,True,222208.0,0.007350532939109312,aveestimated
KOR,"Korea, Rep.",CHN,China,2019,850231,HS850231 wind-powered generating sets,5.0,,5.0,MFN_FALLBACK,MFN,,,,3.0,H5,True,12716934.0,0.5173196398245522,aveestimated
KOR,"Korea, Rep.",CHN,China,2020,850231,HS850231 wind-powered generating sets,5.0,,5.0,MFN_FALLBACK,MFN,,,,3.0,H5,True,20452163.0,0.4565771816455471,aveestimated
KOR,"Korea, Rep.",CHN,China,2021,850231,HS850231 wind-powered generating sets,5.0,,5.0,MFN_FALLBACK,MFN,,,,3.0,H5,True,306471.0,0.1231989741157175,aveestimated
KOR,"Korea, Rep.",CHN,China,2022,850231,HS850231 wind-powered generating sets,8.0,,8.0,MFN_FALLBACK,MFN,,,,3.0,H6,True,14437466.0,0.3820572322684803,aveestimated
KOR,"Korea, Rep.",CHN,China,2023,850231,HS850231 wind-powered generating sets,8.0,,8.0,MFN_FALLBACK,MFN,,,,3.0,H6,True,109750.0,0.010569829882079222,aveestimated
KOR,"Korea, Rep.",CHN,China,2024,850231,HS850231 wind-powered generating sets,,,,MISSING,,,,,,,True,7970236.0,0.08888063871014348,aveestimated
KOR,"Korea, Rep.",DEU,Germany,2010,850231,HS850231 wind-powered generating sets,8.0,,8.0,MFN_FALLBACK,MFN,,,,4.0,H3,True,10994.0,0.006007538657751714,aveestimated
KOR,"Korea, Rep.",DEU,Germany,2011,850231,HS850231 wind-powered generating sets,8.0,,8.0,MFN_FALLBACK,MFN,,,,4.0,H3,True,36039.0,0.012903828719477874,aveestimated
KOR,"Korea, Rep.",DEU,Germany,2012,850231,HS850231 wind-powered generating sets,8.0,,8.0,MFN_FALLBACK,MFN,,,,4.0,H4,True,2808.0,0.00235216067066735,aveestimated
KOR,"Korea, Rep.",DEU,Germany,2014,850231,HS850231 wind-powered generating sets,8.0,,8.0,MFN_FALLBACK,MFN,,,,4.0,H4,True,135793.0,0.0025037196811896222,aveestimated
KOR,"Korea, Rep.",DEU,Germany,2015,850231,HS850231 wind-powered generating sets,8.0,,8.0,MFN_FALLBACK,MFN,,,,4.0,H4,True,1139.0,8.021437450042079e-05,aveestimated
KOR,"Korea, Rep.",DEU,Germany,2016,850231,HS850231 wind-powered generating sets,5.0,,5.0,MFN_FALLBACK,MFN,,,,4.0,H4,True,8390103.0,0.1604976667388164,aveestimated
KOR,"Korea, Rep.",DEU,Germany,2017,850231,HS850231 wind-powered generating sets,5.0,,5.0,MFN_FALLBACK,MFN,,,,3.0,H5,True,2761893.0,0.09447084375548671,aveestimated
KOR,"Korea, Rep.",DEU,Germany,2018,850231,HS850231 wind-powered generating sets,5.0,,5.0,MFN_FALLBACK,MFN,,,,3.0,H5,True,25687.0,0.0008497135098956874,aveestimated
KOR,"Korea, Rep.",DEU,Germany,2019,850231,HS850231 wind-powered generating sets,5.0,,5.0,MFN_FALLBACK,MFN,,,,3.0,H5,True,52104.0,0.0021195692698742063,aveestimated
KOR,"Korea, Rep.",DEU,Germany,2020,850231,HS850231 wind-powered generating sets,5.0,,5.0,MFN_FALLBACK,MFN,,,,3.0,H5,True,10935069.0,0.24411613505718643,aveestimated
KOR,"Korea, Rep.",DEU,Germany,2021,850231,HS850231 wind-powered generating sets,5.0,,5.0,MFN_FALLBACK,MFN,,,,3.0,H5,True,54452.0,0.021889283287975205,aveestimated
KOR,"Korea, Rep.",DEU,Germany,2022,850231,HS850231 wind-powered generating sets,8.0,,8.0,MFN_FALLBACK,MFN,,,,3.0,H6,True,8458275.0,0.22383049326423904,aveestimated
KOR,"Korea, Rep.",DEU,Germany,2023,850231,HS850231 wind-powered generating sets,8.0,,8.0,MFN_FALLBACK,MFN,,,,3.0,H6,True,9630638.0,0.9275098434249446,aveestimated
KOR,"Korea, Rep.",DEU,Germany,2024,850231,HS850231 wind-powered generating sets,,,,MISSING,,,,,,,True,79935198.0,0.8914028961829717,aveestimated
KOR,"Korea, Rep.",DNK,Denmark,2012,850231,HS850231 wind-powered generating sets,8.0,,8.0,MFN_FALLBACK,MFN,,,,4.0,H4,True,51382.0,0.04304085455136388,aveestimated
KOR,"Korea, Rep.",DNK,Denmark,2014,850231,HS850231 wind-powered generating sets,8.0,,8.0,MFN_FALLBACK,MFN,,,,4.0,H4,True,24708464.0,0.4555688997869203,aveestimated
KOR,"Korea, Rep.",DNK,Denmark,2016,850231,HS850231 wind-powered generating sets,5.0,,5.0,MFN_FALLBACK,MFN,,,,4.0,H4,True,36335594.0,0.6950782435649403,aveestimated
KOR,"Korea, Rep.",DNK,Denmark,2017,850231,HS850231 wind-powered generating sets,5.0,,5.0,MFN_FALLBACK,MFN,,,,3.0,H5,True,16858808.0,0.5766573203493942,aveestimated
KOR,"Korea, Rep.",DNK,Denmark,2018,850231,HS850231 wind-powered generating sets,5.0,,5.0,MFN_FALLBACK,MFN,,,,3.0,H5,True,29863545.0,0.9878715941868574,aveestimated
KOR,"Korea, Rep.",DNK,Denmark,2019,850231,HS850231 wind-powered generating sets,5.0,,5.0,MFN_FALLBACK,MFN,,,,3.0,H5,True,11800634.0,0.48004493304607576,aveestimated
KOR,"Korea, Rep.",DNK,Denmark,2020,850231,HS850231 wind-powered generating sets,5.0,,5.0,MFN_FALLBACK,MFN,,,,3.0,H5,True,6990708.0,0.15606162323011896,aveestimated
KOR,"Korea, Rep.",DNK,Denmark,2022,850231,HS850231 wind-powered generating sets,8.0,,8.0,MFN_FALLBACK,MFN,,,,3.0,H6,True,62186.0,0.0016456219565017655,aveestimated
KOR,"Korea, Rep.",ESP,Spain,2012,850231,HS850231 wind-powered generating sets,8.0,,8.0,MFN_FALLBACK,MFN,,,,4.0,H4,True,30085.0,0.025201123139966964,aveestimated
KOR,"Korea, Rep.",ESP,Spain,2013,850231,HS850231 wind-powered generating sets,8.0,,8.0,MFN_FALLBACK,MFN,,,,4.0,H4,True,1212.0,0.0005720858902945063,aveestimated
KOR,"Korea, Rep.",ESP,Spain,2014,850231,HS850231 wind-powered generating sets,8.0,,8.0,MFN_FALLBACK,MFN,,,,4.0,H4,True,16522000.0,0.3046287847872493,aveestimated
KOR,"Korea, Rep.",ESP,Spain,2015,850231,HS850231 wind-powered generating sets,8.0,,8.0,MFN_FALLBACK,MFN,,,,4.0,H4,True,214727.0,0.015122205437534552,aveestimated
KOR,"Korea, Rep.",ESP,Spain,2017,850231,HS850231 wind-powered generating sets,5.0,,5.0,MFN_FALLBACK,MFN,,,,3.0,H5,True,8195620.0,0.28033205359488655,aveestimated
KOR,"Korea, Rep.",ESP,Spain,2018,850231,HS850231 wind-powered generating sets,5.0,,5.0,MFN_FALLBACK,MFN,,,,3.0,H5,True,483.0,1.5977405897131508e-05,aveestimated
KOR,"Korea, Rep.",ESP,Spain,2021,850231,HS850231 wind-powered generating sets,5.0,,5.0,MFN_FALLBACK,MFN,,,,3.0,H5,True,14558.0,0.005852203520648333,aveestimated
KOR,"Korea, Rep.",EST,Estonia,2021,850231,HS850231 wind-powered generating sets,5.0,,5.0,MFN_FALLBACK,MFN,,,,3.0,H5,True,2033755.0,0.817553796616029,aveestimated
KOR,"Korea, Rep.",FIN,Finland,2010,850231,HS850231 wind-powered generating sets,8.0,,8.0,MFN_FALLBACK,MFN,,,,4.0,H3,True,11910.0,0.006508075806241851,aveestimated
KOR,"Korea, Rep.",FRA,France,2016,850231,HS850231 wind-powered generating sets,5.0,,5.0,MFN_FALLBACK,MFN,,,,4.0,H4,True,1616.0,3.091311625732453e-05,aveestimated
KOR,"Korea, Rep.",FRA,France,2017,850231,HS850231 wind-powered generating sets,5.0,,5.0,MFN_FALLBACK,MFN,,,,3.0,H5,True,1484.0,5.076037780360871e-05,aveestimated
KOR,"Korea, Rep.",FRA,France,2023,850231,HS850231 wind-powered generating sets,8.0,,8.0,MFN_FALLBACK,MFN,,,,3.0,H6,True,3924.0,0.00037791355314149307,aveestimated
KOR,"Korea, Rep.",FRA,France,2024,850231,HS850231 wind-powered generating sets,,,,MISSING,,,,,,,True,9053.0,0.00010095515643990077,aveestimated
KOR,"Korea, Rep.",GBR,United Kingdom,2010,850231,HS850231 wind-powered generating sets,8.0,,8.0,MFN_FALLBACK,MFN,,,,4.0,H3,True,6887.0,0.0037633180585715893,aveestimated
KOR,"Korea, Rep.",GBR,United Kingdom,2011,850231,HS850231 wind-powered generating sets,8.0,,8.0,MFN_FALLBACK,MFN,,,,4.0,H3,True,8289.0,0.0029678913470338273,aveestimated
KOR,"Korea, Rep.",GBR,United Kingdom,2012,850231,HS850231 wind-powered generating sets,8.0,,8.0,MFN_FALLBACK,MFN,,,,4.0,H4,True,1265.0,0.0010596450314794153,aveestimated
KOR,"Korea, Rep.",GBR,United Kingdom,2013,850231,HS850231 wind-powered generating sets,8.0,,8.0,MFN_FALLBACK,MFN,,,,4.0,H4,True,6701.0,0.0031629930287652526,aveestimated
KOR,"Korea, Rep.",GBR,United Kingdom,2014,850231,HS850231 wind-powered generating sets,8.0,,8.0,MFN_FALLBACK,MFN,,,,4.0,H4,True,36897.0,0.0006802982854554616,aveestimated
KOR,"Korea, Rep.",GBR,United Kingdom,2015,850231,HS850231 wind-powered generating sets,8.0,,8.0,MFN_FALLBACK,MFN,,,,4.0,H4,True,3387.0,0.00023853036561275262,aveestimated
KOR,"Korea, Rep.",GBR,United Kingdom,2016,850231,HS850231 wind-powered generating sets,5.0,,5.0,MFN_FALLBACK,MFN,,,,4.0,H4,True,728.0,1.3926205838695703e-05,aveestimated
KOR,"Korea, Rep.",GBR,United Kingdom,2017,850231,HS850231 wind-powered generating sets,5.0,,5.0,MFN_FALLBACK,MFN,,,,3.0,H5,True,181369.0,0.006203745931174332,aveestimated
KOR,"Korea, Rep.",GBR,United Kingdom,2018,850231,HS850231 wind-powered generating sets,5.0,,5.0,MFN_FALLBACK,MFN,,,,3.0,H5,True,4078.0,0.00013489826345445608,aveestimated
KOR,"Korea, Rep.",GBR,United Kingdom,2021,850231,HS850231 wind-powered generating sets,5.0,,5.0,MFN_FALLBACK,MFN,,,,3.0,H5,True,35786.0,0.014385695506932356,aveestimated
KOR,"Korea, Rep.",GBR,United Kingdom,2022,850231,HS850231 wind-powered generating sets,8.0,,8.0,MFN_FALLBACK,MFN,,,,3.0,H6,True,18479.0,0.0004890079460681845,aveestimated
KOR,"Korea, Rep.",GBR,United Kingdom,2023,850231,HS850231 wind-powered generating sets,8.0,,8.0,MFN_FALLBACK,MFN,,,,3.0,H6,True,32373.0,0.003117786813417318,aveestimated
KOR,"Korea, Rep.",GBR,United Kingdom,2024,850231,HS850231 wind-powered generating sets,,,,MISSING,,,,,,,True,12253.0,0.00013664017804684682,aveestimated
KOR,"Korea, Rep.",HKG,"Hong Kong, China",2010,850231,HS850231 wind-powered generating sets,8.0,,8.0,MFN_FALLBACK,MFN,,,,4.0,H3,True,758.0,0.000414199954754939,aveestimated
KOR,"Korea, Rep.",HKG,"Hong Kong, China",2011,850231,HS850231 wind-powered generating sets,8.0,,8.0,MFN_FALLBACK,MFN,,,,4.0,H3,True,771.0,0.0002760579356452022,aveestimated
KOR,"Korea, Rep.",HKG,"Hong Kong, China",2012,850231,HS850231 wind-powered generating sets,8.0,,8.0,MFN_FALLBACK,MFN,,,,4.0,H4,True,946.0,0.0007924301974541714,aveestimated
KOR,"Korea, Rep.",HKG,"Hong Kong, China",2014,850231,HS850231 wind-powered generating sets,8.0,,8.0,MFN_FALLBACK,MFN,,,,4.0,H4,True,2783.0,5.1312305293724416e-05,aveestimated
KOR,"Korea, Rep.",HKG,"Hong Kong, China",2015,850231,HS850231 wind-powered generating sets,8.0,,8.0,MFN_FALLBACK,MFN,,,,4.0,H4,True,2922.0,0.00020578261834085123,aveestimated
KOR,"Korea, Rep.",HKG,"Hong Kong, China",2016,850231,HS850231 wind-powered generating sets,5.0,,5.0,MFN_FALLBACK,MFN,,,,4.0,H4,True,636.0,1.2166300705234159e-05,aveestimated
KOR,"Korea, Rep.",HKG,"Hong Kong, China",2017,850231,HS850231 wind-powered generating sets,5.0,,5.0,MFN_FALLBACK,MFN,,,,3.0,H5,True,450.0,1.53922978514986e-05,aveestimated
KOR,"Korea, Rep.",HKG,"Hong Kong, China",2019,850231,HS850231 wind-powered generating sets,5.0,,5.0,MFN_FALLBACK,MFN,,,,3.0,H5,True,1491.0,6.065326618652006e-05,aveestimated
KOR,"Korea, Rep.",HKG,"Hong Kong, China",2020,850231,HS850231 wind-powered generating sets,5.0,,5.0,MFN_FALLBACK,MFN,,,,3.0,H5,True,354.0,7.902749567491892e-06,aveestimated
KOR,"Korea, Rep.",HKG,"Hong Kong, China",2021,850231,HS850231 wind-powered generating sets,5.0,,5.0,MFN_FALLBACK,MFN,,,,3.0,H5,True,1571.0,0.0006315298619960525,aveestimated
KOR,"Korea, Rep.",HKG,"Hong Kong, China",2022,850231,HS850231 wind-powered generating sets,8.0,,8.0,MFN_FALLBACK,MFN,,,,3.0,H6,True,1582.0,4.186430925265804e-05,aveestimated
KOR,"Korea, Rep.",HUN,Hungary,2018,850231,HS850231 wind-powered generating sets,5.0,,5.0,MFN_FALLBACK,MFN,,,,3.0,H5,True,183.0,6.053551302639887e-06,aveestimated
KOR,"Korea, Rep.",IND,India,2010,850231,HS850231 wind-powered generating sets,8.0,,8.0,MFN_FALLBACK,MFN,,,,4.0,H3,True,3536.0,0.001932204538276338,aveestimated
KOR,"Korea, Rep.",IND,India,2011,850231,HS850231 wind-powered generating sets,8.0,,8.0,MFN_FALLBACK,MFN,,,,4.0,H3,True,394.0,0.00014107240809884522,aveestimated
KOR,"Korea, Rep.",IND,India,2012,850231,HS850231 wind-powered generating sets,8.0,,8.0,MFN_FALLBACK,MFN,,,,4.0,H4,True,443492.0,0.3714973077477224,aveestimated
KOR,"Korea, Rep.",IND,India,2013,850231,HS850231 wind-powered generating sets,8.0,,8.0,MFN_FALLBACK,MFN,,,,4.0,H4,True,86.0,4.059355327172239e-05,aveestimated
KOR,"Korea, Rep.",IND,India,2022,850231,HS850231 wind-powered generating sets,8.0,,8.0,MFN_FALLBACK,MFN,,,,3.0,H6,True,5764108.0,0.15253501888604312,aveestimated
KOR,"Korea, Rep.",IND,India,2023,850231,HS850231 wind-powered generating sets,8.0,,8.0,MFN_FALLBACK,MFN,,,,3.0,H6,True,4526.0,0.00043589111659490256,aveestimated
KOR,"Korea, Rep.",IND,India,2024,850231,HS850231 wind-powered generating sets,,,,MISSING,,,,,,,True,5450.0,6.077605242432997e-05,aveestimated
KOR,"Korea, Rep.",IRL,,2022,850231,HS850231 wind-powered generating sets,8.0,,8.0,MFN_FALLBACK,MFN,,,,3.0,H6,True,1714.0,4.535741217386592e-05,aveestimated
KOR,"Korea, Rep.",ITA,Italy,2014,850231,HS850231 wind-powered generating sets,8.0,,8.0,MFN_FALLBACK,MFN,,,,4.0,H4,True,1083.0,1.9968101556990132e-05,aveestimated
KOR,"Korea, Rep.",ITA,Italy,2015,850231,HS850231 wind-powered generating sets,8.0,,8.0,MFN_FALLBACK,MFN,,,,4.0,H4,True,752662.0,0.05300641926271792,aveestimated
KOR,"Korea, Rep.",ITA,Italy,2017,850231,HS850231 wind-powered generating sets,5.0,,5.0,MFN_FALLBACK,MFN,,,,3.0,H5,True,70548.0,0.0024131018418389405,aveestimated
KOR,"Korea, Rep.",ITA,Italy,2018,850231,HS850231 wind-powered generating sets,5.0,,5.0,MFN_FALLBACK,MFN,,,,3.0,H5,True,17941.0,0.0005934795842659138,aveestimated
KOR,"Korea, Rep.",JPN,Japan,2010,850231,HS850231 wind-powered generating sets,8.0,,8.0,MFN_FALLBACK,MFN,,,,4.0,H3,True,273926.0,0.14968355779182244,aveestimated
KOR,"Korea, Rep.",JPN,Japan,2011,850231,HS850231 wind-powered generating sets,8.0,,8.0,MFN_FALLBACK,MFN,,,,4.0,H3,True,47443.0,0.01698705141480587,aveestimated
KOR,"Korea, Rep.",JPN,Japan,2012,850231,HS850231 wind-powered generating sets,8.0,,8.0,MFN_FALLBACK,MFN,,,,4.0,H4,True,1123.0,0.000940696735455639,aveestimated
KOR,"Korea, Rep.",JPN,Japan,2013,850231,HS850231 wind-powered generating sets,8.0,,8.0,MFN_FALLBACK,MFN,,,,4.0,H4,True,53741.0,0.0253667226322748,aveestimated
KOR,"Korea, Rep.",JPN,Japan,2014,850231,HS850231 wind-powered generating sets,8.0,,8.0,MFN_FALLBACK,MFN,,,,4.0,H4,True,173465.0,0.003198307235995654,aveestimated
KOR,"Korea, Rep.",JPN,Japan,2015,850231,HS850231 wind-powered generating sets,8.0,,8.0,MFN_FALLBACK,MFN,,,,4.0,H4,True,147202.0,0.01036673955681382,aveestimated
KOR,"Korea, Rep.",JPN,Japan,2016,850231,HS850231 wind-powered generating sets,5.0,,5.0,MFN_FALLBACK,MFN,,,,4.0,H4,True,23484.0,0.0004492349147196839,aveestimated
KOR,"Korea, Rep.",JPN,Japan,2017,850231,HS850231 wind-powered generating sets,5.0,,5.0,MFN_FALLBACK,MFN,,,,3.0,H5,True,5973.0,0.0002043071001488914,aveestimated
KOR,"Korea, Rep.",JPN,Japan,2018,850231,HS850231 wind-powered generating sets,5.0,,5.0,MFN_FALLBACK,MFN,,,,3.0,H5,True,33341.0,0.0011029041201164836,aveestimated
KOR,"Korea, Rep.",JPN,Japan,2019,850231,HS850231 wind-powered generating sets,5.0,,5.0,MFN_FALLBACK,MFN,,,,3.0,H5,True,8720.0,0.00035472601015858814,aveestimated
KOR,"Korea, Rep.",JPN,Japan,2020,850231,HS850231 wind-powered generating sets,5.0,,5.0,MFN_FALLBACK,MFN,,,,3.0,H5,True,97.0,2.165442678098061e-06,aveestimated
KOR,"Korea, Rep.",JPN,Japan,2021,850231,HS850231 wind-powered generating sets,5.0,,5.0,MFN_FALLBACK,MFN,,,,3.0,H5,True,246.0,9.889009933229083e-05,aveestimated
KOR,"Korea, Rep.",JPN,Japan,2022,850231,HS850231 wind-powered generating sets,8.0,,8.0,MFN_FALLBACK,MFN,,,,3.0,H6,True,21987.0,0.0005818398024893756,aveestimated
KOR,"Korea, Rep.",JPN,Japan,2024,850231,HS850231 wind-powered generating sets,,,,MISSING,,,,,,,True,243.0,2.7098313282774647e-06,aveestimated
KOR,"Korea, Rep.",NLD,,2011,850231,HS850231 wind-powered generating sets,8.0,,8.0,MFN_FALLBACK,MFN,,,,4.0,H3,True,2266167.0,0.8114051671170959,aveestimated
KOR,"Korea, Rep.",NLD,,2012,850231,HS850231 wind-powered generating sets,8.0,,8.0,MFN_FALLBACK,MFN,,,,4.0,H4,True,2488.0,0.002084108172585601,aveestimated
KOR,"Korea, Rep.",NLD,,2023,850231,HS850231 wind-powered generating sets,8.0,,8.0,MFN_FALLBACK,MFN,,,,3.0,H6,True,9847.0,0.0009483472879164838,aveestimated
KOR,"Korea, Rep.",PRT,Portugal,2019,850231,HS850231 wind-powered generating sets,5.0,,5.0,MFN_FALLBACK,MFN,,,,3.0,H5,True,504.0,2.050251251375326e-05,aveestimated
KOR,"Korea, Rep.",PRT,Portugal,2020,850231,HS850231 wind-powered generating sets,5.0,,5.0,MFN_FALLBACK,MFN,,,,3.0,H5,True,6403131.0,0.1429444653696156,aveestimated
KOR,"Korea, Rep.",PRT,Portugal,2021,850231,HS850231 wind-powered generating sets,5.0,,5.0,MFN_FALLBACK,MFN,,,,3.0,H5,True,25542.0,0.01026768665506249,aveestimated
KOR,"Korea, Rep.",PRT,Portugal,2022,850231,HS850231 wind-powered generating sets,8.0,,8.0,MFN_FALLBACK,MFN,,,,3.0,H6,True,8948154.0,0.23679411270316628,aveestimated
KOR,"Korea, Rep.",SGP,Singapore,2013,850231,HS850231 wind-powered generating sets,8.0,,8.0,MFN_FALLBACK,MFN,,,,4.0,H4,True,1490.0,0.0007033069113356554,aveestimated
KOR,"Korea, Rep.",SGP,Singapore,2024,850231,HS850231 wind-powered generating sets,,,,MISSING,,,,,,,True,302.0,3.367773914155532e-06,aveestimated
KOR,"Korea, Rep.",TUR,Turkey,2017,850231,HS850231 wind-powered generating sets,0.0,0.0,5.0,BILATERAL_TRAINS,PREF,3.0,3.0,0.0,3.0,H5,True,8141.0,0.00027846377068677797,aveestimated
KOR,"Korea, Rep.",TUR,Turkey,2021,850231,HS850231 wind-powered generating sets,5.0,,5.0,MFN_FALLBACK,MFN,,,,3.0,H5,True,1015.0,0.0004080221578141268,aveestimated
KOR,"Korea, Rep.",UKR,Ukraine,2013,850231,HS850231 wind-powered generating sets,8.0,,8.0,MFN_FALLBACK,MFN,,,,4.0,H4,True,281756.0,0.13299392087938852,aveestimated
KOR,"Korea, Rep.",USA,United States,2010,850231,HS850231 wind-powered generating sets,8.0,,8.0,MFN_FALLBACK,MFN,,,,4.0,H3,True,864655.0,0.47248029271587305,aveestimated
KOR,"Korea, Rep.",USA,United States,2011,850231,HS850231 wind-powered generating sets,8.0,,8.0,MFN_FALLBACK,MFN,,,,4.0,H3,True,23765.0,0.008509100960581361,aveestimated
KOR,"Korea, Rep.",USA,United States,2012,850231,HS850231 wind-powered generating sets,8.0,,8.0,MFN_FALLBACK,MFN,,,,4.0,H4,True,200913.0,0.16829759858468282,aveestimated
KOR,"Korea, Rep.",USA,United States,2013,850231,HS850231 wind-powered generating sets,8.0,,8.0,MFN_FALLBACK,MFN,,,,4.0,H4,True,1388310.0,0.6553073946821502,aveestimated
KOR,"Korea, Rep.",USA,United States,2014,850231,HS850231 wind-powered generating sets,0.0,0.0,8.0,BILATERAL_TRAINS,PREF,4.0,4.0,0.0,4.0,H4,True,12333186.0,0.22739640865119937,aveestimated
KOR,"Korea, Rep.",USA,United States,2015,850231,HS850231 wind-powered generating sets,0.0,0.0,8.0,BILATERAL_TRAINS,PREF,4.0,4.0,0.0,4.0,H4,True,12788976.0,0.9006669976654025,aveestimated
KOR,"Korea, Rep.",USA,United States,2016,850231,HS850231 wind-powered generating sets,5.0,,5.0,MFN_FALLBACK,MFN,,,,4.0,H4,True,154726.0,0.002959816105217076,aveestimated
KOR,"Korea, Rep.",USA,United States,2017,850231,HS850231 wind-powered generating sets,0.0,0.0,5.0,BILATERAL_TRAINS,PREF,3.0,3.0,0.0,3.0,H5,True,823897.0,0.02818148449545809,aveestimated
KOR,"Korea, Rep.",USA,United States,2018,850231,HS850231 wind-powered generating sets,5.0,,5.0,MFN_FALLBACK,MFN,,,,3.0,H5,True,60503.0,0.002001409915101755,aveestimated
KOR,"Korea, Rep.",USA,United States,2019,850231,HS850231 wind-powered generating sets,5.0,,5.0,MFN_FALLBACK,MFN,,,,3.0,H5,True,1966.0,7.997607063896609e-05,aveestimated
KOR,"Korea, Rep.",USA,United States,2020,850231,HS850231 wind-powered generating sets,5.0,,5.0,MFN_FALLBACK,MFN,,,,3.0,H5,True,797.0,1.7792348602517057e-05,aveestimated
KOR,"Korea, Rep.",USA,United States,2021,850231,HS850231 wind-powered generating sets,5.0,,5.0,MFN_FALLBACK,MFN,,,,3.0,H5,True,9599.0,0.003858723835327885,aveestimated
KOR,"Korea, Rep.",USA,United States,2022,850231,HS850231 wind-powered generating sets,8.0,,8.0,MFN_FALLBACK,MFN,,,,3.0,H6,True,74801.0,0.0019794514515853816,aveestimated
KOR,"Korea, Rep.",USA,United States,2023,850231,HS850231 wind-powered generating sets,8.0,,8.0,MFN_FALLBACK,MFN,,,,3.0,H6,True,592269.0,0.05704038792190595,aveestimated
KOR,"Korea, Rep.",USA,United States,2024,850231,HS850231 wind-powered generating sets,,,,MISSING,,,,,,,True,1740743.0,0.01941201611473127,aveestimated
KOR,"Korea, Rep.",VNM,Vietnam,2016,850231,HS850231 wind-powered generating sets,5.0,,5.0,MFN_FALLBACK,MFN,,,,4.0,H4,True,764.0,1.4614864369180656e-05,aveestimated
KOR,"Korea, Rep.",VNM,Vietnam,2020,850231,HS850231 wind-powered generating sets,5.0,,5.0,MFN_FALLBACK,MFN,,,,3.0,H5,True,12217.0,0.0002727341566837527,aveestimated
KOR,"Korea, Rep.",VNM,Vietnam,2021,850231,HS850231 wind-powered generating sets,5.0,,5.0,MFN_FALLBACK,MFN,,,,3.0,H5,True,4615.0,0.0018551943431647244,aveestimated
POL,Poland,ARG,Argentina,2016,850231,HS850231 wind-powered generating sets,1.35000002384186,,1.35000002384186,MFN_FALLBACK,MFN,,,,2.0,H4,True,1583.0,6.0516188175909054e-05,aveestimated
POL,Poland,AUT,Austria,2022,850231,HS850231 wind-powered generating sets,2.70000004768372,,2.70000004768372,MFN_FALLBACK,MFN,,,,1.0,H6,True,354012.0,0.0022785052731996444,aveestimated
POL,Poland,BEL,,2010,850231,HS850231 wind-powered generating sets,1.35000002384186,,1.35000002384186,MFN_FALLBACK,MFN,,,,2.0,H3,True,2613.0,2.4853717136868146e-05,aveestimated
POL,Poland,BEL,,2011,850231,HS850231 wind-powered generating sets,1.35000002384186,,1.35000002384186,MFN_FALLBACK,MFN,,,,2.0,H3,True,3370.0,2.9909076850130454e-05,aveestimated
POL,Poland,BEL,,2014,850231,HS850231 wind-powered generating sets,1.35000002384186,,1.35000002384186,MFN_FALLBACK,MFN,,,,2.0,H4,True,4089.0,2.841869024907825e-05,aveestimated
POL,Poland,BIH,Bosnia and Herzegovina,2010,850231,HS850231 wind-powered generating sets,0.0,0.0,1.35000002384186,BILATERAL_TRAINS,PREF,2.0,1.0,1.0,2.0,H3,True,5168.0,4.915576355274955e-05,aveestimated
POL,Poland,CAN,Canada,2011,850231,HS850231 wind-powered generating sets,1.35000002384186,,1.35000002384186,MFN_FALLBACK,MFN,,,,2.0,H3,True,3795.0,3.36809930701024e-05,aveestimated
POL,Poland,CAN,Canada,2023,850231,HS850231 wind-powered generating sets,2.70000004768372,,2.70000004768372,MFN_FALLBACK,MFN,,,,1.0,H6,True,726.0,1.1040003284629077e-05,aveestimated
POL,Poland,CAN,Canada,2024,850231,HS850231 wind-powered generating sets,,,,MISSING,,,,,,,True,375.0,6.22477317300044e-06,aveestimated
POL,Poland,CHE,Switzerland,2010,850231,HS850231 wind-powered generating sets,0.0,0.0,1.35000002384186,BILATERAL_TRAINS,PREF,2.0,1.0,1.0,2.0,H3,True,2767.0,2.631849801672949e-05,aveestimated
POL,Poland,CHN,China,2010,850231,HS850231 wind-powered generating sets,1.35000002384186,,1.35000002384186,MFN_FALLBACK,MFN,,,,2.0,H3,True,446417.0,0.004246123935357546,aveestimated
POL,Poland,CHN,China,2011,850231,HS850231 wind-powered generating sets,1.35000002384186,,1.35000002384186,MFN_FALLBACK,MFN,,,,2.0,H3,True,11218846.0,0.0995683463453349,aveestimated
POL,Poland,CHN,China,2012,850231,HS850231 wind-powered generating sets,1.35000002384186,,1.35000002384186,MFN_FALLBACK,MFN,,,,2.0,H4,True,13703081.0,0.18241879772332356,aveestimated
POL,Poland,CHN,China,2013,850231,HS850231 wind-powered generating sets,1.35000002384186,,1.35000002384186,MFN_FALLBACK,MFN,,,,2.0,H4,True,735282.0,0.0034202413769896752,aveestimated
POL,Poland,CHN,China,2014,850231,HS850231 wind-powered generating sets,1.35000002384186,,1.35000002384186,MFN_FALLBACK,MFN,,,,2.0,H4,True,421436.0,0.0029289946548815213,aveestimated
POL,Poland,CHN,China,2015,850231,HS850231 wind-powered generating sets,1.35000002384186,,1.35000002384186,MFN_FALLBACK,MFN,,,,2.0,H4,True,6082517.0,0.024969246246346655,aveestimated
POL,Poland,CHN,China,2016,850231,HS850231 wind-powered generating sets,1.35000002384186,,1.35000002384186,MFN_FALLBACK,MFN,,,,2.0,H4,True,341709.0,0.013063124539104047,aveestimated
POL,Poland,CHN,China,2017,850231,HS850231 wind-powered generating sets,1.35000002384186,,1.35000002384186,MFN_FALLBACK,MFN,,,,2.0,H5,True,215992.0,0.6172222825496797,aveestimated
POL,Poland,CHN,China,2018,850231,HS850231 wind-powered generating sets,1.35000002384186,,1.35000002384186,MFN_FALLBACK,MFN,,,,2.0,H5,True,385748.0,0.7120300946178921,aveestimated
POL,Poland,CHN,China,2019,850231,HS850231 wind-powered generating sets,1.35000002384186,,1.35000002384186,MFN_FALLBACK,MFN,,,,2.0,H5,True,5037485.0,0.0602942675426978,aveestimated
POL,Poland,CHN,China,2020,850231,HS850231 wind-powered generating sets,1.35000002384186,,1.35000002384186,MFN_FALLBACK,MFN,,,,4.0,H5,True,46617326.0,0.2097470330880661,aveestimated
POL,Poland,CHN,China,2021,850231,HS850231 wind-powered generating sets,1.35000002384186,,1.35000002384186,MFN_FALLBACK,MFN,,,,4.0,H5,True,59913113.0,0.26656527568333654,aveestimated
POL,Poland,CHN,China,2022,850231,HS850231 wind-powered generating sets,2.70000004768372,,2.70000004768372,MFN_FALLBACK,MFN,,,,1.0,H6,True,30805201.0,0.19826958668201916,aveestimated
POL,Poland,CHN,China,2023,850231,HS850231 wind-powered generating sets,2.70000004768372,,2.70000004768372,MFN_FALLBACK,MFN,,,,1.0,H6,True,767367.0,0.011669055372611516,aveestimated
POL,Poland,CHN,China,2024,850231,HS850231 wind-powered generating sets,,,,MISSING,,,,,,,True,1329573.0,0.022070107578521903,aveestimated
POL,Poland,CYP,Cyprus,2012,850231,HS850231 wind-powered generating sets,1.35000002384186,,1.35000002384186,MFN_FALLBACK,MFN,,,,2.0,H4,True,669.0,8.905893183941878e-06,aveestimated
POL,Poland,DEU,Germany,2010,850231,HS850231 wind-powered generating sets,1.35000002384186,,1.35000002384186,MFN_FALLBACK,MFN,,,,2.0,H3,True,50113196.0,0.47665487876327295,aveestimated
POL,Poland,DEU,Germany,2011,850231,HS850231 wind-powered generating sets,1.35000002384186,,1.35000002384186,MFN_FALLBACK,MFN,,,,2.0,H3,True,7801382.0,0.06923802189175798,aveestimated
POL,Poland,DEU,Germany,2012,850231,HS850231 wind-powered generating sets,1.35000002384186,,1.35000002384186,MFN_FALLBACK,MFN,,,,2.0,H4,True,20189447.0,0.2687669034751208,aveestimated
POL,Poland,DEU,Germany,2013,850231,HS850231 wind-powered generating sets,1.35000002384186,,1.35000002384186,MFN_FALLBACK,MFN,,,,2.0,H4,True,79489859.0,0.3697554201012334,aveestimated
POL,Poland,DEU,Germany,2014,850231,HS850231 wind-powered generating sets,1.35000002384186,,1.35000002384186,MFN_FALLBACK,MFN,,,,2.0,H4,True,9982768.0,0.06938058000010036,aveestimated
POL,Poland,DEU,Germany,2015,850231,HS850231 wind-powered generating sets,1.35000002384186,,1.35000002384186,MFN_FALLBACK,MFN,,,,2.0,H4,True,2532775.0,0.010397255389765561,aveestimated
POL,Poland,DEU,Germany,2016,850231,HS850231 wind-powered generating sets,1.35000002384186,,1.35000002384186,MFN_FALLBACK,MFN,,,,2.0,H4,True,3747353.0,0.14325680310142597,aveestimated
POL,Poland,DEU,Germany,2017,850231,HS850231 wind-powered generating sets,1.35000002384186,,1.35000002384186,MFN_FALLBACK,MFN,,,,2.0,H5,True,34562.0,0.09876493818975716,aveestimated
POL,Poland,DEU,Germany,2019,850231,HS850231 wind-powered generating sets,1.35000002384186,,1.35000002384186,MFN_FALLBACK,MFN,,,,2.0,H5,True,27460724.0,0.3286807285326274,aveestimated
POL,Poland,DEU,Germany,2020,850231,HS850231 wind-powered generating sets,1.35000002384186,,1.35000002384186,MFN_FALLBACK,MFN,,,,4.0,H5,True,124031680.0,0.5580602561573014,aveestimated
POL,Poland,DEU,Germany,2022,850231,HS850231 wind-powered generating sets,2.70000004768372,,2.70000004768372,MFN_FALLBACK,MFN,,,,1.0,H6,True,3061849.0,0.019706787036148657,aveestimated
POL,Poland,DEU,Germany,2023,850231,HS850231 wind-powered generating sets,2.70000004768372,,2.70000004768372,MFN_FALLBACK,MFN,,,,1.0,H6,True,2495.0,3.794050715585337e-05,aveestimated
POL,Poland,DEU,Germany,2024,850231,HS850231 wind-powered generating sets,,,,MISSING,,,,,,,True,266588.0,0.004425199548383577,aveestimated
POL,Poland,DNK,Denmark,2010,850231,HS850231 wind-powered generating sets,1.35000002384186,,1.35000002384186,MFN_FALLBACK,MFN,,,,2.0,H3,True,51712695.0,0.4918686161175414,aveestimated
POL,Poland,DNK,Denmark,2011,850231,HS850231 wind-powered generating sets,1.35000002384186,,1.35000002384186,MFN_FALLBACK,MFN,,,,2.0,H3,True,78498684.0,0.6966834339436516,aveestimated
POL,Poland,DNK,Denmark,2012,850231,HS850231 wind-powered generating sets,1.35000002384186,,1.35000002384186,MFN_FALLBACK,MFN,,,,2.0,H4,True,41184195.0,0.548254172700498,aveestimated
POL,Poland,DNK,Denmark,2013,850231,HS850231 wind-powered generating sets,1.35000002384186,,1.35000002384186,MFN_FALLBACK,MFN,,,,2.0,H4,True,65146206.0,0.30303441307565404,aveestimated
POL,Poland,DNK,Denmark,2014,850231,HS850231 wind-powered generating sets,1.35000002384186,,1.35000002384186,MFN_FALLBACK,MFN,,,,2.0,H4,True,33271898.0,0.23124083229663148,aveestimated
POL,Poland,DNK,Denmark,2015,850231,HS850231 wind-powered generating sets,1.35000002384186,,1.35000002384186,MFN_FALLBACK,MFN,,,,2.0,H4,True,60608301.0,0.24880219689344035,aveestimated
POL,Poland,DNK,Denmark,2016,850231,HS850231 wind-powered generating sets,1.35000002384186,,1.35000002384186,MFN_FALLBACK,MFN,,,,2.0,H4,True,2289274.0,0.08751619467480481,aveestimated
POL,Poland,DNK,Denmark,2017,850231,HS850231 wind-powered generating sets,1.35000002384186,,1.35000002384186,MFN_FALLBACK,MFN,,,,2.0,H5,True,86938.0,0.24843545501826017,aveestimated
POL,Poland,DNK,Denmark,2019,850231,HS850231 wind-powered generating sets,1.35000002384186,,1.35000002384186,MFN_FALLBACK,MFN,,,,2.0,H5,True,17404252.0,0.2083135982476441,aveestimated
POL,Poland,DNK,Denmark,2020,850231,HS850231 wind-powered generating sets,1.35000002384186,,1.35000002384186,MFN_FALLBACK,MFN,,,,4.0,H5,True,37603845.0,0.16919234967388538,aveestimated
POL,Poland,DNK,Denmark,2021,850231,HS850231 wind-powered generating sets,1.35000002384186,,1.35000002384186,MFN_FALLBACK,MFN,,,,4.0,H5,True,11655506.0,0.05185764876077768,aveestimated
POL,Poland,DNK,Denmark,2022,850231,HS850231 wind-powered generating sets,2.70000004768372,,2.70000004768372,MFN_FALLBACK,MFN,,,,1.0,H6,True,15635760.0,0.10063546323425215,aveestimated
POL,Poland,DNK,Denmark,2023,850231,HS850231 wind-powered generating sets,2.70000004768372,,2.70000004768372,MFN_FALLBACK,MFN,,,,1.0,H6,True,11264032.0,0.17128781030050555,aveestimated
POL,Poland,DNK,Denmark,2024,850231,HS850231 wind-powered generating sets,,,,MISSING,,,,,,,True,1777348.0,0.029502901731962627,aveestimated
POL,Poland,ESP,Spain,2010,850231,HS850231 wind-powered generating sets,1.35000002384186,,1.35000002384186,MFN_FALLBACK,MFN,,,,2.0,H3,True,996201.0,0.009475429722719166,aveestimated
POL,Poland,ESP,Spain,2011,850231,HS850231 wind-powered generating sets,1.35000002384186,,1.35000002384186,MFN_FALLBACK,MFN,,,,2.0,H3,True,15079742.0,0.1338341728065697,aveestimated
POL,Poland,ESP,Spain,2013,850231,HS850231 wind-powered generating sets,1.35000002384186,,1.35000002384186,MFN_FALLBACK,MFN,,,,2.0,H4,True,67520414.0,0.3140782907160422,aveestimated
POL,Poland,ESP,Spain,2014,850231,HS850231 wind-powered generating sets,1.35000002384186,,1.35000002384186,MFN_FALLBACK,MFN,,,,2.0,H4,True,100009001.0,0.6950659871701533,aveestimated
POL,Poland,ESP,Spain,2015,850231,HS850231 wind-powered generating sets,1.35000002384186,,1.35000002384186,MFN_FALLBACK,MFN,,,,2.0,H4,True,174352163.0,0.7157303615477227,aveestimated
POL,Poland,ESP,Spain,2016,850231,HS850231 wind-powered generating sets,1.35000002384186,,1.35000002384186,MFN_FALLBACK,MFN,,,,2.0,H4,True,19545242.0,0.7471911199088319,aveestimated
POL,Poland,ESP,Spain,2019,850231,HS850231 wind-powered generating sets,1.35000002384186,,1.35000002384186,MFN_FALLBACK,MFN,,,,2.0,H5,True,18094966.0,0.21658083769579867,aveestimated
POL,Poland,ESP,Spain,2020,850231,HS850231 wind-powered generating sets,1.35000002384186,,1.35000002384186,MFN_FALLBACK,MFN,,,,4.0,H5,True,13866577.0,0.062390395039758746,aveestimated
POL,Poland,ESP,Spain,2021,850231,HS850231 wind-powered generating sets,1.35000002384186,,1.35000002384186,MFN_FALLBACK,MFN,,,,4.0,H5,True,5360178.0,0.023848490835082392,aveestimated
POL,Poland,ESP,Spain,2024,850231,HS850231 wind-powered generating sets,,,,MISSING,,,,,,,True,5314857.0,0.08822341139182292,aveestimated
POL,Poland,FIN,Finland,2013,850231,HS850231 wind-powered generating sets,1.35000002384186,,1.35000002384186,MFN_FALLBACK,MFN,,,,2.0,H4,True,5916.0,2.7518894772714302e-05,aveestimated
POL,Poland,FIN,Finland,2018,850231,HS850231 wind-powered generating sets,1.35000002384186,,1.35000002384186,MFN_FALLBACK,MFN,,,,2.0,H5,True,130982.0,0.24177215657175344,aveestimated
POL,Poland,FIN,Finland,2021,850231,HS850231 wind-powered generating sets,1.35000002384186,,1.35000002384186,MFN_FALLBACK,MFN,,,,4.0,H5,True,204826.0,0.0009113113377553107,aveestimated
POL,Poland,FRA,France,2010,850231,HS850231 wind-powered generating sets,1.35000002384186,,1.35000002384186,MFN_FALLBACK,MFN,,,,2.0,H3,True,17458.0,0.00016605288701700884,aveestimated
POL,Poland,FRA,France,2011,850231,HS850231 wind-powered generating sets,1.35000002384186,,1.35000002384186,MFN_FALLBACK,MFN,,,,2.0,H3,True,26280.0,0.0002332375488490885,aveestimated
POL,Poland,FRA,France,2012,850231,HS850231 wind-powered generating sets,1.35000002384186,,1.35000002384186,MFN_FALLBACK,MFN,,,,2.0,H4,True,5201.0,6.923699618786504e-05,aveestimated
POL,Poland,FRA,France,2013,850231,HS850231 wind-powered generating sets,1.35000002384186,,1.35000002384186,MFN_FALLBACK,MFN,,,,2.0,H4,True,617.0,2.870040242522773e-06,aveestimated
POL,Poland,FRA,France,2014,850231,HS850231 wind-powered generating sets,1.35000002384186,,1.35000002384186,MFN_FALLBACK,MFN,,,,2.0,H4,True,13921.0,9.675142747796975e-05,aveestimated
POL,Poland,FRA,France,2015,850231,HS850231 wind-powered generating sets,1.35000002384186,,1.35000002384186,MFN_FALLBACK,MFN,,,,2.0,H4,True,22577.0,9.268049271440892e-05,aveestimated
POL,Poland,FRA,France,2016,850231,HS850231 wind-powered generating sets,1.35000002384186,,1.35000002384186,MFN_FALLBACK,MFN,,,,2.0,H4,True,13792.0,0.0005272515902224495,aveestimated
POL,Poland,FRA,France,2017,850231,HS850231 wind-powered generating sets,1.35000002384186,,1.35000002384186,MFN_FALLBACK,MFN,,,,2.0,H5,True,4630.0,0.013230763955169714,aveestimated
POL,Poland,FRA,France,2018,850231,HS850231 wind-powered generating sets,1.35000002384186,,1.35000002384186,MFN_FALLBACK,MFN,,,,2.0,H5,True,1873.0,0.003457263206080944,aveestimated
POL,Poland,GBR,United Kingdom,2010,850231,HS850231 wind-powered generating sets,1.35000002384186,,1.35000002384186,MFN_FALLBACK,MFN,,,,2.0,H3,True,3086.0,2.9352686982156562e-05,aveestimated
POL,Poland,GBR,United Kingdom,2011,850231,HS850231 wind-powered generating sets,1.35000002384186,,1.35000002384186,MFN_FALLBACK,MFN,,,,2.0,H3,True,14631.0,0.00012985154403390465,aveestimated
POL,Poland,GBR,United Kingdom,2012,850231,HS850231 wind-powered generating sets,1.35000002384186,,1.35000002384186,MFN_FALLBACK,MFN,,,,2.0,H4,True,6553.0,8.72351540125129e-05,aveestimated
POL,Poland,GBR,United Kingdom,2013,850231,HS850231 wind-powered generating sets,1.35000002384186,,1.35000002384186,MFN_FALLBACK,MFN,,,,2.0,H4,True,129442.0,0.0006021130454985945,aveestimated
POL,Poland,GBR,United Kingdom,2014,850231,HS850231 wind-powered generating sets,1.35000002384186,,1.35000002384186,MFN_FALLBACK,MFN,,,,2.0,H4,True,144053.0,0.0010011732908903079,aveestimated
POL,Poland,GBR,United Kingdom,2018,850231,HS850231 wind-powered generating sets,1.35000002384186,,1.35000002384186,MFN_FALLBACK,MFN,,,,2.0,H5,True,788.0,0.0014545239756496443,aveestimated
POL,Poland,GBR,United Kingdom,2021,850231,HS850231 wind-powered generating sets,1.35000002384186,,1.35000002384186,MFN_FALLBACK,MFN,,,,4.0,H5,True,2720.0,1.2101817341033096e-05,aveestimated
POL,Poland,GBR,United Kingdom,2022,850231,HS850231 wind-powered generating sets,2.70000004768372,,2.70000004768372,MFN_FALLBACK,MFN,,,,1.0,H6,True,8082.0,5.201767063828211e-05,aveestimated
POL,Poland,GBR,United Kingdom,2023,850231,HS850231 wind-powered generating sets,2.70000004768372,,2.70000004768372,MFN_FALLBACK,MFN,,,,1.0,H6,True,8609.0,0.0001309137579578123,aveestimated
POL,Poland,GBR,United Kingdom,2024,850231,HS850231 wind-powered generating sets,,,,MISSING,,,,,,,True,1733.0,2.8766751756826032e-05,aveestimated
POL,Poland,HKG,"Hong Kong, China",2011,850231,HS850231 wind-powered generating sets,1.35000002384186,,1.35000002384186,MFN_FALLBACK,MFN,,,,2.0,H3,True,1253.0,1.11204965261761e-05,aveestimated
POL,Poland,HKG,"Hong Kong, China",2013,850231,HS850231 wind-powered generating sets,1.35000002384186,,1.35000002384186,MFN_FALLBACK,MFN,,,,2.0,H4,True,289.0,1.3443138251038596e-06,aveestimated
POL,Poland,HKG,"Hong Kong, China",2015,850231,HS850231 wind-powered generating sets,1.35000002384186,,1.35000002384186,MFN_FALLBACK,MFN,,,,2.0,H4,True,997.0,4.092769244641259e-06,aveestimated
POL,Poland,HKG,"Hong Kong, China",2018,850231,HS850231 wind-powered generating sets,1.35000002384186,,1.35000002384186,MFN_FALLBACK,MFN,,,,2.0,H5,True,2688.0,0.004961624932165284,aveestimated
POL,Poland,HKG,"Hong Kong, China",2019,850231,HS850231 wind-powered generating sets,1.35000002384186,,1.35000002384186,MFN_FALLBACK,MFN,,,,2.0,H5,True,820.0,9.814679226838829e-06,aveestimated
POL,Poland,HKG,"Hong Kong, China",2020,850231,HS850231 wind-powered generating sets,1.35000002384186,,1.35000002384186,MFN_FALLBACK,MFN,,,,4.0,H5,True,1296.0,5.831140011808779e-06,aveestimated
POL,Poland,HKG,"Hong Kong, China",2021,850231,HS850231 wind-powered generating sets,1.35000002384186,,1.35000002384186,MFN_FALLBACK,MFN,,,,4.0,H5,True,130.0,5.783956817405524e-07,aveestimated
POL,Poland,HKG,"Hong Kong, China",2022,850231,HS850231 wind-powered generating sets,2.70000004768372,,2.70000004768372,MFN_FALLBACK,MFN,,,,1.0,H6,True,878.0,5.651016434101917e-06,aveestimated
POL,Poland,IDN,Indonesia,2022,850231,HS850231 wind-powered generating sets,2.70000004768372,,2.70000004768372,MFN_FALLBACK,MFN,,,,1.0,H6,True,1900.0,1.2228851053295721e-05,aveestimated
POL,Poland,IND,India,2019,850231,HS850231 wind-powered generating sets,1.35000002384186,,1.35000002384186,MFN_FALLBACK,MFN,,,,2.0,H5,True,15548726.0,0.18610458301952293,aveestimated
POL,Poland,IND,India,2021,850231,HS850231 wind-powered generating sets,1.35000002384186,,1.35000002384186,MFN_FALLBACK,MFN,,,,4.0,H5,True,147616937.0,0.6567769147120552,aveestimated
POL,Poland,IND,India,2022,850231,HS850231 wind-powered generating sets,2.70000004768372,,2.70000004768372,MFN_FALLBACK,MFN,,,,1.0,H6,True,105477428.0,0.6788777665772229,aveestimated
POL,Poland,IND,India,2023,850231,HS850231 wind-powered generating sets,2.70000004768372,,2.70000004768372,MFN_FALLBACK,MFN,,,,1.0,H6,True,53159502.0,0.8083761386904215,aveestimated
POL,Poland,IND,India,2024,850231,HS850231 wind-powered generating sets,,,,MISSING,,,,,,,True,51537135.0,0.8554852676301388,aveestimated
POL,Poland,ITA,Italy,2011,850231,HS850231 wind-powered generating sets,1.35000002384186,,1.35000002384186,MFN_FALLBACK,MFN,,,,2.0,H3,True,65.0,5.768813042310028e-07,aveestimated
POL,Poland,ITA,Italy,2012,850231,HS850231 wind-powered generating sets,1.35000002384186,,1.35000002384186,MFN_FALLBACK,MFN,,,,2.0,H4,True,11360.0,0.00015122712491715955,aveestimated
POL,Poland,ITA,Italy,2013,850231,HS850231 wind-powered generating sets,1.35000002384186,,1.35000002384186,MFN_FALLBACK,MFN,,,,2.0,H4,True,1907.0,8.870610603713011e-06,aveestimated
POL,Poland,ITA,Italy,2016,850231,HS850231 wind-powered generating sets,1.35000002384186,,1.35000002384186,MFN_FALLBACK,MFN,,,,2.0,H4,True,192988.0,0.007377699383254792,aveestimated
POL,Poland,ITA,Italy,2021,850231,HS850231 wind-powered generating sets,1.35000002384186,,1.35000002384186,MFN_FALLBACK,MFN,,,,4.0,H5,True,4950.0,2.2023527881659496e-05,aveestimated
POL,Poland,JPN,Japan,2010,850231,HS850231 wind-powered generating sets,1.35000002384186,,1.35000002384186,MFN_FALLBACK,MFN,,,,2.0,H3,True,5994.0,5.7012315544733127e-05,aveestimated
POL,Poland,JPN,Japan,2011,850231,HS850231 wind-powered generating sets,1.35000002384186,,1.35000002384186,MFN_FALLBACK,MFN,,,,2.0,H3,True,1132.0,1.0046609790607618e-05,aveestimated
POL,Poland,JPN,Japan,2012,850231,HS850231 wind-powered generating sets,1.35000002384186,,1.35000002384186,MFN_FALLBACK,MFN,,,,2.0,H4,True,12360.0,0.00016453937182888136,aveestimated
POL,Poland,JPN,Japan,2014,850231,HS850231 wind-powered generating sets,1.35000002384186,,1.35000002384186,MFN_FALLBACK,MFN,,,,2.0,H4,True,4390.0,3.0510650573111642e-05,aveestimated
POL,Poland,JPN,Japan,2017,850231,HS850231 wind-powered generating sets,1.35000002384186,,1.35000002384186,MFN_FALLBACK,MFN,,,,2.0,H5,True,2246.0,0.0064182064456395635,aveestimated
POL,Poland,KOR,"Korea, Rep.",2016,850231,HS850231 wind-powered generating sets,0.0,0.0,1.35000002384186,BILATERAL_TRAINS,PREF,2.0,1.0,1.0,2.0,H4,True,4000.0,0.0001529151943800608,aveestimated
POL,Poland,KOR,"Korea, Rep.",2019,850231,HS850231 wind-powered generating sets,1.35000002384186,,1.35000002384186,MFN_FALLBACK,MFN,,,,2.0,H5,True,466.0,5.5776103898864565e-06,aveestimated
POL,Poland,KOR,"Korea, Rep.",2022,850231,HS850231 wind-powered generating sets,2.70000004768372,,2.70000004768372,MFN_FALLBACK,MFN,,,,1.0,H6,True,11796.0,7.5921856328777e-05,aveestimated
POL,Poland,KOR,"Korea, Rep.",2023,850231,HS850231 wind-powered generating sets,2.70000004768372,,2.70000004768372,MFN_FALLBACK,MFN,,,,1.0,H6,True,372.0,5.656861187165312e-06,aveestimated
POL,Poland,LTU,Lithuania,2023,850231,HS850231 wind-powered generating sets,2.70000004768372,,2.70000004768372,MFN_FALLBACK,MFN,,,,1.0,H6,True,501087.0,0.007619837638959959,aveestimated
POL,Poland,NLD,,2010,850231,HS850231 wind-powered generating sets,1.35000002384186,,1.35000002384186,MFN_FALLBACK,MFN,,,,2.0,H3,True,1822047.0,0.017330516933822884,aveestimated
POL,Poland,NLD,,2011,850231,HS850231 wind-powered generating sets,1.35000002384186,,1.35000002384186,MFN_FALLBACK,MFN,,,,2.0,H3,True,1170.0,1.0383863476158051e-05,aveestimated
POL,Poland,NLD,,2012,850231,HS850231 wind-powered generating sets,1.35000002384186,,1.35000002384186,MFN_FALLBACK,MFN,,,,2.0,H4,True,4374.0,5.822776799187112e-05,aveestimated
POL,Poland,NLD,,2013,850231,HS850231 wind-powered generating sets,1.35000002384186,,1.35000002384186,MFN_FALLBACK,MFN,,,,2.0,H4,True,1900320.0,0.008839537882772894,aveestimated
POL,Poland,NLD,,2014,850231,HS850231 wind-powered generating sets,1.35000002384186,,1.35000002384186,MFN_FALLBACK,MFN,,,,2.0,H4,True,1415.0,9.834298533246691e-06,aveestimated
POL,Poland,SGP,Singapore,2016,850231,HS850231 wind-powered generating sets,1.35000002384186,,1.35000002384186,MFN_FALLBACK,MFN,,,,2.0,H4,True,351.0,1.3418308306850333e-05,aveestimated
POL,Poland,SGP,Singapore,2018,850231,HS850231 wind-powered generating sets,1.35000002384186,,1.35000002384186,MFN_FALLBACK,MFN,,,,2.0,H5,True,504.0,0.0009303046747809908,aveestimated
POL,Poland,SWE,Sweden,2013,850231,HS850231 wind-powered generating sets,1.35000002384186,,1.35000002384186,MFN_FALLBACK,MFN,,,,2.0,H4,True,3610.0,1.6792293801470357e-05,aveestimated
POL,Poland,SWE,Sweden,2014,850231,HS850231 wind-powered generating sets,1.35000002384186,,1.35000002384186,MFN_FALLBACK,MFN,,,,2.0,H4,True,16801.0,0.00011676752625941884,aveestimated
POL,Poland,SWE,Sweden,2016,850231,HS850231 wind-powered generating sets,1.35000002384186,,1.35000002384186,MFN_FALLBACK,MFN,,,,2.0,H4,True,21998.0,0.0008409571114931443,aveestimated
POL,Poland,SWE,Sweden,2018,850231,HS850231 wind-powered generating sets,1.35000002384186,,1.35000002384186,MFN_FALLBACK,MFN,,,,2.0,H5,True,8774.0,0.016195423048667487,aveestimated
POL,Poland,TUR,Turkey,2011,850231,HS850231 wind-powered generating sets,0.0,0.0,1.35000002384186,BILATERAL_TRAINS,PREF,2.0,1.0,1.0,2.0,H3,True,5460.0,4.8458029555404235e-05,aveestimated
POL,Poland,TUR,Turkey,2018,850231,HS850231 wind-powered generating sets,1.35000002384186,,1.35000002384186,MFN_FALLBACK,MFN,,,,2.0,H5,True,10217.0,0.01885897393301068,aveestimated
POL,Poland,TUR,Turkey,2019,850231,HS850231 wind-powered generating sets,1.35000002384186,,1.35000002384186,MFN_FALLBACK,MFN,,,,2.0,H5,True,885.0,1.0592672092380931e-05,aveestimated
POL,Poland,TUR,Turkey,2020,850231,HS850231 wind-powered generating sets,1.35000002384186,,1.35000002384186,MFN_FALLBACK,MFN,,,,4.0,H5,True,1015.0,4.56682647529777e-06,aveestimated
POL,Poland,TUR,Turkey,2021,850231,HS850231 wind-powered generating sets,1.35000002384186,,1.35000002384186,MFN_FALLBACK,MFN,,,,4.0,H5,True,1271.0,5.654930088401863e-06,aveestimated
POL,Poland,TUR,Turkey,2022,850231,HS850231 wind-powered generating sets,2.70000004768372,,2.70000004768372,MFN_FALLBACK,MFN,,,,1.0,H6,True,10768.0,6.930540428520438e-05,aveestimated
POL,Poland,TUR,Turkey,2023,850231,HS850231 wind-powered generating sets,2.70000004768372,,2.70000004768372,MFN_FALLBACK,MFN,,,,1.0,H6,True,38367.0,0.0005834322396988482,aveestimated
POL,Poland,TUR,Turkey,2024,850231,HS850231 wind-powered generating sets,,,,MISSING,,,,,,,True,608.0,1.0092432237824713e-05,aveestimated
POL,Poland,UKR,Ukraine,2023,850231,HS850231 wind-powered generating sets,2.70000004768372,,2.70000004768372,MFN_FALLBACK,MFN,,,,1.0,H6,True,16462.0,0.0002503313141481596,aveestimated
POL,Poland,UKR,Ukraine,2024,850231,HS850231 wind-powered generating sets,,,,MISSING,,,,,,,True,14100.0,0.00023405147130481653,aveestimated
POL,Poland,USA,United States,2010,850231,HS850231 wind-powered generating sets,1.35000002384186,,1.35000002384186,MFN_FALLBACK,MFN,,,,2.0,H3,True,7537.0,7.16886590358114e-05,aveestimated
POL,Poland,USA,United States,2011,850231,HS850231 wind-powered generating sets,1.35000002384186,,1.35000002384186,MFN_FALLBACK,MFN,,,,2.0,H3,True,19015.0,0.00016875996923003874,aveestimated
POL,Poland,USA,United States,2012,850231,HS850231 wind-powered generating sets,1.35000002384186,,1.35000002384186,MFN_FALLBACK,MFN,,,,2.0,H4,True,1559.0,2.075379293537427e-05,aveestimated
POL,Poland,USA,United States,2013,850231,HS850231 wind-powered generating sets,1.35000002384186,,1.35000002384186,MFN_FALLBACK,MFN,,,,2.0,H4,True,45702.0,0.00021258764856365604,aveestimated
POL,Poland,USA,United States,2014,850231,HS850231 wind-powered generating sets,1.35000002384186,,1.35000002384186,MFN_FALLBACK,MFN,,,,2.0,H4,True,14410.0,0.00010014999425023662,aveestimated
POL,Poland,USA,United States,2015,850231,HS850231 wind-powered generating sets,1.35000002384186,,1.35000002384186,MFN_FALLBACK,MFN,,,,2.0,H4,True,1015.0,4.1666607656077005e-06,aveestimated
POL,Poland,USA,United States,2017,850231,HS850231 wind-powered generating sets,1.35000002384186,,1.35000002384186,MFN_FALLBACK,MFN,,,,2.0,H5,True,5574.0,0.01592835384149373,aveestimated
POL,Poland,USA,United States,2018,850231,HS850231 wind-powered generating sets,1.35000002384186,,1.35000002384186,MFN_FALLBACK,MFN,,,,2.0,H5,True,184.0,0.00033963503999940935,aveestimated
POL,Poland,USA,United States,2020,850231,HS850231 wind-powered generating sets,1.35000002384186,,1.35000002384186,MFN_FALLBACK,MFN,,,,4.0,H5,True,133257.0,0.0005995680745012364,aveestimated
POL,Poland,USA,United States,2022,850231,HS850231 wind-powered generating sets,2.70000004768372,,2.70000004768372,MFN_FALLBACK,MFN,,,,1.0,H6,True,2605.0,1.6766398417808082e-05,aveestimated
POL,Poland,USA,United States,2023,850231,HS850231 wind-powered generating sets,2.70000004768372,,2.70000004768372,MFN_FALLBACK,MFN,,,,1.0,H6,True,1831.0,2.7843314069085176e-05,aveestimated
POL,Poland,USA,United States,2024,850231,HS850231 wind-powered generating sets,,,,MISSING,,,,,,,True,842.0,1.3976690697776988e-05,aveestimated
SWE,Sweden,BEL,,2014,850231,HS850231 wind-powered generating sets,1.35000002384186,,1.35000002384186,MFN_FALLBACK,MFN,,,,2.0,H4,True,13438.181,9.355954069896268e-05,aveestimated
SWE,Sweden,BGR,Bulgaria,2011,850231,HS850231 wind-powered generating sets,1.35000002384186,,1.35000002384186,MFN_FALLBACK,MFN,,,,2.0,H3,True,2069786.0,0.005158658367791895,aveestimated
SWE,Sweden,CAN,Canada,2010,850231,HS850231 wind-powered generating sets,1.35000002384186,,1.35000002384186,MFN_FALLBACK,MFN,,,,2.0,H3,True,17809.0,7.083440237238649e-05,aveestimated
SWE,Sweden,CAN,Canada,2011,850231,HS850231 wind-powered generating sets,1.35000002384186,,1.35000002384186,MFN_FALLBACK,MFN,,,,2.0,H3,True,9249.0,2.30518668324683e-05,aveestimated
SWE,Sweden,CAN,Canada,2022,850231,HS850231 wind-powered generating sets,2.70000004768372,,2.70000004768372,MFN_FALLBACK,MFN,,,,1.0,H6,True,2175.149,1.1018750528006765e-05,aveestimated
SWE,Sweden,CHE,Switzerland,2024,850231,HS850231 wind-powered generating sets,,,,MISSING,,,,,,,True,94.629,7.308663550157102e-07,aveestimated
SWE,Sweden,CHN,China,2010,850231,HS850231 wind-powered generating sets,1.35000002384186,,1.35000002384186,MFN_FALLBACK,MFN,,,,2.0,H3,True,289669.0,0.0011521438879671414,aveestimated
SWE,Sweden,CHN,China,2011,850231,HS850231 wind-powered generating sets,1.35000002384186,,1.35000002384186,MFN_FALLBACK,MFN,,,,2.0,H3,True,317089.0,0.0007903009408628545,aveestimated
SWE,Sweden,CHN,China,2012,850231,HS850231 wind-powered generating sets,1.35000002384186,,1.35000002384186,MFN_FALLBACK,MFN,,,,2.0,H4,True,16619094.064,0.041594445746698315,aveestimated
SWE,Sweden,CHN,China,2013,850231,HS850231 wind-powered generating sets,1.35000002384186,,1.35000002384186,MFN_FALLBACK,MFN,,,,2.0,H4,True,35118693.552,0.2288898251046801,aveestimated
SWE,Sweden,CHN,China,2014,850231,HS850231 wind-powered generating sets,1.35000002384186,,1.35000002384186,MFN_FALLBACK,MFN,,,,2.0,H4,True,808189.762,0.005626793010923425,aveestimated
SWE,Sweden,CHN,China,2015,850231,HS850231 wind-powered generating sets,1.35000002384186,,1.35000002384186,MFN_FALLBACK,MFN,,,,2.0,H4,True,62186515.777,0.39893782099782005,aveestimated
SWE,Sweden,CHN,China,2016,850231,HS850231 wind-powered generating sets,1.35000002384186,,1.35000002384186,MFN_FALLBACK,MFN,,,,2.0,H4,True,58383.75,0.0008022424280403547,aveestimated
SWE,Sweden,CHN,China,2017,850231,HS850231 wind-powered generating sets,1.35000002384186,,1.35000002384186,MFN_FALLBACK,MFN,,,,2.0,H5,True,116257.966,0.0031506766714098178,aveestimated
SWE,Sweden,CHN,China,2018,850231,HS850231 wind-powered generating sets,1.35000002384186,,1.35000002384186,MFN_FALLBACK,MFN,,,,2.0,H5,True,17544943.209,0.12178191146963707,aveestimated
SWE,Sweden,CHN,China,2019,850231,HS850231 wind-powered generating sets,1.35000002384186,,1.35000002384186,MFN_FALLBACK,MFN,,,,2.0,H5,True,91595375.005,0.5157795594699495,aveestimated
SWE,Sweden,CHN,China,2020,850231,HS850231 wind-powered generating sets,1.35000002384186,,1.35000002384186,MFN_FALLBACK,MFN,,,,4.0,H5,True,45580233.792,0.21895368419844818,aveestimated
SWE,Sweden,CHN,China,2021,850231,HS850231 wind-powered generating sets,1.35000002384186,,1.35000002384186,MFN_FALLBACK,MFN,,,,4.0,H5,True,107956832.746,0.435067748283348,aveestimated
SWE,Sweden,CHN,China,2022,850231,HS850231 wind-powered generating sets,2.70000004768372,,2.70000004768372,MFN_FALLBACK,MFN,,,,1.0,H6,True,80074436.768,0.4056366908277292,aveestimated
SWE,Sweden,CHN,China,2023,850231,HS850231 wind-powered generating sets,2.70000004768372,,2.70000004768372,MFN_FALLBACK,MFN,,,,1.0,H6,True,214511.339,0.0015365006704336141,aveestimated
SWE,Sweden,CHN,China,2024,850231,HS850231 wind-powered generating sets,,,,MISSING,,,,,,,True,21914642.749,0.1692575750291464,aveestimated
SWE,Sweden,CZE,Czech Republic,2016,850231,HS850231 wind-powered generating sets,1.35000002384186,,1.35000002384186,MFN_FALLBACK,MFN,,,,2.0,H4,True,116.767,1.6044779856550512e-06,aveestimated
SWE,Sweden,DEU,Germany,2010,850231,HS850231 wind-powered generating sets,1.35000002384186,,1.35000002384186,MFN_FALLBACK,MFN,,,,2.0,H3,True,124591615.0,0.495556886357205,aveestimated
SWE,Sweden,DEU,Germany,2011,850231,HS850231 wind-powered generating sets,1.35000002384186,,1.35000002384186,MFN_FALLBACK,MFN,,,,2.0,H3,True,266133961.0,0.6633024790322535,aveestimated
SWE,Sweden,DEU,Germany,2012,850231,HS850231 wind-powered generating sets,1.35000002384186,,1.35000002384186,MFN_FALLBACK,MFN,,,,2.0,H4,True,47083126.326,0.11784015037221528,aveestimated
SWE,Sweden,DEU,Germany,2013,850231,HS850231 wind-powered generating sets,1.35000002384186,,1.35000002384186,MFN_FALLBACK,MFN,,,,2.0,H4,True,46918327.695,0.30579519720490933,aveestimated
SWE,Sweden,DEU,Germany,2014,850231,HS850231 wind-powered generating sets,1.35000002384186,,1.35000002384186,MFN_FALLBACK,MFN,,,,2.0,H4,True,19311981.391,0.1344542173474873,aveestimated
SWE,Sweden,DEU,Germany,2015,850231,HS850231 wind-powered generating sets,1.35000002384186,,1.35000002384186,MFN_FALLBACK,MFN,,,,2.0,H4,True,13074599.157,0.08387593408220277,aveestimated
SWE,Sweden,DEU,Germany,2016,850231,HS850231 wind-powered generating sets,1.35000002384186,,1.35000002384186,MFN_FALLBACK,MFN,,,,2.0,H4,True,3577405.897,0.04915660252887427,aveestimated
SWE,Sweden,DEU,Germany,2017,850231,HS850231 wind-powered generating sets,1.35000002384186,,1.35000002384186,MFN_FALLBACK,MFN,,,,2.0,H5,True,24493.866,0.0006638018438997815,aveestimated
SWE,Sweden,DEU,Germany,2018,850231,HS850231 wind-powered generating sets,1.35000002384186,,1.35000002384186,MFN_FALLBACK,MFN,,,,2.0,H5,True,23150.314,0.00016068957627609154,aveestimated
SWE,Sweden,DEU,Germany,2019,850231,HS850231 wind-powered generating sets,1.35000002384186,,1.35000002384186,MFN_FALLBACK,MFN,,,,2.0,H5,True,420897.993,0.0023701041826563337,aveestimated
SWE,Sweden,DEU,Germany,2020,850231,HS850231 wind-powered generating sets,1.35000002384186,,1.35000002384186,MFN_FALLBACK,MFN,,,,4.0,H5,True,152469165.312,0.7324158455190716,aveestimated
SWE,Sweden,DEU,Germany,2021,850231,HS850231 wind-powered generating sets,1.35000002384186,,1.35000002384186,MFN_FALLBACK,MFN,,,,4.0,H5,True,67098759.409,0.27040906468017306,aveestimated
SWE,Sweden,DEU,Germany,2022,850231,HS850231 wind-powered generating sets,2.70000004768372,,2.70000004768372,MFN_FALLBACK,MFN,,,,1.0,H6,True,26200.653,0.00013272583123173263,aveestimated
SWE,Sweden,DEU,Germany,2023,850231,HS850231 wind-powered generating sets,2.70000004768372,,2.70000004768372,MFN_FALLBACK,MFN,,,,1.0,H6,True,33646.989,0.00024100647265351527,aveestimated
SWE,Sweden,DEU,Germany,2024,850231,HS850231 wind-powered generating sets,,,,MISSING,,,,,,,True,16843.878,0.0001300935624194413,aveestimated
SWE,Sweden,DNK,Denmark,2010,850231,HS850231 wind-powered generating sets,1.35000002384186,,1.35000002384186,MFN_FALLBACK,MFN,,,,2.0,H3,True,109010011.0,0.433581839619983,aveestimated
SWE,Sweden,DNK,Denmark,2011,850231,HS850231 wind-powered generating sets,1.35000002384186,,1.35000002384186,MFN_FALLBACK,MFN,,,,2.0,H3,True,13997688.0,0.034887321844355015,aveestimated
SWE,Sweden,DNK,Denmark,2012,850231,HS850231 wind-powered generating sets,1.35000002384186,,1.35000002384186,MFN_FALLBACK,MFN,,,,2.0,H4,True,204696289.02,0.5123160537755332,aveestimated
SWE,Sweden,DNK,Denmark,2013,850231,HS850231 wind-powered generating sets,1.35000002384186,,1.35000002384186,MFN_FALLBACK,MFN,,,,2.0,H4,True,43047299.653,0.28056535970549495,aveestimated
SWE,Sweden,DNK,Denmark,2014,850231,HS850231 wind-powered generating sets,1.35000002384186,,1.35000002384186,MFN_FALLBACK,MFN,,,,2.0,H4,True,39711286.945,0.27647862215421215,aveestimated
SWE,Sweden,DNK,Denmark,2015,850231,HS850231 wind-powered generating sets,1.35000002384186,,1.35000002384186,MFN_FALLBACK,MFN,,,,2.0,H4,True,70118685.894,0.4498241365072409,aveestimated
SWE,Sweden,DNK,Denmark,2016,850231,HS850231 wind-powered generating sets,1.35000002384186,,1.35000002384186,MFN_FALLBACK,MFN,,,,2.0,H4,True,58581670.913,0.804962029878282,aveestimated
SWE,Sweden,DNK,Denmark,2017,850231,HS850231 wind-powered generating sets,1.35000002384186,,1.35000002384186,MFN_FALLBACK,MFN,,,,2.0,H5,True,30706166.424,0.8321597697703074,aveestimated
SWE,Sweden,DNK,Denmark,2018,850231,HS850231 wind-powered generating sets,1.35000002384186,,1.35000002384186,MFN_FALLBACK,MFN,,,,2.0,H5,True,126156885.812,0.875672637763857,aveestimated
SWE,Sweden,DNK,Denmark,2019,850231,HS850231 wind-powered generating sets,1.35000002384186,,1.35000002384186,MFN_FALLBACK,MFN,,,,2.0,H5,True,83867810.502,0.47226513731800807,aveestimated
SWE,Sweden,DNK,Denmark,2020,850231,HS850231 wind-powered generating sets,1.35000002384186,,1.35000002384186,MFN_FALLBACK,MFN,,,,4.0,H5,True,10041683.538,0.04823721651436342,aveestimated
SWE,Sweden,DNK,Denmark,2021,850231,HS850231 wind-powered generating sets,1.35000002384186,,1.35000002384186,MFN_FALLBACK,MFN,,,,4.0,H5,True,46678117.708,0.18811355473076422,aveestimated
SWE,Sweden,DNK,Denmark,2022,850231,HS850231 wind-powered generating sets,2.70000004768372,,2.70000004768372,MFN_FALLBACK,MFN,,,,1.0,H6,True,16996512.134,0.08609999914984486,aveestimated
SWE,Sweden,DNK,Denmark,2023,850231,HS850231 wind-powered generating sets,2.70000004768372,,2.70000004768372,MFN_FALLBACK,MFN,,,,1.0,H6,True,24309431.463,0.17412346552346816,aveestimated
SWE,Sweden,DNK,Denmark,2024,850231,HS850231 wind-powered generating sets,,,,MISSING,,,,,,,True,26829080.826,0.2072141997878082,aveestimated
SWE,Sweden,ESP,Spain,2011,850231,HS850231 wind-powered generating sets,1.35000002384186,,1.35000002384186,MFN_FALLBACK,MFN,,,,2.0,H3,True,88481481.0,0.22052798325781967,aveestimated
SWE,Sweden,ESP,Spain,2012,850231,HS850231 wind-powered generating sets,1.35000002384186,,1.35000002384186,MFN_FALLBACK,MFN,,,,2.0,H4,True,100228138.348,0.2508520528708682,aveestimated
SWE,Sweden,ESP,Spain,2013,850231,HS850231 wind-powered generating sets,1.35000002384186,,1.35000002384186,MFN_FALLBACK,MFN,,,,2.0,H4,True,27682640.916,0.18042456016528133,aveestimated
SWE,Sweden,ESP,Spain,2014,850231,HS850231 wind-powered generating sets,1.35000002384186,,1.35000002384186,MFN_FALLBACK,MFN,,,,2.0,H4,True,83738129.019,0.5830030783190164,aveestimated
SWE,Sweden,ESP,Spain,2015,850231,HS850231 wind-powered generating sets,1.35000002384186,,1.35000002384186,MFN_FALLBACK,MFN,,,,2.0,H4,True,10469117.586,0.06716129542465067,aveestimated
SWE,Sweden,ESP,Spain,2016,850231,HS850231 wind-powered generating sets,1.35000002384186,,1.35000002384186,MFN_FALLBACK,MFN,,,,2.0,H4,True,10521919.425,0.14458013038143275,aveestimated
SWE,Sweden,ESP,Spain,2017,850231,HS850231 wind-powered generating sets,1.35000002384186,,1.35000002384186,MFN_FALLBACK,MFN,,,,2.0,H5,True,6040609.203,0.1637049670815293,aveestimated
SWE,Sweden,ESP,Spain,2018,850231,HS850231 wind-powered generating sets,1.35000002384186,,1.35000002384186,MFN_FALLBACK,MFN,,,,2.0,H5,True,2994.568,2.078571647235294e-05,aveestimated
SWE,Sweden,ESP,Spain,2021,850231,HS850231 wind-powered generating sets,1.35000002384186,,1.35000002384186,MFN_FALLBACK,MFN,,,,4.0,H5,True,24202807.726,0.09753769901957214,aveestimated
SWE,Sweden,ESP,Spain,2022,850231,HS850231 wind-powered generating sets,2.70000004768372,,2.70000004768372,MFN_FALLBACK,MFN,,,,1.0,H6,True,100265550.073,0.5079197254108834,aveestimated
SWE,Sweden,ESP,Spain,2023,850231,HS850231 wind-powered generating sets,2.70000004768372,,2.70000004768372,MFN_FALLBACK,MFN,,,,1.0,H6,True,115005880.981,0.8237635085160461,aveestimated
SWE,Sweden,ESP,Spain,2024,850231,HS850231 wind-powered generating sets,,,,MISSING,,,,,,,True,78297443.664,0.604729705034985,aveestimated
SWE,Sweden,FIN,Finland,2013,850231,HS850231 wind-powered generating sets,1.35000002384186,,1.35000002384186,MFN_FALLBACK,MFN,,,,2.0,H4,True,3224.321,2.1014855483692033e-05,aveestimated
SWE,Sweden,FIN,Finland,2014,850231,HS850231 wind-powered generating sets,1.35000002384186,,1.35000002384186,MFN_FALLBACK,MFN,,,,2.0,H4,True,22932.549,0.00015966139699237985,aveestimated
SWE,Sweden,FIN,Finland,2015,850231,HS850231 wind-powered generating sets,1.35000002384186,,1.35000002384186,MFN_FALLBACK,MFN,,,,2.0,H4,True,22291.369,0.0001430031907207676,aveestimated
SWE,Sweden,FIN,Finland,2016,850231,HS850231 wind-powered generating sets,1.35000002384186,,1.35000002384186,MFN_FALLBACK,MFN,,,,2.0,H4,True,18098.962,0.0002486951458220843,aveestimated
SWE,Sweden,FIN,Finland,2017,850231,HS850231 wind-powered generating sets,1.35000002384186,,1.35000002384186,MFN_FALLBACK,MFN,,,,2.0,H5,True,2461.106,6.669778877833396e-05,aveestimated
SWE,Sweden,FIN,Finland,2020,850231,HS850231 wind-powered generating sets,1.35000002384186,,1.35000002384186,MFN_FALLBACK,MFN,,,,4.0,H5,True,2171.48,1.0431134432809674e-05,aveestimated
SWE,Sweden,FRA,France,2011,850231,HS850231 wind-powered generating sets,1.35000002384186,,1.35000002384186,MFN_FALLBACK,MFN,,,,2.0,H3,True,4625.0,1.1527179597812293e-05,aveestimated
SWE,Sweden,FRA,France,2013,850231,HS850231 wind-powered generating sets,1.35000002384186,,1.35000002384186,MFN_FALLBACK,MFN,,,,2.0,H4,True,2456.626,1.6011321567387498e-05,aveestimated
SWE,Sweden,FRA,France,2015,850231,HS850231 wind-powered generating sets,1.35000002384186,,1.35000002384186,MFN_FALLBACK,MFN,,,,2.0,H4,True,3912.847,2.5101625916388688e-05,aveestimated
SWE,Sweden,GBR,United Kingdom,2011,850231,HS850231 wind-powered generating sets,1.35000002384186,,1.35000002384186,MFN_FALLBACK,MFN,,,,2.0,H3,True,6166.0,1.5367911221645533e-05,aveestimated
SWE,Sweden,GBR,United Kingdom,2013,850231,HS850231 wind-powered generating sets,1.35000002384186,,1.35000002384186,MFN_FALLBACK,MFN,,,,2.0,H4,True,123598.984,0.000805569540592008,aveestimated
SWE,Sweden,GBR,United Kingdom,2014,850231,HS850231 wind-powered generating sets,1.35000002384186,,1.35000002384186,MFN_FALLBACK,MFN,,,,2.0,H4,True,2337.075,1.627122477208993e-05,aveestimated
SWE,Sweden,GBR,United Kingdom,2015,850231,HS850231 wind-powered generating sets,1.35000002384186,,1.35000002384186,MFN_FALLBACK,MFN,,,,2.0,H4,True,1422.853,9.127861053604036e-06,aveestimated
SWE,Sweden,GBR,United Kingdom,2021,850231,HS850231 wind-powered generating sets,1.35000002384186,,1.35000002384186,MFN_FALLBACK,MFN,,,,4.0,H5,True,2565.129,1.0337510555835254e-05,aveestimated
SWE,Sweden,GBR,United Kingdom,2022,850231,HS850231 wind-powered generating sets,2.70000004768372,,2.70000004768372,MFN_FALLBACK,MFN,,,,1.0,H6,True,2768.371,1.4023862005760809e-05,aveestimated
SWE,Sweden,GBR,United Kingdom,2023,850231,HS850231 wind-powered generating sets,2.70000004768372,,2.70000004768372,MFN_FALLBACK,MFN,,,,1.0,H6,True,5466.458,3.915511609340704e-05,aveestimated
SWE,Sweden,GBR,United Kingdom,2024,850231,HS850231 wind-powered generating sets,,,,MISSING,,,,,,,True,1712397.879,0.013225691872062085,aveestimated
SWE,Sweden,GRC,,2019,850231,HS850231 wind-powered generating sets,1.35000002384186,,1.35000002384186,MFN_FALLBACK,MFN,,,,2.0,H5,True,971311.193,0.005469516983869802,aveestimated
SWE,Sweden,HKG,"Hong Kong, China",2010,850231,HS850231 wind-powered generating sets,1.35000002384186,,1.35000002384186,MFN_FALLBACK,MFN,,,,2.0,H3,True,139.0,5.528655134910283e-07,aveestimated
SWE,Sweden,HKG,"Hong Kong, China",2012,850231,HS850231 wind-powered generating sets,1.35000002384186,,1.35000002384186,MFN_FALLBACK,MFN,,,,2.0,H4,True,2657.945,6.652333073900343e-06,aveestimated
SWE,Sweden,HKG,"Hong Kong, China",2013,850231,HS850231 wind-powered generating sets,1.35000002384186,,1.35000002384186,MFN_FALLBACK,MFN,,,,2.0,H4,True,921.235,6.004247217171935e-06,aveestimated
SWE,Sweden,HKG,"Hong Kong, China",2015,850231,HS850231 wind-powered generating sets,1.35000002384186,,1.35000002384186,MFN_FALLBACK,MFN,,,,2.0,H4,True,355.713,2.2819636596054917e-06,aveestimated
SWE,Sweden,HKG,"Hong Kong, China",2016,850231,HS850231 wind-powered generating sets,1.35000002384186,,1.35000002384186,MFN_FALLBACK,MFN,,,,2.0,H4,True,700.605,9.626909136484257e-06,aveestimated
SWE,Sweden,HKG,"Hong Kong, China",2017,850231,HS850231 wind-powered generating sets,1.35000002384186,,1.35000002384186,MFN_FALLBACK,MFN,,,,2.0,H5,True,117.196,3.1760980850339755e-06,aveestimated
SWE,Sweden,HKG,"Hong Kong, China",2019,850231,HS850231 wind-powered generating sets,1.35000002384186,,1.35000002384186,MFN_FALLBACK,MFN,,,,2.0,H5,True,211.453,1.1907057008352846e-06,aveestimated
SWE,Sweden,IND,India,2010,850231,HS850231 wind-powered generating sets,1.35000002384186,,1.35000002384186,MFN_FALLBACK,MFN,,,,2.0,H3,True,2673386.0,0.010633258443523209,aveestimated
SWE,Sweden,IND,India,2013,850231,HS850231 wind-powered generating sets,1.35000002384186,,1.35000002384186,MFN_FALLBACK,MFN,,,,2.0,H4,True,470443.833,0.003066167780344807,aveestimated
SWE,Sweden,IRL,,2014,850231,HS850231 wind-powered generating sets,1.35000002384186,,1.35000002384186,MFN_FALLBACK,MFN,,,,2.0,H4,True,18842.668,0.0001311867553817769,aveestimated
SWE,Sweden,IRL,,2015,850231,HS850231 wind-powered generating sets,1.35000002384186,,1.35000002384186,MFN_FALLBACK,MFN,,,,2.0,H4,True,2964.278,1.901638307559197e-05,aveestimated
SWE,Sweden,IRL,,2016,850231,HS850231 wind-powered generating sets,1.35000002384186,,1.35000002384186,MFN_FALLBACK,MFN,,,,2.0,H4,True,2919.188,4.01121282724434e-05,aveestimated
SWE,Sweden,ITA,Italy,2010,850231,HS850231 wind-powered generating sets,1.35000002384186,,1.35000002384186,MFN_FALLBACK,MFN,,,,2.0,H3,True,14781049.0,0.05879087946274136,aveestimated
SWE,Sweden,ITA,Italy,2011,850231,HS850231 wind-powered generating sets,1.35000002384186,,1.35000002384186,MFN_FALLBACK,MFN,,,,2.0,H3,True,25590773.0,0.06378149976602068,aveestimated
SWE,Sweden,ITA,Italy,2012,850231,HS850231 wind-powered generating sets,1.35000002384186,,1.35000002384186,MFN_FALLBACK,MFN,,,,2.0,H4,True,30801295.902,0.07708981165820425,aveestimated
SWE,Sweden,ITA,Italy,2014,850231,HS850231 wind-powered generating sets,1.35000002384186,,1.35000002384186,MFN_FALLBACK,MFN,,,,2.0,H4,True,876.403,6.101708419256519e-06,aveestimated
SWE,Sweden,ITA,Italy,2017,850231,HS850231 wind-powered generating sets,1.35000002384186,,1.35000002384186,MFN_FALLBACK,MFN,,,,2.0,H5,True,703.173,1.9056507207989996e-05,aveestimated
SWE,Sweden,ITA,Italy,2018,850231,HS850231 wind-powered generating sets,1.35000002384186,,1.35000002384186,MFN_FALLBACK,MFN,,,,2.0,H5,True,3455.271,2.398352060836268e-05,aveestimated
SWE,Sweden,JPN,Japan,2010,850231,HS850231 wind-powered generating sets,1.35000002384186,,1.35000002384186,MFN_FALLBACK,MFN,,,,2.0,H3,True,139.0,5.528655134910283e-07,aveestimated
SWE,Sweden,JPN,Japan,2012,850231,HS850231 wind-powered generating sets,1.35000002384186,,1.35000002384186,MFN_FALLBACK,MFN,,,,2.0,H4,True,14914.023,3.7326975715378015e-05,aveestimated
SWE,Sweden,JPN,Japan,2016,850231,HS850231 wind-powered generating sets,1.35000002384186,,1.35000002384186,MFN_FALLBACK,MFN,,,,2.0,H4,True,4904.235,6.738836395538979e-05,aveestimated
SWE,Sweden,JPN,Japan,2018,850231,HS850231 wind-powered generating sets,1.35000002384186,,1.35000002384186,MFN_FALLBACK,MFN,,,,2.0,H5,True,17391.529,0.00012071704192882039,aveestimated
SWE,Sweden,JPN,Japan,2019,850231,HS850231 wind-powered generating sets,1.35000002384186,,1.35000002384186,MFN_FALLBACK,MFN,,,,2.0,H5,True,27806.122,0.00015657809529078057,aveestimated
SWE,Sweden,JPN,Japan,2020,850231,HS850231 wind-powered generating sets,1.35000002384186,,1.35000002384186,MFN_FALLBACK,MFN,,,,4.0,H5,True,8903.068,4.276765117451966e-05,aveestimated
SWE,Sweden,JPN,Japan,2021,850231,HS850231 wind-powered generating sets,1.35000002384186,,1.35000002384186,MFN_FALLBACK,MFN,,,,4.0,H5,True,13408.629,5.403698754595918e-05,aveestimated
SWE,Sweden,KOR,"Korea, Rep.",2019,850231,HS850231 wind-powered generating sets,1.35000002384186,,1.35000002384186,MFN_FALLBACK,MFN,,,,2.0,H5,True,422.907,2.3814170327361052e-06,aveestimated
SWE,Sweden,KOR,"Korea, Rep.",2022,850231,HS850231 wind-powered generating sets,2.70000004768372,,2.70000004768372,MFN_FALLBACK,MFN,,,,1.0,H6,True,790.963,4.006816992253779e-06,aveestimated
SWE,Sweden,LTU,Lithuania,2021,850231,HS850231 wind-powered generating sets,1.35000002384186,,1.35000002384186,MFN_FALLBACK,MFN,,,,4.0,H5,True,2178027.664,0.008777486031892042,aveestimated
SWE,Sweden,NLD,,2014,850231,HS850231 wind-powered generating sets,1.35000002384186,,1.35000002384186,MFN_FALLBACK,MFN,,,,2.0,H4,True,1022.47,7.118658662096334e-06,aveestimated
SWE,Sweden,NOR,Norway,2010,850231,HS850231 wind-powered generating sets,0.0,0.0,1.35000002384186,BILATERAL_TRAINS,PREF,2.0,1.0,1.0,2.0,H3,True,2087.0,8.300937601840114e-06,aveestimated
SWE,Sweden,NOR,Norway,2011,850231,HS850231 wind-powered generating sets,0.0,0.0,1.35000002384186,BILATERAL_TRAINS,PREF,2.0,1.0,1.0,2.0,H3,True,4606959.0,0.011482214874109777,aveestimated
SWE,Sweden,NOR,Norway,2013,850231,HS850231 wind-powered generating sets,0.0,0.0,1.35000002384186,BILATERAL_TRAINS,PREF,2.0,1.0,1.0,2.0,H4,True,59419.636,0.00038727380537905017,aveestimated
SWE,Sweden,NOR,Norway,2016,850231,HS850231 wind-powered generating sets,0.0,0.0,1.35000002384186,BILATERAL_TRAINS,PREF,2.0,1.0,1.0,2.0,H4,True,9574.935,0.00013156775819861817,aveestimated
SWE,Sweden,NOR,Norway,2017,850231,HS850231 wind-powered generating sets,0.0,0.0,1.35000002384186,BILATERAL_TRAINS,PREF,2.0,1.0,1.0,2.0,H5,True,1054.76,2.858477436235397e-05,aveestimated
SWE,Sweden,NOR,Norway,2018,850231,HS850231 wind-powered generating sets,1.35000002384186,,1.35000002384186,MFN_FALLBACK,MFN,,,,2.0,H5,True,1036.581,7.195054100166729e-06,aveestimated
SWE,Sweden,NOR,Norway,2020,850231,HS850231 wind-powered generating sets,1.35000002384186,,1.35000002384186,MFN_FALLBACK,MFN,,,,4.0,H5,True,26492.056,0.00012725984008027803,aveestimated
SWE,Sweden,NOR,Norway,2021,850231,HS850231 wind-powered generating sets,1.35000002384186,,1.35000002384186,MFN_FALLBACK,MFN,,,,4.0,H5,True,1982.145,7.988075789052352e-06,aveestimated
SWE,Sweden,NOR,Norway,2023,850231,HS850231 wind-powered generating sets,2.70000004768372,,2.70000004768372,MFN_FALLBACK,MFN,,,,1.0,H6,True,471.246,3.3754383256129824e-06,aveestimated
SWE,Sweden,POL,Poland,2010,850231,HS850231 wind-powered generating sets,1.35000002384186,,1.35000002384186,MFN_FALLBACK,MFN,,,,2.0,H3,True,32974.0,0.0001311524276392314,aveestimated
SWE,Sweden,POL,Poland,2017,850231,HS850231 wind-powered generating sets,1.35000002384186,,1.35000002384186,MFN_FALLBACK,MFN,,,,2.0,H5,True,1171.955,3.176084534664999e-05,aveestimated
SWE,Sweden,POL,Poland,2018,850231,HS850231 wind-powered generating sets,1.35000002384186,,1.35000002384186,MFN_FALLBACK,MFN,,,,2.0,H5,True,230.351,1.598898597434746e-06,aveestimated
SWE,Sweden,POL,Poland,2022,850231,HS850231 wind-powered generating sets,2.70000004768372,,2.70000004768372,MFN_FALLBACK,MFN,,,,1.0,H6,True,593.222,3.005111477754043e-06,aveestimated
SWE,Sweden,SGP,Singapore,2012,850231,HS850231 wind-powered generating sets,1.35000002384186,,1.35000002384186,MFN_FALLBACK,MFN,,,,2.0,H4,True,92142.08,0.00023061417985773645,aveestimated
SWE,Sweden,SGP,Singapore,2017,850231,HS850231 wind-powered generating sets,1.35000002384186,,1.35000002384186,MFN_FALLBACK,MFN,,,,2.0,H5,True,234.391,6.352169069329998e-06,aveestimated
SWE,Sweden,SGP,Singapore,2018,850231,HS850231 wind-powered generating sets,1.35000002384186,,1.35000002384186,MFN_FALLBACK,MFN,,,,2.0,H5,True,115.176,7.994527692874973e-07,aveestimated
SWE,Sweden,SGP,Singapore,2020,850231,HS850231 wind-powered generating sets,1.35000002384186,,1.35000002384186,MFN_FALLBACK,MFN,,,,4.0,H5,True,108.574,5.215567216404837e-07,aveestimated
SWE,Sweden,SRB,,2013,850231,HS850231 wind-powered generating sets,1.35000002384186,,1.35000002384186,MFN_FALLBACK,MFN,,,,2.0,H4,True,307.078,2.0014135665218137e-06,aveestimated
SWE,Sweden,THA,Thailand,2018,850231,HS850231 wind-powered generating sets,1.35000002384186,,1.35000002384186,MFN_FALLBACK,MFN,,,,2.0,H5,True,316042.093,0.0021936924920145408,aveestimated
SWE,Sweden,THA,Thailand,2019,850231,HS850231 wind-powered generating sets,1.35000002384186,,1.35000002384186,MFN_FALLBACK,MFN,,,,2.0,H5,True,699699.301,0.0039400526195947265,aveestimated
SWE,Sweden,THA,Thailand,2020,850231,HS850231 wind-powered generating sets,1.35000002384186,,1.35000002384186,MFN_FALLBACK,MFN,,,,4.0,H5,True,42452.434,0.00020392867816142912,aveestimated
SWE,Sweden,THA,Thailand,2024,850231,HS850231 wind-powered generating sets,,,,MISSING,,,,,,,True,700913.522,0.0054135002061245895,aveestimated
SWE,Sweden,TUR,Turkey,2015,850231,HS850231 wind-powered generating sets,0.0,0.0,1.35000002384186,BILATERAL_TRAINS,PREF,2.0,1.0,1.0,2.0,H4,True,355.713,2.2819636596054917e-06,aveestimated
SWE,Sweden,TUR,Turkey,2019,850231,HS850231 wind-powered generating sets,1.35000002384186,,1.35000002384186,MFN_FALLBACK,MFN,,,,2.0,H5,True,1162.994,6.548895432257906e-06,aveestimated
SWE,Sweden,TUR,Turkey,2020,850231,HS850231 wind-powered generating sets,1.35000002384186,,1.35000002384186,MFN_FALLBACK,MFN,,,,4.0,H5,True,1520.036,7.301794102966771e-06,aveestimated
SWE,Sweden,TUR,Turkey,2021,850231,HS850231 wind-powered generating sets,1.35000002384186,,1.35000002384186,MFN_FALLBACK,MFN,,,,4.0,H5,True,5130.258,2.0675021111670508e-05,aveestimated
SWE,Sweden,TUR,Turkey,2022,850231,HS850231 wind-powered generating sets,2.70000004768372,,2.70000004768372,MFN_FALLBACK,MFN,,,,1.0,H6,True,34604.637,0.00017529827253913753,aveestimated
SWE,Sweden,TUR,Turkey,2023,850231,HS850231 wind-powered generating sets,2.70000004768372,,2.70000004768372,MFN_FALLBACK,MFN,,,,1.0,H6,True,24599.059,0.0001761980080947424,aveestimated
SWE,Sweden,TUR,Turkey,2024,850231,HS850231 wind-powered generating sets,,,,MISSING,,,,,,,True,567.771,4.3851749596172925e-06,aveestimated
SWE,Sweden,UKR,Ukraine,2020,850231,HS850231 wind-powered generating sets,1.35000002384186,,1.35000002384186,MFN_FALLBACK,MFN,,,,4.0,H5,True,108.574,5.215567216404837e-07,aveestimated
SWE,Sweden,USA,United States,2010,850231,HS850231 wind-powered generating sets,1.35000002384186,,1.35000002384186,MFN_FALLBACK,MFN,,,,2.0,H3,True,18504.0,7.359872993984163e-05,aveestimated
SWE,Sweden,USA,United States,2011,850231,HS850231 wind-powered generating sets,1.35000002384186,,1.35000002384186,MFN_FALLBACK,MFN,,,,2.0,H3,True,7862.0,1.9594959134702754e-05,aveestimated
SWE,Sweden,USA,United States,2012,850231,HS850231 wind-powered generating sets,1.35000002384186,,1.35000002384186,MFN_FALLBACK,MFN,,,,2.0,H4,True,13142.06,3.289208783371467e-05,aveestimated
SWE,Sweden,USA,United States,2013,850231,HS850231 wind-powered generating sets,1.35000002384186,,1.35000002384186,MFN_FALLBACK,MFN,,,,2.0,H4,True,3224.321,2.1014855483692033e-05,aveestimated
SWE,Sweden,USA,United States,2014,850231,HS850231 wind-powered generating sets,1.35000002384186,,1.35000002384186,MFN_FALLBACK,MFN,,,,2.0,H4,True,3359.545,2.3389883434186264e-05,aveestimated
SWE,Sweden,USA,United States,2017,850231,HS850231 wind-powered generating sets,1.35000002384186,,1.35000002384186,MFN_FALLBACK,MFN,,,,2.0,H5,True,6094.168,0.00016515645000405587,aveestimated
SWE,Sweden,USA,United States,2018,850231,HS850231 wind-powered generating sets,1.35000002384186,,1.35000002384186,MFN_FALLBACK,MFN,,,,2.0,H5,True,2303.514,1.5989013738908454e-05,aveestimated
SWE,Sweden,USA,United States,2019,850231,HS850231 wind-powered generating sets,1.35000002384186,,1.35000002384186,MFN_FALLBACK,MFN,,,,2.0,H5,True,1585.901,8.930312464994013e-06,aveestimated
SWE,Sweden,USA,United States,2020,850231,HS850231 wind-powered generating sets,1.35000002384186,,1.35000002384186,MFN_FALLBACK,MFN,,,,4.0,H5,True,108.574,5.215567216404837e-07,aveestimated
SWE,Sweden,USA,United States,2021,850231,HS850231 wind-powered generating sets,1.35000002384186,,1.35000002384186,MFN_FALLBACK,MFN,,,,4.0,H5,True,349.79,1.4096592480633972e-06,aveestimated
SWE,Sweden,USA,United States,2022,850231,HS850231 wind-powered generating sets,2.70000004768372,,2.70000004768372,MFN_FALLBACK,MFN,,,,1.0,H6,True,692.093,3.505966767876493e-06,aveestimated
SWE,Sweden,USA,United States,2023,850231,HS850231 wind-powered generating sets,2.70000004768372,,2.70000004768372,MFN_FALLBACK,MFN,,,,1.0,H6,True,16305.124,0.00011679025488486281,aveestimated
SWE,Sweden,USA,United States,2024,850231,HS850231 wind-powered generating sets,,,,MISSING,,,,,,,True,3122.741,2.4118466139641272e-05,aveestimated
TUR,Turkey,AUT,Austria,2013,850231,HS850231 wind-powered generating sets,,,,MISSING,,,,,,,True,3726.0,8.072387223740448e-06,aveestimated
TUR,Turkey,AUT,Austria,2016,850231,HS850231 wind-powered generating sets,1.35000002384186,,1.35000002384186,MFN_FALLBACK,MFN,,,,6.0,H4,True,575612.0,0.000653644567601767,aveestimated
TUR,Turkey,AUT,Austria,2017,850231,HS850231 wind-powered generating sets,1.35000002384186,,1.35000002384186,MFN_FALLBACK,MFN,,,,6.0,H5,True,2922.0,1.2145516202748335e-05,aveestimated
TUR,Turkey,AUT,Austria,2022,850231,HS850231 wind-powered generating sets,1.35000002384186,,1.35000002384186,MFN_FALLBACK,MFN,,,,6.0,H6,True,609.0,5.6577000080099654e-06,aveestimated
TUR,Turkey,AUT,Austria,2023,850231,HS850231 wind-powered generating sets,1.35000002384186,,1.35000002384186,MFN_FALLBACK,MFN,,,,6.0,H6,True,5112.0,1.3871559050490154e-05,aveestimated
TUR,Turkey,AUT,Austria,2024,850231,HS850231 wind-powered generating sets,,,,MISSING,,,,,,,True,55824.0,9.201918228735446e-05,aveestimated
TUR,Turkey,BEL,,2016,850231,HS850231 wind-powered generating sets,1.35000002384186,,1.35000002384186,MFN_FALLBACK,MFN,,,,6.0,H4,True,948594.0,0.0010771896954191896,aveestimated
TUR,Turkey,BEL,,2018,850231,HS850231 wind-powered generating sets,1.35000002384186,,1.35000002384186,MFN_FALLBACK,MFN,,,,6.0,H5,True,5485.0,2.261067242948468e-05,aveestimated
TUR,Turkey,BEL,,2020,850231,HS850231 wind-powered generating sets,1.35000002384186,,1.35000002384186,MFN_FALLBACK,MFN,,,,6.0,H5,True,5675.0,8.200111421235553e-06,aveestimated
TUR,Turkey,BGR,Bulgaria,2013,850231,HS850231 wind-powered generating sets,,,,MISSING,,,,,,,True,11836.0,2.5642720123508306e-05,aveestimated
TUR,Turkey,BGR,Bulgaria,2015,850231,HS850231 wind-powered generating sets,1.35000002384186,,1.35000002384186,MFN_FALLBACK,MFN,,,,6.0,H4,True,4676.0,1.1218523838467066e-05,aveestimated
TUR,Turkey,BRA,Brazil,2012,850231,HS850231 wind-powered generating sets,,,,MISSING,,,,,,,True,3265612.0,0.011374587081905653,aveestimated
TUR,Turkey,CAN,Canada,2012,850231,HS850231 wind-powered generating sets,,,,MISSING,,,,,,,True,24624.0,8.576886424500057e-05,aveestimated
TUR,Turkey,CAN,Canada,2021,850231,HS850231 wind-powered generating sets,1.35000002384186,,1.35000002384186,MFN_FALLBACK,MFN,,,,6.0,H5,True,522.0,1.0603959783479004e-06,aveestimated
TUR,Turkey,CHN,China,2010,850231,HS850231 wind-powered generating sets,1.35000002384186,,1.35000002384186,MFN_FALLBACK,MFN,,,,6.0,H3,True,216965.0,0.000535439594648597,aveestimated
TUR,Turkey,CHN,China,2011,850231,HS850231 wind-powered generating sets,1.35000002384186,,1.35000002384186,MFN_FALLBACK,MFN,,,,6.0,H3,True,613721.0,0.001735493889814212,aveestimated
TUR,Turkey,CHN,China,2012,850231,HS850231 wind-powered generating sets,,,,MISSING,,,,,,,True,32215441.0,0.11221092372164658,aveestimated
TUR,Turkey,CHN,China,2013,850231,HS850231 wind-powered generating sets,,,,MISSING,,,,,,,True,23059562.0,0.04995859196829059,aveestimated
TUR,Turkey,CHN,China,2014,850231,HS850231 wind-powered generating sets,,,,MISSING,,,,,,,True,36095927.0,0.10341559575087332,aveestimated
TUR,Turkey,CHN,China,2015,850231,HS850231 wind-powered generating sets,1.35000002384186,,1.35000002384186,MFN_FALLBACK,MFN,,,,6.0,H4,True,10225875.0,0.02453362327987263,aveestimated
TUR,Turkey,CHN,China,2016,850231,HS850231 wind-powered generating sets,1.35000002384186,,1.35000002384186,MFN_FALLBACK,MFN,,,,6.0,H4,True,15253711.0,0.017321573092495147,aveestimated
TUR,Turkey,CHN,China,2017,850231,HS850231 wind-powered generating sets,1.35000002384186,,1.35000002384186,MFN_FALLBACK,MFN,,,,6.0,H5,True,8733483.0,0.03630138921386966,aveestimated
TUR,Turkey,CHN,China,2018,850231,HS850231 wind-powered generating sets,1.35000002384186,,1.35000002384186,MFN_FALLBACK,MFN,,,,6.0,H5,True,10800918.0,0.04452434254069732,aveestimated
TUR,Turkey,CHN,China,2019,850231,HS850231 wind-powered generating sets,1.35000002384186,,1.35000002384186,MFN_FALLBACK,MFN,,,,6.0,H5,True,29152.0,0.00011096446451332673,aveestimated
TUR,Turkey,CHN,China,2020,850231,HS850231 wind-powered generating sets,1.35000002384186,,1.35000002384186,MFN_FALLBACK,MFN,,,,6.0,H5,True,96650136.0,0.13965495754670826,aveestimated
TUR,Turkey,CHN,China,2021,850231,HS850231 wind-powered generating sets,1.35000002384186,,1.35000002384186,MFN_FALLBACK,MFN,,,,6.0,H5,True,2300309.0,0.004672870522140767,aveestimated
TUR,Turkey,CHN,China,2022,850231,HS850231 wind-powered generating sets,1.35000002384186,,1.35000002384186,MFN_FALLBACK,MFN,,,,6.0,H6,True,18126064.0,0.16839381352707578,aveestimated
TUR,Turkey,CHN,China,2023,850231,HS850231 wind-powered generating sets,1.35000002384186,,1.35000002384186,MFN_FALLBACK,MFN,,,,6.0,H6,True,57319647.0,0.15553851097686833,aveestimated
TUR,Turkey,CHN,China,2024,850231,HS850231 wind-powered generating sets,,,,MISSING,,,,,,,True,121191245.0,0.1997692617026088,aveestimated
TUR,Turkey,CZE,Czech Republic,2013,850231,HS850231 wind-powered generating sets,,,,MISSING,,,,,,,True,5609.0,1.2151910879753132e-05,aveestimated
TUR,Turkey,CZE,Czech Republic,2014,850231,HS850231 wind-powered generating sets,,,,MISSING,,,,,,,True,5879.0,1.6843459579785392e-05,aveestimated
TUR,Turkey,CZE,Czech Republic,2016,850231,HS850231 wind-powered generating sets,1.35000002384186,,1.35000002384186,MFN_FALLBACK,MFN,,,,6.0,H4,True,9674.0,1.098545121884098e-05,aveestimated
TUR,Turkey,DEU,Germany,2010,850231,HS850231 wind-powered generating sets,1.35000002384186,,1.35000002384186,MFN_FALLBACK,MFN,,,,6.0,H3,True,247853118.0,0.6116671953278681,aveestimated
TUR,Turkey,DEU,Germany,2011,850231,HS850231 wind-powered generating sets,1.35000002384186,,1.35000002384186,MFN_FALLBACK,MFN,,,,6.0,H3,True,229344741.0,0.6485461580531268,aveestimated
TUR,Turkey,DEU,Germany,2012,850231,HS850231 wind-powered generating sets,,,,MISSING,,,,,,,True,169976390.0,0.5920517348426443,aveestimated
TUR,Turkey,DEU,Germany,2013,850231,HS850231 wind-powered generating sets,,,,MISSING,,,,,,,True,297701339.0,0.6449706080069845,aveestimated
TUR,Turkey,DEU,Germany,2014,850231,HS850231 wind-powered generating sets,,,,MISSING,,,,,,,True,139789536.0,0.4004999828700383,aveestimated
TUR,Turkey,DEU,Germany,2015,850231,HS850231 wind-powered generating sets,1.35000002384186,,1.35000002384186,MFN_FALLBACK,MFN,,,,6.0,H4,True,173535755.0,0.416341959857545,aveestimated
TUR,Turkey,DEU,Germany,2016,850231,HS850231 wind-powered generating sets,1.35000002384186,,1.35000002384186,MFN_FALLBACK,MFN,,,,6.0,H4,True,376382161.0,0.42740623002971384,aveestimated
TUR,Turkey,DEU,Germany,2017,850231,HS850231 wind-powered generating sets,1.35000002384186,,1.35000002384186,MFN_FALLBACK,MFN,,,,6.0,H5,True,142415477.0,0.5919608088383412,aveestimated
TUR,Turkey,DEU,Germany,2018,850231,HS850231 wind-powered generating sets,1.35000002384186,,1.35000002384186,MFN_FALLBACK,MFN,,,,6.0,H5,True,106825732.0,0.4403649285855824,aveestimated
TUR,Turkey,DEU,Germany,2019,850231,HS850231 wind-powered generating sets,1.35000002384186,,1.35000002384186,MFN_FALLBACK,MFN,,,,6.0,H5,True,151397744.0,0.5762818877430613,aveestimated
TUR,Turkey,DEU,Germany,2020,850231,HS850231 wind-powered generating sets,1.35000002384186,,1.35000002384186,MFN_FALLBACK,MFN,,,,6.0,H5,True,495790997.0,0.7163949633560285,aveestimated
TUR,Turkey,DEU,Germany,2021,850231,HS850231 wind-powered generating sets,1.35000002384186,,1.35000002384186,MFN_FALLBACK,MFN,,,,6.0,H5,True,416315060.0,0.84570654281545,aveestimated
TUR,Turkey,DEU,Germany,2022,850231,HS850231 wind-powered generating sets,1.35000002384186,,1.35000002384186,MFN_FALLBACK,MFN,,,,6.0,H6,True,73295454.0,0.6809256004645222,aveestimated
TUR,Turkey,DEU,Germany,2023,850231,HS850231 wind-powered generating sets,1.35000002384186,,1.35000002384186,MFN_FALLBACK,MFN,,,,6.0,H6,True,263948907.0,0.7162329518315403,aveestimated
TUR,Turkey,DEU,Germany,2024,850231,HS850231 wind-powered generating sets,,,,MISSING,,,,,,,True,412347765.0,0.679705935678529,aveestimated
TUR,Turkey,DNK,Denmark,2010,850231,HS850231 wind-powered generating sets,1.35000002384186,,1.35000002384186,MFN_FALLBACK,MFN,,,,6.0,H3,True,60634982.0,0.14963874442239522,aveestimated
TUR,Turkey,DNK,Denmark,2011,850231,HS850231 wind-powered generating sets,1.35000002384186,,1.35000002384186,MFN_FALLBACK,MFN,,,,6.0,H3,True,10223471.0,0.02891015861147458,aveestimated
TUR,Turkey,DNK,Denmark,2012,850231,HS850231 wind-powered generating sets,,,,MISSING,,,,,,,True,43629205.0,0.15196667319535007,aveestimated
TUR,Turkey,DNK,Denmark,2013,850231,HS850231 wind-powered generating sets,,,,MISSING,,,,,,,True,85862584.0,0.18602147774528743,aveestimated
TUR,Turkey,DNK,Denmark,2014,850231,HS850231 wind-powered generating sets,,,,MISSING,,,,,,,True,148080691.0,0.4242543176399372,aveestimated
TUR,Turkey,DNK,Denmark,2015,850231,HS850231 wind-powered generating sets,1.35000002384186,,1.35000002384186,MFN_FALLBACK,MFN,,,,6.0,H4,True,110966573.0,0.26622778966499056,aveestimated
TUR,Turkey,DNK,Denmark,2016,850231,HS850231 wind-powered generating sets,1.35000002384186,,1.35000002384186,MFN_FALLBACK,MFN,,,,6.0,H4,True,260203721.0,0.2954781149479438,aveestimated
TUR,Turkey,DNK,Denmark,2017,850231,HS850231 wind-powered generating sets,1.35000002384186,,1.35000002384186,MFN_FALLBACK,MFN,,,,6.0,H5,True,34874296.0,0.14495767526606484,aveestimated
TUR,Turkey,DNK,Denmark,2018,850231,HS850231 wind-powered generating sets,1.35000002384186,,1.35000002384186,MFN_FALLBACK,MFN,,,,6.0,H5,True,70167766.0,0.2892507515286659,aveestimated
TUR,Turkey,DNK,Denmark,2019,850231,HS850231 wind-powered generating sets,1.35000002384186,,1.35000002384186,MFN_FALLBACK,MFN,,,,6.0,H5,True,89497314.0,0.34066347157625754,aveestimated
TUR,Turkey,DNK,Denmark,2020,850231,HS850231 wind-powered generating sets,1.35000002384186,,1.35000002384186,MFN_FALLBACK,MFN,,,,6.0,H5,True,52801198.0,0.07629527872682287,aveestimated
TUR,Turkey,DNK,Denmark,2021,850231,HS850231 wind-powered generating sets,1.35000002384186,,1.35000002384186,MFN_FALLBACK,MFN,,,,6.0,H5,True,58035184.0,0.1178932484986215,aveestimated
TUR,Turkey,DNK,Denmark,2022,850231,HS850231 wind-powered generating sets,1.35000002384186,,1.35000002384186,MFN_FALLBACK,MFN,,,,6.0,H6,True,1788484.0,0.016615280691503604,aveestimated
TUR,Turkey,DNK,Denmark,2023,850231,HS850231 wind-powered generating sets,1.35000002384186,,1.35000002384186,MFN_FALLBACK,MFN,,,,6.0,H6,True,15594261.0,0.042315475804040624,aveestimated
TUR,Turkey,DNK,Denmark,2024,850231,HS850231 wind-powered generating sets,,,,MISSING,,,,,,,True,35027011.0,0.05773783516391104,aveestimated
TUR,Turkey,ESP,Spain,2010,850231,HS850231 wind-powered generating sets,1.35000002384186,,1.35000002384186,MFN_FALLBACK,MFN,,,,6.0,H3,True,45599958.0,0.11253438585722605,aveestimated
TUR,Turkey,ESP,Spain,2011,850231,HS850231 wind-powered generating sets,1.35000002384186,,1.35000002384186,MFN_FALLBACK,MFN,,,,6.0,H3,True,55793804.0,0.1577749595198661,aveestimated
TUR,Turkey,ESP,Spain,2012,850231,HS850231 wind-powered generating sets,,,,MISSING,,,,,,,True,29356288.0,0.10225209065176817,aveestimated
TUR,Turkey,ESP,Spain,2013,850231,HS850231 wind-powered generating sets,,,,MISSING,,,,,,,True,48617250.0,0.10532937942925263,aveestimated
TUR,Turkey,ESP,Spain,2014,850231,HS850231 wind-powered generating sets,,,,MISSING,,,,,,,True,18992230.0,0.054413141407550186,aveestimated
TUR,Turkey,ESP,Spain,2015,850231,HS850231 wind-powered generating sets,1.35000002384186,,1.35000002384186,MFN_FALLBACK,MFN,,,,6.0,H4,True,114158483.0,0.27388572773711234,aveestimated
TUR,Turkey,ESP,Spain,2016,850231,HS850231 wind-powered generating sets,1.35000002384186,,1.35000002384186,MFN_FALLBACK,MFN,,,,6.0,H4,True,182067086.0,0.20674892410683537,aveestimated
TUR,Turkey,ESP,Spain,2017,850231,HS850231 wind-powered generating sets,1.35000002384186,,1.35000002384186,MFN_FALLBACK,MFN,,,,6.0,H5,True,49855873.0,0.20722974446395048,aveestimated
TUR,Turkey,ESP,Spain,2018,850231,HS850231 wind-powered generating sets,1.35000002384186,,1.35000002384186,MFN_FALLBACK,MFN,,,,6.0,H5,True,52482157.0,0.21634582685866663,aveestimated
TUR,Turkey,ESP,Spain,2019,850231,HS850231 wind-powered generating sets,1.35000002384186,,1.35000002384186,MFN_FALLBACK,MFN,,,,6.0,H5,True,19524134.0,0.07431685902841781,aveestimated
TUR,Turkey,ESP,Spain,2020,850231,HS850231 wind-powered generating sets,1.35000002384186,,1.35000002384186,MFN_FALLBACK,MFN,,,,6.0,H5,True,24979090.0,0.03609362488124595,aveestimated
TUR,Turkey,ESP,Spain,2021,850231,HS850231 wind-powered generating sets,1.35000002384186,,1.35000002384186,MFN_FALLBACK,MFN,,,,6.0,H5,True,16529.0,3.357717457109664e-05,aveestimated
TUR,Turkey,ESP,Spain,2022,850231,HS850231 wind-powered generating sets,1.35000002384186,,1.35000002384186,MFN_FALLBACK,MFN,,,,6.0,H6,True,491.0,4.561462568034307e-06,aveestimated
TUR,Turkey,ESP,Spain,2023,850231,HS850231 wind-powered generating sets,1.35000002384186,,1.35000002384186,MFN_FALLBACK,MFN,,,,6.0,H6,True,21663537.0,0.05878463081728841,aveestimated
TUR,Turkey,ESP,Spain,2024,850231,HS850231 wind-powered generating sets,,,,MISSING,,,,,,,True,9862288.0,0.01625680132635405,aveestimated
TUR,Turkey,EST,Estonia,2011,850231,HS850231 wind-powered generating sets,1.35000002384186,,1.35000002384186,MFN_FALLBACK,MFN,,,,6.0,H3,True,196529.0,0.0005557490759991873,aveestimated
TUR,Turkey,FIN,Finland,2011,850231,HS850231 wind-powered generating sets,1.35000002384186,,1.35000002384186,MFN_FALLBACK,MFN,,,,6.0,H3,True,65836.0,0.0001861725046557124,aveestimated
TUR,Turkey,FIN,Finland,2012,850231,HS850231 wind-powered generating sets,,,,MISSING,,,,,,,True,9148.0,3.186377396496366e-05,aveestimated
TUR,Turkey,FIN,Finland,2015,850231,HS850231 wind-powered generating sets,1.35000002384186,,1.35000002384186,MFN_FALLBACK,MFN,,,,6.0,H4,True,320416.0,0.0007687327917506979,aveestimated
TUR,Turkey,FIN,Finland,2016,850231,HS850231 wind-powered generating sets,1.35000002384186,,1.35000002384186,MFN_FALLBACK,MFN,,,,6.0,H4,True,21020.0,2.3869566324171736e-05,aveestimated
TUR,Turkey,FIN,Finland,2018,850231,HS850231 wind-powered generating sets,1.35000002384186,,1.35000002384186,MFN_FALLBACK,MFN,,,,6.0,H5,True,4491.0,1.8513132156939963e-05,aveestimated
TUR,Turkey,FIN,Finland,2019,850231,HS850231 wind-powered generating sets,1.35000002384186,,1.35000002384186,MFN_FALLBACK,MFN,,,,6.0,H5,True,1301.0,4.952139418627816e-06,aveestimated
TUR,Turkey,FIN,Finland,2021,850231,HS850231 wind-powered generating sets,1.35000002384186,,1.35000002384186,MFN_FALLBACK,MFN,,,,6.0,H5,True,765560.0,0.0015551661785134457,aveestimated
TUR,Turkey,FIN,Finland,2022,850231,HS850231 wind-powered generating sets,1.35000002384186,,1.35000002384186,MFN_FALLBACK,MFN,,,,6.0,H6,True,739.0,6.86541922154247e-06,aveestimated
TUR,Turkey,FRA,France,2010,850231,HS850231 wind-powered generating sets,1.35000002384186,,1.35000002384186,MFN_FALLBACK,MFN,,,,6.0,H3,True,1022.0,2.522154567468791e-06,aveestimated
TUR,Turkey,FRA,France,2012,850231,HS850231 wind-powered generating sets,,,,MISSING,,,,,,,True,362.0,1.2608970458369967e-06,aveestimated
TUR,Turkey,FRA,France,2013,850231,HS850231 wind-powered generating sets,,,,MISSING,,,,,,,True,1643.0,3.5595631263031553e-06,aveestimated
TUR,Turkey,FRA,France,2016,850231,HS850231 wind-powered generating sets,1.35000002384186,,1.35000002384186,MFN_FALLBACK,MFN,,,,6.0,H4,True,11541.0,1.3105550187786205e-05,aveestimated
TUR,Turkey,FRA,France,2021,850231,HS850231 wind-powered generating sets,1.35000002384186,,1.35000002384186,MFN_FALLBACK,MFN,,,,6.0,H5,True,1385.0,2.8135027394862877e-06,aveestimated
TUR,Turkey,FRA,France,2022,850231,HS850231 wind-powered generating sets,1.35000002384186,,1.35000002384186,MFN_FALLBACK,MFN,,,,6.0,H6,True,25780.0,0.00023950001019129214,aveestimated
TUR,Turkey,GBR,United Kingdom,2010,850231,HS850231 wind-powered generating sets,1.35000002384186,,1.35000002384186,MFN_FALLBACK,MFN,,,,6.0,H3,True,8488.0,2.094720936269579e-05,aveestimated
TUR,Turkey,GBR,United Kingdom,2011,850231,HS850231 wind-powered generating sets,1.35000002384186,,1.35000002384186,MFN_FALLBACK,MFN,,,,6.0,H3,True,4383.0,1.2394344855489207e-05,aveestimated
TUR,Turkey,GBR,United Kingdom,2013,850231,HS850231 wind-powered generating sets,,,,MISSING,,,,,,,True,11719.0,2.538923936527491e-05,aveestimated
TUR,Turkey,GBR,United Kingdom,2017,850231,HS850231 wind-powered generating sets,1.35000002384186,,1.35000002384186,MFN_FALLBACK,MFN,,,,6.0,H5,True,5865.0,2.43783205096232e-05,aveestimated
TUR,Turkey,GBR,United Kingdom,2018,850231,HS850231 wind-powered generating sets,1.35000002384186,,1.35000002384186,MFN_FALLBACK,MFN,,,,6.0,H5,True,17942.0,7.396183860160696e-05,aveestimated
TUR,Turkey,GBR,United Kingdom,2019,850231,HS850231 wind-powered generating sets,1.35000002384186,,1.35000002384186,MFN_FALLBACK,MFN,,,,6.0,H5,True,3262.0,1.241650944163254e-05,aveestimated
TUR,Turkey,GBR,United Kingdom,2021,850231,HS850231 wind-powered generating sets,1.35000002384186,,1.35000002384186,MFN_FALLBACK,MFN,,,,6.0,H5,True,249.0,5.058210701314698e-07,aveestimated
TUR,Turkey,GBR,United Kingdom,2022,850231,HS850231 wind-powered generating sets,1.35000002384186,,1.35000002384186,MFN_FALLBACK,MFN,,,,6.0,H6,True,16485.0,0.00015314808642371804,aveestimated
TUR,Turkey,GBR,United Kingdom,2023,850231,HS850231 wind-powered generating sets,1.35000002384186,,1.35000002384186,MFN_FALLBACK,MFN,,,,6.0,H6,True,632.0,1.714950179951052e-06,aveestimated
TUR,Turkey,GBR,United Kingdom,2024,850231,HS850231 wind-powered generating sets,,,,MISSING,,,,,,,True,9306.0,1.5339827141840796e-05,aveestimated
TUR,Turkey,GRC,,2010,850231,HS850231 wind-powered generating sets,1.35000002384186,,1.35000002384186,MFN_FALLBACK,MFN,,,,6.0,H3,True,18762654.0,0.046303633545926204,aveestimated
TUR,Turkey,GRC,,2011,850231,HS850231 wind-powered generating sets,1.35000002384186,,1.35000002384186,MFN_FALLBACK,MFN,,,,6.0,H3,True,8109877.0,0.02293329050276072,aveestimated
TUR,Turkey,GRC,,2014,850231,HS850231 wind-powered generating sets,,,,MISSING,,,,,,,True,581607.0,0.001666316379625828,aveestimated
TUR,Turkey,GRC,,2016,850231,HS850231 wind-powered generating sets,1.35000002384186,,1.35000002384186,MFN_FALLBACK,MFN,,,,6.0,H4,True,3385269.0,0.0038441913853788077,aveestimated
TUR,Turkey,GRC,,2020,850231,HS850231 wind-powered generating sets,1.35000002384186,,1.35000002384186,MFN_FALLBACK,MFN,,,,6.0,H5,True,2374520.0,0.0034310711140003954,aveestimated
TUR,Turkey,GRC,,2021,850231,HS850231 wind-powered generating sets,1.35000002384186,,1.35000002384186,MFN_FALLBACK,MFN,,,,6.0,H5,True,540.0,1.0969613569116212e-06,aveestimated
TUR,Turkey,GRC,,2022,850231,HS850231 wind-powered generating sets,1.35000002384186,,1.35000002384186,MFN_FALLBACK,MFN,,,,6.0,H6,True,1564.0,1.4529791153575676e-05,aveestimated
TUR,Turkey,HKG,"Hong Kong, China",2010,850231,HS850231 wind-powered generating sets,1.35000002384186,,1.35000002384186,MFN_FALLBACK,MFN,,,,6.0,H3,True,2545.0,6.28070780255193e-06,aveestimated
TUR,Turkey,HKG,"Hong Kong, China",2012,850231,HS850231 wind-powered generating sets,,,,MISSING,,,,,,,True,20749.0,7.227169282892775e-05,aveestimated
TUR,Turkey,HKG,"Hong Kong, China",2013,850231,HS850231 wind-powered generating sets,,,,MISSING,,,,,,,True,5003.0,1.083901054223657e-05,aveestimated
TUR,Turkey,HKG,"Hong Kong, China",2019,850231,HS850231 wind-powered generating sets,1.35000002384186,,1.35000002384186,MFN_FALLBACK,MFN,,,,6.0,H5,True,2499.0,9.512218606572568e-06,aveestimated
TUR,Turkey,HUN,Hungary,2022,850231,HS850231 wind-powered generating sets,1.35000002384186,,1.35000002384186,MFN_FALLBACK,MFN,,,,6.0,H6,True,490.0,4.552172420237903e-06,aveestimated
TUR,Turkey,HUN,Hungary,2023,850231,HS850231 wind-powered generating sets,1.35000002384186,,1.35000002384186,MFN_FALLBACK,MFN,,,,6.0,H6,True,1926.0,5.226256402825516e-06,aveestimated
TUR,Turkey,IND,India,2010,850231,HS850231 wind-powered generating sets,1.35000002384186,,1.35000002384186,MFN_FALLBACK,MFN,,,,6.0,H3,True,241867.0,0.0005968942845107378,aveestimated
TUR,Turkey,IND,India,2011,850231,HS850231 wind-powered generating sets,1.35000002384186,,1.35000002384186,MFN_FALLBACK,MFN,,,,6.0,H3,True,39007489.0,0.11030624472112749,aveestimated
TUR,Turkey,IND,India,2012,850231,HS850231 wind-powered generating sets,,,,MISSING,,,,,,,True,8079340.0,0.028141480492576466,aveestimated
TUR,Turkey,IND,India,2014,850231,HS850231 wind-powered generating sets,,,,MISSING,,,,,,,True,8220.0,2.3550474187078742e-05,aveestimated
TUR,Turkey,IND,India,2015,850231,HS850231 wind-powered generating sets,1.35000002384186,,1.35000002384186,MFN_FALLBACK,MFN,,,,6.0,H4,True,442361.0,0.0010612997056689757,aveestimated
TUR,Turkey,IND,India,2016,850231,HS850231 wind-powered generating sets,1.35000002384186,,1.35000002384186,MFN_FALLBACK,MFN,,,,6.0,H4,True,2525034.0,0.002867339035860545,aveestimated
TUR,Turkey,IND,India,2017,850231,HS850231 wind-powered generating sets,1.35000002384186,,1.35000002384186,MFN_FALLBACK,MFN,,,,6.0,H5,True,1727139.0,0.00717898518442798,aveestimated
TUR,Turkey,IND,India,2018,850231,HS850231 wind-powered generating sets,1.35000002384186,,1.35000002384186,MFN_FALLBACK,MFN,,,,6.0,H5,True,1677175.0,0.006913774755136002,aveestimated
TUR,Turkey,IND,India,2019,850231,HS850231 wind-powered generating sets,1.35000002384186,,1.35000002384186,MFN_FALLBACK,MFN,,,,6.0,H5,True,557622.0,0.0021225379607179708,aveestimated
TUR,Turkey,IND,India,2020,850231,HS850231 wind-powered generating sets,1.35000002384186,,1.35000002384186,MFN_FALLBACK,MFN,,,,6.0,H5,True,4741882.0,0.006851799250458376,aveestimated
TUR,Turkey,IND,India,2021,850231,HS850231 wind-powered generating sets,1.35000002384186,,1.35000002384186,MFN_FALLBACK,MFN,,,,6.0,H5,True,97836.0,0.00019874502095334326,aveestimated
TUR,Turkey,IND,India,2022,850231,HS850231 wind-powered generating sets,1.35000002384186,,1.35000002384186,MFN_FALLBACK,MFN,,,,6.0,H6,True,11205543.0,0.10410115060895897,aveestimated
TUR,Turkey,IND,India,2023,850231,HS850231 wind-powered generating sets,1.35000002384186,,1.35000002384186,MFN_FALLBACK,MFN,,,,6.0,H6,True,8232654.0,0.0223395434474284,aveestimated
TUR,Turkey,IND,India,2024,850231,HS850231 wind-powered generating sets,,,,MISSING,,,,,,,True,19156916.0,0.03157788308733765,aveestimated
TUR,Turkey,IRN,"Iran, Islamic Rep.",2021,850231,HS850231 wind-powered generating sets,1.35000002384186,,1.35000002384186,MFN_FALLBACK,MFN,,,,6.0,H5,True,4776.0,9.702013778907228e-06,aveestimated
TUR,Turkey,ITA,Italy,2010,850231,HS850231 wind-powered generating sets,1.35000002384186,,1.35000002384186,MFN_FALLBACK,MFN,,,,6.0,H3,True,23145349.0,0.05711951829355109,aveestimated
TUR,Turkey,ITA,Italy,2011,850231,HS850231 wind-powered generating sets,1.35000002384186,,1.35000002384186,MFN_FALLBACK,MFN,,,,6.0,H3,True,10011660.0,0.028311194756081924,aveestimated
TUR,Turkey,ITA,Italy,2014,850231,HS850231 wind-powered generating sets,,,,MISSING,,,,,,,True,3107490.0,0.008903024699708677,aveestimated
TUR,Turkey,ITA,Italy,2015,850231,HS850231 wind-powered generating sets,1.35000002384186,,1.35000002384186,MFN_FALLBACK,MFN,,,,6.0,H4,True,6331842.0,0.015191172031310304,aveestimated
TUR,Turkey,ITA,Italy,2016,850231,HS850231 wind-powered generating sets,1.35000002384186,,1.35000002384186,MFN_FALLBACK,MFN,,,,6.0,H4,True,38183091.0,0.0433593636101991,aveestimated
TUR,Turkey,ITA,Italy,2017,850231,HS850231 wind-powered generating sets,1.35000002384186,,1.35000002384186,MFN_FALLBACK,MFN,,,,6.0,H5,True,2038116.0,0.00847158483952109,aveestimated
TUR,Turkey,ITA,Italy,2018,850231,HS850231 wind-powered generating sets,1.35000002384186,,1.35000002384186,MFN_FALLBACK,MFN,,,,6.0,H5,True,595988.0,0.0024568257866734214,aveestimated
TUR,Turkey,ITA,Italy,2019,850231,HS850231 wind-powered generating sets,1.35000002384186,,1.35000002384186,MFN_FALLBACK,MFN,,,,6.0,H5,True,3669.0,1.3965718314331633e-05,aveestimated
TUR,Turkey,ITA,Italy,2022,850231,HS850231 wind-powered generating sets,1.35000002384186,,1.35000002384186,MFN_FALLBACK,MFN,,,,6.0,H6,True,1195782.0,0.01110899151227943,aveestimated
TUR,Turkey,ITA,Italy,2023,850231,HS850231 wind-powered generating sets,1.35000002384186,,1.35000002384186,MFN_FALLBACK,MFN,,,,6.0,H6,True,5981.0,1.622961554792285e-05,aveestimated
TUR,Turkey,ITA,Italy,2024,850231,HS850231 wind-powered generating sets,,,,MISSING,,,,,,,True,334067.0,0.0005506694641944261,aveestimated
TUR,Turkey,JPN,Japan,2010,850231,HS850231 wind-powered generating sets,1.35000002384186,,1.35000002384186,MFN_FALLBACK,MFN,,,,6.0,H3,True,39917.0,9.850963196639113e-05,aveestimated
TUR,Turkey,JPN,Japan,2011,850231,HS850231 wind-powered generating sets,1.35000002384186,,1.35000002384186,MFN_FALLBACK,MFN,,,,6.0,H3,True,89473.0,0.0002530137388216258,aveestimated
TUR,Turkey,JPN,Japan,2012,850231,HS850231 wind-powered generating sets,,,,MISSING,,,,,,,True,6007.0,2.0923228050670825e-05,aveestimated
TUR,Turkey,JPN,Japan,2013,850231,HS850231 wind-powered generating sets,,,,MISSING,,,,,,,True,9017.0,1.9535350401628454e-05,aveestimated
TUR,Turkey,JPN,Japan,2023,850231,HS850231 wind-powered generating sets,1.35000002384186,,1.35000002384186,MFN_FALLBACK,MFN,,,,6.0,H6,True,574.0,1.5575655115378226e-06,aveestimated
TUR,Turkey,KOR,"Korea, Rep.",2013,850231,HS850231 wind-powered generating sets,1.0,1.0,,BILATERAL_TRAINS,PREF,6.0,3.0,3.0,,H4,True,1050000.0,0.0022748273174791923,aveestimated
TUR,Turkey,KOR,"Korea, Rep.",2014,850231,HS850231 wind-powered generating sets,,,,MISSING,,,,,,,True,2347392.0,0.006725327822743935,aveestimated
TUR,Turkey,KOR,"Korea, Rep.",2015,850231,HS850231 wind-powered generating sets,0.300000011920929,0.300000011920929,1.35000002384186,BILATERAL_TRAINS,PREF,6.0,3.0,3.0,6.0,H4,True,737090.0,0.001768404990610712,aveestimated
TUR,Turkey,KOR,"Korea, Rep.",2016,850231,HS850231 wind-powered generating sets,0.0,0.0,1.35000002384186,BILATERAL_TRAINS,PREF,6.0,3.0,3.0,6.0,H4,True,184544.0,0.00020956161977773308,aveestimated
TUR,Turkey,KOR,"Korea, Rep.",2017,850231,HS850231 wind-powered generating sets,0.0,0.0,1.35000002384186,BILATERAL_TRAINS,PREF,6.0,3.0,3.0,6.0,H5,True,4450.0,1.8496764922049997e-05,aveestimated
TUR,Turkey,LTU,Lithuania,2020,850231,HS850231 wind-powered generating sets,1.35000002384186,,1.35000002384186,MFN_FALLBACK,MFN,,,,6.0,H5,True,3780.0,5.461924435642359e-06,aveestimated
TUR,Turkey,LTU,Lithuania,2021,850231,HS850231 wind-powered generating sets,1.35000002384186,,1.35000002384186,MFN_FALLBACK,MFN,,,,6.0,H5,True,27603.0,5.60730080274657e-05,aveestimated
TUR,Turkey,LTU,Lithuania,2022,850231,HS850231 wind-powered generating sets,1.35000002384186,,1.35000002384186,MFN_FALLBACK,MFN,,,,6.0,H6,True,2799.0,2.6003123682134472e-05,aveestimated
TUR,Turkey,LTU,Lithuania,2023,850231,HS850231 wind-powered generating sets,1.35000002384186,,1.35000002384186,MFN_FALLBACK,MFN,,,,6.0,H6,True,26784.0,7.267915446172306e-05,aveestimated
TUR,Turkey,LTU,Lithuania,2024,850231,HS850231 wind-powered generating sets,,,,MISSING,,,,,,,True,36038.0,5.940432952263686e-05,aveestimated
TUR,Turkey,MEX,Mexico,2022,850231,HS850231 wind-powered generating sets,1.35000002384186,,1.35000002384186,MFN_FALLBACK,MFN,,,,6.0,H6,True,520.0,4.8308768541300194e-06,aveestimated
TUR,Turkey,NLD,,2011,850231,HS850231 wind-powered generating sets,1.35000002384186,,1.35000002384186,MFN_FALLBACK,MFN,,,,6.0,H3,True,2596.0,7.341026521754502e-06,aveestimated
TUR,Turkey,NLD,,2015,850231,HS850231 wind-powered generating sets,1.35000002384186,,1.35000002384186,MFN_FALLBACK,MFN,,,,6.0,H4,True,59923.0,0.00014376552694021855,aveestimated
TUR,Turkey,NLD,,2016,850231,HS850231 wind-powered generating sets,1.35000002384186,,1.35000002384186,MFN_FALLBACK,MFN,,,,6.0,H4,True,814483.0,0.0009248980013515875,aveestimated
TUR,Turkey,NLD,,2017,850231,HS850231 wind-powered generating sets,1.35000002384186,,1.35000002384186,MFN_FALLBACK,MFN,,,,6.0,H5,True,918102.0,0.003816161094036842,aveestimated
TUR,Turkey,NLD,,2018,850231,HS850231 wind-powered generating sets,1.35000002384186,,1.35000002384186,MFN_FALLBACK,MFN,,,,6.0,H5,True,6088.0,2.509640360085738e-05,aveestimated
TUR,Turkey,NLD,,2020,850231,HS850231 wind-powered generating sets,1.35000002384186,,1.35000002384186,MFN_FALLBACK,MFN,,,,6.0,H5,True,10117375.0,0.014619136967475426,aveestimated
TUR,Turkey,NLD,,2021,850231,HS850231 wind-powered generating sets,1.35000002384186,,1.35000002384186,MFN_FALLBACK,MFN,,,,6.0,H5,True,3610714.0,0.007334840238629236,aveestimated
TUR,Turkey,NLD,,2022,850231,HS850231 wind-powered generating sets,1.35000002384186,,1.35000002384186,MFN_FALLBACK,MFN,,,,6.0,H6,True,49867.0,0.00046327180016327246,aveestimated
TUR,Turkey,NLD,,2023,850231,HS850231 wind-powered generating sets,1.35000002384186,,1.35000002384186,MFN_FALLBACK,MFN,,,,6.0,H6,True,850449.0,0.002307717825299355,aveestimated
TUR,Turkey,NLD,,2024,850231,HS850231 wind-powered generating sets,,,,MISSING,,,,,,,True,8305873.0,0.013691237490015327,aveestimated
TUR,Turkey,NOR,Norway,2020,850231,HS850231 wind-powered generating sets,1.35000002384186,,1.35000002384186,MFN_FALLBACK,MFN,,,,6.0,H5,True,2303295.0,0.00332815429708806,aveestimated
TUR,Turkey,NOR,Norway,2021,850231,HS850231 wind-powered generating sets,1.35000002384186,,1.35000002384186,MFN_FALLBACK,MFN,,,,6.0,H5,True,4444953.0,0.009029521619052558,aveestimated
TUR,Turkey,NOR,Norway,2022,850231,HS850231 wind-powered generating sets,1.35000002384186,,1.35000002384186,MFN_FALLBACK,MFN,,,,6.0,H6,True,1360450.0,0.012638781569617664,aveestimated
TUR,Turkey,NOR,Norway,2023,850231,HS850231 wind-powered generating sets,1.35000002384186,,1.35000002384186,MFN_FALLBACK,MFN,,,,6.0,H6,True,703798.0,0.0019097761182740357,aveestimated
TUR,Turkey,NOR,Norway,2024,850231,HS850231 wind-powered generating sets,,,,MISSING,,,,,,,True,249606.0,0.00041144561504043777,aveestimated
TUR,Turkey,POL,Poland,2010,850231,HS850231 wind-powered generating sets,1.35000002384186,,1.35000002384186,MFN_FALLBACK,MFN,,,,6.0,H3,True,8679878.0,0.021420737713084025,aveestimated
TUR,Turkey,POL,Poland,2016,850231,HS850231 wind-powered generating sets,1.35000002384186,,1.35000002384186,MFN_FALLBACK,MFN,,,,6.0,H4,True,230.0,2.611798408448858e-07,aveestimated
TUR,Turkey,POL,Poland,2017,850231,HS850231 wind-powered generating sets,1.35000002384186,,1.35000002384186,MFN_FALLBACK,MFN,,,,6.0,H5,True,3010.0,1.2511294924802358e-05,aveestimated
TUR,Turkey,POL,Poland,2018,850231,HS850231 wind-powered generating sets,1.35000002384186,,1.35000002384186,MFN_FALLBACK,MFN,,,,6.0,H5,True,817.0,3.3678977894054665e-06,aveestimated
TUR,Turkey,POL,Poland,2019,850231,HS850231 wind-powered generating sets,1.35000002384186,,1.35000002384186,MFN_FALLBACK,MFN,,,,6.0,H5,True,1693553.0,0.006446357085961101,aveestimated
TUR,Turkey,POL,Poland,2020,850231,HS850231 wind-powered generating sets,1.35000002384186,,1.35000002384186,MFN_FALLBACK,MFN,,,,6.0,H5,True,2262418.0,0.003269088930644739,aveestimated
TUR,Turkey,POL,Poland,2021,850231,HS850231 wind-powered generating sets,1.35000002384186,,1.35000002384186,MFN_FALLBACK,MFN,,,,6.0,H5,True,3219868.0,0.006540871796956125,aveestimated
TUR,Turkey,POL,Poland,2022,850231,HS850231 wind-powered generating sets,1.35000002384186,,1.35000002384186,MFN_FALLBACK,MFN,,,,6.0,H6,True,350271.0,0.003254069358794185,aveestimated
TUR,Turkey,POL,Poland,2023,850231,HS850231 wind-powered generating sets,1.35000002384186,,1.35000002384186,MFN_FALLBACK,MFN,,,,6.0,H6,True,655.0,1.7773613415631947e-06,aveestimated
TUR,Turkey,PRT,Portugal,2012,850231,HS850231 wind-powered generating sets,,,,MISSING,,,,,,,True,455260.0,0.0015857347764855003,aveestimated
TUR,Turkey,PRT,Portugal,2013,850231,HS850231 wind-powered generating sets,,,,MISSING,,,,,,,True,2907246.0,0.0062985548756496305,aveestimated
TUR,Turkey,PRT,Portugal,2014,850231,HS850231 wind-powered generating sets,,,,MISSING,,,,,,,True,7939.0,2.274540323250829e-05,aveestimated
TUR,Turkey,PRT,Portugal,2015,850231,HS850231 wind-powered generating sets,1.35000002384186,,1.35000002384186,MFN_FALLBACK,MFN,,,,6.0,H4,True,24868.0,5.966258571749337e-05,aveestimated
TUR,Turkey,PRT,Portugal,2016,850231,HS850231 wind-powered generating sets,1.35000002384186,,1.35000002384186,MFN_FALLBACK,MFN,,,,6.0,H4,True,21273.0,2.4156864149101113e-05,aveestimated
TUR,Turkey,PRT,Portugal,2021,850231,HS850231 wind-powered generating sets,1.35000002384186,,1.35000002384186,MFN_FALLBACK,MFN,,,,6.0,H5,True,2879709.0,0.005849869429908533,aveestimated
TUR,Turkey,ROU,,2021,850231,HS850231 wind-powered generating sets,1.35000002384186,,1.35000002384186,MFN_FALLBACK,MFN,,,,6.0,H5,True,577.0,1.1721235239592693e-06,aveestimated
TUR,Turkey,SGP,Singapore,2020,850231,HS850231 wind-powered generating sets,1.35000002384186,,1.35000002384186,MFN_FALLBACK,MFN,,,,6.0,H5,True,708.0,1.0230271165171402e-06,aveestimated
TUR,Turkey,SRB,,2024,850231,HS850231 wind-powered generating sets,,,,MISSING,,,,,,,True,1262.0,2.080255948098333e-06,aveestimated
TUR,Turkey,SVK,Slovak Republic,2020,850231,HS850231 wind-powered generating sets,1.35000002384186,,1.35000002384186,MFN_FALLBACK,MFN,,,,6.0,H5,True,710.0,1.0259170236259457e-06,aveestimated
TUR,Turkey,SVN,Slovenia,2021,850231,HS850231 wind-powered generating sets,1.35000002384186,,1.35000002384186,MFN_FALLBACK,MFN,,,,6.0,H5,True,1732.0,3.5184019817980147e-06,aveestimated
TUR,Turkey,SVN,Slovenia,2022,850231,HS850231 wind-powered generating sets,1.35000002384186,,1.35000002384186,MFN_FALLBACK,MFN,,,,6.0,H6,True,297.0,2.7591738955319537e-06,aveestimated
TUR,Turkey,SWE,Sweden,2016,850231,HS850231 wind-powered generating sets,1.35000002384186,,1.35000002384186,MFN_FALLBACK,MFN,,,,6.0,H4,True,3576.0,4.060778742875268e-06,aveestimated
TUR,Turkey,SWE,Sweden,2020,850231,HS850231 wind-powered generating sets,1.35000002384186,,1.35000002384186,MFN_FALLBACK,MFN,,,,6.0,H5,True,30126.0,4.353067077993696e-05,aveestimated
TUR,Turkey,SWE,Sweden,2021,850231,HS850231 wind-powered generating sets,1.35000002384186,,1.35000002384186,MFN_FALLBACK,MFN,,,,6.0,H5,True,545830.0,0.0011088044767464263,aveestimated
TUR,Turkey,SWE,Sweden,2022,850231,HS850231 wind-powered generating sets,1.35000002384186,,1.35000002384186,MFN_FALLBACK,MFN,,,,6.0,H6,True,10940.0,0.00010163421689265849,aveestimated
TUR,Turkey,SWE,Sweden,2023,850231,HS850231 wind-powered generating sets,1.35000002384186,,1.35000002384186,MFN_FALLBACK,MFN,,,,6.0,H6,True,167504.0,0.0004545269223774067,aveestimated
TUR,Turkey,SWE,Sweden,2024,850231,HS850231 wind-powered generating sets,,,,MISSING,,,,,,,True,78918.0,0.00013008687710936944,aveestimated
TUR,Turkey,THA,Thailand,2019,850231,HS850231 wind-powered generating sets,1.35000002384186,,1.35000002384186,MFN_FALLBACK,MFN,,,,6.0,H5,True,443.0,1.686239632937834e-06,aveestimated
TUR,Turkey,UKR,Ukraine,2022,850231,HS850231 wind-powered generating sets,1.35000002384186,,1.35000002384186,MFN_FALLBACK,MFN,,,,6.0,H6,True,508.0,4.719395080573173e-06,aveestimated
TUR,Turkey,USA,United States,2010,850231,HS850231 wind-powered generating sets,1.35000002384186,,1.35000002384186,MFN_FALLBACK,MFN,,,,6.0,H3,True,22364.0,5.5191257090872836e-05,aveestimated
TUR,Turkey,USA,United States,2011,850231,HS850231 wind-powered generating sets,1.35000002384186,,1.35000002384186,MFN_FALLBACK,MFN,,,,6.0,H3,True,165438.0,0.0004678292548944612,aveestimated
TUR,Turkey,USA,United States,2012,850231,HS850231 wind-powered generating sets,,,,MISSING,,,,,,,True,58765.0,0.000204686781487876,aveestimated
TUR,Turkey,USA,United States,2013,850231,HS850231 wind-powered generating sets,,,,MISSING,,,,,,,True,1038444.0,0.0022497912179736783,aveestimated
TUR,Turkey,USA,United States,2014,850231,HS850231 wind-powered generating sets,,,,MISSING,,,,,,,True,20647.0,5.915409252318915e-05,aveestimated
TUR,Turkey,USA,United States,2015,850231,HS850231 wind-powered generating sets,1.35000002384186,,1.35000002384186,MFN_FALLBACK,MFN,,,,6.0,H4,True,2769.0,6.643304642582401e-06,aveestimated
TUR,Turkey,USA,United States,2016,850231,HS850231 wind-powered generating sets,1.35000002384186,,1.35000002384186,MFN_FALLBACK,MFN,,,,6.0,H4,True,28647.0,3.2530516959493234e-05,aveestimated
TUR,Turkey,USA,United States,2017,850231,HS850231 wind-powered generating sets,1.35000002384186,,1.35000002384186,MFN_FALLBACK,MFN,,,,6.0,H5,True,3878.0,1.6119203228698853e-05,aveestimated
TUR,Turkey,USA,United States,2019,850231,HS850231 wind-powered generating sets,1.35000002384186,,1.35000002384186,MFN_FALLBACK,MFN,,,,6.0,H5,True,4043.0,1.538931565681188e-05,aveestimated
TUR,Turkey,USA,United States,2020,850231,HS850231 wind-powered generating sets,1.35000002384186,,1.35000002384186,MFN_FALLBACK,MFN,,,,6.0,H5,True,1857.0,2.683278750525889e-06,aveestimated
TUR,Turkey,USA,United States,2022,850231,HS850231 wind-powered generating sets,1.35000002384186,,1.35000002384186,MFN_FALLBACK,MFN,,,,6.0,H6,True,207777.0,0.0019302790386934098,aveestimated
TUR,Turkey,USA,United States,2023,850231,HS850231 wind-powered generating sets,1.35000002384186,,1.35000002384186,MFN_FALLBACK,MFN,,,,6.0,H6,True,1404.0,3.809794387106451e-06,aveestimated
TUR,Turkey,VNM,Vietnam,2013,850231,HS850231 wind-powered generating sets,,,,MISSING,,,,,,,True,1288519.0,0.0027915792574199727,aveestimated
USA,United States,ARE,United Arab Emirates,2012,850231,HS850231 wind-powered generating sets,2.5,,2.5,MFN_FALLBACK,MFN,,,,1.0,H4,True,99339.0,0.00010039084528222622,aveestimated
USA,United States,ARE,United Arab Emirates,2015,850231,HS850231 wind-powered generating sets,2.5,,2.5,MFN_FALLBACK,MFN,,,,1.0,H4,True,218385.0,0.0009325182228348381,aveestimated
USA,United States,ARE,United Arab Emirates,2016,850231,HS850231 wind-powered generating sets,2.5,,2.5,MFN_FALLBACK,MFN,,,,1.0,H4,True,113895.0,0.0009094693111021701,aveestimated
USA,United States,ARE,United Arab Emirates,2023,850231,HS850231 wind-powered generating sets,2.5,,2.5,MFN_FALLBACK,MFN,,,,1.0,H6,True,186924.0,0.0007930406529217006,aveestimated
USA,United States,ARE,United Arab Emirates,2024,850231,HS850231 wind-powered generating sets,,,,MISSING,,,,,,,True,386866.0,0.0034639631423419373,aveestimated
USA,United States,AUS,Australia,2010,850231,HS850231 wind-powered generating sets,0.0,0.0,2.5,BILATERAL_TRAINS,PREF,1.0,1.0,0.0,1.0,H3,True,79454.0,6.636191446514338e-05,aveestimated
USA,United States,AUS,Australia,2011,850231,HS850231 wind-powered generating sets,0.0,0.0,2.5,BILATERAL_TRAINS,PREF,1.0,1.0,0.0,1.0,H3,True,4350.0,3.374759617036189e-06,aveestimated
USA,United States,AUS,Australia,2019,850231,HS850231 wind-powered generating sets,2.5,,2.5,MFN_FALLBACK,MFN,,,,1.0,H5,True,160334.0,0.001427191348329622,aveestimated
USA,United States,AUT,Austria,2011,850231,HS850231 wind-powered generating sets,2.5,,2.5,MFN_FALLBACK,MFN,,,,1.0,H3,True,874549.0,0.0006784810685791683,aveestimated
USA,United States,AUT,Austria,2012,850231,HS850231 wind-powered generating sets,2.5,,2.5,MFN_FALLBACK,MFN,,,,1.0,H4,True,82936.0,8.3814163061101e-05,aveestimated
USA,United States,AUT,Austria,2018,850231,HS850231 wind-powered generating sets,2.5,,2.5,MFN_FALLBACK,MFN,,,,1.0,H5,True,209325.0,0.0010765727010663647,aveestimated
USA,United States,AUT,Austria,2019,850231,HS850231 wind-powered generating sets,2.5,,2.5,MFN_FALLBACK,MFN,,,,1.0,H5,True,3388.0,3.0157822346730946e-05,aveestimated
USA,United States,AUT,Austria,2020,850231,HS850231 wind-powered generating sets,2.5,,2.5,MFN_FALLBACK,MFN,,,,1.0,H5,True,236338.0,0.0004947081220509982,aveestimated
USA,United States,AUT,Austria,2024,850231,HS850231 wind-powered generating sets,,,,MISSING,,,,,,,True,727880.0,0.006517371627508877,aveestimated
USA,United States,BEL,,2010,850231,HS850231 wind-powered generating sets,2.5,,2.5,MFN_FALLBACK,MFN,,,,1.0,H3,True,28050.0,2.3428042650430083e-05,aveestimated
USA,United States,BEL,,2011,850231,HS850231 wind-powered generating sets,2.5,,2.5,MFN_FALLBACK,MFN,,,,1.0,H3,True,209134.0,0.00016224758109178075,aveestimated
USA,United States,BEL,,2012,850231,HS850231 wind-powered generating sets,2.5,,2.5,MFN_FALLBACK,MFN,,,,1.0,H4,True,355228.0,0.00035898931122635273,aveestimated
USA,United States,BEL,,2013,850231,HS850231 wind-powered generating sets,2.5,,2.5,MFN_FALLBACK,MFN,,,,1.0,H4,True,54546.0,0.0038576495763912354,aveestimated
USA,United States,BEL,,2016,850231,HS850231 wind-powered generating sets,2.5,,2.5,MFN_FALLBACK,MFN,,,,1.0,H4,True,366104.0,0.002923397450913112,aveestimated
USA,United States,BEL,,2017,850231,HS850231 wind-powered generating sets,2.0,,2.0,MFN_FALLBACK,MFN,,,,1.0,H5,True,354112.0,0.001675141043065849,aveestimated
USA,United States,BEL,,2018,850231,HS850231 wind-powered generating sets,2.5,,2.5,MFN_FALLBACK,MFN,,,,1.0,H5,True,6565.0,3.37642411680434e-05,aveestimated
USA,United States,BEL,,2019,850231,HS850231 wind-powered generating sets,2.5,,2.5,MFN_FALLBACK,MFN,,,,1.0,H5,True,4430.0,3.9433043977573224e-05,aveestimated
USA,United States,BEL,,2022,850231,HS850231 wind-powered generating sets,2.5,,2.5,MFN_FALLBACK,MFN,,,,1.0,H6,True,1021383.0,0.00231070480117294,aveestimated
USA,United States,BEL,,2024,850231,HS850231 wind-powered generating sets,,,,MISSING,,,,,,,True,2081.0,1.863308561417538e-05,aveestimated
USA,United States,BGR,Bulgaria,2021,850231,HS850231 wind-powered generating sets,2.5,,2.5,MFN_FALLBACK,MFN,,,,1.0,H5,True,3636.0,1.9170134575293733e-05,aveestimated
USA,United States,BRA,Brazil,2010,850231,HS850231 wind-powered generating sets,2.5,,2.5,MFN_FALLBACK,MFN,,,,1.0,H3,True,1562730.0,0.0013052301280251908,aveestimated
USA,United States,BRA,Brazil,2011,850231,HS850231 wind-powered generating sets,2.5,,2.5,MFN_FALLBACK,MFN,,,,1.0,H3,True,233032.0,0.00018078781220164992,aveestimated
USA,United States,BRA,Brazil,2012,850231,HS850231 wind-powered generating sets,2.5,,2.5,MFN_FALLBACK,MFN,,,,1.0,H4,True,6244669.0,0.006310790318180315,aveestimated
USA,United States,BRA,Brazil,2016,850231,HS850231 wind-powered generating sets,2.5,,2.5,MFN_FALLBACK,MFN,,,,1.0,H4,True,288918.0,0.0023070552212565675,aveestimated
USA,United States,BRA,Brazil,2017,850231,HS850231 wind-powered generating sets,2.0,,2.0,MFN_FALLBACK,MFN,,,,1.0,H5,True,2902458.0,0.013730194180301199,aveestimated
USA,United States,BRA,Brazil,2018,850231,HS850231 wind-powered generating sets,2.5,,2.5,MFN_FALLBACK,MFN,,,,1.0,H5,True,285292.0,0.001467276144906845,aveestimated
USA,United States,BRA,Brazil,2019,850231,HS850231 wind-powered generating sets,2.5,,2.5,MFN_FALLBACK,MFN,,,,1.0,H5,True,223712.0,0.001991342016774461,aveestimated
USA,United States,BRA,Brazil,2020,850231,HS850231 wind-powered generating sets,2.5,,2.5,MFN_FALLBACK,MFN,,,,1.0,H5,True,328630.0,0.0006878958531832356,aveestimated
USA,United States,BRA,Brazil,2021,850231,HS850231 wind-powered generating sets,2.5,,2.5,MFN_FALLBACK,MFN,,,,1.0,H5,True,323111.0,0.001703542726281005,aveestimated
USA,United States,BTN,Bhutan,2020,850231,HS850231 wind-powered generating sets,2.5,,2.5,MFN_FALLBACK,MFN,,,,1.0,H5,True,226915.0,0.0004749836823329395,aveestimated
USA,United States,CAN,Canada,2010,850231,HS850231 wind-powered generating sets,0.0,0.0,2.5,BILATERAL_TRAINS,PREF,1.0,1.0,0.0,1.0,H3,True,7141030.0,0.005964362046631043,aveestimated
USA,United States,CAN,Canada,2011,850231,HS850231 wind-powered generating sets,0.0,0.0,2.5,BILATERAL_TRAINS,PREF,1.0,1.0,0.0,1.0,H3,True,10956175.0,0.0084998751602716,aveestimated
USA,United States,CAN,Canada,2012,850231,HS850231 wind-powered generating sets,0.0,0.0,2.5,BILATERAL_TRAINS,PREF,1.0,1.0,0.0,1.0,H4,True,6183146.0,0.0062486158854368964,aveestimated
USA,United States,CAN,Canada,2013,850231,HS850231 wind-powered generating sets,0.0,0.0,2.5,BILATERAL_TRAINS,PREF,1.0,1.0,0.0,1.0,H4,True,585207.0,0.041387517611762285,aveestimated
USA,United States,CAN,Canada,2014,850231,HS850231 wind-powered generating sets,0.0,0.0,2.5,BILATERAL_TRAINS,PREF,1.0,1.0,0.0,1.0,H4,True,1667831.0,0.008899221925362901,aveestimated
USA,United States,CAN,Canada,2015,850231,HS850231 wind-powered generating sets,0.0,0.0,2.5,BILATERAL_TRAINS,PREF,1.0,1.0,0.0,1.0,H4,True,1158871.0,0.004948454909516824,aveestimated
USA,United States,CAN,Canada,2016,850231,HS850231 wind-powered generating sets,0.0,0.0,2.5,BILATERAL_TRAINS,PREF,1.0,1.0,0.0,1.0,H4,True,2982214.0,0.02381344319012465,aveestimated
USA,United States,CAN,Canada,2017,850231,HS850231 wind-powered generating sets,0.0,0.0,2.0,BILATERAL_TRAINS,PREF,1.0,1.0,0.0,1.0,H5,True,1016902.0,0.00481049576680753,aveestimated
USA,United States,CAN,Canada,2018,850231,HS850231 wind-powered generating sets,2.5,,2.5,MFN_FALLBACK,MFN,,,,1.0,H5,True,292518.0,0.00150443995399752,aveestimated
USA,United States,CAN,Canada,2019,850231,HS850231 wind-powered generating sets,2.5,,2.5,MFN_FALLBACK,MFN,,,,1.0,H5,True,1592326.0,0.014173873856576358,aveestimated
USA,United States,CAN,Canada,2020,850231,HS850231 wind-powered generating sets,2.5,,2.5,MFN_FALLBACK,MFN,,,,1.0,H5,True,1685694.0,0.003528533342469833,aveestimated
USA,United States,CAN,Canada,2021,850231,HS850231 wind-powered generating sets,2.5,,2.5,MFN_FALLBACK,MFN,,,,1.0,H5,True,1144776.0,0.006035618805986375,aveestimated
USA,United States,CAN,Canada,2022,850231,HS850231 wind-powered generating sets,2.5,,2.5,MFN_FALLBACK,MFN,,,,1.0,H6,True,561323.0,0.001269897532178231,aveestimated
USA,United States,CAN,Canada,2023,850231,HS850231 wind-powered generating sets,2.5,,2.5,MFN_FALLBACK,MFN,,,,1.0,H6,True,833732.0,0.003537177514079066,aveestimated
USA,United States,CAN,Canada,2024,850231,HS850231 wind-powered generating sets,,,,MISSING,,,,,,,True,785653.0,0.007034665839516448,aveestimated
USA,United States,CHE,Switzerland,2011,850231,HS850231 wind-powered generating sets,2.5,,2.5,MFN_FALLBACK,MFN,,,,1.0,H3,True,171314.0,0.00013290656759377877,aveestimated
USA,United States,CHE,Switzerland,2015,850231,HS850231 wind-powered generating sets,2.5,,2.5,MFN_FALLBACK,MFN,,,,1.0,H4,True,99367.0,0.00042430358425912655,aveestimated
USA,United States,CHE,Switzerland,2017,850231,HS850231 wind-powered generating sets,2.0,,2.0,MFN_FALLBACK,MFN,,,,1.0,H5,True,15467.0,7.31672649136417e-05,aveestimated
USA,United States,CHE,Switzerland,2022,850231,HS850231 wind-powered generating sets,2.5,,2.5,MFN_FALLBACK,MFN,,,,1.0,H6,True,8732.0,1.9754660420079552e-05,aveestimated
USA,United States,CHN,China,2010,850231,HS850231 wind-powered generating sets,2.5,,2.5,MFN_FALLBACK,MFN,,,,1.0,H3,True,7324518.0,0.006117615689762669,aveestimated
USA,United States,CHN,China,2011,850231,HS850231 wind-powered generating sets,2.5,,2.5,MFN_FALLBACK,MFN,,,,1.0,H3,True,28439661.0,0.02206368263563196,aveestimated
USA,United States,CHN,China,2012,850231,HS850231 wind-powered generating sets,2.5,,2.5,MFN_FALLBACK,MFN,,,,1.0,H4,True,107682919.0,0.10882311338817079,aveestimated
USA,United States,CHN,China,2013,850231,HS850231 wind-powered generating sets,2.5,,2.5,MFN_FALLBACK,MFN,,,,1.0,H4,True,2535565.0,0.17932242965868153,aveestimated
USA,United States,CHN,China,2014,850231,HS850231 wind-powered generating sets,2.5,,2.5,MFN_FALLBACK,MFN,,,,1.0,H4,True,31361036.0,0.16733639030171238,aveestimated
USA,United States,CHN,China,2015,850231,HS850231 wind-powered generating sets,2.5,,2.5,MFN_FALLBACK,MFN,,,,1.0,H4,True,27061149.0,0.11555287484648101,aveestimated
USA,United States,CHN,China,2016,850231,HS850231 wind-powered generating sets,2.5,,2.5,MFN_FALLBACK,MFN,,,,1.0,H4,True,37021713.0,0.29562414344731774,aveestimated
USA,United States,CHN,China,2017,850231,HS850231 wind-powered generating sets,2.0,,2.0,MFN_FALLBACK,MFN,,,,1.0,H5,True,55657652.0,0.2632907589290282,aveestimated
USA,United States,CHN,China,2018,850231,HS850231 wind-powered generating sets,2.5,,2.5,MFN_FALLBACK,MFN,,,,1.0,H5,True,826532.0,0.004250910248454721,aveestimated
USA,United States,CHN,China,2019,850231,HS850231 wind-powered generating sets,2.5,,2.5,MFN_FALLBACK,MFN,,,,1.0,H5,True,4748286.0,0.04226622362440074,aveestimated
USA,United States,CHN,China,2020,850231,HS850231 wind-powered generating sets,2.5,,2.5,MFN_FALLBACK,MFN,,,,1.0,H5,True,115051916.0,0.2408293093058636,aveestimated
USA,United States,CHN,China,2021,850231,HS850231 wind-powered generating sets,2.5,,2.5,MFN_FALLBACK,MFN,,,,1.0,H5,True,17563258.0,0.09259901524769094,aveestimated
USA,United States,CHN,China,2022,850231,HS850231 wind-powered generating sets,2.5,,2.5,MFN_FALLBACK,MFN,,,,1.0,H6,True,183093522.0,0.41421785985185117,aveestimated
USA,United States,CHN,China,2023,850231,HS850231 wind-powered generating sets,2.5,,2.5,MFN_FALLBACK,MFN,,,,1.0,H6,True,134812002.0,0.571951157089307,aveestimated
USA,United States,CHN,China,2024,850231,HS850231 wind-powered generating sets,,,,MISSING,,,,,,,True,108696.0,0.0009732541441222522,aveestimated
USA,United States,CRI,Costa Rica,2012,850231,HS850231 wind-powered generating sets,2.5,,2.5,MFN_FALLBACK,MFN,,,,1.0,H4,True,5500.0,5.558236433346865e-06,aveestimated
USA,United States,CZE,Czech Republic,2014,850231,HS850231 wind-powered generating sets,2.5,,2.5,MFN_FALLBACK,MFN,,,,1.0,H4,True,10492.0,5.598327195075973e-05,aveestimated
USA,United States,DEU,Germany,2010,850231,HS850231 wind-powered generating sets,2.5,,2.5,MFN_FALLBACK,MFN,,,,1.0,H3,True,51563467.0,0.04306706253404792,aveestimated
USA,United States,DEU,Germany,2011,850231,HS850231 wind-powered generating sets,2.5,,2.5,MFN_FALLBACK,MFN,,,,1.0,H3,True,103879896.0,0.08059073058453313,aveestimated
USA,United States,DEU,Germany,2012,850231,HS850231 wind-powered generating sets,2.5,,2.5,MFN_FALLBACK,MFN,,,,1.0,H4,True,105407920.0,0.10652402569223848,aveestimated
USA,United States,DEU,Germany,2013,850231,HS850231 wind-powered generating sets,2.5,,2.5,MFN_FALLBACK,MFN,,,,1.0,H4,True,1612639.0,0.114050455674513,aveestimated
USA,United States,DEU,Germany,2014,850231,HS850231 wind-powered generating sets,2.5,,2.5,MFN_FALLBACK,MFN,,,,1.0,H4,True,6330382.0,0.03377768748171886,aveestimated
USA,United States,DEU,Germany,2015,850231,HS850231 wind-powered generating sets,2.5,,2.5,MFN_FALLBACK,MFN,,,,1.0,H4,True,24372291.0,0.10407127545267998,aveestimated
USA,United States,DEU,Germany,2016,850231,HS850231 wind-powered generating sets,2.5,,2.5,MFN_FALLBACK,MFN,,,,1.0,H4,True,384577.0,0.0030709072325891327,aveestimated
USA,United States,DEU,Germany,2017,850231,HS850231 wind-powered generating sets,2.0,,2.0,MFN_FALLBACK,MFN,,,,1.0,H5,True,309633.0,0.0014647313465446189,aveestimated
USA,United States,DEU,Germany,2018,850231,HS850231 wind-powered generating sets,2.5,,2.5,MFN_FALLBACK,MFN,,,,1.0,H5,True,7168361.0,0.036867367796435145,aveestimated
USA,United States,DEU,Germany,2019,850231,HS850231 wind-powered generating sets,2.5,,2.5,MFN_FALLBACK,MFN,,,,1.0,H5,True,366027.0,0.003258139681259412,aveestimated
USA,United States,DEU,Germany,2020,850231,HS850231 wind-powered generating sets,2.5,,2.5,MFN_FALLBACK,MFN,,,,1.0,H5,True,160914841.0,0.33683063578961053,aveestimated
USA,United States,DEU,Germany,2021,850231,HS850231 wind-powered generating sets,2.5,,2.5,MFN_FALLBACK,MFN,,,,1.0,H5,True,44578178.0,0.2350301626461492,aveestimated
USA,United States,DEU,Germany,2022,850231,HS850231 wind-powered generating sets,2.5,,2.5,MFN_FALLBACK,MFN,,,,1.0,H6,True,65442162.0,0.14805172783621554,aveestimated
USA,United States,DEU,Germany,2023,850231,HS850231 wind-powered generating sets,2.5,,2.5,MFN_FALLBACK,MFN,,,,1.0,H6,True,916428.0,0.003888022188032186,aveestimated
USA,United States,DEU,Germany,2024,850231,HS850231 wind-powered generating sets,,,,MISSING,,,,,,,True,1356364.0,0.012144760468998256,aveestimated
USA,United States,DNK,Denmark,2010,850231,HS850231 wind-powered generating sets,2.5,,2.5,MFN_FALLBACK,MFN,,,,1.0,H3,True,800888171.0,0.6689212915655238,aveestimated
USA,United States,DNK,Denmark,2011,850231,HS850231 wind-powered generating sets,2.5,,2.5,MFN_FALLBACK,MFN,,,,1.0,H3,True,716078390.0,0.5555384903917909,aveestimated
USA,United States,DNK,Denmark,2012,850231,HS850231 wind-powered generating sets,2.5,,2.5,MFN_FALLBACK,MFN,,,,1.0,H4,True,321843256.0,0.32525107478657855,aveestimated
USA,United States,DNK,Denmark,2013,850231,HS850231 wind-powered generating sets,2.5,,2.5,MFN_FALLBACK,MFN,,,,1.0,H4,True,263046.0,0.018603367624966248,aveestimated
USA,United States,DNK,Denmark,2014,850231,HS850231 wind-powered generating sets,2.5,,2.5,MFN_FALLBACK,MFN,,,,1.0,H4,True,50297446.0,0.2683773920936573,aveestimated
USA,United States,DNK,Denmark,2015,850231,HS850231 wind-powered generating sets,2.5,,2.5,MFN_FALLBACK,MFN,,,,1.0,H4,True,90736241.0,0.38744967925468127,aveestimated
USA,United States,DNK,Denmark,2016,850231,HS850231 wind-powered generating sets,2.5,,2.5,MFN_FALLBACK,MFN,,,,1.0,H4,True,15334453.0,0.12244799513620971,aveestimated
USA,United States,DNK,Denmark,2017,850231,HS850231 wind-powered generating sets,2.0,,2.0,MFN_FALLBACK,MFN,,,,1.0,H5,True,79402.0,0.0003756143511135306,aveestimated
USA,United States,DNK,Denmark,2018,850231,HS850231 wind-powered generating sets,2.5,,2.5,MFN_FALLBACK,MFN,,,,1.0,H5,True,1083152.0,0.005570724348765962,aveestimated
USA,United States,DNK,Denmark,2019,850231,HS850231 wind-powered generating sets,2.5,,2.5,MFN_FALLBACK,MFN,,,,1.0,H5,True,60331.0,0.0005370282113343048,aveestimated
USA,United States,DNK,Denmark,2020,850231,HS850231 wind-powered generating sets,2.5,,2.5,MFN_FALLBACK,MFN,,,,1.0,H5,True,9229484.0,0.019319367588537327,aveestimated
USA,United States,DNK,Denmark,2021,850231,HS850231 wind-powered generating sets,2.5,,2.5,MFN_FALLBACK,MFN,,,,1.0,H5,True,315534.0,0.0016635944012873304,aveestimated
USA,United States,DNK,Denmark,2022,850231,HS850231 wind-powered generating sets,2.5,,2.5,MFN_FALLBACK,MFN,,,,1.0,H6,True,1282093.0,0.0029005167020111143,aveestimated
USA,United States,DNK,Denmark,2023,850231,HS850231 wind-powered generating sets,2.5,,2.5,MFN_FALLBACK,MFN,,,,1.0,H6,True,6296.0,2.6711304866122207e-05,aveestimated
USA,United States,DNK,Denmark,2024,850231,HS850231 wind-powered generating sets,,,,MISSING,,,,,,,True,342197.0,0.0030640009600739894,aveestimated
USA,United States,ESP,Spain,2010,850231,HS850231 wind-powered generating sets,2.5,,2.5,MFN_FALLBACK,MFN,,,,1.0,H3,True,86038677.0,0.07186159694625946,aveestimated
USA,United States,ESP,Spain,2011,850231,HS850231 wind-powered generating sets,2.5,,2.5,MFN_FALLBACK,MFN,,,,1.0,H3,True,99090719.0,0.07687525446075416,aveestimated
USA,United States,ESP,Spain,2012,850231,HS850231 wind-powered generating sets,2.5,,2.5,MFN_FALLBACK,MFN,,,,1.0,H4,True,25825327.0,0.02609877698809027,aveestimated
USA,United States,ESP,Spain,2013,850231,HS850231 wind-powered generating sets,2.5,,2.5,MFN_FALLBACK,MFN,,,,1.0,H4,True,1096369.0,0.07753836043740114,aveestimated
USA,United States,ESP,Spain,2014,850231,HS850231 wind-powered generating sets,2.5,,2.5,MFN_FALLBACK,MFN,,,,1.0,H4,True,94372670.0,0.5035542174351224,aveestimated
USA,United States,ESP,Spain,2015,850231,HS850231 wind-powered generating sets,2.5,,2.5,MFN_FALLBACK,MFN,,,,1.0,H4,True,88992660.0,0.38000447443068425,aveestimated
USA,United States,ESP,Spain,2016,850231,HS850231 wind-powered generating sets,2.5,,2.5,MFN_FALLBACK,MFN,,,,1.0,H4,True,67844020.0,0.5417450645928429,aveestimated
USA,United States,ESP,Spain,2017,850231,HS850231 wind-powered generating sets,2.0,,2.0,MFN_FALLBACK,MFN,,,,1.0,H5,True,149360193.0,0.7065543937921802,aveestimated
USA,United States,ESP,Spain,2018,850231,HS850231 wind-powered generating sets,2.5,,2.5,MFN_FALLBACK,MFN,,,,1.0,H5,True,180953476.0,0.9306560249595969,aveestimated
USA,United States,ESP,Spain,2019,850231,HS850231 wind-powered generating sets,2.5,,2.5,MFN_FALLBACK,MFN,,,,1.0,H5,True,89905374.0,0.800280489111099,aveestimated
USA,United States,ESP,Spain,2020,850231,HS850231 wind-powered generating sets,2.5,,2.5,MFN_FALLBACK,MFN,,,,1.0,H5,True,87694546.0,0.18356423497607188,aveestimated
USA,United States,ESP,Spain,2021,850231,HS850231 wind-powered generating sets,2.5,,2.5,MFN_FALLBACK,MFN,,,,1.0,H5,True,121838696.0,0.642371891858719,aveestimated
USA,United States,ESP,Spain,2022,850231,HS850231 wind-powered generating sets,2.5,,2.5,MFN_FALLBACK,MFN,,,,1.0,H6,True,95482175.0,0.21601213276404135,aveestimated
USA,United States,ESP,Spain,2023,850231,HS850231 wind-powered generating sets,2.5,,2.5,MFN_FALLBACK,MFN,,,,1.0,H6,True,54447434.0,0.23099777775604632,aveestimated
USA,United States,ESP,Spain,2024,850231,HS850231 wind-powered generating sets,,,,MISSING,,,,,,,True,106581041.0,0.9543169926962691,aveestimated
USA,United States,EST,Estonia,2014,850231,HS850231 wind-powered generating sets,2.5,,2.5,MFN_FALLBACK,MFN,,,,1.0,H4,True,467474.0,0.0024943503690344508,aveestimated
USA,United States,EST,Estonia,2015,850231,HS850231 wind-powered generating sets,2.5,,2.5,MFN_FALLBACK,MFN,,,,1.0,H4,True,40100.0,0.00017122962078749458,aveestimated
USA,United States,EST,Estonia,2017,850231,HS850231 wind-powered generating sets,2.0,,2.0,MFN_FALLBACK,MFN,,,,1.0,H5,True,607704.0,0.0028747681875657665,aveestimated
USA,United States,EST,Estonia,2018,850231,HS850231 wind-powered generating sets,2.5,,2.5,MFN_FALLBACK,MFN,,,,1.0,H5,True,550765.0,0.0028326218258823187,aveestimated
USA,United States,EST,Estonia,2020,850231,HS850231 wind-powered generating sets,2.5,,2.5,MFN_FALLBACK,MFN,,,,1.0,H5,True,595152.0,0.0012457858163092506,aveestimated
USA,United States,EST,Estonia,2021,850231,HS850231 wind-powered generating sets,2.5,,2.5,MFN_FALLBACK,MFN,,,,1.0,H5,True,785379.0,0.004140764885206166,aveestimated
USA,United States,EST,Estonia,2022,850231,HS850231 wind-powered generating sets,2.5,,2.5,MFN_FALLBACK,MFN,,,,1.0,H6,True,135489.0,0.00030652074961705887,aveestimated
USA,United States,EST,Estonia,2023,850231,HS850231 wind-powered generating sets,2.5,,2.5,MFN_FALLBACK,MFN,,,,1.0,H6,True,201819.0,0.0008562339321435701,aveestimated
USA,United States,FIN,Finland,2010,850231,HS850231 wind-powered generating sets,2.5,,2.5,MFN_FALLBACK,MFN,,,,1.0,H3,True,31227.0,2.6081550368805e-05,aveestimated
USA,United States,FIN,Finland,2011,850231,HS850231 wind-powered generating sets,2.5,,2.5,MFN_FALLBACK,MFN,,,,1.0,H3,True,69384.0,5.3828579601939984e-05,aveestimated
USA,United States,FIN,Finland,2012,850231,HS850231 wind-powered generating sets,2.5,,2.5,MFN_FALLBACK,MFN,,,,1.0,H4,True,25952.0,2.6226791257857788e-05,aveestimated
USA,United States,FIN,Finland,2013,850231,HS850231 wind-powered generating sets,2.5,,2.5,MFN_FALLBACK,MFN,,,,1.0,H4,True,520249.0,0.0367935015302307,aveestimated
USA,United States,FIN,Finland,2014,850231,HS850231 wind-powered generating sets,2.5,,2.5,MFN_FALLBACK,MFN,,,,1.0,H4,True,6595.0,3.5189637677779305e-05,aveestimated
USA,United States,FIN,Finland,2015,850231,HS850231 wind-powered generating sets,2.5,,2.5,MFN_FALLBACK,MFN,,,,1.0,H4,True,21353.0,9.117870555300179e-05,aveestimated
USA,United States,FIN,Finland,2017,850231,HS850231 wind-powered generating sets,2.0,,2.0,MFN_FALLBACK,MFN,,,,1.0,H5,True,58780.0,0.00027806115158879286,aveestimated
USA,United States,FIN,Finland,2018,850231,HS850231 wind-powered generating sets,2.5,,2.5,MFN_FALLBACK,MFN,,,,1.0,H5,True,2328.0,1.1973062214654232e-05,aveestimated
USA,United States,FIN,Finland,2023,850231,HS850231 wind-powered generating sets,2.5,,2.5,MFN_FALLBACK,MFN,,,,1.0,H6,True,224576.0,0.0009527824017811722,aveestimated
USA,United States,FRA,France,2010,850231,HS850231 wind-powered generating sets,2.5,,2.5,MFN_FALLBACK,MFN,,,,1.0,H3,True,332293.0,0.00027753920058607356,aveestimated
USA,United States,FRA,France,2011,850231,HS850231 wind-powered generating sets,2.5,,2.5,MFN_FALLBACK,MFN,,,,1.0,H3,True,35498.0,2.7539590088632327e-05,aveestimated
USA,United States,FRA,France,2012,850231,HS850231 wind-powered generating sets,2.5,,2.5,MFN_FALLBACK,MFN,,,,1.0,H4,True,25177.0,2.5443585214977095e-05,aveestimated
USA,United States,FRA,France,2013,850231,HS850231 wind-powered generating sets,2.5,,2.5,MFN_FALLBACK,MFN,,,,1.0,H4,True,757592.0,0.05357907927029276,aveestimated
USA,United States,FRA,France,2014,850231,HS850231 wind-powered generating sets,2.5,,2.5,MFN_FALLBACK,MFN,,,,1.0,H4,True,26928.0,0.0001436825721587932,aveestimated
USA,United States,FRA,France,2015,850231,HS850231 wind-powered generating sets,2.5,,2.5,MFN_FALLBACK,MFN,,,,1.0,H4,True,25798.0,0.00011015914606174029,aveestimated
USA,United States,FRA,France,2017,850231,HS850231 wind-powered generating sets,2.0,,2.0,MFN_FALLBACK,MFN,,,,1.0,H5,True,85641.0,0.0004051281912762131,aveestimated
USA,United States,FRA,France,2018,850231,HS850231 wind-powered generating sets,2.5,,2.5,MFN_FALLBACK,MFN,,,,1.0,H5,True,313688.0,0.0016133187027450415,aveestimated
USA,United States,FRA,France,2019,850231,HS850231 wind-powered generating sets,2.5,,2.5,MFN_FALLBACK,MFN,,,,1.0,H5,True,2781.0,2.4754694199013802e-05,aveestimated
USA,United States,FRA,France,2020,850231,HS850231 wind-powered generating sets,2.5,,2.5,MFN_FALLBACK,MFN,,,,1.0,H5,True,16006.0,3.3504126300249125e-05,aveestimated
USA,United States,FRA,France,2021,850231,HS850231 wind-powered generating sets,2.5,,2.5,MFN_FALLBACK,MFN,,,,1.0,H5,True,18760.0,9.890861513545392e-05,aveestimated
USA,United States,FRA,France,2022,850231,HS850231 wind-powered generating sets,2.5,,2.5,MFN_FALLBACK,MFN,,,,1.0,H6,True,402327.0,0.0009101962050881065,aveestimated
USA,United States,FRA,France,2024,850231,HS850231 wind-powered generating sets,,,,MISSING,,,,,,,True,186322.0,0.0016683103209055188,aveestimated
USA,United States,GBR,United Kingdom,2010,850231,HS850231 wind-powered generating sets,2.5,,2.5,MFN_FALLBACK,MFN,,,,1.0,H3,True,1341664.0,0.0011205904247610205,aveestimated
USA,United States,GBR,United Kingdom,2011,850231,HS850231 wind-powered generating sets,2.5,,2.5,MFN_FALLBACK,MFN,,,,1.0,H3,True,1073714.0,0.0008329946315968722,aveestimated
USA,United States,GBR,United Kingdom,2012,850231,HS850231 wind-powered generating sets,2.5,,2.5,MFN_FALLBACK,MFN,,,,1.0,H4,True,475714.0,0.0004807510703005764,aveestimated
USA,United States,GBR,United Kingdom,2013,850231,HS850231 wind-powered generating sets,2.5,,2.5,MFN_FALLBACK,MFN,,,,1.0,H4,True,206913.0,0.01463348085652183,aveestimated
USA,United States,GBR,United Kingdom,2014,850231,HS850231 wind-powered generating sets,2.5,,2.5,MFN_FALLBACK,MFN,,,,1.0,H4,True,208917.0,0.001114740490481974,aveestimated
USA,United States,GBR,United Kingdom,2015,850231,HS850231 wind-powered generating sets,2.5,,2.5,MFN_FALLBACK,MFN,,,,1.0,H4,True,362207.0,0.001546647562508131,aveestimated
USA,United States,GBR,United Kingdom,2016,850231,HS850231 wind-powered generating sets,2.5,,2.5,MFN_FALLBACK,MFN,,,,1.0,H4,True,218064.0,0.0017412749976397875,aveestimated
USA,United States,GBR,United Kingdom,2017,850231,HS850231 wind-powered generating sets,2.0,,2.0,MFN_FALLBACK,MFN,,,,1.0,H5,True,60898.0,0.0002880804356831287,aveestimated
USA,United States,GBR,United Kingdom,2018,850231,HS850231 wind-powered generating sets,2.5,,2.5,MFN_FALLBACK,MFN,,,,1.0,H5,True,314903.0,0.0016195675303184113,aveestimated
USA,United States,GBR,United Kingdom,2019,850231,HS850231 wind-powered generating sets,2.5,,2.5,MFN_FALLBACK,MFN,,,,1.0,H5,True,440065.0,0.003917178893451639,aveestimated
USA,United States,GBR,United Kingdom,2020,850231,HS850231 wind-powered generating sets,2.5,,2.5,MFN_FALLBACK,MFN,,,,1.0,H5,True,317333.0,0.000664248713684678,aveestimated
USA,United States,GBR,United Kingdom,2021,850231,HS850231 wind-powered generating sets,2.5,,2.5,MFN_FALLBACK,MFN,,,,1.0,H5,True,280411.0,0.001478414908248815,aveestimated
USA,United States,GBR,United Kingdom,2022,850231,HS850231 wind-powered generating sets,2.5,,2.5,MFN_FALLBACK,MFN,,,,1.0,H6,True,96240.0,0.00021772658255021256,aveestimated
USA,United States,GBR,United Kingdom,2023,850231,HS850231 wind-powered generating sets,2.5,,2.5,MFN_FALLBACK,MFN,,,,1.0,H6,True,163986.0,0.0006957242756950311,aveestimated
USA,United States,GBR,United Kingdom,2024,850231,HS850231 wind-powered generating sets,,,,MISSING,,,,,,,True,586334.0,0.005249981557184962,aveestimated
USA,United States,HKG,"Hong Kong, China",2011,850231,HS850231 wind-powered generating sets,2.5,,2.5,MFN_FALLBACK,MFN,,,,1.0,H3,True,2872.0,2.228117154052399e-06,aveestimated
USA,United States,HKG,"Hong Kong, China",2013,850231,HS850231 wind-powered generating sets,2.5,,2.5,MFN_FALLBACK,MFN,,,,1.0,H4,True,326109.0,0.023063363870996396,aveestimated
USA,United States,HKG,"Hong Kong, China",2015,850231,HS850231 wind-powered generating sets,2.5,,2.5,MFN_FALLBACK,MFN,,,,1.0,H4,True,107568.0,0.00045932239024611517,aveestimated
USA,United States,HKG,"Hong Kong, China",2016,850231,HS850231 wind-powered generating sets,2.5,,2.5,MFN_FALLBACK,MFN,,,,1.0,H4,True,12625.0,0.0001008125910063207,aveestimated
USA,United States,HKG,"Hong Kong, China",2017,850231,HS850231 wind-powered generating sets,2.0,,2.0,MFN_FALLBACK,MFN,,,,1.0,H5,True,113730.0,0.0005380043343006705,aveestimated
USA,United States,HKG,"Hong Kong, China",2022,850231,HS850231 wind-powered generating sets,2.5,,2.5,MFN_FALLBACK,MFN,,,,1.0,H6,True,169888.0,0.00038434261903876255,aveestimated
USA,United States,HUN,Hungary,2011,850231,HS850231 wind-powered generating sets,2.5,,2.5,MFN_FALLBACK,MFN,,,,1.0,H3,True,11188.0,8.679726573655375e-06,aveestimated
USA,United States,IDN,Indonesia,2015,850231,HS850231 wind-powered generating sets,2.5,,2.5,MFN_FALLBACK,MFN,,,,1.0,H4,True,14647.0,6.254364727367663e-05,aveestimated
USA,United States,IND,India,2010,850231,HS850231 wind-powered generating sets,2.5,,2.5,MFN_FALLBACK,MFN,,,,1.0,H3,True,140527592.0,0.11737206484628297,aveestimated
USA,United States,IND,India,2011,850231,HS850231 wind-powered generating sets,2.5,,2.5,MFN_FALLBACK,MFN,,,,1.0,H3,True,11068951.0,0.008587367548908584,aveestimated
USA,United States,IND,India,2012,850231,HS850231 wind-powered generating sets,2.5,,2.5,MFN_FALLBACK,MFN,,,,1.0,H4,True,128370456.0,0.12972969918264557,aveestimated
USA,United States,IND,India,2013,850231,HS850231 wind-powered generating sets,2.5,,2.5,MFN_FALLBACK,MFN,,,,1.0,H4,True,1222770.0,0.08647780171825452,aveestimated
USA,United States,IND,India,2014,850231,HS850231 wind-powered generating sets,2.5,,2.5,MFN_FALLBACK,MFN,,,,1.0,H4,True,2084446.0,0.011122198559347438,aveestimated
USA,United States,IND,India,2015,850231,HS850231 wind-powered generating sets,2.5,,2.5,MFN_FALLBACK,MFN,,,,1.0,H4,True,769914.0,0.0032875830987277583,aveestimated
USA,United States,IND,India,2016,850231,HS850231 wind-powered generating sets,2.5,,2.5,MFN_FALLBACK,MFN,,,,1.0,H4,True,127978.0,0.0010219242591530226,aveestimated
USA,United States,IND,India,2019,850231,HS850231 wind-powered generating sets,2.5,,2.5,MFN_FALLBACK,MFN,,,,1.0,H5,True,12275122.0,0.10926533310520917,aveestimated
USA,United States,IND,India,2020,850231,HS850231 wind-powered generating sets,2.5,,2.5,MFN_FALLBACK,MFN,,,,1.0,H5,True,71517046.0,0.14970112094244198,aveestimated
USA,United States,IND,India,2021,850231,HS850231 wind-powered generating sets,2.5,,2.5,MFN_FALLBACK,MFN,,,,1.0,H5,True,98135.0,0.0005173985579060645,aveestimated
USA,United States,IND,India,2022,850231,HS850231 wind-powered generating sets,2.5,,2.5,MFN_FALLBACK,MFN,,,,1.0,H6,True,93001334.0,0.21039965320480974,aveestimated
USA,United States,IND,India,2023,850231,HS850231 wind-powered generating sets,2.5,,2.5,MFN_FALLBACK,MFN,,,,1.0,H6,True,37883308.0,0.16072309233246607,aveestimated
USA,United States,IRL,,2010,850231,HS850231 wind-powered generating sets,2.5,,2.5,MFN_FALLBACK,MFN,,,,1.0,H3,True,98734.0,8.246503968084007e-05,aveestimated
USA,United States,IRL,,2016,850231,HS850231 wind-powered generating sets,2.5,,2.5,MFN_FALLBACK,MFN,,,,1.0,H4,True,277137.0,0.002212982101680689,aveestimated
USA,United States,IRL,,2017,850231,HS850231 wind-powered generating sets,2.0,,2.0,MFN_FALLBACK,MFN,,,,1.0,H5,True,27946.0,0.00013219967577918348,aveestimated
USA,United States,IRL,,2018,850231,HS850231 wind-powered generating sets,2.5,,2.5,MFN_FALLBACK,MFN,,,,1.0,H5,True,10578.0,5.440337289802941e-05,aveestimated
USA,United States,IRL,,2019,850231,HS850231 wind-powered generating sets,2.5,,2.5,MFN_FALLBACK,MFN,,,,1.0,H5,True,13288.0,0.00011828132920406164,aveestimated
USA,United States,IRL,,2020,850231,HS850231 wind-powered generating sets,2.5,,2.5,MFN_FALLBACK,MFN,,,,1.0,H5,True,13987.0,2.927790919415122e-05,aveestimated
USA,United States,IRL,,2021,850231,HS850231 wind-powered generating sets,2.5,,2.5,MFN_FALLBACK,MFN,,,,1.0,H5,True,2825.0,1.4894287726954016e-05,aveestimated
USA,United States,IRL,,2022,850231,HS850231 wind-powered generating sets,2.5,,2.5,MFN_FALLBACK,MFN,,,,1.0,H6,True,26017.0,5.885902429560349e-05,aveestimated
USA,United States,IRL,,2023,850231,HS850231 wind-powered generating sets,2.5,,2.5,MFN_FALLBACK,MFN,,,,1.0,H6,True,63429.0,0.0002691028202594132,aveestimated
USA,United States,IRL,,2024,850231,HS850231 wind-powered generating sets,,,,MISSING,,,,,,,True,36470.0,0.00032654907849542336,aveestimated
USA,United States,ISL,Iceland,2018,850231,HS850231 wind-powered generating sets,2.5,,2.5,MFN_FALLBACK,MFN,,,,1.0,H5,True,7343.0,3.776554804218472e-05,aveestimated
USA,United States,ISR,Israel,2010,850231,HS850231 wind-powered generating sets,0.0,0.0,2.5,BILATERAL_TRAINS,PREF,1.0,1.0,0.0,1.0,H3,True,13800.0,1.1526095849409453e-05,aveestimated
USA,United States,ISR,Israel,2018,850231,HS850231 wind-powered generating sets,2.5,,2.5,MFN_FALLBACK,MFN,,,,1.0,H5,True,30048.0,0.00015453890611079484,aveestimated
USA,United States,ISR,Israel,2019,850231,HS850231 wind-powered generating sets,2.5,,2.5,MFN_FALLBACK,MFN,,,,1.0,H5,True,91459.0,0.0008141098801681422,aveestimated
USA,United States,ISR,Israel,2021,850231,HS850231 wind-powered generating sets,2.5,,2.5,MFN_FALLBACK,MFN,,,,1.0,H5,True,290811.0,0.0015332469763409643,aveestimated
USA,United States,ISR,Israel,2022,850231,HS850231 wind-powered generating sets,2.5,,2.5,MFN_FALLBACK,MFN,,,,1.0,H6,True,94250.0,0.000213224547021587,aveestimated
USA,United States,ISR,Israel,2023,850231,HS850231 wind-powered generating sets,2.5,,2.5,MFN_FALLBACK,MFN,,,,1.0,H6,True,329589.0,0.0013983088086912884,aveestimated
USA,United States,ITA,Italy,2010,850231,HS850231 wind-powered generating sets,2.5,,2.5,MFN_FALLBACK,MFN,,,,1.0,H3,True,87701983.0,0.07325083059719409,aveestimated
USA,United States,ITA,Italy,2011,850231,HS850231 wind-powered generating sets,2.5,,2.5,MFN_FALLBACK,MFN,,,,1.0,H3,True,307063554.0,0.23822199583972667,aveestimated
USA,United States,ITA,Italy,2012,850231,HS850231 wind-powered generating sets,2.5,,2.5,MFN_FALLBACK,MFN,,,,1.0,H4,True,209569208.0,0.21178821949331766,aveestimated
USA,United States,ITA,Italy,2013,850231,HS850231 wind-powered generating sets,2.5,,2.5,MFN_FALLBACK,MFN,,,,1.0,H4,True,1100848.0,0.07785512816468923,aveestimated
USA,United States,ITA,Italy,2014,850231,HS850231 wind-powered generating sets,2.5,,2.5,MFN_FALLBACK,MFN,,,,1.0,H4,True,3064.0,1.634890824029049e-05,aveestimated
USA,United States,ITA,Italy,2015,850231,HS850231 wind-powered generating sets,2.5,,2.5,MFN_FALLBACK,MFN,,,,1.0,H4,True,6832.0,2.917308651421853e-05,aveestimated
USA,United States,ITA,Italy,2016,850231,HS850231 wind-powered generating sets,2.5,,2.5,MFN_FALLBACK,MFN,,,,1.0,H4,True,35705.0,0.0002851099850994599,aveestimated
USA,United States,ITA,Italy,2017,850231,HS850231 wind-powered generating sets,2.0,,2.0,MFN_FALLBACK,MFN,,,,1.0,H5,True,410056.0,0.0019397863827134065,aveestimated
USA,United States,ITA,Italy,2018,850231,HS850231 wind-powered generating sets,2.5,,2.5,MFN_FALLBACK,MFN,,,,1.0,H5,True,72912.0,0.0003749913712177274,aveestimated
USA,United States,ITA,Italy,2019,850231,HS850231 wind-powered generating sets,2.5,,2.5,MFN_FALLBACK,MFN,,,,1.0,H5,True,17402.0,0.0001549015420536635,aveestimated
USA,United States,ITA,Italy,2020,850231,HS850231 wind-powered generating sets,2.5,,2.5,MFN_FALLBACK,MFN,,,,1.0,H5,True,4631586.0,0.009694942041388582,aveestimated
USA,United States,ITA,Italy,2021,850231,HS850231 wind-powered generating sets,2.5,,2.5,MFN_FALLBACK,MFN,,,,1.0,H5,True,5553.0,2.9277160972663948e-05,aveestimated
USA,United States,ITA,Italy,2022,850231,HS850231 wind-powered generating sets,2.5,,2.5,MFN_FALLBACK,MFN,,,,1.0,H6,True,7236.0,1.6370215620670594e-05,aveestimated
USA,United States,ITA,Italy,2023,850231,HS850231 wind-powered generating sets,2.5,,2.5,MFN_FALLBACK,MFN,,,,1.0,H6,True,1162083.0,0.004930234004564468,aveestimated
USA,United States,ITA,Italy,2024,850231,HS850231 wind-powered generating sets,,,,MISSING,,,,,,,True,122625.0,0.0010979731491774416,aveestimated
USA,United States,JPN,Japan,2010,850231,HS850231 wind-powered generating sets,2.5,,2.5,MFN_FALLBACK,MFN,,,,1.0,H3,True,247781.0,0.00020695272142482056,aveestimated
USA,United States,JPN,Japan,2011,850231,HS850231 wind-powered generating sets,2.5,,2.5,MFN_FALLBACK,MFN,,,,1.0,H3,True,302108.0,0.00023437744330656756,aveestimated
USA,United States,JPN,Japan,2012,850231,HS850231 wind-powered generating sets,2.5,,2.5,MFN_FALLBACK,MFN,,,,1.0,H4,True,74504030.0,0.07529291163221233,aveestimated
USA,United States,JPN,Japan,2013,850231,HS850231 wind-powered generating sets,2.5,,2.5,MFN_FALLBACK,MFN,,,,1.0,H4,True,2156097.0,0.1524853642560117,aveestimated
USA,United States,JPN,Japan,2014,850231,HS850231 wind-powered generating sets,2.5,,2.5,MFN_FALLBACK,MFN,,,,1.0,H4,True,118071.0,0.0006300038984462593,aveestimated
USA,United States,JPN,Japan,2015,850231,HS850231 wind-powered generating sets,2.5,,2.5,MFN_FALLBACK,MFN,,,,1.0,H4,True,111219.0,0.0004749123988619541,aveestimated
USA,United States,JPN,Japan,2016,850231,HS850231 wind-powered generating sets,2.5,,2.5,MFN_FALLBACK,MFN,,,,1.0,H4,True,80273.0,0.0006409924053742877,aveestimated
USA,United States,JPN,Japan,2017,850231,HS850231 wind-powered generating sets,2.0,,2.0,MFN_FALLBACK,MFN,,,,1.0,H5,True,26413.0,0.00012494775768824064,aveestimated
USA,United States,JPN,Japan,2018,850231,HS850231 wind-powered generating sets,2.5,,2.5,MFN_FALLBACK,MFN,,,,1.0,H5,True,3611.0,1.8571618409414276e-05,aveestimated
USA,United States,JPN,Japan,2019,850231,HS850231 wind-powered generating sets,2.5,,2.5,MFN_FALLBACK,MFN,,,,1.0,H5,True,26395.0,0.00023495151146457006,aveestimated
USA,United States,JPN,Japan,2020,850231,HS850231 wind-powered generating sets,2.5,,2.5,MFN_FALLBACK,MFN,,,,1.0,H5,True,84084.0,0.00017600655728040404,aveestimated
USA,United States,JPN,Japan,2021,850231,HS850231 wind-powered generating sets,2.5,,2.5,MFN_FALLBACK,MFN,,,,1.0,H5,True,794583.0,0.004189291265467718,aveestimated
USA,United States,JPN,Japan,2022,850231,HS850231 wind-powered generating sets,2.5,,2.5,MFN_FALLBACK,MFN,,,,1.0,H6,True,125262.0,0.00028338390672698175,aveestimated
USA,United States,JPN,Japan,2023,850231,HS850231 wind-powered generating sets,2.5,,2.5,MFN_FALLBACK,MFN,,,,1.0,H6,True,711771.0,0.0030197478042987085,aveestimated
USA,United States,KOR,"Korea, Rep.",2010,850231,HS850231 wind-powered generating sets,2.5,,2.5,MFN_FALLBACK,MFN,,,,1.0,H3,True,8151095.0,0.006807992916495808,aveestimated
USA,United States,KOR,"Korea, Rep.",2011,850231,HS850231 wind-powered generating sets,2.5,,2.5,MFN_FALLBACK,MFN,,,,1.0,H3,True,3508438.0,0.002721870087649474,aveestimated
USA,United States,KOR,"Korea, Rep.",2012,850231,HS850231 wind-powered generating sets,2.5,,2.5,MFN_FALLBACK,MFN,,,,1.0,H4,True,1495111.0,0.0015109418967450298,aveestimated
USA,United States,KOR,"Korea, Rep.",2014,850231,HS850231 wind-powered generating sets,0.0,0.0,2.5,BILATERAL_TRAINS,PREF,1.0,1.0,0.0,1.0,H4,True,334600.0,0.0017853605408620099,aveestimated
USA,United States,KOR,"Korea, Rep.",2015,850231,HS850231 wind-powered generating sets,0.0,0.0,2.5,BILATERAL_TRAINS,PREF,1.0,1.0,0.0,1.0,H4,True,24215.0,0.00010339963260272273,aveestimated
USA,United States,KOR,"Korea, Rep.",2016,850231,HS850231 wind-powered generating sets,0.0,0.0,2.5,BILATERAL_TRAINS,PREF,1.0,1.0,0.0,1.0,H4,True,11380.0,9.087107213084591e-05,aveestimated
USA,United States,KOR,"Korea, Rep.",2017,850231,HS850231 wind-powered generating sets,0.0,0.0,2.0,BILATERAL_TRAINS,PREF,1.0,1.0,0.0,1.0,H5,True,8751.0,4.1396957086654065e-05,aveestimated
USA,United States,KOR,"Korea, Rep.",2019,850231,HS850231 wind-powered generating sets,2.5,,2.5,MFN_FALLBACK,MFN,,,,1.0,H5,True,2910.0,2.5902970197457807e-05,aveestimated
USA,United States,KOR,"Korea, Rep.",2020,850231,HS850231 wind-powered generating sets,2.5,,2.5,MFN_FALLBACK,MFN,,,,1.0,H5,True,22532100.0,0.04716470849742867,aveestimated
USA,United States,KOR,"Korea, Rep.",2024,850231,HS850231 wind-powered generating sets,,,,MISSING,,,,,,,True,15416.0,0.00013803346844215648,aveestimated
USA,United States,LTU,Lithuania,2021,850231,HS850231 wind-powered generating sets,2.5,,2.5,MFN_FALLBACK,MFN,,,,1.0,H5,True,31451.0,0.00016581955515059495,aveestimated
USA,United States,LVA,Latvia,2019,850231,HS850231 wind-powered generating sets,2.5,,2.5,MFN_FALLBACK,MFN,,,,1.0,H5,True,26342.0,0.0002344797391551318,aveestimated
USA,United States,LVA,Latvia,2020,850231,HS850231 wind-powered generating sets,2.5,,2.5,MFN_FALLBACK,MFN,,,,1.0,H5,True,140060.0,0.00029317680429919357,aveestimated
USA,United States,MEX,Mexico,2010,850231,HS850231 wind-powered generating sets,0.0,0.0,2.5,BILATERAL_TRAINS,PREF,1.0,1.0,0.0,1.0,H3,True,13789.0,1.1516908381703402e-05,aveestimated
USA,United States,MEX,Mexico,2011,850231,HS850231 wind-powered generating sets,0.0,0.0,2.5,BILATERAL_TRAINS,PREF,1.0,1.0,0.0,1.0,H3,True,70829.0,5.494962044024281e-05,aveestimated
USA,United States,MEX,Mexico,2012,850231,HS850231 wind-powered generating sets,0.0,0.0,2.5,BILATERAL_TRAINS,PREF,1.0,1.0,0.0,1.0,H4,True,47079.0,4.7577493281006735e-05,aveestimated
USA,United States,MEX,Mexico,2013,850231,HS850231 wind-powered generating sets,0.0,0.0,2.5,BILATERAL_TRAINS,PREF,1.0,1.0,0.0,1.0,H4,True,23438.0,0.0016576025881175115,aveestimated
USA,United States,MEX,Mexico,2014,850231,HS850231 wind-powered generating sets,0.0,0.0,2.5,BILATERAL_TRAINS,PREF,1.0,1.0,0.0,1.0,H4,True,18165.0,9.692490802378485e-05,aveestimated
USA,United States,MEX,Mexico,2016,850231,HS850231 wind-powered generating sets,0.0,0.0,2.5,BILATERAL_TRAINS,PREF,1.0,1.0,0.0,1.0,H4,True,31461.0,0.00025122098420988956,aveestimated
USA,United States,MEX,Mexico,2017,850231,HS850231 wind-powered generating sets,0.0,0.0,2.0,BILATERAL_TRAINS,PREF,1.0,1.0,0.0,1.0,H5,True,155795.0,0.0007369945068352497,aveestimated
USA,United States,MEX,Mexico,2018,850231,HS850231 wind-powered generating sets,2.5,,2.5,MFN_FALLBACK,MFN,,,,1.0,H5,True,2035362.0,0.010468005092501318,aveestimated
USA,United States,MEX,Mexico,2019,850231,HS850231 wind-powered generating sets,2.5,,2.5,MFN_FALLBACK,MFN,,,,1.0,H5,True,2324382.0,0.02069017102182384,aveestimated
USA,United States,MEX,Mexico,2020,850231,HS850231 wind-powered generating sets,2.5,,2.5,MFN_FALLBACK,MFN,,,,1.0,H5,True,2398131.0,0.005019822810729897,aveestimated
USA,United States,MEX,Mexico,2021,850231,HS850231 wind-powered generating sets,2.5,,2.5,MFN_FALLBACK,MFN,,,,1.0,H5,True,1286975.0,0.006785336618547484,aveestimated
USA,United States,MEX,Mexico,2022,850231,HS850231 wind-powered generating sets,2.5,,2.5,MFN_FALLBACK,MFN,,,,1.0,H6,True,904949.0,0.002047292738489529,aveestimated
USA,United States,MEX,Mexico,2023,850231,HS850231 wind-powered generating sets,2.5,,2.5,MFN_FALLBACK,MFN,,,,1.0,H6,True,861341.0,0.0036543109982037116,aveestimated
USA,United States,MEX,Mexico,2024,850231,HS850231 wind-powered generating sets,,,,MISSING,,,,,,,True,364201.0,0.003261022784127,aveestimated
USA,United States,MYS,Malaysia,2018,850231,HS850231 wind-powered generating sets,2.5,,2.5,MFN_FALLBACK,MFN,,,,1.0,H5,True,43250.0,0.00022243768934011835,aveestimated
USA,United States,MYS,Malaysia,2023,850231,HS850231 wind-powered generating sets,2.5,,2.5,MFN_FALLBACK,MFN,,,,1.0,H6,True,2041528.0,0.008661352732008376,aveestimated
USA,United States,NLD,,2010,850231,HS850231 wind-powered generating sets,2.5,,2.5,MFN_FALLBACK,MFN,,,,1.0,H3,True,815418.0,0.0006810569583575186,aveestimated
USA,United States,NLD,,2011,850231,HS850231 wind-powered generating sets,2.5,,2.5,MFN_FALLBACK,MFN,,,,1.0,H3,True,19507.0,1.5133663413683892e-05,aveestimated
USA,United States,NLD,,2013,850231,HS850231 wind-powered generating sets,2.5,,2.5,MFN_FALLBACK,MFN,,,,1.0,H4,True,66070.0,0.004672659911123986,aveestimated
USA,United States,NLD,,2014,850231,HS850231 wind-powered generating sets,2.5,,2.5,MFN_FALLBACK,MFN,,,,1.0,H4,True,18362.0,9.797606171939099e-05,aveestimated
USA,United States,NLD,,2015,850231,HS850231 wind-powered generating sets,2.5,,2.5,MFN_FALLBACK,MFN,,,,1.0,H4,True,3032.0,1.2946838160291361e-05,aveestimated
USA,United States,NLD,,2016,850231,HS850231 wind-powered generating sets,2.5,,2.5,MFN_FALLBACK,MFN,,,,1.0,H4,True,9050.0,7.226565929562e-05,aveestimated
USA,United States,NLD,,2017,850231,HS850231 wind-powered generating sets,2.0,,2.0,MFN_FALLBACK,MFN,,,,1.0,H5,True,5612.0,2.6547791471866374e-05,aveestimated
USA,United States,NLD,,2018,850231,HS850231 wind-powered generating sets,2.5,,2.5,MFN_FALLBACK,MFN,,,,1.0,H5,True,70457.0,0.00036236513937194727,aveestimated
USA,United States,NLD,,2019,850231,HS850231 wind-powered generating sets,2.5,,2.5,MFN_FALLBACK,MFN,,,,1.0,H5,True,2682.0,2.3873459130440494e-05,aveestimated
USA,United States,NLD,,2020,850231,HS850231 wind-powered generating sets,2.5,,2.5,MFN_FALLBACK,MFN,,,,1.0,H5,True,2293.0,4.799760190333077e-06,aveestimated
USA,United States,NLD,,2021,850231,HS850231 wind-powered generating sets,2.5,,2.5,MFN_FALLBACK,MFN,,,,1.0,H5,True,47379.0,0.00024979697635941746,aveestimated
USA,United States,NLD,,2023,850231,HS850231 wind-powered generating sets,2.5,,2.5,MFN_FALLBACK,MFN,,,,1.0,H6,True,196825.0,0.0008350464708186949,aveestimated
USA,United States,NLD,,2024,850231,HS850231 wind-powered generating sets,,,,MISSING,,,,,,,True,4841.0,4.334587576079914e-05,aveestimated
USA,United States,PAK,Pakistan,2012,850231,HS850231 wind-powered generating sets,2.5,,2.5,MFN_FALLBACK,MFN,,,,1.0,H4,True,6475.0,6.5435601647129e-06,aveestimated
USA,United States,PHL,Philippines,2016,850231,HS850231 wind-powered generating sets,2.5,,2.5,MFN_FALLBACK,MFN,,,,1.0,H4,True,16554.0,0.00013218626784306003,aveestimated
USA,United States,POL,Poland,2012,850231,HS850231 wind-powered generating sets,2.5,,2.5,MFN_FALLBACK,MFN,,,,1.0,H4,True,136368.0,0.0001378119247168446,aveestimated
USA,United States,POL,Poland,2013,850231,HS850231 wind-powered generating sets,2.5,,2.5,MFN_FALLBACK,MFN,,,,1.0,H4,True,121499.0,0.008592757780258108,aveestimated
USA,United States,POL,Poland,2014,850231,HS850231 wind-powered generating sets,2.5,,2.5,MFN_FALLBACK,MFN,,,,1.0,H4,True,62051.0,0.0003310920708936897,aveestimated
USA,United States,POL,Poland,2015,850231,HS850231 wind-powered generating sets,2.5,,2.5,MFN_FALLBACK,MFN,,,,1.0,H4,True,34976.0,0.00014934980590183068,aveestimated
USA,United States,POL,Poland,2016,850231,HS850231 wind-powered generating sets,2.5,,2.5,MFN_FALLBACK,MFN,,,,1.0,H4,True,3172.0,2.5328913954221724e-05,aveestimated
USA,United States,POL,Poland,2017,850231,HS850231 wind-powered generating sets,2.0,,2.0,MFN_FALLBACK,MFN,,,,1.0,H5,True,122000.0,0.0005771259015623125,aveestimated
USA,United States,POL,Poland,2022,850231,HS850231 wind-powered generating sets,2.5,,2.5,MFN_FALLBACK,MFN,,,,1.0,H6,True,62724.0,0.00014190234999874826,aveestimated
USA,United States,POL,Poland,2023,850231,HS850231 wind-powered generating sets,2.5,,2.5,MFN_FALLBACK,MFN,,,,1.0,H6,True,81836.0,0.00034719605225920854,aveestimated
USA,United States,PRT,Portugal,2012,850231,HS850231 wind-powered generating sets,2.5,,2.5,MFN_FALLBACK,MFN,,,,1.0,H4,True,35137.0,3.5509046101547054e-05,aveestimated
USA,United States,PRT,Portugal,2013,850231,HS850231 wind-powered generating sets,2.5,,2.5,MFN_FALLBACK,MFN,,,,1.0,H4,True,47815.0,0.0033816139496048643,aveestimated
USA,United States,PRT,Portugal,2014,850231,HS850231 wind-powered generating sets,2.5,,2.5,MFN_FALLBACK,MFN,,,,1.0,H4,True,14623.0,7.802548472512005e-05,aveestimated
USA,United States,PRT,Portugal,2015,850231,HS850231 wind-powered generating sets,2.5,,2.5,MFN_FALLBACK,MFN,,,,1.0,H4,True,27628.0,0.00011797336566376311,aveestimated
USA,United States,PRT,Portugal,2016,850231,HS850231 wind-powered generating sets,2.5,,2.5,MFN_FALLBACK,MFN,,,,1.0,H4,True,73080.0,0.0005835551802567856,aveestimated
USA,United States,PRT,Portugal,2017,850231,HS850231 wind-powered generating sets,2.0,,2.0,MFN_FALLBACK,MFN,,,,1.0,H5,True,13204.0,6.246205249367847e-05,aveestimated
USA,United States,PRT,Portugal,2018,850231,HS850231 wind-powered generating sets,2.5,,2.5,MFN_FALLBACK,MFN,,,,1.0,H5,True,71757.0,0.00036905112772205484,aveestimated
USA,United States,PRT,Portugal,2019,850231,HS850231 wind-powered generating sets,2.5,,2.5,MFN_FALLBACK,MFN,,,,1.0,H5,True,48597.0,0.0004325796022975454,aveestimated
USA,United States,PRT,Portugal,2021,850231,HS850231 wind-powered generating sets,2.5,,2.5,MFN_FALLBACK,MFN,,,,1.0,H5,True,10976.0,5.7868921094176025e-05,aveestimated
USA,United States,PRT,Portugal,2023,850231,HS850231 wind-powered generating sets,2.5,,2.5,MFN_FALLBACK,MFN,,,,1.0,H6,True,7702.0,3.2676377077330566e-05,aveestimated
USA,United States,PRT,Portugal,2024,850231,HS850231 wind-powered generating sets,,,,MISSING,,,,,,,True,7381.0,6.608880582327173e-05,aveestimated
USA,United States,RUS,Russian Federation,2013,850231,HS850231 wind-powered generating sets,2.5,,2.5,MFN_FALLBACK,MFN,,,,1.0,H4,True,19749.0,0.0013967059268168245,aveestimated
USA,United States,SGP,Singapore,2012,850231,HS850231 wind-powered generating sets,0.0,0.0,2.5,BILATERAL_TRAINS,PREF,1.0,1.0,0.0,1.0,H4,True,475803.0,0.0004808410126719524,aveestimated
USA,United States,SGP,Singapore,2020,850231,HS850231 wind-powered generating sets,2.5,,2.5,MFN_FALLBACK,MFN,,,,1.0,H5,True,15082.0,3.156998830815677e-05,aveestimated
USA,United States,SGP,Singapore,2021,850231,HS850231 wind-powered generating sets,2.5,,2.5,MFN_FALLBACK,MFN,,,,1.0,H5,True,204200.0,0.001076606567732393,aveestimated
USA,United States,SLV,El Salvador,2021,850231,HS850231 wind-powered generating sets,2.5,,2.5,MFN_FALLBACK,MFN,,,,1.0,H5,True,27873.0,0.00014695521480119974,aveestimated
USA,United States,SRB,,2010,850231,HS850231 wind-powered generating sets,2.5,,2.5,MFN_FALLBACK,MFN,,,,1.0,H3,True,1726357.0,0.0014418953806013734,aveestimated
USA,United States,SRB,,2011,850231,HS850231 wind-powered generating sets,2.5,,2.5,MFN_FALLBACK,MFN,,,,1.0,H3,True,5718610.0,0.004436536573236625,aveestimated
USA,United States,SRB,,2012,850231,HS850231 wind-powered generating sets,2.5,,2.5,MFN_FALLBACK,MFN,,,,1.0,H4,True,592022.0,0.0005982905908623414,aveestimated
USA,United States,SRB,,2013,850231,HS850231 wind-powered generating sets,2.5,,2.5,MFN_FALLBACK,MFN,,,,1.0,H4,True,1423177.0,0.10065115959336614,aveestimated
USA,United States,SRB,,2018,850231,HS850231 wind-powered generating sets,2.5,,2.5,MFN_FALLBACK,MFN,,,,1.0,H5,True,74001.0,0.0003805921722279329,aveestimated
USA,United States,SRB,,2020,850231,HS850231 wind-powered generating sets,2.5,,2.5,MFN_FALLBACK,MFN,,,,1.0,H5,True,95836.0,0.00020060611321446177,aveestimated
USA,United States,SRB,,2022,850231,HS850231 wind-powered generating sets,2.5,,2.5,MFN_FALLBACK,MFN,,,,1.0,H6,True,97979.0,0.0002216607733965843,aveestimated
USA,United States,SRB,,2023,850231,HS850231 wind-powered generating sets,2.5,,2.5,MFN_FALLBACK,MFN,,,,1.0,H6,True,317168.0,0.0013456116807144612,aveestimated
USA,United States,SWE,Sweden,2012,850231,HS850231 wind-powered generating sets,2.5,,2.5,MFN_FALLBACK,MFN,,,,1.0,H4,True,7009.0,7.083214392968759e-06,aveestimated
USA,United States,SWE,Sweden,2014,850231,HS850231 wind-powered generating sets,2.5,,2.5,MFN_FALLBACK,MFN,,,,1.0,H4,True,9973.0,5.321398886436588e-05,aveestimated
USA,United States,SWE,Sweden,2019,850231,HS850231 wind-powered generating sets,2.5,,2.5,MFN_FALLBACK,MFN,,,,1.0,H5,True,3159.0,2.8119409915384608e-05,aveestimated
USA,United States,SWE,Sweden,2022,850231,HS850231 wind-powered generating sets,2.5,,2.5,MFN_FALLBACK,MFN,,,,1.0,H6,True,4927.0,1.1146497009818134e-05,aveestimated
USA,United States,THA,Thailand,2018,850231,HS850231 wind-powered generating sets,2.5,,2.5,MFN_FALLBACK,MFN,,,,1.0,H5,True,3000.0,1.54292038848637e-05,aveestimated
USA,United States,THA,Thailand,2024,850231,HS850231 wind-powered generating sets,,,,MISSING,,,,,,,True,24140.0,0.00021614737468822376,aveestimated
USA,United States,TTO,Trinidad and Tobago,2010,850231,HS850231 wind-powered generating sets,2.5,,2.5,MFN_FALLBACK,MFN,,,,1.0,H3,True,40288.0,3.364951808558029e-05,aveestimated
USA,United States,TTO,Trinidad and Tobago,2011,850231,HS850231 wind-powered generating sets,2.5,,2.5,MFN_FALLBACK,MFN,,,,1.0,H3,True,28131.0,2.18242213303092e-05,aveestimated
USA,United States,TTO,Trinidad and Tobago,2012,850231,HS850231 wind-powered generating sets,2.5,,2.5,MFN_FALLBACK,MFN,,,,1.0,H4,True,15049.0,1.5208345470079448e-05,aveestimated
USA,United States,TUR,Turkey,2018,850231,HS850231 wind-powered generating sets,2.5,,2.5,MFN_FALLBACK,MFN,,,,1.0,H5,True,7250.0,3.728724272175394e-05,aveestimated
USA,United States,TUR,Turkey,2019,850231,HS850231 wind-powered generating sets,2.5,,2.5,MFN_FALLBACK,MFN,,,,1.0,H5,True,3537.0,3.148412563175542e-05,aveestimated
USA,United States,TUR,Turkey,2020,850231,HS850231 wind-powered generating sets,2.5,,2.5,MFN_FALLBACK,MFN,,,,1.0,H5,True,5141.0,1.0761259109682665e-05,aveestimated
USA,United States,TUR,Turkey,2021,850231,HS850231 wind-powered generating sets,2.5,,2.5,MFN_FALLBACK,MFN,,,,1.0,H5,True,12797.0,6.746980532454178e-05,aveestimated
USA,United States,TUR,Turkey,2022,850231,HS850231 wind-powered generating sets,2.5,,2.5,MFN_FALLBACK,MFN,,,,1.0,H6,True,2266.0,5.126438446163567e-06,aveestimated
USA,United States,TUR,Turkey,2023,850231,HS850231 wind-powered generating sets,2.5,,2.5,MFN_FALLBACK,MFN,,,,1.0,H6,True,255668.0,0.0010846928037661582,aveestimated
USA,United States,TUR,Turkey,2024,850231,HS850231 wind-powered generating sets,,,,MISSING,,,,,,,True,4501.0,4.030154653983824e-05,aveestimated
USA,United States,VNM,Vietnam,2010,850231,HS850231 wind-powered generating sets,2.5,,2.5,MFN_FALLBACK,MFN,,,,1.0,H3,True,1615002.0,0.0013488889745643454,aveestimated
USA,United States,ZAF,South Africa,2011,850231,HS850231 wind-powered generating sets,2.5,,2.5,MFN_FALLBACK,MFN,,,,1.0,H3,True,70692.0,5.484333490747638e-05,aveestimated
USA,United States,ZAF,South Africa,2012,850231,HS850231 wind-powered generating sets,2.5,,2.5,MFN_FALLBACK,MFN,,,,1.0,H4,True,11668.0,1.1791545946234766e-05,aveestimated
USA,United States,ZAF,South Africa,2021,850231,HS850231 wind-powered generating sets,2.5,,2.5,MFN_FALLBACK,MFN,,,,1.0,H5,True,4733.0,2.495386329616756e-05,aveestimated
USA,United States,ZAF,South Africa,2024,850231,HS850231 wind-powered generating sets,,,,MISSING,,,,,,,True,40050.0,0.00035860407441024695,aveestimated
