id,group,technology,series,full_n,n_block,block_years,status,test,variable,deterministic,lag,statistic,p_raw,test_nobs,critical_1pct,critical_5pct,critical_10pct,warnings,q_BH
pv__CHN,equipment,pv,CHN,14,13,"2010,2011,2012,2013,2014,2015,2016,2017,2018,2019,2020,2021,2022",computed,ADF,y,c,1,-2.927297931425196,0.04226446457820567,11.0,-4.223238279489106,-3.189368925619835,-2.729839421487603,,0.1014347149876936
pv__CHN,equipment,pv,CHN,14,13,"2010,2011,2012,2013,2014,2015,2016,2017,2018,2019,2020,2021,2022",computed,ADF,logQ,c,1,-2.363646815281616,0.15226073086832503,11.0,-4.223238279489106,-3.189368925619835,-2.729839421487603,,0.2610183957742715
pv__CHN,equipment,pv,CHN,14,13,"2010,2011,2012,2013,2014,2015,2016,2017,2018,2019,2020,2021,2022",computed,ADF,logM,c,1,-3.702757099883029,0.004074539775512621,11.0,-4.223238279489106,-3.189368925619835,-2.729839421487603,,0.02444723865307573
pv__CHN,equipment,pv,CHN,14,13,"2010,2011,2012,2013,2014,2015,2016,2017,2018,2019,2020,2021,2022",computed,Engle_Granger,y~logQ+logM,c,1,-3.4787819116122134,0.0942089928099038,,-5.699761180555555,-4.513427824074074,-3.9958577777777773,,0.1884179856198076
pv__CHN,equipment,pv,CHN,14,13,"2010,2011,2012,2013,2014,2015,2016,2017,2018,2019,2020,2021,2022",computed,ADF,y,ct,1,-2.854187537541371,0.17775416201810462,11.0,-5.117513876784373,-3.918385116453794,-3.4113569872276486,,0.35550832403620924
pv__CHN,equipment,pv,CHN,14,13,"2010,2011,2012,2013,2014,2015,2016,2017,2018,2019,2020,2021,2022",computed,ADF,logQ,ct,1,-0.7272040162795687,0.9712973486278885,11.0,-5.117513876784373,-3.918385116453794,-3.4113569872276486,,0.9868059075048317
pv__CHN,equipment,pv,CHN,14,13,"2010,2011,2012,2013,2014,2015,2016,2017,2018,2019,2020,2021,2022",computed,ADF,logM,ct,1,-1.9391602866926951,0.6341432512823512,11.0,-5.117513876784373,-3.918385116453794,-3.4113569872276486,,0.9868059075048317
pv__CHN,equipment,pv,CHN,14,13,"2010,2011,2012,2013,2014,2015,2016,2017,2018,2019,2020,2021,2022",computed,Engle_Granger,y~logQ+logM,ct,1,-2.6430203383424042,0.6236553512316391,,-6.512575,-5.197324074074074,-4.629702708333333,,0.8315404683088521
pv__CHN,equipment,pv,CHN,14,13,"2010,2011,2012,2013,2014,2015,2016,2017,2018,2019,2020,2021,2022",computed,ADF,y,c,0,-3.23922459804182,0.017823551357183394,12.0,-4.137829282407408,-3.1549724074074077,-2.7144769444444443,,0.04926119540095912
pv__CHN,equipment,pv,CHN,14,13,"2010,2011,2012,2013,2014,2015,2016,2017,2018,2019,2020,2021,2022",computed,ADF,logQ,c,0,-5.094832507822723,1.4358314158845728e-05,12.0,-4.137829282407408,-3.1549724074074077,-2.7144769444444443,,0.00017229976990614873
pv__CHN,equipment,pv,CHN,14,13,"2010,2011,2012,2013,2014,2015,2016,2017,2018,2019,2020,2021,2022",computed,ADF,logM,c,0,-2.151629631130019,0.22426682945365956,12.0,-4.137829282407408,-3.1549724074074077,-2.7144769444444443,,0.2990224392715461
pv__CHN,equipment,pv,CHN,14,13,"2010,2011,2012,2013,2014,2015,2016,2017,2018,2019,2020,2021,2022",computed,Engle_Granger,y~logQ+logM,c,0,-3.497798526061438,0.09023213446272899,,-5.699761180555555,-4.513427824074074,-3.9958577777777773,,0.18046426892545797
pv__CHN,equipment,pv,CHN,14,13,"2010,2011,2012,2013,2014,2015,2016,2017,2018,2019,2020,2021,2022",computed,ADF,y,ct,0,-1.895525515959554,0.6569846479267962,12.0,-4.988247662037037,-3.865364768518518,-3.382725,,0.8108823496897766
pv__CHN,equipment,pv,CHN,14,13,"2010,2011,2012,2013,2014,2015,2016,2017,2018,2019,2020,2021,2022",computed,ADF,logQ,ct,0,-6.182699226421404,9.001540749851967e-07,12.0,-4.988247662037037,-3.865364768518518,-3.382725,,2.70046222495559e-06
pv__CHN,equipment,pv,CHN,14,13,"2010,2011,2012,2013,2014,2015,2016,2017,2018,2019,2020,2021,2022",computed,ADF,logM,ct,0,-0.9749979783375073,0.9473873400794096,12.0,-4.988247662037037,-3.865364768518518,-3.382725,,0.9473873400794096
pv__CHN,equipment,pv,CHN,14,13,"2010,2011,2012,2013,2014,2015,2016,2017,2018,2019,2020,2021,2022",computed,Engle_Granger,y~logQ+logM,ct,0,-3.524317442187983,0.19002901575012227,,-6.512575,-5.197324074074074,-4.629702708333333,,0.25337202100016304
pv__DEU,equipment,pv,DEU,14,14,"2010,2011,2012,2013,2014,2015,2016,2017,2018,2019,2020,2021,2022,2023",computed,ADF,y,c,1,-1.7610387079013,0.3999691447172848,12.0,-4.137829282407408,-3.1549724074074077,-2.7144769444444443,,0.5999537170759273
pv__DEU,equipment,pv,DEU,14,14,"2010,2011,2012,2013,2014,2015,2016,2017,2018,2019,2020,2021,2022,2023",computed,ADF,logQ,c,1,-0.2976463297050477,0.9258370214906524,12.0,-4.137829282407408,-3.1549724074074077,-2.7144769444444443,,0.9698451033495977
pv__DEU,equipment,pv,DEU,14,14,"2010,2011,2012,2013,2014,2015,2016,2017,2018,2019,2020,2021,2022,2023",computed,ADF,logM,c,1,-3.8620980875470052,0.0023321843167861734,12.0,-4.137829282407408,-3.1549724074074077,-2.7144769444444443,,0.02444723865307573
pv__DEU,equipment,pv,DEU,14,14,"2010,2011,2012,2013,2014,2015,2016,2017,2018,2019,2020,2021,2022,2023",computed,Engle_Granger,y~logQ+logM,c,1,-4.555200542337898,0.004135763153776326,,-5.578985607646791,-4.450844251251707,-3.9522030769230767,,0.016543052615105303
pv__DEU,equipment,pv,DEU,14,14,"2010,2011,2012,2013,2014,2015,2016,2017,2018,2019,2020,2021,2022,2023",computed,ADF,y,ct,1,-3.34697367896133,0.05888620253011757,12.0,-4.988247662037037,-3.865364768518518,-3.382725,,0.14132688607228217
pv__DEU,equipment,pv,DEU,14,14,"2010,2011,2012,2013,2014,2015,2016,2017,2018,2019,2020,2021,2022,2023",computed,ADF,logQ,ct,1,-1.6477527757802986,0.7731792774155382,12.0,-4.988247662037037,-3.865364768518518,-3.382725,,0.9868059075048317
pv__DEU,equipment,pv,DEU,14,14,"2010,2011,2012,2013,2014,2015,2016,2017,2018,2019,2020,2021,2022,2023",computed,ADF,logM,ct,1,-3.9109075902398867,0.011720331579662723,12.0,-4.988247662037037,-3.865364768518518,-3.382725,,0.04688132631865089
pv__DEU,equipment,pv,DEU,14,14,"2010,2011,2012,2013,2014,2015,2016,2017,2018,2019,2020,2021,2022,2023",computed,Engle_Granger,y~logQ+logM,ct,1,-5.221272792087554,0.001311118487242968,,-6.353988643604916,-5.111095175238963,-4.567184510696404,,0.005244473948971872
pv__DEU,equipment,pv,DEU,14,14,"2010,2011,2012,2013,2014,2015,2016,2017,2018,2019,2020,2021,2022,2023",computed,ADF,y,c,0,-3.1578291070722875,0.022559183185924765,13.0,-4.068853732362312,-3.1271488757396453,-2.7017297633136095,,0.04926119540095912
pv__DEU,equipment,pv,DEU,14,14,"2010,2011,2012,2013,2014,2015,2016,2017,2018,2019,2020,2021,2022,2023",computed,ADF,logQ,c,0,-3.704621834317452,0.004048611584745089,13.0,-4.068853732362312,-3.1271488757396453,-2.7017297633136095,,0.016194446338980355
pv__DEU,equipment,pv,DEU,14,14,"2010,2011,2012,2013,2014,2015,2016,2017,2018,2019,2020,2021,2022,2023",computed,ADF,logM,c,0,-2.2865110895081906,0.17635532595037517,13.0,-4.068853732362312,-3.1271488757396453,-2.7017297633136095,,0.2990224392715461
pv__DEU,equipment,pv,DEU,14,14,"2010,2011,2012,2013,2014,2015,2016,2017,2018,2019,2020,2021,2022,2023",computed,Engle_Granger,y~logQ+logM,c,0,-4.986801399223601,0.0008117184909942547,,-5.578985607646791,-4.450844251251707,-3.9522030769230767,,0.003246873963977019
pv__DEU,equipment,pv,DEU,14,14,"2010,2011,2012,2013,2014,2015,2016,2017,2018,2019,2020,2021,2022,2023",computed,ADF,y,ct,0,-3.515757376005462,0.0377347119966793,13.0,-4.8844381383705056,-3.8223332407828856,-3.3593537778789258,,0.09056330879203031
pv__DEU,equipment,pv,DEU,14,14,"2010,2011,2012,2013,2014,2015,2016,2017,2018,2019,2020,2021,2022,2023",computed,ADF,logQ,ct,0,-6.945292785123474,1.8782760712125682e-08,13.0,-4.8844381383705056,-3.8223332407828856,-3.3593537778789258,,8.846133271641411e-08
pv__DEU,equipment,pv,DEU,14,14,"2010,2011,2012,2013,2014,2015,2016,2017,2018,2019,2020,2021,2022,2023",computed,ADF,logM,ct,0,-2.143619624052165,0.5216007006180626,13.0,-4.8844381383705056,-3.8223332407828856,-3.3593537778789258,,0.8108823496897766
pv__DEU,equipment,pv,DEU,14,14,"2010,2011,2012,2013,2014,2015,2016,2017,2018,2019,2020,2021,2022,2023",computed,Engle_Granger,y~logQ+logM,ct,0,-5.00556315323368,0.0030023302896762974,,-6.353988643604916,-5.111095175238963,-4.567184510696404,,0.01200932115870519
pv__JPN,equipment,pv,JPN,10,10,"2010,2011,2012,2013,2014,2015,2016,2017,2018,2019",computed,ADF,y,c,1,-1.6419255915357205,0.4612547932259541,8.0,-4.6651863281249994,-3.3671868750000002,-2.802960625,,0.6099672588585914
pv__JPN,equipment,pv,JPN,10,10,"2010,2011,2012,2013,2014,2015,2016,2017,2018,2019",computed,ADF,logQ,c,1,-1.5506849253306425,0.5083060490488261,8.0,-4.6651863281249994,-3.3671868750000002,-2.802960625,,0.6099672588585914
pv__JPN,equipment,pv,JPN,10,10,"2010,2011,2012,2013,2014,2015,2016,2017,2018,2019",computed,ADF,logM,c,1,-3.46491681863882,0.00893516560073921,8.0,-4.6651863281249994,-3.3671868750000002,-2.802960625,,0.02680549680221763
pv__JPN,equipment,pv,JPN,10,10,"2010,2011,2012,2013,2014,2015,2016,2017,2018,2019",computed,Engle_Granger,y~logQ+logM,c,1,-1.7062961617954748,0.8422709118714132,,-6.242422304526748,-4.787717887517147,-4.188559012345679,,0.8422709118714132
pv__JPN,equipment,pv,JPN,10,10,"2010,2011,2012,2013,2014,2015,2016,2017,2018,2019",computed,ADF,y,ct,1,-0.40242365042837164,0.9868059075048317,8.0,-5.796616484375,-4.18909859375,-3.5552890625,,0.9868059075048317
pv__JPN,equipment,pv,JPN,10,10,"2010,2011,2012,2013,2014,2015,2016,2017,2018,2019",computed,ADF,logQ,ct,1,-0.47095721707946353,0.9845301218378555,8.0,-5.796616484375,-4.18909859375,-3.5552890625,,0.9868059075048317
pv__JPN,equipment,pv,JPN,10,10,"2010,2011,2012,2013,2014,2015,2016,2017,2018,2019",computed,ADF,logM,ct,1,-5.696891455883533,9.292555745615807e-06,8.0,-5.796616484375,-4.18909859375,-3.5552890625,,0.00011151066894738969
pv__JPN,equipment,pv,JPN,10,10,"2010,2011,2012,2013,2014,2015,2016,2017,2018,2019",computed,Engle_Granger,y~logQ+logM,ct,1,-1.756996842841438,0.9349614284499999,,-7.220204732510288,-5.569126611796982,-4.89956720164609,,0.9349614284499999
pv__JPN,equipment,pv,JPN,10,10,"2010,2011,2012,2013,2014,2015,2016,2017,2018,2019",computed,ADF,y,c,0,-1.440743367472838,0.5625949949271597,9.0,-4.473135048010974,-3.28988060356653,-2.7723823456790124,,0.6179945697243667
pv__JPN,equipment,pv,JPN,10,10,"2010,2011,2012,2013,2014,2015,2016,2017,2018,2019",computed,ADF,logQ,c,0,-4.275779523999278,0.000489124918583673,9.0,-4.473135048010974,-3.28988060356653,-2.7723823456790124,,0.0029347495115020377
pv__JPN,equipment,pv,JPN,10,10,"2010,2011,2012,2013,2014,2015,2016,2017,2018,2019",computed,ADF,logM,c,0,-1.4298495692924398,0.5678851845588435,9.0,-4.473135048010974,-3.28988060356653,-2.7723823456790124,,0.6179945697243667
pv__JPN,equipment,pv,JPN,10,10,"2010,2011,2012,2013,2014,2015,2016,2017,2018,2019",computed,Engle_Granger,y~logQ+logM,c,0,-2.4382128410285153,0.5168379880713602,,-6.242422304526748,-4.787717887517147,-4.188559012345679,,0.5168379880713602
pv__JPN,equipment,pv,JPN,10,10,"2010,2011,2012,2013,2014,2015,2016,2017,2018,2019",computed,ADF,y,ct,0,-1.3825775966386264,0.8659549417540664,9.0,-5.4996590260631,-4.072109204389575,-3.493495267489712,,0.9446781182771634
pv__JPN,equipment,pv,JPN,10,10,"2010,2011,2012,2013,2014,2015,2016,2017,2018,2019",computed,ADF,logQ,ct,0,-6.913835096432472,2.211533317910353e-08,9.0,-5.4996590260631,-4.072109204389575,-3.493495267489712,,8.846133271641411e-08
pv__JPN,equipment,pv,JPN,10,10,"2010,2011,2012,2013,2014,2015,2016,2017,2018,2019",computed,ADF,logM,ct,0,-1.8588087945970049,0.6757352914081471,9.0,-5.4996590260631,-4.072109204389575,-3.493495267489712,,0.8108823496897766
pv__JPN,equipment,pv,JPN,10,10,"2010,2011,2012,2013,2014,2015,2016,2017,2018,2019",computed,Engle_Granger,y~logQ+logM,ct,0,-2.5438506577065865,0.674466286570691,,-7.220204732510288,-5.569126611796982,-4.89956720164609,,0.674466286570691
pv__KOR,equipment,pv,KOR,8,4,"2010,2011,2012,2013",not_computed_fewer_than_10_contiguous_years,ADF,y,c,1,,,,,,,,
pv__KOR,equipment,pv,KOR,8,4,"2010,2011,2012,2013",not_computed_fewer_than_10_contiguous_years,ADF,logQ,c,1,,,,,,,,
pv__KOR,equipment,pv,KOR,8,4,"2010,2011,2012,2013",not_computed_fewer_than_10_contiguous_years,ADF,logM,c,1,,,,,,,,
pv__KOR,equipment,pv,KOR,8,4,"2010,2011,2012,2013",not_computed_fewer_than_10_contiguous_years,Engle_Granger,y~logQ+logM,c,1,,,,,,,,
pv__KOR,equipment,pv,KOR,8,4,"2010,2011,2012,2013",not_computed_fewer_than_10_contiguous_years,ADF,y,ct,1,,,,,,,,
pv__KOR,equipment,pv,KOR,8,4,"2010,2011,2012,2013",not_computed_fewer_than_10_contiguous_years,ADF,logQ,ct,1,,,,,,,,
pv__KOR,equipment,pv,KOR,8,4,"2010,2011,2012,2013",not_computed_fewer_than_10_contiguous_years,ADF,logM,ct,1,,,,,,,,
pv__KOR,equipment,pv,KOR,8,4,"2010,2011,2012,2013",not_computed_fewer_than_10_contiguous_years,Engle_Granger,y~logQ+logM,ct,1,,,,,,,,
pv__KOR,equipment,pv,KOR,8,4,"2010,2011,2012,2013",not_computed_fewer_than_10_contiguous_years,ADF,y,c,0,,,,,,,,
pv__KOR,equipment,pv,KOR,8,4,"2010,2011,2012,2013",not_computed_fewer_than_10_contiguous_years,ADF,logQ,c,0,,,,,,,,
pv__KOR,equipment,pv,KOR,8,4,"2010,2011,2012,2013",not_computed_fewer_than_10_contiguous_years,ADF,logM,c,0,,,,,,,,
pv__KOR,equipment,pv,KOR,8,4,"2010,2011,2012,2013",not_computed_fewer_than_10_contiguous_years,Engle_Granger,y~logQ+logM,c,0,,,,,,,,
pv__KOR,equipment,pv,KOR,8,4,"2010,2011,2012,2013",not_computed_fewer_than_10_contiguous_years,ADF,y,ct,0,,,,,,,,
pv__KOR,equipment,pv,KOR,8,4,"2010,2011,2012,2013",not_computed_fewer_than_10_contiguous_years,ADF,logQ,ct,0,,,,,,,,
pv__KOR,equipment,pv,KOR,8,4,"2010,2011,2012,2013",not_computed_fewer_than_10_contiguous_years,ADF,logM,ct,0,,,,,,,,
pv__KOR,equipment,pv,KOR,8,4,"2010,2011,2012,2013",not_computed_fewer_than_10_contiguous_years,Engle_Granger,y~logQ+logM,ct,0,,,,,,,,
pv__USA,equipment,pv,USA,15,15,"2010,2011,2012,2013,2014,2015,2016,2017,2018,2019,2020,2021,2022,2023,2024",computed,ADF,y,c,1,-3.47191203167927,0.008738443260294363,13.0,-4.068853732362312,-3.1271488757396453,-2.7017297633136095,,0.02680549680221763
pv__USA,equipment,pv,USA,15,15,"2010,2011,2012,2013,2014,2015,2016,2017,2018,2019,2020,2021,2022,2023,2024",computed,ADF,logQ,c,1,0.1586570730632604,0.9698451033495977,13.0,-4.068853732362312,-3.1271488757396453,-2.7017297633136095,,0.9698451033495977
pv__USA,equipment,pv,USA,15,15,"2010,2011,2012,2013,2014,2015,2016,2017,2018,2019,2020,2021,2022,2023,2024",computed,ADF,logM,c,1,-2.6845993407192177,0.0767413802543916,13.0,-4.068853732362312,-3.1271488757396453,-2.7017297633136095,,0.1534827605087832
pv__USA,equipment,pv,USA,15,15,"2010,2011,2012,2013,2014,2015,2016,2017,2018,2019,2020,2021,2022,2023,2024",computed,Engle_Granger,y~logQ+logM,c,1,-2.954301694115059,0.2603837784620443,,-5.476916166180757,-4.397486967930029,-3.915027959183673,,0.3471783712827257
pv__USA,equipment,pv,USA,15,15,"2010,2011,2012,2013,2014,2015,2016,2017,2018,2019,2020,2021,2022,2023,2024",computed,ADF,y,ct,1,-3.576476590819193,0.03189228314744868,13.0,-4.8844381383705056,-3.8223332407828856,-3.3593537778789258,,0.09567684944234604
pv__USA,equipment,pv,USA,15,15,"2010,2011,2012,2013,2014,2015,2016,2017,2018,2019,2020,2021,2022,2023,2024",computed,ADF,logQ,ct,1,-1.4381355936961069,0.8493675700108242,13.0,-4.8844381383705056,-3.8223332407828856,-3.3593537778789258,,0.9868059075048317
pv__USA,equipment,pv,USA,15,15,"2010,2011,2012,2013,2014,2015,2016,2017,2018,2019,2020,2021,2022,2023,2024",computed,ADF,logM,ct,1,-4.523078071914702,0.0013835114648407618,13.0,-4.8844381383705056,-3.8223332407828856,-3.3593537778789258,,0.008301068789044571
pv__USA,equipment,pv,USA,15,15,"2010,2011,2012,2013,2014,2015,2016,2017,2018,2019,2020,2021,2022,2023,2024",computed,Engle_Granger,y~logQ+logM,ct,1,-4.0491032175974615,0.0599468984296204,,-6.219734693877551,-5.037257580174927,-4.51361721574344,,0.1198937968592408
pv__USA,equipment,pv,USA,15,15,"2010,2011,2012,2013,2014,2015,2016,2017,2018,2019,2020,2021,2022,2023,2024",computed,ADF,y,c,0,-2.2110389930874033,0.20226336292199926,14.0,-4.01203360058309,-3.1041838775510207,-2.6909873469387753,,0.2990224392715461
pv__USA,equipment,pv,USA,15,15,"2010,2011,2012,2013,2014,2015,2016,2017,2018,2019,2020,2021,2022,2023,2024",computed,ADF,logQ,c,0,-3.1268259596474715,0.02463059770047956,14.0,-4.01203360058309,-3.1041838775510207,-2.6909873469387753,,0.04926119540095912
pv__USA,equipment,pv,USA,15,15,"2010,2011,2012,2013,2014,2015,2016,2017,2018,2019,2020,2021,2022,2023,2024",computed,ADF,logM,c,0,-1.324275074043016,0.6179945697243667,14.0,-4.01203360058309,-3.1041838775510207,-2.6909873469387753,,0.6179945697243667
pv__USA,equipment,pv,USA,15,15,"2010,2011,2012,2013,2014,2015,2016,2017,2018,2019,2020,2021,2022,2023,2024",computed,Engle_Granger,y~logQ+logM,c,0,-2.475016811744053,0.49717069461330826,,-5.476916166180757,-4.397486967930029,-3.915027959183673,,0.5168379880713602
pv__USA,equipment,pv,USA,15,15,"2010,2011,2012,2013,2014,2015,2016,2017,2018,2019,2020,2021,2022,2023,2024",computed,ADF,y,ct,0,-2.2247769597782145,0.4759191538201018,14.0,-4.7993511224489795,-3.7867277551020404,-3.339917201166181,,0.8108823496897766
pv__USA,equipment,pv,USA,15,15,"2010,2011,2012,2013,2014,2015,2016,2017,2018,2019,2020,2021,2022,2023,2024",computed,ADF,logQ,ct,0,-7.089203848019437,8.869947303911407e-09,14.0,-4.7993511224489795,-3.7867277551020404,-3.339917201166181,,8.846133271641411e-08
pv__USA,equipment,pv,USA,15,15,"2010,2011,2012,2013,2014,2015,2016,2017,2018,2019,2020,2021,2022,2023,2024",computed,ADF,logM,ct,0,-1.9112038244178642,0.6488436447082048,14.0,-4.7993511224489795,-3.7867277551020404,-3.339917201166181,,0.8108823496897766
pv__USA,equipment,pv,USA,15,15,"2010,2011,2012,2013,2014,2015,2016,2017,2018,2019,2020,2021,2022,2023,2024",computed,Engle_Granger,y~logQ+logM,ct,0,-4.086983237264793,0.05441431026015356,,-6.219734693877551,-5.037257580174927,-4.51361721574344,,0.10882862052030712
wind__DEU_spliced_proxy,equipment,wind,DEU_spliced_proxy,15,15,"2010,2011,2012,2013,2014,2015,2016,2017,2018,2019,2020,2021,2022,2023,2024",computed,ADF,y,c,1,-1.7100010365457665,0.4259671482480757,13.0,-4.068853732362312,-3.1271488757396453,-2.7017297633136095,,0.6056258720463633
wind__DEU_spliced_proxy,equipment,wind,DEU_spliced_proxy,15,15,"2010,2011,2012,2013,2014,2015,2016,2017,2018,2019,2020,2021,2022,2023,2024",computed,ADF,logQ,c,1,-1.5981938611459579,0.48450069763709064,13.0,-4.068853732362312,-3.1271488757396453,-2.7017297633136095,,0.6056258720463633
wind__DEU_spliced_proxy,equipment,wind,DEU_spliced_proxy,15,15,"2010,2011,2012,2013,2014,2015,2016,2017,2018,2019,2020,2021,2022,2023,2024",computed,Engle_Granger,y~logQ,c,1,-1.4072874782537643,0.7950043817708059,,-4.849774693877551,-3.80737693877551,-3.361270408163265,,0.8821645727585055
wind__DEU_spliced_proxy,equipment,wind,DEU_spliced_proxy,15,15,"2010,2011,2012,2013,2014,2015,2016,2017,2018,2019,2020,2021,2022,2023,2024",computed,ADF,y,ct,1,-0.10236214126146237,0.9930352683390222,13.0,-4.8844381383705056,-3.8223332407828856,-3.3593537778789258,,0.9930352683390222
wind__DEU_spliced_proxy,equipment,wind,DEU_spliced_proxy,15,15,"2010,2011,2012,2013,2014,2015,2016,2017,2018,2019,2020,2021,2022,2023,2024",computed,ADF,logQ,ct,1,-2.5357422024273832,0.310328833267111,13.0,-4.8844381383705056,-3.8223332407828856,-3.3593537778789258,,0.9930352683390222
wind__DEU_spliced_proxy,equipment,wind,DEU_spliced_proxy,15,15,"2010,2011,2012,2013,2014,2015,2016,2017,2018,2019,2020,2021,2022,2023,2024",computed,Engle_Granger,y~logQ,ct,1,-1.4710772471793012,0.9259807408943838,,-5.612419999999999,-4.521500612244898,-4.03261247813411,,0.9259807408943838
wind__DEU_spliced_proxy,equipment,wind,DEU_spliced_proxy,15,15,"2010,2011,2012,2013,2014,2015,2016,2017,2018,2019,2020,2021,2022,2023,2024",computed,ADF,y,c,0,-1.6585817679338053,0.45256871227514506,14.0,-4.01203360058309,-3.1041838775510207,-2.6909873469387753,,0.6735919794654712
wind__DEU_spliced_proxy,equipment,wind,DEU_spliced_proxy,15,15,"2010,2011,2012,2013,2014,2015,2016,2017,2018,2019,2020,2021,2022,2023,2024",computed,ADF,logQ,c,0,-3.233552130506557,0.01812286270944406,14.0,-4.01203360058309,-3.1041838775510207,-2.6909873469387753,,0.09061431354722028
wind__DEU_spliced_proxy,equipment,wind,DEU_spliced_proxy,15,15,"2010,2011,2012,2013,2014,2015,2016,2017,2018,2019,2020,2021,2022,2023,2024",computed,Engle_Granger,y~logQ,c,0,-0.9818846358174679,0.9062294297857663,,-4.849774693877551,-3.80737693877551,-3.361270408163265,,0.9702264787175163
wind__DEU_spliced_proxy,equipment,wind,DEU_spliced_proxy,15,15,"2010,2011,2012,2013,2014,2015,2016,2017,2018,2019,2020,2021,2022,2023,2024",computed,ADF,y,ct,0,0.044289225696642856,0.9946547537553883,14.0,-4.7993511224489795,-3.7867277551020404,-3.339917201166181,,0.9960029590501293
wind__DEU_spliced_proxy,equipment,wind,DEU_spliced_proxy,15,15,"2010,2011,2012,2013,2014,2015,2016,2017,2018,2019,2020,2021,2022,2023,2024",computed,ADF,logQ,ct,0,-2.9908116847987687,0.1346679700083246,14.0,-4.7993511224489795,-3.7867277551020404,-3.339917201166181,,0.6733398500416229
wind__DEU_spliced_proxy,equipment,wind,DEU_spliced_proxy,15,15,"2010,2011,2012,2013,2014,2015,2016,2017,2018,2019,2020,2021,2022,2023,2024",computed,Engle_Granger,y~logQ,ct,0,-1.0885179131065394,0.9718614466920078,,-5.612419999999999,-4.521500612244898,-4.03261247813411,,0.9821236811023941
wind__DNK_vestas_proxy,equipment,wind,DNK_vestas_proxy,15,15,"2010,2011,2012,2013,2014,2015,2016,2017,2018,2019,2020,2021,2022,2023,2024",computed,ADF,y,c,1,-1.8435296061077484,0.3590744711484257,13.0,-4.068853732362312,-3.1271488757396453,-2.7017297633136095,,0.6056258720463633
wind__DNK_vestas_proxy,equipment,wind,DNK_vestas_proxy,15,15,"2010,2011,2012,2013,2014,2015,2016,2017,2018,2019,2020,2021,2022,2023,2024",computed,ADF,logQ,c,1,-1.5981938611459579,0.48450069763709064,13.0,-4.068853732362312,-3.1271488757396453,-2.7017297633136095,,0.6056258720463633
wind__DNK_vestas_proxy,equipment,wind,DNK_vestas_proxy,15,15,"2010,2011,2012,2013,2014,2015,2016,2017,2018,2019,2020,2021,2022,2023,2024",computed,Engle_Granger,y~logQ,c,1,-1.2957396467522866,0.8310175029953493,,-4.849774693877551,-3.80737693877551,-3.361270408163265,,0.8821645727585055
wind__DNK_vestas_proxy,equipment,wind,DNK_vestas_proxy,15,15,"2010,2011,2012,2013,2014,2015,2016,2017,2018,2019,2020,2021,2022,2023,2024",computed,ADF,y,ct,1,-0.5306747553302602,0.9821811454178999,13.0,-4.8844381383705056,-3.8223332407828856,-3.3593537778789258,,0.9930352683390222
wind__DNK_vestas_proxy,equipment,wind,DNK_vestas_proxy,15,15,"2010,2011,2012,2013,2014,2015,2016,2017,2018,2019,2020,2021,2022,2023,2024",computed,ADF,logQ,ct,1,-2.5357422024273832,0.310328833267111,13.0,-4.8844381383705056,-3.8223332407828856,-3.3593537778789258,,0.9930352683390222
wind__DNK_vestas_proxy,equipment,wind,DNK_vestas_proxy,15,15,"2010,2011,2012,2013,2014,2015,2016,2017,2018,2019,2020,2021,2022,2023,2024",computed,Engle_Granger,y~logQ,ct,1,-1.7962159850027426,0.8463854690448387,,-5.612419999999999,-4.521500612244898,-4.03261247813411,,0.9259807408943838
wind__DNK_vestas_proxy,equipment,wind,DNK_vestas_proxy,15,15,"2010,2011,2012,2013,2014,2015,2016,2017,2018,2019,2020,2021,2022,2023,2024",computed,ADF,y,c,0,-1.4891461581936467,0.538873583572377,14.0,-4.01203360058309,-3.1041838775510207,-2.6909873469387753,,0.6735919794654712
wind__DNK_vestas_proxy,equipment,wind,DNK_vestas_proxy,15,15,"2010,2011,2012,2013,2014,2015,2016,2017,2018,2019,2020,2021,2022,2023,2024",computed,ADF,logQ,c,0,-3.233552130506557,0.01812286270944406,14.0,-4.01203360058309,-3.1041838775510207,-2.6909873469387753,,0.09061431354722028
wind__DNK_vestas_proxy,equipment,wind,DNK_vestas_proxy,15,15,"2010,2011,2012,2013,2014,2015,2016,2017,2018,2019,2020,2021,2022,2023,2024",computed,Engle_Granger,y~logQ,c,0,-1.0055513656168653,0.9017892943619354,,-4.849774693877551,-3.80737693877551,-3.361270408163265,,0.9702264787175163
wind__DNK_vestas_proxy,equipment,wind,DNK_vestas_proxy,15,15,"2010,2011,2012,2013,2014,2015,2016,2017,2018,2019,2020,2021,2022,2023,2024",computed,ADF,y,ct,0,-0.5030532719301094,0.9833136082203272,14.0,-4.7993511224489795,-3.7867277551020404,-3.339917201166181,,0.9960029590501293
wind__DNK_vestas_proxy,equipment,wind,DNK_vestas_proxy,15,15,"2010,2011,2012,2013,2014,2015,2016,2017,2018,2019,2020,2021,2022,2023,2024",computed,ADF,logQ,ct,0,-2.9908116847987687,0.1346679700083246,14.0,-4.7993511224489795,-3.7867277551020404,-3.339917201166181,,0.6733398500416229
wind__DNK_vestas_proxy,equipment,wind,DNK_vestas_proxy,15,15,"2010,2011,2012,2013,2014,2015,2016,2017,2018,2019,2020,2021,2022,2023,2024",computed,Engle_Granger,y~logQ,ct,0,-1.4569625314613937,0.9284548448333492,,-5.612419999999999,-4.521500612244898,-4.03261247813411,,0.9821236811023941
wind__china_domestic,equipment,wind,china_domestic,15,15,"2010,2011,2012,2013,2014,2015,2016,2017,2018,2019,2020,2021,2022,2023,2024",computed,ADF,y,c,1,0.4669352739531869,0.9838327060731717,13.0,-4.068853732362312,-3.1271488757396453,-2.7017297633136095,,0.9838327060731717
wind__china_domestic,equipment,wind,china_domestic,15,15,"2010,2011,2012,2013,2014,2015,2016,2017,2018,2019,2020,2021,2022,2023,2024",computed,ADF,logQ,c,1,-1.5981938611459579,0.48450069763709064,13.0,-4.068853732362312,-3.1271488757396453,-2.7017297633136095,,0.6056258720463633
wind__china_domestic,equipment,wind,china_domestic,15,15,"2010,2011,2012,2013,2014,2015,2016,2017,2018,2019,2020,2021,2022,2023,2024",computed,Engle_Granger,y~logQ,c,1,-2.1369310100655303,0.4570844330069649,,-4.849774693877551,-3.80737693877551,-3.361270408163265,,0.8821645727585055
wind__china_domestic,equipment,wind,china_domestic,15,15,"2010,2011,2012,2013,2014,2015,2016,2017,2018,2019,2020,2021,2022,2023,2024",computed,ADF,y,ct,1,-1.4507448394252118,0.8453953426247878,13.0,-4.8844381383705056,-3.8223332407828856,-3.3593537778789258,,0.9930352683390222
wind__china_domestic,equipment,wind,china_domestic,15,15,"2010,2011,2012,2013,2014,2015,2016,2017,2018,2019,2020,2021,2022,2023,2024",computed,ADF,logQ,ct,1,-2.5357422024273832,0.310328833267111,13.0,-4.8844381383705056,-3.8223332407828856,-3.3593537778789258,,0.9930352683390222
wind__china_domestic,equipment,wind,china_domestic,15,15,"2010,2011,2012,2013,2014,2015,2016,2017,2018,2019,2020,2021,2022,2023,2024",computed,Engle_Granger,y~logQ,ct,1,-2.5283288457667594,0.5045991044292958,,-5.612419999999999,-4.521500612244898,-4.03261247813411,,0.9259807408943838
wind__china_domestic,equipment,wind,china_domestic,15,15,"2010,2011,2012,2013,2014,2015,2016,2017,2018,2019,2020,2021,2022,2023,2024",computed,ADF,y,c,0,2.1261455438400154,0.9988160242672014,14.0,-4.01203360058309,-3.1041838775510207,-2.6909873469387753,,0.9988160242672014
wind__china_domestic,equipment,wind,china_domestic,15,15,"2010,2011,2012,2013,2014,2015,2016,2017,2018,2019,2020,2021,2022,2023,2024",computed,ADF,logQ,c,0,-3.233552130506557,0.01812286270944406,14.0,-4.01203360058309,-3.1041838775510207,-2.6909873469387753,,0.09061431354722028
wind__china_domestic,equipment,wind,china_domestic,15,15,"2010,2011,2012,2013,2014,2015,2016,2017,2018,2019,2020,2021,2022,2023,2024",computed,Engle_Granger,y~logQ,c,0,-0.4087935131181935,0.9702264787175163,,-4.849774693877551,-3.80737693877551,-3.361270408163265,,0.9702264787175163
wind__china_domestic,equipment,wind,china_domestic,15,15,"2010,2011,2012,2013,2014,2015,2016,2017,2018,2019,2020,2021,2022,2023,2024",computed,ADF,y,ct,0,0.2422367023772102,0.9960029590501293,14.0,-4.7993511224489795,-3.7867277551020404,-3.339917201166181,,0.9960029590501293
wind__china_domestic,equipment,wind,china_domestic,15,15,"2010,2011,2012,2013,2014,2015,2016,2017,2018,2019,2020,2021,2022,2023,2024",computed,ADF,logQ,ct,0,-2.9908116847987687,0.1346679700083246,14.0,-4.7993511224489795,-3.7867277551020404,-3.339917201166181,,0.6733398500416229
wind__china_domestic,equipment,wind,china_domestic,15,15,"2010,2011,2012,2013,2014,2015,2016,2017,2018,2019,2020,2021,2022,2023,2024",computed,Engle_Granger,y~logQ,ct,0,-0.9158198907193714,0.9821236811023941,,-5.612419999999999,-4.521500612244898,-4.03261247813411,,0.9821236811023941
wind__USA_LBNL_WM_chain,equipment,wind,USA_LBNL_WM_chain,15,15,"2010,2011,2012,2013,2014,2015,2016,2017,2018,2019,2020,2021,2022,2023,2024",computed,ADF,y,c,1,-2.0231776972017603,0.276503853020955,13.0,-4.068853732362312,-3.1271488757396453,-2.7017297633136095,,0.6056258720463633
wind__USA_LBNL_WM_chain,equipment,wind,USA_LBNL_WM_chain,15,15,"2010,2011,2012,2013,2014,2015,2016,2017,2018,2019,2020,2021,2022,2023,2024",computed,ADF,logQ,c,1,-1.5981938611459579,0.48450069763709064,13.0,-4.068853732362312,-3.1271488757396453,-2.7017297633136095,,0.6056258720463633
wind__USA_LBNL_WM_chain,equipment,wind,USA_LBNL_WM_chain,15,15,"2010,2011,2012,2013,2014,2015,2016,2017,2018,2019,2020,2021,2022,2023,2024",computed,Engle_Granger,y~logQ,c,1,-1.100075675774841,0.8821645727585055,,-4.849774693877551,-3.80737693877551,-3.361270408163265,,0.8821645727585055
wind__USA_LBNL_WM_chain,equipment,wind,USA_LBNL_WM_chain,15,15,"2010,2011,2012,2013,2014,2015,2016,2017,2018,2019,2020,2021,2022,2023,2024",computed,ADF,y,ct,1,-0.2886250996421725,0.9897748373548815,13.0,-4.8844381383705056,-3.8223332407828856,-3.3593537778789258,,0.9930352683390222
wind__USA_LBNL_WM_chain,equipment,wind,USA_LBNL_WM_chain,15,15,"2010,2011,2012,2013,2014,2015,2016,2017,2018,2019,2020,2021,2022,2023,2024",computed,ADF,logQ,ct,1,-2.5357422024273832,0.310328833267111,13.0,-4.8844381383705056,-3.8223332407828856,-3.3593537778789258,,0.9930352683390222
wind__USA_LBNL_WM_chain,equipment,wind,USA_LBNL_WM_chain,15,15,"2010,2011,2012,2013,2014,2015,2016,2017,2018,2019,2020,2021,2022,2023,2024",computed,Engle_Granger,y~logQ,ct,1,-1.5967517234165323,0.9005912439506365,,-5.612419999999999,-4.521500612244898,-4.03261247813411,,0.9259807408943838
wind__USA_LBNL_WM_chain,equipment,wind,USA_LBNL_WM_chain,15,15,"2010,2011,2012,2013,2014,2015,2016,2017,2018,2019,2020,2021,2022,2023,2024",computed,ADF,y,c,0,-2.131915092410228,0.2318764907229307,14.0,-4.01203360058309,-3.1041838775510207,-2.6909873469387753,,0.5796912268073268
wind__USA_LBNL_WM_chain,equipment,wind,USA_LBNL_WM_chain,15,15,"2010,2011,2012,2013,2014,2015,2016,2017,2018,2019,2020,2021,2022,2023,2024",computed,ADF,logQ,c,0,-3.233552130506557,0.01812286270944406,14.0,-4.01203360058309,-3.1041838775510207,-2.6909873469387753,,0.09061431354722028
wind__USA_LBNL_WM_chain,equipment,wind,USA_LBNL_WM_chain,15,15,"2010,2011,2012,2013,2014,2015,2016,2017,2018,2019,2020,2021,2022,2023,2024",computed,Engle_Granger,y~logQ,c,0,-1.4607330316740563,0.7759393444168701,,-4.849774693877551,-3.80737693877551,-3.361270408163265,,0.9702264787175163
wind__USA_LBNL_WM_chain,equipment,wind,USA_LBNL_WM_chain,15,15,"2010,2011,2012,2013,2014,2015,2016,2017,2018,2019,2020,2021,2022,2023,2024",computed,ADF,y,ct,0,-1.095818044713796,0.9297632194179888,14.0,-4.7993511224489795,-3.7867277551020404,-3.339917201166181,,0.9960029590501293
wind__USA_LBNL_WM_chain,equipment,wind,USA_LBNL_WM_chain,15,15,"2010,2011,2012,2013,2014,2015,2016,2017,2018,2019,2020,2021,2022,2023,2024",computed,ADF,logQ,ct,0,-2.9908116847987687,0.1346679700083246,14.0,-4.7993511224489795,-3.7867277551020404,-3.339917201166181,,0.6733398500416229
wind__USA_LBNL_WM_chain,equipment,wind,USA_LBNL_WM_chain,15,15,"2010,2011,2012,2013,2014,2015,2016,2017,2018,2019,2020,2021,2022,2023,2024",computed,Engle_Granger,y~logQ,ct,0,-1.9316020591583354,0.798935623493003,,-5.612419999999999,-4.521500612244898,-4.03261247813411,,0.9821236811023941
pv__AUS__balance,balance,pv,AUS,15,15,"2010,2011,2012,2013,2014,2015,2016,2017,2018,2019,2020,2021,2022,2023,2024",computed,ADF,y,c,1,-2.3046180997184744,0.1704828681837272,13.0,-4.068853732362312,-3.1271488757396453,-2.7017297633136095,,0.6581022384403115
pv__AUS__balance,balance,pv,AUS,15,15,"2010,2011,2012,2013,2014,2015,2016,2017,2018,2019,2020,2021,2022,2023,2024",computed,ADF,logQ,c,1,0.1586570730632604,0.9698451033495977,13.0,-4.068853732362312,-3.1271488757396453,-2.7017297633136095,,0.9807559768084256
pv__AUS__balance,balance,pv,AUS,15,15,"2010,2011,2012,2013,2014,2015,2016,2017,2018,2019,2020,2021,2022,2023,2024",computed,Engle_Granger,y~logQ,c,1,-3.070588446253133,0.09436418110947548,,-4.849774693877551,-3.80737693877551,-3.361270408163265,,0.2830925433284264
pv__AUS__balance,balance,pv,AUS,15,15,"2010,2011,2012,2013,2014,2015,2016,2017,2018,2019,2020,2021,2022,2023,2024",computed,ADF,y,ct,1,-1.4765721003224632,0.8370164319943056,13.0,-4.8844381383705056,-3.8223332407828856,-3.3593537778789258,,0.9859789116044086
pv__AUS__balance,balance,pv,AUS,15,15,"2010,2011,2012,2013,2014,2015,2016,2017,2018,2019,2020,2021,2022,2023,2024",computed,ADF,logQ,ct,1,-1.4381355936961069,0.8493675700108242,13.0,-4.8844381383705056,-3.8223332407828856,-3.3593537778789258,,0.9859789116044086
pv__AUS__balance,balance,pv,AUS,15,15,"2010,2011,2012,2013,2014,2015,2016,2017,2018,2019,2020,2021,2022,2023,2024",computed,Engle_Granger,y~logQ,ct,1,-2.850264919248103,0.33330439573884835,,-5.612419999999999,-4.521500612244898,-4.03261247813411,,0.7384803423040738
pv__AUS__balance,balance,pv,AUS,15,15,"2010,2011,2012,2013,2014,2015,2016,2017,2018,2019,2020,2021,2022,2023,2024",computed,ADF,y,c,0,-1.3358245721380575,0.6126273947363354,14.0,-4.01203360058309,-3.1041838775510207,-2.6909873469387753,,0.8168365263151139
pv__AUS__balance,balance,pv,AUS,15,15,"2010,2011,2012,2013,2014,2015,2016,2017,2018,2019,2020,2021,2022,2023,2024",computed,ADF,logQ,c,0,-3.1268259596474715,0.02463059770047956,14.0,-4.01203360058309,-3.1041838775510207,-2.6909873469387753,,0.09852239080191824
pv__AUS__balance,balance,pv,AUS,15,15,"2010,2011,2012,2013,2014,2015,2016,2017,2018,2019,2020,2021,2022,2023,2024",computed,Engle_Granger,y~logQ,c,0,-2.8687701280934377,0.14478100842103891,,-4.849774693877551,-3.80737693877551,-3.361270408163265,,0.43434302526311674
pv__AUS__balance,balance,pv,AUS,15,15,"2010,2011,2012,2013,2014,2015,2016,2017,2018,2019,2020,2021,2022,2023,2024",computed,ADF,y,ct,0,-1.5946027234670355,0.7945387664487733,14.0,-4.7993511224489795,-3.7867277551020404,-3.339917201166181,,0.9235062672670934
pv__AUS__balance,balance,pv,AUS,15,15,"2010,2011,2012,2013,2014,2015,2016,2017,2018,2019,2020,2021,2022,2023,2024",computed,ADF,logQ,ct,0,-7.089203848019437,8.869947303911407e-09,14.0,-4.7993511224489795,-3.7867277551020404,-3.339917201166181,,1.0643936764693688e-07
pv__AUS__balance,balance,pv,AUS,15,15,"2010,2011,2012,2013,2014,2015,2016,2017,2018,2019,2020,2021,2022,2023,2024",computed,Engle_Granger,y~logQ,ct,0,-2.47551250168358,0.5338236304286145,,-5.612419999999999,-4.521500612244898,-4.03261247813411,,0.9882691717287072
pv__BRA__balance,balance,pv,BRA,13,12,"2013,2014,2015,2016,2017,2018,2019,2020,2021,2022,2023,2024",computed,ADF,y,c,1,-2.4173021417569407,0.13691243626724886,10.0,-4.331573,-3.23295,-2.7487,,0.6581022384403115
pv__BRA__balance,balance,pv,BRA,13,12,"2013,2014,2015,2016,2017,2018,2019,2020,2021,2022,2023,2024",computed,ADF,logQ,c,1,0.2680891285328446,0.975832122293727,10.0,-4.331573,-3.23295,-2.7487,,0.9807559768084256
pv__BRA__balance,balance,pv,BRA,13,12,"2013,2014,2015,2016,2017,2018,2019,2020,2021,2022,2023,2024",computed,Engle_Granger,y~logQ,c,1,-3.2995947654460047,0.054790457233148016,,-5.169149917355372,-3.9479820661157023,-3.4524929752066114,,0.2830925433284264
pv__BRA__balance,balance,pv,BRA,13,12,"2013,2014,2015,2016,2017,2018,2019,2020,2021,2022,2023,2024",computed,ADF,y,ct,1,-2.636248602823488,0.2634926597902648,10.0,-5.282515,-3.985264,-3.4472400000000003,,0.9859789116044086
pv__BRA__balance,balance,pv,BRA,13,12,"2013,2014,2015,2016,2017,2018,2019,2020,2021,2022,2023,2024",computed,ADF,logQ,ct,1,-2.8002147940070388,0.19686556169334335,10.0,-5.282515,-3.985264,-3.4472400000000003,,0.9859789116044086
pv__BRA__balance,balance,pv,BRA,13,12,"2013,2014,2015,2016,2017,2018,2019,2020,2021,2022,2023,2024",computed,Engle_Granger,y~logQ,ct,1,-3.3841824247186407,0.12796924019574274,,-6.026005950413223,-4.7449551239669425,-4.185932464312547,,0.5758615808808424
pv__BRA__balance,balance,pv,BRA,13,12,"2013,2014,2015,2016,2017,2018,2019,2020,2021,2022,2023,2024",computed,ADF,y,c,0,-1.339107422851564,0.6110962263651517,11.0,-4.223238279489106,-3.189368925619835,-2.729839421487603,,0.8168365263151139
pv__BRA__balance,balance,pv,BRA,13,12,"2013,2014,2015,2016,2017,2018,2019,2020,2021,2022,2023,2024",computed,ADF,logQ,c,0,-0.23276473098901226,0.9345017853964749,11.0,-4.223238279489106,-3.189368925619835,-2.729839421487603,,0.9345017853964749
pv__BRA__balance,balance,pv,BRA,13,12,"2013,2014,2015,2016,2017,2018,2019,2020,2021,2022,2023,2024",computed,Engle_Granger,y~logQ,c,0,-2.9806798568125545,0.11486960122779177,,-5.169149917355372,-3.9479820661157023,-3.4524929752066114,,0.43434302526311674
pv__BRA__balance,balance,pv,BRA,13,12,"2013,2014,2015,2016,2017,2018,2019,2020,2021,2022,2023,2024",computed,ADF,y,ct,0,-2.564292619984797,0.29659757332767567,11.0,-5.117513876784373,-3.918385116453794,-3.4113569872276486,,0.7712673249211472
pv__BRA__balance,balance,pv,BRA,13,12,"2013,2014,2015,2016,2017,2018,2019,2020,2021,2022,2023,2024",computed,ADF,logQ,ct,0,-1.4471129893824353,0.8465474116615023,11.0,-5.117513876784373,-3.918385116453794,-3.4113569872276486,,0.9235062672670934
pv__BRA__balance,balance,pv,BRA,13,12,"2013,2014,2015,2016,2017,2018,2019,2020,2021,2022,2023,2024",computed,Engle_Granger,y~logQ,ct,0,-2.923579262424899,0.298154683878066,,-6.026005950413223,-4.7449551239669425,-4.185932464312547,,0.9882691717287072
pv__CHN__balance,balance,pv,CHN,15,15,"2010,2011,2012,2013,2014,2015,2016,2017,2018,2019,2020,2021,2022,2023,2024",computed,ADF,y,c,1,-1.491756686624701,0.5375851754586826,13.0,-4.068853732362312,-3.1271488757396453,-2.7017297633136095,,0.8063777631880239
pv__CHN__balance,balance,pv,CHN,15,15,"2010,2011,2012,2013,2014,2015,2016,2017,2018,2019,2020,2021,2022,2023,2024",computed,ADF,logQ,c,1,0.1586570730632604,0.9698451033495977,13.0,-4.068853732362312,-3.1271488757396453,-2.7017297633136095,,0.9807559768084256
pv__CHN__balance,balance,pv,CHN,15,15,"2010,2011,2012,2013,2014,2015,2016,2017,2018,2019,2020,2021,2022,2023,2024",computed,Engle_Granger,y~logQ,c,1,-2.7328186455988748,0.18799770173302033,,-4.849774693877551,-3.80737693877551,-3.361270408163265,,0.33074286710118145
pv__CHN__balance,balance,pv,CHN,15,15,"2010,2011,2012,2013,2014,2015,2016,2017,2018,2019,2020,2021,2022,2023,2024",computed,ADF,y,ct,1,-1.7086844828699557,0.7470405778346995,13.0,-4.8844381383705056,-3.8223332407828856,-3.3593537778789258,,0.9859789116044086
pv__CHN__balance,balance,pv,CHN,15,15,"2010,2011,2012,2013,2014,2015,2016,2017,2018,2019,2020,2021,2022,2023,2024",computed,ADF,logQ,ct,1,-1.4381355936961069,0.8493675700108242,13.0,-4.8844381383705056,-3.8223332407828856,-3.3593537778789258,,0.9859789116044086
pv__CHN__balance,balance,pv,CHN,15,15,"2010,2011,2012,2013,2014,2015,2016,2017,2018,2019,2020,2021,2022,2023,2024",computed,Engle_Granger,y~logQ,ct,1,-2.1300657903815994,0.7139730127319324,,-5.612419999999999,-4.521500612244898,-4.03261247813411,,0.8830853937017902
pv__CHN__balance,balance,pv,CHN,15,15,"2010,2011,2012,2013,2014,2015,2016,2017,2018,2019,2020,2021,2022,2023,2024",computed,ADF,y,c,0,-0.790682670475795,0.8218436532455433,14.0,-4.01203360058309,-3.1041838775510207,-2.6909873469387753,,0.9345017853964749
pv__CHN__balance,balance,pv,CHN,15,15,"2010,2011,2012,2013,2014,2015,2016,2017,2018,2019,2020,2021,2022,2023,2024",computed,ADF,logQ,c,0,-3.1268259596474715,0.02463059770047956,14.0,-4.01203360058309,-3.1041838775510207,-2.6909873469387753,,0.09852239080191824
pv__CHN__balance,balance,pv,CHN,15,15,"2010,2011,2012,2013,2014,2015,2016,2017,2018,2019,2020,2021,2022,2023,2024",computed,Engle_Granger,y~logQ,c,0,-2.5315249781607263,0.26534535075412213,,-4.849774693877551,-3.80737693877551,-3.361270408163265,,0.44604653035047426
pv__CHN__balance,balance,pv,CHN,15,15,"2010,2011,2012,2013,2014,2015,2016,2017,2018,2019,2020,2021,2022,2023,2024",computed,ADF,y,ct,0,-1.545252509287021,0.8131359963255428,14.0,-4.7993511224489795,-3.7867277551020404,-3.339917201166181,,0.9235062672670934
pv__CHN__balance,balance,pv,CHN,15,15,"2010,2011,2012,2013,2014,2015,2016,2017,2018,2019,2020,2021,2022,2023,2024",computed,ADF,logQ,ct,0,-7.089203848019437,8.869947303911407e-09,14.0,-4.7993511224489795,-3.7867277551020404,-3.339917201166181,,1.0643936764693688e-07
pv__CHN__balance,balance,pv,CHN,15,15,"2010,2011,2012,2013,2014,2015,2016,2017,2018,2019,2020,2021,2022,2023,2024",computed,Engle_Granger,y~logQ,ct,0,-1.5376432146375008,0.9133097773202961,,-5.612419999999999,-4.521500612244898,-4.03261247813411,,0.9882691717287072
pv__DEU__balance,balance,pv,DEU,15,15,"2010,2011,2012,2013,2014,2015,2016,2017,2018,2019,2020,2021,2022,2023,2024",computed,ADF,y,c,1,-1.6002891028165964,0.4834482416019072,13.0,-4.068853732362312,-3.1271488757396453,-2.7017297633136095,,0.8063777631880239
pv__DEU__balance,balance,pv,DEU,15,15,"2010,2011,2012,2013,2014,2015,2016,2017,2018,2019,2020,2021,2022,2023,2024",computed,ADF,logQ,c,1,0.1586570730632604,0.9698451033495977,13.0,-4.068853732362312,-3.1271488757396453,-2.7017297633136095,,0.9807559768084256
pv__DEU__balance,balance,pv,DEU,15,15,"2010,2011,2012,2013,2014,2015,2016,2017,2018,2019,2020,2021,2022,2023,2024",computed,Engle_Granger,y~logQ,c,1,-2.747765503946964,0.1828712073262569,,-4.849774693877551,-3.80737693877551,-3.361270408163265,,0.33074286710118145
pv__DEU__balance,balance,pv,DEU,15,15,"2010,2011,2012,2013,2014,2015,2016,2017,2018,2019,2020,2021,2022,2023,2024",computed,ADF,y,ct,1,-2.1066854764792184,0.5423510103535497,13.0,-4.8844381383705056,-3.8223332407828856,-3.3593537778789258,,0.9859789116044086
pv__DEU__balance,balance,pv,DEU,15,15,"2010,2011,2012,2013,2014,2015,2016,2017,2018,2019,2020,2021,2022,2023,2024",computed,ADF,logQ,ct,1,-1.4381355936961069,0.8493675700108242,13.0,-4.8844381383705056,-3.8223332407828856,-3.3593537778789258,,0.9859789116044086
pv__DEU__balance,balance,pv,DEU,15,15,"2010,2011,2012,2013,2014,2015,2016,2017,2018,2019,2020,2021,2022,2023,2024",computed,Engle_Granger,y~logQ,ct,1,-3.39547934959862,0.12493392687128296,,-5.612419999999999,-4.521500612244898,-4.03261247813411,,0.5758615808808424
pv__DEU__balance,balance,pv,DEU,15,15,"2010,2011,2012,2013,2014,2015,2016,2017,2018,2019,2020,2021,2022,2023,2024",computed,ADF,y,c,0,-1.681083517833429,0.4408842228411909,14.0,-4.01203360058309,-3.1041838775510207,-2.6909873469387753,,0.8168365263151139
pv__DEU__balance,balance,pv,DEU,15,15,"2010,2011,2012,2013,2014,2015,2016,2017,2018,2019,2020,2021,2022,2023,2024",computed,ADF,logQ,c,0,-3.1268259596474715,0.02463059770047956,14.0,-4.01203360058309,-3.1041838775510207,-2.6909873469387753,,0.09852239080191824
pv__DEU__balance,balance,pv,DEU,15,15,"2010,2011,2012,2013,2014,2015,2016,2017,2018,2019,2020,2021,2022,2023,2024",computed,Engle_Granger,y~logQ,c,0,-2.375084819591094,0.3367443572273935,,-4.849774693877551,-3.80737693877551,-3.361270408163265,,0.44604653035047426
pv__DEU__balance,balance,pv,DEU,15,15,"2010,2011,2012,2013,2014,2015,2016,2017,2018,2019,2020,2021,2022,2023,2024",computed,ADF,y,ct,0,-2.071145544421481,0.5622118239249676,14.0,-4.7993511224489795,-3.7867277551020404,-3.339917201166181,,0.9235062672670934
pv__DEU__balance,balance,pv,DEU,15,15,"2010,2011,2012,2013,2014,2015,2016,2017,2018,2019,2020,2021,2022,2023,2024",computed,ADF,logQ,ct,0,-7.089203848019437,8.869947303911407e-09,14.0,-4.7993511224489795,-3.7867277551020404,-3.339917201166181,,1.0643936764693688e-07
pv__DEU__balance,balance,pv,DEU,15,15,"2010,2011,2012,2013,2014,2015,2016,2017,2018,2019,2020,2021,2022,2023,2024",computed,Engle_Granger,y~logQ,ct,0,-2.6383725797210382,0.44401624089013014,,-5.612419999999999,-4.521500612244898,-4.03261247813411,,0.9882691717287072
pv__ESP__balance,balance,pv,ESP,12,6,"2010,2011,2012,2013,2014,2015",not_computed_fewer_than_10_contiguous_years,ADF,y,c,1,,,,,,,,
pv__ESP__balance,balance,pv,ESP,12,6,"2010,2011,2012,2013,2014,2015",not_computed_fewer_than_10_contiguous_years,ADF,logQ,c,1,,,,,,,,
pv__ESP__balance,balance,pv,ESP,12,6,"2010,2011,2012,2013,2014,2015",not_computed_fewer_than_10_contiguous_years,Engle_Granger,y~logQ,c,1,,,,,,,,
pv__ESP__balance,balance,pv,ESP,12,6,"2010,2011,2012,2013,2014,2015",not_computed_fewer_than_10_contiguous_years,ADF,y,ct,1,,,,,,,,
pv__ESP__balance,balance,pv,ESP,12,6,"2010,2011,2012,2013,2014,2015",not_computed_fewer_than_10_contiguous_years,ADF,logQ,ct,1,,,,,,,,
pv__ESP__balance,balance,pv,ESP,12,6,"2010,2011,2012,2013,2014,2015",not_computed_fewer_than_10_contiguous_years,Engle_Granger,y~logQ,ct,1,,,,,,,,
pv__ESP__balance,balance,pv,ESP,12,6,"2010,2011,2012,2013,2014,2015",not_computed_fewer_than_10_contiguous_years,ADF,y,c,0,,,,,,,,
pv__ESP__balance,balance,pv,ESP,12,6,"2010,2011,2012,2013,2014,2015",not_computed_fewer_than_10_contiguous_years,ADF,logQ,c,0,,,,,,,,
pv__ESP__balance,balance,pv,ESP,12,6,"2010,2011,2012,2013,2014,2015",not_computed_fewer_than_10_contiguous_years,Engle_Granger,y~logQ,c,0,,,,,,,,
pv__ESP__balance,balance,pv,ESP,12,6,"2010,2011,2012,2013,2014,2015",not_computed_fewer_than_10_contiguous_years,ADF,y,ct,0,,,,,,,,
pv__ESP__balance,balance,pv,ESP,12,6,"2010,2011,2012,2013,2014,2015",not_computed_fewer_than_10_contiguous_years,ADF,logQ,ct,0,,,,,,,,
pv__ESP__balance,balance,pv,ESP,12,6,"2010,2011,2012,2013,2014,2015",not_computed_fewer_than_10_contiguous_years,Engle_Granger,y~logQ,ct,0,,,,,,,,
pv__FRA__balance,balance,pv,FRA,15,15,"2010,2011,2012,2013,2014,2015,2016,2017,2018,2019,2020,2021,2022,2023,2024",computed,ADF,y,c,1,-2.1645365292059187,0.21936741281343713,13.0,-4.068853732362312,-3.1271488757396453,-2.7017297633136095,,0.6581022384403115
pv__FRA__balance,balance,pv,FRA,15,15,"2010,2011,2012,2013,2014,2015,2016,2017,2018,2019,2020,2021,2022,2023,2024",computed,ADF,logQ,c,1,0.1586570730632604,0.9698451033495977,13.0,-4.068853732362312,-3.1271488757396453,-2.7017297633136095,,0.9807559768084256
pv__FRA__balance,balance,pv,FRA,15,15,"2010,2011,2012,2013,2014,2015,2016,2017,2018,2019,2020,2021,2022,2023,2024",computed,Engle_Granger,y~logQ,c,1,-1.2762096885666008,0.8367995038449745,,-4.849774693877551,-3.80737693877551,-3.361270408163265,,0.8367995038449745
pv__FRA__balance,balance,pv,FRA,15,15,"2010,2011,2012,2013,2014,2015,2016,2017,2018,2019,2020,2021,2022,2023,2024",computed,ADF,y,ct,1,-0.4287949331645398,0.9859789116044086,13.0,-4.8844381383705056,-3.8223332407828856,-3.3593537778789258,,0.9859789116044086
pv__FRA__balance,balance,pv,FRA,15,15,"2010,2011,2012,2013,2014,2015,2016,2017,2018,2019,2020,2021,2022,2023,2024",computed,ADF,logQ,ct,1,-1.4381355936961069,0.8493675700108242,13.0,-4.8844381383705056,-3.8223332407828856,-3.3593537778789258,,0.9859789116044086
pv__FRA__balance,balance,pv,FRA,15,15,"2010,2011,2012,2013,2014,2015,2016,2017,2018,2019,2020,2021,2022,2023,2024",computed,Engle_Granger,y~logQ,ct,1,-1.6688160318330334,0.8830853937017902,,-5.612419999999999,-4.521500612244898,-4.03261247813411,,0.8830853937017902
pv__FRA__balance,balance,pv,FRA,15,15,"2010,2011,2012,2013,2014,2015,2016,2017,2018,2019,2020,2021,2022,2023,2024",computed,ADF,y,c,0,-1.4886841988205577,0.539101492599782,14.0,-4.01203360058309,-3.1041838775510207,-2.6909873469387753,,0.8168365263151139
pv__FRA__balance,balance,pv,FRA,15,15,"2010,2011,2012,2013,2014,2015,2016,2017,2018,2019,2020,2021,2022,2023,2024",computed,ADF,logQ,c,0,-3.1268259596474715,0.02463059770047956,14.0,-4.01203360058309,-3.1041838775510207,-2.6909873469387753,,0.09852239080191824
pv__FRA__balance,balance,pv,FRA,15,15,"2010,2011,2012,2013,2014,2015,2016,2017,2018,2019,2020,2021,2022,2023,2024",computed,Engle_Granger,y~logQ,c,0,-1.1008350920121148,0.881994173234419,,-4.849774693877551,-3.80737693877551,-3.361270408163265,,0.881994173234419
pv__FRA__balance,balance,pv,FRA,15,15,"2010,2011,2012,2013,2014,2015,2016,2017,2018,2019,2020,2021,2022,2023,2024",computed,ADF,y,ct,0,-0.5171818769472292,0.9827446109439327,14.0,-4.7993511224489795,-3.7867277551020404,-3.339917201166181,,0.9827446109439327
pv__FRA__balance,balance,pv,FRA,15,15,"2010,2011,2012,2013,2014,2015,2016,2017,2018,2019,2020,2021,2022,2023,2024",computed,ADF,logQ,ct,0,-7.089203848019437,8.869947303911407e-09,14.0,-4.7993511224489795,-3.7867277551020404,-3.339917201166181,,1.0643936764693688e-07
pv__FRA__balance,balance,pv,FRA,15,15,"2010,2011,2012,2013,2014,2015,2016,2017,2018,2019,2020,2021,2022,2023,2024",computed,Engle_Granger,y~logQ,ct,0,-1.7152895981980607,0.8705705257515668,,-5.612419999999999,-4.521500612244898,-4.03261247813411,,0.9882691717287072
pv__IND__balance,balance,pv,IND,15,15,"2010,2011,2012,2013,2014,2015,2016,2017,2018,2019,2020,2021,2022,2023,2024",computed,ADF,y,c,1,-0.8826265494791269,0.7936398925968662,13.0,-4.068853732362312,-3.1271488757396453,-2.7017297633136095,,0.9807559768084256
pv__IND__balance,balance,pv,IND,15,15,"2010,2011,2012,2013,2014,2015,2016,2017,2018,2019,2020,2021,2022,2023,2024",computed,ADF,logQ,c,1,0.1586570730632604,0.9698451033495977,13.0,-4.068853732362312,-3.1271488757396453,-2.7017297633136095,,0.9807559768084256
pv__IND__balance,balance,pv,IND,15,15,"2010,2011,2012,2013,2014,2015,2016,2017,2018,2019,2020,2021,2022,2023,2024",computed,Engle_Granger,y~logQ,c,1,-3.1845945030529865,0.07254211541662434,,-4.849774693877551,-3.80737693877551,-3.361270408163265,,0.2830925433284264
pv__IND__balance,balance,pv,IND,15,15,"2010,2011,2012,2013,2014,2015,2016,2017,2018,2019,2020,2021,2022,2023,2024",computed,ADF,y,ct,1,-2.3709322670193806,0.3951819099275958,13.0,-4.8844381383705056,-3.8223332407828856,-3.3593537778789258,,0.9859789116044086
pv__IND__balance,balance,pv,IND,15,15,"2010,2011,2012,2013,2014,2015,2016,2017,2018,2019,2020,2021,2022,2023,2024",computed,ADF,logQ,ct,1,-1.4381355936961069,0.8493675700108242,13.0,-4.8844381383705056,-3.8223332407828856,-3.3593537778789258,,0.9859789116044086
pv__IND__balance,balance,pv,IND,15,15,"2010,2011,2012,2013,2014,2015,2016,2017,2018,2019,2020,2021,2022,2023,2024",computed,Engle_Granger,y~logQ,ct,1,-2.9558543807233773,0.283333271151213,,-5.612419999999999,-4.521500612244898,-4.03261247813411,,0.7384803423040738
pv__IND__balance,balance,pv,IND,15,15,"2010,2011,2012,2013,2014,2015,2016,2017,2018,2019,2020,2021,2022,2023,2024",computed,ADF,y,c,0,-1.6338163937091315,0.46549369897517573,14.0,-4.01203360058309,-3.1041838775510207,-2.6909873469387753,,0.8168365263151139
pv__IND__balance,balance,pv,IND,15,15,"2010,2011,2012,2013,2014,2015,2016,2017,2018,2019,2020,2021,2022,2023,2024",computed,ADF,logQ,c,0,-3.1268259596474715,0.02463059770047956,14.0,-4.01203360058309,-3.1041838775510207,-2.6909873469387753,,0.09852239080191824
pv__IND__balance,balance,pv,IND,15,15,"2010,2011,2012,2013,2014,2015,2016,2017,2018,2019,2020,2021,2022,2023,2024",computed,Engle_Granger,y~logQ,c,0,-2.251516397632224,0.39797840928028494,,-4.849774693877551,-3.80737693877551,-3.361270408163265,,0.44772571044032056
pv__IND__balance,balance,pv,IND,15,15,"2010,2011,2012,2013,2014,2015,2016,2017,2018,2019,2020,2021,2022,2023,2024",computed,ADF,y,ct,0,-2.021054063842484,0.5899194536409537,14.0,-4.7993511224489795,-3.7867277551020404,-3.339917201166181,,0.9235062672670934
pv__IND__balance,balance,pv,IND,15,15,"2010,2011,2012,2013,2014,2015,2016,2017,2018,2019,2020,2021,2022,2023,2024",computed,ADF,logQ,ct,0,-7.089203848019437,8.869947303911407e-09,14.0,-4.7993511224489795,-3.7867277551020404,-3.339917201166181,,1.0643936764693688e-07
pv__IND__balance,balance,pv,IND,15,15,"2010,2011,2012,2013,2014,2015,2016,2017,2018,2019,2020,2021,2022,2023,2024",computed,Engle_Granger,y~logQ,ct,0,-2.3033783781100796,0.627185585087202,,-5.612419999999999,-4.521500612244898,-4.03261247813411,,0.9882691717287072
pv__ITA__balance,balance,pv,ITA,13,8,"2017,2018,2019,2020,2021,2022,2023,2024",not_computed_fewer_than_10_contiguous_years,ADF,y,c,1,,,,,,,,
pv__ITA__balance,balance,pv,ITA,13,8,"2017,2018,2019,2020,2021,2022,2023,2024",not_computed_fewer_than_10_contiguous_years,ADF,logQ,c,1,,,,,,,,
pv__ITA__balance,balance,pv,ITA,13,8,"2017,2018,2019,2020,2021,2022,2023,2024",not_computed_fewer_than_10_contiguous_years,Engle_Granger,y~logQ,c,1,,,,,,,,
pv__ITA__balance,balance,pv,ITA,13,8,"2017,2018,2019,2020,2021,2022,2023,2024",not_computed_fewer_than_10_contiguous_years,ADF,y,ct,1,,,,,,,,
pv__ITA__balance,balance,pv,ITA,13,8,"2017,2018,2019,2020,2021,2022,2023,2024",not_computed_fewer_than_10_contiguous_years,ADF,logQ,ct,1,,,,,,,,
pv__ITA__balance,balance,pv,ITA,13,8,"2017,2018,2019,2020,2021,2022,2023,2024",not_computed_fewer_than_10_contiguous_years,Engle_Granger,y~logQ,ct,1,,,,,,,,
pv__ITA__balance,balance,pv,ITA,13,8,"2017,2018,2019,2020,2021,2022,2023,2024",not_computed_fewer_than_10_contiguous_years,ADF,y,c,0,,,,,,,,
pv__ITA__balance,balance,pv,ITA,13,8,"2017,2018,2019,2020,2021,2022,2023,2024",not_computed_fewer_than_10_contiguous_years,ADF,logQ,c,0,,,,,,,,
pv__ITA__balance,balance,pv,ITA,13,8,"2017,2018,2019,2020,2021,2022,2023,2024",not_computed_fewer_than_10_contiguous_years,Engle_Granger,y~logQ,c,0,,,,,,,,
pv__ITA__balance,balance,pv,ITA,13,8,"2017,2018,2019,2020,2021,2022,2023,2024",not_computed_fewer_than_10_contiguous_years,ADF,y,ct,0,,,,,,,,
pv__ITA__balance,balance,pv,ITA,13,8,"2017,2018,2019,2020,2021,2022,2023,2024",not_computed_fewer_than_10_contiguous_years,ADF,logQ,ct,0,,,,,,,,
pv__ITA__balance,balance,pv,ITA,13,8,"2017,2018,2019,2020,2021,2022,2023,2024",not_computed_fewer_than_10_contiguous_years,Engle_Granger,y~logQ,ct,0,,,,,,,,
pv__JPN__balance,balance,pv,JPN,14,14,"2011,2012,2013,2014,2015,2016,2017,2018,2019,2020,2021,2022,2023,2024",computed,ADF,y,c,1,-2.5021285520336662,0.11495728369974595,12.0,-4.137829282407408,-3.1549724074074077,-2.7144769444444443,,0.6581022384403115
pv__JPN__balance,balance,pv,JPN,14,14,"2011,2012,2013,2014,2015,2016,2017,2018,2019,2020,2021,2022,2023,2024",computed,ADF,logQ,c,1,0.38063088154259644,0.9807559768084256,12.0,-4.137829282407408,-3.1549724074074077,-2.7144769444444443,,0.9807559768084256
pv__JPN__balance,balance,pv,JPN,14,14,"2011,2012,2013,2014,2015,2016,2017,2018,2019,2020,2021,2022,2023,2024",computed,Engle_Granger,y~logQ,c,1,-2.139051866254677,0.45597898357556,,-4.937278461538462,-3.846510473372781,-3.3867908284023667,,0.5862586931685771
pv__JPN__balance,balance,pv,JPN,14,14,"2011,2012,2013,2014,2015,2016,2017,2018,2019,2020,2021,2022,2023,2024",computed,ADF,y,ct,1,-2.000580995239235,0.601117238289841,12.0,-4.988247662037037,-3.865364768518518,-3.382725,,0.9859789116044086
pv__JPN__balance,balance,pv,JPN,14,14,"2011,2012,2013,2014,2015,2016,2017,2018,2019,2020,2021,2022,2023,2024",computed,ADF,logQ,ct,1,-1.9785297042436416,0.613079165777179,12.0,-4.988247662037037,-3.865364768518518,-3.382725,,0.9859789116044086
pv__JPN__balance,balance,pv,JPN,14,14,"2011,2012,2013,2014,2015,2016,2017,2018,2019,2020,2021,2022,2023,2024",computed,Engle_Granger,y~logQ,ct,1,-2.700864127917604,0.41026685683559655,,-5.726330650887574,-4.583598402366864,-4.075679822485207,,0.7384803423040738
pv__JPN__balance,balance,pv,JPN,14,14,"2011,2012,2013,2014,2015,2016,2017,2018,2019,2020,2021,2022,2023,2024",computed,ADF,y,c,0,-3.4581739030906893,0.009128541755686103,13.0,-4.068853732362312,-3.1271488757396453,-2.7017297633136095,,0.0641256947482392
pv__JPN__balance,balance,pv,JPN,14,14,"2011,2012,2013,2014,2015,2016,2017,2018,2019,2020,2021,2022,2023,2024",computed,ADF,logQ,c,0,-1.840808826830469,0.36039760203968557,13.0,-4.068853732362312,-3.1271488757396453,-2.7017297633136095,,0.8168365263151139
pv__JPN__balance,balance,pv,JPN,14,14,"2011,2012,2013,2014,2015,2016,2017,2018,2019,2020,2021,2022,2023,2024",computed,Engle_Granger,y~logQ,c,0,-3.333219566771702,0.05032800151499724,,-4.937278461538462,-3.846510473372781,-3.3867908284023667,,0.43434302526311674
pv__JPN__balance,balance,pv,JPN,14,14,"2011,2012,2013,2014,2015,2016,2017,2018,2019,2020,2021,2022,2023,2024",computed,ADF,y,ct,0,-3.0873941825013578,0.10926086016522807,13.0,-4.8844381383705056,-3.8223332407828856,-3.3593537778789258,,0.6555651609913684
pv__JPN__balance,balance,pv,JPN,14,14,"2011,2012,2013,2014,2015,2016,2017,2018,2019,2020,2021,2022,2023,2024",computed,ADF,logQ,ct,0,-2.8683594302554165,0.17296993589051196,13.0,-4.8844381383705056,-3.8223332407828856,-3.3593537778789258,,0.6918797435620478
pv__JPN__balance,balance,pv,JPN,14,14,"2011,2012,2013,2014,2015,2016,2017,2018,2019,2020,2021,2022,2023,2024",computed,Engle_Granger,y~logQ,ct,0,-3.261103015744254,0.16451295359844315,,-5.726330650887574,-4.583598402366864,-4.075679822485207,,0.9882691717287072
pv__KOR__balance,balance,pv,KOR,14,14,"2011,2012,2013,2014,2015,2016,2017,2018,2019,2020,2021,2022,2023,2024",computed,ADF,y,c,1,-1.6463227485609695,0.45895891896601504,12.0,-4.137829282407408,-3.1549724074074077,-2.7144769444444443,,0.8063777631880239
pv__KOR__balance,balance,pv,KOR,14,14,"2011,2012,2013,2014,2015,2016,2017,2018,2019,2020,2021,2022,2023,2024",computed,ADF,logQ,c,1,0.38063088154259644,0.9807559768084256,12.0,-4.137829282407408,-3.1549724074074077,-2.7144769444444443,,0.9807559768084256
pv__KOR__balance,balance,pv,KOR,14,14,"2011,2012,2013,2014,2015,2016,2017,2018,2019,2020,2021,2022,2023,2024",computed,Engle_Granger,y~logQ,c,1,-1.3739866601043709,0.8062907135455875,,-4.937278461538462,-3.846510473372781,-3.3867908284023667,,0.8367995038449745
pv__KOR__balance,balance,pv,KOR,14,14,"2011,2012,2013,2014,2015,2016,2017,2018,2019,2020,2021,2022,2023,2024",computed,ADF,y,ct,1,-0.9442234567015371,0.951169303511308,12.0,-4.988247662037037,-3.865364768518518,-3.382725,,0.9859789116044086
pv__KOR__balance,balance,pv,KOR,14,14,"2011,2012,2013,2014,2015,2016,2017,2018,2019,2020,2021,2022,2023,2024",computed,ADF,logQ,ct,1,-1.9785297042436416,0.613079165777179,12.0,-4.988247662037037,-3.865364768518518,-3.382725,,0.9859789116044086
pv__KOR__balance,balance,pv,KOR,14,14,"2011,2012,2013,2014,2015,2016,2017,2018,2019,2020,2021,2022,2023,2024",computed,Engle_Granger,y~logQ,ct,1,-1.8036523944911105,0.8440075046508317,,-5.726330650887574,-4.583598402366864,-4.075679822485207,,0.8830853937017902
pv__KOR__balance,balance,pv,KOR,14,14,"2011,2012,2013,2014,2015,2016,2017,2018,2019,2020,2021,2022,2023,2024",computed,ADF,y,c,0,-3.408046217891599,0.0106876157913732,13.0,-4.068853732362312,-3.1271488757396453,-2.7017297633136095,,0.0641256947482392
pv__KOR__balance,balance,pv,KOR,14,14,"2011,2012,2013,2014,2015,2016,2017,2018,2019,2020,2021,2022,2023,2024",computed,ADF,logQ,c,0,-1.840808826830469,0.36039760203968557,13.0,-4.068853732362312,-3.1271488757396453,-2.7017297633136095,,0.8168365263151139
pv__KOR__balance,balance,pv,KOR,14,14,"2011,2012,2013,2014,2015,2016,2017,2018,2019,2020,2021,2022,2023,2024",computed,Engle_Granger,y~logQ,c,0,-2.6384990639943875,0.22247298876100874,,-4.937278461538462,-3.846510473372781,-3.3867908284023667,,0.44604653035047426
pv__KOR__balance,balance,pv,KOR,14,14,"2011,2012,2013,2014,2015,2016,2017,2018,2019,2020,2021,2022,2023,2024",computed,ADF,y,ct,0,-2.5132668897001484,0.32136138538381137,13.0,-4.8844381383705056,-3.8223332407828856,-3.3593537778789258,,0.7712673249211472
pv__KOR__balance,balance,pv,KOR,14,14,"2011,2012,2013,2014,2015,2016,2017,2018,2019,2020,2021,2022,2023,2024",computed,ADF,logQ,ct,0,-2.8683594302554165,0.17296993589051196,13.0,-4.8844381383705056,-3.8223332407828856,-3.3593537778789258,,0.6918797435620478
pv__KOR__balance,balance,pv,KOR,14,14,"2011,2012,2013,2014,2015,2016,2017,2018,2019,2020,2021,2022,2023,2024",computed,Engle_Granger,y~logQ,ct,0,-2.1191184649119115,0.7191008539288981,,-5.726330650887574,-4.583598402366864,-4.075679822485207,,0.9882691717287072
pv__USA__balance,balance,pv,USA,15,15,"2010,2011,2012,2013,2014,2015,2016,2017,2018,2019,2020,2021,2022,2023,2024",computed,ADF,y,c,1,-1.8305967273915336,0.365380519690341,13.0,-4.068853732362312,-3.1271488757396453,-2.7017297633136095,,0.8063777631880239
pv__USA__balance,balance,pv,USA,15,15,"2010,2011,2012,2013,2014,2015,2016,2017,2018,2019,2020,2021,2022,2023,2024",computed,ADF,logQ,c,1,0.1586570730632604,0.9698451033495977,13.0,-4.068853732362312,-3.1271488757396453,-2.7017297633136095,,0.9807559768084256
pv__USA__balance,balance,pv,USA,15,15,"2010,2011,2012,2013,2014,2015,2016,2017,2018,2019,2020,2021,2022,2023,2024",computed,Engle_Granger,y~logQ,c,1,-2.643653097040616,0.22049524473412097,,-4.849774693877551,-3.80737693877551,-3.361270408163265,,0.33074286710118145
pv__USA__balance,balance,pv,USA,15,15,"2010,2011,2012,2013,2014,2015,2016,2017,2018,2019,2020,2021,2022,2023,2024",computed,ADF,y,ct,1,-1.7069895080559434,0.7477909045320834,13.0,-4.8844381383705056,-3.8223332407828856,-3.3593537778789258,,0.9859789116044086
pv__USA__balance,balance,pv,USA,15,15,"2010,2011,2012,2013,2014,2015,2016,2017,2018,2019,2020,2021,2022,2023,2024",computed,ADF,logQ,ct,1,-1.4381355936961069,0.8493675700108242,13.0,-4.8844381383705056,-3.8223332407828856,-3.3593537778789258,,0.9859789116044086
pv__USA__balance,balance,pv,USA,15,15,"2010,2011,2012,2013,2014,2015,2016,2017,2018,2019,2020,2021,2022,2023,2024",computed,Engle_Granger,y~logQ,ct,1,-1.9778748158606132,0.7807125631334093,,-5.612419999999999,-4.521500612244898,-4.03261247813411,,0.8830853937017902
pv__USA__balance,balance,pv,USA,15,15,"2010,2011,2012,2013,2014,2015,2016,2017,2018,2019,2020,2021,2022,2023,2024",computed,ADF,y,c,0,-0.4660779353436059,0.898467905675493,14.0,-4.01203360058309,-3.1041838775510207,-2.6909873469387753,,0.9345017853964749
pv__USA__balance,balance,pv,USA,15,15,"2010,2011,2012,2013,2014,2015,2016,2017,2018,2019,2020,2021,2022,2023,2024",computed,ADF,logQ,c,0,-3.1268259596474715,0.02463059770047956,14.0,-4.01203360058309,-3.1041838775510207,-2.6909873469387753,,0.09852239080191824
pv__USA__balance,balance,pv,USA,15,15,"2010,2011,2012,2013,2014,2015,2016,2017,2018,2019,2020,2021,2022,2023,2024",computed,Engle_Granger,y~logQ,c,0,-2.3540290653993594,0.34692507916147997,,-4.849774693877551,-3.80737693877551,-3.361270408163265,,0.44604653035047426
pv__USA__balance,balance,pv,USA,15,15,"2010,2011,2012,2013,2014,2015,2016,2017,2018,2019,2020,2021,2022,2023,2024",computed,ADF,y,ct,0,-1.5794815400891915,0.8003643737614756,14.0,-4.7993511224489795,-3.7867277551020404,-3.339917201166181,,0.9235062672670934
pv__USA__balance,balance,pv,USA,15,15,"2010,2011,2012,2013,2014,2015,2016,2017,2018,2019,2020,2021,2022,2023,2024",computed,ADF,logQ,ct,0,-7.089203848019437,8.869947303911407e-09,14.0,-4.7993511224489795,-3.7867277551020404,-3.339917201166181,,1.0643936764693688e-07
pv__USA__balance,balance,pv,USA,15,15,"2010,2011,2012,2013,2014,2015,2016,2017,2018,2019,2020,2021,2022,2023,2024",computed,Engle_Granger,y~logQ,ct,0,-0.7546219831111344,0.9882691717287072,,-5.612419999999999,-4.521500612244898,-4.03261247813411,,0.9882691717287072
wind__AUS__balance,balance,wind,AUS,15,15,"2010,2011,2012,2013,2014,2015,2016,2017,2018,2019,2020,2021,2022,2023,2024",computed,ADF,y,c,1,-1.7922826979705562,0.3842997951398562,13.0,-4.068853732362312,-3.1271488757396453,-2.7017297633136095,,0.8088466819793041
wind__AUS__balance,balance,wind,AUS,15,15,"2010,2011,2012,2013,2014,2015,2016,2017,2018,2019,2020,2021,2022,2023,2024",computed,ADF,logQ,c,1,-1.5981938611459579,0.48450069763709064,13.0,-4.068853732362312,-3.1271488757396453,-2.7017297633136095,,0.8088466819793041
wind__AUS__balance,balance,wind,AUS,15,15,"2010,2011,2012,2013,2014,2015,2016,2017,2018,2019,2020,2021,2022,2023,2024",computed,Engle_Granger,y~logQ,c,1,-5.658500722418287,8.527279912426233e-06,,-4.849774693877551,-3.80737693877551,-3.361270408163265,,0.00011085463886154103
wind__AUS__balance,balance,wind,AUS,15,15,"2010,2011,2012,2013,2014,2015,2016,2017,2018,2019,2020,2021,2022,2023,2024",computed,ADF,y,ct,1,-5.130449671006641,0.0001182736302140289,13.0,-4.8844381383705056,-3.8223332407828856,-3.3593537778789258,,0.0017741044532104335
wind__AUS__balance,balance,wind,AUS,15,15,"2010,2011,2012,2013,2014,2015,2016,2017,2018,2019,2020,2021,2022,2023,2024",computed,ADF,logQ,ct,1,-2.5357422024273832,0.310328833267111,13.0,-4.8844381383705056,-3.8223332407828856,-3.3593537778789258,,0.5818665623758332
wind__AUS__balance,balance,wind,AUS,15,15,"2010,2011,2012,2013,2014,2015,2016,2017,2018,2019,2020,2021,2022,2023,2024",computed,Engle_Granger,y~logQ,ct,1,-5.66895196687882,4.710742033045894e-05,,-5.612419999999999,-4.521500612244898,-4.03261247813411,,0.0006123964642959661
wind__AUS__balance,balance,wind,AUS,15,15,"2010,2011,2012,2013,2014,2015,2016,2017,2018,2019,2020,2021,2022,2023,2024",computed,ADF,y,c,0,-1.6049806002220628,0.4810911102517902,14.0,-4.01203360058309,-3.1041838775510207,-2.6909873469387753,,0.6585502915747241
wind__AUS__balance,balance,wind,AUS,15,15,"2010,2011,2012,2013,2014,2015,2016,2017,2018,2019,2020,2021,2022,2023,2024",computed,ADF,logQ,c,0,-3.233552130506557,0.01812286270944406,14.0,-4.01203360058309,-3.1041838775510207,-2.6909873469387753,,0.2693479371945082
wind__AUS__balance,balance,wind,AUS,15,15,"2010,2011,2012,2013,2014,2015,2016,2017,2018,2019,2020,2021,2022,2023,2024",computed,Engle_Granger,y~logQ,c,0,-3.3052309573444116,0.05402068517106362,,-4.849774693877551,-3.80737693877551,-3.361270408163265,,0.23844002040558346
wind__AUS__balance,balance,wind,AUS,15,15,"2010,2011,2012,2013,2014,2015,2016,2017,2018,2019,2020,2021,2022,2023,2024",computed,ADF,y,ct,0,-2.8227974819924078,0.1886972313216429,14.0,-4.7993511224489795,-3.7867277551020404,-3.339917201166181,,0.45164211662599846
wind__AUS__balance,balance,wind,AUS,15,15,"2010,2011,2012,2013,2014,2015,2016,2017,2018,2019,2020,2021,2022,2023,2024",computed,ADF,logQ,ct,0,-2.9908116847987687,0.1346679700083246,14.0,-4.7993511224489795,-3.7867277551020404,-3.339917201166181,,0.45164211662599846
wind__AUS__balance,balance,wind,AUS,15,15,"2010,2011,2012,2013,2014,2015,2016,2017,2018,2019,2020,2021,2022,2023,2024",computed,Engle_Granger,y~logQ,ct,0,-3.280171733339544,0.15842946274018638,,-5.612419999999999,-4.521500612244898,-4.03261247813411,,0.4119166031244846
wind__BRA__balance,balance,wind,BRA,15,15,"2010,2011,2012,2013,2014,2015,2016,2017,2018,2019,2020,2021,2022,2023,2024",computed,ADF,y,c,1,-1.1347903339915482,0.7010004577153969,13.0,-4.068853732362312,-3.1271488757396453,-2.7017297633136095,,0.8088466819793041
wind__BRA__balance,balance,wind,BRA,15,15,"2010,2011,2012,2013,2014,2015,2016,2017,2018,2019,2020,2021,2022,2023,2024",computed,ADF,logQ,c,1,-1.5981938611459579,0.48450069763709064,13.0,-4.068853732362312,-3.1271488757396453,-2.7017297633136095,,0.8088466819793041
wind__BRA__balance,balance,wind,BRA,15,15,"2010,2011,2012,2013,2014,2015,2016,2017,2018,2019,2020,2021,2022,2023,2024",computed,Engle_Granger,y~logQ,c,1,-2.090055606221385,0.48156636523831975,,-4.849774693877551,-3.80737693877551,-3.361270408163265,,0.5691238861907415
wind__BRA__balance,balance,wind,BRA,15,15,"2010,2011,2012,2013,2014,2015,2016,2017,2018,2019,2020,2021,2022,2023,2024",computed,ADF,y,ct,1,-1.4824539273596167,0.8350624580484658,13.0,-4.8844381383705056,-3.8223332407828856,-3.3593537778789258,,0.9635336054405375
wind__BRA__balance,balance,wind,BRA,15,15,"2010,2011,2012,2013,2014,2015,2016,2017,2018,2019,2020,2021,2022,2023,2024",computed,ADF,logQ,ct,1,-2.5357422024273832,0.310328833267111,13.0,-4.8844381383705056,-3.8223332407828856,-3.3593537778789258,,0.5818665623758332
wind__BRA__balance,balance,wind,BRA,15,15,"2010,2011,2012,2013,2014,2015,2016,2017,2018,2019,2020,2021,2022,2023,2024",computed,Engle_Granger,y~logQ,ct,1,-1.7482174836432662,0.8611015580294277,,-5.612419999999999,-4.521500612244898,-4.03261247813411,,0.912797485150828
wind__BRA__balance,balance,wind,BRA,15,15,"2010,2011,2012,2013,2014,2015,2016,2017,2018,2019,2020,2021,2022,2023,2024",computed,ADF,y,c,0,-1.2072833628076498,0.6704547716435634,14.0,-4.01203360058309,-3.1041838775510207,-2.6909873469387753,,0.7183443981895322
wind__BRA__balance,balance,wind,BRA,15,15,"2010,2011,2012,2013,2014,2015,2016,2017,2018,2019,2020,2021,2022,2023,2024",computed,ADF,logQ,c,0,-3.233552130506557,0.01812286270944406,14.0,-4.01203360058309,-3.1041838775510207,-2.6909873469387753,,0.2693479371945082
wind__BRA__balance,balance,wind,BRA,15,15,"2010,2011,2012,2013,2014,2015,2016,2017,2018,2019,2020,2021,2022,2023,2024",computed,Engle_Granger,y~logQ,c,0,-2.2012866632568686,0.4237001045806668,,-4.849774693877551,-3.80737693877551,-3.361270408163265,,0.5007364872316972
wind__BRA__balance,balance,wind,BRA,15,15,"2010,2011,2012,2013,2014,2015,2016,2017,2018,2019,2020,2021,2022,2023,2024",computed,ADF,y,ct,0,-1.6209058767905846,0.7841390878268688,14.0,-4.7993511224489795,-3.7867277551020404,-3.339917201166181,,0.904775870569464
wind__BRA__balance,balance,wind,BRA,15,15,"2010,2011,2012,2013,2014,2015,2016,2017,2018,2019,2020,2021,2022,2023,2024",computed,ADF,logQ,ct,0,-2.9908116847987687,0.1346679700083246,14.0,-4.7993511224489795,-3.7867277551020404,-3.339917201166181,,0.45164211662599846
wind__BRA__balance,balance,wind,BRA,15,15,"2010,2011,2012,2013,2014,2015,2016,2017,2018,2019,2020,2021,2022,2023,2024",computed,Engle_Granger,y~logQ,ct,0,-1.8853702689909189,0.8161281569695229,,-5.612419999999999,-4.521500612244898,-4.03261247813411,,0.8841388367169831
wind__CAN__balance,balance,wind,CAN,15,15,"2010,2011,2012,2013,2014,2015,2016,2017,2018,2019,2020,2021,2022,2023,2024",computed,ADF,y,c,1,-0.9034265787641818,0.7868419016880823,13.0,-4.068853732362312,-3.1271488757396453,-2.7017297633136095,,0.8430448946658025
wind__CAN__balance,balance,wind,CAN,15,15,"2010,2011,2012,2013,2014,2015,2016,2017,2018,2019,2020,2021,2022,2023,2024",computed,ADF,logQ,c,1,-1.5981938611459579,0.48450069763709064,13.0,-4.068853732362312,-3.1271488757396453,-2.7017297633136095,,0.8088466819793041
wind__CAN__balance,balance,wind,CAN,15,15,"2010,2011,2012,2013,2014,2015,2016,2017,2018,2019,2020,2021,2022,2023,2024",computed,Engle_Granger,y~logQ,c,1,-2.9399991365728275,0.12516541384761803,,-4.849774693877551,-3.80737693877551,-3.361270408163265,,0.4067875950047586
wind__CAN__balance,balance,wind,CAN,15,15,"2010,2011,2012,2013,2014,2015,2016,2017,2018,2019,2020,2021,2022,2023,2024",computed,ADF,y,ct,1,-2.6977829699115534,0.23700424172420487,13.0,-4.8844381383705056,-3.8223332407828856,-3.3593537778789258,,0.5722197665712404
wind__CAN__balance,balance,wind,CAN,15,15,"2010,2011,2012,2013,2014,2015,2016,2017,2018,2019,2020,2021,2022,2023,2024",computed,ADF,logQ,ct,1,-2.5357422024273832,0.310328833267111,13.0,-4.8844381383705056,-3.8223332407828856,-3.3593537778789258,,0.5818665623758332
wind__CAN__balance,balance,wind,CAN,15,15,"2010,2011,2012,2013,2014,2015,2016,2017,2018,2019,2020,2021,2022,2023,2024",computed,Engle_Granger,y~logQ,ct,1,-4.562903773778683,0.0044995193619504,,-5.612419999999999,-4.521500612244898,-4.03261247813411,,0.029246875852677597
wind__CAN__balance,balance,wind,CAN,15,15,"2010,2011,2012,2013,2014,2015,2016,2017,2018,2019,2020,2021,2022,2023,2024",computed,ADF,y,c,0,-1.8078862846901695,0.37655346109861104,14.0,-4.01203360058309,-3.1041838775510207,-2.6909873469387753,,0.6585502915747241
wind__CAN__balance,balance,wind,CAN,15,15,"2010,2011,2012,2013,2014,2015,2016,2017,2018,2019,2020,2021,2022,2023,2024",computed,ADF,logQ,c,0,-3.233552130506557,0.01812286270944406,14.0,-4.01203360058309,-3.1041838775510207,-2.6909873469387753,,0.2693479371945082
wind__CAN__balance,balance,wind,CAN,15,15,"2010,2011,2012,2013,2014,2015,2016,2017,2018,2019,2020,2021,2022,2023,2024",computed,Engle_Granger,y~logQ,c,0,-3.1798299965541004,0.07336616012479491,,-4.849774693877551,-3.80737693877551,-3.361270408163265,,0.23844002040558346
wind__CAN__balance,balance,wind,CAN,15,15,"2010,2011,2012,2013,2014,2015,2016,2017,2018,2019,2020,2021,2022,2023,2024",computed,ADF,y,ct,0,-2.9001409062272554,0.16216950417339698,14.0,-4.7993511224489795,-3.7867277551020404,-3.339917201166181,,0.45164211662599846
wind__CAN__balance,balance,wind,CAN,15,15,"2010,2011,2012,2013,2014,2015,2016,2017,2018,2019,2020,2021,2022,2023,2024",computed,ADF,logQ,ct,0,-2.9908116847987687,0.1346679700083246,14.0,-4.7993511224489795,-3.7867277551020404,-3.339917201166181,,0.45164211662599846
wind__CAN__balance,balance,wind,CAN,15,15,"2010,2011,2012,2013,2014,2015,2016,2017,2018,2019,2020,2021,2022,2023,2024",computed,Engle_Granger,y~logQ,ct,0,-4.482540555263347,0.005957134397908589,,-5.612419999999999,-4.521500612244898,-4.03261247813411,,0.03872137358640583
wind__CHN__balance,balance,wind,CHN,15,15,"2010,2011,2012,2013,2014,2015,2016,2017,2018,2019,2020,2021,2022,2023,2024",computed,ADF,y,c,1,-0.16387132365634385,0.9426932707920057,13.0,-4.068853732362312,-3.1271488757396453,-2.7017297633136095,,0.9426932707920057
wind__CHN__balance,balance,wind,CHN,15,15,"2010,2011,2012,2013,2014,2015,2016,2017,2018,2019,2020,2021,2022,2023,2024",computed,ADF,logQ,c,1,-1.5981938611459579,0.48450069763709064,13.0,-4.068853732362312,-3.1271488757396453,-2.7017297633136095,,0.8088466819793041
wind__CHN__balance,balance,wind,CHN,15,15,"2010,2011,2012,2013,2014,2015,2016,2017,2018,2019,2020,2021,2022,2023,2024",computed,Engle_Granger,y~logQ,c,1,-0.49396644313533383,0.964758347908891,,-4.849774693877551,-3.80737693877551,-3.361270408163265,,0.964758347908891
wind__CHN__balance,balance,wind,CHN,15,15,"2010,2011,2012,2013,2014,2015,2016,2017,2018,2019,2020,2021,2022,2023,2024",computed,ADF,y,ct,1,1.8585994669226777,1.0,13.0,-4.8844381383705056,-3.8223332407828856,-3.3593537778789258,,1.0
wind__CHN__balance,balance,wind,CHN,15,15,"2010,2011,2012,2013,2014,2015,2016,2017,2018,2019,2020,2021,2022,2023,2024",computed,ADF,logQ,ct,1,-2.5357422024273832,0.310328833267111,13.0,-4.8844381383705056,-3.8223332407828856,-3.3593537778789258,,0.5818665623758332
wind__CHN__balance,balance,wind,CHN,15,15,"2010,2011,2012,2013,2014,2015,2016,2017,2018,2019,2020,2021,2022,2023,2024",computed,Engle_Granger,y~logQ,ct,1,-1.540158122696936,0.912797485150828,,-5.612419999999999,-4.521500612244898,-4.03261247813411,,0.912797485150828
wind__CHN__balance,balance,wind,CHN,15,15,"2010,2011,2012,2013,2014,2015,2016,2017,2018,2019,2020,2021,2022,2023,2024",computed,ADF,y,c,0,-0.3988109031085068,0.9102971247351914,14.0,-4.01203360058309,-3.1041838775510207,-2.6909873469387753,,0.9102971247351914
wind__CHN__balance,balance,wind,CHN,15,15,"2010,2011,2012,2013,2014,2015,2016,2017,2018,2019,2020,2021,2022,2023,2024",computed,ADF,logQ,c,0,-3.233552130506557,0.01812286270944406,14.0,-4.01203360058309,-3.1041838775510207,-2.6909873469387753,,0.2693479371945082
wind__CHN__balance,balance,wind,CHN,15,15,"2010,2011,2012,2013,2014,2015,2016,2017,2018,2019,2020,2021,2022,2023,2024",computed,Engle_Granger,y~logQ,c,0,-0.4744977099037409,0.9660983758022821,,-4.849774693877551,-3.80737693877551,-3.361270408163265,,0.9660983758022821
wind__CHN__balance,balance,wind,CHN,15,15,"2010,2011,2012,2013,2014,2015,2016,2017,2018,2019,2020,2021,2022,2023,2024",computed,ADF,y,ct,0,0.7199943282612947,1.0,14.0,-4.7993511224489795,-3.7867277551020404,-3.339917201166181,,1.0
wind__CHN__balance,balance,wind,CHN,15,15,"2010,2011,2012,2013,2014,2015,2016,2017,2018,2019,2020,2021,2022,2023,2024",computed,ADF,logQ,ct,0,-2.9908116847987687,0.1346679700083246,14.0,-4.7993511224489795,-3.7867277551020404,-3.339917201166181,,0.45164211662599846
wind__CHN__balance,balance,wind,CHN,15,15,"2010,2011,2012,2013,2014,2015,2016,2017,2018,2019,2020,2021,2022,2023,2024",computed,Engle_Granger,y~logQ,ct,0,-0.613295032866408,0.9918214620684871,,-5.612419999999999,-4.521500612244898,-4.03261247813411,,0.9918214620684871
wind__DEU__balance,balance,wind,DEU,15,15,"2010,2011,2012,2013,2014,2015,2016,2017,2018,2019,2020,2021,2022,2023,2024",computed,ADF,y,c,1,-1.2893879029986097,0.6340132681298228,13.0,-4.068853732362312,-3.1271488757396453,-2.7017297633136095,,0.8088466819793041
wind__DEU__balance,balance,wind,DEU,15,15,"2010,2011,2012,2013,2014,2015,2016,2017,2018,2019,2020,2021,2022,2023,2024",computed,ADF,logQ,c,1,-1.5981938611459579,0.48450069763709064,13.0,-4.068853732362312,-3.1271488757396453,-2.7017297633136095,,0.8088466819793041
wind__DEU__balance,balance,wind,DEU,15,15,"2010,2011,2012,2013,2014,2015,2016,2017,2018,2019,2020,2021,2022,2023,2024",computed,Engle_Granger,y~logQ,c,1,-0.7562352970503452,0.9402172589637748,,-4.849774693877551,-3.80737693877551,-3.361270408163265,,0.964758347908891
wind__DEU__balance,balance,wind,DEU,15,15,"2010,2011,2012,2013,2014,2015,2016,2017,2018,2019,2020,2021,2022,2023,2024",computed,ADF,y,ct,1,0.5956493146334607,0.996983056002144,13.0,-4.8844381383705056,-3.8223332407828856,-3.3593537778789258,,1.0
wind__DEU__balance,balance,wind,DEU,15,15,"2010,2011,2012,2013,2014,2015,2016,2017,2018,2019,2020,2021,2022,2023,2024",computed,ADF,logQ,ct,1,-2.5357422024273832,0.310328833267111,13.0,-4.8844381383705056,-3.8223332407828856,-3.3593537778789258,,0.5818665623758332
wind__DEU__balance,balance,wind,DEU,15,15,"2010,2011,2012,2013,2014,2015,2016,2017,2018,2019,2020,2021,2022,2023,2024",computed,Engle_Granger,y~logQ,ct,1,-2.1588264143693774,0.7002795385103953,,-5.612419999999999,-4.521500612244898,-4.03261247813411,,0.912797485150828
wind__DEU__balance,balance,wind,DEU,15,15,"2010,2011,2012,2013,2014,2015,2016,2017,2018,2019,2020,2021,2022,2023,2024",computed,ADF,y,c,0,-2.9892241377247006,0.035913058292601094,14.0,-4.01203360058309,-3.1041838775510207,-2.6909873469387753,,0.2693479371945082
wind__DEU__balance,balance,wind,DEU,15,15,"2010,2011,2012,2013,2014,2015,2016,2017,2018,2019,2020,2021,2022,2023,2024",computed,ADF,logQ,c,0,-3.233552130506557,0.01812286270944406,14.0,-4.01203360058309,-3.1041838775510207,-2.6909873469387753,,0.2693479371945082
wind__DEU__balance,balance,wind,DEU,15,15,"2010,2011,2012,2013,2014,2015,2016,2017,2018,2019,2020,2021,2022,2023,2024",computed,Engle_Granger,y~logQ,c,0,-1.6768839466596337,0.6873773102638427,,-4.849774693877551,-3.80737693877551,-3.361270408163265,,0.7446587527858296
wind__DEU__balance,balance,wind,DEU,15,15,"2010,2011,2012,2013,2014,2015,2016,2017,2018,2019,2020,2021,2022,2023,2024",computed,ADF,y,ct,0,-1.2435753476351818,0.9011865619277213,14.0,-4.7993511224489795,-3.7867277551020404,-3.339917201166181,,0.9655570306368442
wind__DEU__balance,balance,wind,DEU,15,15,"2010,2011,2012,2013,2014,2015,2016,2017,2018,2019,2020,2021,2022,2023,2024",computed,ADF,logQ,ct,0,-2.9908116847987687,0.1346679700083246,14.0,-4.7993511224489795,-3.7867277551020404,-3.339917201166181,,0.45164211662599846
wind__DEU__balance,balance,wind,DEU,15,15,"2010,2011,2012,2013,2014,2015,2016,2017,2018,2019,2020,2021,2022,2023,2024",computed,Engle_Granger,y~logQ,ct,0,-2.0179563684521735,0.7641238155493746,,-5.612419999999999,-4.521500612244898,-4.03261247813411,,0.8841388367169831
wind__ESP__balance,balance,wind,ESP,15,15,"2010,2011,2012,2013,2014,2015,2016,2017,2018,2019,2020,2021,2022,2023,2024",computed,ADF,y,c,1,-1.860914138480933,0.35066569325162666,13.0,-4.068853732362312,-3.1271488757396453,-2.7017297633136095,,0.8088466819793041
wind__ESP__balance,balance,wind,ESP,15,15,"2010,2011,2012,2013,2014,2015,2016,2017,2018,2019,2020,2021,2022,2023,2024",computed,ADF,logQ,c,1,-1.5981938611459579,0.48450069763709064,13.0,-4.068853732362312,-3.1271488757396453,-2.7017297633136095,,0.8088466819793041
wind__ESP__balance,balance,wind,ESP,15,15,"2010,2011,2012,2013,2014,2015,2016,2017,2018,2019,2020,2021,2022,2023,2024",computed,Engle_Granger,y~logQ,c,1,-2.7759268177550758,0.1734645462167828,,-4.849774693877551,-3.80737693877551,-3.361270408163265,,0.4510078201636353
wind__ESP__balance,balance,wind,ESP,15,15,"2010,2011,2012,2013,2014,2015,2016,2017,2018,2019,2020,2021,2022,2023,2024",computed,ADF,y,ct,1,-2.6283079665331117,0.2670358910665789,13.0,-4.8844381383705056,-3.8223332407828856,-3.3593537778789258,,0.5722197665712404
wind__ESP__balance,balance,wind,ESP,15,15,"2010,2011,2012,2013,2014,2015,2016,2017,2018,2019,2020,2021,2022,2023,2024",computed,ADF,logQ,ct,1,-2.5357422024273832,0.310328833267111,13.0,-4.8844381383705056,-3.8223332407828856,-3.3593537778789258,,0.5818665623758332
wind__ESP__balance,balance,wind,ESP,15,15,"2010,2011,2012,2013,2014,2015,2016,2017,2018,2019,2020,2021,2022,2023,2024",computed,Engle_Granger,y~logQ,ct,1,-3.0010910144356138,0.2632804420093793,,-5.612419999999999,-4.521500612244898,-4.03261247813411,,0.6845291492243861
wind__ESP__balance,balance,wind,ESP,15,15,"2010,2011,2012,2013,2014,2015,2016,2017,2018,2019,2020,2021,2022,2023,2024",computed,ADF,y,c,0,-1.5883996248136574,0.4894181172798504,14.0,-4.01203360058309,-3.1041838775510207,-2.6909873469387753,,0.6585502915747241
wind__ESP__balance,balance,wind,ESP,15,15,"2010,2011,2012,2013,2014,2015,2016,2017,2018,2019,2020,2021,2022,2023,2024",computed,ADF,logQ,c,0,-3.233552130506557,0.01812286270944406,14.0,-4.01203360058309,-3.1041838775510207,-2.6909873469387753,,0.2693479371945082
wind__ESP__balance,balance,wind,ESP,15,15,"2010,2011,2012,2013,2014,2015,2016,2017,2018,2019,2020,2021,2022,2023,2024",computed,Engle_Granger,y~logQ,c,0,-2.533497927548491,0.26449861951004927,,-4.849774693877551,-3.80737693877551,-3.361270408163265,,0.37913824383480954
wind__ESP__balance,balance,wind,ESP,15,15,"2010,2011,2012,2013,2014,2015,2016,2017,2018,2019,2020,2021,2022,2023,2024",computed,ADF,y,ct,0,-2.33753063191261,0.41331231127195833,14.0,-4.7993511224489795,-3.7867277551020404,-3.339917201166181,,0.6199684669079375
wind__ESP__balance,balance,wind,ESP,15,15,"2010,2011,2012,2013,2014,2015,2016,2017,2018,2019,2020,2021,2022,2023,2024",computed,ADF,logQ,ct,0,-2.9908116847987687,0.1346679700083246,14.0,-4.7993511224489795,-3.7867277551020404,-3.339917201166181,,0.45164211662599846
wind__ESP__balance,balance,wind,ESP,15,15,"2010,2011,2012,2013,2014,2015,2016,2017,2018,2019,2020,2021,2022,2023,2024",computed,Engle_Granger,y~logQ,ct,0,-2.552845400893841,0.49103403729416223,,-5.612419999999999,-4.521500612244898,-4.03261247813411,,0.7979303106030136
wind__FRA__balance,balance,wind,FRA,15,15,"2010,2011,2012,2013,2014,2015,2016,2017,2018,2019,2020,2021,2022,2023,2024",computed,ADF,y,c,1,-1.3633886753708686,0.5996968272648872,13.0,-4.068853732362312,-3.1271488757396453,-2.7017297633136095,,0.8088466819793041
wind__FRA__balance,balance,wind,FRA,15,15,"2010,2011,2012,2013,2014,2015,2016,2017,2018,2019,2020,2021,2022,2023,2024",computed,ADF,logQ,c,1,-1.5981938611459579,0.48450069763709064,13.0,-4.068853732362312,-3.1271488757396453,-2.7017297633136095,,0.8088466819793041
wind__FRA__balance,balance,wind,FRA,15,15,"2010,2011,2012,2013,2014,2015,2016,2017,2018,2019,2020,2021,2022,2023,2024",computed,Engle_Granger,y~logQ,c,1,-2.1965827901891584,0.42612639186451506,,-4.849774693877551,-3.80737693877551,-3.361270408163265,,0.5691238861907415
wind__FRA__balance,balance,wind,FRA,15,15,"2010,2011,2012,2013,2014,2015,2016,2017,2018,2019,2020,2021,2022,2023,2024",computed,ADF,y,ct,1,-1.9775135102961043,0.6136277410056722,13.0,-4.8844381383705056,-3.8223332407828856,-3.3593537778789258,,0.7778040172671697
wind__FRA__balance,balance,wind,FRA,15,15,"2010,2011,2012,2013,2014,2015,2016,2017,2018,2019,2020,2021,2022,2023,2024",computed,ADF,logQ,ct,1,-2.5357422024273832,0.310328833267111,13.0,-4.8844381383705056,-3.8223332407828856,-3.3593537778789258,,0.5818665623758332
wind__FRA__balance,balance,wind,FRA,15,15,"2010,2011,2012,2013,2014,2015,2016,2017,2018,2019,2020,2021,2022,2023,2024",computed,Engle_Granger,y~logQ,ct,1,-1.866723240374475,0.8227726140269843,,-5.612419999999999,-4.521500612244898,-4.03261247813411,,0.912797485150828
wind__FRA__balance,balance,wind,FRA,15,15,"2010,2011,2012,2013,2014,2015,2016,2017,2018,2019,2020,2021,2022,2023,2024",computed,ADF,y,c,0,-1.5134649168753154,0.5268402332597794,14.0,-4.01203360058309,-3.1041838775510207,-2.6909873469387753,,0.6585502915747241
wind__FRA__balance,balance,wind,FRA,15,15,"2010,2011,2012,2013,2014,2015,2016,2017,2018,2019,2020,2021,2022,2023,2024",computed,ADF,logQ,c,0,-3.233552130506557,0.01812286270944406,14.0,-4.01203360058309,-3.1041838775510207,-2.6909873469387753,,0.2693479371945082
wind__FRA__balance,balance,wind,FRA,15,15,"2010,2011,2012,2013,2014,2015,2016,2017,2018,2019,2020,2021,2022,2023,2024",computed,Engle_Granger,y~logQ,c,0,-2.5720561009876013,0.2482467886299855,,-4.849774693877551,-3.80737693877551,-3.361270408163265,,0.37913824383480954
wind__FRA__balance,balance,wind,FRA,15,15,"2010,2011,2012,2013,2014,2015,2016,2017,2018,2019,2020,2021,2022,2023,2024",computed,ADF,y,ct,0,-2.362290795055929,0.39984862480337074,14.0,-4.7993511224489795,-3.7867277551020404,-3.339917201166181,,0.6199684669079375
wind__FRA__balance,balance,wind,FRA,15,15,"2010,2011,2012,2013,2014,2015,2016,2017,2018,2019,2020,2021,2022,2023,2024",computed,ADF,logQ,ct,0,-2.9908116847987687,0.1346679700083246,14.0,-4.7993511224489795,-3.7867277551020404,-3.339917201166181,,0.45164211662599846
wind__FRA__balance,balance,wind,FRA,15,15,"2010,2011,2012,2013,2014,2015,2016,2017,2018,2019,2020,2021,2022,2023,2024",computed,Engle_Granger,y~logQ,ct,0,-2.1947758451634556,0.682732580021159,,-5.612419999999999,-4.521500612244898,-4.03261247813411,,0.8841388367169831
wind__GBR__balance,balance,wind,GBR,15,15,"2010,2011,2012,2013,2014,2015,2016,2017,2018,2019,2020,2021,2022,2023,2024",computed,ADF,y,c,1,-2.0248831111217007,0.27577040776338657,13.0,-4.068853732362312,-3.1271488757396453,-2.7017297633136095,,0.8088466819793041
wind__GBR__balance,balance,wind,GBR,15,15,"2010,2011,2012,2013,2014,2015,2016,2017,2018,2019,2020,2021,2022,2023,2024",computed,ADF,logQ,c,1,-1.5981938611459579,0.48450069763709064,13.0,-4.068853732362312,-3.1271488757396453,-2.7017297633136095,,0.8088466819793041
wind__GBR__balance,balance,wind,GBR,15,15,"2010,2011,2012,2013,2014,2015,2016,2017,2018,2019,2020,2021,2022,2023,2024",computed,Engle_Granger,y~logQ,c,1,-2.3768808090981888,0.3358814939167097,,-4.849774693877551,-3.80737693877551,-3.361270408163265,,0.5691238861907415
wind__GBR__balance,balance,wind,GBR,15,15,"2010,2011,2012,2013,2014,2015,2016,2017,2018,2019,2020,2021,2022,2023,2024",computed,ADF,y,ct,1,-2.834451307962467,0.18457876404432605,13.0,-4.8844381383705056,-3.8223332407828856,-3.3593537778789258,,0.5722197665712404
wind__GBR__balance,balance,wind,GBR,15,15,"2010,2011,2012,2013,2014,2015,2016,2017,2018,2019,2020,2021,2022,2023,2024",computed,ADF,logQ,ct,1,-2.5357422024273832,0.310328833267111,13.0,-4.8844381383705056,-3.8223332407828856,-3.3593537778789258,,0.5818665623758332
wind__GBR__balance,balance,wind,GBR,15,15,"2010,2011,2012,2013,2014,2015,2016,2017,2018,2019,2020,2021,2022,2023,2024",computed,Engle_Granger,y~logQ,ct,1,-4.0721280480391275,0.022224844566389096,,-5.612419999999999,-4.521500612244898,-4.03261247813411,,0.09630765978768607
wind__GBR__balance,balance,wind,GBR,15,15,"2010,2011,2012,2013,2014,2015,2016,2017,2018,2019,2020,2021,2022,2023,2024",computed,ADF,y,c,0,-2.7104685279624023,0.07224420908145356,14.0,-4.01203360058309,-3.1041838775510207,-2.6909873469387753,,0.27091578405545086
wind__GBR__balance,balance,wind,GBR,15,15,"2010,2011,2012,2013,2014,2015,2016,2017,2018,2019,2020,2021,2022,2023,2024",computed,ADF,logQ,c,0,-3.233552130506557,0.01812286270944406,14.0,-4.01203360058309,-3.1041838775510207,-2.6909873469387753,,0.2693479371945082
wind__GBR__balance,balance,wind,GBR,15,15,"2010,2011,2012,2013,2014,2015,2016,2017,2018,2019,2020,2021,2022,2023,2024",computed,Engle_Granger,y~logQ,c,0,-3.2779523841342413,0.05782986683430406,,-4.849774693877551,-3.80737693877551,-3.361270408163265,,0.23844002040558346
wind__GBR__balance,balance,wind,GBR,15,15,"2010,2011,2012,2013,2014,2015,2016,2017,2018,2019,2020,2021,2022,2023,2024",computed,ADF,y,ct,0,-3.5227221470911116,0.03702159369091929,14.0,-4.7993511224489795,-3.7867277551020404,-3.339917201166181,,0.2776619526818947
wind__GBR__balance,balance,wind,GBR,15,15,"2010,2011,2012,2013,2014,2015,2016,2017,2018,2019,2020,2021,2022,2023,2024",computed,ADF,logQ,ct,0,-2.9908116847987687,0.1346679700083246,14.0,-4.7993511224489795,-3.7867277551020404,-3.339917201166181,,0.45164211662599846
wind__GBR__balance,balance,wind,GBR,15,15,"2010,2011,2012,2013,2014,2015,2016,2017,2018,2019,2020,2021,2022,2023,2024",computed,Engle_Granger,y~logQ,ct,0,-5.331546341434753,0.00021572229898468933,,-5.612419999999999,-4.521500612244898,-4.03261247813411,,0.0028043898868009612
wind__IND__balance,balance,wind,IND,13,13,"2012,2013,2014,2015,2016,2017,2018,2019,2020,2021,2022,2023,2024",computed,ADF,y,c,1,-2.8602655355112003,0.050167527659694164,11.0,-4.223238279489106,-3.189368925619835,-2.729839421487603,,0.7525129148954125
wind__IND__balance,balance,wind,IND,13,13,"2012,2013,2014,2015,2016,2017,2018,2019,2020,2021,2022,2023,2024",computed,ADF,logQ,c,1,-1.4030553867066553,0.5808104543160852,11.0,-4.223238279489106,-3.189368925619835,-2.729839421487603,,0.8088466819793041
wind__IND__balance,balance,wind,IND,13,13,"2012,2013,2014,2015,2016,2017,2018,2019,2020,2021,2022,2023,2024",computed,Engle_Granger,y~logQ,c,1,-2.96282391595395,0.11930882271049775,,-5.041924722222222,-3.8926869444444443,-3.416772222222222,,0.4067875950047586
wind__IND__balance,balance,wind,IND,13,13,"2012,2013,2014,2015,2016,2017,2018,2019,2020,2021,2022,2023,2024",computed,ADF,y,ct,1,-2.7656290654884277,0.20985466444913997,11.0,-5.117513876784373,-3.918385116453794,-3.4113569872276486,,0.5722197665712404
wind__IND__balance,balance,wind,IND,13,13,"2012,2013,2014,2015,2016,2017,2018,2019,2020,2021,2022,2023,2024",computed,ADF,logQ,ct,1,-3.8384520056016487,0.014712381725624514,11.0,-5.117513876784373,-3.918385116453794,-3.4113569872276486,,0.11034286294218386
wind__IND__balance,balance,wind,IND,13,13,"2012,2013,2014,2015,2016,2017,2018,2019,2020,2021,2022,2023,2024",computed,Engle_Granger,y~logQ,ct,1,-2.8700195750655686,0.3236403310323331,,-5.861949166666666,-4.656967222222223,-4.12611324074074,,0.7012207172367216
wind__IND__balance,balance,wind,IND,13,13,"2012,2013,2014,2015,2016,2017,2018,2019,2020,2021,2022,2023,2024",computed,ADF,y,c,0,-2.518467704955608,0.11104534763193535,12.0,-4.137829282407408,-3.1549724074074077,-2.7144769444444443,,0.33313604289580606
wind__IND__balance,balance,wind,IND,13,13,"2012,2013,2014,2015,2016,2017,2018,2019,2020,2021,2022,2023,2024",computed,ADF,logQ,c,0,-1.3358883596941984,0.6125976666619637,12.0,-4.137829282407408,-3.1549724074074077,-2.7144769444444443,,0.706843461533035
wind__IND__balance,balance,wind,IND,13,13,"2012,2013,2014,2015,2016,2017,2018,2019,2020,2021,2022,2023,2024",computed,Engle_Granger,y~logQ,c,0,-2.7119170850108345,0.19532188345940582,,-5.041924722222222,-3.8926869444444443,-3.416772222222222,,0.36274064071032514
wind__IND__balance,balance,wind,IND,13,13,"2012,2013,2014,2015,2016,2017,2018,2019,2020,2021,2022,2023,2024",computed,ADF,y,ct,0,-2.4931931299874712,0.3313738001781269,12.0,-4.988247662037037,-3.865364768518518,-3.382725,,0.6199684669079375
wind__IND__balance,balance,wind,IND,13,13,"2012,2013,2014,2015,2016,2017,2018,2019,2020,2021,2022,2023,2024",computed,ADF,logQ,ct,0,-1.8438364264038274,0.6832470593272001,12.0,-4.988247662037037,-3.865364768518518,-3.382725,,0.854058824159
wind__IND__balance,balance,wind,IND,13,13,"2012,2013,2014,2015,2016,2017,2018,2019,2020,2021,2022,2023,2024",computed,Engle_Granger,y~logQ,ct,0,-2.8150783724712944,0.35084514244365284,,-5.861949166666666,-4.656967222222223,-4.12611324074074,,0.6515695502524982
wind__ITA__balance,balance,wind,ITA,15,15,"2010,2011,2012,2013,2014,2015,2016,2017,2018,2019,2020,2021,2022,2023,2024",computed,ADF,y,c,1,-1.5861964965093036,0.4905236744634553,13.0,-4.068853732362312,-3.1271488757396453,-2.7017297633136095,,0.8088466819793041
wind__ITA__balance,balance,wind,ITA,15,15,"2010,2011,2012,2013,2014,2015,2016,2017,2018,2019,2020,2021,2022,2023,2024",computed,ADF,logQ,c,1,-1.5981938611459579,0.48450069763709064,13.0,-4.068853732362312,-3.1271488757396453,-2.7017297633136095,,0.8088466819793041
wind__ITA__balance,balance,wind,ITA,15,15,"2010,2011,2012,2013,2014,2015,2016,2017,2018,2019,2020,2021,2022,2023,2024",computed,Engle_Granger,y~logQ,c,1,-3.290640216940748,0.056031827761359,,-4.849774693877551,-3.80737693877551,-3.361270408163265,,0.3642068804488335
wind__ITA__balance,balance,wind,ITA,15,15,"2010,2011,2012,2013,2014,2015,2016,2017,2018,2019,2020,2021,2022,2023,2024",computed,ADF,y,ct,1,-2.9934458852256345,0.1339225914251287,13.0,-4.8844381383705056,-3.8223332407828856,-3.3593537778789258,,0.5722197665712404
wind__ITA__balance,balance,wind,ITA,15,15,"2010,2011,2012,2013,2014,2015,2016,2017,2018,2019,2020,2021,2022,2023,2024",computed,ADF,logQ,ct,1,-2.5357422024273832,0.310328833267111,13.0,-4.8844381383705056,-3.8223332407828856,-3.3593537778789258,,0.5818665623758332
wind__ITA__balance,balance,wind,ITA,15,15,"2010,2011,2012,2013,2014,2015,2016,2017,2018,2019,2020,2021,2022,2023,2024",computed,Engle_Granger,y~logQ,ct,1,-3.188045295112614,0.19001652482429515,,-5.612419999999999,-4.521500612244898,-4.03261247813411,,0.6175537056789592
wind__ITA__balance,balance,wind,ITA,15,15,"2010,2011,2012,2013,2014,2015,2016,2017,2018,2019,2020,2021,2022,2023,2024",computed,ADF,y,c,0,-2.2651548843433935,0.18345253676189544,14.0,-4.01203360058309,-3.1041838775510207,-2.6909873469387753,,0.4586313419047386
wind__ITA__balance,balance,wind,ITA,15,15,"2010,2011,2012,2013,2014,2015,2016,2017,2018,2019,2020,2021,2022,2023,2024",computed,ADF,logQ,c,0,-3.233552130506557,0.01812286270944406,14.0,-4.01203360058309,-3.1041838775510207,-2.6909873469387753,,0.2693479371945082
wind__ITA__balance,balance,wind,ITA,15,15,"2010,2011,2012,2013,2014,2015,2016,2017,2018,2019,2020,2021,2022,2023,2024",computed,Engle_Granger,y~logQ,c,0,-4.442122694818838,0.0015220864289525347,,-4.849774693877551,-3.80737693877551,-3.361270408163265,,0.01978712357638295
wind__ITA__balance,balance,wind,ITA,15,15,"2010,2011,2012,2013,2014,2015,2016,2017,2018,2019,2020,2021,2022,2023,2024",computed,ADF,y,ct,0,-4.089053747350002,0.006543824551186052,14.0,-4.7993511224489795,-3.7867277551020404,-3.339917201166181,,0.09815736826779078
wind__ITA__balance,balance,wind,ITA,15,15,"2010,2011,2012,2013,2014,2015,2016,2017,2018,2019,2020,2021,2022,2023,2024",computed,ADF,logQ,ct,0,-2.9908116847987687,0.1346679700083246,14.0,-4.7993511224489795,-3.7867277551020404,-3.339917201166181,,0.45164211662599846
wind__ITA__balance,balance,wind,ITA,15,15,"2010,2011,2012,2013,2014,2015,2016,2017,2018,2019,2020,2021,2022,2023,2024",computed,Engle_Granger,y~logQ,ct,0,-4.043846323798054,0.024157705795826837,,-5.612419999999999,-4.521500612244898,-4.03261247813411,,0.10468339178191628
wind__POL__balance,balance,wind,POL,13,8,"2010,2011,2012,2013,2014,2015,2016,2017",not_computed_fewer_than_10_contiguous_years,ADF,y,c,1,,,,,,,,
wind__POL__balance,balance,wind,POL,13,8,"2010,2011,2012,2013,2014,2015,2016,2017",not_computed_fewer_than_10_contiguous_years,ADF,logQ,c,1,,,,,,,,
wind__POL__balance,balance,wind,POL,13,8,"2010,2011,2012,2013,2014,2015,2016,2017",not_computed_fewer_than_10_contiguous_years,Engle_Granger,y~logQ,c,1,,,,,,,,
wind__POL__balance,balance,wind,POL,13,8,"2010,2011,2012,2013,2014,2015,2016,2017",not_computed_fewer_than_10_contiguous_years,ADF,y,ct,1,,,,,,,,
wind__POL__balance,balance,wind,POL,13,8,"2010,2011,2012,2013,2014,2015,2016,2017",not_computed_fewer_than_10_contiguous_years,ADF,logQ,ct,1,,,,,,,,
wind__POL__balance,balance,wind,POL,13,8,"2010,2011,2012,2013,2014,2015,2016,2017",not_computed_fewer_than_10_contiguous_years,Engle_Granger,y~logQ,ct,1,,,,,,,,
wind__POL__balance,balance,wind,POL,13,8,"2010,2011,2012,2013,2014,2015,2016,2017",not_computed_fewer_than_10_contiguous_years,ADF,y,c,0,,,,,,,,
wind__POL__balance,balance,wind,POL,13,8,"2010,2011,2012,2013,2014,2015,2016,2017",not_computed_fewer_than_10_contiguous_years,ADF,logQ,c,0,,,,,,,,
wind__POL__balance,balance,wind,POL,13,8,"2010,2011,2012,2013,2014,2015,2016,2017",not_computed_fewer_than_10_contiguous_years,Engle_Granger,y~logQ,c,0,,,,,,,,
wind__POL__balance,balance,wind,POL,13,8,"2010,2011,2012,2013,2014,2015,2016,2017",not_computed_fewer_than_10_contiguous_years,ADF,y,ct,0,,,,,,,,
wind__POL__balance,balance,wind,POL,13,8,"2010,2011,2012,2013,2014,2015,2016,2017",not_computed_fewer_than_10_contiguous_years,ADF,logQ,ct,0,,,,,,,,
wind__POL__balance,balance,wind,POL,13,8,"2010,2011,2012,2013,2014,2015,2016,2017",not_computed_fewer_than_10_contiguous_years,Engle_Granger,y~logQ,ct,0,,,,,,,,
wind__SWE__balance,balance,wind,SWE,15,15,"2010,2011,2012,2013,2014,2015,2016,2017,2018,2019,2020,2021,2022,2023,2024",computed,ADF,y,c,1,-1.6952742883364518,0.4335489358041579,13.0,-4.068853732362312,-3.1271488757396453,-2.7017297633136095,,0.8088466819793041
wind__SWE__balance,balance,wind,SWE,15,15,"2010,2011,2012,2013,2014,2015,2016,2017,2018,2019,2020,2021,2022,2023,2024",computed,ADF,logQ,c,1,-1.5981938611459579,0.48450069763709064,13.0,-4.068853732362312,-3.1271488757396453,-2.7017297633136095,,0.8088466819793041
wind__SWE__balance,balance,wind,SWE,15,15,"2010,2011,2012,2013,2014,2015,2016,2017,2018,2019,2020,2021,2022,2023,2024",computed,Engle_Granger,y~logQ,c,1,-2.1477372739261487,0.4514548176282999,,-4.849774693877551,-3.80737693877551,-3.361270408163265,,0.5691238861907415
wind__SWE__balance,balance,wind,SWE,15,15,"2010,2011,2012,2013,2014,2015,2016,2017,2018,2019,2020,2021,2022,2023,2024",computed,ADF,y,ct,1,-2.005548699849938,0.5984078849191304,13.0,-4.8844381383705056,-3.8223332407828856,-3.3593537778789258,,0.7778040172671697
wind__SWE__balance,balance,wind,SWE,15,15,"2010,2011,2012,2013,2014,2015,2016,2017,2018,2019,2020,2021,2022,2023,2024",computed,ADF,logQ,ct,1,-2.5357422024273832,0.310328833267111,13.0,-4.8844381383705056,-3.8223332407828856,-3.3593537778789258,,0.5818665623758332
wind__SWE__balance,balance,wind,SWE,15,15,"2010,2011,2012,2013,2014,2015,2016,2017,2018,2019,2020,2021,2022,2023,2024",computed,Engle_Granger,y~logQ,ct,1,-1.7219654388353167,0.8686915231151902,,-5.612419999999999,-4.521500612244898,-4.03261247813411,,0.912797485150828
wind__SWE__balance,balance,wind,SWE,15,15,"2010,2011,2012,2013,2014,2015,2016,2017,2018,2019,2020,2021,2022,2023,2024",computed,ADF,y,c,0,-2.1666765895039672,0.21856140256557488,14.0,-4.01203360058309,-3.1041838775510207,-2.6909873469387753,,0.4683458626405176
wind__SWE__balance,balance,wind,SWE,15,15,"2010,2011,2012,2013,2014,2015,2016,2017,2018,2019,2020,2021,2022,2023,2024",computed,ADF,logQ,c,0,-3.233552130506557,0.01812286270944406,14.0,-4.01203360058309,-3.1041838775510207,-2.6909873469387753,,0.2693479371945082
wind__SWE__balance,balance,wind,SWE,15,15,"2010,2011,2012,2013,2014,2015,2016,2017,2018,2019,2020,2021,2022,2023,2024",computed,Engle_Granger,y~logQ,c,0,-2.4718019381414624,0.2916448029498535,,-4.849774693877551,-3.80737693877551,-3.361270408163265,,0.37913824383480954
wind__SWE__balance,balance,wind,SWE,15,15,"2010,2011,2012,2013,2014,2015,2016,2017,2018,2019,2020,2021,2022,2023,2024",computed,ADF,y,ct,0,-2.2150557817034686,0.4813813174272745,14.0,-4.7993511224489795,-3.7867277551020404,-3.339917201166181,,0.6564290692190108
wind__SWE__balance,balance,wind,SWE,15,15,"2010,2011,2012,2013,2014,2015,2016,2017,2018,2019,2020,2021,2022,2023,2024",computed,ADF,logQ,ct,0,-2.9908116847987687,0.1346679700083246,14.0,-4.7993511224489795,-3.7867277551020404,-3.339917201166181,,0.45164211662599846
wind__SWE__balance,balance,wind,SWE,15,15,"2010,2011,2012,2013,2014,2015,2016,2017,2018,2019,2020,2021,2022,2023,2024",computed,Engle_Granger,y~logQ,ct,0,-2.3182130233084512,0.6193463779919501,,-5.612419999999999,-4.521500612244898,-4.03261247813411,,0.8841388367169831
wind__TUR__balance,balance,wind,TUR,15,15,"2010,2011,2012,2013,2014,2015,2016,2017,2018,2019,2020,2021,2022,2023,2024",computed,ADF,y,c,1,-1.9642362201235055,0.3024709799100136,13.0,-4.068853732362312,-3.1271488757396453,-2.7017297633136095,,0.8088466819793041
wind__TUR__balance,balance,wind,TUR,15,15,"2010,2011,2012,2013,2014,2015,2016,2017,2018,2019,2020,2021,2022,2023,2024",computed,ADF,logQ,c,1,-1.5981938611459579,0.48450069763709064,13.0,-4.068853732362312,-3.1271488757396453,-2.7017297633136095,,0.8088466819793041
wind__TUR__balance,balance,wind,TUR,15,15,"2010,2011,2012,2013,2014,2015,2016,2017,2018,2019,2020,2021,2022,2023,2024",computed,Engle_Granger,y~logQ,c,1,-2.1237479652128872,0.46396125632674606,,-4.849774693877551,-3.80737693877551,-3.361270408163265,,0.5691238861907415
wind__TUR__balance,balance,wind,TUR,15,15,"2010,2011,2012,2013,2014,2015,2016,2017,2018,2019,2020,2021,2022,2023,2024",computed,ADF,y,ct,1,-1.9614928004201433,0.6222432138137358,13.0,-4.8844381383705056,-3.8223332407828856,-3.3593537778789258,,0.7778040172671697
wind__TUR__balance,balance,wind,TUR,15,15,"2010,2011,2012,2013,2014,2015,2016,2017,2018,2019,2020,2021,2022,2023,2024",computed,ADF,logQ,ct,1,-2.5357422024273832,0.310328833267111,13.0,-4.8844381383705056,-3.8223332407828856,-3.3593537778789258,,0.5818665623758332
wind__TUR__balance,balance,wind,TUR,15,15,"2010,2011,2012,2013,2014,2015,2016,2017,2018,2019,2020,2021,2022,2023,2024",computed,Engle_Granger,y~logQ,ct,1,-2.5875226224376244,0.47189311740011874,,-5.612419999999999,-4.521500612244898,-4.03261247813411,,0.7668263157751929
wind__TUR__balance,balance,wind,TUR,15,15,"2010,2011,2012,2013,2014,2015,2016,2017,2018,2019,2020,2021,2022,2023,2024",computed,ADF,y,c,0,-2.7650363619072005,0.0634442388720322,14.0,-4.01203360058309,-3.1041838775510207,-2.6909873469387753,,0.27091578405545086
wind__TUR__balance,balance,wind,TUR,15,15,"2010,2011,2012,2013,2014,2015,2016,2017,2018,2019,2020,2021,2022,2023,2024",computed,ADF,logQ,c,0,-3.233552130506557,0.01812286270944406,14.0,-4.01203360058309,-3.1041838775510207,-2.6909873469387753,,0.2693479371945082
wind__TUR__balance,balance,wind,TUR,15,15,"2010,2011,2012,2013,2014,2015,2016,2017,2018,2019,2020,2021,2022,2023,2024",computed,Engle_Granger,y~logQ,c,0,-2.9618725504407637,0.11954883800586791,,-4.849774693877551,-3.80737693877551,-3.361270408163265,,0.25902248234604713
wind__TUR__balance,balance,wind,TUR,15,15,"2010,2011,2012,2013,2014,2015,2016,2017,2018,2019,2020,2021,2022,2023,2024",computed,ADF,y,ct,0,-2.763258015997222,0.2107663210921326,14.0,-4.7993511224489795,-3.7867277551020404,-3.339917201166181,,0.45164211662599846
wind__TUR__balance,balance,wind,TUR,15,15,"2010,2011,2012,2013,2014,2015,2016,2017,2018,2019,2020,2021,2022,2023,2024",computed,ADF,logQ,ct,0,-2.9908116847987687,0.1346679700083246,14.0,-4.7993511224489795,-3.7867277551020404,-3.339917201166181,,0.45164211662599846
wind__TUR__balance,balance,wind,TUR,15,15,"2010,2011,2012,2013,2014,2015,2016,2017,2018,2019,2020,2021,2022,2023,2024",computed,Engle_Granger,y~logQ,ct,0,-3.3200684417218893,0.1462042923783355,,-5.612419999999999,-4.521500612244898,-4.03261247813411,,0.4119166031244846
wind__USA__balance,balance,wind,USA,15,15,"2010,2011,2012,2013,2014,2015,2016,2017,2018,2019,2020,2021,2022,2023,2024",computed,ADF,y,c,1,-1.2411832282552864,0.6556337079439687,13.0,-4.068853732362312,-3.1271488757396453,-2.7017297633136095,,0.8088466819793041
wind__USA__balance,balance,wind,USA,15,15,"2010,2011,2012,2013,2014,2015,2016,2017,2018,2019,2020,2021,2022,2023,2024",computed,ADF,logQ,c,1,-1.5981938611459579,0.48450069763709064,13.0,-4.068853732362312,-3.1271488757396453,-2.7017297633136095,,0.8088466819793041
wind__USA__balance,balance,wind,USA,15,15,"2010,2011,2012,2013,2014,2015,2016,2017,2018,2019,2020,2021,2022,2023,2024",computed,Engle_Granger,y~logQ,c,1,-2.29463643564207,0.3762321903063416,,-4.849774693877551,-3.80737693877551,-3.361270408163265,,0.5691238861907415
wind__USA__balance,balance,wind,USA,15,15,"2010,2011,2012,2013,2014,2015,2016,2017,2018,2019,2020,2021,2022,2023,2024",computed,ADF,y,ct,1,-2.269337773507058,0.45097849245353977,13.0,-4.8844381383705056,-3.8223332407828856,-3.3593537778789258,,0.7516308207558996
wind__USA__balance,balance,wind,USA,15,15,"2010,2011,2012,2013,2014,2015,2016,2017,2018,2019,2020,2021,2022,2023,2024",computed,ADF,logQ,ct,1,-2.5357422024273832,0.310328833267111,13.0,-4.8844381383705056,-3.8223332407828856,-3.3593537778789258,,0.5818665623758332
wind__USA__balance,balance,wind,USA,15,15,"2010,2011,2012,2013,2014,2015,2016,2017,2018,2019,2020,2021,2022,2023,2024",computed,Engle_Granger,y~logQ,ct,1,-2.709537459368596,0.40564086374785,,-5.612419999999999,-4.521500612244898,-4.03261247813411,,0.7533330326745786
wind__USA__balance,balance,wind,USA,15,15,"2010,2011,2012,2013,2014,2015,2016,2017,2018,2019,2020,2021,2022,2023,2024",computed,ADF,y,c,0,-1.5674075974382726,0.4999419517133938,14.0,-4.01203360058309,-3.1041838775510207,-2.6909873469387753,,0.6585502915747241
wind__USA__balance,balance,wind,USA,15,15,"2010,2011,2012,2013,2014,2015,2016,2017,2018,2019,2020,2021,2022,2023,2024",computed,ADF,logQ,c,0,-3.233552130506557,0.01812286270944406,14.0,-4.01203360058309,-3.1041838775510207,-2.6909873469387753,,0.2693479371945082
wind__USA__balance,balance,wind,USA,15,15,"2010,2011,2012,2013,2014,2015,2016,2017,2018,2019,2020,2021,2022,2023,2024",computed,Engle_Granger,y~logQ,c,0,-3.0430153105590523,0.10033132670991418,,-4.849774693877551,-3.80737693877551,-3.361270408163265,,0.25902248234604713
wind__USA__balance,balance,wind,USA,15,15,"2010,2011,2012,2013,2014,2015,2016,2017,2018,2019,2020,2021,2022,2023,2024",computed,ADF,y,ct,0,-2.9085700263477823,0.1594602287582666,14.0,-4.7993511224489795,-3.7867277551020404,-3.339917201166181,,0.45164211662599846
wind__USA__balance,balance,wind,USA,15,15,"2010,2011,2012,2013,2014,2015,2016,2017,2018,2019,2020,2021,2022,2023,2024",computed,ADF,logQ,ct,0,-2.9908116847987687,0.1346679700083246,14.0,-4.7993511224489795,-3.7867277551020404,-3.339917201166181,,0.45164211662599846
wind__USA__balance,balance,wind,USA,15,15,"2010,2011,2012,2013,2014,2015,2016,2017,2018,2019,2020,2021,2022,2023,2024",computed,Engle_Granger,y~logQ,ct,0,-3.0711815925728247,0.23395694772688558,,-5.612419999999999,-4.521500612244898,-4.03261247813411,,0.5069067200749188
