country,technology_label,grid,year,capacity_mw,capacity_source_value,capacity_missing_assumed_zero,technology,is_regional_aggregate
Afghanistan,Solar photovoltaic,OnGrid,2000,0.0,-,True,pv,False
Afghanistan,Solar photovoltaic,OnGrid,2001,0.0,-,True,pv,False
Afghanistan,Solar photovoltaic,OnGrid,2002,0.0,-,True,pv,False
Afghanistan,Solar photovoltaic,OnGrid,2003,0.0,-,True,pv,False
Afghanistan,Solar photovoltaic,OnGrid,2004,0.0,-,True,pv,False
Afghanistan,Solar photovoltaic,OnGrid,2005,0.0,-,True,pv,False
Afghanistan,Solar photovoltaic,OnGrid,2006,0.0,-,True,pv,False
Afghanistan,Solar photovoltaic,OnGrid,2007,0.0,-,True,pv,False
Afghanistan,Solar photovoltaic,OnGrid,2008,0.0,-,True,pv,False
Afghanistan,Solar photovoltaic,OnGrid,2009,0.0,-,True,pv,False
Afghanistan,Solar photovoltaic,OnGrid,2010,0.0,-,True,pv,False
Afghanistan,Solar photovoltaic,OnGrid,2011,0.0,-,True,pv,False
Afghanistan,Solar photovoltaic,OnGrid,2012,0.0,-,True,pv,False
Afghanistan,Solar photovoltaic,OnGrid,2013,0.0,-,True,pv,False
Afghanistan,Solar photovoltaic,OnGrid,2014,0.0,-,True,pv,False
Afghanistan,Solar photovoltaic,OnGrid,2015,0.0,-,True,pv,False
Afghanistan,Solar photovoltaic,OnGrid,2016,0.0,-,True,pv,False
Afghanistan,Solar photovoltaic,OnGrid,2017,1.7,1.7,False,pv,False
Afghanistan,Solar photovoltaic,OnGrid,2018,1.7,1.7,False,pv,False
Afghanistan,Solar photovoltaic,OnGrid,2019,31.7,31.7,False,pv,False
Afghanistan,Solar photovoltaic,OnGrid,2020,31.7,31.7,False,pv,False
Afghanistan,Solar photovoltaic,OnGrid,2021,31.7,31.7,False,pv,False
Afghanistan,Solar photovoltaic,OnGrid,2022,31.7,31.7,False,pv,False
Afghanistan,Solar photovoltaic,OnGrid,2023,31.7,31.7,False,pv,False
Afghanistan,Solar photovoltaic,OnGrid,2024,41.7,41.7,False,pv,False
Afghanistan,Onshore wind energy,OnGrid,2000,0.0,-,True,wind,False
Afghanistan,Onshore wind energy,OnGrid,2001,0.0,-,True,wind,False
Afghanistan,Onshore wind energy,OnGrid,2002,0.0,-,True,wind,False
Afghanistan,Onshore wind energy,OnGrid,2003,0.0,-,True,wind,False
Afghanistan,Onshore wind energy,OnGrid,2004,0.0,-,True,wind,False
Afghanistan,Onshore wind energy,OnGrid,2005,0.0,-,True,wind,False
Afghanistan,Onshore wind energy,OnGrid,2006,0.0,-,True,wind,False
Afghanistan,Onshore wind energy,OnGrid,2007,0.0,-,True,wind,False
Afghanistan,Onshore wind energy,OnGrid,2008,0.0,-,True,wind,False
Afghanistan,Onshore wind energy,OnGrid,2009,0.0,-,True,wind,False
Afghanistan,Onshore wind energy,OnGrid,2010,0.0,-,True,wind,False
Afghanistan,Onshore wind energy,OnGrid,2011,0.0,-,True,wind,False
Afghanistan,Onshore wind energy,OnGrid,2012,0.0,-,True,wind,False
Afghanistan,Onshore wind energy,OnGrid,2013,0.0,-,True,wind,False
Afghanistan,Onshore wind energy,OnGrid,2014,0.0,-,True,wind,False
Afghanistan,Onshore wind energy,OnGrid,2015,0.0,-,True,wind,False
Afghanistan,Onshore wind energy,OnGrid,2016,0.0,-,True,wind,False
Afghanistan,Onshore wind energy,OnGrid,2017,0.3,0.3,False,wind,False
Afghanistan,Onshore wind energy,OnGrid,2018,0.3,0.3,False,wind,False
Afghanistan,Onshore wind energy,OnGrid,2019,0.3,0.3,False,wind,False
Afghanistan,Onshore wind energy,OnGrid,2020,0.3,0.3,False,wind,False
Afghanistan,Onshore wind energy,OnGrid,2021,0.3,0.3,False,wind,False
Afghanistan,Onshore wind energy,OnGrid,2022,0.3,0.3,False,wind,False
Afghanistan,Onshore wind energy,OnGrid,2023,0.3,0.3,False,wind,False
Afghanistan,Onshore wind energy,OnGrid,2024,0.3,0.3,False,wind,False
Albania,Solar photovoltaic,OnGrid,2000,0.0,-,True,pv,False
Albania,Solar photovoltaic,OnGrid,2001,0.1,0.1,False,pv,False
Albania,Solar photovoltaic,OnGrid,2002,0.2,0.2,False,pv,False
Albania,Solar photovoltaic,OnGrid,2003,0.2,0.2,False,pv,False
Albania,Solar photovoltaic,OnGrid,2004,0.2,0.2,False,pv,False
Albania,Solar photovoltaic,OnGrid,2005,0.2,0.2,False,pv,False
Albania,Solar photovoltaic,OnGrid,2006,0.2,0.2,False,pv,False
Albania,Solar photovoltaic,OnGrid,2007,0.2,0.2,False,pv,False
Albania,Solar photovoltaic,OnGrid,2008,0.2,0.2,False,pv,False
Albania,Solar photovoltaic,OnGrid,2009,0.3,0.3,False,pv,False
Albania,Solar photovoltaic,OnGrid,2010,0.4,0.4,False,pv,False
Albania,Solar photovoltaic,OnGrid,2011,0.56,0.56,False,pv,False
Albania,Solar photovoltaic,OnGrid,2012,0.68,0.68,False,pv,False
Albania,Solar photovoltaic,OnGrid,2013,0.76,0.76,False,pv,False
Albania,Solar photovoltaic,OnGrid,2014,0.87,0.87,False,pv,False
Albania,Solar photovoltaic,OnGrid,2015,1.05,1.05,False,pv,False
Albania,Solar photovoltaic,OnGrid,2016,1.0,1,False,pv,False
Albania,Solar photovoltaic,OnGrid,2017,1.0,1,False,pv,False
Albania,Solar photovoltaic,OnGrid,2018,1.0,1,False,pv,False
Albania,Solar photovoltaic,OnGrid,2019,14.0,14,False,pv,False
Albania,Solar photovoltaic,OnGrid,2020,21.0,21,False,pv,False
Albania,Solar photovoltaic,OnGrid,2021,23.0,23,False,pv,False
Albania,Solar photovoltaic,OnGrid,2022,100.14,100.14,False,pv,False
Albania,Solar photovoltaic,OnGrid,2023,206.73,206.73,False,pv,False
Albania,Solar photovoltaic,OnGrid,2024,719.57,719.57,False,pv,False
Albania,Onshore wind energy,OnGrid,2000,0.0,-,True,wind,False
Albania,Onshore wind energy,OnGrid,2001,0.0,-,True,wind,False
Albania,Onshore wind energy,OnGrid,2002,0.0,-,True,wind,False
Albania,Onshore wind energy,OnGrid,2003,0.0,-,True,wind,False
Albania,Onshore wind energy,OnGrid,2004,0.0,-,True,wind,False
Albania,Onshore wind energy,OnGrid,2005,0.0,-,True,wind,False
Albania,Onshore wind energy,OnGrid,2006,0.0,-,True,wind,False
Albania,Onshore wind energy,OnGrid,2007,0.0,-,True,wind,False
Albania,Onshore wind energy,OnGrid,2008,0.0,-,True,wind,False
Albania,Onshore wind energy,OnGrid,2009,0.0,-,True,wind,False
Albania,Onshore wind energy,OnGrid,2010,0.0,-,True,wind,False
Albania,Onshore wind energy,OnGrid,2011,0.0,-,True,wind,False
Albania,Onshore wind energy,OnGrid,2012,0.0,-,True,wind,False
Albania,Onshore wind energy,OnGrid,2013,0.0,-,True,wind,False
Albania,Onshore wind energy,OnGrid,2014,0.0,-,True,wind,False
Albania,Onshore wind energy,OnGrid,2015,0.0,-,True,wind,False
Albania,Onshore wind energy,OnGrid,2016,0.0,-,True,wind,False
Albania,Onshore wind energy,OnGrid,2017,0.0,-,True,wind,False
Albania,Onshore wind energy,OnGrid,2018,0.0,-,True,wind,False
Albania,Onshore wind energy,OnGrid,2019,0.0,-,True,wind,False
Albania,Onshore wind energy,OnGrid,2020,0.0,-,True,wind,False
Albania,Onshore wind energy,OnGrid,2021,0.0,-,True,wind,False
Albania,Onshore wind energy,OnGrid,2022,0.0,-,True,wind,False
Albania,Onshore wind energy,OnGrid,2023,0.0,-,True,wind,False
Albania,Onshore wind energy,OnGrid,2024,0.0,-,True,wind,False
Algeria,Solar photovoltaic,OnGrid,2000,0.0,-,True,pv,False
Algeria,Solar photovoltaic,OnGrid,2001,0.0,-,True,pv,False
Algeria,Solar photovoltaic,OnGrid,2002,0.0,-,True,pv,False
Algeria,Solar photovoltaic,OnGrid,2003,0.0,-,True,pv,False
Algeria,Solar photovoltaic,OnGrid,2004,0.0,-,True,pv,False
Algeria,Solar photovoltaic,OnGrid,2005,0.0,-,True,pv,False
Algeria,Solar photovoltaic,OnGrid,2006,0.0,-,True,pv,False
Algeria,Solar photovoltaic,OnGrid,2007,0.0,-,True,pv,False
Algeria,Solar photovoltaic,OnGrid,2008,0.0,-,True,pv,False
Algeria,Solar photovoltaic,OnGrid,2009,0.0,-,True,pv,False
Algeria,Solar photovoltaic,OnGrid,2010,0.0,-,True,pv,False
Algeria,Solar photovoltaic,OnGrid,2011,0.0,-,True,pv,False
Algeria,Solar photovoltaic,OnGrid,2012,0.0,-,True,pv,False
Algeria,Solar photovoltaic,OnGrid,2013,0.0,-,True,pv,False
Algeria,Solar photovoltaic,OnGrid,2014,2.2,2.2,False,pv,False
Algeria,Solar photovoltaic,OnGrid,2015,17.2,17.2,False,pv,False
Algeria,Solar photovoltaic,OnGrid,2016,217.2,217.2,False,pv,False
Algeria,Solar photovoltaic,OnGrid,2017,310.2,310.2,False,pv,False
Algeria,Solar photovoltaic,OnGrid,2018,322.2,322.2,False,pv,False
Algeria,Solar photovoltaic,OnGrid,2019,322.2,322.2,False,pv,False
Algeria,Solar photovoltaic,OnGrid,2020,322.2,322.2,False,pv,False
Algeria,Solar photovoltaic,OnGrid,2021,322.2,322.2,False,pv,False
Algeria,Solar photovoltaic,OnGrid,2022,386.96,386.96,False,pv,False
Algeria,Solar photovoltaic,OnGrid,2023,388.95,388.95,False,pv,False
Algeria,Solar photovoltaic,OnGrid,2024,388.95,388.95,False,pv,False
Algeria,Onshore wind energy,OnGrid,2000,0.0,-,True,wind,False
Algeria,Onshore wind energy,OnGrid,2001,0.0,-,True,wind,False
Algeria,Onshore wind energy,OnGrid,2002,0.0,-,True,wind,False
Algeria,Onshore wind energy,OnGrid,2003,0.0,-,True,wind,False
Algeria,Onshore wind energy,OnGrid,2004,0.0,-,True,wind,False
Algeria,Onshore wind energy,OnGrid,2005,0.0,-,True,wind,False
Algeria,Onshore wind energy,OnGrid,2006,0.0,-,True,wind,False
Algeria,Onshore wind energy,OnGrid,2007,0.0,-,True,wind,False
Algeria,Onshore wind energy,OnGrid,2008,0.0,-,True,wind,False
Algeria,Onshore wind energy,OnGrid,2009,0.0,-,True,wind,False
Algeria,Onshore wind energy,OnGrid,2010,0.0,-,True,wind,False
Algeria,Onshore wind energy,OnGrid,2011,0.0,-,True,wind,False
Algeria,Onshore wind energy,OnGrid,2012,0.0,-,True,wind,False
Algeria,Onshore wind energy,OnGrid,2013,0.0,-,True,wind,False
Algeria,Onshore wind energy,OnGrid,2014,0.0,-,True,wind,False
Algeria,Onshore wind energy,OnGrid,2015,0.0,-,True,wind,False
Algeria,Onshore wind energy,OnGrid,2016,0.0,-,True,wind,False
Algeria,Onshore wind energy,OnGrid,2017,0.0,-,True,wind,False
Algeria,Onshore wind energy,OnGrid,2018,0.0,-,True,wind,False
Algeria,Onshore wind energy,OnGrid,2019,0.0,-,True,wind,False
Algeria,Onshore wind energy,OnGrid,2020,0.0,-,True,wind,False
Algeria,Onshore wind energy,OnGrid,2021,0.0,-,True,wind,False
Algeria,Onshore wind energy,OnGrid,2022,0.0,-,True,wind,False
Algeria,Onshore wind energy,OnGrid,2023,0.0,-,True,wind,False
Algeria,Onshore wind energy,OnGrid,2024,0.0,-,True,wind,False
Amer Samoa,Solar photovoltaic,OnGrid,2000,0.0,-,True,pv,False
Amer Samoa,Solar photovoltaic,OnGrid,2001,0.0,-,True,pv,False
Amer Samoa,Solar photovoltaic,OnGrid,2002,0.0,-,True,pv,False
Amer Samoa,Solar photovoltaic,OnGrid,2003,0.0,-,True,pv,False
Amer Samoa,Solar photovoltaic,OnGrid,2004,0.0,-,True,pv,False
Amer Samoa,Solar photovoltaic,OnGrid,2005,0.0,-,True,pv,False
Amer Samoa,Solar photovoltaic,OnGrid,2006,0.0,-,True,pv,False
Amer Samoa,Solar photovoltaic,OnGrid,2007,0.0,-,True,pv,False
Amer Samoa,Solar photovoltaic,OnGrid,2008,0.0,-,True,pv,False
Amer Samoa,Solar photovoltaic,OnGrid,2009,0.0,-,True,pv,False
Amer Samoa,Solar photovoltaic,OnGrid,2010,0.0,-,True,pv,False
Amer Samoa,Solar photovoltaic,OnGrid,2011,0.0,-,True,pv,False
Amer Samoa,Solar photovoltaic,OnGrid,2012,2.42,2.42,False,pv,False
Amer Samoa,Solar photovoltaic,OnGrid,2013,2.42,2.42,False,pv,False
Amer Samoa,Solar photovoltaic,OnGrid,2014,2.42,2.42,False,pv,False
Amer Samoa,Solar photovoltaic,OnGrid,2015,2.42,2.42,False,pv,False
Amer Samoa,Solar photovoltaic,OnGrid,2016,2.42,2.42,False,pv,False
Amer Samoa,Solar photovoltaic,OnGrid,2017,2.42,2.42,False,pv,False
Amer Samoa,Solar photovoltaic,OnGrid,2018,3.31,3.31,False,pv,False
Amer Samoa,Solar photovoltaic,OnGrid,2019,3.31,3.31,False,pv,False
Amer Samoa,Solar photovoltaic,OnGrid,2020,3.31,3.31,False,pv,False
Amer Samoa,Solar photovoltaic,OnGrid,2021,3.31,3.31,False,pv,False
Amer Samoa,Solar photovoltaic,OnGrid,2022,5.61,5.61,False,pv,False
Amer Samoa,Solar photovoltaic,OnGrid,2023,5.61,5.61,False,pv,False
Amer Samoa,Solar photovoltaic,OnGrid,2024,5.61,5.61,False,pv,False
Amer Samoa,Onshore wind energy,OnGrid,2000,0.0,-,True,wind,False
Amer Samoa,Onshore wind energy,OnGrid,2001,0.0,-,True,wind,False
Amer Samoa,Onshore wind energy,OnGrid,2002,0.0,-,True,wind,False
Amer Samoa,Onshore wind energy,OnGrid,2003,0.0,-,True,wind,False
Amer Samoa,Onshore wind energy,OnGrid,2004,0.0,-,True,wind,False
Amer Samoa,Onshore wind energy,OnGrid,2005,0.0,-,True,wind,False
Amer Samoa,Onshore wind energy,OnGrid,2006,0.0,-,True,wind,False
Amer Samoa,Onshore wind energy,OnGrid,2007,0.0,-,True,wind,False
Amer Samoa,Onshore wind energy,OnGrid,2008,0.0,-,True,wind,False
Amer Samoa,Onshore wind energy,OnGrid,2009,0.0,-,True,wind,False
Amer Samoa,Onshore wind energy,OnGrid,2010,0.0,-,True,wind,False
Amer Samoa,Onshore wind energy,OnGrid,2011,0.0,-,True,wind,False
Amer Samoa,Onshore wind energy,OnGrid,2012,0.0,-,True,wind,False
Amer Samoa,Onshore wind energy,OnGrid,2013,0.0,-,True,wind,False
Amer Samoa,Onshore wind energy,OnGrid,2014,0.0,-,True,wind,False
Amer Samoa,Onshore wind energy,OnGrid,2015,0.0,-,True,wind,False
Amer Samoa,Onshore wind energy,OnGrid,2016,0.0,-,True,wind,False
Amer Samoa,Onshore wind energy,OnGrid,2017,0.0,-,True,wind,False
Amer Samoa,Onshore wind energy,OnGrid,2018,0.0,-,True,wind,False
Amer Samoa,Onshore wind energy,OnGrid,2019,0.0,-,True,wind,False
Amer Samoa,Onshore wind energy,OnGrid,2020,0.0,-,True,wind,False
Amer Samoa,Onshore wind energy,OnGrid,2021,0.0,-,True,wind,False
Amer Samoa,Onshore wind energy,OnGrid,2022,0.0,-,True,wind,False
Amer Samoa,Onshore wind energy,OnGrid,2023,0.0,-,True,wind,False
Amer Samoa,Onshore wind energy,OnGrid,2024,0.0,-,True,wind,False
Andorra,Solar photovoltaic,OnGrid,2000,0.0,-,True,pv,False
Andorra,Solar photovoltaic,OnGrid,2001,0.0,-,True,pv,False
Andorra,Solar photovoltaic,OnGrid,2002,0.0,-,True,pv,False
Andorra,Solar photovoltaic,OnGrid,2003,0.0,-,True,pv,False
Andorra,Solar photovoltaic,OnGrid,2004,0.0,-,True,pv,False
Andorra,Solar photovoltaic,OnGrid,2005,0.0,-,True,pv,False
Andorra,Solar photovoltaic,OnGrid,2006,0.0,-,True,pv,False
Andorra,Solar photovoltaic,OnGrid,2007,0.0,-,True,pv,False
Andorra,Solar photovoltaic,OnGrid,2008,0.0,-,True,pv,False
Andorra,Solar photovoltaic,OnGrid,2009,0.0,-,True,pv,False
Andorra,Solar photovoltaic,OnGrid,2010,0.0,-,True,pv,False
Andorra,Solar photovoltaic,OnGrid,2011,0.0,-,True,pv,False
Andorra,Solar photovoltaic,OnGrid,2012,0.0,-,True,pv,False
Andorra,Solar photovoltaic,OnGrid,2013,0.13,0.13,False,pv,False
Andorra,Solar photovoltaic,OnGrid,2014,0.13,0.13,False,pv,False
Andorra,Solar photovoltaic,OnGrid,2015,0.19,0.19,False,pv,False
Andorra,Solar photovoltaic,OnGrid,2016,0.2,0.2,False,pv,False
Andorra,Solar photovoltaic,OnGrid,2017,0.26,0.26,False,pv,False
Andorra,Solar photovoltaic,OnGrid,2018,0.37,0.37,False,pv,False
Andorra,Solar photovoltaic,OnGrid,2019,0.53,0.53,False,pv,False
Andorra,Solar photovoltaic,OnGrid,2020,0.64,0.64,False,pv,False
Andorra,Solar photovoltaic,OnGrid,2021,1.05,1.05,False,pv,False
Andorra,Solar photovoltaic,OnGrid,2022,1.82,1.82,False,pv,False
Andorra,Solar photovoltaic,OnGrid,2023,4.81,4.81,False,pv,False
Andorra,Solar photovoltaic,OnGrid,2024,6.81,6.81,False,pv,False
Andorra,Onshore wind energy,OnGrid,2000,0.0,-,True,wind,False
Andorra,Onshore wind energy,OnGrid,2001,0.0,-,True,wind,False
Andorra,Onshore wind energy,OnGrid,2002,0.0,-,True,wind,False
Andorra,Onshore wind energy,OnGrid,2003,0.0,-,True,wind,False
Andorra,Onshore wind energy,OnGrid,2004,0.0,-,True,wind,False
Andorra,Onshore wind energy,OnGrid,2005,0.0,-,True,wind,False
Andorra,Onshore wind energy,OnGrid,2006,0.0,-,True,wind,False
Andorra,Onshore wind energy,OnGrid,2007,0.0,-,True,wind,False
Andorra,Onshore wind energy,OnGrid,2008,0.0,-,True,wind,False
Andorra,Onshore wind energy,OnGrid,2009,0.0,-,True,wind,False
Andorra,Onshore wind energy,OnGrid,2010,0.0,-,True,wind,False
Andorra,Onshore wind energy,OnGrid,2011,0.0,-,True,wind,False
Andorra,Onshore wind energy,OnGrid,2012,0.0,-,True,wind,False
Andorra,Onshore wind energy,OnGrid,2013,0.0,-,True,wind,False
Andorra,Onshore wind energy,OnGrid,2014,0.0,-,True,wind,False
Andorra,Onshore wind energy,OnGrid,2015,0.0,-,True,wind,False
Andorra,Onshore wind energy,OnGrid,2016,0.0,-,True,wind,False
Andorra,Onshore wind energy,OnGrid,2017,0.0,-,True,wind,False
Andorra,Onshore wind energy,OnGrid,2018,0.0,-,True,wind,False
Andorra,Onshore wind energy,OnGrid,2019,0.0,-,True,wind,False
Andorra,Onshore wind energy,OnGrid,2020,0.0,-,True,wind,False
Andorra,Onshore wind energy,OnGrid,2021,0.0,-,True,wind,False
Andorra,Onshore wind energy,OnGrid,2022,0.0,-,True,wind,False
Andorra,Onshore wind energy,OnGrid,2023,0.0,-,True,wind,False
Andorra,Onshore wind energy,OnGrid,2024,0.0,-,True,wind,False
Angola,Solar photovoltaic,OnGrid,2000,0.0,-,True,pv,False
Angola,Solar photovoltaic,OnGrid,2001,0.0,-,True,pv,False
Angola,Solar photovoltaic,OnGrid,2002,0.0,-,True,pv,False
Angola,Solar photovoltaic,OnGrid,2003,0.0,-,True,pv,False
Angola,Solar photovoltaic,OnGrid,2004,0.0,-,True,pv,False
Angola,Solar photovoltaic,OnGrid,2005,0.0,-,True,pv,False
Angola,Solar photovoltaic,OnGrid,2006,0.0,-,True,pv,False
Angola,Solar photovoltaic,OnGrid,2007,0.0,-,True,pv,False
Angola,Solar photovoltaic,OnGrid,2008,0.0,-,True,pv,False
Angola,Solar photovoltaic,OnGrid,2009,0.0,-,True,pv,False
Angola,Solar photovoltaic,OnGrid,2010,0.0,-,True,pv,False
Angola,Solar photovoltaic,OnGrid,2011,0.0,-,True,pv,False
Angola,Solar photovoltaic,OnGrid,2012,0.0,-,True,pv,False
Angola,Solar photovoltaic,OnGrid,2013,0.0,-,True,pv,False
Angola,Solar photovoltaic,OnGrid,2014,0.0,-,True,pv,False
Angola,Solar photovoltaic,OnGrid,2015,0.0,-,True,pv,False
Angola,Solar photovoltaic,OnGrid,2016,0.0,-,True,pv,False
Angola,Solar photovoltaic,OnGrid,2017,0.0,-,True,pv,False
Angola,Solar photovoltaic,OnGrid,2018,0.0,-,True,pv,False
Angola,Solar photovoltaic,OnGrid,2019,0.0,-,True,pv,False
Angola,Solar photovoltaic,OnGrid,2020,0.0,-,True,pv,False
Angola,Solar photovoltaic,OnGrid,2021,0.0,-,True,pv,False
Angola,Solar photovoltaic,OnGrid,2022,284.0,284,False,pv,False
Angola,Solar photovoltaic,OnGrid,2023,309.0,309,False,pv,False
Angola,Solar photovoltaic,OnGrid,2024,360.43,360.43,False,pv,False
Angola,Onshore wind energy,OnGrid,2000,0.0,-,True,wind,False
Angola,Onshore wind energy,OnGrid,2001,0.0,-,True,wind,False
Angola,Onshore wind energy,OnGrid,2002,0.0,-,True,wind,False
Angola,Onshore wind energy,OnGrid,2003,0.0,-,True,wind,False
Angola,Onshore wind energy,OnGrid,2004,0.0,-,True,wind,False
Angola,Onshore wind energy,OnGrid,2005,0.0,-,True,wind,False
Angola,Onshore wind energy,OnGrid,2006,0.0,-,True,wind,False
Angola,Onshore wind energy,OnGrid,2007,0.0,-,True,wind,False
Angola,Onshore wind energy,OnGrid,2008,0.0,-,True,wind,False
Angola,Onshore wind energy,OnGrid,2009,0.0,-,True,wind,False
Angola,Onshore wind energy,OnGrid,2010,0.0,-,True,wind,False
Angola,Onshore wind energy,OnGrid,2011,0.0,-,True,wind,False
Angola,Onshore wind energy,OnGrid,2012,0.0,-,True,wind,False
Angola,Onshore wind energy,OnGrid,2013,0.0,-,True,wind,False
Angola,Onshore wind energy,OnGrid,2014,0.0,-,True,wind,False
Angola,Onshore wind energy,OnGrid,2015,0.0,-,True,wind,False
Angola,Onshore wind energy,OnGrid,2016,0.0,-,True,wind,False
Angola,Onshore wind energy,OnGrid,2017,0.0,-,True,wind,False
Angola,Onshore wind energy,OnGrid,2018,0.0,-,True,wind,False
Angola,Onshore wind energy,OnGrid,2019,0.0,-,True,wind,False
Angola,Onshore wind energy,OnGrid,2020,0.0,-,True,wind,False
Angola,Onshore wind energy,OnGrid,2021,0.0,-,True,wind,False
Angola,Onshore wind energy,OnGrid,2022,0.0,-,True,wind,False
Angola,Onshore wind energy,OnGrid,2023,0.0,-,True,wind,False
Angola,Onshore wind energy,OnGrid,2024,0.0,-,True,wind,False
Anguilla,Solar photovoltaic,OnGrid,2000,0.0,-,True,pv,False
Anguilla,Solar photovoltaic,OnGrid,2001,0.0,-,True,pv,False
Anguilla,Solar photovoltaic,OnGrid,2002,0.0,-,True,pv,False
Anguilla,Solar photovoltaic,OnGrid,2003,0.0,-,True,pv,False
Anguilla,Solar photovoltaic,OnGrid,2004,0.0,-,True,pv,False
Anguilla,Solar photovoltaic,OnGrid,2005,0.0,-,True,pv,False
Anguilla,Solar photovoltaic,OnGrid,2006,0.0,-,True,pv,False
Anguilla,Solar photovoltaic,OnGrid,2007,0.0,-,True,pv,False
Anguilla,Solar photovoltaic,OnGrid,2008,0.0,-,True,pv,False
Anguilla,Solar photovoltaic,OnGrid,2009,0.0,-,True,pv,False
Anguilla,Solar photovoltaic,OnGrid,2010,0.0,-,True,pv,False
Anguilla,Solar photovoltaic,OnGrid,2011,0.0,-,True,pv,False
Anguilla,Solar photovoltaic,OnGrid,2012,0.06,0.06,False,pv,False
Anguilla,Solar photovoltaic,OnGrid,2013,0.06,0.06,False,pv,False
Anguilla,Solar photovoltaic,OnGrid,2014,1.17,1.17,False,pv,False
Anguilla,Solar photovoltaic,OnGrid,2015,1.17,1.17,False,pv,False
Anguilla,Solar photovoltaic,OnGrid,2016,2.27,2.27,False,pv,False
Anguilla,Solar photovoltaic,OnGrid,2017,2.27,2.27,False,pv,False
Anguilla,Solar photovoltaic,OnGrid,2018,1.17,1.17,False,pv,False
Anguilla,Solar photovoltaic,OnGrid,2019,1.54,1.54,False,pv,False
Anguilla,Solar photovoltaic,OnGrid,2020,1.54,1.54,False,pv,False
Anguilla,Solar photovoltaic,OnGrid,2021,1.54,1.54,False,pv,False
Anguilla,Solar photovoltaic,OnGrid,2022,1.54,1.54,False,pv,False
Anguilla,Solar photovoltaic,OnGrid,2023,1.54,1.54,False,pv,False
Anguilla,Solar photovoltaic,OnGrid,2024,1.54,1.54,False,pv,False
Anguilla,Onshore wind energy,OnGrid,2000,0.0,-,True,wind,False
Anguilla,Onshore wind energy,OnGrid,2001,0.0,-,True,wind,False
Anguilla,Onshore wind energy,OnGrid,2002,0.0,-,True,wind,False
Anguilla,Onshore wind energy,OnGrid,2003,0.0,-,True,wind,False
Anguilla,Onshore wind energy,OnGrid,2004,0.0,-,True,wind,False
Anguilla,Onshore wind energy,OnGrid,2005,0.0,-,True,wind,False
Anguilla,Onshore wind energy,OnGrid,2006,0.0,-,True,wind,False
Anguilla,Onshore wind energy,OnGrid,2007,0.0,-,True,wind,False
Anguilla,Onshore wind energy,OnGrid,2008,0.0,-,True,wind,False
Anguilla,Onshore wind energy,OnGrid,2009,0.0,-,True,wind,False
Anguilla,Onshore wind energy,OnGrid,2010,0.0,-,True,wind,False
Anguilla,Onshore wind energy,OnGrid,2011,0.0,-,True,wind,False
Anguilla,Onshore wind energy,OnGrid,2012,0.0,-,True,wind,False
Anguilla,Onshore wind energy,OnGrid,2013,0.0,-,True,wind,False
Anguilla,Onshore wind energy,OnGrid,2014,0.0,-,True,wind,False
Anguilla,Onshore wind energy,OnGrid,2015,0.0,-,True,wind,False
Anguilla,Onshore wind energy,OnGrid,2016,0.0,-,True,wind,False
Anguilla,Onshore wind energy,OnGrid,2017,0.0,-,True,wind,False
Anguilla,Onshore wind energy,OnGrid,2018,0.0,-,True,wind,False
Anguilla,Onshore wind energy,OnGrid,2019,0.0,-,True,wind,False
Anguilla,Onshore wind energy,OnGrid,2020,0.0,-,True,wind,False
Anguilla,Onshore wind energy,OnGrid,2021,0.0,-,True,wind,False
Anguilla,Onshore wind energy,OnGrid,2022,0.0,-,True,wind,False
Anguilla,Onshore wind energy,OnGrid,2023,0.0,-,True,wind,False
Anguilla,Onshore wind energy,OnGrid,2024,0.0,-,True,wind,False
Antigua Barb,Solar photovoltaic,OnGrid,2000,0.0,-,True,pv,False
Antigua Barb,Solar photovoltaic,OnGrid,2001,0.0,-,True,pv,False
Antigua Barb,Solar photovoltaic,OnGrid,2002,0.0,-,True,pv,False
Antigua Barb,Solar photovoltaic,OnGrid,2003,0.0,-,True,pv,False
Antigua Barb,Solar photovoltaic,OnGrid,2004,0.0,-,True,pv,False
Antigua Barb,Solar photovoltaic,OnGrid,2005,0.0,-,True,pv,False
Antigua Barb,Solar photovoltaic,OnGrid,2006,0.0,-,True,pv,False
Antigua Barb,Solar photovoltaic,OnGrid,2007,0.0,-,True,pv,False
Antigua Barb,Solar photovoltaic,OnGrid,2008,0.0,-,True,pv,False
Antigua Barb,Solar photovoltaic,OnGrid,2009,0.1,0.1,False,pv,False
Antigua Barb,Solar photovoltaic,OnGrid,2010,0.1,0.1,False,pv,False
Antigua Barb,Solar photovoltaic,OnGrid,2011,0.3,0.3,False,pv,False
Antigua Barb,Solar photovoltaic,OnGrid,2012,0.3,0.3,False,pv,False
Antigua Barb,Solar photovoltaic,OnGrid,2013,0.4,0.4,False,pv,False
Antigua Barb,Solar photovoltaic,OnGrid,2014,0.4,0.4,False,pv,False
Antigua Barb,Solar photovoltaic,OnGrid,2015,3.4,3.4,False,pv,False
Antigua Barb,Solar photovoltaic,OnGrid,2016,3.5,3.5,False,pv,False
Antigua Barb,Solar photovoltaic,OnGrid,2017,3.9,3.9,False,pv,False
Antigua Barb,Solar photovoltaic,OnGrid,2018,8.3,8.3,False,pv,False
Antigua Barb,Solar photovoltaic,OnGrid,2019,8.3,8.3,False,pv,False
Antigua Barb,Solar photovoltaic,OnGrid,2020,12.45,12.45,False,pv,False
Antigua Barb,Solar photovoltaic,OnGrid,2021,14.45,14.45,False,pv,False
Antigua Barb,Solar photovoltaic,OnGrid,2022,14.45,14.45,False,pv,False
Antigua Barb,Solar photovoltaic,OnGrid,2023,15.17,15.17,False,pv,False
Antigua Barb,Solar photovoltaic,OnGrid,2024,15.17,15.17,False,pv,False
Antigua Barb,Onshore wind energy,OnGrid,2000,0.0,-,True,wind,False
Antigua Barb,Onshore wind energy,OnGrid,2001,0.0,-,True,wind,False
Antigua Barb,Onshore wind energy,OnGrid,2002,0.0,-,True,wind,False
Antigua Barb,Onshore wind energy,OnGrid,2003,0.0,-,True,wind,False
Antigua Barb,Onshore wind energy,OnGrid,2004,0.0,-,True,wind,False
Antigua Barb,Onshore wind energy,OnGrid,2005,0.0,-,True,wind,False
Antigua Barb,Onshore wind energy,OnGrid,2006,0.0,-,True,wind,False
Antigua Barb,Onshore wind energy,OnGrid,2007,0.0,-,True,wind,False
Antigua Barb,Onshore wind energy,OnGrid,2008,0.0,-,True,wind,False
Antigua Barb,Onshore wind energy,OnGrid,2009,0.0,-,True,wind,False
Antigua Barb,Onshore wind energy,OnGrid,2010,0.0,-,True,wind,False
Antigua Barb,Onshore wind energy,OnGrid,2011,0.0,-,True,wind,False
Antigua Barb,Onshore wind energy,OnGrid,2012,0.0,-,True,wind,False
Antigua Barb,Onshore wind energy,OnGrid,2013,0.0,-,True,wind,False
Antigua Barb,Onshore wind energy,OnGrid,2014,0.0,-,True,wind,False
Antigua Barb,Onshore wind energy,OnGrid,2015,0.0,-,True,wind,False
Antigua Barb,Onshore wind energy,OnGrid,2016,0.0,-,True,wind,False
Antigua Barb,Onshore wind energy,OnGrid,2017,0.0,-,True,wind,False
Antigua Barb,Onshore wind energy,OnGrid,2018,0.0,-,True,wind,False
Antigua Barb,Onshore wind energy,OnGrid,2019,0.0,-,True,wind,False
Antigua Barb,Onshore wind energy,OnGrid,2020,0.0,0,False,wind,False
Antigua Barb,Onshore wind energy,OnGrid,2021,0.0,0,False,wind,False
Antigua Barb,Onshore wind energy,OnGrid,2022,0.0,0,False,wind,False
Antigua Barb,Onshore wind energy,OnGrid,2023,0.0,-,True,wind,False
Antigua Barb,Onshore wind energy,OnGrid,2024,0.0,-,True,wind,False
Argentina,Solar photovoltaic,OnGrid,2000,0.0,-,True,pv,False
Argentina,Solar photovoltaic,OnGrid,2001,0.0,-,True,pv,False
Argentina,Solar photovoltaic,OnGrid,2002,0.0,-,True,pv,False
Argentina,Solar photovoltaic,OnGrid,2003,0.0,-,True,pv,False
Argentina,Solar photovoltaic,OnGrid,2004,0.0,-,True,pv,False
Argentina,Solar photovoltaic,OnGrid,2005,0.0,-,True,pv,False
Argentina,Solar photovoltaic,OnGrid,2006,0.0,-,True,pv,False
Argentina,Solar photovoltaic,OnGrid,2007,0.0,-,True,pv,False
Argentina,Solar photovoltaic,OnGrid,2008,0.0,-,True,pv,False
Argentina,Solar photovoltaic,OnGrid,2009,0.0,-,True,pv,False
Argentina,Solar photovoltaic,OnGrid,2010,0.0,-,True,pv,False
Argentina,Solar photovoltaic,OnGrid,2011,1.2,1.2,False,pv,False
Argentina,Solar photovoltaic,OnGrid,2012,6.2,6.2,False,pv,False
Argentina,Solar photovoltaic,OnGrid,2013,8.2,8.2,False,pv,False
Argentina,Solar photovoltaic,OnGrid,2014,8.2,8.2,False,pv,False
Argentina,Solar photovoltaic,OnGrid,2015,8.2,8.2,False,pv,False
Argentina,Solar photovoltaic,OnGrid,2016,8.2,8.2,False,pv,False
Argentina,Solar photovoltaic,OnGrid,2017,8.2,8.2,False,pv,False
Argentina,Solar photovoltaic,OnGrid,2018,190.63,190.63,False,pv,False
Argentina,Solar photovoltaic,OnGrid,2019,439.91,439.91,False,pv,False
Argentina,Solar photovoltaic,OnGrid,2020,762.11,762.11,False,pv,False
Argentina,Solar photovoltaic,OnGrid,2021,1069.34,1069.34,False,pv,False
Argentina,Solar photovoltaic,OnGrid,2022,1104.02,1104.02,False,pv,False
Argentina,Solar photovoltaic,OnGrid,2023,1396.93,1396.93,False,pv,False
Argentina,Solar photovoltaic,OnGrid,2024,1732.23,1732.23,False,pv,False
Argentina,Onshore wind energy,OnGrid,2000,0.0,-,True,wind,False
Argentina,Onshore wind energy,OnGrid,2001,0.0,-,True,wind,False
Argentina,Onshore wind energy,OnGrid,2002,0.0,-,True,wind,False
Argentina,Onshore wind energy,OnGrid,2003,0.0,-,True,wind,False
Argentina,Onshore wind energy,OnGrid,2004,0.0,-,True,wind,False
Argentina,Onshore wind energy,OnGrid,2005,0.0,-,True,wind,False
Argentina,Onshore wind energy,OnGrid,2006,0.0,-,True,wind,False
Argentina,Onshore wind energy,OnGrid,2007,0.0,-,True,wind,False
Argentina,Onshore wind energy,OnGrid,2008,0.0,-,True,wind,False
Argentina,Onshore wind energy,OnGrid,2009,0.0,-,True,wind,False
Argentina,Onshore wind energy,OnGrid,2010,0.25,0.25,False,wind,False
Argentina,Onshore wind energy,OnGrid,2011,6.55,6.55,False,wind,False
Argentina,Onshore wind energy,OnGrid,2012,109.15,109.15,False,wind,False
Argentina,Onshore wind energy,OnGrid,2013,162.15,162.15,False,wind,False
Argentina,Onshore wind energy,OnGrid,2014,187.35,187.35,False,wind,False
Argentina,Onshore wind energy,OnGrid,2015,187.35,187.35,False,wind,False
Argentina,Onshore wind energy,OnGrid,2016,187.35,187.35,False,wind,False
Argentina,Onshore wind energy,OnGrid,2017,226.65,226.65,False,wind,False
Argentina,Onshore wind energy,OnGrid,2018,750.25,750.25,False,wind,False
Argentina,Onshore wind energy,OnGrid,2019,1608.55,1608.55,False,wind,False
Argentina,Onshore wind energy,OnGrid,2020,2623.1,2623.1,False,wind,False
Argentina,Onshore wind energy,OnGrid,2021,3291.32,3291.32,False,wind,False
Argentina,Onshore wind energy,OnGrid,2022,3309.32,3309.32,False,wind,False
Argentina,Onshore wind energy,OnGrid,2023,3705.42,3705.42,False,wind,False
Argentina,Onshore wind energy,OnGrid,2024,4319.42,4319.42,False,wind,False
Armenia,Solar photovoltaic,OnGrid,2000,0.0,-,True,pv,False
Armenia,Solar photovoltaic,OnGrid,2001,0.0,-,True,pv,False
Armenia,Solar photovoltaic,OnGrid,2002,0.0,-,True,pv,False
Armenia,Solar photovoltaic,OnGrid,2003,0.0,-,True,pv,False
Armenia,Solar photovoltaic,OnGrid,2004,0.0,-,True,pv,False
Armenia,Solar photovoltaic,OnGrid,2005,0.0,-,True,pv,False
Armenia,Solar photovoltaic,OnGrid,2006,0.0,-,True,pv,False
Armenia,Solar photovoltaic,OnGrid,2007,0.0,-,True,pv,False
Armenia,Solar photovoltaic,OnGrid,2008,0.0,-,True,pv,False
Armenia,Solar photovoltaic,OnGrid,2009,0.0,-,True,pv,False
Armenia,Solar photovoltaic,OnGrid,2010,0.0,-,True,pv,False
Armenia,Solar photovoltaic,OnGrid,2011,0.0,-,True,pv,False
Armenia,Solar photovoltaic,OnGrid,2012,0.0,-,True,pv,False
Armenia,Solar photovoltaic,OnGrid,2013,0.0,-,True,pv,False
Armenia,Solar photovoltaic,OnGrid,2014,0.0,-,True,pv,False
Armenia,Solar photovoltaic,OnGrid,2015,0.0,-,True,pv,False
Armenia,Solar photovoltaic,OnGrid,2016,1.0,1,False,pv,False
Armenia,Solar photovoltaic,OnGrid,2017,2.4,2.4,False,pv,False
Armenia,Solar photovoltaic,OnGrid,2018,17.32,17.32,False,pv,False
Armenia,Solar photovoltaic,OnGrid,2019,21.1,21.1,False,pv,False
Armenia,Solar photovoltaic,OnGrid,2020,50.5,50.5,False,pv,False
Armenia,Solar photovoltaic,OnGrid,2021,146.1,146.1,False,pv,False
Armenia,Solar photovoltaic,OnGrid,2022,235.2,235.2,False,pv,False
Armenia,Solar photovoltaic,OnGrid,2023,401.7,401.7,False,pv,False
Armenia,Solar photovoltaic,OnGrid,2024,485.4,485.4,False,pv,False
Armenia,Onshore wind energy,OnGrid,2000,0.0,-,True,wind,False
Armenia,Onshore wind energy,OnGrid,2001,0.0,-,True,wind,False
Armenia,Onshore wind energy,OnGrid,2002,0.0,-,True,wind,False
Armenia,Onshore wind energy,OnGrid,2003,0.0,-,True,wind,False
Armenia,Onshore wind energy,OnGrid,2004,0.0,-,True,wind,False
Armenia,Onshore wind energy,OnGrid,2005,2.64,2.64,False,wind,False
Armenia,Onshore wind energy,OnGrid,2006,2.64,2.64,False,wind,False
Armenia,Onshore wind energy,OnGrid,2007,2.64,2.64,False,wind,False
Armenia,Onshore wind energy,OnGrid,2008,2.64,2.64,False,wind,False
Armenia,Onshore wind energy,OnGrid,2009,2.64,2.64,False,wind,False
Armenia,Onshore wind energy,OnGrid,2010,2.64,2.64,False,wind,False
Armenia,Onshore wind energy,OnGrid,2011,2.64,2.64,False,wind,False
Armenia,Onshore wind energy,OnGrid,2012,2.64,2.64,False,wind,False
Armenia,Onshore wind energy,OnGrid,2013,2.64,2.64,False,wind,False
Armenia,Onshore wind energy,OnGrid,2014,2.64,2.64,False,wind,False
Armenia,Onshore wind energy,OnGrid,2015,2.6,2.6,False,wind,False
Armenia,Onshore wind energy,OnGrid,2016,2.93,2.93,False,wind,False
Armenia,Onshore wind energy,OnGrid,2017,2.93,2.93,False,wind,False
Armenia,Onshore wind energy,OnGrid,2018,2.93,2.93,False,wind,False
Armenia,Onshore wind energy,OnGrid,2019,2.93,2.93,False,wind,False
Armenia,Onshore wind energy,OnGrid,2020,2.93,2.93,False,wind,False
Armenia,Onshore wind energy,OnGrid,2021,2.93,2.93,False,wind,False
Armenia,Onshore wind energy,OnGrid,2022,2.93,2.93,False,wind,False
Armenia,Onshore wind energy,OnGrid,2023,2.9,2.9,False,wind,False
Armenia,Onshore wind energy,OnGrid,2024,2.9,2.9,False,wind,False
Aruba,Solar photovoltaic,OnGrid,2000,0.0,-,True,pv,False
Aruba,Solar photovoltaic,OnGrid,2001,0.0,-,True,pv,False
Aruba,Solar photovoltaic,OnGrid,2002,0.0,-,True,pv,False
Aruba,Solar photovoltaic,OnGrid,2003,0.0,-,True,pv,False
Aruba,Solar photovoltaic,OnGrid,2004,0.0,-,True,pv,False
Aruba,Solar photovoltaic,OnGrid,2005,0.0,-,True,pv,False
Aruba,Solar photovoltaic,OnGrid,2006,0.0,-,True,pv,False
Aruba,Solar photovoltaic,OnGrid,2007,0.0,-,True,pv,False
Aruba,Solar photovoltaic,OnGrid,2008,0.0,-,True,pv,False
Aruba,Solar photovoltaic,OnGrid,2009,0.0,-,True,pv,False
Aruba,Solar photovoltaic,OnGrid,2010,0.1,0.1,False,pv,False
Aruba,Solar photovoltaic,OnGrid,2011,0.3,0.3,False,pv,False
Aruba,Solar photovoltaic,OnGrid,2012,1.0,1,False,pv,False
Aruba,Solar photovoltaic,OnGrid,2013,1.6,1.6,False,pv,False
Aruba,Solar photovoltaic,OnGrid,2014,4.9,4.9,False,pv,False
Aruba,Solar photovoltaic,OnGrid,2015,6.1,6.1,False,pv,False
Aruba,Solar photovoltaic,OnGrid,2016,7.25,7.25,False,pv,False
Aruba,Solar photovoltaic,OnGrid,2017,7.3,7.3,False,pv,False
Aruba,Solar photovoltaic,OnGrid,2018,14.8,14.8,False,pv,False
Aruba,Solar photovoltaic,OnGrid,2019,14.8,14.8,False,pv,False
Aruba,Solar photovoltaic,OnGrid,2020,14.8,14.8,False,pv,False
Aruba,Solar photovoltaic,OnGrid,2021,14.8,14.8,False,pv,False
Aruba,Solar photovoltaic,OnGrid,2022,14.8,14.8,False,pv,False
Aruba,Solar photovoltaic,OnGrid,2023,14.8,14.8,False,pv,False
Aruba,Solar photovoltaic,OnGrid,2024,14.8,14.8,False,pv,False
Aruba,Onshore wind energy,OnGrid,2000,0.0,-,True,wind,False
Aruba,Onshore wind energy,OnGrid,2001,0.0,-,True,wind,False
Aruba,Onshore wind energy,OnGrid,2002,0.0,-,True,wind,False
Aruba,Onshore wind energy,OnGrid,2003,0.0,-,True,wind,False
Aruba,Onshore wind energy,OnGrid,2004,0.0,-,True,wind,False
Aruba,Onshore wind energy,OnGrid,2005,0.0,-,True,wind,False
Aruba,Onshore wind energy,OnGrid,2006,0.0,-,True,wind,False
Aruba,Onshore wind energy,OnGrid,2007,0.0,-,True,wind,False
Aruba,Onshore wind energy,OnGrid,2008,0.0,-,True,wind,False
Aruba,Onshore wind energy,OnGrid,2009,30.0,30,False,wind,False
Aruba,Onshore wind energy,OnGrid,2010,30.0,30,False,wind,False
Aruba,Onshore wind energy,OnGrid,2011,30.0,30,False,wind,False
Aruba,Onshore wind energy,OnGrid,2012,30.0,30,False,wind,False
Aruba,Onshore wind energy,OnGrid,2013,30.0,30,False,wind,False
Aruba,Onshore wind energy,OnGrid,2014,30.0,30,False,wind,False
Aruba,Onshore wind energy,OnGrid,2015,30.0,30,False,wind,False
Aruba,Onshore wind energy,OnGrid,2016,30.0,30,False,wind,False
Aruba,Onshore wind energy,OnGrid,2017,30.0,30,False,wind,False
Aruba,Onshore wind energy,OnGrid,2018,30.0,30,False,wind,False
Aruba,Onshore wind energy,OnGrid,2019,30.0,30,False,wind,False
Aruba,Onshore wind energy,OnGrid,2020,30.0,30,False,wind,False
Aruba,Onshore wind energy,OnGrid,2021,30.0,30,False,wind,False
Aruba,Onshore wind energy,OnGrid,2022,30.0,30,False,wind,False
Aruba,Onshore wind energy,OnGrid,2023,30.0,30,False,wind,False
Aruba,Onshore wind energy,OnGrid,2024,30.0,30,False,wind,False
Australia,Solar photovoltaic,OnGrid,2000,25.0,25,False,pv,False
Australia,Solar photovoltaic,OnGrid,2001,29.0,29,False,pv,False
Australia,Solar photovoltaic,OnGrid,2002,34.0,34,False,pv,False
Australia,Solar photovoltaic,OnGrid,2003,39.0,39,False,pv,False
Australia,Solar photovoltaic,OnGrid,2004,46.0,46,False,pv,False
Australia,Solar photovoltaic,OnGrid,2005,52.0,52,False,pv,False
Australia,Solar photovoltaic,OnGrid,2006,61.0,61,False,pv,False
Australia,Solar photovoltaic,OnGrid,2007,70.0,70,False,pv,False
Australia,Solar photovoltaic,OnGrid,2008,82.0,82,False,pv,False
Australia,Solar photovoltaic,OnGrid,2009,329.0,329,False,pv,False
Australia,Solar photovoltaic,OnGrid,2010,1088.0,1088,False,pv,False
Australia,Solar photovoltaic,OnGrid,2011,1418.0,1418,False,pv,False
Australia,Solar photovoltaic,OnGrid,2012,2508.0,2508,False,pv,False
Australia,Solar photovoltaic,OnGrid,2013,3309.0,3309,False,pv,False
Australia,Solar photovoltaic,OnGrid,2014,4134.0,4134,False,pv,False
Australia,Solar photovoltaic,OnGrid,2015,5033.0,5033,False,pv,False
Australia,Solar photovoltaic,OnGrid,2016,5878.0,5878,False,pv,False
Australia,Solar photovoltaic,OnGrid,2017,7238.23,7238.23,False,pv,False
Australia,Solar photovoltaic,OnGrid,2018,11124.77,11124.77,False,pv,False
Australia,Solar photovoltaic,OnGrid,2019,15449.69,15449.69,False,pv,False
Australia,Solar photovoltaic,OnGrid,2020,19769.63,19769.63,False,pv,False
Australia,Solar photovoltaic,OnGrid,2021,24393.62,24393.62,False,pv,False
Australia,Solar photovoltaic,OnGrid,2022,28884.09,28884.09,False,pv,False
Australia,Solar photovoltaic,OnGrid,2023,30671.94,30671.94,False,pv,False
Australia,Solar photovoltaic,OnGrid,2024,35994.94,35994.94,False,pv,False
Australia,Onshore wind energy,OnGrid,2000,33.0,33,False,wind,False
Australia,Onshore wind energy,OnGrid,2001,76.0,76,False,wind,False
Australia,Onshore wind energy,OnGrid,2002,106.0,106,False,wind,False
Australia,Onshore wind energy,OnGrid,2003,190.0,190,False,wind,False
Australia,Onshore wind energy,OnGrid,2004,379.0,379,False,wind,False
Australia,Onshore wind energy,OnGrid,2005,740.0,740,False,wind,False
Australia,Onshore wind energy,OnGrid,2006,819.0,819,False,wind,False
Australia,Onshore wind energy,OnGrid,2007,1249.0,1249,False,wind,False
Australia,Onshore wind energy,OnGrid,2008,1441.0,1441,False,wind,False
Australia,Onshore wind energy,OnGrid,2009,1703.0,1703,False,wind,False
Australia,Onshore wind energy,OnGrid,2010,1864.0,1864,False,wind,False
Australia,Onshore wind energy,OnGrid,2011,2127.0,2127,False,wind,False
Australia,Onshore wind energy,OnGrid,2012,2561.0,2561,False,wind,False
Australia,Onshore wind energy,OnGrid,2013,3221.0,3221,False,wind,False
Australia,Onshore wind energy,OnGrid,2014,3797.0,3797,False,wind,False
Australia,Onshore wind energy,OnGrid,2015,4318.0,4318,False,wind,False
Australia,Onshore wind energy,OnGrid,2016,4683.0,4683,False,wind,False
Australia,Onshore wind energy,OnGrid,2017,5407.0,5407,False,wind,False
Australia,Onshore wind energy,OnGrid,2018,6409.0,6409,False,wind,False
Australia,Onshore wind energy,OnGrid,2019,7881.0,7881,False,wind,False
Australia,Onshore wind energy,OnGrid,2020,10207.0,10207,False,wind,False
Australia,Onshore wind energy,OnGrid,2021,10555.0,10555,False,wind,False
Australia,Onshore wind energy,OnGrid,2022,11966.0,11966,False,wind,False
Australia,Onshore wind energy,OnGrid,2023,12908.0,12908,False,wind,False
Australia,Onshore wind energy,OnGrid,2024,15563.0,15563,False,wind,False
Austria,Solar photovoltaic,OnGrid,2000,5.0,5,False,pv,False
Austria,Solar photovoltaic,OnGrid,2001,7.0,7,False,pv,False
Austria,Solar photovoltaic,OnGrid,2002,9.0,9,False,pv,False
Austria,Solar photovoltaic,OnGrid,2003,23.0,23,False,pv,False
Austria,Solar photovoltaic,OnGrid,2004,27.0,27,False,pv,False
Austria,Solar photovoltaic,OnGrid,2005,21.02,21.02,False,pv,False
Austria,Solar photovoltaic,OnGrid,2006,22.39,22.39,False,pv,False
Austria,Solar photovoltaic,OnGrid,2007,24.24,24.24,False,pv,False
Austria,Solar photovoltaic,OnGrid,2008,30.12,30.12,False,pv,False
Austria,Solar photovoltaic,OnGrid,2009,48.92,48.92,False,pv,False
Austria,Solar photovoltaic,OnGrid,2010,88.81,88.81,False,pv,False
Austria,Solar photovoltaic,OnGrid,2011,174.07,174.07,False,pv,False
Austria,Solar photovoltaic,OnGrid,2012,337.48,337.48,False,pv,False
Austria,Solar photovoltaic,OnGrid,2013,625.97,625.97,False,pv,False
Austria,Solar photovoltaic,OnGrid,2014,785.25,785.25,False,pv,False
Austria,Solar photovoltaic,OnGrid,2015,937.1,937.1,False,pv,False
Austria,Solar photovoltaic,OnGrid,2016,1096.02,1096.02,False,pv,False
Austria,Solar photovoltaic,OnGrid,2017,1268.97,1268.97,False,pv,False
Austria,Solar photovoltaic,OnGrid,2018,1455.13,1455.13,False,pv,False
Austria,Solar photovoltaic,OnGrid,2019,1702.09,1702.09,False,pv,False
Austria,Solar photovoltaic,OnGrid,2020,2042.93,2042.93,False,pv,False
Austria,Solar photovoltaic,OnGrid,2021,2782.6,2782.6,False,pv,False
Austria,Solar photovoltaic,OnGrid,2022,3791.7,3791.7,False,pv,False
Austria,Solar photovoltaic,OnGrid,2023,6385.61,6385.61,False,pv,False
Austria,Solar photovoltaic,OnGrid,2024,8895.07,8895.07,False,pv,False
Austria,Onshore wind energy,OnGrid,2000,50.0,50,False,wind,False
Austria,Onshore wind energy,OnGrid,2001,67.0,67,False,wind,False
Austria,Onshore wind energy,OnGrid,2002,109.0,109,False,wind,False
Austria,Onshore wind energy,OnGrid,2003,322.0,322,False,wind,False
Austria,Onshore wind energy,OnGrid,2004,581.0,581,False,wind,False
Austria,Onshore wind energy,OnGrid,2005,825.22,825.22,False,wind,False
Austria,Onshore wind energy,OnGrid,2006,968.27,968.27,False,wind,False
Austria,Onshore wind energy,OnGrid,2007,991.16,991.16,False,wind,False
Austria,Onshore wind energy,OnGrid,2008,991.97,991.97,False,wind,False
Austria,Onshore wind energy,OnGrid,2009,1000.99,1000.99,False,wind,False
Austria,Onshore wind energy,OnGrid,2010,1015.83,1015.83,False,wind,False
Austria,Onshore wind energy,OnGrid,2011,1105.97,1105.97,False,wind,False
Austria,Onshore wind energy,OnGrid,2012,1337.15,1337.15,False,wind,False
Austria,Onshore wind energy,OnGrid,2013,1674.54,1674.54,False,wind,False
Austria,Onshore wind energy,OnGrid,2014,2110.28,2110.28,False,wind,False
Austria,Onshore wind energy,OnGrid,2015,2488.73,2488.73,False,wind,False
Austria,Onshore wind energy,OnGrid,2016,2730.0,2730,False,wind,False
Austria,Onshore wind energy,OnGrid,2017,2886.7,2886.7,False,wind,False
Austria,Onshore wind energy,OnGrid,2018,3132.71,3132.71,False,wind,False
Austria,Onshore wind energy,OnGrid,2019,3224.12,3224.12,False,wind,False
Austria,Onshore wind energy,OnGrid,2020,3225.98,3225.98,False,wind,False
Austria,Onshore wind energy,OnGrid,2021,3422.34,3422.34,False,wind,False
Austria,Onshore wind energy,OnGrid,2022,3621.93,3621.93,False,wind,False
Austria,Onshore wind energy,OnGrid,2023,3896.29,3896.29,False,wind,False
Austria,Onshore wind energy,OnGrid,2024,4092.15,4092.15,False,wind,False
Azerbaijan,Solar photovoltaic,OnGrid,2000,0.0,-,True,pv,False
Azerbaijan,Solar photovoltaic,OnGrid,2001,0.0,-,True,pv,False
Azerbaijan,Solar photovoltaic,OnGrid,2002,0.0,-,True,pv,False
Azerbaijan,Solar photovoltaic,OnGrid,2003,0.0,-,True,pv,False
Azerbaijan,Solar photovoltaic,OnGrid,2004,0.0,-,True,pv,False
Azerbaijan,Solar photovoltaic,OnGrid,2005,0.0,-,True,pv,False
Azerbaijan,Solar photovoltaic,OnGrid,2006,0.0,-,True,pv,False
Azerbaijan,Solar photovoltaic,OnGrid,2007,0.1,0.1,False,pv,False
Azerbaijan,Solar photovoltaic,OnGrid,2008,0.1,0.1,False,pv,False
Azerbaijan,Solar photovoltaic,OnGrid,2009,0.1,0.1,False,pv,False
Azerbaijan,Solar photovoltaic,OnGrid,2010,0.3,0.3,False,pv,False
Azerbaijan,Solar photovoltaic,OnGrid,2011,1.0,1,False,pv,False
Azerbaijan,Solar photovoltaic,OnGrid,2012,1.0,1,False,pv,False
Azerbaijan,Solar photovoltaic,OnGrid,2013,1.0,1,False,pv,False
Azerbaijan,Solar photovoltaic,OnGrid,2014,2.4,2.4,False,pv,False
Azerbaijan,Solar photovoltaic,OnGrid,2015,4.8,4.8,False,pv,False
Azerbaijan,Solar photovoltaic,OnGrid,2016,24.9,24.9,False,pv,False
Azerbaijan,Solar photovoltaic,OnGrid,2017,28.4,28.4,False,pv,False
Azerbaijan,Solar photovoltaic,OnGrid,2018,34.9,34.9,False,pv,False
Azerbaijan,Solar photovoltaic,OnGrid,2019,33.1,33.1,False,pv,False
Azerbaijan,Solar photovoltaic,OnGrid,2020,35.1,35.1,False,pv,False
Azerbaijan,Solar photovoltaic,OnGrid,2021,47.9,47.9,False,pv,False
Azerbaijan,Solar photovoltaic,OnGrid,2022,51.2,51.2,False,pv,False
Azerbaijan,Solar photovoltaic,OnGrid,2023,281.8,281.8,False,pv,False
Azerbaijan,Solar photovoltaic,OnGrid,2024,281.0,281,False,pv,False
Azerbaijan,Onshore wind energy,OnGrid,2000,0.0,-,True,wind,False
Azerbaijan,Onshore wind energy,OnGrid,2001,0.0,-,True,wind,False
Azerbaijan,Onshore wind energy,OnGrid,2002,0.0,-,True,wind,False
Azerbaijan,Onshore wind energy,OnGrid,2003,0.0,-,True,wind,False
Azerbaijan,Onshore wind energy,OnGrid,2004,0.0,-,True,wind,False
Azerbaijan,Onshore wind energy,OnGrid,2005,0.0,-,True,wind,False
Azerbaijan,Onshore wind energy,OnGrid,2006,0.0,-,True,wind,False
Azerbaijan,Onshore wind energy,OnGrid,2007,0.0,-,True,wind,False
Azerbaijan,Onshore wind energy,OnGrid,2008,0.0,-,True,wind,False
Azerbaijan,Onshore wind energy,OnGrid,2009,2.0,2,False,wind,False
Azerbaijan,Onshore wind energy,OnGrid,2010,2.0,2,False,wind,False
Azerbaijan,Onshore wind energy,OnGrid,2011,2.0,2,False,wind,False
Azerbaijan,Onshore wind energy,OnGrid,2012,2.0,2,False,wind,False
Azerbaijan,Onshore wind energy,OnGrid,2013,2.7,2.7,False,wind,False
Azerbaijan,Onshore wind energy,OnGrid,2014,2.7,2.7,False,wind,False
Azerbaijan,Onshore wind energy,OnGrid,2015,8.0,8,False,wind,False
Azerbaijan,Onshore wind energy,OnGrid,2016,15.7,15.7,False,wind,False
Azerbaijan,Onshore wind energy,OnGrid,2017,15.7,15.7,False,wind,False
Azerbaijan,Onshore wind energy,OnGrid,2018,66.0,66,False,wind,False
Azerbaijan,Onshore wind energy,OnGrid,2019,66.0,66,False,wind,False
Azerbaijan,Onshore wind energy,OnGrid,2020,66.0,66,False,wind,False
Azerbaijan,Onshore wind energy,OnGrid,2021,66.0,66,False,wind,False
Azerbaijan,Onshore wind energy,OnGrid,2022,64.0,64,False,wind,False
Azerbaijan,Onshore wind energy,OnGrid,2023,66.5,66.5,False,wind,False
Azerbaijan,Onshore wind energy,OnGrid,2024,66.62,66.62,False,wind,False
Bahamas,Solar photovoltaic,OnGrid,2000,0.0,-,True,pv,False
Bahamas,Solar photovoltaic,OnGrid,2001,0.0,-,True,pv,False
Bahamas,Solar photovoltaic,OnGrid,2002,0.0,-,True,pv,False
Bahamas,Solar photovoltaic,OnGrid,2003,0.0,-,True,pv,False
Bahamas,Solar photovoltaic,OnGrid,2004,0.0,-,True,pv,False
Bahamas,Solar photovoltaic,OnGrid,2005,0.0,-,True,pv,False
Bahamas,Solar photovoltaic,OnGrid,2006,0.0,-,True,pv,False
Bahamas,Solar photovoltaic,OnGrid,2007,0.1,0.1,False,pv,False
Bahamas,Solar photovoltaic,OnGrid,2008,0.1,0.1,False,pv,False
Bahamas,Solar photovoltaic,OnGrid,2009,0.2,0.2,False,pv,False
Bahamas,Solar photovoltaic,OnGrid,2010,0.3,0.3,False,pv,False
Bahamas,Solar photovoltaic,OnGrid,2011,0.4,0.4,False,pv,False
Bahamas,Solar photovoltaic,OnGrid,2012,0.6,0.6,False,pv,False
Bahamas,Solar photovoltaic,OnGrid,2013,0.64,0.64,False,pv,False
Bahamas,Solar photovoltaic,OnGrid,2014,1.19,1.19,False,pv,False
Bahamas,Solar photovoltaic,OnGrid,2015,1.19,1.19,False,pv,False
Bahamas,Solar photovoltaic,OnGrid,2016,1.29,1.29,False,pv,False
Bahamas,Solar photovoltaic,OnGrid,2017,1.34,1.34,False,pv,False
Bahamas,Solar photovoltaic,OnGrid,2018,1.49,1.49,False,pv,False
Bahamas,Solar photovoltaic,OnGrid,2019,2.93,2.93,False,pv,False
Bahamas,Solar photovoltaic,OnGrid,2020,3.37,3.37,False,pv,False
Bahamas,Solar photovoltaic,OnGrid,2021,4.47,4.47,False,pv,False
Bahamas,Solar photovoltaic,OnGrid,2022,9.52,9.52,False,pv,False
Bahamas,Solar photovoltaic,OnGrid,2023,9.6,9.6,False,pv,False
Bahamas,Solar photovoltaic,OnGrid,2024,15.6,15.6,False,pv,False
Bahamas,Onshore wind energy,OnGrid,2000,0.0,-,True,wind,False
Bahamas,Onshore wind energy,OnGrid,2001,0.0,-,True,wind,False
Bahamas,Onshore wind energy,OnGrid,2002,0.0,-,True,wind,False
Bahamas,Onshore wind energy,OnGrid,2003,0.0,-,True,wind,False
Bahamas,Onshore wind energy,OnGrid,2004,0.0,-,True,wind,False
Bahamas,Onshore wind energy,OnGrid,2005,0.0,-,True,wind,False
Bahamas,Onshore wind energy,OnGrid,2006,0.0,-,True,wind,False
Bahamas,Onshore wind energy,OnGrid,2007,0.0,-,True,wind,False
Bahamas,Onshore wind energy,OnGrid,2008,0.0,-,True,wind,False
Bahamas,Onshore wind energy,OnGrid,2009,0.0,-,True,wind,False
Bahamas,Onshore wind energy,OnGrid,2010,0.0,-,True,wind,False
Bahamas,Onshore wind energy,OnGrid,2011,0.0,-,True,wind,False
Bahamas,Onshore wind energy,OnGrid,2012,0.0,-,True,wind,False
Bahamas,Onshore wind energy,OnGrid,2013,0.0,-,True,wind,False
Bahamas,Onshore wind energy,OnGrid,2014,0.0,-,True,wind,False
Bahamas,Onshore wind energy,OnGrid,2015,0.0,-,True,wind,False
Bahamas,Onshore wind energy,OnGrid,2016,0.0,-,True,wind,False
Bahamas,Onshore wind energy,OnGrid,2017,0.0,-,True,wind,False
Bahamas,Onshore wind energy,OnGrid,2018,0.0,-,True,wind,False
Bahamas,Onshore wind energy,OnGrid,2019,0.0,-,True,wind,False
Bahamas,Onshore wind energy,OnGrid,2020,0.0,-,True,wind,False
Bahamas,Onshore wind energy,OnGrid,2021,0.0,-,True,wind,False
Bahamas,Onshore wind energy,OnGrid,2022,0.0,-,True,wind,False
Bahamas,Onshore wind energy,OnGrid,2023,0.0,-,True,wind,False
Bahamas,Onshore wind energy,OnGrid,2024,0.0,-,True,wind,False
Bahrain,Solar photovoltaic,OnGrid,2000,0.0,-,True,pv,False
Bahrain,Solar photovoltaic,OnGrid,2001,0.0,-,True,pv,False
Bahrain,Solar photovoltaic,OnGrid,2002,0.0,-,True,pv,False
Bahrain,Solar photovoltaic,OnGrid,2003,0.0,-,True,pv,False
Bahrain,Solar photovoltaic,OnGrid,2004,0.0,-,True,pv,False
Bahrain,Solar photovoltaic,OnGrid,2005,0.0,-,True,pv,False
Bahrain,Solar photovoltaic,OnGrid,2006,0.0,-,True,pv,False
Bahrain,Solar photovoltaic,OnGrid,2007,0.0,-,True,pv,False
Bahrain,Solar photovoltaic,OnGrid,2008,0.0,-,True,pv,False
Bahrain,Solar photovoltaic,OnGrid,2009,0.0,-,True,pv,False
Bahrain,Solar photovoltaic,OnGrid,2010,0.0,-,True,pv,False
Bahrain,Solar photovoltaic,OnGrid,2011,0.0,-,True,pv,False
Bahrain,Solar photovoltaic,OnGrid,2012,0.0,-,True,pv,False
Bahrain,Solar photovoltaic,OnGrid,2013,0.0,-,True,pv,False
Bahrain,Solar photovoltaic,OnGrid,2014,5.0,5,False,pv,False
Bahrain,Solar photovoltaic,OnGrid,2015,5.0,5,False,pv,False
Bahrain,Solar photovoltaic,OnGrid,2016,6.0,6,False,pv,False
Bahrain,Solar photovoltaic,OnGrid,2017,6.0,6,False,pv,False
Bahrain,Solar photovoltaic,OnGrid,2018,6.31,6.31,False,pv,False
Bahrain,Solar photovoltaic,OnGrid,2019,9.7,9.7,False,pv,False
Bahrain,Solar photovoltaic,OnGrid,2020,10.1,10.1,False,pv,False
Bahrain,Solar photovoltaic,OnGrid,2021,21.34,21.34,False,pv,False
Bahrain,Solar photovoltaic,OnGrid,2022,45.59,45.59,False,pv,False
Bahrain,Solar photovoltaic,OnGrid,2023,56.62,56.62,False,pv,False
Bahrain,Solar photovoltaic,OnGrid,2024,66.03,66.03,False,pv,False
Bahrain,Onshore wind energy,OnGrid,2000,0.0,-,True,wind,False
Bahrain,Onshore wind energy,OnGrid,2001,0.0,-,True,wind,False
Bahrain,Onshore wind energy,OnGrid,2002,0.0,-,True,wind,False
Bahrain,Onshore wind energy,OnGrid,2003,0.0,-,True,wind,False
Bahrain,Onshore wind energy,OnGrid,2004,0.0,-,True,wind,False
Bahrain,Onshore wind energy,OnGrid,2005,0.0,-,True,wind,False
Bahrain,Onshore wind energy,OnGrid,2006,0.0,-,True,wind,False
Bahrain,Onshore wind energy,OnGrid,2007,0.0,-,True,wind,False
Bahrain,Onshore wind energy,OnGrid,2008,0.68,0.68,False,wind,False
Bahrain,Onshore wind energy,OnGrid,2009,0.68,0.68,False,wind,False
Bahrain,Onshore wind energy,OnGrid,2010,0.68,0.68,False,wind,False
Bahrain,Onshore wind energy,OnGrid,2011,0.68,0.68,False,wind,False
Bahrain,Onshore wind energy,OnGrid,2012,0.68,0.68,False,wind,False
Bahrain,Onshore wind energy,OnGrid,2013,0.68,0.68,False,wind,False
Bahrain,Onshore wind energy,OnGrid,2014,0.68,0.68,False,wind,False
Bahrain,Onshore wind energy,OnGrid,2015,0.68,0.68,False,wind,False
Bahrain,Onshore wind energy,OnGrid,2016,0.68,0.68,False,wind,False
Bahrain,Onshore wind energy,OnGrid,2017,0.68,0.68,False,wind,False
Bahrain,Onshore wind energy,OnGrid,2018,0.68,0.68,False,wind,False
Bahrain,Onshore wind energy,OnGrid,2019,0.68,0.68,False,wind,False
Bahrain,Onshore wind energy,OnGrid,2020,0.68,0.68,False,wind,False
Bahrain,Onshore wind energy,OnGrid,2021,0.68,0.68,False,wind,False
Bahrain,Onshore wind energy,OnGrid,2022,2.68,2.68,False,wind,False
Bahrain,Onshore wind energy,OnGrid,2023,2.68,2.68,False,wind,False
Bahrain,Onshore wind energy,OnGrid,2024,2.68,2.68,False,wind,False
Bangladesh,Solar photovoltaic,OnGrid,2000,0.0,-,True,pv,False
Bangladesh,Solar photovoltaic,OnGrid,2001,0.0,-,True,pv,False
Bangladesh,Solar photovoltaic,OnGrid,2002,0.0,-,True,pv,False
Bangladesh,Solar photovoltaic,OnGrid,2003,0.0,-,True,pv,False
Bangladesh,Solar photovoltaic,OnGrid,2004,0.0,-,True,pv,False
Bangladesh,Solar photovoltaic,OnGrid,2005,0.0,-,True,pv,False
Bangladesh,Solar photovoltaic,OnGrid,2006,0.0,-,True,pv,False
Bangladesh,Solar photovoltaic,OnGrid,2007,0.0,-,True,pv,False
Bangladesh,Solar photovoltaic,OnGrid,2008,0.0,-,True,pv,False
Bangladesh,Solar photovoltaic,OnGrid,2009,0.0,-,True,pv,False
Bangladesh,Solar photovoltaic,OnGrid,2010,0.0,-,True,pv,False
Bangladesh,Solar photovoltaic,OnGrid,2011,0.0,-,True,pv,False
Bangladesh,Solar photovoltaic,OnGrid,2012,0.06,0.06,False,pv,False
Bangladesh,Solar photovoltaic,OnGrid,2013,0.06,0.06,False,pv,False
Bangladesh,Solar photovoltaic,OnGrid,2014,0.57,0.57,False,pv,False
Bangladesh,Solar photovoltaic,OnGrid,2015,4.62,4.62,False,pv,False
Bangladesh,Solar photovoltaic,OnGrid,2016,14.38,14.38,False,pv,False
Bangladesh,Solar photovoltaic,OnGrid,2017,21.99,21.99,False,pv,False
Bangladesh,Solar photovoltaic,OnGrid,2018,49.54,49.54,False,pv,False
Bangladesh,Solar photovoltaic,OnGrid,2019,78.62,78.62,False,pv,False
Bangladesh,Solar photovoltaic,OnGrid,2020,136.94,136.94,False,pv,False
Bangladesh,Solar photovoltaic,OnGrid,2021,303.22,303.22,False,pv,False
Bangladesh,Solar photovoltaic,OnGrid,2022,356.46,356.46,False,pv,False
Bangladesh,Solar photovoltaic,OnGrid,2023,594.22,594.22,False,pv,False
Bangladesh,Solar photovoltaic,OnGrid,2024,708.44,708.44,False,pv,False
Bangladesh,Onshore wind energy,OnGrid,2000,0.0,-,True,wind,False
Bangladesh,Onshore wind energy,OnGrid,2001,0.0,-,True,wind,False
Bangladesh,Onshore wind energy,OnGrid,2002,0.0,-,True,wind,False
Bangladesh,Onshore wind energy,OnGrid,2003,0.0,-,True,wind,False
Bangladesh,Onshore wind energy,OnGrid,2004,0.0,-,True,wind,False
Bangladesh,Onshore wind energy,OnGrid,2005,0.0,-,True,wind,False
Bangladesh,Onshore wind energy,OnGrid,2006,0.9,0.9,False,wind,False
Bangladesh,Onshore wind energy,OnGrid,2007,0.9,0.9,False,wind,False
Bangladesh,Onshore wind energy,OnGrid,2008,0.9,0.9,False,wind,False
Bangladesh,Onshore wind energy,OnGrid,2009,0.9,0.9,False,wind,False
Bangladesh,Onshore wind energy,OnGrid,2010,0.9,0.9,False,wind,False
Bangladesh,Onshore wind energy,OnGrid,2011,0.9,0.9,False,wind,False
Bangladesh,Onshore wind energy,OnGrid,2012,0.9,0.9,False,wind,False
Bangladesh,Onshore wind energy,OnGrid,2013,0.9,0.9,False,wind,False
Bangladesh,Onshore wind energy,OnGrid,2014,0.9,0.9,False,wind,False
Bangladesh,Onshore wind energy,OnGrid,2015,0.9,0.9,False,wind,False
Bangladesh,Onshore wind energy,OnGrid,2016,0.9,0.9,False,wind,False
Bangladesh,Onshore wind energy,OnGrid,2017,0.9,0.9,False,wind,False
Bangladesh,Onshore wind energy,OnGrid,2018,0.9,0.9,False,wind,False
Bangladesh,Onshore wind energy,OnGrid,2019,0.9,0.9,False,wind,False
Bangladesh,Onshore wind energy,OnGrid,2020,0.9,0.9,False,wind,False
Bangladesh,Onshore wind energy,OnGrid,2021,0.9,0.9,False,wind,False
Bangladesh,Onshore wind energy,OnGrid,2022,0.9,0.9,False,wind,False
Bangladesh,Onshore wind energy,OnGrid,2023,0.9,0.9,False,wind,False
Bangladesh,Onshore wind energy,OnGrid,2024,60.9,60.9,False,wind,False
Barbados,Solar photovoltaic,OnGrid,2000,0.0,-,True,pv,False
Barbados,Solar photovoltaic,OnGrid,2001,0.1,0.1,False,pv,False
Barbados,Solar photovoltaic,OnGrid,2002,0.1,0.1,False,pv,False
Barbados,Solar photovoltaic,OnGrid,2003,0.1,0.1,False,pv,False
Barbados,Solar photovoltaic,OnGrid,2004,0.1,0.1,False,pv,False
Barbados,Solar photovoltaic,OnGrid,2005,0.2,0.2,False,pv,False
Barbados,Solar photovoltaic,OnGrid,2006,0.2,0.2,False,pv,False
Barbados,Solar photovoltaic,OnGrid,2007,0.6,0.6,False,pv,False
Barbados,Solar photovoltaic,OnGrid,2008,0.6,0.6,False,pv,False
Barbados,Solar photovoltaic,OnGrid,2009,0.8,0.8,False,pv,False
Barbados,Solar photovoltaic,OnGrid,2010,1.0,1,False,pv,False
Barbados,Solar photovoltaic,OnGrid,2011,1.25,1.25,False,pv,False
Barbados,Solar photovoltaic,OnGrid,2012,1.5,1.5,False,pv,False
Barbados,Solar photovoltaic,OnGrid,2013,0.43,0.43,False,pv,False
Barbados,Solar photovoltaic,OnGrid,2014,1.29,1.29,False,pv,False
Barbados,Solar photovoltaic,OnGrid,2015,3.09,3.09,False,pv,False
Barbados,Solar photovoltaic,OnGrid,2016,14.94,14.94,False,pv,False
Barbados,Solar photovoltaic,OnGrid,2017,16.4,16.4,False,pv,False
Barbados,Solar photovoltaic,OnGrid,2018,17.25,17.25,False,pv,False
Barbados,Solar photovoltaic,OnGrid,2019,33.21,33.21,False,pv,False
Barbados,Solar photovoltaic,OnGrid,2020,49.15,49.15,False,pv,False
Barbados,Solar photovoltaic,OnGrid,2021,63.93,63.93,False,pv,False
Barbados,Solar photovoltaic,OnGrid,2022,69.34,69.34,False,pv,False
Barbados,Solar photovoltaic,OnGrid,2023,69.34,69.34,False,pv,False
Barbados,Solar photovoltaic,OnGrid,2024,69.34,69.34,False,pv,False
Barbados,Onshore wind energy,OnGrid,2000,0.04,0.04,False,wind,False
Barbados,Onshore wind energy,OnGrid,2001,0.04,0.04,False,wind,False
Barbados,Onshore wind energy,OnGrid,2002,0.04,0.04,False,wind,False
Barbados,Onshore wind energy,OnGrid,2003,0.04,0.04,False,wind,False
Barbados,Onshore wind energy,OnGrid,2004,0.04,0.04,False,wind,False
Barbados,Onshore wind energy,OnGrid,2005,0.04,0.04,False,wind,False
Barbados,Onshore wind energy,OnGrid,2006,0.04,0.04,False,wind,False
Barbados,Onshore wind energy,OnGrid,2007,0.04,0.04,False,wind,False
Barbados,Onshore wind energy,OnGrid,2008,0.04,0.04,False,wind,False
Barbados,Onshore wind energy,OnGrid,2009,0.04,0.04,False,wind,False
Barbados,Onshore wind energy,OnGrid,2010,0.04,0.04,False,wind,False
Barbados,Onshore wind energy,OnGrid,2011,0.04,0.04,False,wind,False
Barbados,Onshore wind energy,OnGrid,2012,0.04,0.04,False,wind,False
Barbados,Onshore wind energy,OnGrid,2013,0.04,0.04,False,wind,False
Barbados,Onshore wind energy,OnGrid,2014,0.04,0.04,False,wind,False
Barbados,Onshore wind energy,OnGrid,2015,0.04,0.04,False,wind,False
Barbados,Onshore wind energy,OnGrid,2016,0.06,0.06,False,wind,False
Barbados,Onshore wind energy,OnGrid,2017,0.06,0.06,False,wind,False
Barbados,Onshore wind energy,OnGrid,2018,0.06,0.06,False,wind,False
Barbados,Onshore wind energy,OnGrid,2019,0.06,0.06,False,wind,False
Barbados,Onshore wind energy,OnGrid,2020,0.06,0.06,False,wind,False
Barbados,Onshore wind energy,OnGrid,2021,0.06,0.06,False,wind,False
Barbados,Onshore wind energy,OnGrid,2022,1.16,1.16,False,wind,False
Barbados,Onshore wind energy,OnGrid,2023,1.16,1.16,False,wind,False
Barbados,Onshore wind energy,OnGrid,2024,1.16,1.16,False,wind,False
Belarus,Solar photovoltaic,OnGrid,2000,0.0,-,True,pv,False
Belarus,Solar photovoltaic,OnGrid,2001,0.0,-,True,pv,False
Belarus,Solar photovoltaic,OnGrid,2002,0.0,-,True,pv,False
Belarus,Solar photovoltaic,OnGrid,2003,0.0,-,True,pv,False
Belarus,Solar photovoltaic,OnGrid,2004,0.0,-,True,pv,False
Belarus,Solar photovoltaic,OnGrid,2005,0.0,-,True,pv,False
Belarus,Solar photovoltaic,OnGrid,2006,0.0,-,True,pv,False
Belarus,Solar photovoltaic,OnGrid,2007,0.0,-,True,pv,False
Belarus,Solar photovoltaic,OnGrid,2008,0.0,-,True,pv,False
Belarus,Solar photovoltaic,OnGrid,2009,0.0,-,True,pv,False
Belarus,Solar photovoltaic,OnGrid,2010,0.0,-,True,pv,False
Belarus,Solar photovoltaic,OnGrid,2011,0.0,-,True,pv,False
Belarus,Solar photovoltaic,OnGrid,2012,0.0,-,True,pv,False
Belarus,Solar photovoltaic,OnGrid,2013,0.0,-,True,pv,False
Belarus,Solar photovoltaic,OnGrid,2014,4.0,4,False,pv,False
Belarus,Solar photovoltaic,OnGrid,2015,6.0,6,False,pv,False
Belarus,Solar photovoltaic,OnGrid,2016,47.0,47,False,pv,False
Belarus,Solar photovoltaic,OnGrid,2017,80.0,80,False,pv,False
Belarus,Solar photovoltaic,OnGrid,2018,154.0,154,False,pv,False
Belarus,Solar photovoltaic,OnGrid,2019,154.0,154,False,pv,False
Belarus,Solar photovoltaic,OnGrid,2020,160.3,160.3,False,pv,False
Belarus,Solar photovoltaic,OnGrid,2021,163.7,163.7,False,pv,False
Belarus,Solar photovoltaic,OnGrid,2022,272.5,272.5,False,pv,False
Belarus,Solar photovoltaic,OnGrid,2023,272.7,272.7,False,pv,False
Belarus,Solar photovoltaic,OnGrid,2024,265.0,265,False,pv,False
Belarus,Onshore wind energy,OnGrid,2000,0.25,0.25,False,wind,False
Belarus,Onshore wind energy,OnGrid,2001,0.6,0.6,False,wind,False
Belarus,Onshore wind energy,OnGrid,2002,1.1,1.1,False,wind,False
Belarus,Onshore wind energy,OnGrid,2003,1.1,1.1,False,wind,False
Belarus,Onshore wind energy,OnGrid,2004,1.1,1.1,False,wind,False
Belarus,Onshore wind energy,OnGrid,2005,1.1,1.1,False,wind,False
Belarus,Onshore wind energy,OnGrid,2006,1.1,1.1,False,wind,False
Belarus,Onshore wind energy,OnGrid,2007,1.9,1.9,False,wind,False
Belarus,Onshore wind energy,OnGrid,2008,1.9,1.9,False,wind,False
Belarus,Onshore wind energy,OnGrid,2009,1.9,1.9,False,wind,False
Belarus,Onshore wind energy,OnGrid,2010,1.9,1.9,False,wind,False
Belarus,Onshore wind energy,OnGrid,2011,2.0,2,False,wind,False
Belarus,Onshore wind energy,OnGrid,2012,5.0,5,False,wind,False
Belarus,Onshore wind energy,OnGrid,2013,7.0,7,False,wind,False
Belarus,Onshore wind energy,OnGrid,2014,9.0,9,False,wind,False
Belarus,Onshore wind energy,OnGrid,2015,22.0,22,False,wind,False
Belarus,Onshore wind energy,OnGrid,2016,62.0,62,False,wind,False
Belarus,Onshore wind energy,OnGrid,2017,84.0,84,False,wind,False
Belarus,Onshore wind energy,OnGrid,2018,92.0,92,False,wind,False
Belarus,Onshore wind energy,OnGrid,2019,112.0,112,False,wind,False
Belarus,Onshore wind energy,OnGrid,2020,112.0,112,False,wind,False
Belarus,Onshore wind energy,OnGrid,2021,111.7,111.7,False,wind,False
Belarus,Onshore wind energy,OnGrid,2022,120.0,120,False,wind,False
Belarus,Onshore wind energy,OnGrid,2023,122.0,122,False,wind,False
Belarus,Onshore wind energy,OnGrid,2024,122.0,122,False,wind,False
Belgium,Solar photovoltaic,OnGrid,2000,0.0,-,True,pv,False
Belgium,Solar photovoltaic,OnGrid,2001,0.0,-,True,pv,False
Belgium,Solar photovoltaic,OnGrid,2002,1.0,1,False,pv,False
Belgium,Solar photovoltaic,OnGrid,2003,1.0,1,False,pv,False
Belgium,Solar photovoltaic,OnGrid,2004,1.0,1,False,pv,False
Belgium,Solar photovoltaic,OnGrid,2005,2.0,2,False,pv,False
Belgium,Solar photovoltaic,OnGrid,2006,2.0,2,False,pv,False
Belgium,Solar photovoltaic,OnGrid,2007,20.0,20,False,pv,False
Belgium,Solar photovoltaic,OnGrid,2008,62.0,62,False,pv,False
Belgium,Solar photovoltaic,OnGrid,2009,386.0,386,False,pv,False
Belgium,Solar photovoltaic,OnGrid,2010,840.2,840.2,False,pv,False
Belgium,Solar photovoltaic,OnGrid,2011,1864.9,1864.9,False,pv,False
Belgium,Solar photovoltaic,OnGrid,2012,2595.5,2595.5,False,pv,False
Belgium,Solar photovoltaic,OnGrid,2013,2864.0,2864,False,pv,False
Belgium,Solar photovoltaic,OnGrid,2014,2977.1,2977.1,False,pv,False
Belgium,Solar photovoltaic,OnGrid,2015,3108.1,3108.1,False,pv,False
Belgium,Solar photovoltaic,OnGrid,2016,3291.2,3291.2,False,pv,False
Belgium,Solar photovoltaic,OnGrid,2017,3600.4,3600.4,False,pv,False
Belgium,Solar photovoltaic,OnGrid,2018,3962.8,3962.8,False,pv,False
Belgium,Solar photovoltaic,OnGrid,2019,4523.0,4523,False,pv,False
Belgium,Solar photovoltaic,OnGrid,2020,5453.0,5453,False,pv,False
Belgium,Solar photovoltaic,OnGrid,2021,5933.0,5933,False,pv,False
Belgium,Solar photovoltaic,OnGrid,2022,6779.8,6779.8,False,pv,False
Belgium,Solar photovoltaic,OnGrid,2023,8360.4,8360.4,False,pv,False
Belgium,Solar photovoltaic,OnGrid,2024,9642.4,9642.4,False,pv,False
Belgium,Onshore wind energy,OnGrid,2000,14.0,14,False,wind,False
Belgium,Onshore wind energy,OnGrid,2001,26.0,26,False,wind,False
Belgium,Onshore wind energy,OnGrid,2002,31.0,31,False,wind,False
Belgium,Onshore wind energy,OnGrid,2003,67.0,67,False,wind,False
Belgium,Onshore wind energy,OnGrid,2004,96.0,96,False,wind,False
Belgium,Onshore wind energy,OnGrid,2005,167.0,167,False,wind,False
Belgium,Onshore wind energy,OnGrid,2006,212.0,212,False,wind,False
Belgium,Onshore wind energy,OnGrid,2007,276.0,276,False,wind,False
Belgium,Onshore wind energy,OnGrid,2008,324.0,324,False,wind,False
Belgium,Onshore wind energy,OnGrid,2009,576.0,576,False,wind,False
Belgium,Onshore wind energy,OnGrid,2010,706.9,706.9,False,wind,False
Belgium,Onshore wind energy,OnGrid,2011,870.0,870,False,wind,False
Belgium,Onshore wind energy,OnGrid,2012,985.9,985.9,False,wind,False
Belgium,Onshore wind energy,OnGrid,2013,1061.3,1061.3,False,wind,False
Belgium,Onshore wind energy,OnGrid,2014,1225.0,1225,False,wind,False
Belgium,Onshore wind energy,OnGrid,2015,1469.3,1469.3,False,wind,False
Belgium,Onshore wind energy,OnGrid,2016,1621.5,1621.5,False,wind,False
Belgium,Onshore wind energy,OnGrid,2017,1902.2,1902.2,False,wind,False
Belgium,Onshore wind energy,OnGrid,2018,2119.0,2119,False,wind,False
Belgium,Onshore wind energy,OnGrid,2019,2308.2,2308.2,False,wind,False
Belgium,Onshore wind energy,OnGrid,2020,2411.0,2411,False,wind,False
Belgium,Onshore wind energy,OnGrid,2021,2686.6,2686.6,False,wind,False
Belgium,Onshore wind energy,OnGrid,2022,3041.6,3041.6,False,wind,False
Belgium,Onshore wind energy,OnGrid,2023,3192.2,3192.2,False,wind,False
Belgium,Onshore wind energy,OnGrid,2024,3382.6,3382.6,False,wind,False
Belize,Solar photovoltaic,OnGrid,2000,0.0,-,True,pv,False
Belize,Solar photovoltaic,OnGrid,2001,0.0,-,True,pv,False
Belize,Solar photovoltaic,OnGrid,2002,0.0,-,True,pv,False
Belize,Solar photovoltaic,OnGrid,2003,0.0,-,True,pv,False
Belize,Solar photovoltaic,OnGrid,2004,0.0,-,True,pv,False
Belize,Solar photovoltaic,OnGrid,2005,0.0,-,True,pv,False
Belize,Solar photovoltaic,OnGrid,2006,0.0,-,True,pv,False
Belize,Solar photovoltaic,OnGrid,2007,0.0,-,True,pv,False
Belize,Solar photovoltaic,OnGrid,2008,0.0,-,True,pv,False
Belize,Solar photovoltaic,OnGrid,2009,0.0,-,True,pv,False
Belize,Solar photovoltaic,OnGrid,2010,0.0,-,True,pv,False
Belize,Solar photovoltaic,OnGrid,2011,0.0,-,True,pv,False
Belize,Solar photovoltaic,OnGrid,2012,0.48,0.48,False,pv,False
Belize,Solar photovoltaic,OnGrid,2013,0.48,0.48,False,pv,False
Belize,Solar photovoltaic,OnGrid,2014,0.48,0.48,False,pv,False
Belize,Solar photovoltaic,OnGrid,2015,0.48,0.48,False,pv,False
Belize,Solar photovoltaic,OnGrid,2016,0.48,0.48,False,pv,False
Belize,Solar photovoltaic,OnGrid,2017,0.48,0.48,False,pv,False
Belize,Solar photovoltaic,OnGrid,2018,0.83,0.83,False,pv,False
Belize,Solar photovoltaic,OnGrid,2019,5.93,5.93,False,pv,False
Belize,Solar photovoltaic,OnGrid,2020,5.93,5.93,False,pv,False
Belize,Solar photovoltaic,OnGrid,2021,5.93,5.93,False,pv,False
Belize,Solar photovoltaic,OnGrid,2022,5.9,5.9,False,pv,False
Belize,Solar photovoltaic,OnGrid,2023,5.9,5.9,False,pv,False
Belize,Solar photovoltaic,OnGrid,2024,5.9,5.9,False,pv,False
Belize,Onshore wind energy,OnGrid,2000,0.0,-,True,wind,False
Belize,Onshore wind energy,OnGrid,2001,0.0,-,True,wind,False
Belize,Onshore wind energy,OnGrid,2002,0.0,-,True,wind,False
Belize,Onshore wind energy,OnGrid,2003,0.0,-,True,wind,False
Belize,Onshore wind energy,OnGrid,2004,0.0,-,True,wind,False
Belize,Onshore wind energy,OnGrid,2005,0.0,-,True,wind,False
Belize,Onshore wind energy,OnGrid,2006,0.0,-,True,wind,False
Belize,Onshore wind energy,OnGrid,2007,0.0,-,True,wind,False
Belize,Onshore wind energy,OnGrid,2008,0.0,-,True,wind,False
Belize,Onshore wind energy,OnGrid,2009,0.0,-,True,wind,False
Belize,Onshore wind energy,OnGrid,2010,0.0,-,True,wind,False
Belize,Onshore wind energy,OnGrid,2011,0.0,-,True,wind,False
Belize,Onshore wind energy,OnGrid,2012,0.0,-,True,wind,False
Belize,Onshore wind energy,OnGrid,2013,0.0,-,True,wind,False
Belize,Onshore wind energy,OnGrid,2014,0.0,-,True,wind,False
Belize,Onshore wind energy,OnGrid,2015,0.0,-,True,wind,False
Belize,Onshore wind energy,OnGrid,2016,0.0,-,True,wind,False
Belize,Onshore wind energy,OnGrid,2017,0.0,-,True,wind,False
Belize,Onshore wind energy,OnGrid,2018,0.0,-,True,wind,False
Belize,Onshore wind energy,OnGrid,2019,0.0,-,True,wind,False
Belize,Onshore wind energy,OnGrid,2020,0.0,-,True,wind,False
Belize,Onshore wind energy,OnGrid,2021,0.0,-,True,wind,False
Belize,Onshore wind energy,OnGrid,2022,0.0,-,True,wind,False
Belize,Onshore wind energy,OnGrid,2023,0.0,-,True,wind,False
Belize,Onshore wind energy,OnGrid,2024,0.0,-,True,wind,False
Benin,Solar photovoltaic,OnGrid,2000,0.0,-,True,pv,False
Benin,Solar photovoltaic,OnGrid,2001,0.0,-,True,pv,False
Benin,Solar photovoltaic,OnGrid,2002,0.0,-,True,pv,False
Benin,Solar photovoltaic,OnGrid,2003,0.0,-,True,pv,False
Benin,Solar photovoltaic,OnGrid,2004,0.0,-,True,pv,False
Benin,Solar photovoltaic,OnGrid,2005,0.0,-,True,pv,False
Benin,Solar photovoltaic,OnGrid,2006,0.0,-,True,pv,False
Benin,Solar photovoltaic,OnGrid,2007,0.0,-,True,pv,False
Benin,Solar photovoltaic,OnGrid,2008,0.0,-,True,pv,False
Benin,Solar photovoltaic,OnGrid,2009,0.0,-,True,pv,False
Benin,Solar photovoltaic,OnGrid,2010,0.0,-,True,pv,False
Benin,Solar photovoltaic,OnGrid,2011,0.0,-,True,pv,False
Benin,Solar photovoltaic,OnGrid,2012,0.0,-,True,pv,False
Benin,Solar photovoltaic,OnGrid,2013,0.0,-,True,pv,False
Benin,Solar photovoltaic,OnGrid,2014,0.2,0.2,False,pv,False
Benin,Solar photovoltaic,OnGrid,2015,1.2,1.2,False,pv,False
Benin,Solar photovoltaic,OnGrid,2016,1.4,1.4,False,pv,False
Benin,Solar photovoltaic,OnGrid,2017,1.4,1.4,False,pv,False
Benin,Solar photovoltaic,OnGrid,2018,1.4,1.4,False,pv,False
Benin,Solar photovoltaic,OnGrid,2019,1.4,1.4,False,pv,False
Benin,Solar photovoltaic,OnGrid,2020,1.4,1.4,False,pv,False
Benin,Solar photovoltaic,OnGrid,2021,1.4,1.4,False,pv,False
Benin,Solar photovoltaic,OnGrid,2022,26.4,26.4,False,pv,False
Benin,Solar photovoltaic,OnGrid,2023,26.4,26.4,False,pv,False
Benin,Solar photovoltaic,OnGrid,2024,26.4,26.4,False,pv,False
Benin,Onshore wind energy,OnGrid,2000,0.0,-,True,wind,False
Benin,Onshore wind energy,OnGrid,2001,0.0,-,True,wind,False
Benin,Onshore wind energy,OnGrid,2002,0.0,-,True,wind,False
Benin,Onshore wind energy,OnGrid,2003,0.0,-,True,wind,False
Benin,Onshore wind energy,OnGrid,2004,0.0,-,True,wind,False
Benin,Onshore wind energy,OnGrid,2005,0.0,-,True,wind,False
Benin,Onshore wind energy,OnGrid,2006,0.0,-,True,wind,False
Benin,Onshore wind energy,OnGrid,2007,0.0,-,True,wind,False
Benin,Onshore wind energy,OnGrid,2008,0.0,-,True,wind,False
Benin,Onshore wind energy,OnGrid,2009,0.0,-,True,wind,False
Benin,Onshore wind energy,OnGrid,2010,0.0,-,True,wind,False
Benin,Onshore wind energy,OnGrid,2011,0.0,-,True,wind,False
Benin,Onshore wind energy,OnGrid,2012,0.0,-,True,wind,False
Benin,Onshore wind energy,OnGrid,2013,0.0,-,True,wind,False
Benin,Onshore wind energy,OnGrid,2014,0.0,-,True,wind,False
Benin,Onshore wind energy,OnGrid,2015,0.0,-,True,wind,False
Benin,Onshore wind energy,OnGrid,2016,0.0,-,True,wind,False
Benin,Onshore wind energy,OnGrid,2017,0.0,-,True,wind,False
Benin,Onshore wind energy,OnGrid,2018,0.0,-,True,wind,False
Benin,Onshore wind energy,OnGrid,2019,0.0,-,True,wind,False
Benin,Onshore wind energy,OnGrid,2020,0.0,-,True,wind,False
Benin,Onshore wind energy,OnGrid,2021,0.0,-,True,wind,False
Benin,Onshore wind energy,OnGrid,2022,0.0,-,True,wind,False
Benin,Onshore wind energy,OnGrid,2023,0.0,-,True,wind,False
Benin,Onshore wind energy,OnGrid,2024,0.0,-,True,wind,False
BES Islands,Solar photovoltaic,OnGrid,2000,0.0,-,True,pv,False
BES Islands,Solar photovoltaic,OnGrid,2001,0.0,-,True,pv,False
BES Islands,Solar photovoltaic,OnGrid,2002,0.0,-,True,pv,False
BES Islands,Solar photovoltaic,OnGrid,2003,0.0,-,True,pv,False
BES Islands,Solar photovoltaic,OnGrid,2004,0.0,-,True,pv,False
BES Islands,Solar photovoltaic,OnGrid,2005,0.0,-,True,pv,False
BES Islands,Solar photovoltaic,OnGrid,2006,0.0,-,True,pv,False
BES Islands,Solar photovoltaic,OnGrid,2007,0.0,-,True,pv,False
BES Islands,Solar photovoltaic,OnGrid,2008,0.0,-,True,pv,False
BES Islands,Solar photovoltaic,OnGrid,2009,0.0,-,True,pv,False
BES Islands,Solar photovoltaic,OnGrid,2010,0.0,-,True,pv,False
BES Islands,Solar photovoltaic,OnGrid,2011,0.0,-,True,pv,False
BES Islands,Solar photovoltaic,OnGrid,2012,0.0,-,True,pv,False
BES Islands,Solar photovoltaic,OnGrid,2013,0.0,-,True,pv,False
BES Islands,Solar photovoltaic,OnGrid,2014,0.0,-,True,pv,False
BES Islands,Solar photovoltaic,OnGrid,2015,0.3,0.3,False,pv,False
BES Islands,Solar photovoltaic,OnGrid,2016,2.25,2.25,False,pv,False
BES Islands,Solar photovoltaic,OnGrid,2017,4.51,4.51,False,pv,False
BES Islands,Solar photovoltaic,OnGrid,2018,5.65,5.65,False,pv,False
BES Islands,Solar photovoltaic,OnGrid,2019,6.65,6.65,False,pv,False
BES Islands,Solar photovoltaic,OnGrid,2020,6.65,6.65,False,pv,False
BES Islands,Solar photovoltaic,OnGrid,2021,6.65,6.65,False,pv,False
BES Islands,Solar photovoltaic,OnGrid,2022,6.65,6.65,False,pv,False
BES Islands,Solar photovoltaic,OnGrid,2023,16.1,16.1,False,pv,False
BES Islands,Solar photovoltaic,OnGrid,2024,21.4,21.4,False,pv,False
BES Islands,Onshore wind energy,OnGrid,2000,0.0,-,True,wind,False
BES Islands,Onshore wind energy,OnGrid,2001,0.0,-,True,wind,False
BES Islands,Onshore wind energy,OnGrid,2002,0.0,-,True,wind,False
BES Islands,Onshore wind energy,OnGrid,2003,0.0,-,True,wind,False
BES Islands,Onshore wind energy,OnGrid,2004,0.0,-,True,wind,False
BES Islands,Onshore wind energy,OnGrid,2005,0.0,-,True,wind,False
BES Islands,Onshore wind energy,OnGrid,2006,0.0,-,True,wind,False
BES Islands,Onshore wind energy,OnGrid,2007,0.33,0.33,False,wind,False
BES Islands,Onshore wind energy,OnGrid,2008,0.33,0.33,False,wind,False
BES Islands,Onshore wind energy,OnGrid,2009,10.23,10.23,False,wind,False
BES Islands,Onshore wind energy,OnGrid,2010,10.23,10.23,False,wind,False
BES Islands,Onshore wind energy,OnGrid,2011,10.23,10.23,False,wind,False
BES Islands,Onshore wind energy,OnGrid,2012,10.23,10.23,False,wind,False
BES Islands,Onshore wind energy,OnGrid,2013,11.13,11.13,False,wind,False
BES Islands,Onshore wind energy,OnGrid,2014,11.13,11.13,False,wind,False
BES Islands,Onshore wind energy,OnGrid,2015,11.13,11.13,False,wind,False
BES Islands,Onshore wind energy,OnGrid,2016,11.13,11.13,False,wind,False
BES Islands,Onshore wind energy,OnGrid,2017,11.13,11.13,False,wind,False
BES Islands,Onshore wind energy,OnGrid,2018,11.13,11.13,False,wind,False
BES Islands,Onshore wind energy,OnGrid,2019,11.13,11.13,False,wind,False
BES Islands,Onshore wind energy,OnGrid,2020,11.13,11.13,False,wind,False
BES Islands,Onshore wind energy,OnGrid,2021,11.13,11.13,False,wind,False
BES Islands,Onshore wind energy,OnGrid,2022,11.13,11.13,False,wind,False
BES Islands,Onshore wind energy,OnGrid,2023,11.13,11.13,False,wind,False
BES Islands,Onshore wind energy,OnGrid,2024,11.13,11.13,False,wind,False
Bhutan,Solar photovoltaic,OnGrid,2000,0.0,-,True,pv,False
Bhutan,Solar photovoltaic,OnGrid,2001,0.0,-,True,pv,False
Bhutan,Solar photovoltaic,OnGrid,2002,0.0,-,True,pv,False
Bhutan,Solar photovoltaic,OnGrid,2003,0.0,-,True,pv,False
Bhutan,Solar photovoltaic,OnGrid,2004,0.0,-,True,pv,False
Bhutan,Solar photovoltaic,OnGrid,2005,0.0,-,True,pv,False
Bhutan,Solar photovoltaic,OnGrid,2006,0.0,-,True,pv,False
Bhutan,Solar photovoltaic,OnGrid,2007,0.0,-,True,pv,False
Bhutan,Solar photovoltaic,OnGrid,2008,0.0,-,True,pv,False
Bhutan,Solar photovoltaic,OnGrid,2009,0.0,-,True,pv,False
Bhutan,Solar photovoltaic,OnGrid,2010,0.0,-,True,pv,False
Bhutan,Solar photovoltaic,OnGrid,2011,0.0,-,True,pv,False
Bhutan,Solar photovoltaic,OnGrid,2012,0.0,-,True,pv,False
Bhutan,Solar photovoltaic,OnGrid,2013,0.0,-,True,pv,False
Bhutan,Solar photovoltaic,OnGrid,2014,0.0,-,True,pv,False
Bhutan,Solar photovoltaic,OnGrid,2015,0.0,-,True,pv,False
Bhutan,Solar photovoltaic,OnGrid,2016,0.0,-,True,pv,False
Bhutan,Solar photovoltaic,OnGrid,2017,0.0,-,True,pv,False
Bhutan,Solar photovoltaic,OnGrid,2018,0.0,-,True,pv,False
Bhutan,Solar photovoltaic,OnGrid,2019,0.0,-,True,pv,False
Bhutan,Solar photovoltaic,OnGrid,2020,0.0,-,True,pv,False
Bhutan,Solar photovoltaic,OnGrid,2021,0.19,0.19,False,pv,False
Bhutan,Solar photovoltaic,OnGrid,2022,0.19,0.19,False,pv,False
Bhutan,Solar photovoltaic,OnGrid,2023,0.94,0.94,False,pv,False
Bhutan,Solar photovoltaic,OnGrid,2024,3.04,3.04,False,pv,False
Bhutan,Onshore wind energy,OnGrid,2000,0.0,-,True,wind,False
Bhutan,Onshore wind energy,OnGrid,2001,0.0,-,True,wind,False
Bhutan,Onshore wind energy,OnGrid,2002,0.0,-,True,wind,False
Bhutan,Onshore wind energy,OnGrid,2003,0.0,-,True,wind,False
Bhutan,Onshore wind energy,OnGrid,2004,0.0,-,True,wind,False
Bhutan,Onshore wind energy,OnGrid,2005,0.0,-,True,wind,False
Bhutan,Onshore wind energy,OnGrid,2006,0.0,-,True,wind,False
Bhutan,Onshore wind energy,OnGrid,2007,0.0,-,True,wind,False
Bhutan,Onshore wind energy,OnGrid,2008,0.0,-,True,wind,False
Bhutan,Onshore wind energy,OnGrid,2009,0.0,-,True,wind,False
Bhutan,Onshore wind energy,OnGrid,2010,0.0,-,True,wind,False
Bhutan,Onshore wind energy,OnGrid,2011,0.0,-,True,wind,False
Bhutan,Onshore wind energy,OnGrid,2012,0.0,-,True,wind,False
Bhutan,Onshore wind energy,OnGrid,2013,0.0,-,True,wind,False
Bhutan,Onshore wind energy,OnGrid,2014,0.0,-,True,wind,False
Bhutan,Onshore wind energy,OnGrid,2015,0.6,0.6,False,wind,False
Bhutan,Onshore wind energy,OnGrid,2016,0.6,0.6,False,wind,False
Bhutan,Onshore wind energy,OnGrid,2017,0.6,0.6,False,wind,False
Bhutan,Onshore wind energy,OnGrid,2018,0.6,0.6,False,wind,False
Bhutan,Onshore wind energy,OnGrid,2019,0.6,0.6,False,wind,False
Bhutan,Onshore wind energy,OnGrid,2020,0.6,0.6,False,wind,False
Bhutan,Onshore wind energy,OnGrid,2021,0.6,0.6,False,wind,False
Bhutan,Onshore wind energy,OnGrid,2022,0.6,0.6,False,wind,False
Bhutan,Onshore wind energy,OnGrid,2023,0.6,0.6,False,wind,False
Bhutan,Onshore wind energy,OnGrid,2024,0.6,0.6,False,wind,False
Bolivia,Solar photovoltaic,OnGrid,2000,0.0,-,True,pv,False
Bolivia,Solar photovoltaic,OnGrid,2001,0.0,-,True,pv,False
Bolivia,Solar photovoltaic,OnGrid,2002,0.0,-,True,pv,False
Bolivia,Solar photovoltaic,OnGrid,2003,0.0,-,True,pv,False
Bolivia,Solar photovoltaic,OnGrid,2004,0.0,-,True,pv,False
Bolivia,Solar photovoltaic,OnGrid,2005,0.0,-,True,pv,False
Bolivia,Solar photovoltaic,OnGrid,2006,0.0,-,True,pv,False
Bolivia,Solar photovoltaic,OnGrid,2007,0.0,-,True,pv,False
Bolivia,Solar photovoltaic,OnGrid,2008,0.0,-,True,pv,False
Bolivia,Solar photovoltaic,OnGrid,2009,0.0,-,True,pv,False
Bolivia,Solar photovoltaic,OnGrid,2010,0.0,-,True,pv,False
Bolivia,Solar photovoltaic,OnGrid,2011,0.0,-,True,pv,False
Bolivia,Solar photovoltaic,OnGrid,2012,0.0,-,True,pv,False
Bolivia,Solar photovoltaic,OnGrid,2013,0.0,-,True,pv,False
Bolivia,Solar photovoltaic,OnGrid,2014,0.0,-,True,pv,False
Bolivia,Solar photovoltaic,OnGrid,2015,0.0,-,True,pv,False
Bolivia,Solar photovoltaic,OnGrid,2016,0.0,-,True,pv,False
Bolivia,Solar photovoltaic,OnGrid,2017,5.0,5,False,pv,False
Bolivia,Solar photovoltaic,OnGrid,2018,65.0,65,False,pv,False
Bolivia,Solar photovoltaic,OnGrid,2019,65.0,65,False,pv,False
Bolivia,Solar photovoltaic,OnGrid,2020,115.07,115.07,False,pv,False
Bolivia,Solar photovoltaic,OnGrid,2021,164.96,164.96,False,pv,False
Bolivia,Solar photovoltaic,OnGrid,2022,165.35,165.35,False,pv,False
Bolivia,Solar photovoltaic,OnGrid,2023,166.66,166.66,False,pv,False
Bolivia,Solar photovoltaic,OnGrid,2024,170.41,170.41,False,pv,False
Bolivia,Onshore wind energy,OnGrid,2000,0.0,-,True,wind,False
Bolivia,Onshore wind energy,OnGrid,2001,0.0,-,True,wind,False
Bolivia,Onshore wind energy,OnGrid,2002,0.0,-,True,wind,False
Bolivia,Onshore wind energy,OnGrid,2003,0.0,-,True,wind,False
Bolivia,Onshore wind energy,OnGrid,2004,0.0,-,True,wind,False
Bolivia,Onshore wind energy,OnGrid,2005,0.0,-,True,wind,False
Bolivia,Onshore wind energy,OnGrid,2006,0.0,-,True,wind,False
Bolivia,Onshore wind energy,OnGrid,2007,0.0,-,True,wind,False
Bolivia,Onshore wind energy,OnGrid,2008,0.0,-,True,wind,False
Bolivia,Onshore wind energy,OnGrid,2009,0.0,-,True,wind,False
Bolivia,Onshore wind energy,OnGrid,2010,0.0,-,True,wind,False
Bolivia,Onshore wind energy,OnGrid,2011,0.0,-,True,wind,False
Bolivia,Onshore wind energy,OnGrid,2012,0.0,-,True,wind,False
Bolivia,Onshore wind energy,OnGrid,2013,0.0,-,True,wind,False
Bolivia,Onshore wind energy,OnGrid,2014,3.0,3,False,wind,False
Bolivia,Onshore wind energy,OnGrid,2015,3.0,3,False,wind,False
Bolivia,Onshore wind energy,OnGrid,2016,27.0,27,False,wind,False
Bolivia,Onshore wind energy,OnGrid,2017,27.0,27,False,wind,False
Bolivia,Onshore wind energy,OnGrid,2018,27.0,27,False,wind,False
Bolivia,Onshore wind energy,OnGrid,2019,27.0,27,False,wind,False
Bolivia,Onshore wind energy,OnGrid,2020,27.0,27,False,wind,False
Bolivia,Onshore wind energy,OnGrid,2021,127.8,127.8,False,wind,False
Bolivia,Onshore wind energy,OnGrid,2022,127.8,127.8,False,wind,False
Bolivia,Onshore wind energy,OnGrid,2023,135.0,135,False,wind,False
Bolivia,Onshore wind energy,OnGrid,2024,135.0,135,False,wind,False
Bosnia Herzg,Solar photovoltaic,OnGrid,2000,0.0,-,True,pv,False
Bosnia Herzg,Solar photovoltaic,OnGrid,2001,0.0,-,True,pv,False
Bosnia Herzg,Solar photovoltaic,OnGrid,2002,0.0,-,True,pv,False
Bosnia Herzg,Solar photovoltaic,OnGrid,2003,0.1,0.1,False,pv,False
Bosnia Herzg,Solar photovoltaic,OnGrid,2004,0.2,0.2,False,pv,False
Bosnia Herzg,Solar photovoltaic,OnGrid,2005,0.3,0.3,False,pv,False
Bosnia Herzg,Solar photovoltaic,OnGrid,2006,0.3,0.3,False,pv,False
Bosnia Herzg,Solar photovoltaic,OnGrid,2007,0.3,0.3,False,pv,False
Bosnia Herzg,Solar photovoltaic,OnGrid,2008,0.3,0.3,False,pv,False
Bosnia Herzg,Solar photovoltaic,OnGrid,2009,0.3,0.3,False,pv,False
Bosnia Herzg,Solar photovoltaic,OnGrid,2010,0.3,0.3,False,pv,False
Bosnia Herzg,Solar photovoltaic,OnGrid,2011,0.3,0.3,False,pv,False
Bosnia Herzg,Solar photovoltaic,OnGrid,2012,0.35,0.35,False,pv,False
Bosnia Herzg,Solar photovoltaic,OnGrid,2013,1.34,1.34,False,pv,False
Bosnia Herzg,Solar photovoltaic,OnGrid,2014,7.17,7.17,False,pv,False
Bosnia Herzg,Solar photovoltaic,OnGrid,2015,8.17,8.17,False,pv,False
Bosnia Herzg,Solar photovoltaic,OnGrid,2016,14.12,14.12,False,pv,False
Bosnia Herzg,Solar photovoltaic,OnGrid,2017,16.0,16,False,pv,False
Bosnia Herzg,Solar photovoltaic,OnGrid,2018,18.15,18.15,False,pv,False
Bosnia Herzg,Solar photovoltaic,OnGrid,2019,22.35,22.35,False,pv,False
Bosnia Herzg,Solar photovoltaic,OnGrid,2020,34.89,34.89,False,pv,False
Bosnia Herzg,Solar photovoltaic,OnGrid,2021,56.51,56.51,False,pv,False
Bosnia Herzg,Solar photovoltaic,OnGrid,2022,101.56,101.56,False,pv,False
Bosnia Herzg,Solar photovoltaic,OnGrid,2023,212.19,212.19,False,pv,False
Bosnia Herzg,Solar photovoltaic,OnGrid,2024,607.64,607.64,False,pv,False
Bosnia Herzg,Onshore wind energy,OnGrid,2000,0.0,-,True,wind,False
Bosnia Herzg,Onshore wind energy,OnGrid,2001,0.0,-,True,wind,False
Bosnia Herzg,Onshore wind energy,OnGrid,2002,0.0,-,True,wind,False
Bosnia Herzg,Onshore wind energy,OnGrid,2003,0.0,-,True,wind,False
Bosnia Herzg,Onshore wind energy,OnGrid,2004,0.0,-,True,wind,False
Bosnia Herzg,Onshore wind energy,OnGrid,2005,0.0,-,True,wind,False
Bosnia Herzg,Onshore wind energy,OnGrid,2006,0.0,-,True,wind,False
Bosnia Herzg,Onshore wind energy,OnGrid,2007,0.0,-,True,wind,False
Bosnia Herzg,Onshore wind energy,OnGrid,2008,0.0,-,True,wind,False
Bosnia Herzg,Onshore wind energy,OnGrid,2009,0.0,-,True,wind,False
Bosnia Herzg,Onshore wind energy,OnGrid,2010,0.0,-,True,wind,False
Bosnia Herzg,Onshore wind energy,OnGrid,2011,0.3,0.3,False,wind,False
Bosnia Herzg,Onshore wind energy,OnGrid,2012,0.3,0.3,False,wind,False
Bosnia Herzg,Onshore wind energy,OnGrid,2013,0.3,0.3,False,wind,False
Bosnia Herzg,Onshore wind energy,OnGrid,2014,0.3,0.3,False,wind,False
Bosnia Herzg,Onshore wind energy,OnGrid,2015,0.3,0.3,False,wind,False
Bosnia Herzg,Onshore wind energy,OnGrid,2016,0.3,0.3,False,wind,False
Bosnia Herzg,Onshore wind energy,OnGrid,2017,0.3,0.3,False,wind,False
Bosnia Herzg,Onshore wind energy,OnGrid,2018,51.0,51,False,wind,False
Bosnia Herzg,Onshore wind energy,OnGrid,2019,87.0,87,False,wind,False
Bosnia Herzg,Onshore wind energy,OnGrid,2020,87.0,87,False,wind,False
Bosnia Herzg,Onshore wind energy,OnGrid,2021,135.0,135,False,wind,False
Bosnia Herzg,Onshore wind energy,OnGrid,2022,135.0,135,False,wind,False
Bosnia Herzg,Onshore wind energy,OnGrid,2023,135.0,135,False,wind,False
Bosnia Herzg,Onshore wind energy,OnGrid,2024,219.0,219,False,wind,False
Botswana,Solar photovoltaic,OnGrid,2000,0.0,-,True,pv,False
Botswana,Solar photovoltaic,OnGrid,2001,0.0,-,True,pv,False
Botswana,Solar photovoltaic,OnGrid,2002,0.0,-,True,pv,False
Botswana,Solar photovoltaic,OnGrid,2003,0.0,-,True,pv,False
Botswana,Solar photovoltaic,OnGrid,2004,0.0,-,True,pv,False
Botswana,Solar photovoltaic,OnGrid,2005,0.0,-,True,pv,False
Botswana,Solar photovoltaic,OnGrid,2006,0.0,-,True,pv,False
Botswana,Solar photovoltaic,OnGrid,2007,0.0,-,True,pv,False
Botswana,Solar photovoltaic,OnGrid,2008,0.0,-,True,pv,False
Botswana,Solar photovoltaic,OnGrid,2009,0.0,-,True,pv,False
Botswana,Solar photovoltaic,OnGrid,2010,0.0,-,True,pv,False
Botswana,Solar photovoltaic,OnGrid,2011,0.0,-,True,pv,False
Botswana,Solar photovoltaic,OnGrid,2012,1.3,1.3,False,pv,False
Botswana,Solar photovoltaic,OnGrid,2013,1.3,1.3,False,pv,False
Botswana,Solar photovoltaic,OnGrid,2014,1.3,1.3,False,pv,False
Botswana,Solar photovoltaic,OnGrid,2015,1.3,1.3,False,pv,False
Botswana,Solar photovoltaic,OnGrid,2016,1.35,1.35,False,pv,False
Botswana,Solar photovoltaic,OnGrid,2017,1.35,1.35,False,pv,False
Botswana,Solar photovoltaic,OnGrid,2018,1.35,1.35,False,pv,False
Botswana,Solar photovoltaic,OnGrid,2019,3.55,3.55,False,pv,False
Botswana,Solar photovoltaic,OnGrid,2020,3.55,3.55,False,pv,False
Botswana,Solar photovoltaic,OnGrid,2021,3.9,3.9,False,pv,False
Botswana,Solar photovoltaic,OnGrid,2022,3.9,3.9,False,pv,False
Botswana,Solar photovoltaic,OnGrid,2023,6.9,6.9,False,pv,False
Botswana,Solar photovoltaic,OnGrid,2024,63.2,63.2,False,pv,False
Botswana,Onshore wind energy,OnGrid,2000,0.0,-,True,wind,False
Botswana,Onshore wind energy,OnGrid,2001,0.0,-,True,wind,False
Botswana,Onshore wind energy,OnGrid,2002,0.0,-,True,wind,False
Botswana,Onshore wind energy,OnGrid,2003,0.0,-,True,wind,False
Botswana,Onshore wind energy,OnGrid,2004,0.0,-,True,wind,False
Botswana,Onshore wind energy,OnGrid,2005,0.0,-,True,wind,False
Botswana,Onshore wind energy,OnGrid,2006,0.0,-,True,wind,False
Botswana,Onshore wind energy,OnGrid,2007,0.0,-,True,wind,False
Botswana,Onshore wind energy,OnGrid,2008,0.0,-,True,wind,False
Botswana,Onshore wind energy,OnGrid,2009,0.0,-,True,wind,False
Botswana,Onshore wind energy,OnGrid,2010,0.0,-,True,wind,False
Botswana,Onshore wind energy,OnGrid,2011,0.0,-,True,wind,False
Botswana,Onshore wind energy,OnGrid,2012,0.0,-,True,wind,False
Botswana,Onshore wind energy,OnGrid,2013,0.0,-,True,wind,False
Botswana,Onshore wind energy,OnGrid,2014,0.0,-,True,wind,False
Botswana,Onshore wind energy,OnGrid,2015,0.0,-,True,wind,False
Botswana,Onshore wind energy,OnGrid,2016,0.0,-,True,wind,False
Botswana,Onshore wind energy,OnGrid,2017,0.0,-,True,wind,False
Botswana,Onshore wind energy,OnGrid,2018,0.0,-,True,wind,False
Botswana,Onshore wind energy,OnGrid,2019,0.0,-,True,wind,False
Botswana,Onshore wind energy,OnGrid,2020,0.0,-,True,wind,False
Botswana,Onshore wind energy,OnGrid,2021,0.0,-,True,wind,False
Botswana,Onshore wind energy,OnGrid,2022,0.0,-,True,wind,False
Botswana,Onshore wind energy,OnGrid,2023,0.0,-,True,wind,False
Botswana,Onshore wind energy,OnGrid,2024,0.0,-,True,wind,False
Br Virgin Is,Solar photovoltaic,OnGrid,2000,0.0,-,True,pv,False
Br Virgin Is,Solar photovoltaic,OnGrid,2001,0.0,-,True,pv,False
Br Virgin Is,Solar photovoltaic,OnGrid,2002,0.0,-,True,pv,False
Br Virgin Is,Solar photovoltaic,OnGrid,2003,0.0,-,True,pv,False
Br Virgin Is,Solar photovoltaic,OnGrid,2004,0.0,-,True,pv,False
Br Virgin Is,Solar photovoltaic,OnGrid,2005,0.0,-,True,pv,False
Br Virgin Is,Solar photovoltaic,OnGrid,2006,0.0,-,True,pv,False
Br Virgin Is,Solar photovoltaic,OnGrid,2007,0.0,-,True,pv,False
Br Virgin Is,Solar photovoltaic,OnGrid,2008,0.0,-,True,pv,False
Br Virgin Is,Solar photovoltaic,OnGrid,2009,0.0,-,True,pv,False
Br Virgin Is,Solar photovoltaic,OnGrid,2010,0.0,0,False,pv,False
Br Virgin Is,Solar photovoltaic,OnGrid,2011,0.0,0,False,pv,False
Br Virgin Is,Solar photovoltaic,OnGrid,2012,0.0,0,False,pv,False
Br Virgin Is,Solar photovoltaic,OnGrid,2013,0.0,0,False,pv,False
Br Virgin Is,Solar photovoltaic,OnGrid,2014,0.0,0,False,pv,False
Br Virgin Is,Solar photovoltaic,OnGrid,2015,0.0,0,False,pv,False
Br Virgin Is,Solar photovoltaic,OnGrid,2016,0.0,0,False,pv,False
Br Virgin Is,Solar photovoltaic,OnGrid,2017,0.0,0,False,pv,False
Br Virgin Is,Solar photovoltaic,OnGrid,2018,0.0,0,False,pv,False
Br Virgin Is,Solar photovoltaic,OnGrid,2019,0.0,0,False,pv,False
Br Virgin Is,Solar photovoltaic,OnGrid,2020,0.04,0.04,False,pv,False
Br Virgin Is,Solar photovoltaic,OnGrid,2021,0.3,0.3,False,pv,False
Br Virgin Is,Solar photovoltaic,OnGrid,2022,0.32,0.32,False,pv,False
Br Virgin Is,Solar photovoltaic,OnGrid,2023,0.33,0.33,False,pv,False
Br Virgin Is,Solar photovoltaic,OnGrid,2024,0.33,0.33,False,pv,False
Br Virgin Is,Onshore wind energy,OnGrid,2000,0.0,-,True,wind,False
Br Virgin Is,Onshore wind energy,OnGrid,2001,0.0,-,True,wind,False
Br Virgin Is,Onshore wind energy,OnGrid,2002,0.0,-,True,wind,False
Br Virgin Is,Onshore wind energy,OnGrid,2003,0.0,-,True,wind,False
Br Virgin Is,Onshore wind energy,OnGrid,2004,0.0,-,True,wind,False
Br Virgin Is,Onshore wind energy,OnGrid,2005,0.0,-,True,wind,False
Br Virgin Is,Onshore wind energy,OnGrid,2006,0.0,-,True,wind,False
Br Virgin Is,Onshore wind energy,OnGrid,2007,0.0,-,True,wind,False
Br Virgin Is,Onshore wind energy,OnGrid,2008,0.0,-,True,wind,False
Br Virgin Is,Onshore wind energy,OnGrid,2009,0.0,-,True,wind,False
Br Virgin Is,Onshore wind energy,OnGrid,2010,0.0,0,False,wind,False
Br Virgin Is,Onshore wind energy,OnGrid,2011,0.0,0,False,wind,False
Br Virgin Is,Onshore wind energy,OnGrid,2012,0.0,0,False,wind,False
Br Virgin Is,Onshore wind energy,OnGrid,2013,0.0,0,False,wind,False
Br Virgin Is,Onshore wind energy,OnGrid,2014,0.0,0,False,wind,False
Br Virgin Is,Onshore wind energy,OnGrid,2015,0.0,0,False,wind,False
Br Virgin Is,Onshore wind energy,OnGrid,2016,0.0,0,False,wind,False
Br Virgin Is,Onshore wind energy,OnGrid,2017,0.0,0,False,wind,False
Br Virgin Is,Onshore wind energy,OnGrid,2018,0.0,0,False,wind,False
Br Virgin Is,Onshore wind energy,OnGrid,2019,0.0,0,False,wind,False
Br Virgin Is,Onshore wind energy,OnGrid,2020,0.0,0,False,wind,False
Br Virgin Is,Onshore wind energy,OnGrid,2021,0.0,0,False,wind,False
Br Virgin Is,Onshore wind energy,OnGrid,2022,0.0,-,True,wind,False
Br Virgin Is,Onshore wind energy,OnGrid,2023,0.0,-,True,wind,False
Br Virgin Is,Onshore wind energy,OnGrid,2024,0.0,-,True,wind,False
Brazil,Solar photovoltaic,OnGrid,2000,1.56,1.56,False,pv,False
Brazil,Solar photovoltaic,OnGrid,2001,1.6,1.6,False,pv,False
Brazil,Solar photovoltaic,OnGrid,2002,1.6,1.6,False,pv,False
Brazil,Solar photovoltaic,OnGrid,2003,1.6,1.6,False,pv,False
Brazil,Solar photovoltaic,OnGrid,2004,1.6,1.6,False,pv,False
Brazil,Solar photovoltaic,OnGrid,2005,1.6,1.6,False,pv,False
Brazil,Solar photovoltaic,OnGrid,2006,1.6,1.6,False,pv,False
Brazil,Solar photovoltaic,OnGrid,2007,1.6,1.6,False,pv,False
Brazil,Solar photovoltaic,OnGrid,2008,1.62,1.62,False,pv,False
Brazil,Solar photovoltaic,OnGrid,2009,1.85,1.85,False,pv,False
Brazil,Solar photovoltaic,OnGrid,2010,1.9,1.9,False,pv,False
Brazil,Solar photovoltaic,OnGrid,2011,7.46,7.46,False,pv,False
Brazil,Solar photovoltaic,OnGrid,2012,8.47,8.47,False,pv,False
Brazil,Solar photovoltaic,OnGrid,2013,9.4,9.4,False,pv,False
Brazil,Solar photovoltaic,OnGrid,2014,22.01,22.01,False,pv,False
Brazil,Solar photovoltaic,OnGrid,2015,45.87,45.87,False,pv,False
Brazil,Solar photovoltaic,OnGrid,2016,131.13,131.13,False,pv,False
Brazil,Solar photovoltaic,OnGrid,2017,1202.53,1202.53,False,pv,False
Brazil,Solar photovoltaic,OnGrid,2018,2450.44,2450.44,False,pv,False
Brazil,Solar photovoltaic,OnGrid,2019,4662.13,4662.13,False,pv,False
Brazil,Solar photovoltaic,OnGrid,2020,8378.37,8378.37,False,pv,False
Brazil,Solar photovoltaic,OnGrid,2021,14302.79,14302.79,False,pv,False
Brazil,Solar photovoltaic,OnGrid,2022,25061.96,25061.96,False,pv,False
Brazil,Solar photovoltaic,OnGrid,2023,37556.61,37556.61,False,pv,False
Brazil,Solar photovoltaic,OnGrid,2024,53107.46,53107.46,False,pv,False
Brazil,Onshore wind energy,OnGrid,2000,19.21,19.21,False,wind,False
Brazil,Onshore wind energy,OnGrid,2001,19.21,19.21,False,wind,False
Brazil,Onshore wind energy,OnGrid,2002,19.81,19.81,False,wind,False
Brazil,Onshore wind energy,OnGrid,2003,19.81,19.81,False,wind,False
Brazil,Onshore wind energy,OnGrid,2004,24.61,24.61,False,wind,False
Brazil,Onshore wind energy,OnGrid,2005,24.61,24.61,False,wind,False
Brazil,Onshore wind energy,OnGrid,2006,232.91,232.91,False,wind,False
Brazil,Onshore wind energy,OnGrid,2007,243.11,243.11,False,wind,False
Brazil,Onshore wind energy,OnGrid,2008,338.93,338.93,False,wind,False
Brazil,Onshore wind energy,OnGrid,2009,603.76,603.76,False,wind,False
Brazil,Onshore wind energy,OnGrid,2010,930.56,930.56,False,wind,False
Brazil,Onshore wind energy,OnGrid,2011,1526.91,1526.91,False,wind,False
Brazil,Onshore wind energy,OnGrid,2012,1900.69,1900.69,False,wind,False
Brazil,Onshore wind energy,OnGrid,2013,2251.26,2251.26,False,wind,False
Brazil,Onshore wind energy,OnGrid,2014,5029.54,5029.54,False,wind,False
Brazil,Onshore wind energy,OnGrid,2015,7682.37,7682.37,False,wind,False
Brazil,Onshore wind energy,OnGrid,2016,10322.33,10322.33,False,wind,False
Brazil,Onshore wind energy,OnGrid,2017,12451.02,12451.02,False,wind,False
Brazil,Onshore wind energy,OnGrid,2018,14514.01,14514.01,False,wind,False
Brazil,Onshore wind energy,OnGrid,2019,15456.63,15456.63,False,wind,False
Brazil,Onshore wind energy,OnGrid,2020,17216.55,17216.55,False,wind,False
Brazil,Onshore wind energy,OnGrid,2021,21002.39,21002.39,False,wind,False
Brazil,Onshore wind energy,OnGrid,2022,24195.74,24195.74,False,wind,False
Brazil,Onshore wind energy,OnGrid,2023,29112.88,29112.88,False,wind,False
Brazil,Onshore wind energy,OnGrid,2024,32920.19,32920.19,False,wind,False
Brunei Darsm,Solar photovoltaic,OnGrid,2000,0.0,-,True,pv,False
Brunei Darsm,Solar photovoltaic,OnGrid,2001,0.0,-,True,pv,False
Brunei Darsm,Solar photovoltaic,OnGrid,2002,0.0,-,True,pv,False
Brunei Darsm,Solar photovoltaic,OnGrid,2003,0.0,-,True,pv,False
Brunei Darsm,Solar photovoltaic,OnGrid,2004,0.0,-,True,pv,False
Brunei Darsm,Solar photovoltaic,OnGrid,2005,0.0,-,True,pv,False
Brunei Darsm,Solar photovoltaic,OnGrid,2006,0.0,-,True,pv,False
Brunei Darsm,Solar photovoltaic,OnGrid,2007,0.0,-,True,pv,False
Brunei Darsm,Solar photovoltaic,OnGrid,2008,0.0,-,True,pv,False
Brunei Darsm,Solar photovoltaic,OnGrid,2009,0.0,-,True,pv,False
Brunei Darsm,Solar photovoltaic,OnGrid,2010,1.2,1.2,False,pv,False
Brunei Darsm,Solar photovoltaic,OnGrid,2011,1.2,1.2,False,pv,False
Brunei Darsm,Solar photovoltaic,OnGrid,2012,1.2,1.2,False,pv,False
Brunei Darsm,Solar photovoltaic,OnGrid,2013,1.2,1.2,False,pv,False
Brunei Darsm,Solar photovoltaic,OnGrid,2014,1.2,1.2,False,pv,False
Brunei Darsm,Solar photovoltaic,OnGrid,2015,1.2,1.2,False,pv,False
Brunei Darsm,Solar photovoltaic,OnGrid,2016,1.2,1.2,False,pv,False
Brunei Darsm,Solar photovoltaic,OnGrid,2017,1.2,1.2,False,pv,False
Brunei Darsm,Solar photovoltaic,OnGrid,2018,1.2,1.2,False,pv,False
Brunei Darsm,Solar photovoltaic,OnGrid,2019,1.2,1.2,False,pv,False
Brunei Darsm,Solar photovoltaic,OnGrid,2020,1.44,1.44,False,pv,False
Brunei Darsm,Solar photovoltaic,OnGrid,2021,4.84,4.84,False,pv,False
Brunei Darsm,Solar photovoltaic,OnGrid,2022,4.87,4.87,False,pv,False
Brunei Darsm,Solar photovoltaic,OnGrid,2023,5.0,5,False,pv,False
Brunei Darsm,Solar photovoltaic,OnGrid,2024,5.29,5.29,False,pv,False
Brunei Darsm,Onshore wind energy,OnGrid,2000,0.0,-,True,wind,False
Brunei Darsm,Onshore wind energy,OnGrid,2001,0.0,-,True,wind,False
Brunei Darsm,Onshore wind energy,OnGrid,2002,0.0,-,True,wind,False
Brunei Darsm,Onshore wind energy,OnGrid,2003,0.0,-,True,wind,False
Brunei Darsm,Onshore wind energy,OnGrid,2004,0.0,-,True,wind,False
Brunei Darsm,Onshore wind energy,OnGrid,2005,0.0,-,True,wind,False
Brunei Darsm,Onshore wind energy,OnGrid,2006,0.0,-,True,wind,False
Brunei Darsm,Onshore wind energy,OnGrid,2007,0.0,-,True,wind,False
Brunei Darsm,Onshore wind energy,OnGrid,2008,0.0,-,True,wind,False
Brunei Darsm,Onshore wind energy,OnGrid,2009,0.0,-,True,wind,False
Brunei Darsm,Onshore wind energy,OnGrid,2010,0.0,-,True,wind,False
Brunei Darsm,Onshore wind energy,OnGrid,2011,0.0,-,True,wind,False
Brunei Darsm,Onshore wind energy,OnGrid,2012,0.0,-,True,wind,False
Brunei Darsm,Onshore wind energy,OnGrid,2013,0.0,-,True,wind,False
Brunei Darsm,Onshore wind energy,OnGrid,2014,0.0,-,True,wind,False
Brunei Darsm,Onshore wind energy,OnGrid,2015,0.0,-,True,wind,False
Brunei Darsm,Onshore wind energy,OnGrid,2016,0.0,-,True,wind,False
Brunei Darsm,Onshore wind energy,OnGrid,2017,0.0,-,True,wind,False
Brunei Darsm,Onshore wind energy,OnGrid,2018,0.0,-,True,wind,False
Brunei Darsm,Onshore wind energy,OnGrid,2019,0.0,-,True,wind,False
Brunei Darsm,Onshore wind energy,OnGrid,2020,0.0,-,True,wind,False
Brunei Darsm,Onshore wind energy,OnGrid,2021,0.0,-,True,wind,False
Brunei Darsm,Onshore wind energy,OnGrid,2022,0.0,-,True,wind,False
Brunei Darsm,Onshore wind energy,OnGrid,2023,0.0,-,True,wind,False
Brunei Darsm,Onshore wind energy,OnGrid,2024,0.0,-,True,wind,False
Bulgaria,Solar photovoltaic,OnGrid,2000,0.0,-,True,pv,False
Bulgaria,Solar photovoltaic,OnGrid,2001,0.0,-,True,pv,False
Bulgaria,Solar photovoltaic,OnGrid,2002,0.0,-,True,pv,False
Bulgaria,Solar photovoltaic,OnGrid,2003,0.0,-,True,pv,False
Bulgaria,Solar photovoltaic,OnGrid,2004,0.0,-,True,pv,False
Bulgaria,Solar photovoltaic,OnGrid,2005,0.0,-,True,pv,False
Bulgaria,Solar photovoltaic,OnGrid,2006,0.0,-,True,pv,False
Bulgaria,Solar photovoltaic,OnGrid,2007,0.03,0.03,False,pv,False
Bulgaria,Solar photovoltaic,OnGrid,2008,0.1,0.1,False,pv,False
Bulgaria,Solar photovoltaic,OnGrid,2009,2.0,2,False,pv,False
Bulgaria,Solar photovoltaic,OnGrid,2010,25.0,25,False,pv,False
Bulgaria,Solar photovoltaic,OnGrid,2011,154.0,154,False,pv,False
Bulgaria,Solar photovoltaic,OnGrid,2012,921.99,921.99,False,pv,False
Bulgaria,Solar photovoltaic,OnGrid,2013,1038.54,1038.54,False,pv,False
Bulgaria,Solar photovoltaic,OnGrid,2014,1028.92,1028.92,False,pv,False
Bulgaria,Solar photovoltaic,OnGrid,2015,1027.89,1027.89,False,pv,False
Bulgaria,Solar photovoltaic,OnGrid,2016,1029.89,1029.89,False,pv,False
Bulgaria,Solar photovoltaic,OnGrid,2017,1030.7,1030.7,False,pv,False
Bulgaria,Solar photovoltaic,OnGrid,2018,1033.06,1033.06,False,pv,False
Bulgaria,Solar photovoltaic,OnGrid,2019,1044.39,1044.39,False,pv,False
Bulgaria,Solar photovoltaic,OnGrid,2020,1100.21,1100.21,False,pv,False
Bulgaria,Solar photovoltaic,OnGrid,2021,1274.71,1274.71,False,pv,False
Bulgaria,Solar photovoltaic,OnGrid,2022,1736.54,1736.54,False,pv,False
Bulgaria,Solar photovoltaic,OnGrid,2023,2927.25,2927.25,False,pv,False
Bulgaria,Solar photovoltaic,OnGrid,2024,4559.88,4559.88,False,pv,False
Bulgaria,Onshore wind energy,OnGrid,2000,0.0,-,True,wind,False
Bulgaria,Onshore wind energy,OnGrid,2001,0.0,-,True,wind,False
Bulgaria,Onshore wind energy,OnGrid,2002,0.0,-,True,wind,False
Bulgaria,Onshore wind energy,OnGrid,2003,0.0,-,True,wind,False
Bulgaria,Onshore wind energy,OnGrid,2004,1.0,1,False,wind,False
Bulgaria,Onshore wind energy,OnGrid,2005,8.0,8,False,wind,False
Bulgaria,Onshore wind energy,OnGrid,2006,27.0,27,False,wind,False
Bulgaria,Onshore wind energy,OnGrid,2007,30.0,30,False,wind,False
Bulgaria,Onshore wind energy,OnGrid,2008,114.0,114,False,wind,False
Bulgaria,Onshore wind energy,OnGrid,2009,333.0,333,False,wind,False
Bulgaria,Onshore wind energy,OnGrid,2010,488.0,488,False,wind,False
Bulgaria,Onshore wind energy,OnGrid,2011,541.0,541,False,wind,False
Bulgaria,Onshore wind energy,OnGrid,2012,677.0,677,False,wind,False
Bulgaria,Onshore wind energy,OnGrid,2013,683.0,683,False,wind,False
Bulgaria,Onshore wind energy,OnGrid,2014,699.0,699,False,wind,False
Bulgaria,Onshore wind energy,OnGrid,2015,699.0,699,False,wind,False
Bulgaria,Onshore wind energy,OnGrid,2016,699.0,699,False,wind,False
Bulgaria,Onshore wind energy,OnGrid,2017,698.39,698.39,False,wind,False
Bulgaria,Onshore wind energy,OnGrid,2018,698.92,698.92,False,wind,False
Bulgaria,Onshore wind energy,OnGrid,2019,703.12,703.12,False,wind,False
Bulgaria,Onshore wind energy,OnGrid,2020,702.8,702.8,False,wind,False
Bulgaria,Onshore wind energy,OnGrid,2021,704.38,704.38,False,wind,False
Bulgaria,Onshore wind energy,OnGrid,2022,704.31,704.31,False,wind,False
Bulgaria,Onshore wind energy,OnGrid,2023,704.31,704.31,False,wind,False
Bulgaria,Onshore wind energy,OnGrid,2024,705.92,705.92,False,wind,False
Burkina Faso,Solar photovoltaic,OnGrid,2000,0.0,-,True,pv,False
Burkina Faso,Solar photovoltaic,OnGrid,2001,0.0,-,True,pv,False
Burkina Faso,Solar photovoltaic,OnGrid,2002,0.0,-,True,pv,False
Burkina Faso,Solar photovoltaic,OnGrid,2003,0.0,-,True,pv,False
Burkina Faso,Solar photovoltaic,OnGrid,2004,0.0,-,True,pv,False
Burkina Faso,Solar photovoltaic,OnGrid,2005,0.0,-,True,pv,False
Burkina Faso,Solar photovoltaic,OnGrid,2006,0.0,-,True,pv,False
Burkina Faso,Solar photovoltaic,OnGrid,2007,0.0,-,True,pv,False
Burkina Faso,Solar photovoltaic,OnGrid,2008,0.0,-,True,pv,False
Burkina Faso,Solar photovoltaic,OnGrid,2009,0.0,-,True,pv,False
Burkina Faso,Solar photovoltaic,OnGrid,2010,0.0,-,True,pv,False
Burkina Faso,Solar photovoltaic,OnGrid,2011,0.0,-,True,pv,False
Burkina Faso,Solar photovoltaic,OnGrid,2012,0.0,-,True,pv,False
Burkina Faso,Solar photovoltaic,OnGrid,2013,0.0,-,True,pv,False
Burkina Faso,Solar photovoltaic,OnGrid,2014,0.0,-,True,pv,False
Burkina Faso,Solar photovoltaic,OnGrid,2015,0.0,-,True,pv,False
Burkina Faso,Solar photovoltaic,OnGrid,2016,0.0,-,True,pv,False
Burkina Faso,Solar photovoltaic,OnGrid,2017,34.8,34.8,False,pv,False
Burkina Faso,Solar photovoltaic,OnGrid,2018,34.8,34.8,False,pv,False
Burkina Faso,Solar photovoltaic,OnGrid,2019,37.99,37.99,False,pv,False
Burkina Faso,Solar photovoltaic,OnGrid,2020,37.99,37.99,False,pv,False
Burkina Faso,Solar photovoltaic,OnGrid,2021,37.99,37.99,False,pv,False
Burkina Faso,Solar photovoltaic,OnGrid,2022,67.99,67.99,False,pv,False
Burkina Faso,Solar photovoltaic,OnGrid,2023,155.0,155,False,pv,False
Burkina Faso,Solar photovoltaic,OnGrid,2024,183.6,183.6,False,pv,False
Burkina Faso,Onshore wind energy,OnGrid,2000,0.0,-,True,wind,False
Burkina Faso,Onshore wind energy,OnGrid,2001,0.0,-,True,wind,False
Burkina Faso,Onshore wind energy,OnGrid,2002,0.0,-,True,wind,False
Burkina Faso,Onshore wind energy,OnGrid,2003,0.0,-,True,wind,False
Burkina Faso,Onshore wind energy,OnGrid,2004,0.0,-,True,wind,False
Burkina Faso,Onshore wind energy,OnGrid,2005,0.0,-,True,wind,False
Burkina Faso,Onshore wind energy,OnGrid,2006,0.0,-,True,wind,False
Burkina Faso,Onshore wind energy,OnGrid,2007,0.0,-,True,wind,False
Burkina Faso,Onshore wind energy,OnGrid,2008,0.0,-,True,wind,False
Burkina Faso,Onshore wind energy,OnGrid,2009,0.0,-,True,wind,False
Burkina Faso,Onshore wind energy,OnGrid,2010,0.0,-,True,wind,False
Burkina Faso,Onshore wind energy,OnGrid,2011,0.0,-,True,wind,False
Burkina Faso,Onshore wind energy,OnGrid,2012,0.0,-,True,wind,False
Burkina Faso,Onshore wind energy,OnGrid,2013,0.0,-,True,wind,False
Burkina Faso,Onshore wind energy,OnGrid,2014,0.0,-,True,wind,False
Burkina Faso,Onshore wind energy,OnGrid,2015,0.0,-,True,wind,False
Burkina Faso,Onshore wind energy,OnGrid,2016,0.0,-,True,wind,False
Burkina Faso,Onshore wind energy,OnGrid,2017,0.0,-,True,wind,False
Burkina Faso,Onshore wind energy,OnGrid,2018,0.0,-,True,wind,False
Burkina Faso,Onshore wind energy,OnGrid,2019,0.0,-,True,wind,False
Burkina Faso,Onshore wind energy,OnGrid,2020,0.0,-,True,wind,False
Burkina Faso,Onshore wind energy,OnGrid,2021,0.0,-,True,wind,False
Burkina Faso,Onshore wind energy,OnGrid,2022,0.0,-,True,wind,False
Burkina Faso,Onshore wind energy,OnGrid,2023,0.0,-,True,wind,False
Burkina Faso,Onshore wind energy,OnGrid,2024,0.0,-,True,wind,False
Burundi,Solar photovoltaic,OnGrid,2000,0.0,-,True,pv,False
Burundi,Solar photovoltaic,OnGrid,2001,0.0,-,True,pv,False
Burundi,Solar photovoltaic,OnGrid,2002,0.0,-,True,pv,False
Burundi,Solar photovoltaic,OnGrid,2003,0.0,-,True,pv,False
Burundi,Solar photovoltaic,OnGrid,2004,0.0,-,True,pv,False
Burundi,Solar photovoltaic,OnGrid,2005,0.0,-,True,pv,False
Burundi,Solar photovoltaic,OnGrid,2006,0.0,-,True,pv,False
Burundi,Solar photovoltaic,OnGrid,2007,0.0,-,True,pv,False
Burundi,Solar photovoltaic,OnGrid,2008,0.0,-,True,pv,False
Burundi,Solar photovoltaic,OnGrid,2009,0.0,-,True,pv,False
Burundi,Solar photovoltaic,OnGrid,2010,0.0,-,True,pv,False
Burundi,Solar photovoltaic,OnGrid,2011,0.0,-,True,pv,False
Burundi,Solar photovoltaic,OnGrid,2012,0.4,0.4,False,pv,False
Burundi,Solar photovoltaic,OnGrid,2013,0.4,0.4,False,pv,False
Burundi,Solar photovoltaic,OnGrid,2014,0.4,0.4,False,pv,False
Burundi,Solar photovoltaic,OnGrid,2015,0.4,0.4,False,pv,False
Burundi,Solar photovoltaic,OnGrid,2016,0.4,0.4,False,pv,False
Burundi,Solar photovoltaic,OnGrid,2017,0.4,0.4,False,pv,False
Burundi,Solar photovoltaic,OnGrid,2018,0.4,0.4,False,pv,False
Burundi,Solar photovoltaic,OnGrid,2019,0.4,0.4,False,pv,False
Burundi,Solar photovoltaic,OnGrid,2020,0.4,0.4,False,pv,False
Burundi,Solar photovoltaic,OnGrid,2021,7.9,7.9,False,pv,False
Burundi,Solar photovoltaic,OnGrid,2022,7.9,7.9,False,pv,False
Burundi,Solar photovoltaic,OnGrid,2023,7.9,7.9,False,pv,False
Burundi,Solar photovoltaic,OnGrid,2024,7.9,7.9,False,pv,False
Burundi,Onshore wind energy,OnGrid,2000,0.0,-,True,wind,False
Burundi,Onshore wind energy,OnGrid,2001,0.0,-,True,wind,False
Burundi,Onshore wind energy,OnGrid,2002,0.0,-,True,wind,False
Burundi,Onshore wind energy,OnGrid,2003,0.0,-,True,wind,False
Burundi,Onshore wind energy,OnGrid,2004,0.0,-,True,wind,False
Burundi,Onshore wind energy,OnGrid,2005,0.0,-,True,wind,False
Burundi,Onshore wind energy,OnGrid,2006,0.0,-,True,wind,False
Burundi,Onshore wind energy,OnGrid,2007,0.0,-,True,wind,False
Burundi,Onshore wind energy,OnGrid,2008,0.0,-,True,wind,False
Burundi,Onshore wind energy,OnGrid,2009,0.0,-,True,wind,False
Burundi,Onshore wind energy,OnGrid,2010,0.0,-,True,wind,False
Burundi,Onshore wind energy,OnGrid,2011,0.0,-,True,wind,False
Burundi,Onshore wind energy,OnGrid,2012,0.0,-,True,wind,False
Burundi,Onshore wind energy,OnGrid,2013,0.0,-,True,wind,False
Burundi,Onshore wind energy,OnGrid,2014,0.0,-,True,wind,False
Burundi,Onshore wind energy,OnGrid,2015,0.0,-,True,wind,False
Burundi,Onshore wind energy,OnGrid,2016,0.0,-,True,wind,False
Burundi,Onshore wind energy,OnGrid,2017,0.0,-,True,wind,False
Burundi,Onshore wind energy,OnGrid,2018,0.0,-,True,wind,False
Burundi,Onshore wind energy,OnGrid,2019,0.0,-,True,wind,False
Burundi,Onshore wind energy,OnGrid,2020,0.0,-,True,wind,False
Burundi,Onshore wind energy,OnGrid,2021,0.0,-,True,wind,False
Burundi,Onshore wind energy,OnGrid,2022,0.0,-,True,wind,False
Burundi,Onshore wind energy,OnGrid,2023,0.0,-,True,wind,False
Burundi,Onshore wind energy,OnGrid,2024,0.0,-,True,wind,False
Cabo Verde,Solar photovoltaic,OnGrid,2000,0.0,-,True,pv,False
Cabo Verde,Solar photovoltaic,OnGrid,2001,0.0,-,True,pv,False
Cabo Verde,Solar photovoltaic,OnGrid,2002,0.0,-,True,pv,False
Cabo Verde,Solar photovoltaic,OnGrid,2003,0.0,-,True,pv,False
Cabo Verde,Solar photovoltaic,OnGrid,2004,0.0,-,True,pv,False
Cabo Verde,Solar photovoltaic,OnGrid,2005,0.0,-,True,pv,False
Cabo Verde,Solar photovoltaic,OnGrid,2006,0.0,-,True,pv,False
Cabo Verde,Solar photovoltaic,OnGrid,2007,0.0,-,True,pv,False
Cabo Verde,Solar photovoltaic,OnGrid,2008,0.0,-,True,pv,False
Cabo Verde,Solar photovoltaic,OnGrid,2009,0.0,-,True,pv,False
Cabo Verde,Solar photovoltaic,OnGrid,2010,5.5,5.5,False,pv,False
Cabo Verde,Solar photovoltaic,OnGrid,2011,5.5,5.5,False,pv,False
Cabo Verde,Solar photovoltaic,OnGrid,2012,5.5,5.5,False,pv,False
Cabo Verde,Solar photovoltaic,OnGrid,2013,5.5,5.5,False,pv,False
Cabo Verde,Solar photovoltaic,OnGrid,2014,5.5,5.5,False,pv,False
Cabo Verde,Solar photovoltaic,OnGrid,2015,5.69,5.69,False,pv,False
Cabo Verde,Solar photovoltaic,OnGrid,2016,5.79,5.79,False,pv,False
Cabo Verde,Solar photovoltaic,OnGrid,2017,5.79,5.79,False,pv,False
Cabo Verde,Solar photovoltaic,OnGrid,2018,9.71,9.71,False,pv,False
Cabo Verde,Solar photovoltaic,OnGrid,2019,12.93,12.93,False,pv,False
Cabo Verde,Solar photovoltaic,OnGrid,2020,13.58,13.58,False,pv,False
Cabo Verde,Solar photovoltaic,OnGrid,2021,15.67,15.67,False,pv,False
Cabo Verde,Solar photovoltaic,OnGrid,2022,21.32,21.32,False,pv,False
Cabo Verde,Solar photovoltaic,OnGrid,2023,24.25,24.25,False,pv,False
Cabo Verde,Solar photovoltaic,OnGrid,2024,29.25,29.25,False,pv,False
Cabo Verde,Onshore wind energy,OnGrid,2000,0.0,-,True,wind,False
Cabo Verde,Onshore wind energy,OnGrid,2001,0.0,-,True,wind,False
Cabo Verde,Onshore wind energy,OnGrid,2002,2.1,2.1,False,wind,False
Cabo Verde,Onshore wind energy,OnGrid,2003,2.68,2.68,False,wind,False
Cabo Verde,Onshore wind energy,OnGrid,2004,2.4,2.4,False,wind,False
Cabo Verde,Onshore wind energy,OnGrid,2005,2.4,2.4,False,wind,False
Cabo Verde,Onshore wind energy,OnGrid,2006,2.1,2.1,False,wind,False
Cabo Verde,Onshore wind energy,OnGrid,2007,2.1,2.1,False,wind,False
Cabo Verde,Onshore wind energy,OnGrid,2008,2.1,2.1,False,wind,False
Cabo Verde,Onshore wind energy,OnGrid,2009,2.1,2.1,False,wind,False
Cabo Verde,Onshore wind energy,OnGrid,2010,1.8,1.8,False,wind,False
Cabo Verde,Onshore wind energy,OnGrid,2011,17.0,17,False,wind,False
Cabo Verde,Onshore wind energy,OnGrid,2012,27.2,27.2,False,wind,False
Cabo Verde,Onshore wind energy,OnGrid,2013,27.2,27.2,False,wind,False
Cabo Verde,Onshore wind energy,OnGrid,2014,27.2,27.2,False,wind,False
Cabo Verde,Onshore wind energy,OnGrid,2015,27.2,27.2,False,wind,False
Cabo Verde,Onshore wind energy,OnGrid,2016,27.2,27.2,False,wind,False
Cabo Verde,Onshore wind energy,OnGrid,2017,27.2,27.2,False,wind,False
Cabo Verde,Onshore wind energy,OnGrid,2018,26.9,26.9,False,wind,False
Cabo Verde,Onshore wind energy,OnGrid,2019,26.9,26.9,False,wind,False
Cabo Verde,Onshore wind energy,OnGrid,2020,26.9,26.9,False,wind,False
Cabo Verde,Onshore wind energy,OnGrid,2021,26.9,26.9,False,wind,False
Cabo Verde,Onshore wind energy,OnGrid,2022,26.9,26.9,False,wind,False
Cabo Verde,Onshore wind energy,OnGrid,2023,26.8,26.8,False,wind,False
Cabo Verde,Onshore wind energy,OnGrid,2024,26.8,26.8,False,wind,False
Cambodia,Solar photovoltaic,OnGrid,2000,0.09,0.09,False,pv,False
Cambodia,Solar photovoltaic,OnGrid,2001,0.19,0.19,False,pv,False
Cambodia,Solar photovoltaic,OnGrid,2002,0.28,0.28,False,pv,False
Cambodia,Solar photovoltaic,OnGrid,2003,0.33,0.33,False,pv,False
Cambodia,Solar photovoltaic,OnGrid,2004,0.36,0.36,False,pv,False
Cambodia,Solar photovoltaic,OnGrid,2005,0.54,0.54,False,pv,False
Cambodia,Solar photovoltaic,OnGrid,2006,0.69,0.69,False,pv,False
Cambodia,Solar photovoltaic,OnGrid,2007,1.56,1.56,False,pv,False
Cambodia,Solar photovoltaic,OnGrid,2008,1.9,1.9,False,pv,False
Cambodia,Solar photovoltaic,OnGrid,2009,2.14,2.14,False,pv,False
Cambodia,Solar photovoltaic,OnGrid,2010,2.19,2.19,False,pv,False
Cambodia,Solar photovoltaic,OnGrid,2011,3.89,3.89,False,pv,False
Cambodia,Solar photovoltaic,OnGrid,2012,4.68,4.68,False,pv,False
Cambodia,Solar photovoltaic,OnGrid,2013,5.33,5.33,False,pv,False
Cambodia,Solar photovoltaic,OnGrid,2014,8.41,8.41,False,pv,False
Cambodia,Solar photovoltaic,OnGrid,2015,10.91,10.91,False,pv,False
Cambodia,Solar photovoltaic,OnGrid,2016,16.38,16.38,False,pv,False
Cambodia,Solar photovoltaic,OnGrid,2017,29.9,29.9,False,pv,False
Cambodia,Solar photovoltaic,OnGrid,2018,40.85,40.85,False,pv,False
Cambodia,Solar photovoltaic,OnGrid,2019,136.45,136.45,False,pv,False
Cambodia,Solar photovoltaic,OnGrid,2020,329.53,329.53,False,pv,False
Cambodia,Solar photovoltaic,OnGrid,2021,391.27,391.27,False,pv,False
Cambodia,Solar photovoltaic,OnGrid,2022,476.11,476.11,False,pv,False
Cambodia,Solar photovoltaic,OnGrid,2023,481.64,481.64,False,pv,False
Cambodia,Solar photovoltaic,OnGrid,2024,966.0,966,False,pv,False
Cambodia,Onshore wind energy,OnGrid,2000,0.0,-,True,wind,False
Cambodia,Onshore wind energy,OnGrid,2001,0.0,-,True,wind,False
Cambodia,Onshore wind energy,OnGrid,2002,0.0,-,True,wind,False
Cambodia,Onshore wind energy,OnGrid,2003,0.0,-,True,wind,False
Cambodia,Onshore wind energy,OnGrid,2004,0.0,-,True,wind,False
Cambodia,Onshore wind energy,OnGrid,2005,0.0,-,True,wind,False
Cambodia,Onshore wind energy,OnGrid,2006,0.0,-,True,wind,False
Cambodia,Onshore wind energy,OnGrid,2007,0.0,-,True,wind,False
Cambodia,Onshore wind energy,OnGrid,2008,0.0,-,True,wind,False
Cambodia,Onshore wind energy,OnGrid,2009,0.0,-,True,wind,False
Cambodia,Onshore wind energy,OnGrid,2010,0.0,-,True,wind,False
Cambodia,Onshore wind energy,OnGrid,2011,0.0,-,True,wind,False
Cambodia,Onshore wind energy,OnGrid,2012,0.0,-,True,wind,False
Cambodia,Onshore wind energy,OnGrid,2013,0.0,-,True,wind,False
Cambodia,Onshore wind energy,OnGrid,2014,0.0,-,True,wind,False
Cambodia,Onshore wind energy,OnGrid,2015,0.0,-,True,wind,False
Cambodia,Onshore wind energy,OnGrid,2016,0.0,-,True,wind,False
Cambodia,Onshore wind energy,OnGrid,2017,0.0,-,True,wind,False
Cambodia,Onshore wind energy,OnGrid,2018,0.0,-,True,wind,False
Cambodia,Onshore wind energy,OnGrid,2019,0.0,-,True,wind,False
Cambodia,Onshore wind energy,OnGrid,2020,0.0,-,True,wind,False
Cambodia,Onshore wind energy,OnGrid,2021,0.0,-,True,wind,False
Cambodia,Onshore wind energy,OnGrid,2022,0.0,-,True,wind,False
Cambodia,Onshore wind energy,OnGrid,2023,0.0,-,True,wind,False
Cambodia,Onshore wind energy,OnGrid,2024,0.0,-,True,wind,False
Cameroon,Solar photovoltaic,OnGrid,2000,0.0,-,True,pv,False
Cameroon,Solar photovoltaic,OnGrid,2001,0.0,-,True,pv,False
Cameroon,Solar photovoltaic,OnGrid,2002,0.0,-,True,pv,False
Cameroon,Solar photovoltaic,OnGrid,2003,0.0,-,True,pv,False
Cameroon,Solar photovoltaic,OnGrid,2004,0.0,-,True,pv,False
Cameroon,Solar photovoltaic,OnGrid,2005,0.0,-,True,pv,False
Cameroon,Solar photovoltaic,OnGrid,2006,0.0,-,True,pv,False
Cameroon,Solar photovoltaic,OnGrid,2007,0.0,-,True,pv,False
Cameroon,Solar photovoltaic,OnGrid,2008,0.0,-,True,pv,False
Cameroon,Solar photovoltaic,OnGrid,2009,0.0,-,True,pv,False
Cameroon,Solar photovoltaic,OnGrid,2010,0.0,-,True,pv,False
Cameroon,Solar photovoltaic,OnGrid,2011,0.0,-,True,pv,False
Cameroon,Solar photovoltaic,OnGrid,2012,0.0,-,True,pv,False
Cameroon,Solar photovoltaic,OnGrid,2013,0.0,-,True,pv,False
Cameroon,Solar photovoltaic,OnGrid,2014,0.0,-,True,pv,False
Cameroon,Solar photovoltaic,OnGrid,2015,0.01,0.01,False,pv,False
Cameroon,Solar photovoltaic,OnGrid,2016,0.29,0.29,False,pv,False
Cameroon,Solar photovoltaic,OnGrid,2017,11.73,11.73,False,pv,False
Cameroon,Solar photovoltaic,OnGrid,2018,13.46,13.46,False,pv,False
Cameroon,Solar photovoltaic,OnGrid,2019,13.53,13.53,False,pv,False
Cameroon,Solar photovoltaic,OnGrid,2020,26.67,26.67,False,pv,False
Cameroon,Solar photovoltaic,OnGrid,2021,26.67,26.67,False,pv,False
Cameroon,Solar photovoltaic,OnGrid,2022,26.67,26.67,False,pv,False
Cameroon,Solar photovoltaic,OnGrid,2023,62.67,62.67,False,pv,False
Cameroon,Solar photovoltaic,OnGrid,2024,62.67,62.67,False,pv,False
Cameroon,Onshore wind energy,OnGrid,2000,0.0,-,True,wind,False
Cameroon,Onshore wind energy,OnGrid,2001,0.0,-,True,wind,False
Cameroon,Onshore wind energy,OnGrid,2002,0.0,-,True,wind,False
Cameroon,Onshore wind energy,OnGrid,2003,0.0,-,True,wind,False
Cameroon,Onshore wind energy,OnGrid,2004,0.0,-,True,wind,False
Cameroon,Onshore wind energy,OnGrid,2005,0.0,-,True,wind,False
Cameroon,Onshore wind energy,OnGrid,2006,0.0,-,True,wind,False
Cameroon,Onshore wind energy,OnGrid,2007,0.0,-,True,wind,False
Cameroon,Onshore wind energy,OnGrid,2008,0.0,-,True,wind,False
Cameroon,Onshore wind energy,OnGrid,2009,0.0,-,True,wind,False
Cameroon,Onshore wind energy,OnGrid,2010,0.0,-,True,wind,False
Cameroon,Onshore wind energy,OnGrid,2011,0.0,-,True,wind,False
Cameroon,Onshore wind energy,OnGrid,2012,0.0,-,True,wind,False
Cameroon,Onshore wind energy,OnGrid,2013,0.0,-,True,wind,False
Cameroon,Onshore wind energy,OnGrid,2014,0.0,-,True,wind,False
Cameroon,Onshore wind energy,OnGrid,2015,0.0,-,True,wind,False
Cameroon,Onshore wind energy,OnGrid,2016,0.0,-,True,wind,False
Cameroon,Onshore wind energy,OnGrid,2017,0.0,-,True,wind,False
Cameroon,Onshore wind energy,OnGrid,2018,0.0,-,True,wind,False
Cameroon,Onshore wind energy,OnGrid,2019,0.0,-,True,wind,False
Cameroon,Onshore wind energy,OnGrid,2020,0.0,-,True,wind,False
Cameroon,Onshore wind energy,OnGrid,2021,0.0,-,True,wind,False
Cameroon,Onshore wind energy,OnGrid,2022,0.0,-,True,wind,False
Cameroon,Onshore wind energy,OnGrid,2023,0.0,-,True,wind,False
Cameroon,Onshore wind energy,OnGrid,2024,0.0,-,True,wind,False
Canada,Solar photovoltaic,OnGrid,2000,0.0,-,True,pv,False
Canada,Solar photovoltaic,OnGrid,2001,0.0,-,True,pv,False
Canada,Solar photovoltaic,OnGrid,2002,0.0,-,True,pv,False
Canada,Solar photovoltaic,OnGrid,2003,0.0,-,True,pv,False
Canada,Solar photovoltaic,OnGrid,2004,1.0,1,False,pv,False
Canada,Solar photovoltaic,OnGrid,2005,1.0,1,False,pv,False
Canada,Solar photovoltaic,OnGrid,2006,1.0,1,False,pv,False
Canada,Solar photovoltaic,OnGrid,2007,2.0,2,False,pv,False
Canada,Solar photovoltaic,OnGrid,2008,4.0,4,False,pv,False
Canada,Solar photovoltaic,OnGrid,2009,50.0,50,False,pv,False
Canada,Solar photovoltaic,OnGrid,2010,188.0,188,False,pv,False
Canada,Solar photovoltaic,OnGrid,2011,423.0,423,False,pv,False
Canada,Solar photovoltaic,OnGrid,2012,651.0,651,False,pv,False
Canada,Solar photovoltaic,OnGrid,2013,1029.0,1029,False,pv,False
Canada,Solar photovoltaic,OnGrid,2014,1567.0,1567,False,pv,False
Canada,Solar photovoltaic,OnGrid,2015,2141.0,2141,False,pv,False
Canada,Solar photovoltaic,OnGrid,2016,2265.0,2265,False,pv,False
Canada,Solar photovoltaic,OnGrid,2017,2493.0,2493,False,pv,False
Canada,Solar photovoltaic,OnGrid,2018,2631.0,2631,False,pv,False
Canada,Solar photovoltaic,OnGrid,2019,2828.0,2828,False,pv,False
Canada,Solar photovoltaic,OnGrid,2020,3068.0,3068,False,pv,False
Canada,Solar photovoltaic,OnGrid,2021,3854.0,3854,False,pv,False
Canada,Solar photovoltaic,OnGrid,2022,4323.0,4323,False,pv,False
Canada,Solar photovoltaic,OnGrid,2023,5328.0,5328,False,pv,False
Canada,Solar photovoltaic,OnGrid,2024,5818.47,5818.47,False,pv,False
Canada,Onshore wind energy,OnGrid,2000,92.0,92,False,wind,False
Canada,Onshore wind energy,OnGrid,2001,131.0,131,False,wind,False
Canada,Onshore wind energy,OnGrid,2002,161.0,161,False,wind,False
Canada,Onshore wind energy,OnGrid,2003,327.0,327,False,wind,False
Canada,Onshore wind energy,OnGrid,2004,444.0,444,False,wind,False
Canada,Onshore wind energy,OnGrid,2005,677.0,677,False,wind,False
Canada,Onshore wind energy,OnGrid,2006,1423.0,1423,False,wind,False
Canada,Onshore wind energy,OnGrid,2007,1840.0,1840,False,wind,False
Canada,Onshore wind energy,OnGrid,2008,2336.0,2336,False,wind,False
Canada,Onshore wind energy,OnGrid,2009,3282.0,3282,False,wind,False
Canada,Onshore wind energy,OnGrid,2010,3967.0,3967,False,wind,False
Canada,Onshore wind energy,OnGrid,2011,5265.0,5265,False,wind,False
Canada,Onshore wind energy,OnGrid,2012,6201.0,6201,False,wind,False
Canada,Onshore wind energy,OnGrid,2013,7801.0,7801,False,wind,False
Canada,Onshore wind energy,OnGrid,2014,9694.0,9694,False,wind,False
Canada,Onshore wind energy,OnGrid,2015,11214.0,11214,False,wind,False
Canada,Onshore wind energy,OnGrid,2016,11973.0,11973,False,wind,False
Canada,Onshore wind energy,OnGrid,2017,12250.0,12250,False,wind,False
Canada,Onshore wind energy,OnGrid,2018,12816.0,12816,False,wind,False
Canada,Onshore wind energy,OnGrid,2019,13220.0,13220,False,wind,False
Canada,Onshore wind energy,OnGrid,2020,13532.0,13532,False,wind,False
Canada,Onshore wind energy,OnGrid,2021,13878.0,13878,False,wind,False
Canada,Onshore wind energy,OnGrid,2022,15237.0,15237,False,wind,False
Canada,Onshore wind energy,OnGrid,2023,16137.0,16137,False,wind,False
Canada,Onshore wind energy,OnGrid,2024,17397.0,17397,False,wind,False
Cayman Is,Solar photovoltaic,OnGrid,2000,0.0,-,True,pv,False
Cayman Is,Solar photovoltaic,OnGrid,2001,0.0,-,True,pv,False
Cayman Is,Solar photovoltaic,OnGrid,2002,0.0,-,True,pv,False
Cayman Is,Solar photovoltaic,OnGrid,2003,0.0,-,True,pv,False
Cayman Is,Solar photovoltaic,OnGrid,2004,0.0,-,True,pv,False
Cayman Is,Solar photovoltaic,OnGrid,2005,0.0,-,True,pv,False
Cayman Is,Solar photovoltaic,OnGrid,2006,0.0,-,True,pv,False
Cayman Is,Solar photovoltaic,OnGrid,2007,0.0,-,True,pv,False
Cayman Is,Solar photovoltaic,OnGrid,2008,0.0,-,True,pv,False
Cayman Is,Solar photovoltaic,OnGrid,2009,0.0,-,True,pv,False
Cayman Is,Solar photovoltaic,OnGrid,2010,0.0,-,True,pv,False
Cayman Is,Solar photovoltaic,OnGrid,2011,0.0,-,True,pv,False
Cayman Is,Solar photovoltaic,OnGrid,2012,0.0,-,True,pv,False
Cayman Is,Solar photovoltaic,OnGrid,2013,0.0,-,True,pv,False
Cayman Is,Solar photovoltaic,OnGrid,2014,0.0,-,True,pv,False
Cayman Is,Solar photovoltaic,OnGrid,2015,0.0,-,True,pv,False
Cayman Is,Solar photovoltaic,OnGrid,2016,2.75,2.75,False,pv,False
Cayman Is,Solar photovoltaic,OnGrid,2017,8.77,8.77,False,pv,False
Cayman Is,Solar photovoltaic,OnGrid,2018,9.92,9.92,False,pv,False
Cayman Is,Solar photovoltaic,OnGrid,2019,11.19,11.19,False,pv,False
Cayman Is,Solar photovoltaic,OnGrid,2020,12.84,12.84,False,pv,False
Cayman Is,Solar photovoltaic,OnGrid,2021,13.8,13.8,False,pv,False
Cayman Is,Solar photovoltaic,OnGrid,2022,13.8,13.8,False,pv,False
Cayman Is,Solar photovoltaic,OnGrid,2023,14.1,14.1,False,pv,False
Cayman Is,Solar photovoltaic,OnGrid,2024,14.1,14.1,False,pv,False
Cayman Is,Onshore wind energy,OnGrid,2000,0.0,-,True,wind,False
Cayman Is,Onshore wind energy,OnGrid,2001,0.0,-,True,wind,False
Cayman Is,Onshore wind energy,OnGrid,2002,0.0,-,True,wind,False
Cayman Is,Onshore wind energy,OnGrid,2003,0.0,-,True,wind,False
Cayman Is,Onshore wind energy,OnGrid,2004,0.0,-,True,wind,False
Cayman Is,Onshore wind energy,OnGrid,2005,0.0,-,True,wind,False
Cayman Is,Onshore wind energy,OnGrid,2006,0.0,-,True,wind,False
Cayman Is,Onshore wind energy,OnGrid,2007,0.0,-,True,wind,False
Cayman Is,Onshore wind energy,OnGrid,2008,0.0,-,True,wind,False
Cayman Is,Onshore wind energy,OnGrid,2009,0.0,-,True,wind,False
Cayman Is,Onshore wind energy,OnGrid,2010,0.0,-,True,wind,False
Cayman Is,Onshore wind energy,OnGrid,2011,0.0,-,True,wind,False
Cayman Is,Onshore wind energy,OnGrid,2012,0.0,-,True,wind,False
Cayman Is,Onshore wind energy,OnGrid,2013,0.0,-,True,wind,False
Cayman Is,Onshore wind energy,OnGrid,2014,0.0,-,True,wind,False
Cayman Is,Onshore wind energy,OnGrid,2015,0.0,-,True,wind,False
Cayman Is,Onshore wind energy,OnGrid,2016,0.0,-,True,wind,False
Cayman Is,Onshore wind energy,OnGrid,2017,0.0,-,True,wind,False
Cayman Is,Onshore wind energy,OnGrid,2018,0.8,0.8,False,wind,False
Cayman Is,Onshore wind energy,OnGrid,2019,0.8,0.8,False,wind,False
Cayman Is,Onshore wind energy,OnGrid,2020,0.8,0.8,False,wind,False
Cayman Is,Onshore wind energy,OnGrid,2021,0.8,0.8,False,wind,False
Cayman Is,Onshore wind energy,OnGrid,2022,0.8,0.8,False,wind,False
Cayman Is,Onshore wind energy,OnGrid,2023,0.8,0.8,False,wind,False
Cayman Is,Onshore wind energy,OnGrid,2024,0.8,0.8,False,wind,False
Cent Afr Rep,Solar photovoltaic,OnGrid,2000,0.0,-,True,pv,False
Cent Afr Rep,Solar photovoltaic,OnGrid,2001,0.0,-,True,pv,False
Cent Afr Rep,Solar photovoltaic,OnGrid,2002,0.0,-,True,pv,False
Cent Afr Rep,Solar photovoltaic,OnGrid,2003,0.0,-,True,pv,False
Cent Afr Rep,Solar photovoltaic,OnGrid,2004,0.0,-,True,pv,False
Cent Afr Rep,Solar photovoltaic,OnGrid,2005,0.0,-,True,pv,False
Cent Afr Rep,Solar photovoltaic,OnGrid,2006,0.0,-,True,pv,False
Cent Afr Rep,Solar photovoltaic,OnGrid,2007,0.0,-,True,pv,False
Cent Afr Rep,Solar photovoltaic,OnGrid,2008,0.0,-,True,pv,False
Cent Afr Rep,Solar photovoltaic,OnGrid,2009,0.0,-,True,pv,False
Cent Afr Rep,Solar photovoltaic,OnGrid,2010,0.0,-,True,pv,False
Cent Afr Rep,Solar photovoltaic,OnGrid,2011,0.0,-,True,pv,False
Cent Afr Rep,Solar photovoltaic,OnGrid,2012,0.0,-,True,pv,False
Cent Afr Rep,Solar photovoltaic,OnGrid,2013,0.0,-,True,pv,False
Cent Afr Rep,Solar photovoltaic,OnGrid,2014,0.0,-,True,pv,False
Cent Afr Rep,Solar photovoltaic,OnGrid,2015,0.0,-,True,pv,False
Cent Afr Rep,Solar photovoltaic,OnGrid,2016,0.0,-,True,pv,False
Cent Afr Rep,Solar photovoltaic,OnGrid,2017,0.0,-,True,pv,False
Cent Afr Rep,Solar photovoltaic,OnGrid,2018,0.0,-,True,pv,False
Cent Afr Rep,Solar photovoltaic,OnGrid,2019,0.0,-,True,pv,False
Cent Afr Rep,Solar photovoltaic,OnGrid,2020,0.0,-,True,pv,False
Cent Afr Rep,Solar photovoltaic,OnGrid,2021,0.0,-,True,pv,False
Cent Afr Rep,Solar photovoltaic,OnGrid,2022,0.0,-,True,pv,False
Cent Afr Rep,Solar photovoltaic,OnGrid,2023,40.0,40,False,pv,False
Cent Afr Rep,Solar photovoltaic,OnGrid,2024,40.0,40,False,pv,False
Cent Afr Rep,Onshore wind energy,OnGrid,2000,0.0,-,True,wind,False
Cent Afr Rep,Onshore wind energy,OnGrid,2001,0.0,-,True,wind,False
Cent Afr Rep,Onshore wind energy,OnGrid,2002,0.0,-,True,wind,False
Cent Afr Rep,Onshore wind energy,OnGrid,2003,0.0,-,True,wind,False
Cent Afr Rep,Onshore wind energy,OnGrid,2004,0.0,-,True,wind,False
Cent Afr Rep,Onshore wind energy,OnGrid,2005,0.0,-,True,wind,False
Cent Afr Rep,Onshore wind energy,OnGrid,2006,0.0,-,True,wind,False
Cent Afr Rep,Onshore wind energy,OnGrid,2007,0.0,-,True,wind,False
Cent Afr Rep,Onshore wind energy,OnGrid,2008,0.0,-,True,wind,False
Cent Afr Rep,Onshore wind energy,OnGrid,2009,0.0,-,True,wind,False
Cent Afr Rep,Onshore wind energy,OnGrid,2010,0.0,-,True,wind,False
Cent Afr Rep,Onshore wind energy,OnGrid,2011,0.0,-,True,wind,False
Cent Afr Rep,Onshore wind energy,OnGrid,2012,0.0,-,True,wind,False
Cent Afr Rep,Onshore wind energy,OnGrid,2013,0.0,-,True,wind,False
Cent Afr Rep,Onshore wind energy,OnGrid,2014,0.0,-,True,wind,False
Cent Afr Rep,Onshore wind energy,OnGrid,2015,0.0,-,True,wind,False
Cent Afr Rep,Onshore wind energy,OnGrid,2016,0.0,-,True,wind,False
Cent Afr Rep,Onshore wind energy,OnGrid,2017,0.0,-,True,wind,False
Cent Afr Rep,Onshore wind energy,OnGrid,2018,0.0,-,True,wind,False
Cent Afr Rep,Onshore wind energy,OnGrid,2019,0.0,-,True,wind,False
Cent Afr Rep,Onshore wind energy,OnGrid,2020,0.0,-,True,wind,False
Cent Afr Rep,Onshore wind energy,OnGrid,2021,0.0,-,True,wind,False
Cent Afr Rep,Onshore wind energy,OnGrid,2022,0.0,-,True,wind,False
Cent Afr Rep,Onshore wind energy,OnGrid,2023,0.0,-,True,wind,False
Cent Afr Rep,Onshore wind energy,OnGrid,2024,0.0,-,True,wind,False
Chad,Solar photovoltaic,OnGrid,2000,0.0,-,True,pv,False
Chad,Solar photovoltaic,OnGrid,2001,0.0,-,True,pv,False
Chad,Solar photovoltaic,OnGrid,2002,0.0,-,True,pv,False
Chad,Solar photovoltaic,OnGrid,2003,0.0,-,True,pv,False
Chad,Solar photovoltaic,OnGrid,2004,0.0,-,True,pv,False
Chad,Solar photovoltaic,OnGrid,2005,0.0,-,True,pv,False
Chad,Solar photovoltaic,OnGrid,2006,0.0,-,True,pv,False
Chad,Solar photovoltaic,OnGrid,2007,0.0,-,True,pv,False
Chad,Solar photovoltaic,OnGrid,2008,0.0,-,True,pv,False
Chad,Solar photovoltaic,OnGrid,2009,0.0,-,True,pv,False
Chad,Solar photovoltaic,OnGrid,2010,0.0,-,True,pv,False
Chad,Solar photovoltaic,OnGrid,2011,0.0,-,True,pv,False
Chad,Solar photovoltaic,OnGrid,2012,0.0,-,True,pv,False
Chad,Solar photovoltaic,OnGrid,2013,0.0,-,True,pv,False
Chad,Solar photovoltaic,OnGrid,2014,0.0,-,True,pv,False
Chad,Solar photovoltaic,OnGrid,2015,0.0,-,True,pv,False
Chad,Solar photovoltaic,OnGrid,2016,0.0,-,True,pv,False
Chad,Solar photovoltaic,OnGrid,2017,0.0,-,True,pv,False
Chad,Solar photovoltaic,OnGrid,2018,0.0,-,True,pv,False
Chad,Solar photovoltaic,OnGrid,2019,0.0,-,True,pv,False
Chad,Solar photovoltaic,OnGrid,2020,0.5,0.5,False,pv,False
Chad,Solar photovoltaic,OnGrid,2021,0.5,0.5,False,pv,False
Chad,Solar photovoltaic,OnGrid,2022,0.5,0.5,False,pv,False
Chad,Solar photovoltaic,OnGrid,2023,0.5,0.5,False,pv,False
Chad,Solar photovoltaic,OnGrid,2024,0.5,0.5,False,pv,False
Chad,Onshore wind energy,OnGrid,2000,0.0,-,True,wind,False
Chad,Onshore wind energy,OnGrid,2001,0.0,-,True,wind,False
Chad,Onshore wind energy,OnGrid,2002,0.0,-,True,wind,False
Chad,Onshore wind energy,OnGrid,2003,0.0,-,True,wind,False
Chad,Onshore wind energy,OnGrid,2004,0.0,-,True,wind,False
Chad,Onshore wind energy,OnGrid,2005,0.0,-,True,wind,False
Chad,Onshore wind energy,OnGrid,2006,0.0,-,True,wind,False
Chad,Onshore wind energy,OnGrid,2007,0.0,-,True,wind,False
Chad,Onshore wind energy,OnGrid,2008,0.0,-,True,wind,False
Chad,Onshore wind energy,OnGrid,2009,0.0,-,True,wind,False
Chad,Onshore wind energy,OnGrid,2010,0.0,-,True,wind,False
Chad,Onshore wind energy,OnGrid,2011,0.0,-,True,wind,False
Chad,Onshore wind energy,OnGrid,2012,0.0,-,True,wind,False
Chad,Onshore wind energy,OnGrid,2013,0.0,-,True,wind,False
Chad,Onshore wind energy,OnGrid,2014,0.0,-,True,wind,False
Chad,Onshore wind energy,OnGrid,2015,0.0,-,True,wind,False
Chad,Onshore wind energy,OnGrid,2016,0.0,-,True,wind,False
Chad,Onshore wind energy,OnGrid,2017,0.0,-,True,wind,False
Chad,Onshore wind energy,OnGrid,2018,0.0,-,True,wind,False
Chad,Onshore wind energy,OnGrid,2019,0.0,-,True,wind,False
Chad,Onshore wind energy,OnGrid,2020,0.0,-,True,wind,False
Chad,Onshore wind energy,OnGrid,2021,0.0,-,True,wind,False
Chad,Onshore wind energy,OnGrid,2022,0.0,-,True,wind,False
Chad,Onshore wind energy,OnGrid,2023,0.0,-,True,wind,False
Chad,Onshore wind energy,OnGrid,2024,0.0,-,True,wind,False
Chile,Solar photovoltaic,OnGrid,2000,0.0,-,True,pv,False
Chile,Solar photovoltaic,OnGrid,2001,0.0,-,True,pv,False
Chile,Solar photovoltaic,OnGrid,2002,0.0,-,True,pv,False
Chile,Solar photovoltaic,OnGrid,2003,0.0,-,True,pv,False
Chile,Solar photovoltaic,OnGrid,2004,0.0,-,True,pv,False
Chile,Solar photovoltaic,OnGrid,2005,0.0,-,True,pv,False
Chile,Solar photovoltaic,OnGrid,2006,0.0,-,True,pv,False
Chile,Solar photovoltaic,OnGrid,2007,0.0,-,True,pv,False
Chile,Solar photovoltaic,OnGrid,2008,0.0,-,True,pv,False
Chile,Solar photovoltaic,OnGrid,2009,0.0,-,True,pv,False
Chile,Solar photovoltaic,OnGrid,2010,0.0,-,True,pv,False
Chile,Solar photovoltaic,OnGrid,2011,0.0,-,True,pv,False
Chile,Solar photovoltaic,OnGrid,2012,2.0,2,False,pv,False
Chile,Solar photovoltaic,OnGrid,2013,15.0,15,False,pv,False
Chile,Solar photovoltaic,OnGrid,2014,221.0,221,False,pv,False
Chile,Solar photovoltaic,OnGrid,2015,576.0,576,False,pv,False
Chile,Solar photovoltaic,OnGrid,2016,1125.0,1125,False,pv,False
Chile,Solar photovoltaic,OnGrid,2017,1724.12,1724.12,False,pv,False
Chile,Solar photovoltaic,OnGrid,2018,2297.71,2297.71,False,pv,False
Chile,Solar photovoltaic,OnGrid,2019,2720.35,2720.35,False,pv,False
Chile,Solar photovoltaic,OnGrid,2020,3286.8,3286.8,False,pv,False
Chile,Solar photovoltaic,OnGrid,2021,4603.35,4603.35,False,pv,False
Chile,Solar photovoltaic,OnGrid,2022,6778.21,6778.21,False,pv,False
Chile,Solar photovoltaic,OnGrid,2023,8629.75,8629.75,False,pv,False
Chile,Solar photovoltaic,OnGrid,2024,10906.71,10906.71,False,pv,False
Chile,Onshore wind energy,OnGrid,2000,0.0,-,True,wind,False
Chile,Onshore wind energy,OnGrid,2001,2.0,2,False,wind,False
Chile,Onshore wind energy,OnGrid,2002,2.0,2,False,wind,False
Chile,Onshore wind energy,OnGrid,2003,2.0,2,False,wind,False
Chile,Onshore wind energy,OnGrid,2004,2.0,2,False,wind,False
Chile,Onshore wind energy,OnGrid,2005,2.0,2,False,wind,False
Chile,Onshore wind energy,OnGrid,2006,2.0,2,False,wind,False
Chile,Onshore wind energy,OnGrid,2007,20.0,20,False,wind,False
Chile,Onshore wind energy,OnGrid,2008,20.0,20,False,wind,False
Chile,Onshore wind energy,OnGrid,2009,163.0,163,False,wind,False
Chile,Onshore wind energy,OnGrid,2010,163.0,163,False,wind,False
Chile,Onshore wind energy,OnGrid,2011,184.0,184,False,wind,False
Chile,Onshore wind energy,OnGrid,2012,202.0,202,False,wind,False
Chile,Onshore wind energy,OnGrid,2013,301.0,301,False,wind,False
Chile,Onshore wind energy,OnGrid,2014,736.0,736,False,wind,False
Chile,Onshore wind energy,OnGrid,2015,910.0,910,False,wind,False
Chile,Onshore wind energy,OnGrid,2016,1039.0,1039,False,wind,False
Chile,Onshore wind energy,OnGrid,2017,1302.0,1302,False,wind,False
Chile,Onshore wind energy,OnGrid,2018,1692.27,1692.27,False,wind,False
Chile,Onshore wind energy,OnGrid,2019,1998.93,1998.93,False,wind,False
Chile,Onshore wind energy,OnGrid,2020,2292.54,2292.54,False,wind,False
Chile,Onshore wind energy,OnGrid,2021,3140.43,3140.43,False,wind,False
Chile,Onshore wind energy,OnGrid,2022,3824.04,3824.04,False,wind,False
Chile,Onshore wind energy,OnGrid,2023,4532.9,4532.9,False,wind,False
Chile,Onshore wind energy,OnGrid,2024,4716.9,4716.9,False,wind,False
China,Solar photovoltaic,OnGrid,2000,10.52,10.52,False,pv,False
China,Solar photovoltaic,OnGrid,2001,10.52,10.52,False,pv,False
China,Solar photovoltaic,OnGrid,2002,10.53,10.53,False,pv,False
China,Solar photovoltaic,OnGrid,2003,10.6,10.6,False,pv,False
China,Solar photovoltaic,OnGrid,2004,11.8,11.8,False,pv,False
China,Solar photovoltaic,OnGrid,2005,70.0,70,False,pv,False
China,Solar photovoltaic,OnGrid,2006,80.0,80,False,pv,False
China,Solar photovoltaic,OnGrid,2007,101.0,101,False,pv,False
China,Solar photovoltaic,OnGrid,2008,140.0,140,False,pv,False
China,Solar photovoltaic,OnGrid,2009,284.0,284,False,pv,False
China,Solar photovoltaic,OnGrid,2010,864.0,864,False,pv,False
China,Solar photovoltaic,OnGrid,2011,2930.0,2930,False,pv,False
China,Solar photovoltaic,OnGrid,2012,6500.0,6500,False,pv,False
China,Solar photovoltaic,OnGrid,2013,17450.0,17450,False,pv,False
China,Solar photovoltaic,OnGrid,2014,28050.0,28050,False,pv,False
China,Solar photovoltaic,OnGrid,2015,43180.0,43180,False,pv,False
China,Solar photovoltaic,OnGrid,2016,77420.0,77420,False,pv,False
China,Solar photovoltaic,OnGrid,2017,130424.49,130424.49,False,pv,False
China,Solar photovoltaic,OnGrid,2018,174630.06,174630.06,False,pv,False
China,Solar photovoltaic,OnGrid,2019,204180.0,204180,False,pv,False
China,Solar photovoltaic,OnGrid,2020,253010.0,253010,False,pv,False
China,Solar photovoltaic,OnGrid,2021,305990.0,305990,False,pv,False
China,Solar photovoltaic,OnGrid,2022,392040.0,392040,False,pv,False
China,Solar photovoltaic,OnGrid,2023,608920.0,608920,False,pv,False
China,Solar photovoltaic,OnGrid,2024,885680.0,885680,False,pv,False
China,Onshore wind energy,OnGrid,2000,341.0,341,False,wind,False
China,Onshore wind energy,OnGrid,2001,383.0,383,False,wind,False
China,Onshore wind energy,OnGrid,2002,449.0,449,False,wind,False
China,Onshore wind energy,OnGrid,2003,547.0,547,False,wind,False
China,Onshore wind energy,OnGrid,2004,763.0,763,False,wind,False
China,Onshore wind energy,OnGrid,2005,1060.0,1060,False,wind,False
China,Onshore wind energy,OnGrid,2006,2070.0,2070,False,wind,False
China,Onshore wind energy,OnGrid,2007,4198.5,4198.5,False,wind,False
China,Onshore wind energy,OnGrid,2008,8386.23,8386.23,False,wind,False
China,Onshore wind energy,OnGrid,2009,17597.91,17597.91,False,wind,False
China,Onshore wind energy,OnGrid,2010,29475.48,29475.48,False,wind,False
China,Onshore wind energy,OnGrid,2011,46020.0,46020,False,wind,False
China,Onshore wind energy,OnGrid,2012,61132.34,61132.34,False,wind,False
China,Onshore wind energy,OnGrid,2013,76103.0,76103,False,wind,False
China,Onshore wind energy,OnGrid,2014,96130.0,96130,False,wind,False
China,Onshore wind energy,OnGrid,2015,130191.0,130191,False,wind,False
China,Onshore wind energy,OnGrid,2016,146694.2,146694.2,False,wind,False
China,Onshore wind energy,OnGrid,2017,161216.09,161216.09,False,wind,False
China,Onshore wind energy,OnGrid,2018,179675.73,179675.73,False,wind,False
China,Onshore wind energy,OnGrid,2019,203220.0,203220,False,wind,False
China,Onshore wind energy,OnGrid,2020,272540.0,272540,False,wind,False
China,Onshore wind energy,OnGrid,2021,302090.0,302090,False,wind,False
China,Onshore wind energy,OnGrid,2022,334980.0,334980,False,wind,False
China,Onshore wind energy,OnGrid,2023,404050.0,404050,False,wind,False
China,Onshore wind energy,OnGrid,2024,479410.0,479410,False,wind,False
China HK SAR,Solar photovoltaic,OnGrid,2000,0.0,-,True,pv,False
China HK SAR,Solar photovoltaic,OnGrid,2001,0.0,-,True,pv,False
China HK SAR,Solar photovoltaic,OnGrid,2002,0.0,-,True,pv,False
China HK SAR,Solar photovoltaic,OnGrid,2003,0.0,-,True,pv,False
China HK SAR,Solar photovoltaic,OnGrid,2004,0.0,-,True,pv,False
China HK SAR,Solar photovoltaic,OnGrid,2005,0.0,-,True,pv,False
China HK SAR,Solar photovoltaic,OnGrid,2006,0.0,-,True,pv,False
China HK SAR,Solar photovoltaic,OnGrid,2007,0.0,-,True,pv,False
China HK SAR,Solar photovoltaic,OnGrid,2008,0.0,-,True,pv,False
China HK SAR,Solar photovoltaic,OnGrid,2009,0.0,-,True,pv,False
China HK SAR,Solar photovoltaic,OnGrid,2010,0.0,-,True,pv,False
China HK SAR,Solar photovoltaic,OnGrid,2011,0.0,-,True,pv,False
China HK SAR,Solar photovoltaic,OnGrid,2012,0.0,-,True,pv,False
China HK SAR,Solar photovoltaic,OnGrid,2013,0.0,-,True,pv,False
China HK SAR,Solar photovoltaic,OnGrid,2014,0.0,-,True,pv,False
China HK SAR,Solar photovoltaic,OnGrid,2015,0.0,-,True,pv,False
China HK SAR,Solar photovoltaic,OnGrid,2016,0.0,-,True,pv,False
China HK SAR,Solar photovoltaic,OnGrid,2017,1.0,1,False,pv,False
China HK SAR,Solar photovoltaic,OnGrid,2018,1.0,1,False,pv,False
China HK SAR,Solar photovoltaic,OnGrid,2019,89.0,89,False,pv,False
China HK SAR,Solar photovoltaic,OnGrid,2020,91.0,91,False,pv,False
China HK SAR,Solar photovoltaic,OnGrid,2021,95.34,95.34,False,pv,False
China HK SAR,Solar photovoltaic,OnGrid,2022,184.8,184.8,False,pv,False
China HK SAR,Solar photovoltaic,OnGrid,2023,333.1,333.1,False,pv,False
China HK SAR,Solar photovoltaic,OnGrid,2024,405.0,405,False,pv,False
China HK SAR,Onshore wind energy,OnGrid,2000,0.0,-,True,wind,False
China HK SAR,Onshore wind energy,OnGrid,2001,0.0,-,True,wind,False
China HK SAR,Onshore wind energy,OnGrid,2002,0.0,-,True,wind,False
China HK SAR,Onshore wind energy,OnGrid,2003,0.0,-,True,wind,False
China HK SAR,Onshore wind energy,OnGrid,2004,0.0,-,True,wind,False
China HK SAR,Onshore wind energy,OnGrid,2005,0.0,-,True,wind,False
China HK SAR,Onshore wind energy,OnGrid,2006,0.0,-,True,wind,False
China HK SAR,Onshore wind energy,OnGrid,2007,0.0,-,True,wind,False
China HK SAR,Onshore wind energy,OnGrid,2008,0.0,-,True,wind,False
China HK SAR,Onshore wind energy,OnGrid,2009,0.0,-,True,wind,False
China HK SAR,Onshore wind energy,OnGrid,2010,0.0,-,True,wind,False
China HK SAR,Onshore wind energy,OnGrid,2011,0.0,-,True,wind,False
China HK SAR,Onshore wind energy,OnGrid,2012,0.0,-,True,wind,False
China HK SAR,Onshore wind energy,OnGrid,2013,0.0,-,True,wind,False
China HK SAR,Onshore wind energy,OnGrid,2014,0.0,-,True,wind,False
China HK SAR,Onshore wind energy,OnGrid,2015,0.0,-,True,wind,False
China HK SAR,Onshore wind energy,OnGrid,2016,0.0,-,True,wind,False
China HK SAR,Onshore wind energy,OnGrid,2017,0.8,0.8,False,wind,False
China HK SAR,Onshore wind energy,OnGrid,2018,0.8,0.8,False,wind,False
China HK SAR,Onshore wind energy,OnGrid,2019,0.8,0.8,False,wind,False
China HK SAR,Onshore wind energy,OnGrid,2020,0.8,0.8,False,wind,False
China HK SAR,Onshore wind energy,OnGrid,2021,0.8,0.8,False,wind,False
China HK SAR,Onshore wind energy,OnGrid,2022,0.8,0.8,False,wind,False
China HK SAR,Onshore wind energy,OnGrid,2023,0.8,0.8,False,wind,False
China HK SAR,Onshore wind energy,OnGrid,2024,0.8,0.8,False,wind,False
Chinese Taipei,Solar photovoltaic,OnGrid,2000,0.1,0.1,False,pv,False
Chinese Taipei,Solar photovoltaic,OnGrid,2001,0.2,0.2,False,pv,False
Chinese Taipei,Solar photovoltaic,OnGrid,2002,0.33,0.33,False,pv,False
Chinese Taipei,Solar photovoltaic,OnGrid,2003,0.45,0.45,False,pv,False
Chinese Taipei,Solar photovoltaic,OnGrid,2004,0.57,0.57,False,pv,False
Chinese Taipei,Solar photovoltaic,OnGrid,2005,1.04,1.04,False,pv,False
Chinese Taipei,Solar photovoltaic,OnGrid,2006,1.41,1.41,False,pv,False
Chinese Taipei,Solar photovoltaic,OnGrid,2007,2.44,2.44,False,pv,False
Chinese Taipei,Solar photovoltaic,OnGrid,2008,5.58,5.58,False,pv,False
Chinese Taipei,Solar photovoltaic,OnGrid,2009,9.51,9.51,False,pv,False
Chinese Taipei,Solar photovoltaic,OnGrid,2010,34.56,34.56,False,pv,False
Chinese Taipei,Solar photovoltaic,OnGrid,2011,129.91,129.91,False,pv,False
Chinese Taipei,Solar photovoltaic,OnGrid,2012,231.28,231.28,False,pv,False
Chinese Taipei,Solar photovoltaic,OnGrid,2013,409.94,409.94,False,pv,False
Chinese Taipei,Solar photovoltaic,OnGrid,2014,635.95,635.95,False,pv,False
Chinese Taipei,Solar photovoltaic,OnGrid,2015,884.25,884.25,False,pv,False
Chinese Taipei,Solar photovoltaic,OnGrid,2016,1245.06,1245.06,False,pv,False
Chinese Taipei,Solar photovoltaic,OnGrid,2017,1767.7,1767.7,False,pv,False
Chinese Taipei,Solar photovoltaic,OnGrid,2018,2738.12,2738.12,False,pv,False
Chinese Taipei,Solar photovoltaic,OnGrid,2019,4149.54,4149.54,False,pv,False
Chinese Taipei,Solar photovoltaic,OnGrid,2020,5817.21,5817.21,False,pv,False
Chinese Taipei,Solar photovoltaic,OnGrid,2021,7700.21,7700.21,False,pv,False
Chinese Taipei,Solar photovoltaic,OnGrid,2022,9723.75,9723.75,False,pv,False
Chinese Taipei,Solar photovoltaic,OnGrid,2023,12417.69,12417.69,False,pv,False
Chinese Taipei,Solar photovoltaic,OnGrid,2024,14281.15,14281.15,False,pv,False
Chinese Taipei,Onshore wind energy,OnGrid,2000,2.6,2.6,False,wind,False
Chinese Taipei,Onshore wind energy,OnGrid,2001,5.0,5,False,wind,False
Chinese Taipei,Onshore wind energy,OnGrid,2002,8.54,8.54,False,wind,False
Chinese Taipei,Onshore wind energy,OnGrid,2003,8.54,8.54,False,wind,False
Chinese Taipei,Onshore wind energy,OnGrid,2004,8.54,8.54,False,wind,False
Chinese Taipei,Onshore wind energy,OnGrid,2005,23.94,23.94,False,wind,False
Chinese Taipei,Onshore wind energy,OnGrid,2006,101.99,101.99,False,wind,False
Chinese Taipei,Onshore wind energy,OnGrid,2007,185.99,185.99,False,wind,False
Chinese Taipei,Onshore wind energy,OnGrid,2008,250.39,250.39,False,wind,False
Chinese Taipei,Onshore wind energy,OnGrid,2009,374.29,374.29,False,wind,False
Chinese Taipei,Onshore wind energy,OnGrid,2010,475.89,475.89,False,wind,False
Chinese Taipei,Onshore wind energy,OnGrid,2011,522.69,522.69,False,wind,False
Chinese Taipei,Onshore wind energy,OnGrid,2012,570.99,570.99,False,wind,False
Chinese Taipei,Onshore wind energy,OnGrid,2013,614.19,614.19,False,wind,False
Chinese Taipei,Onshore wind energy,OnGrid,2014,637.19,637.19,False,wind,False
Chinese Taipei,Onshore wind energy,OnGrid,2015,646.69,646.69,False,wind,False
Chinese Taipei,Onshore wind energy,OnGrid,2016,682.09,682.09,False,wind,False
Chinese Taipei,Onshore wind energy,OnGrid,2017,684.39,684.39,False,wind,False
Chinese Taipei,Onshore wind energy,OnGrid,2018,705.15,705.15,False,wind,False
Chinese Taipei,Onshore wind energy,OnGrid,2019,717.16,717.16,False,wind,False
Chinese Taipei,Onshore wind energy,OnGrid,2020,809.12,809.12,False,wind,False
Chinese Taipei,Onshore wind energy,OnGrid,2021,824.97,824.97,False,wind,False
Chinese Taipei,Onshore wind energy,OnGrid,2022,836.25,836.25,False,wind,False
Chinese Taipei,Onshore wind energy,OnGrid,2023,914.18,914.18,False,wind,False
Chinese Taipei,Onshore wind energy,OnGrid,2024,918.2,918.2,False,wind,False
Colombia,Solar photovoltaic,OnGrid,2000,0.0,-,True,pv,False
Colombia,Solar photovoltaic,OnGrid,2001,0.0,-,True,pv,False
Colombia,Solar photovoltaic,OnGrid,2002,0.0,-,True,pv,False
Colombia,Solar photovoltaic,OnGrid,2003,0.0,-,True,pv,False
Colombia,Solar photovoltaic,OnGrid,2004,0.0,-,True,pv,False
Colombia,Solar photovoltaic,OnGrid,2005,0.0,-,True,pv,False
Colombia,Solar photovoltaic,OnGrid,2006,0.0,-,True,pv,False
Colombia,Solar photovoltaic,OnGrid,2007,0.0,-,True,pv,False
Colombia,Solar photovoltaic,OnGrid,2008,0.0,-,True,pv,False
Colombia,Solar photovoltaic,OnGrid,2009,0.0,-,True,pv,False
Colombia,Solar photovoltaic,OnGrid,2010,0.0,-,True,pv,False
Colombia,Solar photovoltaic,OnGrid,2011,0.0,-,True,pv,False
Colombia,Solar photovoltaic,OnGrid,2012,0.0,-,True,pv,False
Colombia,Solar photovoltaic,OnGrid,2013,0.0,-,True,pv,False
Colombia,Solar photovoltaic,OnGrid,2014,0.0,-,True,pv,False
Colombia,Solar photovoltaic,OnGrid,2015,0.0,-,True,pv,False
Colombia,Solar photovoltaic,OnGrid,2016,0.0,-,True,pv,False
Colombia,Solar photovoltaic,OnGrid,2017,9.8,9.8,False,pv,False
Colombia,Solar photovoltaic,OnGrid,2018,9.8,9.8,False,pv,False
Colombia,Solar photovoltaic,OnGrid,2019,17.98,17.98,False,pv,False
Colombia,Solar photovoltaic,OnGrid,2020,61.8,61.8,False,pv,False
Colombia,Solar photovoltaic,OnGrid,2021,138.57,138.57,False,pv,False
Colombia,Solar photovoltaic,OnGrid,2022,290.91,290.91,False,pv,False
Colombia,Solar photovoltaic,OnGrid,2023,514.1,514.1,False,pv,False
Colombia,Solar photovoltaic,OnGrid,2024,1395.88,1395.88,False,pv,False
Colombia,Onshore wind energy,OnGrid,2000,0.0,-,True,wind,False
Colombia,Onshore wind energy,OnGrid,2001,0.0,-,True,wind,False
Colombia,Onshore wind energy,OnGrid,2002,0.0,-,True,wind,False
Colombia,Onshore wind energy,OnGrid,2003,0.0,-,True,wind,False
Colombia,Onshore wind energy,OnGrid,2004,20.0,20,False,wind,False
Colombia,Onshore wind energy,OnGrid,2005,10.0,10,False,wind,False
Colombia,Onshore wind energy,OnGrid,2006,18.0,18,False,wind,False
Colombia,Onshore wind energy,OnGrid,2007,18.0,18,False,wind,False
Colombia,Onshore wind energy,OnGrid,2008,18.0,18,False,wind,False
Colombia,Onshore wind energy,OnGrid,2009,18.0,18,False,wind,False
Colombia,Onshore wind energy,OnGrid,2010,18.0,18,False,wind,False
Colombia,Onshore wind energy,OnGrid,2011,18.0,18,False,wind,False
Colombia,Onshore wind energy,OnGrid,2012,18.0,18,False,wind,False
Colombia,Onshore wind energy,OnGrid,2013,18.0,18,False,wind,False
Colombia,Onshore wind energy,OnGrid,2014,18.0,18,False,wind,False
Colombia,Onshore wind energy,OnGrid,2015,18.0,18,False,wind,False
Colombia,Onshore wind energy,OnGrid,2016,18.0,18,False,wind,False
Colombia,Onshore wind energy,OnGrid,2017,18.0,18,False,wind,False
Colombia,Onshore wind energy,OnGrid,2018,18.0,18,False,wind,False
Colombia,Onshore wind energy,OnGrid,2019,18.42,18.42,False,wind,False
Colombia,Onshore wind energy,OnGrid,2020,18.42,18.42,False,wind,False
Colombia,Onshore wind energy,OnGrid,2021,18.42,18.42,False,wind,False
Colombia,Onshore wind energy,OnGrid,2022,33.8,33.8,False,wind,False
Colombia,Onshore wind energy,OnGrid,2023,33.8,33.8,False,wind,False
Colombia,Onshore wind energy,OnGrid,2024,33.8,33.8,False,wind,False
Comoros,Solar photovoltaic,OnGrid,2000,0.0,-,True,pv,False
Comoros,Solar photovoltaic,OnGrid,2001,0.0,-,True,pv,False
Comoros,Solar photovoltaic,OnGrid,2002,0.0,-,True,pv,False
Comoros,Solar photovoltaic,OnGrid,2003,0.0,-,True,pv,False
Comoros,Solar photovoltaic,OnGrid,2004,0.0,-,True,pv,False
Comoros,Solar photovoltaic,OnGrid,2005,0.0,-,True,pv,False
Comoros,Solar photovoltaic,OnGrid,2006,0.0,-,True,pv,False
Comoros,Solar photovoltaic,OnGrid,2007,0.0,-,True,pv,False
Comoros,Solar photovoltaic,OnGrid,2008,0.0,-,True,pv,False
Comoros,Solar photovoltaic,OnGrid,2009,0.0,-,True,pv,False
Comoros,Solar photovoltaic,OnGrid,2010,0.0,-,True,pv,False
Comoros,Solar photovoltaic,OnGrid,2011,0.0,-,True,pv,False
Comoros,Solar photovoltaic,OnGrid,2012,0.0,-,True,pv,False
Comoros,Solar photovoltaic,OnGrid,2013,0.0,-,True,pv,False
Comoros,Solar photovoltaic,OnGrid,2014,0.0,-,True,pv,False
Comoros,Solar photovoltaic,OnGrid,2015,0.0,-,True,pv,False
Comoros,Solar photovoltaic,OnGrid,2016,0.0,-,True,pv,False
Comoros,Solar photovoltaic,OnGrid,2017,0.0,-,True,pv,False
Comoros,Solar photovoltaic,OnGrid,2018,0.0,-,True,pv,False
Comoros,Solar photovoltaic,OnGrid,2019,0.0,-,True,pv,False
Comoros,Solar photovoltaic,OnGrid,2020,0.0,-,True,pv,False
Comoros,Solar photovoltaic,OnGrid,2021,3.0,3,False,pv,False
Comoros,Solar photovoltaic,OnGrid,2022,3.0,3,False,pv,False
Comoros,Solar photovoltaic,OnGrid,2023,3.0,3,False,pv,False
Comoros,Solar photovoltaic,OnGrid,2024,3.0,3,False,pv,False
Comoros,Onshore wind energy,OnGrid,2000,0.0,-,True,wind,False
Comoros,Onshore wind energy,OnGrid,2001,0.0,-,True,wind,False
Comoros,Onshore wind energy,OnGrid,2002,0.0,-,True,wind,False
Comoros,Onshore wind energy,OnGrid,2003,0.0,-,True,wind,False
Comoros,Onshore wind energy,OnGrid,2004,0.0,-,True,wind,False
Comoros,Onshore wind energy,OnGrid,2005,0.0,-,True,wind,False
Comoros,Onshore wind energy,OnGrid,2006,0.0,-,True,wind,False
Comoros,Onshore wind energy,OnGrid,2007,0.0,-,True,wind,False
Comoros,Onshore wind energy,OnGrid,2008,0.0,-,True,wind,False
Comoros,Onshore wind energy,OnGrid,2009,0.0,-,True,wind,False
Comoros,Onshore wind energy,OnGrid,2010,0.0,-,True,wind,False
Comoros,Onshore wind energy,OnGrid,2011,0.0,-,True,wind,False
Comoros,Onshore wind energy,OnGrid,2012,0.0,-,True,wind,False
Comoros,Onshore wind energy,OnGrid,2013,0.0,-,True,wind,False
Comoros,Onshore wind energy,OnGrid,2014,0.0,-,True,wind,False
Comoros,Onshore wind energy,OnGrid,2015,0.0,-,True,wind,False
Comoros,Onshore wind energy,OnGrid,2016,0.0,-,True,wind,False
Comoros,Onshore wind energy,OnGrid,2017,0.0,-,True,wind,False
Comoros,Onshore wind energy,OnGrid,2018,0.0,-,True,wind,False
Comoros,Onshore wind energy,OnGrid,2019,0.0,-,True,wind,False
Comoros,Onshore wind energy,OnGrid,2020,0.0,-,True,wind,False
Comoros,Onshore wind energy,OnGrid,2021,0.0,-,True,wind,False
Comoros,Onshore wind energy,OnGrid,2022,0.0,-,True,wind,False
Comoros,Onshore wind energy,OnGrid,2023,0.0,-,True,wind,False
Comoros,Onshore wind energy,OnGrid,2024,0.0,-,True,wind,False
Congo DR,Solar photovoltaic,OnGrid,2000,0.0,-,True,pv,False
Congo DR,Solar photovoltaic,OnGrid,2001,0.0,-,True,pv,False
Congo DR,Solar photovoltaic,OnGrid,2002,0.0,-,True,pv,False
Congo DR,Solar photovoltaic,OnGrid,2003,0.0,-,True,pv,False
Congo DR,Solar photovoltaic,OnGrid,2004,0.0,-,True,pv,False
Congo DR,Solar photovoltaic,OnGrid,2005,0.0,-,True,pv,False
Congo DR,Solar photovoltaic,OnGrid,2006,0.0,-,True,pv,False
Congo DR,Solar photovoltaic,OnGrid,2007,0.0,-,True,pv,False
Congo DR,Solar photovoltaic,OnGrid,2008,0.0,-,True,pv,False
Congo DR,Solar photovoltaic,OnGrid,2009,0.0,-,True,pv,False
Congo DR,Solar photovoltaic,OnGrid,2010,0.0,-,True,pv,False
Congo DR,Solar photovoltaic,OnGrid,2011,0.0,-,True,pv,False
Congo DR,Solar photovoltaic,OnGrid,2012,0.0,-,True,pv,False
Congo DR,Solar photovoltaic,OnGrid,2013,0.0,-,True,pv,False
Congo DR,Solar photovoltaic,OnGrid,2014,0.0,-,True,pv,False
Congo DR,Solar photovoltaic,OnGrid,2015,0.0,-,True,pv,False
Congo DR,Solar photovoltaic,OnGrid,2016,0.0,-,True,pv,False
Congo DR,Solar photovoltaic,OnGrid,2017,0.0,-,True,pv,False
Congo DR,Solar photovoltaic,OnGrid,2018,0.0,-,True,pv,False
Congo DR,Solar photovoltaic,OnGrid,2019,0.0,-,True,pv,False
Congo DR,Solar photovoltaic,OnGrid,2020,1.3,1.3,False,pv,False
Congo DR,Solar photovoltaic,OnGrid,2021,1.64,1.64,False,pv,False
Congo DR,Solar photovoltaic,OnGrid,2022,3.5,3.5,False,pv,False
Congo DR,Solar photovoltaic,OnGrid,2023,3.85,3.85,False,pv,False
Congo DR,Solar photovoltaic,OnGrid,2024,8.7,8.7,False,pv,False
Congo DR,Onshore wind energy,OnGrid,2000,0.0,-,True,wind,False
Congo DR,Onshore wind energy,OnGrid,2001,0.0,-,True,wind,False
Congo DR,Onshore wind energy,OnGrid,2002,0.0,-,True,wind,False
Congo DR,Onshore wind energy,OnGrid,2003,0.0,-,True,wind,False
Congo DR,Onshore wind energy,OnGrid,2004,0.0,-,True,wind,False
Congo DR,Onshore wind energy,OnGrid,2005,0.0,-,True,wind,False
Congo DR,Onshore wind energy,OnGrid,2006,0.0,-,True,wind,False
Congo DR,Onshore wind energy,OnGrid,2007,0.0,-,True,wind,False
Congo DR,Onshore wind energy,OnGrid,2008,0.0,-,True,wind,False
Congo DR,Onshore wind energy,OnGrid,2009,0.0,-,True,wind,False
Congo DR,Onshore wind energy,OnGrid,2010,0.0,-,True,wind,False
Congo DR,Onshore wind energy,OnGrid,2011,0.0,-,True,wind,False
Congo DR,Onshore wind energy,OnGrid,2012,0.0,-,True,wind,False
Congo DR,Onshore wind energy,OnGrid,2013,0.0,-,True,wind,False
Congo DR,Onshore wind energy,OnGrid,2014,0.0,-,True,wind,False
Congo DR,Onshore wind energy,OnGrid,2015,0.0,-,True,wind,False
Congo DR,Onshore wind energy,OnGrid,2016,0.0,-,True,wind,False
Congo DR,Onshore wind energy,OnGrid,2017,0.0,-,True,wind,False
Congo DR,Onshore wind energy,OnGrid,2018,0.0,-,True,wind,False
Congo DR,Onshore wind energy,OnGrid,2019,0.0,-,True,wind,False
Congo DR,Onshore wind energy,OnGrid,2020,0.0,-,True,wind,False
Congo DR,Onshore wind energy,OnGrid,2021,0.0,-,True,wind,False
Congo DR,Onshore wind energy,OnGrid,2022,0.0,-,True,wind,False
Congo DR,Onshore wind energy,OnGrid,2023,0.0,-,True,wind,False
Congo DR,Onshore wind energy,OnGrid,2024,0.0,-,True,wind,False
Congo Rep,Solar photovoltaic,OnGrid,2000,0.0,-,True,pv,False
Congo Rep,Solar photovoltaic,OnGrid,2001,0.0,-,True,pv,False
Congo Rep,Solar photovoltaic,OnGrid,2002,0.0,-,True,pv,False
Congo Rep,Solar photovoltaic,OnGrid,2003,0.0,-,True,pv,False
Congo Rep,Solar photovoltaic,OnGrid,2004,0.0,-,True,pv,False
Congo Rep,Solar photovoltaic,OnGrid,2005,0.0,-,True,pv,False
Congo Rep,Solar photovoltaic,OnGrid,2006,0.0,-,True,pv,False
Congo Rep,Solar photovoltaic,OnGrid,2007,0.0,-,True,pv,False
Congo Rep,Solar photovoltaic,OnGrid,2008,0.0,-,True,pv,False
Congo Rep,Solar photovoltaic,OnGrid,2009,0.0,-,True,pv,False
Congo Rep,Solar photovoltaic,OnGrid,2010,0.0,-,True,pv,False
Congo Rep,Solar photovoltaic,OnGrid,2011,0.0,-,True,pv,False
Congo Rep,Solar photovoltaic,OnGrid,2012,0.0,-,True,pv,False
Congo Rep,Solar photovoltaic,OnGrid,2013,0.0,-,True,pv,False
Congo Rep,Solar photovoltaic,OnGrid,2014,0.0,-,True,pv,False
Congo Rep,Solar photovoltaic,OnGrid,2015,0.0,-,True,pv,False
Congo Rep,Solar photovoltaic,OnGrid,2016,0.0,-,True,pv,False
Congo Rep,Solar photovoltaic,OnGrid,2017,0.0,-,True,pv,False
Congo Rep,Solar photovoltaic,OnGrid,2018,0.0,-,True,pv,False
Congo Rep,Solar photovoltaic,OnGrid,2019,0.0,-,True,pv,False
Congo Rep,Solar photovoltaic,OnGrid,2020,0.0,-,True,pv,False
Congo Rep,Solar photovoltaic,OnGrid,2021,0.0,-,True,pv,False
Congo Rep,Solar photovoltaic,OnGrid,2022,0.0,-,True,pv,False
Congo Rep,Solar photovoltaic,OnGrid,2023,0.0,-,True,pv,False
Congo Rep,Solar photovoltaic,OnGrid,2024,0.0,-,True,pv,False
Congo Rep,Onshore wind energy,OnGrid,2000,0.0,-,True,wind,False
Congo Rep,Onshore wind energy,OnGrid,2001,0.0,-,True,wind,False
Congo Rep,Onshore wind energy,OnGrid,2002,0.0,-,True,wind,False
Congo Rep,Onshore wind energy,OnGrid,2003,0.0,-,True,wind,False
Congo Rep,Onshore wind energy,OnGrid,2004,0.0,-,True,wind,False
Congo Rep,Onshore wind energy,OnGrid,2005,0.0,-,True,wind,False
Congo Rep,Onshore wind energy,OnGrid,2006,0.0,-,True,wind,False
Congo Rep,Onshore wind energy,OnGrid,2007,0.0,-,True,wind,False
Congo Rep,Onshore wind energy,OnGrid,2008,0.0,-,True,wind,False
Congo Rep,Onshore wind energy,OnGrid,2009,0.0,-,True,wind,False
Congo Rep,Onshore wind energy,OnGrid,2010,0.0,-,True,wind,False
Congo Rep,Onshore wind energy,OnGrid,2011,0.0,-,True,wind,False
Congo Rep,Onshore wind energy,OnGrid,2012,0.0,-,True,wind,False
Congo Rep,Onshore wind energy,OnGrid,2013,0.0,-,True,wind,False
Congo Rep,Onshore wind energy,OnGrid,2014,0.0,-,True,wind,False
Congo Rep,Onshore wind energy,OnGrid,2015,0.0,-,True,wind,False
Congo Rep,Onshore wind energy,OnGrid,2016,0.0,-,True,wind,False
Congo Rep,Onshore wind energy,OnGrid,2017,0.0,-,True,wind,False
Congo Rep,Onshore wind energy,OnGrid,2018,0.0,-,True,wind,False
Congo Rep,Onshore wind energy,OnGrid,2019,0.0,-,True,wind,False
Congo Rep,Onshore wind energy,OnGrid,2020,0.0,-,True,wind,False
Congo Rep,Onshore wind energy,OnGrid,2021,0.0,-,True,wind,False
Congo Rep,Onshore wind energy,OnGrid,2022,0.0,-,True,wind,False
Congo Rep,Onshore wind energy,OnGrid,2023,0.0,-,True,wind,False
Congo Rep,Onshore wind energy,OnGrid,2024,0.0,-,True,wind,False
Cook Is,Solar photovoltaic,OnGrid,2000,0.01,0.01,False,pv,False
Cook Is,Solar photovoltaic,OnGrid,2001,0.01,0.01,False,pv,False
Cook Is,Solar photovoltaic,OnGrid,2002,0.01,0.01,False,pv,False
Cook Is,Solar photovoltaic,OnGrid,2003,0.01,0.01,False,pv,False
Cook Is,Solar photovoltaic,OnGrid,2004,0.01,0.01,False,pv,False
Cook Is,Solar photovoltaic,OnGrid,2005,0.01,0.01,False,pv,False
Cook Is,Solar photovoltaic,OnGrid,2006,0.01,0.01,False,pv,False
Cook Is,Solar photovoltaic,OnGrid,2007,0.01,0.01,False,pv,False
Cook Is,Solar photovoltaic,OnGrid,2008,0.01,0.01,False,pv,False
Cook Is,Solar photovoltaic,OnGrid,2009,0.01,0.01,False,pv,False
Cook Is,Solar photovoltaic,OnGrid,2010,0.01,0.01,False,pv,False
Cook Is,Solar photovoltaic,OnGrid,2011,0.01,0.01,False,pv,False
Cook Is,Solar photovoltaic,OnGrid,2012,0.01,0.01,False,pv,False
Cook Is,Solar photovoltaic,OnGrid,2013,0.66,0.66,False,pv,False
Cook Is,Solar photovoltaic,OnGrid,2014,1.62,1.62,False,pv,False
Cook Is,Solar photovoltaic,OnGrid,2015,2.85,2.85,False,pv,False
Cook Is,Solar photovoltaic,OnGrid,2016,2.96,2.96,False,pv,False
Cook Is,Solar photovoltaic,OnGrid,2017,2.96,2.96,False,pv,False
Cook Is,Solar photovoltaic,OnGrid,2018,2.96,2.96,False,pv,False
Cook Is,Solar photovoltaic,OnGrid,2019,2.96,2.96,False,pv,False
Cook Is,Solar photovoltaic,OnGrid,2020,2.96,2.96,False,pv,False
Cook Is,Solar photovoltaic,OnGrid,2021,2.96,2.96,False,pv,False
Cook Is,Solar photovoltaic,OnGrid,2022,2.96,2.96,False,pv,False
Cook Is,Solar photovoltaic,OnGrid,2023,2.96,2.96,False,pv,False
Cook Is,Solar photovoltaic,OnGrid,2024,2.96,2.96,False,pv,False
Cook Is,Onshore wind energy,OnGrid,2000,0.0,-,True,wind,False
Cook Is,Onshore wind energy,OnGrid,2001,0.0,-,True,wind,False
Cook Is,Onshore wind energy,OnGrid,2002,0.0,-,True,wind,False
Cook Is,Onshore wind energy,OnGrid,2003,0.04,0.04,False,wind,False
Cook Is,Onshore wind energy,OnGrid,2004,0.04,0.04,False,wind,False
Cook Is,Onshore wind energy,OnGrid,2005,0.04,0.04,False,wind,False
Cook Is,Onshore wind energy,OnGrid,2006,0.04,0.04,False,wind,False
Cook Is,Onshore wind energy,OnGrid,2007,0.04,0.04,False,wind,False
Cook Is,Onshore wind energy,OnGrid,2008,0.0,0,False,wind,False
Cook Is,Onshore wind energy,OnGrid,2009,0.0,0,False,wind,False
Cook Is,Onshore wind energy,OnGrid,2010,0.0,0,False,wind,False
Cook Is,Onshore wind energy,OnGrid,2011,0.0,0,False,wind,False
Cook Is,Onshore wind energy,OnGrid,2012,0.0,0,False,wind,False
Cook Is,Onshore wind energy,OnGrid,2013,0.0,0,False,wind,False
Cook Is,Onshore wind energy,OnGrid,2014,0.0,0,False,wind,False
Cook Is,Onshore wind energy,OnGrid,2015,0.0,0,False,wind,False
Cook Is,Onshore wind energy,OnGrid,2016,0.0,0,False,wind,False
Cook Is,Onshore wind energy,OnGrid,2017,0.0,0,False,wind,False
Cook Is,Onshore wind energy,OnGrid,2018,0.0,0,False,wind,False
Cook Is,Onshore wind energy,OnGrid,2019,0.0,0,False,wind,False
Cook Is,Onshore wind energy,OnGrid,2020,0.0,0,False,wind,False
Cook Is,Onshore wind energy,OnGrid,2021,0.0,0,False,wind,False
Cook Is,Onshore wind energy,OnGrid,2022,0.0,0,False,wind,False
Cook Is,Onshore wind energy,OnGrid,2023,0.0,-,True,wind,False
Cook Is,Onshore wind energy,OnGrid,2024,0.0,-,True,wind,False
Costa Rica,Solar photovoltaic,OnGrid,2000,0.0,-,True,pv,False
Costa Rica,Solar photovoltaic,OnGrid,2001,0.0,-,True,pv,False
Costa Rica,Solar photovoltaic,OnGrid,2002,0.0,-,True,pv,False
Costa Rica,Solar photovoltaic,OnGrid,2003,0.0,-,True,pv,False
Costa Rica,Solar photovoltaic,OnGrid,2004,0.0,-,True,pv,False
Costa Rica,Solar photovoltaic,OnGrid,2005,0.0,-,True,pv,False
Costa Rica,Solar photovoltaic,OnGrid,2006,0.0,-,True,pv,False
Costa Rica,Solar photovoltaic,OnGrid,2007,0.0,-,True,pv,False
Costa Rica,Solar photovoltaic,OnGrid,2008,0.0,-,True,pv,False
Costa Rica,Solar photovoltaic,OnGrid,2009,0.0,-,True,pv,False
Costa Rica,Solar photovoltaic,OnGrid,2010,0.0,0,False,pv,False
Costa Rica,Solar photovoltaic,OnGrid,2011,0.1,0.1,False,pv,False
Costa Rica,Solar photovoltaic,OnGrid,2012,1.36,1.36,False,pv,False
Costa Rica,Solar photovoltaic,OnGrid,2013,2.18,2.18,False,pv,False
Costa Rica,Solar photovoltaic,OnGrid,2014,4.39,4.39,False,pv,False
Costa Rica,Solar photovoltaic,OnGrid,2015,8.15,8.15,False,pv,False
Costa Rica,Solar photovoltaic,OnGrid,2016,12.81,12.81,False,pv,False
Costa Rica,Solar photovoltaic,OnGrid,2017,18.27,18.27,False,pv,False
Costa Rica,Solar photovoltaic,OnGrid,2018,31.17,31.17,False,pv,False
Costa Rica,Solar photovoltaic,OnGrid,2019,46.86,46.86,False,pv,False
Costa Rica,Solar photovoltaic,OnGrid,2020,55.15,55.15,False,pv,False
Costa Rica,Solar photovoltaic,OnGrid,2021,72.1,72.1,False,pv,False
Costa Rica,Solar photovoltaic,OnGrid,2022,72.1,72.1,False,pv,False
Costa Rica,Solar photovoltaic,OnGrid,2023,72.1,72.1,False,pv,False
Costa Rica,Solar photovoltaic,OnGrid,2024,72.1,72.1,False,pv,False
Costa Rica,Onshore wind energy,OnGrid,2000,42.45,42.45,False,wind,False
Costa Rica,Onshore wind energy,OnGrid,2001,62.25,62.25,False,wind,False
Costa Rica,Onshore wind energy,OnGrid,2002,62.25,62.25,False,wind,False
Costa Rica,Onshore wind energy,OnGrid,2003,68.55,68.55,False,wind,False
Costa Rica,Onshore wind energy,OnGrid,2004,68.55,68.55,False,wind,False
Costa Rica,Onshore wind energy,OnGrid,2005,68.55,68.55,False,wind,False
Costa Rica,Onshore wind energy,OnGrid,2006,68.55,68.55,False,wind,False
Costa Rica,Onshore wind energy,OnGrid,2007,69.92,69.92,False,wind,False
Costa Rica,Onshore wind energy,OnGrid,2008,69.92,69.92,False,wind,False
Costa Rica,Onshore wind energy,OnGrid,2009,119.63,119.63,False,wind,False
Costa Rica,Onshore wind energy,OnGrid,2010,119.63,119.63,False,wind,False
Costa Rica,Onshore wind energy,OnGrid,2011,132.79,132.79,False,wind,False
Costa Rica,Onshore wind energy,OnGrid,2012,148.09,148.09,False,wind,False
Costa Rica,Onshore wind energy,OnGrid,2013,148.09,148.09,False,wind,False
Costa Rica,Onshore wind energy,OnGrid,2014,196.47,196.47,False,wind,False
Costa Rica,Onshore wind energy,OnGrid,2015,278.15,278.15,False,wind,False
Costa Rica,Onshore wind energy,OnGrid,2016,319.15,319.15,False,wind,False
Costa Rica,Onshore wind energy,OnGrid,2017,377.83,377.83,False,wind,False
Costa Rica,Onshore wind energy,OnGrid,2018,407.78,407.78,False,wind,False
Costa Rica,Onshore wind energy,OnGrid,2019,410.92,410.92,False,wind,False
Costa Rica,Onshore wind energy,OnGrid,2020,393.52,393.52,False,wind,False
Costa Rica,Onshore wind energy,OnGrid,2021,390.22,390.22,False,wind,False
Costa Rica,Onshore wind energy,OnGrid,2022,390.22,390.22,False,wind,False
Costa Rica,Onshore wind energy,OnGrid,2023,407.62,407.62,False,wind,False
Costa Rica,Onshore wind energy,OnGrid,2024,402.34,402.34,False,wind,False
Cote d Ivoire,Solar photovoltaic,OnGrid,2000,0.0,-,True,pv,False
Cote d Ivoire,Solar photovoltaic,OnGrid,2001,0.0,-,True,pv,False
Cote d Ivoire,Solar photovoltaic,OnGrid,2002,0.0,-,True,pv,False
Cote d Ivoire,Solar photovoltaic,OnGrid,2003,0.0,-,True,pv,False
Cote d Ivoire,Solar photovoltaic,OnGrid,2004,0.0,-,True,pv,False
Cote d Ivoire,Solar photovoltaic,OnGrid,2005,0.0,-,True,pv,False
Cote d Ivoire,Solar photovoltaic,OnGrid,2006,0.0,-,True,pv,False
Cote d Ivoire,Solar photovoltaic,OnGrid,2007,0.0,-,True,pv,False
Cote d Ivoire,Solar photovoltaic,OnGrid,2008,0.0,-,True,pv,False
Cote d Ivoire,Solar photovoltaic,OnGrid,2009,0.0,-,True,pv,False
Cote d Ivoire,Solar photovoltaic,OnGrid,2010,0.0,-,True,pv,False
Cote d Ivoire,Solar photovoltaic,OnGrid,2011,0.0,-,True,pv,False
Cote d Ivoire,Solar photovoltaic,OnGrid,2012,0.0,-,True,pv,False
Cote d Ivoire,Solar photovoltaic,OnGrid,2013,0.0,-,True,pv,False
Cote d Ivoire,Solar photovoltaic,OnGrid,2014,0.0,-,True,pv,False
Cote d Ivoire,Solar photovoltaic,OnGrid,2015,0.0,-,True,pv,False
Cote d Ivoire,Solar photovoltaic,OnGrid,2016,0.0,-,True,pv,False
Cote d Ivoire,Solar photovoltaic,OnGrid,2017,0.0,-,True,pv,False
Cote d Ivoire,Solar photovoltaic,OnGrid,2018,0.0,-,True,pv,False
Cote d Ivoire,Solar photovoltaic,OnGrid,2019,0.0,-,True,pv,False
Cote d Ivoire,Solar photovoltaic,OnGrid,2020,0.0,-,True,pv,False
Cote d Ivoire,Solar photovoltaic,OnGrid,2021,0.0,-,True,pv,False
Cote d Ivoire,Solar photovoltaic,OnGrid,2022,0.0,-,True,pv,False
Cote d Ivoire,Solar photovoltaic,OnGrid,2023,30.0,30,False,pv,False
Cote d Ivoire,Solar photovoltaic,OnGrid,2024,30.0,30,False,pv,False
Cote d Ivoire,Onshore wind energy,OnGrid,2000,0.0,-,True,wind,False
Cote d Ivoire,Onshore wind energy,OnGrid,2001,0.0,-,True,wind,False
Cote d Ivoire,Onshore wind energy,OnGrid,2002,0.0,-,True,wind,False
Cote d Ivoire,Onshore wind energy,OnGrid,2003,0.0,-,True,wind,False
Cote d Ivoire,Onshore wind energy,OnGrid,2004,0.0,-,True,wind,False
Cote d Ivoire,Onshore wind energy,OnGrid,2005,0.0,-,True,wind,False
Cote d Ivoire,Onshore wind energy,OnGrid,2006,0.0,-,True,wind,False
Cote d Ivoire,Onshore wind energy,OnGrid,2007,0.0,-,True,wind,False
Cote d Ivoire,Onshore wind energy,OnGrid,2008,0.0,-,True,wind,False
Cote d Ivoire,Onshore wind energy,OnGrid,2009,0.0,-,True,wind,False
Cote d Ivoire,Onshore wind energy,OnGrid,2010,0.0,-,True,wind,False
Cote d Ivoire,Onshore wind energy,OnGrid,2011,0.0,-,True,wind,False
Cote d Ivoire,Onshore wind energy,OnGrid,2012,0.0,-,True,wind,False
Cote d Ivoire,Onshore wind energy,OnGrid,2013,0.0,-,True,wind,False
Cote d Ivoire,Onshore wind energy,OnGrid,2014,0.0,-,True,wind,False
Cote d Ivoire,Onshore wind energy,OnGrid,2015,0.0,-,True,wind,False
Cote d Ivoire,Onshore wind energy,OnGrid,2016,0.0,-,True,wind,False
Cote d Ivoire,Onshore wind energy,OnGrid,2017,0.0,-,True,wind,False
Cote d Ivoire,Onshore wind energy,OnGrid,2018,0.0,-,True,wind,False
Cote d Ivoire,Onshore wind energy,OnGrid,2019,0.0,-,True,wind,False
Cote d Ivoire,Onshore wind energy,OnGrid,2020,0.0,-,True,wind,False
Cote d Ivoire,Onshore wind energy,OnGrid,2021,0.0,-,True,wind,False
Cote d Ivoire,Onshore wind energy,OnGrid,2022,0.0,-,True,wind,False
Cote d Ivoire,Onshore wind energy,OnGrid,2023,0.0,-,True,wind,False
Cote d Ivoire,Onshore wind energy,OnGrid,2024,0.0,-,True,wind,False
Croatia,Solar photovoltaic,OnGrid,2000,0.0,-,True,pv,False
Croatia,Solar photovoltaic,OnGrid,2001,0.0,-,True,pv,False
Croatia,Solar photovoltaic,OnGrid,2002,0.0,-,True,pv,False
Croatia,Solar photovoltaic,OnGrid,2003,0.0,-,True,pv,False
Croatia,Solar photovoltaic,OnGrid,2004,0.0,-,True,pv,False
Croatia,Solar photovoltaic,OnGrid,2005,0.0,-,True,pv,False
Croatia,Solar photovoltaic,OnGrid,2006,0.0,-,True,pv,False
Croatia,Solar photovoltaic,OnGrid,2007,0.0,-,True,pv,False
Croatia,Solar photovoltaic,OnGrid,2008,0.0,-,True,pv,False
Croatia,Solar photovoltaic,OnGrid,2009,0.3,0.3,False,pv,False
Croatia,Solar photovoltaic,OnGrid,2010,0.3,0.3,False,pv,False
Croatia,Solar photovoltaic,OnGrid,2011,0.3,0.3,False,pv,False
Croatia,Solar photovoltaic,OnGrid,2012,4.0,4,False,pv,False
Croatia,Solar photovoltaic,OnGrid,2013,19.0,19,False,pv,False
Croatia,Solar photovoltaic,OnGrid,2014,33.0,33,False,pv,False
Croatia,Solar photovoltaic,OnGrid,2015,47.8,47.8,False,pv,False
Croatia,Solar photovoltaic,OnGrid,2016,55.8,55.8,False,pv,False
Croatia,Solar photovoltaic,OnGrid,2017,60.0,60,False,pv,False
Croatia,Solar photovoltaic,OnGrid,2018,67.7,67.7,False,pv,False
Croatia,Solar photovoltaic,OnGrid,2019,84.8,84.8,False,pv,False
Croatia,Solar photovoltaic,OnGrid,2020,108.5,108.5,False,pv,False
Croatia,Solar photovoltaic,OnGrid,2021,138.3,138.3,False,pv,False
Croatia,Solar photovoltaic,OnGrid,2022,222.0,222,False,pv,False
Croatia,Solar photovoltaic,OnGrid,2023,462.5,462.5,False,pv,False
Croatia,Solar photovoltaic,OnGrid,2024,901.8,901.8,False,pv,False
Croatia,Onshore wind energy,OnGrid,2000,0.0,-,True,wind,False
Croatia,Onshore wind energy,OnGrid,2001,0.0,-,True,wind,False
Croatia,Onshore wind energy,OnGrid,2002,0.0,-,True,wind,False
Croatia,Onshore wind energy,OnGrid,2003,0.0,-,True,wind,False
Croatia,Onshore wind energy,OnGrid,2004,6.0,6,False,wind,False
Croatia,Onshore wind energy,OnGrid,2005,6.0,6,False,wind,False
Croatia,Onshore wind energy,OnGrid,2006,17.0,17,False,wind,False
Croatia,Onshore wind energy,OnGrid,2007,17.0,17,False,wind,False
Croatia,Onshore wind energy,OnGrid,2008,17.0,17,False,wind,False
Croatia,Onshore wind energy,OnGrid,2009,70.0,70,False,wind,False
Croatia,Onshore wind energy,OnGrid,2010,79.0,79,False,wind,False
Croatia,Onshore wind energy,OnGrid,2011,130.0,130,False,wind,False
Croatia,Onshore wind energy,OnGrid,2012,180.0,180,False,wind,False
Croatia,Onshore wind energy,OnGrid,2013,254.0,254,False,wind,False
Croatia,Onshore wind energy,OnGrid,2014,339.0,339,False,wind,False
Croatia,Onshore wind energy,OnGrid,2015,418.0,418,False,wind,False
Croatia,Onshore wind energy,OnGrid,2016,483.0,483,False,wind,False
Croatia,Onshore wind energy,OnGrid,2017,576.1,576.1,False,wind,False
Croatia,Onshore wind energy,OnGrid,2018,586.3,586.3,False,wind,False
Croatia,Onshore wind energy,OnGrid,2019,646.3,646.3,False,wind,False
Croatia,Onshore wind energy,OnGrid,2020,801.3,801.3,False,wind,False
Croatia,Onshore wind energy,OnGrid,2021,986.9,986.9,False,wind,False
Croatia,Onshore wind energy,OnGrid,2022,986.9,986.9,False,wind,False
Croatia,Onshore wind energy,OnGrid,2023,1160.2,1160.2,False,wind,False
Croatia,Onshore wind energy,OnGrid,2024,1303.2,1303.2,False,wind,False
Cuba,Solar photovoltaic,OnGrid,2000,0.0,-,True,pv,False
Cuba,Solar photovoltaic,OnGrid,2001,0.0,-,True,pv,False
Cuba,Solar photovoltaic,OnGrid,2002,0.0,-,True,pv,False
Cuba,Solar photovoltaic,OnGrid,2003,0.0,-,True,pv,False
Cuba,Solar photovoltaic,OnGrid,2004,0.0,-,True,pv,False
Cuba,Solar photovoltaic,OnGrid,2005,0.0,-,True,pv,False
Cuba,Solar photovoltaic,OnGrid,2006,0.0,-,True,pv,False
Cuba,Solar photovoltaic,OnGrid,2007,0.0,-,True,pv,False
Cuba,Solar photovoltaic,OnGrid,2008,0.0,-,True,pv,False
Cuba,Solar photovoltaic,OnGrid,2009,0.0,-,True,pv,False
Cuba,Solar photovoltaic,OnGrid,2010,0.0,-,True,pv,False
Cuba,Solar photovoltaic,OnGrid,2011,0.0,-,True,pv,False
Cuba,Solar photovoltaic,OnGrid,2012,0.6,0.6,False,pv,False
Cuba,Solar photovoltaic,OnGrid,2013,6.15,6.15,False,pv,False
Cuba,Solar photovoltaic,OnGrid,2014,7.25,7.25,False,pv,False
Cuba,Solar photovoltaic,OnGrid,2015,17.95,17.95,False,pv,False
Cuba,Solar photovoltaic,OnGrid,2016,31.05,31.05,False,pv,False
Cuba,Solar photovoltaic,OnGrid,2017,69.55,69.55,False,pv,False
Cuba,Solar photovoltaic,OnGrid,2018,123.45,123.45,False,pv,False
Cuba,Solar photovoltaic,OnGrid,2019,143.65,143.65,False,pv,False
Cuba,Solar photovoltaic,OnGrid,2020,205.95,205.95,False,pv,False
Cuba,Solar photovoltaic,OnGrid,2021,238.25,238.25,False,pv,False
Cuba,Solar photovoltaic,OnGrid,2022,259.45,259.45,False,pv,False
Cuba,Solar photovoltaic,OnGrid,2023,271.95,271.95,False,pv,False
Cuba,Solar photovoltaic,OnGrid,2024,384.0,384,False,pv,False
Cuba,Onshore wind energy,OnGrid,2000,0.5,0.5,False,wind,False
Cuba,Onshore wind energy,OnGrid,2001,0.5,0.5,False,wind,False
Cuba,Onshore wind energy,OnGrid,2002,0.5,0.5,False,wind,False
Cuba,Onshore wind energy,OnGrid,2003,0.5,0.5,False,wind,False
Cuba,Onshore wind energy,OnGrid,2004,0.5,0.5,False,wind,False
Cuba,Onshore wind energy,OnGrid,2005,4.3,4.3,False,wind,False
Cuba,Onshore wind energy,OnGrid,2006,4.3,4.3,False,wind,False
Cuba,Onshore wind energy,OnGrid,2007,5.95,5.95,False,wind,False
Cuba,Onshore wind energy,OnGrid,2008,11.05,11.05,False,wind,False
Cuba,Onshore wind energy,OnGrid,2009,11.05,11.05,False,wind,False
Cuba,Onshore wind energy,OnGrid,2010,15.55,15.55,False,wind,False
Cuba,Onshore wind energy,OnGrid,2011,15.55,15.55,False,wind,False
Cuba,Onshore wind energy,OnGrid,2012,15.55,15.55,False,wind,False
Cuba,Onshore wind energy,OnGrid,2013,15.55,15.55,False,wind,False
Cuba,Onshore wind energy,OnGrid,2014,15.55,15.55,False,wind,False
Cuba,Onshore wind energy,OnGrid,2015,15.55,15.55,False,wind,False
Cuba,Onshore wind energy,OnGrid,2016,15.55,15.55,False,wind,False
Cuba,Onshore wind energy,OnGrid,2017,15.55,15.55,False,wind,False
Cuba,Onshore wind energy,OnGrid,2018,15.55,15.55,False,wind,False
Cuba,Onshore wind energy,OnGrid,2019,15.55,15.55,False,wind,False
Cuba,Onshore wind energy,OnGrid,2020,15.55,15.55,False,wind,False
Cuba,Onshore wind energy,OnGrid,2021,15.55,15.55,False,wind,False
Cuba,Onshore wind energy,OnGrid,2022,15.55,15.55,False,wind,False
Cuba,Onshore wind energy,OnGrid,2023,15.55,15.55,False,wind,False
Cuba,Onshore wind energy,OnGrid,2024,15.55,15.55,False,wind,False
Curacao,Solar photovoltaic,OnGrid,2000,0.02,0.02,False,pv,False
Curacao,Solar photovoltaic,OnGrid,2001,0.02,0.02,False,pv,False
Curacao,Solar photovoltaic,OnGrid,2002,0.02,0.02,False,pv,False
Curacao,Solar photovoltaic,OnGrid,2003,0.02,0.02,False,pv,False
Curacao,Solar photovoltaic,OnGrid,2004,0.02,0.02,False,pv,False
Curacao,Solar photovoltaic,OnGrid,2005,0.02,0.02,False,pv,False
Curacao,Solar photovoltaic,OnGrid,2006,0.02,0.02,False,pv,False
Curacao,Solar photovoltaic,OnGrid,2007,0.02,0.02,False,pv,False
Curacao,Solar photovoltaic,OnGrid,2008,0.02,0.02,False,pv,False
Curacao,Solar photovoltaic,OnGrid,2009,0.02,0.02,False,pv,False
Curacao,Solar photovoltaic,OnGrid,2010,0.02,0.02,False,pv,False
Curacao,Solar photovoltaic,OnGrid,2011,0.02,0.02,False,pv,False
Curacao,Solar photovoltaic,OnGrid,2012,0.12,0.12,False,pv,False
Curacao,Solar photovoltaic,OnGrid,2013,3.12,3.12,False,pv,False
Curacao,Solar photovoltaic,OnGrid,2014,7.72,7.72,False,pv,False
Curacao,Solar photovoltaic,OnGrid,2015,10.12,10.12,False,pv,False
Curacao,Solar photovoltaic,OnGrid,2016,11.12,11.12,False,pv,False
Curacao,Solar photovoltaic,OnGrid,2017,11.12,11.12,False,pv,False
Curacao,Solar photovoltaic,OnGrid,2018,11.92,11.92,False,pv,False
Curacao,Solar photovoltaic,OnGrid,2019,11.92,11.92,False,pv,False
Curacao,Solar photovoltaic,OnGrid,2020,13.22,13.22,False,pv,False
Curacao,Solar photovoltaic,OnGrid,2021,13.22,13.22,False,pv,False
Curacao,Solar photovoltaic,OnGrid,2022,13.22,13.22,False,pv,False
Curacao,Solar photovoltaic,OnGrid,2023,13.36,13.36,False,pv,False
Curacao,Solar photovoltaic,OnGrid,2024,14.36,14.36,False,pv,False
Curacao,Onshore wind energy,OnGrid,2000,12.0,12,False,wind,False
Curacao,Onshore wind energy,OnGrid,2001,12.0,12,False,wind,False
Curacao,Onshore wind energy,OnGrid,2002,12.0,12,False,wind,False
Curacao,Onshore wind energy,OnGrid,2003,12.0,12,False,wind,False
Curacao,Onshore wind energy,OnGrid,2004,12.0,12,False,wind,False
Curacao,Onshore wind energy,OnGrid,2005,12.0,12,False,wind,False
Curacao,Onshore wind energy,OnGrid,2006,12.0,12,False,wind,False
Curacao,Onshore wind energy,OnGrid,2007,12.0,12,False,wind,False
Curacao,Onshore wind energy,OnGrid,2008,12.0,12,False,wind,False
Curacao,Onshore wind energy,OnGrid,2009,12.0,12,False,wind,False
Curacao,Onshore wind energy,OnGrid,2010,12.0,12,False,wind,False
Curacao,Onshore wind energy,OnGrid,2011,12.0,12,False,wind,False
Curacao,Onshore wind energy,OnGrid,2012,30.0,30,False,wind,False
Curacao,Onshore wind energy,OnGrid,2013,30.0,30,False,wind,False
Curacao,Onshore wind energy,OnGrid,2014,30.0,30,False,wind,False
Curacao,Onshore wind energy,OnGrid,2015,30.0,30,False,wind,False
Curacao,Onshore wind energy,OnGrid,2016,30.0,30,False,wind,False
Curacao,Onshore wind energy,OnGrid,2017,47.25,47.25,False,wind,False
Curacao,Onshore wind energy,OnGrid,2018,47.25,47.25,False,wind,False
Curacao,Onshore wind energy,OnGrid,2019,47.25,47.25,False,wind,False
Curacao,Onshore wind energy,OnGrid,2020,47.25,47.25,False,wind,False
Curacao,Onshore wind energy,OnGrid,2021,47.25,47.25,False,wind,False
Curacao,Onshore wind energy,OnGrid,2022,47.25,47.25,False,wind,False
Curacao,Onshore wind energy,OnGrid,2023,47.25,47.25,False,wind,False
Curacao,Onshore wind energy,OnGrid,2024,69.75,69.75,False,wind,False
Cyprus,Solar photovoltaic,OnGrid,2000,0.0,-,True,pv,False
Cyprus,Solar photovoltaic,OnGrid,2001,0.0,-,True,pv,False
Cyprus,Solar photovoltaic,OnGrid,2002,0.0,-,True,pv,False
Cyprus,Solar photovoltaic,OnGrid,2003,0.0,-,True,pv,False
Cyprus,Solar photovoltaic,OnGrid,2004,1.0,1,False,pv,False
Cyprus,Solar photovoltaic,OnGrid,2005,1.0,1,False,pv,False
Cyprus,Solar photovoltaic,OnGrid,2006,1.0,1,False,pv,False
Cyprus,Solar photovoltaic,OnGrid,2007,1.0,1,False,pv,False
Cyprus,Solar photovoltaic,OnGrid,2008,2.0,2,False,pv,False
Cyprus,Solar photovoltaic,OnGrid,2009,4.0,4,False,pv,False
Cyprus,Solar photovoltaic,OnGrid,2010,7.0,7,False,pv,False
Cyprus,Solar photovoltaic,OnGrid,2011,10.0,10,False,pv,False
Cyprus,Solar photovoltaic,OnGrid,2012,17.0,17,False,pv,False
Cyprus,Solar photovoltaic,OnGrid,2013,35.0,35,False,pv,False
Cyprus,Solar photovoltaic,OnGrid,2014,64.0,64,False,pv,False
Cyprus,Solar photovoltaic,OnGrid,2015,76.0,76,False,pv,False
Cyprus,Solar photovoltaic,OnGrid,2016,84.0,84,False,pv,False
Cyprus,Solar photovoltaic,OnGrid,2017,110.05,110.05,False,pv,False
Cyprus,Solar photovoltaic,OnGrid,2018,118.48,118.48,False,pv,False
Cyprus,Solar photovoltaic,OnGrid,2019,151.26,151.26,False,pv,False
Cyprus,Solar photovoltaic,OnGrid,2020,229.13,229.13,False,pv,False
Cyprus,Solar photovoltaic,OnGrid,2021,314.52,314.52,False,pv,False
Cyprus,Solar photovoltaic,OnGrid,2022,424.09,424.09,False,pv,False
Cyprus,Solar photovoltaic,OnGrid,2023,580.72,580.72,False,pv,False
Cyprus,Solar photovoltaic,OnGrid,2024,751.26,751.26,False,pv,False
Cyprus,Onshore wind energy,OnGrid,2000,0.0,-,True,wind,False
Cyprus,Onshore wind energy,OnGrid,2001,0.0,-,True,wind,False
Cyprus,Onshore wind energy,OnGrid,2002,0.0,-,True,wind,False
Cyprus,Onshore wind energy,OnGrid,2003,0.0,-,True,wind,False
Cyprus,Onshore wind energy,OnGrid,2004,0.23,0.23,False,wind,False
Cyprus,Onshore wind energy,OnGrid,2005,0.23,0.23,False,wind,False
Cyprus,Onshore wind energy,OnGrid,2006,0.23,0.23,False,wind,False
Cyprus,Onshore wind energy,OnGrid,2007,0.23,0.23,False,wind,False
Cyprus,Onshore wind energy,OnGrid,2008,0.23,0.23,False,wind,False
Cyprus,Onshore wind energy,OnGrid,2009,0.23,0.23,False,wind,False
Cyprus,Onshore wind energy,OnGrid,2010,82.23,82.23,False,wind,False
Cyprus,Onshore wind energy,OnGrid,2011,134.23,134.23,False,wind,False
Cyprus,Onshore wind energy,OnGrid,2012,147.23,147.23,False,wind,False
Cyprus,Onshore wind energy,OnGrid,2013,147.23,147.23,False,wind,False
Cyprus,Onshore wind energy,OnGrid,2014,147.23,147.23,False,wind,False
Cyprus,Onshore wind energy,OnGrid,2015,157.73,157.73,False,wind,False
Cyprus,Onshore wind energy,OnGrid,2016,157.73,157.73,False,wind,False
Cyprus,Onshore wind energy,OnGrid,2017,157.73,157.73,False,wind,False
Cyprus,Onshore wind energy,OnGrid,2018,157.73,157.73,False,wind,False
Cyprus,Onshore wind energy,OnGrid,2019,157.73,157.73,False,wind,False
Cyprus,Onshore wind energy,OnGrid,2020,157.73,157.73,False,wind,False
Cyprus,Onshore wind energy,OnGrid,2021,157.5,157.5,False,wind,False
Cyprus,Onshore wind energy,OnGrid,2022,157.5,157.5,False,wind,False
Cyprus,Onshore wind energy,OnGrid,2023,157.5,157.5,False,wind,False
Cyprus,Onshore wind energy,OnGrid,2024,157.5,157.5,False,wind,False
Czechia,Solar photovoltaic,OnGrid,2000,0.07,0.07,False,pv,False
Czechia,Solar photovoltaic,OnGrid,2001,0.12,0.12,False,pv,False
Czechia,Solar photovoltaic,OnGrid,2002,0.16,0.16,False,pv,False
Czechia,Solar photovoltaic,OnGrid,2003,0.29,0.29,False,pv,False
Czechia,Solar photovoltaic,OnGrid,2004,0.41,0.41,False,pv,False
Czechia,Solar photovoltaic,OnGrid,2005,0.59,0.59,False,pv,False
Czechia,Solar photovoltaic,OnGrid,2006,0.84,0.84,False,pv,False
Czechia,Solar photovoltaic,OnGrid,2007,3.96,3.96,False,pv,False
Czechia,Solar photovoltaic,OnGrid,2008,39.5,39.5,False,pv,False
Czechia,Solar photovoltaic,OnGrid,2009,464.6,464.6,False,pv,False
Czechia,Solar photovoltaic,OnGrid,2010,1727.0,1727,False,pv,False
Czechia,Solar photovoltaic,OnGrid,2011,1909.35,1909.35,False,pv,False
Czechia,Solar photovoltaic,OnGrid,2012,2014.16,2014.16,False,pv,False
Czechia,Solar photovoltaic,OnGrid,2013,2052.95,2052.95,False,pv,False
Czechia,Solar photovoltaic,OnGrid,2014,2056.46,2056.46,False,pv,False
Czechia,Solar photovoltaic,OnGrid,2015,2063.04,2063.04,False,pv,False
Czechia,Solar photovoltaic,OnGrid,2016,2055.41,2055.41,False,pv,False
Czechia,Solar photovoltaic,OnGrid,2017,2061.91,2061.91,False,pv,False
Czechia,Solar photovoltaic,OnGrid,2018,2067.52,2067.52,False,pv,False
Czechia,Solar photovoltaic,OnGrid,2019,2084.85,2084.85,False,pv,False
Czechia,Solar photovoltaic,OnGrid,2020,2124.18,2124.18,False,pv,False
Czechia,Solar photovoltaic,OnGrid,2021,2176.67,2176.67,False,pv,False
Czechia,Solar photovoltaic,OnGrid,2022,2403.76,2403.76,False,pv,False
Czechia,Solar photovoltaic,OnGrid,2023,3239.4,3239.4,False,pv,False
Czechia,Solar photovoltaic,OnGrid,2024,3984.21,3984.21,False,pv,False
Czechia,Onshore wind energy,OnGrid,2000,2.0,2,False,wind,False
Czechia,Onshore wind energy,OnGrid,2001,0.0,-,True,wind,False
Czechia,Onshore wind energy,OnGrid,2002,6.4,6.4,False,wind,False
Czechia,Onshore wind energy,OnGrid,2003,10.6,10.6,False,wind,False
Czechia,Onshore wind energy,OnGrid,2004,16.5,16.5,False,wind,False
Czechia,Onshore wind energy,OnGrid,2005,22.0,22,False,wind,False
Czechia,Onshore wind energy,OnGrid,2006,43.5,43.5,False,wind,False
Czechia,Onshore wind energy,OnGrid,2007,113.8,113.8,False,wind,False
Czechia,Onshore wind energy,OnGrid,2008,150.0,150,False,wind,False
Czechia,Onshore wind energy,OnGrid,2009,193.0,193,False,wind,False
Czechia,Onshore wind energy,OnGrid,2010,213.0,213,False,wind,False
Czechia,Onshore wind energy,OnGrid,2011,213.0,213,False,wind,False
Czechia,Onshore wind energy,OnGrid,2012,258.0,258,False,wind,False
Czechia,Onshore wind energy,OnGrid,2013,262.0,262,False,wind,False
Czechia,Onshore wind energy,OnGrid,2014,278.0,278,False,wind,False
Czechia,Onshore wind energy,OnGrid,2015,281.0,281,False,wind,False
Czechia,Onshore wind energy,OnGrid,2016,282.0,282,False,wind,False
Czechia,Onshore wind energy,OnGrid,2017,308.21,308.21,False,wind,False
Czechia,Onshore wind energy,OnGrid,2018,316.2,316.2,False,wind,False
Czechia,Onshore wind energy,OnGrid,2019,339.41,339.41,False,wind,False
Czechia,Onshore wind energy,OnGrid,2020,339.42,339.42,False,wind,False
Czechia,Onshore wind energy,OnGrid,2021,339.41,339.41,False,wind,False
Czechia,Onshore wind energy,OnGrid,2022,339.1,339.1,False,wind,False
Czechia,Onshore wind energy,OnGrid,2023,342.5,342.5,False,wind,False
Czechia,Onshore wind energy,OnGrid,2024,363.1,363.1,False,wind,False
Denmark,Solar photovoltaic,OnGrid,2000,1.0,1,False,pv,False
Denmark,Solar photovoltaic,OnGrid,2001,1.0,1,False,pv,False
Denmark,Solar photovoltaic,OnGrid,2002,2.0,2,False,pv,False
Denmark,Solar photovoltaic,OnGrid,2003,2.0,2,False,pv,False
Denmark,Solar photovoltaic,OnGrid,2004,2.0,2,False,pv,False
Denmark,Solar photovoltaic,OnGrid,2005,3.0,3,False,pv,False
Denmark,Solar photovoltaic,OnGrid,2006,3.0,3,False,pv,False
Denmark,Solar photovoltaic,OnGrid,2007,3.0,3,False,pv,False
Denmark,Solar photovoltaic,OnGrid,2008,3.0,3,False,pv,False
Denmark,Solar photovoltaic,OnGrid,2009,5.0,5,False,pv,False
Denmark,Solar photovoltaic,OnGrid,2010,7.0,7,False,pv,False
Denmark,Solar photovoltaic,OnGrid,2011,17.0,17,False,pv,False
Denmark,Solar photovoltaic,OnGrid,2012,402.0,402,False,pv,False
Denmark,Solar photovoltaic,OnGrid,2013,571.0,571,False,pv,False
Denmark,Solar photovoltaic,OnGrid,2014,606.69,606.69,False,pv,False
Denmark,Solar photovoltaic,OnGrid,2015,782.11,782.11,False,pv,False
Denmark,Solar photovoltaic,OnGrid,2016,850.95,850.95,False,pv,False
Denmark,Solar photovoltaic,OnGrid,2017,906.35,906.35,False,pv,False
Denmark,Solar photovoltaic,OnGrid,2018,998.0,998,False,pv,False
Denmark,Solar photovoltaic,OnGrid,2019,1080.0,1080,False,pv,False
Denmark,Solar photovoltaic,OnGrid,2020,1304.3,1304.3,False,pv,False
Denmark,Solar photovoltaic,OnGrid,2021,1704.04,1704.04,False,pv,False
Denmark,Solar photovoltaic,OnGrid,2022,3069.9,3069.9,False,pv,False
Denmark,Solar photovoltaic,OnGrid,2023,3529.0,3529,False,pv,False
Denmark,Solar photovoltaic,OnGrid,2024,3945.0,3945,False,pv,False
Denmark,Onshore wind energy,OnGrid,2000,2340.07,2340.07,False,wind,False
Denmark,Onshore wind energy,OnGrid,2001,2447.2,2447.2,False,wind,False
Denmark,Onshore wind energy,OnGrid,2002,2680.58,2680.58,False,wind,False
Denmark,Onshore wind energy,OnGrid,2003,2696.57,2696.57,False,wind,False
Denmark,Onshore wind energy,OnGrid,2004,2700.36,2700.36,False,wind,False
Denmark,Onshore wind energy,OnGrid,2005,2704.49,2704.49,False,wind,False
Denmark,Onshore wind energy,OnGrid,2006,2712.35,2712.35,False,wind,False
Denmark,Onshore wind energy,OnGrid,2007,2700.86,2700.86,False,wind,False
Denmark,Onshore wind energy,OnGrid,2008,2739.52,2739.52,False,wind,False
Denmark,Onshore wind energy,OnGrid,2009,2821.24,2821.24,False,wind,False
Denmark,Onshore wind energy,OnGrid,2010,2933.98,2933.98,False,wind,False
Denmark,Onshore wind energy,OnGrid,2011,3080.53,3080.53,False,wind,False
Denmark,Onshore wind energy,OnGrid,2012,3240.09,3240.09,False,wind,False
Denmark,Onshore wind energy,OnGrid,2013,3547.87,3547.87,False,wind,False
Denmark,Onshore wind energy,OnGrid,2014,3615.35,3615.35,False,wind,False
Denmark,Onshore wind energy,OnGrid,2015,3805.92,3805.92,False,wind,False
Denmark,Onshore wind energy,OnGrid,2016,3974.09,3974.09,False,wind,False
Denmark,Onshore wind energy,OnGrid,2017,4225.15,4225.15,False,wind,False
Denmark,Onshore wind energy,OnGrid,2018,4421.86,4421.86,False,wind,False
Denmark,Onshore wind energy,OnGrid,2019,4409.74,4409.74,False,wind,False
Denmark,Onshore wind energy,OnGrid,2020,4557.64,4557.64,False,wind,False
Denmark,Onshore wind energy,OnGrid,2021,4698.25,4698.25,False,wind,False
Denmark,Onshore wind energy,OnGrid,2022,4804.27,4804.27,False,wind,False
Denmark,Onshore wind energy,OnGrid,2023,4821.73,4821.73,False,wind,False
Denmark,Onshore wind energy,OnGrid,2024,4868.0,4868,False,wind,False
Djibouti,Solar photovoltaic,OnGrid,2000,0.0,-,True,pv,False
Djibouti,Solar photovoltaic,OnGrid,2001,0.0,-,True,pv,False
Djibouti,Solar photovoltaic,OnGrid,2002,0.0,-,True,pv,False
Djibouti,Solar photovoltaic,OnGrid,2003,0.0,-,True,pv,False
Djibouti,Solar photovoltaic,OnGrid,2004,0.0,-,True,pv,False
Djibouti,Solar photovoltaic,OnGrid,2005,0.0,-,True,pv,False
Djibouti,Solar photovoltaic,OnGrid,2006,0.0,-,True,pv,False
Djibouti,Solar photovoltaic,OnGrid,2007,0.0,-,True,pv,False
Djibouti,Solar photovoltaic,OnGrid,2008,0.0,-,True,pv,False
Djibouti,Solar photovoltaic,OnGrid,2009,0.0,-,True,pv,False
Djibouti,Solar photovoltaic,OnGrid,2010,0.0,-,True,pv,False
Djibouti,Solar photovoltaic,OnGrid,2011,0.0,-,True,pv,False
Djibouti,Solar photovoltaic,OnGrid,2012,0.0,-,True,pv,False
Djibouti,Solar photovoltaic,OnGrid,2013,0.0,-,True,pv,False
Djibouti,Solar photovoltaic,OnGrid,2014,0.0,-,True,pv,False
Djibouti,Solar photovoltaic,OnGrid,2015,0.0,-,True,pv,False
Djibouti,Solar photovoltaic,OnGrid,2016,0.0,-,True,pv,False
Djibouti,Solar photovoltaic,OnGrid,2017,0.0,-,True,pv,False
Djibouti,Solar photovoltaic,OnGrid,2018,0.0,-,True,pv,False
Djibouti,Solar photovoltaic,OnGrid,2019,0.0,-,True,pv,False
Djibouti,Solar photovoltaic,OnGrid,2020,0.0,-,True,pv,False
Djibouti,Solar photovoltaic,OnGrid,2021,0.0,-,True,pv,False
Djibouti,Solar photovoltaic,OnGrid,2022,0.0,-,True,pv,False
Djibouti,Solar photovoltaic,OnGrid,2023,0.0,-,True,pv,False
Djibouti,Solar photovoltaic,OnGrid,2024,0.0,-,True,pv,False
Djibouti,Onshore wind energy,OnGrid,2000,0.0,-,True,wind,False
Djibouti,Onshore wind energy,OnGrid,2001,0.0,-,True,wind,False
Djibouti,Onshore wind energy,OnGrid,2002,0.0,-,True,wind,False
Djibouti,Onshore wind energy,OnGrid,2003,0.0,-,True,wind,False
Djibouti,Onshore wind energy,OnGrid,2004,0.0,-,True,wind,False
Djibouti,Onshore wind energy,OnGrid,2005,0.0,-,True,wind,False
Djibouti,Onshore wind energy,OnGrid,2006,0.0,-,True,wind,False
Djibouti,Onshore wind energy,OnGrid,2007,0.0,-,True,wind,False
Djibouti,Onshore wind energy,OnGrid,2008,0.0,-,True,wind,False
Djibouti,Onshore wind energy,OnGrid,2009,0.0,-,True,wind,False
Djibouti,Onshore wind energy,OnGrid,2010,0.0,-,True,wind,False
Djibouti,Onshore wind energy,OnGrid,2011,0.0,-,True,wind,False
Djibouti,Onshore wind energy,OnGrid,2012,0.0,-,True,wind,False
Djibouti,Onshore wind energy,OnGrid,2013,0.0,-,True,wind,False
Djibouti,Onshore wind energy,OnGrid,2014,0.0,-,True,wind,False
Djibouti,Onshore wind energy,OnGrid,2015,0.0,-,True,wind,False
Djibouti,Onshore wind energy,OnGrid,2016,0.0,-,True,wind,False
Djibouti,Onshore wind energy,OnGrid,2017,0.0,-,True,wind,False
Djibouti,Onshore wind energy,OnGrid,2018,0.0,-,True,wind,False
Djibouti,Onshore wind energy,OnGrid,2019,0.0,-,True,wind,False
Djibouti,Onshore wind energy,OnGrid,2020,0.0,-,True,wind,False
Djibouti,Onshore wind energy,OnGrid,2021,0.0,-,True,wind,False
Djibouti,Onshore wind energy,OnGrid,2022,0.0,-,True,wind,False
Djibouti,Onshore wind energy,OnGrid,2023,60.0,60,False,wind,False
Djibouti,Onshore wind energy,OnGrid,2024,60.0,60,False,wind,False
Dominica,Solar photovoltaic,OnGrid,2000,0.08,0.08,False,pv,False
Dominica,Solar photovoltaic,OnGrid,2001,0.08,0.08,False,pv,False
Dominica,Solar photovoltaic,OnGrid,2002,0.09,0.09,False,pv,False
Dominica,Solar photovoltaic,OnGrid,2003,0.09,0.09,False,pv,False
Dominica,Solar photovoltaic,OnGrid,2004,0.1,0.1,False,pv,False
Dominica,Solar photovoltaic,OnGrid,2005,0.1,0.1,False,pv,False
Dominica,Solar photovoltaic,OnGrid,2006,0.12,0.12,False,pv,False
Dominica,Solar photovoltaic,OnGrid,2007,0.18,0.18,False,pv,False
Dominica,Solar photovoltaic,OnGrid,2008,0.2,0.2,False,pv,False
Dominica,Solar photovoltaic,OnGrid,2009,0.21,0.21,False,pv,False
Dominica,Solar photovoltaic,OnGrid,2010,0.22,0.22,False,pv,False
Dominica,Solar photovoltaic,OnGrid,2011,0.22,0.22,False,pv,False
Dominica,Solar photovoltaic,OnGrid,2012,0.23,0.23,False,pv,False
Dominica,Solar photovoltaic,OnGrid,2013,0.23,0.23,False,pv,False
Dominica,Solar photovoltaic,OnGrid,2014,0.23,0.23,False,pv,False
Dominica,Solar photovoltaic,OnGrid,2015,0.23,0.23,False,pv,False
Dominica,Solar photovoltaic,OnGrid,2016,0.63,0.63,False,pv,False
Dominica,Solar photovoltaic,OnGrid,2017,0.63,0.63,False,pv,False
Dominica,Solar photovoltaic,OnGrid,2018,0.32,0.32,False,pv,False
Dominica,Solar photovoltaic,OnGrid,2019,0.32,0.32,False,pv,False
Dominica,Solar photovoltaic,OnGrid,2020,0.32,0.32,False,pv,False
Dominica,Solar photovoltaic,OnGrid,2021,0.32,0.32,False,pv,False
Dominica,Solar photovoltaic,OnGrid,2022,0.32,0.32,False,pv,False
Dominica,Solar photovoltaic,OnGrid,2023,0.95,0.95,False,pv,False
Dominica,Solar photovoltaic,OnGrid,2024,0.96,0.96,False,pv,False
Dominica,Onshore wind energy,OnGrid,2000,0.0,-,True,wind,False
Dominica,Onshore wind energy,OnGrid,2001,0.0,-,True,wind,False
Dominica,Onshore wind energy,OnGrid,2002,0.0,-,True,wind,False
Dominica,Onshore wind energy,OnGrid,2003,0.0,-,True,wind,False
Dominica,Onshore wind energy,OnGrid,2004,0.0,-,True,wind,False
Dominica,Onshore wind energy,OnGrid,2005,0.0,-,True,wind,False
Dominica,Onshore wind energy,OnGrid,2006,0.0,-,True,wind,False
Dominica,Onshore wind energy,OnGrid,2007,0.0,-,True,wind,False
Dominica,Onshore wind energy,OnGrid,2008,0.23,0.23,False,wind,False
Dominica,Onshore wind energy,OnGrid,2009,0.23,0.23,False,wind,False
Dominica,Onshore wind energy,OnGrid,2010,0.23,0.23,False,wind,False
Dominica,Onshore wind energy,OnGrid,2011,0.23,0.23,False,wind,False
Dominica,Onshore wind energy,OnGrid,2012,0.23,0.23,False,wind,False
Dominica,Onshore wind energy,OnGrid,2013,0.23,0.23,False,wind,False
Dominica,Onshore wind energy,OnGrid,2014,0.23,0.23,False,wind,False
Dominica,Onshore wind energy,OnGrid,2015,0.23,0.23,False,wind,False
Dominica,Onshore wind energy,OnGrid,2016,0.23,0.23,False,wind,False
Dominica,Onshore wind energy,OnGrid,2017,0.23,0.23,False,wind,False
Dominica,Onshore wind energy,OnGrid,2018,0.23,0.23,False,wind,False
Dominica,Onshore wind energy,OnGrid,2019,0.23,0.23,False,wind,False
Dominica,Onshore wind energy,OnGrid,2020,0.23,0.23,False,wind,False
Dominica,Onshore wind energy,OnGrid,2021,0.23,0.23,False,wind,False
Dominica,Onshore wind energy,OnGrid,2022,0.23,0.23,False,wind,False
Dominica,Onshore wind energy,OnGrid,2023,0.23,0.23,False,wind,False
Dominica,Onshore wind energy,OnGrid,2024,0.23,0.23,False,wind,False
Dominican Rep,Solar photovoltaic,OnGrid,2000,0.0,-,True,pv,False
Dominican Rep,Solar photovoltaic,OnGrid,2001,0.0,-,True,pv,False
Dominican Rep,Solar photovoltaic,OnGrid,2002,0.0,-,True,pv,False
Dominican Rep,Solar photovoltaic,OnGrid,2003,0.0,-,True,pv,False
Dominican Rep,Solar photovoltaic,OnGrid,2004,0.0,-,True,pv,False
Dominican Rep,Solar photovoltaic,OnGrid,2005,0.0,-,True,pv,False
Dominican Rep,Solar photovoltaic,OnGrid,2006,0.0,-,True,pv,False
Dominican Rep,Solar photovoltaic,OnGrid,2007,0.0,-,True,pv,False
Dominican Rep,Solar photovoltaic,OnGrid,2008,0.0,-,True,pv,False
Dominican Rep,Solar photovoltaic,OnGrid,2009,0.0,-,True,pv,False
Dominican Rep,Solar photovoltaic,OnGrid,2010,0.0,-,True,pv,False
Dominican Rep,Solar photovoltaic,OnGrid,2011,0.01,0.01,False,pv,False
Dominican Rep,Solar photovoltaic,OnGrid,2012,2.93,2.93,False,pv,False
Dominican Rep,Solar photovoltaic,OnGrid,2013,6.86,6.86,False,pv,False
Dominican Rep,Solar photovoltaic,OnGrid,2014,13.3,13.3,False,pv,False
Dominican Rep,Solar photovoltaic,OnGrid,2015,22.1,22.1,False,pv,False
Dominican Rep,Solar photovoltaic,OnGrid,2016,69.8,69.8,False,pv,False
Dominican Rep,Solar photovoltaic,OnGrid,2017,93.4,93.4,False,pv,False
Dominican Rep,Solar photovoltaic,OnGrid,2018,187.4,187.4,False,pv,False
Dominican Rep,Solar photovoltaic,OnGrid,2019,331.0,331,False,pv,False
Dominican Rep,Solar photovoltaic,OnGrid,2020,381.0,381,False,pv,False
Dominican Rep,Solar photovoltaic,OnGrid,2021,577.3,577.3,False,pv,False
Dominican Rep,Solar photovoltaic,OnGrid,2022,723.4,723.4,False,pv,False
Dominican Rep,Solar photovoltaic,OnGrid,2023,1057.7,1057.7,False,pv,False
Dominican Rep,Solar photovoltaic,OnGrid,2024,1403.5,1403.5,False,pv,False
Dominican Rep,Onshore wind energy,OnGrid,2000,0.0,-,True,wind,False
Dominican Rep,Onshore wind energy,OnGrid,2001,0.0,-,True,wind,False
Dominican Rep,Onshore wind energy,OnGrid,2002,0.0,-,True,wind,False
Dominican Rep,Onshore wind energy,OnGrid,2003,0.0,-,True,wind,False
Dominican Rep,Onshore wind energy,OnGrid,2004,0.0,-,True,wind,False
Dominican Rep,Onshore wind energy,OnGrid,2005,0.0,-,True,wind,False
Dominican Rep,Onshore wind energy,OnGrid,2006,0.0,-,True,wind,False
Dominican Rep,Onshore wind energy,OnGrid,2007,0.0,-,True,wind,False
Dominican Rep,Onshore wind energy,OnGrid,2008,0.0,0,False,wind,False
Dominican Rep,Onshore wind energy,OnGrid,2009,0.0,0,False,wind,False
Dominican Rep,Onshore wind energy,OnGrid,2010,0.0,0,False,wind,False
Dominican Rep,Onshore wind energy,OnGrid,2011,33.5,33.5,False,wind,False
Dominican Rep,Onshore wind energy,OnGrid,2012,87.3,87.3,False,wind,False
Dominican Rep,Onshore wind energy,OnGrid,2013,85.5,85.5,False,wind,False
Dominican Rep,Onshore wind energy,OnGrid,2014,79.5,79.5,False,wind,False
Dominican Rep,Onshore wind energy,OnGrid,2015,85.5,85.5,False,wind,False
Dominican Rep,Onshore wind energy,OnGrid,2016,135.3,135.3,False,wind,False
Dominican Rep,Onshore wind energy,OnGrid,2017,135.0,135,False,wind,False
Dominican Rep,Onshore wind energy,OnGrid,2018,183.3,183.3,False,wind,False
Dominican Rep,Onshore wind energy,OnGrid,2019,370.3,370.3,False,wind,False
Dominican Rep,Onshore wind energy,OnGrid,2020,370.3,370.3,False,wind,False
Dominican Rep,Onshore wind energy,OnGrid,2021,370.3,370.3,False,wind,False
Dominican Rep,Onshore wind energy,OnGrid,2022,417.1,417.1,False,wind,False
Dominican Rep,Onshore wind energy,OnGrid,2023,417.1,417.1,False,wind,False
Dominican Rep,Onshore wind energy,OnGrid,2024,432.7,432.7,False,wind,False
Ecuador,Solar photovoltaic,OnGrid,2000,0.0,-,True,pv,False
Ecuador,Solar photovoltaic,OnGrid,2001,0.0,-,True,pv,False
Ecuador,Solar photovoltaic,OnGrid,2002,0.0,-,True,pv,False
Ecuador,Solar photovoltaic,OnGrid,2003,0.0,-,True,pv,False
Ecuador,Solar photovoltaic,OnGrid,2004,0.0,-,True,pv,False
Ecuador,Solar photovoltaic,OnGrid,2005,0.0,-,True,pv,False
Ecuador,Solar photovoltaic,OnGrid,2006,0.0,-,True,pv,False
Ecuador,Solar photovoltaic,OnGrid,2007,0.0,-,True,pv,False
Ecuador,Solar photovoltaic,OnGrid,2008,0.0,-,True,pv,False
Ecuador,Solar photovoltaic,OnGrid,2009,0.0,-,True,pv,False
Ecuador,Solar photovoltaic,OnGrid,2010,0.0,-,True,pv,False
Ecuador,Solar photovoltaic,OnGrid,2011,0.0,-,True,pv,False
Ecuador,Solar photovoltaic,OnGrid,2012,0.0,-,True,pv,False
Ecuador,Solar photovoltaic,OnGrid,2013,3.5,3.5,False,pv,False
Ecuador,Solar photovoltaic,OnGrid,2014,24.5,24.5,False,pv,False
Ecuador,Solar photovoltaic,OnGrid,2015,23.6,23.6,False,pv,False
Ecuador,Solar photovoltaic,OnGrid,2016,24.5,24.5,False,pv,False
Ecuador,Solar photovoltaic,OnGrid,2017,24.5,24.5,False,pv,False
Ecuador,Solar photovoltaic,OnGrid,2018,24.5,24.5,False,pv,False
Ecuador,Solar photovoltaic,OnGrid,2019,24.5,24.5,False,pv,False
Ecuador,Solar photovoltaic,OnGrid,2020,24.5,24.5,False,pv,False
Ecuador,Solar photovoltaic,OnGrid,2021,24.5,24.5,False,pv,False
Ecuador,Solar photovoltaic,OnGrid,2022,24.5,24.5,False,pv,False
Ecuador,Solar photovoltaic,OnGrid,2023,25.12,25.12,False,pv,False
Ecuador,Solar photovoltaic,OnGrid,2024,24.82,24.82,False,pv,False
Ecuador,Onshore wind energy,OnGrid,2000,0.0,-,True,wind,False
Ecuador,Onshore wind energy,OnGrid,2001,0.0,-,True,wind,False
Ecuador,Onshore wind energy,OnGrid,2002,0.0,-,True,wind,False
Ecuador,Onshore wind energy,OnGrid,2003,0.0,-,True,wind,False
Ecuador,Onshore wind energy,OnGrid,2004,0.0,-,True,wind,False
Ecuador,Onshore wind energy,OnGrid,2005,0.0,-,True,wind,False
Ecuador,Onshore wind energy,OnGrid,2006,0.0,-,True,wind,False
Ecuador,Onshore wind energy,OnGrid,2007,0.0,-,True,wind,False
Ecuador,Onshore wind energy,OnGrid,2008,0.0,-,True,wind,False
Ecuador,Onshore wind energy,OnGrid,2009,0.0,-,True,wind,False
Ecuador,Onshore wind energy,OnGrid,2010,0.0,-,True,wind,False
Ecuador,Onshore wind energy,OnGrid,2011,0.0,-,True,wind,False
Ecuador,Onshore wind energy,OnGrid,2012,0.0,-,True,wind,False
Ecuador,Onshore wind energy,OnGrid,2013,16.5,16.5,False,wind,False
Ecuador,Onshore wind energy,OnGrid,2014,16.5,16.5,False,wind,False
Ecuador,Onshore wind energy,OnGrid,2015,16.5,16.5,False,wind,False
Ecuador,Onshore wind energy,OnGrid,2016,16.5,16.5,False,wind,False
Ecuador,Onshore wind energy,OnGrid,2017,16.5,16.5,False,wind,False
Ecuador,Onshore wind energy,OnGrid,2018,16.5,16.5,False,wind,False
Ecuador,Onshore wind energy,OnGrid,2019,16.5,16.5,False,wind,False
Ecuador,Onshore wind energy,OnGrid,2020,16.5,16.5,False,wind,False
Ecuador,Onshore wind energy,OnGrid,2021,16.5,16.5,False,wind,False
Ecuador,Onshore wind energy,OnGrid,2022,16.5,16.5,False,wind,False
Ecuador,Onshore wind energy,OnGrid,2023,66.5,66.5,False,wind,False
Ecuador,Onshore wind energy,OnGrid,2024,66.5,66.5,False,wind,False
Egypt,Solar photovoltaic,OnGrid,2000,0.0,-,True,pv,False
Egypt,Solar photovoltaic,OnGrid,2001,0.0,-,True,pv,False
Egypt,Solar photovoltaic,OnGrid,2002,0.0,-,True,pv,False
Egypt,Solar photovoltaic,OnGrid,2003,0.0,-,True,pv,False
Egypt,Solar photovoltaic,OnGrid,2004,0.0,-,True,pv,False
Egypt,Solar photovoltaic,OnGrid,2005,0.0,-,True,pv,False
Egypt,Solar photovoltaic,OnGrid,2006,0.0,-,True,pv,False
Egypt,Solar photovoltaic,OnGrid,2007,0.0,-,True,pv,False
Egypt,Solar photovoltaic,OnGrid,2008,0.0,-,True,pv,False
Egypt,Solar photovoltaic,OnGrid,2009,0.0,-,True,pv,False
Egypt,Solar photovoltaic,OnGrid,2010,0.0,-,True,pv,False
Egypt,Solar photovoltaic,OnGrid,2011,0.0,-,True,pv,False
Egypt,Solar photovoltaic,OnGrid,2012,0.0,-,True,pv,False
Egypt,Solar photovoltaic,OnGrid,2013,0.0,-,True,pv,False
Egypt,Solar photovoltaic,OnGrid,2014,0.0,-,True,pv,False
Egypt,Solar photovoltaic,OnGrid,2015,0.0,-,True,pv,False
Egypt,Solar photovoltaic,OnGrid,2016,9.0,9,False,pv,False
Egypt,Solar photovoltaic,OnGrid,2017,130.0,130,False,pv,False
Egypt,Solar photovoltaic,OnGrid,2018,700.0,700,False,pv,False
Egypt,Solar photovoltaic,OnGrid,2019,1597.0,1597,False,pv,False
Egypt,Solar photovoltaic,OnGrid,2020,1591.0,1591,False,pv,False
Egypt,Solar photovoltaic,OnGrid,2021,1612.0,1612,False,pv,False
Egypt,Solar photovoltaic,OnGrid,2022,1638.0,1638,False,pv,False
Egypt,Solar photovoltaic,OnGrid,2023,1770.0,1770,False,pv,False
Egypt,Solar photovoltaic,OnGrid,2024,2504.0,2504,False,pv,False
Egypt,Onshore wind energy,OnGrid,2000,69.0,69,False,wind,False
Egypt,Onshore wind energy,OnGrid,2001,69.0,69,False,wind,False
Egypt,Onshore wind energy,OnGrid,2002,69.0,69,False,wind,False
Egypt,Onshore wind energy,OnGrid,2003,69.0,69,False,wind,False
Egypt,Onshore wind energy,OnGrid,2004,145.0,145,False,wind,False
Egypt,Onshore wind energy,OnGrid,2005,145.0,145,False,wind,False
Egypt,Onshore wind energy,OnGrid,2006,230.0,230,False,wind,False
Egypt,Onshore wind energy,OnGrid,2007,310.0,310,False,wind,False
Egypt,Onshore wind energy,OnGrid,2008,390.0,390,False,wind,False
Egypt,Onshore wind energy,OnGrid,2009,435.0,435,False,wind,False
Egypt,Onshore wind energy,OnGrid,2010,550.0,550,False,wind,False
Egypt,Onshore wind energy,OnGrid,2011,550.0,550,False,wind,False
Egypt,Onshore wind energy,OnGrid,2012,550.0,550,False,wind,False
Egypt,Onshore wind energy,OnGrid,2013,550.0,550,False,wind,False
Egypt,Onshore wind energy,OnGrid,2014,550.0,550,False,wind,False
Egypt,Onshore wind energy,OnGrid,2015,750.0,750,False,wind,False
Egypt,Onshore wind energy,OnGrid,2016,750.0,750,False,wind,False
Egypt,Onshore wind energy,OnGrid,2017,750.0,750,False,wind,False
Egypt,Onshore wind energy,OnGrid,2018,1125.0,1125,False,wind,False
Egypt,Onshore wind energy,OnGrid,2019,1127.0,1127,False,wind,False
Egypt,Onshore wind energy,OnGrid,2020,1375.0,1375,False,wind,False
Egypt,Onshore wind energy,OnGrid,2021,1635.0,1635,False,wind,False
Egypt,Onshore wind energy,OnGrid,2022,1637.5,1637.5,False,wind,False
Egypt,Onshore wind energy,OnGrid,2023,1885.0,1885,False,wind,False
Egypt,Onshore wind energy,OnGrid,2024,2194.0,2194,False,wind,False
El Salvador,Solar photovoltaic,OnGrid,2000,0.0,-,True,pv,False
El Salvador,Solar photovoltaic,OnGrid,2001,0.0,-,True,pv,False
El Salvador,Solar photovoltaic,OnGrid,2002,0.0,-,True,pv,False
El Salvador,Solar photovoltaic,OnGrid,2003,0.0,-,True,pv,False
El Salvador,Solar photovoltaic,OnGrid,2004,0.0,-,True,pv,False
El Salvador,Solar photovoltaic,OnGrid,2005,0.0,-,True,pv,False
El Salvador,Solar photovoltaic,OnGrid,2006,0.0,-,True,pv,False
El Salvador,Solar photovoltaic,OnGrid,2007,0.0,-,True,pv,False
El Salvador,Solar photovoltaic,OnGrid,2008,0.0,-,True,pv,False
El Salvador,Solar photovoltaic,OnGrid,2009,0.0,-,True,pv,False
El Salvador,Solar photovoltaic,OnGrid,2010,0.0,-,True,pv,False
El Salvador,Solar photovoltaic,OnGrid,2011,0.0,-,True,pv,False
El Salvador,Solar photovoltaic,OnGrid,2012,0.0,-,True,pv,False
El Salvador,Solar photovoltaic,OnGrid,2013,0.1,0.1,False,pv,False
El Salvador,Solar photovoltaic,OnGrid,2014,0.1,0.1,False,pv,False
El Salvador,Solar photovoltaic,OnGrid,2015,10.94,10.94,False,pv,False
El Salvador,Solar photovoltaic,OnGrid,2016,12.05,12.05,False,pv,False
El Salvador,Solar photovoltaic,OnGrid,2017,109.65,109.65,False,pv,False
El Salvador,Solar photovoltaic,OnGrid,2018,166.5,166.5,False,pv,False
El Salvador,Solar photovoltaic,OnGrid,2019,406.34,406.34,False,pv,False
El Salvador,Solar photovoltaic,OnGrid,2020,474.46,474.46,False,pv,False
El Salvador,Solar photovoltaic,OnGrid,2021,539.08,539.08,False,pv,False
El Salvador,Solar photovoltaic,OnGrid,2022,567.15,567.15,False,pv,False
El Salvador,Solar photovoltaic,OnGrid,2023,642.77,642.77,False,pv,False
El Salvador,Solar photovoltaic,OnGrid,2024,734.23,734.23,False,pv,False
El Salvador,Onshore wind energy,OnGrid,2000,0.0,-,True,wind,False
El Salvador,Onshore wind energy,OnGrid,2001,0.0,-,True,wind,False
El Salvador,Onshore wind energy,OnGrid,2002,0.0,-,True,wind,False
El Salvador,Onshore wind energy,OnGrid,2003,0.0,-,True,wind,False
El Salvador,Onshore wind energy,OnGrid,2004,0.0,-,True,wind,False
El Salvador,Onshore wind energy,OnGrid,2005,0.0,-,True,wind,False
El Salvador,Onshore wind energy,OnGrid,2006,0.0,-,True,wind,False
El Salvador,Onshore wind energy,OnGrid,2007,0.0,-,True,wind,False
El Salvador,Onshore wind energy,OnGrid,2008,0.0,-,True,wind,False
El Salvador,Onshore wind energy,OnGrid,2009,0.0,-,True,wind,False
El Salvador,Onshore wind energy,OnGrid,2010,0.0,-,True,wind,False
El Salvador,Onshore wind energy,OnGrid,2011,0.0,-,True,wind,False
El Salvador,Onshore wind energy,OnGrid,2012,0.0,-,True,wind,False
El Salvador,Onshore wind energy,OnGrid,2013,0.0,-,True,wind,False
El Salvador,Onshore wind energy,OnGrid,2014,0.0,-,True,wind,False
El Salvador,Onshore wind energy,OnGrid,2015,0.0,-,True,wind,False
El Salvador,Onshore wind energy,OnGrid,2016,0.0,-,True,wind,False
El Salvador,Onshore wind energy,OnGrid,2017,0.0,-,True,wind,False
El Salvador,Onshore wind energy,OnGrid,2018,0.0,-,True,wind,False
El Salvador,Onshore wind energy,OnGrid,2019,0.0,-,True,wind,False
El Salvador,Onshore wind energy,OnGrid,2020,36.0,36,False,wind,False
El Salvador,Onshore wind energy,OnGrid,2021,54.0,54,False,wind,False
El Salvador,Onshore wind energy,OnGrid,2022,54.0,54,False,wind,False
El Salvador,Onshore wind energy,OnGrid,2023,54.0,54,False,wind,False
El Salvador,Onshore wind energy,OnGrid,2024,54.0,54,False,wind,False
Eq Guinea,Solar photovoltaic,OnGrid,2000,0.0,-,True,pv,False
Eq Guinea,Solar photovoltaic,OnGrid,2001,0.0,-,True,pv,False
Eq Guinea,Solar photovoltaic,OnGrid,2002,0.0,-,True,pv,False
Eq Guinea,Solar photovoltaic,OnGrid,2003,0.0,-,True,pv,False
Eq Guinea,Solar photovoltaic,OnGrid,2004,0.0,-,True,pv,False
Eq Guinea,Solar photovoltaic,OnGrid,2005,0.0,-,True,pv,False
Eq Guinea,Solar photovoltaic,OnGrid,2006,0.0,-,True,pv,False
Eq Guinea,Solar photovoltaic,OnGrid,2007,0.0,-,True,pv,False
Eq Guinea,Solar photovoltaic,OnGrid,2008,0.0,-,True,pv,False
Eq Guinea,Solar photovoltaic,OnGrid,2009,0.0,-,True,pv,False
Eq Guinea,Solar photovoltaic,OnGrid,2010,0.0,-,True,pv,False
Eq Guinea,Solar photovoltaic,OnGrid,2011,0.0,-,True,pv,False
Eq Guinea,Solar photovoltaic,OnGrid,2012,0.0,-,True,pv,False
Eq Guinea,Solar photovoltaic,OnGrid,2013,0.0,-,True,pv,False
Eq Guinea,Solar photovoltaic,OnGrid,2014,0.0,-,True,pv,False
Eq Guinea,Solar photovoltaic,OnGrid,2015,0.0,-,True,pv,False
Eq Guinea,Solar photovoltaic,OnGrid,2016,0.0,-,True,pv,False
Eq Guinea,Solar photovoltaic,OnGrid,2017,0.0,-,True,pv,False
Eq Guinea,Solar photovoltaic,OnGrid,2018,0.0,-,True,pv,False
Eq Guinea,Solar photovoltaic,OnGrid,2019,0.0,-,True,pv,False
Eq Guinea,Solar photovoltaic,OnGrid,2020,0.0,-,True,pv,False
Eq Guinea,Solar photovoltaic,OnGrid,2021,0.0,-,True,pv,False
Eq Guinea,Solar photovoltaic,OnGrid,2022,0.0,-,True,pv,False
Eq Guinea,Solar photovoltaic,OnGrid,2023,0.0,-,True,pv,False
Eq Guinea,Solar photovoltaic,OnGrid,2024,0.0,-,True,pv,False
Eq Guinea,Onshore wind energy,OnGrid,2000,0.0,-,True,wind,False
Eq Guinea,Onshore wind energy,OnGrid,2001,0.0,-,True,wind,False
Eq Guinea,Onshore wind energy,OnGrid,2002,0.0,-,True,wind,False
Eq Guinea,Onshore wind energy,OnGrid,2003,0.0,-,True,wind,False
Eq Guinea,Onshore wind energy,OnGrid,2004,0.0,-,True,wind,False
Eq Guinea,Onshore wind energy,OnGrid,2005,0.0,-,True,wind,False
Eq Guinea,Onshore wind energy,OnGrid,2006,0.0,-,True,wind,False
Eq Guinea,Onshore wind energy,OnGrid,2007,0.0,-,True,wind,False
Eq Guinea,Onshore wind energy,OnGrid,2008,0.0,-,True,wind,False
Eq Guinea,Onshore wind energy,OnGrid,2009,0.0,-,True,wind,False
Eq Guinea,Onshore wind energy,OnGrid,2010,0.0,-,True,wind,False
Eq Guinea,Onshore wind energy,OnGrid,2011,0.0,-,True,wind,False
Eq Guinea,Onshore wind energy,OnGrid,2012,0.0,-,True,wind,False
Eq Guinea,Onshore wind energy,OnGrid,2013,0.0,-,True,wind,False
Eq Guinea,Onshore wind energy,OnGrid,2014,0.0,-,True,wind,False
Eq Guinea,Onshore wind energy,OnGrid,2015,0.0,-,True,wind,False
Eq Guinea,Onshore wind energy,OnGrid,2016,0.0,-,True,wind,False
Eq Guinea,Onshore wind energy,OnGrid,2017,0.0,-,True,wind,False
Eq Guinea,Onshore wind energy,OnGrid,2018,0.0,-,True,wind,False
Eq Guinea,Onshore wind energy,OnGrid,2019,0.0,-,True,wind,False
Eq Guinea,Onshore wind energy,OnGrid,2020,0.0,-,True,wind,False
Eq Guinea,Onshore wind energy,OnGrid,2021,0.0,-,True,wind,False
Eq Guinea,Onshore wind energy,OnGrid,2022,0.0,-,True,wind,False
Eq Guinea,Onshore wind energy,OnGrid,2023,0.0,-,True,wind,False
Eq Guinea,Onshore wind energy,OnGrid,2024,0.0,-,True,wind,False
Eritrea,Solar photovoltaic,OnGrid,2000,0.0,-,True,pv,False
Eritrea,Solar photovoltaic,OnGrid,2001,0.0,-,True,pv,False
Eritrea,Solar photovoltaic,OnGrid,2002,0.0,-,True,pv,False
Eritrea,Solar photovoltaic,OnGrid,2003,0.0,-,True,pv,False
Eritrea,Solar photovoltaic,OnGrid,2004,0.0,-,True,pv,False
Eritrea,Solar photovoltaic,OnGrid,2005,0.0,-,True,pv,False
Eritrea,Solar photovoltaic,OnGrid,2006,0.0,-,True,pv,False
Eritrea,Solar photovoltaic,OnGrid,2007,0.0,-,True,pv,False
Eritrea,Solar photovoltaic,OnGrid,2008,0.0,-,True,pv,False
Eritrea,Solar photovoltaic,OnGrid,2009,0.0,-,True,pv,False
Eritrea,Solar photovoltaic,OnGrid,2010,0.0,-,True,pv,False
Eritrea,Solar photovoltaic,OnGrid,2011,0.0,-,True,pv,False
Eritrea,Solar photovoltaic,OnGrid,2012,0.0,-,True,pv,False
Eritrea,Solar photovoltaic,OnGrid,2013,0.0,-,True,pv,False
Eritrea,Solar photovoltaic,OnGrid,2014,0.0,-,True,pv,False
Eritrea,Solar photovoltaic,OnGrid,2015,0.0,-,True,pv,False
Eritrea,Solar photovoltaic,OnGrid,2016,0.0,-,True,pv,False
Eritrea,Solar photovoltaic,OnGrid,2017,0.0,-,True,pv,False
Eritrea,Solar photovoltaic,OnGrid,2018,0.0,-,True,pv,False
Eritrea,Solar photovoltaic,OnGrid,2019,0.0,-,True,pv,False
Eritrea,Solar photovoltaic,OnGrid,2020,0.0,-,True,pv,False
Eritrea,Solar photovoltaic,OnGrid,2021,0.0,-,True,pv,False
Eritrea,Solar photovoltaic,OnGrid,2022,0.0,-,True,pv,False
Eritrea,Solar photovoltaic,OnGrid,2023,0.0,-,True,pv,False
Eritrea,Solar photovoltaic,OnGrid,2024,0.0,-,True,pv,False
Eritrea,Onshore wind energy,OnGrid,2000,0.0,-,True,wind,False
Eritrea,Onshore wind energy,OnGrid,2001,0.0,-,True,wind,False
Eritrea,Onshore wind energy,OnGrid,2002,0.0,-,True,wind,False
Eritrea,Onshore wind energy,OnGrid,2003,0.0,-,True,wind,False
Eritrea,Onshore wind energy,OnGrid,2004,0.0,-,True,wind,False
Eritrea,Onshore wind energy,OnGrid,2005,0.0,-,True,wind,False
Eritrea,Onshore wind energy,OnGrid,2006,0.0,-,True,wind,False
Eritrea,Onshore wind energy,OnGrid,2007,0.0,-,True,wind,False
Eritrea,Onshore wind energy,OnGrid,2008,0.0,-,True,wind,False
Eritrea,Onshore wind energy,OnGrid,2009,0.0,-,True,wind,False
Eritrea,Onshore wind energy,OnGrid,2010,0.0,-,True,wind,False
Eritrea,Onshore wind energy,OnGrid,2011,0.0,-,True,wind,False
Eritrea,Onshore wind energy,OnGrid,2012,0.0,-,True,wind,False
Eritrea,Onshore wind energy,OnGrid,2013,0.0,-,True,wind,False
Eritrea,Onshore wind energy,OnGrid,2014,0.0,-,True,wind,False
Eritrea,Onshore wind energy,OnGrid,2015,0.0,-,True,wind,False
Eritrea,Onshore wind energy,OnGrid,2016,0.0,-,True,wind,False
Eritrea,Onshore wind energy,OnGrid,2017,0.0,-,True,wind,False
Eritrea,Onshore wind energy,OnGrid,2018,0.0,-,True,wind,False
Eritrea,Onshore wind energy,OnGrid,2019,0.0,-,True,wind,False
Eritrea,Onshore wind energy,OnGrid,2020,0.0,-,True,wind,False
Eritrea,Onshore wind energy,OnGrid,2021,0.0,-,True,wind,False
Eritrea,Onshore wind energy,OnGrid,2022,0.0,-,True,wind,False
Eritrea,Onshore wind energy,OnGrid,2023,0.0,-,True,wind,False
Eritrea,Onshore wind energy,OnGrid,2024,0.0,-,True,wind,False
Estonia,Solar photovoltaic,OnGrid,2000,0.0,-,True,pv,False
Estonia,Solar photovoltaic,OnGrid,2001,0.0,-,True,pv,False
Estonia,Solar photovoltaic,OnGrid,2002,0.0,-,True,pv,False
Estonia,Solar photovoltaic,OnGrid,2003,0.0,-,True,pv,False
Estonia,Solar photovoltaic,OnGrid,2004,0.0,-,True,pv,False
Estonia,Solar photovoltaic,OnGrid,2005,0.0,-,True,pv,False
Estonia,Solar photovoltaic,OnGrid,2006,0.0,-,True,pv,False
Estonia,Solar photovoltaic,OnGrid,2007,0.0,-,True,pv,False
Estonia,Solar photovoltaic,OnGrid,2008,0.0,-,True,pv,False
Estonia,Solar photovoltaic,OnGrid,2009,0.1,0.1,False,pv,False
Estonia,Solar photovoltaic,OnGrid,2010,0.1,0.1,False,pv,False
Estonia,Solar photovoltaic,OnGrid,2011,0.2,0.2,False,pv,False
Estonia,Solar photovoltaic,OnGrid,2012,0.38,0.38,False,pv,False
Estonia,Solar photovoltaic,OnGrid,2013,1.5,1.5,False,pv,False
Estonia,Solar photovoltaic,OnGrid,2014,3.34,3.34,False,pv,False
Estonia,Solar photovoltaic,OnGrid,2015,6.5,6.5,False,pv,False
Estonia,Solar photovoltaic,OnGrid,2016,10.0,10,False,pv,False
Estonia,Solar photovoltaic,OnGrid,2017,15.0,15,False,pv,False
Estonia,Solar photovoltaic,OnGrid,2018,31.9,31.9,False,pv,False
Estonia,Solar photovoltaic,OnGrid,2019,120.6,120.6,False,pv,False
Estonia,Solar photovoltaic,OnGrid,2020,207.67,207.67,False,pv,False
Estonia,Solar photovoltaic,OnGrid,2021,394.77,394.77,False,pv,False
Estonia,Solar photovoltaic,OnGrid,2022,520.0,520,False,pv,False
Estonia,Solar photovoltaic,OnGrid,2023,813.0,813,False,pv,False
Estonia,Solar photovoltaic,OnGrid,2024,877.21,877.21,False,pv,False
Estonia,Onshore wind energy,OnGrid,2000,0.0,-,True,wind,False
Estonia,Onshore wind energy,OnGrid,2001,0.0,-,True,wind,False
Estonia,Onshore wind energy,OnGrid,2002,1.0,1,False,wind,False
Estonia,Onshore wind energy,OnGrid,2003,3.0,3,False,wind,False
Estonia,Onshore wind energy,OnGrid,2004,7.0,7,False,wind,False
Estonia,Onshore wind energy,OnGrid,2005,31.0,31,False,wind,False
Estonia,Onshore wind energy,OnGrid,2006,31.0,31,False,wind,False
Estonia,Onshore wind energy,OnGrid,2007,50.0,50,False,wind,False
Estonia,Onshore wind energy,OnGrid,2008,77.0,77,False,wind,False
Estonia,Onshore wind energy,OnGrid,2009,104.0,104,False,wind,False
Estonia,Onshore wind energy,OnGrid,2010,108.0,108,False,wind,False
Estonia,Onshore wind energy,OnGrid,2011,180.0,180,False,wind,False
Estonia,Onshore wind energy,OnGrid,2012,266.0,266,False,wind,False
Estonia,Onshore wind energy,OnGrid,2013,248.0,248,False,wind,False
Estonia,Onshore wind energy,OnGrid,2014,275.0,275,False,wind,False
Estonia,Onshore wind energy,OnGrid,2015,300.0,300,False,wind,False
Estonia,Onshore wind energy,OnGrid,2016,310.0,310,False,wind,False
Estonia,Onshore wind energy,OnGrid,2017,311.8,311.8,False,wind,False
Estonia,Onshore wind energy,OnGrid,2018,310.0,310,False,wind,False
Estonia,Onshore wind energy,OnGrid,2019,316.0,316,False,wind,False
Estonia,Onshore wind energy,OnGrid,2020,317.0,317,False,wind,False
Estonia,Onshore wind energy,OnGrid,2021,316.0,316,False,wind,False
Estonia,Onshore wind energy,OnGrid,2022,316.0,316,False,wind,False
Estonia,Onshore wind energy,OnGrid,2023,337.0,337,False,wind,False
Estonia,Onshore wind energy,OnGrid,2024,693.05,693.05,False,wind,False
Eswatini,Solar photovoltaic,OnGrid,2000,0.0,-,True,pv,False
Eswatini,Solar photovoltaic,OnGrid,2001,0.0,-,True,pv,False
Eswatini,Solar photovoltaic,OnGrid,2002,0.0,-,True,pv,False
Eswatini,Solar photovoltaic,OnGrid,2003,0.0,-,True,pv,False
Eswatini,Solar photovoltaic,OnGrid,2004,0.0,-,True,pv,False
Eswatini,Solar photovoltaic,OnGrid,2005,0.0,-,True,pv,False
Eswatini,Solar photovoltaic,OnGrid,2006,0.0,-,True,pv,False
Eswatini,Solar photovoltaic,OnGrid,2007,0.0,-,True,pv,False
Eswatini,Solar photovoltaic,OnGrid,2008,0.0,-,True,pv,False
Eswatini,Solar photovoltaic,OnGrid,2009,0.0,-,True,pv,False
Eswatini,Solar photovoltaic,OnGrid,2010,0.0,-,True,pv,False
Eswatini,Solar photovoltaic,OnGrid,2011,0.0,-,True,pv,False
Eswatini,Solar photovoltaic,OnGrid,2012,0.0,-,True,pv,False
Eswatini,Solar photovoltaic,OnGrid,2013,0.0,-,True,pv,False
Eswatini,Solar photovoltaic,OnGrid,2014,0.0,-,True,pv,False
Eswatini,Solar photovoltaic,OnGrid,2015,0.03,0.03,False,pv,False
Eswatini,Solar photovoltaic,OnGrid,2016,0.13,0.13,False,pv,False
Eswatini,Solar photovoltaic,OnGrid,2017,0.13,0.13,False,pv,False
Eswatini,Solar photovoltaic,OnGrid,2018,0.13,0.13,False,pv,False
Eswatini,Solar photovoltaic,OnGrid,2019,0.13,0.13,False,pv,False
Eswatini,Solar photovoltaic,OnGrid,2020,0.13,0.13,False,pv,False
Eswatini,Solar photovoltaic,OnGrid,2021,10.13,10.13,False,pv,False
Eswatini,Solar photovoltaic,OnGrid,2022,10.13,10.13,False,pv,False
Eswatini,Solar photovoltaic,OnGrid,2023,27.9,27.9,False,pv,False
Eswatini,Solar photovoltaic,OnGrid,2024,27.9,27.9,False,pv,False
Eswatini,Onshore wind energy,OnGrid,2000,0.0,-,True,wind,False
Eswatini,Onshore wind energy,OnGrid,2001,0.0,-,True,wind,False
Eswatini,Onshore wind energy,OnGrid,2002,0.0,-,True,wind,False
Eswatini,Onshore wind energy,OnGrid,2003,0.0,-,True,wind,False
Eswatini,Onshore wind energy,OnGrid,2004,0.0,-,True,wind,False
Eswatini,Onshore wind energy,OnGrid,2005,0.0,-,True,wind,False
Eswatini,Onshore wind energy,OnGrid,2006,0.0,-,True,wind,False
Eswatini,Onshore wind energy,OnGrid,2007,0.0,-,True,wind,False
Eswatini,Onshore wind energy,OnGrid,2008,0.0,-,True,wind,False
Eswatini,Onshore wind energy,OnGrid,2009,0.0,-,True,wind,False
Eswatini,Onshore wind energy,OnGrid,2010,0.0,-,True,wind,False
Eswatini,Onshore wind energy,OnGrid,2011,0.0,-,True,wind,False
Eswatini,Onshore wind energy,OnGrid,2012,0.0,-,True,wind,False
Eswatini,Onshore wind energy,OnGrid,2013,0.0,-,True,wind,False
Eswatini,Onshore wind energy,OnGrid,2014,0.0,-,True,wind,False
Eswatini,Onshore wind energy,OnGrid,2015,0.0,-,True,wind,False
Eswatini,Onshore wind energy,OnGrid,2016,0.0,-,True,wind,False
Eswatini,Onshore wind energy,OnGrid,2017,0.0,-,True,wind,False
Eswatini,Onshore wind energy,OnGrid,2018,0.0,-,True,wind,False
Eswatini,Onshore wind energy,OnGrid,2019,0.0,-,True,wind,False
Eswatini,Onshore wind energy,OnGrid,2020,0.0,-,True,wind,False
Eswatini,Onshore wind energy,OnGrid,2021,0.0,-,True,wind,False
Eswatini,Onshore wind energy,OnGrid,2022,0.0,-,True,wind,False
Eswatini,Onshore wind energy,OnGrid,2023,0.0,-,True,wind,False
Eswatini,Onshore wind energy,OnGrid,2024,0.0,-,True,wind,False
Ethiopia,Solar photovoltaic,OnGrid,2000,0.0,-,True,pv,False
Ethiopia,Solar photovoltaic,OnGrid,2001,0.0,-,True,pv,False
Ethiopia,Solar photovoltaic,OnGrid,2002,0.0,-,True,pv,False
Ethiopia,Solar photovoltaic,OnGrid,2003,0.0,-,True,pv,False
Ethiopia,Solar photovoltaic,OnGrid,2004,0.0,-,True,pv,False
Ethiopia,Solar photovoltaic,OnGrid,2005,0.0,-,True,pv,False
Ethiopia,Solar photovoltaic,OnGrid,2006,0.0,-,True,pv,False
Ethiopia,Solar photovoltaic,OnGrid,2007,0.0,-,True,pv,False
Ethiopia,Solar photovoltaic,OnGrid,2008,0.0,-,True,pv,False
Ethiopia,Solar photovoltaic,OnGrid,2009,0.0,-,True,pv,False
Ethiopia,Solar photovoltaic,OnGrid,2010,0.0,-,True,pv,False
Ethiopia,Solar photovoltaic,OnGrid,2011,0.0,-,True,pv,False
Ethiopia,Solar photovoltaic,OnGrid,2012,0.0,-,True,pv,False
Ethiopia,Solar photovoltaic,OnGrid,2013,0.0,-,True,pv,False
Ethiopia,Solar photovoltaic,OnGrid,2014,0.0,-,True,pv,False
Ethiopia,Solar photovoltaic,OnGrid,2015,0.0,-,True,pv,False
Ethiopia,Solar photovoltaic,OnGrid,2016,0.0,-,True,pv,False
Ethiopia,Solar photovoltaic,OnGrid,2017,0.0,-,True,pv,False
Ethiopia,Solar photovoltaic,OnGrid,2018,0.0,-,True,pv,False
Ethiopia,Solar photovoltaic,OnGrid,2019,0.0,-,True,pv,False
Ethiopia,Solar photovoltaic,OnGrid,2020,0.0,-,True,pv,False
Ethiopia,Solar photovoltaic,OnGrid,2021,0.0,-,True,pv,False
Ethiopia,Solar photovoltaic,OnGrid,2022,0.0,-,True,pv,False
Ethiopia,Solar photovoltaic,OnGrid,2023,0.0,-,True,pv,False
Ethiopia,Solar photovoltaic,OnGrid,2024,0.0,-,True,pv,False
Ethiopia,Onshore wind energy,OnGrid,2000,0.0,-,True,wind,False
Ethiopia,Onshore wind energy,OnGrid,2001,0.0,-,True,wind,False
Ethiopia,Onshore wind energy,OnGrid,2002,0.0,-,True,wind,False
Ethiopia,Onshore wind energy,OnGrid,2003,0.0,-,True,wind,False
Ethiopia,Onshore wind energy,OnGrid,2004,0.0,-,True,wind,False
Ethiopia,Onshore wind energy,OnGrid,2005,0.0,-,True,wind,False
Ethiopia,Onshore wind energy,OnGrid,2006,0.0,-,True,wind,False
Ethiopia,Onshore wind energy,OnGrid,2007,0.0,-,True,wind,False
Ethiopia,Onshore wind energy,OnGrid,2008,0.0,-,True,wind,False
Ethiopia,Onshore wind energy,OnGrid,2009,0.0,-,True,wind,False
Ethiopia,Onshore wind energy,OnGrid,2010,0.0,-,True,wind,False
Ethiopia,Onshore wind energy,OnGrid,2011,81.0,81,False,wind,False
Ethiopia,Onshore wind energy,OnGrid,2012,81.0,81,False,wind,False
Ethiopia,Onshore wind energy,OnGrid,2013,171.0,171,False,wind,False
Ethiopia,Onshore wind energy,OnGrid,2014,171.0,171,False,wind,False
Ethiopia,Onshore wind energy,OnGrid,2015,324.0,324,False,wind,False
Ethiopia,Onshore wind energy,OnGrid,2016,324.0,324,False,wind,False
Ethiopia,Onshore wind energy,OnGrid,2017,324.0,324,False,wind,False
Ethiopia,Onshore wind energy,OnGrid,2018,324.0,324,False,wind,False
Ethiopia,Onshore wind energy,OnGrid,2019,324.0,324,False,wind,False
Ethiopia,Onshore wind energy,OnGrid,2020,324.0,324,False,wind,False
Ethiopia,Onshore wind energy,OnGrid,2021,324.0,324,False,wind,False
Ethiopia,Onshore wind energy,OnGrid,2022,404.0,404,False,wind,False
Ethiopia,Onshore wind energy,OnGrid,2023,324.0,324,False,wind,False
Ethiopia,Onshore wind energy,OnGrid,2024,404.0,404,False,wind,False
Falklands Malv,Solar photovoltaic,OnGrid,2000,0.0,-,True,pv,False
Falklands Malv,Solar photovoltaic,OnGrid,2001,0.0,-,True,pv,False
Falklands Malv,Solar photovoltaic,OnGrid,2002,0.0,-,True,pv,False
Falklands Malv,Solar photovoltaic,OnGrid,2003,0.0,-,True,pv,False
Falklands Malv,Solar photovoltaic,OnGrid,2004,0.0,-,True,pv,False
Falklands Malv,Solar photovoltaic,OnGrid,2005,0.0,-,True,pv,False
Falklands Malv,Solar photovoltaic,OnGrid,2006,0.0,-,True,pv,False
Falklands Malv,Solar photovoltaic,OnGrid,2007,0.0,-,True,pv,False
Falklands Malv,Solar photovoltaic,OnGrid,2008,0.0,-,True,pv,False
Falklands Malv,Solar photovoltaic,OnGrid,2009,0.0,-,True,pv,False
Falklands Malv,Solar photovoltaic,OnGrid,2010,0.0,-,True,pv,False
Falklands Malv,Solar photovoltaic,OnGrid,2011,0.0,-,True,pv,False
Falklands Malv,Solar photovoltaic,OnGrid,2012,0.0,-,True,pv,False
Falklands Malv,Solar photovoltaic,OnGrid,2013,0.0,-,True,pv,False
Falklands Malv,Solar photovoltaic,OnGrid,2014,0.0,-,True,pv,False
Falklands Malv,Solar photovoltaic,OnGrid,2015,0.0,-,True,pv,False
Falklands Malv,Solar photovoltaic,OnGrid,2016,0.0,-,True,pv,False
Falklands Malv,Solar photovoltaic,OnGrid,2017,0.0,-,True,pv,False
Falklands Malv,Solar photovoltaic,OnGrid,2018,0.0,-,True,pv,False
Falklands Malv,Solar photovoltaic,OnGrid,2019,0.0,-,True,pv,False
Falklands Malv,Solar photovoltaic,OnGrid,2020,0.0,-,True,pv,False
Falklands Malv,Solar photovoltaic,OnGrid,2021,0.0,-,True,pv,False
Falklands Malv,Solar photovoltaic,OnGrid,2022,0.0,-,True,pv,False
Falklands Malv,Solar photovoltaic,OnGrid,2023,0.0,-,True,pv,False
Falklands Malv,Solar photovoltaic,OnGrid,2024,0.01,0.01,False,pv,False
Falklands Malv,Onshore wind energy,OnGrid,2000,0.0,-,True,wind,False
Falklands Malv,Onshore wind energy,OnGrid,2001,0.0,-,True,wind,False
Falklands Malv,Onshore wind energy,OnGrid,2002,0.0,-,True,wind,False
Falklands Malv,Onshore wind energy,OnGrid,2003,0.0,-,True,wind,False
Falklands Malv,Onshore wind energy,OnGrid,2004,0.0,-,True,wind,False
Falklands Malv,Onshore wind energy,OnGrid,2005,0.0,-,True,wind,False
Falklands Malv,Onshore wind energy,OnGrid,2006,0.0,-,True,wind,False
Falklands Malv,Onshore wind energy,OnGrid,2007,0.99,0.99,False,wind,False
Falklands Malv,Onshore wind energy,OnGrid,2008,0.99,0.99,False,wind,False
Falklands Malv,Onshore wind energy,OnGrid,2009,0.99,0.99,False,wind,False
Falklands Malv,Onshore wind energy,OnGrid,2010,1.98,1.98,False,wind,False
Falklands Malv,Onshore wind energy,OnGrid,2011,1.98,1.98,False,wind,False
Falklands Malv,Onshore wind energy,OnGrid,2012,1.98,1.98,False,wind,False
Falklands Malv,Onshore wind energy,OnGrid,2013,1.98,1.98,False,wind,False
Falklands Malv,Onshore wind energy,OnGrid,2014,2.97,2.97,False,wind,False
Falklands Malv,Onshore wind energy,OnGrid,2015,2.97,2.97,False,wind,False
Falklands Malv,Onshore wind energy,OnGrid,2016,2.97,2.97,False,wind,False
Falklands Malv,Onshore wind energy,OnGrid,2017,2.97,2.97,False,wind,False
Falklands Malv,Onshore wind energy,OnGrid,2018,2.97,2.97,False,wind,False
Falklands Malv,Onshore wind energy,OnGrid,2019,2.97,2.97,False,wind,False
Falklands Malv,Onshore wind energy,OnGrid,2020,2.97,2.97,False,wind,False
Falklands Malv,Onshore wind energy,OnGrid,2021,2.97,2.97,False,wind,False
Falklands Malv,Onshore wind energy,OnGrid,2022,2.97,2.97,False,wind,False
Falklands Malv,Onshore wind energy,OnGrid,2023,2.97,2.97,False,wind,False
Falklands Malv,Onshore wind energy,OnGrid,2024,2.97,2.97,False,wind,False
Faroe Islands,Solar photovoltaic,OnGrid,2000,0.0,-,True,pv,False
Faroe Islands,Solar photovoltaic,OnGrid,2001,0.0,-,True,pv,False
Faroe Islands,Solar photovoltaic,OnGrid,2002,0.0,-,True,pv,False
Faroe Islands,Solar photovoltaic,OnGrid,2003,0.0,-,True,pv,False
Faroe Islands,Solar photovoltaic,OnGrid,2004,0.0,-,True,pv,False
Faroe Islands,Solar photovoltaic,OnGrid,2005,0.0,-,True,pv,False
Faroe Islands,Solar photovoltaic,OnGrid,2006,0.0,-,True,pv,False
Faroe Islands,Solar photovoltaic,OnGrid,2007,0.0,-,True,pv,False
Faroe Islands,Solar photovoltaic,OnGrid,2008,0.0,-,True,pv,False
Faroe Islands,Solar photovoltaic,OnGrid,2009,0.0,-,True,pv,False
Faroe Islands,Solar photovoltaic,OnGrid,2010,0.0,-,True,pv,False
Faroe Islands,Solar photovoltaic,OnGrid,2011,0.0,-,True,pv,False
Faroe Islands,Solar photovoltaic,OnGrid,2012,0.0,-,True,pv,False
Faroe Islands,Solar photovoltaic,OnGrid,2013,0.0,-,True,pv,False
Faroe Islands,Solar photovoltaic,OnGrid,2014,0.0,-,True,pv,False
Faroe Islands,Solar photovoltaic,OnGrid,2015,0.0,-,True,pv,False
Faroe Islands,Solar photovoltaic,OnGrid,2016,0.0,-,True,pv,False
Faroe Islands,Solar photovoltaic,OnGrid,2017,0.0,-,True,pv,False
Faroe Islands,Solar photovoltaic,OnGrid,2018,0.0,-,True,pv,False
Faroe Islands,Solar photovoltaic,OnGrid,2019,0.26,0.26,False,pv,False
Faroe Islands,Solar photovoltaic,OnGrid,2020,0.26,0.26,False,pv,False
Faroe Islands,Solar photovoltaic,OnGrid,2021,0.26,0.26,False,pv,False
Faroe Islands,Solar photovoltaic,OnGrid,2022,0.26,0.26,False,pv,False
Faroe Islands,Solar photovoltaic,OnGrid,2023,0.26,0.26,False,pv,False
Faroe Islands,Solar photovoltaic,OnGrid,2024,0.26,0.26,False,pv,False
Faroe Islands,Onshore wind energy,OnGrid,2000,0.15,0.15,False,wind,False
Faroe Islands,Onshore wind energy,OnGrid,2001,0.15,0.15,False,wind,False
Faroe Islands,Onshore wind energy,OnGrid,2002,0.15,0.15,False,wind,False
Faroe Islands,Onshore wind energy,OnGrid,2003,2.13,2.13,False,wind,False
Faroe Islands,Onshore wind energy,OnGrid,2004,2.13,2.13,False,wind,False
Faroe Islands,Onshore wind energy,OnGrid,2005,4.11,4.11,False,wind,False
Faroe Islands,Onshore wind energy,OnGrid,2006,4.11,4.11,False,wind,False
Faroe Islands,Onshore wind energy,OnGrid,2007,4.11,4.11,False,wind,False
Faroe Islands,Onshore wind energy,OnGrid,2008,4.11,4.11,False,wind,False
Faroe Islands,Onshore wind energy,OnGrid,2009,4.11,4.11,False,wind,False
Faroe Islands,Onshore wind energy,OnGrid,2010,4.11,4.11,False,wind,False
Faroe Islands,Onshore wind energy,OnGrid,2011,4.11,4.11,False,wind,False
Faroe Islands,Onshore wind energy,OnGrid,2012,8.61,8.61,False,wind,False
Faroe Islands,Onshore wind energy,OnGrid,2013,8.61,8.61,False,wind,False
Faroe Islands,Onshore wind energy,OnGrid,2014,20.31,20.31,False,wind,False
Faroe Islands,Onshore wind energy,OnGrid,2015,20.31,20.31,False,wind,False
Faroe Islands,Onshore wind energy,OnGrid,2016,20.31,20.31,False,wind,False
Faroe Islands,Onshore wind energy,OnGrid,2017,20.31,20.31,False,wind,False
Faroe Islands,Onshore wind energy,OnGrid,2018,16.35,16.35,False,wind,False
Faroe Islands,Onshore wind energy,OnGrid,2019,12.75,12.75,False,wind,False
Faroe Islands,Onshore wind energy,OnGrid,2020,19.05,19.05,False,wind,False
Faroe Islands,Onshore wind energy,OnGrid,2021,22.5,22.5,False,wind,False
Faroe Islands,Onshore wind energy,OnGrid,2022,47.7,47.7,False,wind,False
Faroe Islands,Onshore wind energy,OnGrid,2023,65.7,65.7,False,wind,False
Faroe Islands,Onshore wind energy,OnGrid,2024,67.68,67.68,False,wind,False
Fiji,Solar photovoltaic,OnGrid,2000,0.0,-,True,pv,False
Fiji,Solar photovoltaic,OnGrid,2001,0.0,-,True,pv,False
Fiji,Solar photovoltaic,OnGrid,2002,0.0,-,True,pv,False
Fiji,Solar photovoltaic,OnGrid,2003,0.0,-,True,pv,False
Fiji,Solar photovoltaic,OnGrid,2004,0.0,-,True,pv,False
Fiji,Solar photovoltaic,OnGrid,2005,0.0,-,True,pv,False
Fiji,Solar photovoltaic,OnGrid,2006,0.0,-,True,pv,False
Fiji,Solar photovoltaic,OnGrid,2007,0.0,-,True,pv,False
Fiji,Solar photovoltaic,OnGrid,2008,0.0,-,True,pv,False
Fiji,Solar photovoltaic,OnGrid,2009,0.0,-,True,pv,False
Fiji,Solar photovoltaic,OnGrid,2010,0.0,-,True,pv,False
Fiji,Solar photovoltaic,OnGrid,2011,0.0,-,True,pv,False
Fiji,Solar photovoltaic,OnGrid,2012,0.36,0.36,False,pv,False
Fiji,Solar photovoltaic,OnGrid,2013,0.36,0.36,False,pv,False
Fiji,Solar photovoltaic,OnGrid,2014,0.69,0.69,False,pv,False
Fiji,Solar photovoltaic,OnGrid,2015,1.42,1.42,False,pv,False
Fiji,Solar photovoltaic,OnGrid,2016,1.42,1.42,False,pv,False
Fiji,Solar photovoltaic,OnGrid,2017,3.16,3.16,False,pv,False
Fiji,Solar photovoltaic,OnGrid,2018,3.32,3.32,False,pv,False
Fiji,Solar photovoltaic,OnGrid,2019,3.33,3.33,False,pv,False
Fiji,Solar photovoltaic,OnGrid,2020,3.58,3.58,False,pv,False
Fiji,Solar photovoltaic,OnGrid,2021,3.58,3.58,False,pv,False
Fiji,Solar photovoltaic,OnGrid,2022,3.73,3.73,False,pv,False
Fiji,Solar photovoltaic,OnGrid,2023,3.76,3.76,False,pv,False
Fiji,Solar photovoltaic,OnGrid,2024,4.77,4.77,False,pv,False
Fiji,Onshore wind energy,OnGrid,2000,0.06,0.06,False,wind,False
Fiji,Onshore wind energy,OnGrid,2001,0.06,0.06,False,wind,False
Fiji,Onshore wind energy,OnGrid,2002,0.06,0.06,False,wind,False
Fiji,Onshore wind energy,OnGrid,2003,0.06,0.06,False,wind,False
Fiji,Onshore wind energy,OnGrid,2004,0.0,0,False,wind,False
Fiji,Onshore wind energy,OnGrid,2005,0.0,0,False,wind,False
Fiji,Onshore wind energy,OnGrid,2006,0.0,0,False,wind,False
Fiji,Onshore wind energy,OnGrid,2007,10.18,10.18,False,wind,False
Fiji,Onshore wind energy,OnGrid,2008,10.18,10.18,False,wind,False
Fiji,Onshore wind energy,OnGrid,2009,10.18,10.18,False,wind,False
Fiji,Onshore wind energy,OnGrid,2010,10.18,10.18,False,wind,False
Fiji,Onshore wind energy,OnGrid,2011,10.18,10.18,False,wind,False
Fiji,Onshore wind energy,OnGrid,2012,10.18,10.18,False,wind,False
Fiji,Onshore wind energy,OnGrid,2013,10.18,10.18,False,wind,False
Fiji,Onshore wind energy,OnGrid,2014,10.18,10.18,False,wind,False
Fiji,Onshore wind energy,OnGrid,2015,10.18,10.18,False,wind,False
Fiji,Onshore wind energy,OnGrid,2016,10.18,10.18,False,wind,False
Fiji,Onshore wind energy,OnGrid,2017,10.18,10.18,False,wind,False
Fiji,Onshore wind energy,OnGrid,2018,10.18,10.18,False,wind,False
Fiji,Onshore wind energy,OnGrid,2019,10.18,10.18,False,wind,False
Fiji,Onshore wind energy,OnGrid,2020,10.18,10.18,False,wind,False
Fiji,Onshore wind energy,OnGrid,2021,10.18,10.18,False,wind,False
Fiji,Onshore wind energy,OnGrid,2022,10.18,10.18,False,wind,False
Fiji,Onshore wind energy,OnGrid,2023,10.18,10.18,False,wind,False
Fiji,Onshore wind energy,OnGrid,2024,10.18,10.18,False,wind,False
Finland,Solar photovoltaic,OnGrid,2000,2.0,2,False,pv,False
Finland,Solar photovoltaic,OnGrid,2001,3.0,3,False,pv,False
Finland,Solar photovoltaic,OnGrid,2002,3.0,3,False,pv,False
Finland,Solar photovoltaic,OnGrid,2003,3.0,3,False,pv,False
Finland,Solar photovoltaic,OnGrid,2004,4.0,4,False,pv,False
Finland,Solar photovoltaic,OnGrid,2005,4.0,4,False,pv,False
Finland,Solar photovoltaic,OnGrid,2006,5.0,5,False,pv,False
Finland,Solar photovoltaic,OnGrid,2007,5.0,5,False,pv,False
Finland,Solar photovoltaic,OnGrid,2008,6.0,6,False,pv,False
Finland,Solar photovoltaic,OnGrid,2009,6.0,6,False,pv,False
Finland,Solar photovoltaic,OnGrid,2010,7.0,7,False,pv,False
Finland,Solar photovoltaic,OnGrid,2011,7.0,7,False,pv,False
Finland,Solar photovoltaic,OnGrid,2012,8.0,8,False,pv,False
Finland,Solar photovoltaic,OnGrid,2013,9.0,9,False,pv,False
Finland,Solar photovoltaic,OnGrid,2014,11.0,11,False,pv,False
Finland,Solar photovoltaic,OnGrid,2015,17.0,17,False,pv,False
Finland,Solar photovoltaic,OnGrid,2016,37.0,37,False,pv,False
Finland,Solar photovoltaic,OnGrid,2017,77.0,77,False,pv,False
Finland,Solar photovoltaic,OnGrid,2018,133.0,133,False,pv,False
Finland,Solar photovoltaic,OnGrid,2019,210.0,210,False,pv,False
Finland,Solar photovoltaic,OnGrid,2020,299.0,299,False,pv,False
Finland,Solar photovoltaic,OnGrid,2021,398.0,398,False,pv,False
Finland,Solar photovoltaic,OnGrid,2022,649.0,649,False,pv,False
Finland,Solar photovoltaic,OnGrid,2023,986.21,986.21,False,pv,False
Finland,Solar photovoltaic,OnGrid,2024,1218.83,1218.83,False,pv,False
Finland,Onshore wind energy,OnGrid,2000,38.0,38,False,wind,False
Finland,Onshore wind energy,OnGrid,2001,39.0,39,False,wind,False
Finland,Onshore wind energy,OnGrid,2002,43.0,43,False,wind,False
Finland,Onshore wind energy,OnGrid,2003,52.0,52,False,wind,False
Finland,Onshore wind energy,OnGrid,2004,82.0,82,False,wind,False
Finland,Onshore wind energy,OnGrid,2005,82.0,82,False,wind,False
Finland,Onshore wind energy,OnGrid,2006,86.0,86,False,wind,False
Finland,Onshore wind energy,OnGrid,2007,110.0,110,False,wind,False
Finland,Onshore wind energy,OnGrid,2008,119.0,119,False,wind,False
Finland,Onshore wind energy,OnGrid,2009,123.0,123,False,wind,False
Finland,Onshore wind energy,OnGrid,2010,170.7,170.7,False,wind,False
Finland,Onshore wind energy,OnGrid,2011,172.7,172.7,False,wind,False
Finland,Onshore wind energy,OnGrid,2012,230.7,230.7,False,wind,False
Finland,Onshore wind energy,OnGrid,2013,420.7,420.7,False,wind,False
Finland,Onshore wind energy,OnGrid,2014,600.7,600.7,False,wind,False
Finland,Onshore wind energy,OnGrid,2015,973.0,973,False,wind,False
Finland,Onshore wind energy,OnGrid,2016,1533.0,1533,False,wind,False
Finland,Onshore wind energy,OnGrid,2017,2012.0,2012,False,wind,False
Finland,Onshore wind energy,OnGrid,2018,2009.0,2009,False,wind,False
Finland,Onshore wind energy,OnGrid,2019,2252.0,2252,False,wind,False
Finland,Onshore wind energy,OnGrid,2020,2554.0,2554,False,wind,False
Finland,Onshore wind energy,OnGrid,2021,3225.0,3225,False,wind,False
Finland,Onshore wind energy,OnGrid,2022,5645.0,5645,False,wind,False
Finland,Onshore wind energy,OnGrid,2023,6914.0,6914,False,wind,False
Finland,Onshore wind energy,OnGrid,2024,8328.0,8328,False,wind,False
Fr Guiana,Solar photovoltaic,OnGrid,2000,0.0,-,True,pv,False
Fr Guiana,Solar photovoltaic,OnGrid,2001,0.0,-,True,pv,False
Fr Guiana,Solar photovoltaic,OnGrid,2002,0.0,-,True,pv,False
Fr Guiana,Solar photovoltaic,OnGrid,2003,0.0,-,True,pv,False
Fr Guiana,Solar photovoltaic,OnGrid,2004,0.0,-,True,pv,False
Fr Guiana,Solar photovoltaic,OnGrid,2005,0.06,0.06,False,pv,False
Fr Guiana,Solar photovoltaic,OnGrid,2006,0.06,0.06,False,pv,False
Fr Guiana,Solar photovoltaic,OnGrid,2007,0.06,0.06,False,pv,False
Fr Guiana,Solar photovoltaic,OnGrid,2008,0.48,0.48,False,pv,False
Fr Guiana,Solar photovoltaic,OnGrid,2009,1.78,1.78,False,pv,False
Fr Guiana,Solar photovoltaic,OnGrid,2010,22.45,22.45,False,pv,False
Fr Guiana,Solar photovoltaic,OnGrid,2011,35.34,35.34,False,pv,False
Fr Guiana,Solar photovoltaic,OnGrid,2012,35.79,35.79,False,pv,False
Fr Guiana,Solar photovoltaic,OnGrid,2013,36.05,36.05,False,pv,False
Fr Guiana,Solar photovoltaic,OnGrid,2014,36.26,36.26,False,pv,False
Fr Guiana,Solar photovoltaic,OnGrid,2015,46.06,46.06,False,pv,False
Fr Guiana,Solar photovoltaic,OnGrid,2016,46.06,46.06,False,pv,False
Fr Guiana,Solar photovoltaic,OnGrid,2017,46.11,46.11,False,pv,False
Fr Guiana,Solar photovoltaic,OnGrid,2018,46.18,46.18,False,pv,False
Fr Guiana,Solar photovoltaic,OnGrid,2019,46.18,46.18,False,pv,False
Fr Guiana,Solar photovoltaic,OnGrid,2020,56.21,56.21,False,pv,False
Fr Guiana,Solar photovoltaic,OnGrid,2021,57.12,57.12,False,pv,False
Fr Guiana,Solar photovoltaic,OnGrid,2022,58.6,58.6,False,pv,False
Fr Guiana,Solar photovoltaic,OnGrid,2023,64.88,64.88,False,pv,False
Fr Guiana,Solar photovoltaic,OnGrid,2024,67.66,67.66,False,pv,False
Fr Guiana,Onshore wind energy,OnGrid,2000,0.0,-,True,wind,False
Fr Guiana,Onshore wind energy,OnGrid,2001,0.0,-,True,wind,False
Fr Guiana,Onshore wind energy,OnGrid,2002,0.0,-,True,wind,False
Fr Guiana,Onshore wind energy,OnGrid,2003,0.0,-,True,wind,False
Fr Guiana,Onshore wind energy,OnGrid,2004,0.0,-,True,wind,False
Fr Guiana,Onshore wind energy,OnGrid,2005,0.0,-,True,wind,False
Fr Guiana,Onshore wind energy,OnGrid,2006,0.0,-,True,wind,False
Fr Guiana,Onshore wind energy,OnGrid,2007,0.0,-,True,wind,False
Fr Guiana,Onshore wind energy,OnGrid,2008,0.0,-,True,wind,False
Fr Guiana,Onshore wind energy,OnGrid,2009,0.0,-,True,wind,False
Fr Guiana,Onshore wind energy,OnGrid,2010,0.0,-,True,wind,False
Fr Guiana,Onshore wind energy,OnGrid,2011,0.0,-,True,wind,False
Fr Guiana,Onshore wind energy,OnGrid,2012,0.0,-,True,wind,False
Fr Guiana,Onshore wind energy,OnGrid,2013,0.0,-,True,wind,False
Fr Guiana,Onshore wind energy,OnGrid,2014,0.0,-,True,wind,False
Fr Guiana,Onshore wind energy,OnGrid,2015,0.0,-,True,wind,False
Fr Guiana,Onshore wind energy,OnGrid,2016,0.0,-,True,wind,False
Fr Guiana,Onshore wind energy,OnGrid,2017,0.0,-,True,wind,False
Fr Guiana,Onshore wind energy,OnGrid,2018,0.0,-,True,wind,False
Fr Guiana,Onshore wind energy,OnGrid,2019,0.0,-,True,wind,False
Fr Guiana,Onshore wind energy,OnGrid,2020,0.0,-,True,wind,False
Fr Guiana,Onshore wind energy,OnGrid,2021,0.0,-,True,wind,False
Fr Guiana,Onshore wind energy,OnGrid,2022,0.0,-,True,wind,False
Fr Guiana,Onshore wind energy,OnGrid,2023,0.0,-,True,wind,False
Fr Guiana,Onshore wind energy,OnGrid,2024,0.0,-,True,wind,False
Fr Polynesia,Solar photovoltaic,OnGrid,2000,0.0,-,True,pv,False
Fr Polynesia,Solar photovoltaic,OnGrid,2001,0.0,-,True,pv,False
Fr Polynesia,Solar photovoltaic,OnGrid,2002,0.0,-,True,pv,False
Fr Polynesia,Solar photovoltaic,OnGrid,2003,0.0,-,True,pv,False
Fr Polynesia,Solar photovoltaic,OnGrid,2004,0.06,0.06,False,pv,False
Fr Polynesia,Solar photovoltaic,OnGrid,2005,0.19,0.19,False,pv,False
Fr Polynesia,Solar photovoltaic,OnGrid,2006,0.38,0.38,False,pv,False
Fr Polynesia,Solar photovoltaic,OnGrid,2007,0.53,0.53,False,pv,False
Fr Polynesia,Solar photovoltaic,OnGrid,2008,0.75,0.75,False,pv,False
Fr Polynesia,Solar photovoltaic,OnGrid,2009,0.97,0.97,False,pv,False
Fr Polynesia,Solar photovoltaic,OnGrid,2010,1.5,1.5,False,pv,False
Fr Polynesia,Solar photovoltaic,OnGrid,2011,9.5,9.5,False,pv,False
Fr Polynesia,Solar photovoltaic,OnGrid,2012,12.68,12.68,False,pv,False
Fr Polynesia,Solar photovoltaic,OnGrid,2013,17.5,17.5,False,pv,False
Fr Polynesia,Solar photovoltaic,OnGrid,2014,22.8,22.8,False,pv,False
Fr Polynesia,Solar photovoltaic,OnGrid,2015,26.6,26.6,False,pv,False
Fr Polynesia,Solar photovoltaic,OnGrid,2016,28.9,28.9,False,pv,False
Fr Polynesia,Solar photovoltaic,OnGrid,2017,31.5,31.5,False,pv,False
Fr Polynesia,Solar photovoltaic,OnGrid,2018,34.9,34.9,False,pv,False
Fr Polynesia,Solar photovoltaic,OnGrid,2019,37.8,37.8,False,pv,False
Fr Polynesia,Solar photovoltaic,OnGrid,2020,41.31,41.31,False,pv,False
Fr Polynesia,Solar photovoltaic,OnGrid,2021,42.38,42.38,False,pv,False
Fr Polynesia,Solar photovoltaic,OnGrid,2022,48.82,48.82,False,pv,False
Fr Polynesia,Solar photovoltaic,OnGrid,2023,49.57,49.57,False,pv,False
Fr Polynesia,Solar photovoltaic,OnGrid,2024,77.27,77.27,False,pv,False
Fr Polynesia,Onshore wind energy,OnGrid,2000,0.0,0,False,wind,False
Fr Polynesia,Onshore wind energy,OnGrid,2001,0.0,0,False,wind,False
Fr Polynesia,Onshore wind energy,OnGrid,2002,0.0,0,False,wind,False
Fr Polynesia,Onshore wind energy,OnGrid,2003,0.0,0,False,wind,False
Fr Polynesia,Onshore wind energy,OnGrid,2004,0.0,0,False,wind,False
Fr Polynesia,Onshore wind energy,OnGrid,2005,0.0,0,False,wind,False
Fr Polynesia,Onshore wind energy,OnGrid,2006,0.0,0,False,wind,False
Fr Polynesia,Onshore wind energy,OnGrid,2007,0.0,0,False,wind,False
Fr Polynesia,Onshore wind energy,OnGrid,2008,0.0,0,False,wind,False
Fr Polynesia,Onshore wind energy,OnGrid,2009,0.0,0,False,wind,False
Fr Polynesia,Onshore wind energy,OnGrid,2010,0.0,0,False,wind,False
Fr Polynesia,Onshore wind energy,OnGrid,2011,0.0,0,False,wind,False
Fr Polynesia,Onshore wind energy,OnGrid,2012,0.0,0,False,wind,False
Fr Polynesia,Onshore wind energy,OnGrid,2013,0.0,0,False,wind,False
Fr Polynesia,Onshore wind energy,OnGrid,2014,0.0,0,False,wind,False
Fr Polynesia,Onshore wind energy,OnGrid,2015,0.0,0,False,wind,False
Fr Polynesia,Onshore wind energy,OnGrid,2016,0.0,0,False,wind,False
Fr Polynesia,Onshore wind energy,OnGrid,2017,0.0,0,False,wind,False
Fr Polynesia,Onshore wind energy,OnGrid,2018,0.0,-,True,wind,False
Fr Polynesia,Onshore wind energy,OnGrid,2019,0.0,-,True,wind,False
Fr Polynesia,Onshore wind energy,OnGrid,2020,0.0,-,True,wind,False
Fr Polynesia,Onshore wind energy,OnGrid,2021,0.0,-,True,wind,False
Fr Polynesia,Onshore wind energy,OnGrid,2022,0.0,-,True,wind,False
Fr Polynesia,Onshore wind energy,OnGrid,2023,0.0,-,True,wind,False
Fr Polynesia,Onshore wind energy,OnGrid,2024,0.0,-,True,wind,False
France,Solar photovoltaic,OnGrid,2000,7.0,7,False,pv,False
France,Solar photovoltaic,OnGrid,2001,7.0,7,False,pv,False
France,Solar photovoltaic,OnGrid,2002,8.0,8,False,pv,False
France,Solar photovoltaic,OnGrid,2003,9.0,9,False,pv,False
France,Solar photovoltaic,OnGrid,2004,11.0,11,False,pv,False
France,Solar photovoltaic,OnGrid,2005,13.0,13,False,pv,False
France,Solar photovoltaic,OnGrid,2006,15.0,15,False,pv,False
France,Solar photovoltaic,OnGrid,2007,26.0,26,False,pv,False
France,Solar photovoltaic,OnGrid,2008,80.0,80,False,pv,False
France,Solar photovoltaic,OnGrid,2009,277.0,277,False,pv,False
France,Solar photovoltaic,OnGrid,2010,1044.0,1044,False,pv,False
France,Solar photovoltaic,OnGrid,2011,2988.58,2988.58,False,pv,False
France,Solar photovoltaic,OnGrid,2012,4300.76,4300.76,False,pv,False
France,Solar photovoltaic,OnGrid,2013,5160.28,5160.28,False,pv,False
France,Solar photovoltaic,OnGrid,2014,5861.41,5861.41,False,pv,False
France,Solar photovoltaic,OnGrid,2015,6819.54,6819.54,False,pv,False
France,Solar photovoltaic,OnGrid,2016,7319.08,7319.08,False,pv,False
France,Solar photovoltaic,OnGrid,2017,7523.77,7523.77,False,pv,False
France,Solar photovoltaic,OnGrid,2018,8693.45,8693.45,False,pv,False
France,Solar photovoltaic,OnGrid,2019,9725.78,9725.78,False,pv,False
France,Solar photovoltaic,OnGrid,2020,10882.85,10882.85,False,pv,False
France,Solar photovoltaic,OnGrid,2021,13834.93,13834.93,False,pv,False
France,Solar photovoltaic,OnGrid,2022,16427.6,16427.6,False,pv,False
France,Solar photovoltaic,OnGrid,2023,19749.31,19749.31,False,pv,False
France,Solar photovoltaic,OnGrid,2024,25082.83,25082.83,False,pv,False
France,Onshore wind energy,OnGrid,2000,38.0,38,False,wind,False
France,Onshore wind energy,OnGrid,2001,66.0,66,False,wind,False
France,Onshore wind energy,OnGrid,2002,138.0,138,False,wind,False
France,Onshore wind energy,OnGrid,2003,218.0,218,False,wind,False
France,Onshore wind energy,OnGrid,2004,358.0,358,False,wind,False
France,Onshore wind energy,OnGrid,2005,690.0,690,False,wind,False
France,Onshore wind energy,OnGrid,2006,1412.0,1412,False,wind,False
France,Onshore wind energy,OnGrid,2007,2223.0,2223,False,wind,False
France,Onshore wind energy,OnGrid,2008,3403.0,3403,False,wind,False
France,Onshore wind energy,OnGrid,2009,4582.0,4582,False,wind,False
France,Onshore wind energy,OnGrid,2010,5912.0,5912,False,wind,False
France,Onshore wind energy,OnGrid,2011,6747.22,6747.22,False,wind,False
France,Onshore wind energy,OnGrid,2012,7596.7,7596.7,False,wind,False
France,Onshore wind energy,OnGrid,2013,8149.33,8149.33,False,wind,False
France,Onshore wind energy,OnGrid,2014,9190.59,9190.59,False,wind,False
France,Onshore wind energy,OnGrid,2015,10287.35,10287.35,False,wind,False
France,Onshore wind energy,OnGrid,2016,11555.76,11555.76,False,wind,False
France,Onshore wind energy,OnGrid,2017,13488.55,13488.55,False,wind,False
France,Onshore wind energy,OnGrid,2018,14887.34,14887.34,False,wind,False
France,Onshore wind energy,OnGrid,2019,16429.55,16429.55,False,wind,False
France,Onshore wind energy,OnGrid,2020,17440.97,17440.97,False,wind,False
France,Onshore wind energy,OnGrid,2021,18427.52,18427.52,False,wind,False
France,Onshore wind energy,OnGrid,2022,20413.75,20413.75,False,wind,False
France,Onshore wind energy,OnGrid,2023,21609.93,21609.93,False,wind,False
France,Onshore wind energy,OnGrid,2024,22747.05,22747.05,False,wind,False
Gabon,Solar photovoltaic,OnGrid,2000,0.0,-,True,pv,False
Gabon,Solar photovoltaic,OnGrid,2001,0.0,-,True,pv,False
Gabon,Solar photovoltaic,OnGrid,2002,0.0,-,True,pv,False
Gabon,Solar photovoltaic,OnGrid,2003,0.0,-,True,pv,False
Gabon,Solar photovoltaic,OnGrid,2004,0.0,-,True,pv,False
Gabon,Solar photovoltaic,OnGrid,2005,0.0,-,True,pv,False
Gabon,Solar photovoltaic,OnGrid,2006,0.0,-,True,pv,False
Gabon,Solar photovoltaic,OnGrid,2007,0.0,-,True,pv,False
Gabon,Solar photovoltaic,OnGrid,2008,0.0,-,True,pv,False
Gabon,Solar photovoltaic,OnGrid,2009,0.0,-,True,pv,False
Gabon,Solar photovoltaic,OnGrid,2010,0.0,-,True,pv,False
Gabon,Solar photovoltaic,OnGrid,2011,0.0,-,True,pv,False
Gabon,Solar photovoltaic,OnGrid,2012,0.0,-,True,pv,False
Gabon,Solar photovoltaic,OnGrid,2013,0.0,-,True,pv,False
Gabon,Solar photovoltaic,OnGrid,2014,0.0,-,True,pv,False
Gabon,Solar photovoltaic,OnGrid,2015,0.0,-,True,pv,False
Gabon,Solar photovoltaic,OnGrid,2016,0.0,-,True,pv,False
Gabon,Solar photovoltaic,OnGrid,2017,0.0,-,True,pv,False
Gabon,Solar photovoltaic,OnGrid,2018,0.0,-,True,pv,False
Gabon,Solar photovoltaic,OnGrid,2019,0.0,-,True,pv,False
Gabon,Solar photovoltaic,OnGrid,2020,0.0,-,True,pv,False
Gabon,Solar photovoltaic,OnGrid,2021,0.0,-,True,pv,False
Gabon,Solar photovoltaic,OnGrid,2022,0.0,-,True,pv,False
Gabon,Solar photovoltaic,OnGrid,2023,0.0,-,True,pv,False
Gabon,Solar photovoltaic,OnGrid,2024,11.0,11,False,pv,False
Gabon,Onshore wind energy,OnGrid,2000,0.0,-,True,wind,False
Gabon,Onshore wind energy,OnGrid,2001,0.0,-,True,wind,False
Gabon,Onshore wind energy,OnGrid,2002,0.0,-,True,wind,False
Gabon,Onshore wind energy,OnGrid,2003,0.0,-,True,wind,False
Gabon,Onshore wind energy,OnGrid,2004,0.0,-,True,wind,False
Gabon,Onshore wind energy,OnGrid,2005,0.0,-,True,wind,False
Gabon,Onshore wind energy,OnGrid,2006,0.0,-,True,wind,False
Gabon,Onshore wind energy,OnGrid,2007,0.0,-,True,wind,False
Gabon,Onshore wind energy,OnGrid,2008,0.0,-,True,wind,False
Gabon,Onshore wind energy,OnGrid,2009,0.0,-,True,wind,False
Gabon,Onshore wind energy,OnGrid,2010,0.0,-,True,wind,False
Gabon,Onshore wind energy,OnGrid,2011,0.0,-,True,wind,False
Gabon,Onshore wind energy,OnGrid,2012,0.0,-,True,wind,False
Gabon,Onshore wind energy,OnGrid,2013,0.0,-,True,wind,False
Gabon,Onshore wind energy,OnGrid,2014,0.0,-,True,wind,False
Gabon,Onshore wind energy,OnGrid,2015,0.0,-,True,wind,False
Gabon,Onshore wind energy,OnGrid,2016,0.0,-,True,wind,False
Gabon,Onshore wind energy,OnGrid,2017,0.0,-,True,wind,False
Gabon,Onshore wind energy,OnGrid,2018,0.0,-,True,wind,False
Gabon,Onshore wind energy,OnGrid,2019,0.0,-,True,wind,False
Gabon,Onshore wind energy,OnGrid,2020,0.0,-,True,wind,False
Gabon,Onshore wind energy,OnGrid,2021,0.0,-,True,wind,False
Gabon,Onshore wind energy,OnGrid,2022,0.0,-,True,wind,False
Gabon,Onshore wind energy,OnGrid,2023,0.0,-,True,wind,False
Gabon,Onshore wind energy,OnGrid,2024,0.0,-,True,wind,False
Gambia,Solar photovoltaic,OnGrid,2000,0.0,-,True,pv,False
Gambia,Solar photovoltaic,OnGrid,2001,0.0,-,True,pv,False
Gambia,Solar photovoltaic,OnGrid,2002,0.0,-,True,pv,False
Gambia,Solar photovoltaic,OnGrid,2003,0.0,-,True,pv,False
Gambia,Solar photovoltaic,OnGrid,2004,0.0,-,True,pv,False
Gambia,Solar photovoltaic,OnGrid,2005,0.0,-,True,pv,False
Gambia,Solar photovoltaic,OnGrid,2006,0.0,-,True,pv,False
Gambia,Solar photovoltaic,OnGrid,2007,0.0,-,True,pv,False
Gambia,Solar photovoltaic,OnGrid,2008,0.0,-,True,pv,False
Gambia,Solar photovoltaic,OnGrid,2009,0.0,-,True,pv,False
Gambia,Solar photovoltaic,OnGrid,2010,0.0,-,True,pv,False
Gambia,Solar photovoltaic,OnGrid,2011,0.0,-,True,pv,False
Gambia,Solar photovoltaic,OnGrid,2012,0.0,-,True,pv,False
Gambia,Solar photovoltaic,OnGrid,2013,0.03,0.03,False,pv,False
Gambia,Solar photovoltaic,OnGrid,2014,0.11,0.11,False,pv,False
Gambia,Solar photovoltaic,OnGrid,2015,0.17,0.17,False,pv,False
Gambia,Solar photovoltaic,OnGrid,2016,0.18,0.18,False,pv,False
Gambia,Solar photovoltaic,OnGrid,2017,0.18,0.18,False,pv,False
Gambia,Solar photovoltaic,OnGrid,2018,0.18,0.18,False,pv,False
Gambia,Solar photovoltaic,OnGrid,2019,0.68,0.68,False,pv,False
Gambia,Solar photovoltaic,OnGrid,2020,0.68,0.68,False,pv,False
Gambia,Solar photovoltaic,OnGrid,2021,0.68,0.68,False,pv,False
Gambia,Solar photovoltaic,OnGrid,2022,0.68,0.68,False,pv,False
Gambia,Solar photovoltaic,OnGrid,2023,0.68,0.68,False,pv,False
Gambia,Solar photovoltaic,OnGrid,2024,23.68,23.68,False,pv,False
Gambia,Onshore wind energy,OnGrid,2000,0.0,-,True,wind,False
Gambia,Onshore wind energy,OnGrid,2001,0.0,-,True,wind,False
Gambia,Onshore wind energy,OnGrid,2002,0.0,-,True,wind,False
Gambia,Onshore wind energy,OnGrid,2003,0.0,-,True,wind,False
Gambia,Onshore wind energy,OnGrid,2004,0.0,-,True,wind,False
Gambia,Onshore wind energy,OnGrid,2005,0.0,-,True,wind,False
Gambia,Onshore wind energy,OnGrid,2006,0.0,-,True,wind,False
Gambia,Onshore wind energy,OnGrid,2007,0.0,-,True,wind,False
Gambia,Onshore wind energy,OnGrid,2008,0.0,-,True,wind,False
Gambia,Onshore wind energy,OnGrid,2009,0.15,0.15,False,wind,False
Gambia,Onshore wind energy,OnGrid,2010,0.15,0.15,False,wind,False
Gambia,Onshore wind energy,OnGrid,2011,0.15,0.15,False,wind,False
Gambia,Onshore wind energy,OnGrid,2012,1.05,1.05,False,wind,False
Gambia,Onshore wind energy,OnGrid,2013,1.05,1.05,False,wind,False
Gambia,Onshore wind energy,OnGrid,2014,1.21,1.21,False,wind,False
Gambia,Onshore wind energy,OnGrid,2015,1.21,1.21,False,wind,False
Gambia,Onshore wind energy,OnGrid,2016,1.21,1.21,False,wind,False
Gambia,Onshore wind energy,OnGrid,2017,1.21,1.21,False,wind,False
Gambia,Onshore wind energy,OnGrid,2018,1.21,1.21,False,wind,False
Gambia,Onshore wind energy,OnGrid,2019,1.21,1.21,False,wind,False
Gambia,Onshore wind energy,OnGrid,2020,1.21,1.21,False,wind,False
Gambia,Onshore wind energy,OnGrid,2021,1.21,1.21,False,wind,False
Gambia,Onshore wind energy,OnGrid,2022,1.21,1.21,False,wind,False
Gambia,Onshore wind energy,OnGrid,2023,1.21,1.21,False,wind,False
Gambia,Onshore wind energy,OnGrid,2024,1.21,1.21,False,wind,False
Georgia,Solar photovoltaic,OnGrid,2000,0.0,-,True,pv,False
Georgia,Solar photovoltaic,OnGrid,2001,0.0,-,True,pv,False
Georgia,Solar photovoltaic,OnGrid,2002,0.0,-,True,pv,False
Georgia,Solar photovoltaic,OnGrid,2003,0.0,-,True,pv,False
Georgia,Solar photovoltaic,OnGrid,2004,0.0,-,True,pv,False
Georgia,Solar photovoltaic,OnGrid,2005,0.0,-,True,pv,False
Georgia,Solar photovoltaic,OnGrid,2006,0.0,-,True,pv,False
Georgia,Solar photovoltaic,OnGrid,2007,0.0,-,True,pv,False
Georgia,Solar photovoltaic,OnGrid,2008,0.0,-,True,pv,False
Georgia,Solar photovoltaic,OnGrid,2009,0.0,-,True,pv,False
Georgia,Solar photovoltaic,OnGrid,2010,0.0,-,True,pv,False
Georgia,Solar photovoltaic,OnGrid,2011,0.0,-,True,pv,False
Georgia,Solar photovoltaic,OnGrid,2012,0.0,-,True,pv,False
Georgia,Solar photovoltaic,OnGrid,2013,0.0,-,True,pv,False
Georgia,Solar photovoltaic,OnGrid,2014,0.0,-,True,pv,False
Georgia,Solar photovoltaic,OnGrid,2015,0.0,-,True,pv,False
Georgia,Solar photovoltaic,OnGrid,2016,0.05,0.05,False,pv,False
Georgia,Solar photovoltaic,OnGrid,2017,0.2,0.2,False,pv,False
Georgia,Solar photovoltaic,OnGrid,2018,0.69,0.69,False,pv,False
Georgia,Solar photovoltaic,OnGrid,2019,2.18,2.18,False,pv,False
Georgia,Solar photovoltaic,OnGrid,2020,4.15,4.15,False,pv,False
Georgia,Solar photovoltaic,OnGrid,2021,17.81,17.81,False,pv,False
Georgia,Solar photovoltaic,OnGrid,2022,34.68,34.68,False,pv,False
Georgia,Solar photovoltaic,OnGrid,2023,63.51,63.51,False,pv,False
Georgia,Solar photovoltaic,OnGrid,2024,137.86,137.86,False,pv,False
Georgia,Onshore wind energy,OnGrid,2000,0.0,-,True,wind,False
Georgia,Onshore wind energy,OnGrid,2001,0.0,-,True,wind,False
Georgia,Onshore wind energy,OnGrid,2002,0.0,-,True,wind,False
Georgia,Onshore wind energy,OnGrid,2003,0.0,-,True,wind,False
Georgia,Onshore wind energy,OnGrid,2004,0.0,-,True,wind,False
Georgia,Onshore wind energy,OnGrid,2005,0.0,-,True,wind,False
Georgia,Onshore wind energy,OnGrid,2006,0.0,-,True,wind,False
Georgia,Onshore wind energy,OnGrid,2007,0.0,-,True,wind,False
Georgia,Onshore wind energy,OnGrid,2008,0.0,-,True,wind,False
Georgia,Onshore wind energy,OnGrid,2009,0.0,-,True,wind,False
Georgia,Onshore wind energy,OnGrid,2010,0.0,-,True,wind,False
Georgia,Onshore wind energy,OnGrid,2011,0.0,-,True,wind,False
Georgia,Onshore wind energy,OnGrid,2012,0.0,-,True,wind,False
Georgia,Onshore wind energy,OnGrid,2013,0.0,-,True,wind,False
Georgia,Onshore wind energy,OnGrid,2014,0.0,-,True,wind,False
Georgia,Onshore wind energy,OnGrid,2015,0.0,-,True,wind,False
Georgia,Onshore wind energy,OnGrid,2016,20.0,20,False,wind,False
Georgia,Onshore wind energy,OnGrid,2017,20.0,20,False,wind,False
Georgia,Onshore wind energy,OnGrid,2018,20.0,20,False,wind,False
Georgia,Onshore wind energy,OnGrid,2019,21.0,21,False,wind,False
Georgia,Onshore wind energy,OnGrid,2020,21.0,21,False,wind,False
Georgia,Onshore wind energy,OnGrid,2021,21.0,21,False,wind,False
Georgia,Onshore wind energy,OnGrid,2022,21.02,21.02,False,wind,False
Georgia,Onshore wind energy,OnGrid,2023,21.05,21.05,False,wind,False
Georgia,Onshore wind energy,OnGrid,2024,21.05,21.05,False,wind,False
Germany,Solar photovoltaic,OnGrid,2000,114.0,114,False,pv,False
Germany,Solar photovoltaic,OnGrid,2001,195.0,195,False,pv,False
Germany,Solar photovoltaic,OnGrid,2002,260.0,260,False,pv,False
Germany,Solar photovoltaic,OnGrid,2003,435.0,435,False,pv,False
Germany,Solar photovoltaic,OnGrid,2004,1105.0,1105,False,pv,False
Germany,Solar photovoltaic,OnGrid,2005,2056.0,2056,False,pv,False
Germany,Solar photovoltaic,OnGrid,2006,2899.0,2899,False,pv,False
Germany,Solar photovoltaic,OnGrid,2007,4170.0,4170,False,pv,False
Germany,Solar photovoltaic,OnGrid,2008,6120.0,6120,False,pv,False
Germany,Solar photovoltaic,OnGrid,2009,10564.0,10564,False,pv,False
Germany,Solar photovoltaic,OnGrid,2010,18004.0,18004,False,pv,False
Germany,Solar photovoltaic,OnGrid,2011,25914.0,25914,False,pv,False
Germany,Solar photovoltaic,OnGrid,2012,34075.0,34075,False,pv,False
Germany,Solar photovoltaic,OnGrid,2013,36708.0,36708,False,pv,False
Germany,Solar photovoltaic,OnGrid,2014,37898.0,37898,False,pv,False
Germany,Solar photovoltaic,OnGrid,2015,39222.0,39222,False,pv,False
Germany,Solar photovoltaic,OnGrid,2016,40677.0,40677,False,pv,False
Germany,Solar photovoltaic,OnGrid,2017,42291.0,42291,False,pv,False
Germany,Solar photovoltaic,OnGrid,2018,45156.0,45156,False,pv,False
Germany,Solar photovoltaic,OnGrid,2019,48912.0,48912,False,pv,False
Germany,Solar photovoltaic,OnGrid,2020,53669.0,53669,False,pv,False
Germany,Solar photovoltaic,OnGrid,2021,60036.0,60036,False,pv,False
Germany,Solar photovoltaic,OnGrid,2022,61188.0,61188,False,pv,False
Germany,Solar photovoltaic,OnGrid,2023,75519.0,75519,False,pv,False
Germany,Solar photovoltaic,OnGrid,2024,91204.0,91204,False,pv,False
Germany,Onshore wind energy,OnGrid,2000,6095.0,6095,False,wind,False
Germany,Onshore wind energy,OnGrid,2001,8754.0,8754,False,wind,False
Germany,Onshore wind energy,OnGrid,2002,12001.0,12001,False,wind,False
Germany,Onshore wind energy,OnGrid,2003,14381.0,14381,False,wind,False
Germany,Onshore wind energy,OnGrid,2004,16419.0,16419,False,wind,False
Germany,Onshore wind energy,OnGrid,2005,18248.0,18248,False,wind,False
Germany,Onshore wind energy,OnGrid,2006,20474.0,20474,False,wind,False
Germany,Onshore wind energy,OnGrid,2007,22116.0,22116,False,wind,False
Germany,Onshore wind energy,OnGrid,2008,22794.0,22794,False,wind,False
Germany,Onshore wind energy,OnGrid,2009,25697.0,25697,False,wind,False
Germany,Onshore wind energy,OnGrid,2010,26823.0,26823,False,wind,False
Germany,Onshore wind energy,OnGrid,2011,28524.0,28524,False,wind,False
Germany,Onshore wind energy,OnGrid,2012,30711.0,30711,False,wind,False
Germany,Onshore wind energy,OnGrid,2013,32969.0,32969,False,wind,False
Germany,Onshore wind energy,OnGrid,2014,37620.0,37620,False,wind,False
Germany,Onshore wind energy,OnGrid,2015,41297.0,41297,False,wind,False
Germany,Onshore wind energy,OnGrid,2016,45283.0,45283,False,wind,False
Germany,Onshore wind energy,OnGrid,2017,50174.0,50174,False,wind,False
Germany,Onshore wind energy,OnGrid,2018,52328.0,52328,False,wind,False
Germany,Onshore wind energy,OnGrid,2019,53187.0,53187,False,wind,False
Germany,Onshore wind energy,OnGrid,2020,54414.0,54414,False,wind,False
Germany,Onshore wind energy,OnGrid,2021,55904.0,55904,False,wind,False
Germany,Onshore wind energy,OnGrid,2022,57986.0,57986,False,wind,False
Germany,Onshore wind energy,OnGrid,2023,60965.0,60965,False,wind,False
Germany,Onshore wind energy,OnGrid,2024,63530.0,63530,False,wind,False
Ghana,Solar photovoltaic,OnGrid,2000,0.0,-,True,pv,False
Ghana,Solar photovoltaic,OnGrid,2001,0.0,-,True,pv,False
Ghana,Solar photovoltaic,OnGrid,2002,0.0,-,True,pv,False
Ghana,Solar photovoltaic,OnGrid,2003,0.0,-,True,pv,False
Ghana,Solar photovoltaic,OnGrid,2004,0.0,-,True,pv,False
Ghana,Solar photovoltaic,OnGrid,2005,0.0,-,True,pv,False
Ghana,Solar photovoltaic,OnGrid,2006,0.0,-,True,pv,False
Ghana,Solar photovoltaic,OnGrid,2007,0.0,-,True,pv,False
Ghana,Solar photovoltaic,OnGrid,2008,0.0,-,True,pv,False
Ghana,Solar photovoltaic,OnGrid,2009,0.0,-,True,pv,False
Ghana,Solar photovoltaic,OnGrid,2010,0.0,-,True,pv,False
Ghana,Solar photovoltaic,OnGrid,2011,0.0,-,True,pv,False
Ghana,Solar photovoltaic,OnGrid,2012,0.0,-,True,pv,False
Ghana,Solar photovoltaic,OnGrid,2013,3.0,3,False,pv,False
Ghana,Solar photovoltaic,OnGrid,2014,2.94,2.94,False,pv,False
Ghana,Solar photovoltaic,OnGrid,2015,23.2,23.2,False,pv,False
Ghana,Solar photovoltaic,OnGrid,2016,25.93,25.93,False,pv,False
Ghana,Solar photovoltaic,OnGrid,2017,30.29,30.29,False,pv,False
Ghana,Solar photovoltaic,OnGrid,2018,59.83,59.83,False,pv,False
Ghana,Solar photovoltaic,OnGrid,2019,69.86,69.86,False,pv,False
Ghana,Solar photovoltaic,OnGrid,2020,93.98,93.98,False,pv,False
Ghana,Solar photovoltaic,OnGrid,2021,151.05,151.05,False,pv,False
Ghana,Solar photovoltaic,OnGrid,2022,154.15,154.15,False,pv,False
Ghana,Solar photovoltaic,OnGrid,2023,173.36,173.36,False,pv,False
Ghana,Solar photovoltaic,OnGrid,2024,173.36,173.36,False,pv,False
Ghana,Onshore wind energy,OnGrid,2000,0.0,-,True,wind,False
Ghana,Onshore wind energy,OnGrid,2001,0.0,-,True,wind,False
Ghana,Onshore wind energy,OnGrid,2002,0.0,-,True,wind,False
Ghana,Onshore wind energy,OnGrid,2003,0.0,-,True,wind,False
Ghana,Onshore wind energy,OnGrid,2004,0.0,-,True,wind,False
Ghana,Onshore wind energy,OnGrid,2005,0.0,-,True,wind,False
Ghana,Onshore wind energy,OnGrid,2006,0.0,-,True,wind,False
Ghana,Onshore wind energy,OnGrid,2007,0.0,-,True,wind,False
Ghana,Onshore wind energy,OnGrid,2008,0.0,-,True,wind,False
Ghana,Onshore wind energy,OnGrid,2009,0.0,-,True,wind,False
Ghana,Onshore wind energy,OnGrid,2010,0.0,-,True,wind,False
Ghana,Onshore wind energy,OnGrid,2011,0.0,-,True,wind,False
Ghana,Onshore wind energy,OnGrid,2012,0.0,-,True,wind,False
Ghana,Onshore wind energy,OnGrid,2013,0.0,-,True,wind,False
Ghana,Onshore wind energy,OnGrid,2014,0.0,-,True,wind,False
Ghana,Onshore wind energy,OnGrid,2015,0.0,-,True,wind,False
Ghana,Onshore wind energy,OnGrid,2016,0.0,-,True,wind,False
Ghana,Onshore wind energy,OnGrid,2017,0.0,-,True,wind,False
Ghana,Onshore wind energy,OnGrid,2018,0.0,-,True,wind,False
Ghana,Onshore wind energy,OnGrid,2019,0.0,-,True,wind,False
Ghana,Onshore wind energy,OnGrid,2020,0.0,-,True,wind,False
Ghana,Onshore wind energy,OnGrid,2021,0.0,-,True,wind,False
Ghana,Onshore wind energy,OnGrid,2022,0.0,-,True,wind,False
Ghana,Onshore wind energy,OnGrid,2023,0.0,-,True,wind,False
Ghana,Onshore wind energy,OnGrid,2024,0.0,-,True,wind,False
Greece,Solar photovoltaic,OnGrid,2000,0.0,-,True,pv,False
Greece,Solar photovoltaic,OnGrid,2001,1.0,1,False,pv,False
Greece,Solar photovoltaic,OnGrid,2002,1.0,1,False,pv,False
Greece,Solar photovoltaic,OnGrid,2003,1.0,1,False,pv,False
Greece,Solar photovoltaic,OnGrid,2004,1.0,1,False,pv,False
Greece,Solar photovoltaic,OnGrid,2005,1.0,1,False,pv,False
Greece,Solar photovoltaic,OnGrid,2006,5.0,5,False,pv,False
Greece,Solar photovoltaic,OnGrid,2007,9.0,9,False,pv,False
Greece,Solar photovoltaic,OnGrid,2008,12.0,12,False,pv,False
Greece,Solar photovoltaic,OnGrid,2009,46.0,46,False,pv,False
Greece,Solar photovoltaic,OnGrid,2010,202.0,202,False,pv,False
Greece,Solar photovoltaic,OnGrid,2011,612.0,612,False,pv,False
Greece,Solar photovoltaic,OnGrid,2012,1536.0,1536,False,pv,False
Greece,Solar photovoltaic,OnGrid,2013,2579.0,2579,False,pv,False
Greece,Solar photovoltaic,OnGrid,2014,2596.0,2596,False,pv,False
Greece,Solar photovoltaic,OnGrid,2015,2604.0,2604,False,pv,False
Greece,Solar photovoltaic,OnGrid,2016,2604.0,2604,False,pv,False
Greece,Solar photovoltaic,OnGrid,2017,2551.54,2551.54,False,pv,False
Greece,Solar photovoltaic,OnGrid,2018,2591.03,2591.03,False,pv,False
Greece,Solar photovoltaic,OnGrid,2019,2753.8,2753.8,False,pv,False
Greece,Solar photovoltaic,OnGrid,2020,3173.73,3173.73,False,pv,False
Greece,Solar photovoltaic,OnGrid,2021,4073.4,4073.4,False,pv,False
Greece,Solar photovoltaic,OnGrid,2022,5104.08,5104.08,False,pv,False
Greece,Solar photovoltaic,OnGrid,2023,6688.7,6688.7,False,pv,False
Greece,Solar photovoltaic,OnGrid,2024,8826.92,8826.92,False,pv,False
Greece,Onshore wind energy,OnGrid,2000,226.0,226,False,wind,False
Greece,Onshore wind energy,OnGrid,2001,270.0,270,False,wind,False
Greece,Onshore wind energy,OnGrid,2002,287.0,287,False,wind,False
Greece,Onshore wind energy,OnGrid,2003,371.0,371,False,wind,False
Greece,Onshore wind energy,OnGrid,2004,470.0,470,False,wind,False
Greece,Onshore wind energy,OnGrid,2005,491.0,491,False,wind,False
Greece,Onshore wind energy,OnGrid,2006,749.0,749,False,wind,False
Greece,Onshore wind energy,OnGrid,2007,846.0,846,False,wind,False
Greece,Onshore wind energy,OnGrid,2008,1022.0,1022,False,wind,False
Greece,Onshore wind energy,OnGrid,2009,1171.0,1171,False,wind,False
Greece,Onshore wind energy,OnGrid,2010,1298.0,1298,False,wind,False
Greece,Onshore wind energy,OnGrid,2011,1640.0,1640,False,wind,False
Greece,Onshore wind energy,OnGrid,2012,1753.0,1753,False,wind,False
Greece,Onshore wind energy,OnGrid,2013,1809.0,1809,False,wind,False
Greece,Onshore wind energy,OnGrid,2014,1978.0,1978,False,wind,False
Greece,Onshore wind energy,OnGrid,2015,2091.0,2091,False,wind,False
Greece,Onshore wind energy,OnGrid,2016,2370.0,2370,False,wind,False
Greece,Onshore wind energy,OnGrid,2017,2624.0,2624,False,wind,False
Greece,Onshore wind energy,OnGrid,2018,2877.5,2877.5,False,wind,False
Greece,Onshore wind energy,OnGrid,2019,3589.0,3589,False,wind,False
Greece,Onshore wind energy,OnGrid,2020,4119.25,4119.25,False,wind,False
Greece,Onshore wind energy,OnGrid,2021,4649.13,4649.13,False,wind,False
Greece,Onshore wind energy,OnGrid,2022,4702.33,4702.33,False,wind,False
Greece,Onshore wind energy,OnGrid,2023,5231.7,5231.7,False,wind,False
Greece,Onshore wind energy,OnGrid,2024,5366.39,5366.39,False,wind,False
Greenland,Solar photovoltaic,OnGrid,2000,0.0,-,True,pv,False
Greenland,Solar photovoltaic,OnGrid,2001,0.0,-,True,pv,False
Greenland,Solar photovoltaic,OnGrid,2002,0.0,-,True,pv,False
Greenland,Solar photovoltaic,OnGrid,2003,0.0,-,True,pv,False
Greenland,Solar photovoltaic,OnGrid,2004,0.0,-,True,pv,False
Greenland,Solar photovoltaic,OnGrid,2005,0.0,-,True,pv,False
Greenland,Solar photovoltaic,OnGrid,2006,0.0,-,True,pv,False
Greenland,Solar photovoltaic,OnGrid,2007,0.0,-,True,pv,False
Greenland,Solar photovoltaic,OnGrid,2008,0.0,-,True,pv,False
Greenland,Solar photovoltaic,OnGrid,2009,0.0,-,True,pv,False
Greenland,Solar photovoltaic,OnGrid,2010,0.0,-,True,pv,False
Greenland,Solar photovoltaic,OnGrid,2011,0.0,-,True,pv,False
Greenland,Solar photovoltaic,OnGrid,2012,0.0,-,True,pv,False
Greenland,Solar photovoltaic,OnGrid,2013,0.0,-,True,pv,False
Greenland,Solar photovoltaic,OnGrid,2014,0.0,-,True,pv,False
Greenland,Solar photovoltaic,OnGrid,2015,0.0,-,True,pv,False
Greenland,Solar photovoltaic,OnGrid,2016,0.0,-,True,pv,False
Greenland,Solar photovoltaic,OnGrid,2017,0.0,-,True,pv,False
Greenland,Solar photovoltaic,OnGrid,2018,0.0,-,True,pv,False
Greenland,Solar photovoltaic,OnGrid,2019,0.0,-,True,pv,False
Greenland,Solar photovoltaic,OnGrid,2020,0.0,-,True,pv,False
Greenland,Solar photovoltaic,OnGrid,2021,0.0,-,True,pv,False
Greenland,Solar photovoltaic,OnGrid,2022,0.0,-,True,pv,False
Greenland,Solar photovoltaic,OnGrid,2023,0.0,-,True,pv,False
Greenland,Solar photovoltaic,OnGrid,2024,0.0,-,True,pv,False
Greenland,Onshore wind energy,OnGrid,2000,0.0,-,True,wind,False
Greenland,Onshore wind energy,OnGrid,2001,0.0,-,True,wind,False
Greenland,Onshore wind energy,OnGrid,2002,0.0,-,True,wind,False
Greenland,Onshore wind energy,OnGrid,2003,0.0,-,True,wind,False
Greenland,Onshore wind energy,OnGrid,2004,0.0,-,True,wind,False
Greenland,Onshore wind energy,OnGrid,2005,0.0,-,True,wind,False
Greenland,Onshore wind energy,OnGrid,2006,0.0,-,True,wind,False
Greenland,Onshore wind energy,OnGrid,2007,0.0,-,True,wind,False
Greenland,Onshore wind energy,OnGrid,2008,0.0,-,True,wind,False
Greenland,Onshore wind energy,OnGrid,2009,0.0,-,True,wind,False
Greenland,Onshore wind energy,OnGrid,2010,0.0,-,True,wind,False
Greenland,Onshore wind energy,OnGrid,2011,0.0,-,True,wind,False
Greenland,Onshore wind energy,OnGrid,2012,0.0,-,True,wind,False
Greenland,Onshore wind energy,OnGrid,2013,0.0,-,True,wind,False
Greenland,Onshore wind energy,OnGrid,2014,0.0,-,True,wind,False
Greenland,Onshore wind energy,OnGrid,2015,0.0,-,True,wind,False
Greenland,Onshore wind energy,OnGrid,2016,0.0,-,True,wind,False
Greenland,Onshore wind energy,OnGrid,2017,0.0,-,True,wind,False
Greenland,Onshore wind energy,OnGrid,2018,0.0,-,True,wind,False
Greenland,Onshore wind energy,OnGrid,2019,0.0,-,True,wind,False
Greenland,Onshore wind energy,OnGrid,2020,0.0,-,True,wind,False
Greenland,Onshore wind energy,OnGrid,2021,0.0,-,True,wind,False
Greenland,Onshore wind energy,OnGrid,2022,0.0,-,True,wind,False
Greenland,Onshore wind energy,OnGrid,2023,0.0,-,True,wind,False
Greenland,Onshore wind energy,OnGrid,2024,0.0,-,True,wind,False
Grenada,Solar photovoltaic,OnGrid,2000,0.0,-,True,pv,False
Grenada,Solar photovoltaic,OnGrid,2001,0.0,-,True,pv,False
Grenada,Solar photovoltaic,OnGrid,2002,0.0,-,True,pv,False
Grenada,Solar photovoltaic,OnGrid,2003,0.0,-,True,pv,False
Grenada,Solar photovoltaic,OnGrid,2004,0.0,-,True,pv,False
Grenada,Solar photovoltaic,OnGrid,2005,0.0,-,True,pv,False
Grenada,Solar photovoltaic,OnGrid,2006,0.0,-,True,pv,False
Grenada,Solar photovoltaic,OnGrid,2007,0.0,0,False,pv,False
Grenada,Solar photovoltaic,OnGrid,2008,0.07,0.07,False,pv,False
Grenada,Solar photovoltaic,OnGrid,2009,0.11,0.11,False,pv,False
Grenada,Solar photovoltaic,OnGrid,2010,0.18,0.18,False,pv,False
Grenada,Solar photovoltaic,OnGrid,2011,0.27,0.27,False,pv,False
Grenada,Solar photovoltaic,OnGrid,2012,0.31,0.31,False,pv,False
Grenada,Solar photovoltaic,OnGrid,2013,0.52,0.52,False,pv,False
Grenada,Solar photovoltaic,OnGrid,2014,0.7,0.7,False,pv,False
Grenada,Solar photovoltaic,OnGrid,2015,1.02,1.02,False,pv,False
Grenada,Solar photovoltaic,OnGrid,2016,2.19,2.19,False,pv,False
Grenada,Solar photovoltaic,OnGrid,2017,2.28,2.28,False,pv,False
Grenada,Solar photovoltaic,OnGrid,2018,2.66,2.66,False,pv,False
Grenada,Solar photovoltaic,OnGrid,2019,3.27,3.27,False,pv,False
Grenada,Solar photovoltaic,OnGrid,2020,3.6,3.6,False,pv,False
Grenada,Solar photovoltaic,OnGrid,2021,3.65,3.65,False,pv,False
Grenada,Solar photovoltaic,OnGrid,2022,3.65,3.65,False,pv,False
Grenada,Solar photovoltaic,OnGrid,2023,3.78,3.78,False,pv,False
Grenada,Solar photovoltaic,OnGrid,2024,3.78,3.78,False,pv,False
Grenada,Onshore wind energy,OnGrid,2000,0.0,-,True,wind,False
Grenada,Onshore wind energy,OnGrid,2001,0.0,-,True,wind,False
Grenada,Onshore wind energy,OnGrid,2002,0.0,-,True,wind,False
Grenada,Onshore wind energy,OnGrid,2003,0.0,-,True,wind,False
Grenada,Onshore wind energy,OnGrid,2004,0.0,-,True,wind,False
Grenada,Onshore wind energy,OnGrid,2005,0.0,-,True,wind,False
Grenada,Onshore wind energy,OnGrid,2006,0.0,-,True,wind,False
Grenada,Onshore wind energy,OnGrid,2007,0.0,0,False,wind,False
Grenada,Onshore wind energy,OnGrid,2008,0.08,0.08,False,wind,False
Grenada,Onshore wind energy,OnGrid,2009,0.08,0.08,False,wind,False
Grenada,Onshore wind energy,OnGrid,2010,0.08,0.08,False,wind,False
Grenada,Onshore wind energy,OnGrid,2011,0.08,0.08,False,wind,False
Grenada,Onshore wind energy,OnGrid,2012,0.08,0.08,False,wind,False
Grenada,Onshore wind energy,OnGrid,2013,0.08,0.08,False,wind,False
Grenada,Onshore wind energy,OnGrid,2014,0.08,0.08,False,wind,False
Grenada,Onshore wind energy,OnGrid,2015,0.08,0.08,False,wind,False
Grenada,Onshore wind energy,OnGrid,2016,0.08,0.08,False,wind,False
Grenada,Onshore wind energy,OnGrid,2017,0.08,0.08,False,wind,False
Grenada,Onshore wind energy,OnGrid,2018,0.08,0.08,False,wind,False
Grenada,Onshore wind energy,OnGrid,2019,0.08,0.08,False,wind,False
Grenada,Onshore wind energy,OnGrid,2020,0.08,0.08,False,wind,False
Grenada,Onshore wind energy,OnGrid,2021,0.08,0.08,False,wind,False
Grenada,Onshore wind energy,OnGrid,2022,0.08,0.08,False,wind,False
Grenada,Onshore wind energy,OnGrid,2023,0.08,0.08,False,wind,False
Grenada,Onshore wind energy,OnGrid,2024,0.08,0.08,False,wind,False
Guadeloupe,Solar photovoltaic,OnGrid,2000,0.0,-,True,pv,False
Guadeloupe,Solar photovoltaic,OnGrid,2001,0.0,-,True,pv,False
Guadeloupe,Solar photovoltaic,OnGrid,2002,0.0,-,True,pv,False
Guadeloupe,Solar photovoltaic,OnGrid,2003,0.0,-,True,pv,False
Guadeloupe,Solar photovoltaic,OnGrid,2004,0.0,-,True,pv,False
Guadeloupe,Solar photovoltaic,OnGrid,2005,0.56,0.56,False,pv,False
Guadeloupe,Solar photovoltaic,OnGrid,2006,1.72,1.72,False,pv,False
Guadeloupe,Solar photovoltaic,OnGrid,2007,2.72,2.72,False,pv,False
Guadeloupe,Solar photovoltaic,OnGrid,2008,5.03,5.03,False,pv,False
Guadeloupe,Solar photovoltaic,OnGrid,2009,11.07,11.07,False,pv,False
Guadeloupe,Solar photovoltaic,OnGrid,2010,22.48,22.48,False,pv,False
Guadeloupe,Solar photovoltaic,OnGrid,2011,55.07,55.07,False,pv,False
Guadeloupe,Solar photovoltaic,OnGrid,2012,66.88,66.88,False,pv,False
Guadeloupe,Solar photovoltaic,OnGrid,2013,68.68,68.68,False,pv,False
Guadeloupe,Solar photovoltaic,OnGrid,2014,69.6,69.6,False,pv,False
Guadeloupe,Solar photovoltaic,OnGrid,2015,69.86,69.86,False,pv,False
Guadeloupe,Solar photovoltaic,OnGrid,2016,69.86,69.86,False,pv,False
Guadeloupe,Solar photovoltaic,OnGrid,2017,70.49,70.49,False,pv,False
Guadeloupe,Solar photovoltaic,OnGrid,2018,72.22,72.22,False,pv,False
Guadeloupe,Solar photovoltaic,OnGrid,2019,83.47,83.47,False,pv,False
Guadeloupe,Solar photovoltaic,OnGrid,2020,87.61,87.61,False,pv,False
Guadeloupe,Solar photovoltaic,OnGrid,2021,89.9,89.9,False,pv,False
Guadeloupe,Solar photovoltaic,OnGrid,2022,93.03,93.03,False,pv,False
Guadeloupe,Solar photovoltaic,OnGrid,2023,95.0,95,False,pv,False
Guadeloupe,Solar photovoltaic,OnGrid,2024,95.0,95,False,pv,False
Guadeloupe,Onshore wind energy,OnGrid,2000,6.42,6.42,False,wind,False
Guadeloupe,Onshore wind energy,OnGrid,2001,9.72,9.72,False,wind,False
Guadeloupe,Onshore wind energy,OnGrid,2002,11.92,11.92,False,wind,False
Guadeloupe,Onshore wind energy,OnGrid,2003,17.86,17.86,False,wind,False
Guadeloupe,Onshore wind energy,OnGrid,2004,17.86,17.86,False,wind,False
Guadeloupe,Onshore wind energy,OnGrid,2005,17.86,17.86,False,wind,False
Guadeloupe,Onshore wind energy,OnGrid,2006,19.79,19.79,False,wind,False
Guadeloupe,Onshore wind energy,OnGrid,2007,22.82,22.82,False,wind,False
Guadeloupe,Onshore wind energy,OnGrid,2008,24.19,24.19,False,wind,False
Guadeloupe,Onshore wind energy,OnGrid,2009,24.19,24.19,False,wind,False
Guadeloupe,Onshore wind energy,OnGrid,2010,25.84,25.84,False,wind,False
Guadeloupe,Onshore wind energy,OnGrid,2011,25.84,25.84,False,wind,False
Guadeloupe,Onshore wind energy,OnGrid,2012,25.84,25.84,False,wind,False
Guadeloupe,Onshore wind energy,OnGrid,2013,25.84,25.84,False,wind,False
Guadeloupe,Onshore wind energy,OnGrid,2014,25.84,25.84,False,wind,False
Guadeloupe,Onshore wind energy,OnGrid,2015,26.82,26.82,False,wind,False
Guadeloupe,Onshore wind energy,OnGrid,2016,27.34,27.34,False,wind,False
Guadeloupe,Onshore wind energy,OnGrid,2017,27.34,27.34,False,wind,False
Guadeloupe,Onshore wind energy,OnGrid,2018,43.34,43.34,False,wind,False
Guadeloupe,Onshore wind energy,OnGrid,2019,48.44,48.44,False,wind,False
Guadeloupe,Onshore wind energy,OnGrid,2020,42.11,42.11,False,wind,False
Guadeloupe,Onshore wind energy,OnGrid,2021,52.01,52.01,False,wind,False
Guadeloupe,Onshore wind energy,OnGrid,2022,56.03,56.03,False,wind,False
Guadeloupe,Onshore wind energy,OnGrid,2023,56.03,56.03,False,wind,False
Guadeloupe,Onshore wind energy,OnGrid,2024,57.03,57.03,False,wind,False
Guam,Solar photovoltaic,OnGrid,2000,0.0,-,True,pv,False
Guam,Solar photovoltaic,OnGrid,2001,0.0,-,True,pv,False
Guam,Solar photovoltaic,OnGrid,2002,0.0,-,True,pv,False
Guam,Solar photovoltaic,OnGrid,2003,0.0,-,True,pv,False
Guam,Solar photovoltaic,OnGrid,2004,0.0,-,True,pv,False
Guam,Solar photovoltaic,OnGrid,2005,0.0,-,True,pv,False
Guam,Solar photovoltaic,OnGrid,2006,0.0,-,True,pv,False
Guam,Solar photovoltaic,OnGrid,2007,0.0,-,True,pv,False
Guam,Solar photovoltaic,OnGrid,2008,0.0,-,True,pv,False
Guam,Solar photovoltaic,OnGrid,2009,0.05,0.05,False,pv,False
Guam,Solar photovoltaic,OnGrid,2010,0.09,0.09,False,pv,False
Guam,Solar photovoltaic,OnGrid,2011,0.14,0.14,False,pv,False
Guam,Solar photovoltaic,OnGrid,2012,0.32,0.32,False,pv,False
Guam,Solar photovoltaic,OnGrid,2013,0.81,0.81,False,pv,False
Guam,Solar photovoltaic,OnGrid,2014,1.44,1.44,False,pv,False
Guam,Solar photovoltaic,OnGrid,2015,31.95,31.95,False,pv,False
Guam,Solar photovoltaic,OnGrid,2016,34.65,34.65,False,pv,False
Guam,Solar photovoltaic,OnGrid,2017,36.3,36.3,False,pv,False
Guam,Solar photovoltaic,OnGrid,2018,38.08,38.08,False,pv,False
Guam,Solar photovoltaic,OnGrid,2019,39.73,39.73,False,pv,False
Guam,Solar photovoltaic,OnGrid,2020,41.38,41.38,False,pv,False
Guam,Solar photovoltaic,OnGrid,2021,43.03,43.03,False,pv,False
Guam,Solar photovoltaic,OnGrid,2022,104.68,104.68,False,pv,False
Guam,Solar photovoltaic,OnGrid,2023,104.8,104.8,False,pv,False
Guam,Solar photovoltaic,OnGrid,2024,104.8,104.8,False,pv,False
Guam,Onshore wind energy,OnGrid,2000,0.0,-,True,wind,False
Guam,Onshore wind energy,OnGrid,2001,0.0,-,True,wind,False
Guam,Onshore wind energy,OnGrid,2002,0.0,-,True,wind,False
Guam,Onshore wind energy,OnGrid,2003,0.0,-,True,wind,False
Guam,Onshore wind energy,OnGrid,2004,0.0,-,True,wind,False
Guam,Onshore wind energy,OnGrid,2005,0.0,-,True,wind,False
Guam,Onshore wind energy,OnGrid,2006,0.0,-,True,wind,False
Guam,Onshore wind energy,OnGrid,2007,0.0,-,True,wind,False
Guam,Onshore wind energy,OnGrid,2008,0.0,-,True,wind,False
Guam,Onshore wind energy,OnGrid,2009,0.0,-,True,wind,False
Guam,Onshore wind energy,OnGrid,2010,0.0,-,True,wind,False
Guam,Onshore wind energy,OnGrid,2011,0.0,-,True,wind,False
Guam,Onshore wind energy,OnGrid,2012,0.0,-,True,wind,False
Guam,Onshore wind energy,OnGrid,2013,0.0,-,True,wind,False
Guam,Onshore wind energy,OnGrid,2014,0.0,-,True,wind,False
Guam,Onshore wind energy,OnGrid,2015,0.0,-,True,wind,False
Guam,Onshore wind energy,OnGrid,2016,0.28,0.28,False,wind,False
Guam,Onshore wind energy,OnGrid,2017,0.28,0.28,False,wind,False
Guam,Onshore wind energy,OnGrid,2018,0.28,0.28,False,wind,False
Guam,Onshore wind energy,OnGrid,2019,0.28,0.28,False,wind,False
Guam,Onshore wind energy,OnGrid,2020,0.28,0.28,False,wind,False
Guam,Onshore wind energy,OnGrid,2021,0.28,0.28,False,wind,False
Guam,Onshore wind energy,OnGrid,2022,0.28,0.28,False,wind,False
Guam,Onshore wind energy,OnGrid,2023,0.28,0.28,False,wind,False
Guam,Onshore wind energy,OnGrid,2024,0.28,0.28,False,wind,False
Guatemala,Solar photovoltaic,OnGrid,2000,0.0,-,True,pv,False
Guatemala,Solar photovoltaic,OnGrid,2001,0.0,-,True,pv,False
Guatemala,Solar photovoltaic,OnGrid,2002,0.0,-,True,pv,False
Guatemala,Solar photovoltaic,OnGrid,2003,0.0,-,True,pv,False
Guatemala,Solar photovoltaic,OnGrid,2004,0.0,-,True,pv,False
Guatemala,Solar photovoltaic,OnGrid,2005,0.0,-,True,pv,False
Guatemala,Solar photovoltaic,OnGrid,2006,0.0,-,True,pv,False
Guatemala,Solar photovoltaic,OnGrid,2007,0.0,-,True,pv,False
Guatemala,Solar photovoltaic,OnGrid,2008,0.0,-,True,pv,False
Guatemala,Solar photovoltaic,OnGrid,2009,0.0,-,True,pv,False
Guatemala,Solar photovoltaic,OnGrid,2010,0.0,-,True,pv,False
Guatemala,Solar photovoltaic,OnGrid,2011,0.0,-,True,pv,False
Guatemala,Solar photovoltaic,OnGrid,2012,0.0,-,True,pv,False
Guatemala,Solar photovoltaic,OnGrid,2013,0.0,-,True,pv,False
Guatemala,Solar photovoltaic,OnGrid,2014,5.0,5,False,pv,False
Guatemala,Solar photovoltaic,OnGrid,2015,85.0,85,False,pv,False
Guatemala,Solar photovoltaic,OnGrid,2016,85.0,85,False,pv,False
Guatemala,Solar photovoltaic,OnGrid,2017,92.5,92.5,False,pv,False
Guatemala,Solar photovoltaic,OnGrid,2018,92.5,92.5,False,pv,False
Guatemala,Solar photovoltaic,OnGrid,2019,92.5,92.5,False,pv,False
Guatemala,Solar photovoltaic,OnGrid,2020,93.0,93,False,pv,False
Guatemala,Solar photovoltaic,OnGrid,2021,93.0,93,False,pv,False
Guatemala,Solar photovoltaic,OnGrid,2022,96.5,96.5,False,pv,False
Guatemala,Solar photovoltaic,OnGrid,2023,101.3,101.3,False,pv,False
Guatemala,Solar photovoltaic,OnGrid,2024,101.3,101.3,False,pv,False
Guatemala,Onshore wind energy,OnGrid,2000,0.0,-,True,wind,False
Guatemala,Onshore wind energy,OnGrid,2001,0.0,-,True,wind,False
Guatemala,Onshore wind energy,OnGrid,2002,0.0,-,True,wind,False
Guatemala,Onshore wind energy,OnGrid,2003,0.0,-,True,wind,False
Guatemala,Onshore wind energy,OnGrid,2004,0.0,-,True,wind,False
Guatemala,Onshore wind energy,OnGrid,2005,0.0,-,True,wind,False
Guatemala,Onshore wind energy,OnGrid,2006,0.0,-,True,wind,False
Guatemala,Onshore wind energy,OnGrid,2007,0.0,-,True,wind,False
Guatemala,Onshore wind energy,OnGrid,2008,0.0,-,True,wind,False
Guatemala,Onshore wind energy,OnGrid,2009,0.0,-,True,wind,False
Guatemala,Onshore wind energy,OnGrid,2010,0.0,-,True,wind,False
Guatemala,Onshore wind energy,OnGrid,2011,0.0,-,True,wind,False
Guatemala,Onshore wind energy,OnGrid,2012,0.0,-,True,wind,False
Guatemala,Onshore wind energy,OnGrid,2013,0.0,-,True,wind,False
Guatemala,Onshore wind energy,OnGrid,2014,0.0,-,True,wind,False
Guatemala,Onshore wind energy,OnGrid,2015,75.9,75.9,False,wind,False
Guatemala,Onshore wind energy,OnGrid,2016,75.9,75.9,False,wind,False
Guatemala,Onshore wind energy,OnGrid,2017,75.9,75.9,False,wind,False
Guatemala,Onshore wind energy,OnGrid,2018,107.4,107.4,False,wind,False
Guatemala,Onshore wind energy,OnGrid,2019,107.4,107.4,False,wind,False
Guatemala,Onshore wind energy,OnGrid,2020,107.4,107.4,False,wind,False
Guatemala,Onshore wind energy,OnGrid,2021,107.4,107.4,False,wind,False
Guatemala,Onshore wind energy,OnGrid,2022,107.4,107.4,False,wind,False
Guatemala,Onshore wind energy,OnGrid,2023,107.4,107.4,False,wind,False
Guatemala,Onshore wind energy,OnGrid,2024,107.4,107.4,False,wind,False
Guinea,Solar photovoltaic,OnGrid,2000,0.0,-,True,pv,False
Guinea,Solar photovoltaic,OnGrid,2001,0.0,-,True,pv,False
Guinea,Solar photovoltaic,OnGrid,2002,0.0,-,True,pv,False
Guinea,Solar photovoltaic,OnGrid,2003,0.0,-,True,pv,False
Guinea,Solar photovoltaic,OnGrid,2004,0.0,-,True,pv,False
Guinea,Solar photovoltaic,OnGrid,2005,0.0,-,True,pv,False
Guinea,Solar photovoltaic,OnGrid,2006,0.0,-,True,pv,False
Guinea,Solar photovoltaic,OnGrid,2007,0.0,-,True,pv,False
Guinea,Solar photovoltaic,OnGrid,2008,0.0,-,True,pv,False
Guinea,Solar photovoltaic,OnGrid,2009,0.0,-,True,pv,False
Guinea,Solar photovoltaic,OnGrid,2010,0.0,-,True,pv,False
Guinea,Solar photovoltaic,OnGrid,2011,0.0,-,True,pv,False
Guinea,Solar photovoltaic,OnGrid,2012,0.02,0.02,False,pv,False
Guinea,Solar photovoltaic,OnGrid,2013,0.04,0.04,False,pv,False
Guinea,Solar photovoltaic,OnGrid,2014,0.04,0.04,False,pv,False
Guinea,Solar photovoltaic,OnGrid,2015,0.04,0.04,False,pv,False
Guinea,Solar photovoltaic,OnGrid,2016,0.04,0.04,False,pv,False
Guinea,Solar photovoltaic,OnGrid,2017,0.04,0.04,False,pv,False
Guinea,Solar photovoltaic,OnGrid,2018,0.08,0.08,False,pv,False
Guinea,Solar photovoltaic,OnGrid,2019,0.08,0.08,False,pv,False
Guinea,Solar photovoltaic,OnGrid,2020,0.08,0.08,False,pv,False
Guinea,Solar photovoltaic,OnGrid,2021,0.08,0.08,False,pv,False
Guinea,Solar photovoltaic,OnGrid,2022,0.08,0.08,False,pv,False
Guinea,Solar photovoltaic,OnGrid,2023,0.08,0.08,False,pv,False
Guinea,Solar photovoltaic,OnGrid,2024,0.08,0.08,False,pv,False
Guinea,Onshore wind energy,OnGrid,2000,0.0,-,True,wind,False
Guinea,Onshore wind energy,OnGrid,2001,0.0,-,True,wind,False
Guinea,Onshore wind energy,OnGrid,2002,0.0,-,True,wind,False
Guinea,Onshore wind energy,OnGrid,2003,0.0,-,True,wind,False
Guinea,Onshore wind energy,OnGrid,2004,0.0,-,True,wind,False
Guinea,Onshore wind energy,OnGrid,2005,0.0,-,True,wind,False
Guinea,Onshore wind energy,OnGrid,2006,0.0,-,True,wind,False
Guinea,Onshore wind energy,OnGrid,2007,0.0,-,True,wind,False
Guinea,Onshore wind energy,OnGrid,2008,0.0,-,True,wind,False
Guinea,Onshore wind energy,OnGrid,2009,0.0,-,True,wind,False
Guinea,Onshore wind energy,OnGrid,2010,0.0,-,True,wind,False
Guinea,Onshore wind energy,OnGrid,2011,0.0,-,True,wind,False
Guinea,Onshore wind energy,OnGrid,2012,0.0,-,True,wind,False
Guinea,Onshore wind energy,OnGrid,2013,0.0,-,True,wind,False
Guinea,Onshore wind energy,OnGrid,2014,0.0,-,True,wind,False
Guinea,Onshore wind energy,OnGrid,2015,0.0,-,True,wind,False
Guinea,Onshore wind energy,OnGrid,2016,0.0,-,True,wind,False
Guinea,Onshore wind energy,OnGrid,2017,0.0,-,True,wind,False
Guinea,Onshore wind energy,OnGrid,2018,0.0,-,True,wind,False
Guinea,Onshore wind energy,OnGrid,2019,0.0,-,True,wind,False
Guinea,Onshore wind energy,OnGrid,2020,0.0,-,True,wind,False
Guinea,Onshore wind energy,OnGrid,2021,0.0,-,True,wind,False
Guinea,Onshore wind energy,OnGrid,2022,0.0,-,True,wind,False
Guinea,Onshore wind energy,OnGrid,2023,0.0,-,True,wind,False
Guinea,Onshore wind energy,OnGrid,2024,0.0,-,True,wind,False
Guinea Bissau,Solar photovoltaic,OnGrid,2000,0.0,-,True,pv,False
Guinea Bissau,Solar photovoltaic,OnGrid,2001,0.0,-,True,pv,False
Guinea Bissau,Solar photovoltaic,OnGrid,2002,0.0,-,True,pv,False
Guinea Bissau,Solar photovoltaic,OnGrid,2003,0.0,-,True,pv,False
Guinea Bissau,Solar photovoltaic,OnGrid,2004,0.0,-,True,pv,False
Guinea Bissau,Solar photovoltaic,OnGrid,2005,0.0,-,True,pv,False
Guinea Bissau,Solar photovoltaic,OnGrid,2006,0.0,-,True,pv,False
Guinea Bissau,Solar photovoltaic,OnGrid,2007,0.0,-,True,pv,False
Guinea Bissau,Solar photovoltaic,OnGrid,2008,0.0,-,True,pv,False
Guinea Bissau,Solar photovoltaic,OnGrid,2009,0.0,-,True,pv,False
Guinea Bissau,Solar photovoltaic,OnGrid,2010,0.0,-,True,pv,False
Guinea Bissau,Solar photovoltaic,OnGrid,2011,0.0,-,True,pv,False
Guinea Bissau,Solar photovoltaic,OnGrid,2012,0.0,-,True,pv,False
Guinea Bissau,Solar photovoltaic,OnGrid,2013,0.0,-,True,pv,False
Guinea Bissau,Solar photovoltaic,OnGrid,2014,0.0,-,True,pv,False
Guinea Bissau,Solar photovoltaic,OnGrid,2015,0.0,-,True,pv,False
Guinea Bissau,Solar photovoltaic,OnGrid,2016,0.0,-,True,pv,False
Guinea Bissau,Solar photovoltaic,OnGrid,2017,0.0,-,True,pv,False
Guinea Bissau,Solar photovoltaic,OnGrid,2018,0.0,-,True,pv,False
Guinea Bissau,Solar photovoltaic,OnGrid,2019,0.0,-,True,pv,False
Guinea Bissau,Solar photovoltaic,OnGrid,2020,0.0,-,True,pv,False
Guinea Bissau,Solar photovoltaic,OnGrid,2021,0.0,-,True,pv,False
Guinea Bissau,Solar photovoltaic,OnGrid,2022,0.0,-,True,pv,False
Guinea Bissau,Solar photovoltaic,OnGrid,2023,0.0,-,True,pv,False
Guinea Bissau,Solar photovoltaic,OnGrid,2024,0.0,-,True,pv,False
Guinea Bissau,Onshore wind energy,OnGrid,2000,0.0,-,True,wind,False
Guinea Bissau,Onshore wind energy,OnGrid,2001,0.0,-,True,wind,False
Guinea Bissau,Onshore wind energy,OnGrid,2002,0.0,-,True,wind,False
Guinea Bissau,Onshore wind energy,OnGrid,2003,0.0,-,True,wind,False
Guinea Bissau,Onshore wind energy,OnGrid,2004,0.0,-,True,wind,False
Guinea Bissau,Onshore wind energy,OnGrid,2005,0.0,-,True,wind,False
Guinea Bissau,Onshore wind energy,OnGrid,2006,0.0,-,True,wind,False
Guinea Bissau,Onshore wind energy,OnGrid,2007,0.0,-,True,wind,False
Guinea Bissau,Onshore wind energy,OnGrid,2008,0.0,-,True,wind,False
Guinea Bissau,Onshore wind energy,OnGrid,2009,0.0,-,True,wind,False
Guinea Bissau,Onshore wind energy,OnGrid,2010,0.0,-,True,wind,False
Guinea Bissau,Onshore wind energy,OnGrid,2011,0.0,-,True,wind,False
Guinea Bissau,Onshore wind energy,OnGrid,2012,0.0,-,True,wind,False
Guinea Bissau,Onshore wind energy,OnGrid,2013,0.0,-,True,wind,False
Guinea Bissau,Onshore wind energy,OnGrid,2014,0.0,-,True,wind,False
Guinea Bissau,Onshore wind energy,OnGrid,2015,0.0,-,True,wind,False
Guinea Bissau,Onshore wind energy,OnGrid,2016,0.0,-,True,wind,False
Guinea Bissau,Onshore wind energy,OnGrid,2017,0.0,-,True,wind,False
Guinea Bissau,Onshore wind energy,OnGrid,2018,0.0,-,True,wind,False
Guinea Bissau,Onshore wind energy,OnGrid,2019,0.0,-,True,wind,False
Guinea Bissau,Onshore wind energy,OnGrid,2020,0.0,-,True,wind,False
Guinea Bissau,Onshore wind energy,OnGrid,2021,0.0,-,True,wind,False
Guinea Bissau,Onshore wind energy,OnGrid,2022,0.0,-,True,wind,False
Guinea Bissau,Onshore wind energy,OnGrid,2023,0.0,-,True,wind,False
Guinea Bissau,Onshore wind energy,OnGrid,2024,0.0,-,True,wind,False
Guyana,Solar photovoltaic,OnGrid,2000,0.01,0.01,False,pv,False
Guyana,Solar photovoltaic,OnGrid,2001,0.01,0.01,False,pv,False
Guyana,Solar photovoltaic,OnGrid,2002,0.01,0.01,False,pv,False
Guyana,Solar photovoltaic,OnGrid,2003,0.02,0.02,False,pv,False
Guyana,Solar photovoltaic,OnGrid,2004,0.02,0.02,False,pv,False
Guyana,Solar photovoltaic,OnGrid,2005,0.02,0.02,False,pv,False
Guyana,Solar photovoltaic,OnGrid,2006,0.03,0.03,False,pv,False
Guyana,Solar photovoltaic,OnGrid,2007,0.03,0.03,False,pv,False
Guyana,Solar photovoltaic,OnGrid,2008,0.07,0.07,False,pv,False
Guyana,Solar photovoltaic,OnGrid,2009,0.09,0.09,False,pv,False
Guyana,Solar photovoltaic,OnGrid,2010,0.17,0.17,False,pv,False
Guyana,Solar photovoltaic,OnGrid,2011,0.93,0.93,False,pv,False
Guyana,Solar photovoltaic,OnGrid,2012,0.98,0.98,False,pv,False
Guyana,Solar photovoltaic,OnGrid,2013,1.05,1.05,False,pv,False
Guyana,Solar photovoltaic,OnGrid,2014,1.11,1.11,False,pv,False
Guyana,Solar photovoltaic,OnGrid,2015,1.16,1.16,False,pv,False
Guyana,Solar photovoltaic,OnGrid,2016,1.61,1.61,False,pv,False
Guyana,Solar photovoltaic,OnGrid,2017,2.7,2.7,False,pv,False
Guyana,Solar photovoltaic,OnGrid,2018,5.22,5.22,False,pv,False
Guyana,Solar photovoltaic,OnGrid,2019,6.52,6.52,False,pv,False
Guyana,Solar photovoltaic,OnGrid,2020,6.52,6.52,False,pv,False
Guyana,Solar photovoltaic,OnGrid,2021,6.52,6.52,False,pv,False
Guyana,Solar photovoltaic,OnGrid,2022,9.55,9.55,False,pv,False
Guyana,Solar photovoltaic,OnGrid,2023,9.95,9.95,False,pv,False
Guyana,Solar photovoltaic,OnGrid,2024,9.95,9.95,False,pv,False
Guyana,Onshore wind energy,OnGrid,2000,0.0,-,True,wind,False
Guyana,Onshore wind energy,OnGrid,2001,0.0,-,True,wind,False
Guyana,Onshore wind energy,OnGrid,2002,0.0,-,True,wind,False
Guyana,Onshore wind energy,OnGrid,2003,0.0,-,True,wind,False
Guyana,Onshore wind energy,OnGrid,2004,0.0,-,True,wind,False
Guyana,Onshore wind energy,OnGrid,2005,0.0,-,True,wind,False
Guyana,Onshore wind energy,OnGrid,2006,0.0,-,True,wind,False
Guyana,Onshore wind energy,OnGrid,2007,0.0,-,True,wind,False
Guyana,Onshore wind energy,OnGrid,2008,0.0,-,True,wind,False
Guyana,Onshore wind energy,OnGrid,2009,0.0,-,True,wind,False
Guyana,Onshore wind energy,OnGrid,2010,0.0,-,True,wind,False
Guyana,Onshore wind energy,OnGrid,2011,0.0,-,True,wind,False
Guyana,Onshore wind energy,OnGrid,2012,0.0,-,True,wind,False
Guyana,Onshore wind energy,OnGrid,2013,0.0,-,True,wind,False
Guyana,Onshore wind energy,OnGrid,2014,0.0,-,True,wind,False
Guyana,Onshore wind energy,OnGrid,2015,0.0,-,True,wind,False
Guyana,Onshore wind energy,OnGrid,2016,0.0,-,True,wind,False
Guyana,Onshore wind energy,OnGrid,2017,0.0,-,True,wind,False
Guyana,Onshore wind energy,OnGrid,2018,0.0,-,True,wind,False
Guyana,Onshore wind energy,OnGrid,2019,0.0,-,True,wind,False
Guyana,Onshore wind energy,OnGrid,2020,0.0,-,True,wind,False
Guyana,Onshore wind energy,OnGrid,2021,0.0,-,True,wind,False
Guyana,Onshore wind energy,OnGrid,2022,0.0,-,True,wind,False
Guyana,Onshore wind energy,OnGrid,2023,0.0,-,True,wind,False
Guyana,Onshore wind energy,OnGrid,2024,0.0,-,True,wind,False
Haiti,Solar photovoltaic,OnGrid,2000,0.0,-,True,pv,False
Haiti,Solar photovoltaic,OnGrid,2001,0.0,-,True,pv,False
Haiti,Solar photovoltaic,OnGrid,2002,0.0,-,True,pv,False
Haiti,Solar photovoltaic,OnGrid,2003,0.0,-,True,pv,False
Haiti,Solar photovoltaic,OnGrid,2004,0.0,-,True,pv,False
Haiti,Solar photovoltaic,OnGrid,2005,0.0,-,True,pv,False
Haiti,Solar photovoltaic,OnGrid,2006,0.0,-,True,pv,False
Haiti,Solar photovoltaic,OnGrid,2007,0.0,-,True,pv,False
Haiti,Solar photovoltaic,OnGrid,2008,0.0,-,True,pv,False
Haiti,Solar photovoltaic,OnGrid,2009,0.0,-,True,pv,False
Haiti,Solar photovoltaic,OnGrid,2010,0.0,-,True,pv,False
Haiti,Solar photovoltaic,OnGrid,2011,0.03,0.03,False,pv,False
Haiti,Solar photovoltaic,OnGrid,2012,0.43,0.43,False,pv,False
Haiti,Solar photovoltaic,OnGrid,2013,0.58,0.58,False,pv,False
Haiti,Solar photovoltaic,OnGrid,2014,0.67,0.67,False,pv,False
Haiti,Solar photovoltaic,OnGrid,2015,0.81,0.81,False,pv,False
Haiti,Solar photovoltaic,OnGrid,2016,0.81,0.81,False,pv,False
Haiti,Solar photovoltaic,OnGrid,2017,1.26,1.26,False,pv,False
Haiti,Solar photovoltaic,OnGrid,2018,1.49,1.49,False,pv,False
Haiti,Solar photovoltaic,OnGrid,2019,1.49,1.49,False,pv,False
Haiti,Solar photovoltaic,OnGrid,2020,1.49,1.49,False,pv,False
Haiti,Solar photovoltaic,OnGrid,2021,1.49,1.49,False,pv,False
Haiti,Solar photovoltaic,OnGrid,2022,1.7,1.7,False,pv,False
Haiti,Solar photovoltaic,OnGrid,2023,2.39,2.39,False,pv,False
Haiti,Solar photovoltaic,OnGrid,2024,2.39,2.39,False,pv,False
Haiti,Onshore wind energy,OnGrid,2000,0.0,-,True,wind,False
Haiti,Onshore wind energy,OnGrid,2001,0.0,-,True,wind,False
Haiti,Onshore wind energy,OnGrid,2002,0.0,-,True,wind,False
Haiti,Onshore wind energy,OnGrid,2003,0.0,-,True,wind,False
Haiti,Onshore wind energy,OnGrid,2004,0.0,-,True,wind,False
Haiti,Onshore wind energy,OnGrid,2005,0.0,-,True,wind,False
Haiti,Onshore wind energy,OnGrid,2006,0.0,-,True,wind,False
Haiti,Onshore wind energy,OnGrid,2007,0.0,-,True,wind,False
Haiti,Onshore wind energy,OnGrid,2008,0.0,-,True,wind,False
Haiti,Onshore wind energy,OnGrid,2009,0.0,-,True,wind,False
Haiti,Onshore wind energy,OnGrid,2010,0.0,-,True,wind,False
Haiti,Onshore wind energy,OnGrid,2011,0.0,-,True,wind,False
Haiti,Onshore wind energy,OnGrid,2012,0.0,-,True,wind,False
Haiti,Onshore wind energy,OnGrid,2013,0.0,-,True,wind,False
Haiti,Onshore wind energy,OnGrid,2014,0.0,-,True,wind,False
Haiti,Onshore wind energy,OnGrid,2015,0.0,-,True,wind,False
Haiti,Onshore wind energy,OnGrid,2016,0.0,-,True,wind,False
Haiti,Onshore wind energy,OnGrid,2017,0.0,-,True,wind,False
Haiti,Onshore wind energy,OnGrid,2018,0.0,-,True,wind,False
Haiti,Onshore wind energy,OnGrid,2019,0.0,-,True,wind,False
Haiti,Onshore wind energy,OnGrid,2020,0.0,-,True,wind,False
Haiti,Onshore wind energy,OnGrid,2021,0.0,-,True,wind,False
Haiti,Onshore wind energy,OnGrid,2022,0.0,-,True,wind,False
Haiti,Onshore wind energy,OnGrid,2023,0.0,-,True,wind,False
Haiti,Onshore wind energy,OnGrid,2024,0.0,-,True,wind,False
Honduras,Solar photovoltaic,OnGrid,2000,0.0,-,True,pv,False
Honduras,Solar photovoltaic,OnGrid,2001,0.0,-,True,pv,False
Honduras,Solar photovoltaic,OnGrid,2002,0.0,-,True,pv,False
Honduras,Solar photovoltaic,OnGrid,2003,0.0,-,True,pv,False
Honduras,Solar photovoltaic,OnGrid,2004,0.0,-,True,pv,False
Honduras,Solar photovoltaic,OnGrid,2005,0.0,-,True,pv,False
Honduras,Solar photovoltaic,OnGrid,2006,0.0,-,True,pv,False
Honduras,Solar photovoltaic,OnGrid,2007,0.0,-,True,pv,False
Honduras,Solar photovoltaic,OnGrid,2008,0.0,-,True,pv,False
Honduras,Solar photovoltaic,OnGrid,2009,0.0,-,True,pv,False
Honduras,Solar photovoltaic,OnGrid,2010,0.0,-,True,pv,False
Honduras,Solar photovoltaic,OnGrid,2011,0.0,-,True,pv,False
Honduras,Solar photovoltaic,OnGrid,2012,0.0,-,True,pv,False
Honduras,Solar photovoltaic,OnGrid,2013,0.0,-,True,pv,False
Honduras,Solar photovoltaic,OnGrid,2014,0.0,-,True,pv,False
Honduras,Solar photovoltaic,OnGrid,2015,391.0,391,False,pv,False
Honduras,Solar photovoltaic,OnGrid,2016,412.0,412,False,pv,False
Honduras,Solar photovoltaic,OnGrid,2017,453.9,453.9,False,pv,False
Honduras,Solar photovoltaic,OnGrid,2018,513.8,513.8,False,pv,False
Honduras,Solar photovoltaic,OnGrid,2019,515.82,515.82,False,pv,False
Honduras,Solar photovoltaic,OnGrid,2020,515.92,515.92,False,pv,False
Honduras,Solar photovoltaic,OnGrid,2021,519.56,519.56,False,pv,False
Honduras,Solar photovoltaic,OnGrid,2022,519.63,519.63,False,pv,False
Honduras,Solar photovoltaic,OnGrid,2023,519.63,519.63,False,pv,False
Honduras,Solar photovoltaic,OnGrid,2024,544.63,544.63,False,pv,False
Honduras,Onshore wind energy,OnGrid,2000,0.0,-,True,wind,False
Honduras,Onshore wind energy,OnGrid,2001,0.0,-,True,wind,False
Honduras,Onshore wind energy,OnGrid,2002,0.0,-,True,wind,False
Honduras,Onshore wind energy,OnGrid,2003,0.0,-,True,wind,False
Honduras,Onshore wind energy,OnGrid,2004,0.0,-,True,wind,False
Honduras,Onshore wind energy,OnGrid,2005,0.0,-,True,wind,False
Honduras,Onshore wind energy,OnGrid,2006,0.0,-,True,wind,False
Honduras,Onshore wind energy,OnGrid,2007,0.0,-,True,wind,False
Honduras,Onshore wind energy,OnGrid,2008,0.0,-,True,wind,False
Honduras,Onshore wind energy,OnGrid,2009,0.0,-,True,wind,False
Honduras,Onshore wind energy,OnGrid,2010,0.0,-,True,wind,False
Honduras,Onshore wind energy,OnGrid,2011,102.0,102,False,wind,False
Honduras,Onshore wind energy,OnGrid,2012,102.0,102,False,wind,False
Honduras,Onshore wind energy,OnGrid,2013,102.0,102,False,wind,False
Honduras,Onshore wind energy,OnGrid,2014,152.0,152,False,wind,False
Honduras,Onshore wind energy,OnGrid,2015,152.0,152,False,wind,False
Honduras,Onshore wind energy,OnGrid,2016,175.0,175,False,wind,False
Honduras,Onshore wind energy,OnGrid,2017,225.0,225,False,wind,False
Honduras,Onshore wind energy,OnGrid,2018,225.0,225,False,wind,False
Honduras,Onshore wind energy,OnGrid,2019,235.0,235,False,wind,False
Honduras,Onshore wind energy,OnGrid,2020,235.0,235,False,wind,False
Honduras,Onshore wind energy,OnGrid,2021,235.0,235,False,wind,False
Honduras,Onshore wind energy,OnGrid,2022,235.0,235,False,wind,False
Honduras,Onshore wind energy,OnGrid,2023,235.0,235,False,wind,False
Honduras,Onshore wind energy,OnGrid,2024,235.0,235,False,wind,False
Hungary,Solar photovoltaic,OnGrid,2000,0.0,-,True,pv,False
Hungary,Solar photovoltaic,OnGrid,2001,0.0,-,True,pv,False
Hungary,Solar photovoltaic,OnGrid,2002,0.0,-,True,pv,False
Hungary,Solar photovoltaic,OnGrid,2003,0.0,-,True,pv,False
Hungary,Solar photovoltaic,OnGrid,2004,0.0,-,True,pv,False
Hungary,Solar photovoltaic,OnGrid,2005,0.0,-,True,pv,False
Hungary,Solar photovoltaic,OnGrid,2006,0.0,-,True,pv,False
Hungary,Solar photovoltaic,OnGrid,2007,0.4,0.4,False,pv,False
Hungary,Solar photovoltaic,OnGrid,2008,1.0,1,False,pv,False
Hungary,Solar photovoltaic,OnGrid,2009,1.0,1,False,pv,False
Hungary,Solar photovoltaic,OnGrid,2010,2.0,2,False,pv,False
Hungary,Solar photovoltaic,OnGrid,2011,4.0,4,False,pv,False
Hungary,Solar photovoltaic,OnGrid,2012,12.0,12,False,pv,False
Hungary,Solar photovoltaic,OnGrid,2013,35.0,35,False,pv,False
Hungary,Solar photovoltaic,OnGrid,2014,89.0,89,False,pv,False
Hungary,Solar photovoltaic,OnGrid,2015,172.0,172,False,pv,False
Hungary,Solar photovoltaic,OnGrid,2016,235.0,235,False,pv,False
Hungary,Solar photovoltaic,OnGrid,2017,344.0,344,False,pv,False
Hungary,Solar photovoltaic,OnGrid,2018,728.0,728,False,pv,False
Hungary,Solar photovoltaic,OnGrid,2019,1400.0,1400,False,pv,False
Hungary,Solar photovoltaic,OnGrid,2020,2131.0,2131,False,pv,False
Hungary,Solar photovoltaic,OnGrid,2021,2968.0,2968,False,pv,False
Hungary,Solar photovoltaic,OnGrid,2022,4235.0,4235,False,pv,False
Hungary,Solar photovoltaic,OnGrid,2023,5910.0,5910,False,pv,False
Hungary,Solar photovoltaic,OnGrid,2024,7166.0,7166,False,pv,False
Hungary,Onshore wind energy,OnGrid,2000,0.0,-,True,wind,False
Hungary,Onshore wind energy,OnGrid,2001,1.0,1,False,wind,False
Hungary,Onshore wind energy,OnGrid,2002,1.0,1,False,wind,False
Hungary,Onshore wind energy,OnGrid,2003,3.0,3,False,wind,False
Hungary,Onshore wind energy,OnGrid,2004,3.0,3,False,wind,False
Hungary,Onshore wind energy,OnGrid,2005,17.0,17,False,wind,False
Hungary,Onshore wind energy,OnGrid,2006,33.0,33,False,wind,False
Hungary,Onshore wind energy,OnGrid,2007,61.0,61,False,wind,False
Hungary,Onshore wind energy,OnGrid,2008,134.0,134,False,wind,False
Hungary,Onshore wind energy,OnGrid,2009,203.0,203,False,wind,False
Hungary,Onshore wind energy,OnGrid,2010,293.0,293,False,wind,False
Hungary,Onshore wind energy,OnGrid,2011,331.0,331,False,wind,False
Hungary,Onshore wind energy,OnGrid,2012,325.0,325,False,wind,False
Hungary,Onshore wind energy,OnGrid,2013,329.0,329,False,wind,False
Hungary,Onshore wind energy,OnGrid,2014,329.0,329,False,wind,False
Hungary,Onshore wind energy,OnGrid,2015,329.0,329,False,wind,False
Hungary,Onshore wind energy,OnGrid,2016,329.0,329,False,wind,False
Hungary,Onshore wind energy,OnGrid,2017,329.0,329,False,wind,False
Hungary,Onshore wind energy,OnGrid,2018,329.0,329,False,wind,False
Hungary,Onshore wind energy,OnGrid,2019,323.0,323,False,wind,False
Hungary,Onshore wind energy,OnGrid,2020,323.0,323,False,wind,False
Hungary,Onshore wind energy,OnGrid,2021,324.0,324,False,wind,False
Hungary,Onshore wind energy,OnGrid,2022,324.0,324,False,wind,False
Hungary,Onshore wind energy,OnGrid,2023,325.0,325,False,wind,False
Hungary,Onshore wind energy,OnGrid,2024,325.0,325,False,wind,False
Iceland,Solar photovoltaic,OnGrid,2000,0.0,-,True,pv,False
Iceland,Solar photovoltaic,OnGrid,2001,0.0,-,True,pv,False
Iceland,Solar photovoltaic,OnGrid,2002,0.0,-,True,pv,False
Iceland,Solar photovoltaic,OnGrid,2003,0.0,-,True,pv,False
Iceland,Solar photovoltaic,OnGrid,2004,0.0,-,True,pv,False
Iceland,Solar photovoltaic,OnGrid,2005,0.0,-,True,pv,False
Iceland,Solar photovoltaic,OnGrid,2006,0.0,-,True,pv,False
Iceland,Solar photovoltaic,OnGrid,2007,0.0,-,True,pv,False
Iceland,Solar photovoltaic,OnGrid,2008,0.0,-,True,pv,False
Iceland,Solar photovoltaic,OnGrid,2009,0.0,-,True,pv,False
Iceland,Solar photovoltaic,OnGrid,2010,0.0,-,True,pv,False
Iceland,Solar photovoltaic,OnGrid,2011,0.0,-,True,pv,False
Iceland,Solar photovoltaic,OnGrid,2012,0.0,-,True,pv,False
Iceland,Solar photovoltaic,OnGrid,2013,0.0,-,True,pv,False
Iceland,Solar photovoltaic,OnGrid,2014,0.0,-,True,pv,False
Iceland,Solar photovoltaic,OnGrid,2015,0.0,-,True,pv,False
Iceland,Solar photovoltaic,OnGrid,2016,0.0,-,True,pv,False
Iceland,Solar photovoltaic,OnGrid,2017,0.0,-,True,pv,False
Iceland,Solar photovoltaic,OnGrid,2018,0.0,-,True,pv,False
Iceland,Solar photovoltaic,OnGrid,2019,0.0,-,True,pv,False
Iceland,Solar photovoltaic,OnGrid,2020,0.0,-,True,pv,False
Iceland,Solar photovoltaic,OnGrid,2021,0.0,-,True,pv,False
Iceland,Solar photovoltaic,OnGrid,2022,0.07,0.07,False,pv,False
Iceland,Solar photovoltaic,OnGrid,2023,0.12,0.12,False,pv,False
Iceland,Solar photovoltaic,OnGrid,2024,0.12,0.12,False,pv,False
Iceland,Onshore wind energy,OnGrid,2000,0.0,-,True,wind,False
Iceland,Onshore wind energy,OnGrid,2001,0.0,-,True,wind,False
Iceland,Onshore wind energy,OnGrid,2002,0.0,-,True,wind,False
Iceland,Onshore wind energy,OnGrid,2003,0.0,-,True,wind,False
Iceland,Onshore wind energy,OnGrid,2004,0.0,-,True,wind,False
Iceland,Onshore wind energy,OnGrid,2005,0.0,-,True,wind,False
Iceland,Onshore wind energy,OnGrid,2006,0.0,-,True,wind,False
Iceland,Onshore wind energy,OnGrid,2007,0.0,-,True,wind,False
Iceland,Onshore wind energy,OnGrid,2008,0.0,-,True,wind,False
Iceland,Onshore wind energy,OnGrid,2009,0.0,-,True,wind,False
Iceland,Onshore wind energy,OnGrid,2010,0.0,-,True,wind,False
Iceland,Onshore wind energy,OnGrid,2011,0.0,-,True,wind,False
Iceland,Onshore wind energy,OnGrid,2012,0.0,-,True,wind,False
Iceland,Onshore wind energy,OnGrid,2013,2.0,2,False,wind,False
Iceland,Onshore wind energy,OnGrid,2014,3.0,3,False,wind,False
Iceland,Onshore wind energy,OnGrid,2015,3.0,3,False,wind,False
Iceland,Onshore wind energy,OnGrid,2016,3.0,3,False,wind,False
Iceland,Onshore wind energy,OnGrid,2017,2.43,2.43,False,wind,False
Iceland,Onshore wind energy,OnGrid,2018,2.4,2.4,False,wind,False
Iceland,Onshore wind energy,OnGrid,2019,2.4,2.4,False,wind,False
Iceland,Onshore wind energy,OnGrid,2020,1.8,1.8,False,wind,False
Iceland,Onshore wind energy,OnGrid,2021,1.8,1.8,False,wind,False
Iceland,Onshore wind energy,OnGrid,2022,1.91,1.91,False,wind,False
Iceland,Onshore wind energy,OnGrid,2023,3.64,3.64,False,wind,False
Iceland,Onshore wind energy,OnGrid,2024,3.64,3.64,False,wind,False
India,Solar photovoltaic,OnGrid,2000,0.0,-,True,pv,False
India,Solar photovoltaic,OnGrid,2001,0.0,-,True,pv,False
India,Solar photovoltaic,OnGrid,2002,0.0,-,True,pv,False
India,Solar photovoltaic,OnGrid,2003,0.0,-,True,pv,False
India,Solar photovoltaic,OnGrid,2004,0.0,-,True,pv,False
India,Solar photovoltaic,OnGrid,2005,2.74,2.74,False,pv,False
India,Solar photovoltaic,OnGrid,2006,2.74,2.74,False,pv,False
India,Solar photovoltaic,OnGrid,2007,2.12,2.12,False,pv,False
India,Solar photovoltaic,OnGrid,2008,2.12,2.12,False,pv,False
India,Solar photovoltaic,OnGrid,2009,9.13,9.13,False,pv,False
India,Solar photovoltaic,OnGrid,2010,32.0,32,False,pv,False
India,Solar photovoltaic,OnGrid,2011,481.48,481.48,False,pv,False
India,Solar photovoltaic,OnGrid,2012,828.87,828.87,False,pv,False
India,Solar photovoltaic,OnGrid,2013,1176.25,1176.25,False,pv,False
India,Solar photovoltaic,OnGrid,2014,3062.68,3062.68,False,pv,False
India,Solar photovoltaic,OnGrid,2015,4878.87,4878.87,False,pv,False
India,Solar photovoltaic,OnGrid,2016,9012.66,9012.66,False,pv,False
India,Solar photovoltaic,OnGrid,2017,17052.37,17052.37,False,pv,False
India,Solar photovoltaic,OnGrid,2018,26025.97,26025.97,False,pv,False
India,Solar photovoltaic,OnGrid,2019,33730.53,33730.53,False,pv,False
India,Solar photovoltaic,OnGrid,2020,37852.28,37852.28,False,pv,False
India,Solar photovoltaic,OnGrid,2021,48003.14,48003.14,False,pv,False
India,Solar photovoltaic,OnGrid,2022,61169.58,61169.58,False,pv,False
India,Solar photovoltaic,OnGrid,2023,70762.32,70762.32,False,pv,False
India,Solar photovoltaic,OnGrid,2024,94937.04,94937.04,False,pv,False
India,Onshore wind energy,OnGrid,2000,941.0,941,False,wind,False
India,Onshore wind energy,OnGrid,2001,1563.0,1563,False,wind,False
India,Onshore wind energy,OnGrid,2002,1606.0,1606,False,wind,False
India,Onshore wind energy,OnGrid,2003,2461.0,2461,False,wind,False
India,Onshore wind energy,OnGrid,2004,3813.0,3813,False,wind,False
India,Onshore wind energy,OnGrid,2005,4433.9,4433.9,False,wind,False
India,Onshore wind energy,OnGrid,2006,6315.0,6315,False,wind,False
India,Onshore wind energy,OnGrid,2007,7844.52,7844.52,False,wind,False
India,Onshore wind energy,OnGrid,2008,10242.5,10242.5,False,wind,False
India,Onshore wind energy,OnGrid,2009,10925.0,10925,False,wind,False
India,Onshore wind energy,OnGrid,2010,13184.0,13184,False,wind,False
India,Onshore wind energy,OnGrid,2011,16179.0,16179,False,wind,False
India,Onshore wind energy,OnGrid,2012,17299.7,17299.7,False,wind,False
India,Onshore wind energy,OnGrid,2013,18420.4,18420.4,False,wind,False
India,Onshore wind energy,OnGrid,2014,22465.3,22465.3,False,wind,False
India,Onshore wind energy,OnGrid,2015,25088.19,25088.19,False,wind,False
India,Onshore wind energy,OnGrid,2016,28700.44,28700.44,False,wind,False
India,Onshore wind energy,OnGrid,2017,32848.46,32848.46,False,wind,False
India,Onshore wind energy,OnGrid,2018,35288.1,35288.1,False,wind,False
India,Onshore wind energy,OnGrid,2019,37505.18,37505.18,False,wind,False
India,Onshore wind energy,OnGrid,2020,38558.6,38558.6,False,wind,False
India,Onshore wind energy,OnGrid,2021,40067.27,40067.27,False,wind,False
India,Onshore wind energy,OnGrid,2022,41929.78,41929.78,False,wind,False
India,Onshore wind energy,OnGrid,2023,44736.24,44736.24,False,wind,False
India,Onshore wind energy,OnGrid,2024,48163.16,48163.16,False,wind,False
Indonesia,Solar photovoltaic,OnGrid,2000,0.0,-,True,pv,False
Indonesia,Solar photovoltaic,OnGrid,2001,0.0,-,True,pv,False
Indonesia,Solar photovoltaic,OnGrid,2002,0.0,-,True,pv,False
Indonesia,Solar photovoltaic,OnGrid,2003,0.0,-,True,pv,False
Indonesia,Solar photovoltaic,OnGrid,2004,0.0,-,True,pv,False
Indonesia,Solar photovoltaic,OnGrid,2005,0.0,-,True,pv,False
Indonesia,Solar photovoltaic,OnGrid,2006,0.0,-,True,pv,False
Indonesia,Solar photovoltaic,OnGrid,2007,0.0,-,True,pv,False
Indonesia,Solar photovoltaic,OnGrid,2008,0.0,-,True,pv,False
Indonesia,Solar photovoltaic,OnGrid,2009,0.0,-,True,pv,False
Indonesia,Solar photovoltaic,OnGrid,2010,0.19,0.19,False,pv,False
Indonesia,Solar photovoltaic,OnGrid,2011,1.16,1.16,False,pv,False
Indonesia,Solar photovoltaic,OnGrid,2012,4.09,4.09,False,pv,False
Indonesia,Solar photovoltaic,OnGrid,2013,9.02,9.02,False,pv,False
Indonesia,Solar photovoltaic,OnGrid,2014,9.02,9.02,False,pv,False
Indonesia,Solar photovoltaic,OnGrid,2015,36.94,36.94,False,pv,False
Indonesia,Solar photovoltaic,OnGrid,2016,46.7,46.7,False,pv,False
Indonesia,Solar photovoltaic,OnGrid,2017,54.48,54.48,False,pv,False
Indonesia,Solar photovoltaic,OnGrid,2018,24.42,24.42,False,pv,False
Indonesia,Solar photovoltaic,OnGrid,2019,105.03,105.03,False,pv,False
Indonesia,Solar photovoltaic,OnGrid,2020,107.37,107.37,False,pv,False
Indonesia,Solar photovoltaic,OnGrid,2021,155.29,155.29,False,pv,False
Indonesia,Solar photovoltaic,OnGrid,2022,190.06,190.06,False,pv,False
Indonesia,Solar photovoltaic,OnGrid,2023,323.46,323.46,False,pv,False
Indonesia,Solar photovoltaic,OnGrid,2024,416.14,416.14,False,pv,False
Indonesia,Onshore wind energy,OnGrid,2000,0.0,-,True,wind,False
Indonesia,Onshore wind energy,OnGrid,2001,0.0,-,True,wind,False
Indonesia,Onshore wind energy,OnGrid,2002,0.0,-,True,wind,False
Indonesia,Onshore wind energy,OnGrid,2003,0.0,-,True,wind,False
Indonesia,Onshore wind energy,OnGrid,2004,0.0,-,True,wind,False
Indonesia,Onshore wind energy,OnGrid,2005,0.0,-,True,wind,False
Indonesia,Onshore wind energy,OnGrid,2006,0.0,-,True,wind,False
Indonesia,Onshore wind energy,OnGrid,2007,0.1,0.1,False,wind,False
Indonesia,Onshore wind energy,OnGrid,2008,0.26,0.26,False,wind,False
Indonesia,Onshore wind energy,OnGrid,2009,1.06,1.06,False,wind,False
Indonesia,Onshore wind energy,OnGrid,2010,0.34,0.34,False,wind,False
Indonesia,Onshore wind energy,OnGrid,2011,0.93,0.93,False,wind,False
Indonesia,Onshore wind energy,OnGrid,2012,0.93,0.93,False,wind,False
Indonesia,Onshore wind energy,OnGrid,2013,0.63,0.63,False,wind,False
Indonesia,Onshore wind energy,OnGrid,2014,1.12,1.12,False,wind,False
Indonesia,Onshore wind energy,OnGrid,2015,1.46,1.46,False,wind,False
Indonesia,Onshore wind energy,OnGrid,2016,1.46,1.46,False,wind,False
Indonesia,Onshore wind energy,OnGrid,2017,1.46,1.46,False,wind,False
Indonesia,Onshore wind energy,OnGrid,2018,143.03,143.03,False,wind,False
Indonesia,Onshore wind energy,OnGrid,2019,153.83,153.83,False,wind,False
Indonesia,Onshore wind energy,OnGrid,2020,153.83,153.83,False,wind,False
Indonesia,Onshore wind energy,OnGrid,2021,153.83,153.83,False,wind,False
Indonesia,Onshore wind energy,OnGrid,2022,153.83,153.83,False,wind,False
Indonesia,Onshore wind energy,OnGrid,2023,151.82,151.82,False,wind,False
Indonesia,Onshore wind energy,OnGrid,2024,151.82,151.82,False,wind,False
Iran IR,Solar photovoltaic,OnGrid,2000,0.0,-,True,pv,False
Iran IR,Solar photovoltaic,OnGrid,2001,0.0,-,True,pv,False
Iran IR,Solar photovoltaic,OnGrid,2002,0.0,-,True,pv,False
Iran IR,Solar photovoltaic,OnGrid,2003,0.0,-,True,pv,False
Iran IR,Solar photovoltaic,OnGrid,2004,0.03,0.03,False,pv,False
Iran IR,Solar photovoltaic,OnGrid,2005,0.03,0.03,False,pv,False
Iran IR,Solar photovoltaic,OnGrid,2006,0.03,0.03,False,pv,False
Iran IR,Solar photovoltaic,OnGrid,2007,0.03,0.03,False,pv,False
Iran IR,Solar photovoltaic,OnGrid,2008,0.03,0.03,False,pv,False
Iran IR,Solar photovoltaic,OnGrid,2009,0.03,0.03,False,pv,False
Iran IR,Solar photovoltaic,OnGrid,2010,0.03,0.03,False,pv,False
Iran IR,Solar photovoltaic,OnGrid,2011,0.07,0.07,False,pv,False
Iran IR,Solar photovoltaic,OnGrid,2012,0.07,0.07,False,pv,False
Iran IR,Solar photovoltaic,OnGrid,2013,0.61,0.61,False,pv,False
Iran IR,Solar photovoltaic,OnGrid,2014,9.0,9,False,pv,False
Iran IR,Solar photovoltaic,OnGrid,2015,9.0,9,False,pv,False
Iran IR,Solar photovoltaic,OnGrid,2016,42.83,42.83,False,pv,False
Iran IR,Solar photovoltaic,OnGrid,2017,184.1,184.1,False,pv,False
Iran IR,Solar photovoltaic,OnGrid,2018,286.0,286,False,pv,False
Iran IR,Solar photovoltaic,OnGrid,2019,345.5,345.5,False,pv,False
Iran IR,Solar photovoltaic,OnGrid,2020,429.39,429.39,False,pv,False
Iran IR,Solar photovoltaic,OnGrid,2021,455.48,455.48,False,pv,False
Iran IR,Solar photovoltaic,OnGrid,2022,539.0,539,False,pv,False
Iran IR,Solar photovoltaic,OnGrid,2023,594.65,594.65,False,pv,False
Iran IR,Solar photovoltaic,OnGrid,2024,781.26,781.26,False,pv,False
Iran IR,Onshore wind energy,OnGrid,2000,11.0,11,False,wind,False
Iran IR,Onshore wind energy,OnGrid,2001,11.0,11,False,wind,False
Iran IR,Onshore wind energy,OnGrid,2002,12.0,12,False,wind,False
Iran IR,Onshore wind energy,OnGrid,2003,16.0,16,False,wind,False
Iran IR,Onshore wind energy,OnGrid,2004,24.9,24.9,False,wind,False
Iran IR,Onshore wind energy,OnGrid,2005,37.0,37,False,wind,False
Iran IR,Onshore wind energy,OnGrid,2006,47.0,47,False,wind,False
Iran IR,Onshore wind energy,OnGrid,2007,63.0,63,False,wind,False
Iran IR,Onshore wind energy,OnGrid,2008,63.0,63,False,wind,False
Iran IR,Onshore wind energy,OnGrid,2009,92.0,92,False,wind,False
Iran IR,Onshore wind energy,OnGrid,2010,95.0,95,False,wind,False
Iran IR,Onshore wind energy,OnGrid,2011,98.21,98.21,False,wind,False
Iran IR,Onshore wind energy,OnGrid,2012,106.13,106.13,False,wind,False
Iran IR,Onshore wind energy,OnGrid,2013,107.63,107.63,False,wind,False
Iran IR,Onshore wind energy,OnGrid,2014,148.78,148.78,False,wind,False
Iran IR,Onshore wind energy,OnGrid,2015,153.44,153.44,False,wind,False
Iran IR,Onshore wind energy,OnGrid,2016,190.94,190.94,False,wind,False
Iran IR,Onshore wind energy,OnGrid,2017,259.0,259,False,wind,False
Iran IR,Onshore wind energy,OnGrid,2018,282.0,282,False,wind,False
Iran IR,Onshore wind energy,OnGrid,2019,304.92,304.92,False,wind,False
Iran IR,Onshore wind energy,OnGrid,2020,308.08,308.08,False,wind,False
Iran IR,Onshore wind energy,OnGrid,2021,310.2,310.2,False,wind,False
Iran IR,Onshore wind energy,OnGrid,2022,342.0,342,False,wind,False
Iran IR,Onshore wind energy,OnGrid,2023,364.89,364.89,False,wind,False
Iran IR,Onshore wind energy,OnGrid,2024,376.3,376.3,False,wind,False
Iraq,Solar photovoltaic,OnGrid,2000,0.0,-,True,pv,False
Iraq,Solar photovoltaic,OnGrid,2001,0.0,-,True,pv,False
Iraq,Solar photovoltaic,OnGrid,2002,0.0,-,True,pv,False
Iraq,Solar photovoltaic,OnGrid,2003,0.0,-,True,pv,False
Iraq,Solar photovoltaic,OnGrid,2004,0.0,-,True,pv,False
Iraq,Solar photovoltaic,OnGrid,2005,0.0,-,True,pv,False
Iraq,Solar photovoltaic,OnGrid,2006,0.0,-,True,pv,False
Iraq,Solar photovoltaic,OnGrid,2007,0.0,-,True,pv,False
Iraq,Solar photovoltaic,OnGrid,2008,0.0,-,True,pv,False
Iraq,Solar photovoltaic,OnGrid,2009,0.0,-,True,pv,False
Iraq,Solar photovoltaic,OnGrid,2010,0.0,-,True,pv,False
Iraq,Solar photovoltaic,OnGrid,2011,0.0,-,True,pv,False
Iraq,Solar photovoltaic,OnGrid,2012,0.0,-,True,pv,False
Iraq,Solar photovoltaic,OnGrid,2013,0.0,-,True,pv,False
Iraq,Solar photovoltaic,OnGrid,2014,0.0,-,True,pv,False
Iraq,Solar photovoltaic,OnGrid,2015,0.0,-,True,pv,False
Iraq,Solar photovoltaic,OnGrid,2016,0.0,-,True,pv,False
Iraq,Solar photovoltaic,OnGrid,2017,0.0,-,True,pv,False
Iraq,Solar photovoltaic,OnGrid,2018,0.58,0.58,False,pv,False
Iraq,Solar photovoltaic,OnGrid,2019,0.58,0.58,False,pv,False
Iraq,Solar photovoltaic,OnGrid,2020,0.58,0.58,False,pv,False
Iraq,Solar photovoltaic,OnGrid,2021,0.58,0.58,False,pv,False
Iraq,Solar photovoltaic,OnGrid,2022,2.58,2.58,False,pv,False
Iraq,Solar photovoltaic,OnGrid,2023,2.58,2.58,False,pv,False
Iraq,Solar photovoltaic,OnGrid,2024,2.58,2.58,False,pv,False
Iraq,Onshore wind energy,OnGrid,2000,0.0,-,True,wind,False
Iraq,Onshore wind energy,OnGrid,2001,0.0,-,True,wind,False
Iraq,Onshore wind energy,OnGrid,2002,0.0,-,True,wind,False
Iraq,Onshore wind energy,OnGrid,2003,0.0,-,True,wind,False
Iraq,Onshore wind energy,OnGrid,2004,0.0,-,True,wind,False
Iraq,Onshore wind energy,OnGrid,2005,0.0,-,True,wind,False
Iraq,Onshore wind energy,OnGrid,2006,0.0,-,True,wind,False
Iraq,Onshore wind energy,OnGrid,2007,0.0,-,True,wind,False
Iraq,Onshore wind energy,OnGrid,2008,0.0,-,True,wind,False
Iraq,Onshore wind energy,OnGrid,2009,0.0,-,True,wind,False
Iraq,Onshore wind energy,OnGrid,2010,0.0,-,True,wind,False
Iraq,Onshore wind energy,OnGrid,2011,0.0,-,True,wind,False
Iraq,Onshore wind energy,OnGrid,2012,0.0,-,True,wind,False
Iraq,Onshore wind energy,OnGrid,2013,0.0,-,True,wind,False
Iraq,Onshore wind energy,OnGrid,2014,0.0,-,True,wind,False
Iraq,Onshore wind energy,OnGrid,2015,0.0,-,True,wind,False
Iraq,Onshore wind energy,OnGrid,2016,0.0,-,True,wind,False
Iraq,Onshore wind energy,OnGrid,2017,0.0,-,True,wind,False
Iraq,Onshore wind energy,OnGrid,2018,0.0,-,True,wind,False
Iraq,Onshore wind energy,OnGrid,2019,0.0,-,True,wind,False
Iraq,Onshore wind energy,OnGrid,2020,0.0,-,True,wind,False
Iraq,Onshore wind energy,OnGrid,2021,0.0,-,True,wind,False
Iraq,Onshore wind energy,OnGrid,2022,0.0,-,True,wind,False
Iraq,Onshore wind energy,OnGrid,2023,0.0,-,True,wind,False
Iraq,Onshore wind energy,OnGrid,2024,0.0,-,True,wind,False
Ireland,Solar photovoltaic,OnGrid,2000,0.0,-,True,pv,False
Ireland,Solar photovoltaic,OnGrid,2001,0.0,-,True,pv,False
Ireland,Solar photovoltaic,OnGrid,2002,0.0,-,True,pv,False
Ireland,Solar photovoltaic,OnGrid,2003,0.0,-,True,pv,False
Ireland,Solar photovoltaic,OnGrid,2004,0.0,-,True,pv,False
Ireland,Solar photovoltaic,OnGrid,2005,0.0,-,True,pv,False
Ireland,Solar photovoltaic,OnGrid,2006,0.0,-,True,pv,False
Ireland,Solar photovoltaic,OnGrid,2007,0.0,-,True,pv,False
Ireland,Solar photovoltaic,OnGrid,2008,0.0,-,True,pv,False
Ireland,Solar photovoltaic,OnGrid,2009,0.56,0.56,False,pv,False
Ireland,Solar photovoltaic,OnGrid,2010,0.63,0.63,False,pv,False
Ireland,Solar photovoltaic,OnGrid,2011,0.72,0.72,False,pv,False
Ireland,Solar photovoltaic,OnGrid,2012,0.86,0.86,False,pv,False
Ireland,Solar photovoltaic,OnGrid,2013,1.09,1.09,False,pv,False
Ireland,Solar photovoltaic,OnGrid,2014,1.49,1.49,False,pv,False
Ireland,Solar photovoltaic,OnGrid,2015,2.71,2.71,False,pv,False
Ireland,Solar photovoltaic,OnGrid,2016,6.26,6.26,False,pv,False
Ireland,Solar photovoltaic,OnGrid,2017,13.16,13.16,False,pv,False
Ireland,Solar photovoltaic,OnGrid,2018,24.01,24.01,False,pv,False
Ireland,Solar photovoltaic,OnGrid,2019,44.72,44.72,False,pv,False
Ireland,Solar photovoltaic,OnGrid,2020,72.89,72.89,False,pv,False
Ireland,Solar photovoltaic,OnGrid,2021,111.95,111.95,False,pv,False
Ireland,Solar photovoltaic,OnGrid,2022,226.82,226.82,False,pv,False
Ireland,Solar photovoltaic,OnGrid,2023,783.79,783.79,False,pv,False
Ireland,Solar photovoltaic,OnGrid,2024,1323.4,1323.4,False,pv,False
Ireland,Onshore wind energy,OnGrid,2000,116.5,116.5,False,wind,False
Ireland,Onshore wind energy,OnGrid,2001,122.9,122.9,False,wind,False
Ireland,Onshore wind energy,OnGrid,2002,134.8,134.8,False,wind,False
Ireland,Onshore wind energy,OnGrid,2003,210.3,210.3,False,wind,False
Ireland,Onshore wind energy,OnGrid,2004,311.2,311.2,False,wind,False
Ireland,Onshore wind energy,OnGrid,2005,468.1,468.1,False,wind,False
Ireland,Onshore wind energy,OnGrid,2006,651.3,651.3,False,wind,False
Ireland,Onshore wind energy,OnGrid,2007,715.3,715.3,False,wind,False
Ireland,Onshore wind energy,OnGrid,2008,917.1,917.1,False,wind,False
Ireland,Onshore wind energy,OnGrid,2009,1226.1,1226.1,False,wind,False
Ireland,Onshore wind energy,OnGrid,2010,1365.2,1365.2,False,wind,False
Ireland,Onshore wind energy,OnGrid,2011,1559.4,1559.4,False,wind,False
Ireland,Onshore wind energy,OnGrid,2012,1679.15,1679.15,False,wind,False
Ireland,Onshore wind energy,OnGrid,2013,1898.1,1898.1,False,wind,False
Ireland,Onshore wind energy,OnGrid,2014,2258.05,2258.05,False,wind,False
Ireland,Onshore wind energy,OnGrid,2015,2425.95,2425.95,False,wind,False
Ireland,Onshore wind energy,OnGrid,2016,2776.45,2776.45,False,wind,False
Ireland,Onshore wind energy,OnGrid,2017,3293.95,3293.95,False,wind,False
Ireland,Onshore wind energy,OnGrid,2018,3648.65,3648.65,False,wind,False
Ireland,Onshore wind energy,OnGrid,2019,4101.25,4101.25,False,wind,False
Ireland,Onshore wind energy,OnGrid,2020,4281.5,4281.5,False,wind,False
Ireland,Onshore wind energy,OnGrid,2021,4313.84,4313.84,False,wind,False
Ireland,Onshore wind energy,OnGrid,2022,4510.93,4510.93,False,wind,False
Ireland,Onshore wind energy,OnGrid,2023,4714.05,4714.05,False,wind,False
Ireland,Onshore wind energy,OnGrid,2024,4917.74,4917.74,False,wind,False
Israel,Solar photovoltaic,OnGrid,2000,0.0,-,True,pv,False
Israel,Solar photovoltaic,OnGrid,2001,0.0,-,True,pv,False
Israel,Solar photovoltaic,OnGrid,2002,0.0,-,True,pv,False
Israel,Solar photovoltaic,OnGrid,2003,0.0,-,True,pv,False
Israel,Solar photovoltaic,OnGrid,2004,0.0,-,True,pv,False
Israel,Solar photovoltaic,OnGrid,2005,1.0,1,False,pv,False
Israel,Solar photovoltaic,OnGrid,2006,1.3,1.3,False,pv,False
Israel,Solar photovoltaic,OnGrid,2007,1.8,1.8,False,pv,False
Israel,Solar photovoltaic,OnGrid,2008,3.0,3,False,pv,False
Israel,Solar photovoltaic,OnGrid,2009,24.5,24.5,False,pv,False
Israel,Solar photovoltaic,OnGrid,2010,69.9,69.9,False,pv,False
Israel,Solar photovoltaic,OnGrid,2011,189.7,189.7,False,pv,False
Israel,Solar photovoltaic,OnGrid,2012,280.0,280,False,pv,False
Israel,Solar photovoltaic,OnGrid,2013,440.0,440,False,pv,False
Israel,Solar photovoltaic,OnGrid,2014,650.0,650,False,pv,False
Israel,Solar photovoltaic,OnGrid,2015,790.0,790,False,pv,False
Israel,Solar photovoltaic,OnGrid,2016,900.0,900,False,pv,False
Israel,Solar photovoltaic,OnGrid,2017,1000.0,1000,False,pv,False
Israel,Solar photovoltaic,OnGrid,2018,1340.0,1340,False,pv,False
Israel,Solar photovoltaic,OnGrid,2019,1890.0,1890,False,pv,False
Israel,Solar photovoltaic,OnGrid,2020,2410.0,2410,False,pv,False
Israel,Solar photovoltaic,OnGrid,2021,3349.0,3349,False,pv,False
Israel,Solar photovoltaic,OnGrid,2022,4390.0,4390,False,pv,False
Israel,Solar photovoltaic,OnGrid,2023,5274.0,5274,False,pv,False
Israel,Solar photovoltaic,OnGrid,2024,5363.4,5363.4,False,pv,False
Israel,Onshore wind energy,OnGrid,2000,0.0,-,True,wind,False
Israel,Onshore wind energy,OnGrid,2001,0.0,-,True,wind,False
Israel,Onshore wind energy,OnGrid,2002,6.0,6,False,wind,False
Israel,Onshore wind energy,OnGrid,2003,6.0,6,False,wind,False
Israel,Onshore wind energy,OnGrid,2004,6.0,6,False,wind,False
Israel,Onshore wind energy,OnGrid,2005,6.0,6,False,wind,False
Israel,Onshore wind energy,OnGrid,2006,6.0,6,False,wind,False
Israel,Onshore wind energy,OnGrid,2007,6.0,6,False,wind,False
Israel,Onshore wind energy,OnGrid,2008,6.0,6,False,wind,False
Israel,Onshore wind energy,OnGrid,2009,6.0,6,False,wind,False
Israel,Onshore wind energy,OnGrid,2010,6.0,6,False,wind,False
Israel,Onshore wind energy,OnGrid,2011,6.0,6,False,wind,False
Israel,Onshore wind energy,OnGrid,2012,6.0,6,False,wind,False
Israel,Onshore wind energy,OnGrid,2013,6.0,6,False,wind,False
Israel,Onshore wind energy,OnGrid,2014,6.0,6,False,wind,False
Israel,Onshore wind energy,OnGrid,2015,6.0,6,False,wind,False
Israel,Onshore wind energy,OnGrid,2016,27.25,27.25,False,wind,False
Israel,Onshore wind energy,OnGrid,2017,27.25,27.25,False,wind,False
Israel,Onshore wind energy,OnGrid,2018,27.25,27.25,False,wind,False
Israel,Onshore wind energy,OnGrid,2019,27.25,27.25,False,wind,False
Israel,Onshore wind energy,OnGrid,2020,27.25,27.25,False,wind,False
Israel,Onshore wind energy,OnGrid,2021,27.25,27.25,False,wind,False
Israel,Onshore wind energy,OnGrid,2022,136.25,136.25,False,wind,False
Israel,Onshore wind energy,OnGrid,2023,343.25,343.25,False,wind,False
Israel,Onshore wind energy,OnGrid,2024,347.0,347,False,wind,False
Italy,Solar photovoltaic,OnGrid,2000,19.0,19,False,pv,False
Italy,Solar photovoltaic,OnGrid,2001,20.0,20,False,pv,False
Italy,Solar photovoltaic,OnGrid,2002,22.0,22,False,pv,False
Italy,Solar photovoltaic,OnGrid,2003,26.0,26,False,pv,False
Italy,Solar photovoltaic,OnGrid,2004,31.0,31,False,pv,False
Italy,Solar photovoltaic,OnGrid,2005,34.0,34,False,pv,False
Italy,Solar photovoltaic,OnGrid,2006,45.0,45,False,pv,False
Italy,Solar photovoltaic,OnGrid,2007,110.0,110,False,pv,False
Italy,Solar photovoltaic,OnGrid,2008,483.0,483,False,pv,False
Italy,Solar photovoltaic,OnGrid,2009,1264.0,1264,False,pv,False
Italy,Solar photovoltaic,OnGrid,2010,3592.0,3592,False,pv,False
Italy,Solar photovoltaic,OnGrid,2011,13037.0,13037,False,pv,False
Italy,Solar photovoltaic,OnGrid,2012,16654.0,16654,False,pv,False
Italy,Solar photovoltaic,OnGrid,2013,18027.0,18027,False,pv,False
Italy,Solar photovoltaic,OnGrid,2014,18436.0,18436,False,pv,False
Italy,Solar photovoltaic,OnGrid,2015,18737.0,18737,False,pv,False
Italy,Solar photovoltaic,OnGrid,2016,19111.0,19111,False,pv,False
Italy,Solar photovoltaic,OnGrid,2017,19499.29,19499.29,False,pv,False
Italy,Solar photovoltaic,OnGrid,2018,19911.59,19911.59,False,pv,False
Italy,Solar photovoltaic,OnGrid,2019,20620.27,20620.27,False,pv,False
Italy,Solar photovoltaic,OnGrid,2020,21354.04,21354.04,False,pv,False
Italy,Solar photovoltaic,OnGrid,2021,22280.95,22280.95,False,pv,False
Italy,Solar photovoltaic,OnGrid,2022,24555.25,24555.25,False,pv,False
Italy,Solar photovoltaic,OnGrid,2023,29351.4,29351.4,False,pv,False
Italy,Solar photovoltaic,OnGrid,2024,35437.15,35437.15,False,pv,False
Italy,Onshore wind energy,OnGrid,2000,363.0,363,False,wind,False
Italy,Onshore wind energy,OnGrid,2001,664.0,664,False,wind,False
Italy,Onshore wind energy,OnGrid,2002,780.0,780,False,wind,False
Italy,Onshore wind energy,OnGrid,2003,874.0,874,False,wind,False
Italy,Onshore wind energy,OnGrid,2004,1127.0,1127,False,wind,False
Italy,Onshore wind energy,OnGrid,2005,1635.0,1635,False,wind,False
Italy,Onshore wind energy,OnGrid,2006,1902.0,1902,False,wind,False
Italy,Onshore wind energy,OnGrid,2007,2702.0,2702,False,wind,False
Italy,Onshore wind energy,OnGrid,2008,3525.0,3525,False,wind,False
Italy,Onshore wind energy,OnGrid,2009,4879.0,4879,False,wind,False
Italy,Onshore wind energy,OnGrid,2010,5794.0,5794,False,wind,False
Italy,Onshore wind energy,OnGrid,2011,6918.0,6918,False,wind,False
Italy,Onshore wind energy,OnGrid,2012,8102.0,8102,False,wind,False
Italy,Onshore wind energy,OnGrid,2013,8542.0,8542,False,wind,False
Italy,Onshore wind energy,OnGrid,2014,8683.0,8683,False,wind,False
Italy,Onshore wind energy,OnGrid,2015,9137.0,9137,False,wind,False
Italy,Onshore wind energy,OnGrid,2016,9384.0,9384,False,wind,False
Italy,Onshore wind energy,OnGrid,2017,9736.58,9736.58,False,wind,False
Italy,Onshore wind energy,OnGrid,2018,10230.25,10230.25,False,wind,False
Italy,Onshore wind energy,OnGrid,2019,10679.46,10679.46,False,wind,False
Italy,Onshore wind energy,OnGrid,2020,10870.62,10870.62,False,wind,False
Italy,Onshore wind energy,OnGrid,2021,11253.73,11253.73,False,wind,False
Italy,Onshore wind energy,OnGrid,2022,11820.51,11820.51,False,wind,False
Italy,Onshore wind energy,OnGrid,2023,12276.31,12276.31,False,wind,False
Italy,Onshore wind energy,OnGrid,2024,12929.17,12929.17,False,wind,False
Jamaica,Solar photovoltaic,OnGrid,2000,0.0,-,True,pv,False
Jamaica,Solar photovoltaic,OnGrid,2001,0.1,0.1,False,pv,False
Jamaica,Solar photovoltaic,OnGrid,2002,0.1,0.1,False,pv,False
Jamaica,Solar photovoltaic,OnGrid,2003,0.1,0.1,False,pv,False
Jamaica,Solar photovoltaic,OnGrid,2004,0.2,0.2,False,pv,False
Jamaica,Solar photovoltaic,OnGrid,2005,0.2,0.2,False,pv,False
Jamaica,Solar photovoltaic,OnGrid,2006,0.2,0.2,False,pv,False
Jamaica,Solar photovoltaic,OnGrid,2007,0.4,0.4,False,pv,False
Jamaica,Solar photovoltaic,OnGrid,2008,0.6,0.6,False,pv,False
Jamaica,Solar photovoltaic,OnGrid,2009,0.7,0.7,False,pv,False
Jamaica,Solar photovoltaic,OnGrid,2010,1.0,1,False,pv,False
Jamaica,Solar photovoltaic,OnGrid,2011,1.5,1.5,False,pv,False
Jamaica,Solar photovoltaic,OnGrid,2012,1.8,1.8,False,pv,False
Jamaica,Solar photovoltaic,OnGrid,2013,2.1,2.1,False,pv,False
Jamaica,Solar photovoltaic,OnGrid,2014,4.1,4.1,False,pv,False
Jamaica,Solar photovoltaic,OnGrid,2015,6.5,6.5,False,pv,False
Jamaica,Solar photovoltaic,OnGrid,2016,27.5,27.5,False,pv,False
Jamaica,Solar photovoltaic,OnGrid,2017,55.5,55.5,False,pv,False
Jamaica,Solar photovoltaic,OnGrid,2018,55.5,55.5,False,pv,False
Jamaica,Solar photovoltaic,OnGrid,2019,107.0,107,False,pv,False
Jamaica,Solar photovoltaic,OnGrid,2020,107.0,107,False,pv,False
Jamaica,Solar photovoltaic,OnGrid,2021,108.0,108,False,pv,False
Jamaica,Solar photovoltaic,OnGrid,2022,110.05,110.05,False,pv,False
Jamaica,Solar photovoltaic,OnGrid,2023,113.05,113.05,False,pv,False
Jamaica,Solar photovoltaic,OnGrid,2024,116.56,116.56,False,pv,False
Jamaica,Onshore wind energy,OnGrid,2000,0.0,-,True,wind,False
Jamaica,Onshore wind energy,OnGrid,2001,0.0,-,True,wind,False
Jamaica,Onshore wind energy,OnGrid,2002,0.0,-,True,wind,False
Jamaica,Onshore wind energy,OnGrid,2003,0.0,-,True,wind,False
Jamaica,Onshore wind energy,OnGrid,2004,20.7,20.7,False,wind,False
Jamaica,Onshore wind energy,OnGrid,2005,20.7,20.7,False,wind,False
Jamaica,Onshore wind energy,OnGrid,2006,20.7,20.7,False,wind,False
Jamaica,Onshore wind energy,OnGrid,2007,20.7,20.7,False,wind,False
Jamaica,Onshore wind energy,OnGrid,2008,20.7,20.7,False,wind,False
Jamaica,Onshore wind energy,OnGrid,2009,20.7,20.7,False,wind,False
Jamaica,Onshore wind energy,OnGrid,2010,41.9,41.9,False,wind,False
Jamaica,Onshore wind energy,OnGrid,2011,41.9,41.9,False,wind,False
Jamaica,Onshore wind energy,OnGrid,2012,41.9,41.9,False,wind,False
Jamaica,Onshore wind energy,OnGrid,2013,41.9,41.9,False,wind,False
Jamaica,Onshore wind energy,OnGrid,2014,41.9,41.9,False,wind,False
Jamaica,Onshore wind energy,OnGrid,2015,41.9,41.9,False,wind,False
Jamaica,Onshore wind energy,OnGrid,2016,102.0,102,False,wind,False
Jamaica,Onshore wind energy,OnGrid,2017,102.0,102,False,wind,False
Jamaica,Onshore wind energy,OnGrid,2018,102.0,102,False,wind,False
Jamaica,Onshore wind energy,OnGrid,2019,102.0,102,False,wind,False
Jamaica,Onshore wind energy,OnGrid,2020,102.0,102,False,wind,False
Jamaica,Onshore wind energy,OnGrid,2021,102.0,102,False,wind,False
Jamaica,Onshore wind energy,OnGrid,2022,102.0,102,False,wind,False
Jamaica,Onshore wind energy,OnGrid,2023,102.0,102,False,wind,False
Jamaica,Onshore wind energy,OnGrid,2024,102.0,102,False,wind,False
Japan,Solar photovoltaic,OnGrid,2000,330.0,330,False,pv,False
Japan,Solar photovoltaic,OnGrid,2001,453.0,453,False,pv,False
Japan,Solar photovoltaic,OnGrid,2002,637.0,637,False,pv,False
Japan,Solar photovoltaic,OnGrid,2003,860.0,860,False,pv,False
Japan,Solar photovoltaic,OnGrid,2004,1132.0,1132,False,pv,False
Japan,Solar photovoltaic,OnGrid,2005,1422.0,1422,False,pv,False
Japan,Solar photovoltaic,OnGrid,2006,1708.0,1708,False,pv,False
Japan,Solar photovoltaic,OnGrid,2007,1919.0,1919,False,pv,False
Japan,Solar photovoltaic,OnGrid,2008,2144.0,2144,False,pv,False
Japan,Solar photovoltaic,OnGrid,2009,2627.0,2627,False,pv,False
Japan,Solar photovoltaic,OnGrid,2010,3618.0,3618,False,pv,False
Japan,Solar photovoltaic,OnGrid,2011,4914.0,4914,False,pv,False
Japan,Solar photovoltaic,OnGrid,2012,6632.0,6632,False,pv,False
Japan,Solar photovoltaic,OnGrid,2013,13599.0,13599,False,pv,False
Japan,Solar photovoltaic,OnGrid,2014,23339.0,23339,False,pv,False
Japan,Solar photovoltaic,OnGrid,2015,34150.0,34150,False,pv,False
Japan,Solar photovoltaic,OnGrid,2016,42040.0,42040,False,pv,False
Japan,Solar photovoltaic,OnGrid,2017,49499.63,49499.63,False,pv,False
Japan,Solar photovoltaic,OnGrid,2018,56161.63,56161.63,False,pv,False
Japan,Solar photovoltaic,OnGrid,2019,63192.0,63192,False,pv,False
Japan,Solar photovoltaic,OnGrid,2020,71868.0,71868,False,pv,False
Japan,Solar photovoltaic,OnGrid,2021,78413.0,78413,False,pv,False
Japan,Solar photovoltaic,OnGrid,2022,83057.0,83057,False,pv,False
Japan,Solar photovoltaic,OnGrid,2023,87068.0,87068,False,pv,False
Japan,Solar photovoltaic,OnGrid,2024,89601.33,89601.33,False,pv,False
Japan,Onshore wind energy,OnGrid,2000,84.0,84,False,wind,False
Japan,Onshore wind energy,OnGrid,2001,175.0,175,False,wind,False
Japan,Onshore wind energy,OnGrid,2002,277.0,277,False,wind,False
Japan,Onshore wind energy,OnGrid,2003,506.8,506.8,False,wind,False
Japan,Onshore wind energy,OnGrid,2004,767.8,767.8,False,wind,False
Japan,Onshore wind energy,OnGrid,2005,1225.8,1225.8,False,wind,False
Japan,Onshore wind energy,OnGrid,2006,1803.8,1803.8,False,wind,False
Japan,Onshore wind energy,OnGrid,2007,1515.8,1515.8,False,wind,False
Japan,Onshore wind energy,OnGrid,2008,1744.8,1744.8,False,wind,False
Japan,Onshore wind energy,OnGrid,2009,1985.8,1985.8,False,wind,False
Japan,Onshore wind energy,OnGrid,2010,2268.8,2268.8,False,wind,False
Japan,Onshore wind energy,OnGrid,2011,2393.8,2393.8,False,wind,False
Japan,Onshore wind energy,OnGrid,2012,2536.7,2536.7,False,wind,False
Japan,Onshore wind energy,OnGrid,2013,2596.3,2596.3,False,wind,False
Japan,Onshore wind energy,OnGrid,2014,2703.3,2703.3,False,wind,False
Japan,Onshore wind energy,OnGrid,2015,2751.0,2751,False,wind,False
Japan,Onshore wind energy,OnGrid,2016,3140.0,3140,False,wind,False
Japan,Onshore wind energy,OnGrid,2017,3418.33,3418.33,False,wind,False
Japan,Onshore wind energy,OnGrid,2018,3433.01,3433.01,False,wind,False
Japan,Onshore wind energy,OnGrid,2019,3885.67,3885.67,False,wind,False
Japan,Onshore wind energy,OnGrid,2020,4060.52,4060.52,False,wind,False
Japan,Onshore wind energy,OnGrid,2021,4210.09,4210.09,False,wind,False
Japan,Onshore wind energy,OnGrid,2022,4303.28,4303.28,False,wind,False
Japan,Onshore wind energy,OnGrid,2023,5184.34,5184.34,False,wind,False
Japan,Onshore wind energy,OnGrid,2024,5573.34,5573.34,False,wind,False
Jordan,Solar photovoltaic,OnGrid,2000,0.0,-,True,pv,False
Jordan,Solar photovoltaic,OnGrid,2001,0.0,-,True,pv,False
Jordan,Solar photovoltaic,OnGrid,2002,0.0,-,True,pv,False
Jordan,Solar photovoltaic,OnGrid,2003,0.0,-,True,pv,False
Jordan,Solar photovoltaic,OnGrid,2004,0.0,-,True,pv,False
Jordan,Solar photovoltaic,OnGrid,2005,0.0,-,True,pv,False
Jordan,Solar photovoltaic,OnGrid,2006,0.0,-,True,pv,False
Jordan,Solar photovoltaic,OnGrid,2007,0.0,-,True,pv,False
Jordan,Solar photovoltaic,OnGrid,2008,0.0,-,True,pv,False
Jordan,Solar photovoltaic,OnGrid,2009,0.0,-,True,pv,False
Jordan,Solar photovoltaic,OnGrid,2010,0.0,-,True,pv,False
Jordan,Solar photovoltaic,OnGrid,2011,0.0,-,True,pv,False
Jordan,Solar photovoltaic,OnGrid,2012,0.0,-,True,pv,False
Jordan,Solar photovoltaic,OnGrid,2013,0.0,-,True,pv,False
Jordan,Solar photovoltaic,OnGrid,2014,0.0,-,True,pv,False
Jordan,Solar photovoltaic,OnGrid,2015,56.21,56.21,False,pv,False
Jordan,Solar photovoltaic,OnGrid,2016,310.5,310.5,False,pv,False
Jordan,Solar photovoltaic,OnGrid,2017,416.95,416.95,False,pv,False
Jordan,Solar photovoltaic,OnGrid,2018,759.57,759.57,False,pv,False
Jordan,Solar photovoltaic,OnGrid,2019,970.32,970.32,False,pv,False
Jordan,Solar photovoltaic,OnGrid,2020,1538.5,1538.5,False,pv,False
Jordan,Solar photovoltaic,OnGrid,2021,1807.5,1807.5,False,pv,False
Jordan,Solar photovoltaic,OnGrid,2022,1962.6,1962.6,False,pv,False
Jordan,Solar photovoltaic,OnGrid,2023,1986.6,1986.6,False,pv,False
Jordan,Solar photovoltaic,OnGrid,2024,2191.8,2191.8,False,pv,False
Jordan,Onshore wind energy,OnGrid,2000,1.4,1.4,False,wind,False
Jordan,Onshore wind energy,OnGrid,2001,1.4,1.4,False,wind,False
Jordan,Onshore wind energy,OnGrid,2002,1.4,1.4,False,wind,False
Jordan,Onshore wind energy,OnGrid,2003,1.4,1.4,False,wind,False
Jordan,Onshore wind energy,OnGrid,2004,1.4,1.4,False,wind,False
Jordan,Onshore wind energy,OnGrid,2005,1.4,1.4,False,wind,False
Jordan,Onshore wind energy,OnGrid,2006,1.4,1.4,False,wind,False
Jordan,Onshore wind energy,OnGrid,2007,1.4,1.4,False,wind,False
Jordan,Onshore wind energy,OnGrid,2008,1.4,1.4,False,wind,False
Jordan,Onshore wind energy,OnGrid,2009,1.4,1.4,False,wind,False
Jordan,Onshore wind energy,OnGrid,2010,1.4,1.4,False,wind,False
Jordan,Onshore wind energy,OnGrid,2011,1.4,1.4,False,wind,False
Jordan,Onshore wind energy,OnGrid,2012,1.4,1.4,False,wind,False
Jordan,Onshore wind energy,OnGrid,2013,1.4,1.4,False,wind,False
Jordan,Onshore wind energy,OnGrid,2014,1.4,1.4,False,wind,False
Jordan,Onshore wind energy,OnGrid,2015,118.4,118.4,False,wind,False
Jordan,Onshore wind energy,OnGrid,2016,184.4,184.4,False,wind,False
Jordan,Onshore wind energy,OnGrid,2017,198.4,198.4,False,wind,False
Jordan,Onshore wind energy,OnGrid,2018,294.5,294.5,False,wind,False
Jordan,Onshore wind energy,OnGrid,2019,383.6,383.6,False,wind,False
Jordan,Onshore wind energy,OnGrid,2020,528.6,528.6,False,wind,False
Jordan,Onshore wind energy,OnGrid,2021,632.1,632.1,False,wind,False
Jordan,Onshore wind energy,OnGrid,2022,632.1,632.1,False,wind,False
Jordan,Onshore wind energy,OnGrid,2023,631.1,631.1,False,wind,False
Jordan,Onshore wind energy,OnGrid,2024,631.1,631.1,False,wind,False
Kazakhstan,Solar photovoltaic,OnGrid,2000,0.0,-,True,pv,False
Kazakhstan,Solar photovoltaic,OnGrid,2001,0.0,-,True,pv,False
Kazakhstan,Solar photovoltaic,OnGrid,2002,0.0,-,True,pv,False
Kazakhstan,Solar photovoltaic,OnGrid,2003,0.0,-,True,pv,False
Kazakhstan,Solar photovoltaic,OnGrid,2004,0.0,-,True,pv,False
Kazakhstan,Solar photovoltaic,OnGrid,2005,0.0,-,True,pv,False
Kazakhstan,Solar photovoltaic,OnGrid,2006,0.0,-,True,pv,False
Kazakhstan,Solar photovoltaic,OnGrid,2007,0.0,-,True,pv,False
Kazakhstan,Solar photovoltaic,OnGrid,2008,0.0,-,True,pv,False
Kazakhstan,Solar photovoltaic,OnGrid,2009,0.0,-,True,pv,False
Kazakhstan,Solar photovoltaic,OnGrid,2010,0.0,-,True,pv,False
Kazakhstan,Solar photovoltaic,OnGrid,2011,0.0,-,True,pv,False
Kazakhstan,Solar photovoltaic,OnGrid,2012,0.0,-,True,pv,False
Kazakhstan,Solar photovoltaic,OnGrid,2013,0.5,0.5,False,pv,False
Kazakhstan,Solar photovoltaic,OnGrid,2014,5.04,5.04,False,pv,False
Kazakhstan,Solar photovoltaic,OnGrid,2015,57.06,57.06,False,pv,False
Kazakhstan,Solar photovoltaic,OnGrid,2016,57.3,57.3,False,pv,False
Kazakhstan,Solar photovoltaic,OnGrid,2017,58.8,58.8,False,pv,False
Kazakhstan,Solar photovoltaic,OnGrid,2018,209.0,209,False,pv,False
Kazakhstan,Solar photovoltaic,OnGrid,2019,541.7,541.7,False,pv,False
Kazakhstan,Solar photovoltaic,OnGrid,2020,911.6,911.6,False,pv,False
Kazakhstan,Solar photovoltaic,OnGrid,2021,1037.61,1037.61,False,pv,False
Kazakhstan,Solar photovoltaic,OnGrid,2022,1146.23,1146.23,False,pv,False
Kazakhstan,Solar photovoltaic,OnGrid,2023,1204.94,1204.94,False,pv,False
Kazakhstan,Solar photovoltaic,OnGrid,2024,1228.81,1228.81,False,pv,False
Kazakhstan,Onshore wind energy,OnGrid,2000,0.0,-,True,wind,False
Kazakhstan,Onshore wind energy,OnGrid,2001,0.0,-,True,wind,False
Kazakhstan,Onshore wind energy,OnGrid,2002,0.0,-,True,wind,False
Kazakhstan,Onshore wind energy,OnGrid,2003,0.0,-,True,wind,False
Kazakhstan,Onshore wind energy,OnGrid,2004,0.0,-,True,wind,False
Kazakhstan,Onshore wind energy,OnGrid,2005,0.0,-,True,wind,False
Kazakhstan,Onshore wind energy,OnGrid,2006,0.0,-,True,wind,False
Kazakhstan,Onshore wind energy,OnGrid,2007,0.0,-,True,wind,False
Kazakhstan,Onshore wind energy,OnGrid,2008,0.0,-,True,wind,False
Kazakhstan,Onshore wind energy,OnGrid,2009,0.0,-,True,wind,False
Kazakhstan,Onshore wind energy,OnGrid,2010,0.0,-,True,wind,False
Kazakhstan,Onshore wind energy,OnGrid,2011,0.0,-,True,wind,False
Kazakhstan,Onshore wind energy,OnGrid,2012,1.5,1.5,False,wind,False
Kazakhstan,Onshore wind energy,OnGrid,2013,4.0,4,False,wind,False
Kazakhstan,Onshore wind energy,OnGrid,2014,52.81,52.81,False,wind,False
Kazakhstan,Onshore wind energy,OnGrid,2015,71.76,71.76,False,wind,False
Kazakhstan,Onshore wind energy,OnGrid,2016,98.16,98.16,False,wind,False
Kazakhstan,Onshore wind energy,OnGrid,2017,112.4,112.4,False,wind,False
Kazakhstan,Onshore wind energy,OnGrid,2018,121.45,121.45,False,wind,False
Kazakhstan,Onshore wind energy,OnGrid,2019,283.8,283.8,False,wind,False
Kazakhstan,Onshore wind energy,OnGrid,2020,486.3,486.3,False,wind,False
Kazakhstan,Onshore wind energy,OnGrid,2021,683.95,683.95,False,wind,False
Kazakhstan,Onshore wind energy,OnGrid,2022,1107.75,1107.75,False,wind,False
Kazakhstan,Onshore wind energy,OnGrid,2023,1394.6,1394.6,False,wind,False
Kazakhstan,Onshore wind energy,OnGrid,2024,1520.05,1520.05,False,wind,False
Kenya,Solar photovoltaic,OnGrid,2000,0.0,-,True,pv,False
Kenya,Solar photovoltaic,OnGrid,2001,0.0,-,True,pv,False
Kenya,Solar photovoltaic,OnGrid,2002,0.0,-,True,pv,False
Kenya,Solar photovoltaic,OnGrid,2003,0.0,-,True,pv,False
Kenya,Solar photovoltaic,OnGrid,2004,0.0,-,True,pv,False
Kenya,Solar photovoltaic,OnGrid,2005,0.0,-,True,pv,False
Kenya,Solar photovoltaic,OnGrid,2006,0.0,-,True,pv,False
Kenya,Solar photovoltaic,OnGrid,2007,0.0,-,True,pv,False
Kenya,Solar photovoltaic,OnGrid,2008,0.0,-,True,pv,False
Kenya,Solar photovoltaic,OnGrid,2009,0.0,-,True,pv,False
Kenya,Solar photovoltaic,OnGrid,2010,0.0,-,True,pv,False
Kenya,Solar photovoltaic,OnGrid,2011,0.52,0.52,False,pv,False
Kenya,Solar photovoltaic,OnGrid,2012,0.52,0.52,False,pv,False
Kenya,Solar photovoltaic,OnGrid,2013,0.75,0.75,False,pv,False
Kenya,Solar photovoltaic,OnGrid,2014,2.35,2.35,False,pv,False
Kenya,Solar photovoltaic,OnGrid,2015,2.59,2.59,False,pv,False
Kenya,Solar photovoltaic,OnGrid,2016,5.85,5.85,False,pv,False
Kenya,Solar photovoltaic,OnGrid,2017,9.77,9.77,False,pv,False
Kenya,Solar photovoltaic,OnGrid,2018,61.6,61.6,False,pv,False
Kenya,Solar photovoltaic,OnGrid,2019,66.53,66.53,False,pv,False
Kenya,Solar photovoltaic,OnGrid,2020,67.69,67.69,False,pv,False
Kenya,Solar photovoltaic,OnGrid,2021,115.46,115.46,False,pv,False
Kenya,Solar photovoltaic,OnGrid,2022,205.02,205.02,False,pv,False
Kenya,Solar photovoltaic,OnGrid,2023,410.4,410.4,False,pv,False
Kenya,Solar photovoltaic,OnGrid,2024,484.9,484.9,False,pv,False
Kenya,Onshore wind energy,OnGrid,2000,0.4,0.4,False,wind,False
Kenya,Onshore wind energy,OnGrid,2001,0.4,0.4,False,wind,False
Kenya,Onshore wind energy,OnGrid,2002,0.4,0.4,False,wind,False
Kenya,Onshore wind energy,OnGrid,2003,0.4,0.4,False,wind,False
Kenya,Onshore wind energy,OnGrid,2004,0.4,0.4,False,wind,False
Kenya,Onshore wind energy,OnGrid,2005,0.4,0.4,False,wind,False
Kenya,Onshore wind energy,OnGrid,2006,0.4,0.4,False,wind,False
Kenya,Onshore wind energy,OnGrid,2007,0.4,0.4,False,wind,False
Kenya,Onshore wind energy,OnGrid,2008,0.4,0.4,False,wind,False
Kenya,Onshore wind energy,OnGrid,2009,0.4,0.4,False,wind,False
Kenya,Onshore wind energy,OnGrid,2010,5.1,5.1,False,wind,False
Kenya,Onshore wind energy,OnGrid,2011,5.1,5.1,False,wind,False
Kenya,Onshore wind energy,OnGrid,2012,5.1,5.1,False,wind,False
Kenya,Onshore wind energy,OnGrid,2013,5.1,5.1,False,wind,False
Kenya,Onshore wind energy,OnGrid,2014,5.3,5.3,False,wind,False
Kenya,Onshore wind energy,OnGrid,2015,25.5,25.5,False,wind,False
Kenya,Onshore wind energy,OnGrid,2016,25.5,25.5,False,wind,False
Kenya,Onshore wind energy,OnGrid,2017,25.5,25.5,False,wind,False
Kenya,Onshore wind energy,OnGrid,2018,335.5,335.5,False,wind,False
Kenya,Onshore wind energy,OnGrid,2019,335.5,335.5,False,wind,False
Kenya,Onshore wind energy,OnGrid,2020,335.5,335.5,False,wind,False
Kenya,Onshore wind energy,OnGrid,2021,435.5,435.5,False,wind,False
Kenya,Onshore wind energy,OnGrid,2022,435.5,435.5,False,wind,False
Kenya,Onshore wind energy,OnGrid,2023,435.5,435.5,False,wind,False
Kenya,Onshore wind energy,OnGrid,2024,435.5,435.5,False,wind,False
Kiribati,Solar photovoltaic,OnGrid,2000,0.0,-,True,pv,False
Kiribati,Solar photovoltaic,OnGrid,2001,0.0,-,True,pv,False
Kiribati,Solar photovoltaic,OnGrid,2002,0.0,-,True,pv,False
Kiribati,Solar photovoltaic,OnGrid,2003,0.0,-,True,pv,False
Kiribati,Solar photovoltaic,OnGrid,2004,0.0,-,True,pv,False
Kiribati,Solar photovoltaic,OnGrid,2005,0.0,-,True,pv,False
Kiribati,Solar photovoltaic,OnGrid,2006,0.0,-,True,pv,False
Kiribati,Solar photovoltaic,OnGrid,2007,0.0,-,True,pv,False
Kiribati,Solar photovoltaic,OnGrid,2008,0.02,0.02,False,pv,False
Kiribati,Solar photovoltaic,OnGrid,2009,0.02,0.02,False,pv,False
Kiribati,Solar photovoltaic,OnGrid,2010,0.02,0.02,False,pv,False
Kiribati,Solar photovoltaic,OnGrid,2011,0.02,0.02,False,pv,False
Kiribati,Solar photovoltaic,OnGrid,2012,0.02,0.02,False,pv,False
Kiribati,Solar photovoltaic,OnGrid,2013,0.02,0.02,False,pv,False
Kiribati,Solar photovoltaic,OnGrid,2014,0.03,0.03,False,pv,False
Kiribati,Solar photovoltaic,OnGrid,2015,0.94,0.94,False,pv,False
Kiribati,Solar photovoltaic,OnGrid,2016,1.49,1.49,False,pv,False
Kiribati,Solar photovoltaic,OnGrid,2017,1.49,1.49,False,pv,False
Kiribati,Solar photovoltaic,OnGrid,2018,1.82,1.82,False,pv,False
Kiribati,Solar photovoltaic,OnGrid,2019,1.82,1.82,False,pv,False
Kiribati,Solar photovoltaic,OnGrid,2020,1.82,1.82,False,pv,False
Kiribati,Solar photovoltaic,OnGrid,2021,1.82,1.82,False,pv,False
Kiribati,Solar photovoltaic,OnGrid,2022,1.82,1.82,False,pv,False
Kiribati,Solar photovoltaic,OnGrid,2023,1.82,1.82,False,pv,False
Kiribati,Solar photovoltaic,OnGrid,2024,1.82,1.82,False,pv,False
Kiribati,Onshore wind energy,OnGrid,2000,0.0,-,True,wind,False
Kiribati,Onshore wind energy,OnGrid,2001,0.0,-,True,wind,False
Kiribati,Onshore wind energy,OnGrid,2002,0.0,-,True,wind,False
Kiribati,Onshore wind energy,OnGrid,2003,0.0,-,True,wind,False
Kiribati,Onshore wind energy,OnGrid,2004,0.0,-,True,wind,False
Kiribati,Onshore wind energy,OnGrid,2005,0.0,-,True,wind,False
Kiribati,Onshore wind energy,OnGrid,2006,0.0,-,True,wind,False
Kiribati,Onshore wind energy,OnGrid,2007,0.0,-,True,wind,False
Kiribati,Onshore wind energy,OnGrid,2008,0.0,-,True,wind,False
Kiribati,Onshore wind energy,OnGrid,2009,0.0,-,True,wind,False
Kiribati,Onshore wind energy,OnGrid,2010,0.0,-,True,wind,False
Kiribati,Onshore wind energy,OnGrid,2011,0.0,-,True,wind,False
Kiribati,Onshore wind energy,OnGrid,2012,0.0,-,True,wind,False
Kiribati,Onshore wind energy,OnGrid,2013,0.0,-,True,wind,False
Kiribati,Onshore wind energy,OnGrid,2014,0.0,-,True,wind,False
Kiribati,Onshore wind energy,OnGrid,2015,0.0,-,True,wind,False
Kiribati,Onshore wind energy,OnGrid,2016,0.0,-,True,wind,False
Kiribati,Onshore wind energy,OnGrid,2017,0.0,-,True,wind,False
Kiribati,Onshore wind energy,OnGrid,2018,0.0,-,True,wind,False
Kiribati,Onshore wind energy,OnGrid,2019,0.0,-,True,wind,False
Kiribati,Onshore wind energy,OnGrid,2020,0.0,-,True,wind,False
Kiribati,Onshore wind energy,OnGrid,2021,0.0,-,True,wind,False
Kiribati,Onshore wind energy,OnGrid,2022,0.0,-,True,wind,False
Kiribati,Onshore wind energy,OnGrid,2023,0.0,-,True,wind,False
Kiribati,Onshore wind energy,OnGrid,2024,0.0,-,True,wind,False
Korea DPR,Solar photovoltaic,OnGrid,2000,0.0,-,True,pv,False
Korea DPR,Solar photovoltaic,OnGrid,2001,0.03,0.03,False,pv,False
Korea DPR,Solar photovoltaic,OnGrid,2002,0.04,0.04,False,pv,False
Korea DPR,Solar photovoltaic,OnGrid,2003,0.26,0.26,False,pv,False
Korea DPR,Solar photovoltaic,OnGrid,2004,0.34,0.34,False,pv,False
Korea DPR,Solar photovoltaic,OnGrid,2005,0.36,0.36,False,pv,False
Korea DPR,Solar photovoltaic,OnGrid,2006,0.42,0.42,False,pv,False
Korea DPR,Solar photovoltaic,OnGrid,2007,0.46,0.46,False,pv,False
Korea DPR,Solar photovoltaic,OnGrid,2008,0.49,0.49,False,pv,False
Korea DPR,Solar photovoltaic,OnGrid,2009,0.64,0.64,False,pv,False
Korea DPR,Solar photovoltaic,OnGrid,2010,0.95,0.95,False,pv,False
Korea DPR,Solar photovoltaic,OnGrid,2011,1.69,1.69,False,pv,False
Korea DPR,Solar photovoltaic,OnGrid,2012,2.29,2.29,False,pv,False
Korea DPR,Solar photovoltaic,OnGrid,2013,6.14,6.14,False,pv,False
Korea DPR,Solar photovoltaic,OnGrid,2014,10.96,10.96,False,pv,False
Korea DPR,Solar photovoltaic,OnGrid,2015,22.86,22.86,False,pv,False
Korea DPR,Solar photovoltaic,OnGrid,2016,32.41,32.41,False,pv,False
Korea DPR,Solar photovoltaic,OnGrid,2017,36.31,36.31,False,pv,False
Korea DPR,Solar photovoltaic,OnGrid,2018,49.94,49.94,False,pv,False
Korea DPR,Solar photovoltaic,OnGrid,2019,64.97,64.97,False,pv,False
Korea DPR,Solar photovoltaic,OnGrid,2020,78.97,78.97,False,pv,False
Korea DPR,Solar photovoltaic,OnGrid,2021,101.97,101.97,False,pv,False
Korea DPR,Solar photovoltaic,OnGrid,2022,115.52,115.52,False,pv,False
Korea DPR,Solar photovoltaic,OnGrid,2023,129.19,129.19,False,pv,False
Korea DPR,Solar photovoltaic,OnGrid,2024,142.74,142.74,False,pv,False
Korea DPR,Onshore wind energy,OnGrid,2000,0.0,-,True,wind,False
Korea DPR,Onshore wind energy,OnGrid,2001,0.0,-,True,wind,False
Korea DPR,Onshore wind energy,OnGrid,2002,0.0,-,True,wind,False
Korea DPR,Onshore wind energy,OnGrid,2003,0.0,-,True,wind,False
Korea DPR,Onshore wind energy,OnGrid,2004,0.0,-,True,wind,False
Korea DPR,Onshore wind energy,OnGrid,2005,0.0,-,True,wind,False
Korea DPR,Onshore wind energy,OnGrid,2006,0.0,-,True,wind,False
Korea DPR,Onshore wind energy,OnGrid,2007,0.0,-,True,wind,False
Korea DPR,Onshore wind energy,OnGrid,2008,0.22,0.22,False,wind,False
Korea DPR,Onshore wind energy,OnGrid,2009,0.23,0.23,False,wind,False
Korea DPR,Onshore wind energy,OnGrid,2010,0.24,0.24,False,wind,False
Korea DPR,Onshore wind energy,OnGrid,2011,0.28,0.28,False,wind,False
Korea DPR,Onshore wind energy,OnGrid,2012,0.54,0.54,False,wind,False
Korea DPR,Onshore wind energy,OnGrid,2013,0.55,0.55,False,wind,False
Korea DPR,Onshore wind energy,OnGrid,2014,0.75,0.75,False,wind,False
Korea DPR,Onshore wind energy,OnGrid,2015,0.86,0.86,False,wind,False
Korea DPR,Onshore wind energy,OnGrid,2016,0.97,0.97,False,wind,False
Korea DPR,Onshore wind energy,OnGrid,2017,1.33,1.33,False,wind,False
Korea DPR,Onshore wind energy,OnGrid,2018,1.33,1.33,False,wind,False
Korea DPR,Onshore wind energy,OnGrid,2019,1.33,1.33,False,wind,False
Korea DPR,Onshore wind energy,OnGrid,2020,1.6,1.6,False,wind,False
Korea DPR,Onshore wind energy,OnGrid,2021,1.6,1.6,False,wind,False
Korea DPR,Onshore wind energy,OnGrid,2022,1.6,1.6,False,wind,False
Korea DPR,Onshore wind energy,OnGrid,2023,1.6,1.6,False,wind,False
Korea DPR,Onshore wind energy,OnGrid,2024,1.6,1.6,False,wind,False
Korea Rep,Solar photovoltaic,OnGrid,2000,4.0,4,False,pv,False
Korea Rep,Solar photovoltaic,OnGrid,2001,5.0,5,False,pv,False
Korea Rep,Solar photovoltaic,OnGrid,2002,5.0,5,False,pv,False
Korea Rep,Solar photovoltaic,OnGrid,2003,6.0,6,False,pv,False
Korea Rep,Solar photovoltaic,OnGrid,2004,9.0,9,False,pv,False
Korea Rep,Solar photovoltaic,OnGrid,2005,14.0,14,False,pv,False
Korea Rep,Solar photovoltaic,OnGrid,2006,36.0,36,False,pv,False
Korea Rep,Solar photovoltaic,OnGrid,2007,81.0,81,False,pv,False
Korea Rep,Solar photovoltaic,OnGrid,2008,357.0,357,False,pv,False
Korea Rep,Solar photovoltaic,OnGrid,2009,524.0,524,False,pv,False
Korea Rep,Solar photovoltaic,OnGrid,2010,651.0,651,False,pv,False
Korea Rep,Solar photovoltaic,OnGrid,2011,735.0,735,False,pv,False
Korea Rep,Solar photovoltaic,OnGrid,2012,1039.0,1039,False,pv,False
Korea Rep,Solar photovoltaic,OnGrid,2013,1559.0,1559,False,pv,False
Korea Rep,Solar photovoltaic,OnGrid,2014,2438.0,2438,False,pv,False
Korea Rep,Solar photovoltaic,OnGrid,2015,3467.0,3467,False,pv,False
Korea Rep,Solar photovoltaic,OnGrid,2016,4338.0,4338,False,pv,False
Korea Rep,Solar photovoltaic,OnGrid,2017,5633.47,5633.47,False,pv,False
Korea Rep,Solar photovoltaic,OnGrid,2018,7701.44,7701.44,False,pv,False
Korea Rep,Solar photovoltaic,OnGrid,2019,10847.37,10847.37,False,pv,False
Korea Rep,Solar photovoltaic,OnGrid,2020,14755.59,14755.59,False,pv,False
Korea Rep,Solar photovoltaic,OnGrid,2021,17905.12,17905.12,False,pv,False
Korea Rep,Solar photovoltaic,OnGrid,2022,20525.1,20525.1,False,pv,False
Korea Rep,Solar photovoltaic,OnGrid,2023,23528.22,23528.22,False,pv,False
Korea Rep,Solar photovoltaic,OnGrid,2024,26680.25,26680.25,False,pv,False
Korea Rep,Onshore wind energy,OnGrid,2000,14.0,14,False,wind,False
Korea Rep,Onshore wind energy,OnGrid,2001,22.0,22,False,wind,False
Korea Rep,Onshore wind energy,OnGrid,2002,26.0,26,False,wind,False
Korea Rep,Onshore wind energy,OnGrid,2003,38.0,38,False,wind,False
Korea Rep,Onshore wind energy,OnGrid,2004,31.0,31,False,wind,False
Korea Rep,Onshore wind energy,OnGrid,2005,184.0,184,False,wind,False
Korea Rep,Onshore wind energy,OnGrid,2006,190.0,190,False,wind,False
Korea Rep,Onshore wind energy,OnGrid,2007,193.0,193,False,wind,False
Korea Rep,Onshore wind energy,OnGrid,2008,298.0,298,False,wind,False
Korea Rep,Onshore wind energy,OnGrid,2009,333.0,333,False,wind,False
Korea Rep,Onshore wind energy,OnGrid,2010,367.0,367,False,wind,False
Korea Rep,Onshore wind energy,OnGrid,2011,419.0,419,False,wind,False
Korea Rep,Onshore wind energy,OnGrid,2012,487.0,487,False,wind,False
Korea Rep,Onshore wind energy,OnGrid,2013,578.0,578,False,wind,False
Korea Rep,Onshore wind energy,OnGrid,2014,634.5,634.5,False,wind,False
Korea Rep,Onshore wind energy,OnGrid,2015,842.5,842.5,False,wind,False
Korea Rep,Onshore wind energy,OnGrid,2016,994.5,994.5,False,wind,False
Korea Rep,Onshore wind energy,OnGrid,2017,1097.91,1097.91,False,wind,False
Korea Rep,Onshore wind energy,OnGrid,2018,1229.64,1229.64,False,wind,False
Korea Rep,Onshore wind energy,OnGrid,2019,1420.87,1420.87,False,wind,False
Korea Rep,Onshore wind energy,OnGrid,2020,1509.41,1509.41,False,wind,False
Korea Rep,Onshore wind energy,OnGrid,2021,1573.12,1573.12,False,wind,False
Korea Rep,Onshore wind energy,OnGrid,2022,1802.96,1802.96,False,wind,False
Korea Rep,Onshore wind energy,OnGrid,2023,2018.72,2018.72,False,wind,False
Korea Rep,Onshore wind energy,OnGrid,2024,2015.13,2015.13,False,wind,False
Kosovo,Solar photovoltaic,OnGrid,2000,0.0,-,True,pv,False
Kosovo,Solar photovoltaic,OnGrid,2001,0.0,-,True,pv,False
Kosovo,Solar photovoltaic,OnGrid,2002,0.0,-,True,pv,False
Kosovo,Solar photovoltaic,OnGrid,2003,0.0,-,True,pv,False
Kosovo,Solar photovoltaic,OnGrid,2004,0.0,-,True,pv,False
Kosovo,Solar photovoltaic,OnGrid,2005,0.0,-,True,pv,False
Kosovo,Solar photovoltaic,OnGrid,2006,0.0,-,True,pv,False
Kosovo,Solar photovoltaic,OnGrid,2007,0.0,-,True,pv,False
Kosovo,Solar photovoltaic,OnGrid,2008,0.0,-,True,pv,False
Kosovo,Solar photovoltaic,OnGrid,2009,0.0,-,True,pv,False
Kosovo,Solar photovoltaic,OnGrid,2010,0.0,-,True,pv,False
Kosovo,Solar photovoltaic,OnGrid,2011,0.0,-,True,pv,False
Kosovo,Solar photovoltaic,OnGrid,2012,0.0,-,True,pv,False
Kosovo,Solar photovoltaic,OnGrid,2013,0.0,-,True,pv,False
Kosovo,Solar photovoltaic,OnGrid,2014,0.0,-,True,pv,False
Kosovo,Solar photovoltaic,OnGrid,2015,0.1,0.1,False,pv,False
Kosovo,Solar photovoltaic,OnGrid,2016,1.95,1.95,False,pv,False
Kosovo,Solar photovoltaic,OnGrid,2017,6.6,6.6,False,pv,False
Kosovo,Solar photovoltaic,OnGrid,2018,6.6,6.6,False,pv,False
Kosovo,Solar photovoltaic,OnGrid,2019,10.0,10,False,pv,False
Kosovo,Solar photovoltaic,OnGrid,2020,10.0,10,False,pv,False
Kosovo,Solar photovoltaic,OnGrid,2021,14.15,14.15,False,pv,False
Kosovo,Solar photovoltaic,OnGrid,2022,14.15,14.15,False,pv,False
Kosovo,Solar photovoltaic,OnGrid,2023,14.15,14.15,False,pv,False
Kosovo,Solar photovoltaic,OnGrid,2024,19.55,19.55,False,pv,False
Kosovo,Onshore wind energy,OnGrid,2000,0.0,-,True,wind,False
Kosovo,Onshore wind energy,OnGrid,2001,0.0,-,True,wind,False
Kosovo,Onshore wind energy,OnGrid,2002,0.0,-,True,wind,False
Kosovo,Onshore wind energy,OnGrid,2003,0.0,-,True,wind,False
Kosovo,Onshore wind energy,OnGrid,2004,0.0,-,True,wind,False
Kosovo,Onshore wind energy,OnGrid,2005,0.0,-,True,wind,False
Kosovo,Onshore wind energy,OnGrid,2006,0.0,-,True,wind,False
Kosovo,Onshore wind energy,OnGrid,2007,0.0,-,True,wind,False
Kosovo,Onshore wind energy,OnGrid,2008,0.0,-,True,wind,False
Kosovo,Onshore wind energy,OnGrid,2009,0.0,-,True,wind,False
Kosovo,Onshore wind energy,OnGrid,2010,1.0,1,False,wind,False
Kosovo,Onshore wind energy,OnGrid,2011,1.0,1,False,wind,False
Kosovo,Onshore wind energy,OnGrid,2012,1.0,1,False,wind,False
Kosovo,Onshore wind energy,OnGrid,2013,1.0,1,False,wind,False
Kosovo,Onshore wind energy,OnGrid,2014,1.0,1,False,wind,False
Kosovo,Onshore wind energy,OnGrid,2015,1.0,1,False,wind,False
Kosovo,Onshore wind energy,OnGrid,2016,1.0,1,False,wind,False
Kosovo,Onshore wind energy,OnGrid,2017,33.75,33.75,False,wind,False
Kosovo,Onshore wind energy,OnGrid,2018,33.75,33.75,False,wind,False
Kosovo,Onshore wind energy,OnGrid,2019,33.75,33.75,False,wind,False
Kosovo,Onshore wind energy,OnGrid,2020,33.75,33.75,False,wind,False
Kosovo,Onshore wind energy,OnGrid,2021,33.75,33.75,False,wind,False
Kosovo,Onshore wind energy,OnGrid,2022,68.22,68.22,False,wind,False
Kosovo,Onshore wind energy,OnGrid,2023,68.22,68.22,False,wind,False
Kosovo,Onshore wind energy,OnGrid,2024,137.22,137.22,False,wind,False
Kuwait,Solar photovoltaic,OnGrid,2000,0.0,-,True,pv,False
Kuwait,Solar photovoltaic,OnGrid,2001,0.0,-,True,pv,False
Kuwait,Solar photovoltaic,OnGrid,2002,0.0,-,True,pv,False
Kuwait,Solar photovoltaic,OnGrid,2003,0.0,-,True,pv,False
Kuwait,Solar photovoltaic,OnGrid,2004,0.0,-,True,pv,False
Kuwait,Solar photovoltaic,OnGrid,2005,0.0,-,True,pv,False
Kuwait,Solar photovoltaic,OnGrid,2006,0.0,-,True,pv,False
Kuwait,Solar photovoltaic,OnGrid,2007,0.0,-,True,pv,False
Kuwait,Solar photovoltaic,OnGrid,2008,0.0,-,True,pv,False
Kuwait,Solar photovoltaic,OnGrid,2009,0.0,-,True,pv,False
Kuwait,Solar photovoltaic,OnGrid,2010,0.0,-,True,pv,False
Kuwait,Solar photovoltaic,OnGrid,2011,0.01,0.01,False,pv,False
Kuwait,Solar photovoltaic,OnGrid,2012,0.01,0.01,False,pv,False
Kuwait,Solar photovoltaic,OnGrid,2013,0.11,0.11,False,pv,False
Kuwait,Solar photovoltaic,OnGrid,2014,2.05,2.05,False,pv,False
Kuwait,Solar photovoltaic,OnGrid,2015,3.18,3.18,False,pv,False
Kuwait,Solar photovoltaic,OnGrid,2016,20.51,20.51,False,pv,False
Kuwait,Solar photovoltaic,OnGrid,2017,21.42,21.42,False,pv,False
Kuwait,Solar photovoltaic,OnGrid,2018,32.48,32.48,False,pv,False
Kuwait,Solar photovoltaic,OnGrid,2019,32.76,32.76,False,pv,False
Kuwait,Solar photovoltaic,OnGrid,2020,32.76,32.76,False,pv,False
Kuwait,Solar photovoltaic,OnGrid,2021,32.76,32.76,False,pv,False
Kuwait,Solar photovoltaic,OnGrid,2022,50.16,50.16,False,pv,False
Kuwait,Solar photovoltaic,OnGrid,2023,50.16,50.16,False,pv,False
Kuwait,Solar photovoltaic,OnGrid,2024,50.16,50.16,False,pv,False
Kuwait,Onshore wind energy,OnGrid,2000,0.0,-,True,wind,False
Kuwait,Onshore wind energy,OnGrid,2001,0.0,-,True,wind,False
Kuwait,Onshore wind energy,OnGrid,2002,0.0,-,True,wind,False
Kuwait,Onshore wind energy,OnGrid,2003,0.0,-,True,wind,False
Kuwait,Onshore wind energy,OnGrid,2004,0.0,-,True,wind,False
Kuwait,Onshore wind energy,OnGrid,2005,0.0,-,True,wind,False
Kuwait,Onshore wind energy,OnGrid,2006,0.0,-,True,wind,False
Kuwait,Onshore wind energy,OnGrid,2007,0.0,-,True,wind,False
Kuwait,Onshore wind energy,OnGrid,2008,0.0,-,True,wind,False
Kuwait,Onshore wind energy,OnGrid,2009,0.0,-,True,wind,False
Kuwait,Onshore wind energy,OnGrid,2010,0.0,-,True,wind,False
Kuwait,Onshore wind energy,OnGrid,2011,0.0,-,True,wind,False
Kuwait,Onshore wind energy,OnGrid,2012,0.0,-,True,wind,False
Kuwait,Onshore wind energy,OnGrid,2013,0.0,-,True,wind,False
Kuwait,Onshore wind energy,OnGrid,2014,0.0,-,True,wind,False
Kuwait,Onshore wind energy,OnGrid,2015,0.0,-,True,wind,False
Kuwait,Onshore wind energy,OnGrid,2016,0.0,-,True,wind,False
Kuwait,Onshore wind energy,OnGrid,2017,0.0,-,True,wind,False
Kuwait,Onshore wind energy,OnGrid,2018,10.0,10,False,wind,False
Kuwait,Onshore wind energy,OnGrid,2019,10.0,10,False,wind,False
Kuwait,Onshore wind energy,OnGrid,2020,10.0,10,False,wind,False
Kuwait,Onshore wind energy,OnGrid,2021,10.0,10,False,wind,False
Kuwait,Onshore wind energy,OnGrid,2022,10.0,10,False,wind,False
Kuwait,Onshore wind energy,OnGrid,2023,10.0,10,False,wind,False
Kuwait,Onshore wind energy,OnGrid,2024,10.0,10,False,wind,False
Kyrgyzstan,Solar photovoltaic,OnGrid,2000,0.0,-,True,pv,False
Kyrgyzstan,Solar photovoltaic,OnGrid,2001,0.0,-,True,pv,False
Kyrgyzstan,Solar photovoltaic,OnGrid,2002,0.0,-,True,pv,False
Kyrgyzstan,Solar photovoltaic,OnGrid,2003,0.0,-,True,pv,False
Kyrgyzstan,Solar photovoltaic,OnGrid,2004,0.0,-,True,pv,False
Kyrgyzstan,Solar photovoltaic,OnGrid,2005,0.0,-,True,pv,False
Kyrgyzstan,Solar photovoltaic,OnGrid,2006,0.0,-,True,pv,False
Kyrgyzstan,Solar photovoltaic,OnGrid,2007,0.0,-,True,pv,False
Kyrgyzstan,Solar photovoltaic,OnGrid,2008,0.0,-,True,pv,False
Kyrgyzstan,Solar photovoltaic,OnGrid,2009,0.0,-,True,pv,False
Kyrgyzstan,Solar photovoltaic,OnGrid,2010,0.0,-,True,pv,False
Kyrgyzstan,Solar photovoltaic,OnGrid,2011,0.0,-,True,pv,False
Kyrgyzstan,Solar photovoltaic,OnGrid,2012,0.0,-,True,pv,False
Kyrgyzstan,Solar photovoltaic,OnGrid,2013,0.0,-,True,pv,False
Kyrgyzstan,Solar photovoltaic,OnGrid,2014,0.0,-,True,pv,False
Kyrgyzstan,Solar photovoltaic,OnGrid,2015,0.0,-,True,pv,False
Kyrgyzstan,Solar photovoltaic,OnGrid,2016,0.0,-,True,pv,False
Kyrgyzstan,Solar photovoltaic,OnGrid,2017,0.0,-,True,pv,False
Kyrgyzstan,Solar photovoltaic,OnGrid,2018,0.0,-,True,pv,False
Kyrgyzstan,Solar photovoltaic,OnGrid,2019,0.0,-,True,pv,False
Kyrgyzstan,Solar photovoltaic,OnGrid,2020,0.0,-,True,pv,False
Kyrgyzstan,Solar photovoltaic,OnGrid,2021,0.0,-,True,pv,False
Kyrgyzstan,Solar photovoltaic,OnGrid,2022,0.0,-,True,pv,False
Kyrgyzstan,Solar photovoltaic,OnGrid,2023,0.08,0.08,False,pv,False
Kyrgyzstan,Solar photovoltaic,OnGrid,2024,0.08,0.08,False,pv,False
Kyrgyzstan,Onshore wind energy,OnGrid,2000,0.0,-,True,wind,False
Kyrgyzstan,Onshore wind energy,OnGrid,2001,0.0,-,True,wind,False
Kyrgyzstan,Onshore wind energy,OnGrid,2002,0.0,-,True,wind,False
Kyrgyzstan,Onshore wind energy,OnGrid,2003,0.0,-,True,wind,False
Kyrgyzstan,Onshore wind energy,OnGrid,2004,0.0,-,True,wind,False
Kyrgyzstan,Onshore wind energy,OnGrid,2005,0.0,-,True,wind,False
Kyrgyzstan,Onshore wind energy,OnGrid,2006,0.0,-,True,wind,False
Kyrgyzstan,Onshore wind energy,OnGrid,2007,0.0,-,True,wind,False
Kyrgyzstan,Onshore wind energy,OnGrid,2008,0.0,-,True,wind,False
Kyrgyzstan,Onshore wind energy,OnGrid,2009,0.0,-,True,wind,False
Kyrgyzstan,Onshore wind energy,OnGrid,2010,0.0,-,True,wind,False
Kyrgyzstan,Onshore wind energy,OnGrid,2011,0.0,-,True,wind,False
Kyrgyzstan,Onshore wind energy,OnGrid,2012,0.0,-,True,wind,False
Kyrgyzstan,Onshore wind energy,OnGrid,2013,0.0,-,True,wind,False
Kyrgyzstan,Onshore wind energy,OnGrid,2014,0.0,-,True,wind,False
Kyrgyzstan,Onshore wind energy,OnGrid,2015,0.0,-,True,wind,False
Kyrgyzstan,Onshore wind energy,OnGrid,2016,0.0,-,True,wind,False
Kyrgyzstan,Onshore wind energy,OnGrid,2017,0.0,-,True,wind,False
Kyrgyzstan,Onshore wind energy,OnGrid,2018,0.0,-,True,wind,False
Kyrgyzstan,Onshore wind energy,OnGrid,2019,0.0,-,True,wind,False
Kyrgyzstan,Onshore wind energy,OnGrid,2020,0.0,-,True,wind,False
Kyrgyzstan,Onshore wind energy,OnGrid,2021,0.0,-,True,wind,False
Kyrgyzstan,Onshore wind energy,OnGrid,2022,0.0,-,True,wind,False
Kyrgyzstan,Onshore wind energy,OnGrid,2023,0.0,-,True,wind,False
Kyrgyzstan,Onshore wind energy,OnGrid,2024,0.0,-,True,wind,False
Lao PDR,Solar photovoltaic,OnGrid,2000,0.0,-,True,pv,False
Lao PDR,Solar photovoltaic,OnGrid,2001,0.0,-,True,pv,False
Lao PDR,Solar photovoltaic,OnGrid,2002,0.0,-,True,pv,False
Lao PDR,Solar photovoltaic,OnGrid,2003,0.0,-,True,pv,False
Lao PDR,Solar photovoltaic,OnGrid,2004,0.0,-,True,pv,False
Lao PDR,Solar photovoltaic,OnGrid,2005,0.0,-,True,pv,False
Lao PDR,Solar photovoltaic,OnGrid,2006,0.0,-,True,pv,False
Lao PDR,Solar photovoltaic,OnGrid,2007,0.0,-,True,pv,False
Lao PDR,Solar photovoltaic,OnGrid,2008,0.0,-,True,pv,False
Lao PDR,Solar photovoltaic,OnGrid,2009,0.0,-,True,pv,False
Lao PDR,Solar photovoltaic,OnGrid,2010,0.01,0.01,False,pv,False
Lao PDR,Solar photovoltaic,OnGrid,2011,0.01,0.01,False,pv,False
Lao PDR,Solar photovoltaic,OnGrid,2012,0.01,0.01,False,pv,False
Lao PDR,Solar photovoltaic,OnGrid,2013,0.01,0.01,False,pv,False
Lao PDR,Solar photovoltaic,OnGrid,2014,0.64,0.64,False,pv,False
Lao PDR,Solar photovoltaic,OnGrid,2015,0.64,0.64,False,pv,False
Lao PDR,Solar photovoltaic,OnGrid,2016,0.73,0.73,False,pv,False
Lao PDR,Solar photovoltaic,OnGrid,2017,6.8,6.8,False,pv,False
Lao PDR,Solar photovoltaic,OnGrid,2018,32.73,32.73,False,pv,False
Lao PDR,Solar photovoltaic,OnGrid,2019,32.73,32.73,False,pv,False
Lao PDR,Solar photovoltaic,OnGrid,2020,43.73,43.73,False,pv,False
Lao PDR,Solar photovoltaic,OnGrid,2021,57.74,57.74,False,pv,False
Lao PDR,Solar photovoltaic,OnGrid,2022,57.74,57.74,False,pv,False
Lao PDR,Solar photovoltaic,OnGrid,2023,57.76,57.76,False,pv,False
Lao PDR,Solar photovoltaic,OnGrid,2024,57.76,57.76,False,pv,False
Lao PDR,Onshore wind energy,OnGrid,2000,0.0,-,True,wind,False
Lao PDR,Onshore wind energy,OnGrid,2001,0.0,-,True,wind,False
Lao PDR,Onshore wind energy,OnGrid,2002,0.0,-,True,wind,False
Lao PDR,Onshore wind energy,OnGrid,2003,0.0,-,True,wind,False
Lao PDR,Onshore wind energy,OnGrid,2004,0.0,-,True,wind,False
Lao PDR,Onshore wind energy,OnGrid,2005,0.0,-,True,wind,False
Lao PDR,Onshore wind energy,OnGrid,2006,0.0,-,True,wind,False
Lao PDR,Onshore wind energy,OnGrid,2007,0.0,-,True,wind,False
Lao PDR,Onshore wind energy,OnGrid,2008,0.0,-,True,wind,False
Lao PDR,Onshore wind energy,OnGrid,2009,0.0,-,True,wind,False
Lao PDR,Onshore wind energy,OnGrid,2010,0.0,-,True,wind,False
Lao PDR,Onshore wind energy,OnGrid,2011,0.0,-,True,wind,False
Lao PDR,Onshore wind energy,OnGrid,2012,0.0,-,True,wind,False
Lao PDR,Onshore wind energy,OnGrid,2013,0.0,-,True,wind,False
Lao PDR,Onshore wind energy,OnGrid,2014,0.0,-,True,wind,False
Lao PDR,Onshore wind energy,OnGrid,2015,0.0,-,True,wind,False
Lao PDR,Onshore wind energy,OnGrid,2016,0.0,-,True,wind,False
Lao PDR,Onshore wind energy,OnGrid,2017,0.0,-,True,wind,False
Lao PDR,Onshore wind energy,OnGrid,2018,0.0,-,True,wind,False
Lao PDR,Onshore wind energy,OnGrid,2019,0.0,-,True,wind,False
Lao PDR,Onshore wind energy,OnGrid,2020,0.0,-,True,wind,False
Lao PDR,Onshore wind energy,OnGrid,2021,0.0,-,True,wind,False
Lao PDR,Onshore wind energy,OnGrid,2022,0.0,-,True,wind,False
Lao PDR,Onshore wind energy,OnGrid,2023,0.0,-,True,wind,False
Lao PDR,Onshore wind energy,OnGrid,2024,0.0,-,True,wind,False
Latvia,Solar photovoltaic,OnGrid,2000,0.0,-,True,pv,False
Latvia,Solar photovoltaic,OnGrid,2001,0.0,-,True,pv,False
Latvia,Solar photovoltaic,OnGrid,2002,0.0,-,True,pv,False
Latvia,Solar photovoltaic,OnGrid,2003,0.0,-,True,pv,False
Latvia,Solar photovoltaic,OnGrid,2004,0.0,-,True,pv,False
Latvia,Solar photovoltaic,OnGrid,2005,0.0,-,True,pv,False
Latvia,Solar photovoltaic,OnGrid,2006,0.0,-,True,pv,False
Latvia,Solar photovoltaic,OnGrid,2007,0.0,-,True,pv,False
Latvia,Solar photovoltaic,OnGrid,2008,0.0,-,True,pv,False
Latvia,Solar photovoltaic,OnGrid,2009,0.0,-,True,pv,False
Latvia,Solar photovoltaic,OnGrid,2010,0.0,-,True,pv,False
Latvia,Solar photovoltaic,OnGrid,2011,0.0,-,True,pv,False
Latvia,Solar photovoltaic,OnGrid,2012,0.0,-,True,pv,False
Latvia,Solar photovoltaic,OnGrid,2013,0.0,-,True,pv,False
Latvia,Solar photovoltaic,OnGrid,2014,0.0,-,True,pv,False
Latvia,Solar photovoltaic,OnGrid,2015,0.0,-,True,pv,False
Latvia,Solar photovoltaic,OnGrid,2016,0.69,0.69,False,pv,False
Latvia,Solar photovoltaic,OnGrid,2017,0.69,0.69,False,pv,False
Latvia,Solar photovoltaic,OnGrid,2018,1.96,1.96,False,pv,False
Latvia,Solar photovoltaic,OnGrid,2019,3.3,3.3,False,pv,False
Latvia,Solar photovoltaic,OnGrid,2020,5.1,5.1,False,pv,False
Latvia,Solar photovoltaic,OnGrid,2021,7.16,7.16,False,pv,False
Latvia,Solar photovoltaic,OnGrid,2022,113.0,113,False,pv,False
Latvia,Solar photovoltaic,OnGrid,2023,319.0,319,False,pv,False
Latvia,Solar photovoltaic,OnGrid,2024,660.41,660.41,False,pv,False
Latvia,Onshore wind energy,OnGrid,2000,2.0,2,False,wind,False
Latvia,Onshore wind energy,OnGrid,2001,2.0,2,False,wind,False
Latvia,Onshore wind energy,OnGrid,2002,22.0,22,False,wind,False
Latvia,Onshore wind energy,OnGrid,2003,26.0,26,False,wind,False
Latvia,Onshore wind energy,OnGrid,2004,26.0,26,False,wind,False
Latvia,Onshore wind energy,OnGrid,2005,26.0,26,False,wind,False
Latvia,Onshore wind energy,OnGrid,2006,26.0,26,False,wind,False
Latvia,Onshore wind energy,OnGrid,2007,26.0,26,False,wind,False
Latvia,Onshore wind energy,OnGrid,2008,28.0,28,False,wind,False
Latvia,Onshore wind energy,OnGrid,2009,29.0,29,False,wind,False
Latvia,Onshore wind energy,OnGrid,2010,30.0,30,False,wind,False
Latvia,Onshore wind energy,OnGrid,2011,36.0,36,False,wind,False
Latvia,Onshore wind energy,OnGrid,2012,59.0,59,False,wind,False
Latvia,Onshore wind energy,OnGrid,2013,65.89,65.89,False,wind,False
Latvia,Onshore wind energy,OnGrid,2014,68.92,68.92,False,wind,False
Latvia,Onshore wind energy,OnGrid,2015,68.17,68.17,False,wind,False
Latvia,Onshore wind energy,OnGrid,2016,69.91,69.91,False,wind,False
Latvia,Onshore wind energy,OnGrid,2017,77.11,77.11,False,wind,False
Latvia,Onshore wind energy,OnGrid,2018,78.17,78.17,False,wind,False
Latvia,Onshore wind energy,OnGrid,2019,78.17,78.17,False,wind,False
Latvia,Onshore wind energy,OnGrid,2020,78.17,78.17,False,wind,False
Latvia,Onshore wind energy,OnGrid,2021,77.13,77.13,False,wind,False
Latvia,Onshore wind energy,OnGrid,2022,82.43,82.43,False,wind,False
Latvia,Onshore wind energy,OnGrid,2023,128.27,128.27,False,wind,False
Latvia,Onshore wind energy,OnGrid,2024,131.24,131.24,False,wind,False
Lebanon,Solar photovoltaic,OnGrid,2000,0.0,-,True,pv,False
Lebanon,Solar photovoltaic,OnGrid,2001,0.0,-,True,pv,False
Lebanon,Solar photovoltaic,OnGrid,2002,0.0,-,True,pv,False
Lebanon,Solar photovoltaic,OnGrid,2003,0.0,-,True,pv,False
Lebanon,Solar photovoltaic,OnGrid,2004,0.0,-,True,pv,False
Lebanon,Solar photovoltaic,OnGrid,2005,0.0,-,True,pv,False
Lebanon,Solar photovoltaic,OnGrid,2006,0.0,-,True,pv,False
Lebanon,Solar photovoltaic,OnGrid,2007,0.0,-,True,pv,False
Lebanon,Solar photovoltaic,OnGrid,2008,0.0,-,True,pv,False
Lebanon,Solar photovoltaic,OnGrid,2009,0.0,-,True,pv,False
Lebanon,Solar photovoltaic,OnGrid,2010,0.33,0.33,False,pv,False
Lebanon,Solar photovoltaic,OnGrid,2011,0.47,0.47,False,pv,False
Lebanon,Solar photovoltaic,OnGrid,2012,0.78,0.78,False,pv,False
Lebanon,Solar photovoltaic,OnGrid,2013,1.79,1.79,False,pv,False
Lebanon,Solar photovoltaic,OnGrid,2014,4.11,4.11,False,pv,False
Lebanon,Solar photovoltaic,OnGrid,2015,10.78,10.78,False,pv,False
Lebanon,Solar photovoltaic,OnGrid,2016,23.42,23.42,False,pv,False
Lebanon,Solar photovoltaic,OnGrid,2017,35.7,35.7,False,pv,False
Lebanon,Solar photovoltaic,OnGrid,2018,51.32,51.32,False,pv,False
Lebanon,Solar photovoltaic,OnGrid,2019,73.12,73.12,False,pv,False
Lebanon,Solar photovoltaic,OnGrid,2020,87.42,87.42,False,pv,False
Lebanon,Solar photovoltaic,OnGrid,2021,201.41,201.41,False,pv,False
Lebanon,Solar photovoltaic,OnGrid,2022,864.41,864.41,False,pv,False
Lebanon,Solar photovoltaic,OnGrid,2023,1076.12,1076.12,False,pv,False
Lebanon,Solar photovoltaic,OnGrid,2024,1076.12,1076.12,False,pv,False
Lebanon,Onshore wind energy,OnGrid,2000,0.0,-,True,wind,False
Lebanon,Onshore wind energy,OnGrid,2001,0.0,-,True,wind,False
Lebanon,Onshore wind energy,OnGrid,2002,0.0,-,True,wind,False
Lebanon,Onshore wind energy,OnGrid,2003,0.0,-,True,wind,False
Lebanon,Onshore wind energy,OnGrid,2004,0.0,-,True,wind,False
Lebanon,Onshore wind energy,OnGrid,2005,0.0,-,True,wind,False
Lebanon,Onshore wind energy,OnGrid,2006,0.0,-,True,wind,False
Lebanon,Onshore wind energy,OnGrid,2007,0.0,-,True,wind,False
Lebanon,Onshore wind energy,OnGrid,2008,0.0,-,True,wind,False
Lebanon,Onshore wind energy,OnGrid,2009,0.0,-,True,wind,False
Lebanon,Onshore wind energy,OnGrid,2010,0.0,-,True,wind,False
Lebanon,Onshore wind energy,OnGrid,2011,0.0,-,True,wind,False
Lebanon,Onshore wind energy,OnGrid,2012,0.0,-,True,wind,False
Lebanon,Onshore wind energy,OnGrid,2013,0.0,-,True,wind,False
Lebanon,Onshore wind energy,OnGrid,2014,0.0,-,True,wind,False
Lebanon,Onshore wind energy,OnGrid,2015,0.0,-,True,wind,False
Lebanon,Onshore wind energy,OnGrid,2016,0.0,-,True,wind,False
Lebanon,Onshore wind energy,OnGrid,2017,0.0,-,True,wind,False
Lebanon,Onshore wind energy,OnGrid,2018,0.0,-,True,wind,False
Lebanon,Onshore wind energy,OnGrid,2019,0.0,-,True,wind,False
Lebanon,Onshore wind energy,OnGrid,2020,0.0,-,True,wind,False
Lebanon,Onshore wind energy,OnGrid,2021,0.0,-,True,wind,False
Lebanon,Onshore wind energy,OnGrid,2022,0.0,-,True,wind,False
Lebanon,Onshore wind energy,OnGrid,2023,0.0,-,True,wind,False
Lebanon,Onshore wind energy,OnGrid,2024,0.0,-,True,wind,False
Lesotho,Solar photovoltaic,OnGrid,2000,0.0,-,True,pv,False
Lesotho,Solar photovoltaic,OnGrid,2001,0.0,-,True,pv,False
Lesotho,Solar photovoltaic,OnGrid,2002,0.0,-,True,pv,False
Lesotho,Solar photovoltaic,OnGrid,2003,0.0,-,True,pv,False
Lesotho,Solar photovoltaic,OnGrid,2004,0.0,-,True,pv,False
Lesotho,Solar photovoltaic,OnGrid,2005,0.0,-,True,pv,False
Lesotho,Solar photovoltaic,OnGrid,2006,0.0,-,True,pv,False
Lesotho,Solar photovoltaic,OnGrid,2007,0.0,-,True,pv,False
Lesotho,Solar photovoltaic,OnGrid,2008,0.0,-,True,pv,False
Lesotho,Solar photovoltaic,OnGrid,2009,0.0,-,True,pv,False
Lesotho,Solar photovoltaic,OnGrid,2010,0.0,-,True,pv,False
Lesotho,Solar photovoltaic,OnGrid,2011,0.0,-,True,pv,False
Lesotho,Solar photovoltaic,OnGrid,2012,0.0,-,True,pv,False
Lesotho,Solar photovoltaic,OnGrid,2013,0.28,0.28,False,pv,False
Lesotho,Solar photovoltaic,OnGrid,2014,0.28,0.28,False,pv,False
Lesotho,Solar photovoltaic,OnGrid,2015,0.28,0.28,False,pv,False
Lesotho,Solar photovoltaic,OnGrid,2016,0.28,0.28,False,pv,False
Lesotho,Solar photovoltaic,OnGrid,2017,0.28,0.28,False,pv,False
Lesotho,Solar photovoltaic,OnGrid,2018,0.28,0.28,False,pv,False
Lesotho,Solar photovoltaic,OnGrid,2019,0.28,0.28,False,pv,False
Lesotho,Solar photovoltaic,OnGrid,2020,0.28,0.28,False,pv,False
Lesotho,Solar photovoltaic,OnGrid,2021,0.28,0.28,False,pv,False
Lesotho,Solar photovoltaic,OnGrid,2022,0.28,0.28,False,pv,False
Lesotho,Solar photovoltaic,OnGrid,2023,28.28,28.28,False,pv,False
Lesotho,Solar photovoltaic,OnGrid,2024,28.28,28.28,False,pv,False
Lesotho,Onshore wind energy,OnGrid,2000,0.0,-,True,wind,False
Lesotho,Onshore wind energy,OnGrid,2001,0.0,-,True,wind,False
Lesotho,Onshore wind energy,OnGrid,2002,0.0,-,True,wind,False
Lesotho,Onshore wind energy,OnGrid,2003,0.0,-,True,wind,False
Lesotho,Onshore wind energy,OnGrid,2004,0.0,-,True,wind,False
Lesotho,Onshore wind energy,OnGrid,2005,0.0,-,True,wind,False
Lesotho,Onshore wind energy,OnGrid,2006,0.0,-,True,wind,False
Lesotho,Onshore wind energy,OnGrid,2007,0.0,-,True,wind,False
Lesotho,Onshore wind energy,OnGrid,2008,0.0,-,True,wind,False
Lesotho,Onshore wind energy,OnGrid,2009,0.0,-,True,wind,False
Lesotho,Onshore wind energy,OnGrid,2010,0.0,-,True,wind,False
Lesotho,Onshore wind energy,OnGrid,2011,0.0,-,True,wind,False
Lesotho,Onshore wind energy,OnGrid,2012,0.0,-,True,wind,False
Lesotho,Onshore wind energy,OnGrid,2013,0.0,-,True,wind,False
Lesotho,Onshore wind energy,OnGrid,2014,0.0,-,True,wind,False
Lesotho,Onshore wind energy,OnGrid,2015,0.0,-,True,wind,False
Lesotho,Onshore wind energy,OnGrid,2016,0.0,-,True,wind,False
Lesotho,Onshore wind energy,OnGrid,2017,0.0,-,True,wind,False
Lesotho,Onshore wind energy,OnGrid,2018,0.0,-,True,wind,False
Lesotho,Onshore wind energy,OnGrid,2019,0.0,-,True,wind,False
Lesotho,Onshore wind energy,OnGrid,2020,0.0,-,True,wind,False
Lesotho,Onshore wind energy,OnGrid,2021,0.0,-,True,wind,False
Lesotho,Onshore wind energy,OnGrid,2022,0.0,-,True,wind,False
Lesotho,Onshore wind energy,OnGrid,2023,0.0,-,True,wind,False
Lesotho,Onshore wind energy,OnGrid,2024,0.0,-,True,wind,False
Liberia,Solar photovoltaic,OnGrid,2000,0.0,-,True,pv,False
Liberia,Solar photovoltaic,OnGrid,2001,0.0,-,True,pv,False
Liberia,Solar photovoltaic,OnGrid,2002,0.0,-,True,pv,False
Liberia,Solar photovoltaic,OnGrid,2003,0.0,-,True,pv,False
Liberia,Solar photovoltaic,OnGrid,2004,0.0,-,True,pv,False
Liberia,Solar photovoltaic,OnGrid,2005,0.0,-,True,pv,False
Liberia,Solar photovoltaic,OnGrid,2006,0.0,-,True,pv,False
Liberia,Solar photovoltaic,OnGrid,2007,0.0,-,True,pv,False
Liberia,Solar photovoltaic,OnGrid,2008,0.0,-,True,pv,False
Liberia,Solar photovoltaic,OnGrid,2009,0.0,-,True,pv,False
Liberia,Solar photovoltaic,OnGrid,2010,0.0,-,True,pv,False
Liberia,Solar photovoltaic,OnGrid,2011,0.0,-,True,pv,False
Liberia,Solar photovoltaic,OnGrid,2012,0.0,-,True,pv,False
Liberia,Solar photovoltaic,OnGrid,2013,0.0,-,True,pv,False
Liberia,Solar photovoltaic,OnGrid,2014,0.0,-,True,pv,False
Liberia,Solar photovoltaic,OnGrid,2015,0.0,-,True,pv,False
Liberia,Solar photovoltaic,OnGrid,2016,0.0,-,True,pv,False
Liberia,Solar photovoltaic,OnGrid,2017,0.0,-,True,pv,False
Liberia,Solar photovoltaic,OnGrid,2018,0.0,-,True,pv,False
Liberia,Solar photovoltaic,OnGrid,2019,0.0,-,True,pv,False
Liberia,Solar photovoltaic,OnGrid,2020,0.0,-,True,pv,False
Liberia,Solar photovoltaic,OnGrid,2021,0.07,0.07,False,pv,False
Liberia,Solar photovoltaic,OnGrid,2022,0.07,0.07,False,pv,False
Liberia,Solar photovoltaic,OnGrid,2023,0.07,0.07,False,pv,False
Liberia,Solar photovoltaic,OnGrid,2024,0.07,0.07,False,pv,False
Liberia,Onshore wind energy,OnGrid,2000,0.0,-,True,wind,False
Liberia,Onshore wind energy,OnGrid,2001,0.0,-,True,wind,False
Liberia,Onshore wind energy,OnGrid,2002,0.0,-,True,wind,False
Liberia,Onshore wind energy,OnGrid,2003,0.0,-,True,wind,False
Liberia,Onshore wind energy,OnGrid,2004,0.0,-,True,wind,False
Liberia,Onshore wind energy,OnGrid,2005,0.0,-,True,wind,False
Liberia,Onshore wind energy,OnGrid,2006,0.0,-,True,wind,False
Liberia,Onshore wind energy,OnGrid,2007,0.0,-,True,wind,False
Liberia,Onshore wind energy,OnGrid,2008,0.0,-,True,wind,False
Liberia,Onshore wind energy,OnGrid,2009,0.0,-,True,wind,False
Liberia,Onshore wind energy,OnGrid,2010,0.0,-,True,wind,False
Liberia,Onshore wind energy,OnGrid,2011,0.0,-,True,wind,False
Liberia,Onshore wind energy,OnGrid,2012,0.0,-,True,wind,False
Liberia,Onshore wind energy,OnGrid,2013,0.0,-,True,wind,False
Liberia,Onshore wind energy,OnGrid,2014,0.0,-,True,wind,False
Liberia,Onshore wind energy,OnGrid,2015,0.0,-,True,wind,False
Liberia,Onshore wind energy,OnGrid,2016,0.0,-,True,wind,False
Liberia,Onshore wind energy,OnGrid,2017,0.0,-,True,wind,False
Liberia,Onshore wind energy,OnGrid,2018,0.0,-,True,wind,False
Liberia,Onshore wind energy,OnGrid,2019,0.0,-,True,wind,False
Liberia,Onshore wind energy,OnGrid,2020,0.0,-,True,wind,False
Liberia,Onshore wind energy,OnGrid,2021,0.0,-,True,wind,False
Liberia,Onshore wind energy,OnGrid,2022,0.0,-,True,wind,False
Liberia,Onshore wind energy,OnGrid,2023,0.0,-,True,wind,False
Liberia,Onshore wind energy,OnGrid,2024,0.0,-,True,wind,False
Libya,Solar photovoltaic,OnGrid,2000,0.0,-,True,pv,False
Libya,Solar photovoltaic,OnGrid,2001,0.0,-,True,pv,False
Libya,Solar photovoltaic,OnGrid,2002,0.0,-,True,pv,False
Libya,Solar photovoltaic,OnGrid,2003,0.0,-,True,pv,False
Libya,Solar photovoltaic,OnGrid,2004,0.0,-,True,pv,False
Libya,Solar photovoltaic,OnGrid,2005,0.0,-,True,pv,False
Libya,Solar photovoltaic,OnGrid,2006,0.0,-,True,pv,False
Libya,Solar photovoltaic,OnGrid,2007,0.0,-,True,pv,False
Libya,Solar photovoltaic,OnGrid,2008,0.0,-,True,pv,False
Libya,Solar photovoltaic,OnGrid,2009,0.0,-,True,pv,False
Libya,Solar photovoltaic,OnGrid,2010,0.0,-,True,pv,False
Libya,Solar photovoltaic,OnGrid,2011,0.0,-,True,pv,False
Libya,Solar photovoltaic,OnGrid,2012,0.0,-,True,pv,False
Libya,Solar photovoltaic,OnGrid,2013,0.0,-,True,pv,False
Libya,Solar photovoltaic,OnGrid,2014,0.0,-,True,pv,False
Libya,Solar photovoltaic,OnGrid,2015,0.0,-,True,pv,False
Libya,Solar photovoltaic,OnGrid,2016,0.0,-,True,pv,False
Libya,Solar photovoltaic,OnGrid,2017,0.0,-,True,pv,False
Libya,Solar photovoltaic,OnGrid,2018,0.0,-,True,pv,False
Libya,Solar photovoltaic,OnGrid,2019,0.0,-,True,pv,False
Libya,Solar photovoltaic,OnGrid,2020,0.0,-,True,pv,False
Libya,Solar photovoltaic,OnGrid,2021,0.0,-,True,pv,False
Libya,Solar photovoltaic,OnGrid,2022,0.0,-,True,pv,False
Libya,Solar photovoltaic,OnGrid,2023,2.0,2,False,pv,False
Libya,Solar photovoltaic,OnGrid,2024,2.0,2,False,pv,False
Libya,Onshore wind energy,OnGrid,2000,0.0,-,True,wind,False
Libya,Onshore wind energy,OnGrid,2001,0.0,-,True,wind,False
Libya,Onshore wind energy,OnGrid,2002,0.0,-,True,wind,False
Libya,Onshore wind energy,OnGrid,2003,0.0,-,True,wind,False
Libya,Onshore wind energy,OnGrid,2004,0.0,-,True,wind,False
Libya,Onshore wind energy,OnGrid,2005,0.0,-,True,wind,False
Libya,Onshore wind energy,OnGrid,2006,0.0,-,True,wind,False
Libya,Onshore wind energy,OnGrid,2007,0.0,-,True,wind,False
Libya,Onshore wind energy,OnGrid,2008,0.0,-,True,wind,False
Libya,Onshore wind energy,OnGrid,2009,0.0,-,True,wind,False
Libya,Onshore wind energy,OnGrid,2010,0.0,-,True,wind,False
Libya,Onshore wind energy,OnGrid,2011,0.0,-,True,wind,False
Libya,Onshore wind energy,OnGrid,2012,0.0,-,True,wind,False
Libya,Onshore wind energy,OnGrid,2013,0.0,-,True,wind,False
Libya,Onshore wind energy,OnGrid,2014,0.0,-,True,wind,False
Libya,Onshore wind energy,OnGrid,2015,0.0,-,True,wind,False
Libya,Onshore wind energy,OnGrid,2016,0.0,-,True,wind,False
Libya,Onshore wind energy,OnGrid,2017,0.0,-,True,wind,False
Libya,Onshore wind energy,OnGrid,2018,0.0,-,True,wind,False
Libya,Onshore wind energy,OnGrid,2019,0.0,-,True,wind,False
Libya,Onshore wind energy,OnGrid,2020,0.0,-,True,wind,False
Libya,Onshore wind energy,OnGrid,2021,0.0,-,True,wind,False
Libya,Onshore wind energy,OnGrid,2022,0.0,-,True,wind,False
Libya,Onshore wind energy,OnGrid,2023,0.0,-,True,wind,False
Libya,Onshore wind energy,OnGrid,2024,0.0,-,True,wind,False
Lithuania,Solar photovoltaic,OnGrid,2000,0.0,-,True,pv,False
Lithuania,Solar photovoltaic,OnGrid,2001,0.0,-,True,pv,False
Lithuania,Solar photovoltaic,OnGrid,2002,0.0,-,True,pv,False
Lithuania,Solar photovoltaic,OnGrid,2003,0.0,-,True,pv,False
Lithuania,Solar photovoltaic,OnGrid,2004,0.0,-,True,pv,False
Lithuania,Solar photovoltaic,OnGrid,2005,0.0,-,True,pv,False
Lithuania,Solar photovoltaic,OnGrid,2006,0.0,-,True,pv,False
Lithuania,Solar photovoltaic,OnGrid,2007,0.0,-,True,pv,False
Lithuania,Solar photovoltaic,OnGrid,2008,0.1,0.1,False,pv,False
Lithuania,Solar photovoltaic,OnGrid,2009,0.1,0.1,False,pv,False
Lithuania,Solar photovoltaic,OnGrid,2010,0.1,0.1,False,pv,False
Lithuania,Solar photovoltaic,OnGrid,2011,0.3,0.3,False,pv,False
Lithuania,Solar photovoltaic,OnGrid,2012,7.0,7,False,pv,False
Lithuania,Solar photovoltaic,OnGrid,2013,65.65,65.65,False,pv,False
Lithuania,Solar photovoltaic,OnGrid,2014,66.61,66.61,False,pv,False
Lithuania,Solar photovoltaic,OnGrid,2015,66.61,66.61,False,pv,False
Lithuania,Solar photovoltaic,OnGrid,2016,67.54,67.54,False,pv,False
Lithuania,Solar photovoltaic,OnGrid,2017,71.25,71.25,False,pv,False
Lithuania,Solar photovoltaic,OnGrid,2018,79.09,79.09,False,pv,False
Lithuania,Solar photovoltaic,OnGrid,2019,100.01,100.01,False,pv,False
Lithuania,Solar photovoltaic,OnGrid,2020,160.5,160.5,False,pv,False
Lithuania,Solar photovoltaic,OnGrid,2021,250.88,250.88,False,pv,False
Lithuania,Solar photovoltaic,OnGrid,2022,567.47,567.47,False,pv,False
Lithuania,Solar photovoltaic,OnGrid,2023,1158.56,1158.56,False,pv,False
Lithuania,Solar photovoltaic,OnGrid,2024,2404.0,2404,False,pv,False
Lithuania,Onshore wind energy,OnGrid,2000,0.0,-,True,wind,False
Lithuania,Onshore wind energy,OnGrid,2001,0.0,-,True,wind,False
Lithuania,Onshore wind energy,OnGrid,2002,0.0,-,True,wind,False
Lithuania,Onshore wind energy,OnGrid,2003,0.0,-,True,wind,False
Lithuania,Onshore wind energy,OnGrid,2004,1.0,1,False,wind,False
Lithuania,Onshore wind energy,OnGrid,2005,1.0,1,False,wind,False
Lithuania,Onshore wind energy,OnGrid,2006,31.0,31,False,wind,False
Lithuania,Onshore wind energy,OnGrid,2007,47.0,47,False,wind,False
Lithuania,Onshore wind energy,OnGrid,2008,54.0,54,False,wind,False
Lithuania,Onshore wind energy,OnGrid,2009,98.0,98,False,wind,False
Lithuania,Onshore wind energy,OnGrid,2010,133.0,133,False,wind,False
Lithuania,Onshore wind energy,OnGrid,2011,202.0,202,False,wind,False
Lithuania,Onshore wind energy,OnGrid,2012,275.0,275,False,wind,False
Lithuania,Onshore wind energy,OnGrid,2013,279.0,279,False,wind,False
Lithuania,Onshore wind energy,OnGrid,2014,288.0,288,False,wind,False
Lithuania,Onshore wind energy,OnGrid,2015,436.0,436,False,wind,False
Lithuania,Onshore wind energy,OnGrid,2016,509.0,509,False,wind,False
Lithuania,Onshore wind energy,OnGrid,2017,518.0,518,False,wind,False
Lithuania,Onshore wind energy,OnGrid,2018,533.0,533,False,wind,False
Lithuania,Onshore wind energy,OnGrid,2019,534.0,534,False,wind,False
Lithuania,Onshore wind energy,OnGrid,2020,540.0,540,False,wind,False
Lithuania,Onshore wind energy,OnGrid,2021,671.0,671,False,wind,False
Lithuania,Onshore wind energy,OnGrid,2022,946.0,946,False,wind,False
Lithuania,Onshore wind energy,OnGrid,2023,1284.0,1284,False,wind,False
Lithuania,Onshore wind energy,OnGrid,2024,1832.0,1832,False,wind,False
Luxembourg,Solar photovoltaic,OnGrid,2000,0.0,-,True,pv,False
Luxembourg,Solar photovoltaic,OnGrid,2001,0.16,0.16,False,pv,False
Luxembourg,Solar photovoltaic,OnGrid,2002,1.59,1.59,False,pv,False
Luxembourg,Solar photovoltaic,OnGrid,2003,14.17,14.17,False,pv,False
Luxembourg,Solar photovoltaic,OnGrid,2004,23.56,23.56,False,pv,False
Luxembourg,Solar photovoltaic,OnGrid,2005,23.58,23.58,False,pv,False
Luxembourg,Solar photovoltaic,OnGrid,2006,23.7,23.7,False,pv,False
Luxembourg,Solar photovoltaic,OnGrid,2007,23.93,23.93,False,pv,False
Luxembourg,Solar photovoltaic,OnGrid,2008,24.56,24.56,False,pv,False
Luxembourg,Solar photovoltaic,OnGrid,2009,26.36,26.36,False,pv,False
Luxembourg,Solar photovoltaic,OnGrid,2010,29.45,29.45,False,pv,False
Luxembourg,Solar photovoltaic,OnGrid,2011,40.67,40.67,False,pv,False
Luxembourg,Solar photovoltaic,OnGrid,2012,74.65,74.65,False,pv,False
Luxembourg,Solar photovoltaic,OnGrid,2013,95.02,95.02,False,pv,False
Luxembourg,Solar photovoltaic,OnGrid,2014,109.93,109.93,False,pv,False
Luxembourg,Solar photovoltaic,OnGrid,2015,116.27,116.27,False,pv,False
Luxembourg,Solar photovoltaic,OnGrid,2016,121.9,121.9,False,pv,False
Luxembourg,Solar photovoltaic,OnGrid,2017,128.1,128.1,False,pv,False
Luxembourg,Solar photovoltaic,OnGrid,2018,130.62,130.62,False,pv,False
Luxembourg,Solar photovoltaic,OnGrid,2019,159.74,159.74,False,pv,False
Luxembourg,Solar photovoltaic,OnGrid,2020,186.64,186.64,False,pv,False
Luxembourg,Solar photovoltaic,OnGrid,2021,277.16,277.16,False,pv,False
Luxembourg,Solar photovoltaic,OnGrid,2022,316.63,316.63,False,pv,False
Luxembourg,Solar photovoltaic,OnGrid,2023,394.0,394,False,pv,False
Luxembourg,Solar photovoltaic,OnGrid,2024,547.87,547.87,False,pv,False
Luxembourg,Onshore wind energy,OnGrid,2000,14.0,14,False,wind,False
Luxembourg,Onshore wind energy,OnGrid,2001,13.9,13.9,False,wind,False
Luxembourg,Onshore wind energy,OnGrid,2002,13.9,13.9,False,wind,False
Luxembourg,Onshore wind energy,OnGrid,2003,20.5,20.5,False,wind,False
Luxembourg,Onshore wind energy,OnGrid,2004,34.9,34.9,False,wind,False
Luxembourg,Onshore wind energy,OnGrid,2005,34.9,34.9,False,wind,False
Luxembourg,Onshore wind energy,OnGrid,2006,34.9,34.9,False,wind,False
Luxembourg,Onshore wind energy,OnGrid,2007,34.9,34.9,False,wind,False
Luxembourg,Onshore wind energy,OnGrid,2008,42.92,42.92,False,wind,False
Luxembourg,Onshore wind energy,OnGrid,2009,42.93,42.93,False,wind,False
Luxembourg,Onshore wind energy,OnGrid,2010,43.73,43.73,False,wind,False
Luxembourg,Onshore wind energy,OnGrid,2011,44.53,44.53,False,wind,False
Luxembourg,Onshore wind energy,OnGrid,2012,58.33,58.33,False,wind,False
Luxembourg,Onshore wind energy,OnGrid,2013,58.33,58.33,False,wind,False
Luxembourg,Onshore wind energy,OnGrid,2014,58.34,58.34,False,wind,False
Luxembourg,Onshore wind energy,OnGrid,2015,63.79,63.79,False,wind,False
Luxembourg,Onshore wind energy,OnGrid,2016,119.69,119.69,False,wind,False
Luxembourg,Onshore wind energy,OnGrid,2017,119.69,119.69,False,wind,False
Luxembourg,Onshore wind energy,OnGrid,2018,122.89,122.89,False,wind,False
Luxembourg,Onshore wind energy,OnGrid,2019,135.79,135.79,False,wind,False
Luxembourg,Onshore wind energy,OnGrid,2020,152.74,152.74,False,wind,False
Luxembourg,Onshore wind energy,OnGrid,2021,136.44,136.44,False,wind,False
Luxembourg,Onshore wind energy,OnGrid,2022,165.33,165.33,False,wind,False
Luxembourg,Onshore wind energy,OnGrid,2023,207.34,207.34,False,wind,False
Luxembourg,Onshore wind energy,OnGrid,2024,213.08,213.08,False,wind,False
Madagascar,Solar photovoltaic,OnGrid,2000,0.0,-,True,pv,False
Madagascar,Solar photovoltaic,OnGrid,2001,0.0,-,True,pv,False
Madagascar,Solar photovoltaic,OnGrid,2002,0.0,-,True,pv,False
Madagascar,Solar photovoltaic,OnGrid,2003,0.0,-,True,pv,False
Madagascar,Solar photovoltaic,OnGrid,2004,0.0,-,True,pv,False
Madagascar,Solar photovoltaic,OnGrid,2005,0.0,-,True,pv,False
Madagascar,Solar photovoltaic,OnGrid,2006,0.0,0,False,pv,False
Madagascar,Solar photovoltaic,OnGrid,2007,0.0,0,False,pv,False
Madagascar,Solar photovoltaic,OnGrid,2008,0.0,0,False,pv,False
Madagascar,Solar photovoltaic,OnGrid,2009,0.0,0,False,pv,False
Madagascar,Solar photovoltaic,OnGrid,2010,0.01,0.01,False,pv,False
Madagascar,Solar photovoltaic,OnGrid,2011,0.01,0.01,False,pv,False
Madagascar,Solar photovoltaic,OnGrid,2012,0.01,0.01,False,pv,False
Madagascar,Solar photovoltaic,OnGrid,2013,0.01,0.01,False,pv,False
Madagascar,Solar photovoltaic,OnGrid,2014,0.01,0.01,False,pv,False
Madagascar,Solar photovoltaic,OnGrid,2015,0.01,0.01,False,pv,False
Madagascar,Solar photovoltaic,OnGrid,2016,0.01,0.01,False,pv,False
Madagascar,Solar photovoltaic,OnGrid,2017,0.01,0.01,False,pv,False
Madagascar,Solar photovoltaic,OnGrid,2018,20.01,20.01,False,pv,False
Madagascar,Solar photovoltaic,OnGrid,2019,20.01,20.01,False,pv,False
Madagascar,Solar photovoltaic,OnGrid,2020,20.01,20.01,False,pv,False
Madagascar,Solar photovoltaic,OnGrid,2021,20.01,20.01,False,pv,False
Madagascar,Solar photovoltaic,OnGrid,2022,48.06,48.06,False,pv,False
Madagascar,Solar photovoltaic,OnGrid,2023,49.86,49.86,False,pv,False
Madagascar,Solar photovoltaic,OnGrid,2024,49.86,49.86,False,pv,False
Madagascar,Onshore wind energy,OnGrid,2000,0.0,-,True,wind,False
Madagascar,Onshore wind energy,OnGrid,2001,0.0,-,True,wind,False
Madagascar,Onshore wind energy,OnGrid,2002,0.0,-,True,wind,False
Madagascar,Onshore wind energy,OnGrid,2003,0.0,-,True,wind,False
Madagascar,Onshore wind energy,OnGrid,2004,0.0,-,True,wind,False
Madagascar,Onshore wind energy,OnGrid,2005,0.0,-,True,wind,False
Madagascar,Onshore wind energy,OnGrid,2006,0.0,-,True,wind,False
Madagascar,Onshore wind energy,OnGrid,2007,0.0,-,True,wind,False
Madagascar,Onshore wind energy,OnGrid,2008,0.0,-,True,wind,False
Madagascar,Onshore wind energy,OnGrid,2009,0.0,-,True,wind,False
Madagascar,Onshore wind energy,OnGrid,2010,0.0,-,True,wind,False
Madagascar,Onshore wind energy,OnGrid,2011,0.0,-,True,wind,False
Madagascar,Onshore wind energy,OnGrid,2012,0.0,-,True,wind,False
Madagascar,Onshore wind energy,OnGrid,2013,0.0,-,True,wind,False
Madagascar,Onshore wind energy,OnGrid,2014,0.0,-,True,wind,False
Madagascar,Onshore wind energy,OnGrid,2015,0.0,-,True,wind,False
Madagascar,Onshore wind energy,OnGrid,2016,0.0,-,True,wind,False
Madagascar,Onshore wind energy,OnGrid,2017,0.0,-,True,wind,False
Madagascar,Onshore wind energy,OnGrid,2018,0.0,-,True,wind,False
Madagascar,Onshore wind energy,OnGrid,2019,0.0,-,True,wind,False
Madagascar,Onshore wind energy,OnGrid,2020,0.0,-,True,wind,False
Madagascar,Onshore wind energy,OnGrid,2021,0.0,-,True,wind,False
Madagascar,Onshore wind energy,OnGrid,2022,0.0,-,True,wind,False
Madagascar,Onshore wind energy,OnGrid,2023,0.0,-,True,wind,False
Madagascar,Onshore wind energy,OnGrid,2024,0.0,-,True,wind,False
Malawi,Solar photovoltaic,OnGrid,2000,0.0,-,True,pv,False
Malawi,Solar photovoltaic,OnGrid,2001,0.0,-,True,pv,False
Malawi,Solar photovoltaic,OnGrid,2002,0.0,-,True,pv,False
Malawi,Solar photovoltaic,OnGrid,2003,0.0,-,True,pv,False
Malawi,Solar photovoltaic,OnGrid,2004,0.0,-,True,pv,False
Malawi,Solar photovoltaic,OnGrid,2005,0.0,-,True,pv,False
Malawi,Solar photovoltaic,OnGrid,2006,0.0,-,True,pv,False
Malawi,Solar photovoltaic,OnGrid,2007,0.0,-,True,pv,False
Malawi,Solar photovoltaic,OnGrid,2008,0.0,-,True,pv,False
Malawi,Solar photovoltaic,OnGrid,2009,0.0,-,True,pv,False
Malawi,Solar photovoltaic,OnGrid,2010,0.0,-,True,pv,False
Malawi,Solar photovoltaic,OnGrid,2011,0.0,-,True,pv,False
Malawi,Solar photovoltaic,OnGrid,2012,0.0,-,True,pv,False
Malawi,Solar photovoltaic,OnGrid,2013,0.83,0.83,False,pv,False
Malawi,Solar photovoltaic,OnGrid,2014,0.83,0.83,False,pv,False
Malawi,Solar photovoltaic,OnGrid,2015,0.83,0.83,False,pv,False
Malawi,Solar photovoltaic,OnGrid,2016,0.83,0.83,False,pv,False
Malawi,Solar photovoltaic,OnGrid,2017,0.83,0.83,False,pv,False
Malawi,Solar photovoltaic,OnGrid,2018,0.87,0.87,False,pv,False
Malawi,Solar photovoltaic,OnGrid,2019,0.87,0.87,False,pv,False
Malawi,Solar photovoltaic,OnGrid,2020,0.87,0.87,False,pv,False
Malawi,Solar photovoltaic,OnGrid,2021,60.87,60.87,False,pv,False
Malawi,Solar photovoltaic,OnGrid,2022,101.87,101.87,False,pv,False
Malawi,Solar photovoltaic,OnGrid,2023,101.87,101.87,False,pv,False
Malawi,Solar photovoltaic,OnGrid,2024,101.87,101.87,False,pv,False
Malawi,Onshore wind energy,OnGrid,2000,0.0,-,True,wind,False
Malawi,Onshore wind energy,OnGrid,2001,0.0,-,True,wind,False
Malawi,Onshore wind energy,OnGrid,2002,0.0,-,True,wind,False
Malawi,Onshore wind energy,OnGrid,2003,0.0,-,True,wind,False
Malawi,Onshore wind energy,OnGrid,2004,0.0,-,True,wind,False
Malawi,Onshore wind energy,OnGrid,2005,0.0,-,True,wind,False
Malawi,Onshore wind energy,OnGrid,2006,0.0,-,True,wind,False
Malawi,Onshore wind energy,OnGrid,2007,0.0,-,True,wind,False
Malawi,Onshore wind energy,OnGrid,2008,0.0,-,True,wind,False
Malawi,Onshore wind energy,OnGrid,2009,0.0,-,True,wind,False
Malawi,Onshore wind energy,OnGrid,2010,0.0,-,True,wind,False
Malawi,Onshore wind energy,OnGrid,2011,0.0,-,True,wind,False
Malawi,Onshore wind energy,OnGrid,2012,0.0,-,True,wind,False
Malawi,Onshore wind energy,OnGrid,2013,0.0,-,True,wind,False
Malawi,Onshore wind energy,OnGrid,2014,0.0,-,True,wind,False
Malawi,Onshore wind energy,OnGrid,2015,0.0,-,True,wind,False
Malawi,Onshore wind energy,OnGrid,2016,0.0,-,True,wind,False
Malawi,Onshore wind energy,OnGrid,2017,0.0,-,True,wind,False
Malawi,Onshore wind energy,OnGrid,2018,0.0,-,True,wind,False
Malawi,Onshore wind energy,OnGrid,2019,0.0,-,True,wind,False
Malawi,Onshore wind energy,OnGrid,2020,0.0,-,True,wind,False
Malawi,Onshore wind energy,OnGrid,2021,0.0,-,True,wind,False
Malawi,Onshore wind energy,OnGrid,2022,0.0,-,True,wind,False
Malawi,Onshore wind energy,OnGrid,2023,0.0,-,True,wind,False
Malawi,Onshore wind energy,OnGrid,2024,0.0,-,True,wind,False
Malaysia,Solar photovoltaic,OnGrid,2000,0.0,-,True,pv,False
Malaysia,Solar photovoltaic,OnGrid,2001,0.0,-,True,pv,False
Malaysia,Solar photovoltaic,OnGrid,2002,0.0,-,True,pv,False
Malaysia,Solar photovoltaic,OnGrid,2003,0.0,-,True,pv,False
Malaysia,Solar photovoltaic,OnGrid,2004,0.0,-,True,pv,False
Malaysia,Solar photovoltaic,OnGrid,2005,0.0,-,True,pv,False
Malaysia,Solar photovoltaic,OnGrid,2006,0.0,-,True,pv,False
Malaysia,Solar photovoltaic,OnGrid,2007,0.45,0.45,False,pv,False
Malaysia,Solar photovoltaic,OnGrid,2008,0.54,0.54,False,pv,False
Malaysia,Solar photovoltaic,OnGrid,2009,0.54,0.54,False,pv,False
Malaysia,Solar photovoltaic,OnGrid,2010,0.54,0.54,False,pv,False
Malaysia,Solar photovoltaic,OnGrid,2011,0.54,0.54,False,pv,False
Malaysia,Solar photovoltaic,OnGrid,2012,26.32,26.32,False,pv,False
Malaysia,Solar photovoltaic,OnGrid,2013,115.56,115.56,False,pv,False
Malaysia,Solar photovoltaic,OnGrid,2014,169.88,169.88,False,pv,False
Malaysia,Solar photovoltaic,OnGrid,2015,219.89,219.89,False,pv,False
Malaysia,Solar photovoltaic,OnGrid,2016,284.74,284.74,False,pv,False
Malaysia,Solar photovoltaic,OnGrid,2017,328.31,328.31,False,pv,False
Malaysia,Solar photovoltaic,OnGrid,2018,473.53,473.53,False,pv,False
Malaysia,Solar photovoltaic,OnGrid,2019,821.66,821.66,False,pv,False
Malaysia,Solar photovoltaic,OnGrid,2020,1475.15,1475.15,False,pv,False
Malaysia,Solar photovoltaic,OnGrid,2021,1575.12,1575.12,False,pv,False
Malaysia,Solar photovoltaic,OnGrid,2022,2122.81,2122.81,False,pv,False
Malaysia,Solar photovoltaic,OnGrid,2023,2409.16,2409.16,False,pv,False
Malaysia,Solar photovoltaic,OnGrid,2024,3065.44,3065.44,False,pv,False
Malaysia,Onshore wind energy,OnGrid,2000,0.0,-,True,wind,False
Malaysia,Onshore wind energy,OnGrid,2001,0.0,-,True,wind,False
Malaysia,Onshore wind energy,OnGrid,2002,0.0,-,True,wind,False
Malaysia,Onshore wind energy,OnGrid,2003,0.0,-,True,wind,False
Malaysia,Onshore wind energy,OnGrid,2004,0.0,-,True,wind,False
Malaysia,Onshore wind energy,OnGrid,2005,0.0,-,True,wind,False
Malaysia,Onshore wind energy,OnGrid,2006,0.0,-,True,wind,False
Malaysia,Onshore wind energy,OnGrid,2007,0.0,-,True,wind,False
Malaysia,Onshore wind energy,OnGrid,2008,0.0,-,True,wind,False
Malaysia,Onshore wind energy,OnGrid,2009,0.0,-,True,wind,False
Malaysia,Onshore wind energy,OnGrid,2010,0.0,-,True,wind,False
Malaysia,Onshore wind energy,OnGrid,2011,0.0,-,True,wind,False
Malaysia,Onshore wind energy,OnGrid,2012,0.0,-,True,wind,False
Malaysia,Onshore wind energy,OnGrid,2013,0.0,-,True,wind,False
Malaysia,Onshore wind energy,OnGrid,2014,0.0,-,True,wind,False
Malaysia,Onshore wind energy,OnGrid,2015,0.0,-,True,wind,False
Malaysia,Onshore wind energy,OnGrid,2016,0.0,-,True,wind,False
Malaysia,Onshore wind energy,OnGrid,2017,0.0,-,True,wind,False
Malaysia,Onshore wind energy,OnGrid,2018,0.0,-,True,wind,False
Malaysia,Onshore wind energy,OnGrid,2019,0.0,-,True,wind,False
Malaysia,Onshore wind energy,OnGrid,2020,0.0,-,True,wind,False
Malaysia,Onshore wind energy,OnGrid,2021,0.0,-,True,wind,False
Malaysia,Onshore wind energy,OnGrid,2022,0.0,-,True,wind,False
Malaysia,Onshore wind energy,OnGrid,2023,0.0,-,True,wind,False
Malaysia,Onshore wind energy,OnGrid,2024,0.0,-,True,wind,False
Maldives,Solar photovoltaic,OnGrid,2000,0.0,-,True,pv,False
Maldives,Solar photovoltaic,OnGrid,2001,0.0,-,True,pv,False
Maldives,Solar photovoltaic,OnGrid,2002,0.0,-,True,pv,False
Maldives,Solar photovoltaic,OnGrid,2003,0.0,-,True,pv,False
Maldives,Solar photovoltaic,OnGrid,2004,0.0,-,True,pv,False
Maldives,Solar photovoltaic,OnGrid,2005,0.0,-,True,pv,False
Maldives,Solar photovoltaic,OnGrid,2006,0.0,-,True,pv,False
Maldives,Solar photovoltaic,OnGrid,2007,0.0,-,True,pv,False
Maldives,Solar photovoltaic,OnGrid,2008,0.0,-,True,pv,False
Maldives,Solar photovoltaic,OnGrid,2009,0.0,-,True,pv,False
Maldives,Solar photovoltaic,OnGrid,2010,0.0,-,True,pv,False
Maldives,Solar photovoltaic,OnGrid,2011,0.0,-,True,pv,False
Maldives,Solar photovoltaic,OnGrid,2012,0.0,-,True,pv,False
Maldives,Solar photovoltaic,OnGrid,2013,0.0,-,True,pv,False
Maldives,Solar photovoltaic,OnGrid,2014,0.0,-,True,pv,False
Maldives,Solar photovoltaic,OnGrid,2015,0.0,-,True,pv,False
Maldives,Solar photovoltaic,OnGrid,2016,0.0,-,True,pv,False
Maldives,Solar photovoltaic,OnGrid,2017,0.0,-,True,pv,False
Maldives,Solar photovoltaic,OnGrid,2018,0.0,-,True,pv,False
Maldives,Solar photovoltaic,OnGrid,2019,0.0,-,True,pv,False
Maldives,Solar photovoltaic,OnGrid,2020,0.0,-,True,pv,False
Maldives,Solar photovoltaic,OnGrid,2021,0.0,-,True,pv,False
Maldives,Solar photovoltaic,OnGrid,2022,0.0,-,True,pv,False
Maldives,Solar photovoltaic,OnGrid,2023,0.0,-,True,pv,False
Maldives,Solar photovoltaic,OnGrid,2024,0.0,-,True,pv,False
Maldives,Onshore wind energy,OnGrid,2000,0.0,-,True,wind,False
Maldives,Onshore wind energy,OnGrid,2001,0.0,-,True,wind,False
Maldives,Onshore wind energy,OnGrid,2002,0.0,-,True,wind,False
Maldives,Onshore wind energy,OnGrid,2003,0.0,-,True,wind,False
Maldives,Onshore wind energy,OnGrid,2004,0.0,-,True,wind,False
Maldives,Onshore wind energy,OnGrid,2005,0.0,-,True,wind,False
Maldives,Onshore wind energy,OnGrid,2006,0.0,-,True,wind,False
Maldives,Onshore wind energy,OnGrid,2007,0.0,-,True,wind,False
Maldives,Onshore wind energy,OnGrid,2008,0.0,-,True,wind,False
Maldives,Onshore wind energy,OnGrid,2009,0.0,-,True,wind,False
Maldives,Onshore wind energy,OnGrid,2010,0.0,-,True,wind,False
Maldives,Onshore wind energy,OnGrid,2011,0.0,-,True,wind,False
Maldives,Onshore wind energy,OnGrid,2012,0.0,-,True,wind,False
Maldives,Onshore wind energy,OnGrid,2013,0.0,-,True,wind,False
Maldives,Onshore wind energy,OnGrid,2014,0.0,-,True,wind,False
Maldives,Onshore wind energy,OnGrid,2015,0.0,-,True,wind,False
Maldives,Onshore wind energy,OnGrid,2016,0.0,-,True,wind,False
Maldives,Onshore wind energy,OnGrid,2017,0.0,-,True,wind,False
Maldives,Onshore wind energy,OnGrid,2018,0.0,-,True,wind,False
Maldives,Onshore wind energy,OnGrid,2019,0.0,-,True,wind,False
Maldives,Onshore wind energy,OnGrid,2020,0.0,-,True,wind,False
Maldives,Onshore wind energy,OnGrid,2021,0.0,-,True,wind,False
Maldives,Onshore wind energy,OnGrid,2022,0.0,-,True,wind,False
Maldives,Onshore wind energy,OnGrid,2023,0.0,-,True,wind,False
Maldives,Onshore wind energy,OnGrid,2024,0.0,-,True,wind,False
Mali,Solar photovoltaic,OnGrid,2000,0.0,-,True,pv,False
Mali,Solar photovoltaic,OnGrid,2001,0.0,-,True,pv,False
Mali,Solar photovoltaic,OnGrid,2002,0.0,-,True,pv,False
Mali,Solar photovoltaic,OnGrid,2003,0.0,-,True,pv,False
Mali,Solar photovoltaic,OnGrid,2004,0.0,-,True,pv,False
Mali,Solar photovoltaic,OnGrid,2005,0.0,-,True,pv,False
Mali,Solar photovoltaic,OnGrid,2006,0.0,-,True,pv,False
Mali,Solar photovoltaic,OnGrid,2007,0.0,-,True,pv,False
Mali,Solar photovoltaic,OnGrid,2008,0.0,-,True,pv,False
Mali,Solar photovoltaic,OnGrid,2009,0.0,-,True,pv,False
Mali,Solar photovoltaic,OnGrid,2010,0.0,-,True,pv,False
Mali,Solar photovoltaic,OnGrid,2011,0.0,-,True,pv,False
Mali,Solar photovoltaic,OnGrid,2012,0.0,-,True,pv,False
Mali,Solar photovoltaic,OnGrid,2013,0.0,-,True,pv,False
Mali,Solar photovoltaic,OnGrid,2014,0.0,-,True,pv,False
Mali,Solar photovoltaic,OnGrid,2015,0.97,0.97,False,pv,False
Mali,Solar photovoltaic,OnGrid,2016,1.23,1.23,False,pv,False
Mali,Solar photovoltaic,OnGrid,2017,1.84,1.84,False,pv,False
Mali,Solar photovoltaic,OnGrid,2018,1.84,1.84,False,pv,False
Mali,Solar photovoltaic,OnGrid,2019,1.84,1.84,False,pv,False
Mali,Solar photovoltaic,OnGrid,2020,52.04,52.04,False,pv,False
Mali,Solar photovoltaic,OnGrid,2021,52.04,52.04,False,pv,False
Mali,Solar photovoltaic,OnGrid,2022,55.94,55.94,False,pv,False
Mali,Solar photovoltaic,OnGrid,2023,55.94,55.94,False,pv,False
Mali,Solar photovoltaic,OnGrid,2024,95.94,95.94,False,pv,False
Mali,Onshore wind energy,OnGrid,2000,0.0,-,True,wind,False
Mali,Onshore wind energy,OnGrid,2001,0.0,-,True,wind,False
Mali,Onshore wind energy,OnGrid,2002,0.0,-,True,wind,False
Mali,Onshore wind energy,OnGrid,2003,0.0,-,True,wind,False
Mali,Onshore wind energy,OnGrid,2004,0.0,-,True,wind,False
Mali,Onshore wind energy,OnGrid,2005,0.0,-,True,wind,False
Mali,Onshore wind energy,OnGrid,2006,0.0,-,True,wind,False
Mali,Onshore wind energy,OnGrid,2007,0.0,-,True,wind,False
Mali,Onshore wind energy,OnGrid,2008,0.0,-,True,wind,False
Mali,Onshore wind energy,OnGrid,2009,0.0,-,True,wind,False
Mali,Onshore wind energy,OnGrid,2010,0.0,-,True,wind,False
Mali,Onshore wind energy,OnGrid,2011,0.0,-,True,wind,False
Mali,Onshore wind energy,OnGrid,2012,0.0,-,True,wind,False
Mali,Onshore wind energy,OnGrid,2013,0.0,-,True,wind,False
Mali,Onshore wind energy,OnGrid,2014,0.0,-,True,wind,False
Mali,Onshore wind energy,OnGrid,2015,0.0,-,True,wind,False
Mali,Onshore wind energy,OnGrid,2016,0.0,-,True,wind,False
Mali,Onshore wind energy,OnGrid,2017,0.0,-,True,wind,False
Mali,Onshore wind energy,OnGrid,2018,0.0,-,True,wind,False
Mali,Onshore wind energy,OnGrid,2019,0.0,-,True,wind,False
Mali,Onshore wind energy,OnGrid,2020,0.0,-,True,wind,False
Mali,Onshore wind energy,OnGrid,2021,0.0,-,True,wind,False
Mali,Onshore wind energy,OnGrid,2022,0.0,-,True,wind,False
Mali,Onshore wind energy,OnGrid,2023,0.0,-,True,wind,False
Mali,Onshore wind energy,OnGrid,2024,0.0,-,True,wind,False
Malta,Solar photovoltaic,OnGrid,2000,0.0,-,True,pv,False
Malta,Solar photovoltaic,OnGrid,2001,0.0,-,True,pv,False
Malta,Solar photovoltaic,OnGrid,2002,0.0,-,True,pv,False
Malta,Solar photovoltaic,OnGrid,2003,0.0,-,True,pv,False
Malta,Solar photovoltaic,OnGrid,2004,0.0,-,True,pv,False
Malta,Solar photovoltaic,OnGrid,2005,0.1,0.1,False,pv,False
Malta,Solar photovoltaic,OnGrid,2006,0.1,0.1,False,pv,False
Malta,Solar photovoltaic,OnGrid,2007,0.1,0.1,False,pv,False
Malta,Solar photovoltaic,OnGrid,2008,0.2,0.2,False,pv,False
Malta,Solar photovoltaic,OnGrid,2009,0.9,0.9,False,pv,False
Malta,Solar photovoltaic,OnGrid,2010,0.8,0.8,False,pv,False
Malta,Solar photovoltaic,OnGrid,2011,5.3,5.3,False,pv,False
Malta,Solar photovoltaic,OnGrid,2012,15.7,15.7,False,pv,False
Malta,Solar photovoltaic,OnGrid,2013,27.52,27.52,False,pv,False
Malta,Solar photovoltaic,OnGrid,2014,53.61,53.61,False,pv,False
Malta,Solar photovoltaic,OnGrid,2015,73.8,73.8,False,pv,False
Malta,Solar photovoltaic,OnGrid,2016,91.61,91.61,False,pv,False
Malta,Solar photovoltaic,OnGrid,2017,108.77,108.77,False,pv,False
Malta,Solar photovoltaic,OnGrid,2018,128.89,128.89,False,pv,False
Malta,Solar photovoltaic,OnGrid,2019,151.18,151.18,False,pv,False
Malta,Solar photovoltaic,OnGrid,2020,179.91,179.91,False,pv,False
Malta,Solar photovoltaic,OnGrid,2021,194.37,194.37,False,pv,False
Malta,Solar photovoltaic,OnGrid,2022,209.64,209.64,False,pv,False
Malta,Solar photovoltaic,OnGrid,2023,226.11,226.11,False,pv,False
Malta,Solar photovoltaic,OnGrid,2024,238.05,238.05,False,pv,False
Malta,Onshore wind energy,OnGrid,2000,0.0,-,True,wind,False
Malta,Onshore wind energy,OnGrid,2001,0.0,-,True,wind,False
Malta,Onshore wind energy,OnGrid,2002,0.0,-,True,wind,False
Malta,Onshore wind energy,OnGrid,2003,0.0,-,True,wind,False
Malta,Onshore wind energy,OnGrid,2004,0.0,-,True,wind,False
Malta,Onshore wind energy,OnGrid,2005,0.0,-,True,wind,False
Malta,Onshore wind energy,OnGrid,2006,0.0,-,True,wind,False
Malta,Onshore wind energy,OnGrid,2007,0.0,-,True,wind,False
Malta,Onshore wind energy,OnGrid,2008,0.0,-,True,wind,False
Malta,Onshore wind energy,OnGrid,2009,0.0,-,True,wind,False
Malta,Onshore wind energy,OnGrid,2010,0.0,-,True,wind,False
Malta,Onshore wind energy,OnGrid,2011,0.0,-,True,wind,False
Malta,Onshore wind energy,OnGrid,2012,0.1,0.1,False,wind,False
Malta,Onshore wind energy,OnGrid,2013,0.1,0.1,False,wind,False
Malta,Onshore wind energy,OnGrid,2014,0.1,0.1,False,wind,False
Malta,Onshore wind energy,OnGrid,2015,0.1,0.1,False,wind,False
Malta,Onshore wind energy,OnGrid,2016,0.1,0.1,False,wind,False
Malta,Onshore wind energy,OnGrid,2017,0.1,0.1,False,wind,False
Malta,Onshore wind energy,OnGrid,2018,0.1,0.1,False,wind,False
Malta,Onshore wind energy,OnGrid,2019,0.1,0.1,False,wind,False
Malta,Onshore wind energy,OnGrid,2020,0.1,0.1,False,wind,False
Malta,Onshore wind energy,OnGrid,2021,0.1,0.1,False,wind,False
Malta,Onshore wind energy,OnGrid,2022,0.1,0.1,False,wind,False
Malta,Onshore wind energy,OnGrid,2023,0.06,0.06,False,wind,False
Malta,Onshore wind energy,OnGrid,2024,0.06,0.06,False,wind,False
Marshall Is,Solar photovoltaic,OnGrid,2000,0.0,-,True,pv,False
Marshall Is,Solar photovoltaic,OnGrid,2001,0.0,-,True,pv,False
Marshall Is,Solar photovoltaic,OnGrid,2002,0.0,-,True,pv,False
Marshall Is,Solar photovoltaic,OnGrid,2003,0.0,-,True,pv,False
Marshall Is,Solar photovoltaic,OnGrid,2004,0.0,-,True,pv,False
Marshall Is,Solar photovoltaic,OnGrid,2005,0.0,-,True,pv,False
Marshall Is,Solar photovoltaic,OnGrid,2006,0.0,-,True,pv,False
Marshall Is,Solar photovoltaic,OnGrid,2007,0.0,-,True,pv,False
Marshall Is,Solar photovoltaic,OnGrid,2008,0.0,-,True,pv,False
Marshall Is,Solar photovoltaic,OnGrid,2009,0.06,0.06,False,pv,False
Marshall Is,Solar photovoltaic,OnGrid,2010,0.06,0.06,False,pv,False
Marshall Is,Solar photovoltaic,OnGrid,2011,0.06,0.06,False,pv,False
Marshall Is,Solar photovoltaic,OnGrid,2012,0.11,0.11,False,pv,False
Marshall Is,Solar photovoltaic,OnGrid,2013,0.11,0.11,False,pv,False
Marshall Is,Solar photovoltaic,OnGrid,2014,0.38,0.38,False,pv,False
Marshall Is,Solar photovoltaic,OnGrid,2015,0.38,0.38,False,pv,False
Marshall Is,Solar photovoltaic,OnGrid,2016,0.98,0.98,False,pv,False
Marshall Is,Solar photovoltaic,OnGrid,2017,0.98,0.98,False,pv,False
Marshall Is,Solar photovoltaic,OnGrid,2018,0.98,0.98,False,pv,False
Marshall Is,Solar photovoltaic,OnGrid,2019,0.98,0.98,False,pv,False
Marshall Is,Solar photovoltaic,OnGrid,2020,0.98,0.98,False,pv,False
Marshall Is,Solar photovoltaic,OnGrid,2021,0.98,0.98,False,pv,False
Marshall Is,Solar photovoltaic,OnGrid,2022,1.04,1.04,False,pv,False
Marshall Is,Solar photovoltaic,OnGrid,2023,1.16,1.16,False,pv,False
Marshall Is,Solar photovoltaic,OnGrid,2024,2.46,2.46,False,pv,False
Marshall Is,Onshore wind energy,OnGrid,2000,0.0,-,True,wind,False
Marshall Is,Onshore wind energy,OnGrid,2001,0.0,-,True,wind,False
Marshall Is,Onshore wind energy,OnGrid,2002,0.0,-,True,wind,False
Marshall Is,Onshore wind energy,OnGrid,2003,0.0,-,True,wind,False
Marshall Is,Onshore wind energy,OnGrid,2004,0.0,-,True,wind,False
Marshall Is,Onshore wind energy,OnGrid,2005,0.0,-,True,wind,False
Marshall Is,Onshore wind energy,OnGrid,2006,0.0,-,True,wind,False
Marshall Is,Onshore wind energy,OnGrid,2007,0.0,-,True,wind,False
Marshall Is,Onshore wind energy,OnGrid,2008,0.0,-,True,wind,False
Marshall Is,Onshore wind energy,OnGrid,2009,0.0,-,True,wind,False
Marshall Is,Onshore wind energy,OnGrid,2010,0.0,-,True,wind,False
Marshall Is,Onshore wind energy,OnGrid,2011,0.0,-,True,wind,False
Marshall Is,Onshore wind energy,OnGrid,2012,0.0,-,True,wind,False
Marshall Is,Onshore wind energy,OnGrid,2013,0.0,-,True,wind,False
Marshall Is,Onshore wind energy,OnGrid,2014,0.0,-,True,wind,False
Marshall Is,Onshore wind energy,OnGrid,2015,0.0,-,True,wind,False
Marshall Is,Onshore wind energy,OnGrid,2016,0.0,-,True,wind,False
Marshall Is,Onshore wind energy,OnGrid,2017,0.0,-,True,wind,False
Marshall Is,Onshore wind energy,OnGrid,2018,0.0,-,True,wind,False
Marshall Is,Onshore wind energy,OnGrid,2019,0.0,-,True,wind,False
Marshall Is,Onshore wind energy,OnGrid,2020,0.0,-,True,wind,False
Marshall Is,Onshore wind energy,OnGrid,2021,0.0,-,True,wind,False
Marshall Is,Onshore wind energy,OnGrid,2022,0.0,-,True,wind,False
Marshall Is,Onshore wind energy,OnGrid,2023,0.0,-,True,wind,False
Marshall Is,Onshore wind energy,OnGrid,2024,0.0,-,True,wind,False
Martinique,Solar photovoltaic,OnGrid,2000,0.0,-,True,pv,False
Martinique,Solar photovoltaic,OnGrid,2001,0.0,-,True,pv,False
Martinique,Solar photovoltaic,OnGrid,2002,0.0,-,True,pv,False
Martinique,Solar photovoltaic,OnGrid,2003,0.0,-,True,pv,False
Martinique,Solar photovoltaic,OnGrid,2004,0.0,-,True,pv,False
Martinique,Solar photovoltaic,OnGrid,2005,0.0,-,True,pv,False
Martinique,Solar photovoltaic,OnGrid,2006,2.5,2.5,False,pv,False
Martinique,Solar photovoltaic,OnGrid,2007,4.0,4,False,pv,False
Martinique,Solar photovoltaic,OnGrid,2008,7.3,7.3,False,pv,False
Martinique,Solar photovoltaic,OnGrid,2009,14.2,14.2,False,pv,False
Martinique,Solar photovoltaic,OnGrid,2010,26.4,26.4,False,pv,False
Martinique,Solar photovoltaic,OnGrid,2011,48.0,48,False,pv,False
Martinique,Solar photovoltaic,OnGrid,2012,60.0,60,False,pv,False
Martinique,Solar photovoltaic,OnGrid,2013,62.0,62,False,pv,False
Martinique,Solar photovoltaic,OnGrid,2014,62.5,62.5,False,pv,False
Martinique,Solar photovoltaic,OnGrid,2015,65.4,65.4,False,pv,False
Martinique,Solar photovoltaic,OnGrid,2016,66.9,66.9,False,pv,False
Martinique,Solar photovoltaic,OnGrid,2017,68.4,68.4,False,pv,False
Martinique,Solar photovoltaic,OnGrid,2018,71.0,71,False,pv,False
Martinique,Solar photovoltaic,OnGrid,2019,75.85,75.85,False,pv,False
Martinique,Solar photovoltaic,OnGrid,2020,76.63,76.63,False,pv,False
Martinique,Solar photovoltaic,OnGrid,2021,89.4,89.4,False,pv,False
Martinique,Solar photovoltaic,OnGrid,2022,96.03,96.03,False,pv,False
Martinique,Solar photovoltaic,OnGrid,2023,104.17,104.17,False,pv,False
Martinique,Solar photovoltaic,OnGrid,2024,115.34,115.34,False,pv,False
Martinique,Onshore wind energy,OnGrid,2000,0.0,-,True,wind,False
Martinique,Onshore wind energy,OnGrid,2001,0.0,-,True,wind,False
Martinique,Onshore wind energy,OnGrid,2002,0.0,-,True,wind,False
Martinique,Onshore wind energy,OnGrid,2003,0.0,-,True,wind,False
Martinique,Onshore wind energy,OnGrid,2004,1.1,1.1,False,wind,False
Martinique,Onshore wind energy,OnGrid,2005,1.1,1.1,False,wind,False
Martinique,Onshore wind energy,OnGrid,2006,1.1,1.1,False,wind,False
Martinique,Onshore wind energy,OnGrid,2007,1.1,1.1,False,wind,False
Martinique,Onshore wind energy,OnGrid,2008,1.1,1.1,False,wind,False
Martinique,Onshore wind energy,OnGrid,2009,1.1,1.1,False,wind,False
Martinique,Onshore wind energy,OnGrid,2010,1.1,1.1,False,wind,False
Martinique,Onshore wind energy,OnGrid,2011,1.1,1.1,False,wind,False
Martinique,Onshore wind energy,OnGrid,2012,1.1,1.1,False,wind,False
Martinique,Onshore wind energy,OnGrid,2013,1.1,1.1,False,wind,False
Martinique,Onshore wind energy,OnGrid,2014,1.1,1.1,False,wind,False
Martinique,Onshore wind energy,OnGrid,2015,1.1,1.1,False,wind,False
Martinique,Onshore wind energy,OnGrid,2016,1.1,1.1,False,wind,False
Martinique,Onshore wind energy,OnGrid,2017,1.1,1.1,False,wind,False
Martinique,Onshore wind energy,OnGrid,2018,1.1,1.1,False,wind,False
Martinique,Onshore wind energy,OnGrid,2019,14.0,14,False,wind,False
Martinique,Onshore wind energy,OnGrid,2020,15.1,15.1,False,wind,False
Martinique,Onshore wind energy,OnGrid,2021,14.0,14,False,wind,False
Martinique,Onshore wind energy,OnGrid,2022,14.0,14,False,wind,False
Martinique,Onshore wind energy,OnGrid,2023,14.0,14,False,wind,False
Martinique,Onshore wind energy,OnGrid,2024,14.0,14,False,wind,False
Mauritania,Solar photovoltaic,OnGrid,2000,0.0,-,True,pv,False
Mauritania,Solar photovoltaic,OnGrid,2001,0.0,-,True,pv,False
Mauritania,Solar photovoltaic,OnGrid,2002,0.0,-,True,pv,False
Mauritania,Solar photovoltaic,OnGrid,2003,0.0,-,True,pv,False
Mauritania,Solar photovoltaic,OnGrid,2004,0.0,-,True,pv,False
Mauritania,Solar photovoltaic,OnGrid,2005,0.0,-,True,pv,False
Mauritania,Solar photovoltaic,OnGrid,2006,0.0,-,True,pv,False
Mauritania,Solar photovoltaic,OnGrid,2007,0.0,-,True,pv,False
Mauritania,Solar photovoltaic,OnGrid,2008,0.0,-,True,pv,False
Mauritania,Solar photovoltaic,OnGrid,2009,0.0,-,True,pv,False
Mauritania,Solar photovoltaic,OnGrid,2010,0.0,-,True,pv,False
Mauritania,Solar photovoltaic,OnGrid,2011,0.0,-,True,pv,False
Mauritania,Solar photovoltaic,OnGrid,2012,0.0,-,True,pv,False
Mauritania,Solar photovoltaic,OnGrid,2013,15.0,15,False,pv,False
Mauritania,Solar photovoltaic,OnGrid,2014,15.0,15,False,pv,False
Mauritania,Solar photovoltaic,OnGrid,2015,15.0,15,False,pv,False
Mauritania,Solar photovoltaic,OnGrid,2016,15.0,15,False,pv,False
Mauritania,Solar photovoltaic,OnGrid,2017,15.0,15,False,pv,False
Mauritania,Solar photovoltaic,OnGrid,2018,65.78,65.78,False,pv,False
Mauritania,Solar photovoltaic,OnGrid,2019,66.3,66.3,False,pv,False
Mauritania,Solar photovoltaic,OnGrid,2020,66.3,66.3,False,pv,False
Mauritania,Solar photovoltaic,OnGrid,2021,66.3,66.3,False,pv,False
Mauritania,Solar photovoltaic,OnGrid,2022,67.8,67.8,False,pv,False
Mauritania,Solar photovoltaic,OnGrid,2023,67.8,67.8,False,pv,False
Mauritania,Solar photovoltaic,OnGrid,2024,67.8,67.8,False,pv,False
Mauritania,Onshore wind energy,OnGrid,2000,0.0,-,True,wind,False
Mauritania,Onshore wind energy,OnGrid,2001,0.0,-,True,wind,False
Mauritania,Onshore wind energy,OnGrid,2002,0.0,-,True,wind,False
Mauritania,Onshore wind energy,OnGrid,2003,0.0,-,True,wind,False
Mauritania,Onshore wind energy,OnGrid,2004,0.0,-,True,wind,False
Mauritania,Onshore wind energy,OnGrid,2005,0.0,-,True,wind,False
Mauritania,Onshore wind energy,OnGrid,2006,0.0,-,True,wind,False
Mauritania,Onshore wind energy,OnGrid,2007,0.0,-,True,wind,False
Mauritania,Onshore wind energy,OnGrid,2008,0.0,-,True,wind,False
Mauritania,Onshore wind energy,OnGrid,2009,0.0,-,True,wind,False
Mauritania,Onshore wind energy,OnGrid,2010,0.0,-,True,wind,False
Mauritania,Onshore wind energy,OnGrid,2011,0.0,-,True,wind,False
Mauritania,Onshore wind energy,OnGrid,2012,0.0,-,True,wind,False
Mauritania,Onshore wind energy,OnGrid,2013,0.0,-,True,wind,False
Mauritania,Onshore wind energy,OnGrid,2014,0.0,-,True,wind,False
Mauritania,Onshore wind energy,OnGrid,2015,30.0,30,False,wind,False
Mauritania,Onshore wind energy,OnGrid,2016,30.0,30,False,wind,False
Mauritania,Onshore wind energy,OnGrid,2017,30.0,30,False,wind,False
Mauritania,Onshore wind energy,OnGrid,2018,30.0,30,False,wind,False
Mauritania,Onshore wind energy,OnGrid,2019,30.0,30,False,wind,False
Mauritania,Onshore wind energy,OnGrid,2020,30.0,30,False,wind,False
Mauritania,Onshore wind energy,OnGrid,2021,30.0,30,False,wind,False
Mauritania,Onshore wind energy,OnGrid,2022,30.0,30,False,wind,False
Mauritania,Onshore wind energy,OnGrid,2023,132.38,132.38,False,wind,False
Mauritania,Onshore wind energy,OnGrid,2024,132.38,132.38,False,wind,False
Mauritius,Solar photovoltaic,OnGrid,2000,0.0,-,True,pv,False
Mauritius,Solar photovoltaic,OnGrid,2001,0.0,-,True,pv,False
Mauritius,Solar photovoltaic,OnGrid,2002,0.0,-,True,pv,False
Mauritius,Solar photovoltaic,OnGrid,2003,0.0,-,True,pv,False
Mauritius,Solar photovoltaic,OnGrid,2004,0.0,-,True,pv,False
Mauritius,Solar photovoltaic,OnGrid,2005,0.0,-,True,pv,False
Mauritius,Solar photovoltaic,OnGrid,2006,0.0,-,True,pv,False
Mauritius,Solar photovoltaic,OnGrid,2007,0.0,-,True,pv,False
Mauritius,Solar photovoltaic,OnGrid,2008,0.0,-,True,pv,False
Mauritius,Solar photovoltaic,OnGrid,2009,0.0,-,True,pv,False
Mauritius,Solar photovoltaic,OnGrid,2010,0.0,-,True,pv,False
Mauritius,Solar photovoltaic,OnGrid,2011,0.0,-,True,pv,False
Mauritius,Solar photovoltaic,OnGrid,2012,1.45,1.45,False,pv,False
Mauritius,Solar photovoltaic,OnGrid,2013,2.46,2.46,False,pv,False
Mauritius,Solar photovoltaic,OnGrid,2014,2.74,2.74,False,pv,False
Mauritius,Solar photovoltaic,OnGrid,2015,18.37,18.37,False,pv,False
Mauritius,Solar photovoltaic,OnGrid,2016,24.73,24.73,False,pv,False
Mauritius,Solar photovoltaic,OnGrid,2017,29.47,29.47,False,pv,False
Mauritius,Solar photovoltaic,OnGrid,2018,73.18,73.18,False,pv,False
Mauritius,Solar photovoltaic,OnGrid,2019,97.82,97.82,False,pv,False
Mauritius,Solar photovoltaic,OnGrid,2020,108.89,108.89,False,pv,False
Mauritius,Solar photovoltaic,OnGrid,2021,114.47,114.47,False,pv,False
Mauritius,Solar photovoltaic,OnGrid,2022,114.47,114.47,False,pv,False
Mauritius,Solar photovoltaic,OnGrid,2023,129.32,129.32,False,pv,False
Mauritius,Solar photovoltaic,OnGrid,2024,155.11,155.11,False,pv,False
Mauritius,Onshore wind energy,OnGrid,2000,0.0,-,True,wind,False
Mauritius,Onshore wind energy,OnGrid,2001,0.0,-,True,wind,False
Mauritius,Onshore wind energy,OnGrid,2002,0.0,-,True,wind,False
Mauritius,Onshore wind energy,OnGrid,2003,0.18,0.18,False,wind,False
Mauritius,Onshore wind energy,OnGrid,2004,0.18,0.18,False,wind,False
Mauritius,Onshore wind energy,OnGrid,2005,0.18,0.18,False,wind,False
Mauritius,Onshore wind energy,OnGrid,2006,0.18,0.18,False,wind,False
Mauritius,Onshore wind energy,OnGrid,2007,0.18,0.18,False,wind,False
Mauritius,Onshore wind energy,OnGrid,2008,0.18,0.18,False,wind,False
Mauritius,Onshore wind energy,OnGrid,2009,0.73,0.73,False,wind,False
Mauritius,Onshore wind energy,OnGrid,2010,1.28,1.28,False,wind,False
Mauritius,Onshore wind energy,OnGrid,2011,1.28,1.28,False,wind,False
Mauritius,Onshore wind energy,OnGrid,2012,1.28,1.28,False,wind,False
Mauritius,Onshore wind energy,OnGrid,2013,1.28,1.28,False,wind,False
Mauritius,Onshore wind energy,OnGrid,2014,1.28,1.28,False,wind,False
Mauritius,Onshore wind energy,OnGrid,2015,1.28,1.28,False,wind,False
Mauritius,Onshore wind energy,OnGrid,2016,10.63,10.63,False,wind,False
Mauritius,Onshore wind energy,OnGrid,2017,10.63,10.63,False,wind,False
Mauritius,Onshore wind energy,OnGrid,2018,10.63,10.63,False,wind,False
Mauritius,Onshore wind energy,OnGrid,2019,10.63,10.63,False,wind,False
Mauritius,Onshore wind energy,OnGrid,2020,10.63,10.63,False,wind,False
Mauritius,Onshore wind energy,OnGrid,2021,10.63,10.63,False,wind,False
Mauritius,Onshore wind energy,OnGrid,2022,10.63,10.63,False,wind,False
Mauritius,Onshore wind energy,OnGrid,2023,10.63,10.63,False,wind,False
Mauritius,Onshore wind energy,OnGrid,2024,10.63,10.63,False,wind,False
Mayotte,Solar photovoltaic,OnGrid,2000,0.0,-,True,pv,False
Mayotte,Solar photovoltaic,OnGrid,2001,0.0,-,True,pv,False
Mayotte,Solar photovoltaic,OnGrid,2002,0.0,-,True,pv,False
Mayotte,Solar photovoltaic,OnGrid,2003,0.0,-,True,pv,False
Mayotte,Solar photovoltaic,OnGrid,2004,0.0,-,True,pv,False
Mayotte,Solar photovoltaic,OnGrid,2005,0.0,-,True,pv,False
Mayotte,Solar photovoltaic,OnGrid,2006,0.0,-,True,pv,False
Mayotte,Solar photovoltaic,OnGrid,2007,0.0,-,True,pv,False
Mayotte,Solar photovoltaic,OnGrid,2008,0.51,0.51,False,pv,False
Mayotte,Solar photovoltaic,OnGrid,2009,1.81,1.81,False,pv,False
Mayotte,Solar photovoltaic,OnGrid,2010,8.34,8.34,False,pv,False
Mayotte,Solar photovoltaic,OnGrid,2011,12.44,12.44,False,pv,False
Mayotte,Solar photovoltaic,OnGrid,2012,13.07,13.07,False,pv,False
Mayotte,Solar photovoltaic,OnGrid,2013,13.14,13.14,False,pv,False
Mayotte,Solar photovoltaic,OnGrid,2014,13.24,13.24,False,pv,False
Mayotte,Solar photovoltaic,OnGrid,2015,13.33,13.33,False,pv,False
Mayotte,Solar photovoltaic,OnGrid,2016,13.33,13.33,False,pv,False
Mayotte,Solar photovoltaic,OnGrid,2017,15.15,15.15,False,pv,False
Mayotte,Solar photovoltaic,OnGrid,2018,15.73,15.73,False,pv,False
Mayotte,Solar photovoltaic,OnGrid,2019,16.81,16.81,False,pv,False
Mayotte,Solar photovoltaic,OnGrid,2020,18.57,18.57,False,pv,False
Mayotte,Solar photovoltaic,OnGrid,2021,30.03,30.03,False,pv,False
Mayotte,Solar photovoltaic,OnGrid,2022,30.03,30.03,False,pv,False
Mayotte,Solar photovoltaic,OnGrid,2023,31.23,31.23,False,pv,False
Mayotte,Solar photovoltaic,OnGrid,2024,31.23,31.23,False,pv,False
Mayotte,Onshore wind energy,OnGrid,2000,0.0,-,True,wind,False
Mayotte,Onshore wind energy,OnGrid,2001,0.0,-,True,wind,False
Mayotte,Onshore wind energy,OnGrid,2002,0.0,-,True,wind,False
Mayotte,Onshore wind energy,OnGrid,2003,0.0,-,True,wind,False
Mayotte,Onshore wind energy,OnGrid,2004,0.0,-,True,wind,False
Mayotte,Onshore wind energy,OnGrid,2005,0.0,-,True,wind,False
Mayotte,Onshore wind energy,OnGrid,2006,0.0,-,True,wind,False
Mayotte,Onshore wind energy,OnGrid,2007,0.0,-,True,wind,False
Mayotte,Onshore wind energy,OnGrid,2008,0.0,-,True,wind,False
Mayotte,Onshore wind energy,OnGrid,2009,0.0,-,True,wind,False
Mayotte,Onshore wind energy,OnGrid,2010,0.0,-,True,wind,False
Mayotte,Onshore wind energy,OnGrid,2011,0.0,-,True,wind,False
Mayotte,Onshore wind energy,OnGrid,2012,0.0,-,True,wind,False
Mayotte,Onshore wind energy,OnGrid,2013,0.0,-,True,wind,False
Mayotte,Onshore wind energy,OnGrid,2014,0.0,-,True,wind,False
Mayotte,Onshore wind energy,OnGrid,2015,0.0,-,True,wind,False
Mayotte,Onshore wind energy,OnGrid,2016,0.0,-,True,wind,False
Mayotte,Onshore wind energy,OnGrid,2017,0.0,-,True,wind,False
Mayotte,Onshore wind energy,OnGrid,2018,0.0,-,True,wind,False
Mayotte,Onshore wind energy,OnGrid,2019,0.0,-,True,wind,False
Mayotte,Onshore wind energy,OnGrid,2020,0.0,-,True,wind,False
Mayotte,Onshore wind energy,OnGrid,2021,0.0,-,True,wind,False
Mayotte,Onshore wind energy,OnGrid,2022,0.0,-,True,wind,False
Mayotte,Onshore wind energy,OnGrid,2023,0.0,-,True,wind,False
Mayotte,Onshore wind energy,OnGrid,2024,0.0,-,True,wind,False
Mexico,Solar photovoltaic,OnGrid,2000,14.0,14,False,pv,False
Mexico,Solar photovoltaic,OnGrid,2001,15.0,15,False,pv,False
Mexico,Solar photovoltaic,OnGrid,2002,16.0,16,False,pv,False
Mexico,Solar photovoltaic,OnGrid,2003,16.0,16,False,pv,False
Mexico,Solar photovoltaic,OnGrid,2004,16.0,16,False,pv,False
Mexico,Solar photovoltaic,OnGrid,2005,16.0,16,False,pv,False
Mexico,Solar photovoltaic,OnGrid,2006,16.0,16,False,pv,False
Mexico,Solar photovoltaic,OnGrid,2007,19.0,19,False,pv,False
Mexico,Solar photovoltaic,OnGrid,2008,19.0,19,False,pv,False
Mexico,Solar photovoltaic,OnGrid,2009,25.15,25.15,False,pv,False
Mexico,Solar photovoltaic,OnGrid,2010,29.81,29.81,False,pv,False
Mexico,Solar photovoltaic,OnGrid,2011,42.4,42.4,False,pv,False
Mexico,Solar photovoltaic,OnGrid,2012,72.8,72.8,False,pv,False
Mexico,Solar photovoltaic,OnGrid,2013,109.0,109,False,pv,False
Mexico,Solar photovoltaic,OnGrid,2014,174.34,174.34,False,pv,False
Mexico,Solar photovoltaic,OnGrid,2015,295.0,295,False,pv,False
Mexico,Solar photovoltaic,OnGrid,2016,606.0,606,False,pv,False
Mexico,Solar photovoltaic,OnGrid,2017,1072.0,1072,False,pv,False
Mexico,Solar photovoltaic,OnGrid,2018,2753.0,2753,False,pv,False
Mexico,Solar photovoltaic,OnGrid,2019,6227.59,6227.59,False,pv,False
Mexico,Solar photovoltaic,OnGrid,2020,7138.08,7138.08,False,pv,False
Mexico,Solar photovoltaic,OnGrid,2021,8901.0,8901,False,pv,False
Mexico,Solar photovoltaic,OnGrid,2022,9330.24,9330.24,False,pv,False
Mexico,Solar photovoltaic,OnGrid,2023,10884.22,10884.22,False,pv,False
Mexico,Solar photovoltaic,OnGrid,2024,11966.56,11966.56,False,pv,False
Mexico,Onshore wind energy,OnGrid,2000,17.0,17,False,wind,False
Mexico,Onshore wind energy,OnGrid,2001,17.0,17,False,wind,False
Mexico,Onshore wind energy,OnGrid,2002,18.0,18,False,wind,False
Mexico,Onshore wind energy,OnGrid,2003,18.0,18,False,wind,False
Mexico,Onshore wind energy,OnGrid,2004,18.0,18,False,wind,False
Mexico,Onshore wind energy,OnGrid,2005,18.0,18,False,wind,False
Mexico,Onshore wind energy,OnGrid,2006,101.0,101,False,wind,False
Mexico,Onshore wind energy,OnGrid,2007,101.0,101,False,wind,False
Mexico,Onshore wind energy,OnGrid,2008,101.0,101,False,wind,False
Mexico,Onshore wind energy,OnGrid,2009,425.0,425,False,wind,False
Mexico,Onshore wind energy,OnGrid,2010,519.0,519,False,wind,False
Mexico,Onshore wind energy,OnGrid,2011,601.07,601.07,False,wind,False
Mexico,Onshore wind energy,OnGrid,2012,1815.11,1815.11,False,wind,False
Mexico,Onshore wind energy,OnGrid,2013,2122.11,2122.11,False,wind,False
Mexico,Onshore wind energy,OnGrid,2014,2569.19,2569.19,False,wind,False
Mexico,Onshore wind energy,OnGrid,2015,3271.19,3271.19,False,wind,False
Mexico,Onshore wind energy,OnGrid,2016,4051.19,4051.19,False,wind,False
Mexico,Onshore wind energy,OnGrid,2017,4180.39,4180.39,False,wind,False
Mexico,Onshore wind energy,OnGrid,2018,4180.26,4180.26,False,wind,False
Mexico,Onshore wind energy,OnGrid,2019,6541.26,6541.26,False,wind,False
Mexico,Onshore wind energy,OnGrid,2020,6995.43,6995.43,False,wind,False
Mexico,Onshore wind energy,OnGrid,2021,7468.53,7468.53,False,wind,False
Mexico,Onshore wind energy,OnGrid,2022,7633.68,7633.68,False,wind,False
Mexico,Onshore wind energy,OnGrid,2023,7317.72,7317.72,False,wind,False
Mexico,Onshore wind energy,OnGrid,2024,7512.0,7512,False,wind,False
Micronesia,Solar photovoltaic,OnGrid,2000,0.1,0.1,False,pv,False
Micronesia,Solar photovoltaic,OnGrid,2001,0.1,0.1,False,pv,False
Micronesia,Solar photovoltaic,OnGrid,2002,0.1,0.1,False,pv,False
Micronesia,Solar photovoltaic,OnGrid,2003,0.1,0.1,False,pv,False
Micronesia,Solar photovoltaic,OnGrid,2004,0.1,0.1,False,pv,False
Micronesia,Solar photovoltaic,OnGrid,2005,0.1,0.1,False,pv,False
Micronesia,Solar photovoltaic,OnGrid,2006,0.1,0.1,False,pv,False
Micronesia,Solar photovoltaic,OnGrid,2007,0.18,0.18,False,pv,False
Micronesia,Solar photovoltaic,OnGrid,2008,0.18,0.18,False,pv,False
Micronesia,Solar photovoltaic,OnGrid,2009,0.23,0.23,False,pv,False
Micronesia,Solar photovoltaic,OnGrid,2010,0.23,0.23,False,pv,False
Micronesia,Solar photovoltaic,OnGrid,2011,0.23,0.23,False,pv,False
Micronesia,Solar photovoltaic,OnGrid,2012,0.23,0.23,False,pv,False
Micronesia,Solar photovoltaic,OnGrid,2013,0.3,0.3,False,pv,False
Micronesia,Solar photovoltaic,OnGrid,2014,0.75,0.75,False,pv,False
Micronesia,Solar photovoltaic,OnGrid,2015,0.75,0.75,False,pv,False
Micronesia,Solar photovoltaic,OnGrid,2016,3.65,3.65,False,pv,False
Micronesia,Solar photovoltaic,OnGrid,2017,3.65,3.65,False,pv,False
Micronesia,Solar photovoltaic,OnGrid,2018,4.4,4.4,False,pv,False
Micronesia,Solar photovoltaic,OnGrid,2019,5.08,5.08,False,pv,False
Micronesia,Solar photovoltaic,OnGrid,2020,7.08,7.08,False,pv,False
Micronesia,Solar photovoltaic,OnGrid,2021,7.08,7.08,False,pv,False
Micronesia,Solar photovoltaic,OnGrid,2022,7.08,7.08,False,pv,False
Micronesia,Solar photovoltaic,OnGrid,2023,7.08,7.08,False,pv,False
Micronesia,Solar photovoltaic,OnGrid,2024,7.01,7.01,False,pv,False
Micronesia,Onshore wind energy,OnGrid,2000,0.0,-,True,wind,False
Micronesia,Onshore wind energy,OnGrid,2001,0.0,-,True,wind,False
Micronesia,Onshore wind energy,OnGrid,2002,0.0,-,True,wind,False
Micronesia,Onshore wind energy,OnGrid,2003,0.0,-,True,wind,False
Micronesia,Onshore wind energy,OnGrid,2004,0.0,-,True,wind,False
Micronesia,Onshore wind energy,OnGrid,2005,0.0,-,True,wind,False
Micronesia,Onshore wind energy,OnGrid,2006,0.0,-,True,wind,False
Micronesia,Onshore wind energy,OnGrid,2007,0.0,-,True,wind,False
Micronesia,Onshore wind energy,OnGrid,2008,0.0,-,True,wind,False
Micronesia,Onshore wind energy,OnGrid,2009,0.0,-,True,wind,False
Micronesia,Onshore wind energy,OnGrid,2010,0.0,-,True,wind,False
Micronesia,Onshore wind energy,OnGrid,2011,0.0,-,True,wind,False
Micronesia,Onshore wind energy,OnGrid,2012,0.0,-,True,wind,False
Micronesia,Onshore wind energy,OnGrid,2013,0.0,-,True,wind,False
Micronesia,Onshore wind energy,OnGrid,2014,0.0,-,True,wind,False
Micronesia,Onshore wind energy,OnGrid,2015,0.0,-,True,wind,False
Micronesia,Onshore wind energy,OnGrid,2016,0.0,-,True,wind,False
Micronesia,Onshore wind energy,OnGrid,2017,0.0,-,True,wind,False
Micronesia,Onshore wind energy,OnGrid,2018,0.83,0.83,False,wind,False
Micronesia,Onshore wind energy,OnGrid,2019,0.83,0.83,False,wind,False
Micronesia,Onshore wind energy,OnGrid,2020,0.83,0.83,False,wind,False
Micronesia,Onshore wind energy,OnGrid,2021,0.83,0.83,False,wind,False
Micronesia,Onshore wind energy,OnGrid,2022,0.83,0.83,False,wind,False
Micronesia,Onshore wind energy,OnGrid,2023,0.83,0.83,False,wind,False
Micronesia,Onshore wind energy,OnGrid,2024,0.83,0.83,False,wind,False
Moldova Rep,Solar photovoltaic,OnGrid,2000,0.0,-,True,pv,False
Moldova Rep,Solar photovoltaic,OnGrid,2001,0.0,-,True,pv,False
Moldova Rep,Solar photovoltaic,OnGrid,2002,0.0,-,True,pv,False
Moldova Rep,Solar photovoltaic,OnGrid,2003,0.0,-,True,pv,False
Moldova Rep,Solar photovoltaic,OnGrid,2004,0.0,-,True,pv,False
Moldova Rep,Solar photovoltaic,OnGrid,2005,0.0,-,True,pv,False
Moldova Rep,Solar photovoltaic,OnGrid,2006,0.0,-,True,pv,False
Moldova Rep,Solar photovoltaic,OnGrid,2007,0.0,-,True,pv,False
Moldova Rep,Solar photovoltaic,OnGrid,2008,0.0,-,True,pv,False
Moldova Rep,Solar photovoltaic,OnGrid,2009,0.0,-,True,pv,False
Moldova Rep,Solar photovoltaic,OnGrid,2010,0.0,-,True,pv,False
Moldova Rep,Solar photovoltaic,OnGrid,2011,0.0,-,True,pv,False
Moldova Rep,Solar photovoltaic,OnGrid,2012,0.0,-,True,pv,False
Moldova Rep,Solar photovoltaic,OnGrid,2013,0.0,-,True,pv,False
Moldova Rep,Solar photovoltaic,OnGrid,2014,1.0,1,False,pv,False
Moldova Rep,Solar photovoltaic,OnGrid,2015,1.0,1,False,pv,False
Moldova Rep,Solar photovoltaic,OnGrid,2016,2.0,2,False,pv,False
Moldova Rep,Solar photovoltaic,OnGrid,2017,2.0,2,False,pv,False
Moldova Rep,Solar photovoltaic,OnGrid,2018,3.0,3,False,pv,False
Moldova Rep,Solar photovoltaic,OnGrid,2019,5.0,5,False,pv,False
Moldova Rep,Solar photovoltaic,OnGrid,2020,4.3,4.3,False,pv,False
Moldova Rep,Solar photovoltaic,OnGrid,2021,14.48,14.48,False,pv,False
Moldova Rep,Solar photovoltaic,OnGrid,2022,60.13,60.13,False,pv,False
Moldova Rep,Solar photovoltaic,OnGrid,2023,200.61,200.61,False,pv,False
Moldova Rep,Solar photovoltaic,OnGrid,2024,399.7,399.7,False,pv,False
Moldova Rep,Onshore wind energy,OnGrid,2000,0.0,-,True,wind,False
Moldova Rep,Onshore wind energy,OnGrid,2001,0.0,-,True,wind,False
Moldova Rep,Onshore wind energy,OnGrid,2002,0.0,-,True,wind,False
Moldova Rep,Onshore wind energy,OnGrid,2003,0.0,-,True,wind,False
Moldova Rep,Onshore wind energy,OnGrid,2004,0.0,-,True,wind,False
Moldova Rep,Onshore wind energy,OnGrid,2005,0.0,-,True,wind,False
Moldova Rep,Onshore wind energy,OnGrid,2006,0.0,-,True,wind,False
Moldova Rep,Onshore wind energy,OnGrid,2007,0.0,-,True,wind,False
Moldova Rep,Onshore wind energy,OnGrid,2008,0.0,-,True,wind,False
Moldova Rep,Onshore wind energy,OnGrid,2009,0.0,-,True,wind,False
Moldova Rep,Onshore wind energy,OnGrid,2010,0.0,-,True,wind,False
Moldova Rep,Onshore wind energy,OnGrid,2011,0.0,-,True,wind,False
Moldova Rep,Onshore wind energy,OnGrid,2012,0.0,-,True,wind,False
Moldova Rep,Onshore wind energy,OnGrid,2013,1.0,1,False,wind,False
Moldova Rep,Onshore wind energy,OnGrid,2014,1.0,1,False,wind,False
Moldova Rep,Onshore wind energy,OnGrid,2015,1.0,1,False,wind,False
Moldova Rep,Onshore wind energy,OnGrid,2016,1.78,1.78,False,wind,False
Moldova Rep,Onshore wind energy,OnGrid,2017,9.19,9.19,False,wind,False
Moldova Rep,Onshore wind energy,OnGrid,2018,33.0,33,False,wind,False
Moldova Rep,Onshore wind energy,OnGrid,2019,35.0,35,False,wind,False
Moldova Rep,Onshore wind energy,OnGrid,2020,41.0,41,False,wind,False
Moldova Rep,Onshore wind energy,OnGrid,2021,67.0,67,False,wind,False
Moldova Rep,Onshore wind energy,OnGrid,2022,115.1,115.1,False,wind,False
Moldova Rep,Onshore wind energy,OnGrid,2023,141.32,141.32,False,wind,False
Moldova Rep,Onshore wind energy,OnGrid,2024,158.2,158.2,False,wind,False
Mongolia,Solar photovoltaic,OnGrid,2000,0.0,-,True,pv,False
Mongolia,Solar photovoltaic,OnGrid,2001,0.0,-,True,pv,False
Mongolia,Solar photovoltaic,OnGrid,2002,0.0,-,True,pv,False
Mongolia,Solar photovoltaic,OnGrid,2003,0.0,-,True,pv,False
Mongolia,Solar photovoltaic,OnGrid,2004,0.0,-,True,pv,False
Mongolia,Solar photovoltaic,OnGrid,2005,0.0,-,True,pv,False
Mongolia,Solar photovoltaic,OnGrid,2006,0.0,-,True,pv,False
Mongolia,Solar photovoltaic,OnGrid,2007,0.0,-,True,pv,False
Mongolia,Solar photovoltaic,OnGrid,2008,0.0,-,True,pv,False
Mongolia,Solar photovoltaic,OnGrid,2009,0.0,-,True,pv,False
Mongolia,Solar photovoltaic,OnGrid,2010,0.0,-,True,pv,False
Mongolia,Solar photovoltaic,OnGrid,2011,0.0,-,True,pv,False
Mongolia,Solar photovoltaic,OnGrid,2012,0.0,-,True,pv,False
Mongolia,Solar photovoltaic,OnGrid,2013,0.43,0.43,False,pv,False
Mongolia,Solar photovoltaic,OnGrid,2014,0.43,0.43,False,pv,False
Mongolia,Solar photovoltaic,OnGrid,2015,0.43,0.43,False,pv,False
Mongolia,Solar photovoltaic,OnGrid,2016,10.43,10.43,False,pv,False
Mongolia,Solar photovoltaic,OnGrid,2017,43.13,43.13,False,pv,False
Mongolia,Solar photovoltaic,OnGrid,2018,59.63,59.63,False,pv,False
Mongolia,Solar photovoltaic,OnGrid,2019,84.63,84.63,False,pv,False
Mongolia,Solar photovoltaic,OnGrid,2020,90.0,90,False,pv,False
Mongolia,Solar photovoltaic,OnGrid,2021,90.2,90.2,False,pv,False
Mongolia,Solar photovoltaic,OnGrid,2022,90.2,90.2,False,pv,False
Mongolia,Solar photovoltaic,OnGrid,2023,95.2,95.2,False,pv,False
Mongolia,Solar photovoltaic,OnGrid,2024,130.0,130,False,pv,False
Mongolia,Onshore wind energy,OnGrid,2000,0.0,-,True,wind,False
Mongolia,Onshore wind energy,OnGrid,2001,0.0,-,True,wind,False
Mongolia,Onshore wind energy,OnGrid,2002,0.0,-,True,wind,False
Mongolia,Onshore wind energy,OnGrid,2003,0.0,-,True,wind,False
Mongolia,Onshore wind energy,OnGrid,2004,0.0,-,True,wind,False
Mongolia,Onshore wind energy,OnGrid,2005,0.0,-,True,wind,False
Mongolia,Onshore wind energy,OnGrid,2006,0.0,-,True,wind,False
Mongolia,Onshore wind energy,OnGrid,2007,0.0,-,True,wind,False
Mongolia,Onshore wind energy,OnGrid,2008,0.0,-,True,wind,False
Mongolia,Onshore wind energy,OnGrid,2009,0.0,-,True,wind,False
Mongolia,Onshore wind energy,OnGrid,2010,0.0,-,True,wind,False
Mongolia,Onshore wind energy,OnGrid,2011,0.0,-,True,wind,False
Mongolia,Onshore wind energy,OnGrid,2012,0.0,-,True,wind,False
Mongolia,Onshore wind energy,OnGrid,2013,49.6,49.6,False,wind,False
Mongolia,Onshore wind energy,OnGrid,2014,49.6,49.6,False,wind,False
Mongolia,Onshore wind energy,OnGrid,2015,49.6,49.6,False,wind,False
Mongolia,Onshore wind energy,OnGrid,2016,49.6,49.6,False,wind,False
Mongolia,Onshore wind energy,OnGrid,2017,100.0,100,False,wind,False
Mongolia,Onshore wind energy,OnGrid,2018,155.0,155,False,wind,False
Mongolia,Onshore wind energy,OnGrid,2019,155.0,155,False,wind,False
Mongolia,Onshore wind energy,OnGrid,2020,155.0,155,False,wind,False
Mongolia,Onshore wind energy,OnGrid,2021,155.0,155,False,wind,False
Mongolia,Onshore wind energy,OnGrid,2022,155.0,155,False,wind,False
Mongolia,Onshore wind energy,OnGrid,2023,153.6,153.6,False,wind,False
Mongolia,Onshore wind energy,OnGrid,2024,155.0,155,False,wind,False
Montenegro,Solar photovoltaic,OnGrid,2000,0.0,-,True,pv,False
Montenegro,Solar photovoltaic,OnGrid,2001,0.0,-,True,pv,False
Montenegro,Solar photovoltaic,OnGrid,2002,0.0,-,True,pv,False
Montenegro,Solar photovoltaic,OnGrid,2003,0.0,-,True,pv,False
Montenegro,Solar photovoltaic,OnGrid,2004,0.0,-,True,pv,False
Montenegro,Solar photovoltaic,OnGrid,2005,0.0,-,True,pv,False
Montenegro,Solar photovoltaic,OnGrid,2006,0.0,-,True,pv,False
Montenegro,Solar photovoltaic,OnGrid,2007,0.0,-,True,pv,False
Montenegro,Solar photovoltaic,OnGrid,2008,0.0,-,True,pv,False
Montenegro,Solar photovoltaic,OnGrid,2009,0.0,-,True,pv,False
Montenegro,Solar photovoltaic,OnGrid,2010,0.0,-,True,pv,False
Montenegro,Solar photovoltaic,OnGrid,2011,0.0,-,True,pv,False
Montenegro,Solar photovoltaic,OnGrid,2012,0.0,-,True,pv,False
Montenegro,Solar photovoltaic,OnGrid,2013,0.0,-,True,pv,False
Montenegro,Solar photovoltaic,OnGrid,2014,0.0,-,True,pv,False
Montenegro,Solar photovoltaic,OnGrid,2015,0.0,-,True,pv,False
Montenegro,Solar photovoltaic,OnGrid,2016,0.0,-,True,pv,False
Montenegro,Solar photovoltaic,OnGrid,2017,0.0,-,True,pv,False
Montenegro,Solar photovoltaic,OnGrid,2018,0.0,-,True,pv,False
Montenegro,Solar photovoltaic,OnGrid,2019,0.0,-,True,pv,False
Montenegro,Solar photovoltaic,OnGrid,2020,2.57,2.57,False,pv,False
Montenegro,Solar photovoltaic,OnGrid,2021,2.57,2.57,False,pv,False
Montenegro,Solar photovoltaic,OnGrid,2022,2.87,2.87,False,pv,False
Montenegro,Solar photovoltaic,OnGrid,2023,17.3,17.3,False,pv,False
Montenegro,Solar photovoltaic,OnGrid,2024,63.7,63.7,False,pv,False
Montenegro,Onshore wind energy,OnGrid,2000,0.0,-,True,wind,False
Montenegro,Onshore wind energy,OnGrid,2001,0.0,-,True,wind,False
Montenegro,Onshore wind energy,OnGrid,2002,0.0,-,True,wind,False
Montenegro,Onshore wind energy,OnGrid,2003,0.0,-,True,wind,False
Montenegro,Onshore wind energy,OnGrid,2004,0.0,-,True,wind,False
Montenegro,Onshore wind energy,OnGrid,2005,0.0,-,True,wind,False
Montenegro,Onshore wind energy,OnGrid,2006,0.0,-,True,wind,False
Montenegro,Onshore wind energy,OnGrid,2007,0.0,-,True,wind,False
Montenegro,Onshore wind energy,OnGrid,2008,0.0,-,True,wind,False
Montenegro,Onshore wind energy,OnGrid,2009,0.0,-,True,wind,False
Montenegro,Onshore wind energy,OnGrid,2010,0.0,-,True,wind,False
Montenegro,Onshore wind energy,OnGrid,2011,0.0,-,True,wind,False
Montenegro,Onshore wind energy,OnGrid,2012,0.0,-,True,wind,False
Montenegro,Onshore wind energy,OnGrid,2013,0.0,-,True,wind,False
Montenegro,Onshore wind energy,OnGrid,2014,0.0,-,True,wind,False
Montenegro,Onshore wind energy,OnGrid,2015,0.0,-,True,wind,False
Montenegro,Onshore wind energy,OnGrid,2016,0.0,-,True,wind,False
Montenegro,Onshore wind energy,OnGrid,2017,72.0,72,False,wind,False
Montenegro,Onshore wind energy,OnGrid,2018,72.0,72,False,wind,False
Montenegro,Onshore wind energy,OnGrid,2019,118.0,118,False,wind,False
Montenegro,Onshore wind energy,OnGrid,2020,118.0,118,False,wind,False
Montenegro,Onshore wind energy,OnGrid,2021,118.0,118,False,wind,False
Montenegro,Onshore wind energy,OnGrid,2022,118.0,118,False,wind,False
Montenegro,Onshore wind energy,OnGrid,2023,118.0,118,False,wind,False
Montenegro,Onshore wind energy,OnGrid,2024,118.0,118,False,wind,False
Montserrat,Solar photovoltaic,OnGrid,2000,0.0,-,True,pv,False
Montserrat,Solar photovoltaic,OnGrid,2001,0.0,-,True,pv,False
Montserrat,Solar photovoltaic,OnGrid,2002,0.0,-,True,pv,False
Montserrat,Solar photovoltaic,OnGrid,2003,0.0,-,True,pv,False
Montserrat,Solar photovoltaic,OnGrid,2004,0.0,-,True,pv,False
Montserrat,Solar photovoltaic,OnGrid,2005,0.0,-,True,pv,False
Montserrat,Solar photovoltaic,OnGrid,2006,0.0,-,True,pv,False
Montserrat,Solar photovoltaic,OnGrid,2007,0.0,-,True,pv,False
Montserrat,Solar photovoltaic,OnGrid,2008,0.0,-,True,pv,False
Montserrat,Solar photovoltaic,OnGrid,2009,0.0,-,True,pv,False
Montserrat,Solar photovoltaic,OnGrid,2010,0.0,-,True,pv,False
Montserrat,Solar photovoltaic,OnGrid,2011,0.0,-,True,pv,False
Montserrat,Solar photovoltaic,OnGrid,2012,0.0,-,True,pv,False
Montserrat,Solar photovoltaic,OnGrid,2013,0.0,-,True,pv,False
Montserrat,Solar photovoltaic,OnGrid,2014,0.0,-,True,pv,False
Montserrat,Solar photovoltaic,OnGrid,2015,0.0,-,True,pv,False
Montserrat,Solar photovoltaic,OnGrid,2016,0.0,-,True,pv,False
Montserrat,Solar photovoltaic,OnGrid,2017,0.0,-,True,pv,False
Montserrat,Solar photovoltaic,OnGrid,2018,0.0,-,True,pv,False
Montserrat,Solar photovoltaic,OnGrid,2019,0.25,0.25,False,pv,False
Montserrat,Solar photovoltaic,OnGrid,2020,0.25,0.25,False,pv,False
Montserrat,Solar photovoltaic,OnGrid,2021,1.0,1,False,pv,False
Montserrat,Solar photovoltaic,OnGrid,2022,1.0,1,False,pv,False
Montserrat,Solar photovoltaic,OnGrid,2023,1.02,1.02,False,pv,False
Montserrat,Solar photovoltaic,OnGrid,2024,1.02,1.02,False,pv,False
Montserrat,Onshore wind energy,OnGrid,2000,0.0,-,True,wind,False
Montserrat,Onshore wind energy,OnGrid,2001,0.0,-,True,wind,False
Montserrat,Onshore wind energy,OnGrid,2002,0.0,-,True,wind,False
Montserrat,Onshore wind energy,OnGrid,2003,0.0,-,True,wind,False
Montserrat,Onshore wind energy,OnGrid,2004,0.0,-,True,wind,False
Montserrat,Onshore wind energy,OnGrid,2005,0.0,-,True,wind,False
Montserrat,Onshore wind energy,OnGrid,2006,0.0,-,True,wind,False
Montserrat,Onshore wind energy,OnGrid,2007,0.0,-,True,wind,False
Montserrat,Onshore wind energy,OnGrid,2008,0.0,-,True,wind,False
Montserrat,Onshore wind energy,OnGrid,2009,0.0,-,True,wind,False
Montserrat,Onshore wind energy,OnGrid,2010,0.0,-,True,wind,False
Montserrat,Onshore wind energy,OnGrid,2011,0.0,-,True,wind,False
Montserrat,Onshore wind energy,OnGrid,2012,0.0,-,True,wind,False
Montserrat,Onshore wind energy,OnGrid,2013,0.0,-,True,wind,False
Montserrat,Onshore wind energy,OnGrid,2014,0.0,-,True,wind,False
Montserrat,Onshore wind energy,OnGrid,2015,0.0,-,True,wind,False
Montserrat,Onshore wind energy,OnGrid,2016,0.0,-,True,wind,False
Montserrat,Onshore wind energy,OnGrid,2017,0.0,-,True,wind,False
Montserrat,Onshore wind energy,OnGrid,2018,0.0,-,True,wind,False
Montserrat,Onshore wind energy,OnGrid,2019,0.0,-,True,wind,False
Montserrat,Onshore wind energy,OnGrid,2020,0.0,-,True,wind,False
Montserrat,Onshore wind energy,OnGrid,2021,0.0,-,True,wind,False
Montserrat,Onshore wind energy,OnGrid,2022,0.0,-,True,wind,False
Montserrat,Onshore wind energy,OnGrid,2023,0.0,-,True,wind,False
Montserrat,Onshore wind energy,OnGrid,2024,0.0,-,True,wind,False
Morocco,Solar photovoltaic,OnGrid,2000,0.0,-,True,pv,False
Morocco,Solar photovoltaic,OnGrid,2001,0.0,-,True,pv,False
Morocco,Solar photovoltaic,OnGrid,2002,0.0,-,True,pv,False
Morocco,Solar photovoltaic,OnGrid,2003,0.0,-,True,pv,False
Morocco,Solar photovoltaic,OnGrid,2004,0.0,-,True,pv,False
Morocco,Solar photovoltaic,OnGrid,2005,0.0,-,True,pv,False
Morocco,Solar photovoltaic,OnGrid,2006,0.0,-,True,pv,False
Morocco,Solar photovoltaic,OnGrid,2007,0.05,0.05,False,pv,False
Morocco,Solar photovoltaic,OnGrid,2008,0.05,0.05,False,pv,False
Morocco,Solar photovoltaic,OnGrid,2009,0.05,0.05,False,pv,False
Morocco,Solar photovoltaic,OnGrid,2010,0.05,0.05,False,pv,False
Morocco,Solar photovoltaic,OnGrid,2011,0.17,0.17,False,pv,False
Morocco,Solar photovoltaic,OnGrid,2012,0.17,0.17,False,pv,False
Morocco,Solar photovoltaic,OnGrid,2013,0.17,0.17,False,pv,False
Morocco,Solar photovoltaic,OnGrid,2014,0.8,0.8,False,pv,False
Morocco,Solar photovoltaic,OnGrid,2015,1.0,1,False,pv,False
Morocco,Solar photovoltaic,OnGrid,2016,1.0,1,False,pv,False
Morocco,Solar photovoltaic,OnGrid,2017,1.0,1,False,pv,False
Morocco,Solar photovoltaic,OnGrid,2018,171.0,171,False,pv,False
Morocco,Solar photovoltaic,OnGrid,2019,171.0,171,False,pv,False
Morocco,Solar photovoltaic,OnGrid,2020,211.0,211,False,pv,False
Morocco,Solar photovoltaic,OnGrid,2021,291.0,291,False,pv,False
Morocco,Solar photovoltaic,OnGrid,2022,291.0,291,False,pv,False
Morocco,Solar photovoltaic,OnGrid,2023,291.0,291,False,pv,False
Morocco,Solar photovoltaic,OnGrid,2024,388.0,388,False,pv,False
Morocco,Onshore wind energy,OnGrid,2000,54.0,54,False,wind,False
Morocco,Onshore wind energy,OnGrid,2001,54.0,54,False,wind,False
Morocco,Onshore wind energy,OnGrid,2002,54.0,54,False,wind,False
Morocco,Onshore wind energy,OnGrid,2003,54.0,54,False,wind,False
Morocco,Onshore wind energy,OnGrid,2004,54.0,54,False,wind,False
Morocco,Onshore wind energy,OnGrid,2005,54.0,54,False,wind,False
Morocco,Onshore wind energy,OnGrid,2006,54.0,54,False,wind,False
Morocco,Onshore wind energy,OnGrid,2007,114.0,114,False,wind,False
Morocco,Onshore wind energy,OnGrid,2008,114.0,114,False,wind,False
Morocco,Onshore wind energy,OnGrid,2009,221.0,221,False,wind,False
Morocco,Onshore wind energy,OnGrid,2010,221.0,221,False,wind,False
Morocco,Onshore wind energy,OnGrid,2011,250.0,250,False,wind,False
Morocco,Onshore wind energy,OnGrid,2012,250.0,250,False,wind,False
Morocco,Onshore wind energy,OnGrid,2013,490.0,490,False,wind,False
Morocco,Onshore wind energy,OnGrid,2014,792.0,792,False,wind,False
Morocco,Onshore wind energy,OnGrid,2015,792.0,792,False,wind,False
Morocco,Onshore wind energy,OnGrid,2016,897.0,897,False,wind,False
Morocco,Onshore wind energy,OnGrid,2017,1017.0,1017,False,wind,False
Morocco,Onshore wind energy,OnGrid,2018,1220.0,1220,False,wind,False
Morocco,Onshore wind energy,OnGrid,2019,1220.0,1220,False,wind,False
Morocco,Onshore wind energy,OnGrid,2020,1430.0,1430,False,wind,False
Morocco,Onshore wind energy,OnGrid,2021,1466.0,1466,False,wind,False
Morocco,Onshore wind energy,OnGrid,2022,1553.0,1553,False,wind,False
Morocco,Onshore wind energy,OnGrid,2023,2071.0,2071,False,wind,False
Morocco,Onshore wind energy,OnGrid,2024,2390.0,2390,False,wind,False
Mozambique,Solar photovoltaic,OnGrid,2000,0.0,-,True,pv,False
Mozambique,Solar photovoltaic,OnGrid,2001,0.0,-,True,pv,False
Mozambique,Solar photovoltaic,OnGrid,2002,0.0,-,True,pv,False
Mozambique,Solar photovoltaic,OnGrid,2003,0.0,-,True,pv,False
Mozambique,Solar photovoltaic,OnGrid,2004,0.0,-,True,pv,False
Mozambique,Solar photovoltaic,OnGrid,2005,0.0,-,True,pv,False
Mozambique,Solar photovoltaic,OnGrid,2006,0.0,-,True,pv,False
Mozambique,Solar photovoltaic,OnGrid,2007,0.0,-,True,pv,False
Mozambique,Solar photovoltaic,OnGrid,2008,0.0,-,True,pv,False
Mozambique,Solar photovoltaic,OnGrid,2009,0.0,-,True,pv,False
Mozambique,Solar photovoltaic,OnGrid,2010,0.0,-,True,pv,False
Mozambique,Solar photovoltaic,OnGrid,2011,0.0,-,True,pv,False
Mozambique,Solar photovoltaic,OnGrid,2012,0.0,-,True,pv,False
Mozambique,Solar photovoltaic,OnGrid,2013,1.35,1.35,False,pv,False
Mozambique,Solar photovoltaic,OnGrid,2014,1.35,1.35,False,pv,False
Mozambique,Solar photovoltaic,OnGrid,2015,1.35,1.35,False,pv,False
Mozambique,Solar photovoltaic,OnGrid,2016,1.35,1.35,False,pv,False
Mozambique,Solar photovoltaic,OnGrid,2017,1.35,1.35,False,pv,False
Mozambique,Solar photovoltaic,OnGrid,2018,1.55,1.55,False,pv,False
Mozambique,Solar photovoltaic,OnGrid,2019,41.97,41.97,False,pv,False
Mozambique,Solar photovoltaic,OnGrid,2020,43.09,43.09,False,pv,False
Mozambique,Solar photovoltaic,OnGrid,2021,43.61,43.61,False,pv,False
Mozambique,Solar photovoltaic,OnGrid,2022,85.18,85.18,False,pv,False
Mozambique,Solar photovoltaic,OnGrid,2023,100.18,100.18,False,pv,False
Mozambique,Solar photovoltaic,OnGrid,2024,103.6,103.6,False,pv,False
Mozambique,Onshore wind energy,OnGrid,2000,0.0,-,True,wind,False
Mozambique,Onshore wind energy,OnGrid,2001,0.0,-,True,wind,False
Mozambique,Onshore wind energy,OnGrid,2002,0.0,-,True,wind,False
Mozambique,Onshore wind energy,OnGrid,2003,0.0,-,True,wind,False
Mozambique,Onshore wind energy,OnGrid,2004,0.0,-,True,wind,False
Mozambique,Onshore wind energy,OnGrid,2005,0.0,-,True,wind,False
Mozambique,Onshore wind energy,OnGrid,2006,0.0,-,True,wind,False
Mozambique,Onshore wind energy,OnGrid,2007,0.0,-,True,wind,False
Mozambique,Onshore wind energy,OnGrid,2008,0.0,-,True,wind,False
Mozambique,Onshore wind energy,OnGrid,2009,0.0,-,True,wind,False
Mozambique,Onshore wind energy,OnGrid,2010,0.0,-,True,wind,False
Mozambique,Onshore wind energy,OnGrid,2011,0.0,-,True,wind,False
Mozambique,Onshore wind energy,OnGrid,2012,0.0,-,True,wind,False
Mozambique,Onshore wind energy,OnGrid,2013,0.0,-,True,wind,False
Mozambique,Onshore wind energy,OnGrid,2014,0.0,-,True,wind,False
Mozambique,Onshore wind energy,OnGrid,2015,0.0,-,True,wind,False
Mozambique,Onshore wind energy,OnGrid,2016,0.0,-,True,wind,False
Mozambique,Onshore wind energy,OnGrid,2017,0.0,-,True,wind,False
Mozambique,Onshore wind energy,OnGrid,2018,0.0,-,True,wind,False
Mozambique,Onshore wind energy,OnGrid,2019,0.0,-,True,wind,False
Mozambique,Onshore wind energy,OnGrid,2020,0.0,-,True,wind,False
Mozambique,Onshore wind energy,OnGrid,2021,0.0,-,True,wind,False
Mozambique,Onshore wind energy,OnGrid,2022,0.0,-,True,wind,False
Mozambique,Onshore wind energy,OnGrid,2023,0.0,-,True,wind,False
Mozambique,Onshore wind energy,OnGrid,2024,0.0,-,True,wind,False
Myanmar,Solar photovoltaic,OnGrid,2000,0.0,-,True,pv,False
Myanmar,Solar photovoltaic,OnGrid,2001,0.0,-,True,pv,False
Myanmar,Solar photovoltaic,OnGrid,2002,0.0,-,True,pv,False
Myanmar,Solar photovoltaic,OnGrid,2003,0.0,-,True,pv,False
Myanmar,Solar photovoltaic,OnGrid,2004,0.0,-,True,pv,False
Myanmar,Solar photovoltaic,OnGrid,2005,0.0,-,True,pv,False
Myanmar,Solar photovoltaic,OnGrid,2006,0.0,-,True,pv,False
Myanmar,Solar photovoltaic,OnGrid,2007,0.0,-,True,pv,False
Myanmar,Solar photovoltaic,OnGrid,2008,0.0,-,True,pv,False
Myanmar,Solar photovoltaic,OnGrid,2009,0.0,-,True,pv,False
Myanmar,Solar photovoltaic,OnGrid,2010,0.0,-,True,pv,False
Myanmar,Solar photovoltaic,OnGrid,2011,0.0,-,True,pv,False
Myanmar,Solar photovoltaic,OnGrid,2012,0.0,-,True,pv,False
Myanmar,Solar photovoltaic,OnGrid,2013,0.0,-,True,pv,False
Myanmar,Solar photovoltaic,OnGrid,2014,0.0,-,True,pv,False
Myanmar,Solar photovoltaic,OnGrid,2015,0.0,-,True,pv,False
Myanmar,Solar photovoltaic,OnGrid,2016,0.0,-,True,pv,False
Myanmar,Solar photovoltaic,OnGrid,2017,0.0,-,True,pv,False
Myanmar,Solar photovoltaic,OnGrid,2018,0.0,-,True,pv,False
Myanmar,Solar photovoltaic,OnGrid,2019,40.0,40,False,pv,False
Myanmar,Solar photovoltaic,OnGrid,2020,40.0,40,False,pv,False
Myanmar,Solar photovoltaic,OnGrid,2021,70.0,70,False,pv,False
Myanmar,Solar photovoltaic,OnGrid,2022,92.9,92.9,False,pv,False
Myanmar,Solar photovoltaic,OnGrid,2023,92.9,92.9,False,pv,False
Myanmar,Solar photovoltaic,OnGrid,2024,122.9,122.9,False,pv,False
Myanmar,Onshore wind energy,OnGrid,2000,0.0,-,True,wind,False
Myanmar,Onshore wind energy,OnGrid,2001,0.0,-,True,wind,False
Myanmar,Onshore wind energy,OnGrid,2002,0.0,-,True,wind,False
Myanmar,Onshore wind energy,OnGrid,2003,0.0,-,True,wind,False
Myanmar,Onshore wind energy,OnGrid,2004,0.0,-,True,wind,False
Myanmar,Onshore wind energy,OnGrid,2005,0.0,-,True,wind,False
Myanmar,Onshore wind energy,OnGrid,2006,0.0,-,True,wind,False
Myanmar,Onshore wind energy,OnGrid,2007,0.0,-,True,wind,False
Myanmar,Onshore wind energy,OnGrid,2008,0.0,-,True,wind,False
Myanmar,Onshore wind energy,OnGrid,2009,0.0,-,True,wind,False
Myanmar,Onshore wind energy,OnGrid,2010,0.0,-,True,wind,False
Myanmar,Onshore wind energy,OnGrid,2011,0.0,-,True,wind,False
Myanmar,Onshore wind energy,OnGrid,2012,0.0,-,True,wind,False
Myanmar,Onshore wind energy,OnGrid,2013,0.0,-,True,wind,False
Myanmar,Onshore wind energy,OnGrid,2014,0.0,-,True,wind,False
Myanmar,Onshore wind energy,OnGrid,2015,0.0,-,True,wind,False
Myanmar,Onshore wind energy,OnGrid,2016,0.0,-,True,wind,False
Myanmar,Onshore wind energy,OnGrid,2017,0.0,-,True,wind,False
Myanmar,Onshore wind energy,OnGrid,2018,0.0,-,True,wind,False
Myanmar,Onshore wind energy,OnGrid,2019,0.0,-,True,wind,False
Myanmar,Onshore wind energy,OnGrid,2020,0.0,-,True,wind,False
Myanmar,Onshore wind energy,OnGrid,2021,0.0,-,True,wind,False
Myanmar,Onshore wind energy,OnGrid,2022,0.0,-,True,wind,False
Myanmar,Onshore wind energy,OnGrid,2023,0.0,-,True,wind,False
Myanmar,Onshore wind energy,OnGrid,2024,0.0,-,True,wind,False
Namibia,Solar photovoltaic,OnGrid,2000,0.0,-,True,pv,False
Namibia,Solar photovoltaic,OnGrid,2001,0.0,-,True,pv,False
Namibia,Solar photovoltaic,OnGrid,2002,0.0,-,True,pv,False
Namibia,Solar photovoltaic,OnGrid,2003,0.0,-,True,pv,False
Namibia,Solar photovoltaic,OnGrid,2004,0.0,-,True,pv,False
Namibia,Solar photovoltaic,OnGrid,2005,0.0,-,True,pv,False
Namibia,Solar photovoltaic,OnGrid,2006,0.0,-,True,pv,False
Namibia,Solar photovoltaic,OnGrid,2007,0.0,-,True,pv,False
Namibia,Solar photovoltaic,OnGrid,2008,0.0,-,True,pv,False
Namibia,Solar photovoltaic,OnGrid,2009,0.0,-,True,pv,False
Namibia,Solar photovoltaic,OnGrid,2010,0.0,-,True,pv,False
Namibia,Solar photovoltaic,OnGrid,2011,0.0,-,True,pv,False
Namibia,Solar photovoltaic,OnGrid,2012,0.37,0.37,False,pv,False
Namibia,Solar photovoltaic,OnGrid,2013,1.19,1.19,False,pv,False
Namibia,Solar photovoltaic,OnGrid,2014,2.36,2.36,False,pv,False
Namibia,Solar photovoltaic,OnGrid,2015,13.29,13.29,False,pv,False
Namibia,Solar photovoltaic,OnGrid,2016,25.59,25.59,False,pv,False
Namibia,Solar photovoltaic,OnGrid,2017,65.35,65.35,False,pv,False
Namibia,Solar photovoltaic,OnGrid,2018,109.43,109.43,False,pv,False
Namibia,Solar photovoltaic,OnGrid,2019,173.08,173.08,False,pv,False
Namibia,Solar photovoltaic,OnGrid,2020,173.08,173.08,False,pv,False
Namibia,Solar photovoltaic,OnGrid,2021,175.68,175.68,False,pv,False
Namibia,Solar photovoltaic,OnGrid,2022,231.09,231.09,False,pv,False
Namibia,Solar photovoltaic,OnGrid,2023,231.09,231.09,False,pv,False
Namibia,Solar photovoltaic,OnGrid,2024,231.09,231.09,False,pv,False
Namibia,Onshore wind energy,OnGrid,2000,0.0,-,True,wind,False
Namibia,Onshore wind energy,OnGrid,2001,0.0,-,True,wind,False
Namibia,Onshore wind energy,OnGrid,2002,0.0,-,True,wind,False
Namibia,Onshore wind energy,OnGrid,2003,0.0,-,True,wind,False
Namibia,Onshore wind energy,OnGrid,2004,0.0,-,True,wind,False
Namibia,Onshore wind energy,OnGrid,2005,0.22,0.22,False,wind,False
Namibia,Onshore wind energy,OnGrid,2006,0.22,0.22,False,wind,False
Namibia,Onshore wind energy,OnGrid,2007,0.22,0.22,False,wind,False
Namibia,Onshore wind energy,OnGrid,2008,0.22,0.22,False,wind,False
Namibia,Onshore wind energy,OnGrid,2009,0.22,0.22,False,wind,False
Namibia,Onshore wind energy,OnGrid,2010,0.22,0.22,False,wind,False
Namibia,Onshore wind energy,OnGrid,2011,0.22,0.22,False,wind,False
Namibia,Onshore wind energy,OnGrid,2012,0.22,0.22,False,wind,False
Namibia,Onshore wind energy,OnGrid,2013,0.22,0.22,False,wind,False
Namibia,Onshore wind energy,OnGrid,2014,0.22,0.22,False,wind,False
Namibia,Onshore wind energy,OnGrid,2015,0.22,0.22,False,wind,False
Namibia,Onshore wind energy,OnGrid,2016,0.22,0.22,False,wind,False
Namibia,Onshore wind energy,OnGrid,2017,6.23,6.23,False,wind,False
Namibia,Onshore wind energy,OnGrid,2018,6.23,6.23,False,wind,False
Namibia,Onshore wind energy,OnGrid,2019,6.23,6.23,False,wind,False
Namibia,Onshore wind energy,OnGrid,2020,6.23,6.23,False,wind,False
Namibia,Onshore wind energy,OnGrid,2021,6.23,6.23,False,wind,False
Namibia,Onshore wind energy,OnGrid,2022,6.23,6.23,False,wind,False
Namibia,Onshore wind energy,OnGrid,2023,6.23,6.23,False,wind,False
Namibia,Onshore wind energy,OnGrid,2024,6.23,6.23,False,wind,False
Nauru,Solar photovoltaic,OnGrid,2000,0.0,-,True,pv,False
Nauru,Solar photovoltaic,OnGrid,2001,0.0,-,True,pv,False
Nauru,Solar photovoltaic,OnGrid,2002,0.0,-,True,pv,False
Nauru,Solar photovoltaic,OnGrid,2003,0.0,-,True,pv,False
Nauru,Solar photovoltaic,OnGrid,2004,0.0,-,True,pv,False
Nauru,Solar photovoltaic,OnGrid,2005,0.0,-,True,pv,False
Nauru,Solar photovoltaic,OnGrid,2006,0.04,0.04,False,pv,False
Nauru,Solar photovoltaic,OnGrid,2007,0.04,0.04,False,pv,False
Nauru,Solar photovoltaic,OnGrid,2008,0.04,0.04,False,pv,False
Nauru,Solar photovoltaic,OnGrid,2009,0.04,0.04,False,pv,False
Nauru,Solar photovoltaic,OnGrid,2010,0.04,0.04,False,pv,False
Nauru,Solar photovoltaic,OnGrid,2011,0.04,0.04,False,pv,False
Nauru,Solar photovoltaic,OnGrid,2012,0.07,0.07,False,pv,False
Nauru,Solar photovoltaic,OnGrid,2013,0.2,0.2,False,pv,False
Nauru,Solar photovoltaic,OnGrid,2014,0.2,0.2,False,pv,False
Nauru,Solar photovoltaic,OnGrid,2015,0.2,0.2,False,pv,False
Nauru,Solar photovoltaic,OnGrid,2016,0.7,0.7,False,pv,False
Nauru,Solar photovoltaic,OnGrid,2017,0.7,0.7,False,pv,False
Nauru,Solar photovoltaic,OnGrid,2018,0.81,0.81,False,pv,False
Nauru,Solar photovoltaic,OnGrid,2019,2.31,2.31,False,pv,False
Nauru,Solar photovoltaic,OnGrid,2020,2.32,2.32,False,pv,False
Nauru,Solar photovoltaic,OnGrid,2021,2.75,2.75,False,pv,False
Nauru,Solar photovoltaic,OnGrid,2022,3.01,3.01,False,pv,False
Nauru,Solar photovoltaic,OnGrid,2023,3.01,3.01,False,pv,False
Nauru,Solar photovoltaic,OnGrid,2024,3.01,3.01,False,pv,False
Nauru,Onshore wind energy,OnGrid,2000,0.0,-,True,wind,False
Nauru,Onshore wind energy,OnGrid,2001,0.0,-,True,wind,False
Nauru,Onshore wind energy,OnGrid,2002,0.0,-,True,wind,False
Nauru,Onshore wind energy,OnGrid,2003,0.0,-,True,wind,False
Nauru,Onshore wind energy,OnGrid,2004,0.0,-,True,wind,False
Nauru,Onshore wind energy,OnGrid,2005,0.0,-,True,wind,False
Nauru,Onshore wind energy,OnGrid,2006,0.0,-,True,wind,False
Nauru,Onshore wind energy,OnGrid,2007,0.0,-,True,wind,False
Nauru,Onshore wind energy,OnGrid,2008,0.0,-,True,wind,False
Nauru,Onshore wind energy,OnGrid,2009,0.0,-,True,wind,False
Nauru,Onshore wind energy,OnGrid,2010,0.0,-,True,wind,False
Nauru,Onshore wind energy,OnGrid,2011,0.0,-,True,wind,False
Nauru,Onshore wind energy,OnGrid,2012,0.0,-,True,wind,False
Nauru,Onshore wind energy,OnGrid,2013,0.0,-,True,wind,False
Nauru,Onshore wind energy,OnGrid,2014,0.0,-,True,wind,False
Nauru,Onshore wind energy,OnGrid,2015,0.0,-,True,wind,False
Nauru,Onshore wind energy,OnGrid,2016,0.0,-,True,wind,False
Nauru,Onshore wind energy,OnGrid,2017,0.0,-,True,wind,False
Nauru,Onshore wind energy,OnGrid,2018,0.0,-,True,wind,False
Nauru,Onshore wind energy,OnGrid,2019,0.0,-,True,wind,False
Nauru,Onshore wind energy,OnGrid,2020,0.0,-,True,wind,False
Nauru,Onshore wind energy,OnGrid,2021,0.0,-,True,wind,False
Nauru,Onshore wind energy,OnGrid,2022,0.0,-,True,wind,False
Nauru,Onshore wind energy,OnGrid,2023,0.0,-,True,wind,False
Nauru,Onshore wind energy,OnGrid,2024,0.0,-,True,wind,False
Nepal,Solar photovoltaic,OnGrid,2000,0.0,-,True,pv,False
Nepal,Solar photovoltaic,OnGrid,2001,0.0,-,True,pv,False
Nepal,Solar photovoltaic,OnGrid,2002,0.0,-,True,pv,False
Nepal,Solar photovoltaic,OnGrid,2003,0.0,-,True,pv,False
Nepal,Solar photovoltaic,OnGrid,2004,0.0,-,True,pv,False
Nepal,Solar photovoltaic,OnGrid,2005,0.0,-,True,pv,False
Nepal,Solar photovoltaic,OnGrid,2006,0.0,-,True,pv,False
Nepal,Solar photovoltaic,OnGrid,2007,0.0,-,True,pv,False
Nepal,Solar photovoltaic,OnGrid,2008,0.0,-,True,pv,False
Nepal,Solar photovoltaic,OnGrid,2009,0.0,-,True,pv,False
Nepal,Solar photovoltaic,OnGrid,2010,0.0,-,True,pv,False
Nepal,Solar photovoltaic,OnGrid,2011,0.68,0.68,False,pv,False
Nepal,Solar photovoltaic,OnGrid,2012,0.68,0.68,False,pv,False
Nepal,Solar photovoltaic,OnGrid,2013,0.68,0.68,False,pv,False
Nepal,Solar photovoltaic,OnGrid,2014,0.68,0.68,False,pv,False
Nepal,Solar photovoltaic,OnGrid,2015,0.68,0.68,False,pv,False
Nepal,Solar photovoltaic,OnGrid,2016,0.68,0.68,False,pv,False
Nepal,Solar photovoltaic,OnGrid,2017,1.68,1.68,False,pv,False
Nepal,Solar photovoltaic,OnGrid,2018,1.82,1.82,False,pv,False
Nepal,Solar photovoltaic,OnGrid,2019,1.82,1.82,False,pv,False
Nepal,Solar photovoltaic,OnGrid,2020,11.64,11.64,False,pv,False
Nepal,Solar photovoltaic,OnGrid,2021,36.89,36.89,False,pv,False
Nepal,Solar photovoltaic,OnGrid,2022,55.93,55.93,False,pv,False
Nepal,Solar photovoltaic,OnGrid,2023,61.51,61.51,False,pv,False
Nepal,Solar photovoltaic,OnGrid,2024,114.97,114.97,False,pv,False
Nepal,Onshore wind energy,OnGrid,2000,0.0,-,True,wind,False
Nepal,Onshore wind energy,OnGrid,2001,0.0,-,True,wind,False
Nepal,Onshore wind energy,OnGrid,2002,0.0,-,True,wind,False
Nepal,Onshore wind energy,OnGrid,2003,0.0,-,True,wind,False
Nepal,Onshore wind energy,OnGrid,2004,0.0,-,True,wind,False
Nepal,Onshore wind energy,OnGrid,2005,0.0,-,True,wind,False
Nepal,Onshore wind energy,OnGrid,2006,0.0,-,True,wind,False
Nepal,Onshore wind energy,OnGrid,2007,0.0,-,True,wind,False
Nepal,Onshore wind energy,OnGrid,2008,0.0,-,True,wind,False
Nepal,Onshore wind energy,OnGrid,2009,0.0,-,True,wind,False
Nepal,Onshore wind energy,OnGrid,2010,0.0,-,True,wind,False
Nepal,Onshore wind energy,OnGrid,2011,0.0,-,True,wind,False
Nepal,Onshore wind energy,OnGrid,2012,0.0,-,True,wind,False
Nepal,Onshore wind energy,OnGrid,2013,0.0,-,True,wind,False
Nepal,Onshore wind energy,OnGrid,2014,0.0,-,True,wind,False
Nepal,Onshore wind energy,OnGrid,2015,0.0,-,True,wind,False
Nepal,Onshore wind energy,OnGrid,2016,0.0,-,True,wind,False
Nepal,Onshore wind energy,OnGrid,2017,0.0,-,True,wind,False
Nepal,Onshore wind energy,OnGrid,2018,0.0,-,True,wind,False
Nepal,Onshore wind energy,OnGrid,2019,0.0,-,True,wind,False
Nepal,Onshore wind energy,OnGrid,2020,0.0,-,True,wind,False
Nepal,Onshore wind energy,OnGrid,2021,0.0,-,True,wind,False
Nepal,Onshore wind energy,OnGrid,2022,0.0,-,True,wind,False
Nepal,Onshore wind energy,OnGrid,2023,0.0,-,True,wind,False
Nepal,Onshore wind energy,OnGrid,2024,0.0,-,True,wind,False
Netherlands,Solar photovoltaic,OnGrid,2000,13.0,13,False,pv,False
Netherlands,Solar photovoltaic,OnGrid,2001,21.0,21,False,pv,False
Netherlands,Solar photovoltaic,OnGrid,2002,26.0,26,False,pv,False
Netherlands,Solar photovoltaic,OnGrid,2003,46.0,46,False,pv,False
Netherlands,Solar photovoltaic,OnGrid,2004,50.0,50,False,pv,False
Netherlands,Solar photovoltaic,OnGrid,2005,51.0,51,False,pv,False
Netherlands,Solar photovoltaic,OnGrid,2006,53.0,53,False,pv,False
Netherlands,Solar photovoltaic,OnGrid,2007,54.0,54,False,pv,False
Netherlands,Solar photovoltaic,OnGrid,2008,59.0,59,False,pv,False
Netherlands,Solar photovoltaic,OnGrid,2009,69.0,69,False,pv,False
Netherlands,Solar photovoltaic,OnGrid,2010,90.0,90,False,pv,False
Netherlands,Solar photovoltaic,OnGrid,2011,149.0,149,False,pv,False
Netherlands,Solar photovoltaic,OnGrid,2012,287.0,287,False,pv,False
Netherlands,Solar photovoltaic,OnGrid,2013,650.0,650,False,pv,False
Netherlands,Solar photovoltaic,OnGrid,2014,1007.0,1007,False,pv,False
Netherlands,Solar photovoltaic,OnGrid,2015,1526.26,1526.26,False,pv,False
Netherlands,Solar photovoltaic,OnGrid,2016,2135.02,2135.02,False,pv,False
Netherlands,Solar photovoltaic,OnGrid,2017,2910.89,2910.89,False,pv,False
Netherlands,Solar photovoltaic,OnGrid,2018,4608.0,4608,False,pv,False
Netherlands,Solar photovoltaic,OnGrid,2019,7227.6,7227.6,False,pv,False
Netherlands,Solar photovoltaic,OnGrid,2020,11110.02,11110.02,False,pv,False
Netherlands,Solar photovoltaic,OnGrid,2021,14822.88,14822.88,False,pv,False
Netherlands,Solar photovoltaic,OnGrid,2022,17356.46,17356.46,False,pv,False
Netherlands,Solar photovoltaic,OnGrid,2023,21956.64,21956.64,False,pv,False
Netherlands,Solar photovoltaic,OnGrid,2024,24771.66,24771.66,False,pv,False
Netherlands,Onshore wind energy,OnGrid,2000,447.0,447,False,wind,False
Netherlands,Onshore wind energy,OnGrid,2001,486.0,486,False,wind,False
Netherlands,Onshore wind energy,OnGrid,2002,672.0,672,False,wind,False
Netherlands,Onshore wind energy,OnGrid,2003,905.0,905,False,wind,False
Netherlands,Onshore wind energy,OnGrid,2004,1075.0,1075,False,wind,False
Netherlands,Onshore wind energy,OnGrid,2005,1224.0,1224,False,wind,False
Netherlands,Onshore wind energy,OnGrid,2006,1453.0,1453,False,wind,False
Netherlands,Onshore wind energy,OnGrid,2007,1641.0,1641,False,wind,False
Netherlands,Onshore wind energy,OnGrid,2008,1921.0,1921,False,wind,False
Netherlands,Onshore wind energy,OnGrid,2009,1994.0,1994,False,wind,False
Netherlands,Onshore wind energy,OnGrid,2010,2009.0,2009,False,wind,False
Netherlands,Onshore wind energy,OnGrid,2011,2088.0,2088,False,wind,False
Netherlands,Onshore wind energy,OnGrid,2012,2205.0,2205,False,wind,False
Netherlands,Onshore wind energy,OnGrid,2013,2485.0,2485,False,wind,False
Netherlands,Onshore wind energy,OnGrid,2014,2637.0,2637,False,wind,False
Netherlands,Onshore wind energy,OnGrid,2015,3033.84,3033.84,False,wind,False
Netherlands,Onshore wind energy,OnGrid,2016,3300.12,3300.12,False,wind,False
Netherlands,Onshore wind energy,OnGrid,2017,3245.0,3245,False,wind,False
Netherlands,Onshore wind energy,OnGrid,2018,3436.11,3436.11,False,wind,False
Netherlands,Onshore wind energy,OnGrid,2019,3527.16,3527.16,False,wind,False
Netherlands,Onshore wind energy,OnGrid,2020,4188.38,4188.38,False,wind,False
Netherlands,Onshore wind energy,OnGrid,2021,5186.02,5186.02,False,wind,False
Netherlands,Onshore wind energy,OnGrid,2022,6130.61,6130.61,False,wind,False
Netherlands,Onshore wind energy,OnGrid,2023,6692.12,6692.12,False,wind,False
Netherlands,Onshore wind energy,OnGrid,2024,6955.0,6955,False,wind,False
New Caledon,Solar photovoltaic,OnGrid,2000,0.0,-,True,pv,False
New Caledon,Solar photovoltaic,OnGrid,2001,0.0,-,True,pv,False
New Caledon,Solar photovoltaic,OnGrid,2002,0.0,-,True,pv,False
New Caledon,Solar photovoltaic,OnGrid,2003,0.0,-,True,pv,False
New Caledon,Solar photovoltaic,OnGrid,2004,0.0,-,True,pv,False
New Caledon,Solar photovoltaic,OnGrid,2005,0.06,0.06,False,pv,False
New Caledon,Solar photovoltaic,OnGrid,2006,0.06,0.06,False,pv,False
New Caledon,Solar photovoltaic,OnGrid,2007,0.06,0.06,False,pv,False
New Caledon,Solar photovoltaic,OnGrid,2008,0.06,0.06,False,pv,False
New Caledon,Solar photovoltaic,OnGrid,2009,0.06,0.06,False,pv,False
New Caledon,Solar photovoltaic,OnGrid,2010,2.16,2.16,False,pv,False
New Caledon,Solar photovoltaic,OnGrid,2011,2.69,2.69,False,pv,False
New Caledon,Solar photovoltaic,OnGrid,2012,2.69,2.69,False,pv,False
New Caledon,Solar photovoltaic,OnGrid,2013,2.69,2.69,False,pv,False
New Caledon,Solar photovoltaic,OnGrid,2014,2.94,2.94,False,pv,False
New Caledon,Solar photovoltaic,OnGrid,2015,6.29,6.29,False,pv,False
New Caledon,Solar photovoltaic,OnGrid,2016,9.59,9.59,False,pv,False
New Caledon,Solar photovoltaic,OnGrid,2017,26.73,26.73,False,pv,False
New Caledon,Solar photovoltaic,OnGrid,2018,59.95,59.95,False,pv,False
New Caledon,Solar photovoltaic,OnGrid,2019,103.55,103.55,False,pv,False
New Caledon,Solar photovoltaic,OnGrid,2020,124.52,124.52,False,pv,False
New Caledon,Solar photovoltaic,OnGrid,2021,174.73,174.73,False,pv,False
New Caledon,Solar photovoltaic,OnGrid,2022,209.73,209.73,False,pv,False
New Caledon,Solar photovoltaic,OnGrid,2023,214.53,214.53,False,pv,False
New Caledon,Solar photovoltaic,OnGrid,2024,214.53,214.53,False,pv,False
New Caledon,Onshore wind energy,OnGrid,2000,3.83,3.83,False,wind,False
New Caledon,Onshore wind energy,OnGrid,2001,4.37,4.37,False,wind,False
New Caledon,Onshore wind energy,OnGrid,2002,6.57,6.57,False,wind,False
New Caledon,Onshore wind energy,OnGrid,2003,11.19,11.19,False,wind,False
New Caledon,Onshore wind energy,OnGrid,2004,22.74,22.74,False,wind,False
New Caledon,Onshore wind energy,OnGrid,2005,22.74,22.74,False,wind,False
New Caledon,Onshore wind energy,OnGrid,2006,28.24,28.24,False,wind,False
New Caledon,Onshore wind energy,OnGrid,2007,32.36,32.36,False,wind,False
New Caledon,Onshore wind energy,OnGrid,2008,32.36,32.36,False,wind,False
New Caledon,Onshore wind energy,OnGrid,2009,37.31,37.31,False,wind,False
New Caledon,Onshore wind energy,OnGrid,2010,37.31,37.31,False,wind,False
New Caledon,Onshore wind energy,OnGrid,2011,37.59,37.59,False,wind,False
New Caledon,Onshore wind energy,OnGrid,2012,37.59,37.59,False,wind,False
New Caledon,Onshore wind energy,OnGrid,2013,37.59,37.59,False,wind,False
New Caledon,Onshore wind energy,OnGrid,2014,37.59,37.59,False,wind,False
New Caledon,Onshore wind energy,OnGrid,2015,37.59,37.59,False,wind,False
New Caledon,Onshore wind energy,OnGrid,2016,37.59,37.59,False,wind,False
New Caledon,Onshore wind energy,OnGrid,2017,37.59,37.59,False,wind,False
New Caledon,Onshore wind energy,OnGrid,2018,37.59,37.59,False,wind,False
New Caledon,Onshore wind energy,OnGrid,2019,37.59,37.59,False,wind,False
New Caledon,Onshore wind energy,OnGrid,2020,37.59,37.59,False,wind,False
New Caledon,Onshore wind energy,OnGrid,2021,37.59,37.59,False,wind,False
New Caledon,Onshore wind energy,OnGrid,2022,57.99,57.99,False,wind,False
New Caledon,Onshore wind energy,OnGrid,2023,57.99,57.99,False,wind,False
New Caledon,Onshore wind energy,OnGrid,2024,57.99,57.99,False,wind,False
New Zealand,Solar photovoltaic,OnGrid,2000,0.0,-,True,pv,False
New Zealand,Solar photovoltaic,OnGrid,2001,0.0,-,True,pv,False
New Zealand,Solar photovoltaic,OnGrid,2002,0.0,-,True,pv,False
New Zealand,Solar photovoltaic,OnGrid,2003,0.0,-,True,pv,False
New Zealand,Solar photovoltaic,OnGrid,2004,0.0,-,True,pv,False
New Zealand,Solar photovoltaic,OnGrid,2005,0.0,-,True,pv,False
New Zealand,Solar photovoltaic,OnGrid,2006,0.0,-,True,pv,False
New Zealand,Solar photovoltaic,OnGrid,2007,3.0,3,False,pv,False
New Zealand,Solar photovoltaic,OnGrid,2008,3.0,3,False,pv,False
New Zealand,Solar photovoltaic,OnGrid,2009,3.0,3,False,pv,False
New Zealand,Solar photovoltaic,OnGrid,2010,3.0,3,False,pv,False
New Zealand,Solar photovoltaic,OnGrid,2011,3.0,3,False,pv,False
New Zealand,Solar photovoltaic,OnGrid,2012,4.0,4,False,pv,False
New Zealand,Solar photovoltaic,OnGrid,2013,9.0,9,False,pv,False
New Zealand,Solar photovoltaic,OnGrid,2014,22.0,22,False,pv,False
New Zealand,Solar photovoltaic,OnGrid,2015,37.0,37,False,pv,False
New Zealand,Solar photovoltaic,OnGrid,2016,53.0,53,False,pv,False
New Zealand,Solar photovoltaic,OnGrid,2017,70.65,70.65,False,pv,False
New Zealand,Solar photovoltaic,OnGrid,2018,91.34,91.34,False,pv,False
New Zealand,Solar photovoltaic,OnGrid,2019,114.54,114.54,False,pv,False
New Zealand,Solar photovoltaic,OnGrid,2020,145.1,145.1,False,pv,False
New Zealand,Solar photovoltaic,OnGrid,2021,191.93,191.93,False,pv,False
New Zealand,Solar photovoltaic,OnGrid,2022,262.12,262.12,False,pv,False
New Zealand,Solar photovoltaic,OnGrid,2023,371.04,371.04,False,pv,False
New Zealand,Solar photovoltaic,OnGrid,2024,578.04,578.04,False,pv,False
New Zealand,Onshore wind energy,OnGrid,2000,36.0,36,False,wind,False
New Zealand,Onshore wind energy,OnGrid,2001,36.0,36,False,wind,False
New Zealand,Onshore wind energy,OnGrid,2002,53.0,53,False,wind,False
New Zealand,Onshore wind energy,OnGrid,2003,72.0,72,False,wind,False
New Zealand,Onshore wind energy,OnGrid,2004,166.0,166,False,wind,False
New Zealand,Onshore wind energy,OnGrid,2005,168.0,168,False,wind,False
New Zealand,Onshore wind energy,OnGrid,2006,169.0,169,False,wind,False
New Zealand,Onshore wind energy,OnGrid,2007,320.0,320,False,wind,False
New Zealand,Onshore wind energy,OnGrid,2008,322.0,322,False,wind,False
New Zealand,Onshore wind energy,OnGrid,2009,513.0,513,False,wind,False
New Zealand,Onshore wind energy,OnGrid,2010,540.0,540,False,wind,False
New Zealand,Onshore wind energy,OnGrid,2011,623.0,623,False,wind,False
New Zealand,Onshore wind energy,OnGrid,2012,623.0,623,False,wind,False
New Zealand,Onshore wind energy,OnGrid,2013,623.0,623,False,wind,False
New Zealand,Onshore wind energy,OnGrid,2014,682.0,682,False,wind,False
New Zealand,Onshore wind energy,OnGrid,2015,689.0,689,False,wind,False
New Zealand,Onshore wind energy,OnGrid,2016,690.0,690,False,wind,False
New Zealand,Onshore wind energy,OnGrid,2017,691.0,691,False,wind,False
New Zealand,Onshore wind energy,OnGrid,2018,691.0,691,False,wind,False
New Zealand,Onshore wind energy,OnGrid,2019,691.0,691,False,wind,False
New Zealand,Onshore wind energy,OnGrid,2020,691.0,691,False,wind,False
New Zealand,Onshore wind energy,OnGrid,2021,914.0,914,False,wind,False
New Zealand,Onshore wind energy,OnGrid,2022,948.0,948,False,wind,False
New Zealand,Onshore wind energy,OnGrid,2023,1046.0,1046,False,wind,False
New Zealand,Onshore wind energy,OnGrid,2024,1263.0,1263,False,wind,False
Nicaragua,Solar photovoltaic,OnGrid,2000,0.0,-,True,pv,False
Nicaragua,Solar photovoltaic,OnGrid,2001,0.0,-,True,pv,False
Nicaragua,Solar photovoltaic,OnGrid,2002,0.0,-,True,pv,False
Nicaragua,Solar photovoltaic,OnGrid,2003,0.0,-,True,pv,False
Nicaragua,Solar photovoltaic,OnGrid,2004,0.0,-,True,pv,False
Nicaragua,Solar photovoltaic,OnGrid,2005,0.0,-,True,pv,False
Nicaragua,Solar photovoltaic,OnGrid,2006,0.0,-,True,pv,False
Nicaragua,Solar photovoltaic,OnGrid,2007,0.0,-,True,pv,False
Nicaragua,Solar photovoltaic,OnGrid,2008,0.0,-,True,pv,False
Nicaragua,Solar photovoltaic,OnGrid,2009,0.0,-,True,pv,False
Nicaragua,Solar photovoltaic,OnGrid,2010,0.0,-,True,pv,False
Nicaragua,Solar photovoltaic,OnGrid,2011,0.0,-,True,pv,False
Nicaragua,Solar photovoltaic,OnGrid,2012,0.0,-,True,pv,False
Nicaragua,Solar photovoltaic,OnGrid,2013,0.0,0,False,pv,False
Nicaragua,Solar photovoltaic,OnGrid,2014,1.38,1.38,False,pv,False
Nicaragua,Solar photovoltaic,OnGrid,2015,1.38,1.38,False,pv,False
Nicaragua,Solar photovoltaic,OnGrid,2016,1.38,1.38,False,pv,False
Nicaragua,Solar photovoltaic,OnGrid,2017,13.96,13.96,False,pv,False
Nicaragua,Solar photovoltaic,OnGrid,2018,13.96,13.96,False,pv,False
Nicaragua,Solar photovoltaic,OnGrid,2019,13.96,13.96,False,pv,False
Nicaragua,Solar photovoltaic,OnGrid,2020,13.96,13.96,False,pv,False
Nicaragua,Solar photovoltaic,OnGrid,2021,13.89,13.89,False,pv,False
Nicaragua,Solar photovoltaic,OnGrid,2022,13.89,13.89,False,pv,False
Nicaragua,Solar photovoltaic,OnGrid,2023,13.89,13.89,False,pv,False
Nicaragua,Solar photovoltaic,OnGrid,2024,31.39,31.39,False,pv,False
Nicaragua,Onshore wind energy,OnGrid,2000,0.0,-,True,wind,False
Nicaragua,Onshore wind energy,OnGrid,2001,0.0,-,True,wind,False
Nicaragua,Onshore wind energy,OnGrid,2002,0.0,-,True,wind,False
Nicaragua,Onshore wind energy,OnGrid,2003,0.0,-,True,wind,False
Nicaragua,Onshore wind energy,OnGrid,2004,0.0,-,True,wind,False
Nicaragua,Onshore wind energy,OnGrid,2005,0.0,-,True,wind,False
Nicaragua,Onshore wind energy,OnGrid,2006,0.0,-,True,wind,False
Nicaragua,Onshore wind energy,OnGrid,2007,0.0,-,True,wind,False
Nicaragua,Onshore wind energy,OnGrid,2008,0.0,-,True,wind,False
Nicaragua,Onshore wind energy,OnGrid,2009,39.9,39.9,False,wind,False
Nicaragua,Onshore wind energy,OnGrid,2010,63.0,63,False,wind,False
Nicaragua,Onshore wind energy,OnGrid,2011,63.0,63,False,wind,False
Nicaragua,Onshore wind energy,OnGrid,2012,145.73,145.73,False,wind,False
Nicaragua,Onshore wind energy,OnGrid,2013,146.6,146.6,False,wind,False
Nicaragua,Onshore wind energy,OnGrid,2014,186.2,186.2,False,wind,False
Nicaragua,Onshore wind energy,OnGrid,2015,186.2,186.2,False,wind,False
Nicaragua,Onshore wind energy,OnGrid,2016,186.2,186.2,False,wind,False
Nicaragua,Onshore wind energy,OnGrid,2017,186.2,186.2,False,wind,False
Nicaragua,Onshore wind energy,OnGrid,2018,186.2,186.2,False,wind,False
Nicaragua,Onshore wind energy,OnGrid,2019,186.2,186.2,False,wind,False
Nicaragua,Onshore wind energy,OnGrid,2020,186.2,186.2,False,wind,False
Nicaragua,Onshore wind energy,OnGrid,2021,186.2,186.2,False,wind,False
Nicaragua,Onshore wind energy,OnGrid,2022,186.2,186.2,False,wind,False
Nicaragua,Onshore wind energy,OnGrid,2023,186.2,186.2,False,wind,False
Nicaragua,Onshore wind energy,OnGrid,2024,186.2,186.2,False,wind,False
Niger,Solar photovoltaic,OnGrid,2000,0.0,-,True,pv,False
Niger,Solar photovoltaic,OnGrid,2001,0.0,-,True,pv,False
Niger,Solar photovoltaic,OnGrid,2002,0.0,-,True,pv,False
Niger,Solar photovoltaic,OnGrid,2003,0.0,-,True,pv,False
Niger,Solar photovoltaic,OnGrid,2004,0.0,-,True,pv,False
Niger,Solar photovoltaic,OnGrid,2005,0.0,-,True,pv,False
Niger,Solar photovoltaic,OnGrid,2006,0.0,-,True,pv,False
Niger,Solar photovoltaic,OnGrid,2007,0.0,-,True,pv,False
Niger,Solar photovoltaic,OnGrid,2008,0.0,-,True,pv,False
Niger,Solar photovoltaic,OnGrid,2009,0.0,-,True,pv,False
Niger,Solar photovoltaic,OnGrid,2010,0.0,-,True,pv,False
Niger,Solar photovoltaic,OnGrid,2011,0.0,-,True,pv,False
Niger,Solar photovoltaic,OnGrid,2012,0.0,-,True,pv,False
Niger,Solar photovoltaic,OnGrid,2013,0.0,-,True,pv,False
Niger,Solar photovoltaic,OnGrid,2014,0.0,-,True,pv,False
Niger,Solar photovoltaic,OnGrid,2015,0.0,-,True,pv,False
Niger,Solar photovoltaic,OnGrid,2016,0.0,-,True,pv,False
Niger,Solar photovoltaic,OnGrid,2017,0.0,-,True,pv,False
Niger,Solar photovoltaic,OnGrid,2018,7.0,7,False,pv,False
Niger,Solar photovoltaic,OnGrid,2019,7.0,7,False,pv,False
Niger,Solar photovoltaic,OnGrid,2020,7.0,7,False,pv,False
Niger,Solar photovoltaic,OnGrid,2021,7.0,7,False,pv,False
Niger,Solar photovoltaic,OnGrid,2022,42.0,42,False,pv,False
Niger,Solar photovoltaic,OnGrid,2023,72.0,72,False,pv,False
Niger,Solar photovoltaic,OnGrid,2024,72.0,72,False,pv,False
Niger,Onshore wind energy,OnGrid,2000,0.0,-,True,wind,False
Niger,Onshore wind energy,OnGrid,2001,0.0,-,True,wind,False
Niger,Onshore wind energy,OnGrid,2002,0.0,-,True,wind,False
Niger,Onshore wind energy,OnGrid,2003,0.0,-,True,wind,False
Niger,Onshore wind energy,OnGrid,2004,0.0,-,True,wind,False
Niger,Onshore wind energy,OnGrid,2005,0.0,-,True,wind,False
Niger,Onshore wind energy,OnGrid,2006,0.0,-,True,wind,False
Niger,Onshore wind energy,OnGrid,2007,0.0,-,True,wind,False
Niger,Onshore wind energy,OnGrid,2008,0.0,-,True,wind,False
Niger,Onshore wind energy,OnGrid,2009,0.0,-,True,wind,False
Niger,Onshore wind energy,OnGrid,2010,0.0,-,True,wind,False
Niger,Onshore wind energy,OnGrid,2011,0.0,-,True,wind,False
Niger,Onshore wind energy,OnGrid,2012,0.0,-,True,wind,False
Niger,Onshore wind energy,OnGrid,2013,0.0,-,True,wind,False
Niger,Onshore wind energy,OnGrid,2014,0.0,-,True,wind,False
Niger,Onshore wind energy,OnGrid,2015,0.0,-,True,wind,False
Niger,Onshore wind energy,OnGrid,2016,0.0,-,True,wind,False
Niger,Onshore wind energy,OnGrid,2017,0.0,-,True,wind,False
Niger,Onshore wind energy,OnGrid,2018,0.0,-,True,wind,False
Niger,Onshore wind energy,OnGrid,2019,0.0,-,True,wind,False
Niger,Onshore wind energy,OnGrid,2020,0.0,-,True,wind,False
Niger,Onshore wind energy,OnGrid,2021,0.0,-,True,wind,False
Niger,Onshore wind energy,OnGrid,2022,0.0,-,True,wind,False
Niger,Onshore wind energy,OnGrid,2023,0.0,-,True,wind,False
Niger,Onshore wind energy,OnGrid,2024,0.0,-,True,wind,False
Nigeria,Solar photovoltaic,OnGrid,2000,0.0,-,True,pv,False
Nigeria,Solar photovoltaic,OnGrid,2001,0.0,-,True,pv,False
Nigeria,Solar photovoltaic,OnGrid,2002,0.0,-,True,pv,False
Nigeria,Solar photovoltaic,OnGrid,2003,0.0,-,True,pv,False
Nigeria,Solar photovoltaic,OnGrid,2004,0.0,-,True,pv,False
Nigeria,Solar photovoltaic,OnGrid,2005,0.0,-,True,pv,False
Nigeria,Solar photovoltaic,OnGrid,2006,0.08,0.08,False,pv,False
Nigeria,Solar photovoltaic,OnGrid,2007,0.08,0.08,False,pv,False
Nigeria,Solar photovoltaic,OnGrid,2008,0.08,0.08,False,pv,False
Nigeria,Solar photovoltaic,OnGrid,2009,0.27,0.27,False,pv,False
Nigeria,Solar photovoltaic,OnGrid,2010,0.27,0.27,False,pv,False
Nigeria,Solar photovoltaic,OnGrid,2011,0.27,0.27,False,pv,False
Nigeria,Solar photovoltaic,OnGrid,2012,0.29,0.29,False,pv,False
Nigeria,Solar photovoltaic,OnGrid,2013,0.29,0.29,False,pv,False
Nigeria,Solar photovoltaic,OnGrid,2014,0.3,0.3,False,pv,False
Nigeria,Solar photovoltaic,OnGrid,2015,5.3,5.3,False,pv,False
Nigeria,Solar photovoltaic,OnGrid,2016,8.04,8.04,False,pv,False
Nigeria,Solar photovoltaic,OnGrid,2017,9.1,9.1,False,pv,False
Nigeria,Solar photovoltaic,OnGrid,2018,9.29,9.29,False,pv,False
Nigeria,Solar photovoltaic,OnGrid,2019,17.13,17.13,False,pv,False
Nigeria,Solar photovoltaic,OnGrid,2020,27.3,27.3,False,pv,False
Nigeria,Solar photovoltaic,OnGrid,2021,36.62,36.62,False,pv,False
Nigeria,Solar photovoltaic,OnGrid,2022,51.11,51.11,False,pv,False
Nigeria,Solar photovoltaic,OnGrid,2023,72.12,72.12,False,pv,False
Nigeria,Solar photovoltaic,OnGrid,2024,124.47,124.47,False,pv,False
Nigeria,Onshore wind energy,OnGrid,2000,0.0,-,True,wind,False
Nigeria,Onshore wind energy,OnGrid,2001,0.0,-,True,wind,False
Nigeria,Onshore wind energy,OnGrid,2002,0.0,-,True,wind,False
Nigeria,Onshore wind energy,OnGrid,2003,0.0,-,True,wind,False
Nigeria,Onshore wind energy,OnGrid,2004,0.0,-,True,wind,False
Nigeria,Onshore wind energy,OnGrid,2005,0.0,-,True,wind,False
Nigeria,Onshore wind energy,OnGrid,2006,0.0,-,True,wind,False
Nigeria,Onshore wind energy,OnGrid,2007,0.0,-,True,wind,False
Nigeria,Onshore wind energy,OnGrid,2008,0.0,-,True,wind,False
Nigeria,Onshore wind energy,OnGrid,2009,0.0,-,True,wind,False
Nigeria,Onshore wind energy,OnGrid,2010,0.0,-,True,wind,False
Nigeria,Onshore wind energy,OnGrid,2011,0.0,-,True,wind,False
Nigeria,Onshore wind energy,OnGrid,2012,0.0,-,True,wind,False
Nigeria,Onshore wind energy,OnGrid,2013,0.0,-,True,wind,False
Nigeria,Onshore wind energy,OnGrid,2014,0.0,-,True,wind,False
Nigeria,Onshore wind energy,OnGrid,2015,0.0,-,True,wind,False
Nigeria,Onshore wind energy,OnGrid,2016,0.0,-,True,wind,False
Nigeria,Onshore wind energy,OnGrid,2017,0.0,-,True,wind,False
Nigeria,Onshore wind energy,OnGrid,2018,0.0,-,True,wind,False
Nigeria,Onshore wind energy,OnGrid,2019,0.0,-,True,wind,False
Nigeria,Onshore wind energy,OnGrid,2020,0.0,-,True,wind,False
Nigeria,Onshore wind energy,OnGrid,2021,0.0,-,True,wind,False
Nigeria,Onshore wind energy,OnGrid,2022,0.0,-,True,wind,False
Nigeria,Onshore wind energy,OnGrid,2023,0.0,-,True,wind,False
Nigeria,Onshore wind energy,OnGrid,2024,0.0,-,True,wind,False
Niue,Solar photovoltaic,OnGrid,2000,0.0,-,True,pv,False
Niue,Solar photovoltaic,OnGrid,2001,0.0,-,True,pv,False
Niue,Solar photovoltaic,OnGrid,2002,0.0,-,True,pv,False
Niue,Solar photovoltaic,OnGrid,2003,0.0,-,True,pv,False
Niue,Solar photovoltaic,OnGrid,2004,0.0,-,True,pv,False
Niue,Solar photovoltaic,OnGrid,2005,0.0,-,True,pv,False
Niue,Solar photovoltaic,OnGrid,2006,0.0,-,True,pv,False
Niue,Solar photovoltaic,OnGrid,2007,0.0,-,True,pv,False
Niue,Solar photovoltaic,OnGrid,2008,0.0,-,True,pv,False
Niue,Solar photovoltaic,OnGrid,2009,0.06,0.06,False,pv,False
Niue,Solar photovoltaic,OnGrid,2010,0.06,0.06,False,pv,False
Niue,Solar photovoltaic,OnGrid,2011,0.06,0.06,False,pv,False
Niue,Solar photovoltaic,OnGrid,2012,0.06,0.06,False,pv,False
Niue,Solar photovoltaic,OnGrid,2013,0.06,0.06,False,pv,False
Niue,Solar photovoltaic,OnGrid,2014,0.34,0.34,False,pv,False
Niue,Solar photovoltaic,OnGrid,2015,0.34,0.34,False,pv,False
Niue,Solar photovoltaic,OnGrid,2016,0.34,0.34,False,pv,False
Niue,Solar photovoltaic,OnGrid,2017,0.34,0.34,False,pv,False
Niue,Solar photovoltaic,OnGrid,2018,0.34,0.34,False,pv,False
Niue,Solar photovoltaic,OnGrid,2019,0.94,0.94,False,pv,False
Niue,Solar photovoltaic,OnGrid,2020,0.94,0.94,False,pv,False
Niue,Solar photovoltaic,OnGrid,2021,0.94,0.94,False,pv,False
Niue,Solar photovoltaic,OnGrid,2022,0.94,0.94,False,pv,False
Niue,Solar photovoltaic,OnGrid,2023,0.94,0.94,False,pv,False
Niue,Solar photovoltaic,OnGrid,2024,1.82,1.82,False,pv,False
Niue,Onshore wind energy,OnGrid,2000,0.0,-,True,wind,False
Niue,Onshore wind energy,OnGrid,2001,0.0,-,True,wind,False
Niue,Onshore wind energy,OnGrid,2002,0.0,-,True,wind,False
Niue,Onshore wind energy,OnGrid,2003,0.0,-,True,wind,False
Niue,Onshore wind energy,OnGrid,2004,0.0,-,True,wind,False
Niue,Onshore wind energy,OnGrid,2005,0.0,-,True,wind,False
Niue,Onshore wind energy,OnGrid,2006,0.0,-,True,wind,False
Niue,Onshore wind energy,OnGrid,2007,0.0,-,True,wind,False
Niue,Onshore wind energy,OnGrid,2008,0.0,-,True,wind,False
Niue,Onshore wind energy,OnGrid,2009,0.0,-,True,wind,False
Niue,Onshore wind energy,OnGrid,2010,0.0,-,True,wind,False
Niue,Onshore wind energy,OnGrid,2011,0.0,-,True,wind,False
Niue,Onshore wind energy,OnGrid,2012,0.0,-,True,wind,False
Niue,Onshore wind energy,OnGrid,2013,0.0,-,True,wind,False
Niue,Onshore wind energy,OnGrid,2014,0.0,-,True,wind,False
Niue,Onshore wind energy,OnGrid,2015,0.0,-,True,wind,False
Niue,Onshore wind energy,OnGrid,2016,0.0,-,True,wind,False
Niue,Onshore wind energy,OnGrid,2017,0.0,-,True,wind,False
Niue,Onshore wind energy,OnGrid,2018,0.0,-,True,wind,False
Niue,Onshore wind energy,OnGrid,2019,0.0,-,True,wind,False
Niue,Onshore wind energy,OnGrid,2020,0.0,-,True,wind,False
Niue,Onshore wind energy,OnGrid,2021,0.0,-,True,wind,False
Niue,Onshore wind energy,OnGrid,2022,0.0,-,True,wind,False
Niue,Onshore wind energy,OnGrid,2023,0.0,-,True,wind,False
Niue,Onshore wind energy,OnGrid,2024,0.0,-,True,wind,False
North Macedonia,Solar photovoltaic,OnGrid,2000,0.0,-,True,pv,False
North Macedonia,Solar photovoltaic,OnGrid,2001,0.0,-,True,pv,False
North Macedonia,Solar photovoltaic,OnGrid,2002,0.0,-,True,pv,False
North Macedonia,Solar photovoltaic,OnGrid,2003,0.0,-,True,pv,False
North Macedonia,Solar photovoltaic,OnGrid,2004,0.0,-,True,pv,False
North Macedonia,Solar photovoltaic,OnGrid,2005,0.0,-,True,pv,False
North Macedonia,Solar photovoltaic,OnGrid,2006,0.0,-,True,pv,False
North Macedonia,Solar photovoltaic,OnGrid,2007,0.0,-,True,pv,False
North Macedonia,Solar photovoltaic,OnGrid,2008,0.0,-,True,pv,False
North Macedonia,Solar photovoltaic,OnGrid,2009,0.0,-,True,pv,False
North Macedonia,Solar photovoltaic,OnGrid,2010,0.0,-,True,pv,False
North Macedonia,Solar photovoltaic,OnGrid,2011,2.0,2,False,pv,False
North Macedonia,Solar photovoltaic,OnGrid,2012,4.0,4,False,pv,False
North Macedonia,Solar photovoltaic,OnGrid,2013,7.0,7,False,pv,False
North Macedonia,Solar photovoltaic,OnGrid,2014,15.0,15,False,pv,False
North Macedonia,Solar photovoltaic,OnGrid,2015,16.69,16.69,False,pv,False
North Macedonia,Solar photovoltaic,OnGrid,2016,16.7,16.7,False,pv,False
North Macedonia,Solar photovoltaic,OnGrid,2017,16.7,16.7,False,pv,False
North Macedonia,Solar photovoltaic,OnGrid,2018,16.7,16.7,False,pv,False
North Macedonia,Solar photovoltaic,OnGrid,2019,16.71,16.71,False,pv,False
North Macedonia,Solar photovoltaic,OnGrid,2020,29.72,29.72,False,pv,False
North Macedonia,Solar photovoltaic,OnGrid,2021,45.2,45.2,False,pv,False
North Macedonia,Solar photovoltaic,OnGrid,2022,144.0,144,False,pv,False
North Macedonia,Solar photovoltaic,OnGrid,2023,547.74,547.74,False,pv,False
North Macedonia,Solar photovoltaic,OnGrid,2024,869.32,869.32,False,pv,False
North Macedonia,Onshore wind energy,OnGrid,2000,0.0,-,True,wind,False
North Macedonia,Onshore wind energy,OnGrid,2001,0.0,-,True,wind,False
North Macedonia,Onshore wind energy,OnGrid,2002,0.0,-,True,wind,False
North Macedonia,Onshore wind energy,OnGrid,2003,0.0,-,True,wind,False
North Macedonia,Onshore wind energy,OnGrid,2004,0.0,-,True,wind,False
North Macedonia,Onshore wind energy,OnGrid,2005,0.0,-,True,wind,False
North Macedonia,Onshore wind energy,OnGrid,2006,0.0,-,True,wind,False
North Macedonia,Onshore wind energy,OnGrid,2007,0.0,-,True,wind,False
North Macedonia,Onshore wind energy,OnGrid,2008,0.0,-,True,wind,False
North Macedonia,Onshore wind energy,OnGrid,2009,0.0,-,True,wind,False
North Macedonia,Onshore wind energy,OnGrid,2010,0.0,-,True,wind,False
North Macedonia,Onshore wind energy,OnGrid,2011,0.0,-,True,wind,False
North Macedonia,Onshore wind energy,OnGrid,2012,0.0,-,True,wind,False
North Macedonia,Onshore wind energy,OnGrid,2013,0.0,-,True,wind,False
North Macedonia,Onshore wind energy,OnGrid,2014,36.8,36.8,False,wind,False
North Macedonia,Onshore wind energy,OnGrid,2015,36.8,36.8,False,wind,False
North Macedonia,Onshore wind energy,OnGrid,2016,36.8,36.8,False,wind,False
North Macedonia,Onshore wind energy,OnGrid,2017,36.8,36.8,False,wind,False
North Macedonia,Onshore wind energy,OnGrid,2018,36.8,36.8,False,wind,False
North Macedonia,Onshore wind energy,OnGrid,2019,36.8,36.8,False,wind,False
North Macedonia,Onshore wind energy,OnGrid,2020,36.8,36.8,False,wind,False
North Macedonia,Onshore wind energy,OnGrid,2021,36.8,36.8,False,wind,False
North Macedonia,Onshore wind energy,OnGrid,2022,36.8,36.8,False,wind,False
North Macedonia,Onshore wind energy,OnGrid,2023,72.8,72.8,False,wind,False
North Macedonia,Onshore wind energy,OnGrid,2024,72.8,72.8,False,wind,False
Norway,Solar photovoltaic,OnGrid,2000,0.0,-,True,pv,False
Norway,Solar photovoltaic,OnGrid,2001,0.0,-,True,pv,False
Norway,Solar photovoltaic,OnGrid,2002,0.0,-,True,pv,False
Norway,Solar photovoltaic,OnGrid,2003,0.0,-,True,pv,False
Norway,Solar photovoltaic,OnGrid,2004,0.0,-,True,pv,False
Norway,Solar photovoltaic,OnGrid,2005,0.0,-,True,pv,False
Norway,Solar photovoltaic,OnGrid,2006,0.0,-,True,pv,False
Norway,Solar photovoltaic,OnGrid,2007,0.0,-,True,pv,False
Norway,Solar photovoltaic,OnGrid,2008,8.3,8.3,False,pv,False
Norway,Solar photovoltaic,OnGrid,2009,8.7,8.7,False,pv,False
Norway,Solar photovoltaic,OnGrid,2010,9.1,9.1,False,pv,False
Norway,Solar photovoltaic,OnGrid,2011,9.5,9.5,False,pv,False
Norway,Solar photovoltaic,OnGrid,2012,10.0,10,False,pv,False
Norway,Solar photovoltaic,OnGrid,2013,11.0,11,False,pv,False
Norway,Solar photovoltaic,OnGrid,2014,13.0,13,False,pv,False
Norway,Solar photovoltaic,OnGrid,2015,15.0,15,False,pv,False
Norway,Solar photovoltaic,OnGrid,2016,26.7,26.7,False,pv,False
Norway,Solar photovoltaic,OnGrid,2017,44.9,44.9,False,pv,False
Norway,Solar photovoltaic,OnGrid,2018,68.41,68.41,False,pv,False
Norway,Solar photovoltaic,OnGrid,2019,119.83,119.83,False,pv,False
Norway,Solar photovoltaic,OnGrid,2020,124.28,124.28,False,pv,False
Norway,Solar photovoltaic,OnGrid,2021,165.94,165.94,False,pv,False
Norway,Solar photovoltaic,OnGrid,2022,322.24,322.24,False,pv,False
Norway,Solar photovoltaic,OnGrid,2023,614.96,614.96,False,pv,False
Norway,Solar photovoltaic,OnGrid,2024,767.11,767.11,False,pv,False
Norway,Onshore wind energy,OnGrid,2000,13.0,13,False,wind,False
Norway,Onshore wind energy,OnGrid,2001,13.0,13,False,wind,False
Norway,Onshore wind energy,OnGrid,2002,97.0,97,False,wind,False
Norway,Onshore wind energy,OnGrid,2003,97.0,97,False,wind,False
Norway,Onshore wind energy,OnGrid,2004,152.0,152,False,wind,False
Norway,Onshore wind energy,OnGrid,2005,265.0,265,False,wind,False
Norway,Onshore wind energy,OnGrid,2006,284.0,284,False,wind,False
Norway,Onshore wind energy,OnGrid,2007,348.0,348,False,wind,False
Norway,Onshore wind energy,OnGrid,2008,395.0,395,False,wind,False
Norway,Onshore wind energy,OnGrid,2009,420.7,420.7,False,wind,False
Norway,Onshore wind energy,OnGrid,2010,422.7,422.7,False,wind,False
Norway,Onshore wind energy,OnGrid,2011,509.7,509.7,False,wind,False
Norway,Onshore wind energy,OnGrid,2012,702.7,702.7,False,wind,False
Norway,Onshore wind energy,OnGrid,2013,815.7,815.7,False,wind,False
Norway,Onshore wind energy,OnGrid,2014,856.7,856.7,False,wind,False
Norway,Onshore wind energy,OnGrid,2015,864.7,864.7,False,wind,False
Norway,Onshore wind energy,OnGrid,2016,880.7,880.7,False,wind,False
Norway,Onshore wind energy,OnGrid,2017,1204.7,1204.7,False,wind,False
Norway,Onshore wind energy,OnGrid,2018,1707.7,1707.7,False,wind,False
Norway,Onshore wind energy,OnGrid,2019,2911.7,2911.7,False,wind,False
Norway,Onshore wind energy,OnGrid,2020,4027.7,4027.7,False,wind,False
Norway,Onshore wind energy,OnGrid,2021,5046.7,5046.7,False,wind,False
Norway,Onshore wind energy,OnGrid,2022,5059.7,5059.7,False,wind,False
Norway,Onshore wind energy,OnGrid,2023,5061.7,5061.7,False,wind,False
Norway,Onshore wind energy,OnGrid,2024,5063.0,5063,False,wind,False
Oman,Solar photovoltaic,OnGrid,2000,0.0,-,True,pv,False
Oman,Solar photovoltaic,OnGrid,2001,0.0,-,True,pv,False
Oman,Solar photovoltaic,OnGrid,2002,0.0,-,True,pv,False
Oman,Solar photovoltaic,OnGrid,2003,0.0,-,True,pv,False
Oman,Solar photovoltaic,OnGrid,2004,0.0,-,True,pv,False
Oman,Solar photovoltaic,OnGrid,2005,0.0,-,True,pv,False
Oman,Solar photovoltaic,OnGrid,2006,0.0,-,True,pv,False
Oman,Solar photovoltaic,OnGrid,2007,0.0,-,True,pv,False
Oman,Solar photovoltaic,OnGrid,2008,0.0,-,True,pv,False
Oman,Solar photovoltaic,OnGrid,2009,0.0,-,True,pv,False
Oman,Solar photovoltaic,OnGrid,2010,0.0,-,True,pv,False
Oman,Solar photovoltaic,OnGrid,2011,0.0,-,True,pv,False
Oman,Solar photovoltaic,OnGrid,2012,0.0,-,True,pv,False
Oman,Solar photovoltaic,OnGrid,2013,0.7,0.7,False,pv,False
Oman,Solar photovoltaic,OnGrid,2014,0.7,0.7,False,pv,False
Oman,Solar photovoltaic,OnGrid,2015,2.2,2.2,False,pv,False
Oman,Solar photovoltaic,OnGrid,2016,2.2,2.2,False,pv,False
Oman,Solar photovoltaic,OnGrid,2017,8.2,8.2,False,pv,False
Oman,Solar photovoltaic,OnGrid,2018,25.78,25.78,False,pv,False
Oman,Solar photovoltaic,OnGrid,2019,26.23,26.23,False,pv,False
Oman,Solar photovoltaic,OnGrid,2020,129.08,129.08,False,pv,False
Oman,Solar photovoltaic,OnGrid,2021,155.08,155.08,False,pv,False
Oman,Solar photovoltaic,OnGrid,2022,655.08,655.08,False,pv,False
Oman,Solar photovoltaic,OnGrid,2023,672.08,672.08,False,pv,False
Oman,Solar photovoltaic,OnGrid,2024,672.08,672.08,False,pv,False
Oman,Onshore wind energy,OnGrid,2000,0.0,-,True,wind,False
Oman,Onshore wind energy,OnGrid,2001,0.0,-,True,wind,False
Oman,Onshore wind energy,OnGrid,2002,0.0,-,True,wind,False
Oman,Onshore wind energy,OnGrid,2003,0.0,-,True,wind,False
Oman,Onshore wind energy,OnGrid,2004,0.0,-,True,wind,False
Oman,Onshore wind energy,OnGrid,2005,0.0,-,True,wind,False
Oman,Onshore wind energy,OnGrid,2006,0.0,-,True,wind,False
Oman,Onshore wind energy,OnGrid,2007,0.0,-,True,wind,False
Oman,Onshore wind energy,OnGrid,2008,0.0,-,True,wind,False
Oman,Onshore wind energy,OnGrid,2009,0.0,-,True,wind,False
Oman,Onshore wind energy,OnGrid,2010,0.0,-,True,wind,False
Oman,Onshore wind energy,OnGrid,2011,0.0,-,True,wind,False
Oman,Onshore wind energy,OnGrid,2012,0.0,-,True,wind,False
Oman,Onshore wind energy,OnGrid,2013,0.0,-,True,wind,False
Oman,Onshore wind energy,OnGrid,2014,0.0,-,True,wind,False
Oman,Onshore wind energy,OnGrid,2015,0.0,-,True,wind,False
Oman,Onshore wind energy,OnGrid,2016,0.0,-,True,wind,False
Oman,Onshore wind energy,OnGrid,2017,0.0,-,True,wind,False
Oman,Onshore wind energy,OnGrid,2018,0.0,-,True,wind,False
Oman,Onshore wind energy,OnGrid,2019,50.0,50,False,wind,False
Oman,Onshore wind energy,OnGrid,2020,50.0,50,False,wind,False
Oman,Onshore wind energy,OnGrid,2021,50.0,50,False,wind,False
Oman,Onshore wind energy,OnGrid,2022,50.0,50,False,wind,False
Oman,Onshore wind energy,OnGrid,2023,50.0,50,False,wind,False
Oman,Onshore wind energy,OnGrid,2024,50.0,50,False,wind,False
Pakistan,Solar photovoltaic,OnGrid,2000,0.0,-,True,pv,False
Pakistan,Solar photovoltaic,OnGrid,2001,0.0,-,True,pv,False
Pakistan,Solar photovoltaic,OnGrid,2002,0.0,-,True,pv,False
Pakistan,Solar photovoltaic,OnGrid,2003,0.0,-,True,pv,False
Pakistan,Solar photovoltaic,OnGrid,2004,0.0,-,True,pv,False
Pakistan,Solar photovoltaic,OnGrid,2005,0.0,-,True,pv,False
Pakistan,Solar photovoltaic,OnGrid,2006,0.0,-,True,pv,False
Pakistan,Solar photovoltaic,OnGrid,2007,0.14,0.14,False,pv,False
Pakistan,Solar photovoltaic,OnGrid,2008,1.14,1.14,False,pv,False
Pakistan,Solar photovoltaic,OnGrid,2009,6.67,6.67,False,pv,False
Pakistan,Solar photovoltaic,OnGrid,2010,9.25,9.25,False,pv,False
Pakistan,Solar photovoltaic,OnGrid,2011,18.6,18.6,False,pv,False
Pakistan,Solar photovoltaic,OnGrid,2012,45.57,45.57,False,pv,False
Pakistan,Solar photovoltaic,OnGrid,2013,100.34,100.34,False,pv,False
Pakistan,Solar photovoltaic,OnGrid,2014,164.91,164.91,False,pv,False
Pakistan,Solar photovoltaic,OnGrid,2015,264.91,264.91,False,pv,False
Pakistan,Solar photovoltaic,OnGrid,2016,588.91,588.91,False,pv,False
Pakistan,Solar photovoltaic,OnGrid,2017,642.91,642.91,False,pv,False
Pakistan,Solar photovoltaic,OnGrid,2018,666.91,666.91,False,pv,False
Pakistan,Solar photovoltaic,OnGrid,2019,740.91,740.91,False,pv,False
Pakistan,Solar photovoltaic,OnGrid,2020,1034.91,1034.91,False,pv,False
Pakistan,Solar photovoltaic,OnGrid,2021,1419.66,1419.66,False,pv,False
Pakistan,Solar photovoltaic,OnGrid,2022,2168.16,2168.16,False,pv,False
Pakistan,Solar photovoltaic,OnGrid,2023,3195.91,3195.91,False,pv,False
Pakistan,Solar photovoltaic,OnGrid,2024,3703.51,3703.51,False,pv,False
Pakistan,Onshore wind energy,OnGrid,2000,0.0,-,True,wind,False
Pakistan,Onshore wind energy,OnGrid,2001,0.0,-,True,wind,False
Pakistan,Onshore wind energy,OnGrid,2002,0.0,-,True,wind,False
Pakistan,Onshore wind energy,OnGrid,2003,0.0,-,True,wind,False
Pakistan,Onshore wind energy,OnGrid,2004,0.0,-,True,wind,False
Pakistan,Onshore wind energy,OnGrid,2005,0.0,-,True,wind,False
Pakistan,Onshore wind energy,OnGrid,2006,0.0,-,True,wind,False
Pakistan,Onshore wind energy,OnGrid,2007,0.0,-,True,wind,False
Pakistan,Onshore wind energy,OnGrid,2008,6.0,6,False,wind,False
Pakistan,Onshore wind energy,OnGrid,2009,6.0,6,False,wind,False
Pakistan,Onshore wind energy,OnGrid,2010,6.0,6,False,wind,False
Pakistan,Onshore wind energy,OnGrid,2011,6.0,6,False,wind,False
Pakistan,Onshore wind energy,OnGrid,2012,56.0,56,False,wind,False
Pakistan,Onshore wind energy,OnGrid,2013,105.9,105.9,False,wind,False
Pakistan,Onshore wind energy,OnGrid,2014,205.4,205.4,False,wind,False
Pakistan,Onshore wind energy,OnGrid,2015,308.2,308.2,False,wind,False
Pakistan,Onshore wind energy,OnGrid,2016,590.5,590.5,False,wind,False
Pakistan,Onshore wind energy,OnGrid,2017,789.0,789,False,wind,False
Pakistan,Onshore wind energy,OnGrid,2018,1185.7,1185.7,False,wind,False
Pakistan,Onshore wind energy,OnGrid,2019,1235.7,1235.7,False,wind,False
Pakistan,Onshore wind energy,OnGrid,2020,1235.7,1235.7,False,wind,False
Pakistan,Onshore wind energy,OnGrid,2021,1335.0,1335,False,wind,False
Pakistan,Onshore wind energy,OnGrid,2022,1845.0,1845,False,wind,False
Pakistan,Onshore wind energy,OnGrid,2023,1845.0,1845,False,wind,False
Pakistan,Onshore wind energy,OnGrid,2024,1845.0,1845,False,wind,False
Palau,Solar photovoltaic,OnGrid,2000,0.0,-,True,pv,False
Palau,Solar photovoltaic,OnGrid,2001,0.0,-,True,pv,False
Palau,Solar photovoltaic,OnGrid,2002,0.0,-,True,pv,False
Palau,Solar photovoltaic,OnGrid,2003,0.0,-,True,pv,False
Palau,Solar photovoltaic,OnGrid,2004,0.0,-,True,pv,False
Palau,Solar photovoltaic,OnGrid,2005,0.03,0.03,False,pv,False
Palau,Solar photovoltaic,OnGrid,2006,0.03,0.03,False,pv,False
Palau,Solar photovoltaic,OnGrid,2007,0.03,0.03,False,pv,False
Palau,Solar photovoltaic,OnGrid,2008,0.28,0.28,False,pv,False
Palau,Solar photovoltaic,OnGrid,2009,0.28,0.28,False,pv,False
Palau,Solar photovoltaic,OnGrid,2010,0.29,0.29,False,pv,False
Palau,Solar photovoltaic,OnGrid,2011,0.58,0.58,False,pv,False
Palau,Solar photovoltaic,OnGrid,2012,0.67,0.67,False,pv,False
Palau,Solar photovoltaic,OnGrid,2013,0.75,0.75,False,pv,False
Palau,Solar photovoltaic,OnGrid,2014,1.13,1.13,False,pv,False
Palau,Solar photovoltaic,OnGrid,2015,1.13,1.13,False,pv,False
Palau,Solar photovoltaic,OnGrid,2016,2.3,2.3,False,pv,False
Palau,Solar photovoltaic,OnGrid,2017,2.3,2.3,False,pv,False
Palau,Solar photovoltaic,OnGrid,2018,2.7,2.7,False,pv,False
Palau,Solar photovoltaic,OnGrid,2019,2.38,2.38,False,pv,False
Palau,Solar photovoltaic,OnGrid,2020,2.38,2.38,False,pv,False
Palau,Solar photovoltaic,OnGrid,2021,3.8,3.8,False,pv,False
Palau,Solar photovoltaic,OnGrid,2022,3.8,3.8,False,pv,False
Palau,Solar photovoltaic,OnGrid,2023,19.08,19.08,False,pv,False
Palau,Solar photovoltaic,OnGrid,2024,19.34,19.34,False,pv,False
Palau,Onshore wind energy,OnGrid,2000,0.0,-,True,wind,False
Palau,Onshore wind energy,OnGrid,2001,0.0,-,True,wind,False
Palau,Onshore wind energy,OnGrid,2002,0.0,-,True,wind,False
Palau,Onshore wind energy,OnGrid,2003,0.0,-,True,wind,False
Palau,Onshore wind energy,OnGrid,2004,0.0,-,True,wind,False
Palau,Onshore wind energy,OnGrid,2005,0.0,-,True,wind,False
Palau,Onshore wind energy,OnGrid,2006,0.0,-,True,wind,False
Palau,Onshore wind energy,OnGrid,2007,0.0,-,True,wind,False
Palau,Onshore wind energy,OnGrid,2008,0.0,-,True,wind,False
Palau,Onshore wind energy,OnGrid,2009,0.0,-,True,wind,False
Palau,Onshore wind energy,OnGrid,2010,0.0,-,True,wind,False
Palau,Onshore wind energy,OnGrid,2011,0.0,-,True,wind,False
Palau,Onshore wind energy,OnGrid,2012,0.0,-,True,wind,False
Palau,Onshore wind energy,OnGrid,2013,0.0,-,True,wind,False
Palau,Onshore wind energy,OnGrid,2014,0.0,-,True,wind,False
Palau,Onshore wind energy,OnGrid,2015,0.0,-,True,wind,False
Palau,Onshore wind energy,OnGrid,2016,0.0,-,True,wind,False
Palau,Onshore wind energy,OnGrid,2017,0.0,-,True,wind,False
Palau,Onshore wind energy,OnGrid,2018,0.0,-,True,wind,False
Palau,Onshore wind energy,OnGrid,2019,0.0,-,True,wind,False
Palau,Onshore wind energy,OnGrid,2020,0.0,-,True,wind,False
Palau,Onshore wind energy,OnGrid,2021,0.0,-,True,wind,False
Palau,Onshore wind energy,OnGrid,2022,0.0,-,True,wind,False
Palau,Onshore wind energy,OnGrid,2023,0.0,-,True,wind,False
Palau,Onshore wind energy,OnGrid,2024,0.0,-,True,wind,False
Palestine,Solar photovoltaic,OnGrid,2000,0.0,-,True,pv,False
Palestine,Solar photovoltaic,OnGrid,2001,0.0,-,True,pv,False
Palestine,Solar photovoltaic,OnGrid,2002,0.0,-,True,pv,False
Palestine,Solar photovoltaic,OnGrid,2003,0.0,-,True,pv,False
Palestine,Solar photovoltaic,OnGrid,2004,0.0,-,True,pv,False
Palestine,Solar photovoltaic,OnGrid,2005,0.0,-,True,pv,False
Palestine,Solar photovoltaic,OnGrid,2006,0.0,-,True,pv,False
Palestine,Solar photovoltaic,OnGrid,2007,0.0,-,True,pv,False
Palestine,Solar photovoltaic,OnGrid,2008,0.0,-,True,pv,False
Palestine,Solar photovoltaic,OnGrid,2009,0.0,-,True,pv,False
Palestine,Solar photovoltaic,OnGrid,2010,0.0,-,True,pv,False
Palestine,Solar photovoltaic,OnGrid,2011,0.35,0.35,False,pv,False
Palestine,Solar photovoltaic,OnGrid,2012,0.6,0.6,False,pv,False
Palestine,Solar photovoltaic,OnGrid,2013,0.6,0.6,False,pv,False
Palestine,Solar photovoltaic,OnGrid,2014,3.0,3,False,pv,False
Palestine,Solar photovoltaic,OnGrid,2015,12.0,12,False,pv,False
Palestine,Solar photovoltaic,OnGrid,2016,25.0,25,False,pv,False
Palestine,Solar photovoltaic,OnGrid,2017,35.0,35,False,pv,False
Palestine,Solar photovoltaic,OnGrid,2018,40.0,40,False,pv,False
Palestine,Solar photovoltaic,OnGrid,2019,80.0,80,False,pv,False
Palestine,Solar photovoltaic,OnGrid,2020,115.5,115.5,False,pv,False
Palestine,Solar photovoltaic,OnGrid,2021,176.0,176,False,pv,False
Palestine,Solar photovoltaic,OnGrid,2022,190.0,190,False,pv,False
Palestine,Solar photovoltaic,OnGrid,2023,257.0,257,False,pv,False
Palestine,Solar photovoltaic,OnGrid,2024,300.0,300,False,pv,False
Palestine,Onshore wind energy,OnGrid,2000,0.0,-,True,wind,False
Palestine,Onshore wind energy,OnGrid,2001,0.0,-,True,wind,False
Palestine,Onshore wind energy,OnGrid,2002,0.0,-,True,wind,False
Palestine,Onshore wind energy,OnGrid,2003,0.0,-,True,wind,False
Palestine,Onshore wind energy,OnGrid,2004,0.0,-,True,wind,False
Palestine,Onshore wind energy,OnGrid,2005,0.0,-,True,wind,False
Palestine,Onshore wind energy,OnGrid,2006,0.0,-,True,wind,False
Palestine,Onshore wind energy,OnGrid,2007,0.0,-,True,wind,False
Palestine,Onshore wind energy,OnGrid,2008,0.0,-,True,wind,False
Palestine,Onshore wind energy,OnGrid,2009,0.0,-,True,wind,False
Palestine,Onshore wind energy,OnGrid,2010,0.0,-,True,wind,False
Palestine,Onshore wind energy,OnGrid,2011,0.0,-,True,wind,False
Palestine,Onshore wind energy,OnGrid,2012,0.0,-,True,wind,False
Palestine,Onshore wind energy,OnGrid,2013,0.0,-,True,wind,False
Palestine,Onshore wind energy,OnGrid,2014,0.0,-,True,wind,False
Palestine,Onshore wind energy,OnGrid,2015,0.0,-,True,wind,False
Palestine,Onshore wind energy,OnGrid,2016,0.0,-,True,wind,False
Palestine,Onshore wind energy,OnGrid,2017,0.0,-,True,wind,False
Palestine,Onshore wind energy,OnGrid,2018,0.0,-,True,wind,False
Palestine,Onshore wind energy,OnGrid,2019,0.0,-,True,wind,False
Palestine,Onshore wind energy,OnGrid,2020,0.0,-,True,wind,False
Palestine,Onshore wind energy,OnGrid,2021,0.0,-,True,wind,False
Palestine,Onshore wind energy,OnGrid,2022,0.0,-,True,wind,False
Palestine,Onshore wind energy,OnGrid,2023,0.0,-,True,wind,False
Palestine,Onshore wind energy,OnGrid,2024,0.0,-,True,wind,False
Panama,Solar photovoltaic,OnGrid,2000,0.0,-,True,pv,False
Panama,Solar photovoltaic,OnGrid,2001,0.0,-,True,pv,False
Panama,Solar photovoltaic,OnGrid,2002,0.0,-,True,pv,False
Panama,Solar photovoltaic,OnGrid,2003,0.0,-,True,pv,False
Panama,Solar photovoltaic,OnGrid,2004,0.0,-,True,pv,False
Panama,Solar photovoltaic,OnGrid,2005,0.0,-,True,pv,False
Panama,Solar photovoltaic,OnGrid,2006,0.0,-,True,pv,False
Panama,Solar photovoltaic,OnGrid,2007,0.0,-,True,pv,False
Panama,Solar photovoltaic,OnGrid,2008,0.0,-,True,pv,False
Panama,Solar photovoltaic,OnGrid,2009,0.0,-,True,pv,False
Panama,Solar photovoltaic,OnGrid,2010,0.0,-,True,pv,False
Panama,Solar photovoltaic,OnGrid,2011,0.0,-,True,pv,False
Panama,Solar photovoltaic,OnGrid,2012,0.0,-,True,pv,False
Panama,Solar photovoltaic,OnGrid,2013,0.0,-,True,pv,False
Panama,Solar photovoltaic,OnGrid,2014,2.4,2.4,False,pv,False
Panama,Solar photovoltaic,OnGrid,2015,42.7,42.7,False,pv,False
Panama,Solar photovoltaic,OnGrid,2016,88.53,88.53,False,pv,False
Panama,Solar photovoltaic,OnGrid,2017,126.78,126.78,False,pv,False
Panama,Solar photovoltaic,OnGrid,2018,199.11,199.11,False,pv,False
Panama,Solar photovoltaic,OnGrid,2019,224.61,224.61,False,pv,False
Panama,Solar photovoltaic,OnGrid,2020,235.05,235.05,False,pv,False
Panama,Solar photovoltaic,OnGrid,2021,498.45,498.45,False,pv,False
Panama,Solar photovoltaic,OnGrid,2022,529.17,529.17,False,pv,False
Panama,Solar photovoltaic,OnGrid,2023,646.35,646.35,False,pv,False
Panama,Solar photovoltaic,OnGrid,2024,743.14,743.14,False,pv,False
Panama,Onshore wind energy,OnGrid,2000,0.0,-,True,wind,False
Panama,Onshore wind energy,OnGrid,2001,0.0,-,True,wind,False
Panama,Onshore wind energy,OnGrid,2002,0.0,-,True,wind,False
Panama,Onshore wind energy,OnGrid,2003,0.0,-,True,wind,False
Panama,Onshore wind energy,OnGrid,2004,0.0,-,True,wind,False
Panama,Onshore wind energy,OnGrid,2005,0.0,-,True,wind,False
Panama,Onshore wind energy,OnGrid,2006,0.0,-,True,wind,False
Panama,Onshore wind energy,OnGrid,2007,0.0,-,True,wind,False
Panama,Onshore wind energy,OnGrid,2008,0.0,-,True,wind,False
Panama,Onshore wind energy,OnGrid,2009,0.0,-,True,wind,False
Panama,Onshore wind energy,OnGrid,2010,0.0,-,True,wind,False
Panama,Onshore wind energy,OnGrid,2011,0.0,-,True,wind,False
Panama,Onshore wind energy,OnGrid,2012,0.0,-,True,wind,False
Panama,Onshore wind energy,OnGrid,2013,0.0,-,True,wind,False
Panama,Onshore wind energy,OnGrid,2014,55.0,55,False,wind,False
Panama,Onshore wind energy,OnGrid,2015,205.0,205,False,wind,False
Panama,Onshore wind energy,OnGrid,2016,270.0,270,False,wind,False
Panama,Onshore wind energy,OnGrid,2017,270.0,270,False,wind,False
Panama,Onshore wind energy,OnGrid,2018,270.0,270,False,wind,False
Panama,Onshore wind energy,OnGrid,2019,270.0,270,False,wind,False
Panama,Onshore wind energy,OnGrid,2020,270.0,270,False,wind,False
Panama,Onshore wind energy,OnGrid,2021,270.0,270,False,wind,False
Panama,Onshore wind energy,OnGrid,2022,336.0,336,False,wind,False
Panama,Onshore wind energy,OnGrid,2023,336.0,336,False,wind,False
Panama,Onshore wind energy,OnGrid,2024,336.0,336,False,wind,False
Papua N Guin,Solar photovoltaic,OnGrid,2000,0.0,-,True,pv,False
Papua N Guin,Solar photovoltaic,OnGrid,2001,0.0,-,True,pv,False
Papua N Guin,Solar photovoltaic,OnGrid,2002,0.0,-,True,pv,False
Papua N Guin,Solar photovoltaic,OnGrid,2003,0.0,-,True,pv,False
Papua N Guin,Solar photovoltaic,OnGrid,2004,0.0,-,True,pv,False
Papua N Guin,Solar photovoltaic,OnGrid,2005,0.0,-,True,pv,False
Papua N Guin,Solar photovoltaic,OnGrid,2006,0.0,-,True,pv,False
Papua N Guin,Solar photovoltaic,OnGrid,2007,0.0,-,True,pv,False
Papua N Guin,Solar photovoltaic,OnGrid,2008,0.0,-,True,pv,False
Papua N Guin,Solar photovoltaic,OnGrid,2009,0.0,-,True,pv,False
Papua N Guin,Solar photovoltaic,OnGrid,2010,0.0,-,True,pv,False
Papua N Guin,Solar photovoltaic,OnGrid,2011,0.0,-,True,pv,False
Papua N Guin,Solar photovoltaic,OnGrid,2012,0.0,-,True,pv,False
Papua N Guin,Solar photovoltaic,OnGrid,2013,0.0,-,True,pv,False
Papua N Guin,Solar photovoltaic,OnGrid,2014,0.0,-,True,pv,False
Papua N Guin,Solar photovoltaic,OnGrid,2015,0.0,-,True,pv,False
Papua N Guin,Solar photovoltaic,OnGrid,2016,0.0,-,True,pv,False
Papua N Guin,Solar photovoltaic,OnGrid,2017,0.0,-,True,pv,False
Papua N Guin,Solar photovoltaic,OnGrid,2018,0.3,0.3,False,pv,False
Papua N Guin,Solar photovoltaic,OnGrid,2019,0.3,0.3,False,pv,False
Papua N Guin,Solar photovoltaic,OnGrid,2020,0.3,0.3,False,pv,False
Papua N Guin,Solar photovoltaic,OnGrid,2021,0.3,0.3,False,pv,False
Papua N Guin,Solar photovoltaic,OnGrid,2022,0.45,0.45,False,pv,False
Papua N Guin,Solar photovoltaic,OnGrid,2023,0.45,0.45,False,pv,False
Papua N Guin,Solar photovoltaic,OnGrid,2024,1.45,1.45,False,pv,False
Papua N Guin,Onshore wind energy,OnGrid,2000,0.0,-,True,wind,False
Papua N Guin,Onshore wind energy,OnGrid,2001,0.0,-,True,wind,False
Papua N Guin,Onshore wind energy,OnGrid,2002,0.0,-,True,wind,False
Papua N Guin,Onshore wind energy,OnGrid,2003,0.0,-,True,wind,False
Papua N Guin,Onshore wind energy,OnGrid,2004,0.0,-,True,wind,False
Papua N Guin,Onshore wind energy,OnGrid,2005,0.0,-,True,wind,False
Papua N Guin,Onshore wind energy,OnGrid,2006,0.0,-,True,wind,False
Papua N Guin,Onshore wind energy,OnGrid,2007,0.0,-,True,wind,False
Papua N Guin,Onshore wind energy,OnGrid,2008,0.0,-,True,wind,False
Papua N Guin,Onshore wind energy,OnGrid,2009,0.0,-,True,wind,False
Papua N Guin,Onshore wind energy,OnGrid,2010,0.0,-,True,wind,False
Papua N Guin,Onshore wind energy,OnGrid,2011,0.0,-,True,wind,False
Papua N Guin,Onshore wind energy,OnGrid,2012,0.0,-,True,wind,False
Papua N Guin,Onshore wind energy,OnGrid,2013,0.0,-,True,wind,False
Papua N Guin,Onshore wind energy,OnGrid,2014,0.0,-,True,wind,False
Papua N Guin,Onshore wind energy,OnGrid,2015,0.0,-,True,wind,False
Papua N Guin,Onshore wind energy,OnGrid,2016,0.0,-,True,wind,False
Papua N Guin,Onshore wind energy,OnGrid,2017,0.0,-,True,wind,False
Papua N Guin,Onshore wind energy,OnGrid,2018,0.0,-,True,wind,False
Papua N Guin,Onshore wind energy,OnGrid,2019,0.0,-,True,wind,False
Papua N Guin,Onshore wind energy,OnGrid,2020,0.0,-,True,wind,False
Papua N Guin,Onshore wind energy,OnGrid,2021,0.0,-,True,wind,False
Papua N Guin,Onshore wind energy,OnGrid,2022,0.0,-,True,wind,False
Papua N Guin,Onshore wind energy,OnGrid,2023,0.0,-,True,wind,False
Papua N Guin,Onshore wind energy,OnGrid,2024,0.0,-,True,wind,False
Paraguay,Solar photovoltaic,OnGrid,2000,0.0,-,True,pv,False
Paraguay,Solar photovoltaic,OnGrid,2001,0.0,-,True,pv,False
Paraguay,Solar photovoltaic,OnGrid,2002,0.0,-,True,pv,False
Paraguay,Solar photovoltaic,OnGrid,2003,0.0,-,True,pv,False
Paraguay,Solar photovoltaic,OnGrid,2004,0.0,-,True,pv,False
Paraguay,Solar photovoltaic,OnGrid,2005,0.0,-,True,pv,False
Paraguay,Solar photovoltaic,OnGrid,2006,0.0,-,True,pv,False
Paraguay,Solar photovoltaic,OnGrid,2007,0.0,-,True,pv,False
Paraguay,Solar photovoltaic,OnGrid,2008,0.0,-,True,pv,False
Paraguay,Solar photovoltaic,OnGrid,2009,0.0,-,True,pv,False
Paraguay,Solar photovoltaic,OnGrid,2010,0.0,-,True,pv,False
Paraguay,Solar photovoltaic,OnGrid,2011,0.0,-,True,pv,False
Paraguay,Solar photovoltaic,OnGrid,2012,0.0,-,True,pv,False
Paraguay,Solar photovoltaic,OnGrid,2013,0.0,-,True,pv,False
Paraguay,Solar photovoltaic,OnGrid,2014,0.0,-,True,pv,False
Paraguay,Solar photovoltaic,OnGrid,2015,0.0,-,True,pv,False
Paraguay,Solar photovoltaic,OnGrid,2016,0.0,-,True,pv,False
Paraguay,Solar photovoltaic,OnGrid,2017,0.0,-,True,pv,False
Paraguay,Solar photovoltaic,OnGrid,2018,0.0,-,True,pv,False
Paraguay,Solar photovoltaic,OnGrid,2019,0.0,-,True,pv,False
Paraguay,Solar photovoltaic,OnGrid,2020,0.0,-,True,pv,False
Paraguay,Solar photovoltaic,OnGrid,2021,0.0,-,True,pv,False
Paraguay,Solar photovoltaic,OnGrid,2022,0.0,-,True,pv,False
Paraguay,Solar photovoltaic,OnGrid,2023,0.0,-,True,pv,False
Paraguay,Solar photovoltaic,OnGrid,2024,0.0,-,True,pv,False
Paraguay,Onshore wind energy,OnGrid,2000,0.0,-,True,wind,False
Paraguay,Onshore wind energy,OnGrid,2001,0.0,-,True,wind,False
Paraguay,Onshore wind energy,OnGrid,2002,0.0,-,True,wind,False
Paraguay,Onshore wind energy,OnGrid,2003,0.0,-,True,wind,False
Paraguay,Onshore wind energy,OnGrid,2004,0.0,-,True,wind,False
Paraguay,Onshore wind energy,OnGrid,2005,0.0,-,True,wind,False
Paraguay,Onshore wind energy,OnGrid,2006,0.0,-,True,wind,False
Paraguay,Onshore wind energy,OnGrid,2007,0.0,-,True,wind,False
Paraguay,Onshore wind energy,OnGrid,2008,0.0,-,True,wind,False
Paraguay,Onshore wind energy,OnGrid,2009,0.0,-,True,wind,False
Paraguay,Onshore wind energy,OnGrid,2010,0.0,-,True,wind,False
Paraguay,Onshore wind energy,OnGrid,2011,0.0,-,True,wind,False
Paraguay,Onshore wind energy,OnGrid,2012,0.0,-,True,wind,False
Paraguay,Onshore wind energy,OnGrid,2013,0.0,-,True,wind,False
Paraguay,Onshore wind energy,OnGrid,2014,0.0,-,True,wind,False
Paraguay,Onshore wind energy,OnGrid,2015,0.0,-,True,wind,False
Paraguay,Onshore wind energy,OnGrid,2016,0.0,-,True,wind,False
Paraguay,Onshore wind energy,OnGrid,2017,0.0,-,True,wind,False
Paraguay,Onshore wind energy,OnGrid,2018,0.0,-,True,wind,False
Paraguay,Onshore wind energy,OnGrid,2019,0.0,-,True,wind,False
Paraguay,Onshore wind energy,OnGrid,2020,0.0,-,True,wind,False
Paraguay,Onshore wind energy,OnGrid,2021,0.0,-,True,wind,False
Paraguay,Onshore wind energy,OnGrid,2022,0.0,-,True,wind,False
Paraguay,Onshore wind energy,OnGrid,2023,0.0,-,True,wind,False
Paraguay,Onshore wind energy,OnGrid,2024,0.0,-,True,wind,False
Peru,Solar photovoltaic,OnGrid,2000,0.0,-,True,pv,False
Peru,Solar photovoltaic,OnGrid,2001,0.0,-,True,pv,False
Peru,Solar photovoltaic,OnGrid,2002,0.0,-,True,pv,False
Peru,Solar photovoltaic,OnGrid,2003,0.0,-,True,pv,False
Peru,Solar photovoltaic,OnGrid,2004,0.0,-,True,pv,False
Peru,Solar photovoltaic,OnGrid,2005,0.0,-,True,pv,False
Peru,Solar photovoltaic,OnGrid,2006,0.0,-,True,pv,False
Peru,Solar photovoltaic,OnGrid,2007,0.0,-,True,pv,False
Peru,Solar photovoltaic,OnGrid,2008,0.0,-,True,pv,False
Peru,Solar photovoltaic,OnGrid,2009,0.0,-,True,pv,False
Peru,Solar photovoltaic,OnGrid,2010,0.0,-,True,pv,False
Peru,Solar photovoltaic,OnGrid,2011,0.0,-,True,pv,False
Peru,Solar photovoltaic,OnGrid,2012,80.0,80,False,pv,False
Peru,Solar photovoltaic,OnGrid,2013,80.0,80,False,pv,False
Peru,Solar photovoltaic,OnGrid,2014,96.0,96,False,pv,False
Peru,Solar photovoltaic,OnGrid,2015,96.0,96,False,pv,False
Peru,Solar photovoltaic,OnGrid,2016,100.0,100,False,pv,False
Peru,Solar photovoltaic,OnGrid,2017,244.48,244.48,False,pv,False
Peru,Solar photovoltaic,OnGrid,2018,284.48,284.48,False,pv,False
Peru,Solar photovoltaic,OnGrid,2019,289.02,289.02,False,pv,False
Peru,Solar photovoltaic,OnGrid,2020,289.02,289.02,False,pv,False
Peru,Solar photovoltaic,OnGrid,2021,286.54,286.54,False,pv,False
Peru,Solar photovoltaic,OnGrid,2022,286.5,286.5,False,pv,False
Peru,Solar photovoltaic,OnGrid,2023,401.43,401.43,False,pv,False
Peru,Solar photovoltaic,OnGrid,2024,482.0,482,False,pv,False
Peru,Onshore wind energy,OnGrid,2000,0.0,-,True,wind,False
Peru,Onshore wind energy,OnGrid,2001,0.0,-,True,wind,False
Peru,Onshore wind energy,OnGrid,2002,0.0,-,True,wind,False
Peru,Onshore wind energy,OnGrid,2003,0.0,-,True,wind,False
Peru,Onshore wind energy,OnGrid,2004,0.0,-,True,wind,False
Peru,Onshore wind energy,OnGrid,2005,0.0,-,True,wind,False
Peru,Onshore wind energy,OnGrid,2006,0.0,-,True,wind,False
Peru,Onshore wind energy,OnGrid,2007,0.0,-,True,wind,False
Peru,Onshore wind energy,OnGrid,2008,0.0,-,True,wind,False
Peru,Onshore wind energy,OnGrid,2009,0.0,-,True,wind,False
Peru,Onshore wind energy,OnGrid,2010,0.0,-,True,wind,False
Peru,Onshore wind energy,OnGrid,2011,0.0,-,True,wind,False
Peru,Onshore wind energy,OnGrid,2012,0.0,-,True,wind,False
Peru,Onshore wind energy,OnGrid,2013,0.0,-,True,wind,False
Peru,Onshore wind energy,OnGrid,2014,142.0,142,False,wind,False
Peru,Onshore wind energy,OnGrid,2015,239.1,239.1,False,wind,False
Peru,Onshore wind energy,OnGrid,2016,239.25,239.25,False,wind,False
Peru,Onshore wind energy,OnGrid,2017,239.25,239.25,False,wind,False
Peru,Onshore wind energy,OnGrid,2018,371.55,371.55,False,wind,False
Peru,Onshore wind energy,OnGrid,2019,371.55,371.55,False,wind,False
Peru,Onshore wind energy,OnGrid,2020,408.29,408.29,False,wind,False
Peru,Onshore wind energy,OnGrid,2021,408.29,408.29,False,wind,False
Peru,Onshore wind energy,OnGrid,2022,538.29,538.29,False,wind,False
Peru,Onshore wind energy,OnGrid,2023,1014.99,1014.99,False,wind,False
Peru,Onshore wind energy,OnGrid,2024,1014.99,1014.99,False,wind,False
Philippines,Solar photovoltaic,OnGrid,2000,0.0,-,True,pv,False
Philippines,Solar photovoltaic,OnGrid,2001,0.0,-,True,pv,False
Philippines,Solar photovoltaic,OnGrid,2002,0.0,-,True,pv,False
Philippines,Solar photovoltaic,OnGrid,2003,0.0,-,True,pv,False
Philippines,Solar photovoltaic,OnGrid,2004,1.0,1,False,pv,False
Philippines,Solar photovoltaic,OnGrid,2005,1.0,1,False,pv,False
Philippines,Solar photovoltaic,OnGrid,2006,1.0,1,False,pv,False
Philippines,Solar photovoltaic,OnGrid,2007,1.0,1,False,pv,False
Philippines,Solar photovoltaic,OnGrid,2008,1.0,1,False,pv,False
Philippines,Solar photovoltaic,OnGrid,2009,1.0,1,False,pv,False
Philippines,Solar photovoltaic,OnGrid,2010,1.0,1,False,pv,False
Philippines,Solar photovoltaic,OnGrid,2011,1.1,1.1,False,pv,False
Philippines,Solar photovoltaic,OnGrid,2012,1.7,1.7,False,pv,False
Philippines,Solar photovoltaic,OnGrid,2013,2.8,2.8,False,pv,False
Philippines,Solar photovoltaic,OnGrid,2014,28.75,28.75,False,pv,False
Philippines,Solar photovoltaic,OnGrid,2015,174.1,174.1,False,pv,False
Philippines,Solar photovoltaic,OnGrid,2016,789.85,789.85,False,pv,False
Philippines,Solar photovoltaic,OnGrid,2017,914.5,914.5,False,pv,False
Philippines,Solar photovoltaic,OnGrid,2018,925.57,925.57,False,pv,False
Philippines,Solar photovoltaic,OnGrid,2019,987.83,987.83,False,pv,False
Philippines,Solar photovoltaic,OnGrid,2020,1067.86,1067.86,False,pv,False
Philippines,Solar photovoltaic,OnGrid,2021,1389.92,1389.92,False,pv,False
Philippines,Solar photovoltaic,OnGrid,2022,1642.35,1642.35,False,pv,False
Philippines,Solar photovoltaic,OnGrid,2023,1782.55,1782.55,False,pv,False
Philippines,Solar photovoltaic,OnGrid,2024,2970.57,2970.57,False,pv,False
Philippines,Onshore wind energy,OnGrid,2000,0.0,-,True,wind,False
Philippines,Onshore wind energy,OnGrid,2001,0.0,-,True,wind,False
Philippines,Onshore wind energy,OnGrid,2002,0.0,-,True,wind,False
Philippines,Onshore wind energy,OnGrid,2003,0.0,-,True,wind,False
Philippines,Onshore wind energy,OnGrid,2004,0.0,-,True,wind,False
Philippines,Onshore wind energy,OnGrid,2005,33.0,33,False,wind,False
Philippines,Onshore wind energy,OnGrid,2006,33.0,33,False,wind,False
Philippines,Onshore wind energy,OnGrid,2007,33.0,33,False,wind,False
Philippines,Onshore wind energy,OnGrid,2008,33.0,33,False,wind,False
Philippines,Onshore wind energy,OnGrid,2009,33.0,33,False,wind,False
Philippines,Onshore wind energy,OnGrid,2010,33.0,33,False,wind,False
Philippines,Onshore wind energy,OnGrid,2011,33.0,33,False,wind,False
Philippines,Onshore wind energy,OnGrid,2012,33.0,33,False,wind,False
Philippines,Onshore wind energy,OnGrid,2013,33.0,33,False,wind,False
Philippines,Onshore wind energy,OnGrid,2014,336.9,336.9,False,wind,False
Philippines,Onshore wind energy,OnGrid,2015,426.9,426.9,False,wind,False
Philippines,Onshore wind energy,OnGrid,2016,426.9,426.9,False,wind,False
Philippines,Onshore wind energy,OnGrid,2017,426.9,426.9,False,wind,False
Philippines,Onshore wind energy,OnGrid,2018,426.9,426.9,False,wind,False
Philippines,Onshore wind energy,OnGrid,2019,426.9,426.9,False,wind,False
Philippines,Onshore wind energy,OnGrid,2020,426.9,426.9,False,wind,False
Philippines,Onshore wind energy,OnGrid,2021,426.9,426.9,False,wind,False
Philippines,Onshore wind energy,OnGrid,2022,426.9,426.9,False,wind,False
Philippines,Onshore wind energy,OnGrid,2023,426.9,426.9,False,wind,False
Philippines,Onshore wind energy,OnGrid,2024,426.9,426.9,False,wind,False
Poland,Solar photovoltaic,OnGrid,2000,0.0,-,True,pv,False
Poland,Solar photovoltaic,OnGrid,2001,0.0,-,True,pv,False
Poland,Solar photovoltaic,OnGrid,2002,0.0,-,True,pv,False
Poland,Solar photovoltaic,OnGrid,2003,0.0,-,True,pv,False
Poland,Solar photovoltaic,OnGrid,2004,0.0,-,True,pv,False
Poland,Solar photovoltaic,OnGrid,2005,0.0,-,True,pv,False
Poland,Solar photovoltaic,OnGrid,2006,0.0,-,True,pv,False
Poland,Solar photovoltaic,OnGrid,2007,0.0,-,True,pv,False
Poland,Solar photovoltaic,OnGrid,2008,0.0,-,True,pv,False
Poland,Solar photovoltaic,OnGrid,2009,0.0,-,True,pv,False
Poland,Solar photovoltaic,OnGrid,2010,0.0,-,True,pv,False
Poland,Solar photovoltaic,OnGrid,2011,1.11,1.11,False,pv,False
Poland,Solar photovoltaic,OnGrid,2012,1.3,1.3,False,pv,False
Poland,Solar photovoltaic,OnGrid,2013,2.36,2.36,False,pv,False
Poland,Solar photovoltaic,OnGrid,2014,25.77,25.77,False,pv,False
Poland,Solar photovoltaic,OnGrid,2015,101.51,101.51,False,pv,False
Poland,Solar photovoltaic,OnGrid,2016,176.44,176.44,False,pv,False
Poland,Solar photovoltaic,OnGrid,2017,270.36,270.36,False,pv,False
Poland,Solar photovoltaic,OnGrid,2018,526.37,526.37,False,pv,False
Poland,Solar photovoltaic,OnGrid,2019,1428.19,1428.19,False,pv,False
Poland,Solar photovoltaic,OnGrid,2020,3656.31,3656.31,False,pv,False
Poland,Solar photovoltaic,OnGrid,2021,7090.54,7090.54,False,pv,False
Poland,Solar photovoltaic,OnGrid,2022,11063.36,11063.36,False,pv,False
Poland,Solar photovoltaic,OnGrid,2023,15917.28,15917.28,False,pv,False
Poland,Solar photovoltaic,OnGrid,2024,21721.21,21721.21,False,pv,False
Poland,Onshore wind energy,OnGrid,2000,4.0,4,False,wind,False
Poland,Onshore wind energy,OnGrid,2001,19.0,19,False,wind,False
Poland,Onshore wind energy,OnGrid,2002,32.0,32,False,wind,False
Poland,Onshore wind energy,OnGrid,2003,35.0,35,False,wind,False
Poland,Onshore wind energy,OnGrid,2004,40.0,40,False,wind,False
Poland,Onshore wind energy,OnGrid,2005,121.0,121,False,wind,False
Poland,Onshore wind energy,OnGrid,2006,172.0,172,False,wind,False
Poland,Onshore wind energy,OnGrid,2007,306.0,306,False,wind,False
Poland,Onshore wind energy,OnGrid,2008,526.0,526,False,wind,False
Poland,Onshore wind energy,OnGrid,2009,709.0,709,False,wind,False
Poland,Onshore wind energy,OnGrid,2010,1108.0,1108,False,wind,False
Poland,Onshore wind energy,OnGrid,2011,1800.0,1800,False,wind,False
Poland,Onshore wind energy,OnGrid,2012,2564.0,2564,False,wind,False
Poland,Onshore wind energy,OnGrid,2013,3429.0,3429,False,wind,False
Poland,Onshore wind energy,OnGrid,2014,3836.0,3836,False,wind,False
Poland,Onshore wind energy,OnGrid,2015,4886.0,4886,False,wind,False
Poland,Onshore wind energy,OnGrid,2016,5747.0,5747,False,wind,False
Poland,Onshore wind energy,OnGrid,2017,5759.36,5759.36,False,wind,False
Poland,Onshore wind energy,OnGrid,2018,5766.08,5766.08,False,wind,False
Poland,Onshore wind energy,OnGrid,2019,5837.76,5837.76,False,wind,False
Poland,Onshore wind energy,OnGrid,2020,6298.25,6298.25,False,wind,False
Poland,Onshore wind energy,OnGrid,2021,6967.34,6967.34,False,wind,False
Poland,Onshore wind energy,OnGrid,2022,8150.24,8150.24,False,wind,False
Poland,Onshore wind energy,OnGrid,2023,9343.32,9343.32,False,wind,False
Poland,Onshore wind energy,OnGrid,2024,10151.75,10151.75,False,wind,False
Portugal,Solar photovoltaic,OnGrid,2000,1.0,1,False,pv,False
Portugal,Solar photovoltaic,OnGrid,2001,1.0,1,False,pv,False
Portugal,Solar photovoltaic,OnGrid,2002,1.0,1,False,pv,False
Portugal,Solar photovoltaic,OnGrid,2003,2.0,2,False,pv,False
Portugal,Solar photovoltaic,OnGrid,2004,2.0,2,False,pv,False
Portugal,Solar photovoltaic,OnGrid,2005,2.0,2,False,pv,False
Portugal,Solar photovoltaic,OnGrid,2006,3.0,3,False,pv,False
Portugal,Solar photovoltaic,OnGrid,2007,24.0,24,False,pv,False
Portugal,Solar photovoltaic,OnGrid,2008,59.0,59,False,pv,False
Portugal,Solar photovoltaic,OnGrid,2009,115.0,115,False,pv,False
Portugal,Solar photovoltaic,OnGrid,2010,134.0,134,False,pv,False
Portugal,Solar photovoltaic,OnGrid,2011,172.0,172,False,pv,False
Portugal,Solar photovoltaic,OnGrid,2012,238.0,238,False,pv,False
Portugal,Solar photovoltaic,OnGrid,2013,296.0,296,False,pv,False
Portugal,Solar photovoltaic,OnGrid,2014,415.0,415,False,pv,False
Portugal,Solar photovoltaic,OnGrid,2015,447.0,447,False,pv,False
Portugal,Solar photovoltaic,OnGrid,2016,512.82,512.82,False,pv,False
Portugal,Solar photovoltaic,OnGrid,2017,579.24,579.24,False,pv,False
Portugal,Solar photovoltaic,OnGrid,2018,667.43,667.43,False,pv,False
Portugal,Solar photovoltaic,OnGrid,2019,901.44,901.44,False,pv,False
Portugal,Solar photovoltaic,OnGrid,2020,1100.29,1100.29,False,pv,False
Portugal,Solar photovoltaic,OnGrid,2021,1645.99,1645.99,False,pv,False
Portugal,Solar photovoltaic,OnGrid,2022,2646.26,2646.26,False,pv,False
Portugal,Solar photovoltaic,OnGrid,2023,3868.79,3868.79,False,pv,False
Portugal,Solar photovoltaic,OnGrid,2024,5639.38,5639.38,False,pv,False
Portugal,Onshore wind energy,OnGrid,2000,83.0,83,False,wind,False
Portugal,Onshore wind energy,OnGrid,2001,125.0,125,False,wind,False
Portugal,Onshore wind energy,OnGrid,2002,190.0,190,False,wind,False
Portugal,Onshore wind energy,OnGrid,2003,268.0,268,False,wind,False
Portugal,Onshore wind energy,OnGrid,2004,553.0,553,False,wind,False
Portugal,Onshore wind energy,OnGrid,2005,1064.0,1064,False,wind,False
Portugal,Onshore wind energy,OnGrid,2006,1681.0,1681,False,wind,False
Portugal,Onshore wind energy,OnGrid,2007,2201.0,2201,False,wind,False
Portugal,Onshore wind energy,OnGrid,2008,2857.0,2857,False,wind,False
Portugal,Onshore wind energy,OnGrid,2009,3326.0,3326,False,wind,False
Portugal,Onshore wind energy,OnGrid,2010,3796.0,3796,False,wind,False
Portugal,Onshore wind energy,OnGrid,2011,4254.35,4254.35,False,wind,False
Portugal,Onshore wind energy,OnGrid,2012,4409.55,4409.55,False,wind,False
Portugal,Onshore wind energy,OnGrid,2013,4607.95,4607.95,False,wind,False
Portugal,Onshore wind energy,OnGrid,2014,4854.56,4854.56,False,wind,False
Portugal,Onshore wind energy,OnGrid,2015,4934.84,4934.84,False,wind,False
Portugal,Onshore wind energy,OnGrid,2016,5124.1,5124.1,False,wind,False
Portugal,Onshore wind energy,OnGrid,2017,5124.1,5124.1,False,wind,False
Portugal,Onshore wind energy,OnGrid,2018,5172.36,5172.36,False,wind,False
Portugal,Onshore wind energy,OnGrid,2019,5222.75,5222.75,False,wind,False
Portugal,Onshore wind energy,OnGrid,2020,5097.26,5097.26,False,wind,False
Portugal,Onshore wind energy,OnGrid,2021,5402.33,5402.33,False,wind,False
Portugal,Onshore wind energy,OnGrid,2022,5513.14,5513.14,False,wind,False
Portugal,Onshore wind energy,OnGrid,2023,5513.14,5513.14,False,wind,False
Portugal,Onshore wind energy,OnGrid,2024,5575.47,5575.47,False,wind,False
Puerto Rico,Solar photovoltaic,OnGrid,2000,0.0,-,True,pv,False
Puerto Rico,Solar photovoltaic,OnGrid,2001,0.0,-,True,pv,False
Puerto Rico,Solar photovoltaic,OnGrid,2002,0.0,-,True,pv,False
Puerto Rico,Solar photovoltaic,OnGrid,2003,0.0,-,True,pv,False
Puerto Rico,Solar photovoltaic,OnGrid,2004,0.0,-,True,pv,False
Puerto Rico,Solar photovoltaic,OnGrid,2005,0.0,-,True,pv,False
Puerto Rico,Solar photovoltaic,OnGrid,2006,0.0,-,True,pv,False
Puerto Rico,Solar photovoltaic,OnGrid,2007,0.0,-,True,pv,False
Puerto Rico,Solar photovoltaic,OnGrid,2008,0.0,-,True,pv,False
Puerto Rico,Solar photovoltaic,OnGrid,2009,0.0,0,False,pv,False
Puerto Rico,Solar photovoltaic,OnGrid,2010,4.54,4.54,False,pv,False
Puerto Rico,Solar photovoltaic,OnGrid,2011,18.27,18.27,False,pv,False
Puerto Rico,Solar photovoltaic,OnGrid,2012,43.51,43.51,False,pv,False
Puerto Rico,Solar photovoltaic,OnGrid,2013,73.91,73.91,False,pv,False
Puerto Rico,Solar photovoltaic,OnGrid,2014,78.7,78.7,False,pv,False
Puerto Rico,Solar photovoltaic,OnGrid,2015,208.95,208.95,False,pv,False
Puerto Rico,Solar photovoltaic,OnGrid,2016,243.6,243.6,False,pv,False
Puerto Rico,Solar photovoltaic,OnGrid,2017,302.4,302.4,False,pv,False
Puerto Rico,Solar photovoltaic,OnGrid,2018,305.33,305.33,False,pv,False
Puerto Rico,Solar photovoltaic,OnGrid,2019,336.96,336.96,False,pv,False
Puerto Rico,Solar photovoltaic,OnGrid,2020,381.0,381,False,pv,False
Puerto Rico,Solar photovoltaic,OnGrid,2021,487.53,487.53,False,pv,False
Puerto Rico,Solar photovoltaic,OnGrid,2022,639.34,639.34,False,pv,False
Puerto Rico,Solar photovoltaic,OnGrid,2023,955.15,955.15,False,pv,False
Puerto Rico,Solar photovoltaic,OnGrid,2024,962.6,962.6,False,pv,False
Puerto Rico,Onshore wind energy,OnGrid,2000,0.0,-,True,wind,False
Puerto Rico,Onshore wind energy,OnGrid,2001,0.0,-,True,wind,False
Puerto Rico,Onshore wind energy,OnGrid,2002,0.0,-,True,wind,False
Puerto Rico,Onshore wind energy,OnGrid,2003,0.0,-,True,wind,False
Puerto Rico,Onshore wind energy,OnGrid,2004,0.0,-,True,wind,False
Puerto Rico,Onshore wind energy,OnGrid,2005,0.0,-,True,wind,False
Puerto Rico,Onshore wind energy,OnGrid,2006,0.0,-,True,wind,False
Puerto Rico,Onshore wind energy,OnGrid,2007,0.0,-,True,wind,False
Puerto Rico,Onshore wind energy,OnGrid,2008,0.0,-,True,wind,False
Puerto Rico,Onshore wind energy,OnGrid,2009,0.0,-,True,wind,False
Puerto Rico,Onshore wind energy,OnGrid,2010,0.0,0,False,wind,False
Puerto Rico,Onshore wind energy,OnGrid,2011,0.01,0.01,False,wind,False
Puerto Rico,Onshore wind energy,OnGrid,2012,98.4,98.4,False,wind,False
Puerto Rico,Onshore wind energy,OnGrid,2013,98.4,98.4,False,wind,False
Puerto Rico,Onshore wind energy,OnGrid,2014,99.0,99,False,wind,False
Puerto Rico,Onshore wind energy,OnGrid,2015,99.0,99,False,wind,False
Puerto Rico,Onshore wind energy,OnGrid,2016,99.0,99,False,wind,False
Puerto Rico,Onshore wind energy,OnGrid,2017,99.0,99,False,wind,False
Puerto Rico,Onshore wind energy,OnGrid,2018,99.0,99,False,wind,False
Puerto Rico,Onshore wind energy,OnGrid,2019,99.0,99,False,wind,False
Puerto Rico,Onshore wind energy,OnGrid,2020,99.0,99,False,wind,False
Puerto Rico,Onshore wind energy,OnGrid,2021,99.0,99,False,wind,False
Puerto Rico,Onshore wind energy,OnGrid,2022,99.0,99,False,wind,False
Puerto Rico,Onshore wind energy,OnGrid,2023,99.0,99,False,wind,False
Puerto Rico,Onshore wind energy,OnGrid,2024,127.8,127.8,False,wind,False
Qatar,Solar photovoltaic,OnGrid,2000,0.0,-,True,pv,False
Qatar,Solar photovoltaic,OnGrid,2001,0.0,-,True,pv,False
Qatar,Solar photovoltaic,OnGrid,2002,0.0,-,True,pv,False
Qatar,Solar photovoltaic,OnGrid,2003,0.0,-,True,pv,False
Qatar,Solar photovoltaic,OnGrid,2004,0.0,-,True,pv,False
Qatar,Solar photovoltaic,OnGrid,2005,0.0,-,True,pv,False
Qatar,Solar photovoltaic,OnGrid,2006,0.0,-,True,pv,False
Qatar,Solar photovoltaic,OnGrid,2007,0.0,-,True,pv,False
Qatar,Solar photovoltaic,OnGrid,2008,0.0,-,True,pv,False
Qatar,Solar photovoltaic,OnGrid,2009,0.0,-,True,pv,False
Qatar,Solar photovoltaic,OnGrid,2010,0.0,-,True,pv,False
Qatar,Solar photovoltaic,OnGrid,2011,0.67,0.67,False,pv,False
Qatar,Solar photovoltaic,OnGrid,2012,0.67,0.67,False,pv,False
Qatar,Solar photovoltaic,OnGrid,2013,2.29,2.29,False,pv,False
Qatar,Solar photovoltaic,OnGrid,2014,3.97,3.97,False,pv,False
Qatar,Solar photovoltaic,OnGrid,2015,3.97,3.97,False,pv,False
Qatar,Solar photovoltaic,OnGrid,2016,5.1,5.1,False,pv,False
Qatar,Solar photovoltaic,OnGrid,2017,5.1,5.1,False,pv,False
Qatar,Solar photovoltaic,OnGrid,2018,5.1,5.1,False,pv,False
Qatar,Solar photovoltaic,OnGrid,2019,5.1,5.1,False,pv,False
Qatar,Solar photovoltaic,OnGrid,2020,5.1,5.1,False,pv,False
Qatar,Solar photovoltaic,OnGrid,2021,5.1,5.1,False,pv,False
Qatar,Solar photovoltaic,OnGrid,2022,805.1,805.1,False,pv,False
Qatar,Solar photovoltaic,OnGrid,2023,805.1,805.1,False,pv,False
Qatar,Solar photovoltaic,OnGrid,2024,805.1,805.1,False,pv,False
Qatar,Onshore wind energy,OnGrid,2000,0.0,-,True,wind,False
Qatar,Onshore wind energy,OnGrid,2001,0.0,-,True,wind,False
Qatar,Onshore wind energy,OnGrid,2002,0.0,-,True,wind,False
Qatar,Onshore wind energy,OnGrid,2003,0.0,-,True,wind,False
Qatar,Onshore wind energy,OnGrid,2004,0.0,-,True,wind,False
Qatar,Onshore wind energy,OnGrid,2005,0.0,-,True,wind,False
Qatar,Onshore wind energy,OnGrid,2006,0.0,-,True,wind,False
Qatar,Onshore wind energy,OnGrid,2007,0.0,-,True,wind,False
Qatar,Onshore wind energy,OnGrid,2008,0.0,-,True,wind,False
Qatar,Onshore wind energy,OnGrid,2009,0.0,-,True,wind,False
Qatar,Onshore wind energy,OnGrid,2010,0.0,-,True,wind,False
Qatar,Onshore wind energy,OnGrid,2011,0.0,-,True,wind,False
Qatar,Onshore wind energy,OnGrid,2012,0.0,-,True,wind,False
Qatar,Onshore wind energy,OnGrid,2013,0.0,-,True,wind,False
Qatar,Onshore wind energy,OnGrid,2014,0.0,-,True,wind,False
Qatar,Onshore wind energy,OnGrid,2015,0.0,-,True,wind,False
Qatar,Onshore wind energy,OnGrid,2016,0.0,-,True,wind,False
Qatar,Onshore wind energy,OnGrid,2017,0.0,-,True,wind,False
Qatar,Onshore wind energy,OnGrid,2018,0.0,-,True,wind,False
Qatar,Onshore wind energy,OnGrid,2019,0.0,-,True,wind,False
Qatar,Onshore wind energy,OnGrid,2020,0.0,-,True,wind,False
Qatar,Onshore wind energy,OnGrid,2021,0.0,-,True,wind,False
Qatar,Onshore wind energy,OnGrid,2022,0.0,-,True,wind,False
Qatar,Onshore wind energy,OnGrid,2023,0.0,-,True,wind,False
Qatar,Onshore wind energy,OnGrid,2024,0.0,-,True,wind,False
Reunion,Solar photovoltaic,OnGrid,2000,0.0,-,True,pv,False
Reunion,Solar photovoltaic,OnGrid,2001,0.0,-,True,pv,False
Reunion,Solar photovoltaic,OnGrid,2002,0.0,-,True,pv,False
Reunion,Solar photovoltaic,OnGrid,2003,0.0,-,True,pv,False
Reunion,Solar photovoltaic,OnGrid,2004,0.26,0.26,False,pv,False
Reunion,Solar photovoltaic,OnGrid,2005,1.05,1.05,False,pv,False
Reunion,Solar photovoltaic,OnGrid,2006,3.0,3,False,pv,False
Reunion,Solar photovoltaic,OnGrid,2007,5.8,5.8,False,pv,False
Reunion,Solar photovoltaic,OnGrid,2008,10.0,10,False,pv,False
Reunion,Solar photovoltaic,OnGrid,2009,42.5,42.5,False,pv,False
Reunion,Solar photovoltaic,OnGrid,2010,89.3,89.3,False,pv,False
Reunion,Solar photovoltaic,OnGrid,2011,131.1,131.1,False,pv,False
Reunion,Solar photovoltaic,OnGrid,2012,153.0,153,False,pv,False
Reunion,Solar photovoltaic,OnGrid,2013,156.0,156,False,pv,False
Reunion,Solar photovoltaic,OnGrid,2014,167.0,167,False,pv,False
Reunion,Solar photovoltaic,OnGrid,2015,186.6,186.6,False,pv,False
Reunion,Solar photovoltaic,OnGrid,2016,186.4,186.4,False,pv,False
Reunion,Solar photovoltaic,OnGrid,2017,187.8,187.8,False,pv,False
Reunion,Solar photovoltaic,OnGrid,2018,190.4,190.4,False,pv,False
Reunion,Solar photovoltaic,OnGrid,2019,197.6,197.6,False,pv,False
Reunion,Solar photovoltaic,OnGrid,2020,206.0,206,False,pv,False
Reunion,Solar photovoltaic,OnGrid,2021,223.0,223,False,pv,False
Reunion,Solar photovoltaic,OnGrid,2022,232.8,232.8,False,pv,False
Reunion,Solar photovoltaic,OnGrid,2023,266.2,266.2,False,pv,False
Reunion,Solar photovoltaic,OnGrid,2024,312.0,312,False,pv,False
Reunion,Onshore wind energy,OnGrid,2000,0.0,-,True,wind,False
Reunion,Onshore wind energy,OnGrid,2001,0.0,-,True,wind,False
Reunion,Onshore wind energy,OnGrid,2002,0.0,-,True,wind,False
Reunion,Onshore wind energy,OnGrid,2003,0.0,-,True,wind,False
Reunion,Onshore wind energy,OnGrid,2004,6.6,6.6,False,wind,False
Reunion,Onshore wind energy,OnGrid,2005,10.45,10.45,False,wind,False
Reunion,Onshore wind energy,OnGrid,2006,13.48,13.48,False,wind,False
Reunion,Onshore wind energy,OnGrid,2007,14.83,14.83,False,wind,False
Reunion,Onshore wind energy,OnGrid,2008,14.83,14.83,False,wind,False
Reunion,Onshore wind energy,OnGrid,2009,14.83,14.83,False,wind,False
Reunion,Onshore wind energy,OnGrid,2010,14.83,14.83,False,wind,False
Reunion,Onshore wind energy,OnGrid,2011,14.83,14.83,False,wind,False
Reunion,Onshore wind energy,OnGrid,2012,14.83,14.83,False,wind,False
Reunion,Onshore wind energy,OnGrid,2013,14.83,14.83,False,wind,False
Reunion,Onshore wind energy,OnGrid,2014,14.83,14.83,False,wind,False
Reunion,Onshore wind energy,OnGrid,2015,14.83,14.83,False,wind,False
Reunion,Onshore wind energy,OnGrid,2016,16.5,16.5,False,wind,False
Reunion,Onshore wind energy,OnGrid,2017,16.5,16.5,False,wind,False
Reunion,Onshore wind energy,OnGrid,2018,16.5,16.5,False,wind,False
Reunion,Onshore wind energy,OnGrid,2019,16.5,16.5,False,wind,False
Reunion,Onshore wind energy,OnGrid,2020,16.5,16.5,False,wind,False
Reunion,Onshore wind energy,OnGrid,2021,16.5,16.5,False,wind,False
Reunion,Onshore wind energy,OnGrid,2022,15.1,15.1,False,wind,False
Reunion,Onshore wind energy,OnGrid,2023,8.8,8.8,False,wind,False
Reunion,Onshore wind energy,OnGrid,2024,19.8,19.8,False,wind,False
Romania,Solar photovoltaic,OnGrid,2000,0.0,-,True,pv,False
Romania,Solar photovoltaic,OnGrid,2001,0.0,-,True,pv,False
Romania,Solar photovoltaic,OnGrid,2002,0.0,-,True,pv,False
Romania,Solar photovoltaic,OnGrid,2003,0.0,-,True,pv,False
Romania,Solar photovoltaic,OnGrid,2004,0.0,-,True,pv,False
Romania,Solar photovoltaic,OnGrid,2005,0.0,-,True,pv,False
Romania,Solar photovoltaic,OnGrid,2006,0.0,-,True,pv,False
Romania,Solar photovoltaic,OnGrid,2007,0.0,-,True,pv,False
Romania,Solar photovoltaic,OnGrid,2008,0.1,0.1,False,pv,False
Romania,Solar photovoltaic,OnGrid,2009,0.1,0.1,False,pv,False
Romania,Solar photovoltaic,OnGrid,2010,0.1,0.1,False,pv,False
Romania,Solar photovoltaic,OnGrid,2011,1.0,1,False,pv,False
Romania,Solar photovoltaic,OnGrid,2012,41.0,41,False,pv,False
Romania,Solar photovoltaic,OnGrid,2013,761.0,761,False,pv,False
Romania,Solar photovoltaic,OnGrid,2014,1293.0,1293,False,pv,False
Romania,Solar photovoltaic,OnGrid,2015,1326.0,1326,False,pv,False
Romania,Solar photovoltaic,OnGrid,2016,1372.0,1372,False,pv,False
Romania,Solar photovoltaic,OnGrid,2017,1374.13,1374.13,False,pv,False
Romania,Solar photovoltaic,OnGrid,2018,1385.82,1385.82,False,pv,False
Romania,Solar photovoltaic,OnGrid,2019,1397.71,1397.71,False,pv,False
Romania,Solar photovoltaic,OnGrid,2020,1382.54,1382.54,False,pv,False
Romania,Solar photovoltaic,OnGrid,2021,1393.92,1393.92,False,pv,False
Romania,Solar photovoltaic,OnGrid,2022,1808.93,1808.93,False,pv,False
Romania,Solar photovoltaic,OnGrid,2023,2987.98,2987.98,False,pv,False
Romania,Solar photovoltaic,OnGrid,2024,4257.41,4257.41,False,pv,False
Romania,Onshore wind energy,OnGrid,2000,0.0,-,True,wind,False
Romania,Onshore wind energy,OnGrid,2001,0.0,-,True,wind,False
Romania,Onshore wind energy,OnGrid,2002,0.0,-,True,wind,False
Romania,Onshore wind energy,OnGrid,2003,0.0,-,True,wind,False
Romania,Onshore wind energy,OnGrid,2004,0.0,-,True,wind,False
Romania,Onshore wind energy,OnGrid,2005,1.0,1,False,wind,False
Romania,Onshore wind energy,OnGrid,2006,1.0,1,False,wind,False
Romania,Onshore wind energy,OnGrid,2007,3.0,3,False,wind,False
Romania,Onshore wind energy,OnGrid,2008,5.0,5,False,wind,False
Romania,Onshore wind energy,OnGrid,2009,15.0,15,False,wind,False
Romania,Onshore wind energy,OnGrid,2010,389.0,389,False,wind,False
Romania,Onshore wind energy,OnGrid,2011,988.0,988,False,wind,False
Romania,Onshore wind energy,OnGrid,2012,1822.0,1822,False,wind,False
Romania,Onshore wind energy,OnGrid,2013,2773.0,2773,False,wind,False
Romania,Onshore wind energy,OnGrid,2014,3244.0,3244,False,wind,False
Romania,Onshore wind energy,OnGrid,2015,3130.0,3130,False,wind,False
Romania,Onshore wind energy,OnGrid,2016,3025.0,3025,False,wind,False
Romania,Onshore wind energy,OnGrid,2017,3029.8,3029.8,False,wind,False
Romania,Onshore wind energy,OnGrid,2018,3032.26,3032.26,False,wind,False
Romania,Onshore wind energy,OnGrid,2019,3037.52,3037.52,False,wind,False
Romania,Onshore wind energy,OnGrid,2020,3012.53,3012.53,False,wind,False
Romania,Onshore wind energy,OnGrid,2021,3014.96,3014.96,False,wind,False
Romania,Onshore wind energy,OnGrid,2022,3015.2,3015.2,False,wind,False
Romania,Onshore wind energy,OnGrid,2023,3026.76,3026.76,False,wind,False
Romania,Onshore wind energy,OnGrid,2024,3095.43,3095.43,False,wind,False
Russian Fed,Solar photovoltaic,OnGrid,2000,0.0,-,True,pv,False
Russian Fed,Solar photovoltaic,OnGrid,2001,0.0,-,True,pv,False
Russian Fed,Solar photovoltaic,OnGrid,2002,0.0,-,True,pv,False
Russian Fed,Solar photovoltaic,OnGrid,2003,0.0,-,True,pv,False
Russian Fed,Solar photovoltaic,OnGrid,2004,0.0,-,True,pv,False
Russian Fed,Solar photovoltaic,OnGrid,2005,0.0,-,True,pv,False
Russian Fed,Solar photovoltaic,OnGrid,2006,0.0,-,True,pv,False
Russian Fed,Solar photovoltaic,OnGrid,2007,0.0,-,True,pv,False
Russian Fed,Solar photovoltaic,OnGrid,2008,0.0,-,True,pv,False
Russian Fed,Solar photovoltaic,OnGrid,2009,0.0,-,True,pv,False
Russian Fed,Solar photovoltaic,OnGrid,2010,0.01,0.01,False,pv,False
Russian Fed,Solar photovoltaic,OnGrid,2011,0.02,0.02,False,pv,False
Russian Fed,Solar photovoltaic,OnGrid,2012,0.09,0.09,False,pv,False
Russian Fed,Solar photovoltaic,OnGrid,2013,1.26,1.26,False,pv,False
Russian Fed,Solar photovoltaic,OnGrid,2014,306.4,306.4,False,pv,False
Russian Fed,Solar photovoltaic,OnGrid,2015,362.8,362.8,False,pv,False
Russian Fed,Solar photovoltaic,OnGrid,2016,433.2,433.2,False,pv,False
Russian Fed,Solar photovoltaic,OnGrid,2017,537.8,537.8,False,pv,False
Russian Fed,Solar photovoltaic,OnGrid,2018,827.9,827.9,False,pv,False
Russian Fed,Solar photovoltaic,OnGrid,2019,1425.01,1425.01,False,pv,False
Russian Fed,Solar photovoltaic,OnGrid,2020,1774.21,1774.21,False,pv,False
Russian Fed,Solar photovoltaic,OnGrid,2021,1988.41,1988.41,False,pv,False
Russian Fed,Solar photovoltaic,OnGrid,2022,2148.21,2148.21,False,pv,False
Russian Fed,Solar photovoltaic,OnGrid,2023,1899.05,1899.05,False,pv,False
Russian Fed,Solar photovoltaic,OnGrid,2024,2261.81,2261.81,False,pv,False
Russian Fed,Onshore wind energy,OnGrid,2000,3.0,3,False,wind,False
Russian Fed,Onshore wind energy,OnGrid,2001,3.0,3,False,wind,False
Russian Fed,Onshore wind energy,OnGrid,2002,7.0,7,False,wind,False
Russian Fed,Onshore wind energy,OnGrid,2003,9.0,9,False,wind,False
Russian Fed,Onshore wind energy,OnGrid,2004,9.0,9,False,wind,False
Russian Fed,Onshore wind energy,OnGrid,2005,10.0,10,False,wind,False
Russian Fed,Onshore wind energy,OnGrid,2006,10.0,10,False,wind,False
Russian Fed,Onshore wind energy,OnGrid,2007,10.0,10,False,wind,False
Russian Fed,Onshore wind energy,OnGrid,2008,10.0,10,False,wind,False
Russian Fed,Onshore wind energy,OnGrid,2009,10.0,10,False,wind,False
Russian Fed,Onshore wind energy,OnGrid,2010,10.0,10,False,wind,False
Russian Fed,Onshore wind energy,OnGrid,2011,10.0,10,False,wind,False
Russian Fed,Onshore wind energy,OnGrid,2012,10.0,10,False,wind,False
Russian Fed,Onshore wind energy,OnGrid,2013,10.0,10,False,wind,False
Russian Fed,Onshore wind energy,OnGrid,2014,98.9,98.9,False,wind,False
Russian Fed,Onshore wind energy,OnGrid,2015,103.3,103.3,False,wind,False
Russian Fed,Onshore wind energy,OnGrid,2016,105.6,105.6,False,wind,False
Russian Fed,Onshore wind energy,OnGrid,2017,140.7,140.7,False,wind,False
Russian Fed,Onshore wind energy,OnGrid,2018,196.2,196.2,False,wind,False
Russian Fed,Onshore wind energy,OnGrid,2019,197.1,197.1,False,wind,False
Russian Fed,Onshore wind energy,OnGrid,2020,1040.5,1040.5,False,wind,False
Russian Fed,Onshore wind energy,OnGrid,2021,2049.5,2049.5,False,wind,False
Russian Fed,Onshore wind energy,OnGrid,2022,2280.4,2280.4,False,wind,False
Russian Fed,Onshore wind energy,OnGrid,2023,2532.4,2532.4,False,wind,False
Russian Fed,Onshore wind energy,OnGrid,2024,2566.7,2566.7,False,wind,False
Rwanda,Solar photovoltaic,OnGrid,2000,0.0,-,True,pv,False
Rwanda,Solar photovoltaic,OnGrid,2001,0.0,-,True,pv,False
Rwanda,Solar photovoltaic,OnGrid,2002,0.0,-,True,pv,False
Rwanda,Solar photovoltaic,OnGrid,2003,0.0,-,True,pv,False
Rwanda,Solar photovoltaic,OnGrid,2004,0.0,-,True,pv,False
Rwanda,Solar photovoltaic,OnGrid,2005,0.0,-,True,pv,False
Rwanda,Solar photovoltaic,OnGrid,2006,0.0,-,True,pv,False
Rwanda,Solar photovoltaic,OnGrid,2007,0.25,0.25,False,pv,False
Rwanda,Solar photovoltaic,OnGrid,2008,0.25,0.25,False,pv,False
Rwanda,Solar photovoltaic,OnGrid,2009,0.25,0.25,False,pv,False
Rwanda,Solar photovoltaic,OnGrid,2010,0.25,0.25,False,pv,False
Rwanda,Solar photovoltaic,OnGrid,2011,0.25,0.25,False,pv,False
Rwanda,Solar photovoltaic,OnGrid,2012,0.25,0.25,False,pv,False
Rwanda,Solar photovoltaic,OnGrid,2013,0.25,0.25,False,pv,False
Rwanda,Solar photovoltaic,OnGrid,2014,9.0,9,False,pv,False
Rwanda,Solar photovoltaic,OnGrid,2015,9.05,9.05,False,pv,False
Rwanda,Solar photovoltaic,OnGrid,2016,9.05,9.05,False,pv,False
Rwanda,Solar photovoltaic,OnGrid,2017,12.35,12.35,False,pv,False
Rwanda,Solar photovoltaic,OnGrid,2018,12.35,12.35,False,pv,False
Rwanda,Solar photovoltaic,OnGrid,2019,12.35,12.35,False,pv,False
Rwanda,Solar photovoltaic,OnGrid,2020,12.35,12.35,False,pv,False
Rwanda,Solar photovoltaic,OnGrid,2021,12.35,12.35,False,pv,False
Rwanda,Solar photovoltaic,OnGrid,2022,12.35,12.35,False,pv,False
Rwanda,Solar photovoltaic,OnGrid,2023,12.35,12.35,False,pv,False
Rwanda,Solar photovoltaic,OnGrid,2024,12.35,12.35,False,pv,False
Rwanda,Onshore wind energy,OnGrid,2000,0.0,-,True,wind,False
Rwanda,Onshore wind energy,OnGrid,2001,0.0,-,True,wind,False
Rwanda,Onshore wind energy,OnGrid,2002,0.0,-,True,wind,False
Rwanda,Onshore wind energy,OnGrid,2003,0.0,-,True,wind,False
Rwanda,Onshore wind energy,OnGrid,2004,0.0,-,True,wind,False
Rwanda,Onshore wind energy,OnGrid,2005,0.0,-,True,wind,False
Rwanda,Onshore wind energy,OnGrid,2006,0.0,-,True,wind,False
Rwanda,Onshore wind energy,OnGrid,2007,0.0,-,True,wind,False
Rwanda,Onshore wind energy,OnGrid,2008,0.0,-,True,wind,False
Rwanda,Onshore wind energy,OnGrid,2009,0.0,-,True,wind,False
Rwanda,Onshore wind energy,OnGrid,2010,0.0,-,True,wind,False
Rwanda,Onshore wind energy,OnGrid,2011,0.0,-,True,wind,False
Rwanda,Onshore wind energy,OnGrid,2012,0.0,-,True,wind,False
Rwanda,Onshore wind energy,OnGrid,2013,0.0,-,True,wind,False
Rwanda,Onshore wind energy,OnGrid,2014,0.0,-,True,wind,False
Rwanda,Onshore wind energy,OnGrid,2015,0.0,-,True,wind,False
Rwanda,Onshore wind energy,OnGrid,2016,0.0,-,True,wind,False
Rwanda,Onshore wind energy,OnGrid,2017,0.0,-,True,wind,False
Rwanda,Onshore wind energy,OnGrid,2018,0.0,-,True,wind,False
Rwanda,Onshore wind energy,OnGrid,2019,0.0,-,True,wind,False
Rwanda,Onshore wind energy,OnGrid,2020,0.0,-,True,wind,False
Rwanda,Onshore wind energy,OnGrid,2021,0.0,-,True,wind,False
Rwanda,Onshore wind energy,OnGrid,2022,0.0,-,True,wind,False
Rwanda,Onshore wind energy,OnGrid,2023,0.0,-,True,wind,False
Rwanda,Onshore wind energy,OnGrid,2024,0.0,-,True,wind,False
Samoa,Solar photovoltaic,OnGrid,2000,0.0,-,True,pv,False
Samoa,Solar photovoltaic,OnGrid,2001,0.0,-,True,pv,False
Samoa,Solar photovoltaic,OnGrid,2002,0.0,-,True,pv,False
Samoa,Solar photovoltaic,OnGrid,2003,0.0,-,True,pv,False
Samoa,Solar photovoltaic,OnGrid,2004,0.0,-,True,pv,False
Samoa,Solar photovoltaic,OnGrid,2005,0.0,-,True,pv,False
Samoa,Solar photovoltaic,OnGrid,2006,0.0,-,True,pv,False
Samoa,Solar photovoltaic,OnGrid,2007,0.01,0.01,False,pv,False
Samoa,Solar photovoltaic,OnGrid,2008,0.01,0.01,False,pv,False
Samoa,Solar photovoltaic,OnGrid,2009,0.01,0.01,False,pv,False
Samoa,Solar photovoltaic,OnGrid,2010,0.01,0.01,False,pv,False
Samoa,Solar photovoltaic,OnGrid,2011,0.01,0.01,False,pv,False
Samoa,Solar photovoltaic,OnGrid,2012,0.31,0.31,False,pv,False
Samoa,Solar photovoltaic,OnGrid,2013,0.31,0.31,False,pv,False
Samoa,Solar photovoltaic,OnGrid,2014,3.15,3.15,False,pv,False
Samoa,Solar photovoltaic,OnGrid,2015,7.85,7.85,False,pv,False
Samoa,Solar photovoltaic,OnGrid,2016,13.93,13.93,False,pv,False
Samoa,Solar photovoltaic,OnGrid,2017,13.93,13.93,False,pv,False
Samoa,Solar photovoltaic,OnGrid,2018,15.73,15.73,False,pv,False
Samoa,Solar photovoltaic,OnGrid,2019,15.73,15.73,False,pv,False
Samoa,Solar photovoltaic,OnGrid,2020,15.73,15.73,False,pv,False
Samoa,Solar photovoltaic,OnGrid,2021,15.73,15.73,False,pv,False
Samoa,Solar photovoltaic,OnGrid,2022,15.73,15.73,False,pv,False
Samoa,Solar photovoltaic,OnGrid,2023,15.73,15.73,False,pv,False
Samoa,Solar photovoltaic,OnGrid,2024,15.73,15.73,False,pv,False
Samoa,Onshore wind energy,OnGrid,2000,0.0,-,True,wind,False
Samoa,Onshore wind energy,OnGrid,2001,0.0,-,True,wind,False
Samoa,Onshore wind energy,OnGrid,2002,0.0,-,True,wind,False
Samoa,Onshore wind energy,OnGrid,2003,0.0,-,True,wind,False
Samoa,Onshore wind energy,OnGrid,2004,0.0,-,True,wind,False
Samoa,Onshore wind energy,OnGrid,2005,0.0,-,True,wind,False
Samoa,Onshore wind energy,OnGrid,2006,0.0,-,True,wind,False
Samoa,Onshore wind energy,OnGrid,2007,0.0,-,True,wind,False
Samoa,Onshore wind energy,OnGrid,2008,0.0,-,True,wind,False
Samoa,Onshore wind energy,OnGrid,2009,0.0,-,True,wind,False
Samoa,Onshore wind energy,OnGrid,2010,0.0,-,True,wind,False
Samoa,Onshore wind energy,OnGrid,2011,0.0,-,True,wind,False
Samoa,Onshore wind energy,OnGrid,2012,0.0,-,True,wind,False
Samoa,Onshore wind energy,OnGrid,2013,0.0,-,True,wind,False
Samoa,Onshore wind energy,OnGrid,2014,0.55,0.55,False,wind,False
Samoa,Onshore wind energy,OnGrid,2015,0.55,0.55,False,wind,False
Samoa,Onshore wind energy,OnGrid,2016,0.55,0.55,False,wind,False
Samoa,Onshore wind energy,OnGrid,2017,0.55,0.55,False,wind,False
Samoa,Onshore wind energy,OnGrid,2018,0.55,0.55,False,wind,False
Samoa,Onshore wind energy,OnGrid,2019,0.55,0.55,False,wind,False
Samoa,Onshore wind energy,OnGrid,2020,0.55,0.55,False,wind,False
Samoa,Onshore wind energy,OnGrid,2021,0.55,0.55,False,wind,False
Samoa,Onshore wind energy,OnGrid,2022,0.55,0.55,False,wind,False
Samoa,Onshore wind energy,OnGrid,2023,0.55,0.55,False,wind,False
Samoa,Onshore wind energy,OnGrid,2024,0.55,0.55,False,wind,False
Sao Tome Prn,Solar photovoltaic,OnGrid,2000,0.0,-,True,pv,False
Sao Tome Prn,Solar photovoltaic,OnGrid,2001,0.0,-,True,pv,False
Sao Tome Prn,Solar photovoltaic,OnGrid,2002,0.0,-,True,pv,False
Sao Tome Prn,Solar photovoltaic,OnGrid,2003,0.0,-,True,pv,False
Sao Tome Prn,Solar photovoltaic,OnGrid,2004,0.0,-,True,pv,False
Sao Tome Prn,Solar photovoltaic,OnGrid,2005,0.0,-,True,pv,False
Sao Tome Prn,Solar photovoltaic,OnGrid,2006,0.0,-,True,pv,False
Sao Tome Prn,Solar photovoltaic,OnGrid,2007,0.0,-,True,pv,False
Sao Tome Prn,Solar photovoltaic,OnGrid,2008,0.0,-,True,pv,False
Sao Tome Prn,Solar photovoltaic,OnGrid,2009,0.0,-,True,pv,False
Sao Tome Prn,Solar photovoltaic,OnGrid,2010,0.0,-,True,pv,False
Sao Tome Prn,Solar photovoltaic,OnGrid,2011,0.0,-,True,pv,False
Sao Tome Prn,Solar photovoltaic,OnGrid,2012,0.0,-,True,pv,False
Sao Tome Prn,Solar photovoltaic,OnGrid,2013,0.0,-,True,pv,False
Sao Tome Prn,Solar photovoltaic,OnGrid,2014,0.0,-,True,pv,False
Sao Tome Prn,Solar photovoltaic,OnGrid,2015,0.0,-,True,pv,False
Sao Tome Prn,Solar photovoltaic,OnGrid,2016,0.0,-,True,pv,False
Sao Tome Prn,Solar photovoltaic,OnGrid,2017,0.0,-,True,pv,False
Sao Tome Prn,Solar photovoltaic,OnGrid,2018,0.0,-,True,pv,False
Sao Tome Prn,Solar photovoltaic,OnGrid,2019,0.0,-,True,pv,False
Sao Tome Prn,Solar photovoltaic,OnGrid,2020,0.0,-,True,pv,False
Sao Tome Prn,Solar photovoltaic,OnGrid,2021,0.0,-,True,pv,False
Sao Tome Prn,Solar photovoltaic,OnGrid,2022,0.0,-,True,pv,False
Sao Tome Prn,Solar photovoltaic,OnGrid,2023,0.5,0.5,False,pv,False
Sao Tome Prn,Solar photovoltaic,OnGrid,2024,0.5,0.5,False,pv,False
Sao Tome Prn,Onshore wind energy,OnGrid,2000,0.0,-,True,wind,False
Sao Tome Prn,Onshore wind energy,OnGrid,2001,0.0,-,True,wind,False
Sao Tome Prn,Onshore wind energy,OnGrid,2002,0.0,-,True,wind,False
Sao Tome Prn,Onshore wind energy,OnGrid,2003,0.0,-,True,wind,False
Sao Tome Prn,Onshore wind energy,OnGrid,2004,0.0,-,True,wind,False
Sao Tome Prn,Onshore wind energy,OnGrid,2005,0.0,-,True,wind,False
Sao Tome Prn,Onshore wind energy,OnGrid,2006,0.0,-,True,wind,False
Sao Tome Prn,Onshore wind energy,OnGrid,2007,0.0,-,True,wind,False
Sao Tome Prn,Onshore wind energy,OnGrid,2008,0.0,-,True,wind,False
Sao Tome Prn,Onshore wind energy,OnGrid,2009,0.0,-,True,wind,False
Sao Tome Prn,Onshore wind energy,OnGrid,2010,0.0,-,True,wind,False
Sao Tome Prn,Onshore wind energy,OnGrid,2011,0.0,-,True,wind,False
Sao Tome Prn,Onshore wind energy,OnGrid,2012,0.0,-,True,wind,False
Sao Tome Prn,Onshore wind energy,OnGrid,2013,0.0,-,True,wind,False
Sao Tome Prn,Onshore wind energy,OnGrid,2014,0.0,-,True,wind,False
Sao Tome Prn,Onshore wind energy,OnGrid,2015,0.0,-,True,wind,False
Sao Tome Prn,Onshore wind energy,OnGrid,2016,0.0,-,True,wind,False
Sao Tome Prn,Onshore wind energy,OnGrid,2017,0.0,-,True,wind,False
Sao Tome Prn,Onshore wind energy,OnGrid,2018,0.0,-,True,wind,False
Sao Tome Prn,Onshore wind energy,OnGrid,2019,0.0,-,True,wind,False
Sao Tome Prn,Onshore wind energy,OnGrid,2020,0.0,-,True,wind,False
Sao Tome Prn,Onshore wind energy,OnGrid,2021,0.0,-,True,wind,False
Sao Tome Prn,Onshore wind energy,OnGrid,2022,0.0,-,True,wind,False
Sao Tome Prn,Onshore wind energy,OnGrid,2023,0.0,-,True,wind,False
Sao Tome Prn,Onshore wind energy,OnGrid,2024,0.0,-,True,wind,False
Saudi Arabia,Solar photovoltaic,OnGrid,2000,0.35,0.35,False,pv,False
Saudi Arabia,Solar photovoltaic,OnGrid,2001,0.35,0.35,False,pv,False
Saudi Arabia,Solar photovoltaic,OnGrid,2002,0.35,0.35,False,pv,False
Saudi Arabia,Solar photovoltaic,OnGrid,2003,0.35,0.35,False,pv,False
Saudi Arabia,Solar photovoltaic,OnGrid,2004,0.35,0.35,False,pv,False
Saudi Arabia,Solar photovoltaic,OnGrid,2005,0.35,0.35,False,pv,False
Saudi Arabia,Solar photovoltaic,OnGrid,2006,0.35,0.35,False,pv,False
Saudi Arabia,Solar photovoltaic,OnGrid,2007,0.35,0.35,False,pv,False
Saudi Arabia,Solar photovoltaic,OnGrid,2008,0.35,0.35,False,pv,False
Saudi Arabia,Solar photovoltaic,OnGrid,2009,0.35,0.35,False,pv,False
Saudi Arabia,Solar photovoltaic,OnGrid,2010,2.35,2.35,False,pv,False
Saudi Arabia,Solar photovoltaic,OnGrid,2011,2.85,2.85,False,pv,False
Saudi Arabia,Solar photovoltaic,OnGrid,2012,13.55,13.55,False,pv,False
Saudi Arabia,Solar photovoltaic,OnGrid,2013,22.45,22.45,False,pv,False
Saudi Arabia,Solar photovoltaic,OnGrid,2014,24.25,24.25,False,pv,False
Saudi Arabia,Solar photovoltaic,OnGrid,2015,24.25,24.25,False,pv,False
Saudi Arabia,Solar photovoltaic,OnGrid,2016,24.25,24.25,False,pv,False
Saudi Arabia,Solar photovoltaic,OnGrid,2017,34.37,34.37,False,pv,False
Saudi Arabia,Solar photovoltaic,OnGrid,2018,34.37,34.37,False,pv,False
Saudi Arabia,Solar photovoltaic,OnGrid,2019,59.37,59.37,False,pv,False
Saudi Arabia,Solar photovoltaic,OnGrid,2020,359.37,359.37,False,pv,False
Saudi Arabia,Solar photovoltaic,OnGrid,2021,389.37,389.37,False,pv,False
Saudi Arabia,Solar photovoltaic,OnGrid,2022,389.87,389.87,False,pv,False
Saudi Arabia,Solar photovoltaic,OnGrid,2023,2389.87,2389.87,False,pv,False
Saudi Arabia,Solar photovoltaic,OnGrid,2024,6151.0,6151,False,pv,False
Saudi Arabia,Onshore wind energy,OnGrid,2000,0.0,-,True,wind,False
Saudi Arabia,Onshore wind energy,OnGrid,2001,0.0,-,True,wind,False
Saudi Arabia,Onshore wind energy,OnGrid,2002,0.0,-,True,wind,False
Saudi Arabia,Onshore wind energy,OnGrid,2003,0.0,-,True,wind,False
Saudi Arabia,Onshore wind energy,OnGrid,2004,0.0,-,True,wind,False
Saudi Arabia,Onshore wind energy,OnGrid,2005,0.0,-,True,wind,False
Saudi Arabia,Onshore wind energy,OnGrid,2006,0.0,-,True,wind,False
Saudi Arabia,Onshore wind energy,OnGrid,2007,0.0,-,True,wind,False
Saudi Arabia,Onshore wind energy,OnGrid,2008,0.0,-,True,wind,False
Saudi Arabia,Onshore wind energy,OnGrid,2009,0.0,-,True,wind,False
Saudi Arabia,Onshore wind energy,OnGrid,2010,0.0,-,True,wind,False
Saudi Arabia,Onshore wind energy,OnGrid,2011,0.0,-,True,wind,False
Saudi Arabia,Onshore wind energy,OnGrid,2012,0.0,-,True,wind,False
Saudi Arabia,Onshore wind energy,OnGrid,2013,0.0,-,True,wind,False
Saudi Arabia,Onshore wind energy,OnGrid,2014,0.0,-,True,wind,False
Saudi Arabia,Onshore wind energy,OnGrid,2015,0.0,-,True,wind,False
Saudi Arabia,Onshore wind energy,OnGrid,2016,0.0,-,True,wind,False
Saudi Arabia,Onshore wind energy,OnGrid,2017,3.0,3,False,wind,False
Saudi Arabia,Onshore wind energy,OnGrid,2018,3.0,3,False,wind,False
Saudi Arabia,Onshore wind energy,OnGrid,2019,3.0,3,False,wind,False
Saudi Arabia,Onshore wind energy,OnGrid,2020,3.0,3,False,wind,False
Saudi Arabia,Onshore wind energy,OnGrid,2021,3.0,3,False,wind,False
Saudi Arabia,Onshore wind energy,OnGrid,2022,400.0,400,False,wind,False
Saudi Arabia,Onshore wind energy,OnGrid,2023,400.0,400,False,wind,False
Saudi Arabia,Onshore wind energy,OnGrid,2024,400.0,400,False,wind,False
Senegal,Solar photovoltaic,OnGrid,2000,0.0,-,True,pv,False
Senegal,Solar photovoltaic,OnGrid,2001,0.0,-,True,pv,False
Senegal,Solar photovoltaic,OnGrid,2002,0.0,-,True,pv,False
Senegal,Solar photovoltaic,OnGrid,2003,0.0,-,True,pv,False
Senegal,Solar photovoltaic,OnGrid,2004,0.0,-,True,pv,False
Senegal,Solar photovoltaic,OnGrid,2005,0.0,-,True,pv,False
Senegal,Solar photovoltaic,OnGrid,2006,0.0,-,True,pv,False
Senegal,Solar photovoltaic,OnGrid,2007,0.0,-,True,pv,False
Senegal,Solar photovoltaic,OnGrid,2008,0.0,-,True,pv,False
Senegal,Solar photovoltaic,OnGrid,2009,0.0,-,True,pv,False
Senegal,Solar photovoltaic,OnGrid,2010,7.0,7,False,pv,False
Senegal,Solar photovoltaic,OnGrid,2011,7.0,7,False,pv,False
Senegal,Solar photovoltaic,OnGrid,2012,7.0,7,False,pv,False
Senegal,Solar photovoltaic,OnGrid,2013,7.0,7,False,pv,False
Senegal,Solar photovoltaic,OnGrid,2014,7.0,7,False,pv,False
Senegal,Solar photovoltaic,OnGrid,2015,7.0,7,False,pv,False
Senegal,Solar photovoltaic,OnGrid,2016,51.0,51,False,pv,False
Senegal,Solar photovoltaic,OnGrid,2017,91.0,91,False,pv,False
Senegal,Solar photovoltaic,OnGrid,2018,131.0,131,False,pv,False
Senegal,Solar photovoltaic,OnGrid,2019,155.58,155.58,False,pv,False
Senegal,Solar photovoltaic,OnGrid,2020,155.58,155.58,False,pv,False
Senegal,Solar photovoltaic,OnGrid,2021,222.08,222.08,False,pv,False
Senegal,Solar photovoltaic,OnGrid,2022,224.38,224.38,False,pv,False
Senegal,Solar photovoltaic,OnGrid,2023,224.38,224.38,False,pv,False
Senegal,Solar photovoltaic,OnGrid,2024,265.58,265.58,False,pv,False
Senegal,Onshore wind energy,OnGrid,2000,0.0,-,True,wind,False
Senegal,Onshore wind energy,OnGrid,2001,0.0,-,True,wind,False
Senegal,Onshore wind energy,OnGrid,2002,0.0,-,True,wind,False
Senegal,Onshore wind energy,OnGrid,2003,0.0,-,True,wind,False
Senegal,Onshore wind energy,OnGrid,2004,0.0,-,True,wind,False
Senegal,Onshore wind energy,OnGrid,2005,0.0,-,True,wind,False
Senegal,Onshore wind energy,OnGrid,2006,0.0,-,True,wind,False
Senegal,Onshore wind energy,OnGrid,2007,0.0,-,True,wind,False
Senegal,Onshore wind energy,OnGrid,2008,0.0,-,True,wind,False
Senegal,Onshore wind energy,OnGrid,2009,0.0,-,True,wind,False
Senegal,Onshore wind energy,OnGrid,2010,0.0,-,True,wind,False
Senegal,Onshore wind energy,OnGrid,2011,0.0,-,True,wind,False
Senegal,Onshore wind energy,OnGrid,2012,0.0,-,True,wind,False
Senegal,Onshore wind energy,OnGrid,2013,0.0,-,True,wind,False
Senegal,Onshore wind energy,OnGrid,2014,0.0,-,True,wind,False
Senegal,Onshore wind energy,OnGrid,2015,0.0,-,True,wind,False
Senegal,Onshore wind energy,OnGrid,2016,0.0,-,True,wind,False
Senegal,Onshore wind energy,OnGrid,2017,0.0,-,True,wind,False
Senegal,Onshore wind energy,OnGrid,2018,0.0,-,True,wind,False
Senegal,Onshore wind energy,OnGrid,2019,55.2,55.2,False,wind,False
Senegal,Onshore wind energy,OnGrid,2020,158.7,158.7,False,wind,False
Senegal,Onshore wind energy,OnGrid,2021,158.7,158.7,False,wind,False
Senegal,Onshore wind energy,OnGrid,2022,158.7,158.7,False,wind,False
Senegal,Onshore wind energy,OnGrid,2023,158.7,158.7,False,wind,False
Senegal,Onshore wind energy,OnGrid,2024,159.0,159,False,wind,False
Serbia,Solar photovoltaic,OnGrid,2000,0.0,-,True,pv,False
Serbia,Solar photovoltaic,OnGrid,2001,0.0,-,True,pv,False
Serbia,Solar photovoltaic,OnGrid,2002,0.0,-,True,pv,False
Serbia,Solar photovoltaic,OnGrid,2003,0.0,-,True,pv,False
Serbia,Solar photovoltaic,OnGrid,2004,0.0,-,True,pv,False
Serbia,Solar photovoltaic,OnGrid,2005,0.1,0.1,False,pv,False
Serbia,Solar photovoltaic,OnGrid,2006,0.2,0.2,False,pv,False
Serbia,Solar photovoltaic,OnGrid,2007,0.4,0.4,False,pv,False
Serbia,Solar photovoltaic,OnGrid,2008,0.9,0.9,False,pv,False
Serbia,Solar photovoltaic,OnGrid,2009,1.2,1.2,False,pv,False
Serbia,Solar photovoltaic,OnGrid,2010,1.3,1.3,False,pv,False
Serbia,Solar photovoltaic,OnGrid,2011,1.5,1.5,False,pv,False
Serbia,Solar photovoltaic,OnGrid,2012,3.1,3.1,False,pv,False
Serbia,Solar photovoltaic,OnGrid,2013,4.7,4.7,False,pv,False
Serbia,Solar photovoltaic,OnGrid,2014,6.0,6,False,pv,False
Serbia,Solar photovoltaic,OnGrid,2015,9.0,9,False,pv,False
Serbia,Solar photovoltaic,OnGrid,2016,11.0,11,False,pv,False
Serbia,Solar photovoltaic,OnGrid,2017,10.0,10,False,pv,False
Serbia,Solar photovoltaic,OnGrid,2018,11.0,11,False,pv,False
Serbia,Solar photovoltaic,OnGrid,2019,11.0,11,False,pv,False
Serbia,Solar photovoltaic,OnGrid,2020,11.5,11.5,False,pv,False
Serbia,Solar photovoltaic,OnGrid,2021,12.13,12.13,False,pv,False
Serbia,Solar photovoltaic,OnGrid,2022,22.44,22.44,False,pv,False
Serbia,Solar photovoltaic,OnGrid,2023,82.51,82.51,False,pv,False
Serbia,Solar photovoltaic,OnGrid,2024,181.39,181.39,False,pv,False
Serbia,Onshore wind energy,OnGrid,2000,0.0,-,True,wind,False
Serbia,Onshore wind energy,OnGrid,2001,0.0,-,True,wind,False
Serbia,Onshore wind energy,OnGrid,2002,0.0,-,True,wind,False
Serbia,Onshore wind energy,OnGrid,2003,0.0,-,True,wind,False
Serbia,Onshore wind energy,OnGrid,2004,0.0,-,True,wind,False
Serbia,Onshore wind energy,OnGrid,2005,0.0,-,True,wind,False
Serbia,Onshore wind energy,OnGrid,2006,0.0,-,True,wind,False
Serbia,Onshore wind energy,OnGrid,2007,0.0,-,True,wind,False
Serbia,Onshore wind energy,OnGrid,2008,0.0,-,True,wind,False
Serbia,Onshore wind energy,OnGrid,2009,0.0,-,True,wind,False
Serbia,Onshore wind energy,OnGrid,2010,0.0,-,True,wind,False
Serbia,Onshore wind energy,OnGrid,2011,0.0,-,True,wind,False
Serbia,Onshore wind energy,OnGrid,2012,0.5,0.5,False,wind,False
Serbia,Onshore wind energy,OnGrid,2013,0.5,0.5,False,wind,False
Serbia,Onshore wind energy,OnGrid,2014,0.5,0.5,False,wind,False
Serbia,Onshore wind energy,OnGrid,2015,10.4,10.4,False,wind,False
Serbia,Onshore wind energy,OnGrid,2016,17.0,17,False,wind,False
Serbia,Onshore wind energy,OnGrid,2017,25.0,25,False,wind,False
Serbia,Onshore wind energy,OnGrid,2018,227.0,227,False,wind,False
Serbia,Onshore wind energy,OnGrid,2019,398.0,398,False,wind,False
Serbia,Onshore wind energy,OnGrid,2020,398.0,398,False,wind,False
Serbia,Onshore wind energy,OnGrid,2021,398.0,398,False,wind,False
Serbia,Onshore wind energy,OnGrid,2022,398.0,398,False,wind,False
Serbia,Onshore wind energy,OnGrid,2023,510.0,510,False,wind,False
Serbia,Onshore wind energy,OnGrid,2024,604.0,604,False,wind,False
Seychelles,Solar photovoltaic,OnGrid,2000,0.0,-,True,pv,False
Seychelles,Solar photovoltaic,OnGrid,2001,0.0,-,True,pv,False
Seychelles,Solar photovoltaic,OnGrid,2002,0.0,-,True,pv,False
Seychelles,Solar photovoltaic,OnGrid,2003,0.0,-,True,pv,False
Seychelles,Solar photovoltaic,OnGrid,2004,0.0,-,True,pv,False
Seychelles,Solar photovoltaic,OnGrid,2005,0.0,-,True,pv,False
Seychelles,Solar photovoltaic,OnGrid,2006,0.0,-,True,pv,False
Seychelles,Solar photovoltaic,OnGrid,2007,0.0,-,True,pv,False
Seychelles,Solar photovoltaic,OnGrid,2008,0.0,-,True,pv,False
Seychelles,Solar photovoltaic,OnGrid,2009,0.0,-,True,pv,False
Seychelles,Solar photovoltaic,OnGrid,2010,0.0,-,True,pv,False
Seychelles,Solar photovoltaic,OnGrid,2011,0.0,-,True,pv,False
Seychelles,Solar photovoltaic,OnGrid,2012,0.0,-,True,pv,False
Seychelles,Solar photovoltaic,OnGrid,2013,0.21,0.21,False,pv,False
Seychelles,Solar photovoltaic,OnGrid,2014,0.89,0.89,False,pv,False
Seychelles,Solar photovoltaic,OnGrid,2015,1.35,1.35,False,pv,False
Seychelles,Solar photovoltaic,OnGrid,2016,1.88,1.88,False,pv,False
Seychelles,Solar photovoltaic,OnGrid,2017,2.58,2.58,False,pv,False
Seychelles,Solar photovoltaic,OnGrid,2018,3.09,3.09,False,pv,False
Seychelles,Solar photovoltaic,OnGrid,2019,3.09,3.09,False,pv,False
Seychelles,Solar photovoltaic,OnGrid,2020,5.88,5.88,False,pv,False
Seychelles,Solar photovoltaic,OnGrid,2021,12.33,12.33,False,pv,False
Seychelles,Solar photovoltaic,OnGrid,2022,13.2,13.2,False,pv,False
Seychelles,Solar photovoltaic,OnGrid,2023,14.16,14.16,False,pv,False
Seychelles,Solar photovoltaic,OnGrid,2024,14.74,14.74,False,pv,False
Seychelles,Onshore wind energy,OnGrid,2000,0.0,-,True,wind,False
Seychelles,Onshore wind energy,OnGrid,2001,0.0,-,True,wind,False
Seychelles,Onshore wind energy,OnGrid,2002,0.0,-,True,wind,False
Seychelles,Onshore wind energy,OnGrid,2003,0.0,-,True,wind,False
Seychelles,Onshore wind energy,OnGrid,2004,0.0,-,True,wind,False
Seychelles,Onshore wind energy,OnGrid,2005,0.0,-,True,wind,False
Seychelles,Onshore wind energy,OnGrid,2006,0.0,-,True,wind,False
Seychelles,Onshore wind energy,OnGrid,2007,0.0,-,True,wind,False
Seychelles,Onshore wind energy,OnGrid,2008,0.0,-,True,wind,False
Seychelles,Onshore wind energy,OnGrid,2009,0.0,-,True,wind,False
Seychelles,Onshore wind energy,OnGrid,2010,0.0,-,True,wind,False
Seychelles,Onshore wind energy,OnGrid,2011,0.0,-,True,wind,False
Seychelles,Onshore wind energy,OnGrid,2012,0.0,-,True,wind,False
Seychelles,Onshore wind energy,OnGrid,2013,6.0,6,False,wind,False
Seychelles,Onshore wind energy,OnGrid,2014,6.0,6,False,wind,False
Seychelles,Onshore wind energy,OnGrid,2015,6.0,6,False,wind,False
Seychelles,Onshore wind energy,OnGrid,2016,6.0,6,False,wind,False
Seychelles,Onshore wind energy,OnGrid,2017,6.0,6,False,wind,False
Seychelles,Onshore wind energy,OnGrid,2018,6.0,6,False,wind,False
Seychelles,Onshore wind energy,OnGrid,2019,6.0,6,False,wind,False
Seychelles,Onshore wind energy,OnGrid,2020,6.0,6,False,wind,False
Seychelles,Onshore wind energy,OnGrid,2021,6.0,6,False,wind,False
Seychelles,Onshore wind energy,OnGrid,2022,6.0,6,False,wind,False
Seychelles,Onshore wind energy,OnGrid,2023,6.0,6,False,wind,False
Seychelles,Onshore wind energy,OnGrid,2024,6.0,6,False,wind,False
Sierra Leone,Solar photovoltaic,OnGrid,2000,0.0,-,True,pv,False
Sierra Leone,Solar photovoltaic,OnGrid,2001,0.0,-,True,pv,False
Sierra Leone,Solar photovoltaic,OnGrid,2002,0.0,-,True,pv,False
Sierra Leone,Solar photovoltaic,OnGrid,2003,0.0,-,True,pv,False
Sierra Leone,Solar photovoltaic,OnGrid,2004,0.0,-,True,pv,False
Sierra Leone,Solar photovoltaic,OnGrid,2005,0.0,-,True,pv,False
Sierra Leone,Solar photovoltaic,OnGrid,2006,0.0,-,True,pv,False
Sierra Leone,Solar photovoltaic,OnGrid,2007,0.0,-,True,pv,False
Sierra Leone,Solar photovoltaic,OnGrid,2008,0.0,-,True,pv,False
Sierra Leone,Solar photovoltaic,OnGrid,2009,0.0,-,True,pv,False
Sierra Leone,Solar photovoltaic,OnGrid,2010,0.0,-,True,pv,False
Sierra Leone,Solar photovoltaic,OnGrid,2011,0.0,-,True,pv,False
Sierra Leone,Solar photovoltaic,OnGrid,2012,0.0,-,True,pv,False
Sierra Leone,Solar photovoltaic,OnGrid,2013,0.0,-,True,pv,False
Sierra Leone,Solar photovoltaic,OnGrid,2014,0.0,-,True,pv,False
Sierra Leone,Solar photovoltaic,OnGrid,2015,0.0,-,True,pv,False
Sierra Leone,Solar photovoltaic,OnGrid,2016,0.0,-,True,pv,False
Sierra Leone,Solar photovoltaic,OnGrid,2017,0.0,-,True,pv,False
Sierra Leone,Solar photovoltaic,OnGrid,2018,0.12,0.12,False,pv,False
Sierra Leone,Solar photovoltaic,OnGrid,2019,0.13,0.13,False,pv,False
Sierra Leone,Solar photovoltaic,OnGrid,2020,0.13,0.13,False,pv,False
Sierra Leone,Solar photovoltaic,OnGrid,2021,0.13,0.13,False,pv,False
Sierra Leone,Solar photovoltaic,OnGrid,2022,5.13,5.13,False,pv,False
Sierra Leone,Solar photovoltaic,OnGrid,2023,5.13,5.13,False,pv,False
Sierra Leone,Solar photovoltaic,OnGrid,2024,5.13,5.13,False,pv,False
Sierra Leone,Onshore wind energy,OnGrid,2000,0.0,-,True,wind,False
Sierra Leone,Onshore wind energy,OnGrid,2001,0.0,-,True,wind,False
Sierra Leone,Onshore wind energy,OnGrid,2002,0.0,-,True,wind,False
Sierra Leone,Onshore wind energy,OnGrid,2003,0.0,-,True,wind,False
Sierra Leone,Onshore wind energy,OnGrid,2004,0.0,-,True,wind,False
Sierra Leone,Onshore wind energy,OnGrid,2005,0.0,-,True,wind,False
Sierra Leone,Onshore wind energy,OnGrid,2006,0.0,-,True,wind,False
Sierra Leone,Onshore wind energy,OnGrid,2007,0.0,-,True,wind,False
Sierra Leone,Onshore wind energy,OnGrid,2008,0.0,-,True,wind,False
Sierra Leone,Onshore wind energy,OnGrid,2009,0.0,-,True,wind,False
Sierra Leone,Onshore wind energy,OnGrid,2010,0.0,-,True,wind,False
Sierra Leone,Onshore wind energy,OnGrid,2011,0.0,-,True,wind,False
Sierra Leone,Onshore wind energy,OnGrid,2012,0.0,-,True,wind,False
Sierra Leone,Onshore wind energy,OnGrid,2013,0.0,-,True,wind,False
Sierra Leone,Onshore wind energy,OnGrid,2014,0.0,-,True,wind,False
Sierra Leone,Onshore wind energy,OnGrid,2015,0.0,-,True,wind,False
Sierra Leone,Onshore wind energy,OnGrid,2016,0.0,-,True,wind,False
Sierra Leone,Onshore wind energy,OnGrid,2017,0.0,-,True,wind,False
Sierra Leone,Onshore wind energy,OnGrid,2018,0.0,-,True,wind,False
Sierra Leone,Onshore wind energy,OnGrid,2019,0.0,-,True,wind,False
Sierra Leone,Onshore wind energy,OnGrid,2020,0.0,-,True,wind,False
Sierra Leone,Onshore wind energy,OnGrid,2021,0.0,-,True,wind,False
Sierra Leone,Onshore wind energy,OnGrid,2022,0.0,-,True,wind,False
Sierra Leone,Onshore wind energy,OnGrid,2023,0.0,-,True,wind,False
Sierra Leone,Onshore wind energy,OnGrid,2024,0.0,-,True,wind,False
Singapore,Solar photovoltaic,OnGrid,2000,0.0,-,True,pv,False
Singapore,Solar photovoltaic,OnGrid,2001,0.0,-,True,pv,False
Singapore,Solar photovoltaic,OnGrid,2002,0.0,-,True,pv,False
Singapore,Solar photovoltaic,OnGrid,2003,0.0,-,True,pv,False
Singapore,Solar photovoltaic,OnGrid,2004,0.0,-,True,pv,False
Singapore,Solar photovoltaic,OnGrid,2005,0.0,-,True,pv,False
Singapore,Solar photovoltaic,OnGrid,2006,0.0,-,True,pv,False
Singapore,Solar photovoltaic,OnGrid,2007,0.0,-,True,pv,False
Singapore,Solar photovoltaic,OnGrid,2008,0.2,0.2,False,pv,False
Singapore,Solar photovoltaic,OnGrid,2009,1.6,1.6,False,pv,False
Singapore,Solar photovoltaic,OnGrid,2010,3.1,3.1,False,pv,False
Singapore,Solar photovoltaic,OnGrid,2011,4.7,4.7,False,pv,False
Singapore,Solar photovoltaic,OnGrid,2012,7.8,7.8,False,pv,False
Singapore,Solar photovoltaic,OnGrid,2013,12.1,12.1,False,pv,False
Singapore,Solar photovoltaic,OnGrid,2014,25.7,25.7,False,pv,False
Singapore,Solar photovoltaic,OnGrid,2015,46.1,46.1,False,pv,False
Singapore,Solar photovoltaic,OnGrid,2016,97.2,97.2,False,pv,False
Singapore,Solar photovoltaic,OnGrid,2017,116.4,116.4,False,pv,False
Singapore,Solar photovoltaic,OnGrid,2018,162.0,162,False,pv,False
Singapore,Solar photovoltaic,OnGrid,2019,271.6,271.6,False,pv,False
Singapore,Solar photovoltaic,OnGrid,2020,330.5,330.5,False,pv,False
Singapore,Solar photovoltaic,OnGrid,2021,481.7,481.7,False,pv,False
Singapore,Solar photovoltaic,OnGrid,2022,628.1,628.1,False,pv,False
Singapore,Solar photovoltaic,OnGrid,2023,918.6,918.6,False,pv,False
Singapore,Solar photovoltaic,OnGrid,2024,1211.2,1211.2,False,pv,False
Singapore,Onshore wind energy,OnGrid,2000,0.0,-,True,wind,False
Singapore,Onshore wind energy,OnGrid,2001,0.0,-,True,wind,False
Singapore,Onshore wind energy,OnGrid,2002,0.0,-,True,wind,False
Singapore,Onshore wind energy,OnGrid,2003,0.0,-,True,wind,False
Singapore,Onshore wind energy,OnGrid,2004,0.0,-,True,wind,False
Singapore,Onshore wind energy,OnGrid,2005,0.0,-,True,wind,False
Singapore,Onshore wind energy,OnGrid,2006,0.0,-,True,wind,False
Singapore,Onshore wind energy,OnGrid,2007,0.0,-,True,wind,False
Singapore,Onshore wind energy,OnGrid,2008,0.0,-,True,wind,False
Singapore,Onshore wind energy,OnGrid,2009,0.0,-,True,wind,False
Singapore,Onshore wind energy,OnGrid,2010,0.0,-,True,wind,False
Singapore,Onshore wind energy,OnGrid,2011,0.0,-,True,wind,False
Singapore,Onshore wind energy,OnGrid,2012,0.0,-,True,wind,False
Singapore,Onshore wind energy,OnGrid,2013,0.0,-,True,wind,False
Singapore,Onshore wind energy,OnGrid,2014,0.0,-,True,wind,False
Singapore,Onshore wind energy,OnGrid,2015,0.0,-,True,wind,False
Singapore,Onshore wind energy,OnGrid,2016,0.0,-,True,wind,False
Singapore,Onshore wind energy,OnGrid,2017,0.1,0.1,False,wind,False
Singapore,Onshore wind energy,OnGrid,2018,0.1,0.1,False,wind,False
Singapore,Onshore wind energy,OnGrid,2019,0.1,0.1,False,wind,False
Singapore,Onshore wind energy,OnGrid,2020,0.1,0.1,False,wind,False
Singapore,Onshore wind energy,OnGrid,2021,0.1,0.1,False,wind,False
Singapore,Onshore wind energy,OnGrid,2022,0.1,0.1,False,wind,False
Singapore,Onshore wind energy,OnGrid,2023,0.1,0.1,False,wind,False
Singapore,Onshore wind energy,OnGrid,2024,0.1,0.1,False,wind,False
Slovakia,Solar photovoltaic,OnGrid,2000,0.0,-,True,pv,False
Slovakia,Solar photovoltaic,OnGrid,2001,0.0,-,True,pv,False
Slovakia,Solar photovoltaic,OnGrid,2002,0.0,-,True,pv,False
Slovakia,Solar photovoltaic,OnGrid,2003,0.0,-,True,pv,False
Slovakia,Solar photovoltaic,OnGrid,2004,0.0,-,True,pv,False
Slovakia,Solar photovoltaic,OnGrid,2005,0.0,-,True,pv,False
Slovakia,Solar photovoltaic,OnGrid,2006,0.0,-,True,pv,False
Slovakia,Solar photovoltaic,OnGrid,2007,0.0,-,True,pv,False
Slovakia,Solar photovoltaic,OnGrid,2008,0.0,-,True,pv,False
Slovakia,Solar photovoltaic,OnGrid,2009,0.0,-,True,pv,False
Slovakia,Solar photovoltaic,OnGrid,2010,19.0,19,False,pv,False
Slovakia,Solar photovoltaic,OnGrid,2011,496.0,496,False,pv,False
Slovakia,Solar photovoltaic,OnGrid,2012,513.0,513,False,pv,False
Slovakia,Solar photovoltaic,OnGrid,2013,533.0,533,False,pv,False
Slovakia,Solar photovoltaic,OnGrid,2014,533.0,533,False,pv,False
Slovakia,Solar photovoltaic,OnGrid,2015,533.0,533,False,pv,False
Slovakia,Solar photovoltaic,OnGrid,2016,533.0,533,False,pv,False
Slovakia,Solar photovoltaic,OnGrid,2017,528.0,528,False,pv,False
Slovakia,Solar photovoltaic,OnGrid,2018,471.0,471,False,pv,False
Slovakia,Solar photovoltaic,OnGrid,2019,590.0,590,False,pv,False
Slovakia,Solar photovoltaic,OnGrid,2020,535.0,535,False,pv,False
Slovakia,Solar photovoltaic,OnGrid,2021,537.0,537,False,pv,False
Slovakia,Solar photovoltaic,OnGrid,2022,549.0,549,False,pv,False
Slovakia,Solar photovoltaic,OnGrid,2023,594.0,594,False,pv,False
Slovakia,Solar photovoltaic,OnGrid,2024,728.0,728,False,pv,False
Slovakia,Onshore wind energy,OnGrid,2000,0.0,-,True,wind,False
Slovakia,Onshore wind energy,OnGrid,2001,0.0,-,True,wind,False
Slovakia,Onshore wind energy,OnGrid,2002,0.0,-,True,wind,False
Slovakia,Onshore wind energy,OnGrid,2003,3.0,3,False,wind,False
Slovakia,Onshore wind energy,OnGrid,2004,3.0,3,False,wind,False
Slovakia,Onshore wind energy,OnGrid,2005,5.0,5,False,wind,False
Slovakia,Onshore wind energy,OnGrid,2006,5.0,5,False,wind,False
Slovakia,Onshore wind energy,OnGrid,2007,5.0,5,False,wind,False
Slovakia,Onshore wind energy,OnGrid,2008,5.0,5,False,wind,False
Slovakia,Onshore wind energy,OnGrid,2009,3.0,3,False,wind,False
Slovakia,Onshore wind energy,OnGrid,2010,3.0,3,False,wind,False
Slovakia,Onshore wind energy,OnGrid,2011,3.0,3,False,wind,False
Slovakia,Onshore wind energy,OnGrid,2012,3.0,3,False,wind,False
Slovakia,Onshore wind energy,OnGrid,2013,5.0,5,False,wind,False
Slovakia,Onshore wind energy,OnGrid,2014,3.0,3,False,wind,False
Slovakia,Onshore wind energy,OnGrid,2015,3.0,3,False,wind,False
Slovakia,Onshore wind energy,OnGrid,2016,3.0,3,False,wind,False
Slovakia,Onshore wind energy,OnGrid,2017,4.0,4,False,wind,False
Slovakia,Onshore wind energy,OnGrid,2018,4.0,4,False,wind,False
Slovakia,Onshore wind energy,OnGrid,2019,4.0,4,False,wind,False
Slovakia,Onshore wind energy,OnGrid,2020,4.0,4,False,wind,False
Slovakia,Onshore wind energy,OnGrid,2021,4.0,4,False,wind,False
Slovakia,Onshore wind energy,OnGrid,2022,4.0,4,False,wind,False
Slovakia,Onshore wind energy,OnGrid,2023,4.0,4,False,wind,False
Slovakia,Onshore wind energy,OnGrid,2024,4.0,4,False,wind,False
Slovenia,Solar photovoltaic,OnGrid,2000,1.0,1,False,pv,False
Slovenia,Solar photovoltaic,OnGrid,2001,1.0,1,False,pv,False
Slovenia,Solar photovoltaic,OnGrid,2002,1.0,1,False,pv,False
Slovenia,Solar photovoltaic,OnGrid,2003,1.0,1,False,pv,False
Slovenia,Solar photovoltaic,OnGrid,2004,1.0,1,False,pv,False
Slovenia,Solar photovoltaic,OnGrid,2005,1.0,1,False,pv,False
Slovenia,Solar photovoltaic,OnGrid,2006,1.0,1,False,pv,False
Slovenia,Solar photovoltaic,OnGrid,2007,1.0,1,False,pv,False
Slovenia,Solar photovoltaic,OnGrid,2008,1.0,1,False,pv,False
Slovenia,Solar photovoltaic,OnGrid,2009,4.0,4,False,pv,False
Slovenia,Solar photovoltaic,OnGrid,2010,12.0,12,False,pv,False
Slovenia,Solar photovoltaic,OnGrid,2011,57.0,57,False,pv,False
Slovenia,Solar photovoltaic,OnGrid,2012,142.0,142,False,pv,False
Slovenia,Solar photovoltaic,OnGrid,2013,187.0,187,False,pv,False
Slovenia,Solar photovoltaic,OnGrid,2014,223.0,223,False,pv,False
Slovenia,Solar photovoltaic,OnGrid,2015,238.0,238,False,pv,False
Slovenia,Solar photovoltaic,OnGrid,2016,233.0,233,False,pv,False
Slovenia,Solar photovoltaic,OnGrid,2017,246.8,246.8,False,pv,False
Slovenia,Solar photovoltaic,OnGrid,2018,246.8,246.8,False,pv,False
Slovenia,Solar photovoltaic,OnGrid,2019,277.88,277.88,False,pv,False
Slovenia,Solar photovoltaic,OnGrid,2020,369.78,369.78,False,pv,False
Slovenia,Solar photovoltaic,OnGrid,2021,461.16,461.16,False,pv,False
Slovenia,Solar photovoltaic,OnGrid,2022,626.16,626.16,False,pv,False
Slovenia,Solar photovoltaic,OnGrid,2023,1031.2,1031.2,False,pv,False
Slovenia,Solar photovoltaic,OnGrid,2024,1421.1,1421.1,False,pv,False
Slovenia,Onshore wind energy,OnGrid,2000,0.0,-,True,wind,False
Slovenia,Onshore wind energy,OnGrid,2001,0.0,-,True,wind,False
Slovenia,Onshore wind energy,OnGrid,2002,0.0,-,True,wind,False
Slovenia,Onshore wind energy,OnGrid,2003,0.0,-,True,wind,False
Slovenia,Onshore wind energy,OnGrid,2004,0.0,-,True,wind,False
Slovenia,Onshore wind energy,OnGrid,2005,0.0,-,True,wind,False
Slovenia,Onshore wind energy,OnGrid,2006,0.0,-,True,wind,False
Slovenia,Onshore wind energy,OnGrid,2007,0.0,-,True,wind,False
Slovenia,Onshore wind energy,OnGrid,2008,0.0,-,True,wind,False
Slovenia,Onshore wind energy,OnGrid,2009,0.0,-,True,wind,False
Slovenia,Onshore wind energy,OnGrid,2010,0.0,-,True,wind,False
Slovenia,Onshore wind energy,OnGrid,2011,0.0,-,True,wind,False
Slovenia,Onshore wind energy,OnGrid,2012,2.0,2,False,wind,False
Slovenia,Onshore wind energy,OnGrid,2013,2.0,2,False,wind,False
Slovenia,Onshore wind energy,OnGrid,2014,3.0,3,False,wind,False
Slovenia,Onshore wind energy,OnGrid,2015,3.0,3,False,wind,False
Slovenia,Onshore wind energy,OnGrid,2016,3.0,3,False,wind,False
Slovenia,Onshore wind energy,OnGrid,2017,3.3,3.3,False,wind,False
Slovenia,Onshore wind energy,OnGrid,2018,3.3,3.3,False,wind,False
Slovenia,Onshore wind energy,OnGrid,2019,3.3,3.3,False,wind,False
Slovenia,Onshore wind energy,OnGrid,2020,3.3,3.3,False,wind,False
Slovenia,Onshore wind energy,OnGrid,2021,3.33,3.33,False,wind,False
Slovenia,Onshore wind energy,OnGrid,2022,3.33,3.33,False,wind,False
Slovenia,Onshore wind energy,OnGrid,2023,3.33,3.33,False,wind,False
Slovenia,Onshore wind energy,OnGrid,2024,3.4,3.4,False,wind,False
Solomon Is,Solar photovoltaic,OnGrid,2000,0.0,-,True,pv,False
Solomon Is,Solar photovoltaic,OnGrid,2001,0.0,-,True,pv,False
Solomon Is,Solar photovoltaic,OnGrid,2002,0.0,-,True,pv,False
Solomon Is,Solar photovoltaic,OnGrid,2003,0.0,-,True,pv,False
Solomon Is,Solar photovoltaic,OnGrid,2004,0.0,-,True,pv,False
Solomon Is,Solar photovoltaic,OnGrid,2005,0.0,-,True,pv,False
Solomon Is,Solar photovoltaic,OnGrid,2006,0.0,-,True,pv,False
Solomon Is,Solar photovoltaic,OnGrid,2007,0.0,-,True,pv,False
Solomon Is,Solar photovoltaic,OnGrid,2008,0.0,-,True,pv,False
Solomon Is,Solar photovoltaic,OnGrid,2009,0.0,-,True,pv,False
Solomon Is,Solar photovoltaic,OnGrid,2010,0.0,-,True,pv,False
Solomon Is,Solar photovoltaic,OnGrid,2011,0.0,-,True,pv,False
Solomon Is,Solar photovoltaic,OnGrid,2012,0.0,-,True,pv,False
Solomon Is,Solar photovoltaic,OnGrid,2013,0.0,-,True,pv,False
Solomon Is,Solar photovoltaic,OnGrid,2014,0.05,0.05,False,pv,False
Solomon Is,Solar photovoltaic,OnGrid,2015,0.05,0.05,False,pv,False
Solomon Is,Solar photovoltaic,OnGrid,2016,1.05,1.05,False,pv,False
Solomon Is,Solar photovoltaic,OnGrid,2017,1.05,1.05,False,pv,False
Solomon Is,Solar photovoltaic,OnGrid,2018,1.05,1.05,False,pv,False
Solomon Is,Solar photovoltaic,OnGrid,2019,1.05,1.05,False,pv,False
Solomon Is,Solar photovoltaic,OnGrid,2020,1.05,1.05,False,pv,False
Solomon Is,Solar photovoltaic,OnGrid,2021,1.05,1.05,False,pv,False
Solomon Is,Solar photovoltaic,OnGrid,2022,1.05,1.05,False,pv,False
Solomon Is,Solar photovoltaic,OnGrid,2023,3.11,3.11,False,pv,False
Solomon Is,Solar photovoltaic,OnGrid,2024,3.11,3.11,False,pv,False
Solomon Is,Onshore wind energy,OnGrid,2000,0.0,-,True,wind,False
Solomon Is,Onshore wind energy,OnGrid,2001,0.0,-,True,wind,False
Solomon Is,Onshore wind energy,OnGrid,2002,0.0,-,True,wind,False
Solomon Is,Onshore wind energy,OnGrid,2003,0.0,-,True,wind,False
Solomon Is,Onshore wind energy,OnGrid,2004,0.0,-,True,wind,False
Solomon Is,Onshore wind energy,OnGrid,2005,0.0,-,True,wind,False
Solomon Is,Onshore wind energy,OnGrid,2006,0.0,-,True,wind,False
Solomon Is,Onshore wind energy,OnGrid,2007,0.0,-,True,wind,False
Solomon Is,Onshore wind energy,OnGrid,2008,0.0,-,True,wind,False
Solomon Is,Onshore wind energy,OnGrid,2009,0.0,-,True,wind,False
Solomon Is,Onshore wind energy,OnGrid,2010,0.0,-,True,wind,False
Solomon Is,Onshore wind energy,OnGrid,2011,0.0,-,True,wind,False
Solomon Is,Onshore wind energy,OnGrid,2012,0.0,-,True,wind,False
Solomon Is,Onshore wind energy,OnGrid,2013,0.0,-,True,wind,False
Solomon Is,Onshore wind energy,OnGrid,2014,0.0,-,True,wind,False
Solomon Is,Onshore wind energy,OnGrid,2015,0.0,-,True,wind,False
Solomon Is,Onshore wind energy,OnGrid,2016,0.0,-,True,wind,False
Solomon Is,Onshore wind energy,OnGrid,2017,0.0,-,True,wind,False
Solomon Is,Onshore wind energy,OnGrid,2018,0.0,-,True,wind,False
Solomon Is,Onshore wind energy,OnGrid,2019,0.0,-,True,wind,False
Solomon Is,Onshore wind energy,OnGrid,2020,0.0,-,True,wind,False
Solomon Is,Onshore wind energy,OnGrid,2021,0.0,-,True,wind,False
Solomon Is,Onshore wind energy,OnGrid,2022,0.0,-,True,wind,False
Solomon Is,Onshore wind energy,OnGrid,2023,0.0,-,True,wind,False
Solomon Is,Onshore wind energy,OnGrid,2024,0.0,-,True,wind,False
Somalia,Solar photovoltaic,OnGrid,2000,0.0,-,True,pv,False
Somalia,Solar photovoltaic,OnGrid,2001,0.0,-,True,pv,False
Somalia,Solar photovoltaic,OnGrid,2002,0.0,-,True,pv,False
Somalia,Solar photovoltaic,OnGrid,2003,0.0,-,True,pv,False
Somalia,Solar photovoltaic,OnGrid,2004,0.0,-,True,pv,False
Somalia,Solar photovoltaic,OnGrid,2005,0.0,-,True,pv,False
Somalia,Solar photovoltaic,OnGrid,2006,0.0,-,True,pv,False
Somalia,Solar photovoltaic,OnGrid,2007,0.0,-,True,pv,False
Somalia,Solar photovoltaic,OnGrid,2008,0.0,-,True,pv,False
Somalia,Solar photovoltaic,OnGrid,2009,0.0,-,True,pv,False
Somalia,Solar photovoltaic,OnGrid,2010,0.0,-,True,pv,False
Somalia,Solar photovoltaic,OnGrid,2011,0.0,-,True,pv,False
Somalia,Solar photovoltaic,OnGrid,2012,0.0,-,True,pv,False
Somalia,Solar photovoltaic,OnGrid,2013,0.0,-,True,pv,False
Somalia,Solar photovoltaic,OnGrid,2014,0.0,-,True,pv,False
Somalia,Solar photovoltaic,OnGrid,2015,0.0,-,True,pv,False
Somalia,Solar photovoltaic,OnGrid,2016,0.0,-,True,pv,False
Somalia,Solar photovoltaic,OnGrid,2017,0.0,-,True,pv,False
Somalia,Solar photovoltaic,OnGrid,2018,0.0,-,True,pv,False
Somalia,Solar photovoltaic,OnGrid,2019,0.0,-,True,pv,False
Somalia,Solar photovoltaic,OnGrid,2020,0.0,-,True,pv,False
Somalia,Solar photovoltaic,OnGrid,2021,0.0,-,True,pv,False
Somalia,Solar photovoltaic,OnGrid,2022,0.0,-,True,pv,False
Somalia,Solar photovoltaic,OnGrid,2023,0.0,-,True,pv,False
Somalia,Solar photovoltaic,OnGrid,2024,0.0,-,True,pv,False
Somalia,Onshore wind energy,OnGrid,2000,0.0,-,True,wind,False
Somalia,Onshore wind energy,OnGrid,2001,0.0,-,True,wind,False
Somalia,Onshore wind energy,OnGrid,2002,0.0,-,True,wind,False
Somalia,Onshore wind energy,OnGrid,2003,0.0,-,True,wind,False
Somalia,Onshore wind energy,OnGrid,2004,0.0,-,True,wind,False
Somalia,Onshore wind energy,OnGrid,2005,0.0,-,True,wind,False
Somalia,Onshore wind energy,OnGrid,2006,0.0,-,True,wind,False
Somalia,Onshore wind energy,OnGrid,2007,0.0,-,True,wind,False
Somalia,Onshore wind energy,OnGrid,2008,0.0,-,True,wind,False
Somalia,Onshore wind energy,OnGrid,2009,0.0,-,True,wind,False
Somalia,Onshore wind energy,OnGrid,2010,0.0,-,True,wind,False
Somalia,Onshore wind energy,OnGrid,2011,0.0,-,True,wind,False
Somalia,Onshore wind energy,OnGrid,2012,0.0,-,True,wind,False
Somalia,Onshore wind energy,OnGrid,2013,0.0,-,True,wind,False
Somalia,Onshore wind energy,OnGrid,2014,0.0,-,True,wind,False
Somalia,Onshore wind energy,OnGrid,2015,0.0,-,True,wind,False
Somalia,Onshore wind energy,OnGrid,2016,0.0,-,True,wind,False
Somalia,Onshore wind energy,OnGrid,2017,0.0,-,True,wind,False
Somalia,Onshore wind energy,OnGrid,2018,0.0,-,True,wind,False
Somalia,Onshore wind energy,OnGrid,2019,0.0,-,True,wind,False
Somalia,Onshore wind energy,OnGrid,2020,0.0,-,True,wind,False
Somalia,Onshore wind energy,OnGrid,2021,0.0,-,True,wind,False
Somalia,Onshore wind energy,OnGrid,2022,0.0,-,True,wind,False
Somalia,Onshore wind energy,OnGrid,2023,0.0,-,True,wind,False
Somalia,Onshore wind energy,OnGrid,2024,0.0,-,True,wind,False
South Africa,Solar photovoltaic,OnGrid,2000,0.0,-,True,pv,False
South Africa,Solar photovoltaic,OnGrid,2001,0.0,-,True,pv,False
South Africa,Solar photovoltaic,OnGrid,2002,0.0,-,True,pv,False
South Africa,Solar photovoltaic,OnGrid,2003,0.0,-,True,pv,False
South Africa,Solar photovoltaic,OnGrid,2004,0.0,-,True,pv,False
South Africa,Solar photovoltaic,OnGrid,2005,0.0,-,True,pv,False
South Africa,Solar photovoltaic,OnGrid,2006,0.0,-,True,pv,False
South Africa,Solar photovoltaic,OnGrid,2007,0.0,-,True,pv,False
South Africa,Solar photovoltaic,OnGrid,2008,0.0,-,True,pv,False
South Africa,Solar photovoltaic,OnGrid,2009,0.0,-,True,pv,False
South Africa,Solar photovoltaic,OnGrid,2010,1.96,1.96,False,pv,False
South Africa,Solar photovoltaic,OnGrid,2011,5.66,5.66,False,pv,False
South Africa,Solar photovoltaic,OnGrid,2012,11.3,11.3,False,pv,False
South Africa,Solar photovoltaic,OnGrid,2013,261.63,261.63,False,pv,False
South Africa,Solar photovoltaic,OnGrid,2014,1061.9,1061.9,False,pv,False
South Africa,Solar photovoltaic,OnGrid,2015,1250.66,1250.66,False,pv,False
South Africa,Solar photovoltaic,OnGrid,2016,1700.0,1700,False,pv,False
South Africa,Solar photovoltaic,OnGrid,2017,1900.0,1900,False,pv,False
South Africa,Solar photovoltaic,OnGrid,2018,2100.0,2100,False,pv,False
South Africa,Solar photovoltaic,OnGrid,2019,2300.0,2300,False,pv,False
South Africa,Solar photovoltaic,OnGrid,2020,3200.0,3200,False,pv,False
South Africa,Solar photovoltaic,OnGrid,2021,3700.0,3700,False,pv,False
South Africa,Solar photovoltaic,OnGrid,2022,5200.0,5200,False,pv,False
South Africa,Solar photovoltaic,OnGrid,2023,7500.0,7500,False,pv,False
South Africa,Solar photovoltaic,OnGrid,2024,8452.0,8452,False,pv,False
South Africa,Onshore wind energy,OnGrid,2000,0.0,-,True,wind,False
South Africa,Onshore wind energy,OnGrid,2001,0.0,-,True,wind,False
South Africa,Onshore wind energy,OnGrid,2002,3.16,3.16,False,wind,False
South Africa,Onshore wind energy,OnGrid,2003,3.16,3.16,False,wind,False
South Africa,Onshore wind energy,OnGrid,2004,3.16,3.16,False,wind,False
South Africa,Onshore wind energy,OnGrid,2005,3.16,3.16,False,wind,False
South Africa,Onshore wind energy,OnGrid,2006,3.16,3.16,False,wind,False
South Africa,Onshore wind energy,OnGrid,2007,3.16,3.16,False,wind,False
South Africa,Onshore wind energy,OnGrid,2008,8.36,8.36,False,wind,False
South Africa,Onshore wind energy,OnGrid,2009,8.36,8.36,False,wind,False
South Africa,Onshore wind energy,OnGrid,2010,10.16,10.16,False,wind,False
South Africa,Onshore wind energy,OnGrid,2011,10.16,10.16,False,wind,False
South Africa,Onshore wind energy,OnGrid,2012,10.16,10.16,False,wind,False
South Africa,Onshore wind energy,OnGrid,2013,257.0,257,False,wind,False
South Africa,Onshore wind energy,OnGrid,2014,569.0,569,False,wind,False
South Africa,Onshore wind energy,OnGrid,2015,1079.0,1079,False,wind,False
South Africa,Onshore wind energy,OnGrid,2016,1473.0,1473,False,wind,False
South Africa,Onshore wind energy,OnGrid,2017,2094.0,2094,False,wind,False
South Africa,Onshore wind energy,OnGrid,2018,2094.0,2094,False,wind,False
South Africa,Onshore wind energy,OnGrid,2019,2094.0,2094,False,wind,False
South Africa,Onshore wind energy,OnGrid,2020,2516.0,2516,False,wind,False
South Africa,Onshore wind energy,OnGrid,2021,2495.0,2495,False,wind,False
South Africa,Onshore wind energy,OnGrid,2022,3163.0,3163,False,wind,False
South Africa,Onshore wind energy,OnGrid,2023,3442.0,3442,False,wind,False
South Africa,Onshore wind energy,OnGrid,2024,3442.0,3442,False,wind,False
South Georgia,Solar photovoltaic,OnGrid,2000,0.0,-,True,pv,False
South Georgia,Solar photovoltaic,OnGrid,2001,0.0,-,True,pv,False
South Georgia,Solar photovoltaic,OnGrid,2002,0.0,-,True,pv,False
South Georgia,Solar photovoltaic,OnGrid,2003,0.0,-,True,pv,False
South Georgia,Solar photovoltaic,OnGrid,2004,0.0,-,True,pv,False
South Georgia,Solar photovoltaic,OnGrid,2005,0.0,-,True,pv,False
South Georgia,Solar photovoltaic,OnGrid,2006,0.0,-,True,pv,False
South Georgia,Solar photovoltaic,OnGrid,2007,0.0,-,True,pv,False
South Georgia,Solar photovoltaic,OnGrid,2008,0.0,-,True,pv,False
South Georgia,Solar photovoltaic,OnGrid,2009,0.0,-,True,pv,False
South Georgia,Solar photovoltaic,OnGrid,2010,0.0,-,True,pv,False
South Georgia,Solar photovoltaic,OnGrid,2011,0.0,-,True,pv,False
South Georgia,Solar photovoltaic,OnGrid,2012,0.0,-,True,pv,False
South Georgia,Solar photovoltaic,OnGrid,2013,0.0,-,True,pv,False
South Georgia,Solar photovoltaic,OnGrid,2014,0.0,-,True,pv,False
South Georgia,Solar photovoltaic,OnGrid,2015,0.0,-,True,pv,False
South Georgia,Solar photovoltaic,OnGrid,2016,0.0,-,True,pv,False
South Georgia,Solar photovoltaic,OnGrid,2017,0.0,-,True,pv,False
South Georgia,Solar photovoltaic,OnGrid,2018,0.0,-,True,pv,False
South Georgia,Solar photovoltaic,OnGrid,2019,0.0,-,True,pv,False
South Georgia,Solar photovoltaic,OnGrid,2020,0.0,-,True,pv,False
South Georgia,Solar photovoltaic,OnGrid,2021,0.0,-,True,pv,False
South Georgia,Solar photovoltaic,OnGrid,2022,0.0,-,True,pv,False
South Georgia,Solar photovoltaic,OnGrid,2023,0.0,-,True,pv,False
South Georgia,Solar photovoltaic,OnGrid,2024,0.0,-,True,pv,False
South Georgia,Onshore wind energy,OnGrid,2000,0.0,-,True,wind,False
South Georgia,Onshore wind energy,OnGrid,2001,0.0,-,True,wind,False
South Georgia,Onshore wind energy,OnGrid,2002,0.0,-,True,wind,False
South Georgia,Onshore wind energy,OnGrid,2003,0.0,-,True,wind,False
South Georgia,Onshore wind energy,OnGrid,2004,0.0,-,True,wind,False
South Georgia,Onshore wind energy,OnGrid,2005,0.0,-,True,wind,False
South Georgia,Onshore wind energy,OnGrid,2006,0.0,-,True,wind,False
South Georgia,Onshore wind energy,OnGrid,2007,0.0,-,True,wind,False
South Georgia,Onshore wind energy,OnGrid,2008,0.0,-,True,wind,False
South Georgia,Onshore wind energy,OnGrid,2009,0.0,-,True,wind,False
South Georgia,Onshore wind energy,OnGrid,2010,0.0,-,True,wind,False
South Georgia,Onshore wind energy,OnGrid,2011,0.0,-,True,wind,False
South Georgia,Onshore wind energy,OnGrid,2012,0.0,-,True,wind,False
South Georgia,Onshore wind energy,OnGrid,2013,0.0,-,True,wind,False
South Georgia,Onshore wind energy,OnGrid,2014,0.0,-,True,wind,False
South Georgia,Onshore wind energy,OnGrid,2015,0.0,-,True,wind,False
South Georgia,Onshore wind energy,OnGrid,2016,0.0,-,True,wind,False
South Georgia,Onshore wind energy,OnGrid,2017,0.0,-,True,wind,False
South Georgia,Onshore wind energy,OnGrid,2018,0.0,-,True,wind,False
South Georgia,Onshore wind energy,OnGrid,2019,0.0,-,True,wind,False
South Georgia,Onshore wind energy,OnGrid,2020,0.0,-,True,wind,False
South Georgia,Onshore wind energy,OnGrid,2021,0.0,-,True,wind,False
South Georgia,Onshore wind energy,OnGrid,2022,0.0,-,True,wind,False
South Georgia,Onshore wind energy,OnGrid,2023,0.0,-,True,wind,False
South Georgia,Onshore wind energy,OnGrid,2024,0.0,-,True,wind,False
South Sudan,Solar photovoltaic,OnGrid,2000,0.0,-,True,pv,False
South Sudan,Solar photovoltaic,OnGrid,2001,0.0,-,True,pv,False
South Sudan,Solar photovoltaic,OnGrid,2002,0.0,-,True,pv,False
South Sudan,Solar photovoltaic,OnGrid,2003,0.0,-,True,pv,False
South Sudan,Solar photovoltaic,OnGrid,2004,0.0,-,True,pv,False
South Sudan,Solar photovoltaic,OnGrid,2005,0.0,-,True,pv,False
South Sudan,Solar photovoltaic,OnGrid,2006,0.0,-,True,pv,False
South Sudan,Solar photovoltaic,OnGrid,2007,0.0,-,True,pv,False
South Sudan,Solar photovoltaic,OnGrid,2008,0.0,-,True,pv,False
South Sudan,Solar photovoltaic,OnGrid,2009,0.0,-,True,pv,False
South Sudan,Solar photovoltaic,OnGrid,2010,0.0,-,True,pv,False
South Sudan,Solar photovoltaic,OnGrid,2011,0.0,-,True,pv,False
South Sudan,Solar photovoltaic,OnGrid,2012,0.0,-,True,pv,False
South Sudan,Solar photovoltaic,OnGrid,2013,0.0,-,True,pv,False
South Sudan,Solar photovoltaic,OnGrid,2014,0.0,-,True,pv,False
South Sudan,Solar photovoltaic,OnGrid,2015,0.0,-,True,pv,False
South Sudan,Solar photovoltaic,OnGrid,2016,0.0,-,True,pv,False
South Sudan,Solar photovoltaic,OnGrid,2017,0.0,-,True,pv,False
South Sudan,Solar photovoltaic,OnGrid,2018,0.0,-,True,pv,False
South Sudan,Solar photovoltaic,OnGrid,2019,0.0,-,True,pv,False
South Sudan,Solar photovoltaic,OnGrid,2020,1.0,1,False,pv,False
South Sudan,Solar photovoltaic,OnGrid,2021,1.0,1,False,pv,False
South Sudan,Solar photovoltaic,OnGrid,2022,1.0,1,False,pv,False
South Sudan,Solar photovoltaic,OnGrid,2023,13.0,13,False,pv,False
South Sudan,Solar photovoltaic,OnGrid,2024,27.0,27,False,pv,False
South Sudan,Onshore wind energy,OnGrid,2000,0.0,-,True,wind,False
South Sudan,Onshore wind energy,OnGrid,2001,0.0,-,True,wind,False
South Sudan,Onshore wind energy,OnGrid,2002,0.0,-,True,wind,False
South Sudan,Onshore wind energy,OnGrid,2003,0.0,-,True,wind,False
South Sudan,Onshore wind energy,OnGrid,2004,0.0,-,True,wind,False
South Sudan,Onshore wind energy,OnGrid,2005,0.0,-,True,wind,False
South Sudan,Onshore wind energy,OnGrid,2006,0.0,-,True,wind,False
South Sudan,Onshore wind energy,OnGrid,2007,0.0,-,True,wind,False
South Sudan,Onshore wind energy,OnGrid,2008,0.0,-,True,wind,False
South Sudan,Onshore wind energy,OnGrid,2009,0.0,-,True,wind,False
South Sudan,Onshore wind energy,OnGrid,2010,0.0,-,True,wind,False
South Sudan,Onshore wind energy,OnGrid,2011,0.0,-,True,wind,False
South Sudan,Onshore wind energy,OnGrid,2012,0.0,-,True,wind,False
South Sudan,Onshore wind energy,OnGrid,2013,0.0,-,True,wind,False
South Sudan,Onshore wind energy,OnGrid,2014,0.0,-,True,wind,False
South Sudan,Onshore wind energy,OnGrid,2015,0.0,-,True,wind,False
South Sudan,Onshore wind energy,OnGrid,2016,0.0,-,True,wind,False
South Sudan,Onshore wind energy,OnGrid,2017,0.0,-,True,wind,False
South Sudan,Onshore wind energy,OnGrid,2018,0.0,-,True,wind,False
South Sudan,Onshore wind energy,OnGrid,2019,0.0,-,True,wind,False
South Sudan,Onshore wind energy,OnGrid,2020,0.0,-,True,wind,False
South Sudan,Onshore wind energy,OnGrid,2021,0.0,-,True,wind,False
South Sudan,Onshore wind energy,OnGrid,2022,0.0,-,True,wind,False
South Sudan,Onshore wind energy,OnGrid,2023,0.0,-,True,wind,False
South Sudan,Onshore wind energy,OnGrid,2024,0.0,-,True,wind,False
Spain,Solar photovoltaic,OnGrid,2000,10.29,10.29,False,pv,False
Spain,Solar photovoltaic,OnGrid,2001,13.14,13.14,False,pv,False
Spain,Solar photovoltaic,OnGrid,2002,16.97,16.97,False,pv,False
Spain,Solar photovoltaic,OnGrid,2003,22.38,22.38,False,pv,False
Spain,Solar photovoltaic,OnGrid,2004,32.82,32.82,False,pv,False
Spain,Solar photovoltaic,OnGrid,2005,51.96,51.96,False,pv,False
Spain,Solar photovoltaic,OnGrid,2006,130.76,130.76,False,pv,False
Spain,Solar photovoltaic,OnGrid,2007,494.92,494.92,False,pv,False
Spain,Solar photovoltaic,OnGrid,2008,3387.25,3387.25,False,pv,False
Spain,Solar photovoltaic,OnGrid,2009,3428.12,3428.12,False,pv,False
Spain,Solar photovoltaic,OnGrid,2010,3880.06,3880.06,False,pv,False
Spain,Solar photovoltaic,OnGrid,2011,4288.05,4288.05,False,pv,False
Spain,Solar photovoltaic,OnGrid,2012,4574.7,4574.7,False,pv,False
Spain,Solar photovoltaic,OnGrid,2013,4695.71,4695.71,False,pv,False
Spain,Solar photovoltaic,OnGrid,2014,4702.47,4702.47,False,pv,False
Spain,Solar photovoltaic,OnGrid,2015,4709.69,4709.69,False,pv,False
Spain,Solar photovoltaic,OnGrid,2016,4713.93,4713.93,False,pv,False
Spain,Solar photovoltaic,OnGrid,2017,4722.2,4722.2,False,pv,False
Spain,Solar photovoltaic,OnGrid,2018,4763.61,4763.61,False,pv,False
Spain,Solar photovoltaic,OnGrid,2019,8807.2,8807.2,False,pv,False
Spain,Solar photovoltaic,OnGrid,2020,10135.59,10135.59,False,pv,False
Spain,Solar photovoltaic,OnGrid,2021,13715.2,13715.2,False,pv,False
Spain,Solar photovoltaic,OnGrid,2022,23897.32,23897.32,False,pv,False
Spain,Solar photovoltaic,OnGrid,2023,29579.61,29579.61,False,pv,False
Spain,Solar photovoltaic,OnGrid,2024,35822.87,35822.87,False,pv,False
Spain,Onshore wind energy,OnGrid,2000,2206.0,2206,False,wind,False
Spain,Onshore wind energy,OnGrid,2001,3397.0,3397,False,wind,False
Spain,Onshore wind energy,OnGrid,2002,4891.0,4891,False,wind,False
Spain,Onshore wind energy,OnGrid,2003,5945.0,5945,False,wind,False
Spain,Onshore wind energy,OnGrid,2004,8317.0,8317,False,wind,False
Spain,Onshore wind energy,OnGrid,2005,9918.0,9918,False,wind,False
Spain,Onshore wind energy,OnGrid,2006,11722.0,11722,False,wind,False
Spain,Onshore wind energy,OnGrid,2007,14820.0,14820,False,wind,False
Spain,Onshore wind energy,OnGrid,2008,16555.0,16555,False,wind,False
Spain,Onshore wind energy,OnGrid,2009,19176.0,19176,False,wind,False
Spain,Onshore wind energy,OnGrid,2010,20693.0,20693,False,wind,False
Spain,Onshore wind energy,OnGrid,2011,21529.0,21529,False,wind,False
Spain,Onshore wind energy,OnGrid,2012,22789.0,22789,False,wind,False
Spain,Onshore wind energy,OnGrid,2013,22953.0,22953,False,wind,False
Spain,Onshore wind energy,OnGrid,2014,22920.0,22920,False,wind,False
Spain,Onshore wind energy,OnGrid,2015,22938.0,22938,False,wind,False
Spain,Onshore wind energy,OnGrid,2016,22985.0,22985,False,wind,False
Spain,Onshore wind energy,OnGrid,2017,23119.48,23119.48,False,wind,False
Spain,Onshore wind energy,OnGrid,2018,23400.06,23400.06,False,wind,False
Spain,Onshore wind energy,OnGrid,2019,25585.08,25585.08,False,wind,False
Spain,Onshore wind energy,OnGrid,2020,26814.19,26814.19,False,wind,False
Spain,Onshore wind energy,OnGrid,2021,27902.65,27902.65,False,wind,False
Spain,Onshore wind energy,OnGrid,2022,30108.76,30108.76,False,wind,False
Spain,Onshore wind energy,OnGrid,2023,30863.5,30863.5,False,wind,False
Spain,Onshore wind energy,OnGrid,2024,32179.27,32179.27,False,wind,False
Sri Lanka,Solar photovoltaic,OnGrid,2000,0.02,0.02,False,pv,False
Sri Lanka,Solar photovoltaic,OnGrid,2001,0.02,0.02,False,pv,False
Sri Lanka,Solar photovoltaic,OnGrid,2002,0.02,0.02,False,pv,False
Sri Lanka,Solar photovoltaic,OnGrid,2003,0.02,0.02,False,pv,False
Sri Lanka,Solar photovoltaic,OnGrid,2004,0.02,0.02,False,pv,False
Sri Lanka,Solar photovoltaic,OnGrid,2005,0.02,0.02,False,pv,False
Sri Lanka,Solar photovoltaic,OnGrid,2006,0.02,0.02,False,pv,False
Sri Lanka,Solar photovoltaic,OnGrid,2007,0.02,0.02,False,pv,False
Sri Lanka,Solar photovoltaic,OnGrid,2008,0.0,0,False,pv,False
Sri Lanka,Solar photovoltaic,OnGrid,2009,0.0,0,False,pv,False
Sri Lanka,Solar photovoltaic,OnGrid,2010,0.0,0,False,pv,False
Sri Lanka,Solar photovoltaic,OnGrid,2011,1.36,1.36,False,pv,False
Sri Lanka,Solar photovoltaic,OnGrid,2012,1.36,1.36,False,pv,False
Sri Lanka,Solar photovoltaic,OnGrid,2013,4.71,4.71,False,pv,False
Sri Lanka,Solar photovoltaic,OnGrid,2014,14.63,14.63,False,pv,False
Sri Lanka,Solar photovoltaic,OnGrid,2015,29.07,29.07,False,pv,False
Sri Lanka,Solar photovoltaic,OnGrid,2016,63.68,63.68,False,pv,False
Sri Lanka,Solar photovoltaic,OnGrid,2017,146.48,146.48,False,pv,False
Sri Lanka,Solar photovoltaic,OnGrid,2018,220.52,220.52,False,pv,False
Sri Lanka,Solar photovoltaic,OnGrid,2019,341.93,341.93,False,pv,False
Sri Lanka,Solar photovoltaic,OnGrid,2020,427.96,427.96,False,pv,False
Sri Lanka,Solar photovoltaic,OnGrid,2021,616.78,616.78,False,pv,False
Sri Lanka,Solar photovoltaic,OnGrid,2022,792.52,792.52,False,pv,False
Sri Lanka,Solar photovoltaic,OnGrid,2023,950.18,950.18,False,pv,False
Sri Lanka,Solar photovoltaic,OnGrid,2024,1571.59,1571.59,False,pv,False
Sri Lanka,Onshore wind energy,OnGrid,2000,3.0,3,False,wind,False
Sri Lanka,Onshore wind energy,OnGrid,2001,3.0,3,False,wind,False
Sri Lanka,Onshore wind energy,OnGrid,2002,3.0,3,False,wind,False
Sri Lanka,Onshore wind energy,OnGrid,2003,3.0,3,False,wind,False
Sri Lanka,Onshore wind energy,OnGrid,2004,3.0,3,False,wind,False
Sri Lanka,Onshore wind energy,OnGrid,2005,3.0,3,False,wind,False
Sri Lanka,Onshore wind energy,OnGrid,2006,3.0,3,False,wind,False
Sri Lanka,Onshore wind energy,OnGrid,2007,3.0,3,False,wind,False
Sri Lanka,Onshore wind energy,OnGrid,2008,3.0,3,False,wind,False
Sri Lanka,Onshore wind energy,OnGrid,2009,3.0,3,False,wind,False
Sri Lanka,Onshore wind energy,OnGrid,2010,33.85,33.85,False,wind,False
Sri Lanka,Onshore wind energy,OnGrid,2011,43.85,43.85,False,wind,False
Sri Lanka,Onshore wind energy,OnGrid,2012,76.65,76.65,False,wind,False
Sri Lanka,Onshore wind energy,OnGrid,2013,81.45,81.45,False,wind,False
Sri Lanka,Onshore wind energy,OnGrid,2014,121.45,121.45,False,wind,False
Sri Lanka,Onshore wind energy,OnGrid,2015,131.45,131.45,False,wind,False
Sri Lanka,Onshore wind energy,OnGrid,2016,131.45,131.45,False,wind,False
Sri Lanka,Onshore wind energy,OnGrid,2017,131.45,131.45,False,wind,False
Sri Lanka,Onshore wind energy,OnGrid,2018,128.45,128.45,False,wind,False
Sri Lanka,Onshore wind energy,OnGrid,2019,128.45,128.45,False,wind,False
Sri Lanka,Onshore wind energy,OnGrid,2020,179.0,179,False,wind,False
Sri Lanka,Onshore wind energy,OnGrid,2021,252.0,252,False,wind,False
Sri Lanka,Onshore wind energy,OnGrid,2022,252.0,252,False,wind,False
Sri Lanka,Onshore wind energy,OnGrid,2023,267.0,267,False,wind,False
Sri Lanka,Onshore wind energy,OnGrid,2024,267.0,267,False,wind,False
St Barth,Solar photovoltaic,OnGrid,2000,0.0,-,True,pv,False
St Barth,Solar photovoltaic,OnGrid,2001,0.0,-,True,pv,False
St Barth,Solar photovoltaic,OnGrid,2002,0.0,-,True,pv,False
St Barth,Solar photovoltaic,OnGrid,2003,0.0,-,True,pv,False
St Barth,Solar photovoltaic,OnGrid,2004,0.0,-,True,pv,False
St Barth,Solar photovoltaic,OnGrid,2005,0.0,-,True,pv,False
St Barth,Solar photovoltaic,OnGrid,2006,0.0,-,True,pv,False
St Barth,Solar photovoltaic,OnGrid,2007,0.0,-,True,pv,False
St Barth,Solar photovoltaic,OnGrid,2008,0.0,-,True,pv,False
St Barth,Solar photovoltaic,OnGrid,2009,0.0,-,True,pv,False
St Barth,Solar photovoltaic,OnGrid,2010,0.0,-,True,pv,False
St Barth,Solar photovoltaic,OnGrid,2011,0.0,-,True,pv,False
St Barth,Solar photovoltaic,OnGrid,2012,0.0,-,True,pv,False
St Barth,Solar photovoltaic,OnGrid,2013,0.0,-,True,pv,False
St Barth,Solar photovoltaic,OnGrid,2014,0.0,-,True,pv,False
St Barth,Solar photovoltaic,OnGrid,2015,0.0,-,True,pv,False
St Barth,Solar photovoltaic,OnGrid,2016,0.02,0.02,False,pv,False
St Barth,Solar photovoltaic,OnGrid,2017,0.02,0.02,False,pv,False
St Barth,Solar photovoltaic,OnGrid,2018,0.02,0.02,False,pv,False
St Barth,Solar photovoltaic,OnGrid,2019,0.02,0.02,False,pv,False
St Barth,Solar photovoltaic,OnGrid,2020,0.04,0.04,False,pv,False
St Barth,Solar photovoltaic,OnGrid,2021,0.04,0.04,False,pv,False
St Barth,Solar photovoltaic,OnGrid,2022,0.06,0.06,False,pv,False
St Barth,Solar photovoltaic,OnGrid,2023,0.06,0.06,False,pv,False
St Barth,Solar photovoltaic,OnGrid,2024,1.2,1.2,False,pv,False
St Barth,Onshore wind energy,OnGrid,2000,0.0,-,True,wind,False
St Barth,Onshore wind energy,OnGrid,2001,0.0,-,True,wind,False
St Barth,Onshore wind energy,OnGrid,2002,0.0,-,True,wind,False
St Barth,Onshore wind energy,OnGrid,2003,0.0,-,True,wind,False
St Barth,Onshore wind energy,OnGrid,2004,0.0,-,True,wind,False
St Barth,Onshore wind energy,OnGrid,2005,0.0,-,True,wind,False
St Barth,Onshore wind energy,OnGrid,2006,0.0,-,True,wind,False
St Barth,Onshore wind energy,OnGrid,2007,0.0,-,True,wind,False
St Barth,Onshore wind energy,OnGrid,2008,0.0,-,True,wind,False
St Barth,Onshore wind energy,OnGrid,2009,0.0,-,True,wind,False
St Barth,Onshore wind energy,OnGrid,2010,0.0,-,True,wind,False
St Barth,Onshore wind energy,OnGrid,2011,0.0,-,True,wind,False
St Barth,Onshore wind energy,OnGrid,2012,0.0,-,True,wind,False
St Barth,Onshore wind energy,OnGrid,2013,0.0,-,True,wind,False
St Barth,Onshore wind energy,OnGrid,2014,0.0,-,True,wind,False
St Barth,Onshore wind energy,OnGrid,2015,0.0,-,True,wind,False
St Barth,Onshore wind energy,OnGrid,2016,0.0,-,True,wind,False
St Barth,Onshore wind energy,OnGrid,2017,0.0,-,True,wind,False
St Barth,Onshore wind energy,OnGrid,2018,0.0,-,True,wind,False
St Barth,Onshore wind energy,OnGrid,2019,0.0,-,True,wind,False
St Barth,Onshore wind energy,OnGrid,2020,0.0,-,True,wind,False
St Barth,Onshore wind energy,OnGrid,2021,0.0,-,True,wind,False
St Barth,Onshore wind energy,OnGrid,2022,0.0,-,True,wind,False
St Barth,Onshore wind energy,OnGrid,2023,0.0,-,True,wind,False
St Barth,Onshore wind energy,OnGrid,2024,0.0,-,True,wind,False
St Kitts Nevis,Solar photovoltaic,OnGrid,2000,0.0,-,True,pv,False
St Kitts Nevis,Solar photovoltaic,OnGrid,2001,0.0,-,True,pv,False
St Kitts Nevis,Solar photovoltaic,OnGrid,2002,0.0,-,True,pv,False
St Kitts Nevis,Solar photovoltaic,OnGrid,2003,0.0,-,True,pv,False
St Kitts Nevis,Solar photovoltaic,OnGrid,2004,0.0,-,True,pv,False
St Kitts Nevis,Solar photovoltaic,OnGrid,2005,0.0,-,True,pv,False
St Kitts Nevis,Solar photovoltaic,OnGrid,2006,0.0,-,True,pv,False
St Kitts Nevis,Solar photovoltaic,OnGrid,2007,0.0,-,True,pv,False
St Kitts Nevis,Solar photovoltaic,OnGrid,2008,0.0,-,True,pv,False
St Kitts Nevis,Solar photovoltaic,OnGrid,2009,0.0,-,True,pv,False
St Kitts Nevis,Solar photovoltaic,OnGrid,2010,0.06,0.06,False,pv,False
St Kitts Nevis,Solar photovoltaic,OnGrid,2011,0.18,0.18,False,pv,False
St Kitts Nevis,Solar photovoltaic,OnGrid,2012,0.18,0.18,False,pv,False
St Kitts Nevis,Solar photovoltaic,OnGrid,2013,1.43,1.43,False,pv,False
St Kitts Nevis,Solar photovoltaic,OnGrid,2014,1.43,1.43,False,pv,False
St Kitts Nevis,Solar photovoltaic,OnGrid,2015,1.43,1.43,False,pv,False
St Kitts Nevis,Solar photovoltaic,OnGrid,2016,1.93,1.93,False,pv,False
St Kitts Nevis,Solar photovoltaic,OnGrid,2017,1.93,1.93,False,pv,False
St Kitts Nevis,Solar photovoltaic,OnGrid,2018,1.96,1.96,False,pv,False
St Kitts Nevis,Solar photovoltaic,OnGrid,2019,2.01,2.01,False,pv,False
St Kitts Nevis,Solar photovoltaic,OnGrid,2020,3.01,3.01,False,pv,False
St Kitts Nevis,Solar photovoltaic,OnGrid,2021,3.01,3.01,False,pv,False
St Kitts Nevis,Solar photovoltaic,OnGrid,2022,3.01,3.01,False,pv,False
St Kitts Nevis,Solar photovoltaic,OnGrid,2023,3.01,3.01,False,pv,False
St Kitts Nevis,Solar photovoltaic,OnGrid,2024,4.51,4.51,False,pv,False
St Kitts Nevis,Onshore wind energy,OnGrid,2000,0.0,-,True,wind,False
St Kitts Nevis,Onshore wind energy,OnGrid,2001,0.0,-,True,wind,False
St Kitts Nevis,Onshore wind energy,OnGrid,2002,0.0,-,True,wind,False
St Kitts Nevis,Onshore wind energy,OnGrid,2003,0.0,-,True,wind,False
St Kitts Nevis,Onshore wind energy,OnGrid,2004,0.0,-,True,wind,False
St Kitts Nevis,Onshore wind energy,OnGrid,2005,0.0,-,True,wind,False
St Kitts Nevis,Onshore wind energy,OnGrid,2006,0.0,-,True,wind,False
St Kitts Nevis,Onshore wind energy,OnGrid,2007,0.0,-,True,wind,False
St Kitts Nevis,Onshore wind energy,OnGrid,2008,0.0,-,True,wind,False
St Kitts Nevis,Onshore wind energy,OnGrid,2009,0.0,-,True,wind,False
St Kitts Nevis,Onshore wind energy,OnGrid,2010,2.2,2.2,False,wind,False
St Kitts Nevis,Onshore wind energy,OnGrid,2011,2.2,2.2,False,wind,False
St Kitts Nevis,Onshore wind energy,OnGrid,2012,2.2,2.2,False,wind,False
St Kitts Nevis,Onshore wind energy,OnGrid,2013,2.2,2.2,False,wind,False
St Kitts Nevis,Onshore wind energy,OnGrid,2014,2.2,2.2,False,wind,False
St Kitts Nevis,Onshore wind energy,OnGrid,2015,2.2,2.2,False,wind,False
St Kitts Nevis,Onshore wind energy,OnGrid,2016,2.2,2.2,False,wind,False
St Kitts Nevis,Onshore wind energy,OnGrid,2017,2.2,2.2,False,wind,False
St Kitts Nevis,Onshore wind energy,OnGrid,2018,2.2,2.2,False,wind,False
St Kitts Nevis,Onshore wind energy,OnGrid,2019,2.2,2.2,False,wind,False
St Kitts Nevis,Onshore wind energy,OnGrid,2020,2.2,2.2,False,wind,False
St Kitts Nevis,Onshore wind energy,OnGrid,2021,2.2,2.2,False,wind,False
St Kitts Nevis,Onshore wind energy,OnGrid,2022,2.2,2.2,False,wind,False
St Kitts Nevis,Onshore wind energy,OnGrid,2023,2.2,2.2,False,wind,False
St Kitts Nevis,Onshore wind energy,OnGrid,2024,2.2,2.2,False,wind,False
St Lucia,Solar photovoltaic,OnGrid,2000,0.0,-,True,pv,False
St Lucia,Solar photovoltaic,OnGrid,2001,0.0,-,True,pv,False
St Lucia,Solar photovoltaic,OnGrid,2002,0.0,-,True,pv,False
St Lucia,Solar photovoltaic,OnGrid,2003,0.0,-,True,pv,False
St Lucia,Solar photovoltaic,OnGrid,2004,0.0,-,True,pv,False
St Lucia,Solar photovoltaic,OnGrid,2005,0.0,-,True,pv,False
St Lucia,Solar photovoltaic,OnGrid,2006,0.0,-,True,pv,False
St Lucia,Solar photovoltaic,OnGrid,2007,0.0,-,True,pv,False
St Lucia,Solar photovoltaic,OnGrid,2008,0.0,-,True,pv,False
St Lucia,Solar photovoltaic,OnGrid,2009,0.01,0.01,False,pv,False
St Lucia,Solar photovoltaic,OnGrid,2010,0.02,0.02,False,pv,False
St Lucia,Solar photovoltaic,OnGrid,2011,0.02,0.02,False,pv,False
St Lucia,Solar photovoltaic,OnGrid,2012,0.05,0.05,False,pv,False
St Lucia,Solar photovoltaic,OnGrid,2013,0.06,0.06,False,pv,False
St Lucia,Solar photovoltaic,OnGrid,2014,0.1,0.1,False,pv,False
St Lucia,Solar photovoltaic,OnGrid,2015,0.76,0.76,False,pv,False
St Lucia,Solar photovoltaic,OnGrid,2016,0.87,0.87,False,pv,False
St Lucia,Solar photovoltaic,OnGrid,2017,0.87,0.87,False,pv,False
St Lucia,Solar photovoltaic,OnGrid,2018,3.87,3.87,False,pv,False
St Lucia,Solar photovoltaic,OnGrid,2019,4.11,4.11,False,pv,False
St Lucia,Solar photovoltaic,OnGrid,2020,4.16,4.16,False,pv,False
St Lucia,Solar photovoltaic,OnGrid,2021,4.16,4.16,False,pv,False
St Lucia,Solar photovoltaic,OnGrid,2022,4.16,4.16,False,pv,False
St Lucia,Solar photovoltaic,OnGrid,2023,4.24,4.24,False,pv,False
St Lucia,Solar photovoltaic,OnGrid,2024,4.98,4.98,False,pv,False
St Lucia,Onshore wind energy,OnGrid,2000,0.0,-,True,wind,False
St Lucia,Onshore wind energy,OnGrid,2001,0.0,-,True,wind,False
St Lucia,Onshore wind energy,OnGrid,2002,0.0,-,True,wind,False
St Lucia,Onshore wind energy,OnGrid,2003,0.0,-,True,wind,False
St Lucia,Onshore wind energy,OnGrid,2004,0.0,-,True,wind,False
St Lucia,Onshore wind energy,OnGrid,2005,0.0,-,True,wind,False
St Lucia,Onshore wind energy,OnGrid,2006,0.0,-,True,wind,False
St Lucia,Onshore wind energy,OnGrid,2007,0.0,-,True,wind,False
St Lucia,Onshore wind energy,OnGrid,2008,0.0,-,True,wind,False
St Lucia,Onshore wind energy,OnGrid,2009,0.0,-,True,wind,False
St Lucia,Onshore wind energy,OnGrid,2010,0.0,-,True,wind,False
St Lucia,Onshore wind energy,OnGrid,2011,0.0,-,True,wind,False
St Lucia,Onshore wind energy,OnGrid,2012,0.0,-,True,wind,False
St Lucia,Onshore wind energy,OnGrid,2013,0.0,-,True,wind,False
St Lucia,Onshore wind energy,OnGrid,2014,0.0,-,True,wind,False
St Lucia,Onshore wind energy,OnGrid,2015,0.0,-,True,wind,False
St Lucia,Onshore wind energy,OnGrid,2016,0.0,-,True,wind,False
St Lucia,Onshore wind energy,OnGrid,2017,0.0,-,True,wind,False
St Lucia,Onshore wind energy,OnGrid,2018,0.0,-,True,wind,False
St Lucia,Onshore wind energy,OnGrid,2019,0.0,-,True,wind,False
St Lucia,Onshore wind energy,OnGrid,2020,0.0,-,True,wind,False
St Lucia,Onshore wind energy,OnGrid,2021,0.0,-,True,wind,False
St Lucia,Onshore wind energy,OnGrid,2022,0.0,-,True,wind,False
St Lucia,Onshore wind energy,OnGrid,2023,0.0,-,True,wind,False
St Lucia,Onshore wind energy,OnGrid,2024,0.0,-,True,wind,False
St Maarten,Solar photovoltaic,OnGrid,2000,0.0,-,True,pv,False
St Maarten,Solar photovoltaic,OnGrid,2001,0.0,-,True,pv,False
St Maarten,Solar photovoltaic,OnGrid,2002,0.0,-,True,pv,False
St Maarten,Solar photovoltaic,OnGrid,2003,0.0,-,True,pv,False
St Maarten,Solar photovoltaic,OnGrid,2004,0.0,-,True,pv,False
St Maarten,Solar photovoltaic,OnGrid,2005,0.0,-,True,pv,False
St Maarten,Solar photovoltaic,OnGrid,2006,0.0,-,True,pv,False
St Maarten,Solar photovoltaic,OnGrid,2007,0.0,-,True,pv,False
St Maarten,Solar photovoltaic,OnGrid,2008,0.0,-,True,pv,False
St Maarten,Solar photovoltaic,OnGrid,2009,0.0,-,True,pv,False
St Maarten,Solar photovoltaic,OnGrid,2010,0.0,-,True,pv,False
St Maarten,Solar photovoltaic,OnGrid,2011,0.0,-,True,pv,False
St Maarten,Solar photovoltaic,OnGrid,2012,0.0,-,True,pv,False
St Maarten,Solar photovoltaic,OnGrid,2013,0.0,-,True,pv,False
St Maarten,Solar photovoltaic,OnGrid,2014,0.0,-,True,pv,False
St Maarten,Solar photovoltaic,OnGrid,2015,0.0,-,True,pv,False
St Maarten,Solar photovoltaic,OnGrid,2016,0.0,-,True,pv,False
St Maarten,Solar photovoltaic,OnGrid,2017,0.0,-,True,pv,False
St Maarten,Solar photovoltaic,OnGrid,2018,0.0,-,True,pv,False
St Maarten,Solar photovoltaic,OnGrid,2019,0.0,-,True,pv,False
St Maarten,Solar photovoltaic,OnGrid,2020,0.0,-,True,pv,False
St Maarten,Solar photovoltaic,OnGrid,2021,0.0,-,True,pv,False
St Maarten,Solar photovoltaic,OnGrid,2022,0.09,0.09,False,pv,False
St Maarten,Solar photovoltaic,OnGrid,2023,0.09,0.09,False,pv,False
St Maarten,Solar photovoltaic,OnGrid,2024,0.09,0.09,False,pv,False
St Maarten,Onshore wind energy,OnGrid,2000,0.0,-,True,wind,False
St Maarten,Onshore wind energy,OnGrid,2001,0.0,-,True,wind,False
St Maarten,Onshore wind energy,OnGrid,2002,0.0,-,True,wind,False
St Maarten,Onshore wind energy,OnGrid,2003,0.0,-,True,wind,False
St Maarten,Onshore wind energy,OnGrid,2004,0.0,-,True,wind,False
St Maarten,Onshore wind energy,OnGrid,2005,0.0,-,True,wind,False
St Maarten,Onshore wind energy,OnGrid,2006,0.0,-,True,wind,False
St Maarten,Onshore wind energy,OnGrid,2007,0.0,-,True,wind,False
St Maarten,Onshore wind energy,OnGrid,2008,0.0,-,True,wind,False
St Maarten,Onshore wind energy,OnGrid,2009,0.0,-,True,wind,False
St Maarten,Onshore wind energy,OnGrid,2010,0.0,-,True,wind,False
St Maarten,Onshore wind energy,OnGrid,2011,0.0,-,True,wind,False
St Maarten,Onshore wind energy,OnGrid,2012,0.0,-,True,wind,False
St Maarten,Onshore wind energy,OnGrid,2013,0.0,-,True,wind,False
St Maarten,Onshore wind energy,OnGrid,2014,0.0,-,True,wind,False
St Maarten,Onshore wind energy,OnGrid,2015,0.0,-,True,wind,False
St Maarten,Onshore wind energy,OnGrid,2016,0.0,-,True,wind,False
St Maarten,Onshore wind energy,OnGrid,2017,0.0,-,True,wind,False
St Maarten,Onshore wind energy,OnGrid,2018,0.0,-,True,wind,False
St Maarten,Onshore wind energy,OnGrid,2019,0.0,-,True,wind,False
St Maarten,Onshore wind energy,OnGrid,2020,0.0,-,True,wind,False
St Maarten,Onshore wind energy,OnGrid,2021,0.0,-,True,wind,False
St Maarten,Onshore wind energy,OnGrid,2022,0.0,-,True,wind,False
St Maarten,Onshore wind energy,OnGrid,2023,0.0,-,True,wind,False
St Maarten,Onshore wind energy,OnGrid,2024,0.0,-,True,wind,False
St Martin,Solar photovoltaic,OnGrid,2000,0.0,-,True,pv,False
St Martin,Solar photovoltaic,OnGrid,2001,0.0,-,True,pv,False
St Martin,Solar photovoltaic,OnGrid,2002,0.0,-,True,pv,False
St Martin,Solar photovoltaic,OnGrid,2003,0.0,-,True,pv,False
St Martin,Solar photovoltaic,OnGrid,2004,0.0,-,True,pv,False
St Martin,Solar photovoltaic,OnGrid,2005,0.0,-,True,pv,False
St Martin,Solar photovoltaic,OnGrid,2006,0.0,-,True,pv,False
St Martin,Solar photovoltaic,OnGrid,2007,0.0,-,True,pv,False
St Martin,Solar photovoltaic,OnGrid,2008,0.0,-,True,pv,False
St Martin,Solar photovoltaic,OnGrid,2009,0.0,-,True,pv,False
St Martin,Solar photovoltaic,OnGrid,2010,0.0,-,True,pv,False
St Martin,Solar photovoltaic,OnGrid,2011,0.0,-,True,pv,False
St Martin,Solar photovoltaic,OnGrid,2012,0.0,-,True,pv,False
St Martin,Solar photovoltaic,OnGrid,2013,1.4,1.4,False,pv,False
St Martin,Solar photovoltaic,OnGrid,2014,1.6,1.6,False,pv,False
St Martin,Solar photovoltaic,OnGrid,2015,2.6,2.6,False,pv,False
St Martin,Solar photovoltaic,OnGrid,2016,1.8,1.8,False,pv,False
St Martin,Solar photovoltaic,OnGrid,2017,0.1,0.1,False,pv,False
St Martin,Solar photovoltaic,OnGrid,2018,0.1,0.1,False,pv,False
St Martin,Solar photovoltaic,OnGrid,2019,0.5,0.5,False,pv,False
St Martin,Solar photovoltaic,OnGrid,2020,1.0,1,False,pv,False
St Martin,Solar photovoltaic,OnGrid,2021,1.0,1,False,pv,False
St Martin,Solar photovoltaic,OnGrid,2022,1.9,1.9,False,pv,False
St Martin,Solar photovoltaic,OnGrid,2023,2.1,2.1,False,pv,False
St Martin,Solar photovoltaic,OnGrid,2024,2.1,2.1,False,pv,False
St Martin,Onshore wind energy,OnGrid,2000,0.0,-,True,wind,False
St Martin,Onshore wind energy,OnGrid,2001,0.0,-,True,wind,False
St Martin,Onshore wind energy,OnGrid,2002,0.0,-,True,wind,False
St Martin,Onshore wind energy,OnGrid,2003,0.0,-,True,wind,False
St Martin,Onshore wind energy,OnGrid,2004,0.0,-,True,wind,False
St Martin,Onshore wind energy,OnGrid,2005,0.0,-,True,wind,False
St Martin,Onshore wind energy,OnGrid,2006,0.0,-,True,wind,False
St Martin,Onshore wind energy,OnGrid,2007,0.0,-,True,wind,False
St Martin,Onshore wind energy,OnGrid,2008,0.0,-,True,wind,False
St Martin,Onshore wind energy,OnGrid,2009,0.0,-,True,wind,False
St Martin,Onshore wind energy,OnGrid,2010,0.0,-,True,wind,False
St Martin,Onshore wind energy,OnGrid,2011,0.0,-,True,wind,False
St Martin,Onshore wind energy,OnGrid,2012,0.0,-,True,wind,False
St Martin,Onshore wind energy,OnGrid,2013,0.0,-,True,wind,False
St Martin,Onshore wind energy,OnGrid,2014,0.0,-,True,wind,False
St Martin,Onshore wind energy,OnGrid,2015,0.0,-,True,wind,False
St Martin,Onshore wind energy,OnGrid,2016,0.0,-,True,wind,False
St Martin,Onshore wind energy,OnGrid,2017,0.0,-,True,wind,False
St Martin,Onshore wind energy,OnGrid,2018,0.0,-,True,wind,False
St Martin,Onshore wind energy,OnGrid,2019,0.0,-,True,wind,False
St Martin,Onshore wind energy,OnGrid,2020,0.0,-,True,wind,False
St Martin,Onshore wind energy,OnGrid,2021,0.0,-,True,wind,False
St Martin,Onshore wind energy,OnGrid,2022,0.0,-,True,wind,False
St Martin,Onshore wind energy,OnGrid,2023,0.0,-,True,wind,False
St Martin,Onshore wind energy,OnGrid,2024,0.0,-,True,wind,False
St Pierre Mq,Solar photovoltaic,OnGrid,2000,0.0,-,True,pv,False
St Pierre Mq,Solar photovoltaic,OnGrid,2001,0.0,-,True,pv,False
St Pierre Mq,Solar photovoltaic,OnGrid,2002,0.0,-,True,pv,False
St Pierre Mq,Solar photovoltaic,OnGrid,2003,0.0,-,True,pv,False
St Pierre Mq,Solar photovoltaic,OnGrid,2004,0.0,-,True,pv,False
St Pierre Mq,Solar photovoltaic,OnGrid,2005,0.0,-,True,pv,False
St Pierre Mq,Solar photovoltaic,OnGrid,2006,0.0,-,True,pv,False
St Pierre Mq,Solar photovoltaic,OnGrid,2007,0.0,-,True,pv,False
St Pierre Mq,Solar photovoltaic,OnGrid,2008,0.0,-,True,pv,False
St Pierre Mq,Solar photovoltaic,OnGrid,2009,0.0,-,True,pv,False
St Pierre Mq,Solar photovoltaic,OnGrid,2010,0.0,-,True,pv,False
St Pierre Mq,Solar photovoltaic,OnGrid,2011,0.0,-,True,pv,False
St Pierre Mq,Solar photovoltaic,OnGrid,2012,0.0,-,True,pv,False
St Pierre Mq,Solar photovoltaic,OnGrid,2013,0.0,-,True,pv,False
St Pierre Mq,Solar photovoltaic,OnGrid,2014,0.0,-,True,pv,False
St Pierre Mq,Solar photovoltaic,OnGrid,2015,0.0,-,True,pv,False
St Pierre Mq,Solar photovoltaic,OnGrid,2016,0.0,-,True,pv,False
St Pierre Mq,Solar photovoltaic,OnGrid,2017,0.0,-,True,pv,False
St Pierre Mq,Solar photovoltaic,OnGrid,2018,0.0,-,True,pv,False
St Pierre Mq,Solar photovoltaic,OnGrid,2019,0.0,-,True,pv,False
St Pierre Mq,Solar photovoltaic,OnGrid,2020,0.0,-,True,pv,False
St Pierre Mq,Solar photovoltaic,OnGrid,2021,0.0,-,True,pv,False
St Pierre Mq,Solar photovoltaic,OnGrid,2022,0.0,-,True,pv,False
St Pierre Mq,Solar photovoltaic,OnGrid,2023,0.0,-,True,pv,False
St Pierre Mq,Solar photovoltaic,OnGrid,2024,0.0,-,True,pv,False
St Pierre Mq,Onshore wind energy,OnGrid,2000,0.6,0.6,False,wind,False
St Pierre Mq,Onshore wind energy,OnGrid,2001,0.6,0.6,False,wind,False
St Pierre Mq,Onshore wind energy,OnGrid,2002,0.6,0.6,False,wind,False
St Pierre Mq,Onshore wind energy,OnGrid,2003,0.6,0.6,False,wind,False
St Pierre Mq,Onshore wind energy,OnGrid,2004,0.6,0.6,False,wind,False
St Pierre Mq,Onshore wind energy,OnGrid,2005,0.6,0.6,False,wind,False
St Pierre Mq,Onshore wind energy,OnGrid,2006,0.6,0.6,False,wind,False
St Pierre Mq,Onshore wind energy,OnGrid,2007,0.6,0.6,False,wind,False
St Pierre Mq,Onshore wind energy,OnGrid,2008,0.6,0.6,False,wind,False
St Pierre Mq,Onshore wind energy,OnGrid,2009,0.6,0.6,False,wind,False
St Pierre Mq,Onshore wind energy,OnGrid,2010,0.6,0.6,False,wind,False
St Pierre Mq,Onshore wind energy,OnGrid,2011,0.6,0.6,False,wind,False
St Pierre Mq,Onshore wind energy,OnGrid,2012,0.6,0.6,False,wind,False
St Pierre Mq,Onshore wind energy,OnGrid,2013,0.6,0.6,False,wind,False
St Pierre Mq,Onshore wind energy,OnGrid,2014,0.6,0.6,False,wind,False
St Pierre Mq,Onshore wind energy,OnGrid,2015,0.0,-,True,wind,False
St Pierre Mq,Onshore wind energy,OnGrid,2016,0.0,-,True,wind,False
St Pierre Mq,Onshore wind energy,OnGrid,2017,0.0,-,True,wind,False
St Pierre Mq,Onshore wind energy,OnGrid,2018,0.0,-,True,wind,False
St Pierre Mq,Onshore wind energy,OnGrid,2019,0.0,-,True,wind,False
St Pierre Mq,Onshore wind energy,OnGrid,2020,0.0,-,True,wind,False
St Pierre Mq,Onshore wind energy,OnGrid,2021,0.0,-,True,wind,False
St Pierre Mq,Onshore wind energy,OnGrid,2022,0.0,-,True,wind,False
St Pierre Mq,Onshore wind energy,OnGrid,2023,0.0,-,True,wind,False
St Pierre Mq,Onshore wind energy,OnGrid,2024,0.0,-,True,wind,False
St Vincent Gren,Solar photovoltaic,OnGrid,2000,0.0,-,True,pv,False
St Vincent Gren,Solar photovoltaic,OnGrid,2001,0.0,-,True,pv,False
St Vincent Gren,Solar photovoltaic,OnGrid,2002,0.0,-,True,pv,False
St Vincent Gren,Solar photovoltaic,OnGrid,2003,0.0,-,True,pv,False
St Vincent Gren,Solar photovoltaic,OnGrid,2004,0.0,-,True,pv,False
St Vincent Gren,Solar photovoltaic,OnGrid,2005,0.0,-,True,pv,False
St Vincent Gren,Solar photovoltaic,OnGrid,2006,0.0,-,True,pv,False
St Vincent Gren,Solar photovoltaic,OnGrid,2007,0.0,-,True,pv,False
St Vincent Gren,Solar photovoltaic,OnGrid,2008,0.0,-,True,pv,False
St Vincent Gren,Solar photovoltaic,OnGrid,2009,0.0,-,True,pv,False
St Vincent Gren,Solar photovoltaic,OnGrid,2010,0.0,-,True,pv,False
St Vincent Gren,Solar photovoltaic,OnGrid,2011,0.08,0.08,False,pv,False
St Vincent Gren,Solar photovoltaic,OnGrid,2012,0.09,0.09,False,pv,False
St Vincent Gren,Solar photovoltaic,OnGrid,2013,0.26,0.26,False,pv,False
St Vincent Gren,Solar photovoltaic,OnGrid,2014,0.82,0.82,False,pv,False
St Vincent Gren,Solar photovoltaic,OnGrid,2015,2.52,2.52,False,pv,False
St Vincent Gren,Solar photovoltaic,OnGrid,2016,2.61,2.61,False,pv,False
St Vincent Gren,Solar photovoltaic,OnGrid,2017,2.68,2.68,False,pv,False
St Vincent Gren,Solar photovoltaic,OnGrid,2018,3.31,3.31,False,pv,False
St Vincent Gren,Solar photovoltaic,OnGrid,2019,4.0,4,False,pv,False
St Vincent Gren,Solar photovoltaic,OnGrid,2020,4.17,4.17,False,pv,False
St Vincent Gren,Solar photovoltaic,OnGrid,2021,4.24,4.24,False,pv,False
St Vincent Gren,Solar photovoltaic,OnGrid,2022,4.3,4.3,False,pv,False
St Vincent Gren,Solar photovoltaic,OnGrid,2023,5.6,5.6,False,pv,False
St Vincent Gren,Solar photovoltaic,OnGrid,2024,5.6,5.6,False,pv,False
St Vincent Gren,Onshore wind energy,OnGrid,2000,0.0,-,True,wind,False
St Vincent Gren,Onshore wind energy,OnGrid,2001,0.0,-,True,wind,False
St Vincent Gren,Onshore wind energy,OnGrid,2002,0.0,-,True,wind,False
St Vincent Gren,Onshore wind energy,OnGrid,2003,0.0,-,True,wind,False
St Vincent Gren,Onshore wind energy,OnGrid,2004,0.0,-,True,wind,False
St Vincent Gren,Onshore wind energy,OnGrid,2005,0.0,-,True,wind,False
St Vincent Gren,Onshore wind energy,OnGrid,2006,0.0,-,True,wind,False
St Vincent Gren,Onshore wind energy,OnGrid,2007,0.0,-,True,wind,False
St Vincent Gren,Onshore wind energy,OnGrid,2008,0.0,-,True,wind,False
St Vincent Gren,Onshore wind energy,OnGrid,2009,0.0,-,True,wind,False
St Vincent Gren,Onshore wind energy,OnGrid,2010,0.0,-,True,wind,False
St Vincent Gren,Onshore wind energy,OnGrid,2011,0.0,-,True,wind,False
St Vincent Gren,Onshore wind energy,OnGrid,2012,0.0,-,True,wind,False
St Vincent Gren,Onshore wind energy,OnGrid,2013,0.0,-,True,wind,False
St Vincent Gren,Onshore wind energy,OnGrid,2014,0.0,-,True,wind,False
St Vincent Gren,Onshore wind energy,OnGrid,2015,0.0,-,True,wind,False
St Vincent Gren,Onshore wind energy,OnGrid,2016,0.0,-,True,wind,False
St Vincent Gren,Onshore wind energy,OnGrid,2017,0.0,-,True,wind,False
St Vincent Gren,Onshore wind energy,OnGrid,2018,0.0,-,True,wind,False
St Vincent Gren,Onshore wind energy,OnGrid,2019,0.0,-,True,wind,False
St Vincent Gren,Onshore wind energy,OnGrid,2020,0.0,-,True,wind,False
St Vincent Gren,Onshore wind energy,OnGrid,2021,0.0,-,True,wind,False
St Vincent Gren,Onshore wind energy,OnGrid,2022,0.0,-,True,wind,False
St Vincent Gren,Onshore wind energy,OnGrid,2023,0.0,-,True,wind,False
St Vincent Gren,Onshore wind energy,OnGrid,2024,0.0,-,True,wind,False
Sudan,Solar photovoltaic,OnGrid,2000,0.0,-,True,pv,False
Sudan,Solar photovoltaic,OnGrid,2001,0.0,-,True,pv,False
Sudan,Solar photovoltaic,OnGrid,2002,0.0,-,True,pv,False
Sudan,Solar photovoltaic,OnGrid,2003,0.0,-,True,pv,False
Sudan,Solar photovoltaic,OnGrid,2004,0.0,-,True,pv,False
Sudan,Solar photovoltaic,OnGrid,2005,0.0,-,True,pv,False
Sudan,Solar photovoltaic,OnGrid,2006,0.0,-,True,pv,False
Sudan,Solar photovoltaic,OnGrid,2007,0.0,-,True,pv,False
Sudan,Solar photovoltaic,OnGrid,2008,0.0,-,True,pv,False
Sudan,Solar photovoltaic,OnGrid,2009,0.0,-,True,pv,False
Sudan,Solar photovoltaic,OnGrid,2010,0.0,-,True,pv,False
Sudan,Solar photovoltaic,OnGrid,2011,0.0,-,True,pv,False
Sudan,Solar photovoltaic,OnGrid,2012,0.0,-,True,pv,False
Sudan,Solar photovoltaic,OnGrid,2013,0.0,-,True,pv,False
Sudan,Solar photovoltaic,OnGrid,2014,0.0,-,True,pv,False
Sudan,Solar photovoltaic,OnGrid,2015,0.0,-,True,pv,False
Sudan,Solar photovoltaic,OnGrid,2016,0.0,-,True,pv,False
Sudan,Solar photovoltaic,OnGrid,2017,0.0,-,True,pv,False
Sudan,Solar photovoltaic,OnGrid,2018,0.01,0.01,False,pv,False
Sudan,Solar photovoltaic,OnGrid,2019,0.29,0.29,False,pv,False
Sudan,Solar photovoltaic,OnGrid,2020,0.29,0.29,False,pv,False
Sudan,Solar photovoltaic,OnGrid,2021,0.29,0.29,False,pv,False
Sudan,Solar photovoltaic,OnGrid,2022,54.29,54.29,False,pv,False
Sudan,Solar photovoltaic,OnGrid,2023,54.29,54.29,False,pv,False
Sudan,Solar photovoltaic,OnGrid,2024,54.29,54.29,False,pv,False
Sudan,Onshore wind energy,OnGrid,2000,0.0,-,True,wind,False
Sudan,Onshore wind energy,OnGrid,2001,0.0,-,True,wind,False
Sudan,Onshore wind energy,OnGrid,2002,0.0,-,True,wind,False
Sudan,Onshore wind energy,OnGrid,2003,0.0,-,True,wind,False
Sudan,Onshore wind energy,OnGrid,2004,0.0,-,True,wind,False
Sudan,Onshore wind energy,OnGrid,2005,0.0,-,True,wind,False
Sudan,Onshore wind energy,OnGrid,2006,0.0,-,True,wind,False
Sudan,Onshore wind energy,OnGrid,2007,0.0,-,True,wind,False
Sudan,Onshore wind energy,OnGrid,2008,0.0,-,True,wind,False
Sudan,Onshore wind energy,OnGrid,2009,0.0,-,True,wind,False
Sudan,Onshore wind energy,OnGrid,2010,0.0,-,True,wind,False
Sudan,Onshore wind energy,OnGrid,2011,0.0,-,True,wind,False
Sudan,Onshore wind energy,OnGrid,2012,0.0,-,True,wind,False
Sudan,Onshore wind energy,OnGrid,2013,0.0,-,True,wind,False
Sudan,Onshore wind energy,OnGrid,2014,0.0,-,True,wind,False
Sudan,Onshore wind energy,OnGrid,2015,0.0,-,True,wind,False
Sudan,Onshore wind energy,OnGrid,2016,0.0,-,True,wind,False
Sudan,Onshore wind energy,OnGrid,2017,0.0,-,True,wind,False
Sudan,Onshore wind energy,OnGrid,2018,0.0,-,True,wind,False
Sudan,Onshore wind energy,OnGrid,2019,0.0,-,True,wind,False
Sudan,Onshore wind energy,OnGrid,2020,0.0,-,True,wind,False
Sudan,Onshore wind energy,OnGrid,2021,0.0,-,True,wind,False
Sudan,Onshore wind energy,OnGrid,2022,0.0,-,True,wind,False
Sudan,Onshore wind energy,OnGrid,2023,0.0,-,True,wind,False
Sudan,Onshore wind energy,OnGrid,2024,0.0,-,True,wind,False
Suriname,Solar photovoltaic,OnGrid,2000,0.0,-,True,pv,False
Suriname,Solar photovoltaic,OnGrid,2001,0.0,-,True,pv,False
Suriname,Solar photovoltaic,OnGrid,2002,0.0,-,True,pv,False
Suriname,Solar photovoltaic,OnGrid,2003,0.0,-,True,pv,False
Suriname,Solar photovoltaic,OnGrid,2004,0.0,-,True,pv,False
Suriname,Solar photovoltaic,OnGrid,2005,0.0,-,True,pv,False
Suriname,Solar photovoltaic,OnGrid,2006,0.0,-,True,pv,False
Suriname,Solar photovoltaic,OnGrid,2007,0.0,-,True,pv,False
Suriname,Solar photovoltaic,OnGrid,2008,0.0,-,True,pv,False
Suriname,Solar photovoltaic,OnGrid,2009,0.0,-,True,pv,False
Suriname,Solar photovoltaic,OnGrid,2010,0.0,-,True,pv,False
Suriname,Solar photovoltaic,OnGrid,2011,0.0,-,True,pv,False
Suriname,Solar photovoltaic,OnGrid,2012,0.0,-,True,pv,False
Suriname,Solar photovoltaic,OnGrid,2013,0.0,-,True,pv,False
Suriname,Solar photovoltaic,OnGrid,2014,5.0,5,False,pv,False
Suriname,Solar photovoltaic,OnGrid,2015,5.0,5,False,pv,False
Suriname,Solar photovoltaic,OnGrid,2016,5.0,5,False,pv,False
Suriname,Solar photovoltaic,OnGrid,2017,5.0,5,False,pv,False
Suriname,Solar photovoltaic,OnGrid,2018,5.03,5.03,False,pv,False
Suriname,Solar photovoltaic,OnGrid,2019,5.03,5.03,False,pv,False
Suriname,Solar photovoltaic,OnGrid,2020,5.03,5.03,False,pv,False
Suriname,Solar photovoltaic,OnGrid,2021,5.03,5.03,False,pv,False
Suriname,Solar photovoltaic,OnGrid,2022,5.03,5.03,False,pv,False
Suriname,Solar photovoltaic,OnGrid,2023,6.23,6.23,False,pv,False
Suriname,Solar photovoltaic,OnGrid,2024,6.33,6.33,False,pv,False
Suriname,Onshore wind energy,OnGrid,2000,0.0,-,True,wind,False
Suriname,Onshore wind energy,OnGrid,2001,0.0,-,True,wind,False
Suriname,Onshore wind energy,OnGrid,2002,0.0,-,True,wind,False
Suriname,Onshore wind energy,OnGrid,2003,0.0,-,True,wind,False
Suriname,Onshore wind energy,OnGrid,2004,0.0,-,True,wind,False
Suriname,Onshore wind energy,OnGrid,2005,0.0,-,True,wind,False
Suriname,Onshore wind energy,OnGrid,2006,0.0,-,True,wind,False
Suriname,Onshore wind energy,OnGrid,2007,0.0,-,True,wind,False
Suriname,Onshore wind energy,OnGrid,2008,0.0,-,True,wind,False
Suriname,Onshore wind energy,OnGrid,2009,0.0,-,True,wind,False
Suriname,Onshore wind energy,OnGrid,2010,0.0,-,True,wind,False
Suriname,Onshore wind energy,OnGrid,2011,0.0,-,True,wind,False
Suriname,Onshore wind energy,OnGrid,2012,0.0,-,True,wind,False
Suriname,Onshore wind energy,OnGrid,2013,0.0,-,True,wind,False
Suriname,Onshore wind energy,OnGrid,2014,0.0,-,True,wind,False
Suriname,Onshore wind energy,OnGrid,2015,0.0,-,True,wind,False
Suriname,Onshore wind energy,OnGrid,2016,0.0,-,True,wind,False
Suriname,Onshore wind energy,OnGrid,2017,0.0,-,True,wind,False
Suriname,Onshore wind energy,OnGrid,2018,0.0,-,True,wind,False
Suriname,Onshore wind energy,OnGrid,2019,0.0,-,True,wind,False
Suriname,Onshore wind energy,OnGrid,2020,0.0,-,True,wind,False
Suriname,Onshore wind energy,OnGrid,2021,0.0,-,True,wind,False
Suriname,Onshore wind energy,OnGrid,2022,0.0,-,True,wind,False
Suriname,Onshore wind energy,OnGrid,2023,0.0,-,True,wind,False
Suriname,Onshore wind energy,OnGrid,2024,0.0,-,True,wind,False
Sweden,Solar photovoltaic,OnGrid,2000,3.0,3,False,pv,False
Sweden,Solar photovoltaic,OnGrid,2001,3.0,3,False,pv,False
Sweden,Solar photovoltaic,OnGrid,2002,3.0,3,False,pv,False
Sweden,Solar photovoltaic,OnGrid,2003,4.0,4,False,pv,False
Sweden,Solar photovoltaic,OnGrid,2004,4.0,4,False,pv,False
Sweden,Solar photovoltaic,OnGrid,2005,4.0,4,False,pv,False
Sweden,Solar photovoltaic,OnGrid,2006,5.0,5,False,pv,False
Sweden,Solar photovoltaic,OnGrid,2007,6.0,6,False,pv,False
Sweden,Solar photovoltaic,OnGrid,2008,8.0,8,False,pv,False
Sweden,Solar photovoltaic,OnGrid,2009,9.0,9,False,pv,False
Sweden,Solar photovoltaic,OnGrid,2010,11.0,11,False,pv,False
Sweden,Solar photovoltaic,OnGrid,2011,12.0,12,False,pv,False
Sweden,Solar photovoltaic,OnGrid,2012,24.0,24,False,pv,False
Sweden,Solar photovoltaic,OnGrid,2013,43.0,43,False,pv,False
Sweden,Solar photovoltaic,OnGrid,2014,60.0,60,False,pv,False
Sweden,Solar photovoltaic,OnGrid,2015,104.0,104,False,pv,False
Sweden,Solar photovoltaic,OnGrid,2016,153.0,153,False,pv,False
Sweden,Solar photovoltaic,OnGrid,2017,231.0,231,False,pv,False
Sweden,Solar photovoltaic,OnGrid,2018,411.0,411,False,pv,False
Sweden,Solar photovoltaic,OnGrid,2019,714.0,714,False,pv,False
Sweden,Solar photovoltaic,OnGrid,2020,1107.0,1107,False,pv,False
Sweden,Solar photovoltaic,OnGrid,2021,1606.0,1606,False,pv,False
Sweden,Solar photovoltaic,OnGrid,2022,2388.0,2388,False,pv,False
Sweden,Solar photovoltaic,OnGrid,2023,3993.0,3993,False,pv,False
Sweden,Solar photovoltaic,OnGrid,2024,4829.0,4829,False,pv,False
Sweden,Onshore wind energy,OnGrid,2000,196.0,196,False,wind,False
Sweden,Onshore wind energy,OnGrid,2001,273.0,273,False,wind,False
Sweden,Onshore wind energy,OnGrid,2002,335.0,335,False,wind,False
Sweden,Onshore wind energy,OnGrid,2003,396.0,396,False,wind,False
Sweden,Onshore wind energy,OnGrid,2004,454.0,454,False,wind,False
Sweden,Onshore wind energy,OnGrid,2005,501.0,501,False,wind,False
Sweden,Onshore wind energy,OnGrid,2006,564.0,564,False,wind,False
Sweden,Onshore wind energy,OnGrid,2007,692.0,692,False,wind,False
Sweden,Onshore wind energy,OnGrid,2008,956.0,956,False,wind,False
Sweden,Onshore wind energy,OnGrid,2009,1312.0,1312,False,wind,False
Sweden,Onshore wind energy,OnGrid,2010,1854.0,1854,False,wind,False
Sweden,Onshore wind energy,OnGrid,2011,2601.0,2601,False,wind,False
Sweden,Onshore wind energy,OnGrid,2012,3443.0,3443,False,wind,False
Sweden,Onshore wind energy,OnGrid,2013,3981.0,3981,False,wind,False
Sweden,Onshore wind energy,OnGrid,2014,4875.0,4875,False,wind,False
Sweden,Onshore wind energy,OnGrid,2015,5606.0,5606,False,wind,False
Sweden,Onshore wind energy,OnGrid,2016,6232.0,6232,False,wind,False
Sweden,Onshore wind energy,OnGrid,2017,6408.0,6408,False,wind,False
Sweden,Onshore wind energy,OnGrid,2018,7097.0,7097,False,wind,False
Sweden,Onshore wind energy,OnGrid,2019,8478.0,8478,False,wind,False
Sweden,Onshore wind energy,OnGrid,2020,9773.0,9773,False,wind,False
Sweden,Onshore wind energy,OnGrid,2021,11923.0,11923,False,wind,False
Sweden,Onshore wind energy,OnGrid,2022,14086.0,14086,False,wind,False
Sweden,Onshore wind energy,OnGrid,2023,16031.0,16031,False,wind,False
Sweden,Onshore wind energy,OnGrid,2024,16626.0,16626,False,wind,False
Switzerland,Solar photovoltaic,OnGrid,2000,16.0,16,False,pv,False
Switzerland,Solar photovoltaic,OnGrid,2001,18.0,18,False,pv,False
Switzerland,Solar photovoltaic,OnGrid,2002,20.0,20,False,pv,False
Switzerland,Solar photovoltaic,OnGrid,2003,22.0,22,False,pv,False
Switzerland,Solar photovoltaic,OnGrid,2004,24.0,24,False,pv,False
Switzerland,Solar photovoltaic,OnGrid,2005,28.0,28,False,pv,False
Switzerland,Solar photovoltaic,OnGrid,2006,30.0,30,False,pv,False
Switzerland,Solar photovoltaic,OnGrid,2007,37.0,37,False,pv,False
Switzerland,Solar photovoltaic,OnGrid,2008,49.0,49,False,pv,False
Switzerland,Solar photovoltaic,OnGrid,2009,79.0,79,False,pv,False
Switzerland,Solar photovoltaic,OnGrid,2010,125.0,125,False,pv,False
Switzerland,Solar photovoltaic,OnGrid,2011,222.0,222,False,pv,False
Switzerland,Solar photovoltaic,OnGrid,2012,434.0,434,False,pv,False
Switzerland,Solar photovoltaic,OnGrid,2013,747.0,747,False,pv,False
Switzerland,Solar photovoltaic,OnGrid,2014,1043.0,1043,False,pv,False
Switzerland,Solar photovoltaic,OnGrid,2015,1360.0,1360,False,pv,False
Switzerland,Solar photovoltaic,OnGrid,2016,1617.0,1617,False,pv,False
Switzerland,Solar photovoltaic,OnGrid,2017,1860.0,1860,False,pv,False
Switzerland,Solar photovoltaic,OnGrid,2018,2117.0,2117,False,pv,False
Switzerland,Solar photovoltaic,OnGrid,2019,2425.0,2425,False,pv,False
Switzerland,Solar photovoltaic,OnGrid,2020,2875.26,2875.26,False,pv,False
Switzerland,Solar photovoltaic,OnGrid,2021,3515.43,3515.43,False,pv,False
Switzerland,Solar photovoltaic,OnGrid,2022,4528.38,4528.38,False,pv,False
Switzerland,Solar photovoltaic,OnGrid,2023,6063.68,6063.68,False,pv,False
Switzerland,Solar photovoltaic,OnGrid,2024,7763.68,7763.68,False,pv,False
Switzerland,Onshore wind energy,OnGrid,2000,3.0,3,False,wind,False
Switzerland,Onshore wind energy,OnGrid,2001,5.0,5,False,wind,False
Switzerland,Onshore wind energy,OnGrid,2002,5.0,5,False,wind,False
Switzerland,Onshore wind energy,OnGrid,2003,5.0,5,False,wind,False
Switzerland,Onshore wind energy,OnGrid,2004,9.0,9,False,wind,False
Switzerland,Onshore wind energy,OnGrid,2005,12.0,12,False,wind,False
Switzerland,Onshore wind energy,OnGrid,2006,12.0,12,False,wind,False
Switzerland,Onshore wind energy,OnGrid,2007,12.0,12,False,wind,False
Switzerland,Onshore wind energy,OnGrid,2008,14.0,14,False,wind,False
Switzerland,Onshore wind energy,OnGrid,2009,18.0,18,False,wind,False
Switzerland,Onshore wind energy,OnGrid,2010,42.0,42,False,wind,False
Switzerland,Onshore wind energy,OnGrid,2011,46.0,46,False,wind,False
Switzerland,Onshore wind energy,OnGrid,2012,49.0,49,False,wind,False
Switzerland,Onshore wind energy,OnGrid,2013,60.0,60,False,wind,False
Switzerland,Onshore wind energy,OnGrid,2014,60.0,60,False,wind,False
Switzerland,Onshore wind energy,OnGrid,2015,60.0,60,False,wind,False
Switzerland,Onshore wind energy,OnGrid,2016,75.0,75,False,wind,False
Switzerland,Onshore wind energy,OnGrid,2017,75.0,75,False,wind,False
Switzerland,Onshore wind energy,OnGrid,2018,75.0,75,False,wind,False
Switzerland,Onshore wind energy,OnGrid,2019,75.0,75,False,wind,False
Switzerland,Onshore wind energy,OnGrid,2020,87.12,87.12,False,wind,False
Switzerland,Onshore wind energy,OnGrid,2021,88.32,88.32,False,wind,False
Switzerland,Onshore wind energy,OnGrid,2022,88.32,88.32,False,wind,False
Switzerland,Onshore wind energy,OnGrid,2023,88.32,88.32,False,wind,False
Switzerland,Onshore wind energy,OnGrid,2024,102.12,102.12,False,wind,False
Syrian AR,Solar photovoltaic,OnGrid,2000,0.0,-,True,pv,False
Syrian AR,Solar photovoltaic,OnGrid,2001,0.0,-,True,pv,False
Syrian AR,Solar photovoltaic,OnGrid,2002,0.0,-,True,pv,False
Syrian AR,Solar photovoltaic,OnGrid,2003,0.0,-,True,pv,False
Syrian AR,Solar photovoltaic,OnGrid,2004,0.0,-,True,pv,False
Syrian AR,Solar photovoltaic,OnGrid,2005,0.0,-,True,pv,False
Syrian AR,Solar photovoltaic,OnGrid,2006,0.0,-,True,pv,False
Syrian AR,Solar photovoltaic,OnGrid,2007,0.0,-,True,pv,False
Syrian AR,Solar photovoltaic,OnGrid,2008,0.0,-,True,pv,False
Syrian AR,Solar photovoltaic,OnGrid,2009,0.0,-,True,pv,False
Syrian AR,Solar photovoltaic,OnGrid,2010,0.0,-,True,pv,False
Syrian AR,Solar photovoltaic,OnGrid,2011,0.0,-,True,pv,False
Syrian AR,Solar photovoltaic,OnGrid,2012,0.0,-,True,pv,False
Syrian AR,Solar photovoltaic,OnGrid,2013,0.0,-,True,pv,False
Syrian AR,Solar photovoltaic,OnGrid,2014,0.0,-,True,pv,False
Syrian AR,Solar photovoltaic,OnGrid,2015,0.0,-,True,pv,False
Syrian AR,Solar photovoltaic,OnGrid,2016,0.0,-,True,pv,False
Syrian AR,Solar photovoltaic,OnGrid,2017,0.13,0.13,False,pv,False
Syrian AR,Solar photovoltaic,OnGrid,2018,1.38,1.38,False,pv,False
Syrian AR,Solar photovoltaic,OnGrid,2019,2.47,2.47,False,pv,False
Syrian AR,Solar photovoltaic,OnGrid,2020,11.52,11.52,False,pv,False
Syrian AR,Solar photovoltaic,OnGrid,2021,33.0,33,False,pv,False
Syrian AR,Solar photovoltaic,OnGrid,2022,58.0,58,False,pv,False
Syrian AR,Solar photovoltaic,OnGrid,2023,91.0,91,False,pv,False
Syrian AR,Solar photovoltaic,OnGrid,2024,106.0,106,False,pv,False
Syrian AR,Onshore wind energy,OnGrid,2000,0.0,-,True,wind,False
Syrian AR,Onshore wind energy,OnGrid,2001,0.0,-,True,wind,False
Syrian AR,Onshore wind energy,OnGrid,2002,0.0,-,True,wind,False
Syrian AR,Onshore wind energy,OnGrid,2003,0.0,-,True,wind,False
Syrian AR,Onshore wind energy,OnGrid,2004,0.0,-,True,wind,False
Syrian AR,Onshore wind energy,OnGrid,2005,0.0,-,True,wind,False
Syrian AR,Onshore wind energy,OnGrid,2006,0.0,-,True,wind,False
Syrian AR,Onshore wind energy,OnGrid,2007,0.0,-,True,wind,False
Syrian AR,Onshore wind energy,OnGrid,2008,0.0,-,True,wind,False
Syrian AR,Onshore wind energy,OnGrid,2009,0.0,-,True,wind,False
Syrian AR,Onshore wind energy,OnGrid,2010,0.0,-,True,wind,False
Syrian AR,Onshore wind energy,OnGrid,2011,0.0,-,True,wind,False
Syrian AR,Onshore wind energy,OnGrid,2012,0.0,-,True,wind,False
Syrian AR,Onshore wind energy,OnGrid,2013,0.0,-,True,wind,False
Syrian AR,Onshore wind energy,OnGrid,2014,0.0,-,True,wind,False
Syrian AR,Onshore wind energy,OnGrid,2015,0.0,-,True,wind,False
Syrian AR,Onshore wind energy,OnGrid,2016,0.0,-,True,wind,False
Syrian AR,Onshore wind energy,OnGrid,2017,0.0,-,True,wind,False
Syrian AR,Onshore wind energy,OnGrid,2018,0.0,-,True,wind,False
Syrian AR,Onshore wind energy,OnGrid,2019,0.0,-,True,wind,False
Syrian AR,Onshore wind energy,OnGrid,2020,0.0,-,True,wind,False
Syrian AR,Onshore wind energy,OnGrid,2021,2.5,2.5,False,wind,False
Syrian AR,Onshore wind energy,OnGrid,2022,2.5,2.5,False,wind,False
Syrian AR,Onshore wind energy,OnGrid,2023,5.0,5,False,wind,False
Syrian AR,Onshore wind energy,OnGrid,2024,5.0,5,False,wind,False
Tajikistan,Solar photovoltaic,OnGrid,2000,0.0,-,True,pv,False
Tajikistan,Solar photovoltaic,OnGrid,2001,0.0,-,True,pv,False
Tajikistan,Solar photovoltaic,OnGrid,2002,0.0,-,True,pv,False
Tajikistan,Solar photovoltaic,OnGrid,2003,0.0,-,True,pv,False
Tajikistan,Solar photovoltaic,OnGrid,2004,0.0,-,True,pv,False
Tajikistan,Solar photovoltaic,OnGrid,2005,0.0,-,True,pv,False
Tajikistan,Solar photovoltaic,OnGrid,2006,0.0,-,True,pv,False
Tajikistan,Solar photovoltaic,OnGrid,2007,0.0,-,True,pv,False
Tajikistan,Solar photovoltaic,OnGrid,2008,0.0,-,True,pv,False
Tajikistan,Solar photovoltaic,OnGrid,2009,0.0,-,True,pv,False
Tajikistan,Solar photovoltaic,OnGrid,2010,0.0,-,True,pv,False
Tajikistan,Solar photovoltaic,OnGrid,2011,0.0,-,True,pv,False
Tajikistan,Solar photovoltaic,OnGrid,2012,0.0,-,True,pv,False
Tajikistan,Solar photovoltaic,OnGrid,2013,0.0,-,True,pv,False
Tajikistan,Solar photovoltaic,OnGrid,2014,0.0,-,True,pv,False
Tajikistan,Solar photovoltaic,OnGrid,2015,0.0,-,True,pv,False
Tajikistan,Solar photovoltaic,OnGrid,2016,0.0,-,True,pv,False
Tajikistan,Solar photovoltaic,OnGrid,2017,0.0,-,True,pv,False
Tajikistan,Solar photovoltaic,OnGrid,2018,0.0,-,True,pv,False
Tajikistan,Solar photovoltaic,OnGrid,2019,0.0,-,True,pv,False
Tajikistan,Solar photovoltaic,OnGrid,2020,0.22,0.22,False,pv,False
Tajikistan,Solar photovoltaic,OnGrid,2021,0.22,0.22,False,pv,False
Tajikistan,Solar photovoltaic,OnGrid,2022,0.22,0.22,False,pv,False
Tajikistan,Solar photovoltaic,OnGrid,2023,0.22,0.22,False,pv,False
Tajikistan,Solar photovoltaic,OnGrid,2024,0.22,0.22,False,pv,False
Tajikistan,Onshore wind energy,OnGrid,2000,0.0,-,True,wind,False
Tajikistan,Onshore wind energy,OnGrid,2001,0.0,-,True,wind,False
Tajikistan,Onshore wind energy,OnGrid,2002,0.0,-,True,wind,False
Tajikistan,Onshore wind energy,OnGrid,2003,0.0,-,True,wind,False
Tajikistan,Onshore wind energy,OnGrid,2004,0.0,-,True,wind,False
Tajikistan,Onshore wind energy,OnGrid,2005,0.0,-,True,wind,False
Tajikistan,Onshore wind energy,OnGrid,2006,0.0,-,True,wind,False
Tajikistan,Onshore wind energy,OnGrid,2007,0.0,-,True,wind,False
Tajikistan,Onshore wind energy,OnGrid,2008,0.0,-,True,wind,False
Tajikistan,Onshore wind energy,OnGrid,2009,0.0,-,True,wind,False
Tajikistan,Onshore wind energy,OnGrid,2010,0.0,-,True,wind,False
Tajikistan,Onshore wind energy,OnGrid,2011,0.0,-,True,wind,False
Tajikistan,Onshore wind energy,OnGrid,2012,0.0,-,True,wind,False
Tajikistan,Onshore wind energy,OnGrid,2013,0.0,-,True,wind,False
Tajikistan,Onshore wind energy,OnGrid,2014,0.0,-,True,wind,False
Tajikistan,Onshore wind energy,OnGrid,2015,0.0,-,True,wind,False
Tajikistan,Onshore wind energy,OnGrid,2016,0.0,-,True,wind,False
Tajikistan,Onshore wind energy,OnGrid,2017,0.0,-,True,wind,False
Tajikistan,Onshore wind energy,OnGrid,2018,0.0,-,True,wind,False
Tajikistan,Onshore wind energy,OnGrid,2019,0.0,-,True,wind,False
Tajikistan,Onshore wind energy,OnGrid,2020,0.0,-,True,wind,False
Tajikistan,Onshore wind energy,OnGrid,2021,0.0,-,True,wind,False
Tajikistan,Onshore wind energy,OnGrid,2022,0.0,-,True,wind,False
Tajikistan,Onshore wind energy,OnGrid,2023,0.0,-,True,wind,False
Tajikistan,Onshore wind energy,OnGrid,2024,0.0,-,True,wind,False
Tanzania,Solar photovoltaic,OnGrid,2000,0.0,-,True,pv,False
Tanzania,Solar photovoltaic,OnGrid,2001,0.0,-,True,pv,False
Tanzania,Solar photovoltaic,OnGrid,2002,0.0,-,True,pv,False
Tanzania,Solar photovoltaic,OnGrid,2003,0.0,-,True,pv,False
Tanzania,Solar photovoltaic,OnGrid,2004,0.0,-,True,pv,False
Tanzania,Solar photovoltaic,OnGrid,2005,0.0,-,True,pv,False
Tanzania,Solar photovoltaic,OnGrid,2006,0.0,-,True,pv,False
Tanzania,Solar photovoltaic,OnGrid,2007,0.0,-,True,pv,False
Tanzania,Solar photovoltaic,OnGrid,2008,0.0,-,True,pv,False
Tanzania,Solar photovoltaic,OnGrid,2009,0.0,-,True,pv,False
Tanzania,Solar photovoltaic,OnGrid,2010,0.0,-,True,pv,False
Tanzania,Solar photovoltaic,OnGrid,2011,0.0,-,True,pv,False
Tanzania,Solar photovoltaic,OnGrid,2012,0.0,-,True,pv,False
Tanzania,Solar photovoltaic,OnGrid,2013,0.0,-,True,pv,False
Tanzania,Solar photovoltaic,OnGrid,2014,0.0,-,True,pv,False
Tanzania,Solar photovoltaic,OnGrid,2015,0.0,-,True,pv,False
Tanzania,Solar photovoltaic,OnGrid,2016,0.14,0.14,False,pv,False
Tanzania,Solar photovoltaic,OnGrid,2017,0.14,0.14,False,pv,False
Tanzania,Solar photovoltaic,OnGrid,2018,0.14,0.14,False,pv,False
Tanzania,Solar photovoltaic,OnGrid,2019,0.14,0.14,False,pv,False
Tanzania,Solar photovoltaic,OnGrid,2020,0.14,0.14,False,pv,False
Tanzania,Solar photovoltaic,OnGrid,2021,0.14,0.14,False,pv,False
Tanzania,Solar photovoltaic,OnGrid,2022,0.14,0.14,False,pv,False
Tanzania,Solar photovoltaic,OnGrid,2023,0.14,0.14,False,pv,False
Tanzania,Solar photovoltaic,OnGrid,2024,0.14,0.14,False,pv,False
Tanzania,Onshore wind energy,OnGrid,2000,0.0,-,True,wind,False
Tanzania,Onshore wind energy,OnGrid,2001,0.0,-,True,wind,False
Tanzania,Onshore wind energy,OnGrid,2002,0.0,-,True,wind,False
Tanzania,Onshore wind energy,OnGrid,2003,0.0,-,True,wind,False
Tanzania,Onshore wind energy,OnGrid,2004,0.0,-,True,wind,False
Tanzania,Onshore wind energy,OnGrid,2005,0.0,-,True,wind,False
Tanzania,Onshore wind energy,OnGrid,2006,0.0,-,True,wind,False
Tanzania,Onshore wind energy,OnGrid,2007,0.0,-,True,wind,False
Tanzania,Onshore wind energy,OnGrid,2008,0.0,-,True,wind,False
Tanzania,Onshore wind energy,OnGrid,2009,0.0,-,True,wind,False
Tanzania,Onshore wind energy,OnGrid,2010,0.0,-,True,wind,False
Tanzania,Onshore wind energy,OnGrid,2011,0.0,-,True,wind,False
Tanzania,Onshore wind energy,OnGrid,2012,0.0,-,True,wind,False
Tanzania,Onshore wind energy,OnGrid,2013,0.0,-,True,wind,False
Tanzania,Onshore wind energy,OnGrid,2014,0.0,-,True,wind,False
Tanzania,Onshore wind energy,OnGrid,2015,0.0,-,True,wind,False
Tanzania,Onshore wind energy,OnGrid,2016,0.0,-,True,wind,False
Tanzania,Onshore wind energy,OnGrid,2017,0.0,-,True,wind,False
Tanzania,Onshore wind energy,OnGrid,2018,0.0,-,True,wind,False
Tanzania,Onshore wind energy,OnGrid,2019,0.0,-,True,wind,False
Tanzania,Onshore wind energy,OnGrid,2020,2.4,2.4,False,wind,False
Tanzania,Onshore wind energy,OnGrid,2021,2.4,2.4,False,wind,False
Tanzania,Onshore wind energy,OnGrid,2022,2.4,2.4,False,wind,False
Tanzania,Onshore wind energy,OnGrid,2023,2.4,2.4,False,wind,False
Tanzania,Onshore wind energy,OnGrid,2024,2.4,2.4,False,wind,False
Thailand,Solar photovoltaic,OnGrid,2000,0.0,-,True,pv,False
Thailand,Solar photovoltaic,OnGrid,2001,0.0,-,True,pv,False
Thailand,Solar photovoltaic,OnGrid,2002,0.0,-,True,pv,False
Thailand,Solar photovoltaic,OnGrid,2003,0.0,-,True,pv,False
Thailand,Solar photovoltaic,OnGrid,2004,0.0,-,True,pv,False
Thailand,Solar photovoltaic,OnGrid,2005,0.0,-,True,pv,False
Thailand,Solar photovoltaic,OnGrid,2006,30.41,30.41,False,pv,False
Thailand,Solar photovoltaic,OnGrid,2007,32.25,32.25,False,pv,False
Thailand,Solar photovoltaic,OnGrid,2008,32.35,32.35,False,pv,False
Thailand,Solar photovoltaic,OnGrid,2009,37.0,37,False,pv,False
Thailand,Solar photovoltaic,OnGrid,2010,48.6,48.6,False,pv,False
Thailand,Solar photovoltaic,OnGrid,2011,78.7,78.7,False,pv,False
Thailand,Solar photovoltaic,OnGrid,2012,376.7,376.7,False,pv,False
Thailand,Solar photovoltaic,OnGrid,2013,823.5,823.5,False,pv,False
Thailand,Solar photovoltaic,OnGrid,2014,1298.5,1298.5,False,pv,False
Thailand,Solar photovoltaic,OnGrid,2015,1419.6,1419.6,False,pv,False
Thailand,Solar photovoltaic,OnGrid,2016,2446.1,2446.1,False,pv,False
Thailand,Solar photovoltaic,OnGrid,2017,2697.26,2697.26,False,pv,False
Thailand,Solar photovoltaic,OnGrid,2018,2962.44,2962.44,False,pv,False
Thailand,Solar photovoltaic,OnGrid,2019,2982.62,2982.62,False,pv,False
Thailand,Solar photovoltaic,OnGrid,2020,2949.11,2949.11,False,pv,False
Thailand,Solar photovoltaic,OnGrid,2021,3030.26,3030.26,False,pv,False
Thailand,Solar photovoltaic,OnGrid,2022,3149.67,3149.67,False,pv,False
Thailand,Solar photovoltaic,OnGrid,2023,3290.35,3290.35,False,pv,False
Thailand,Solar photovoltaic,OnGrid,2024,3378.91,3378.91,False,pv,False
Thailand,Onshore wind energy,OnGrid,2000,0.0,-,True,wind,False
Thailand,Onshore wind energy,OnGrid,2001,0.0,-,True,wind,False
Thailand,Onshore wind energy,OnGrid,2002,0.0,-,True,wind,False
Thailand,Onshore wind energy,OnGrid,2003,0.0,-,True,wind,False
Thailand,Onshore wind energy,OnGrid,2004,0.0,-,True,wind,False
Thailand,Onshore wind energy,OnGrid,2005,0.0,-,True,wind,False
Thailand,Onshore wind energy,OnGrid,2006,0.34,0.34,False,wind,False
Thailand,Onshore wind energy,OnGrid,2007,0.94,0.94,False,wind,False
Thailand,Onshore wind energy,OnGrid,2008,1.08,1.08,False,wind,False
Thailand,Onshore wind energy,OnGrid,2009,5.1,5.1,False,wind,False
Thailand,Onshore wind energy,OnGrid,2010,5.6,5.6,False,wind,False
Thailand,Onshore wind energy,OnGrid,2011,7.3,7.3,False,wind,False
Thailand,Onshore wind energy,OnGrid,2012,111.7,111.7,False,wind,False
Thailand,Onshore wind energy,OnGrid,2013,222.7,222.7,False,wind,False
Thailand,Onshore wind energy,OnGrid,2014,224.5,224.5,False,wind,False
Thailand,Onshore wind energy,OnGrid,2015,233.9,233.9,False,wind,False
Thailand,Onshore wind energy,OnGrid,2016,507.04,507.04,False,wind,False
Thailand,Onshore wind energy,OnGrid,2017,627.82,627.82,False,wind,False
Thailand,Onshore wind energy,OnGrid,2018,1102.82,1102.82,False,wind,False
Thailand,Onshore wind energy,OnGrid,2019,1506.82,1506.82,False,wind,False
Thailand,Onshore wind energy,OnGrid,2020,1504.64,1504.64,False,wind,False
Thailand,Onshore wind energy,OnGrid,2021,1543.15,1543.15,False,wind,False
Thailand,Onshore wind energy,OnGrid,2022,1543.15,1543.15,False,wind,False
Thailand,Onshore wind energy,OnGrid,2023,1543.56,1543.56,False,wind,False
Thailand,Onshore wind energy,OnGrid,2024,1543.56,1543.56,False,wind,False
Timor Leste,Solar photovoltaic,OnGrid,2000,0.0,-,True,pv,False
Timor Leste,Solar photovoltaic,OnGrid,2001,0.0,-,True,pv,False
Timor Leste,Solar photovoltaic,OnGrid,2002,0.0,-,True,pv,False
Timor Leste,Solar photovoltaic,OnGrid,2003,0.0,-,True,pv,False
Timor Leste,Solar photovoltaic,OnGrid,2004,0.0,-,True,pv,False
Timor Leste,Solar photovoltaic,OnGrid,2005,0.0,-,True,pv,False
Timor Leste,Solar photovoltaic,OnGrid,2006,0.0,-,True,pv,False
Timor Leste,Solar photovoltaic,OnGrid,2007,0.0,-,True,pv,False
Timor Leste,Solar photovoltaic,OnGrid,2008,0.0,-,True,pv,False
Timor Leste,Solar photovoltaic,OnGrid,2009,0.0,-,True,pv,False
Timor Leste,Solar photovoltaic,OnGrid,2010,0.0,-,True,pv,False
Timor Leste,Solar photovoltaic,OnGrid,2011,0.0,-,True,pv,False
Timor Leste,Solar photovoltaic,OnGrid,2012,0.0,-,True,pv,False
Timor Leste,Solar photovoltaic,OnGrid,2013,0.0,-,True,pv,False
Timor Leste,Solar photovoltaic,OnGrid,2014,0.0,-,True,pv,False
Timor Leste,Solar photovoltaic,OnGrid,2015,0.0,-,True,pv,False
Timor Leste,Solar photovoltaic,OnGrid,2016,0.3,0.3,False,pv,False
Timor Leste,Solar photovoltaic,OnGrid,2017,0.3,0.3,False,pv,False
Timor Leste,Solar photovoltaic,OnGrid,2018,0.3,0.3,False,pv,False
Timor Leste,Solar photovoltaic,OnGrid,2019,0.3,0.3,False,pv,False
Timor Leste,Solar photovoltaic,OnGrid,2020,0.3,0.3,False,pv,False
Timor Leste,Solar photovoltaic,OnGrid,2021,0.3,0.3,False,pv,False
Timor Leste,Solar photovoltaic,OnGrid,2022,0.3,0.3,False,pv,False
Timor Leste,Solar photovoltaic,OnGrid,2023,0.31,0.31,False,pv,False
Timor Leste,Solar photovoltaic,OnGrid,2024,0.31,0.31,False,pv,False
Timor Leste,Onshore wind energy,OnGrid,2000,0.0,-,True,wind,False
Timor Leste,Onshore wind energy,OnGrid,2001,0.0,-,True,wind,False
Timor Leste,Onshore wind energy,OnGrid,2002,0.0,-,True,wind,False
Timor Leste,Onshore wind energy,OnGrid,2003,0.0,-,True,wind,False
Timor Leste,Onshore wind energy,OnGrid,2004,0.0,-,True,wind,False
Timor Leste,Onshore wind energy,OnGrid,2005,0.0,-,True,wind,False
Timor Leste,Onshore wind energy,OnGrid,2006,0.0,-,True,wind,False
Timor Leste,Onshore wind energy,OnGrid,2007,0.0,-,True,wind,False
Timor Leste,Onshore wind energy,OnGrid,2008,0.0,-,True,wind,False
Timor Leste,Onshore wind energy,OnGrid,2009,0.0,-,True,wind,False
Timor Leste,Onshore wind energy,OnGrid,2010,0.0,-,True,wind,False
Timor Leste,Onshore wind energy,OnGrid,2011,0.0,-,True,wind,False
Timor Leste,Onshore wind energy,OnGrid,2012,0.0,-,True,wind,False
Timor Leste,Onshore wind energy,OnGrid,2013,0.0,-,True,wind,False
Timor Leste,Onshore wind energy,OnGrid,2014,0.0,-,True,wind,False
Timor Leste,Onshore wind energy,OnGrid,2015,0.0,-,True,wind,False
Timor Leste,Onshore wind energy,OnGrid,2016,0.0,-,True,wind,False
Timor Leste,Onshore wind energy,OnGrid,2017,0.0,-,True,wind,False
Timor Leste,Onshore wind energy,OnGrid,2018,0.0,-,True,wind,False
Timor Leste,Onshore wind energy,OnGrid,2019,0.0,-,True,wind,False
Timor Leste,Onshore wind energy,OnGrid,2020,0.0,-,True,wind,False
Timor Leste,Onshore wind energy,OnGrid,2021,0.0,-,True,wind,False
Timor Leste,Onshore wind energy,OnGrid,2022,0.0,-,True,wind,False
Timor Leste,Onshore wind energy,OnGrid,2023,0.0,-,True,wind,False
Timor Leste,Onshore wind energy,OnGrid,2024,0.0,-,True,wind,False
Togo,Solar photovoltaic,OnGrid,2000,0.0,-,True,pv,False
Togo,Solar photovoltaic,OnGrid,2001,0.0,-,True,pv,False
Togo,Solar photovoltaic,OnGrid,2002,0.0,-,True,pv,False
Togo,Solar photovoltaic,OnGrid,2003,0.0,-,True,pv,False
Togo,Solar photovoltaic,OnGrid,2004,0.0,-,True,pv,False
Togo,Solar photovoltaic,OnGrid,2005,0.0,-,True,pv,False
Togo,Solar photovoltaic,OnGrid,2006,0.0,-,True,pv,False
Togo,Solar photovoltaic,OnGrid,2007,0.0,-,True,pv,False
Togo,Solar photovoltaic,OnGrid,2008,0.0,-,True,pv,False
Togo,Solar photovoltaic,OnGrid,2009,0.0,-,True,pv,False
Togo,Solar photovoltaic,OnGrid,2010,0.0,-,True,pv,False
Togo,Solar photovoltaic,OnGrid,2011,0.0,-,True,pv,False
Togo,Solar photovoltaic,OnGrid,2012,0.01,0.01,False,pv,False
Togo,Solar photovoltaic,OnGrid,2013,0.01,0.01,False,pv,False
Togo,Solar photovoltaic,OnGrid,2014,0.01,0.01,False,pv,False
Togo,Solar photovoltaic,OnGrid,2015,0.01,0.01,False,pv,False
Togo,Solar photovoltaic,OnGrid,2016,0.01,0.01,False,pv,False
Togo,Solar photovoltaic,OnGrid,2017,0.01,0.01,False,pv,False
Togo,Solar photovoltaic,OnGrid,2018,0.01,0.01,False,pv,False
Togo,Solar photovoltaic,OnGrid,2019,0.01,0.01,False,pv,False
Togo,Solar photovoltaic,OnGrid,2020,0.74,0.74,False,pv,False
Togo,Solar photovoltaic,OnGrid,2021,50.78,50.78,False,pv,False
Togo,Solar photovoltaic,OnGrid,2022,50.78,50.78,False,pv,False
Togo,Solar photovoltaic,OnGrid,2023,50.78,50.78,False,pv,False
Togo,Solar photovoltaic,OnGrid,2024,50.78,50.78,False,pv,False
Togo,Onshore wind energy,OnGrid,2000,0.0,-,True,wind,False
Togo,Onshore wind energy,OnGrid,2001,0.0,-,True,wind,False
Togo,Onshore wind energy,OnGrid,2002,0.0,-,True,wind,False
Togo,Onshore wind energy,OnGrid,2003,0.0,-,True,wind,False
Togo,Onshore wind energy,OnGrid,2004,0.0,-,True,wind,False
Togo,Onshore wind energy,OnGrid,2005,0.0,-,True,wind,False
Togo,Onshore wind energy,OnGrid,2006,0.0,-,True,wind,False
Togo,Onshore wind energy,OnGrid,2007,0.0,-,True,wind,False
Togo,Onshore wind energy,OnGrid,2008,0.0,-,True,wind,False
Togo,Onshore wind energy,OnGrid,2009,0.0,-,True,wind,False
Togo,Onshore wind energy,OnGrid,2010,0.0,-,True,wind,False
Togo,Onshore wind energy,OnGrid,2011,0.0,-,True,wind,False
Togo,Onshore wind energy,OnGrid,2012,0.0,-,True,wind,False
Togo,Onshore wind energy,OnGrid,2013,0.0,-,True,wind,False
Togo,Onshore wind energy,OnGrid,2014,0.0,-,True,wind,False
Togo,Onshore wind energy,OnGrid,2015,0.0,-,True,wind,False
Togo,Onshore wind energy,OnGrid,2016,0.0,-,True,wind,False
Togo,Onshore wind energy,OnGrid,2017,0.0,-,True,wind,False
Togo,Onshore wind energy,OnGrid,2018,0.0,-,True,wind,False
Togo,Onshore wind energy,OnGrid,2019,0.0,-,True,wind,False
Togo,Onshore wind energy,OnGrid,2020,0.0,-,True,wind,False
Togo,Onshore wind energy,OnGrid,2021,0.0,-,True,wind,False
Togo,Onshore wind energy,OnGrid,2022,0.0,-,True,wind,False
Togo,Onshore wind energy,OnGrid,2023,0.0,-,True,wind,False
Togo,Onshore wind energy,OnGrid,2024,0.0,-,True,wind,False
Tokelau,Solar photovoltaic,OnGrid,2000,0.0,-,True,pv,False
Tokelau,Solar photovoltaic,OnGrid,2001,0.0,-,True,pv,False
Tokelau,Solar photovoltaic,OnGrid,2002,0.0,-,True,pv,False
Tokelau,Solar photovoltaic,OnGrid,2003,0.0,-,True,pv,False
Tokelau,Solar photovoltaic,OnGrid,2004,0.0,-,True,pv,False
Tokelau,Solar photovoltaic,OnGrid,2005,0.0,-,True,pv,False
Tokelau,Solar photovoltaic,OnGrid,2006,0.0,-,True,pv,False
Tokelau,Solar photovoltaic,OnGrid,2007,0.0,-,True,pv,False
Tokelau,Solar photovoltaic,OnGrid,2008,0.0,-,True,pv,False
Tokelau,Solar photovoltaic,OnGrid,2009,0.0,-,True,pv,False
Tokelau,Solar photovoltaic,OnGrid,2010,0.0,-,True,pv,False
Tokelau,Solar photovoltaic,OnGrid,2011,0.0,-,True,pv,False
Tokelau,Solar photovoltaic,OnGrid,2012,0.93,0.93,False,pv,False
Tokelau,Solar photovoltaic,OnGrid,2013,0.93,0.93,False,pv,False
Tokelau,Solar photovoltaic,OnGrid,2014,0.93,0.93,False,pv,False
Tokelau,Solar photovoltaic,OnGrid,2015,0.93,0.93,False,pv,False
Tokelau,Solar photovoltaic,OnGrid,2016,1.02,1.02,False,pv,False
Tokelau,Solar photovoltaic,OnGrid,2017,1.02,1.02,False,pv,False
Tokelau,Solar photovoltaic,OnGrid,2018,1.02,1.02,False,pv,False
Tokelau,Solar photovoltaic,OnGrid,2019,1.02,1.02,False,pv,False
Tokelau,Solar photovoltaic,OnGrid,2020,1.02,1.02,False,pv,False
Tokelau,Solar photovoltaic,OnGrid,2021,1.02,1.02,False,pv,False
Tokelau,Solar photovoltaic,OnGrid,2022,1.02,1.02,False,pv,False
Tokelau,Solar photovoltaic,OnGrid,2023,1.02,1.02,False,pv,False
Tokelau,Solar photovoltaic,OnGrid,2024,1.02,1.02,False,pv,False
Tokelau,Onshore wind energy,OnGrid,2000,0.0,-,True,wind,False
Tokelau,Onshore wind energy,OnGrid,2001,0.0,-,True,wind,False
Tokelau,Onshore wind energy,OnGrid,2002,0.0,-,True,wind,False
Tokelau,Onshore wind energy,OnGrid,2003,0.0,-,True,wind,False
Tokelau,Onshore wind energy,OnGrid,2004,0.0,-,True,wind,False
Tokelau,Onshore wind energy,OnGrid,2005,0.0,-,True,wind,False
Tokelau,Onshore wind energy,OnGrid,2006,0.0,-,True,wind,False
Tokelau,Onshore wind energy,OnGrid,2007,0.0,-,True,wind,False
Tokelau,Onshore wind energy,OnGrid,2008,0.0,-,True,wind,False
Tokelau,Onshore wind energy,OnGrid,2009,0.0,-,True,wind,False
Tokelau,Onshore wind energy,OnGrid,2010,0.0,-,True,wind,False
Tokelau,Onshore wind energy,OnGrid,2011,0.0,-,True,wind,False
Tokelau,Onshore wind energy,OnGrid,2012,0.0,-,True,wind,False
Tokelau,Onshore wind energy,OnGrid,2013,0.0,-,True,wind,False
Tokelau,Onshore wind energy,OnGrid,2014,0.0,-,True,wind,False
Tokelau,Onshore wind energy,OnGrid,2015,0.0,-,True,wind,False
Tokelau,Onshore wind energy,OnGrid,2016,0.0,-,True,wind,False
Tokelau,Onshore wind energy,OnGrid,2017,0.0,-,True,wind,False
Tokelau,Onshore wind energy,OnGrid,2018,0.0,-,True,wind,False
Tokelau,Onshore wind energy,OnGrid,2019,0.02,0.02,False,wind,False
Tokelau,Onshore wind energy,OnGrid,2020,0.02,0.02,False,wind,False
Tokelau,Onshore wind energy,OnGrid,2021,0.02,0.02,False,wind,False
Tokelau,Onshore wind energy,OnGrid,2022,0.02,0.02,False,wind,False
Tokelau,Onshore wind energy,OnGrid,2023,0.02,0.02,False,wind,False
Tokelau,Onshore wind energy,OnGrid,2024,0.02,0.02,False,wind,False
Tonga,Solar photovoltaic,OnGrid,2000,0.0,-,True,pv,False
Tonga,Solar photovoltaic,OnGrid,2001,0.0,-,True,pv,False
Tonga,Solar photovoltaic,OnGrid,2002,0.0,-,True,pv,False
Tonga,Solar photovoltaic,OnGrid,2003,0.0,-,True,pv,False
Tonga,Solar photovoltaic,OnGrid,2004,0.0,-,True,pv,False
Tonga,Solar photovoltaic,OnGrid,2005,0.0,-,True,pv,False
Tonga,Solar photovoltaic,OnGrid,2006,0.0,-,True,pv,False
Tonga,Solar photovoltaic,OnGrid,2007,0.0,-,True,pv,False
Tonga,Solar photovoltaic,OnGrid,2008,0.01,0.01,False,pv,False
Tonga,Solar photovoltaic,OnGrid,2009,0.01,0.01,False,pv,False
Tonga,Solar photovoltaic,OnGrid,2010,0.01,0.01,False,pv,False
Tonga,Solar photovoltaic,OnGrid,2011,0.19,0.19,False,pv,False
Tonga,Solar photovoltaic,OnGrid,2012,1.87,1.87,False,pv,False
Tonga,Solar photovoltaic,OnGrid,2013,2.48,2.48,False,pv,False
Tonga,Solar photovoltaic,OnGrid,2014,2.48,2.48,False,pv,False
Tonga,Solar photovoltaic,OnGrid,2015,3.51,3.51,False,pv,False
Tonga,Solar photovoltaic,OnGrid,2016,4.29,4.29,False,pv,False
Tonga,Solar photovoltaic,OnGrid,2017,6.45,6.45,False,pv,False
Tonga,Solar photovoltaic,OnGrid,2018,6.57,6.57,False,pv,False
Tonga,Solar photovoltaic,OnGrid,2019,6.57,6.57,False,pv,False
Tonga,Solar photovoltaic,OnGrid,2020,6.57,6.57,False,pv,False
Tonga,Solar photovoltaic,OnGrid,2021,6.57,6.57,False,pv,False
Tonga,Solar photovoltaic,OnGrid,2022,13.86,13.86,False,pv,False
Tonga,Solar photovoltaic,OnGrid,2023,14.66,14.66,False,pv,False
Tonga,Solar photovoltaic,OnGrid,2024,14.91,14.91,False,pv,False
Tonga,Onshore wind energy,OnGrid,2000,0.0,-,True,wind,False
Tonga,Onshore wind energy,OnGrid,2001,0.0,-,True,wind,False
Tonga,Onshore wind energy,OnGrid,2002,0.0,-,True,wind,False
Tonga,Onshore wind energy,OnGrid,2003,0.0,-,True,wind,False
Tonga,Onshore wind energy,OnGrid,2004,0.0,-,True,wind,False
Tonga,Onshore wind energy,OnGrid,2005,0.0,-,True,wind,False
Tonga,Onshore wind energy,OnGrid,2006,0.0,-,True,wind,False
Tonga,Onshore wind energy,OnGrid,2007,0.0,-,True,wind,False
Tonga,Onshore wind energy,OnGrid,2008,0.0,-,True,wind,False
Tonga,Onshore wind energy,OnGrid,2009,0.0,-,True,wind,False
Tonga,Onshore wind energy,OnGrid,2010,0.0,-,True,wind,False
Tonga,Onshore wind energy,OnGrid,2011,0.0,-,True,wind,False
Tonga,Onshore wind energy,OnGrid,2012,0.0,-,True,wind,False
Tonga,Onshore wind energy,OnGrid,2013,0.01,0.01,False,wind,False
Tonga,Onshore wind energy,OnGrid,2014,0.01,0.01,False,wind,False
Tonga,Onshore wind energy,OnGrid,2015,0.02,0.02,False,wind,False
Tonga,Onshore wind energy,OnGrid,2016,0.02,0.02,False,wind,False
Tonga,Onshore wind energy,OnGrid,2017,0.02,0.02,False,wind,False
Tonga,Onshore wind energy,OnGrid,2018,0.02,0.02,False,wind,False
Tonga,Onshore wind energy,OnGrid,2019,1.4,1.4,False,wind,False
Tonga,Onshore wind energy,OnGrid,2020,1.4,1.4,False,wind,False
Tonga,Onshore wind energy,OnGrid,2021,1.4,1.4,False,wind,False
Tonga,Onshore wind energy,OnGrid,2022,1.4,1.4,False,wind,False
Tonga,Onshore wind energy,OnGrid,2023,1.4,1.4,False,wind,False
Tonga,Onshore wind energy,OnGrid,2024,1.4,1.4,False,wind,False
Trinidad Tobago,Solar photovoltaic,OnGrid,2000,0.34,0.34,False,pv,False
Trinidad Tobago,Solar photovoltaic,OnGrid,2001,0.67,0.67,False,pv,False
Trinidad Tobago,Solar photovoltaic,OnGrid,2002,0.88,0.88,False,pv,False
Trinidad Tobago,Solar photovoltaic,OnGrid,2003,1.22,1.22,False,pv,False
Trinidad Tobago,Solar photovoltaic,OnGrid,2004,1.66,1.66,False,pv,False
Trinidad Tobago,Solar photovoltaic,OnGrid,2005,1.76,1.76,False,pv,False
Trinidad Tobago,Solar photovoltaic,OnGrid,2006,1.99,1.99,False,pv,False
Trinidad Tobago,Solar photovoltaic,OnGrid,2007,2.11,2.11,False,pv,False
Trinidad Tobago,Solar photovoltaic,OnGrid,2008,2.27,2.27,False,pv,False
Trinidad Tobago,Solar photovoltaic,OnGrid,2009,2.53,2.53,False,pv,False
Trinidad Tobago,Solar photovoltaic,OnGrid,2010,2.83,2.83,False,pv,False
Trinidad Tobago,Solar photovoltaic,OnGrid,2011,2.83,2.83,False,pv,False
Trinidad Tobago,Solar photovoltaic,OnGrid,2012,4.0,4,False,pv,False
Trinidad Tobago,Solar photovoltaic,OnGrid,2013,4.0,4,False,pv,False
Trinidad Tobago,Solar photovoltaic,OnGrid,2014,4.0,4,False,pv,False
Trinidad Tobago,Solar photovoltaic,OnGrid,2015,4.0,4,False,pv,False
Trinidad Tobago,Solar photovoltaic,OnGrid,2016,4.0,4,False,pv,False
Trinidad Tobago,Solar photovoltaic,OnGrid,2017,4.0,4,False,pv,False
Trinidad Tobago,Solar photovoltaic,OnGrid,2018,4.0,4,False,pv,False
Trinidad Tobago,Solar photovoltaic,OnGrid,2019,4.0,4,False,pv,False
Trinidad Tobago,Solar photovoltaic,OnGrid,2020,4.0,4,False,pv,False
Trinidad Tobago,Solar photovoltaic,OnGrid,2021,4.1,4.1,False,pv,False
Trinidad Tobago,Solar photovoltaic,OnGrid,2022,4.1,4.1,False,pv,False
Trinidad Tobago,Solar photovoltaic,OnGrid,2023,4.11,4.11,False,pv,False
Trinidad Tobago,Solar photovoltaic,OnGrid,2024,4.62,4.62,False,pv,False
Trinidad Tobago,Onshore wind energy,OnGrid,2000,0.0,-,True,wind,False
Trinidad Tobago,Onshore wind energy,OnGrid,2001,0.0,-,True,wind,False
Trinidad Tobago,Onshore wind energy,OnGrid,2002,0.0,-,True,wind,False
Trinidad Tobago,Onshore wind energy,OnGrid,2003,0.0,-,True,wind,False
Trinidad Tobago,Onshore wind energy,OnGrid,2004,0.0,-,True,wind,False
Trinidad Tobago,Onshore wind energy,OnGrid,2005,0.0,-,True,wind,False
Trinidad Tobago,Onshore wind energy,OnGrid,2006,0.0,-,True,wind,False
Trinidad Tobago,Onshore wind energy,OnGrid,2007,0.0,-,True,wind,False
Trinidad Tobago,Onshore wind energy,OnGrid,2008,0.0,-,True,wind,False
Trinidad Tobago,Onshore wind energy,OnGrid,2009,0.0,-,True,wind,False
Trinidad Tobago,Onshore wind energy,OnGrid,2010,0.0,-,True,wind,False
Trinidad Tobago,Onshore wind energy,OnGrid,2011,0.0,-,True,wind,False
Trinidad Tobago,Onshore wind energy,OnGrid,2012,0.0,-,True,wind,False
Trinidad Tobago,Onshore wind energy,OnGrid,2013,0.0,-,True,wind,False
Trinidad Tobago,Onshore wind energy,OnGrid,2014,0.0,-,True,wind,False
Trinidad Tobago,Onshore wind energy,OnGrid,2015,0.01,0.01,False,wind,False
Trinidad Tobago,Onshore wind energy,OnGrid,2016,0.01,0.01,False,wind,False
Trinidad Tobago,Onshore wind energy,OnGrid,2017,0.01,0.01,False,wind,False
Trinidad Tobago,Onshore wind energy,OnGrid,2018,0.01,0.01,False,wind,False
Trinidad Tobago,Onshore wind energy,OnGrid,2019,0.01,0.01,False,wind,False
Trinidad Tobago,Onshore wind energy,OnGrid,2020,0.01,0.01,False,wind,False
Trinidad Tobago,Onshore wind energy,OnGrid,2021,0.01,0.01,False,wind,False
Trinidad Tobago,Onshore wind energy,OnGrid,2022,0.01,0.01,False,wind,False
Trinidad Tobago,Onshore wind energy,OnGrid,2023,0.01,0.01,False,wind,False
Trinidad Tobago,Onshore wind energy,OnGrid,2024,0.01,0.01,False,wind,False
Tunisia,Solar photovoltaic,OnGrid,2000,0.0,-,True,pv,False
Tunisia,Solar photovoltaic,OnGrid,2001,0.0,-,True,pv,False
Tunisia,Solar photovoltaic,OnGrid,2002,0.0,-,True,pv,False
Tunisia,Solar photovoltaic,OnGrid,2003,0.0,-,True,pv,False
Tunisia,Solar photovoltaic,OnGrid,2004,0.0,-,True,pv,False
Tunisia,Solar photovoltaic,OnGrid,2005,0.0,-,True,pv,False
Tunisia,Solar photovoltaic,OnGrid,2006,0.0,-,True,pv,False
Tunisia,Solar photovoltaic,OnGrid,2007,0.0,-,True,pv,False
Tunisia,Solar photovoltaic,OnGrid,2008,0.0,-,True,pv,False
Tunisia,Solar photovoltaic,OnGrid,2009,0.0,-,True,pv,False
Tunisia,Solar photovoltaic,OnGrid,2010,0.41,0.41,False,pv,False
Tunisia,Solar photovoltaic,OnGrid,2011,1.45,1.45,False,pv,False
Tunisia,Solar photovoltaic,OnGrid,2012,4.02,4.02,False,pv,False
Tunisia,Solar photovoltaic,OnGrid,2013,7.98,7.98,False,pv,False
Tunisia,Solar photovoltaic,OnGrid,2014,15.51,15.51,False,pv,False
Tunisia,Solar photovoltaic,OnGrid,2015,25.84,25.84,False,pv,False
Tunisia,Solar photovoltaic,OnGrid,2016,36.0,36,False,pv,False
Tunisia,Solar photovoltaic,OnGrid,2017,45.0,45,False,pv,False
Tunisia,Solar photovoltaic,OnGrid,2018,61.67,61.67,False,pv,False
Tunisia,Solar photovoltaic,OnGrid,2019,72.97,72.97,False,pv,False
Tunisia,Solar photovoltaic,OnGrid,2020,87.81,87.81,False,pv,False
Tunisia,Solar photovoltaic,OnGrid,2021,87.81,87.81,False,pv,False
Tunisia,Solar photovoltaic,OnGrid,2022,190.0,190,False,pv,False
Tunisia,Solar photovoltaic,OnGrid,2023,499.0,499,False,pv,False
Tunisia,Solar photovoltaic,OnGrid,2024,766.0,766,False,pv,False
Tunisia,Onshore wind energy,OnGrid,2000,10.65,10.65,False,wind,False
Tunisia,Onshore wind energy,OnGrid,2001,10.65,10.65,False,wind,False
Tunisia,Onshore wind energy,OnGrid,2002,10.65,10.65,False,wind,False
Tunisia,Onshore wind energy,OnGrid,2003,19.37,19.37,False,wind,False
Tunisia,Onshore wind energy,OnGrid,2004,19.37,19.37,False,wind,False
Tunisia,Onshore wind energy,OnGrid,2005,19.37,19.37,False,wind,False
Tunisia,Onshore wind energy,OnGrid,2006,19.37,19.37,False,wind,False
Tunisia,Onshore wind energy,OnGrid,2007,19.37,19.37,False,wind,False
Tunisia,Onshore wind energy,OnGrid,2008,19.37,19.37,False,wind,False
Tunisia,Onshore wind energy,OnGrid,2009,53.69,53.69,False,wind,False
Tunisia,Onshore wind energy,OnGrid,2010,53.69,53.69,False,wind,False
Tunisia,Onshore wind energy,OnGrid,2011,53.69,53.69,False,wind,False
Tunisia,Onshore wind energy,OnGrid,2012,173.0,173,False,wind,False
Tunisia,Onshore wind energy,OnGrid,2013,200.0,200,False,wind,False
Tunisia,Onshore wind energy,OnGrid,2014,233.0,233,False,wind,False
Tunisia,Onshore wind energy,OnGrid,2015,240.0,240,False,wind,False
Tunisia,Onshore wind energy,OnGrid,2016,240.0,240,False,wind,False
Tunisia,Onshore wind energy,OnGrid,2017,240.0,240,False,wind,False
Tunisia,Onshore wind energy,OnGrid,2018,245.0,245,False,wind,False
Tunisia,Onshore wind energy,OnGrid,2019,245.0,245,False,wind,False
Tunisia,Onshore wind energy,OnGrid,2020,245.0,245,False,wind,False
Tunisia,Onshore wind energy,OnGrid,2021,245.0,245,False,wind,False
Tunisia,Onshore wind energy,OnGrid,2022,245.0,245,False,wind,False
Tunisia,Onshore wind energy,OnGrid,2023,245.0,245,False,wind,False
Tunisia,Onshore wind energy,OnGrid,2024,245.0,245,False,wind,False
Türkiye,Solar photovoltaic,OnGrid,2000,0.1,0.1,False,pv,False
Türkiye,Solar photovoltaic,OnGrid,2001,0.3,0.3,False,pv,False
Türkiye,Solar photovoltaic,OnGrid,2002,0.6,0.6,False,pv,False
Türkiye,Solar photovoltaic,OnGrid,2003,1.0,1,False,pv,False
Türkiye,Solar photovoltaic,OnGrid,2004,1.5,1.5,False,pv,False
Türkiye,Solar photovoltaic,OnGrid,2005,2.0,2,False,pv,False
Türkiye,Solar photovoltaic,OnGrid,2006,2.5,2.5,False,pv,False
Türkiye,Solar photovoltaic,OnGrid,2007,3.0,3,False,pv,False
Türkiye,Solar photovoltaic,OnGrid,2008,3.7,3.7,False,pv,False
Türkiye,Solar photovoltaic,OnGrid,2009,4.7,4.7,False,pv,False
Türkiye,Solar photovoltaic,OnGrid,2010,5.7,5.7,False,pv,False
Türkiye,Solar photovoltaic,OnGrid,2011,6.7,6.7,False,pv,False
Türkiye,Solar photovoltaic,OnGrid,2012,11.7,11.7,False,pv,False
Türkiye,Solar photovoltaic,OnGrid,2013,17.7,17.7,False,pv,False
Türkiye,Solar photovoltaic,OnGrid,2014,40.0,40,False,pv,False
Türkiye,Solar photovoltaic,OnGrid,2015,249.0,249,False,pv,False
Türkiye,Solar photovoltaic,OnGrid,2016,833.0,833,False,pv,False
Türkiye,Solar photovoltaic,OnGrid,2017,3420.7,3420.7,False,pv,False
Türkiye,Solar photovoltaic,OnGrid,2018,5062.61,5062.61,False,pv,False
Türkiye,Solar photovoltaic,OnGrid,2019,5995.16,5995.16,False,pv,False
Türkiye,Solar photovoltaic,OnGrid,2020,6667.42,6667.42,False,pv,False
Türkiye,Solar photovoltaic,OnGrid,2021,7815.63,7815.63,False,pv,False
Türkiye,Solar photovoltaic,OnGrid,2022,9425.44,9425.44,False,pv,False
Türkiye,Solar photovoltaic,OnGrid,2023,15613.37,15613.37,False,pv,False
Türkiye,Solar photovoltaic,OnGrid,2024,20232.11,20232.11,False,pv,False
Türkiye,Onshore wind energy,OnGrid,2000,19.0,19,False,wind,False
Türkiye,Onshore wind energy,OnGrid,2001,19.0,19,False,wind,False
Türkiye,Onshore wind energy,OnGrid,2002,19.0,19,False,wind,False
Türkiye,Onshore wind energy,OnGrid,2003,19.0,19,False,wind,False
Türkiye,Onshore wind energy,OnGrid,2004,19.0,19,False,wind,False
Türkiye,Onshore wind energy,OnGrid,2005,21.0,21,False,wind,False
Türkiye,Onshore wind energy,OnGrid,2006,59.0,59,False,wind,False
Türkiye,Onshore wind energy,OnGrid,2007,146.0,146,False,wind,False
Türkiye,Onshore wind energy,OnGrid,2008,364.0,364,False,wind,False
Türkiye,Onshore wind energy,OnGrid,2009,792.0,792,False,wind,False
Türkiye,Onshore wind energy,OnGrid,2010,1320.0,1320,False,wind,False
Türkiye,Onshore wind energy,OnGrid,2011,1729.0,1729,False,wind,False
Türkiye,Onshore wind energy,OnGrid,2012,2261.0,2261,False,wind,False
Türkiye,Onshore wind energy,OnGrid,2013,2760.0,2760,False,wind,False
Türkiye,Onshore wind energy,OnGrid,2014,3630.0,3630,False,wind,False
Türkiye,Onshore wind energy,OnGrid,2015,4503.0,4503,False,wind,False
Türkiye,Onshore wind energy,OnGrid,2016,5751.0,5751,False,wind,False
Türkiye,Onshore wind energy,OnGrid,2017,6516.15,6516.15,False,wind,False
Türkiye,Onshore wind energy,OnGrid,2018,7005.39,7005.39,False,wind,False
Türkiye,Onshore wind energy,OnGrid,2019,7591.16,7591.16,False,wind,False
Türkiye,Onshore wind energy,OnGrid,2020,8832.4,8832.4,False,wind,False
Türkiye,Onshore wind energy,OnGrid,2021,10606.98,10606.98,False,wind,False
Türkiye,Onshore wind energy,OnGrid,2022,11396.16,11396.16,False,wind,False
Türkiye,Onshore wind energy,OnGrid,2023,11806.07,11806.07,False,wind,False
Türkiye,Onshore wind energy,OnGrid,2024,12870.79,12870.79,False,wind,False
Turkmenistan,Solar photovoltaic,OnGrid,2000,0.0,-,True,pv,False
Turkmenistan,Solar photovoltaic,OnGrid,2001,0.0,-,True,pv,False
Turkmenistan,Solar photovoltaic,OnGrid,2002,0.0,-,True,pv,False
Turkmenistan,Solar photovoltaic,OnGrid,2003,0.0,-,True,pv,False
Turkmenistan,Solar photovoltaic,OnGrid,2004,0.0,-,True,pv,False
Turkmenistan,Solar photovoltaic,OnGrid,2005,0.0,-,True,pv,False
Turkmenistan,Solar photovoltaic,OnGrid,2006,0.0,-,True,pv,False
Turkmenistan,Solar photovoltaic,OnGrid,2007,0.0,-,True,pv,False
Turkmenistan,Solar photovoltaic,OnGrid,2008,0.0,-,True,pv,False
Turkmenistan,Solar photovoltaic,OnGrid,2009,0.0,-,True,pv,False
Turkmenistan,Solar photovoltaic,OnGrid,2010,0.0,-,True,pv,False
Turkmenistan,Solar photovoltaic,OnGrid,2011,0.0,-,True,pv,False
Turkmenistan,Solar photovoltaic,OnGrid,2012,0.0,-,True,pv,False
Turkmenistan,Solar photovoltaic,OnGrid,2013,0.0,-,True,pv,False
Turkmenistan,Solar photovoltaic,OnGrid,2014,0.0,-,True,pv,False
Turkmenistan,Solar photovoltaic,OnGrid,2015,0.0,-,True,pv,False
Turkmenistan,Solar photovoltaic,OnGrid,2016,0.0,-,True,pv,False
Turkmenistan,Solar photovoltaic,OnGrid,2017,0.0,-,True,pv,False
Turkmenistan,Solar photovoltaic,OnGrid,2018,0.0,-,True,pv,False
Turkmenistan,Solar photovoltaic,OnGrid,2019,0.0,-,True,pv,False
Turkmenistan,Solar photovoltaic,OnGrid,2020,0.0,-,True,pv,False
Turkmenistan,Solar photovoltaic,OnGrid,2021,0.0,-,True,pv,False
Turkmenistan,Solar photovoltaic,OnGrid,2022,0.0,-,True,pv,False
Turkmenistan,Solar photovoltaic,OnGrid,2023,0.0,-,True,pv,False
Turkmenistan,Solar photovoltaic,OnGrid,2024,0.11,0.11,False,pv,False
Turkmenistan,Onshore wind energy,OnGrid,2000,0.0,-,True,wind,False
Turkmenistan,Onshore wind energy,OnGrid,2001,0.0,-,True,wind,False
Turkmenistan,Onshore wind energy,OnGrid,2002,0.0,-,True,wind,False
Turkmenistan,Onshore wind energy,OnGrid,2003,0.0,-,True,wind,False
Turkmenistan,Onshore wind energy,OnGrid,2004,0.0,-,True,wind,False
Turkmenistan,Onshore wind energy,OnGrid,2005,0.0,-,True,wind,False
Turkmenistan,Onshore wind energy,OnGrid,2006,0.0,-,True,wind,False
Turkmenistan,Onshore wind energy,OnGrid,2007,0.0,-,True,wind,False
Turkmenistan,Onshore wind energy,OnGrid,2008,0.0,-,True,wind,False
Turkmenistan,Onshore wind energy,OnGrid,2009,0.0,-,True,wind,False
Turkmenistan,Onshore wind energy,OnGrid,2010,0.0,-,True,wind,False
Turkmenistan,Onshore wind energy,OnGrid,2011,0.0,-,True,wind,False
Turkmenistan,Onshore wind energy,OnGrid,2012,0.0,-,True,wind,False
Turkmenistan,Onshore wind energy,OnGrid,2013,0.0,-,True,wind,False
Turkmenistan,Onshore wind energy,OnGrid,2014,0.0,-,True,wind,False
Turkmenistan,Onshore wind energy,OnGrid,2015,0.0,-,True,wind,False
Turkmenistan,Onshore wind energy,OnGrid,2016,0.0,-,True,wind,False
Turkmenistan,Onshore wind energy,OnGrid,2017,0.0,-,True,wind,False
Turkmenistan,Onshore wind energy,OnGrid,2018,0.0,-,True,wind,False
Turkmenistan,Onshore wind energy,OnGrid,2019,0.0,-,True,wind,False
Turkmenistan,Onshore wind energy,OnGrid,2020,0.0,-,True,wind,False
Turkmenistan,Onshore wind energy,OnGrid,2021,0.0,-,True,wind,False
Turkmenistan,Onshore wind energy,OnGrid,2022,0.0,-,True,wind,False
Turkmenistan,Onshore wind energy,OnGrid,2023,0.0,-,True,wind,False
Turkmenistan,Onshore wind energy,OnGrid,2024,0.0,-,True,wind,False
Turks Caicos,Solar photovoltaic,OnGrid,2000,0.0,-,True,pv,False
Turks Caicos,Solar photovoltaic,OnGrid,2001,0.0,-,True,pv,False
Turks Caicos,Solar photovoltaic,OnGrid,2002,0.0,-,True,pv,False
Turks Caicos,Solar photovoltaic,OnGrid,2003,0.0,-,True,pv,False
Turks Caicos,Solar photovoltaic,OnGrid,2004,0.0,-,True,pv,False
Turks Caicos,Solar photovoltaic,OnGrid,2005,0.0,-,True,pv,False
Turks Caicos,Solar photovoltaic,OnGrid,2006,0.0,-,True,pv,False
Turks Caicos,Solar photovoltaic,OnGrid,2007,0.0,-,True,pv,False
Turks Caicos,Solar photovoltaic,OnGrid,2008,0.0,-,True,pv,False
Turks Caicos,Solar photovoltaic,OnGrid,2009,0.0,-,True,pv,False
Turks Caicos,Solar photovoltaic,OnGrid,2010,0.0,-,True,pv,False
Turks Caicos,Solar photovoltaic,OnGrid,2011,0.0,-,True,pv,False
Turks Caicos,Solar photovoltaic,OnGrid,2012,0.0,-,True,pv,False
Turks Caicos,Solar photovoltaic,OnGrid,2013,0.0,-,True,pv,False
Turks Caicos,Solar photovoltaic,OnGrid,2014,0.0,-,True,pv,False
Turks Caicos,Solar photovoltaic,OnGrid,2015,0.03,0.03,False,pv,False
Turks Caicos,Solar photovoltaic,OnGrid,2016,0.03,0.03,False,pv,False
Turks Caicos,Solar photovoltaic,OnGrid,2017,0.19,0.19,False,pv,False
Turks Caicos,Solar photovoltaic,OnGrid,2018,0.44,0.44,False,pv,False
Turks Caicos,Solar photovoltaic,OnGrid,2019,0.94,0.94,False,pv,False
Turks Caicos,Solar photovoltaic,OnGrid,2020,0.94,0.94,False,pv,False
Turks Caicos,Solar photovoltaic,OnGrid,2021,2.57,2.57,False,pv,False
Turks Caicos,Solar photovoltaic,OnGrid,2022,3.29,3.29,False,pv,False
Turks Caicos,Solar photovoltaic,OnGrid,2023,3.52,3.52,False,pv,False
Turks Caicos,Solar photovoltaic,OnGrid,2024,3.52,3.52,False,pv,False
Turks Caicos,Onshore wind energy,OnGrid,2000,0.0,-,True,wind,False
Turks Caicos,Onshore wind energy,OnGrid,2001,0.0,-,True,wind,False
Turks Caicos,Onshore wind energy,OnGrid,2002,0.0,-,True,wind,False
Turks Caicos,Onshore wind energy,OnGrid,2003,0.0,-,True,wind,False
Turks Caicos,Onshore wind energy,OnGrid,2004,0.0,-,True,wind,False
Turks Caicos,Onshore wind energy,OnGrid,2005,0.0,-,True,wind,False
Turks Caicos,Onshore wind energy,OnGrid,2006,0.0,-,True,wind,False
Turks Caicos,Onshore wind energy,OnGrid,2007,0.0,-,True,wind,False
Turks Caicos,Onshore wind energy,OnGrid,2008,0.0,-,True,wind,False
Turks Caicos,Onshore wind energy,OnGrid,2009,0.0,-,True,wind,False
Turks Caicos,Onshore wind energy,OnGrid,2010,0.0,-,True,wind,False
Turks Caicos,Onshore wind energy,OnGrid,2011,0.0,-,True,wind,False
Turks Caicos,Onshore wind energy,OnGrid,2012,0.0,-,True,wind,False
Turks Caicos,Onshore wind energy,OnGrid,2013,0.0,-,True,wind,False
Turks Caicos,Onshore wind energy,OnGrid,2014,0.0,-,True,wind,False
Turks Caicos,Onshore wind energy,OnGrid,2015,0.0,-,True,wind,False
Turks Caicos,Onshore wind energy,OnGrid,2016,0.0,-,True,wind,False
Turks Caicos,Onshore wind energy,OnGrid,2017,0.0,-,True,wind,False
Turks Caicos,Onshore wind energy,OnGrid,2018,0.0,-,True,wind,False
Turks Caicos,Onshore wind energy,OnGrid,2019,0.0,-,True,wind,False
Turks Caicos,Onshore wind energy,OnGrid,2020,0.0,-,True,wind,False
Turks Caicos,Onshore wind energy,OnGrid,2021,0.0,-,True,wind,False
Turks Caicos,Onshore wind energy,OnGrid,2022,0.0,-,True,wind,False
Turks Caicos,Onshore wind energy,OnGrid,2023,0.0,-,True,wind,False
Turks Caicos,Onshore wind energy,OnGrid,2024,0.0,-,True,wind,False
Tuvalu,Solar photovoltaic,OnGrid,2000,0.0,-,True,pv,False
Tuvalu,Solar photovoltaic,OnGrid,2001,0.0,-,True,pv,False
Tuvalu,Solar photovoltaic,OnGrid,2002,0.0,-,True,pv,False
Tuvalu,Solar photovoltaic,OnGrid,2003,0.0,-,True,pv,False
Tuvalu,Solar photovoltaic,OnGrid,2004,0.0,-,True,pv,False
Tuvalu,Solar photovoltaic,OnGrid,2005,0.0,-,True,pv,False
Tuvalu,Solar photovoltaic,OnGrid,2006,0.0,-,True,pv,False
Tuvalu,Solar photovoltaic,OnGrid,2007,0.0,-,True,pv,False
Tuvalu,Solar photovoltaic,OnGrid,2008,0.04,0.04,False,pv,False
Tuvalu,Solar photovoltaic,OnGrid,2009,0.09,0.09,False,pv,False
Tuvalu,Solar photovoltaic,OnGrid,2010,0.09,0.09,False,pv,False
Tuvalu,Solar photovoltaic,OnGrid,2011,0.09,0.09,False,pv,False
Tuvalu,Solar photovoltaic,OnGrid,2012,0.09,0.09,False,pv,False
Tuvalu,Solar photovoltaic,OnGrid,2013,0.15,0.15,False,pv,False
Tuvalu,Solar photovoltaic,OnGrid,2014,0.15,0.15,False,pv,False
Tuvalu,Solar photovoltaic,OnGrid,2015,2.32,2.32,False,pv,False
Tuvalu,Solar photovoltaic,OnGrid,2016,2.32,2.32,False,pv,False
Tuvalu,Solar photovoltaic,OnGrid,2017,2.32,2.32,False,pv,False
Tuvalu,Solar photovoltaic,OnGrid,2018,2.32,2.32,False,pv,False
Tuvalu,Solar photovoltaic,OnGrid,2019,2.32,2.32,False,pv,False
Tuvalu,Solar photovoltaic,OnGrid,2020,2.4,2.4,False,pv,False
Tuvalu,Solar photovoltaic,OnGrid,2021,2.4,2.4,False,pv,False
Tuvalu,Solar photovoltaic,OnGrid,2022,2.4,2.4,False,pv,False
Tuvalu,Solar photovoltaic,OnGrid,2023,2.5,2.5,False,pv,False
Tuvalu,Solar photovoltaic,OnGrid,2024,3.0,3,False,pv,False
Tuvalu,Onshore wind energy,OnGrid,2000,0.0,-,True,wind,False
Tuvalu,Onshore wind energy,OnGrid,2001,0.0,-,True,wind,False
Tuvalu,Onshore wind energy,OnGrid,2002,0.0,-,True,wind,False
Tuvalu,Onshore wind energy,OnGrid,2003,0.0,-,True,wind,False
Tuvalu,Onshore wind energy,OnGrid,2004,0.0,-,True,wind,False
Tuvalu,Onshore wind energy,OnGrid,2005,0.0,-,True,wind,False
Tuvalu,Onshore wind energy,OnGrid,2006,0.0,-,True,wind,False
Tuvalu,Onshore wind energy,OnGrid,2007,0.0,-,True,wind,False
Tuvalu,Onshore wind energy,OnGrid,2008,0.0,-,True,wind,False
Tuvalu,Onshore wind energy,OnGrid,2009,0.0,-,True,wind,False
Tuvalu,Onshore wind energy,OnGrid,2010,0.0,-,True,wind,False
Tuvalu,Onshore wind energy,OnGrid,2011,0.0,-,True,wind,False
Tuvalu,Onshore wind energy,OnGrid,2012,0.0,-,True,wind,False
Tuvalu,Onshore wind energy,OnGrid,2013,0.0,-,True,wind,False
Tuvalu,Onshore wind energy,OnGrid,2014,0.0,-,True,wind,False
Tuvalu,Onshore wind energy,OnGrid,2015,0.0,-,True,wind,False
Tuvalu,Onshore wind energy,OnGrid,2016,0.0,-,True,wind,False
Tuvalu,Onshore wind energy,OnGrid,2017,0.0,-,True,wind,False
Tuvalu,Onshore wind energy,OnGrid,2018,0.0,-,True,wind,False
Tuvalu,Onshore wind energy,OnGrid,2019,0.0,-,True,wind,False
Tuvalu,Onshore wind energy,OnGrid,2020,0.0,-,True,wind,False
Tuvalu,Onshore wind energy,OnGrid,2021,0.0,-,True,wind,False
Tuvalu,Onshore wind energy,OnGrid,2022,0.0,-,True,wind,False
Tuvalu,Onshore wind energy,OnGrid,2023,0.0,-,True,wind,False
Tuvalu,Onshore wind energy,OnGrid,2024,0.0,-,True,wind,False
Uganda,Solar photovoltaic,OnGrid,2000,0.0,-,True,pv,False
Uganda,Solar photovoltaic,OnGrid,2001,0.0,-,True,pv,False
Uganda,Solar photovoltaic,OnGrid,2002,0.0,-,True,pv,False
Uganda,Solar photovoltaic,OnGrid,2003,0.0,-,True,pv,False
Uganda,Solar photovoltaic,OnGrid,2004,0.0,-,True,pv,False
Uganda,Solar photovoltaic,OnGrid,2005,0.0,-,True,pv,False
Uganda,Solar photovoltaic,OnGrid,2006,0.0,-,True,pv,False
Uganda,Solar photovoltaic,OnGrid,2007,0.0,-,True,pv,False
Uganda,Solar photovoltaic,OnGrid,2008,0.0,-,True,pv,False
Uganda,Solar photovoltaic,OnGrid,2009,0.0,-,True,pv,False
Uganda,Solar photovoltaic,OnGrid,2010,0.0,-,True,pv,False
Uganda,Solar photovoltaic,OnGrid,2011,0.0,-,True,pv,False
Uganda,Solar photovoltaic,OnGrid,2012,0.0,-,True,pv,False
Uganda,Solar photovoltaic,OnGrid,2013,0.0,-,True,pv,False
Uganda,Solar photovoltaic,OnGrid,2014,0.0,-,True,pv,False
Uganda,Solar photovoltaic,OnGrid,2015,0.0,-,True,pv,False
Uganda,Solar photovoltaic,OnGrid,2016,0.07,0.07,False,pv,False
Uganda,Solar photovoltaic,OnGrid,2017,17.56,17.56,False,pv,False
Uganda,Solar photovoltaic,OnGrid,2018,40.79,40.79,False,pv,False
Uganda,Solar photovoltaic,OnGrid,2019,50.92,50.92,False,pv,False
Uganda,Solar photovoltaic,OnGrid,2020,61.51,61.51,False,pv,False
Uganda,Solar photovoltaic,OnGrid,2021,63.39,63.39,False,pv,False
Uganda,Solar photovoltaic,OnGrid,2022,63.39,63.39,False,pv,False
Uganda,Solar photovoltaic,OnGrid,2023,83.39,83.39,False,pv,False
Uganda,Solar photovoltaic,OnGrid,2024,84.19,84.19,False,pv,False
Uganda,Onshore wind energy,OnGrid,2000,0.0,-,True,wind,False
Uganda,Onshore wind energy,OnGrid,2001,0.0,-,True,wind,False
Uganda,Onshore wind energy,OnGrid,2002,0.0,-,True,wind,False
Uganda,Onshore wind energy,OnGrid,2003,0.0,-,True,wind,False
Uganda,Onshore wind energy,OnGrid,2004,0.0,-,True,wind,False
Uganda,Onshore wind energy,OnGrid,2005,0.0,-,True,wind,False
Uganda,Onshore wind energy,OnGrid,2006,0.0,-,True,wind,False
Uganda,Onshore wind energy,OnGrid,2007,0.0,-,True,wind,False
Uganda,Onshore wind energy,OnGrid,2008,0.0,-,True,wind,False
Uganda,Onshore wind energy,OnGrid,2009,0.0,-,True,wind,False
Uganda,Onshore wind energy,OnGrid,2010,0.0,-,True,wind,False
Uganda,Onshore wind energy,OnGrid,2011,0.0,-,True,wind,False
Uganda,Onshore wind energy,OnGrid,2012,0.0,-,True,wind,False
Uganda,Onshore wind energy,OnGrid,2013,0.0,-,True,wind,False
Uganda,Onshore wind energy,OnGrid,2014,0.0,-,True,wind,False
Uganda,Onshore wind energy,OnGrid,2015,0.0,-,True,wind,False
Uganda,Onshore wind energy,OnGrid,2016,0.0,-,True,wind,False
Uganda,Onshore wind energy,OnGrid,2017,0.0,-,True,wind,False
Uganda,Onshore wind energy,OnGrid,2018,0.0,-,True,wind,False
Uganda,Onshore wind energy,OnGrid,2019,0.0,-,True,wind,False
Uganda,Onshore wind energy,OnGrid,2020,0.0,-,True,wind,False
Uganda,Onshore wind energy,OnGrid,2021,0.0,-,True,wind,False
Uganda,Onshore wind energy,OnGrid,2022,0.0,-,True,wind,False
Uganda,Onshore wind energy,OnGrid,2023,0.0,-,True,wind,False
Uganda,Onshore wind energy,OnGrid,2024,0.0,-,True,wind,False
UK,Solar photovoltaic,OnGrid,2000,2.0,2,False,pv,False
UK,Solar photovoltaic,OnGrid,2001,3.0,3,False,pv,False
UK,Solar photovoltaic,OnGrid,2002,4.0,4,False,pv,False
UK,Solar photovoltaic,OnGrid,2003,6.0,6,False,pv,False
UK,Solar photovoltaic,OnGrid,2004,8.0,8,False,pv,False
UK,Solar photovoltaic,OnGrid,2005,11.0,11,False,pv,False
UK,Solar photovoltaic,OnGrid,2006,14.0,14,False,pv,False
UK,Solar photovoltaic,OnGrid,2007,18.0,18,False,pv,False
UK,Solar photovoltaic,OnGrid,2008,23.0,23,False,pv,False
UK,Solar photovoltaic,OnGrid,2009,27.0,27,False,pv,False
UK,Solar photovoltaic,OnGrid,2010,95.0,95,False,pv,False
UK,Solar photovoltaic,OnGrid,2011,1000.0,1000,False,pv,False
UK,Solar photovoltaic,OnGrid,2012,1753.0,1753,False,pv,False
UK,Solar photovoltaic,OnGrid,2013,2937.0,2937,False,pv,False
UK,Solar photovoltaic,OnGrid,2014,5528.0,5528,False,pv,False
UK,Solar photovoltaic,OnGrid,2015,9601.0,9601,False,pv,False
UK,Solar photovoltaic,OnGrid,2016,11914.0,11914,False,pv,False
UK,Solar photovoltaic,OnGrid,2017,12750.96,12750.96,False,pv,False
UK,Solar photovoltaic,OnGrid,2018,13059.07,13059.07,False,pv,False
UK,Solar photovoltaic,OnGrid,2019,13344.84,13344.84,False,pv,False
UK,Solar photovoltaic,OnGrid,2020,13772.24,13772.24,False,pv,False
UK,Solar photovoltaic,OnGrid,2021,14251.35,14251.35,False,pv,False
UK,Solar photovoltaic,OnGrid,2022,14812.56,14812.56,False,pv,False
UK,Solar photovoltaic,OnGrid,2023,16428.06,16428.06,False,pv,False
UK,Solar photovoltaic,OnGrid,2024,18999.97,18999.97,False,pv,False
UK,Onshore wind energy,OnGrid,2000,431.0,431,False,wind,False
UK,Onshore wind energy,OnGrid,2001,490.0,490,False,wind,False
UK,Onshore wind energy,OnGrid,2002,531.0,531,False,wind,False
UK,Onshore wind energy,OnGrid,2003,678.0,678,False,wind,False
UK,Onshore wind energy,OnGrid,2004,809.0,809,False,wind,False
UK,Onshore wind energy,OnGrid,2005,1351.0,1351,False,wind,False
UK,Onshore wind energy,OnGrid,2006,1651.0,1651,False,wind,False
UK,Onshore wind energy,OnGrid,2007,2083.0,2083,False,wind,False
UK,Onshore wind energy,OnGrid,2008,2849.8,2849.8,False,wind,False
UK,Onshore wind energy,OnGrid,2009,3468.0,3468,False,wind,False
UK,Onshore wind energy,OnGrid,2010,4080.0,4080,False,wind,False
UK,Onshore wind energy,OnGrid,2011,4758.0,4758,False,wind,False
UK,Onshore wind energy,OnGrid,2012,6035.0,6035,False,wind,False
UK,Onshore wind energy,OnGrid,2013,7586.0,7586,False,wind,False
UK,Onshore wind energy,OnGrid,2014,8573.0,8573,False,wind,False
UK,Onshore wind energy,OnGrid,2015,9212.0,9212,False,wind,False
UK,Onshore wind energy,OnGrid,2016,10833.0,10833,False,wind,False
UK,Onshore wind energy,OnGrid,2017,12597.0,12597,False,wind,False
UK,Onshore wind energy,OnGrid,2018,13425.15,13425.15,False,wind,False
UK,Onshore wind energy,OnGrid,2019,13998.82,13998.82,False,wind,False
UK,Onshore wind energy,OnGrid,2020,14075.08,14075.08,False,wind,False
UK,Onshore wind energy,OnGrid,2021,14492.76,14492.76,False,wind,False
UK,Onshore wind energy,OnGrid,2022,14833.81,14833.81,False,wind,False
UK,Onshore wind energy,OnGrid,2023,15417.87,15417.87,False,wind,False
UK,Onshore wind energy,OnGrid,2024,16229.97,16229.97,False,wind,False
Ukraine,Solar photovoltaic,OnGrid,2000,0.0,-,True,pv,False
Ukraine,Solar photovoltaic,OnGrid,2001,0.0,-,True,pv,False
Ukraine,Solar photovoltaic,OnGrid,2002,0.0,-,True,pv,False
Ukraine,Solar photovoltaic,OnGrid,2003,0.0,-,True,pv,False
Ukraine,Solar photovoltaic,OnGrid,2004,0.0,-,True,pv,False
Ukraine,Solar photovoltaic,OnGrid,2005,0.0,-,True,pv,False
Ukraine,Solar photovoltaic,OnGrid,2006,0.0,-,True,pv,False
Ukraine,Solar photovoltaic,OnGrid,2007,0.0,-,True,pv,False
Ukraine,Solar photovoltaic,OnGrid,2008,0.0,-,True,pv,False
Ukraine,Solar photovoltaic,OnGrid,2009,0.0,-,True,pv,False
Ukraine,Solar photovoltaic,OnGrid,2010,2.5,2.5,False,pv,False
Ukraine,Solar photovoltaic,OnGrid,2011,188.2,188.2,False,pv,False
Ukraine,Solar photovoltaic,OnGrid,2012,371.6,371.6,False,pv,False
Ukraine,Solar photovoltaic,OnGrid,2013,748.4,748.4,False,pv,False
Ukraine,Solar photovoltaic,OnGrid,2014,819.1,819.1,False,pv,False
Ukraine,Solar photovoltaic,OnGrid,2015,841.2,841.2,False,pv,False
Ukraine,Solar photovoltaic,OnGrid,2016,954.7,954.7,False,pv,False
Ukraine,Solar photovoltaic,OnGrid,2017,1200.0,1200,False,pv,False
Ukraine,Solar photovoltaic,OnGrid,2018,2002.69,2002.69,False,pv,False
Ukraine,Solar photovoltaic,OnGrid,2019,5935.69,5935.69,False,pv,False
Ukraine,Solar photovoltaic,OnGrid,2020,7331.0,7331,False,pv,False
Ukraine,Solar photovoltaic,OnGrid,2021,8062.0,8062,False,pv,False
Ukraine,Solar photovoltaic,OnGrid,2022,8062.0,8062,False,pv,False
Ukraine,Solar photovoltaic,OnGrid,2023,8062.0,8062,False,pv,False
Ukraine,Solar photovoltaic,OnGrid,2024,5500.0,5500,False,pv,False
Ukraine,Onshore wind energy,OnGrid,2000,5.0,5,False,wind,False
Ukraine,Onshore wind energy,OnGrid,2001,36.23,36.23,False,wind,False
Ukraine,Onshore wind energy,OnGrid,2002,46.23,46.23,False,wind,False
Ukraine,Onshore wind energy,OnGrid,2003,54.4,54.4,False,wind,False
Ukraine,Onshore wind energy,OnGrid,2004,71.4,71.4,False,wind,False
Ukraine,Onshore wind energy,OnGrid,2005,76.6,76.6,False,wind,False
Ukraine,Onshore wind energy,OnGrid,2006,76.6,76.6,False,wind,False
Ukraine,Onshore wind energy,OnGrid,2007,82.0,82,False,wind,False
Ukraine,Onshore wind energy,OnGrid,2008,83.0,83,False,wind,False
Ukraine,Onshore wind energy,OnGrid,2009,86.0,86,False,wind,False
Ukraine,Onshore wind energy,OnGrid,2010,88.0,88,False,wind,False
Ukraine,Onshore wind energy,OnGrid,2011,146.0,146,False,wind,False
Ukraine,Onshore wind energy,OnGrid,2012,248.0,248,False,wind,False
Ukraine,Onshore wind energy,OnGrid,2013,362.0,362,False,wind,False
Ukraine,Onshore wind energy,OnGrid,2014,513.9,513.9,False,wind,False
Ukraine,Onshore wind energy,OnGrid,2015,513.9,513.9,False,wind,False
Ukraine,Onshore wind energy,OnGrid,2016,526.0,526,False,wind,False
Ukraine,Onshore wind energy,OnGrid,2017,553.0,553,False,wind,False
Ukraine,Onshore wind energy,OnGrid,2018,620.77,620.77,False,wind,False
Ukraine,Onshore wind energy,OnGrid,2019,1257.77,1257.77,False,wind,False
Ukraine,Onshore wind energy,OnGrid,2020,1402.0,1402,False,wind,False
Ukraine,Onshore wind energy,OnGrid,2021,1761.0,1761,False,wind,False
Ukraine,Onshore wind energy,OnGrid,2022,1761.0,1761,False,wind,False
Ukraine,Onshore wind energy,OnGrid,2023,1761.0,1761,False,wind,False
Ukraine,Onshore wind energy,OnGrid,2024,0.0,-,True,wind,False
United Arab Em,Solar photovoltaic,OnGrid,2000,0.0,-,True,pv,False
United Arab Em,Solar photovoltaic,OnGrid,2001,0.0,-,True,pv,False
United Arab Em,Solar photovoltaic,OnGrid,2002,0.0,-,True,pv,False
United Arab Em,Solar photovoltaic,OnGrid,2003,0.0,-,True,pv,False
United Arab Em,Solar photovoltaic,OnGrid,2004,0.0,-,True,pv,False
United Arab Em,Solar photovoltaic,OnGrid,2005,0.0,-,True,pv,False
United Arab Em,Solar photovoltaic,OnGrid,2006,0.0,-,True,pv,False
United Arab Em,Solar photovoltaic,OnGrid,2007,0.0,-,True,pv,False
United Arab Em,Solar photovoltaic,OnGrid,2008,0.0,-,True,pv,False
United Arab Em,Solar photovoltaic,OnGrid,2009,10.04,10.04,False,pv,False
United Arab Em,Solar photovoltaic,OnGrid,2010,10.79,10.79,False,pv,False
United Arab Em,Solar photovoltaic,OnGrid,2011,12.61,12.61,False,pv,False
United Arab Em,Solar photovoltaic,OnGrid,2012,13.02,13.02,False,pv,False
United Arab Em,Solar photovoltaic,OnGrid,2013,25.61,25.61,False,pv,False
United Arab Em,Solar photovoltaic,OnGrid,2014,27.27,27.27,False,pv,False
United Arab Em,Solar photovoltaic,OnGrid,2015,28.21,28.21,False,pv,False
United Arab Em,Solar photovoltaic,OnGrid,2016,32.09,32.09,False,pv,False
United Arab Em,Solar photovoltaic,OnGrid,2017,250.12,250.12,False,pv,False
United Arab Em,Solar photovoltaic,OnGrid,2018,496.37,496.37,False,pv,False
United Arab Em,Solar photovoltaic,OnGrid,2019,1830.45,1830.45,False,pv,False
United Arab Em,Solar photovoltaic,OnGrid,2020,2226.89,2226.89,False,pv,False
United Arab Em,Solar photovoltaic,OnGrid,2021,2896.68,2896.68,False,pv,False
United Arab Em,Solar photovoltaic,OnGrid,2022,3290.3,3290.3,False,pv,False
United Arab Em,Solar photovoltaic,OnGrid,2023,5336.1,5336.1,False,pv,False
United Arab Em,Solar photovoltaic,OnGrid,2024,5683.0,5683,False,pv,False
United Arab Em,Onshore wind energy,OnGrid,2000,0.0,-,True,wind,False
United Arab Em,Onshore wind energy,OnGrid,2001,0.0,-,True,wind,False
United Arab Em,Onshore wind energy,OnGrid,2002,0.0,-,True,wind,False
United Arab Em,Onshore wind energy,OnGrid,2003,0.0,-,True,wind,False
United Arab Em,Onshore wind energy,OnGrid,2004,0.0,-,True,wind,False
United Arab Em,Onshore wind energy,OnGrid,2005,0.0,-,True,wind,False
United Arab Em,Onshore wind energy,OnGrid,2006,0.0,-,True,wind,False
United Arab Em,Onshore wind energy,OnGrid,2007,0.0,-,True,wind,False
United Arab Em,Onshore wind energy,OnGrid,2008,0.0,-,True,wind,False
United Arab Em,Onshore wind energy,OnGrid,2009,0.0,-,True,wind,False
United Arab Em,Onshore wind energy,OnGrid,2010,0.0,-,True,wind,False
United Arab Em,Onshore wind energy,OnGrid,2011,0.0,-,True,wind,False
United Arab Em,Onshore wind energy,OnGrid,2012,0.0,-,True,wind,False
United Arab Em,Onshore wind energy,OnGrid,2013,0.85,0.85,False,wind,False
United Arab Em,Onshore wind energy,OnGrid,2014,1.7,1.7,False,wind,False
United Arab Em,Onshore wind energy,OnGrid,2015,1.7,1.7,False,wind,False
United Arab Em,Onshore wind energy,OnGrid,2016,0.0,-,True,wind,False
United Arab Em,Onshore wind energy,OnGrid,2017,0.0,-,True,wind,False
United Arab Em,Onshore wind energy,OnGrid,2018,0.0,-,True,wind,False
United Arab Em,Onshore wind energy,OnGrid,2019,0.0,-,True,wind,False
United Arab Em,Onshore wind energy,OnGrid,2020,0.0,-,True,wind,False
United Arab Em,Onshore wind energy,OnGrid,2021,0.02,0.02,False,wind,False
United Arab Em,Onshore wind energy,OnGrid,2022,0.02,0.02,False,wind,False
United Arab Em,Onshore wind energy,OnGrid,2023,99.1,99.1,False,wind,False
United Arab Em,Onshore wind energy,OnGrid,2024,110.0,110,False,wind,False
Uruguay,Solar photovoltaic,OnGrid,2000,0.0,-,True,pv,False
Uruguay,Solar photovoltaic,OnGrid,2001,0.0,-,True,pv,False
Uruguay,Solar photovoltaic,OnGrid,2002,0.0,-,True,pv,False
Uruguay,Solar photovoltaic,OnGrid,2003,0.0,-,True,pv,False
Uruguay,Solar photovoltaic,OnGrid,2004,0.0,-,True,pv,False
Uruguay,Solar photovoltaic,OnGrid,2005,0.0,-,True,pv,False
Uruguay,Solar photovoltaic,OnGrid,2006,0.0,-,True,pv,False
Uruguay,Solar photovoltaic,OnGrid,2007,0.0,-,True,pv,False
Uruguay,Solar photovoltaic,OnGrid,2008,0.0,-,True,pv,False
Uruguay,Solar photovoltaic,OnGrid,2009,0.0,-,True,pv,False
Uruguay,Solar photovoltaic,OnGrid,2010,0.0,-,True,pv,False
Uruguay,Solar photovoltaic,OnGrid,2011,0.03,0.03,False,pv,False
Uruguay,Solar photovoltaic,OnGrid,2012,0.11,0.11,False,pv,False
Uruguay,Solar photovoltaic,OnGrid,2013,1.07,1.07,False,pv,False
Uruguay,Solar photovoltaic,OnGrid,2014,3.17,3.17,False,pv,False
Uruguay,Solar photovoltaic,OnGrid,2015,63.93,63.93,False,pv,False
Uruguay,Solar photovoltaic,OnGrid,2016,87.86,87.86,False,pv,False
Uruguay,Solar photovoltaic,OnGrid,2017,240.99,240.99,False,pv,False
Uruguay,Solar photovoltaic,OnGrid,2018,246.15,246.15,False,pv,False
Uruguay,Solar photovoltaic,OnGrid,2019,249.79,249.79,False,pv,False
Uruguay,Solar photovoltaic,OnGrid,2020,253.69,253.69,False,pv,False
Uruguay,Solar photovoltaic,OnGrid,2021,261.12,261.12,False,pv,False
Uruguay,Solar photovoltaic,OnGrid,2022,268.2,268.2,False,pv,False
Uruguay,Solar photovoltaic,OnGrid,2023,287.38,287.38,False,pv,False
Uruguay,Solar photovoltaic,OnGrid,2024,321.9,321.9,False,pv,False
Uruguay,Onshore wind energy,OnGrid,2000,0.2,0.2,False,wind,False
Uruguay,Onshore wind energy,OnGrid,2001,0.2,0.2,False,wind,False
Uruguay,Onshore wind energy,OnGrid,2002,0.2,0.2,False,wind,False
Uruguay,Onshore wind energy,OnGrid,2003,0.2,0.2,False,wind,False
Uruguay,Onshore wind energy,OnGrid,2004,0.2,0.2,False,wind,False
Uruguay,Onshore wind energy,OnGrid,2005,0.2,0.2,False,wind,False
Uruguay,Onshore wind energy,OnGrid,2006,0.2,0.2,False,wind,False
Uruguay,Onshore wind energy,OnGrid,2007,0.2,0.2,False,wind,False
Uruguay,Onshore wind energy,OnGrid,2008,14.6,14.6,False,wind,False
Uruguay,Onshore wind energy,OnGrid,2009,30.6,30.6,False,wind,False
Uruguay,Onshore wind energy,OnGrid,2010,40.6,40.6,False,wind,False
Uruguay,Onshore wind energy,OnGrid,2011,43.6,43.6,False,wind,False
Uruguay,Onshore wind energy,OnGrid,2012,52.6,52.6,False,wind,False
Uruguay,Onshore wind energy,OnGrid,2013,59.4,59.4,False,wind,False
Uruguay,Onshore wind energy,OnGrid,2014,481.3,481.3,False,wind,False
Uruguay,Onshore wind energy,OnGrid,2015,856.8,856.8,False,wind,False
Uruguay,Onshore wind energy,OnGrid,2016,1211.5,1211.5,False,wind,False
Uruguay,Onshore wind energy,OnGrid,2017,1508.07,1508.07,False,wind,False
Uruguay,Onshore wind energy,OnGrid,2018,1508.07,1508.07,False,wind,False
Uruguay,Onshore wind energy,OnGrid,2019,1509.19,1509.19,False,wind,False
Uruguay,Onshore wind energy,OnGrid,2020,1509.04,1509.04,False,wind,False
Uruguay,Onshore wind energy,OnGrid,2021,1509.04,1509.04,False,wind,False
Uruguay,Onshore wind energy,OnGrid,2022,1509.04,1509.04,False,wind,False
Uruguay,Onshore wind energy,OnGrid,2023,1509.03,1509.03,False,wind,False
Uruguay,Onshore wind energy,OnGrid,2024,1509.03,1509.03,False,wind,False
US Virgin Is,Solar photovoltaic,OnGrid,2000,0.0,-,True,pv,False
US Virgin Is,Solar photovoltaic,OnGrid,2001,0.0,-,True,pv,False
US Virgin Is,Solar photovoltaic,OnGrid,2002,0.0,-,True,pv,False
US Virgin Is,Solar photovoltaic,OnGrid,2003,0.0,-,True,pv,False
US Virgin Is,Solar photovoltaic,OnGrid,2004,0.0,-,True,pv,False
US Virgin Is,Solar photovoltaic,OnGrid,2005,0.0,-,True,pv,False
US Virgin Is,Solar photovoltaic,OnGrid,2006,0.0,-,True,pv,False
US Virgin Is,Solar photovoltaic,OnGrid,2007,0.0,-,True,pv,False
US Virgin Is,Solar photovoltaic,OnGrid,2008,0.0,-,True,pv,False
US Virgin Is,Solar photovoltaic,OnGrid,2009,0.0,-,True,pv,False
US Virgin Is,Solar photovoltaic,OnGrid,2010,0.0,-,True,pv,False
US Virgin Is,Solar photovoltaic,OnGrid,2011,0.48,0.48,False,pv,False
US Virgin Is,Solar photovoltaic,OnGrid,2012,0.61,0.61,False,pv,False
US Virgin Is,Solar photovoltaic,OnGrid,2013,0.86,0.86,False,pv,False
US Virgin Is,Solar photovoltaic,OnGrid,2014,4.95,4.95,False,pv,False
US Virgin Is,Solar photovoltaic,OnGrid,2015,9.15,9.15,False,pv,False
US Virgin Is,Solar photovoltaic,OnGrid,2016,9.19,9.19,False,pv,False
US Virgin Is,Solar photovoltaic,OnGrid,2017,4.99,4.99,False,pv,False
US Virgin Is,Solar photovoltaic,OnGrid,2018,9.99,9.99,False,pv,False
US Virgin Is,Solar photovoltaic,OnGrid,2019,9.99,9.99,False,pv,False
US Virgin Is,Solar photovoltaic,OnGrid,2020,9.99,9.99,False,pv,False
US Virgin Is,Solar photovoltaic,OnGrid,2021,9.99,9.99,False,pv,False
US Virgin Is,Solar photovoltaic,OnGrid,2022,9.99,9.99,False,pv,False
US Virgin Is,Solar photovoltaic,OnGrid,2023,9.99,9.99,False,pv,False
US Virgin Is,Solar photovoltaic,OnGrid,2024,30.49,30.49,False,pv,False
US Virgin Is,Onshore wind energy,OnGrid,2000,0.0,-,True,wind,False
US Virgin Is,Onshore wind energy,OnGrid,2001,0.0,-,True,wind,False
US Virgin Is,Onshore wind energy,OnGrid,2002,0.0,-,True,wind,False
US Virgin Is,Onshore wind energy,OnGrid,2003,0.0,-,True,wind,False
US Virgin Is,Onshore wind energy,OnGrid,2004,0.0,-,True,wind,False
US Virgin Is,Onshore wind energy,OnGrid,2005,0.0,-,True,wind,False
US Virgin Is,Onshore wind energy,OnGrid,2006,0.0,-,True,wind,False
US Virgin Is,Onshore wind energy,OnGrid,2007,0.0,-,True,wind,False
US Virgin Is,Onshore wind energy,OnGrid,2008,0.0,-,True,wind,False
US Virgin Is,Onshore wind energy,OnGrid,2009,0.0,-,True,wind,False
US Virgin Is,Onshore wind energy,OnGrid,2010,0.0,-,True,wind,False
US Virgin Is,Onshore wind energy,OnGrid,2011,0.0,-,True,wind,False
US Virgin Is,Onshore wind energy,OnGrid,2012,0.0,-,True,wind,False
US Virgin Is,Onshore wind energy,OnGrid,2013,0.0,-,True,wind,False
US Virgin Is,Onshore wind energy,OnGrid,2014,0.0,-,True,wind,False
US Virgin Is,Onshore wind energy,OnGrid,2015,0.0,-,True,wind,False
US Virgin Is,Onshore wind energy,OnGrid,2016,0.0,-,True,wind,False
US Virgin Is,Onshore wind energy,OnGrid,2017,0.0,-,True,wind,False
US Virgin Is,Onshore wind energy,OnGrid,2018,0.0,-,True,wind,False
US Virgin Is,Onshore wind energy,OnGrid,2019,0.0,-,True,wind,False
US Virgin Is,Onshore wind energy,OnGrid,2020,0.0,-,True,wind,False
US Virgin Is,Onshore wind energy,OnGrid,2021,0.0,-,True,wind,False
US Virgin Is,Onshore wind energy,OnGrid,2022,0.0,-,True,wind,False
US Virgin Is,Onshore wind energy,OnGrid,2023,0.0,-,True,wind,False
US Virgin Is,Onshore wind energy,OnGrid,2024,0.0,-,True,wind,False
USA,Solar photovoltaic,OnGrid,2000,176.0,176,False,pv,False
USA,Solar photovoltaic,OnGrid,2001,213.0,213,False,pv,False
USA,Solar photovoltaic,OnGrid,2002,255.0,255,False,pv,False
USA,Solar photovoltaic,OnGrid,2003,293.0,293,False,pv,False
USA,Solar photovoltaic,OnGrid,2004,363.0,363,False,pv,False
USA,Solar photovoltaic,OnGrid,2005,493.0,493,False,pv,False
USA,Solar photovoltaic,OnGrid,2006,698.0,698,False,pv,False
USA,Solar photovoltaic,OnGrid,2007,974.0,974,False,pv,False
USA,Solar photovoltaic,OnGrid,2008,1153.0,1153,False,pv,False
USA,Solar photovoltaic,OnGrid,2009,1614.0,1614,False,pv,False
USA,Solar photovoltaic,OnGrid,2010,2909.0,2909,False,pv,False
USA,Solar photovoltaic,OnGrid,2011,5172.0,5172,False,pv,False
USA,Solar photovoltaic,OnGrid,2012,8137.0,8137,False,pv,False
USA,Solar photovoltaic,OnGrid,2013,11759.0,11759,False,pv,False
USA,Solar photovoltaic,OnGrid,2014,15984.0,15984,False,pv,False
USA,Solar photovoltaic,OnGrid,2015,21684.0,21684,False,pv,False
USA,Solar photovoltaic,OnGrid,2016,32958.0,32958,False,pv,False
USA,Solar photovoltaic,OnGrid,2017,41356.76,41356.76,False,pv,False
USA,Solar photovoltaic,OnGrid,2018,49812.23,49812.23,False,pv,False
USA,Solar photovoltaic,OnGrid,2019,59068.4,59068.4,False,pv,False
USA,Solar photovoltaic,OnGrid,2020,74045.58,74045.58,False,pv,False
USA,Solar photovoltaic,OnGrid,2021,93305.66,93305.66,False,pv,False
USA,Solar photovoltaic,OnGrid,2022,111361.92,111361.92,False,pv,False
USA,Solar photovoltaic,OnGrid,2023,138446.6,138446.6,False,pv,False
USA,Solar photovoltaic,OnGrid,2024,176114.3,176114.3,False,pv,False
USA,Onshore wind energy,OnGrid,2000,2377.0,2377,False,wind,False
USA,Onshore wind energy,OnGrid,2001,3864.0,3864,False,wind,False
USA,Onshore wind energy,OnGrid,2002,4417.0,4417,False,wind,False
USA,Onshore wind energy,OnGrid,2003,5995.0,5995,False,wind,False
USA,Onshore wind energy,OnGrid,2004,6456.0,6456,False,wind,False
USA,Onshore wind energy,OnGrid,2005,8706.0,8706,False,wind,False
USA,Onshore wind energy,OnGrid,2006,11329.0,11329,False,wind,False
USA,Onshore wind energy,OnGrid,2007,16515.0,16515,False,wind,False
USA,Onshore wind energy,OnGrid,2008,24651.0,24651,False,wind,False
USA,Onshore wind energy,OnGrid,2009,34296.0,34296,False,wind,False
USA,Onshore wind energy,OnGrid,2010,39135.0,39135,False,wind,False
USA,Onshore wind energy,OnGrid,2011,45676.0,45676,False,wind,False
USA,Onshore wind energy,OnGrid,2012,59075.0,59075,False,wind,False
USA,Onshore wind energy,OnGrid,2013,59973.0,59973,False,wind,False
USA,Onshore wind energy,OnGrid,2014,64232.0,64232,False,wind,False
USA,Onshore wind energy,OnGrid,2015,72573.0,72573,False,wind,False
USA,Onshore wind energy,OnGrid,2016,81257.0,81257,False,wind,False
USA,Onshore wind energy,OnGrid,2017,87568.2,87568.2,False,wind,False
USA,Onshore wind energy,OnGrid,2018,94487.4,94487.4,False,wind,False
USA,Onshore wind energy,OnGrid,2019,103640.9,103640.9,False,wind,False
USA,Onshore wind energy,OnGrid,2020,118448.4,118448.4,False,wind,False
USA,Onshore wind energy,OnGrid,2021,132811.1,132811.1,False,wind,False
USA,Onshore wind energy,OnGrid,2022,141459.9,141459.9,False,wind,False
USA,Onshore wind energy,OnGrid,2023,147479.0,147479,False,wind,False
USA,Onshore wind energy,OnGrid,2024,152481.4,152481.4,False,wind,False
Uzbekistan,Solar photovoltaic,OnGrid,2000,0.0,-,True,pv,False
Uzbekistan,Solar photovoltaic,OnGrid,2001,0.0,-,True,pv,False
Uzbekistan,Solar photovoltaic,OnGrid,2002,0.0,-,True,pv,False
Uzbekistan,Solar photovoltaic,OnGrid,2003,0.0,-,True,pv,False
Uzbekistan,Solar photovoltaic,OnGrid,2004,0.0,-,True,pv,False
Uzbekistan,Solar photovoltaic,OnGrid,2005,0.0,-,True,pv,False
Uzbekistan,Solar photovoltaic,OnGrid,2006,0.0,-,True,pv,False
Uzbekistan,Solar photovoltaic,OnGrid,2007,0.0,-,True,pv,False
Uzbekistan,Solar photovoltaic,OnGrid,2008,0.0,-,True,pv,False
Uzbekistan,Solar photovoltaic,OnGrid,2009,0.0,-,True,pv,False
Uzbekistan,Solar photovoltaic,OnGrid,2010,0.0,-,True,pv,False
Uzbekistan,Solar photovoltaic,OnGrid,2011,0.0,-,True,pv,False
Uzbekistan,Solar photovoltaic,OnGrid,2012,0.0,-,True,pv,False
Uzbekistan,Solar photovoltaic,OnGrid,2013,0.0,-,True,pv,False
Uzbekistan,Solar photovoltaic,OnGrid,2014,0.13,0.13,False,pv,False
Uzbekistan,Solar photovoltaic,OnGrid,2015,0.13,0.13,False,pv,False
Uzbekistan,Solar photovoltaic,OnGrid,2016,0.13,0.13,False,pv,False
Uzbekistan,Solar photovoltaic,OnGrid,2017,0.18,0.18,False,pv,False
Uzbekistan,Solar photovoltaic,OnGrid,2018,0.18,0.18,False,pv,False
Uzbekistan,Solar photovoltaic,OnGrid,2019,0.18,0.18,False,pv,False
Uzbekistan,Solar photovoltaic,OnGrid,2020,0.18,0.18,False,pv,False
Uzbekistan,Solar photovoltaic,OnGrid,2021,0.18,0.18,False,pv,False
Uzbekistan,Solar photovoltaic,OnGrid,2022,200.18,200.18,False,pv,False
Uzbekistan,Solar photovoltaic,OnGrid,2023,863.98,863.98,False,pv,False
Uzbekistan,Solar photovoltaic,OnGrid,2024,3184.25,3184.25,False,pv,False
Uzbekistan,Onshore wind energy,OnGrid,2000,0.0,-,True,wind,False
Uzbekistan,Onshore wind energy,OnGrid,2001,0.0,-,True,wind,False
Uzbekistan,Onshore wind energy,OnGrid,2002,0.0,-,True,wind,False
Uzbekistan,Onshore wind energy,OnGrid,2003,0.0,-,True,wind,False
Uzbekistan,Onshore wind energy,OnGrid,2004,0.0,-,True,wind,False
Uzbekistan,Onshore wind energy,OnGrid,2005,0.0,-,True,wind,False
Uzbekistan,Onshore wind energy,OnGrid,2006,0.0,-,True,wind,False
Uzbekistan,Onshore wind energy,OnGrid,2007,0.0,-,True,wind,False
Uzbekistan,Onshore wind energy,OnGrid,2008,0.0,-,True,wind,False
Uzbekistan,Onshore wind energy,OnGrid,2009,0.0,-,True,wind,False
Uzbekistan,Onshore wind energy,OnGrid,2010,0.0,-,True,wind,False
Uzbekistan,Onshore wind energy,OnGrid,2011,0.0,-,True,wind,False
Uzbekistan,Onshore wind energy,OnGrid,2012,0.0,-,True,wind,False
Uzbekistan,Onshore wind energy,OnGrid,2013,0.0,-,True,wind,False
Uzbekistan,Onshore wind energy,OnGrid,2014,0.0,-,True,wind,False
Uzbekistan,Onshore wind energy,OnGrid,2015,0.0,-,True,wind,False
Uzbekistan,Onshore wind energy,OnGrid,2016,0.0,-,True,wind,False
Uzbekistan,Onshore wind energy,OnGrid,2017,0.75,0.75,False,wind,False
Uzbekistan,Onshore wind energy,OnGrid,2018,0.75,0.75,False,wind,False
Uzbekistan,Onshore wind energy,OnGrid,2019,0.75,0.75,False,wind,False
Uzbekistan,Onshore wind energy,OnGrid,2020,0.75,0.75,False,wind,False
Uzbekistan,Onshore wind energy,OnGrid,2021,0.75,0.75,False,wind,False
Uzbekistan,Onshore wind energy,OnGrid,2022,0.75,0.75,False,wind,False
Uzbekistan,Onshore wind energy,OnGrid,2023,0.75,0.75,False,wind,False
Uzbekistan,Onshore wind energy,OnGrid,2024,500.75,500.75,False,wind,False
Vanuatu,Solar photovoltaic,OnGrid,2000,0.0,-,True,pv,False
Vanuatu,Solar photovoltaic,OnGrid,2001,0.0,-,True,pv,False
Vanuatu,Solar photovoltaic,OnGrid,2002,0.0,-,True,pv,False
Vanuatu,Solar photovoltaic,OnGrid,2003,0.0,-,True,pv,False
Vanuatu,Solar photovoltaic,OnGrid,2004,0.0,-,True,pv,False
Vanuatu,Solar photovoltaic,OnGrid,2005,0.0,-,True,pv,False
Vanuatu,Solar photovoltaic,OnGrid,2006,0.0,-,True,pv,False
Vanuatu,Solar photovoltaic,OnGrid,2007,0.0,-,True,pv,False
Vanuatu,Solar photovoltaic,OnGrid,2008,0.0,-,True,pv,False
Vanuatu,Solar photovoltaic,OnGrid,2009,0.0,-,True,pv,False
Vanuatu,Solar photovoltaic,OnGrid,2010,0.0,-,True,pv,False
Vanuatu,Solar photovoltaic,OnGrid,2011,0.09,0.09,False,pv,False
Vanuatu,Solar photovoltaic,OnGrid,2012,0.13,0.13,False,pv,False
Vanuatu,Solar photovoltaic,OnGrid,2013,0.13,0.13,False,pv,False
Vanuatu,Solar photovoltaic,OnGrid,2014,0.17,0.17,False,pv,False
Vanuatu,Solar photovoltaic,OnGrid,2015,0.17,0.17,False,pv,False
Vanuatu,Solar photovoltaic,OnGrid,2016,1.45,1.45,False,pv,False
Vanuatu,Solar photovoltaic,OnGrid,2017,1.45,1.45,False,pv,False
Vanuatu,Solar photovoltaic,OnGrid,2018,2.54,2.54,False,pv,False
Vanuatu,Solar photovoltaic,OnGrid,2019,2.54,2.54,False,pv,False
Vanuatu,Solar photovoltaic,OnGrid,2020,2.7,2.7,False,pv,False
Vanuatu,Solar photovoltaic,OnGrid,2021,2.73,2.73,False,pv,False
Vanuatu,Solar photovoltaic,OnGrid,2022,2.74,2.74,False,pv,False
Vanuatu,Solar photovoltaic,OnGrid,2023,2.74,2.74,False,pv,False
Vanuatu,Solar photovoltaic,OnGrid,2024,2.77,2.77,False,pv,False
Vanuatu,Onshore wind energy,OnGrid,2000,0.0,-,True,wind,False
Vanuatu,Onshore wind energy,OnGrid,2001,0.0,-,True,wind,False
Vanuatu,Onshore wind energy,OnGrid,2002,0.0,-,True,wind,False
Vanuatu,Onshore wind energy,OnGrid,2003,0.0,-,True,wind,False
Vanuatu,Onshore wind energy,OnGrid,2004,0.0,-,True,wind,False
Vanuatu,Onshore wind energy,OnGrid,2005,0.0,-,True,wind,False
Vanuatu,Onshore wind energy,OnGrid,2006,0.0,-,True,wind,False
Vanuatu,Onshore wind energy,OnGrid,2007,0.0,-,True,wind,False
Vanuatu,Onshore wind energy,OnGrid,2008,3.03,3.03,False,wind,False
Vanuatu,Onshore wind energy,OnGrid,2009,3.03,3.03,False,wind,False
Vanuatu,Onshore wind energy,OnGrid,2010,3.03,3.03,False,wind,False
Vanuatu,Onshore wind energy,OnGrid,2011,3.03,3.03,False,wind,False
Vanuatu,Onshore wind energy,OnGrid,2012,3.03,3.03,False,wind,False
Vanuatu,Onshore wind energy,OnGrid,2013,3.03,3.03,False,wind,False
Vanuatu,Onshore wind energy,OnGrid,2014,3.58,3.58,False,wind,False
Vanuatu,Onshore wind energy,OnGrid,2015,3.58,3.58,False,wind,False
Vanuatu,Onshore wind energy,OnGrid,2016,3.58,3.58,False,wind,False
Vanuatu,Onshore wind energy,OnGrid,2017,3.3,3.3,False,wind,False
Vanuatu,Onshore wind energy,OnGrid,2018,3.4,3.4,False,wind,False
Vanuatu,Onshore wind energy,OnGrid,2019,3.4,3.4,False,wind,False
Vanuatu,Onshore wind energy,OnGrid,2020,3.4,3.4,False,wind,False
Vanuatu,Onshore wind energy,OnGrid,2021,3.4,3.4,False,wind,False
Vanuatu,Onshore wind energy,OnGrid,2022,3.13,3.13,False,wind,False
Vanuatu,Onshore wind energy,OnGrid,2023,3.13,3.13,False,wind,False
Vanuatu,Onshore wind energy,OnGrid,2024,3.13,3.13,False,wind,False
Venezuela,Solar photovoltaic,OnGrid,2000,0.0,-,True,pv,False
Venezuela,Solar photovoltaic,OnGrid,2001,0.0,-,True,pv,False
Venezuela,Solar photovoltaic,OnGrid,2002,0.0,-,True,pv,False
Venezuela,Solar photovoltaic,OnGrid,2003,0.0,-,True,pv,False
Venezuela,Solar photovoltaic,OnGrid,2004,0.0,-,True,pv,False
Venezuela,Solar photovoltaic,OnGrid,2005,0.0,-,True,pv,False
Venezuela,Solar photovoltaic,OnGrid,2006,0.0,-,True,pv,False
Venezuela,Solar photovoltaic,OnGrid,2007,0.0,-,True,pv,False
Venezuela,Solar photovoltaic,OnGrid,2008,0.0,-,True,pv,False
Venezuela,Solar photovoltaic,OnGrid,2009,0.0,-,True,pv,False
Venezuela,Solar photovoltaic,OnGrid,2010,0.0,-,True,pv,False
Venezuela,Solar photovoltaic,OnGrid,2011,0.0,-,True,pv,False
Venezuela,Solar photovoltaic,OnGrid,2012,0.0,-,True,pv,False
Venezuela,Solar photovoltaic,OnGrid,2013,0.0,-,True,pv,False
Venezuela,Solar photovoltaic,OnGrid,2014,0.0,-,True,pv,False
Venezuela,Solar photovoltaic,OnGrid,2015,0.0,-,True,pv,False
Venezuela,Solar photovoltaic,OnGrid,2016,0.0,-,True,pv,False
Venezuela,Solar photovoltaic,OnGrid,2017,0.0,-,True,pv,False
Venezuela,Solar photovoltaic,OnGrid,2018,0.0,-,True,pv,False
Venezuela,Solar photovoltaic,OnGrid,2019,0.0,-,True,pv,False
Venezuela,Solar photovoltaic,OnGrid,2020,0.0,-,True,pv,False
Venezuela,Solar photovoltaic,OnGrid,2021,0.2,0.2,False,pv,False
Venezuela,Solar photovoltaic,OnGrid,2022,0.2,0.2,False,pv,False
Venezuela,Solar photovoltaic,OnGrid,2023,0.25,0.25,False,pv,False
Venezuela,Solar photovoltaic,OnGrid,2024,1.44,1.44,False,pv,False
Venezuela,Onshore wind energy,OnGrid,2000,0.0,-,True,wind,False
Venezuela,Onshore wind energy,OnGrid,2001,0.0,-,True,wind,False
Venezuela,Onshore wind energy,OnGrid,2002,0.0,-,True,wind,False
Venezuela,Onshore wind energy,OnGrid,2003,0.0,-,True,wind,False
Venezuela,Onshore wind energy,OnGrid,2004,0.0,-,True,wind,False
Venezuela,Onshore wind energy,OnGrid,2005,0.0,-,True,wind,False
Venezuela,Onshore wind energy,OnGrid,2006,0.0,-,True,wind,False
Venezuela,Onshore wind energy,OnGrid,2007,0.0,-,True,wind,False
Venezuela,Onshore wind energy,OnGrid,2008,0.0,-,True,wind,False
Venezuela,Onshore wind energy,OnGrid,2009,0.0,-,True,wind,False
Venezuela,Onshore wind energy,OnGrid,2010,0.0,-,True,wind,False
Venezuela,Onshore wind energy,OnGrid,2011,0.0,-,True,wind,False
Venezuela,Onshore wind energy,OnGrid,2012,0.0,-,True,wind,False
Venezuela,Onshore wind energy,OnGrid,2013,0.0,-,True,wind,False
Venezuela,Onshore wind energy,OnGrid,2014,0.0,-,True,wind,False
Venezuela,Onshore wind energy,OnGrid,2015,0.0,-,True,wind,False
Venezuela,Onshore wind energy,OnGrid,2016,0.0,-,True,wind,False
Venezuela,Onshore wind energy,OnGrid,2017,0.0,-,True,wind,False
Venezuela,Onshore wind energy,OnGrid,2018,0.0,-,True,wind,False
Venezuela,Onshore wind energy,OnGrid,2019,0.0,-,True,wind,False
Venezuela,Onshore wind energy,OnGrid,2020,0.0,-,True,wind,False
Venezuela,Onshore wind energy,OnGrid,2021,0.0,-,True,wind,False
Venezuela,Onshore wind energy,OnGrid,2022,0.0,-,True,wind,False
Venezuela,Onshore wind energy,OnGrid,2023,0.0,-,True,wind,False
Venezuela,Onshore wind energy,OnGrid,2024,0.0,-,True,wind,False
Viet Nam,Solar photovoltaic,OnGrid,2000,0.0,-,True,pv,False
Viet Nam,Solar photovoltaic,OnGrid,2001,0.0,-,True,pv,False
Viet Nam,Solar photovoltaic,OnGrid,2002,0.0,-,True,pv,False
Viet Nam,Solar photovoltaic,OnGrid,2003,0.0,-,True,pv,False
Viet Nam,Solar photovoltaic,OnGrid,2004,0.0,-,True,pv,False
Viet Nam,Solar photovoltaic,OnGrid,2005,0.0,-,True,pv,False
Viet Nam,Solar photovoltaic,OnGrid,2006,0.0,-,True,pv,False
Viet Nam,Solar photovoltaic,OnGrid,2007,0.0,-,True,pv,False
Viet Nam,Solar photovoltaic,OnGrid,2008,0.0,-,True,pv,False
Viet Nam,Solar photovoltaic,OnGrid,2009,0.0,-,True,pv,False
Viet Nam,Solar photovoltaic,OnGrid,2010,0.0,-,True,pv,False
Viet Nam,Solar photovoltaic,OnGrid,2011,0.0,-,True,pv,False
Viet Nam,Solar photovoltaic,OnGrid,2012,0.0,-,True,pv,False
Viet Nam,Solar photovoltaic,OnGrid,2013,0.0,-,True,pv,False
Viet Nam,Solar photovoltaic,OnGrid,2014,0.8,0.8,False,pv,False
Viet Nam,Solar photovoltaic,OnGrid,2015,0.8,0.8,False,pv,False
Viet Nam,Solar photovoltaic,OnGrid,2016,0.8,0.8,False,pv,False
Viet Nam,Solar photovoltaic,OnGrid,2017,3.5,3.5,False,pv,False
Viet Nam,Solar photovoltaic,OnGrid,2018,100.5,100.5,False,pv,False
Viet Nam,Solar photovoltaic,OnGrid,2019,4989.0,4989,False,pv,False
Viet Nam,Solar photovoltaic,OnGrid,2020,16656.0,16656,False,pv,False
Viet Nam,Solar photovoltaic,OnGrid,2021,16656.0,16656,False,pv,False
Viet Nam,Solar photovoltaic,OnGrid,2022,16693.0,16693,False,pv,False
Viet Nam,Solar photovoltaic,OnGrid,2023,18582.92,18582.92,False,pv,False
Viet Nam,Solar photovoltaic,OnGrid,2024,18661.85,18661.85,False,pv,False
Viet Nam,Onshore wind energy,OnGrid,2000,0.0,-,True,wind,False
Viet Nam,Onshore wind energy,OnGrid,2001,0.0,-,True,wind,False
Viet Nam,Onshore wind energy,OnGrid,2002,0.0,-,True,wind,False
Viet Nam,Onshore wind energy,OnGrid,2003,0.0,-,True,wind,False
Viet Nam,Onshore wind energy,OnGrid,2004,0.0,-,True,wind,False
Viet Nam,Onshore wind energy,OnGrid,2005,0.0,-,True,wind,False
Viet Nam,Onshore wind energy,OnGrid,2006,0.0,-,True,wind,False
Viet Nam,Onshore wind energy,OnGrid,2007,0.0,-,True,wind,False
Viet Nam,Onshore wind energy,OnGrid,2008,1.3,1.3,False,wind,False
Viet Nam,Onshore wind energy,OnGrid,2009,8.8,8.8,False,wind,False
Viet Nam,Onshore wind energy,OnGrid,2010,31.0,31,False,wind,False
Viet Nam,Onshore wind energy,OnGrid,2011,31.0,31,False,wind,False
Viet Nam,Onshore wind energy,OnGrid,2012,31.0,31,False,wind,False
Viet Nam,Onshore wind energy,OnGrid,2013,31.0,31,False,wind,False
Viet Nam,Onshore wind energy,OnGrid,2014,31.0,31,False,wind,False
Viet Nam,Onshore wind energy,OnGrid,2015,31.0,31,False,wind,False
Viet Nam,Onshore wind energy,OnGrid,2016,55.0,55,False,wind,False
Viet Nam,Onshore wind energy,OnGrid,2017,99.5,99.5,False,wind,False
Viet Nam,Onshore wind energy,OnGrid,2018,131.5,131.5,False,wind,False
Viet Nam,Onshore wind energy,OnGrid,2019,269.35,269.35,False,wind,False
Viet Nam,Onshore wind energy,OnGrid,2020,412.8,412.8,False,wind,False
Viet Nam,Onshore wind energy,OnGrid,2021,3118.0,3118,False,wind,False
Viet Nam,Onshore wind energy,OnGrid,2022,4065.0,4065,False,wind,False
Viet Nam,Onshore wind energy,OnGrid,2023,4778.0,4778,False,wind,False
Viet Nam,Onshore wind energy,OnGrid,2024,5075.3,5075.3,False,wind,False
Yemen,Solar photovoltaic,OnGrid,2000,0.0,-,True,pv,False
Yemen,Solar photovoltaic,OnGrid,2001,0.0,-,True,pv,False
Yemen,Solar photovoltaic,OnGrid,2002,0.0,-,True,pv,False
Yemen,Solar photovoltaic,OnGrid,2003,0.0,-,True,pv,False
Yemen,Solar photovoltaic,OnGrid,2004,0.0,-,True,pv,False
Yemen,Solar photovoltaic,OnGrid,2005,0.0,-,True,pv,False
Yemen,Solar photovoltaic,OnGrid,2006,0.0,-,True,pv,False
Yemen,Solar photovoltaic,OnGrid,2007,0.0,-,True,pv,False
Yemen,Solar photovoltaic,OnGrid,2008,0.0,-,True,pv,False
Yemen,Solar photovoltaic,OnGrid,2009,0.0,-,True,pv,False
Yemen,Solar photovoltaic,OnGrid,2010,0.0,-,True,pv,False
Yemen,Solar photovoltaic,OnGrid,2011,0.0,-,True,pv,False
Yemen,Solar photovoltaic,OnGrid,2012,0.0,-,True,pv,False
Yemen,Solar photovoltaic,OnGrid,2013,0.0,-,True,pv,False
Yemen,Solar photovoltaic,OnGrid,2014,0.0,-,True,pv,False
Yemen,Solar photovoltaic,OnGrid,2015,0.0,-,True,pv,False
Yemen,Solar photovoltaic,OnGrid,2016,0.0,-,True,pv,False
Yemen,Solar photovoltaic,OnGrid,2017,0.0,-,True,pv,False
Yemen,Solar photovoltaic,OnGrid,2018,0.0,-,True,pv,False
Yemen,Solar photovoltaic,OnGrid,2019,0.0,-,True,pv,False
Yemen,Solar photovoltaic,OnGrid,2020,0.0,-,True,pv,False
Yemen,Solar photovoltaic,OnGrid,2021,0.0,-,True,pv,False
Yemen,Solar photovoltaic,OnGrid,2022,0.0,-,True,pv,False
Yemen,Solar photovoltaic,OnGrid,2023,20.0,20,False,pv,False
Yemen,Solar photovoltaic,OnGrid,2024,140.0,140,False,pv,False
Yemen,Onshore wind energy,OnGrid,2000,0.0,-,True,wind,False
Yemen,Onshore wind energy,OnGrid,2001,0.0,-,True,wind,False
Yemen,Onshore wind energy,OnGrid,2002,0.0,-,True,wind,False
Yemen,Onshore wind energy,OnGrid,2003,0.0,-,True,wind,False
Yemen,Onshore wind energy,OnGrid,2004,0.0,-,True,wind,False
Yemen,Onshore wind energy,OnGrid,2005,0.0,-,True,wind,False
Yemen,Onshore wind energy,OnGrid,2006,0.0,-,True,wind,False
Yemen,Onshore wind energy,OnGrid,2007,0.0,-,True,wind,False
Yemen,Onshore wind energy,OnGrid,2008,0.0,-,True,wind,False
Yemen,Onshore wind energy,OnGrid,2009,0.0,-,True,wind,False
Yemen,Onshore wind energy,OnGrid,2010,0.0,-,True,wind,False
Yemen,Onshore wind energy,OnGrid,2011,0.0,-,True,wind,False
Yemen,Onshore wind energy,OnGrid,2012,0.0,-,True,wind,False
Yemen,Onshore wind energy,OnGrid,2013,0.0,-,True,wind,False
Yemen,Onshore wind energy,OnGrid,2014,0.0,-,True,wind,False
Yemen,Onshore wind energy,OnGrid,2015,0.0,-,True,wind,False
Yemen,Onshore wind energy,OnGrid,2016,0.0,-,True,wind,False
Yemen,Onshore wind energy,OnGrid,2017,0.0,-,True,wind,False
Yemen,Onshore wind energy,OnGrid,2018,0.0,-,True,wind,False
Yemen,Onshore wind energy,OnGrid,2019,0.0,-,True,wind,False
Yemen,Onshore wind energy,OnGrid,2020,0.0,-,True,wind,False
Yemen,Onshore wind energy,OnGrid,2021,0.0,-,True,wind,False
Yemen,Onshore wind energy,OnGrid,2022,0.0,-,True,wind,False
Yemen,Onshore wind energy,OnGrid,2023,0.0,-,True,wind,False
Yemen,Onshore wind energy,OnGrid,2024,0.0,-,True,wind,False
Zambia,Solar photovoltaic,OnGrid,2000,0.0,-,True,pv,False
Zambia,Solar photovoltaic,OnGrid,2001,0.0,-,True,pv,False
Zambia,Solar photovoltaic,OnGrid,2002,0.0,-,True,pv,False
Zambia,Solar photovoltaic,OnGrid,2003,0.0,-,True,pv,False
Zambia,Solar photovoltaic,OnGrid,2004,0.0,-,True,pv,False
Zambia,Solar photovoltaic,OnGrid,2005,0.0,-,True,pv,False
Zambia,Solar photovoltaic,OnGrid,2006,0.0,-,True,pv,False
Zambia,Solar photovoltaic,OnGrid,2007,0.0,-,True,pv,False
Zambia,Solar photovoltaic,OnGrid,2008,0.0,-,True,pv,False
Zambia,Solar photovoltaic,OnGrid,2009,0.0,-,True,pv,False
Zambia,Solar photovoltaic,OnGrid,2010,0.0,-,True,pv,False
Zambia,Solar photovoltaic,OnGrid,2011,0.0,-,True,pv,False
Zambia,Solar photovoltaic,OnGrid,2012,0.0,-,True,pv,False
Zambia,Solar photovoltaic,OnGrid,2013,0.0,-,True,pv,False
Zambia,Solar photovoltaic,OnGrid,2014,0.0,-,True,pv,False
Zambia,Solar photovoltaic,OnGrid,2015,0.0,-,True,pv,False
Zambia,Solar photovoltaic,OnGrid,2016,0.0,-,True,pv,False
Zambia,Solar photovoltaic,OnGrid,2017,0.0,-,True,pv,False
Zambia,Solar photovoltaic,OnGrid,2018,1.0,1,False,pv,False
Zambia,Solar photovoltaic,OnGrid,2019,89.0,89,False,pv,False
Zambia,Solar photovoltaic,OnGrid,2020,89.0,89,False,pv,False
Zambia,Solar photovoltaic,OnGrid,2021,89.0,89,False,pv,False
Zambia,Solar photovoltaic,OnGrid,2022,89.0,89,False,pv,False
Zambia,Solar photovoltaic,OnGrid,2023,124.0,124,False,pv,False
Zambia,Solar photovoltaic,OnGrid,2024,186.0,186,False,pv,False
Zambia,Onshore wind energy,OnGrid,2000,0.0,-,True,wind,False
Zambia,Onshore wind energy,OnGrid,2001,0.0,-,True,wind,False
Zambia,Onshore wind energy,OnGrid,2002,0.0,-,True,wind,False
Zambia,Onshore wind energy,OnGrid,2003,0.0,-,True,wind,False
Zambia,Onshore wind energy,OnGrid,2004,0.0,-,True,wind,False
Zambia,Onshore wind energy,OnGrid,2005,0.0,-,True,wind,False
Zambia,Onshore wind energy,OnGrid,2006,0.0,-,True,wind,False
Zambia,Onshore wind energy,OnGrid,2007,0.0,-,True,wind,False
Zambia,Onshore wind energy,OnGrid,2008,0.0,-,True,wind,False
Zambia,Onshore wind energy,OnGrid,2009,0.0,-,True,wind,False
Zambia,Onshore wind energy,OnGrid,2010,0.0,-,True,wind,False
Zambia,Onshore wind energy,OnGrid,2011,0.0,-,True,wind,False
Zambia,Onshore wind energy,OnGrid,2012,0.0,-,True,wind,False
Zambia,Onshore wind energy,OnGrid,2013,0.0,-,True,wind,False
Zambia,Onshore wind energy,OnGrid,2014,0.0,-,True,wind,False
Zambia,Onshore wind energy,OnGrid,2015,0.0,-,True,wind,False
Zambia,Onshore wind energy,OnGrid,2016,0.0,-,True,wind,False
Zambia,Onshore wind energy,OnGrid,2017,0.0,-,True,wind,False
Zambia,Onshore wind energy,OnGrid,2018,0.0,-,True,wind,False
Zambia,Onshore wind energy,OnGrid,2019,0.0,-,True,wind,False
Zambia,Onshore wind energy,OnGrid,2020,0.0,-,True,wind,False
Zambia,Onshore wind energy,OnGrid,2021,0.0,-,True,wind,False
Zambia,Onshore wind energy,OnGrid,2022,0.0,-,True,wind,False
Zambia,Onshore wind energy,OnGrid,2023,0.0,-,True,wind,False
Zambia,Onshore wind energy,OnGrid,2024,0.0,-,True,wind,False
Zimbabwe,Solar photovoltaic,OnGrid,2000,0.0,-,True,pv,False
Zimbabwe,Solar photovoltaic,OnGrid,2001,0.0,-,True,pv,False
Zimbabwe,Solar photovoltaic,OnGrid,2002,0.0,-,True,pv,False
Zimbabwe,Solar photovoltaic,OnGrid,2003,0.0,-,True,pv,False
Zimbabwe,Solar photovoltaic,OnGrid,2004,0.0,-,True,pv,False
Zimbabwe,Solar photovoltaic,OnGrid,2005,0.0,-,True,pv,False
Zimbabwe,Solar photovoltaic,OnGrid,2006,0.0,-,True,pv,False
Zimbabwe,Solar photovoltaic,OnGrid,2007,0.0,-,True,pv,False
Zimbabwe,Solar photovoltaic,OnGrid,2008,0.0,-,True,pv,False
Zimbabwe,Solar photovoltaic,OnGrid,2009,0.0,-,True,pv,False
Zimbabwe,Solar photovoltaic,OnGrid,2010,0.0,-,True,pv,False
Zimbabwe,Solar photovoltaic,OnGrid,2011,0.0,-,True,pv,False
Zimbabwe,Solar photovoltaic,OnGrid,2012,0.0,-,True,pv,False
Zimbabwe,Solar photovoltaic,OnGrid,2013,0.0,-,True,pv,False
Zimbabwe,Solar photovoltaic,OnGrid,2014,0.0,-,True,pv,False
Zimbabwe,Solar photovoltaic,OnGrid,2015,0.0,-,True,pv,False
Zimbabwe,Solar photovoltaic,OnGrid,2016,0.0,-,True,pv,False
Zimbabwe,Solar photovoltaic,OnGrid,2017,1.5,1.5,False,pv,False
Zimbabwe,Solar photovoltaic,OnGrid,2018,4.59,4.59,False,pv,False
Zimbabwe,Solar photovoltaic,OnGrid,2019,8.17,8.17,False,pv,False
Zimbabwe,Solar photovoltaic,OnGrid,2020,10.09,10.09,False,pv,False
Zimbabwe,Solar photovoltaic,OnGrid,2021,24.27,24.27,False,pv,False
Zimbabwe,Solar photovoltaic,OnGrid,2022,37.58,37.58,False,pv,False
Zimbabwe,Solar photovoltaic,OnGrid,2023,43.08,43.08,False,pv,False
Zimbabwe,Solar photovoltaic,OnGrid,2024,102.08,102.08,False,pv,False
Zimbabwe,Onshore wind energy,OnGrid,2000,0.0,-,True,wind,False
Zimbabwe,Onshore wind energy,OnGrid,2001,0.0,-,True,wind,False
Zimbabwe,Onshore wind energy,OnGrid,2002,0.0,-,True,wind,False
Zimbabwe,Onshore wind energy,OnGrid,2003,0.0,-,True,wind,False
Zimbabwe,Onshore wind energy,OnGrid,2004,0.0,-,True,wind,False
Zimbabwe,Onshore wind energy,OnGrid,2005,0.0,-,True,wind,False
Zimbabwe,Onshore wind energy,OnGrid,2006,0.0,-,True,wind,False
Zimbabwe,Onshore wind energy,OnGrid,2007,0.0,-,True,wind,False
Zimbabwe,Onshore wind energy,OnGrid,2008,0.0,-,True,wind,False
Zimbabwe,Onshore wind energy,OnGrid,2009,0.0,-,True,wind,False
Zimbabwe,Onshore wind energy,OnGrid,2010,0.0,-,True,wind,False
Zimbabwe,Onshore wind energy,OnGrid,2011,0.0,-,True,wind,False
Zimbabwe,Onshore wind energy,OnGrid,2012,0.0,-,True,wind,False
Zimbabwe,Onshore wind energy,OnGrid,2013,0.0,-,True,wind,False
Zimbabwe,Onshore wind energy,OnGrid,2014,0.0,-,True,wind,False
Zimbabwe,Onshore wind energy,OnGrid,2015,0.0,-,True,wind,False
Zimbabwe,Onshore wind energy,OnGrid,2016,0.0,-,True,wind,False
Zimbabwe,Onshore wind energy,OnGrid,2017,0.0,-,True,wind,False
Zimbabwe,Onshore wind energy,OnGrid,2018,0.0,-,True,wind,False
Zimbabwe,Onshore wind energy,OnGrid,2019,0.0,-,True,wind,False
Zimbabwe,Onshore wind energy,OnGrid,2020,0.0,-,True,wind,False
Zimbabwe,Onshore wind energy,OnGrid,2021,0.0,-,True,wind,False
Zimbabwe,Onshore wind energy,OnGrid,2022,0.0,-,True,wind,False
Zimbabwe,Onshore wind energy,OnGrid,2023,0.0,-,True,wind,False
Zimbabwe,Onshore wind energy,OnGrid,2024,0.0,-,True,wind,False
