technology,iso3,country,year,tic,logC,logQ,logK,logM,source_sheet,source_cell,model_id,fitted_log_cost,residual
pv,AUS,Australia,2010,8226.006707647639,9.015055964210367,3.682166724070565,8.41226261905827,4.456192445165693,Figure 3.3,C5,pv_AUS_2022,9.07540030296752,-0.06034433875715273
pv,AUS,Australia,2011,8070.627916404932,8.995986566961331,4.252328599622632,8.484138934820503,4.509679808932987,Figure 3.3,D5,pv_AUS_2022,8.866563809208644,0.1294227577526872
pv,AUS,Australia,2012,5845.8413892502,8.673485813802989,4.598290072191402,8.529912216601073,3.523311081544699,Figure 3.3,E5,pv_AUS_2022,8.552377417459002,0.12110839634398651
pv,AUS,Australia,2013,3431.1490001785755,8.140650469539683,4.90117475518874,8.544763696217103,3.015723559908184,Figure 3.3,F5,pv_AUS_2022,8.29859981680228,-0.15794934726259768
pv,AUS,Australia,2014,3581.3283583559555,8.183489060392885,5.151279397977148,8.550810236670191,3.26713839072327,Figure 3.3,G5,pv_AUS_2022,8.203765652324357,-0.0202765919314718
pv,AUS,Australia,2015,2663.0217981108967,7.887216771327144,5.39300057712095,8.546285121659619,3.164990795937875,Figure 3.3,H5,pv_AUS_2022,8.028545283820677,-0.14132851249353262
pv,AUS,Australia,2016,2292.9292994915004,7.737585449190882,5.674382328161501,8.544318752276505,2.929240932529897,Figure 3.3,I5,pv_AUS_2022,7.808593239676466,-0.07100779048558437
pv,AUS,Australia,2017,2346.42868245442,7.760649741614449,5.951553934028465,8.529880575483906,2.891409513410439,Figure 3.3,J5,pv_AUS_2022,7.605857255922198,0.15479248569225046
pv,AUS,Australia,2018,1809.828003777512,7.500987094207373,6.17063993071869,8.522287754076318,2.956890415537674,Figure 3.3,K5,pv_AUS_2022,7.47042614814065,0.030560946066723105
pv,AUS,Australia,2019,1489.0921446638883,7.305921914358209,6.363208897541072,8.504106352134421,2.5071504398904505,Figure 3.3,L5,pv_AUS_2022,7.235304831481171,0.07061708287703805
pv,AUS,Australia,2020,1248.0457552893834,7.129334211149439,6.566156825734936,8.483962768411303,2.4948890766393457,Figure 3.3,M5,pv_AUS_2022,7.0724639821932005,0.05687022895623883
pv,AUS,Australia,2021,1162.0471230412904,7.057938489981407,6.751017535589894,8.4619194547022,3.442230801592228,Figure 3.3,N5,pv_AUS_2022,7.0975029532901415,-0.039564463308734865
pv,AUS,Australia,2022,979.5214615557928,6.887064147870228,6.952593472965691,8.43506592119739,3.62475566987548,Figure 3.3,O5,pv_AUS_2022,6.959965001320294,-0.07290085345006592
pv,BRA,Brazil,2011,7522.515553575554,8.925655876109316,4.252328599622632,8.484138934820503,4.509679808932987,Figure 3.3,D6,pv_BRA_2022,8.95471699108743,-0.02906111497811459
pv,BRA,Brazil,2013,5117.282639309783,8.540378842634333,4.90117475518874,8.544763696217103,3.015723559908184,Figure 3.3,F6,pv_BRA_2022,8.568901268535958,-0.02852242590162568
pv,BRA,Brazil,2014,6068.722799156141,8.710903449913198,5.151279397977148,8.550810236670191,3.26713839072327,Figure 3.3,G6,pv_BRA_2022,8.322412527333777,0.38849092257942175
pv,BRA,Brazil,2015,2497.658976411624,7.823109162715733,5.39300057712095,8.546285121659619,3.164990795937875,Figure 3.3,H6,pv_BRA_2022,8.11723761038792,-0.29412844767218616
pv,BRA,Brazil,2016,2460.5928028234507,7.808157576653674,5.674382328161501,8.544318752276505,2.929240932529897,Figure 3.3,I6,pv_BRA_2022,7.892583424837796,-0.08442584818412247
pv,BRA,Brazil,2017,1975.0868857598143,7.588367669157347,5.951553934028465,8.529880575483906,2.891409513410439,Figure 3.3,J6,pv_BRA_2022,7.644608558218044,-0.05624088906069691
pv,BRA,Brazil,2018,1809.6190475909184,7.50087163116351,6.17063993071869,8.522287754076318,2.956890415537674,Figure 3.3,K6,pv_BRA_2022,7.439885830839223,0.060985800324287354
pv,BRA,Brazil,2019,1495.162848478625,7.309990408640726,6.363208897541072,8.504106352134421,2.5071504398904505,Figure 3.3,L6,pv_BRA_2022,7.310164227480297,-0.00017381883957146016
pv,BRA,Brazil,2020,1298.4074341474254,7.168893741805852,6.566156825734936,8.483962768411303,2.4948890766393457,Figure 3.3,M6,pv_BRA_2022,7.122702357127397,0.04619138467845474
pv,BRA,Brazil,2021,915.5422974243716,6.819516564493922,6.751017535589894,8.4619194547022,3.442230801592228,Figure 3.3,N6,pv_BRA_2022,6.8458670788196425,-0.026350514325720553
pv,BRA,Brazil,2022,779.5200740754375,6.658678440668406,6.952593472965691,8.43506592119739,3.62475566987548,Figure 3.3,O6,pv_BRA_2022,6.635443489288243,0.023234951380162627
pv,CHN,China,2010,4291.432902265811,8.36437596600536,3.682166724070565,8.41226261905827,4.456192445165693,Figure 3.3,C7,pv_CHN_2022,8.43046610430615,-0.06609013830079036
pv,CHN,China,2011,4031.162378781085,8.301810044811699,4.252328599622632,8.484138934820503,4.509679808932987,Figure 3.3,D7,pv_CHN_2022,8.255479877840022,0.04633016697167669
pv,CHN,China,2012,3275.3966683631643,8.094194260845795,4.598290072191402,8.529912216601073,3.523311081544699,Figure 3.3,E7,pv_CHN_2022,7.991443763623028,0.10275049722276641
pv,CHN,China,2013,2520.8503416008384,7.83235156072955,4.90117475518874,8.544763696217103,3.015723559908184,Figure 3.3,F7,pv_CHN_2022,7.770588131872542,0.061763428857007696
pv,CHN,China,2014,2100.065022292831,7.649723586228757,5.151279397977148,8.550810236670191,3.26713839072327,Figure 3.3,G7,pv_CHN_2022,7.683325293015078,-0.03360170678632102
pv,CHN,China,2015,1622.5553814943787,7.391757581428304,5.39300057712095,8.546285121659619,3.164990795937875,Figure 3.3,H7,pv_CHN_2022,7.525163737715802,-0.1334061562874984
pv,CHN,China,2016,1468.7692152533812,7.292180060532598,5.674382328161501,8.544318752276505,2.929240932529897,Figure 3.3,I7,pv_CHN_2022,7.328544960355353,-0.0363648998227557
pv,CHN,China,2017,1377.8666056804332,7.228291644043518,5.951553934028465,8.529880575483906,2.891409513410439,Figure 3.3,J7,pv_CHN_2022,7.142828042731555,0.08546360131196273
pv,CHN,China,2018,1047.2659983319315,6.9539382362269855,6.17063993071869,8.522287754076318,2.956890415537674,Figure 3.3,K7,pv_CHN_2022,7.018182104476534,-0.06424386824954809
pv,CHN,China,2019,946.188254693266,6.852441549986699,6.363208897541072,8.504106352134421,2.5071504398904505,Figure 3.3,L7,pv_CHN_2022,6.806956145575944,0.04548540441075488
pv,CHN,China,2020,765.8158251007976,6.640941703625708,6.566156825734936,8.483962768411303,2.4948890766393457,Figure 3.3,M7,pv_CHN_2022,6.6558792638014905,-0.014937560175782849
pv,CHN,China,2021,713.51431624731,6.570202501533129,6.751017535589894,8.4619194547022,3.442230801592228,Figure 3.3,N7,pv_CHN_2022,6.663732628275922,-0.09353012674279348
pv,CHN,China,2022,759.3280240727838,6.632433863312094,6.952593472965691,8.43506592119739,3.62475566987548,Figure 3.3,O7,pv_CHN_2022,6.532052505721347,0.10038135759074684
pv,DEU,Germany,2010,4412.429498946073,8.39218072353795,3.682166724070565,8.41226261905827,4.456192445165693,Figure 3.3,C9,pv_DEU_2022,8.418894371965303,-0.026713648427353576
pv,DEU,Germany,2011,3509.4585583491103,8.163217047680499,4.252328599622632,8.484138934820503,4.509679808932987,Figure 3.3,D9,pv_DEU_2022,8.167464583054292,-0.0042475353737927435
pv,DEU,Germany,2012,2788.468001908775,7.9332476207445035,4.598290072191402,8.529912216601073,3.523311081544699,Figure 3.3,E9,pv_DEU_2022,7.875708005017974,0.05753961572652955
pv,DEU,Germany,2013,2385.8489941203084,7.777310312356795,4.90117475518874,8.544763696217103,3.015723559908184,Figure 3.3,F9,pv_DEU_2022,7.666915943469465,0.1103943688873299
pv,DEU,Germany,2014,1905.6109817322056,7.552557961458174,5.151279397977148,8.550810236670191,3.26713839072327,Figure 3.3,G9,pv_DEU_2022,7.585728994381169,-0.03317103292299528
pv,DEU,Germany,2015,1524.0657237487353,7.32913686113608,5.39300057712095,8.546285121659619,3.164990795937875,Figure 3.3,H9,pv_DEU_2022,7.4592044915030025,-0.1300676303669226
pv,DEU,Germany,2016,1383.628851008505,7.23246492897665,5.674382328161501,8.544318752276505,2.929240932529897,Figure 3.3,I9,pv_DEU_2022,7.29620615452277,-0.06374122554612072
pv,DEU,Germany,2017,1326.5973101999584,7.190372529500043,5.951553934028465,8.529880575483906,2.891409513410439,Figure 3.3,J9,pv_DEU_2022,7.161218720538951,0.029153808961091876
pv,DEU,Germany,2018,1325.5787006452413,7.189604398274486,6.17063993071869,8.522287754076318,2.956890415537674,Figure 3.3,K9,pv_DEU_2022,7.067879752300828,0.12172464597365806
pv,DEU,Germany,2019,1070.350382721752,6.9757413343400865,6.363208897541072,8.504106352134421,2.5071504398904505,Figure 3.3,L9,pv_DEU_2022,6.915503371955199,0.06023796238488721
pv,DEU,Germany,2020,823.3332704010522,6.713361064517941,6.566156825734936,8.483962768411303,2.4948890766393457,Figure 3.3,M9,pv_DEU_2022,6.817995335034283,-0.10463427051634167
pv,DEU,Germany,2021,787.7903462895194,6.669231996449944,6.751017535589894,8.4619194547022,3.442230801592228,Figure 3.3,N9,pv_DEU_2022,6.859996252993934,-0.1907642565439902
pv,DEU,Germany,2022,1057.341173676759,6.963512709264141,6.952593472965691,8.43506592119739,3.62475566987548,Figure 3.3,O9,pv_DEU_2022,6.789223511501659,0.17428919776248275
pv,ESP,Spain,2010,5563.901030792681,8.624054765464697,3.682166724070565,8.41226261905827,4.456192445165693,Figure 3.3,C17,pv_ESP_2022,8.625975053531876,-0.0019202880671791434
pv,ESP,Spain,2011,3886.646798518194,8.265302059349773,4.252328599622632,8.484138934820503,4.509679808932987,Figure 3.3,D17,pv_ESP_2022,8.335965633667547,-0.07066357431777348
pv,ESP,Spain,2012,3201.469600696212,8.071365233582279,4.598290072191402,8.529912216601073,3.523311081544699,Figure 3.3,E17,pv_ESP_2022,8.039179364319383,0.03218586926289646
pv,ESP,Spain,2013,2750.859347123692,7.91966863170899,4.90117475518874,8.544763696217103,3.015723559908184,Figure 3.3,F17,pv_ESP_2022,7.812464944101253,0.10720368760773713
pv,ESP,Spain,2014,2758.289754469833,7.922366112468603,5.151279397977148,8.550810236670191,3.26713839072327,Figure 3.3,G17,pv_ESP_2022,7.702991099222541,0.21937501324606146
pv,ESP,Spain,2015,1422.8034809078426,7.260384486590736,5.39300057712095,8.546285121659619,3.164990795937875,Figure 3.3,H17,pv_ESP_2022,7.552134092563083,-0.2917496059723472
pv,ESP,Spain,2019,912.6338153971122,6.816334721715559,6.363208897541072,8.504106352134421,2.5071504398904505,Figure 3.3,L17,pv_ESP_2022,6.908120732233796,-0.09178601051823687
pv,ESP,Spain,2020,897.0841215721103,6.799149638678477,6.566156825734936,8.483962768411303,2.4948890766393457,Figure 3.3,M17,pv_ESP_2022,6.784161494095065,0.014988144583411689
pv,ESP,Spain,2021,926.730225640223,6.831662504484852,6.751017535589894,8.4619194547022,3.442230801592228,Figure 3.3,N17,pv_ESP_2022,6.78429484453209,0.04736765995276215
pv,ESP,Spain,2022,826.2275993024847,6.716870279515455,6.952593472965691,8.43506592119739,3.62475566987548,Figure 3.3,O17,pv_ESP_2022,6.681871175293371,0.0349991042220843
pv,FRA,France,2010,6514.65732422562,8.78180989020565,3.682166724070565,8.41226261905827,4.456192445165693,Figure 3.3,C8,pv_FRA_2022,8.99273896863359,-0.21092907842793984
pv,FRA,France,2011,6650.285260692152,8.802415029074563,4.252328599622632,8.484138934820503,4.509679808932987,Figure 3.3,D8,pv_FRA_2022,8.715445088980088,0.086969940094475
pv,FRA,France,2012,5890.383037251002,8.681076306322499,4.598290072191402,8.529912216601073,3.523311081544699,Figure 3.3,E8,pv_FRA_2022,8.325535623524582,0.3555406827979173
pv,FRA,France,2013,3864.823013780442,8.259671167936927,4.90117475518874,8.544763696217103,3.015723559908184,Figure 3.3,F8,pv_FRA_2022,8.044527108641745,0.21514405929518254
pv,FRA,France,2014,2821.354842892848,7.9449724892996025,5.151279397977148,8.550810236670191,3.26713839072327,Figure 3.3,G8,pv_FRA_2022,7.9550211685905845,-0.010048679290981966
pv,FRA,France,2015,1857.0719154645603,7.52675628729351,5.39300057712095,8.546285121659619,3.164990795937875,Figure 3.3,H8,pv_FRA_2022,7.785674217061821,-0.2589179297683115
pv,FRA,France,2016,1571.8381732973864,7.360001024495091,5.674382328161501,8.544318752276505,2.929240932529897,Figure 3.3,I8,pv_FRA_2022,7.565254411219831,-0.20525338672474014
pv,FRA,France,2017,1476.3695280040931,7.297341331552502,5.951553934028465,8.529880575483906,2.891409513410439,Figure 3.3,J8,pv_FRA_2022,7.381979566631707,-0.08463823507920498
pv,FRA,France,2018,1278.8838736497266,7.153743002812292,6.17063993071869,8.522287754076318,2.956890415537674,Figure 3.3,K8,pv_FRA_2022,7.260673810270993,-0.10693080745870098
pv,FRA,France,2019,1165.927553649501,7.061272232604071,6.363208897541072,8.504106352134421,2.5071504398904505,Figure 3.3,L8,pv_FRA_2022,7.034894147181085,0.026378085422986253
pv,FRA,France,2020,1112.9280483932464,7.014749702638919,6.566156825734936,8.483962768411303,2.4948890766393457,Figure 3.3,M8,pv_FRA_2022,6.89739407303998,0.11735562959893908
pv,FRA,France,2021,918.0257559627578,6.822225446831222,6.751017535589894,8.4619194547022,3.442230801592228,Figure 3.3,N8,pv_FRA_2022,6.979519094324185,-0.15729364749296249
pv,FRA,France,2022,1228.3628006623424,7.113437505351983,6.952593472965691,8.43506592119739,3.62475566987548,Figure 3.3,O8,pv_FRA_2022,6.880814138320145,0.23262336703183806
pv,GRC,Greece,2010,5628.192471733896,8.635543616607201,3.682166724070565,8.41226261905827,4.456192445165693,Figure 3.3,C10,pv_GRC_2022,8.485589456896678,0.14995415971052317
pv,GRC,Greece,2011,4373.251073566136,8.383261964255084,4.252328599622632,8.484138934820503,4.509679808932987,Figure 3.3,D10,pv_GRC_2022,8.410783035522156,-0.027521071267072372
pv,GRC,Greece,2012,2618.2511220428087,7.87026186320002,4.598290072191402,8.529912216601073,3.523311081544699,Figure 3.3,E10,pv_GRC_2022,8.124015265772112,-0.2537534025720918
pv,GRC,Greece,2013,2353.574035849505,7.763690318111232,4.90117475518874,8.544763696217103,3.015723559908184,Figure 3.3,F10,pv_GRC_2022,7.907845813863694,-0.14415549575246178
pv,GRC,Greece,2017,2361.568414229289,7.767081259583178,5.951553934028465,8.529880575483906,2.891409513410439,Figure 3.3,J10,pv_GRC_2022,7.418634675927912,0.3484465836552664
pv,GRC,Greece,2018,2165.3421631094043,7.680333670955763,6.17063993071869,8.522287754076318,2.956890415537674,Figure 3.3,K10,pv_GRC_2022,7.329574199482271,0.3507594714734923
pv,GRC,Greece,2020,893.2591524897251,6.794876743131155,6.566156825734936,8.483962768411303,2.4948890766393457,Figure 3.3,M10,pv_GRC_2022,6.979098553053709,-0.18422180992255388
pv,GRC,Greece,2021,825.6339070458065,6.716151463464643,6.751017535589894,8.4619194547022,3.442230801592228,Figure 3.3,N10,pv_GRC_2022,7.087527596741778,-0.3713761332771357
pv,GRC,Greece,2022,1244.886310232289,7.12679948764665,6.952593472965691,8.43506592119739,3.62475566987548,Figure 3.3,O10,pv_GRC_2022,6.994931789694679,0.1318676979519715
pv,IND,India,2010,6015.812576430637,8.702146710960637,3.682166724070565,8.41226261905827,4.456192445165693,Figure 3.3,C11,pv_IND_2022,8.705879716425464,-0.0037330054648272437
pv,IND,India,2011,3706.132789258691,8.217744237088093,4.252328599622632,8.484138934820503,4.509679808932987,Figure 3.3,D11,pv_IND_2022,8.342975804835191,-0.12523156774709854
pv,IND,India,2012,3251.3910782402595,8.086838207821536,4.598290072191402,8.529912216601073,3.523311081544699,Figure 3.3,E11,pv_IND_2022,8.065217463258547,0.021620744562989458
pv,IND,India,2013,3346.7804933594625,8.115754115959216,4.90117475518874,8.544763696217103,3.015723559908184,Figure 3.3,F11,pv_IND_2022,7.830090542979358,0.28566357297985867
pv,IND,India,2014,2271.335541607726,7.728123281789368,5.151279397977148,8.550810236670191,3.26713839072327,Figure 3.3,G11,pv_IND_2022,7.67145374872507,0.056669533064297894
pv,IND,India,2015,1547.763572844863,7.344566311764775,5.39300057712095,8.546285121659619,3.164990795937875,Figure 3.3,H11,pv_IND_2022,7.493163956827012,-0.14859764506223705
pv,IND,India,2016,1332.2464239123133,7.194621836926574,5.674382328161501,8.544318752276505,2.929240932529897,Figure 3.3,I11,pv_IND_2022,7.280525745328215,-0.08590390840164108
pv,IND,India,2017,1328.4315129609276,7.191754211715141,5.951553934028465,8.529880575483906,2.891409513410439,Figure 3.3,J11,pv_IND_2022,7.076090860652981,0.1156633510621603
pv,IND,India,2018,943.7873225135758,6.849900846815523,6.17063993071869,8.522287754076318,2.956890415537674,Figure 3.3,K11,pv_IND_2022,6.921869818131642,-0.07196897131611824
pv,IND,India,2019,736.3417292664177,6.6016943170406694,6.363208897541072,8.504106352134421,2.5071504398904505,Figure 3.3,L11,pv_IND_2022,6.751452637098128,-0.14975832005745815
pv,IND,India,2020,701.3016128884932,6.5529380553954795,6.566156825734936,8.483962768411303,2.4948890766393457,Figure 3.3,M11,pv_IND_2022,6.597932674763722,-0.044994619368242894
pv,IND,India,2021,669.689384633508,6.506813999862362,6.751017535589894,8.4619194547022,3.442230801592228,Figure 3.3,N11,pv_IND_2022,6.511424239550687,-0.0046102396883247465
pv,IND,India,2022,679.9035273566287,6.521950916571065,6.952593472965691,8.43506592119739,3.62475566987548,Figure 3.3,O11,pv_IND_2022,6.366769841134815,0.15518107543624993
pv,ITA,Italy,2010,6078.874297702453,8.71257480941393,3.682166724070565,8.41226261905827,4.456192445165693,Figure 3.3,C12,pv_ITA_2022,8.796638085395408,-0.08406327598147811
pv,ITA,Italy,2011,5733.075804344135,8.654007455277645,4.252328599622632,8.484138934820503,4.509679808932987,Figure 3.3,D12,pv_ITA_2022,8.489447394375429,0.16456006090221642
pv,ITA,Italy,2012,3045.0689972502278,8.02127883908276,4.598290072191402,8.529912216601073,3.523311081544699,Figure 3.3,E12,pv_ITA_2022,8.072697793712546,-0.05141895462978674
pv,ITA,Italy,2013,2424.211548272102,7.793261615770673,4.90117475518874,8.544763696217103,3.015723559908184,Figure 3.3,F12,pv_ITA_2022,7.785587704878866,0.007673910891806912
pv,ITA,Italy,2014,2241.319524548638,7.714820044872637,5.151279397977148,8.550810236670191,3.26713839072327,Figure 3.3,G12,pv_ITA_2022,7.6995827378210695,0.015237307051567228
pv,ITA,Italy,2017,1157.9088452672888,7.0543709376488035,5.951553934028465,8.529880575483906,2.891409513410439,Figure 3.3,J12,pv_ITA_2022,7.152768359167546,-0.09839742151874287
pv,ITA,Italy,2018,1036.4459520977036,6.943552785892719,6.17063993071869,8.522287754076318,2.956890415537674,Figure 3.3,K12,pv_ITA_2022,7.040963821399508,-0.09741103550678876
pv,ITA,Italy,2019,988.655656329996,6.896346097416841,6.363208897541072,8.504106352134421,2.5071504398904505,Figure 3.3,L12,pv_ITA_2022,6.826587375869763,0.0697587215470783
pv,ITA,Italy,2020,918.8087537918004,6.8230779981877125,6.566156825734936,8.483962768411303,2.4948890766393457,Figure 3.3,M12,pv_ITA_2022,6.705049477531662,0.11802852065605052
pv,ITA,Italy,2021,891.5029479724126,6.792908744053098,6.751017535589894,8.4619194547022,3.442230801592228,Figure 3.3,N12,pv_ITA_2022,6.810874045757191,-0.01796530170409305
pv,ITA,Italy,2022,818.4876080028004,6.707458256809959,6.952593472965691,8.43506592119739,3.62475566987548,Figure 3.3,O12,pv_ITA_2022,6.733460788516867,-0.026002531706907916
pv,JPN,Japan,2011,6644.276501864859,8.801511086644002,4.252328599622632,8.484138934820503,4.509679808932987,Figure 3.3,D13,pv_JPN_2022,8.751718429782796,0.049792656861205487
pv,JPN,Japan,2012,4666.397750554368,8.448142693387702,4.598290072191402,8.529912216601073,3.523311081544699,Figure 3.3,E13,pv_JPN_2022,8.48676620154583,-0.03862350815812832
pv,JPN,Japan,2013,3986.820627069335,8.290749356920927,4.90117475518874,8.544763696217103,3.015723559908184,Figure 3.3,F13,pv_JPN_2022,8.31738310258967,-0.026633745668743103
pv,JPN,Japan,2014,3654.82914695912,8.203804626073271,5.151279397977148,8.550810236670191,3.26713839072327,Figure 3.3,G13,pv_JPN_2022,8.145842785015548,0.05796184105772362
pv,JPN,Japan,2015,2644.6984988513204,7.880312348703021,5.39300057712095,8.546285121659619,3.164990795937875,Figure 3.3,H13,pv_JPN_2022,8.045495924984534,-0.16518357628151303
pv,JPN,Japan,2016,2901.8816159801127,7.973114638669967,5.674382328161501,8.544318752276505,2.929240932529897,Figure 3.3,I13,pv_JPN_2022,7.926171248648648,0.046943390021318976
pv,JPN,Japan,2017,2632.3006248899737,7.8756135051058145,5.951553934028465,8.529880575483906,2.891409513410439,Figure 3.3,J13,pv_JPN_2022,7.83819717118107,0.037416333924744194
pv,JPN,Japan,2018,2502.241154612059,7.82494207111918,6.17063993071869,8.522287754076318,2.956890415537674,Figure 3.3,K13,pv_JPN_2022,7.747118105890802,0.07782396522837765
pv,JPN,Japan,2019,2465.1839596297914,7.810021712345271,6.363208897541072,8.504106352134421,2.5071504398904505,Figure 3.3,L13,pv_JPN_2022,7.749734352473792,0.06028735987147904
pv,JPN,Japan,2020,2156.084945202252,7.676049330697208,6.566156825734936,8.483962768411303,2.4948890766393457,Figure 3.3,M13,pv_JPN_2022,7.718736354447204,-0.04268702374999567
pv,JPN,Japan,2021,1923.3335172935465,7.561815166480589,6.751017535589894,8.4619194547022,3.442230801592228,Figure 3.3,N13,pv_JPN_2022,7.6264231667361235,-0.06460800025553493
pv,JPN,Japan,2022,2022.7323093139555,7.612204504790826,6.952593472965691,8.43506592119739,3.62475566987548,Figure 3.3,O13,pv_JPN_2022,7.6046941976416935,0.0075103071491327
pv,KOR,Republic of Korea,2011,7012.58447961614,8.85546159676247,4.252328599622632,8.484138934820503,4.509679808932987,Figure 3.3,D16,pv_KOR_2022,8.751852318777809,0.10360927798466157
pv,KOR,Republic of Korea,2012,3628.137387695874,8.196474679232434,4.598290072191402,8.529912216601073,3.523311081544699,Figure 3.3,E16,pv_KOR_2022,8.34216278919987,-0.14568810996743586
pv,KOR,Republic of Korea,2013,3171.064023211654,8.061822464562107,4.90117475518874,8.544763696217103,3.015723559908184,Figure 3.3,F16,pv_KOR_2022,8.068965180550101,-0.007142715987994208
pv,KOR,Republic of Korea,2014,2633.44817638635,7.876049360122014,5.151279397977148,8.550810236670191,3.26713839072327,Figure 3.3,G16,pv_KOR_2022,7.975515826612624,-0.0994664664906102
pv,KOR,Republic of Korea,2015,2490.6956467529776,7.820317326646503,5.39300057712095,8.546285121659619,3.164990795937875,Figure 3.3,H16,pv_KOR_2022,7.826675247543737,-0.006357920897234415
pv,KOR,Republic of Korea,2016,2457.944023668056,7.8070805167454544,5.674382328161501,8.544318752276505,2.929240932529897,Figure 3.3,I16,pv_KOR_2022,7.628836942453776,0.17824357429167836
pv,KOR,Republic of Korea,2017,1883.095475647461,7.540672231379959,5.951553934028465,8.529880575483906,2.891409513410439,Figure 3.3,J16,pv_KOR_2022,7.479749037037543,0.060923194342415776
pv,KOR,Republic of Korea,2018,1579.1431074974807,7.3646376418761825,6.17063993071869,8.522287754076318,2.956890415537674,Figure 3.3,K16,pv_KOR_2022,7.377411655290462,-0.01277401341427975
pv,KOR,Republic of Korea,2019,1491.0871038765438,7.307260732828017,6.363208897541072,8.504106352134421,2.5071504398904505,Figure 3.3,L16,pv_KOR_2022,7.19882892149115,0.10843181133686741
pv,KOR,Republic of Korea,2020,1116.603856846098,7.018047086968537,6.566156825734936,8.483962768411303,2.4948890766393457,Figure 3.3,M16,pv_KOR_2022,7.09930208740203,-0.08125500043349287
pv,KOR,Republic of Korea,2021,1068.21464090682,6.973743973959298,6.751017535589894,8.4619194547022,3.442230801592228,Figure 3.3,N16,pv_KOR_2022,7.193901983603834,-0.22015800964453636
pv,KOR,Republic of Korea,2022,1420.2340770009885,7.258576979968641,6.952593472965691,8.43506592119739,3.62475566987548,Figure 3.3,O16,pv_KOR_2022,7.136942601088486,0.12163437888015505
pv,NLD,Netherlands,2016,1355.17997309698,7.211689545967596,5.674382328161501,8.544318752276505,2.929240932529897,Figure 3.3,I14,pv_NLD_2022,7.340470500750541,-0.12878095478294505
pv,NLD,Netherlands,2017,1842.6343299258667,7.5189515277429235,5.951553934028465,8.529880575483906,2.891409513410439,Figure 3.3,J14,pv_NLD_2022,7.2959882573712465,0.22296327037167707
pv,NLD,Netherlands,2018,1390.922392100978,7.2377223974848475,6.17063993071869,8.522287754076318,2.956890415537674,Figure 3.3,K14,pv_NLD_2022,7.262483087004373,-0.02476068951952559
pv,NLD,Netherlands,2019,1335.413117698778,7.196995974423881,6.363208897541072,8.504106352134421,2.5071504398904505,Figure 3.3,L14,pv_NLD_2022,7.229086689649128,-0.032090715225246313
pv,NLD,Netherlands,2020,1322.301847993796,7.187129321121958,6.566156825734936,8.483962768411303,2.4948890766393457,Figure 3.3,M14,pv_NLD_2022,7.191165304481321,-0.004035983359362838
pv,NLD,Netherlands,2021,1160.99553431761,7.057033135280167,6.751017535589894,8.4619194547022,3.442230801592228,Figure 3.3,N14,pv_NLD_2022,7.150053486060153,-0.0930203507799856
pv,NLD,Netherlands,2022,1296.4928941522107,7.1674181241709585,6.952593472965691,8.43506592119739,3.62475566987548,Figure 3.3,O14,pv_NLD_2022,7.107692700870363,0.059725423300595715
pv,TUR,Türkiye,2016,1865.5356917879296,7.531303525036713,5.674382328161501,8.544318752276505,2.929240932529897,Figure 3.3,I18,pv_TUR_2022,7.5087390844094575,0.0225644406272556
pv,TUR,Türkiye,2017,1496.3046871355025,7.310753805668263,5.951553934028465,8.529880575483906,2.891409513410439,Figure 3.3,J18,pv_TUR_2022,7.346606929408523,-0.03585312374026017
pv,TUR,Türkiye,2018,1435.9432201758366,7.26957720855891,6.17063993071869,8.522287754076318,2.956890415537674,Figure 3.3,K18,pv_TUR_2022,7.256957798570512,0.012619409988397834
pv,TUR,Türkiye,2019,1096.947922286589,7.000286986301129,6.363208897541072,8.504106352134421,2.5071504398904505,Figure 3.3,L18,pv_TUR_2022,7.030085530338053,-0.02979854403692439
pv,TUR,Türkiye,2020,972.9611410022684,6.880344144083524,6.566156825734936,8.483962768411303,2.4948890766393457,Figure 3.3,M18,pv_TUR_2022,6.851978429278616,0.028365714804907682
pv,TUR,Türkiye,2021,920.0801748584032,6.824460812831264,6.751017535589894,8.4619194547022,3.442230801592228,Figure 3.3,N18,pv_TUR_2022,6.805699976681242,0.018760836150021554
pv,TUR,Türkiye,2022,732.4802287506292,6.5964363490602285,6.952593472965691,8.43506592119739,3.62475566987548,Figure 3.3,O18,pv_TUR_2022,6.613095082850052,-0.016658733789823188
pv,USA,United States,2010,5552.428538737875,8.621990685580021,3.682166724070565,8.41226261905827,4.456192445165693,Figure 3.3,C19,pv_USA_2022,8.650397231594773,-0.02840654601475201
pv,USA,United States,2011,5343.332324829953,8.583604768194975,4.252328599622632,8.484138934820503,4.509679808932987,Figure 3.3,D19,pv_USA_2022,8.61869072697842,-0.03508595878344423
pv,USA,United States,2012,5205.807053591208,8.557530022553282,4.598290072191402,8.529912216601073,3.523311081544699,Figure 3.3,E19,pv_USA_2022,8.449046027448647,0.1084839951046348
pv,USA,United States,2013,4196.912593835998,8.34210443724968,4.90117475518874,8.544763696217103,3.015723559908184,Figure 3.3,F19,pv_USA_2022,8.27153349478955,0.07057094246013129
pv,USA,United States,2014,3436.432230506145,8.142189069868488,5.151279397977148,8.550810236670191,3.26713839072327,Figure 3.3,G19,pv_USA_2022,8.207965232620198,-0.06577616275171039
pv,USA,United States,2015,3062.1627290585498,8.026876719501303,5.39300057712095,8.546285121659619,3.164990795937875,Figure 3.3,H19,pv_USA_2022,8.05858189022475,-0.031705170723446585
pv,USA,United States,2016,2651.787883404358,7.882989364473542,5.674382328161501,8.544318752276505,2.929240932529897,Figure 3.3,I19,pv_USA_2022,7.877615234576382,0.005374129897160351
pv,USA,United States,2017,2230.025830283302,7.709768447473763,5.951553934028465,8.529880575483906,2.891409513410439,Figure 3.3,J19,pv_USA_2022,7.687765657969552,0.022002789504210973
pv,USA,United States,2018,1844.1949390024656,7.51979811382325,6.17063993071869,8.522287754076318,2.956890415537674,Figure 3.3,K19,pv_USA_2022,7.565186578425202,-0.04538846460195156
pv,USA,United States,2019,1453.1489723057368,7.281488185710261,6.363208897541072,8.504106352134421,2.5071504398904505,Figure 3.3,L19,pv_USA_2022,7.340618287571209,-0.059130101860947804
pv,USA,United States,2020,1317.4012030837664,7.183416289432049,6.566156825734936,8.483962768411303,2.4948890766393457,Figure 3.3,M19,pv_USA_2022,7.172097766049795,0.011318523382254142
pv,USA,United States,2021,1233.0080860825803,7.117212061198461,6.751017535589894,8.4619194547022,3.442230801592228,Figure 3.3,N19,pv_USA_2022,7.154557692799735,-0.037345631601274576
pv,USA,United States,2022,1187.455420163696,7.079567994289336,6.952593472965691,8.43506592119739,3.62475566987548,Figure 3.3,O19,pv_USA_2022,6.994480338301139,0.08508765598819679
wind,ARG,Argentina,2012,2795.688460671054,7.935833673923589,5.56590362647905,5.137394768957262,5.649587532329162,Fig 2.7,E8,wind_ARG_2022,8.010014809783332,-0.07418113585974329
wind,ARG,Argentina,2013,2964.0635582892346,7.994316429603491,5.677698971893068,5.271086410766464,5.570291277483226,Fig 2.7,F8,wind_ARG_2022,7.957628391487153,0.03668803811633836
wind,ARG,Argentina,2014,2634.693224749308,7.876522030952706,5.830825584658366,5.389968287621304,5.580565173034719,Fig 2.7,G8,wind_ARG_2022,7.885874466859139,-0.00935243590643342
wind,ARG,Argentina,2015,2536.563575419213,7.83856552092257,6.002024865148459,5.479418664657636,5.457078829862897,Fig 2.7,H8,wind_ARG_2022,7.805651832486076,0.032913688436494226
wind,ARG,Argentina,2017,2615.055700783548,7.869040676763012,6.2059349955659755,5.541918527785211,5.479810592208201,Fig 2.7,J8,wind_ARG_2022,7.710101151486603,0.1589395252764092
wind,ARG,Argentina,2018,2041.87370034402,7.621623145853887,6.290532398624406,5.540715306018656,5.574854860972366,Fig 2.7,K8,wind_ARG_2022,7.670459474751519,-0.04883632889763234
wind,ARG,Argentina,2019,1779.3080093830183,7.4839798089262635,6.38729428375806,5.505334054872469,5.522971247577784,Fig 2.7,L8,wind_ARG_2022,7.625117617530485,-0.14113780860422143
wind,ARG,Argentina,2020,1997.6708397662087,7.599737200774816,6.5486992739946635,5.468373269138832,5.409727586029495,Fig 2.7,M8,wind_ARG_2022,7.54948451042471,0.05025269035010549
wind,ARG,Argentina,2021,2025.699215136947,7.6136702113669275,6.645448863841342,5.445506338822339,6.006814707669157,Fig 2.7,N8,wind_ARG_2022,7.504148414678308,0.10952179668861906
wind,ARG,Argentina,2022,1553.4690073390902,7.3482457784178665,6.733146895042726,5.411217480302619,6.013632913023564,Fig 2.7,O8,wind_ARG_2022,7.4630538080177775,-0.11480802959991099
wind,AUS,Australia,2010,4143.084429461239,8.329195820692165,5.180162236673185,4.822296444001899,5.619538317103914,Fig 2.6,C8,wind_AUS_2022,8.43781501108464,-0.10861919039247425
wind,AUS,Australia,2011,4377.598776191059,8.38425562842652,5.376417249698097,4.998697446862276,5.708815243916515,Fig 2.6,D8,wind_AUS_2022,8.295276595218038,0.08897903320848144
wind,AUS,Australia,2012,3732.398308548318,8.224806284179055,5.56590362647905,5.137394768957262,5.649587532329162,Fig 2.6,E8,wind_AUS_2022,8.157654184669827,0.06715209950922763
wind,AUS,Australia,2013,2770.434468668928,7.926759434776959,5.677698971893068,5.271086410766464,5.570291277483226,Fig 2.6,F8,wind_AUS_2022,8.07645813677804,-0.14969870200108115
wind,AUS,Australia,2014,3022.048049327942,8.013690042550076,5.830825584658366,5.389968287621304,5.580565173034719,Fig 2.6,G8,wind_AUS_2022,7.9652435263883765,0.04844651616169937
wind,AUS,Australia,2015,2819.857193002646,7.944441521870668,6.002024865148459,5.479418664657636,5.457078829862897,Fig 2.6,H8,wind_AUS_2022,7.840902884779072,0.10353863709159583
wind,AUS,Australia,2016,2630.9450852533323,7.875098408626848,6.114760027948734,5.503732268414333,5.390606073342965,Fig 2.6,I8,wind_AUS_2022,7.759024255182106,0.11607415344474248
wind,AUS,Australia,2017,2043.2539445633236,7.622298886928243,6.2059349955659755,5.541918527785211,5.479810592208201,Fig 2.6,J8,wind_AUS_2022,7.692804619563419,-0.07050573263517634
wind,AUS,Australia,2018,1901.9960055896213,7.550659142992521,6.290532398624406,5.540715306018656,5.574854860972366,Fig 2.6,K8,wind_AUS_2022,7.631362215456032,-0.0807030724635105
wind,AUS,Australia,2019,1851.141553609305,7.523557783776623,6.38729428375806,5.505334054872469,5.522971247577784,Fig 2.6,L8,wind_AUS_2022,7.561084847196061,-0.03752706341943757
wind,AUS,Australia,2020,2042.667395245112,7.622011779432302,6.5486992739946635,5.468373269138832,5.409727586029495,Fig 2.6,M8,wind_AUS_2022,7.443857718743708,0.17815406068859474
wind,AUS,Australia,2021,1411.9064049900608,7.252696130438408,6.645448863841342,5.445506338822339,6.006814707669157,Fig 2.6,N8,wind_AUS_2022,7.373589280450422,-0.12089315001201406
wind,AUS,Australia,2022,1444.4693860474408,7.2754973262219895,6.733146895042726,5.411217480302619,6.013632913023564,Fig 2.6,O8,wind_AUS_2022,7.309894915402644,-0.03439758918065472
wind,AUT,Austria,2012,2452.067550343923,7.804686845756536,5.56590362647905,5.137394768957262,5.649587532329162,Fig 2.7,E9,wind_AUT_2022,7.975361197121966,-0.17067435136543008
wind,AUT,Austria,2013,3048.5733090452554,8.022428992637954,5.677698971893068,5.271086410766464,5.570291277483226,Fig 2.7,F9,wind_AUT_2022,7.919024101171152,0.10340489146680198
wind,AUT,Austria,2014,2546.377840741766,7.842427173739384,5.830825584658366,5.389968287621304,5.580565173034719,Fig 2.7,G9,wind_AUT_2022,7.841858914695507,0.0005682590438764734
wind,AUT,Austria,2015,2474.7020200394054,7.813875271810943,6.002024865148459,5.479418664657636,5.457078829862897,Fig 2.7,H9,wind_AUT_2022,7.755586357855485,0.0582889139554581
wind,AUT,Austria,2016,2533.348866670561,7.837297369168,6.114760027948734,5.503732268414333,5.390606073342965,Fig 2.7,I9,wind_AUT_2022,7.6987756591614644,0.13852171000653524
wind,AUT,Austria,2017,2032.190709009743,7.616869657153594,6.2059349955659755,5.541918527785211,5.479810592208201,Fig 2.7,J9,wind_AUT_2022,7.65282980265069,-0.035960145497095475
wind,AUT,Austria,2018,1930.5811735592536,7.565576362766042,6.290532398624406,5.540715306018656,5.574854860972366,Fig 2.7,K9,wind_AUT_2022,7.610198582221589,-0.04462221945554656
wind,AUT,Austria,2022,1537.0565472116134,7.337624533500493,6.733146895042726,5.411217480302619,6.013632913023564,Fig 2.7,O9,wind_AUT_2022,7.387151591655079,-0.049527058154586356
wind,BRA,Brazil,2010,3106.241515833783,8.041168758520092,5.180162236673185,4.822296444001899,5.619538317103914,Fig 2.6,C9,wind_BRA_2022,8.240455347793029,-0.19928658927293696
wind,BRA,Brazil,2011,3076.062176733474,8.031405543923674,5.376417249698097,4.998697446862276,5.708815243916515,Fig 2.6,D9,wind_BRA_2022,8.115980389804708,-0.08457484588103448
wind,BRA,Brazil,2012,3123.635568353567,8.046752848698194,5.56590362647905,5.137394768957262,5.649587532329162,Fig 2.6,E9,wind_BRA_2022,7.995798446802956,0.05095440189523792
wind,BRA,Brazil,2013,3115.4061913837786,8.044114821238473,5.677698971893068,5.271086410766464,5.570291277483226,Fig 2.6,F9,wind_BRA_2022,7.924892125944119,0.11922269529435425
wind,BRA,Brazil,2014,2646.2331709806363,7.880892462856113,5.830825584658366,5.389968287621304,5.580565173034719,Fig 2.6,G9,wind_BRA_2022,7.827771403282962,0.05312105957315083
wind,BRA,Brazil,2015,2296.044752105918,7.7389432485848335,6.002024865148459,5.479418664657636,5.457078829862897,Fig 2.6,H9,wind_BRA_2022,7.719188071228509,0.01975517735632426
wind,BRA,Brazil,2016,2406.8480453672,7.78607330548998,6.114760027948734,5.503732268414333,5.390606073342965,Fig 2.6,I9,wind_BRA_2022,7.647685670158176,0.13838763533180387
wind,BRA,Brazil,2017,2065.9924280499176,7.6333659846437865,6.2059349955659755,5.541918527785211,5.479810592208201,Fig 2.6,J9,wind_BRA_2022,7.589857846609526,0.04350813803426057
wind,BRA,Brazil,2018,2097.030868371903,7.648277751047227,6.290532398624406,5.540715306018656,5.574854860972366,Fig 2.6,K9,wind_BRA_2022,7.536201850620866,0.11207590042636095
wind,BRA,Brazil,2019,1855.5912291160716,7.525958646155958,6.38729428375806,5.505334054872469,5.522971247577784,Fig 2.6,L9,wind_BRA_2022,7.4748305184890675,0.05112812766689068
wind,BRA,Brazil,2020,1704.893122200668,7.44125770282654,6.5486992739946635,5.468373269138832,5.409727586029495,Fig 2.6,M9,wind_BRA_2022,7.372459225806439,0.06879847702010089
wind,BRA,Brazil,2021,1306.215139814895,7.174889028133964,6.645448863841342,5.445506338822339,6.006814707669157,Fig 2.6,N9,wind_BRA_2022,7.311095691973937,-0.13620666383997282
wind,BRA,Brazil,2022,1117.2097995602328,7.018589605568743,6.733146895042726,5.411217480302619,6.013632913023564,Fig 2.6,O9,wind_BRA_2022,7.255473119173388,-0.23688351360464477
wind,CAN,Canada,2010,3207.7690771495986,8.073330982963304,5.180162236673185,4.822296444001899,5.619538317103914,Fig 2.6,C10,wind_CAN_2022,8.208642187262559,-0.13531120429925458
wind,CAN,Canada,2011,2958.624826998695,7.992479853891425,5.376417249698097,4.998697446862276,5.708815243916515,Fig 2.6,D10,wind_CAN_2022,8.123844805459427,-0.13136495156800265
wind,CAN,Canada,2012,3223.160817655416,8.078117777454098,5.56590362647905,5.137394768957262,5.649587532329162,Fig 2.6,E10,wind_CAN_2022,8.041971999304167,0.03614577814993147
wind,CAN,Canada,2013,3108.906080752496,8.042026200774055,5.677698971893068,5.271086410766464,5.570291277483226,Fig 2.6,F10,wind_CAN_2022,7.993667742292997,0.04835845848105791
wind,CAN,Canada,2014,2909.720813813772,7.975812415292794,5.830825584658366,5.389968287621304,5.580565173034719,Fig 2.6,G10,wind_CAN_2022,7.9275051732623085,0.04830724203048575
wind,CAN,Canada,2015,3005.7168964844445,8.008271386398194,6.002024865148459,5.479418664657636,5.457078829862897,Fig 2.6,H10,wind_CAN_2022,7.853533810552214,0.1547375758459797
wind,CAN,Canada,2016,2815.1240756907487,7.942761616224381,6.114760027948734,5.503732268414333,5.390606073342965,Fig 2.6,I10,wind_CAN_2022,7.804823479563625,0.13793813666075572
wind,CAN,Canada,2017,2471.4182906315746,7.812547471561849,6.2059349955659755,5.541918527785211,5.479810592208201,Fig 2.6,J10,wind_CAN_2022,7.765428824513737,0.047118647048111306
wind,CAN,Canada,2018,2210.7149219336798,7.701071236286506,6.290532398624406,5.540715306018656,5.574854860972366,Fig 2.6,K10,wind_CAN_2022,7.7288761873294405,-0.02780495104293479
wind,CAN,Canada,2019,2894.3307568325185,7.970509191204135,6.38729428375806,5.505334054872469,5.522971247577784,Fig 2.6,L10,wind_CAN_2022,7.687067550743796,0.2834416404603388
wind,CAN,Canada,2020,1658.650703711003,7.413759721736148,6.5486992739946635,5.468373269138832,5.409727586029495,Fig 2.6,M10,wind_CAN_2022,7.6173280808007435,-0.20356835906459558
wind,CAN,Canada,2021,1553.9705855540396,7.348568602533548,6.645448863841342,5.445506338822339,6.006814707669157,Fig 2.6,N10,wind_CAN_2022,7.57552475673236,-0.22695615419881232
wind,CAN,Canada,2022,1819.9977599750696,7.5065905492871545,6.733146895042726,5.411217480302619,6.013632913023564,Fig 2.6,O10,wind_CAN_2022,7.5376324077903085,-0.031041858503153996
wind,CHL,Chile,2011,3265.2344885307416,8.091086857977238,5.376417249698097,4.998697446862276,5.708815243916515,Fig 2.7,D10,wind_CHL_2022,8.046276320613778,0.04481053736346041
wind,CHL,Chile,2012,2454.110221033898,7.805519539108954,5.56590362647905,5.137394768957262,5.649587532329162,Fig 2.7,E10,wind_CHL_2022,7.964881253030278,-0.15936171392132348
wind,CHL,Chile,2013,2466.123651565242,7.810402825032174,5.677698971893068,5.271086410766464,5.570291277483226,Fig 2.7,F10,wind_CHL_2022,7.916858857699905,-0.10645603266773129
wind,CHL,Chile,2014,2623.903755713473,7.872418470928455,5.830825584658366,5.389968287621304,5.580565173034719,Fig 2.7,G10,wind_CHL_2022,7.851082355944994,0.021336114983460774
wind,CHL,Chile,2015,2706.712909541826,7.903490229147764,6.002024865148459,5.479418664657636,5.457078829862897,Fig 2.7,H10,wind_CHL_2022,7.7775426258468965,0.12594760330086707
wind,CHL,Chile,2016,2367.7675341860468,7.769702821499991,6.114760027948734,5.503732268414333,5.390606073342965,Fig 2.7,I10,wind_CHL_2022,7.729116526034071,0.04058629546592041
wind,CHL,Chile,2017,2134.7585446078992,7.666108825406663,6.2059349955659755,5.541918527785211,5.479810592208201,Fig 2.7,J10,wind_CHL_2022,7.689951743967929,-0.023842918561265414
wind,CHL,Chile,2018,2079.752423641779,7.640004138515779,6.290532398624406,5.540715306018656,5.574854860972366,Fig 2.7,K10,wind_CHL_2022,7.653612396220045,-0.013608257704266435
wind,CHL,Chile,2019,2937.134028653069,7.985189564700491,6.38729428375806,5.505334054872469,5.522971247577784,Fig 2.7,L10,wind_CHL_2022,7.612047718517303,0.3731418461831879
wind,CHL,Chile,2020,1804.7832373729827,7.4981957734575175,6.5486992739946635,5.468373269138832,5.409727586029495,Fig 2.7,M10,wind_CHL_2022,7.542715187536411,-0.04451941407889315
wind,CHL,Chile,2021,1787.502728105507,7.488574800779869,6.645448863841342,5.445506338822339,6.006814707669157,Fig 2.7,N10,wind_CHL_2022,7.501155791351692,-0.012580990571823492
wind,CHL,Chile,2022,1363.8017447948732,7.218031479448451,6.733146895042726,5.411217480302619,6.013632913023564,Fig 2.7,O10,wind_CHL_2022,7.463484549240032,-0.24545306979158177
wind,CHN,China,2010,1765.1775585802086,7.476006564069738,5.180162236673185,4.822296444001899,5.619538317103914,Fig 2.6,C11,wind_CHN_2022,7.504819666600058,-0.028813102530319767
wind,CHN,China,2011,1717.2558524790718,7.448482861141217,5.376417249698097,4.998697446862276,5.708815243916515,Fig 2.6,D11,wind_CHN_2022,7.465433176063852,-0.0169503149226351
wind,CHN,China,2012,1679.930392658511,7.426507638597574,5.56590362647905,5.137394768957262,5.649587532329162,Fig 2.6,E11,wind_CHN_2022,7.4274050856176945,-0.000897447020120623
wind,CHN,China,2013,1595.826062577922,7.3751467887234705,5.677698971893068,5.271086410766464,5.570291277483226,Fig 2.6,F11,wind_CHN_2022,7.404968836748056,-0.029822048024585435
wind,CHN,China,2014,1620.231001590525,7.390324011635331,5.830825584658366,5.389968287621304,5.580565173034719,Fig 2.6,G11,wind_CHN_2022,7.37423780067635,0.01608621095898055
wind,CHN,China,2015,1573.0075398913566,7.360744696366152,6.002024865148459,5.479418664657636,5.457078829862897,Fig 2.6,H11,wind_CHN_2022,7.339879754291198,0.020864942074953596
wind,CHN,China,2016,1567.4215724643543,7.357187237739795,6.114760027948734,5.503732268414333,5.390606073342965,Fig 2.6,I11,wind_CHN_2022,7.3172548931256545,0.03993234461414019
wind,CHN,China,2017,1485.129867089238,7.303257499998391,6.2059349955659755,5.541918527785211,5.479810592208201,Fig 2.6,J11,wind_CHN_2022,7.298956955438124,0.00430054456026685
wind,CHN,China,2018,1538.8013700592198,7.338759061220361,6.290532398624406,5.540715306018656,5.574854860972366,Fig 2.6,K11,wind_CHN_2022,7.281979071594078,0.056779989626282834
wind,CHN,China,2019,1455.786865501193,7.283301834457164,6.38729428375806,5.505334054872469,5.522971247577784,Fig 2.6,L11,wind_CHN_2022,7.262559893381299,0.020741941075864467
wind,CHN,China,2020,1487.7151523770567,7.304996767213876,6.5486992739946635,5.468373269138832,5.409727586029495,Fig 2.6,M11,wind_CHN_2022,7.230167466698962,0.07482930051491365
wind,CHN,China,2021,1314.7834349389225,7.18142724278989,6.645448863841342,5.445506338822339,6.006814707669157,Fig 2.6,N11,wind_CHN_2022,7.210750756031835,-0.029323513241945598
wind,CHN,China,2022,1170.7756516936995,7.06542175830297,6.733146895042726,5.411217480302619,6.013632913023564,Fig 2.6,O11,wind_CHN_2022,7.193150605988693,-0.1277288476857228
wind,CRI,Costa Rica,2011,2634.992405760143,7.876635578906848,5.376417249698097,4.998697446862276,5.708815243916515,Fig 2.7,D11,wind_CRI_2022,8.081846024313391,-0.20521044540654287
wind,CRI,Costa Rica,2012,4005.4362182763616,8.295407771992343,5.56590362647905,5.137394768957262,5.649587532329162,Fig 2.7,E11,wind_CRI_2022,8.057988731936339,0.2374190400560039
wind,CRI,Costa Rica,2014,3071.720451189754,8.029993091165238,5.830825584658366,5.389968287621304,5.580565173034719,Fig 2.7,G11,wind_CRI_2022,8.024633718659098,0.005359372506140048
wind,CRI,Costa Rica,2015,3159.394728327746,8.058135746566075,6.002024865148459,5.479418664657636,5.457078829862897,Fig 2.7,H11,wind_CRI_2022,8.003078864116102,0.05505688244997309
wind,CRI,Costa Rica,2016,3115.3201822382603,8.044087213174704,6.114760027948734,5.503732268414333,5.390606073342965,Fig 2.7,I11,wind_CRI_2022,7.9888849374297,0.05520227574500414
wind,CRI,Costa Rica,2017,2513.869360285149,7.829578422917374,6.2059349955659755,5.541918527785211,5.479810592208201,Fig 2.7,J11,wind_CRI_2022,7.97740554826798,-0.14782712535060671
wind,CYP,Cyprus,2010,2242.557989933084,7.7153724531005325,5.180162236673185,4.822296444001899,5.619538317103914,Fig 2.7,C13,wind_CYP_2022,7.781370572983126,-0.06599811988259319
wind,CYP,Cyprus,2011,2373.098872068914,7.7719519209992685,5.376417249698097,4.998697446862276,5.708815243916515,Fig 2.7,D13,wind_CYP_2022,7.788500427014041,-0.016548506014772535
wind,CYP,Cyprus,2012,2535.3738669546096,7.838096387184255,5.56590362647905,5.137394768957262,5.649587532329162,Fig 2.7,E13,wind_CYP_2022,7.795384379614649,0.04271200756960525
wind,CYP,Cyprus,2013,2737.7533005682053,7.914892899732059,5.677698971893068,5.271086410766464,5.570291277483226,Fig 2.7,F13,wind_CYP_2022,7.799445852908259,0.11544704682379958
wind,CYP,Cyprus,2016,2297.80971606113,7.739711650829304,6.114760027948734,5.503732268414333,5.390606073342965,Fig 2.7,I13,wind_CYP_2022,7.815324079325228,-0.07561242849592364
wind,DEU,Germany,2010,2704.819128610142,7.902790323466474,5.180162236673185,4.822296444001899,5.619538317103914,Fig 2.6,C14,wind_DEU_2022,7.915232928136023,-0.012442604669549162
wind,DEU,Germany,2011,2704.819128610142,7.902790323466474,5.376417249698097,4.998697446862276,5.708815243916515,Fig 2.6,D14,wind_DEU_2022,7.8756473486303555,0.02714297483611805
wind,DEU,Germany,2012,2457.322731337371,7.80682771568095,5.56590362647905,5.137394768957262,5.649587532329162,Fig 2.6,E14,wind_DEU_2022,7.837427035591262,-0.03059931991031206
wind,DEU,Germany,2013,2427.545592608569,7.794635981702213,5.677698971893068,5.271086410766464,5.570291277483226,Fig 2.6,F14,wind_DEU_2022,7.814877377032026,-0.02024139532981284
wind,DEU,Germany,2014,2394.891197421886,7.78109307976168,5.830825584658366,5.389968287621304,5.580565173034719,Fig 2.6,G14,wind_DEU_2022,7.7839910031727,-0.002897923411019576
wind,DEU,Germany,2015,2350.285901628808,7.762292260005772,6.002024865148459,5.479418664657636,5.457078829862897,Fig 2.6,H14,wind_DEU_2022,7.749459285359746,0.012832974646025619
wind,DEU,Germany,2016,2305.478060177636,7.74304333530464,6.114760027948734,5.503732268414333,5.390606073342965,Fig 2.6,I14,wind_DEU_2022,7.726720061116092,0.016323274188548176
wind,DEU,Germany,2017,2305.1190969879626,7.7428876230712085,6.2059349955659755,5.541918527785211,5.479810592208201,Fig 2.6,J14,wind_DEU_2022,7.708329631878594,0.0345579911926146
wind,DEU,Germany,2018,2267.184611637869,7.72629408152712,6.290532398624406,5.540715306018656,5.574854860972366,Fig 2.6,K14,wind_DEU_2022,7.691265929030314,0.0350281524968068
wind,DEU,Germany,2019,2098.5998414809087,7.649025659188169,6.38729428375806,5.505334054872469,5.522971247577784,Fig 2.6,L14,wind_DEU_2022,7.671748591673991,-0.0227229324858218
wind,DEU,Germany,2020,2089.1128870850494,7.644494798911768,6.5486992739946635,5.468373269138832,5.409727586029495,Fig 2.6,M14,wind_DEU_2022,7.639192429285357,0.00530236962641073
wind,DEU,Germany,2021,1944.2419851493808,7.572627455231147,6.645448863841342,5.445506338822339,6.006814707669157,Fig 2.6,N14,wind_DEU_2022,7.61967757194752,-0.04705011671637305
wind,DEU,Germany,2022,2011.7394262867956,7.606755013034697,6.733146895042726,5.411217480302619,6.013632913023564,Fig 2.6,O14,wind_DEU_2022,7.601988457498391,0.004766555536305894
wind,DNK,Denmark,2010,2829.308711935296,7.9477876893972095,5.180162236673185,4.822296444001899,5.619538317103914,Fig 2.7,C14,wind_DNK_2022,7.962700368414885,-0.014912679017675678
wind,DNK,Denmark,2011,3043.07870350374,8.020625013349475,5.376417249698097,4.998697446862276,5.708815243916515,Fig 2.7,D14,wind_DNK_2022,7.918559337750427,0.10206567559904833
wind,DNK,Denmark,2012,2452.067550343923,7.804686845756536,5.56590362647905,5.137394768957262,5.649587532329162,Fig 2.7,E14,wind_DNK_2022,7.875940686440239,-0.07125384068370266
wind,DNK,Denmark,2013,2669.609953528281,7.889687655902,5.677698971893068,5.271086410766464,5.570291277483226,Fig 2.7,F14,wind_DNK_2022,7.850796045832065,0.03889161006993458
wind,DNK,Denmark,2015,2263.446969548236,7.724644138083,6.002024865148459,5.479418664657636,5.457078829862897,Fig 2.7,H14,wind_DNK_2022,7.777849734913389,-0.053205596830388835
wind,DNK,Denmark,2016,2263.446969548236,7.724644138083,6.114760027948734,5.503732268414333,5.390606073342965,Fig 2.7,I14,wind_DNK_2022,7.752493713676378,-0.027849575593378084
wind,DNK,Denmark,2017,2085.510402489083,7.642768901631793,6.2059349955659755,5.541918527785211,5.479810592208201,Fig 2.7,J14,wind_DNK_2022,7.731986940476588,-0.08921803884479562
wind,DNK,Denmark,2018,2266.005369502973,7.725773811180455,6.290532398624406,5.540715306018656,5.574854860972366,Fig 2.7,K14,wind_DNK_2022,7.712959571417425,0.012814239763029533
wind,DNK,Denmark,2019,2262.846856831192,7.724378970710496,6.38729428375806,5.505334054872469,5.522971247577784,Fig 2.7,L14,wind_DNK_2022,7.691196207144568,0.033182763565927864
wind,DNK,Denmark,2020,2262.846856831192,7.724378970710496,6.5486992739946635,5.468373269138832,5.409727586029495,Fig 2.7,M14,wind_DNK_2022,7.654893528738457,0.06948544197203876
wind,DOM,Dominican Republic,2011,1679.6966524738002,7.4263684920899715,5.376417249698097,4.998697446862276,5.708815243916515,Fig 2.7,D15,wind_DOM_2022,7.761009073991071,-0.33464058190109913
wind,DOM,Dominican Republic,2012,2944.0833147834683,7.987552779306848,5.56590362647905,5.137394768957262,5.649587532329162,Fig 2.7,E15,wind_DOM_2022,7.772840306387575,0.2147124729192731
wind,DOM,Dominican Republic,2013,2581.7700596941995,7.856230512326383,5.677698971893068,5.271086410766464,5.570291277483226,Fig 2.7,F15,wind_DOM_2022,7.779820632545639,0.0764098797807442
wind,DOM,Dominican Republic,2014,2642.604327619912,7.879520197615918,5.830825584658366,5.389968287621304,5.580565173034719,Fig 2.7,G15,wind_DOM_2022,7.789381618261304,0.09013857935461367
wind,DOM,Dominican Republic,2016,2996.2627041845085,8.00512102576781,6.114760027948734,5.503732268414333,5.390606073342965,Fig 2.7,I15,wind_DOM_2022,7.807110039908333,0.19801098585947674
wind,DOM,Dominican Republic,2017,2430.34790389692,7.795789696414651,6.2059349955659755,5.541918527785211,5.479810592208201,Fig 2.7,J15,wind_DOM_2022,7.812802861993745,-0.017013165579093936
wind,DOM,Dominican Republic,2018,2490.7292182794527,7.820330805330769,6.290532398624406,5.540715306018656,5.574854860972366,Fig 2.7,K15,wind_DOM_2022,7.818084991256696,0.0022458140740733157
wind,DOM,Dominican Republic,2019,2067.6597741513083,7.634172702824347,6.38729428375806,5.505334054872469,5.522971247577784,Fig 2.7,L15,wind_DOM_2022,7.82412665171582,-0.189953948891473
wind,DOM,Dominican Republic,2020,2426.716749234008,7.794294490730261,6.5486992739946635,5.468373269138832,5.409727586029495,Fig 2.7,M15,wind_DOM_2022,7.83420452634663,-0.0399100356163693
wind,EGY,Egypt,2010,1834.4723256991092,7.514512158208183,5.180162236673185,4.822296444001899,5.619538317103914,Fig 2.7,C16,wind_EGY_2022,7.638493914037243,-0.12398175582905946
wind,EGY,Egypt,2015,2301.625233767108,7.741370775753493,6.002024865148459,5.479418664657636,5.457078829862897,Fig 2.7,H16,wind_EGY_2022,7.542408227402786,0.19896254835070692
wind,EGY,Egypt,2018,2081.496440671476,7.640842356651092,6.290532398624406,5.540715306018656,5.574854860972366,Fig 2.7,K16,wind_EGY_2022,7.508678205507669,0.13216415114342261
wind,EGY,Egypt,2020,1724.073795680908,7.452445255226854,6.5486992739946635,5.468373269138832,5.409727586029495,Fig 2.7,M16,wind_EGY_2022,7.4784953736976325,-0.02605011847077865
wind,EGY,Egypt,2021,1622.5135592682948,7.391731805565387,6.645448863841342,5.445506338822339,6.006814707669157,Fig 2.7,N16,wind_EGY_2022,7.46718417587706,-0.07545237031167318
wind,EGY,Egypt,2022,1558.2033844385596,7.351288759912471,6.733146895042726,5.411217480302619,6.013632913023564,Fig 2.7,O16,wind_EGY_2022,7.456931214795099,-0.10564245488262802
wind,ESP,Spain,2010,2917.3316496399493,7.978424658859099,5.180162236673185,4.822296444001899,5.619538317103914,Fig 2.6,C18,wind_ESP_2022,8.046435115721469,-0.0680104568623694
wind,ESP,Spain,2011,2838.1110057057613,7.95089397101628,5.376417249698097,4.998697446862276,5.708815243916515,Fig 2.6,D18,wind_ESP_2022,7.949744069463648,0.0011499015526315048
wind,ESP,Spain,2012,2489.7916665030607,7.819954317887325,5.56590362647905,5.137394768957262,5.649587532329162,Fig 2.6,E18,wind_ESP_2022,7.856387799271312,-0.03643348138398661
wind,ESP,Spain,2013,2478.4744316553188,7.815398501351464,5.677698971893068,5.271086410766464,5.570291277483226,Fig 2.6,F18,wind_ESP_2022,7.801308396466638,0.014090104884826538
wind,ESP,Spain,2014,2087.660762101033,7.6437994655446815,5.830825584658366,5.389968287621304,5.580565173034719,Fig 2.6,G18,wind_ESP_2022,7.725865878234946,-0.08206641269026438
wind,ESP,Spain,2015,1974.0001131302856,7.587817277303601,6.002024865148459,5.479418664657636,5.457078829862897,Fig 2.6,H18,wind_ESP_2022,7.641519306424971,-0.053702029121370565
wind,ESP,Spain,2016,1944.6505362263824,7.572837567018119,6.114760027948734,5.503732268414333,5.390606073342965,Fig 2.6,I18,wind_ESP_2022,7.585976873784942,-0.0131393067668224
wind,ESP,Spain,2017,2134.4262580278214,7.665953157945023,6.2059349955659755,5.541918527785211,5.479810592208201,Fig 2.6,J18,wind_ESP_2022,7.5410567319982205,0.12489642594680284
wind,ESP,Spain,2018,2785.848293599864,7.93230769973432,6.290532398624406,5.540715306018656,5.574854860972366,Fig 2.6,K18,wind_ESP_2022,7.499377228956044,0.43293047077827573
wind,ESP,Spain,2019,1848.056275124011,7.521889703644912,6.38729428375806,5.505334054872469,5.522971247577784,Fig 2.6,L18,wind_ESP_2022,7.451704521047867,0.07018518259704454
wind,ESP,Spain,2020,1450.2230865567224,7.279472676378232,6.5486992739946635,5.468373269138832,5.409727586029495,Fig 2.6,M18,wind_ESP_2022,7.372183406470125,-0.09271073009189301
wind,ESP,Spain,2021,1330.7665242650544,7.193510389233,6.645448863841342,5.445506338822339,6.006814707669157,Fig 2.6,N18,wind_ESP_2022,7.324516756211857,-0.13100636697885637
wind,ESP,Spain,2022,1230.4390450051137,7.1151263318346105,6.733146895042726,5.411217480302619,6.013632913023564,Fig 2.6,O18,wind_ESP_2022,7.281309633698576,-0.16618330186396513
wind,ETH,Ethiopia,2011,3150.065554401592,8.055178542524274,5.376417249698097,4.998697446862276,5.708815243916515,Fig 2.7,D17,wind_ETH_2022,8.077404406902533,-0.022225864378258464
wind,ETH,Ethiopia,2012,2952.202658292882,7.990306834547204,5.56590362647905,5.137394768957262,5.649587532329162,Fig 2.7,E17,wind_ETH_2022,8.030424946385343,-0.04011811183813929
wind,ETH,Ethiopia,2015,2835.472782216877,7.949963968471979,6.002024865148459,5.479418664657636,5.457078829862897,Fig 2.7,H17,wind_ETH_2022,7.922297170337032,0.027666798134947435
wind,ETH,Ethiopia,2016,3113.16154795305,8.043394063715446,6.114760027948734,5.503732268414333,5.390606073342965,Fig 2.7,I17,wind_ETH_2022,7.894346680071461,0.1490473836439854
wind,ETH,Ethiopia,2019,2262.846856831192,7.724378970710496,6.38729428375806,5.505334054872469,5.522971247577784,Fig 2.7,L17,wind_ETH_2022,7.826777113710622,-0.1023981430001264
wind,ETH,Ethiopia,2022,2273.458740323888,7.7290576250132474,6.733146895042726,5.411217480302619,6.013632913023564,Fig 2.7,O17,wind_ETH_2022,7.741029687575617,-0.011972062562369601
wind,FIN,Finland,2013,2142.7629845142656,7.669851389503609,5.677698971893068,5.271086410766464,5.570291277483226,Fig 2.6,F12,wind_FIN_2022,7.870878538514193,-0.20102714901058327
wind,FIN,Finland,2014,2414.343434184785,7.789182659220571,5.830825584658366,5.389968287621304,5.580565173034719,Fig 2.6,G12,wind_FIN_2022,7.815008931203174,-0.02582627198260301
wind,FIN,Finland,2015,2799.030658995477,7.937028443008689,6.002024865148459,5.479418664657636,5.457078829862897,Fig 2.6,H12,wind_FIN_2022,7.752545350247649,0.1844830927610399
wind,FIN,Finland,2016,2548.345259794914,7.843199509786749,6.114760027948734,5.503732268414333,5.390606073342965,Fig 2.6,I12,wind_FIN_2022,7.711412922891935,0.13178658689481448
wind,FIN,Finland,2017,2500.0955561062096,7.824084232568317,6.2059349955659755,5.541918527785211,5.479810592208201,Fig 2.6,J12,wind_FIN_2022,7.678146924608686,0.14593730795963022
wind,FIN,Finland,2018,2328.839738915602,7.7531254564027945,6.290532398624406,5.540715306018656,5.574854860972366,Fig 2.6,K12,wind_FIN_2022,7.647280809287173,0.1058446471156218
wind,FIN,Finland,2019,1702.578355081368,7.439899060507271,6.38729428375806,5.505334054872469,5.522971247577784,Fig 2.6,L12,wind_FIN_2022,7.61197637443118,-0.1720773139239089
wind,FIN,Finland,2020,1461.2659092266636,7.28705840013619,6.5486992739946635,5.468373269138832,5.409727586029495,Fig 2.6,M12,wind_FIN_2022,7.553086327432103,-0.2660279272959132
wind,FIN,Finland,2021,1924.0934296925905,7.562210190177931,6.645448863841342,5.445506338822339,6.006814707669157,Fig 2.6,N12,wind_FIN_2022,7.517786378620977,0.0444238115569533
wind,FIN,Finland,2022,1878.581382967341,7.538272187454535,6.733146895042726,5.411217480302619,6.013632913023564,Fig 2.6,O12,wind_FIN_2022,7.485788971529628,0.0524832159249069
wind,FRA,France,2010,2950.0624683907927,7.989581624835355,5.180162236673185,4.822296444001899,5.619538317103914,Fig 2.6,C13,wind_FRA_2022,7.895922858421499,0.0936587664138564
wind,FRA,France,2011,2644.948773343461,7.880406976748881,5.376417249698097,4.998697446862276,5.708815243916515,Fig 2.6,D13,wind_FRA_2022,7.8546133042304405,0.025793672518440225
wind,FRA,France,2012,2400.053077507022,7.783246131719416,5.56590362647905,5.137394768957262,5.649587532329162,Fig 2.6,E13,wind_FRA_2022,7.814728474643406,-0.0314823429239901
wind,FRA,France,2013,2262.0084106773293,7.724008374917309,5.677698971893068,5.271086410766464,5.570291277483226,Fig 2.6,F13,wind_FRA_2022,7.791196765524198,-0.06718839060688886
wind,FRA,France,2014,2137.2782742110044,7.667288464067172,5.830825584658366,5.389968287621304,5.580565173034719,Fig 2.6,G13,wind_FRA_2022,7.7589652723734055,-0.09167680830623315
wind,FRA,France,2015,2131.6884264783607,7.664669633179376,6.002024865148459,5.479418664657636,5.457078829862897,Fig 2.6,H13,wind_FRA_2022,7.722929678449606,-0.05826004527022999
wind,FRA,France,2016,2109.213578229046,7.65407044525604,6.114760027948734,5.503732268414333,5.390606073342965,Fig 2.6,I13,wind_FRA_2022,7.69920014795173,-0.04512970269569028
wind,FRA,France,2017,2402.662458269312,7.784332759065802,6.2059349955659755,5.541918527785211,5.479810592208201,Fig 2.6,J13,wind_FRA_2022,7.680008804976077,0.10432395408972539
wind,FRA,France,2018,2320.5563744430056,7.74956225247922,6.290532398624406,5.540715306018656,5.574854860972366,Fig 2.6,K13,wind_FRA_2022,7.662201968084622,0.08736028439459798
wind,FRA,France,2019,2101.797854337148,7.6505483785617905,6.38729428375806,5.505334054872469,5.522971247577784,Fig 2.6,L13,wind_FRA_2022,7.641834639495414,0.008713739066376291
wind,FRA,France,2020,1823.726881097778,7.508637423182433,6.5486992739946635,5.468373269138832,5.409727586029495,Fig 2.6,M13,wind_FRA_2022,7.607860637567423,-0.09922321438499004
wind,FRA,France,2021,2020.280869555222,7.610991825063751,6.645448863841342,5.445506338822339,6.006814707669157,Fig 2.6,N13,wind_FRA_2022,7.5874958970029285,0.023495928060822457
wind,FRA,France,2022,2035.8130904453128,7.618650571121013,6.733146895042726,5.411217480302619,6.013632913023564,Fig 2.6,O13,wind_FRA_2022,7.569036411476804,0.04961415964420901
wind,GBR,United Kingdom,2010,2646.677480945218,7.881060351564177,5.180162236673185,4.822296444001899,5.619538317103914,Fig 2.6,C21,wind_GBR_2022,8.019430383947345,-0.13837003238316825
wind,GBR,United Kingdom,2011,2809.9113674102177,7.94090821998344,5.376417249698097,4.998697446862276,5.708815243916515,Fig 2.6,D21,wind_GBR_2022,7.966046958504793,-0.02513873852135351
wind,GBR,United Kingdom,2012,2747.880979690672,7.918585340792428,5.56590362647905,5.137394768957262,5.649587532329162,Fig 2.6,E21,wind_GBR_2022,7.91450467323343,0.004080667558998385
wind,GBR,United Kingdom,2013,2761.2528998111115,7.92343980491435,5.677698971893068,5.271086410766464,5.570291277483226,Fig 2.6,F21,wind_GBR_2022,7.884095164733507,0.03934464018084327
wind,GBR,United Kingdom,2014,2697.606225405735,7.900120075562041,5.830825584658366,5.389968287621304,5.580565173034719,Fig 2.6,G21,wind_GBR_2022,7.842443117278346,0.0576769582836949
wind,GBR,United Kingdom,2015,2657.2208697143733,7.885036069784921,6.002024865148459,5.479418664657636,5.457078829862897,Fig 2.6,H21,wind_GBR_2022,7.7958751143264875,0.08916095545843383
wind,GBR,United Kingdom,2016,2491.129940503493,7.820491677893454,6.114760027948734,5.503732268414333,5.390606073342965,Fig 2.6,I21,wind_GBR_2022,7.765209965623567,0.05528171226988654
wind,GBR,United Kingdom,2017,2516.6323084024853,7.830676901191364,6.2059349955659755,5.541918527785211,5.479810592208201,Fig 2.6,J21,wind_GBR_2022,7.740409416526744,0.09026748466461942
wind,GBR,United Kingdom,2018,2198.396210530895,7.695483378286959,6.290532398624406,5.540715306018656,5.574854860972366,Fig 2.6,K21,wind_GBR_2022,7.7173980340953054,-0.021914655808346062
wind,GBR,United Kingdom,2019,2258.591645264536,7.722496732205661,6.38729428375806,5.505334054872469,5.522971247577784,Fig 2.6,L21,wind_GBR_2022,7.691077784736593,0.03141894746906804
wind,GBR,United Kingdom,2020,2047.40763272174,7.624329702485823,6.5486992739946635,5.468373269138832,5.409727586029495,Fig 2.6,M21,wind_GBR_2022,7.647173931634723,-0.02284422914889994
wind,GBR,United Kingdom,2021,2203.410301410913,7.69776157612918,6.645448863841342,5.445506338822339,6.006814707669157,Fig 2.6,N21,wind_GBR_2022,7.620857026723244,0.07690454940593572
wind,GBR,United Kingdom,2022,1573.6200074383676,7.361133981431215,6.733146895042726,5.411217480302619,6.013632913023564,Fig 2.6,O21,wind_GBR_2022,7.597002240861018,-0.23586825942980294
wind,GRC,Greece,2010,3004.097116805965,8.007732341524553,5.180162236673185,4.822296444001899,5.619538317103914,Fig 2.7,C18,wind_GRC_2022,7.897791668356825,0.1099406731677286
wind,GRC,Greece,2011,1926.802072054809,7.56361695014204,5.376417249698097,4.998697446862276,5.708815243916515,Fig 2.7,D18,wind_GRC_2022,7.8572499400177644,-0.29363298987572417
wind,GRC,Greece,2012,2703.561658071505,7.902325315320453,5.56590362647905,5.137394768957262,5.649587532329162,Fig 2.7,E18,wind_GRC_2022,7.818106454748264,0.08421886057218853
wind,GRC,Greece,2014,2429.43308064844,7.795413208971207,5.830825584658366,5.389968287621304,5.580565173034719,Fig 2.7,G18,wind_GRC_2022,7.763379730095405,0.032033478875802324
wind,GRC,Greece,2015,2414.343434184785,7.789182659220571,6.002024865148459,5.479418664657636,5.457078829862897,Fig 2.7,H18,wind_GRC_2022,7.72801393426429,0.06116872495628112
wind,GRC,Greece,2016,2054.6866274333765,7.627878622568986,6.114760027948734,5.503732268414333,5.390606073342965,Fig 2.7,I18,wind_GRC_2022,7.704725467518585,-0.07684684494959892
wind,GRC,Greece,2017,2279.9391883381822,7.731904049811289,6.2059349955659755,5.541918527785211,5.479810592208201,Fig 2.7,J18,wind_GRC_2022,7.685890836435854,0.046013213375435846
wind,GRC,Greece,2018,2511.1647367498217,7.828501963038985,6.290532398624406,5.540715306018656,5.574854860972366,Fig 2.7,K18,wind_GRC_2022,7.668414977449518,0.16008698558946666
wind,GRC,Greece,2019,2192.378913089225,7.692742494939803,6.38729428375806,5.505334054872469,5.522971247577784,Fig 2.7,L18,wind_GRC_2022,7.648426218944959,0.04431627599484411
wind,GRC,Greece,2020,2202.5787219674644,7.697384099268066,6.5486992739946635,5.468373269138832,5.409727586029495,Fig 2.7,M18,wind_GRC_2022,7.6150836960413,0.0823004032267658
wind,GRC,Greece,2021,1540.4361586828409,7.339820875232406,6.645448863841342,5.445506338822339,6.006814707669157,Fig 2.7,N18,wind_GRC_2022,7.595097477457515,-0.2552766022251092
wind,GRC,Greece,2022,1963.843736777833,7.582658921990307,6.733146895042726,5.411217480302619,6.013632913023564,Fig 2.7,O18,wind_GRC_2022,7.576981100698336,0.005677821291970808
wind,HRV,Croatia,2011,2428.2141588364498,7.794911352093801,5.376417249698097,4.998697446862276,5.708815243916515,Fig 2.7,D12,wind_HRV_2022,7.823412711300935,-0.028501359207133703
wind,HRV,Croatia,2012,2020.581135988339,7.611140440103442,5.56590362647905,5.137394768957262,5.649587532329162,Fig 2.7,E12,wind_HRV_2022,7.790121534303431,-0.17898109419998853
wind,HRV,Croatia,2014,2959.7675959303,7.992866029347239,5.830825584658366,5.389968287621304,5.580565173034719,Fig 2.7,G12,wind_HRV_2022,7.743576954423325,0.2492890749239134
wind,HRV,Croatia,2015,2107.1047714082165,7.6530701379633745,6.002024865148459,5.479418664657636,5.457078829862897,Fig 2.7,H12,wind_HRV_2022,7.7134986678179,-0.060428529854525515
wind,HRV,Croatia,2016,2337.545701855688,7.756856812567729,6.114760027948734,5.503732268414333,5.390606073342965,Fig 2.7,I12,wind_HRV_2022,7.693692039381678,0.06316477318605074
wind,HRV,Croatia,2017,2337.545701855687,7.756856812567728,6.2059349955659755,5.541918527785211,5.479810592208201,Fig 2.7,J12,wind_HRV_2022,7.677673357531024,0.07918345503670388
wind,HRV,Croatia,2020,1968.6195563914648,7.585087843307845,6.5486992739946635,5.468373269138832,5.409727586029495,Fig 2.7,M12,wind_HRV_2022,7.617452530812793,-0.032364687504948364
wind,HRV,Croatia,2021,1824.5575566674672,7.509092801921791,6.645448863841342,5.445506338822339,6.006814707669157,Fig 2.7,N12,wind_HRV_2022,7.600454434301902,-0.09136163238011097
wind,IDN,Indonesia,2017,3097.299637410054,8.038285926152053,6.2059349955659755,5.541918527785211,5.479810592208201,Fig 2.7,J19,wind_IDN_2022,7.943143243477608,0.09514268267444503
wind,IDN,Indonesia,2018,2381.944059822307,7.775672265098047,6.290532398624406,5.540715306018656,5.574854860972366,Fig 2.7,K19,wind_IDN_2022,7.910133064378531,-0.13446079928048427
wind,IDN,Indonesia,2019,2658.183405648922,7.885398238265513,6.38729428375806,5.505334054872469,5.522971247577784,Fig 2.7,L19,wind_IDN_2022,7.8723762652009,0.013021973064612169
wind,IDN,Indonesia,2020,2529.284313808457,7.835691661785889,6.5486992739946635,5.468373269138832,5.409727586029495,Fig 2.7,M19,wind_IDN_2022,7.809395518244459,0.02629614354142973
wind,IND,India,2010,1607.2867942080602,7.382302815407491,5.180162236673185,4.822296444001899,5.619538317103914,Fig 2.6,C15,wind_IND_2022,7.484037954745126,-0.10173513933763534
wind,IND,India,2011,1439.2246792330563,7.271859830372191,5.376417249698097,4.998697446862276,5.708815243916515,Fig 2.6,D15,wind_IND_2022,7.432343774116938,-0.1604839437447474
wind,IND,India,2012,1727.3567208366633,7.454347612020716,5.56590362647905,5.137394768957262,5.649587532329162,Fig 2.6,E15,wind_IND_2022,7.382432473320499,0.07191513870021726
wind,IND,India,2013,1775.4884766427886,7.481830862158076,5.677698971893068,5.271086410766464,5.570291277483226,Fig 2.6,F15,wind_IND_2022,7.352985231743596,0.12884563041447983
wind,IND,India,2014,1697.2585891987796,7.436769633825177,5.830825584658366,5.389968287621304,5.580565173034719,Fig 2.6,G15,wind_IND_2022,7.312651205838907,0.1241184279862706
wind,IND,India,2015,1517.2250364441445,7.324638311421371,6.002024865148459,5.479418664657636,5.457078829862897,Fig 2.6,H15,wind_IND_2022,7.267556783063845,0.05708152835752589
wind,IND,India,2016,1395.643984213105,7.241111225162439,6.114760027948734,5.503732268414333,5.390606073342965,Fig 2.6,I15,wind_IND_2022,7.237861990665315,0.0032492344971242204
wind,IND,India,2017,1379.8823534779967,7.229753523414268,6.2059349955659755,5.541918527785211,5.479810592208201,Fig 2.6,J15,wind_IND_2022,7.213846220713101,0.015907302701166692
wind,IND,India,2018,1381.2400608612577,7.230736969483618,6.290532398624406,5.540715306018656,5.574854860972366,Fig 2.6,K15,wind_IND_2022,7.191563001716688,0.039173967766930495
wind,IND,India,2019,1255.719701089365,7.1354641541999975,6.38729428375806,5.505334054872469,5.522971247577784,Fig 2.6,L15,wind_IND_2022,7.16607562031977,-0.0306114661197725
wind,IND,India,2020,1222.0443385764129,7.108280422687392,6.5486992739946635,5.468373269138832,5.409727586029495,Fig 2.6,M15,wind_IND_2022,7.123561044049952,-0.015280621362559366
wind,IND,India,2021,1051.781225948876,6.958240411546307,6.645448863841342,5.445506338822339,6.006814707669157,Fig 2.6,N15,wind_IND_2022,7.0980769012698515,-0.13983648972354423
wind,IND,India,2022,1191.1010340630933,7.082633397044562,6.733146895042726,5.411217480302619,6.013632913023564,Fig 2.6,O15,wind_IND_2022,7.074976967180089,0.007656429864472791
wind,IRL,Ireland,2010,4238.2409612573065,8.351903594516626,5.180162236673185,4.822296444001899,5.619538317103914,Fig 2.7,C20,wind_IRL_2022,8.035482991463775,0.31642060305285113
wind,IRL,Ireland,2011,2580.440328439444,7.855715333290975,5.376417249698097,4.998697446862276,5.708815243916515,Fig 2.7,D20,wind_IRL_2022,7.992421583006205,-0.13670624971523004
wind,IRL,Ireland,2012,2580.440328439444,7.855715333290975,5.56590362647905,5.137394768957262,5.649587532329162,Fig 2.7,E20,wind_IRL_2022,7.950845318828567,-0.095129985537592
wind,IRL,Ireland,2013,2580.440328439444,7.855715333290975,5.677698971893068,5.271086410766464,5.570291277483226,Fig 2.7,F20,wind_IRL_2022,7.926315677733911,-0.07060034444293617
wind,IRL,Ireland,2014,2613.199770395157,7.868330715103112,5.830825584658366,5.389968287621304,5.580565173034719,Fig 2.7,G20,wind_IRL_2022,7.892717312441844,-0.024386597338732052
wind,IRL,Ireland,2015,2308.9361491467293,7.744542155939111,6.002024865148459,5.479418664657636,5.457078829862897,Fig 2.7,H20,wind_IRL_2022,7.855153522191603,-0.1106113662524919
wind,IRL,Ireland,2016,2181.839458688478,7.687923588383049,6.114760027948734,5.503732268414333,5.390606073342965,Fig 2.7,I20,wind_IRL_2022,7.830417670515514,-0.1424940821324654
wind,IRL,Ireland,2017,2407.8265834464555,7.786479786994201,6.2059349955659755,5.541918527785211,5.479810592208201,Fig 2.7,J20,wind_IRL_2022,7.810412461674437,-0.02393267468023552
wind,IRL,Ireland,2018,2414.507673472744,7.7892506833879604,6.290532398624406,5.540715306018656,5.574854860972366,Fig 2.7,K20,wind_IRL_2022,7.791850473007751,-0.0025997896197909043
wind,IRL,Ireland,2019,2805.127758790899,7.939204363725597,6.38729428375806,5.505334054872469,5.522971247577784,Fig 2.7,L20,wind_IRL_2022,7.770619407392445,0.1685849563331523
wind,IRL,Ireland,2020,2634.9848509409,7.876632711790397,6.5486992739946635,5.468373269138832,5.409727586029495,Fig 2.7,M20,wind_IRL_2022,7.735204637066113,0.14142807472428398
wind,IRL,Ireland,2022,2153.309866272955,7.674761410033498,6.733146895042726,5.411217480302619,6.013632913023564,Fig 2.7,O20,wind_IRL_2022,7.694733954424395,-0.019972544390896907
wind,ITA,Italy,2010,3042.576771339253,8.020460057522548,5.180162236673185,4.822296444001899,5.619538317103914,Fig 2.6,C16,wind_ITA_2022,8.18607177716578,-0.1656117196432323
wind,ITA,Italy,2011,3732.377300030415,8.22480065547191,5.376417249698097,4.998697446862276,5.708815243916515,Fig 2.6,D16,wind_ITA_2022,8.091850560154683,0.13295009531722712
wind,ITA,Italy,2012,3492.0935581917875,8.15825670875173,5.56590362647905,5.137394768957262,5.649587532329162,Fig 2.6,E16,wind_ITA_2022,8.000878937304678,0.15737777144705234
wind,ITA,Italy,2013,2409.1721620428693,7.7870384662476155,5.677698971893068,5.271086410766464,5.570291277483226,Fig 2.6,F16,wind_ITA_2022,7.94720645608379,-0.1601679898361743
wind,ITA,Italy,2014,2361.529671561993,7.767064853966952,5.830825584658366,5.389968287621304,5.580565173034719,Fig 2.6,G16,wind_ITA_2022,7.873691004992091,-0.10662615102513939
wind,ITA,Italy,2015,2527.535652399827,7.835000056591314,6.002024865148459,5.479418664657636,5.457078829862897,Fig 2.6,H16,wind_ITA_2022,7.79149894115343,0.04350111543788415
wind,ITA,Italy,2016,2129.873112690811,7.663817685422357,6.114760027948734,5.503732268414333,5.390606073342965,Fig 2.6,I16,wind_ITA_2022,7.737375257506999,-0.07355757208464198
wind,ITA,Italy,2017,3047.6230662438456,8.022117243228779,6.2059349955659755,5.541918527785211,5.479810592208201,Fig 2.6,J16,wind_ITA_2022,7.6936025340619505,0.32851470916682857
wind,ITA,Italy,2018,2093.797504944295,7.646734684244605,6.290532398624406,5.540715306018656,5.574854860972366,Fig 2.6,K16,wind_ITA_2022,7.65298767205518,-0.006252987810574595
wind,ITA,Italy,2019,1988.9232899516264,7.595348710966765,6.38729428375806,5.505334054872469,5.522971247577784,Fig 2.6,L16,wind_ITA_2022,7.60653269270429,-0.011183981737524995
wind,ITA,Italy,2020,2037.3177709416573,7.619389403540593,6.5486992739946635,5.468373269138832,5.409727586029495,Fig 2.6,M16,wind_ITA_2022,7.529042826955857,0.09034657658473577
wind,ITA,Italy,2021,1564.420272621896,7.3552706015176055,6.645448863841342,5.445506338822339,6.006814707669157,Fig 2.6,N16,wind_ITA_2022,7.4825937505212,-0.12732314900359487
wind,ITA,Italy,2022,1538.4390431300335,7.338523573002211,6.733146895042726,5.411217480302619,6.013632913023564,Fig 2.6,O16,wind_ITA_2022,7.44049028981509,-0.10196671681287839
wind,JPN,Japan,2010,3269.423400458563,8.092368918208317,5.180162236673185,4.822296444001899,5.619538317103914,Fig 2.7,C21,wind_JPN_2022,8.080245021084263,0.01212389712405404
wind,JPN,Japan,2011,2779.0098903897792,7.929849988710543,5.376417249698097,4.998697446862276,5.708815243916515,Fig 2.7,D21,wind_JPN_2022,8.08458799035315,-0.15473800164260698
wind,JPN,Japan,2012,4129.473858593708,8.325905282826014,5.56590362647905,5.137394768957262,5.649587532329162,Fig 2.7,E21,wind_JPN_2022,8.0887811750191,0.2371241078069133
wind,JPN,Japan,2013,3679.0938721614425,8.210421770452385,5.677698971893068,5.271086410766464,5.570291277483226,Fig 2.7,F21,wind_JPN_2022,8.091255118191578,0.11916665226080703
wind,JPN,Japan,2014,3476.629347013712,8.153818524948974,5.830825584658366,5.389968287621304,5.580565173034719,Fig 2.7,G21,wind_JPN_2022,8.094643689842504,0.059174835106469814
wind,JPN,Japan,2015,2766.4351850034004,7.925314833545151,6.002024865148459,5.479418664657636,5.457078829862897,Fig 2.7,H21,wind_JPN_2022,8.098432195433082,-0.1731173618879307
wind,JPN,Japan,2016,3269.842615986735,8.092497133065365,6.114760027948734,5.503732268414333,5.390606073342965,Fig 2.7,I21,wind_JPN_2022,8.100926936026038,-0.008429802960673527
wind,JPN,Japan,2017,2942.611902077537,7.987052868004371,6.2059349955659755,5.541918527785211,5.479810592208201,Fig 2.7,J21,wind_JPN_2022,8.10294456643634,-0.11589169843196956
wind,JPN,Japan,2018,3109.3264626590585,8.042161410226024,6.290532398624406,5.540715306018656,5.574854860972366,Fig 2.7,K21,wind_JPN_2022,8.104816640510004,-0.06265523028397979
wind,JPN,Japan,2019,2694.574217673985,7.898995481130045,6.38729428375806,5.505334054872469,5.522971247577784,Fig 2.7,L21,wind_JPN_2022,8.106957905016106,-0.20796242388606068
wind,JPN,Japan,2020,3752.849810309514,8.230270779764982,6.5486992739946635,5.468373269138832,5.409727586029495,Fig 2.7,M21,wind_JPN_2022,8.11052967065734,0.11974110910764146
wind,JPN,Japan,2021,3556.955248637961,8.176660190659854,6.645448863841342,5.445506338822339,6.006814707669157,Fig 2.7,N21,wind_JPN_2022,8.1126706630784,0.06398952758145349
wind,JPN,Japan,2022,3737.176810014049,8.226085741722958,6.733146895042726,5.411217480302619,6.013632913023564,Fig 2.7,O21,wind_JPN_2022,8.11461135161715,0.1114743901058084
wind,KOR,Republic of Korea,2010,2887.8821309725517,7.968278685804673,5.180162236673185,4.822296444001899,5.619538317103914,Fig 2.7,C32,wind_KOR_2022,7.95277458265576,0.015504103148913373
wind,KOR,Republic of Korea,2011,2678.6654025797284,7.893073965357592,5.376417249698097,4.998697446862276,5.708815243916515,Fig 2.7,D32,wind_KOR_2022,7.945611096091309,-0.05253713073371635
wind,KOR,Republic of Korea,2012,2881.842191778824,7.966185018564379,5.56590362647905,5.137394768957262,5.649587532329162,Fig 2.7,E32,wind_KOR_2022,7.9386946709091175,0.02749034765526126
wind,KOR,Republic of Korea,2015,2866.191290118574,7.960739350793932,6.002024865148459,5.479418664657636,5.457078829862897,Fig 2.7,H32,wind_KOR_2022,7.922775848834068,0.03796350195986431
wind,KOR,Republic of Korea,2016,2782.6874761523745,7.931172457754149,6.114760027948734,5.503732268414333,5.390606073342965,Fig 2.7,I32,wind_KOR_2022,7.918660912804595,0.012511544949554754
wind,KOR,Republic of Korea,2017,2724.3724308195046,7.909993379957389,6.2059349955659755,5.541918527785211,5.479810592208201,Fig 2.7,J32,wind_KOR_2022,7.915332943518748,-0.005339563561358673
wind,KOR,Republic of Korea,2018,2687.7918823873456,7.8964752739385045,6.290532398624406,5.540715306018656,5.574854860972366,Fig 2.7,K32,wind_KOR_2022,7.91224506132478,-0.01576978738627588
wind,KOR,Republic of Korea,2019,2629.416450157404,7.874517218482914,6.38729428375806,5.505334054872469,5.522971247577784,Fig 2.7,L32,wind_KOR_2022,7.908713164465576,-0.03419594598266151
wind,KOR,Republic of Korea,2021,2733.811884161581,7.913452208830906,6.645448863841342,5.445506338822339,6.006814707669157,Fig 2.7,N32,wind_KOR_2022,7.899290287375841,0.014161921455064785
wind,KOR,Republic of Korea,2022,2687.3214631918813,7.8963002379285,6.733146895042726,5.411217480302619,6.013632913023564,Fig 2.7,O32,wind_KOR_2022,7.896089229433131,0.0002110084953690361
wind,MAR,Morocco,2011,2468.0406830333195,7.811179869100647,5.376417249698097,4.998697446862276,5.708815243916515,Fig 2.7,D23,wind_MAR_2022,7.935528123166133,-0.12434825406548633
wind,MAR,Morocco,2012,2893.797635819946,7.9703249793214965,5.56590362647905,5.137394768957262,5.649587532329162,Fig 2.7,E23,wind_MAR_2022,7.8495101921711115,0.12081478715038507
wind,MAR,Morocco,2013,2389.425398268113,7.778808196885563,5.677698971893068,5.271086410766464,5.570291277483226,Fig 2.7,F23,wind_MAR_2022,7.798760346874823,-0.019952149989260093
wind,MAR,Morocco,2014,2510.7245011094856,7.828326636335981,5.830825584658366,5.389968287621304,5.580565173034719,Fig 2.7,G23,wind_MAR_2022,7.729248044016378,0.0990785923196027
wind,MAR,Morocco,2016,1753.004591585226,7.469086504190608,6.114760027948734,5.503732268414333,5.390606073342965,Fig 2.7,I23,wind_MAR_2022,7.600355119021066,-0.13126861483045804
wind,MAR,Morocco,2017,1744.0910783356032,7.463988826921595,6.2059349955659755,5.541918527785211,5.479810592208201,Fig 2.7,J23,wind_MAR_2022,7.558965958458672,-0.09497713153707732
wind,MAR,Morocco,2018,2485.014729965892,7.818033866064828,6.290532398624406,5.540715306018656,5.574854860972366,Fig 2.7,K23,wind_MAR_2022,7.5205627038170455,0.29747116224778214
wind,MAR,Morocco,2020,1581.6979014412022,7.366254170194334,6.5486992739946635,5.468373269138832,5.409727586029495,Fig 2.7,M23,wind_MAR_2022,7.403367046545755,-0.03711287635142124
wind,MAR,Morocco,2021,1063.3299688864265,6.969160743049123,6.645448863841342,5.445506338822339,6.006814707669157,Fig 2.7,N23,wind_MAR_2022,7.359447268857205,-0.3902865258080821
wind,MAR,Morocco,2022,1998.630520549542,7.600217485275535,6.733146895042726,5.411217480302619,6.013632913023564,Fig 2.7,O23,wind_MAR_2022,7.319636474411542,0.280581010863993
wind,MEX,Mexico,2010,3341.0880308776045,8.114051790670997,5.180162236673185,4.822296444001899,5.619538317103914,Fig 2.7,C22,wind_MEX_2022,8.169016605492406,-0.05496481482140858
wind,MEX,Mexico,2011,3049.896202763099,8.022862837141409,5.376417249698097,4.998697446862276,5.708815243916515,Fig 2.7,D22,wind_MEX_2022,8.075916696067118,-0.05305385892570946
wind,MEX,Mexico,2012,2645.815352357348,7.8807345585503175,5.56590362647905,5.137394768957262,5.649587532329162,Fig 2.7,E22,wind_MEX_2022,7.986027708042171,-0.1052931494918532
wind,MEX,Mexico,2013,2964.005064940783,7.994296695233945,5.677698971893068,5.271086410766464,5.570291277483226,Fig 2.7,F22,wind_MEX_2022,7.932993972129944,0.06130272310400109
wind,MEX,Mexico,2014,3016.5842014860027,8.011880411128235,5.830825584658366,5.389968287621304,5.580565173034719,Fig 2.7,G22,wind_MEX_2022,7.860353413505129,0.1515269976231064
wind,MEX,Mexico,2015,2583.2227154219413,7.85679301292582,6.002024865148459,5.479418664657636,5.457078829862897,Fig 2.7,H22,wind_MEX_2022,7.779139500741134,0.07765351218468641
wind,MEX,Mexico,2016,2419.2764969037926,7.791223806229251,6.114760027948734,5.503732268414333,5.390606073342965,Fig 2.7,I22,wind_MEX_2022,7.725659932071883,0.06556387415736786
wind,MEX,Mexico,2017,2322.045285768722,7.750203664982697,6.2059349955659755,5.541918527785211,5.479810592208201,Fig 2.7,J22,wind_MEX_2022,7.682408138926904,0.06779552605579298
wind,MEX,Mexico,2018,1799.024840899802,7.495000042026297,6.290532398624406,5.540715306018656,5.574854860972366,Fig 2.7,K22,wind_MEX_2022,7.642276626151968,-0.14727658412567113
wind,MEX,Mexico,2019,2106.486838393085,7.652776833307022,6.38729428375806,5.505334054872469,5.522971247577784,Fig 2.7,L22,wind_MEX_2022,7.596374498084444,0.05640233522257798
wind,MEX,Mexico,2020,1805.008890626959,7.498320796309953,6.5486992739946635,5.468373269138832,5.409727586029495,Fig 2.7,M22,wind_MEX_2022,7.519806823505301,-0.021486027195348534
wind,MEX,Mexico,2021,1671.399215696986,7.421416408318085,6.645448863841342,5.445506338822339,6.006814707669157,Fig 2.7,N22,wind_MEX_2022,7.473910528104602,-0.05249411978651697
wind,MEX,Mexico,2022,1614.2596639523192,7.38663171814024,6.733146895042726,5.411217480302619,6.013632913023564,Fig 2.7,O22,wind_MEX_2022,7.432308132141405,-0.04567641400116518
wind,NLD,Netherlands,2010,2158.92562733493,7.677365982184059,5.180162236673185,4.822296444001899,5.619538317103914,Fig 2.7,C24,wind_NLD_2022,7.802518743780674,-0.12515276159661415
wind,NLD,Netherlands,2012,2634.4007784464197,7.876411026554982,5.56590362647905,5.137394768957262,5.649587532329162,Fig 2.7,E24,wind_NLD_2022,7.804999900712177,0.07141112584280496
wind,NLD,Netherlands,2013,2047.711158514466,7.624477940331295,5.677698971893068,5.271086410766464,5.570291277483226,Fig 2.7,F24,wind_NLD_2022,7.805718988172103,-0.18124104784080775
wind,NLD,Netherlands,2014,2464.6422557303017,7.809801946423307,5.830825584658366,5.389968287621304,5.580565173034719,Fig 2.7,G24,wind_NLD_2022,7.806703925663129,0.0030980207601780663
wind,NLD,Netherlands,2015,3128.7477408195973,8.04838812067448,6.002024865148459,5.479418664657636,5.457078829862897,Fig 2.7,H24,wind_NLD_2022,7.807805109753511,0.24058301092096812
wind,NLD,Netherlands,2016,2206.684379051889,7.699246386991405,6.114760027948734,5.503732268414333,5.390606073342965,Fig 2.7,I24,wind_NLD_2022,7.808530242285301,-0.10928385529389661
wind,NLD,Netherlands,2017,3123.1643487174047,8.046601981168159,6.2059349955659755,5.541918527785211,5.479810592208201,Fig 2.7,J24,wind_NLD_2022,7.809116695823504,0.23748528534465496
wind,NLD,Netherlands,2018,2832.847309479256,7.949037601265151,6.290532398624406,5.540715306018656,5.574854860972366,Fig 2.7,K24,wind_NLD_2022,7.809660841301622,0.13937675996352894
wind,NLD,Netherlands,2019,2525.561275193945,7.834218604212842,6.38729428375806,5.505334054872469,5.522971247577784,Fig 2.7,L24,wind_NLD_2022,7.810283230882697,0.023935373330145282
wind,NLD,Netherlands,2020,2425.633757502371,7.793848112527319,6.5486992739946635,5.468373269138832,5.409727586029495,Fig 2.7,M24,wind_NLD_2022,7.811321416363665,-0.017473303836346155
wind,NLD,Netherlands,2021,2448.47367719408,7.803220120500177,6.645448863841342,5.445506338822339,6.006814707669157,Fig 2.7,N24,wind_NLD_2022,7.811943726859277,-0.008723606359099634
wind,NLD,Netherlands,2022,1878.9958952870404,7.538492814891144,6.733146895042726,5.411217480302619,6.013632913023564,Fig 2.7,O24,wind_NLD_2022,7.81250781612671,-0.27401500123556666
wind,NOR,Norway,2012,2640.6881311396087,7.878794817910258,5.56590362647905,5.137394768957262,5.649587532329162,Fig 2.7,E26,wind_NOR_2022,7.894138673186684,-0.015343855276426233
wind,NOR,Norway,2013,2509.3957579474786,7.827797269259309,5.677698971893068,5.271086410766464,5.570291277483226,Fig 2.7,F26,wind_NOR_2022,7.849855388034994,-0.022058118775684754
wind,NOR,Norway,2015,2047.0572518825315,7.624158553947521,6.002024865148459,5.479418664657636,5.457078829862897,Fig 2.7,H26,wind_NOR_2022,7.721386568873366,-0.09722801492584487
wind,NOR,Norway,2016,2198.6991750939587,7.695621180420855,6.114760027948734,5.503732268414333,5.390606073342965,Fig 2.7,I26,wind_NOR_2022,7.676731012397212,0.01889016802364285
wind,NOR,Norway,2017,2272.3747551959104,7.728580711307722,6.2059349955659755,5.541918527785211,5.479810592208201,Fig 2.7,J26,wind_NOR_2022,7.640615670790297,0.08796504051742549
wind,NOR,Norway,2018,2302.9466061248804,7.741944715064244,6.290532398624406,5.540715306018656,5.574854860972366,Fig 2.7,K26,wind_NOR_2022,7.607105770097604,0.13483894496664028
wind,NOR,Norway,2019,2117.2171994664586,7.657857863636108,6.38729428375806,5.505334054872469,5.522971247577784,Fig 2.7,L26,wind_NOR_2022,7.568777393050061,0.08908047058604751
wind,NOR,Norway,2020,1491.7999285427406,7.307738675621035,6.5486992739946635,5.468373269138832,5.409727586029495,Fig 2.7,M26,wind_NOR_2022,7.504843217784684,-0.1971045421636486
wind,NOR,Norway,2021,1750.1899748354551,7.467479618074501,6.645448863841342,5.445506338822339,6.006814707669157,Fig 2.7,N26,wind_NOR_2022,7.4665197110266615,0.0009599070478394367
wind,NZL,New Zealand,2011,2300.4809656889506,7.740873495572574,5.376417249698097,4.998697446862276,5.708815243916515,Fig 2.7,D25,wind_NZL_2022,8.056201561761064,-0.3153280661884903
wind,NZL,New Zealand,2014,3476.1093814487704,8.153668953510662,5.830825584658366,5.389968287621304,5.580565173034719,Fig 2.7,G25,wind_NZL_2022,7.836289592796762,0.3173793607139004
wind,NZL,New Zealand,2015,2958.7542129979165,7.992523584738601,6.002024865148459,5.479418664657636,5.457078829862897,Fig 2.7,H25,wind_NZL_2022,7.7534373034320865,0.23908628130651444
wind,NZL,New Zealand,2020,1575.923354808352,7.362596636499397,6.5486992739946635,5.468373269138832,5.409727586029495,Fig 2.7,M25,wind_NZL_2022,7.488872953743657,-0.12627631724426003
wind,NZL,New Zealand,2021,1521.100715149986,7.327189506470756,6.645448863841342,5.445506338822339,6.006814707669157,Fig 2.7,N25,wind_NZL_2022,7.442050765058381,-0.11486125858762541
wind,PAK,Pakistan,2012,3241.6244028628657,8.08382984205628,5.56590362647905,5.137394768957262,5.649587532329162,Fig 2.7,E27,wind_PAK_2022,8.1244698174371,-0.040639975380820204
wind,PAK,Pakistan,2014,1895.6171040113568,7.54729971305935,5.830825584658366,5.389968287621304,5.580565173034719,Fig 2.7,G27,wind_PAK_2022,7.989867635592813,-0.44256792253346333
wind,PAK,Pakistan,2015,3166.699429283991,8.060445134956684,6.002024865148459,5.479418664657636,5.457078829862897,Fig 2.7,H27,wind_PAK_2022,7.902884295885874,0.15756083907080942
wind,PAK,Pakistan,2016,3263.7983952221907,8.090646948006718,6.114760027948734,5.503732268414333,5.390606073342965,Fig 2.7,I27,wind_PAK_2022,7.84560554486133,0.2450414031453878
wind,PAK,Pakistan,2017,3162.649974918301,8.059165554810413,6.2059349955659755,5.541918527785211,5.479810592208201,Fig 2.7,J27,wind_PAK_2022,7.799281149348006,0.2598844054624072
wind,PAK,Pakistan,2018,2531.621455317668,7.836615267868266,6.290532398624406,5.540715306018656,5.574854860972366,Fig 2.7,K27,wind_PAK_2022,7.756298698560299,0.08031656930796771
wind,PAK,Pakistan,2021,2124.5679794539774,7.661323756903138,6.645448863841342,5.445506338822339,6.006814707669157,Fig 2.7,N27,wind_PAK_2022,7.575971892436035,0.08535186446710252
wind,PAK,Pakistan,2022,1321.4261956321814,7.186466883549571,6.733146895042726,5.411217480302619,6.013632913023564,Fig 2.7,O27,wind_PAK_2022,7.531414067088976,-0.34494718353940534
wind,PAN,Panama,2013,2253.829657825554,7.720386118463329,5.677698971893068,5.271086410766464,5.570291277483226,Fig 2.7,F28,wind_PAN_2022,7.6712925781811006,0.04909354028222879
wind,PAN,Panama,2014,2061.5612188681102,7.63121884797967,5.830825584658366,5.389968287621304,5.580565173034719,Fig 2.7,G28,wind_PAN_2022,7.72263644810128,-0.09141760012161004
wind,PAN,Panama,2015,2489.7916665030607,7.819954317887325,6.002024865148459,5.479418664657636,5.457078829862897,Fig 2.7,H28,wind_PAN_2022,7.780040144488037,0.039914173399288266
wind,PAN,Panama,2016,2490.5292358474976,7.820250511391435,6.114760027948734,5.503732268414333,5.390606073342965,Fig 2.7,I28,wind_PAN_2022,7.817840624951348,0.0024098864400867726
wind,PER,Peru,2013,2116.6136192751574,7.657572741144809,5.677698971893068,5.271086410766464,5.570291277483226,Fig 2.7,F29,wind_PER_2022,7.980946990953171,-0.3233742498083627
wind,PER,Peru,2014,3380.6094476317653,8.125811282173405,5.830825584658366,5.389968287621304,5.580565173034719,Fig 2.7,G29,wind_PER_2022,7.864264338454132,0.26154694371927345
wind,PER,Peru,2015,2992.7798819582235,8.003957960864264,6.002024865148459,5.479418664657636,5.457078829862897,Fig 2.7,H29,wind_PER_2022,7.733810292663091,0.2701476682011732
wind,PER,Peru,2018,1488.6826241894985,7.305646863013658,6.290532398624406,5.540715306018656,5.574854860972366,Fig 2.7,K29,wind_PER_2022,7.513967225125729,-0.2083203621120706
wind,PHL,Philippines,2013,3771.9913182610826,8.235358342123202,5.677698971893068,5.271086410766464,5.570291277483226,Fig 2.7,F30,wind_PHL_2022,8.274964932517765,-0.0396065903945626
wind,PHL,Philippines,2014,3390.6375924533586,8.128773263059323,5.830825584658366,5.389968287621304,5.580565173034719,Fig 2.7,G30,wind_PHL_2022,8.191815012659479,-0.0630417496001563
wind,PHL,Philippines,2015,3362.819424030517,8.120535015392466,6.002024865148459,5.479418664657636,5.457078829862897,Fig 2.7,H30,wind_PHL_2022,8.098851378216875,0.02168363717559174
wind,PHL,Philippines,2016,3343.766114978089,8.114853030065403,6.114760027948734,5.503732268414333,5.390606073342965,Fig 2.7,I30,wind_PHL_2022,8.037634587857767,0.07721844220763607
wind,PHL,Philippines,2017,3549.004168941876,8.174422327326527,6.2059349955659755,5.541918527785211,5.479810592208201,Fig 2.7,J30,wind_PHL_2022,7.9881252888956364,0.18629703843089018
wind,PHL,Philippines,2019,2224.069374666822,7.707093848529115,6.38729428375806,5.505334054872469,5.522971247577784,Fig 2.7,L30,wind_PHL_2022,7.889644626348485,-0.1825507778193698
wind,POL,Poland,2010,3129.841562382764,8.048737663205971,5.180162236673185,4.822296444001899,5.619538317103914,Fig 2.6,C17,wind_POL_2022,8.034860019081512,0.013877644124459465
wind,POL,Poland,2011,2691.817910915693,7.897972047658039,5.376417249698097,4.998697446862276,5.708815243916515,Fig 2.6,D17,wind_POL_2022,7.960298840767491,-0.06232679310945244
wind,POL,Poland,2012,2684.699599991936,7.895324119861469,5.56590362647905,5.137394768957262,5.649587532329162,Fig 2.6,E17,wind_POL_2022,7.888309201830479,0.007014918030989747
wind,POL,Poland,2013,2759.507417153754,7.922807470737424,5.677698971893068,5.271086410766464,5.570291277483226,Fig 2.6,F17,wind_POL_2022,7.8458359291450375,0.0769715415923864
wind,POL,Poland,2014,2486.027904399791,7.818441496625437,5.830825584658366,5.389968287621304,5.580565173034719,Fig 2.6,G17,wind_POL_2022,7.787660086892458,0.030781409732978382
wind,POL,Poland,2015,2310.548393337525,7.7452401750542,6.002024865148459,5.479418664657636,5.457078829862897,Fig 2.6,H17,wind_POL_2022,7.72261807913374,0.02262209592046016
wind,POL,Poland,2016,2298.156521000269,7.739862567925692,6.114760027948734,5.503732268414333,5.390606073342965,Fig 2.6,I17,wind_POL_2022,7.679787751152542,0.06007481677314974
wind,POL,Poland,2017,1712.2026322546378,7.445535909659521,6.2059349955659755,5.541918527785211,5.479810592208201,Fig 2.6,J17,wind_POL_2022,7.64514856964322,-0.19961265998369981
wind,POL,Poland,2020,1739.900995381421,7.461583491383673,6.5486992739946635,5.468373269138832,5.409727586029495,Fig 2.6,M17,wind_POL_2022,7.514925610801637,-0.053342119417963296
wind,POL,Poland,2021,1920.241670095832,7.560206326942462,6.645448863841342,5.445506338822339,6.006814707669157,Fig 2.6,N17,wind_POL_2022,7.478168519560096,0.08203780738236599
wind,POL,Poland,2022,1748.9163284507442,7.466751634223446,6.733146895042726,5.411217480302619,6.013632913023564,Fig 2.6,O17,wind_POL_2022,7.444850295269108,0.0219013389543381
wind,PRT,Portugal,2010,2452.067550343923,7.804686845756536,5.180162236673185,4.822296444001899,5.619538317103914,Fig 2.7,C31,wind_PRT_2022,7.935710881990302,-0.13102403623376624
wind,PRT,Portugal,2011,2878.573792100409,7.965050239396244,5.376417249698097,4.998697446862276,5.708815243916515,Fig 2.7,D31,wind_PRT_2022,7.889109201178304,0.07594103821794018
wind,PRT,Portugal,2012,2955.055765799086,7.991272801336948,5.56590362647905,5.137394768957262,5.649587532329162,Fig 2.7,E31,wind_PRT_2022,7.84411476504715,0.14715803628979796
wind,PRT,Portugal,2013,2399.0229412796475,7.782816825645011,5.677698971893068,5.271086410766464,5.570291277483226,Fig 2.7,F31,wind_PRT_2022,7.817568431667173,-0.03475160602216132
wind,PRT,Portugal,2014,2338.895201866512,7.757433960905991,5.830825584658366,5.389968287621304,5.580565173034719,Fig 2.7,G31,wind_PRT_2022,7.781207793424494,-0.02377383251850329
wind,PRT,Portugal,2015,2376.619318025648,7.773434302252432,6.002024865148459,5.479418664657636,5.457078829862897,Fig 2.7,H31,wind_PRT_2022,7.740555714776034,0.03287858747639749
wind,PRT,Portugal,2016,2133.153386935084,7.6653566272478235,6.114760027948734,5.503732268414333,5.390606073342965,Fig 2.7,I31,wind_PRT_2022,7.713786217313872,-0.04842959006604808
wind,PRT,Portugal,2017,2208.8422670854943,7.700223796201373,6.2059349955659755,5.541918527785211,5.479810592208201,Fig 2.7,J31,wind_PRT_2022,7.6921362901428205,0.00808750605855213
wind,PRT,Portugal,2018,2092.180564944923,7.645962133575301,6.290532398624406,5.540715306018656,5.574854860972366,Fig 2.7,K31,wind_PRT_2022,7.672048236777516,-0.02608610320221505
wind,RUS,Russian Federation,2015,2814.9962833852,7.94271622028347,6.002024865148459,5.479418664657636,5.457078829862897,Fig 2.7,H33,wind_RUS_2022,7.9466432096252575,-0.003926989341787923
wind,RUS,Russian Federation,2018,2386.0380364288594,7.777389544034929,6.290532398624406,5.540715306018656,5.574854860972366,Fig 2.7,K33,wind_RUS_2022,7.708214902630491,0.0691746414044383
wind,RUS,Russian Federation,2019,1833.6807740940271,7.5140805777393025,6.38729428375806,5.505334054872469,5.522971247577784,Fig 2.7,L33,wind_RUS_2022,7.628248975307617,-0.11416839756831454
wind,RUS,Russian Federation,2020,1913.0445038919024,7.556451233096418,6.5486992739946635,5.468373269138832,5.409727586029495,Fig 2.7,M33,wind_RUS_2022,7.494860712966702,0.061590520129716
wind,RUS,Russian Federation,2021,1667.735994972729,7.419222293996415,6.645448863841342,5.445506338822339,6.006814707669157,Fig 2.7,N33,wind_RUS_2022,7.414904946711105,0.004317347285310191
wind,RUS,Russian Federation,2022,1518.4455784960508,7.325442444855129,6.733146895042726,5.411217480302619,6.013632913023564,Fig 2.7,O33,wind_RUS_2022,7.342429566764524,-0.016987121909394887
wind,SWE,Sweden,2010,2773.2755858141877,7.927784422507586,5.180162236673185,4.822296444001899,5.619538317103914,Fig 2.6,C19,wind_SWE_2022,8.033815016325075,-0.10603059381748903
wind,SWE,Sweden,2011,2551.407722896317,7.844400534024558,5.376417249698097,4.998697446862276,5.708815243916515,Fig 2.6,D19,wind_SWE_2022,7.935731023307685,-0.09133048928312704
wind,SWE,Sweden,2012,2775.2464224535406,7.928494823122128,5.56590362647905,5.137394768957262,5.649587532329162,Fig 2.6,E19,wind_SWE_2022,7.841029847675987,0.0874649754461414
wind,SWE,Sweden,2013,2391.9924352197118,7.779881952531956,5.677698971893068,5.271086410766464,5.570291277483226,Fig 2.6,F19,wind_SWE_2022,7.785156962138162,-0.0052750096062057494
wind,SWE,Sweden,2014,2555.2754298676878,7.84591529716737,5.830825584658366,5.389968287621304,5.580565173034719,Fig 2.6,G19,wind_SWE_2022,7.708627606858245,0.13728769030912424
wind,SWE,Sweden,2015,2284.897140482114,7.734076287208799,6.002024865148459,5.479418664657636,5.457078829862897,Fig 2.6,H19,wind_SWE_2022,7.623065924772494,0.11101036243630524
wind,SWE,Sweden,2016,2101.631309145028,7.650469136026361,6.114760027948734,5.503732268414333,5.390606073342965,Fig 2.6,I19,wind_SWE_2022,7.566723338917054,0.08374579710930696
wind,SWE,Sweden,2017,1903.388408996142,7.55139094998859,6.2059349955659755,5.541918527785211,5.479810592208201,Fig 2.6,J19,wind_SWE_2022,7.521156070344939,0.03023487964365046
wind,SWE,Sweden,2018,1520.082158545755,7.3265196640544215,6.290532398624406,5.540715306018656,5.574854860972366,Fig 2.6,K19,wind_SWE_2022,7.478876125680192,-0.15235646162577066
wind,SWE,Sweden,2019,1595.3412580470892,7.374842947222319,6.38729428375806,5.505334054872469,5.522971247577784,Fig 2.6,L19,wind_SWE_2022,7.430516637076484,-0.05567368985416454
wind,SWE,Sweden,2020,1598.381322702813,7.376746722830282,6.5486992739946635,5.468373269138832,5.409727586029495,Fig 2.6,M19,wind_SWE_2022,7.349849928535749,0.026896794294533066
wind,SWE,Sweden,2021,1499.7076816824365,7.3130254892205695,6.645448863841342,5.445506338822339,6.006814707669157,Fig 2.6,N19,wind_SWE_2022,7.301496584849428,0.011528904371141735
wind,SWE,Sweden,2022,1313.1234013488263,7.180163854158315,6.733146895042726,5.411217480302619,6.013632913023564,Fig 2.6,O19,wind_SWE_2022,7.257667013581846,-0.07750315942353136
wind,TUR,Turkey,2010,2878.3500629421737,7.96497251415131,5.180162236673185,4.822296444001899,5.619538317103914,Fig 2.6,C20,wind_TUR_2022,7.946475514910368,0.01849699924094228
wind,TUR,Turkey,2011,2664.820862539856,7.887892115781523,5.376417249698097,4.998697446862276,5.708815243916515,Fig 2.6,D20,wind_TUR_2022,7.881082087127899,0.006810028653624123
wind,TUR,Turkey,2012,2109.273740267664,7.654098968294788,5.56590362647905,5.137394768957262,5.649587532329162,Fig 2.6,E20,wind_TUR_2022,7.817944012309835,-0.16384504401504696
wind,TUR,Turkey,2013,2326.015974915389,7.751912201032407,5.677698971893068,5.271086410766464,5.570291277483226,Fig 2.6,F20,wind_TUR_2022,7.7806930869242,-0.028780885891793062
wind,TUR,Turkey,2014,2246.1887394604487,7.71699016536547,5.830825584658366,5.389968287621304,5.580565173034719,Fig 2.6,G20,wind_TUR_2022,7.729670318439958,-0.012680153074488665
wind,TUR,Turkey,2015,2313.6027895208003,7.746561237669459,6.002024865148459,5.479418664657636,5.457078829862897,Fig 2.6,H20,wind_TUR_2022,7.672625621274855,0.07393561639460433
wind,TUR,Turkey,2016,2332.5867473688395,7.754733122756131,6.114760027948734,5.503732268414333,5.390606073342965,Fig 2.6,I20,wind_TUR_2022,7.635061542714533,0.11967158004159817
wind,TUR,Turkey,2017,2105.3982588589097,7.652259924828619,6.2059349955659755,5.541918527785211,5.479810592208201,Fig 2.6,J20,wind_TUR_2022,7.6046814593294005,0.0475784654992184
wind,TUR,Turkey,2018,2232.7157620349126,7.710973954009029,6.290532398624406,5.540715306018656,5.574854860972366,Fig 2.6,K20,wind_TUR_2022,7.576493062598949,0.1344808914100799
wind,TUR,Turkey,2019,2003.9863465520727,7.602893649083778,6.38729428375806,5.505334054872469,5.522971247577784,Fig 2.6,L20,wind_TUR_2022,7.544251382500923,0.05864226658285432
wind,TUR,Turkey,2020,1585.462353574938,7.368631349499051,6.5486992739946635,5.468373269138832,5.409727586029495,Fig 2.6,M20,wind_TUR_2022,7.490470205602131,-0.12183885610308032
wind,TUR,Turkey,2021,1455.22879287732,7.282918413207536,6.645448863841342,5.445506338822339,6.006814707669157,Fig 2.6,N20,wind_TUR_2022,7.4582326223725035,-0.17531420916496732
wind,TUR,Turkey,2022,1757.8634063507664,7.471854376904931,6.733146895042726,5.411217480302619,6.013632913023564,Fig 2.6,O20,wind_TUR_2022,7.429011076478517,0.04284330042641393
wind,UKR,Ukraine,2011,1425.7545959453614,7.262456493559674,5.376417249698097,4.998697446862276,5.708815243916515,Fig 2.7,D35,wind_UKR_2022,7.809068158420589,-0.5466116648609152
wind,UKR,Ukraine,2012,2967.379505215364,7.995434520845731,5.56590362647905,5.137394768957262,5.649587532329162,Fig 2.7,E35,wind_UKR_2022,7.769566136856913,0.2258683839888187
wind,UKR,Ukraine,2013,3058.168349967395,8.025571437284801,5.677698971893068,5.271086410766464,5.570291277483226,Fig 2.7,F35,wind_UKR_2022,7.746260281204987,0.2793111560798147
wind,UKR,Ukraine,2014,2452.067550343923,7.804686845756536,5.830825584658366,5.389968287621304,5.580565173034719,Fig 2.7,G35,wind_UKR_2022,7.714338140615323,0.09034870514121351
wind,UKR,Ukraine,2017,2371.7725874365387,7.771392881759434,6.2059349955659755,5.541918527785211,5.479810592208201,Fig 2.7,J35,wind_UKR_2022,7.63613948438401,0.13525339737542375
wind,UKR,Ukraine,2019,2484.656561203385,7.817889724232444,6.38729428375806,5.505334054872469,5.522971247577784,Fig 2.7,L35,wind_UKR_2022,7.598331708254444,0.2195580159779995
wind,UKR,Ukraine,2020,1735.915112693397,7.45928999580665,6.5486992739946635,5.468373269138832,5.409727586029495,Fig 2.7,M35,wind_UKR_2022,7.564683783199748,-0.10539378739309857
wind,UKR,Ukraine,2021,1402.736560484722,7.2461802937509106,6.645448863841342,5.445506338822339,6.006814707669157,Fig 2.7,N35,wind_UKR_2022,7.544514500060104,-0.2983342063091934
wind,URY,Uruguay,2011,4094.324073805032,8.317356921321174,5.376417249698097,4.998697446862276,5.708815243916515,Fig 2.7,D36,wind_URY_2022,8.263406472070908,0.05395044925026582
wind,URY,Uruguay,2012,3932.824491839634,8.277113146935632,5.56590362647905,5.137394768957262,5.649587532329162,Fig 2.7,E36,wind_URY_2022,8.156815981662373,0.12029716527325895
wind,URY,Uruguay,2013,2791.036728437179,7.934168393047435,5.677698971893068,5.271086410766464,5.570291277483226,Fig 2.7,F36,wind_URY_2022,8.093928501857704,-0.1597601088102687
wind,URY,Uruguay,2014,2862.3021810572545,7.959381538420258,5.830825584658366,5.389968287621304,5.580565173034719,Fig 2.7,G36,wind_URY_2022,8.007791223671635,-0.0484096852513769
wind,URY,Uruguay,2015,2483.301025825896,7.81734401288633,6.002024865148459,5.479418664657636,5.457078829862897,Fig 2.7,H36,wind_URY_2022,7.911487649900088,-0.09414363701375805
wind,URY,Uruguay,2017,2765.1475594702765,7.924849279429499,6.2059349955659755,5.541918527785211,5.479810592208201,Fig 2.7,J36,wind_URY_2022,7.796783462877728,0.1280658165517714
wind,USA,United States,2010,2849.9272631611007,7.955048751239152,5.180162236673185,4.822296444001899,5.619538317103914,Fig 2.6,C22,wind_USA_2022,8.030499586202296,-0.07545083496314398
wind,USA,United States,2011,2822.2310585314794,7.945283006641228,5.376417249698097,4.998697446862276,5.708815243916515,Fig 2.6,D22,wind_USA_2022,7.94095492312445,0.004328083516777603
wind,USA,United States,2012,2583.03557060981,7.856720564046243,5.56590362647905,5.137394768957262,5.649587532329162,Fig 2.6,E22,wind_USA_2022,7.854498564608205,0.0022219994380376917
wind,USA,United States,2013,2390.00327947562,7.779050017090146,5.677698971893068,5.271086410766464,5.570291277483226,Fig 2.6,F22,wind_USA_2022,7.803490050815496,-0.024440033725349863
wind,USA,United States,2014,2267.462988264707,7.726416859150323,5.830825584658366,5.389968287621304,5.580565173034719,Fig 2.6,G22,wind_USA_2022,7.733623448495483,-0.007206589345160275
wind,USA,United States,2015,2168.6170033307826,7.681844917702161,6.002024865148459,5.479418664657636,5.457078829862897,Fig 2.6,H22,wind_USA_2022,7.655510886404093,0.02633403129806844
wind,USA,United States,2016,2216.7739436486186,7.703808239441715,6.114760027948734,5.503732268414333,5.390606073342965,Fig 2.6,I22,wind_USA_2022,7.60407356506191,0.0997346743798051
wind,USA,United States,2017,2007.2700635353704,7.604530900548713,6.2059349955659755,5.541918527785211,5.479810592208201,Fig 2.6,J22,wind_USA_2022,7.562473446774063,0.04205745377465053
wind,USA,United States,2018,1957.1404259671533,7.579239720553567,6.290532398624406,5.540715306018656,5.574854860972366,Fig 2.6,K22,wind_USA_2022,7.523874453365592,0.055365267187974965
wind,USA,United States,2019,1849.7707511846468,7.522816992115297,6.38729428375806,5.505334054872469,5.522971247577784,Fig 2.6,L22,wind_USA_2022,7.479725209636616,0.043091782478681395
wind,USA,United States,2020,1635.2645679290024,7.399559885487775,6.5486992739946635,5.468373269138832,5.409727586029495,Fig 2.6,M22,wind_USA_2022,7.406081457830974,-0.006521572343199722
wind,USA,United States,2021,1569.4893134730623,7.358505567385341,6.645448863841342,5.445506338822339,6.006814707669157,Fig 2.6,N22,wind_USA_2022,7.361937824034263,-0.0034322566489226602
wind,USA,United States,2022,1294.4512143826532,7.165842111639134,6.733146895042726,5.411217480302619,6.013632913023564,Fig 2.6,O22,wind_USA_2022,7.3219241166874784,-0.15608200504834446
wind,VNM,Viet Nam,2011,2514.470368329089,7.829817471223271,5.376417249698097,4.998697446862276,5.708815243916515,Fig 2.7,D37,wind_VNM_2022,8.045152571026275,-0.2153350998030037
wind,VNM,Viet Nam,2012,3303.9005827670435,8.102859044226609,5.56590362647905,5.137394768957262,5.649587532329162,Fig 2.7,E37,wind_VNM_2022,7.990893757223832,0.11196528700277675
wind,VNM,Viet Nam,2013,3105.579333611682,8.04095555783686,5.677698971893068,5.271086410766464,5.570291277483226,Fig 2.7,F37,wind_VNM_2022,7.958881520070702,0.08207403776615774
wind,VNM,Viet Nam,2015,2492.3066075803363,7.820963909088677,6.002024865148459,5.479418664657636,5.457078829862897,Fig 2.7,H37,wind_VNM_2022,7.866011844939396,-0.04504793585071898
wind,VNM,Viet Nam,2016,2517.6067791235214,7.831064038439423,6.114760027948734,5.503732268414333,5.390606073342965,Fig 2.7,I37,wind_VNM_2022,7.8337304941041355,-0.002666455664712686
wind,VNM,Viet Nam,2017,2639.35311282004,7.878289133092154,6.2059349955659755,5.541918527785211,5.479810592208201,Fig 2.7,J37,wind_VNM_2022,7.8076228357308555,0.07066629736129837
wind,VNM,Viet Nam,2019,2721.919402670625,7.909092573173709,6.38729428375806,5.505334054872469,5.522971247577784,Fig 2.7,L37,wind_VNM_2022,7.75569118757478,0.15340138559892846
wind,VNM,Viet Nam,2020,2739.805024646427,7.915642037962037,6.5486992739946635,5.468373269138832,5.409727586029495,Fig 2.7,M37,wind_VNM_2022,7.7094733883809266,0.20616864958111059
wind,VNM,Viet Nam,2021,1747.7060938190634,7.466059403531164,6.645448863841342,5.445506338822339,6.006814707669157,Fig 2.7,N37,wind_VNM_2022,7.681769454883786,-0.21571005135262222
wind,VNM,Viet Nam,2022,1828.2989744757288,7.511141291417455,6.733146895042726,5.411217480302619,6.013632913023564,Fig 2.7,O37,wind_VNM_2022,7.656657406056669,-0.14551611463921432
wind,ZAF,South Africa,2012,2663.953968745472,7.887566752511549,5.56590362647905,5.137394768957262,5.649587532329162,Fig 2.7,E34,wind_ZAF_2022,7.984053099426076,-0.09648634691452695
wind,ZAF,South Africa,2013,2937.392237673152,7.985277472732064,5.677698971893068,5.271086410766464,5.570291277483226,Fig 2.7,F34,wind_ZAF_2022,7.942019446172847,0.043258026559216844
wind,ZAF,South Africa,2014,2809.2308698693714,7.940666013071623,5.830825584658366,5.389968287621304,5.580565173034719,Fig 2.7,G34,wind_ZAF_2022,7.884445752733452,0.05622026033817118
wind,ZAF,South Africa,2015,2577.95474550319,7.85475162923458,6.002024865148459,5.479418664657636,5.457078829862897,Fig 2.7,H34,wind_ZAF_2022,7.8200769620054205,0.034674667229159795
wind,ZAF,South Africa,2016,2214.416937425144,7.702744414159066,6.114760027948734,5.503732268414333,5.390606073342965,Fig 2.7,I34,wind_ZAF_2022,7.777689949155788,-0.07494553499672207
wind,ZAF,South Africa,2017,2381.090163079597,7.775313713505974,6.2059349955659755,5.541918527785211,5.479810592208201,Fig 2.7,J34,wind_ZAF_2022,7.743409300350557,0.031904413155417366
wind,ZAF,South Africa,2019,2234.355004243293,7.711707876692474,6.38729428375806,5.505334054872469,5.522971247577784,Fig 2.7,L34,wind_ZAF_2022,7.6752204736522085,0.03648740304026532
wind,ZAF,South Africa,2020,2036.281070470341,7.618880418471588,6.5486992739946635,5.468373269138832,5.409727586029495,Fig 2.7,M34,wind_ZAF_2022,7.614534213702646,0.004346204768942208
wind,ZAF,South Africa,2021,2117.2358348626703,7.65786666543226,6.645448863841342,5.445506338822339,6.006814707669157,Fig 2.7,N34,wind_ZAF_2022,7.5781575765810665,0.07970908885119332
wind,ZAF,South Africa,2022,1685.8345977544966,7.430016030400893,6.733146895042726,5.411217480302619,6.013632913023564,Fig 2.7,O34,wind_ZAF_2022,7.545184212431975,-0.11516818203108237
pv,AUS,Australia,2010,8226.006707647639,9.015055964210367,3.682166724070565,8.41226261905827,4.456192445165693,Figure 3.3,C5,pv_AUS_2024,9.187644456124994,-0.17258849191462744
pv,AUS,Australia,2011,8070.627916404932,8.995986566961331,4.252328599622632,8.484138934820503,4.509679808932987,Figure 3.3,D5,pv_AUS_2024,8.741142875145123,0.2548436918162089
pv,AUS,Australia,2012,5845.8413892502,8.673485813802989,4.598290072191402,8.529912216601073,3.523311081544699,Figure 3.3,E5,pv_AUS_2024,8.5095226252135,0.16396318858948966
pv,AUS,Australia,2013,3431.1490001785755,8.140650469539683,4.90117475518874,8.544763696217103,3.015723559908184,Figure 3.3,F5,pv_AUS_2024,8.31312536048469,-0.17247489094500779
pv,AUS,Australia,2014,3581.3283583559555,8.183489060392885,5.151279397977148,8.550810236670191,3.26713839072327,Figure 3.3,G5,pv_AUS_2024,8.1290239258354,0.054465134557485584
pv,AUS,Australia,2015,2663.0217981108967,7.887216771327144,5.39300057712095,8.546285121659619,3.164990795937875,Figure 3.3,H5,pv_AUS_2024,7.973535855434786,-0.08631908410764222
pv,AUS,Australia,2016,2292.9292994915004,7.737585449190882,5.674382328161501,8.544318752276505,2.929240932529897,Figure 3.3,I5,pv_AUS_2024,7.794533368684532,-0.05694791949365019
pv,AUS,Australia,2017,2346.42868245442,7.760649741614449,5.951553934028465,8.529880575483906,2.891409513410439,Figure 3.3,J5,pv_AUS_2024,7.6206487057840615,0.14000103583038737
pv,AUS,Australia,2018,1809.828003777512,7.500987094207373,6.17063993071869,8.522287754076318,2.956890415537674,Figure 3.3,K5,pv_AUS_2024,7.47621762079032,0.024769473417053156
pv,AUS,Australia,2019,1489.0921446638883,7.305921914358209,6.363208897541072,8.504106352134421,2.5071504398904505,Figure 3.3,L5,pv_AUS_2024,7.37918512590846,-0.07326321155025095
pv,AUS,Australia,2020,1248.0457552893834,7.129334211149439,6.566156825734936,8.483962768411303,2.4948890766393457,Figure 3.3,M5,pv_AUS_2024,7.2591120591831935,-0.12977784803375414
pv,AUS,Australia,2021,1162.0471230412904,7.057938489981407,6.751017535589894,8.4619194547022,3.442230801592228,Figure 3.3,N5,pv_AUS_2024,7.114127087778922,-0.05618859779751517
pv,AUS,Australia,2022,979.5214615557928,6.887064147870228,6.952593472965691,8.43506592119739,3.62475566987548,Figure 3.3,O5,pv_AUS_2024,6.992643214595272,-0.10557906672504469
pv,AUS,Australia,2023,1012.2454310798984,6.919926341273928,7.2503426514181,8.421521206718717,2.737118000531579,Figure 3.3,P5,pv_AUS_2024,6.838387631783268,0.08153870949065922
pv,AUS,Australia,2024,943.9690385525072,6.850093367464099,7.530490596047716,8.39783749217994,1.547562508716013,Figure 3.3,Q5,pv_AUS_2024,6.7165354905976375,0.1335578768664618
pv,BRA,Brazil,2011,7522.515553575554,8.925655876109316,4.252328599622632,8.484138934820503,4.509679808932987,Figure 3.3,D6,pv_BRA_2024,8.963017401172333,-0.03736152506301771
pv,BRA,Brazil,2013,5117.282639309783,8.540378842634333,4.90117475518874,8.544763696217103,3.015723559908184,Figure 3.3,F6,pv_BRA_2024,8.584940844718847,-0.044562002084514774
pv,BRA,Brazil,2014,6068.722799156141,8.710903449913198,5.151279397977148,8.550810236670191,3.26713839072327,Figure 3.3,G6,pv_BRA_2024,8.292689701113575,0.4182137487996229
pv,BRA,Brazil,2015,2497.658976411624,7.823109162715733,5.39300057712095,8.546285121659619,3.164990795937875,Figure 3.3,H6,pv_BRA_2024,8.090676717161847,-0.2675675544461136
pv,BRA,Brazil,2016,2460.5928028234507,7.808157576653674,5.674382328161501,8.544318752276505,2.929240932529897,Figure 3.3,I6,pv_BRA_2024,7.875273808162515,-0.06711623150884094
pv,BRA,Brazil,2017,1975.0868857598143,7.588367669157347,5.951553934028465,8.529880575483906,2.891409513410439,Figure 3.3,J6,pv_BRA_2024,7.637920707860639,-0.04955303870329164
pv,BRA,Brazil,2018,1809.6190475909184,7.50087163116351,6.17063993071869,8.522287754076318,2.956890415537674,Figure 3.3,K6,pv_BRA_2024,7.427029861084542,0.07384177007896753
pv,BRA,Brazil,2019,1495.162848478625,7.309990408640726,6.363208897541072,8.504106352134421,2.5071504398904505,Figure 3.3,L6,pv_BRA_2024,7.355803271578925,-0.04581286293819975
pv,BRA,Brazil,2020,1298.4074341474254,7.168893741805852,6.566156825734936,8.483962768411303,2.4948890766393457,Figure 3.3,M6,pv_BRA_2024,7.189429078352766,-0.02053533654691364
pv,BRA,Brazil,2021,915.5422974243716,6.819516564493922,6.751017535589894,8.4619194547022,3.442230801592228,Figure 3.3,N6,pv_BRA_2024,6.850146856280422,-0.03063029178650023
pv,BRA,Brazil,2022,779.5200740754375,6.658678440668406,6.952593472965691,8.43506592119739,3.62475566987548,Figure 3.3,O6,pv_BRA_2024,6.653453864009857,0.005224576658548585
pv,BRA,Brazil,2023,744.352528682658,6.612514751486179,7.2503426514181,8.421521206718717,2.737118000531579,Figure 3.3,P6,pv_BRA_2024,6.565800761561713,0.046713989924466404
pv,BRA,Brazil,2024,724.4366073748986,6.58539425948518,7.530490596047716,8.39783749217994,1.547562508716013,Figure 3.3,Q6,pv_BRA_2024,6.56624950187058,0.019144757614600216
pv,CHN,China,2010,4291.432902265811,8.36437596600536,3.682166724070565,8.41226261905827,4.456192445165693,Figure 3.3,C7,pv_CHN_2024,8.52364469594398,-0.15926872993862062
pv,CHN,China,2011,4031.162378781085,8.301810044811699,4.252328599622632,8.484138934820503,4.509679808932987,Figure 3.3,D7,pv_CHN_2024,8.154450225900987,0.14735981891071148
pv,CHN,China,2012,3275.3966683631643,8.094194260845795,4.598290072191402,8.529912216601073,3.523311081544699,Figure 3.3,E7,pv_CHN_2024,7.953308457805534,0.14088580304026088
pv,CHN,China,2013,2520.8503416008384,7.83235156072955,4.90117475518874,8.544763696217103,3.015723559908184,Figure 3.3,F7,pv_CHN_2024,7.7780584071859,0.05429315354365016
pv,CHN,China,2014,2100.065022292831,7.649723586228757,5.151279397977148,8.550810236670191,3.26713839072327,Figure 3.3,G7,pv_CHN_2024,7.620022586919248,0.02970099930950898
pv,CHN,China,2015,1622.5553814943787,7.391757581428304,5.39300057712095,8.546285121659619,3.164990795937875,Figure 3.3,H7,pv_CHN_2024,7.479044553671281,-0.08728697224297743
pv,CHN,China,2016,1468.7692152533812,7.292180060532598,5.674382328161501,8.544318752276505,2.929240932529897,Figure 3.3,I7,pv_CHN_2024,7.316455903813861,-0.024275843281262866
pv,CHN,China,2017,1377.8666056804332,7.228291644043518,5.951553934028465,8.529880575483906,2.891409513410439,Figure 3.3,J7,pv_CHN_2024,7.1563026708205735,0.07198897322294417
pv,CHN,China,2018,1047.2659983319315,6.9539382362269855,6.17063993071869,8.522287754076318,2.956890415537674,Figure 3.3,K7,pv_CHN_2024,7.026117165408018,-0.07217892918103264
pv,CHN,China,2019,946.188254693266,6.852441549986699,6.363208897541072,8.504106352134421,2.5071504398904505,Figure 3.3,L7,pv_CHN_2024,6.927625915892124,-0.07518436590542521
pv,CHN,China,2020,765.8158251007976,6.640941703625708,6.566156825734936,8.483962768411303,2.4948890766393457,Figure 3.3,M7,pv_CHN_2024,6.813459750064045,-0.1725180464383369
pv,CHN,China,2021,713.51431624731,6.570202501533129,6.751017535589894,8.4619194547022,3.442230801592228,Figure 3.3,N7,pv_CHN_2024,6.688546136041144,-0.11834363450801533
pv,CHN,China,2022,759.3280240727838,6.632433863312094,6.952593472965691,8.43506592119739,3.62475566987548,Figure 3.3,O7,pv_CHN_2024,6.57310408321432,0.0593297800977739
pv,CHN,China,2023,687.158676448271,6.532565235637685,7.2503426514181,8.421521206718717,2.737118000531579,Figure 3.3,P7,pv_CHN_2024,6.420018586440104,0.11254664919758106
pv,CHN,China,2024,590.5861539927796,6.381115525067483,7.530490596047716,8.39783749217994,1.547562508716013,Figure 3.3,Q7,pv_CHN_2024,6.288164180894341,0.09295134417314177
pv,DEU,Germany,2010,4412.429498946073,8.39218072353795,3.682166724070565,8.41226261905827,4.456192445165693,Figure 3.3,C9,pv_DEU_2024,8.443804328915274,-0.051623605377324466
pv,DEU,Germany,2011,3509.4585583491103,8.163217047680499,4.252328599622632,8.484138934820503,4.509679808932987,Figure 3.3,D9,pv_DEU_2024,8.140497025553511,0.02272002212698787
pv,DEU,Germany,2012,2788.468001908775,7.9332476207445035,4.598290072191402,8.529912216601073,3.523311081544699,Figure 3.3,E9,pv_DEU_2024,7.865478866157252,0.0677687545872514
pv,DEU,Germany,2013,2385.8489941203084,7.777310312356795,4.90117475518874,8.544763696217103,3.015723559908184,Figure 3.3,F9,pv_DEU_2024,7.668851691860118,0.10845862049667687
pv,DEU,Germany,2014,1905.6109817322056,7.552557961458174,5.151279397977148,8.550810236670191,3.26713839072327,Figure 3.3,G9,pv_DEU_2024,7.568789132352538,-0.016231170894363878
pv,DEU,Germany,2015,1524.0657237487353,7.32913686113608,5.39300057712095,8.546285121659619,3.164990795937875,Figure 3.3,H9,pv_DEU_2024,7.446869128653123,-0.11773226751704335
pv,DEU,Germany,2016,1383.628851008505,7.23246492897665,5.674382328161501,8.544318752276505,2.929240932529897,Figure 3.3,I9,pv_DEU_2024,7.292968740595664,-0.060503811619014414
pv,DEU,Germany,2017,1326.5973101999584,7.190372529500043,5.951553934028465,8.529880575483906,2.891409513410439,Figure 3.3,J9,pv_DEU_2024,7.164836949159596,0.02553558034044734
pv,DEU,Germany,2018,1325.5787006452413,7.189604398274486,6.17063993071869,8.522287754076318,2.956890415537674,Figure 3.3,K9,pv_DEU_2024,7.070042875965851,0.11956152230863548
pv,DEU,Germany,2019,1070.350382721752,6.9757413343400865,6.363208897541072,8.504106352134421,2.5071504398904505,Figure 3.3,L9,pv_DEU_2024,6.9477791227523715,0.027962211587714947
pv,DEU,Germany,2020,823.3332704010522,6.713361064517941,6.566156825734936,8.483962768411303,2.4948890766393457,Figure 3.3,M9,pv_DEU_2024,6.860157445944467,-0.14679638142652607
pv,DEU,Germany,2021,787.7903462895194,6.669231996449944,6.751017535589894,8.4619194547022,3.442230801592228,Figure 3.3,N9,pv_DEU_2024,6.866776987086153,-0.19754499063620923
pv,DEU,Germany,2022,1057.341173676759,6.963512709264141,6.952593472965691,8.43506592119739,3.62475566987548,Figure 3.3,O9,pv_DEU_2024,6.800384166768196,0.16312854249594544
pv,DEU,Germany,2023,748.2274007844397,6.617706943516175,7.2503426514181,8.421521206718717,2.737118000531579,Figure 3.3,P9,pv_DEU_2024,6.587019650879562,0.030687292636612185
pv,DEU,Germany,2024,592.9665484018221,6.38513798661707,7.530490596047716,8.39783749217994,1.547562508716013,Figure 3.3,Q9,pv_DEU_2024,6.360528305727544,0.024609680889525976
pv,ESP,Spain,2010,5563.901030792681,8.624054765464697,3.682166724070565,8.41226261905827,4.456192445165693,Figure 3.3,C17,pv_ESP_2024,8.719381852107842,-0.09532708664314526
pv,ESP,Spain,2011,3886.646798518194,8.265302059349773,4.252328599622632,8.484138934820503,4.509679808932987,Figure 3.3,D17,pv_ESP_2024,8.224009002502052,0.04129305684772078
pv,ESP,Spain,2012,3201.469600696212,8.071365233582279,4.598290072191402,8.529912216601073,3.523311081544699,Figure 3.3,E17,pv_ESP_2024,8.009816617967266,0.06154861561501335
pv,ESP,Spain,2013,2750.859347123692,7.91966863170899,4.90117475518874,8.544763696217103,3.015723559908184,Figure 3.3,F17,pv_ESP_2024,7.835635255481008,0.0840333762279819
pv,ESP,Spain,2014,2758.289754469833,7.922366112468603,5.151279397977148,8.550810236670191,3.26713839072327,Figure 3.3,G17,pv_ESP_2024,7.643478341937822,0.2788877705307806
pv,ESP,Spain,2015,1422.8034809078426,7.260384486590736,5.39300057712095,8.546285121659619,3.164990795937875,Figure 3.3,H17,pv_ESP_2024,7.506774202076247,-0.24638971548551147
pv,ESP,Spain,2019,912.6338153971122,6.816334721715559,6.363208897541072,8.504106352134421,2.5071504398904505,Figure 3.3,L17,pv_ESP_2024,7.0227495931850585,-0.20641487146949977
pv,ESP,Spain,2020,897.0841215721103,6.799149638678477,6.566156825734936,8.483962768411303,2.4948890766393457,Figure 3.3,M17,pv_ESP_2024,6.93053810332145,-0.13138846464297327
pv,ESP,Spain,2021,926.730225640223,6.831662504484852,6.751017535589894,8.4619194547022,3.442230801592228,Figure 3.3,N17,pv_ESP_2024,6.768227475438188,0.06343502904666387
pv,ESP,Spain,2022,826.2275993024847,6.716870279515455,6.952593472965691,8.43506592119739,3.62475566987548,Figure 3.3,O17,pv_ESP_2024,6.671573837384331,0.04529644213112416
pv,ESP,Spain,2023,686.7911105133509,6.532030185598481,7.2503426514181,8.421521206718717,2.737118000531579,Figure 3.3,P17,pv_ESP_2024,6.584831894910131,-0.05280170931164996
pv,ESP,Spain,2024,822.1244412681233,6.711891772002155,7.530490596047716,8.39783749217994,1.547562508716013,Figure 3.3,Q17,pv_ESP_2024,6.5540642148498325,0.15782755715232266
pv,FRA,France,2010,6514.65732422562,8.78180989020565,3.682166724070565,8.41226261905827,4.456192445165693,Figure 3.3,C8,pv_FRA_2024,9.142299086757832,-0.3604891965521819
pv,FRA,France,2011,6650.285260692152,8.802415029074563,4.252328599622632,8.484138934820503,4.509679808932987,Figure 3.3,D8,pv_FRA_2024,8.544982224272848,0.2574328048017147
pv,FRA,France,2012,5890.383037251002,8.681076306322499,4.598290072191402,8.529912216601073,3.523311081544699,Figure 3.3,E8,pv_FRA_2024,8.271207041133213,0.4098692651892861
pv,FRA,France,2013,3864.823013780442,8.259671167936927,4.90117475518874,8.544763696217103,3.015723559908184,Figure 3.3,F8,pv_FRA_2024,8.06885273146988,0.19081843646704755
pv,FRA,France,2014,2821.354842892848,7.9449724892996025,5.151279397977148,8.550810236670191,3.26713839072327,Figure 3.3,G8,pv_FRA_2024,7.8567926405371935,0.08817984876240903
pv,FRA,France,2015,1857.0719154645603,7.52675628729351,5.39300057712095,8.546285121659619,3.164990795937875,Figure 3.3,H8,pv_FRA_2024,7.71286811776899,-0.18611183047548074
pv,FRA,France,2016,1571.8381732973864,7.360001024495091,5.674382328161501,8.544318752276505,2.929240932529897,Figure 3.3,I8,pv_FRA_2024,7.546972496084619,-0.1869714715895281
pv,FRA,France,2017,1476.3695280040931,7.297341331552502,5.951553934028465,8.529880575483906,2.891409513410439,Figure 3.3,J8,pv_FRA_2024,7.400393047796457,-0.1030517162439546
pv,FRA,France,2018,1278.8838736497266,7.153743002812292,6.17063993071869,8.522287754076318,2.956890415537674,Figure 3.3,K8,pv_FRA_2024,7.265002283133777,-0.11125928032148469
pv,FRA,France,2019,1165.927553649501,7.061272232604071,6.363208897541072,8.504106352134421,2.5071504398904505,Figure 3.3,L8,pv_FRA_2024,7.225276690814817,-0.16400445821074605
pv,FRA,France,2020,1112.9280483932464,7.014749702638919,6.566156825734936,8.483962768411303,2.4948890766393457,Figure 3.3,M8,pv_FRA_2024,7.143237825216765,-0.12848812257784648
pv,FRA,France,2021,918.0257559627578,6.822225446831222,6.751017535589894,8.4619194547022,3.442230801592228,Figure 3.3,N8,pv_FRA_2024,6.989737452681689,-0.1675120058504671
pv,FRA,France,2022,1228.3628006623424,7.113437505351983,6.952593472965691,8.43506592119739,3.62475566987548,Figure 3.3,O8,pv_FRA_2024,6.909269894286247,0.20416761106573578
pv,FRA,France,2023,977.5888351031304,6.885089167631094,7.2503426514181,8.421521206718717,2.737118000531579,Figure 3.3,P8,pv_FRA_2024,6.825045462854817,0.06004370477627674
pv,FRA,France,2024,1103.958016240936,7.0066571973466605,7.530490596047716,8.39783749217994,1.547562508716013,Figure 3.3,Q8,pv_FRA_2024,6.809280786586831,0.19737641075982992
pv,GRC,Greece,2010,5628.192471733896,8.635543616607201,3.682166724070565,8.41226261905827,4.456192445165693,Figure 3.3,C10,pv_GRC_2024,8.500396216773705,0.135147399833496
pv,GRC,Greece,2011,4373.251073566136,8.383261964255084,4.252328599622632,8.484138934820503,4.509679808932987,Figure 3.3,D10,pv_GRC_2024,8.379995892977345,0.0032660712777392575
pv,GRC,Greece,2012,2618.2511220428087,7.87026186320002,4.598290072191402,8.529912216601073,3.523311081544699,Figure 3.3,E10,pv_GRC_2024,8.127521462851341,-0.25725959965132095
pv,GRC,Greece,2013,2353.574035849505,7.763690318111232,4.90117475518874,8.544763696217103,3.015723559908184,Figure 3.3,F10,pv_GRC_2024,7.927670422853371,-0.16398010474213898
pv,GRC,Greece,2017,2361.568414229289,7.767081259583178,5.951553934028465,8.529880575483906,2.891409513410439,Figure 3.3,J10,pv_GRC_2024,7.415985595514902,0.35109566406827586
pv,GRC,Greece,2018,2165.3421631094043,7.680333670955763,6.17063993071869,8.522287754076318,2.956890415537674,Figure 3.3,K10,pv_GRC_2024,7.318072742820272,0.36226092813549116
pv,GRC,Greece,2020,893.2591524897251,6.794876743131155,6.566156825734936,8.483962768411303,2.4948890766393457,Figure 3.3,M10,pv_GRC_2024,6.995291770912515,-0.2004150277813599
pv,GRC,Greece,2021,825.6339070458065,6.716151463464643,6.751017535589894,8.4619194547022,3.442230801592228,Figure 3.3,N10,pv_GRC_2024,7.046461730661763,-0.3303102671971203
pv,GRC,Greece,2022,1244.886310232289,7.12679948764665,6.952593472965691,8.43506592119739,3.62475566987548,Figure 3.3,O10,pv_GRC_2024,6.944650140140749,0.18214934750590128
pv,GRC,Greece,2023,641.3083890204307,6.463510447342345,7.2503426514181,8.421521206718717,2.737118000531579,Figure 3.3,P10,pv_GRC_2024,6.6306103189511365,-0.1670998716087917
pv,GRC,Greece,2024,565.6873590627295,6.338041556444023,7.530490596047716,8.39783749217994,1.547562508716013,Figure 3.3,Q10,pv_GRC_2024,6.252896096282525,0.08514546016149804
pv,IND,India,2010,6015.812576430637,8.702146710960637,3.682166724070565,8.41226261905827,4.456192445165693,Figure 3.3,C11,pv_IND_2024,8.787765094063285,-0.08561838310264847
pv,IND,India,2011,3706.132789258691,8.217744237088093,4.252328599622632,8.484138934820503,4.509679808932987,Figure 3.3,D11,pv_IND_2024,8.265600860646472,-0.047856623558379496
pv,IND,India,2012,3251.3910782402595,8.086838207821536,4.598290072191402,8.529912216601073,3.523311081544699,Figure 3.3,E11,pv_IND_2024,8.022244667638155,0.06459354018338104
pv,IND,India,2013,3346.7804933594625,8.115754115959216,4.90117475518874,8.544763696217103,3.015723559908184,Figure 3.3,F11,pv_IND_2024,7.819700590398162,0.2960535255610548
pv,IND,India,2014,2271.335541607726,7.728123281789368,5.151279397977148,8.550810236670191,3.26713839072327,Figure 3.3,G11,pv_IND_2024,7.611180098918918,0.11694318287045036
pv,IND,India,2015,1547.763572844863,7.344566311764775,5.39300057712095,8.546285121659619,3.164990795937875,Figure 3.3,H11,pv_IND_2024,7.450958337566664,-0.10639202580188911
pv,IND,India,2016,1332.2464239123133,7.194621836926574,5.674382328161501,8.544318752276505,2.929240932529897,Figure 3.3,I11,pv_IND_2024,7.2683595083215415,-0.07373767139496756
pv,IND,India,2017,1328.4315129609276,7.191754211715141,5.951553934028465,8.529880575483906,2.891409513410439,Figure 3.3,J11,pv_IND_2024,7.092350773919369,0.09940343779577177
pv,IND,India,2018,943.7873225135758,6.849900846815523,6.17063993071869,8.522287754076318,2.956890415537674,Figure 3.3,K11,pv_IND_2024,6.9404000928384715,-0.09049924602294812
pv,IND,India,2019,736.3417292664177,6.6016943170406694,6.363208897541072,8.504106352134421,2.5071504398904505,Figure 3.3,L11,pv_IND_2024,6.862037864413473,-0.26034354737280374
pv,IND,India,2020,701.3016128884932,6.5529380553954795,6.566156825734936,8.483962768411303,2.4948890766393457,Figure 3.3,M11,pv_IND_2024,6.746156003746938,-0.19321794835145845
pv,IND,India,2021,669.689384633508,6.506813999862362,6.751017535589894,8.4619194547022,3.442230801592228,Figure 3.3,N11,pv_IND_2024,6.573929128002029,-0.06711512813966714
pv,IND,India,2022,679.9035273566287,6.521950916571065,6.952593472965691,8.43506592119739,3.62475566987548,Figure 3.3,O11,pv_IND_2024,6.4543019440621325,0.0676489725089322
pv,IND,India,2023,728.321084784776,6.590742001491029,7.2503426514181,8.421521206718717,2.737118000531579,Figure 3.3,P11,pv_IND_2024,6.326064257104831,0.26467774438619784
pv,IND,India,2024,525.1674202758713,6.263717107518741,7.530490596047716,8.39783749217994,1.547562508716013,Figure 3.3,Q11,pv_IND_2024,6.248256937079844,0.015460170438896803
pv,ITA,Italy,2010,6078.874297702453,8.71257480941393,3.682166724070565,8.41226261905827,4.456192445165693,Figure 3.3,C12,pv_ITA_2024,8.925084368774518,-0.2125095593605888
pv,ITA,Italy,2011,5733.075804344135,8.654007455277645,4.252328599622632,8.484138934820503,4.509679808932987,Figure 3.3,D12,pv_ITA_2024,8.348278218060598,0.30572923721704726
pv,ITA,Italy,2012,3045.0689972502278,8.02127883908276,4.598290072191402,8.529912216601073,3.523311081544699,Figure 3.3,E12,pv_ITA_2024,8.013455324389739,0.007823514693020783
pv,ITA,Italy,2013,2424.211548272102,7.793261615770673,4.90117475518874,8.544763696217103,3.015723559908184,Figure 3.3,F12,pv_ITA_2024,7.786143459173528,0.007118156597145209
pv,ITA,Italy,2014,2241.319524548638,7.714820044872637,5.151279397977148,8.550810236670191,3.26713839072327,Figure 3.3,G12,pv_ITA_2024,7.602396218554541,0.11242382631809544
pv,ITA,Italy,2017,1157.9088452672888,7.0543709376488035,5.951553934028465,8.529880575483906,2.891409513410439,Figure 3.3,J12,pv_ITA_2024,7.15637238345135,-0.10200144580254644
pv,ITA,Italy,2018,1036.4459520977036,6.943552785892719,6.17063993071869,8.522287754076318,2.956890415537674,Figure 3.3,K12,pv_ITA_2024,7.036138551739003,-0.09258576584628386
pv,ITA,Italy,2019,988.655656329996,6.896346097416841,6.363208897541072,8.504106352134421,2.5071504398904505,Figure 3.3,L12,pv_ITA_2024,6.974587242818662,-0.07824114540182059
pv,ITA,Italy,2020,918.8087537918004,6.8230779981877125,6.566156825734936,8.483962768411303,2.4948890766393457,Figure 3.3,M12,pv_ITA_2024,6.902852877755277,-0.07977487956756413
pv,ITA,Italy,2021,891.5029479724126,6.792908744053098,6.751017535589894,8.4619194547022,3.442230801592228,Figure 3.3,N12,pv_ITA_2024,6.828072092642575,-0.03516334858947712
pv,ITA,Italy,2022,818.4876080028004,6.707458256809959,6.952593472965691,8.43506592119739,3.62475566987548,Figure 3.3,O12,pv_ITA_2024,6.7726235185218675,-0.0651652617119085
pv,ITA,Italy,2023,840.9617751669034,6.734546207295405,7.2503426514181,8.421521206718717,2.737118000531579,Figure 3.3,P12,pv_ITA_2024,6.639157227172623,0.09538898012278185
pv,ITA,Italy,2024,804.1602225425657,6.689798531094352,7.530490596047716,8.39783749217994,1.547562508716013,Figure 3.3,Q12,pv_ITA_2024,6.552840839763079,0.1369576913312729
pv,JPN,Japan,2011,6644.276501864859,8.801511086644002,4.252328599622632,8.484138934820503,4.509679808932987,Figure 3.3,D13,pv_JPN_2024,8.751678620662483,0.04983246598151858
pv,JPN,Japan,2012,4666.397750554368,8.448142693387702,4.598290072191402,8.529912216601073,3.523311081544699,Figure 3.3,E13,pv_JPN_2024,8.484667831692118,-0.03652513830441606
pv,JPN,Japan,2013,3986.820627069335,8.290749356920927,4.90117475518874,8.544763696217103,3.015723559908184,Figure 3.3,F13,pv_JPN_2024,8.313225692315024,-0.022476335394097546
pv,JPN,Japan,2014,3654.82914695912,8.203804626073271,5.151279397977148,8.550810236670191,3.26713839072327,Figure 3.3,G13,pv_JPN_2024,8.151324945439388,0.05247968063388342
pv,JPN,Japan,2015,2644.6984988513204,7.880312348703021,5.39300057712095,8.546285121659619,3.164990795937875,Figure 3.3,H13,pv_JPN_2024,8.050572960795812,-0.17026061209279053
pv,JPN,Japan,2016,2901.8816159801127,7.973114638669967,5.674382328161501,8.544318752276505,2.929240932529897,Figure 3.3,I13,pv_JPN_2024,7.9294357655365975,0.04367887313336993
pv,JPN,Japan,2017,2632.3006248899737,7.8756135051058145,5.951553934028465,8.529880575483906,2.891409513410439,Figure 3.3,J13,pv_JPN_2024,7.839900421828591,0.03571308327722367
pv,JPN,Japan,2018,2502.241154612059,7.82494207111918,6.17063993071869,8.522287754076318,2.956890415537674,Figure 3.3,K13,pv_JPN_2024,7.750547139246795,0.07439493187238533
pv,JPN,Japan,2019,2465.1839596297914,7.810021712345271,6.363208897541072,8.504106352134421,2.5071504398904505,Figure 3.3,L13,pv_JPN_2024,7.741459934217883,0.06856177812738729
pv,JPN,Japan,2020,2156.084945202252,7.676049330697208,6.566156825734936,8.483962768411303,2.4948890766393457,Figure 3.3,M13,pv_JPN_2024,7.706880309405865,-0.030830978708657142
pv,JPN,Japan,2021,1923.3335172935465,7.561815166480589,6.751017535589894,8.4619194547022,3.442230801592228,Figure 3.3,N13,pv_JPN_2024,7.629000699443225,-0.06718553296263607
pv,JPN,Japan,2022,2022.7323093139555,7.612204504790826,6.952593472965691,8.43506592119739,3.62475566987548,Figure 3.3,O13,pv_JPN_2024,7.605563688231588,0.006640816559237983
pv,JPN,Japan,2023,1920.0374804638247,7.560099985906202,7.2503426514181,8.421521206718717,2.737118000531579,Figure 3.3,P13,pv_JPN_2024,7.554701870272741,0.005398115633461487
pv,JPN,Japan,2024,1911.450682621868,7.555617752448868,7.530490596047716,8.39783749217994,1.547562508716013,Figure 3.3,Q13,pv_JPN_2024,7.565038900202409,-0.009421147753540637
pv,KOR,Republic of Korea,2011,7012.58447961614,8.85546159676247,4.252328599622632,8.484138934820503,4.509679808932987,Figure 3.3,D16,pv_KOR_2024,8.760727143043734,0.09473445371873623
pv,KOR,Republic of Korea,2012,3628.137387695874,8.196474679232434,4.598290072191402,8.529912216601073,3.523311081544699,Figure 3.3,E16,pv_KOR_2024,8.364252724105873,-0.1677780448734385
pv,KOR,Republic of Korea,2013,3171.064023211654,8.061822464562107,4.90117475518874,8.544763696217103,3.015723559908184,Figure 3.3,F16,pv_KOR_2024,8.114034704603041,-0.05221224004093372
pv,KOR,Republic of Korea,2014,2633.44817638635,7.876049360122014,5.151279397977148,8.550810236670191,3.26713839072327,Figure 3.3,G16,pv_KOR_2024,7.896385040552935,-0.02033568043092071
pv,KOR,Republic of Korea,2015,2490.6956467529776,7.820317326646503,5.39300057712095,8.546285121659619,3.164990795937875,Figure 3.3,H16,pv_KOR_2024,7.755306634526668,0.06501069211983523
pv,KOR,Republic of Korea,2016,2457.944023668056,7.8070805167454544,5.674382328161501,8.544318752276505,2.929240932529897,Figure 3.3,I16,pv_KOR_2024,7.582608140290321,0.2244723764551333
pv,KOR,Republic of Korea,2017,1883.095475647461,7.540672231379959,5.951553934028465,8.529880575483906,2.891409513410439,Figure 3.3,J16,pv_KOR_2024,7.459440164346256,0.081232067033703
pv,KOR,Republic of Korea,2018,1579.1431074974807,7.3646376418761825,6.17063993071869,8.522287754076318,2.956890415537674,Figure 3.3,K16,pv_KOR_2024,7.338467233854779,0.0261704080214038
pv,KOR,Republic of Korea,2019,1491.0871038765438,7.307260732828017,6.363208897541072,8.504106352134421,2.5071504398904505,Figure 3.3,L16,pv_KOR_2024,7.316463447823303,-0.009202714995285355
pv,KOR,Republic of Korea,2020,1116.603856846098,7.018047086968537,6.566156825734936,8.483962768411303,2.4948890766393457,Figure 3.3,M16,pv_KOR_2024,7.270216031982409,-0.25216894501387177
pv,KOR,Republic of Korea,2021,1068.21464090682,6.973743973959298,6.751017535589894,8.4619194547022,3.442230801592228,Figure 3.3,N16,pv_KOR_2024,7.187984297629152,-0.2142403236698538
pv,KOR,Republic of Korea,2022,1420.2340770009885,7.258576979968641,6.952593472965691,8.43506592119739,3.62475566987548,Figure 3.3,O16,pv_KOR_2024,7.162472254561785,0.09610472540685588
pv,KOR,Republic of Korea,2023,1234.052546300519,7.118058785649924,7.2503426514181,8.421521206718717,2.737118000531579,Figure 3.3,P16,pv_KOR_2024,7.071691979712416,0.04636680593750864
pv,KOR,Republic of Korea,2024,1262.2227758007118,7.140629553513334,7.530490596047716,8.39783749217994,1.547562508716013,Figure 3.3,Q16,pv_KOR_2024,7.058783133182143,0.08184642033119172
pv,NLD,Netherlands,2016,1355.17997309698,7.211689545967596,5.674382328161501,8.544318752276505,2.929240932529897,Figure 3.3,I14,pv_NLD_2024,7.382481614638008,-0.17079206867041208
pv,NLD,Netherlands,2017,1842.6343299258667,7.5189515277429235,5.951553934028465,8.529880575483906,2.891409513410439,Figure 3.3,J14,pv_NLD_2024,7.330386759929865,0.18856476781305886
pv,NLD,Netherlands,2018,1390.922392100978,7.2377223974848475,6.17063993071869,8.522287754076318,2.956890415537674,Figure 3.3,K14,pv_NLD_2024,7.335055329300234,-0.09733293181538638
pv,NLD,Netherlands,2019,1335.413117698778,7.196995974423881,6.363208897541072,8.504106352134421,2.5071504398904505,Figure 3.3,L14,pv_NLD_2024,7.156049130733427,0.040946843690454315
pv,NLD,Netherlands,2020,1322.301847993796,7.187129321121958,6.566156825734936,8.483962768411303,2.4948890766393457,Figure 3.3,M14,pv_NLD_2024,7.055068055939876,0.13206126518208183
pv,NLD,Netherlands,2021,1160.99553431761,7.057033135280167,6.751017535589894,8.4619194547022,3.442230801592228,Figure 3.3,N14,pv_NLD_2024,7.133676089445317,-0.0766429541651501
pv,NLD,Netherlands,2022,1296.4928941522107,7.1674181241709585,6.952593472965691,8.43506592119739,3.62475566987548,Figure 3.3,O14,pv_NLD_2024,7.026002573752774,0.1414155504181842
pv,NLD,Netherlands,2023,771.1931133697339,6.647938813497303,7.2503426514181,8.421521206718717,2.737118000531579,Figure 3.3,P14,pv_NLD_2024,6.810335732056364,-0.16239691855906102
pv,NLD,Netherlands,2024,641.4153298835705,6.463677187633823,7.530490596047716,8.39783749217994,1.547562508716013,Figure 3.3,Q14,pv_NLD_2024,6.459500741530221,0.004176446103602238
pv,TUR,Türkiye,2016,1865.5356917879296,7.531303525036713,5.674382328161501,8.544318752276505,2.929240932529897,Figure 3.3,I18,pv_TUR_2024,7.504858353276025,0.02644517176068817
pv,TUR,Türkiye,2017,1496.3046871355025,7.310753805668263,5.951553934028465,8.529880575483906,2.891409513410439,Figure 3.3,J18,pv_TUR_2024,7.306587893470237,0.004165912198025978
pv,TUR,Türkiye,2018,1435.9432201758366,7.26957720855891,6.17063993071869,8.522287754076318,2.956890415537674,Figure 3.3,K18,pv_TUR_2024,7.097518470298759,0.1720587382601506
pv,TUR,Türkiye,2019,1096.947922286589,7.000286986301129,6.363208897541072,8.504106352134421,2.5071504398904505,Figure 3.3,L18,pv_TUR_2024,7.1315900452171075,-0.1313030589159787
pv,TUR,Türkiye,2020,972.9611410022684,6.880344144083524,6.566156825734936,8.483962768411303,2.4948890766393457,Figure 3.3,M18,pv_TUR_2024,7.048038406554467,-0.16769426247094277
pv,TUR,Türkiye,2021,920.0801748584032,6.824460812831264,6.751017535589894,8.4619194547022,3.442230801592228,Figure 3.3,N18,pv_TUR_2024,6.735330091479117,0.08913072135214684
pv,TUR,Türkiye,2022,732.4802287506292,6.5964363490602285,6.952593472965691,8.43506592119739,3.62475566987548,Figure 3.3,O18,pv_TUR_2024,6.646213291753753,-0.04977694269352462
pv,TUR,Türkiye,2023,732.4492140602254,6.596394006146635,7.2503426514181,8.421521206718717,2.737118000531579,Figure 3.3,P18,pv_TUR_2024,6.651240559915726,-0.054846553769090534
pv,TUR,Türkiye,2024,1032.6897498228595,6.939922085018396,7.530490596047716,8.39783749217994,1.547562508716013,Figure 3.3,Q18,pv_TUR_2024,6.828101810743116,0.11182027427527963
pv,USA,United States,2010,5552.428538737875,8.621990685580021,3.682166724070565,8.41226261905827,4.456192445165693,Figure 3.3,C19,pv_USA_2024,8.763655932303438,-0.14166524672341652
pv,USA,United States,2011,5343.332324829953,8.583604768194975,4.252328599622632,8.484138934820503,4.509679808932987,Figure 3.3,D19,pv_USA_2024,8.493958746902036,0.08964602129293908
pv,USA,United States,2012,5205.807053591208,8.557530022553282,4.598290072191402,8.529912216601073,3.523311081544699,Figure 3.3,E19,pv_USA_2024,8.404292842566166,0.15323717998711572
pv,USA,United States,2013,4196.912593835998,8.34210443724968,4.90117475518874,8.544763696217103,3.015723559908184,Figure 3.3,F19,pv_USA_2024,8.283481998722523,0.05862243852715743
pv,USA,United States,2014,3436.432230506145,8.142189069868488,5.151279397977148,8.550810236670191,3.26713839072327,Figure 3.3,G19,pv_USA_2024,8.13180623632549,0.010382833542998071
pv,USA,United States,2015,3062.1627290585498,8.026876719501303,5.39300057712095,8.546285121659619,3.164990795937875,Figure 3.3,H19,pv_USA_2024,8.002807513629568,0.024069205871734667
pv,USA,United States,2016,2651.787883404358,7.882989364473542,5.674382328161501,8.544318752276505,2.929240932529897,Figure 3.3,I19,pv_USA_2024,7.863181904593655,0.01980745987988719
pv,USA,United States,2017,2230.025830283302,7.709768447473763,5.951553934028465,8.529880575483906,2.891409513410439,Figure 3.3,J19,pv_USA_2024,7.70339659179797,0.0063718556757930145
pv,USA,United States,2018,1844.1949390024656,7.51979811382325,6.17063993071869,8.522287754076318,2.956890415537674,Figure 3.3,K19,pv_USA_2024,7.572876482354419,-0.05307836853116843
pv,USA,United States,2019,1453.1489723057368,7.281488185710261,6.363208897541072,8.504106352134421,2.5071504398904505,Figure 3.3,L19,pv_USA_2024,7.486524386502218,-0.20503620079195706
pv,USA,United States,2020,1317.4012030837664,7.183416289432049,6.566156825734936,8.483962768411303,2.4948890766393457,Figure 3.3,M19,pv_USA_2024,7.361989005248747,-0.17857271581669742
pv,USA,United States,2021,1233.0080860825803,7.117212061198461,6.751017535589894,8.4619194547022,3.442230801592228,Figure 3.3,N19,pv_USA_2024,7.177833232382816,-0.06062117118435495
pv,USA,United States,2022,1187.455420163696,7.079567994289336,6.952593472965691,8.43506592119739,3.62475566987548,Figure 3.3,O19,pv_USA_2024,7.035673399066119,0.04389459522321726
pv,USA,United States,2023,1135.012086639563,7.034398578880444,7.2503426514181,8.421521206718717,2.737118000531579,Figure 3.3,P19,pv_USA_2024,6.925642804779931,0.10875577410051296
pv,USA,United States,2024,1058.0371018079034,6.964170679674745,7.530490596047716,8.39783749217994,1.547562508716013,Figure 3.3,Q19,pv_USA_2024,6.839984340728895,0.12418633894584996
wind,ARG,Argentina,2012,2795.688460671054,7.935833673923589,5.56590362647905,5.137394768957262,5.649587532329162,Fig 2.7,E8,wind_ARG_2024,7.990368590766636,-0.05453491684304712
wind,ARG,Argentina,2013,2964.0635582892346,7.994316429603491,5.677698971893068,5.271086410766464,5.570291277483226,Fig 2.7,F8,wind_ARG_2024,7.943467921663066,0.05084850794042506
wind,ARG,Argentina,2014,2634.693224749308,7.876522030952706,5.830825584658366,5.389968287621304,5.580565173034719,Fig 2.7,G8,wind_ARG_2024,7.879227853620347,-0.0027058226676413
wind,ARG,Argentina,2015,2536.563575419213,7.83856552092257,6.002024865148459,5.479418664657636,5.457078829862897,Fig 2.7,H8,wind_ARG_2024,7.807405893812454,0.03115962711011555
wind,ARG,Argentina,2017,2615.055700783548,7.869040676763012,6.2059349955659755,5.541918527785211,5.479810592208201,Fig 2.7,J8,wind_ARG_2024,7.721860994620448,0.14717968214256416
wind,ARG,Argentina,2018,2041.87370034402,7.621623145853887,6.290532398624406,5.540715306018656,5.574854860972366,Fig 2.7,K8,wind_ARG_2024,7.686370475823166,-0.06474732996927912
wind,ARG,Argentina,2019,1779.3080093830183,7.4839798089262635,6.38729428375806,5.505334054872469,5.522971247577784,Fig 2.7,L8,wind_ARG_2024,7.6457766824082025,-0.16179687348193905
wind,ARG,Argentina,2020,1997.6708397662087,7.599737200774816,6.5486992739946635,5.468373269138832,5.409727586029495,Fig 2.7,M8,wind_ARG_2024,7.57806364828574,0.021673552489075654
wind,ARG,Argentina,2021,2025.699215136947,7.6136702113669275,6.645448863841342,5.445506338822339,6.006814707669157,Fig 2.7,N8,wind_ARG_2024,7.537475013021001,0.07619519834592658
wind,ARG,Argentina,2022,1553.4690073390902,7.3482457784178665,6.733146895042726,5.411217480302619,6.013632913023564,Fig 2.7,O8,wind_ARG_2024,7.50068371077869,-0.15243793236082315
wind,ARG,Argentina,2023,1898.0304391214397,7.548572016513055,6.849202095255681,5.365907195612585,5.796167476800661,Fig 2.7,P8,wind_ARG_2024,7.451995936499907,0.09657608001314788
wind,ARG,Argentina,2024,1668.8263285255107,7.419875861042901,6.955776347473294,5.308656183746518,5.674641698918291,Fig 2.7,Q8,wind_ARG_2024,7.407285633761382,0.012590227281519262
wind,AUS,Australia,2010,4143.084429461239,8.329195820692165,5.180162236673185,4.822296444001899,5.619538317103914,Fig 2.6,C8,wind_AUS_2024,8.413023324332638,-0.08382750364047276
wind,AUS,Australia,2011,4377.598776191059,8.38425562842652,5.376417249698097,4.998697446862276,5.708815243916515,Fig 2.6,D8,wind_AUS_2024,8.278678677079858,0.10557695134666112
wind,AUS,Australia,2012,3732.398308548318,8.224806284179055,5.56590362647905,5.137394768957262,5.649587532329162,Fig 2.6,E8,wind_AUS_2024,8.148967440380835,0.07583884379821981
wind,AUS,Australia,2013,2770.434468668928,7.926759434776959,5.677698971893068,5.271086410766464,5.570291277483226,Fig 2.6,F8,wind_AUS_2024,8.072438917554045,-0.1456794827770862
wind,AUS,Australia,2014,3022.048049327942,8.013690042550076,5.830825584658366,5.389968287621304,5.580565173034719,Fig 2.6,G8,wind_AUS_2024,7.967617438296568,0.04607260425350823
wind,AUS,Australia,2015,2819.857193002646,7.944441521870668,6.002024865148459,5.479418664657636,5.457078829862897,Fig 2.6,H8,wind_AUS_2024,7.850424472915083,0.09401704895558449
wind,AUS,Australia,2016,2630.9450852533323,7.875098408626848,6.114760027948734,5.503732268414333,5.390606073342965,Fig 2.6,I8,wind_AUS_2024,7.773252606342355,0.10184580228449303
wind,AUS,Australia,2017,2043.2539445633236,7.622298886928243,6.2059349955659755,5.541918527785211,5.479810592208201,Fig 2.6,J8,wind_AUS_2024,7.710839582216102,-0.08854069528785935
wind,AUS,Australia,2018,1901.9960055896213,7.550659142992521,6.290532398624406,5.540715306018656,5.574854860972366,Fig 2.6,K8,wind_AUS_2024,7.652929172197973,-0.10227002920545125
wind,AUS,Australia,2019,1851.141553609305,7.523557783776623,6.38729428375806,5.505334054872469,5.522971247577784,Fig 2.6,L8,wind_AUS_2024,7.586691672704675,-0.06313388892805172
wind,AUS,Australia,2020,2042.667395245112,7.622011779432302,6.5486992739946635,5.468373269138832,5.409727586029495,Fig 2.6,M8,wind_AUS_2024,7.476203302782515,0.1458084766497869
wind,AUS,Australia,2021,1411.9064049900608,7.252696130438408,6.645448863841342,5.445506338822339,6.006814707669157,Fig 2.6,N8,wind_AUS_2024,7.4099742199200405,-0.15727808948163258
wind,AUS,Australia,2022,1444.4693860474408,7.2754973262219895,6.733146895042726,5.411217480302619,6.013632913023564,Fig 2.6,O8,wind_AUS_2024,7.3499413021111195,-0.07444397588912999
wind,AUS,Australia,2023,1609.687604602354,7.383795404742922,6.849202095255681,5.365907195612585,5.796167476800661,Fig 2.6,P8,wind_AUS_2024,7.270496733057075,0.11329867168584684
wind,AUS,Australia,2024,1380.5779985677066,7.23025753000427,6.955776347473294,5.308656183746518,5.674641698918291,Fig 2.6,Q8,wind_AUS_2024,7.197542263768759,0.032715266235510576
wind,AUT,Austria,2012,2452.067550343923,7.804686845756536,5.56590362647905,5.137394768957262,5.649587532329162,Fig 2.7,E9,wind_AUT_2024,7.949432526888259,-0.14474568113172293
wind,AUT,Austria,2013,3048.5733090452554,8.022428992637954,5.677698971893068,5.271086410766464,5.570291277483226,Fig 2.7,F9,wind_AUT_2024,7.901291765847061,0.12113722679089278
wind,AUT,Austria,2014,2546.377840741766,7.842427173739384,5.830825584658366,5.389968287621304,5.580565173034719,Fig 2.7,G9,wind_AUT_2024,7.835353138018841,0.0070740357205423265
wind,AUT,Austria,2015,2474.7020200394054,7.813875271810943,6.002024865148459,5.479418664657636,5.457078829862897,Fig 2.7,H9,wind_AUT_2024,7.761632147024299,0.052243124786643946
wind,AUT,Austria,2016,2533.348866670561,7.837297369168,6.114760027948734,5.503732268414333,5.390606073342965,Fig 2.7,I9,wind_AUT_2024,7.713086686448907,0.12421068271909252
wind,AUT,Austria,2017,2032.190709009743,7.616869657153594,6.2059349955659755,5.541918527785211,5.479810592208201,Fig 2.7,J9,wind_AUT_2024,7.6738253709375535,-0.05695571378395936
wind,AUT,Austria,2018,1930.5811735592536,7.565576362766042,6.290532398624406,5.540715306018656,5.574854860972366,Fig 2.7,K9,wind_AUT_2024,7.637396453881485,-0.07182009111544296
wind,AUT,Austria,2022,1537.0565472116134,7.337624533500493,6.733146895042726,5.411217480302619,6.013632913023564,Fig 2.7,O9,wind_AUT_2024,7.446799979345502,-0.10917544584500938
wind,AUT,Austria,2023,1614.030064968537,7.386489476270118,6.849202095255681,5.365907195612585,5.796167476800661,Fig 2.7,P9,wind_AUT_2024,7.39682486061091,-0.010335384340792508
wind,AUT,Austria,2024,1701.5580787442136,7.439299627207496,6.955776347473294,5.308656183746518,5.674641698918291,Fig 2.7,Q9,wind_AUT_2024,7.350932381007649,0.08836724619984704
wind,BRA,Brazil,2010,3106.241515833783,8.041168758520092,5.180162236673185,4.822296444001899,5.619538317103914,Fig 2.6,C9,wind_BRA_2024,8.250134834263504,-0.20896607574341175
wind,BRA,Brazil,2011,3076.062176733474,8.031405543923674,5.376417249698097,4.998697446862276,5.708815243916515,Fig 2.6,D9,wind_BRA_2024,8.1221328614206,-0.09072731749692586
wind,BRA,Brazil,2012,3123.635568353567,8.046752848698194,5.56590362647905,5.137394768957262,5.649587532329162,Fig 2.6,E9,wind_BRA_2024,7.998545546727458,0.04820730197073608
wind,BRA,Brazil,2013,3115.4061913837786,8.044114821238473,5.677698971893068,5.271086410766464,5.570291277483226,Fig 2.6,F9,wind_BRA_2024,7.925630085628731,0.11848473560974249
wind,BRA,Brazil,2014,2646.2331709806363,7.880892462856113,5.830825584658366,5.389968287621304,5.580565173034719,Fig 2.6,G9,wind_BRA_2024,7.825757434089267,0.05513502876684573
wind,BRA,Brazil,2015,2296.044752105918,7.7389432485848335,6.002024865148459,5.479418664657636,5.457078829862897,Fig 2.6,H9,wind_BRA_2024,7.7140973785612275,0.024845870023606054
wind,BRA,Brazil,2016,2406.8480453672,7.78607330548998,6.114760027948734,5.503732268414333,5.390606073342965,Fig 2.6,I9,wind_BRA_2024,7.640568947237185,0.14550435825279529
wind,BRA,Brazil,2017,2065.9924280499176,7.6333659846437865,6.2059349955659755,5.541918527785211,5.479810592208201,Fig 2.6,J9,wind_BRA_2024,7.581102564447699,0.05226342019608765
wind,BRA,Brazil,2018,2097.030868371903,7.648277751047227,6.290532398624406,5.540715306018656,5.574854860972366,Fig 2.6,K9,wind_BRA_2024,7.525926218519195,0.12235153252803244
wind,BRA,Brazil,2019,1855.5912291160716,7.525958646155958,6.38729428375806,5.505334054872469,5.522971247577784,Fig 2.6,L9,wind_BRA_2024,7.462815921349185,0.06314272480677285
wind,BRA,Brazil,2020,1704.893122200668,7.44125770282654,6.5486992739946635,5.468373269138832,5.409727586029495,Fig 2.6,M9,wind_BRA_2024,7.357543924172978,0.08371377865356244
wind,BRA,Brazil,2021,1306.215139814895,7.174889028133964,6.645448863841342,5.445506338822339,6.006814707669157,Fig 2.6,N9,wind_BRA_2024,7.294441646268134,-0.11955261813417017
wind,BRA,Brazil,2022,1117.2097995602328,7.018589605568743,6.733146895042726,5.411217480302619,6.013632913023564,Fig 2.6,O9,wind_BRA_2024,7.237243000306459,-0.21865339473771606
wind,BRA,Brazil,2023,1099.1746940025257,7.002314899007406,6.849202095255681,5.365907195612585,5.796167476800661,Fig 2.6,P9,wind_BRA_2024,7.161549165244773,-0.1592342662373678
wind,BRA,Brazil,2024,1307.044736135391,7.175523941145103,6.955776347473294,5.308656183746518,5.674641698918291,Fig 2.6,Q9,wind_BRA_2024,7.092039019603907,0.08348492154119658
wind,CAN,Canada,2010,3207.7690771495986,8.073330982963304,5.180162236673185,4.822296444001899,5.619538317103914,Fig 2.6,C10,wind_CAN_2024,8.26641333527764,-0.19308235231433635
wind,CAN,Canada,2011,2958.624826998695,7.992479853891425,5.376417249698097,4.998697446862276,5.708815243916515,Fig 2.6,D10,wind_CAN_2024,8.162976972738576,-0.1704971188471518
wind,CAN,Canada,2012,3223.160817655416,8.078117777454098,5.56590362647905,5.137394768957262,5.649587532329162,Fig 2.6,E10,wind_CAN_2024,8.063108025378538,0.015009752075560101
wind,CAN,Canada,2013,3108.906080752496,8.042026200774055,5.677698971893068,5.271086410766464,5.570291277483226,Fig 2.6,F10,wind_CAN_2024,8.004186198617575,0.03784000215648042
wind,CAN,Canada,2014,2909.720813813772,7.975812415292794,5.830825584658366,5.389968287621304,5.580565173034719,Fig 2.6,G10,wind_CAN_2024,7.923480694140297,0.0523317211524974
wind,CAN,Canada,2015,3005.7168964844445,8.008271386398194,6.002024865148459,5.479418664657636,5.457078829862897,Fig 2.6,H10,wind_CAN_2024,7.833249975595785,0.17502141080240907
wind,CAN,Canada,2016,2815.1240756907487,7.942761616224381,6.114760027948734,5.503732268414333,5.390606073342965,Fig 2.6,I10,wind_CAN_2024,7.773832817325134,0.1689287988992465
wind,CAN,Canada,2017,2471.4182906315746,7.812547471561849,6.2059349955659755,5.541918527785211,5.479810592208201,Fig 2.6,J10,wind_CAN_2024,7.725778977274958,0.08676849428689071
wind,CAN,Canada,2018,2210.7149219336798,7.701071236286506,6.290532398624406,5.540715306018656,5.574854860972366,Fig 2.6,K10,wind_CAN_2024,7.681191847918398,0.019879388368107875
wind,CAN,Canada,2019,2894.3307568325185,7.970509191204135,6.38729428375806,5.505334054872469,5.522971247577784,Fig 2.6,L10,wind_CAN_2024,7.630193418495463,0.34031577270867164
wind,CAN,Canada,2020,1658.650703711003,7.413759721736148,6.5486992739946635,5.468373269138832,5.409727586029495,Fig 2.6,M10,wind_CAN_2024,7.545124788510414,-0.13136506677426585
wind,CAN,Canada,2021,1553.9705855540396,7.348568602533548,6.645448863841342,5.445506338822339,6.006814707669157,Fig 2.6,N10,wind_CAN_2024,7.4941328393283735,-0.14556423679482577
wind,CAN,Canada,2022,1819.9977599750696,7.5065905492871545,6.733146895042726,5.411217480302619,6.013632913023564,Fig 2.6,O10,wind_CAN_2024,7.447911521414028,0.05867902787312662
wind,CAN,Canada,2023,1454.1580407027554,7.282182345930026,6.849202095255681,5.365907195612585,5.796167476800661,Fig 2.6,P10,wind_CAN_2024,7.386744534753426,-0.10456218882340007
wind,CAN,Canada,2024,1237.5279556276118,7.120871084593837,6.955776347473294,5.308656183746518,5.674641698918291,Fig 2.6,Q10,wind_CAN_2024,7.330574489362986,-0.20970340476914906
wind,CHL,Chile,2011,3265.2344885307416,8.091086857977238,5.376417249698097,4.998697446862276,5.708815243916515,Fig 2.7,D10,wind_CHL_2024,8.074865575408483,0.016221282568755768
wind,CHL,Chile,2012,2454.110221033898,7.805519539108954,5.56590362647905,5.137394768957262,5.649587532329162,Fig 2.7,E10,wind_CHL_2024,7.983247258178018,-0.17772771906906382
wind,CHL,Chile,2013,2466.123651565242,7.810402825032174,5.677698971893068,5.271086410766464,5.570291277483226,Fig 2.7,F10,wind_CHL_2024,7.929193232790897,-0.1187904077587234
wind,CHL,Chile,2014,2623.903755713473,7.872418470928455,5.830825584658366,5.389968287621304,5.580565173034719,Fig 2.7,G10,wind_CHL_2024,7.855155178852194,0.01726329207626076
wind,CHL,Chile,2015,2706.712909541826,7.903490229147764,6.002024865148459,5.479418664657636,5.457078829862897,Fig 2.7,H10,wind_CHL_2024,7.772378832309347,0.131111396838417
wind,CHL,Chile,2016,2367.7675341860468,7.769702821499991,6.114760027948734,5.503732268414333,5.390606073342965,Fig 2.7,I10,wind_CHL_2024,7.717870397012156,0.051832424487835205
wind,CHL,Chile,2017,2134.7585446078992,7.666108825406663,6.2059349955659755,5.541918527785211,5.479810592208201,Fig 2.7,J10,wind_CHL_2024,7.673786504288351,-0.0076776788816879105
wind,CHL,Chile,2018,2079.752423641779,7.640004138515779,6.290532398624406,5.540715306018656,5.574854860972366,Fig 2.7,K10,wind_CHL_2024,7.632882921445345,0.007121217070433339
wind,CHL,Chile,2019,2937.134028653069,7.985189564700491,6.38729428375806,5.505334054872469,5.522971247577784,Fig 2.7,L10,wind_CHL_2024,7.586097705333259,0.3990918593672319
wind,CHL,Chile,2020,1804.7832373729827,7.4981957734575175,6.5486992739946635,5.468373269138832,5.409727586029495,Fig 2.7,M10,wind_CHL_2024,7.5080569836239,-0.009861210166382861
wind,CHL,Chile,2021,1787.502728105507,7.488574800779869,6.645448863841342,5.445506338822339,6.006814707669157,Fig 2.7,N10,wind_CHL_2024,7.461277712390395,0.02729708838947431
wind,CHL,Chile,2022,1363.8017447948732,7.218031479448451,6.733146895042726,5.411217480302619,6.013632913023564,Fig 2.7,O10,wind_CHL_2024,7.418874948774391,-0.20084346932594066
wind,CHL,Chile,2023,1569.7343454319437,7.358661677294034,6.849202095255681,5.365907195612585,5.796167476800661,Fig 2.7,P10,wind_CHL_2024,7.3627612464070324,-0.00409956911299858
wind,CHL,Chile,2024,1313.2932051102064,7.180293158672457,6.955776347473294,5.308656183746518,5.674641698918291,Fig 2.7,Q10,wind_CHL_2024,7.311231665156132,-0.130938506483675
wind,CHN,China,2010,1765.1775585802086,7.476006564069738,5.180162236673185,4.822296444001899,5.619538317103914,Fig 2.6,C11,wind_CHN_2024,7.5760880784558235,-0.10008151438608515
wind,CHN,China,2011,1717.2558524790718,7.448482861141217,5.376417249698097,4.998697446862276,5.708815243916515,Fig 2.6,D11,wind_CHN_2024,7.513710649886376,-0.06522778874515911
wind,CHN,China,2012,1679.930392658511,7.426507638597574,5.56590362647905,5.137394768957262,5.649587532329162,Fig 2.6,E11,wind_CHN_2024,7.453484555529047,-0.026976916931473305
wind,CHN,China,2013,1595.826062577922,7.3751467887234705,5.677698971893068,5.271086410766464,5.570291277483226,Fig 2.6,F11,wind_CHN_2024,7.417951673767324,-0.0428048850438536
wind,CHN,China,2014,1620.231001590525,7.390324011635331,5.830825584658366,5.389968287621304,5.580565173034719,Fig 2.6,G11,wind_CHN_2024,7.369282117751263,0.02104189388406752
wind,CHN,China,2015,1573.0075398913566,7.360744696366152,6.002024865148459,5.479418664657636,5.457078829862897,Fig 2.6,H11,wind_CHN_2024,7.314868369407643,0.04587632695850896
wind,CHN,China,2016,1567.4215724643543,7.357187237739795,6.114760027948734,5.503732268414333,5.390606073342965,Fig 2.6,I11,wind_CHN_2024,7.279036777355794,0.07815046038400109
wind,CHN,China,2017,1485.129867089238,7.303257499998391,6.2059349955659755,5.541918527785211,5.479810592208201,Fig 2.6,J11,wind_CHN_2024,7.250057848653757,0.05319965134463356
wind,CHN,China,2018,1538.8013700592198,7.338759061220361,6.290532398624406,5.540715306018656,5.574854860972366,Fig 2.6,K11,wind_CHN_2024,7.223169524197209,0.11558953702315211
wind,CHN,China,2019,1455.786865501193,7.283301834457164,6.38729428375806,5.505334054872469,5.522971247577784,Fig 2.6,L11,wind_CHN_2024,7.192414857169144,0.09088697728801964
wind,CHN,China,2020,1487.7151523770567,7.304996767213876,6.5486992739946635,5.468373269138832,5.409727586029495,Fig 2.6,M11,wind_CHN_2024,7.141114112826079,0.16388265438779648
wind,CHN,China,2021,1314.7834349389225,7.18142724278989,6.645448863841342,5.445506338822339,6.006814707669157,Fig 2.6,N11,wind_CHN_2024,7.11036335371544,0.07106388907445016
wind,CHN,China,2022,1170.7756516936995,7.06542175830297,6.733146895042726,5.411217480302619,6.013632913023564,Fig 2.6,O11,wind_CHN_2024,7.082489529793036,-0.017067771490065553
wind,CHN,China,2023,1009.8615152494498,6.917568486819968,6.849202095255681,5.365907195612585,5.796167476800661,Fig 2.6,P11,wind_CHN_2024,7.045602701529049,-0.12803421470908116
wind,CHN,China,2024,855.9662826565387,6.752230985946027,6.955776347473294,5.308656183746518,5.674641698918291,Fig 2.6,Q11,wind_CHN_2024,7.011729284985021,-0.25949829903899424
wind,CRI,Costa Rica,2011,2634.992405760143,7.876635578906848,5.376417249698097,4.998697446862276,5.708815243916515,Fig 2.7,D11,wind_CRI_2024,8.081846024313391,-0.20521044540654287
wind,CRI,Costa Rica,2012,4005.4362182763616,8.295407771992343,5.56590362647905,5.137394768957262,5.649587532329162,Fig 2.7,E11,wind_CRI_2024,8.057988731936339,0.2374190400560039
wind,CRI,Costa Rica,2014,3071.720451189754,8.029993091165238,5.830825584658366,5.389968287621304,5.580565173034719,Fig 2.7,G11,wind_CRI_2024,8.024633718659098,0.005359372506140048
wind,CRI,Costa Rica,2015,3159.394728327746,8.058135746566075,6.002024865148459,5.479418664657636,5.457078829862897,Fig 2.7,H11,wind_CRI_2024,8.003078864116102,0.05505688244997309
wind,CRI,Costa Rica,2016,3115.3201822382603,8.044087213174704,6.114760027948734,5.503732268414333,5.390606073342965,Fig 2.7,I11,wind_CRI_2024,7.9888849374297,0.05520227574500414
wind,CRI,Costa Rica,2017,2513.869360285149,7.829578422917374,6.2059349955659755,5.541918527785211,5.479810592208201,Fig 2.7,J11,wind_CRI_2024,7.97740554826798,-0.14782712535060671
wind,CYP,Cyprus,2010,2242.557989933084,7.7153724531005325,5.180162236673185,4.822296444001899,5.619538317103914,Fig 2.7,C13,wind_CYP_2024,7.781370572983126,-0.06599811988259319
wind,CYP,Cyprus,2011,2373.098872068914,7.7719519209992685,5.376417249698097,4.998697446862276,5.708815243916515,Fig 2.7,D13,wind_CYP_2024,7.788500427014041,-0.016548506014772535
wind,CYP,Cyprus,2012,2535.3738669546096,7.838096387184255,5.56590362647905,5.137394768957262,5.649587532329162,Fig 2.7,E13,wind_CYP_2024,7.795384379614649,0.04271200756960525
wind,CYP,Cyprus,2013,2737.7533005682053,7.914892899732059,5.677698971893068,5.271086410766464,5.570291277483226,Fig 2.7,F13,wind_CYP_2024,7.799445852908259,0.11544704682379958
wind,CYP,Cyprus,2016,2297.80971606113,7.739711650829304,6.114760027948734,5.503732268414333,5.390606073342965,Fig 2.7,I13,wind_CYP_2024,7.815324079325228,-0.07561242849592364
wind,DEU,Germany,2010,2704.819128610142,7.902790323466474,5.180162236673185,4.822296444001899,5.619538317103914,Fig 2.6,C14,wind_DEU_2024,7.939882587225776,-0.037092263759302746
wind,DEU,Germany,2011,2704.819128610142,7.902790323466474,5.376417249698097,4.998697446862276,5.708815243916515,Fig 2.6,D14,wind_DEU_2024,7.892344198545913,0.010446124920560962
wind,DEU,Germany,2012,2457.322731337371,7.80682771568095,5.56590362647905,5.137394768957262,5.649587532329162,Fig 2.6,E14,wind_DEU_2024,7.846445360650706,-0.03961764496975562
wind,DEU,Germany,2013,2427.545592608569,7.794635981702213,5.677698971893068,5.271086410766464,5.570291277483226,Fig 2.6,F14,wind_DEU_2024,7.819365437947194,-0.02472945624498113
wind,DEU,Germany,2014,2394.891197421886,7.78109307976168,5.830825584658366,5.389968287621304,5.580565173034719,Fig 2.6,G14,wind_DEU_2024,7.782273939887251,-0.0011808601255705042
wind,DEU,Germany,2015,2350.285901628808,7.762292260005772,6.002024865148459,5.479418664657636,5.457078829862897,Fig 2.6,H14,wind_DEU_2024,7.740804742172449,0.021487517833323366
wind,DEU,Germany,2016,2305.478060177636,7.74304333530464,6.114760027948734,5.503732268414333,5.390606073342965,Fig 2.6,I14,wind_DEU_2024,7.713497169721257,0.0295461655833833
wind,DEU,Germany,2017,2305.1190969879626,7.7428876230712085,6.2059349955659755,5.541918527785211,5.479810592208201,Fig 2.6,J14,wind_DEU_2024,7.69141207247122,0.05147555059998865
wind,DEU,Germany,2018,2267.184611637869,7.72629408152712,6.290532398624406,5.540715306018656,5.574854860972366,Fig 2.6,K14,wind_DEU_2024,7.67092024316244,0.05537383836468024
wind,DEU,Germany,2019,2098.5998414809087,7.649025659188169,6.38729428375806,5.505334054872469,5.522971247577784,Fig 2.6,L14,wind_DEU_2024,7.647481840066484,0.0015438191216849972
wind,DEU,Germany,2020,2089.1128870850494,7.644494798911768,6.5486992739946635,5.468373269138832,5.409727586029495,Fig 2.6,M14,wind_DEU_2024,7.60838509016709,0.03610970874467778
wind,DEU,Germany,2021,1944.2419851493808,7.572627455231147,6.645448863841342,5.445506338822339,6.006814707669157,Fig 2.6,N14,wind_DEU_2024,7.584949665329484,-0.012322210098337116
wind,DEU,Germany,2022,2011.7394262867956,7.606755013034697,6.733146895042726,5.411217480302619,6.013632913023564,Fig 2.6,O14,wind_DEU_2024,7.563706778182539,0.04304823485215792
wind,DEU,Germany,2023,1791.825824693949,7.490990392769711,6.849202095255681,5.365907195612585,5.796167476800661,Fig 2.6,P14,wind_DEU_2024,7.535595000903543,-0.044604608133831825
wind,DEU,Germany,2024,1669.527372030262,7.420295854595376,6.955776347473294,5.308656183746518,5.674641698918291,Fig 2.6,Q14,wind_DEU_2024,7.509779771284192,-0.08948391668881595
wind,DNK,Denmark,2010,2829.308711935296,7.9477876893972095,5.180162236673185,4.822296444001899,5.619538317103914,Fig 2.7,C14,wind_DNK_2024,7.962700368414885,-0.014912679017675678
wind,DNK,Denmark,2011,3043.07870350374,8.020625013349475,5.376417249698097,4.998697446862276,5.708815243916515,Fig 2.7,D14,wind_DNK_2024,7.918559337750427,0.10206567559904833
wind,DNK,Denmark,2012,2452.067550343923,7.804686845756536,5.56590362647905,5.137394768957262,5.649587532329162,Fig 2.7,E14,wind_DNK_2024,7.875940686440239,-0.07125384068370266
wind,DNK,Denmark,2013,2669.609953528281,7.889687655902,5.677698971893068,5.271086410766464,5.570291277483226,Fig 2.7,F14,wind_DNK_2024,7.850796045832065,0.03889161006993458
wind,DNK,Denmark,2015,2263.446969548236,7.724644138083,6.002024865148459,5.479418664657636,5.457078829862897,Fig 2.7,H14,wind_DNK_2024,7.777849734913389,-0.053205596830388835
wind,DNK,Denmark,2016,2263.446969548236,7.724644138083,6.114760027948734,5.503732268414333,5.390606073342965,Fig 2.7,I14,wind_DNK_2024,7.752493713676378,-0.027849575593378084
wind,DNK,Denmark,2017,2085.510402489083,7.642768901631793,6.2059349955659755,5.541918527785211,5.479810592208201,Fig 2.7,J14,wind_DNK_2024,7.731986940476588,-0.08921803884479562
wind,DNK,Denmark,2018,2266.005369502973,7.725773811180455,6.290532398624406,5.540715306018656,5.574854860972366,Fig 2.7,K14,wind_DNK_2024,7.712959571417425,0.012814239763029533
wind,DNK,Denmark,2019,2262.846856831192,7.724378970710496,6.38729428375806,5.505334054872469,5.522971247577784,Fig 2.7,L14,wind_DNK_2024,7.691196207144568,0.033182763565927864
wind,DNK,Denmark,2020,2262.846856831192,7.724378970710496,6.5486992739946635,5.468373269138832,5.409727586029495,Fig 2.7,M14,wind_DNK_2024,7.654893528738457,0.06948544197203876
wind,DOM,Dominican Republic,2011,1679.6966524738002,7.4263684920899715,5.376417249698097,4.998697446862276,5.708815243916515,Fig 2.7,D15,wind_DOM_2024,7.800445793809372,-0.37407730171940035
wind,DOM,Dominican Republic,2012,2944.0833147834683,7.987552779306848,5.56590362647905,5.137394768957262,5.649587532329162,Fig 2.7,E15,wind_DOM_2024,7.796450870252913,0.19110190905393498
wind,DOM,Dominican Republic,2013,2581.7700596941995,7.856230512326383,5.677698971893068,5.271086410766464,5.570291277483226,Fig 2.7,F15,wind_DOM_2024,7.794093899443275,0.062136612883108455
wind,DOM,Dominican Republic,2014,2642.604327619912,7.879520197615918,5.830825584658366,5.389968287621304,5.580565173034719,Fig 2.7,G15,wind_DOM_2024,7.79086554539034,0.08865465222557756
wind,DOM,Dominican Republic,2016,2996.2627041845085,8.00512102576781,6.114760027948734,5.503732268414333,5.390606073342965,Fig 2.7,I15,wind_DOM_2024,7.784879382082664,0.22024164368514576
wind,DOM,Dominican Republic,2017,2430.34790389692,7.795789696414651,6.2059349955659755,5.541918527785211,5.479810592208201,Fig 2.7,J15,wind_DOM_2024,7.7829571487692135,0.012832547645437842
wind,DOM,Dominican Republic,2018,2490.7292182794527,7.820330805330769,6.290532398624406,5.540715306018656,5.574854860972366,Fig 2.7,K15,wind_DOM_2024,7.781173589634068,0.03915721569670172
wind,DOM,Dominican Republic,2019,2067.6597741513083,7.634172702824347,6.38729428375806,5.505334054872469,5.522971247577784,Fig 2.7,L15,wind_DOM_2024,7.779133567861239,-0.1449608650368921
wind,DOM,Dominican Republic,2020,2426.716749234008,7.794294490730261,6.5486992739946635,5.468373269138832,5.409727586029495,Fig 2.7,M15,wind_DOM_2024,7.775730681550464,0.018563809179796387
wind,DOM,Dominican Republic,2024,2108.0067043255785,7.653498090076299,6.955776347473294,5.308656183746518,5.674641698918291,Fig 2.7,Q15,wind_DOM_2024,7.767148313689719,-0.11365022361342003
wind,EGY,Egypt,2010,1834.4723256991092,7.514512158208183,5.180162236673185,4.822296444001899,5.619538317103914,Fig 2.7,C16,wind_EGY_2024,7.669681635845725,-0.15516947763754185
wind,EGY,Egypt,2015,2301.625233767108,7.741370775753493,6.002024865148459,5.479418664657636,5.457078829862897,Fig 2.7,H16,wind_EGY_2024,7.535018640052558,0.2063521357009357
wind,EGY,Egypt,2018,2081.496440671476,7.640842356651092,6.290532398624406,5.540715306018656,5.574854860972366,Fig 2.7,K16,wind_EGY_2024,7.487746398414261,0.15309595823683075
wind,EGY,Egypt,2020,1724.073795680908,7.452445255226854,6.5486992739946635,5.468373269138832,5.409727586029495,Fig 2.7,M16,wind_EGY_2024,7.445445503292144,0.006999751934709586
wind,EGY,Egypt,2021,1622.5135592682948,7.391731805565387,6.645448863841342,5.445506338822339,6.006814707669157,Fig 2.7,N16,wind_EGY_2024,7.4295929883351315,-0.037861182769744595
wind,EGY,Egypt,2022,1558.2033844385596,7.351288759912471,6.733146895042726,5.411217480302619,6.013632913023564,Fig 2.7,O16,wind_EGY_2024,7.4152235801182735,-0.06393482020580254
wind,EGY,Egypt,2024,1435.4923368827383,7.2692631612555,6.955776347473294,5.308656183746518,5.674641698918291,Fig 2.7,Q16,wind_EGY_2024,7.378745526514946,-0.10948236525944566
wind,ESP,Spain,2010,2917.3316496399493,7.978424658859099,5.180162236673185,4.822296444001899,5.619538317103914,Fig 2.6,C18,wind_ESP_2024,8.051672465327353,-0.07324780646825424
wind,ESP,Spain,2011,2838.1110057057613,7.95089397101628,5.376417249698097,4.998697446862276,5.708815243916515,Fig 2.6,D18,wind_ESP_2024,7.9529372694744715,-0.0020432984581919555
wind,ESP,Spain,2012,2489.7916665030607,7.819954317887325,5.56590362647905,5.137394768957262,5.649587532329162,Fig 2.6,E18,wind_ESP_2024,7.857607350332248,-0.03765303244492291
wind,ESP,Spain,2013,2478.4744316553188,7.815398501351464,5.677698971893068,5.271086410766464,5.570291277483226,Fig 2.6,F18,wind_ESP_2024,7.801363511488281,0.014034989863183078
wind,ESP,Spain,2014,2087.660762101033,7.6437994655446815,5.830825584658366,5.389968287621304,5.580565173034719,Fig 2.6,G18,wind_ESP_2024,7.724326059712457,-0.0805265941677753
wind,ESP,Spain,2015,1974.0001131302856,7.587817277303601,6.002024865148459,5.479418664657636,5.457078829862897,Fig 2.6,H18,wind_ESP_2024,7.638196313376161,-0.050379036072560446
wind,ESP,Spain,2016,1944.6505362263824,7.572837567018119,6.114760027948734,5.503732268414333,5.390606073342965,Fig 2.6,I18,wind_ESP_2024,7.581479655763043,-0.008642088744923448
wind,ESP,Spain,2017,2134.4262580278214,7.665953157945023,6.2059349955659755,5.541918527785211,5.479810592208201,Fig 2.6,J18,wind_ESP_2024,7.535609855314043,0.1303433026309806
wind,ESP,Spain,2018,2785.848293599864,7.93230769973432,6.290532398624406,5.540715306018656,5.574854860972366,Fig 2.6,K18,wind_ESP_2024,7.493049204093586,0.4392584956407344
wind,ESP,Spain,2019,1848.056275124011,7.521889703644912,6.38729428375806,5.505334054872469,5.522971247577784,Fig 2.6,L18,wind_ESP_2024,7.444368645403587,0.0775210582413246
wind,ESP,Spain,2020,1450.2230865567224,7.279472676378232,6.5486992739946635,5.468373269138832,5.409727586029495,Fig 2.6,M18,wind_ESP_2024,7.363166371499782,-0.0836936951215499
wind,ESP,Spain,2021,1330.7665242650544,7.193510389233,6.645448863841342,5.445506338822339,6.006814707669157,Fig 2.6,N18,wind_ESP_2024,7.314491998524732,-0.1209816092917313
wind,ESP,Spain,2022,1230.4390450051137,7.1151263318346105,6.733146895042726,5.411217480302619,6.013632913023564,Fig 2.6,O18,wind_ESP_2024,7.270371432363795,-0.15524510052918483
wind,ESP,Spain,2023,1185.8472461907195,7.078212773784249,6.849202095255681,5.365907195612585,5.796167476800661,Fig 2.6,P18,wind_ESP_2024,7.211984475790527,-0.1337717020062783
wind,ESP,Spain,2024,1398.8328190572436,7.243393467208269,6.955776347473294,5.308656183746518,5.674641698918291,Fig 2.6,Q18,wind_ESP_2024,7.1583673502792164,0.08502611692905226
wind,ETH,Ethiopia,2011,3150.065554401592,8.055178542524274,5.376417249698097,4.998697446862276,5.708815243916515,Fig 2.7,D17,wind_ETH_2024,8.077404406902533,-0.022225864378258464
wind,ETH,Ethiopia,2012,2952.202658292882,7.990306834547204,5.56590362647905,5.137394768957262,5.649587532329162,Fig 2.7,E17,wind_ETH_2024,8.030424946385343,-0.04011811183813929
wind,ETH,Ethiopia,2015,2835.472782216877,7.949963968471979,6.002024865148459,5.479418664657636,5.457078829862897,Fig 2.7,H17,wind_ETH_2024,7.922297170337032,0.027666798134947435
wind,ETH,Ethiopia,2016,3113.16154795305,8.043394063715446,6.114760027948734,5.503732268414333,5.390606073342965,Fig 2.7,I17,wind_ETH_2024,7.894346680071461,0.1490473836439854
wind,ETH,Ethiopia,2019,2262.846856831192,7.724378970710496,6.38729428375806,5.505334054872469,5.522971247577784,Fig 2.7,L17,wind_ETH_2024,7.826777113710622,-0.1023981430001264
wind,ETH,Ethiopia,2022,2273.458740323888,7.7290576250132474,6.733146895042726,5.411217480302619,6.013632913023564,Fig 2.7,O17,wind_ETH_2024,7.741029687575617,-0.011972062562369601
wind,FIN,Finland,2013,2142.7629845142656,7.669851389503609,5.677698971893068,5.271086410766464,5.570291277483226,Fig 2.6,F12,wind_FIN_2024,7.907704885511826,-0.23785349600821704
wind,FIN,Finland,2014,2414.343434184785,7.789182659220571,5.830825584658366,5.389968287621304,5.580565173034719,Fig 2.6,G12,wind_FIN_2024,7.837695570125797,-0.04851291090522647
wind,FIN,Finland,2015,2799.030658995477,7.937028443008689,6.002024865148459,5.479418664657636,5.457078829862897,Fig 2.6,H12,wind_FIN_2024,7.759423451352671,0.17760499165601829
wind,FIN,Finland,2016,2548.345259794914,7.843199509786749,6.114760027948734,5.503732268414333,5.390606073342965,Fig 2.6,I12,wind_FIN_2024,7.707881061528658,0.13531844825809092
wind,FIN,Finland,2017,2500.0955561062096,7.824084232568317,6.2059349955659755,5.541918527785211,5.479810592208201,Fig 2.6,J12,wind_FIN_2024,7.66619596872895,0.15788826383936705
wind,FIN,Finland,2018,2328.839738915602,7.7531254564027945,6.290532398624406,5.540715306018656,5.574854860972366,Fig 2.6,K12,wind_FIN_2024,7.627518131058535,0.12560732534425956
wind,FIN,Finland,2019,1702.578355081368,7.439899060507271,6.38729428375806,5.505334054872469,5.522971247577784,Fig 2.6,L12,wind_FIN_2024,7.583278705844764,-0.14337964533749314
wind,FIN,Finland,2020,1461.2659092266636,7.28705840013619,6.5486992739946635,5.468373269138832,5.409727586029495,Fig 2.6,M12,wind_FIN_2024,7.509484525575964,-0.2224261254397737
wind,FIN,Finland,2021,1924.0934296925905,7.562210190177931,6.645448863841342,5.445506338822339,6.006814707669157,Fig 2.6,N12,wind_FIN_2024,7.465250721753589,0.096959468424342
wind,FIN,Finland,2022,1878.581382967341,7.538272187454535,6.733146895042726,5.411217480302619,6.013632913023564,Fig 2.6,O12,wind_FIN_2024,7.425155280378405,0.11311690707612954
wind,FIN,Finland,2023,1451.2472909645935,7.280178666319295,6.849202095255681,5.365907195612585,5.796167476800661,Fig 2.6,P12,wind_FIN_2024,7.372094973177914,-0.09191630685861885
wind,FIN,Finland,2024,1423.6260109303323,7.2609624247042515,6.955776347473294,5.308656183746518,5.674641698918291,Fig 2.6,Q12,wind_FIN_2024,7.3233693447532255,-0.06240692004897408
wind,FRA,France,2010,2950.0624683907927,7.989581624835355,5.180162236673185,4.822296444001899,5.619538317103914,Fig 2.6,C13,wind_FRA_2024,7.90046142619489,0.08912019864046528
wind,FRA,France,2011,2644.948773343461,7.880406976748881,5.376417249698097,4.998697446862276,5.708815243916515,Fig 2.6,D13,wind_FRA_2024,7.857576503969486,0.022830472779395095
wind,FRA,France,2012,2400.053077507022,7.783246131719416,5.56590362647905,5.137394768957262,5.649587532329162,Fig 2.6,E13,wind_FRA_2024,7.8161706391929595,-0.032924507473543585
wind,FRA,France,2013,2262.0084106773293,7.724008374917309,5.677698971893068,5.271086410766464,5.570291277483226,Fig 2.6,F13,wind_FRA_2024,7.791741532290942,-0.06773315737363284
wind,FRA,France,2014,2137.2782742110044,7.667288464067172,5.830825584658366,5.389968287621304,5.580565173034719,Fig 2.6,G13,wind_FRA_2024,7.758280869157481,-0.09099240509030881
wind,FRA,France,2015,2131.6884264783607,7.664669633179376,6.002024865148459,5.479418664657636,5.457078829862897,Fig 2.6,H13,wind_FRA_2024,7.72087103327252,-0.05620140009314323
wind,FRA,France,2016,2109.213578229046,7.65407044525604,6.114760027948734,5.503732268414333,5.390606073342965,Fig 2.6,I13,wind_FRA_2024,7.696236560938585,-0.04216611568254525
wind,FRA,France,2017,2402.662458269312,7.784332759065802,6.2059349955659755,5.541918527785211,5.479810592208201,Fig 2.6,J13,wind_FRA_2024,7.676313343004413,0.10801941606138943
wind,FRA,France,2018,2320.5563744430056,7.74956225247922,6.290532398624406,5.540715306018656,5.574854860972366,Fig 2.6,K13,wind_FRA_2024,7.6578274302386,0.09173482224062024
wind,FRA,France,2019,2101.797854337148,7.6505483785617905,6.38729428375806,5.505334054872469,5.522971247577784,Fig 2.6,L13,wind_FRA_2024,7.636683379677132,0.01386499888465842
wind,FRA,France,2020,1823.726881097778,7.508637423182433,6.5486992739946635,5.468373269138832,5.409727586029495,Fig 2.6,M13,wind_FRA_2024,7.601413756005352,-0.0927763328229183
wind,FRA,France,2021,2020.280869555222,7.610991825063751,6.645448863841342,5.445506338822339,6.006814707669157,Fig 2.6,N13,wind_FRA_2024,7.580272392164685,0.030719432899066312
wind,FRA,France,2022,2035.8130904453128,7.618650571121013,6.733146895042726,5.411217480302619,6.013632913023564,Fig 2.6,O13,wind_FRA_2024,7.561108941563221,0.057541629557792184
wind,FRA,France,2023,1787.5143272747575,7.488581289794646,6.849202095255681,5.365907195612585,5.796167476800661,Fig 2.6,P13,wind_FRA_2024,7.535748986888562,-0.047167697093915883
wind,FRA,France,2024,1860.4830152221043,7.528591418598059,6.955776347473294,5.308656183746518,5.674641698918291,Fig 2.6,Q13,wind_FRA_2024,7.512460774031534,0.01613064456652502
wind,GBR,United Kingdom,2010,2646.677480945218,7.881060351564177,5.180162236673185,4.822296444001899,5.619538317103914,Fig 2.6,C21,wind_GBR_2024,8.053468420683393,-0.17240806911921602
wind,GBR,United Kingdom,2011,2809.9113674102177,7.94090821998344,5.376417249698097,4.998697446862276,5.708815243916515,Fig 2.6,D21,wind_GBR_2024,7.988345937595451,-0.0474377176120111
wind,GBR,United Kingdom,2012,2747.880979690672,7.918585340792428,5.56590362647905,5.137394768957262,5.649587532329162,Fig 2.6,E21,wind_GBR_2024,7.925469462864349,-0.006884122071920906
wind,GBR,United Kingdom,2013,2761.2528998111115,7.92343980491435,5.677698971893068,5.271086410766464,5.570291277483226,Fig 2.6,F21,wind_GBR_2024,7.888372879297789,0.03506692561656166
wind,GBR,United Kingdom,2014,2697.606225405735,7.900120075562041,5.830825584658366,5.389968287621304,5.580565173034719,Fig 2.6,G21,wind_GBR_2024,7.837561513532288,0.06255856202975352
wind,GBR,United Kingdom,2015,2657.2208697143733,7.885036069784921,6.002024865148459,5.479418664657636,5.457078829862897,Fig 2.6,H21,wind_GBR_2024,7.780753169752714,0.10428290003220742
wind,GBR,United Kingdom,2016,2491.129940503493,7.820491677893454,6.114760027948734,5.503732268414333,5.390606073342965,Fig 2.6,I21,wind_GBR_2024,7.743344730499519,0.0771469473939348
wind,GBR,United Kingdom,2017,2516.6323084024853,7.830676901191364,6.2059349955659755,5.541918527785211,5.479810592208201,Fig 2.6,J21,wind_GBR_2024,7.713090520962748,0.1175863802286159
wind,GBR,United Kingdom,2018,2198.396210530895,7.695483378286959,6.290532398624406,5.540715306018656,5.574854860972366,Fig 2.6,K21,wind_GBR_2024,7.685018917261816,0.010464461025143201
wind,GBR,United Kingdom,2019,2258.591645264536,7.722496732205661,6.38729428375806,5.505334054872469,5.522971247577784,Fig 2.6,L21,wind_GBR_2024,7.652910824168806,0.0695859080368546
wind,GBR,United Kingdom,2020,2047.40763272174,7.624329702485823,6.5486992739946635,5.468373269138832,5.409727586029495,Fig 2.6,M21,wind_GBR_2024,7.599352478906775,0.024977223579047525
wind,GBR,United Kingdom,2021,2203.410301410913,7.69776157612918,6.645448863841342,5.445506338822339,6.006814707669157,Fig 2.6,N21,wind_GBR_2024,7.5672484657076025,0.13051311042157732
wind,GBR,United Kingdom,2022,1573.6200074383676,7.361133981431215,6.733146895042726,5.411217480302619,6.013632913023564,Fig 2.6,O21,wind_GBR_2024,7.538147993491727,-0.17701401206051148
wind,GBR,United Kingdom,2023,1303.0584580732284,7.172469440334308,6.849202095255681,5.365907195612585,5.796167476800661,Fig 2.6,P21,wind_GBR_2024,7.499637880059991,-0.3271684397256829
wind,GBR,United Kingdom,2024,1925.620884875948,7.56300373231571,6.955776347473294,5.308656183746518,5.674641698918291,Fig 2.6,Q21,wind_GBR_2024,7.464273790090118,0.09872994222559228
wind,GRC,Greece,2010,3004.097116805965,8.007732341524553,5.180162236673185,4.822296444001899,5.619538317103914,Fig 2.7,C18,wind_GRC_2024,7.908152534242085,0.09957980728246874
wind,GRC,Greece,2011,1926.802072054809,7.56361695014204,5.376417249698097,4.998697446862276,5.708815243916515,Fig 2.7,D18,wind_GRC_2024,7.863917447278817,-0.3003004971367771
wind,GRC,Greece,2012,2703.561658071505,7.902325315320453,5.56590362647905,5.137394768957262,5.649587532329162,Fig 2.7,E18,wind_GRC_2024,7.82120798357612,0.08111733174433233
wind,GRC,Greece,2014,2429.43308064844,7.795413208971207,5.830825584658366,5.389968287621304,5.580565173034719,Fig 2.7,G18,wind_GRC_2024,7.761495644625301,0.03391756434590665
wind,GRC,Greece,2015,2414.343434184785,7.789182659220571,6.002024865148459,5.479418664657636,5.457078829862897,Fig 2.7,H18,wind_GRC_2024,7.722908018537163,0.0662746406834076
wind,GRC,Greece,2016,2054.6866274333765,7.627878622568986,6.114760027948734,5.503732268414333,5.390606073342965,Fig 2.7,I18,wind_GRC_2024,7.697497968350801,-0.06961934578181506
wind,GRC,Greece,2017,2279.9391883381822,7.731904049811289,6.2059349955659755,5.541918527785211,5.479810592208201,Fig 2.7,J18,wind_GRC_2024,7.676947499044267,0.054956550767021994
wind,GRC,Greece,2018,2511.1647367498217,7.828501963038985,6.290532398624406,5.540715306018656,5.574854860972366,Fig 2.7,K18,wind_GRC_2024,7.6578795862125,0.1706223768264845
wind,GRC,Greece,2019,2192.378913089225,7.692742494939803,6.38729428375806,5.505334054872469,5.522971247577784,Fig 2.7,L18,wind_GRC_2024,7.636069848271827,0.05667264666797589
wind,GRC,Greece,2020,2202.5787219674644,7.697384099268066,6.5486992739946635,5.468373269138832,5.409727586029495,Fig 2.7,M18,wind_GRC_2024,7.599689815632788,0.09769428363527854
wind,GRC,Greece,2021,1540.4361586828409,7.339820875232406,6.645448863841342,5.445506338822339,6.006814707669157,Fig 2.7,N18,wind_GRC_2024,7.577882849000119,-0.23806197376771276
wind,GRC,Greece,2022,1963.843736777833,7.582658921990307,6.733146895042726,5.411217480302619,6.013632913023564,Fig 2.7,O18,wind_GRC_2024,7.558116067113084,0.02454285487722263
wind,GRC,Greece,2023,1600.845018371483,7.378286905295062,6.849202095255681,5.365907195612585,5.796167476800661,Fig 2.7,P18,wind_GRC_2024,7.531957693908586,-0.1536707886135238
wind,GRC,Greece,2024,1966.8938205766929,7.584210836544009,6.955776347473294,5.308656183746518,5.674641698918291,Fig 2.7,Q18,wind_GRC_2024,7.507936288074265,0.07627454846974402
wind,HRV,Croatia,2011,2428.2141588364498,7.794911352093801,5.376417249698097,4.998697446862276,5.708815243916515,Fig 2.7,D12,wind_HRV_2024,7.858793339398926,-0.06388198730512507
wind,HRV,Croatia,2012,2020.581135988339,7.611140440103442,5.56590362647905,5.137394768957262,5.649587532329162,Fig 2.7,E12,wind_HRV_2024,7.810583773365618,-0.19944333326217567
wind,HRV,Croatia,2014,2959.7675959303,7.992866029347239,5.830825584658366,5.389968287621304,5.580565173034719,Fig 2.7,G12,wind_HRV_2024,7.7431817107292975,0.24968431861794116
wind,HRV,Croatia,2015,2107.1047714082165,7.6530701379633745,6.002024865148459,5.479418664657636,5.457078829862897,Fig 2.7,H12,wind_HRV_2024,7.699624790396269,-0.046554652432894805
wind,HRV,Croatia,2016,2337.545701855688,7.756856812567729,6.114760027948734,5.503732268414333,5.390606073342965,Fig 2.7,I12,wind_HRV_2024,7.670942447276803,0.08591436529092533
wind,HRV,Croatia,2017,2337.545701855687,7.756856812567728,6.2059349955659755,5.541918527785211,5.479810592208201,Fig 2.7,J12,wind_HRV_2024,7.647745499313576,0.10911131325415191
wind,HRV,Croatia,2020,1968.6195563914648,7.585087843307845,6.5486992739946635,5.468373269138832,5.409727586029495,Fig 2.7,M12,wind_HRV_2024,7.56053861196109,0.024549231346754574
wind,HRV,Croatia,2021,1824.5575566674672,7.509092801921791,6.645448863841342,5.445506338822339,6.006814707669157,Fig 2.7,N12,wind_HRV_2024,7.535923355605216,-0.026830553683424796
wind,HRV,Croatia,2023,1558.5875622615483,7.351535281306754,6.849202095255681,5.365907195612585,5.796167476800661,Fig 2.7,P12,wind_HRV_2024,7.48408398313294,-0.1325487018261864
wind,IDN,Indonesia,2017,3097.299637410054,8.038285926152053,6.2059349955659755,5.541918527785211,5.479810592208201,Fig 2.7,J19,wind_IDN_2024,7.943143243477608,0.09514268267444503
wind,IDN,Indonesia,2018,2381.944059822307,7.775672265098047,6.290532398624406,5.540715306018656,5.574854860972366,Fig 2.7,K19,wind_IDN_2024,7.910133064378531,-0.13446079928048427
wind,IDN,Indonesia,2019,2658.183405648922,7.885398238265513,6.38729428375806,5.505334054872469,5.522971247577784,Fig 2.7,L19,wind_IDN_2024,7.8723762652009,0.013021973064612169
wind,IDN,Indonesia,2020,2529.284313808457,7.835691661785889,6.5486992739946635,5.468373269138832,5.409727586029495,Fig 2.7,M19,wind_IDN_2024,7.809395518244459,0.02629614354142973
wind,IND,India,2010,1607.2867942080602,7.382302815407491,5.180162236673185,4.822296444001899,5.619538317103914,Fig 2.6,C15,wind_IND_2024,7.4773138713938305,-0.09501105598633952
wind,IND,India,2011,1439.2246792330563,7.271859830372191,5.376417249698097,4.998697446862276,5.708815243916515,Fig 2.6,D15,wind_IND_2024,7.427934235729297,-0.15607440535710637
wind,IND,India,2012,1727.3567208366633,7.454347612020716,5.56590362647905,5.137394768957262,5.649587532329162,Fig 2.6,E15,wind_IND_2024,7.3802576535894655,0.07408995843125066
wind,IND,India,2013,1775.4884766427886,7.481830862158076,5.677698971893068,5.271086410766464,5.570291277483226,Fig 2.6,F15,wind_IND_2024,7.352128876951111,0.12970198520696474
wind,IND,India,2014,1697.2585891987796,7.436769633825177,5.830825584658366,5.389968287621304,5.580565173034719,Fig 2.6,G15,wind_IND_2024,7.313600758701543,0.12316887512363461
wind,IND,India,2015,1517.2250364441445,7.324638311421371,6.002024865148459,5.479418664657636,5.457078829862897,Fig 2.6,H15,wind_IND_2024,7.270525384644433,0.0541129267769378
wind,IND,India,2016,1395.643984213105,7.241111225162439,6.114760027948734,5.503732268414333,5.390606073342965,Fig 2.6,I15,wind_IND_2024,7.242160140975713,-0.0010489158132740428
wind,IND,India,2017,1379.8823534779967,7.229753523414268,6.2059349955659755,5.541918527785211,5.479810592208201,Fig 2.6,J15,wind_IND_2024,7.219219648331617,0.010533875082651356
wind,IND,India,2018,1381.2400608612577,7.230736969483618,6.290532398624406,5.540715306018656,5.574854860972366,Fig 2.6,K15,wind_IND_2024,7.197934133751356,0.03280283573226228
wind,IND,India,2019,1255.719701089365,7.1354641541999975,6.38729428375806,5.505334054872469,5.522971247577784,Fig 2.6,L15,wind_IND_2024,7.173587919300738,-0.03812376510074067
wind,IND,India,2020,1222.0443385764129,7.108280422687392,6.5486992739946635,5.468373269138832,5.409727586029495,Fig 2.6,M15,wind_IND_2024,7.132976882214469,-0.024696459527076442
wind,IND,India,2021,1051.781225948876,6.958240411546307,6.645448863841342,5.445506338822339,6.006814707669157,Fig 2.6,N15,wind_IND_2024,7.108633761375484,-0.15039334982917651
wind,IND,India,2022,1191.1010340630933,7.082633397044562,6.733146895042726,5.411217480302619,6.013632913023564,Fig 2.6,O15,wind_IND_2024,7.086568099141054,-0.00393470209649216
wind,IND,India,2023,1236.9870705080064,7.120433920040374,6.849202095255681,5.365907195612585,5.796167476800661,Fig 2.6,P15,wind_IND_2024,7.057367502350374,0.06306641768999999
wind,IND,India,2024,1110.269638408882,7.012358182292184,6.955776347473294,5.308656183746518,5.674641698918291,Fig 2.6,Q15,wind_IND_2024,7.030552402625722,-0.018194220333538347
wind,IRL,Ireland,2010,4238.2409612573065,8.351903594516626,5.180162236673185,4.822296444001899,5.619538317103914,Fig 2.7,C20,wind_IRL_2024,8.085133627410038,0.2667699671065886
wind,IRL,Ireland,2011,2580.440328439444,7.855715333290975,5.376417249698097,4.998697446862276,5.708815243916515,Fig 2.7,D20,wind_IRL_2024,8.025518660170802,-0.16980332687982624
wind,IRL,Ireland,2012,2580.440328439444,7.855715333290975,5.56590362647905,5.137394768957262,5.649587532329162,Fig 2.7,E20,wind_IRL_2024,7.967959752655688,-0.1122444193647123
wind,IRL,Ireland,2013,2580.440328439444,7.855715333290975,5.677698971893068,5.271086410766464,5.570291277483226,Fig 2.7,F20,wind_IRL_2024,7.934000488371774,-0.07828515508079903
wind,IRL,Ireland,2014,2613.199770395157,7.868330715103112,5.830825584658366,5.389968287621304,5.580565173034719,Fig 2.7,G20,wind_IRL_2024,7.8874863236492665,-0.01915560854615439
wind,IRL,Ireland,2015,2308.9361491467293,7.744542155939111,6.002024865148459,5.479418664657636,5.457078829862897,Fig 2.7,H20,wind_IRL_2024,7.835482355238522,-0.09094019929941055
wind,IRL,Ireland,2016,2181.839458688478,7.687923588383049,6.114760027948734,5.503732268414333,5.390606073342965,Fig 2.7,I20,wind_IRL_2024,7.801237609417964,-0.11331402103491506
wind,IRL,Ireland,2017,2407.8265834464555,7.786479786994201,6.2059349955659755,5.541918527785211,5.479810592208201,Fig 2.7,J20,wind_IRL_2024,7.773542048302027,0.012937738692174072
wind,IRL,Ireland,2018,2414.507673472744,7.7892506833879604,6.290532398624406,5.540715306018656,5.574854860972366,Fig 2.7,K20,wind_IRL_2024,7.747844506445032,0.04140617694292814
wind,IRL,Ireland,2019,2805.127758790899,7.939204363725597,6.38729428375806,5.505334054872469,5.522971247577784,Fig 2.7,L20,wind_IRL_2024,7.718451847764168,0.2207525159614292
wind,IRL,Ireland,2020,2634.9848509409,7.876632711790397,6.5486992739946635,5.468373269138832,5.409727586029495,Fig 2.7,M20,wind_IRL_2024,7.669423020133747,0.20720969165664993
wind,IRL,Ireland,2022,2153.309866272955,7.674761410033498,6.733146895042726,5.411217480302619,6.013632913023564,Fig 2.7,O20,wind_IRL_2024,7.613394699039398,0.06136671099409963
wind,IRL,Ireland,2023,1837.415482063472,7.516115233873203,6.849202095255681,5.365907195612585,5.796167476800661,Fig 2.7,P20,wind_IRL_2024,7.578141449443373,-0.062026215570170073
wind,IRL,Ireland,2024,1605.3455419648749,7.381094303336194,6.955776347473294,5.308656183746518,5.674641698918291,Fig 2.7,Q20,wind_IRL_2024,7.545768158914011,-0.16467385557781622
wind,ITA,Italy,2010,3042.576771339253,8.020460057522548,5.180162236673185,4.822296444001899,5.619538317103914,Fig 2.6,C16,wind_ITA_2024,8.20925584169133,-0.18879578416878218
wind,ITA,Italy,2011,3732.377300030415,8.22480065547191,5.376417249698097,4.998697446862276,5.708815243916515,Fig 2.6,D16,wind_ITA_2024,8.107396266466466,0.11740438900544348
wind,ITA,Italy,2012,3492.0935581917875,8.15825670875173,5.56590362647905,5.137394768957262,5.649587532329162,Fig 2.6,E16,wind_ITA_2024,8.00904972462625,0.14920698412548106
wind,ITA,Italy,2013,2409.1721620428693,7.7870384662476155,5.677698971893068,5.271086410766464,5.570291277483226,Fig 2.6,F16,wind_ITA_2024,7.951026104131299,-0.1639876378836833
wind,ITA,Italy,2014,2361.529671561993,7.767064853966952,5.830825584658366,5.389968287621304,5.580565173034719,Fig 2.6,G16,wind_ITA_2024,7.871550877019949,-0.10448602305299737
wind,ITA,Italy,2015,2527.535652399827,7.835000056591314,6.002024865148459,5.479418664657636,5.457078829862897,Fig 2.6,H16,wind_ITA_2024,7.782695638518042,0.052304418073271464
wind,ITA,Italy,2016,2129.873112690811,7.663817685422357,6.114760027948734,5.503732268414333,5.390606073342965,Fig 2.6,I16,wind_ITA_2024,7.724184237363238,-0.0603665519408807
wind,ITA,Italy,2017,3047.6230662438456,8.022117243228779,6.2059349955659755,5.541918527785211,5.479810592208201,Fig 2.6,J16,wind_ITA_2024,7.676862931632034,0.34525431159674547
wind,ITA,Italy,2018,2093.797504944295,7.646734684244605,6.290532398624406,5.540715306018656,5.574854860972366,Fig 2.6,K16,wind_ITA_2024,7.632955489942559,0.013779194302045994
wind,ITA,Italy,2019,1988.9232899516264,7.595348710966765,6.38729428375806,5.505334054872469,5.522971247577784,Fig 2.6,L16,wind_ITA_2024,7.582734482255891,0.012614228710874364
wind,ITA,Italy,2020,2037.3177709416573,7.619389403540593,6.5486992739946635,5.468373269138832,5.409727586029495,Fig 2.6,M16,wind_ITA_2024,7.498962641265582,0.12042676227501126
wind,ITA,Italy,2021,1564.420272621896,7.3552706015176055,6.645448863841342,5.445506338822339,6.006814707669157,Fig 2.6,N16,wind_ITA_2024,7.448748015034804,-0.0934774135171983
wind,ITA,Italy,2022,1538.4390431300335,7.338523573002211,6.733146895042726,5.411217480302619,6.013632913023564,Fig 2.6,O16,wind_ITA_2024,7.4032312964116915,-0.06470772340948017
wind,ITA,Italy,2023,1401.7706099642528,7.245491437919951,6.849202095255681,5.365907195612585,5.796167476800661,Fig 2.6,P16,wind_ITA_2024,7.342996741308491,-0.09750530338854002
wind,ITA,Italy,2024,1408.131747785429,7.25001910321084,6.955776347473294,5.308656183746518,5.674641698918291,Fig 2.6,Q16,wind_ITA_2024,7.287682953938303,-0.03766385072746292
wind,JPN,Japan,2010,3269.423400458563,8.092368918208317,5.180162236673185,4.822296444001899,5.619538317103914,Fig 2.7,C21,wind_JPN_2024,8.128203191546117,-0.03583427333779987
wind,JPN,Japan,2011,2779.0098903897792,7.929849988710543,5.376417249698097,4.998697446862276,5.708815243916515,Fig 2.7,D21,wind_JPN_2024,8.116665598089922,-0.18681560937937913
wind,JPN,Japan,2012,4129.473858593708,8.325905282826014,5.56590362647905,5.137394768957262,5.649587532329162,Fig 2.7,E21,wind_JPN_2024,8.105525924523935,0.220379358302079
wind,JPN,Japan,2013,3679.0938721614425,8.210421770452385,5.677698971893068,5.271086410766464,5.570291277483226,Fig 2.7,F21,wind_JPN_2024,8.098953612174807,0.11146815827757806
wind,JPN,Japan,2014,3476.629347013712,8.153818524948974,5.830825584658366,5.389968287621304,5.580565173034719,Fig 2.7,G21,wind_JPN_2024,8.08995148490081,0.06386704004816401
wind,JPN,Japan,2015,2766.4351850034004,7.925314833545151,6.002024865148459,5.479418664657636,5.457078829862897,Fig 2.7,H21,wind_JPN_2024,8.079886887478082,-0.15457205393293094
wind,JPN,Japan,2016,3269.842615986735,8.092497133065365,6.114760027948734,5.503732268414333,5.390606073342965,Fig 2.7,I21,wind_JPN_2024,8.073259324408179,0.01923780865718605
wind,JPN,Japan,2017,2942.611902077537,7.987052868004371,6.2059349955659755,5.541918527785211,5.479810592208201,Fig 2.7,J21,wind_JPN_2024,8.067899258983424,-0.08084639097905288
wind,JPN,Japan,2018,3109.3264626590585,8.042161410226024,6.290532398624406,5.540715306018656,5.574854860972366,Fig 2.7,K21,wind_JPN_2024,8.062925880576962,-0.020764470350938424
wind,JPN,Japan,2019,2694.574217673985,7.898995481130045,6.38729428375806,5.505334054872469,5.522971247577784,Fig 2.7,L21,wind_JPN_2024,8.057237367068339,-0.1582418859382937
wind,JPN,Japan,2020,3752.849810309514,8.230270779764982,6.5486992739946635,5.468373269138832,5.409727586029495,Fig 2.7,M21,wind_JPN_2024,8.047748564054096,0.18252221571088612
wind,JPN,Japan,2021,3556.955248637961,8.176660190659854,6.645448863841342,5.445506338822339,6.006814707669157,Fig 2.7,N21,wind_JPN_2024,8.042060773370437,0.13459941728941693
wind,JPN,Japan,2022,3737.176810014049,8.226085741722958,6.733146895042726,5.411217480302619,6.013632913023564,Fig 2.7,O21,wind_JPN_2024,8.036905112807606,0.18918062891535214
wind,JPN,Japan,2023,2441.4167101606376,7.800333768711595,6.849202095255681,5.365907195612585,5.796167476800661,Fig 2.7,P21,wind_JPN_2024,8.030082368777295,-0.22974860006570008
wind,JPN,Japan,2024,2891.080697355545,7.969385654928591,6.955776347473294,5.308656183746518,5.674641698918291,Fig 2.7,Q21,wind_JPN_2024,8.023816998145316,-0.05443134321672449
wind,KOR,Republic of Korea,2010,2887.8821309725517,7.968278685804673,5.180162236673185,4.822296444001899,5.619538317103914,Fig 2.7,C32,wind_KOR_2024,7.978754518896716,-0.010475833092042919
wind,KOR,Republic of Korea,2011,2678.6654025797284,7.893073965357592,5.376417249698097,4.998697446862276,5.708815243916515,Fig 2.7,D32,wind_KOR_2024,7.962323000816134,-0.069249035458542
wind,KOR,Republic of Korea,2012,2881.842191778824,7.966185018564379,5.56590362647905,5.137394768957262,5.649587532329162,Fig 2.7,E32,wind_KOR_2024,7.946458189119809,0.019726829444569383
wind,KOR,Republic of Korea,2015,2866.191290118574,7.960739350793932,6.002024865148459,5.479418664657636,5.457078829862897,Fig 2.7,H32,wind_KOR_2024,7.909943789267958,0.05079556152597409
wind,KOR,Republic of Korea,2016,2782.6874761523745,7.931172457754149,6.114760027948734,5.503732268414333,5.390606073342965,Fig 2.7,I32,wind_KOR_2024,7.90050499920946,0.030667458544689552
wind,KOR,Republic of Korea,2017,2724.3724308195046,7.909993379957389,6.2059349955659755,5.541918527785211,5.479810592208201,Fig 2.7,J32,wind_KOR_2024,7.892871343865792,0.017122036091596904
wind,KOR,Republic of Korea,2018,2687.7918823873456,7.8964752739385045,6.290532398624406,5.540715306018656,5.574854860972366,Fig 2.7,K32,wind_KOR_2024,7.885788397364199,0.010686876574305337
wind,KOR,Republic of Korea,2019,2629.416450157404,7.874517218482914,6.38729428375806,5.505334054872469,5.522971247577784,Fig 2.7,L32,wind_KOR_2024,7.877686975440863,-0.003169756957948522
wind,KOR,Republic of Korea,2021,2733.811884161581,7.913452208830906,6.645448863841342,5.445506338822339,6.006814707669157,Fig 2.7,N32,wind_KOR_2024,7.856072894939974,0.05737931389093198
wind,KOR,Republic of Korea,2022,2687.3214631918813,7.8963002379285,6.733146895042726,5.411217480302619,6.013632913023564,Fig 2.7,O32,wind_KOR_2024,7.8487303472867636,0.047569890641736556
wind,KOR,Republic of Korea,2023,2098.9723898784696,7.649203165793419,6.849202095255681,5.365907195612585,5.796167476800661,Fig 2.7,P32,wind_KOR_2024,7.8390135859605055,-0.1898104201670865
wind,KOR,Republic of Korea,2024,2614.551102421224,7.8688476992092955,6.955776347473294,5.308656183746518,5.674641698918291,Fig 2.7,Q32,wind_KOR_2024,7.830090620247442,0.03875707896185343
wind,MAR,Morocco,2011,2468.0406830333195,7.811179869100647,5.376417249698097,4.998697446862276,5.708815243916515,Fig 2.7,D23,wind_MAR_2024,7.9372950941110485,-0.12611522501040184
wind,MAR,Morocco,2012,2893.797635819946,7.9703249793214965,5.56590362647905,5.137394768957262,5.649587532329162,Fig 2.7,E23,wind_MAR_2024,7.851232606917142,0.11909237240435466
wind,MAR,Morocco,2013,2389.425398268113,7.778808196885563,5.677698971893068,5.271086410766464,5.570291277483226,Fig 2.7,F23,wind_MAR_2024,7.80045647384371,-0.021648276958146973
wind,MAR,Morocco,2014,2510.7245011094856,7.828326636335981,5.830825584658366,5.389968287621304,5.580565173034719,Fig 2.7,G23,wind_MAR_2024,7.730908164492721,0.0974184718432598
wind,MAR,Morocco,2016,1753.004591585226,7.469086504190608,6.114760027948734,5.503732268414333,5.390606073342965,Fig 2.7,I23,wind_MAR_2024,7.60194847459462,-0.1328619704040115
wind,MAR,Morocco,2017,1744.0910783356032,7.463988826921595,6.2059349955659755,5.541918527785211,5.479810592208201,Fig 2.7,J23,wind_MAR_2024,7.560537874971226,-0.09654904804963138
wind,MAR,Morocco,2018,2485.014729965892,7.818033866064828,6.290532398624406,5.540715306018656,5.574854860972366,Fig 2.7,K23,wind_MAR_2024,7.522114727930052,0.2959191381347752
wind,MAR,Morocco,2020,1581.6979014412022,7.366254170194334,6.5486992739946635,5.468373269138832,5.409727586029495,Fig 2.7,M23,wind_MAR_2024,7.404858364792515,-0.03860419459818143
wind,MAR,Morocco,2021,1063.3299688864265,6.969160743049123,6.645448863841342,5.445506338822339,6.006814707669157,Fig 2.7,N23,wind_MAR_2024,7.360915837215343,-0.39175509416621956
wind,MAR,Morocco,2022,1998.630520549542,7.600217485275535,6.733146895042726,5.411217480302619,6.013632913023564,Fig 2.7,O23,wind_MAR_2024,7.32108442128234,0.2791330639931955
wind,MAR,Morocco,2023,1637.9556365859437,7.401204180154874,6.849202095255681,5.365907195612585,5.796167476800661,Fig 2.7,P23,wind_MAR_2024,7.2683735121827375,0.1328306679721365
wind,MAR,Morocco,2024,1215.7407407407409,7.103108833166668,6.955776347473294,5.308656183746518,5.674641698918291,Fig 2.7,Q23,wind_MAR_2024,7.219968738327774,-0.11685990516110589
wind,MEX,Mexico,2010,3341.0880308776045,8.114051790670997,5.180162236673185,4.822296444001899,5.619538317103914,Fig 2.7,C22,wind_MEX_2024,8.169016605492406,-0.05496481482140858
wind,MEX,Mexico,2011,3049.896202763099,8.022862837141409,5.376417249698097,4.998697446862276,5.708815243916515,Fig 2.7,D22,wind_MEX_2024,8.075916696067118,-0.05305385892570946
wind,MEX,Mexico,2012,2645.815352357348,7.8807345585503175,5.56590362647905,5.137394768957262,5.649587532329162,Fig 2.7,E22,wind_MEX_2024,7.986027708042171,-0.1052931494918532
wind,MEX,Mexico,2013,2964.005064940783,7.994296695233945,5.677698971893068,5.271086410766464,5.570291277483226,Fig 2.7,F22,wind_MEX_2024,7.932993972129944,0.06130272310400109
wind,MEX,Mexico,2014,3016.5842014860027,8.011880411128235,5.830825584658366,5.389968287621304,5.580565173034719,Fig 2.7,G22,wind_MEX_2024,7.860353413505129,0.1515269976231064
wind,MEX,Mexico,2015,2583.2227154219413,7.85679301292582,6.002024865148459,5.479418664657636,5.457078829862897,Fig 2.7,H22,wind_MEX_2024,7.779139500741134,0.07765351218468641
wind,MEX,Mexico,2016,2419.2764969037926,7.791223806229251,6.114760027948734,5.503732268414333,5.390606073342965,Fig 2.7,I22,wind_MEX_2024,7.725659932071883,0.06556387415736786
wind,MEX,Mexico,2017,2322.045285768722,7.750203664982697,6.2059349955659755,5.541918527785211,5.479810592208201,Fig 2.7,J22,wind_MEX_2024,7.682408138926904,0.06779552605579298
wind,MEX,Mexico,2018,1799.024840899802,7.495000042026297,6.290532398624406,5.540715306018656,5.574854860972366,Fig 2.7,K22,wind_MEX_2024,7.642276626151968,-0.14727658412567113
wind,MEX,Mexico,2019,2106.486838393085,7.652776833307022,6.38729428375806,5.505334054872469,5.522971247577784,Fig 2.7,L22,wind_MEX_2024,7.596374498084444,0.05640233522257798
wind,MEX,Mexico,2020,1805.008890626959,7.498320796309953,6.5486992739946635,5.468373269138832,5.409727586029495,Fig 2.7,M22,wind_MEX_2024,7.519806823505301,-0.021486027195348534
wind,MEX,Mexico,2021,1671.399215696986,7.421416408318085,6.645448863841342,5.445506338822339,6.006814707669157,Fig 2.7,N22,wind_MEX_2024,7.473910528104602,-0.05249411978651697
wind,MEX,Mexico,2022,1614.2596639523192,7.38663171814024,6.733146895042726,5.411217480302619,6.013632913023564,Fig 2.7,O22,wind_MEX_2024,7.432308132141405,-0.04567641400116518
wind,NLD,Netherlands,2010,2158.92562733493,7.677365982184059,5.180162236673185,4.822296444001899,5.619538317103914,Fig 2.7,C24,wind_NLD_2024,7.898637084813775,-0.22127110262971517
wind,NLD,Netherlands,2012,2634.4007784464197,7.876411026554982,5.56590362647905,5.137394768957262,5.649587532329162,Fig 2.7,E24,wind_NLD_2024,7.845619243036593,0.030791783518389515
wind,NLD,Netherlands,2013,2047.711158514466,7.624477940331295,5.677698971893068,5.271086410766464,5.570291277483226,Fig 2.7,F24,wind_NLD_2024,7.830253642944861,-0.2057757026135656
wind,NLD,Netherlands,2014,2464.6422557303017,7.809801946423307,5.830825584658366,5.389968287621304,5.580565173034719,Fig 2.7,G24,wind_NLD_2024,7.809207307907927,0.0005946385153796641
wind,NLD,Netherlands,2015,3128.7477408195973,8.04838812067448,6.002024865148459,5.479418664657636,5.457078829862897,Fig 2.7,H24,wind_NLD_2024,7.785676993025309,0.2627111276491707
wind,NLD,Netherlands,2016,2206.684379051889,7.699246386991405,6.114760027948734,5.503732268414333,5.390606073342965,Fig 2.7,I24,wind_NLD_2024,7.770182220667388,-0.07093583367598288
wind,NLD,Netherlands,2017,3123.1643487174047,8.046601981168159,6.2059349955659755,5.541918527785211,5.479810592208201,Fig 2.7,J24,wind_NLD_2024,7.7576507678989834,0.2889512132691756
wind,NLD,Netherlands,2018,2832.847309479256,7.949037601265151,6.290532398624406,5.540715306018656,5.574854860972366,Fig 2.7,K24,wind_NLD_2024,7.746023361951258,0.20301423931389273
wind,NLD,Netherlands,2019,2525.561275193945,7.834218604212842,6.38729428375806,5.505334054872469,5.522971247577784,Fig 2.7,L24,wind_NLD_2024,7.732724020859913,0.10149458335292927
wind,NLD,Netherlands,2020,2425.633757502371,7.793848112527319,6.5486992739946635,5.468373269138832,5.409727586029495,Fig 2.7,M24,wind_NLD_2024,7.710539872462671,0.08330824006464788
wind,NLD,Netherlands,2021,2448.47367719408,7.803220120500177,6.645448863841342,5.445506338822339,6.006814707669157,Fig 2.7,N24,wind_NLD_2024,7.697242221284818,0.10597789921535927
wind,NLD,Netherlands,2022,1878.9958952870404,7.538492814891144,6.733146895042726,5.411217480302619,6.013632913023564,Fig 2.7,O24,wind_NLD_2024,7.685188652584955,-0.14669583769381145
wind,NLD,Netherlands,2023,1741.372212705164,7.462428709396389,6.849202095255681,5.365907195612585,5.796167476800661,Fig 2.7,P24,wind_NLD_2024,7.669237560985979,-0.2068088515895905
wind,NLD,Netherlands,2024,1684.5153447099583,7.429233172160985,6.955776347473294,5.308656183746518,5.674641698918291,Fig 2.7,Q24,wind_NLD_2024,7.654589568857267,-0.2253563966962817
wind,NOR,Norway,2012,2640.6881311396087,7.878794817910258,5.56590362647905,5.137394768957262,5.649587532329162,Fig 2.7,E26,wind_NOR_2024,7.894138673186684,-0.015343855276426233
wind,NOR,Norway,2013,2509.3957579474786,7.827797269259309,5.677698971893068,5.271086410766464,5.570291277483226,Fig 2.7,F26,wind_NOR_2024,7.849855388034994,-0.022058118775684754
wind,NOR,Norway,2015,2047.0572518825315,7.624158553947521,6.002024865148459,5.479418664657636,5.457078829862897,Fig 2.7,H26,wind_NOR_2024,7.721386568873366,-0.09722801492584487
wind,NOR,Norway,2016,2198.6991750939587,7.695621180420855,6.114760027948734,5.503732268414333,5.390606073342965,Fig 2.7,I26,wind_NOR_2024,7.676731012397212,0.01889016802364285
wind,NOR,Norway,2017,2272.3747551959104,7.728580711307722,6.2059349955659755,5.541918527785211,5.479810592208201,Fig 2.7,J26,wind_NOR_2024,7.640615670790297,0.08796504051742549
wind,NOR,Norway,2018,2302.9466061248804,7.741944715064244,6.290532398624406,5.540715306018656,5.574854860972366,Fig 2.7,K26,wind_NOR_2024,7.607105770097604,0.13483894496664028
wind,NOR,Norway,2019,2117.2171994664586,7.657857863636108,6.38729428375806,5.505334054872469,5.522971247577784,Fig 2.7,L26,wind_NOR_2024,7.568777393050061,0.08908047058604751
wind,NOR,Norway,2020,1491.7999285427406,7.307738675621035,6.5486992739946635,5.468373269138832,5.409727586029495,Fig 2.7,M26,wind_NOR_2024,7.504843217784684,-0.1971045421636486
wind,NOR,Norway,2021,1750.1899748354551,7.467479618074501,6.645448863841342,5.445506338822339,6.006814707669157,Fig 2.7,N26,wind_NOR_2024,7.4665197110266615,0.0009599070478394367
wind,NZL,New Zealand,2011,2300.4809656889506,7.740873495572574,5.376417249698097,4.998697446862276,5.708815243916515,Fig 2.7,D25,wind_NZL_2024,8.080180887762584,-0.33930739219001005
wind,NZL,New Zealand,2014,3476.1093814487704,8.153668953510662,5.830825584658366,5.389968287621304,5.580565173034719,Fig 2.7,G25,wind_NZL_2024,7.839791211199078,0.3138777423115844
wind,NZL,New Zealand,2015,2958.7542129979165,7.992523584738601,6.002024865148459,5.479418664657636,5.457078829862897,Fig 2.7,H25,wind_NZL_2024,7.749223903122484,0.24329968161611681
wind,NZL,New Zealand,2020,1575.923354808352,7.362596636499397,6.5486992739946635,5.468373269138832,5.409727586029495,Fig 2.7,M25,wind_NZL_2024,7.460023916639898,-0.09742728014050073
wind,NZL,New Zealand,2021,1521.100715149986,7.327189506470756,6.645448863841342,5.445506338822339,6.006814707669157,Fig 2.7,N25,wind_NZL_2024,7.40884175112586,-0.08165224465510423
wind,NZL,New Zealand,2023,1717.7535666860017,7.448772650279865,6.849202095255681,5.365907195612585,5.796167476800661,Fig 2.7,P25,wind_NZL_2024,7.301052853717662,0.14771979656220235
wind,NZL,New Zealand,2024,1162.30801162308,7.05816297253056,6.955776347473294,5.308656183746518,5.674641698918291,Fig 2.7,Q25,wind_NZL_2024,7.244673276034895,-0.18651030350433473
wind,PAK,Pakistan,2012,3241.6244028628657,8.08382984205628,5.56590362647905,5.137394768957262,5.649587532329162,Fig 2.7,E27,wind_PAK_2024,8.1244698174371,-0.040639975380820204
wind,PAK,Pakistan,2014,1895.6171040113568,7.54729971305935,5.830825584658366,5.389968287621304,5.580565173034719,Fig 2.7,G27,wind_PAK_2024,7.989867635592813,-0.44256792253346333
wind,PAK,Pakistan,2015,3166.699429283991,8.060445134956684,6.002024865148459,5.479418664657636,5.457078829862897,Fig 2.7,H27,wind_PAK_2024,7.902884295885874,0.15756083907080942
wind,PAK,Pakistan,2016,3263.7983952221907,8.090646948006718,6.114760027948734,5.503732268414333,5.390606073342965,Fig 2.7,I27,wind_PAK_2024,7.84560554486133,0.2450414031453878
wind,PAK,Pakistan,2017,3162.649974918301,8.059165554810413,6.2059349955659755,5.541918527785211,5.479810592208201,Fig 2.7,J27,wind_PAK_2024,7.799281149348006,0.2598844054624072
wind,PAK,Pakistan,2018,2531.621455317668,7.836615267868266,6.290532398624406,5.540715306018656,5.574854860972366,Fig 2.7,K27,wind_PAK_2024,7.756298698560299,0.08031656930796771
wind,PAK,Pakistan,2021,2124.5679794539774,7.661323756903138,6.645448863841342,5.445506338822339,6.006814707669157,Fig 2.7,N27,wind_PAK_2024,7.575971892436035,0.08535186446710252
wind,PAK,Pakistan,2022,1321.4261956321814,7.186466883549571,6.733146895042726,5.411217480302619,6.013632913023564,Fig 2.7,O27,wind_PAK_2024,7.531414067088976,-0.34494718353940534
wind,PAN,Panama,2013,2253.829657825554,7.720386118463329,5.677698971893068,5.271086410766464,5.570291277483226,Fig 2.7,F28,wind_PAN_2024,7.6712925781811006,0.04909354028222879
wind,PAN,Panama,2014,2061.5612188681102,7.63121884797967,5.830825584658366,5.389968287621304,5.580565173034719,Fig 2.7,G28,wind_PAN_2024,7.72263644810128,-0.09141760012161004
wind,PAN,Panama,2015,2489.7916665030607,7.819954317887325,6.002024865148459,5.479418664657636,5.457078829862897,Fig 2.7,H28,wind_PAN_2024,7.780040144488037,0.039914173399288266
wind,PAN,Panama,2016,2490.5292358474976,7.820250511391435,6.114760027948734,5.503732268414333,5.390606073342965,Fig 2.7,I28,wind_PAN_2024,7.817840624951348,0.0024098864400867726
wind,PER,Peru,2013,2116.6136192751574,7.657572741144809,5.677698971893068,5.271086410766464,5.570291277483226,Fig 2.7,F29,wind_PER_2024,7.979068569469441,-0.3214958283246325
wind,PER,Peru,2014,3380.6094476317653,8.125811282173405,5.830825584658366,5.389968287621304,5.580565173034719,Fig 2.7,G29,wind_PER_2024,7.86489315323376,0.26091812893964494
wind,PER,Peru,2015,2992.7798819582235,8.003957960864264,6.002024865148459,5.479418664657636,5.457078829862897,Fig 2.7,H29,wind_PER_2024,7.737242258616471,0.26671570224779373
wind,PER,Peru,2018,1488.6826241894985,7.305646863013658,6.290532398624406,5.540715306018656,5.574854860972366,Fig 2.7,K29,wind_PER_2024,7.522123102469297,-0.21647623945563854
wind,PER,Peru,2023,1301.5318479864277,7.171297194351463,6.849202095255681,5.365907195612585,5.796167476800661,Fig 2.7,P29,wind_PER_2024,7.105563603116269,0.06573359123519396
wind,PER,Peru,2024,1064.9717514124293,6.9707035532963735,6.955776347473294,5.308656183746518,5.674641698918291,Fig 2.7,Q29,wind_PER_2024,7.0260989079388025,-0.05539535464242906
wind,PHL,Philippines,2013,3771.9913182610826,8.235358342123202,5.677698971893068,5.271086410766464,5.570291277483226,Fig 2.7,F30,wind_PHL_2024,8.271568601216458,-0.036210259093255814
wind,PHL,Philippines,2014,3390.6375924533586,8.128773263059323,5.830825584658366,5.389968287621304,5.580565173034719,Fig 2.7,G30,wind_PHL_2024,8.188185476455384,-0.05941221339606173
wind,PHL,Philippines,2015,3362.819424030517,8.120535015392466,6.002024865148459,5.479418664657636,5.457078829862897,Fig 2.7,H30,wind_PHL_2024,8.094961113254772,0.02557390213769395
wind,PHL,Philippines,2016,3343.766114978089,8.114853030065403,6.114760027948734,5.503732268414333,5.390606073342965,Fig 2.7,I30,wind_PHL_2024,8.0335726323436,0.08128039772180351
wind,PHL,Philippines,2017,3549.004168941876,8.174422327326527,6.2059349955659755,5.541918527785211,5.479810592208201,Fig 2.7,J30,wind_PHL_2024,7.983924478031143,0.19049784929538394
wind,PHL,Philippines,2019,2224.069374666822,7.707093848529115,6.38729428375806,5.505334054872469,5.522971247577784,Fig 2.7,L30,wind_PHL_2024,7.885167613493961,-0.17807376496484562
wind,PHL,Philippines,2023,1693.0611126276094,7.434293478721816,6.849202095255681,5.365907195612585,5.796167476800661,Fig 2.7,P30,wind_PHL_2024,7.6336416639632025,-0.1993481852413863
wind,PHL,Philippines,2024,2324.5931212640144,7.751300301100013,6.955776347473294,5.308656183746518,5.674641698918291,Fig 2.7,Q30,wind_PHL_2024,7.575608027559321,0.17569227354069206
wind,POL,Poland,2010,3129.841562382764,8.048737663205971,5.180162236673185,4.822296444001899,5.619538317103914,Fig 2.6,C17,wind_POL_2024,8.012659386349934,0.036078276856036595
wind,POL,Poland,2011,2691.817910915693,7.897972047658039,5.376417249698097,4.998697446862276,5.708815243916515,Fig 2.6,D17,wind_POL_2024,7.945951329392754,-0.04797928173471533
wind,POL,Poland,2012,2684.699599991936,7.895324119861469,5.56590362647905,5.137394768957262,5.649587532329162,Fig 2.6,E17,wind_POL_2024,7.881543965626157,0.013780154235312203
wind,POL,Poland,2013,2759.507417153754,7.922807470737424,5.677698971893068,5.271086410766464,5.570291277483226,Fig 2.6,F17,wind_POL_2024,7.843544170591726,0.07926330014569771
wind,POL,Poland,2014,2486.027904399791,7.818441496625437,5.830825584658366,5.389968287621304,5.580565173034719,Fig 2.6,G17,wind_POL_2024,7.791495671811666,0.026945824813770614
wind,POL,Poland,2015,2310.548393337525,7.7452401750542,6.002024865148459,5.479418664657636,5.457078829862897,Fig 2.6,H17,wind_POL_2024,7.733304183207439,0.011935991846761418
wind,POL,Poland,2016,2298.156521000269,7.739862567925692,6.114760027948734,5.503732268414333,5.390606073342965,Fig 2.6,I17,wind_POL_2024,7.694984939559872,0.04487762836581943
wind,POL,Poland,2017,1712.2026322546378,7.445535909659521,6.2059349955659755,5.541918527785211,5.479810592208201,Fig 2.6,J17,wind_POL_2024,7.6639941136995,-0.21845820403997962
wind,POL,Poland,2020,1739.900995381421,7.461583491383673,6.5486992739946635,5.468373269138832,5.409727586029495,Fig 2.6,M17,wind_POL_2024,7.54748682730776,-0.08590333592408683
wind,POL,Poland,2021,1920.241670095832,7.560206326942462,6.645448863841342,5.445506338822339,6.006814707669157,Fig 2.6,N17,wind_POL_2024,7.514601159570667,0.04560516737179565
wind,POL,Poland,2022,1748.9163284507442,7.466751634223446,6.733146895042726,5.411217480302619,6.013632913023564,Fig 2.6,O17,wind_POL_2024,7.484792161725236,-0.01804052750179075
wind,POL,Poland,2023,1719.2909543523535,7.449667248973291,6.849202095255681,5.365907195612585,5.796167476800661,Fig 2.6,P17,wind_POL_2024,7.445344420815809,0.004322828157481418
wind,POL,Poland,2024,1838.4745885101931,7.516691478785697,6.955776347473294,5.308656183746518,5.674641698918291,Fig 2.6,Q17,wind_POL_2024,7.409119301377972,0.10757217740772518
wind,PRT,Portugal,2010,2452.067550343923,7.804686845756536,5.180162236673185,4.822296444001899,5.619538317103914,Fig 2.7,C31,wind_PRT_2024,7.935710881990302,-0.13102403623376624
wind,PRT,Portugal,2011,2878.573792100409,7.965050239396244,5.376417249698097,4.998697446862276,5.708815243916515,Fig 2.7,D31,wind_PRT_2024,7.889109201178304,0.07594103821794018
wind,PRT,Portugal,2012,2955.055765799086,7.991272801336948,5.56590362647905,5.137394768957262,5.649587532329162,Fig 2.7,E31,wind_PRT_2024,7.84411476504715,0.14715803628979796
wind,PRT,Portugal,2013,2399.0229412796475,7.782816825645011,5.677698971893068,5.271086410766464,5.570291277483226,Fig 2.7,F31,wind_PRT_2024,7.817568431667173,-0.03475160602216132
wind,PRT,Portugal,2014,2338.895201866512,7.757433960905991,5.830825584658366,5.389968287621304,5.580565173034719,Fig 2.7,G31,wind_PRT_2024,7.781207793424494,-0.02377383251850329
wind,PRT,Portugal,2015,2376.619318025648,7.773434302252432,6.002024865148459,5.479418664657636,5.457078829862897,Fig 2.7,H31,wind_PRT_2024,7.740555714776034,0.03287858747639749
wind,PRT,Portugal,2016,2133.153386935084,7.6653566272478235,6.114760027948734,5.503732268414333,5.390606073342965,Fig 2.7,I31,wind_PRT_2024,7.713786217313872,-0.04842959006604808
wind,PRT,Portugal,2017,2208.8422670854943,7.700223796201373,6.2059349955659755,5.541918527785211,5.479810592208201,Fig 2.7,J31,wind_PRT_2024,7.6921362901428205,0.00808750605855213
wind,PRT,Portugal,2018,2092.180564944923,7.645962133575301,6.290532398624406,5.540715306018656,5.574854860972366,Fig 2.7,K31,wind_PRT_2024,7.672048236777516,-0.02608610320221505
wind,RUS,Russian Federation,2015,2814.9962833852,7.94271622028347,6.002024865148459,5.479418664657636,5.457078829862897,Fig 2.7,H33,wind_RUS_2024,7.893304775793868,0.049411444489601664
wind,RUS,Russian Federation,2018,2386.0380364288594,7.777389544034929,6.290532398624406,5.540715306018656,5.574854860972366,Fig 2.7,K33,wind_RUS_2024,7.707058835008172,0.07033070902675753
wind,RUS,Russian Federation,2019,1833.6807740940271,7.5140805777393025,6.38729428375806,5.505334054872469,5.522971247577784,Fig 2.7,L33,wind_RUS_2024,7.644594232743575,-0.1305136550042727
wind,RUS,Russian Federation,2020,1913.0445038919024,7.556451233096418,6.5486992739946635,5.468373269138832,5.409727586029495,Fig 2.7,M33,wind_RUS_2024,7.540399295814386,0.01605193728203158
wind,RUS,Russian Federation,2021,1667.735994972729,7.419222293996415,6.645448863841342,5.445506338822339,6.006814707669157,Fig 2.7,N33,wind_RUS_2024,7.477942630768143,-0.05872033677172794
wind,RUS,Russian Federation,2022,1518.4455784960508,7.325442444855129,6.733146895042726,5.411217480302619,6.013632913023564,Fig 2.7,O33,wind_RUS_2024,7.421329196348009,-0.09588675149287962
wind,RUS,Russian Federation,2023,1756.9987710111643,7.471362388705444,6.849202095255681,5.365907195612585,5.796167476800661,Fig 2.7,P33,wind_RUS_2024,7.346409801050707,0.12495258765473682
wind,RUS,Russian Federation,2024,1483.2410830340043,7.301984893345192,6.955776347473294,5.308656183746518,5.674641698918291,Fig 2.7,Q33,wind_RUS_2024,7.277610828529401,0.024374064815790852
wind,SWE,Sweden,2010,2773.2755858141877,7.927784422507586,5.180162236673185,4.822296444001899,5.619538317103914,Fig 2.6,C19,wind_SWE_2024,7.978732016858599,-0.050947594351012704
wind,SWE,Sweden,2011,2551.407722896317,7.844400534024558,5.376417249698097,4.998697446862276,5.708815243916515,Fig 2.6,D19,wind_SWE_2024,7.898320119328808,-0.053919585304250006
wind,SWE,Sweden,2012,2775.2464224535406,7.928494823122128,5.56590362647905,5.137394768957262,5.649587532329162,Fig 2.6,E19,wind_SWE_2024,7.820681546544596,0.10781327657753259
wind,SWE,Sweden,2013,2391.9924352197118,7.779881952531956,5.677698971893068,5.271086410766464,5.570291277483226,Fig 2.6,F19,wind_SWE_2024,7.774875451091644,0.005006501440312228
wind,SWE,Sweden,2014,2555.2754298676878,7.84591529716737,5.830825584658366,5.389968287621304,5.580565173034719,Fig 2.6,G19,wind_SWE_2024,7.712134625749241,0.13378067141812888
wind,SWE,Sweden,2015,2284.897140482114,7.734076287208799,6.002024865148459,5.479418664657636,5.457078829862897,Fig 2.6,H19,wind_SWE_2024,7.641988855774969,0.09208743143383025
wind,SWE,Sweden,2016,2101.631309145028,7.650469136026361,6.114760027948734,5.503732268414333,5.390606073342965,Fig 2.6,I19,wind_SWE_2024,7.595797687359061,0.05467144866729967
wind,SWE,Sweden,2017,1903.388408996142,7.55139094998859,6.2059349955659755,5.541918527785211,5.479810592208201,Fig 2.6,J19,wind_SWE_2024,7.5584404140832495,-0.007049464094659896
wind,SWE,Sweden,2018,1520.082158545755,7.3265196640544215,6.290532398624406,5.540715306018656,5.574854860972366,Fig 2.6,K19,wind_SWE_2024,7.52377817742916,-0.19725851337473888
wind,SWE,Sweden,2019,1595.3412580470892,7.374842947222319,6.38729428375806,5.505334054872469,5.522971247577784,Fig 2.6,L19,wind_SWE_2024,7.484131767015333,-0.1092888197930133
wind,SWE,Sweden,2020,1598.381322702813,7.376746722830282,6.5486992739946635,5.468373269138832,5.409727586029495,Fig 2.6,M19,wind_SWE_2024,7.417999028107639,-0.04125230527735724
wind,SWE,Sweden,2021,1499.7076816824365,7.3130254892205695,6.645448863841342,5.445506338822339,6.006814707669157,Fig 2.6,N19,wind_SWE_2024,7.378357655462484,-0.06533216624191418
wind,SWE,Sweden,2022,1313.1234013488263,7.180163854158315,6.733146895042726,5.411217480302619,6.013632913023564,Fig 2.6,O19,wind_SWE_2024,7.3424249932092405,-0.16226113905092543
wind,SWE,Sweden,2023,1571.2722957714248,7.359640949634443,6.849202095255681,5.365907195612585,5.796167476800661,Fig 2.6,P19,wind_SWE_2024,7.294873500263994,0.06476744937044909
wind,SWE,Sweden,2024,1772.9311285129593,7.480389460713397,6.955776347473294,5.308656183746518,5.674641698918291,Fig 2.6,Q19,wind_SWE_2024,7.251206652133348,0.2291828085800489
wind,TUR,Turkey,2010,2878.3500629421737,7.96497251415131,5.180162236673185,4.822296444001899,5.619538317103914,Fig 2.6,C20,wind_TUR_2024,7.96702825338339,-0.0020557392320794676
wind,TUR,Turkey,2011,2664.820862539856,7.887892115781523,5.376417249698097,4.998697446862276,5.708815243916515,Fig 2.6,D20,wind_TUR_2024,7.8949326948501195,-0.007040579068596564
wind,TUR,Turkey,2012,2109.273740267664,7.654098968294788,5.56590362647905,5.137394768957262,5.649587532329162,Fig 2.6,E20,wind_TUR_2024,7.8253236389696745,-0.17122467067488678
wind,TUR,Turkey,2013,2326.015974915389,7.751912201032407,5.677698971893068,5.271086410766464,5.570291277483226,Fig 2.6,F20,wind_TUR_2024,7.784254889974099,-0.03234268894169201
wind,TUR,Turkey,2014,2246.1887394604487,7.71699016536547,5.830825584658366,5.389968287621304,5.580565173034719,Fig 2.6,G20,wind_TUR_2024,7.728002830454882,-0.01101266508941201
wind,TUR,Turkey,2015,2313.6027895208003,7.746561237669459,6.002024865148459,5.479418664657636,5.457078829862897,Fig 2.6,H20,wind_TUR_2024,7.665111658620914,0.08144957904854522
wind,TUR,Turkey,2016,2332.5867473688395,7.754733122756131,6.114760027948734,5.503732268414333,5.390606073342965,Fig 2.6,I20,wind_TUR_2024,7.623697661581289,0.1310354611748421
wind,TUR,Turkey,2017,2105.3982588589097,7.652259924828619,6.2059349955659755,5.541918527785211,5.479810592208201,Fig 2.6,J20,wind_TUR_2024,7.590203942805385,0.06205598202323426
wind,TUR,Turkey,2018,2232.7157620349126,7.710973954009029,6.290532398624406,5.540715306018656,5.574854860972366,Fig 2.6,K20,wind_TUR_2024,7.5591265352530606,0.15184741875596863
wind,TUR,Turkey,2019,2003.9863465520727,7.602893649083778,6.38729428375806,5.505334054872469,5.522971247577784,Fig 2.6,L20,wind_TUR_2024,7.523580425903194,0.07931322318058331
wind,TUR,Turkey,2020,1585.462353574938,7.368631349499051,6.5486992739946635,5.468373269138832,5.409727586029495,Fig 2.6,M20,wind_TUR_2024,7.464287250448421,-0.09565590094937004
wind,TUR,Turkey,2021,1455.22879287732,7.282918413207536,6.645448863841342,5.445506338822339,6.006814707669157,Fig 2.6,N20,wind_TUR_2024,7.428745657852385,-0.14582724464484897
wind,TUR,Turkey,2022,1757.8634063507664,7.471854376904931,6.733146895042726,5.411217480302619,6.013632913023564,Fig 2.6,O20,wind_TUR_2024,7.396529214336981,0.07532516256794963
wind,TUR,Turkey,2023,1468.1518868815974,7.291759669000508,6.849202095255681,5.365907195612585,5.796167476800661,Fig 2.6,P20,wind_TUR_2024,7.353895579908588,-0.06213591090808013
wind,TUR,Turkey,2024,1423.6985915002006,7.261013406295758,6.955776347473294,5.308656183746518,5.674641698918291,Fig 2.6,Q20,wind_TUR_2024,7.314744833538001,-0.053731427242243335
wind,UKR,Ukraine,2011,1425.7545959453614,7.262456493559674,5.376417249698097,4.998697446862276,5.708815243916515,Fig 2.7,D35,wind_UKR_2024,7.822314340321969,-0.559857846762295
wind,UKR,Ukraine,2012,2967.379505215364,7.995434520845731,5.56590362647905,5.137394768957262,5.649587532329162,Fig 2.7,E35,wind_UKR_2024,7.7766504186036425,0.21878410224208888
wind,UKR,Ukraine,2013,3058.168349967395,8.025571437284801,5.677698971893068,5.271086410766464,5.570291277483226,Fig 2.7,F35,wind_UKR_2024,7.74970909443995,0.2758623428448512
wind,UKR,Ukraine,2014,2452.067550343923,7.804686845756536,5.830825584658366,5.389968287621304,5.580565173034719,Fig 2.7,G35,wind_UKR_2024,7.712807435454775,0.09187941030176106
wind,UKR,Ukraine,2017,2371.7725874365387,7.771392881759434,6.2059349955659755,5.541918527785211,5.479810592208201,Fig 2.7,J35,wind_UKR_2024,7.622410610804451,0.14898227095498306
wind,UKR,Ukraine,2019,2484.656561203385,7.817889724232444,6.38729428375806,5.505334054872469,5.522971247577784,Fig 2.7,L35,wind_UKR_2024,7.578705218999591,0.23918450523285273
wind,UKR,Ukraine,2020,1735.915112693397,7.45928999580665,6.5486992739946635,5.468373269138832,5.409727586029495,Fig 2.7,M35,wind_UKR_2024,7.539808571312713,-0.08051857550606378
wind,UKR,Ukraine,2021,1402.736560484722,7.2461802937509106,6.645448863841342,5.445506338822339,6.006814707669157,Fig 2.7,N35,wind_UKR_2024,7.516493092004424,-0.2703127982535136
wind,UKR,Ukraine,2023,1641.535921543236,7.403387620066959,6.849202095255681,5.365907195612585,5.796167476800661,Fig 2.7,P35,wind_UKR_2024,7.467391031121618,-0.06400341105465923
wind,URY,Uruguay,2011,4094.324073805032,8.317356921321174,5.376417249698097,4.998697446862276,5.708815243916515,Fig 2.7,D36,wind_URY_2024,8.263406472070908,0.05395044925026582
wind,URY,Uruguay,2012,3932.824491839634,8.277113146935632,5.56590362647905,5.137394768957262,5.649587532329162,Fig 2.7,E36,wind_URY_2024,8.156815981662373,0.12029716527325895
wind,URY,Uruguay,2013,2791.036728437179,7.934168393047435,5.677698971893068,5.271086410766464,5.570291277483226,Fig 2.7,F36,wind_URY_2024,8.093928501857704,-0.1597601088102687
wind,URY,Uruguay,2014,2862.3021810572545,7.959381538420258,5.830825584658366,5.389968287621304,5.580565173034719,Fig 2.7,G36,wind_URY_2024,8.007791223671635,-0.0484096852513769
wind,URY,Uruguay,2015,2483.301025825896,7.81734401288633,6.002024865148459,5.479418664657636,5.457078829862897,Fig 2.7,H36,wind_URY_2024,7.911487649900088,-0.09414363701375805
wind,URY,Uruguay,2017,2765.1475594702765,7.924849279429499,6.2059349955659755,5.541918527785211,5.479810592208201,Fig 2.7,J36,wind_URY_2024,7.796783462877728,0.1280658165517714
wind,USA,United States,2010,2849.9272631611007,7.955048751239152,5.180162236673185,4.822296444001899,5.619538317103914,Fig 2.6,C22,wind_USA_2024,8.00763311376532,-0.05258436252616683
wind,USA,United States,2011,2822.2310585314794,7.945283006641228,5.376417249698097,4.998697446862276,5.708815243916515,Fig 2.6,D22,wind_USA_2024,7.92543009539906,0.019852911242168148
wind,USA,United States,2012,2583.03557060981,7.856720564046243,5.56590362647905,5.137394768957262,5.649587532329162,Fig 2.6,E22,wind_USA_2024,7.846062175718439,0.01065838832780397
wind,USA,United States,2013,2390.00327947562,7.779050017090146,5.677698971893068,5.271086410766464,5.570291277483226,Fig 2.6,F22,wind_USA_2024,7.7992357803531185,-0.0201857632629725
wind,USA,United States,2014,2267.462988264707,7.726416859150323,5.830825584658366,5.389968287621304,5.580565173034719,Fig 2.6,G22,wind_USA_2024,7.735097445400569,-0.008680586250246591
wind,USA,United States,2015,2168.6170033307826,7.681844917702161,6.002024865148459,5.479418664657636,5.457078829862897,Fig 2.6,H22,wind_USA_2024,7.663389225663879,0.018455692038282123
wind,USA,United States,2016,2216.7739436486186,7.703808239441715,6.114760027948734,5.503732268414333,5.390606073342965,Fig 2.6,I22,wind_USA_2024,7.616169180094813,0.08763905934690186
wind,USA,United States,2017,2007.2700635353704,7.604530900548713,6.2059349955659755,5.541918527785211,5.479810592208201,Fig 2.6,J22,wind_USA_2024,7.577979798727868,0.026551101820845524
wind,USA,United States,2018,1957.1404259671533,7.579239720553567,6.290532398624406,5.540715306018656,5.574854860972366,Fig 2.6,K22,wind_USA_2024,7.542545484107496,0.03669423644607139
wind,USA,United States,2019,1849.7707511846468,7.522816992115297,6.38729428375806,5.505334054872469,5.522971247577784,Fig 2.6,L22,wind_USA_2024,7.502015976615191,0.0208010155001066
wind,USA,United States,2020,1635.2645679290024,7.399559885487775,6.5486992739946635,5.468373269138832,5.409727586029495,Fig 2.6,M22,wind_USA_2024,7.434410175508134,-0.03485029002035933
wind,USA,United States,2021,1569.4893134730623,7.358505567385341,6.645448863841342,5.445506338822339,6.006814707669157,Fig 2.6,N22,wind_USA_2024,7.393885817997404,-0.03538025061206351
wind,USA,United States,2022,1294.4512143826532,7.165842111639134,6.733146895042726,5.411217480302619,6.013632913023564,Fig 2.6,O22,wind_USA_2024,7.357152779903661,-0.19131066826452692
wind,USA,United States,2023,1536.630662300211,7.337347416874695,6.849202095255681,5.365907195612585,5.796167476800661,Fig 2.6,P22,wind_USA_2024,7.308542109492942,0.02880530738175313
wind,USA,United States,2024,1567.812822807036,7.357436820575006,6.955776347473294,5.308656183746518,5.674641698918291,Fig 2.6,Q22,wind_USA_2024,7.263902611742622,0.09353420883238428
wind,VNM,Viet Nam,2011,2514.470368329089,7.829817471223271,5.376417249698097,4.998697446862276,5.708815243916515,Fig 2.7,D37,wind_VNM_2024,8.079568605690746,-0.24975113446747432
wind,VNM,Viet Nam,2012,3303.9005827670435,8.102859044226609,5.56590362647905,5.137394768957262,5.649587532329162,Fig 2.7,E37,wind_VNM_2024,8.012060305175043,0.0907987390515661
wind,VNM,Viet Nam,2013,3105.579333611682,8.04095555783686,5.677698971893068,5.271086410766464,5.570291277483226,Fig 2.7,F37,wind_VNM_2024,7.972230983918925,0.06872457391793496
wind,VNM,Viet Nam,2015,2492.3066075803363,7.820963909088677,6.002024865148459,5.479418664657636,5.457078829862897,Fig 2.7,H37,wind_VNM_2024,7.856683416653869,-0.03571950756519193
wind,VNM,Viet Nam,2016,2517.6067791235214,7.831064038439423,6.114760027948734,5.503732268414333,5.390606073342965,Fig 2.7,I37,wind_VNM_2024,7.8165192667118095,0.01454477172761326
wind,VNM,Viet Nam,2017,2639.35311282004,7.878289133092154,6.2059349955659755,5.541918527785211,5.479810592208201,Fig 2.7,J37,wind_VNM_2024,7.784036366262827,0.09425276682932715
wind,VNM,Viet Nam,2019,2721.919402670625,7.909092573173709,6.38729428375806,5.505334054872469,5.522971247577784,Fig 2.7,L37,wind_VNM_2024,7.719423503129459,0.18966907004424982
wind,VNM,Viet Nam,2020,2739.805024646427,7.915642037962037,6.5486992739946635,5.468373269138832,5.409727586029495,Fig 2.7,M37,wind_VNM_2024,7.6619197565766255,0.25372228138541164
wind,VNM,Viet Nam,2021,1747.7060938190634,7.466059403531164,6.645448863841342,5.445506338822339,6.006814707669157,Fig 2.7,N37,wind_VNM_2024,7.627450785787813,-0.1613913822566495
wind,VNM,Viet Nam,2022,1828.2989744757288,7.511141291417455,6.733146895042726,5.411217480302619,6.013632913023564,Fig 2.7,O37,wind_VNM_2024,7.5962066132749655,-0.08506532185751059
wind,VNM,Viet Nam,2023,1730.5927051259584,7.456219232935486,6.849202095255681,5.365907195612585,5.796167476800661,Fig 2.7,P37,wind_VNM_2024,7.554859633795574,-0.09864040086008785
wind,VNM,Viet Nam,2024,1695.5220646958928,7.435745975161873,6.955776347473294,5.308656183746518,5.674641698918291,Fig 2.7,Q37,wind_VNM_2024,7.516890431111098,-0.08114445594922515
wind,ZAF,South Africa,2012,2663.953968745472,7.887566752511549,5.56590362647905,5.137394768957262,5.649587532329162,Fig 2.7,E34,wind_ZAF_2024,7.986660314375439,-0.0990935618638904
wind,ZAF,South Africa,2013,2937.392237673152,7.985277472732064,5.677698971893068,5.271086410766464,5.570291277483226,Fig 2.7,F34,wind_ZAF_2024,7.943870974398214,0.04140649833385002
wind,ZAF,South Africa,2014,2809.2308698693714,7.940666013071623,5.830825584658366,5.389968287621304,5.580565173034719,Fig 2.7,G34,wind_ZAF_2024,7.885262213282893,0.055403799788730446
wind,ZAF,South Africa,2015,2577.95474550319,7.85475162923458,6.002024865148459,5.479418664657636,5.457078829862897,Fig 2.7,H34,wind_ZAF_2024,7.819736191697487,0.03501543753709324
wind,ZAF,South Africa,2016,2214.416937425144,7.702744414159066,6.114760027948734,5.503732268414333,5.390606073342965,Fig 2.7,I34,wind_ZAF_2024,7.776587139377069,-0.07384272521800295
wind,ZAF,South Africa,2017,2381.090163079597,7.775313713505974,6.2059349955659755,5.541918527785211,5.479810592208201,Fig 2.7,J34,wind_ZAF_2024,7.74169018841423,0.03362352509174382
wind,ZAF,South Africa,2019,2234.355004243293,7.711707876692474,6.38729428375806,5.505334054872469,5.522971247577784,Fig 2.7,L34,wind_ZAF_2024,7.6722754537332865,0.03943242295918736
wind,ZAF,South Africa,2020,2036.281070470341,7.618880418471588,6.5486992739946635,5.468373269138832,5.409727586029495,Fig 2.7,M34,wind_ZAF_2024,7.6104981679645665,0.00838225050702146
wind,ZAF,South Africa,2021,2117.2358348626703,7.65786666543226,6.645448863841342,5.445506338822339,6.006814707669157,Fig 2.7,N34,wind_ZAF_2024,7.573467546722911,0.08439911870934846
wind,ZAF,South Africa,2022,1685.8345977544966,7.430016030400893,6.733146895042726,5.411217480302619,6.013632913023564,Fig 2.7,O34,wind_ZAF_2024,7.5399013829572175,-0.10988535255632481
wind,ZAF,South Africa,2023,1773.3756972046383,7.480640182783345,6.849202095255681,5.365907195612585,5.796167476800661,Fig 2.7,P34,wind_ZAF_2024,7.495481596072116,-0.014841413288770866
